system,property_id,ap_id,role,expression,truth_meaning_zh,terms,binding_status,implementation_satisfaction,term_binding_ids,selected_term_binding_ids,alternative_term_binding_ids,binding_group_summary,binding_selection_status,binding_selection_reason_zh,binding_status_reason_zh,evaluation_plan_zh,mavlink_observability,mavlink_observation_fields,all_candidate_observation_fields,mavlink_observation_bindings,property_issue_codes
ArduPilot,A.RTL1,A.RTL1-AP01,antecedent,ALT_t < RTL_ALT,当前高度低于 ArduPilot 返航高度参数。,ALT_t|RTL_ALT,MODELLED,NOT_ASSESSED,ARD-TB-016|ARD-TB-017|ARD-TB-104,ARD-TB-016|ARD-TB-017|ARD-TB-104,,"ALT_t::SELECTED::ALT_t:primary::ARD-TB-016,ARD-TB-017|RTL_ALT::SELECTED::RTL_ALT:primary::ARD-TB-104",PRIMARY_SELECTED,ALT_t：该词项只有一个当前主语义组，按其真值、有效性和观测限制使用；RTL_ALT：该词项只有一个当前主语义组，按其真值、有效性和观测限制使用。,需要历史样本、坐标/单位换算、有效性条件、容差或上下文选择。,从当前运行实例读取参数值并按元数据单位解释；不要硬编码作者历史默认值或源码默认值。,CONDITIONAL,"GLOBAL_POSITION_INT.relative_alt|GLOBAL_POSITION_INT.relative_alt,time_boot_ms|PARAM_VALUE.param_id,param_value","GLOBAL_POSITION_INT.relative_alt|GLOBAL_POSITION_INT.relative_alt,time_boot_ms|PARAM_VALUE.param_id,param_value","{'binding_id': 'ARD-TB-016', 'term': 'ALT_t', 'binding_role': 'PRIMARY_VALUE', 'mavlink_observability': 'CONDITIONAL', 'message_fields_raw': 'GLOBAL_POSITION_INT.relative_alt,time_boot_ms'}|{'binding_id': 'ARD-TB-017', 'term': 'ALT_t', 'binding_role': 'SUPPORTING_EVIDENCE', 'mavlink_observability': 'CONDITIONAL', 'message_fields_raw': 'GLOBAL_POSITION_INT.relative_alt'}|{'binding_id': 'ARD-TB-104', 'term': 'RTL_ALT', 'binding_role': 'PRIMARY_VALUE', 'mavlink_observability': 'DIRECT', 'message_fields_raw': 'PARAM_VALUE.param_id,param_value'}",UNTIL_LOST|PREVIOUS_SAMPLE_NOT_TIME
ArduPilot,A.RTL1,A.RTL1-AP02,antecedent,Mode_t = RTL,当前飞行模式是返航模式。,Mode_t|RTL,EXACT,NOT_ASSESSED,ARD-TB-001|ARD-TB-002|ARD-TB-008,ARD-TB-001|ARD-TB-002|ARD-TB-008,,"Mode_t::SELECTED::Mode_t:primary::ARD-TB-001,ARD-TB-002|RTL::SELECTED::RTL:primary::ARD-TB-008",PRIMARY_SELECTED,Mode_t：该词项只有一个当前主语义组，按其真值、有效性和观测限制使用；RTL：该词项只有一个当前主语义组，按其真值、有效性和观测限制使用。,本原子命题可按列出的当前枚举、布尔状态或参数值直接判真。,解码当前模式字段并与当前枚举比较；若还有其他词项，再按各自绑定条件合取。,DIRECT,HEARTBEAT.custom_mode,HEARTBEAT.custom_mode,"{'binding_id': 'ARD-TB-001', 'term': 'Mode_t', 'binding_role': 'PRIMARY_VALUE', 'mavlink_observability': 'DIRECT', 'message_fields_raw': 'HEARTBEAT.custom_mode'}|{'binding_id': 'ARD-TB-002', 'term': 'Mode_t', 'binding_role': 'SUPPORTING_EVIDENCE', 'mavlink_observability': 'DIRECT', 'message_fields_raw': 'HEARTBEAT.custom_mode'}|{'binding_id': 'ARD-TB-008', 'term': 'RTL', 'binding_role': 'PRIMARY_VALUE', 'mavlink_observability': 'DIRECT', 'message_fields_raw': 'HEARTBEAT.custom_mode'}",UNTIL_LOST|PREVIOUS_SAMPLE_NOT_TIME
ArduPilot,A.RTL1,A.RTL1-AP03,consequent,ALT_t-1 < ALT_t,当前观测高度高于上一观测高度。,ALT_t-1|ALT_t,MODELLED,NOT_ASSESSED,ARD-TB-018|ARD-TB-016|ARD-TB-017,ARD-TB-018|ARD-TB-016|ARD-TB-017,,"ALT_t-1::SELECTED::ALT_t-1:primary::ARD-TB-018|ALT_t::SELECTED::ALT_t:primary::ARD-TB-016,ARD-TB-017",PRIMARY_SELECTED,ALT_t-1：该词项只有一个当前主语义组，按其真值、有效性和观测限制使用；ALT_t：该词项只有一个当前主语义组，按其真值、有效性和观测限制使用。,需要历史样本、坐标/单位换算、有效性条件、容差或上下文选择。,选择一个有证据的状态定义，按发送端时间保存前一有效样本；保持坐标系、单位、来源和重置计数一致后再比较。,CONDITIONAL,"GLOBAL_POSITION_INT.relative_alt|GLOBAL_POSITION_INT.relative_alt,time_boot_ms","GLOBAL_POSITION_INT.relative_alt|GLOBAL_POSITION_INT.relative_alt,time_boot_ms","{'binding_id': 'ARD-TB-018', 'term': 'ALT_t-1', 'binding_role': 'PRIMARY_VALUE', 'mavlink_observability': 'DERIVED', 'message_fields_raw': 'GLOBAL_POSITION_INT.relative_alt,time_boot_ms'}|{'binding_id': 'ARD-TB-016', 'term': 'ALT_t', 'binding_role': 'PRIMARY_VALUE', 'mavlink_observability': 'CONDITIONAL', 'message_fields_raw': 'GLOBAL_POSITION_INT.relative_alt,time_boot_ms'}|{'binding_id': 'ARD-TB-017', 'term': 'ALT_t', 'binding_role': 'SUPPORTING_EVIDENCE', 'mavlink_observability': 'CONDITIONAL', 'message_fields_raw': 'GLOBAL_POSITION_INT.relative_alt'}",UNTIL_LOST|PREVIOUS_SAMPLE_NOT_TIME
ArduPilot,A.RTL2,A.RTL2-AP01,antecedent,Mode_t = RTL,当前飞行模式是返航模式。,Mode_t|RTL,EXACT,NOT_ASSESSED,ARD-TB-001|ARD-TB-002|ARD-TB-008,ARD-TB-001|ARD-TB-002|ARD-TB-008,,"Mode_t::SELECTED::Mode_t:primary::ARD-TB-001,ARD-TB-002|RTL::SELECTED::RTL:primary::ARD-TB-008",PRIMARY_SELECTED,Mode_t：该词项只有一个当前主语义组，按其真值、有效性和观测限制使用；RTL：该词项只有一个当前主语义组，按其真值、有效性和观测限制使用。,本原子命题可按列出的当前枚举、布尔状态或参数值直接判真。,解码当前模式字段并与当前枚举比较；若还有其他词项，再按各自绑定条件合取。,DIRECT,HEARTBEAT.custom_mode,HEARTBEAT.custom_mode,"{'binding_id': 'ARD-TB-001', 'term': 'Mode_t', 'binding_role': 'PRIMARY_VALUE', 'mavlink_observability': 'DIRECT', 'message_fields_raw': 'HEARTBEAT.custom_mode'}|{'binding_id': 'ARD-TB-002', 'term': 'Mode_t', 'binding_role': 'SUPPORTING_EVIDENCE', 'mavlink_observability': 'DIRECT', 'message_fields_raw': 'HEARTBEAT.custom_mode'}|{'binding_id': 'ARD-TB-008', 'term': 'RTL', 'binding_role': 'PRIMARY_VALUE', 'mavlink_observability': 'DIRECT', 'message_fields_raw': 'HEARTBEAT.custom_mode'}",PREVIOUS_SAMPLE_NOT_TIME|STRICT_SAMPLE_EQUALITY
ArduPilot,A.RTL2,A.RTL2-AP02,antecedent,ALT_t >= RTL_ALT,当前高度达到或超过 ArduPilot 返航高度参数。,ALT_t|RTL_ALT,MODELLED,NOT_ASSESSED,ARD-TB-016|ARD-TB-017|ARD-TB-104,ARD-TB-016|ARD-TB-017|ARD-TB-104,,"ALT_t::SELECTED::ALT_t:primary::ARD-TB-016,ARD-TB-017|RTL_ALT::SELECTED::RTL_ALT:primary::ARD-TB-104",PRIMARY_SELECTED,ALT_t：该词项只有一个当前主语义组，按其真值、有效性和观测限制使用；RTL_ALT：该词项只有一个当前主语义组，按其真值、有效性和观测限制使用。,需要历史样本、坐标/单位换算、有效性条件、容差或上下文选择。,从当前运行实例读取参数值并按元数据单位解释；不要硬编码作者历史默认值或源码默认值。,CONDITIONAL,"GLOBAL_POSITION_INT.relative_alt|GLOBAL_POSITION_INT.relative_alt,time_boot_ms|PARAM_VALUE.param_id,param_value","GLOBAL_POSITION_INT.relative_alt|GLOBAL_POSITION_INT.relative_alt,time_boot_ms|PARAM_VALUE.param_id,param_value","{'binding_id': 'ARD-TB-016', 'term': 'ALT_t', 'binding_role': 'PRIMARY_VALUE', 'mavlink_observability': 'CONDITIONAL', 'message_fields_raw': 'GLOBAL_POSITION_INT.relative_alt,time_boot_ms'}|{'binding_id': 'ARD-TB-017', 'term': 'ALT_t', 'binding_role': 'SUPPORTING_EVIDENCE', 'mavlink_observability': 'CONDITIONAL', 'message_fields_raw': 'GLOBAL_POSITION_INT.relative_alt'}|{'binding_id': 'ARD-TB-104', 'term': 'RTL_ALT', 'binding_role': 'PRIMARY_VALUE', 'mavlink_observability': 'DIRECT', 'message_fields_raw': 'PARAM_VALUE.param_id,param_value'}",PREVIOUS_SAMPLE_NOT_TIME|STRICT_SAMPLE_EQUALITY
ArduPilot,A.RTL2,A.RTL2-AP03,antecedent,Pos_t != home_position,当前位置不等于返航参考位置。,Pos_t|home_position,MODELLED,NOT_ASSESSED,ARD-TB-033|ARD-TB-035|ARD-TB-036|ARD-TB-037|ARD-TB-038|ARD-TB-039|ARD-TB-040,ARD-TB-033|ARD-TB-035|ARD-TB-036|ARD-TB-037|ARD-TB-038,ARD-TB-039|ARD-TB-040,"Pos_t::SELECTED::Pos_t:primary::ARD-TB-033|home_position::SELECTED::home_position:home::ARD-TB-035,ARD-TB-036,ARD-TB-037,ARD-TB-038|home_position::ALTERNATIVE::home_position:rtl_return_target::ARD-TB-039,ARD-TB-040",PRIMARY_WITH_ALTERNATIVES,Pos_t：该词项只有一个当前主语义组，按其真值、有效性和观测限制使用；home_position：性质 A.RTL2 的表达式 Pos_t != home_position 选择候选组 home_position:home；其他组保持互斥，不参与当前真值计算；其余组保留为互斥替代解释，不作为合取条件。,需要历史样本、坐标/单位换算、有效性条件、容差或上下文选择。,统一 WGS84 或局部坐标，检查有效性和重置，再用人工审核后确定的距离容差判定；原论文严格相等保持原样记录。,CONDITIONAL,"GLOBAL_POSITION_INT.lat,lon,time_boot_ms|HOME_POSITION 更新序列|HOME_POSITION.latitude,longitude,altitude,time_usec|HOME_POSITION.latitude,longitude,altitude,x,y,z,time_usec","GLOBAL_POSITION_INT.lat,lon,time_boot_ms|HOME_POSITION 更新序列|HOME_POSITION.latitude,longitude,altitude,time_usec|HOME_POSITION.latitude,longitude,altitude,x,y,z,time_usec","{'binding_id': 'ARD-TB-033', 'term': 'Pos_t', 'binding_role': 'PRIMARY_VALUE', 'mavlink_observability': 'CONDITIONAL', 'message_fields_raw': 'GLOBAL_POSITION_INT.lat,lon,time_boot_ms'}|{'binding_id': 'ARD-TB-035', 'term': 'home_position', 'binding_role': 'PRIMARY_VALUE', 'mavlink_observability': 'DIRECT', 'message_fields_raw': 'HOME_POSITION.latitude,longitude,altitude,time_usec'}|{'binding_id': 'ARD-TB-036', 'term': 'home_position', 'binding_role': 'SUPPORTING_EVIDENCE', 'mavlink_observability': 'DIRECT', 'message_fields_raw': 'HOME_POSITION.latitude,longitude,altitude,time_usec'}|{'binding_id': 'ARD-TB-037', 'term': 'home_position', 'binding_role': 'SUPPORTING_EVIDENCE', 'mavlink_observability': 'CONDITIONAL', 'message_fields_raw': 'HOME_POSITION 更新序列'}|{'binding_id': 'ARD-TB-038', 'term': 'home_position', 'binding_role': 'SUPPORTING_EVIDENCE', 'mavlink_observability': 'DIRECT', 'message_fields_raw': 'HOME_POSITION.latitude,longitude,altitude,x,y,z,time_usec'}",PREVIOUS_SAMPLE_NOT_TIME|STRICT_SAMPLE_EQUALITY
ArduPilot,A.RTL2,A.RTL2-AP04,consequent,Pos_t-1 != Pos_t,当前位置与上一观测位置不同。,Pos_t-1|Pos_t,MODELLED,NOT_ASSESSED,ARD-TB-034|ARD-TB-033,ARD-TB-034|ARD-TB-033,,Pos_t-1::SELECTED::Pos_t-1:primary::ARD-TB-034|Pos_t::SELECTED::Pos_t:primary::ARD-TB-033,PRIMARY_SELECTED,Pos_t-1：该词项只有一个当前主语义组，按其真值、有效性和观测限制使用；Pos_t：该词项只有一个当前主语义组，按其真值、有效性和观测限制使用。,需要历史样本、坐标/单位换算、有效性条件、容差或上下文选择。,选择一个有证据的状态定义，按发送端时间保存前一有效样本；保持坐标系、单位、来源和重置计数一致后再比较。,CONDITIONAL,"GLOBAL_POSITION_INT.lat,lon,time_boot_ms","GLOBAL_POSITION_INT.lat,lon,time_boot_ms","{'binding_id': 'ARD-TB-034', 'term': 'Pos_t-1', 'binding_role': 'PRIMARY_VALUE', 'mavlink_observability': 'DERIVED', 'message_fields_raw': 'GLOBAL_POSITION_INT.lat,lon,time_boot_ms'}|{'binding_id': 'ARD-TB-033', 'term': 'Pos_t', 'binding_role': 'PRIMARY_VALUE', 'mavlink_observability': 'CONDITIONAL', 'message_fields_raw': 'GLOBAL_POSITION_INT.lat,lon,time_boot_ms'}",PREVIOUS_SAMPLE_NOT_TIME|STRICT_SAMPLE_EQUALITY
ArduPilot,A.RTL2,A.RTL2-AP05,consequent,ALT_t-1 = ALT_t,当前高度与上一观测高度严格相等。,ALT_t-1|ALT_t,MODELLED,NOT_ASSESSED,ARD-TB-018|ARD-TB-016|ARD-TB-017,ARD-TB-018|ARD-TB-016|ARD-TB-017,,"ALT_t-1::SELECTED::ALT_t-1:primary::ARD-TB-018|ALT_t::SELECTED::ALT_t:primary::ARD-TB-016,ARD-TB-017",PRIMARY_SELECTED,ALT_t-1：该词项只有一个当前主语义组，按其真值、有效性和观测限制使用；ALT_t：该词项只有一个当前主语义组，按其真值、有效性和观测限制使用。,需要历史样本、坐标/单位换算、有效性条件、容差或上下文选择。,选择一个有证据的状态定义，按发送端时间保存前一有效样本；保持坐标系、单位、来源和重置计数一致后再比较。,CONDITIONAL,"GLOBAL_POSITION_INT.relative_alt|GLOBAL_POSITION_INT.relative_alt,time_boot_ms","GLOBAL_POSITION_INT.relative_alt|GLOBAL_POSITION_INT.relative_alt,time_boot_ms","{'binding_id': 'ARD-TB-018', 'term': 'ALT_t-1', 'binding_role': 'PRIMARY_VALUE', 'mavlink_observability': 'DERIVED', 'message_fields_raw': 'GLOBAL_POSITION_INT.relative_alt,time_boot_ms'}|{'binding_id': 'ARD-TB-016', 'term': 'ALT_t', 'binding_role': 'PRIMARY_VALUE', 'mavlink_observability': 'CONDITIONAL', 'message_fields_raw': 'GLOBAL_POSITION_INT.relative_alt,time_boot_ms'}|{'binding_id': 'ARD-TB-017', 'term': 'ALT_t', 'binding_role': 'SUPPORTING_EVIDENCE', 'mavlink_observability': 'CONDITIONAL', 'message_fields_raw': 'GLOBAL_POSITION_INT.relative_alt'}",PREVIOUS_SAMPLE_NOT_TIME|STRICT_SAMPLE_EQUALITY
ArduPilot,A.RTL3,A.RTL3-AP01,antecedent,Mode_t = RTL,当前飞行模式是返航模式。,Mode_t|RTL,EXACT,NOT_ASSESSED,ARD-TB-001|ARD-TB-002|ARD-TB-008,ARD-TB-001|ARD-TB-002|ARD-TB-008,,"Mode_t::SELECTED::Mode_t:primary::ARD-TB-001,ARD-TB-002|RTL::SELECTED::RTL:primary::ARD-TB-008",PRIMARY_SELECTED,Mode_t：该词项只有一个当前主语义组，按其真值、有效性和观测限制使用；RTL：该词项只有一个当前主语义组，按其真值、有效性和观测限制使用。,本原子命题可按列出的当前枚举、布尔状态或参数值直接判真。,解码当前模式字段并与当前枚举比较；若还有其他词项，再按各自绑定条件合取。,DIRECT,HEARTBEAT.custom_mode,HEARTBEAT.custom_mode,"{'binding_id': 'ARD-TB-001', 'term': 'Mode_t', 'binding_role': 'PRIMARY_VALUE', 'mavlink_observability': 'DIRECT', 'message_fields_raw': 'HEARTBEAT.custom_mode'}|{'binding_id': 'ARD-TB-002', 'term': 'Mode_t', 'binding_role': 'SUPPORTING_EVIDENCE', 'mavlink_observability': 'DIRECT', 'message_fields_raw': 'HEARTBEAT.custom_mode'}|{'binding_id': 'ARD-TB-008', 'term': 'RTL', 'binding_role': 'PRIMARY_VALUE', 'mavlink_observability': 'DIRECT', 'message_fields_raw': 'HEARTBEAT.custom_mode'}",SAME_SAMPLE_MODE_CONTRADICTION
ArduPilot,A.RTL3,A.RTL3-AP02,antecedent,ALT_t >= RTL_ALT,当前高度达到或超过 ArduPilot 返航高度参数。,ALT_t|RTL_ALT,MODELLED,NOT_ASSESSED,ARD-TB-016|ARD-TB-017|ARD-TB-104,ARD-TB-016|ARD-TB-017|ARD-TB-104,,"ALT_t::SELECTED::ALT_t:primary::ARD-TB-016,ARD-TB-017|RTL_ALT::SELECTED::RTL_ALT:primary::ARD-TB-104",PRIMARY_SELECTED,ALT_t：该词项只有一个当前主语义组，按其真值、有效性和观测限制使用；RTL_ALT：该词项只有一个当前主语义组，按其真值、有效性和观测限制使用。,需要历史样本、坐标/单位换算、有效性条件、容差或上下文选择。,从当前运行实例读取参数值并按元数据单位解释；不要硬编码作者历史默认值或源码默认值。,CONDITIONAL,"GLOBAL_POSITION_INT.relative_alt|GLOBAL_POSITION_INT.relative_alt,time_boot_ms|PARAM_VALUE.param_id,param_value","GLOBAL_POSITION_INT.relative_alt|GLOBAL_POSITION_INT.relative_alt,time_boot_ms|PARAM_VALUE.param_id,param_value","{'binding_id': 'ARD-TB-016', 'term': 'ALT_t', 'binding_role': 'PRIMARY_VALUE', 'mavlink_observability': 'CONDITIONAL', 'message_fields_raw': 'GLOBAL_POSITION_INT.relative_alt,time_boot_ms'}|{'binding_id': 'ARD-TB-017', 'term': 'ALT_t', 'binding_role': 'SUPPORTING_EVIDENCE', 'mavlink_observability': 'CONDITIONAL', 'message_fields_raw': 'GLOBAL_POSITION_INT.relative_alt'}|{'binding_id': 'ARD-TB-104', 'term': 'RTL_ALT', 'binding_role': 'PRIMARY_VALUE', 'mavlink_observability': 'DIRECT', 'message_fields_raw': 'PARAM_VALUE.param_id,param_value'}",SAME_SAMPLE_MODE_CONTRADICTION
ArduPilot,A.RTL3,A.RTL3-AP03,antecedent,Pos_t = home_position,当前位置等于返航参考位置。,Pos_t|home_position,MODELLED,NOT_ASSESSED,ARD-TB-033|ARD-TB-035|ARD-TB-036|ARD-TB-037|ARD-TB-038|ARD-TB-039|ARD-TB-040,ARD-TB-033|ARD-TB-035|ARD-TB-036|ARD-TB-037|ARD-TB-038,ARD-TB-039|ARD-TB-040,"Pos_t::SELECTED::Pos_t:primary::ARD-TB-033|home_position::SELECTED::home_position:home::ARD-TB-035,ARD-TB-036,ARD-TB-037,ARD-TB-038|home_position::ALTERNATIVE::home_position:rtl_return_target::ARD-TB-039,ARD-TB-040",PRIMARY_WITH_ALTERNATIVES,Pos_t：该词项只有一个当前主语义组，按其真值、有效性和观测限制使用；home_position：性质 A.RTL3 的表达式 Pos_t = home_position 选择候选组 home_position:home；其他组保持互斥，不参与当前真值计算；其余组保留为互斥替代解释，不作为合取条件。,需要历史样本、坐标/单位换算、有效性条件、容差或上下文选择。,统一 WGS84 或局部坐标，检查有效性和重置，再用人工审核后确定的距离容差判定；原论文严格相等保持原样记录。,CONDITIONAL,"GLOBAL_POSITION_INT.lat,lon,time_boot_ms|HOME_POSITION 更新序列|HOME_POSITION.latitude,longitude,altitude,time_usec|HOME_POSITION.latitude,longitude,altitude,x,y,z,time_usec","GLOBAL_POSITION_INT.lat,lon,time_boot_ms|HOME_POSITION 更新序列|HOME_POSITION.latitude,longitude,altitude,time_usec|HOME_POSITION.latitude,longitude,altitude,x,y,z,time_usec","{'binding_id': 'ARD-TB-033', 'term': 'Pos_t', 'binding_role': 'PRIMARY_VALUE', 'mavlink_observability': 'CONDITIONAL', 'message_fields_raw': 'GLOBAL_POSITION_INT.lat,lon,time_boot_ms'}|{'binding_id': 'ARD-TB-035', 'term': 'home_position', 'binding_role': 'PRIMARY_VALUE', 'mavlink_observability': 'DIRECT', 'message_fields_raw': 'HOME_POSITION.latitude,longitude,altitude,time_usec'}|{'binding_id': 'ARD-TB-036', 'term': 'home_position', 'binding_role': 'SUPPORTING_EVIDENCE', 'mavlink_observability': 'DIRECT', 'message_fields_raw': 'HOME_POSITION.latitude,longitude,altitude,time_usec'}|{'binding_id': 'ARD-TB-037', 'term': 'home_position', 'binding_role': 'SUPPORTING_EVIDENCE', 'mavlink_observability': 'CONDITIONAL', 'message_fields_raw': 'HOME_POSITION 更新序列'}|{'binding_id': 'ARD-TB-038', 'term': 'home_position', 'binding_role': 'SUPPORTING_EVIDENCE', 'mavlink_observability': 'DIRECT', 'message_fields_raw': 'HOME_POSITION.latitude,longitude,altitude,x,y,z,time_usec'}",SAME_SAMPLE_MODE_CONTRADICTION
ArduPilot,A.RTL3,A.RTL3-AP04,consequent,Mode_t = LAND,当前飞行模式是着陆模式。,Mode_t|LAND,EXACT,NOT_ASSESSED,ARD-TB-001|ARD-TB-002|ARD-TB-010,ARD-TB-001|ARD-TB-002|ARD-TB-010,,"Mode_t::SELECTED::Mode_t:primary::ARD-TB-001,ARD-TB-002|LAND::SELECTED::LAND:primary::ARD-TB-010",PRIMARY_SELECTED,Mode_t：该词项只有一个当前主语义组，按其真值、有效性和观测限制使用；LAND：该词项只有一个当前主语义组，按其真值、有效性和观测限制使用。,本原子命题可按列出的当前枚举、布尔状态或参数值直接判真。,解码当前模式字段并与当前枚举比较；若还有其他词项，再按各自绑定条件合取。,DIRECT,HEARTBEAT.custom_mode,HEARTBEAT.custom_mode,"{'binding_id': 'ARD-TB-001', 'term': 'Mode_t', 'binding_role': 'PRIMARY_VALUE', 'mavlink_observability': 'DIRECT', 'message_fields_raw': 'HEARTBEAT.custom_mode'}|{'binding_id': 'ARD-TB-002', 'term': 'Mode_t', 'binding_role': 'SUPPORTING_EVIDENCE', 'mavlink_observability': 'DIRECT', 'message_fields_raw': 'HEARTBEAT.custom_mode'}|{'binding_id': 'ARD-TB-010', 'term': 'LAND', 'binding_role': 'PRIMARY_VALUE', 'mavlink_observability': 'DIRECT', 'message_fields_raw': 'HEARTBEAT.custom_mode'}",SAME_SAMPLE_MODE_CONTRADICTION
ArduPilot,A.RTL4,A.RTL4-AP01,antecedent,Mode_t = LAND,当前飞行模式是着陆模式。,Mode_t|LAND,EXACT,NOT_ASSESSED,ARD-TB-001|ARD-TB-002|ARD-TB-010,ARD-TB-001|ARD-TB-002|ARD-TB-010,,"Mode_t::SELECTED::Mode_t:primary::ARD-TB-001,ARD-TB-002|LAND::SELECTED::LAND:primary::ARD-TB-010",PRIMARY_SELECTED,Mode_t：该词项只有一个当前主语义组，按其真值、有效性和观测限制使用；LAND：该词项只有一个当前主语义组，按其真值、有效性和观测限制使用。,本原子命题可按列出的当前枚举、布尔状态或参数值直接判真。,解码当前模式字段并与当前枚举比较；若还有其他词项，再按各自绑定条件合取。,DIRECT,HEARTBEAT.custom_mode,HEARTBEAT.custom_mode,"{'binding_id': 'ARD-TB-001', 'term': 'Mode_t', 'binding_role': 'PRIMARY_VALUE', 'mavlink_observability': 'DIRECT', 'message_fields_raw': 'HEARTBEAT.custom_mode'}|{'binding_id': 'ARD-TB-002', 'term': 'Mode_t', 'binding_role': 'SUPPORTING_EVIDENCE', 'mavlink_observability': 'DIRECT', 'message_fields_raw': 'HEARTBEAT.custom_mode'}|{'binding_id': 'ARD-TB-010', 'term': 'LAND', 'binding_role': 'PRIMARY_VALUE', 'mavlink_observability': 'DIRECT', 'message_fields_raw': 'HEARTBEAT.custom_mode'}",IMMEDIACY_UNBOUNDED|EXACT_PHYSICAL_EQUALITY
ArduPilot,A.RTL4,A.RTL4-AP02,antecedent,ALT_t = GroundALT,当前高度严格等于论文所称地面高度。,ALT_t|GroundALT,UNRESOLVED,NOT_ASSESSED,ARD-TB-016|ARD-TB-017|ARD-TB-041|ARD-TB-042|ARD-TB-043,ARD-TB-016|ARD-TB-017|ARD-TB-041,ARD-TB-042|ARD-TB-043,"ALT_t::SELECTED::ALT_t:primary::ARD-TB-016,ARD-TB-017|GroundALT::SELECTED::GroundALT:untyped_unresolved::ARD-TB-041|GroundALT::ALTERNATIVE::GroundALT:landed_state::ARD-TB-042|GroundALT::ALTERNATIVE::GroundALT:home_zero_height::ARD-TB-043",UNRESOLVED_PRIMARY,ALT_t：该词项只有一个当前主语义组，按其真值、有效性和观测限制使用；GroundALT：论文把 GroundALT 放进数值高度等式，却没有给类型和参考面；选择未解决组，landed/Home/terrain 只保留为替代；其余组保留为互斥替代解释，不作为合取条件。,论文未定义 GroundALT 是数值高度、Home 高度、地形高度还是已落地状态；类型和参考面补证前不判真值。,保留原式和全部候选绑定；缺失定义或数值补证前不得给真值。,UNRESOLVED,"GLOBAL_POSITION_INT.relative_alt|GLOBAL_POSITION_INT.relative_alt,time_boot_ms","EXTENDED_SYS_STATE.landed_state|GLOBAL_POSITION_INT.relative_alt|GLOBAL_POSITION_INT.relative_alt,time_boot_ms","{'binding_id': 'ARD-TB-016', 'term': 'ALT_t', 'binding_role': 'PRIMARY_VALUE', 'mavlink_observability': 'CONDITIONAL', 'message_fields_raw': 'GLOBAL_POSITION_INT.relative_alt,time_boot_ms'}|{'binding_id': 'ARD-TB-017', 'term': 'ALT_t', 'binding_role': 'SUPPORTING_EVIDENCE', 'mavlink_observability': 'CONDITIONAL', 'message_fields_raw': 'GLOBAL_POSITION_INT.relative_alt'}",IMMEDIACY_UNBOUNDED|EXACT_PHYSICAL_EQUALITY
ArduPilot,A.RTL4,A.RTL4-AP03,consequent,Disarm = on,电机处于锁定状态。,Disarm,EXACT,NOT_ASSESSED,ARD-TB-084,ARD-TB-084,,Disarm::SELECTED::Disarm:primary::ARD-TB-084,PRIMARY_SELECTED,Disarm：该词项只有一个当前主语义组，按其真值、有效性和观测限制使用。,本原子命题可按列出的当前枚举、布尔状态或参数值直接判真。,按所列源码实体、真值条件、有效性条件和观测换算判定。,DIRECT,HEARTBEAT.base_mode,HEARTBEAT.base_mode,"{'binding_id': 'ARD-TB-084', 'term': 'Disarm', 'binding_role': 'PRIMARY_VALUE', 'mavlink_observability': 'DIRECT', 'message_fields_raw': 'HEARTBEAT.base_mode'}",IMMEDIACY_UNBOUNDED|EXACT_PHYSICAL_EQUALITY
ArduPilot,A.FLIP1,A.FLIP1-AP01,antecedent,Mode_t = FLIP,当前飞行模式是翻滚模式。,Mode_t|FLIP,EXACT,NOT_ASSESSED,ARD-TB-001|ARD-TB-002|ARD-TB-013,ARD-TB-001|ARD-TB-002|ARD-TB-013,,"Mode_t::SELECTED::Mode_t:primary::ARD-TB-001,ARD-TB-002|FLIP::SELECTED::FLIP:primary::ARD-TB-013",PRIMARY_SELECTED,Mode_t：该词项只有一个当前主语义组，按其真值、有效性和观测限制使用；FLIP：该词项只有一个当前主语义组，按其真值、有效性和观测限制使用。,本原子命题可按列出的当前枚举、布尔状态或参数值直接判真。,解码当前模式字段并与当前枚举比较；若还有其他词项，再按各自绑定条件合取。,DIRECT,HEARTBEAT.custom_mode,HEARTBEAT.custom_mode,"{'binding_id': 'ARD-TB-001', 'term': 'Mode_t', 'binding_role': 'PRIMARY_VALUE', 'mavlink_observability': 'DIRECT', 'message_fields_raw': 'HEARTBEAT.custom_mode'}|{'binding_id': 'ARD-TB-002', 'term': 'Mode_t', 'binding_role': 'SUPPORTING_EVIDENCE', 'mavlink_observability': 'DIRECT', 'message_fields_raw': 'HEARTBEAT.custom_mode'}|{'binding_id': 'ARD-TB-013', 'term': 'FLIP', 'binding_role': 'PRIMARY_VALUE', 'mavlink_observability': 'DIRECT', 'message_fields_raw': 'HEARTBEAT.custom_mode'}",IFF_NOT_ENCODED|PRECEDENCE_AMBIGUOUS|PREVIOUS_SAMPLE_NOT_TIME|DESCRIPTION_FORMULA_POLARITY_CONFLICT
ArduPilot,A.FLIP1,A.FLIP1-AP02,consequent,"Mode_t-1 in {ACRO,ALT_HOLD}",上一观测模式是特技或定高模式。,Mode_t-1|ACRO|ALT_HOLD,MODELLED,NOT_ASSESSED,ARD-TB-015|ARD-TB-003|ARD-TB-004,ARD-TB-015|ARD-TB-003|ARD-TB-004,,Mode_t-1::SELECTED::Mode_t-1:primary::ARD-TB-015|ACRO::SELECTED::ACRO:primary::ARD-TB-003|ALT_HOLD::SELECTED::ALT_HOLD:primary::ARD-TB-004,PRIMARY_SELECTED,Mode_t-1：该词项只有一个当前主语义组，按其真值、有效性和观测限制使用；ACRO：该词项只有一个当前主语义组，按其真值、有效性和观测限制使用；ALT_HOLD：该词项只有一个当前主语义组，按其真值、有效性和观测限制使用。,需要历史样本、坐标/单位换算、有效性条件、容差或上下文选择。,选择一个有证据的状态定义，按发送端时间保存前一有效样本；保持坐标系、单位、来源和重置计数一致后再比较。,DERIVED,HEARTBEAT.custom_mode,HEARTBEAT.custom_mode,"{'binding_id': 'ARD-TB-015', 'term': 'Mode_t-1', 'binding_role': 'PRIMARY_VALUE', 'mavlink_observability': 'DERIVED', 'message_fields_raw': 'HEARTBEAT.custom_mode'}|{'binding_id': 'ARD-TB-003', 'term': 'ACRO', 'binding_role': 'PRIMARY_VALUE', 'mavlink_observability': 'DIRECT', 'message_fields_raw': 'HEARTBEAT.custom_mode'}|{'binding_id': 'ARD-TB-004', 'term': 'ALT_HOLD', 'binding_role': 'PRIMARY_VALUE', 'mavlink_observability': 'DIRECT', 'message_fields_raw': 'HEARTBEAT.custom_mode'}",IFF_NOT_ENCODED|PRECEDENCE_AMBIGUOUS|PREVIOUS_SAMPLE_NOT_TIME|DESCRIPTION_FORMULA_POLARITY_CONFLICT
ArduPilot,A.FLIP1,A.FLIP1-AP03,negated_consequent,Roll_t > 45deg,当前横滚角大于 45 度。,Roll_t,EXACT,NOT_ASSESSED,ARD-TB-044,ARD-TB-044,,Roll_t::SELECTED::Roll_t:primary::ARD-TB-044,PRIMARY_SELECTED,Roll_t：该词项只有一个当前主语义组，按其真值、有效性和观测限制使用。,本原子命题可按列出的当前枚举、布尔状态或参数值直接判真。,按所列源码实体、真值条件、有效性条件和观测换算判定。,DIRECT,"ATTITUDE.roll,time_boot_ms","ATTITUDE.roll,time_boot_ms","{'binding_id': 'ARD-TB-044', 'term': 'Roll_t', 'binding_role': 'PRIMARY_VALUE', 'mavlink_observability': 'DIRECT', 'message_fields_raw': 'ATTITUDE.roll,time_boot_ms'}",IFF_NOT_ENCODED|PRECEDENCE_AMBIGUOUS|PREVIOUS_SAMPLE_NOT_TIME|DESCRIPTION_FORMULA_POLARITY_CONFLICT
ArduPilot,A.FLIP1,A.FLIP1-AP04,consequent_disjunct,Throttle_t <= 1500,当前油门通道值不超过 1500。,Throttle_t,MODELLED,NOT_ASSESSED,ARD-TB-065|ARD-TB-076,ARD-TB-065|ARD-TB-076,,"Throttle_t::SELECTED::Throttle_t:primary::ARD-TB-065,ARD-TB-076",PRIMARY_SELECTED,Throttle_t：该词项只有一个当前主语义组，按其真值、有效性和观测限制使用。,需要历史样本、坐标/单位换算、有效性条件、容差或上下文选择。,若阈值为 1500，使用当前 RC_MAP 对应的原始 PWM；同时保留校准、死区、输入来源和 failsafe 有效性。,CONDITIONAL,"PARAM_VALUE.param_id=RCMAP_THROTTLE 或当前 RC mapping|RC_CHANNELS.chanN_raw|RC_CHANNELS.chanN_raw,time_boot_ms","PARAM_VALUE.param_id=RCMAP_THROTTLE 或当前 RC mapping|RC_CHANNELS.chanN_raw|RC_CHANNELS.chanN_raw,time_boot_ms","{'binding_id': 'ARD-TB-065', 'term': 'Throttle_t', 'binding_role': 'PRIMARY_VALUE', 'mavlink_observability': 'CONDITIONAL', 'message_fields_raw': 'RC_CHANNELS.chanN_raw,time_boot_ms'}|{'binding_id': 'ARD-TB-076', 'term': 'Throttle_t', 'binding_role': 'SUPPORTING_EVIDENCE', 'mavlink_observability': 'CONDITIONAL', 'message_fields_raw': 'PARAM_VALUE.param_id=RCMAP_THROTTLE 或当前 RC mapping; RC_CHANNELS.chanN_raw'}",IFF_NOT_ENCODED|PRECEDENCE_AMBIGUOUS|PREVIOUS_SAMPLE_NOT_TIME|DESCRIPTION_FORMULA_POLARITY_CONFLICT
ArduPilot,A.FLIP1,A.FLIP1-AP05,consequent_disjunct,ALT_t < 10m,当前高度低于 10 米。,ALT_t,MODELLED,NOT_ASSESSED,ARD-TB-016|ARD-TB-017,ARD-TB-016|ARD-TB-017,,"ALT_t::SELECTED::ALT_t:primary::ARD-TB-016,ARD-TB-017",PRIMARY_SELECTED,ALT_t：该词项只有一个当前主语义组，按其真值、有效性和观测限制使用。,需要历史样本、坐标/单位换算、有效性条件、容差或上下文选择。,按所列源码实体、真值条件、有效性条件和观测换算判定。,CONDITIONAL,"GLOBAL_POSITION_INT.relative_alt|GLOBAL_POSITION_INT.relative_alt,time_boot_ms","GLOBAL_POSITION_INT.relative_alt|GLOBAL_POSITION_INT.relative_alt,time_boot_ms","{'binding_id': 'ARD-TB-016', 'term': 'ALT_t', 'binding_role': 'PRIMARY_VALUE', 'mavlink_observability': 'CONDITIONAL', 'message_fields_raw': 'GLOBAL_POSITION_INT.relative_alt,time_boot_ms'}|{'binding_id': 'ARD-TB-017', 'term': 'ALT_t', 'binding_role': 'SUPPORTING_EVIDENCE', 'mavlink_observability': 'CONDITIONAL', 'message_fields_raw': 'GLOBAL_POSITION_INT.relative_alt'}",IFF_NOT_ENCODED|PRECEDENCE_AMBIGUOUS|PREVIOUS_SAMPLE_NOT_TIME|DESCRIPTION_FORMULA_POLARITY_CONFLICT
ArduPilot,A.FLIP1,A.FLIP1-AP06,condition_from_description,Roll_t < 45deg,当前横滚角小于 45 度；该条件来自论文自然语言，不是印刷公式中的同向原子。,Roll_t,EXACT,NOT_ASSESSED,ARD-TB-044,ARD-TB-044,,Roll_t::SELECTED::Roll_t:primary::ARD-TB-044,PRIMARY_SELECTED,Roll_t：该词项只有一个当前主语义组，按其真值、有效性和观测限制使用。,本原子命题可按列出的当前枚举、布尔状态或参数值直接判真。,按所列源码实体、真值条件、有效性条件和观测换算判定。,DIRECT,"ATTITUDE.roll,time_boot_ms","ATTITUDE.roll,time_boot_ms","{'binding_id': 'ARD-TB-044', 'term': 'Roll_t', 'binding_role': 'PRIMARY_VALUE', 'mavlink_observability': 'DIRECT', 'message_fields_raw': 'ATTITUDE.roll,time_boot_ms'}",IFF_NOT_ENCODED|PRECEDENCE_AMBIGUOUS|PREVIOUS_SAMPLE_NOT_TIME|DESCRIPTION_FORMULA_POLARITY_CONFLICT
ArduPilot,A.FLIP1,A.FLIP1-AP07,condition_from_description,Throttle_t >= 1500,当前油门通道值达到或超过 1500；该条件来自论文自然语言。,Throttle_t,MODELLED,NOT_ASSESSED,ARD-TB-065|ARD-TB-076,ARD-TB-065|ARD-TB-076,,"Throttle_t::SELECTED::Throttle_t:primary::ARD-TB-065,ARD-TB-076",PRIMARY_SELECTED,Throttle_t：该词项只有一个当前主语义组，按其真值、有效性和观测限制使用。,需要历史样本、坐标/单位换算、有效性条件、容差或上下文选择。,若阈值为 1500，使用当前 RC_MAP 对应的原始 PWM；同时保留校准、死区、输入来源和 failsafe 有效性。,CONDITIONAL,"PARAM_VALUE.param_id=RCMAP_THROTTLE 或当前 RC mapping|RC_CHANNELS.chanN_raw|RC_CHANNELS.chanN_raw,time_boot_ms","PARAM_VALUE.param_id=RCMAP_THROTTLE 或当前 RC mapping|RC_CHANNELS.chanN_raw|RC_CHANNELS.chanN_raw,time_boot_ms","{'binding_id': 'ARD-TB-065', 'term': 'Throttle_t', 'binding_role': 'PRIMARY_VALUE', 'mavlink_observability': 'CONDITIONAL', 'message_fields_raw': 'RC_CHANNELS.chanN_raw,time_boot_ms'}|{'binding_id': 'ARD-TB-076', 'term': 'Throttle_t', 'binding_role': 'SUPPORTING_EVIDENCE', 'mavlink_observability': 'CONDITIONAL', 'message_fields_raw': 'PARAM_VALUE.param_id=RCMAP_THROTTLE 或当前 RC mapping; RC_CHANNELS.chanN_raw'}",IFF_NOT_ENCODED|PRECEDENCE_AMBIGUOUS|PREVIOUS_SAMPLE_NOT_TIME|DESCRIPTION_FORMULA_POLARITY_CONFLICT
ArduPilot,A.FLIP1,A.FLIP1-AP08,condition_from_description,ALT_t > 10m,当前高度高于 10 米；该条件来自论文自然语言。,ALT_t,MODELLED,NOT_ASSESSED,ARD-TB-016|ARD-TB-017,ARD-TB-016|ARD-TB-017,,"ALT_t::SELECTED::ALT_t:primary::ARD-TB-016,ARD-TB-017",PRIMARY_SELECTED,ALT_t：该词项只有一个当前主语义组，按其真值、有效性和观测限制使用。,需要历史样本、坐标/单位换算、有效性条件、容差或上下文选择。,按所列源码实体、真值条件、有效性条件和观测换算判定。,CONDITIONAL,"GLOBAL_POSITION_INT.relative_alt|GLOBAL_POSITION_INT.relative_alt,time_boot_ms","GLOBAL_POSITION_INT.relative_alt|GLOBAL_POSITION_INT.relative_alt,time_boot_ms","{'binding_id': 'ARD-TB-016', 'term': 'ALT_t', 'binding_role': 'PRIMARY_VALUE', 'mavlink_observability': 'CONDITIONAL', 'message_fields_raw': 'GLOBAL_POSITION_INT.relative_alt,time_boot_ms'}|{'binding_id': 'ARD-TB-017', 'term': 'ALT_t', 'binding_role': 'SUPPORTING_EVIDENCE', 'mavlink_observability': 'CONDITIONAL', 'message_fields_raw': 'GLOBAL_POSITION_INT.relative_alt'}",IFF_NOT_ENCODED|PRECEDENCE_AMBIGUOUS|PREVIOUS_SAMPLE_NOT_TIME|DESCRIPTION_FORMULA_POLARITY_CONFLICT
ArduPilot,A.FLIP2,A.FLIP2-AP01,antecedent,Mode_t = FLIP,当前飞行模式是翻滚模式。,Mode_t|FLIP,EXACT,NOT_ASSESSED,ARD-TB-001|ARD-TB-002|ARD-TB-013,ARD-TB-001|ARD-TB-002|ARD-TB-013,,"Mode_t::SELECTED::Mode_t:primary::ARD-TB-001,ARD-TB-002|FLIP::SELECTED::FLIP:primary::ARD-TB-013",PRIMARY_SELECTED,Mode_t：该词项只有一个当前主语义组，按其真值、有效性和观测限制使用；FLIP：该词项只有一个当前主语义组，按其真值、有效性和观测限制使用。,本原子命题可按列出的当前枚举、布尔状态或参数值直接判真。,解码当前模式字段并与当前枚举比较；若还有其他词项，再按各自绑定条件合取。,DIRECT,HEARTBEAT.custom_mode,HEARTBEAT.custom_mode,"{'binding_id': 'ARD-TB-001', 'term': 'Mode_t', 'binding_role': 'PRIMARY_VALUE', 'mavlink_observability': 'DIRECT', 'message_fields_raw': 'HEARTBEAT.custom_mode'}|{'binding_id': 'ARD-TB-002', 'term': 'Mode_t', 'binding_role': 'SUPPORTING_EVIDENCE', 'mavlink_observability': 'DIRECT', 'message_fields_raw': 'HEARTBEAT.custom_mode'}|{'binding_id': 'ARD-TB-013', 'term': 'FLIP', 'binding_role': 'PRIMARY_VALUE', 'mavlink_observability': 'DIRECT', 'message_fields_raw': 'HEARTBEAT.custom_mode'}",EXACT_PHYSICAL_EQUALITY
ArduPilot,A.FLIP2,A.FLIP2-AP02,antecedent,-90deg <= Roll_t <= 45deg,当前横滚角位于负 90 度到 45 度之间。,Roll_t,EXACT,NOT_ASSESSED,ARD-TB-044,ARD-TB-044,,Roll_t::SELECTED::Roll_t:primary::ARD-TB-044,PRIMARY_SELECTED,Roll_t：该词项只有一个当前主语义组，按其真值、有效性和观测限制使用。,本原子命题可按列出的当前枚举、布尔状态或参数值直接判真。,按所列源码实体、真值条件、有效性条件和观测换算判定。,DIRECT,"ATTITUDE.roll,time_boot_ms","ATTITUDE.roll,time_boot_ms","{'binding_id': 'ARD-TB-044', 'term': 'Roll_t', 'binding_role': 'PRIMARY_VALUE', 'mavlink_observability': 'DIRECT', 'message_fields_raw': 'ATTITUDE.roll,time_boot_ms'}",EXACT_PHYSICAL_EQUALITY
ArduPilot,A.FLIP2,A.FLIP2-AP03,consequent,Roll_rate = 400deg/s,横滚角速度严格等于每秒 400 度。,Roll_rate,MODELLED,NOT_ASSESSED,ARD-TB-051|ARD-TB-052,ARD-TB-051,ARD-TB-052,Roll_rate::SELECTED::Roll_rate:control_request::ARD-TB-051|Roll_rate::ALTERNATIVE::Roll_rate:actual_rate::ARD-TB-052,PRIMARY_WITH_ALTERNATIVES,Roll_rate：性质 A.FLIP2 的表达式 Roll_rate = 400deg/s 选择候选组 Roll_rate:control_request；其他组保持互斥，不参与当前真值计算；其余组保留为互斥替代解释，不作为合取条件。,需要历史样本、坐标/单位换算、有效性条件、容差或上下文选择。,按所列源码实体、真值条件、有效性条件和观测换算判定。,INSTRUMENTATION_REQUIRED,,"ATTITUDE.rollspeed,time_boot_ms",,EXACT_PHYSICAL_EQUALITY
ArduPilot,A.FLIP2,A.FLIP2-AP04,consequent,Roll_direction = right,横滚方向为右。,Roll_direction,EXACT,NOT_ASSESSED,ARD-TB-053|ARD-TB-054|ARD-TB-055|ARD-TB-056,ARD-TB-053|ARD-TB-055|ARD-TB-056,ARD-TB-054,"Roll_direction::SELECTED::Roll_direction:commanded_direction::ARD-TB-053,ARD-TB-055,ARD-TB-056|Roll_direction::ALTERNATIVE::Roll_direction:actual_direction::ARD-TB-054",PRIMARY_WITH_ALTERNATIVES,Roll_direction：性质 A.FLIP2 的表达式 Roll_direction = right 选择候选组 Roll_direction:commanded_direction；其他组保持互斥，不参与当前真值计算；其余组保留为互斥替代解释，不作为合取条件。,本原子命题可按列出的当前枚举、布尔状态或参数值直接判真。,按所列源码实体、真值条件、有效性条件和观测换算判定。,INSTRUMENTATION_REQUIRED,,"ATTITUDE.rollspeed,time_boot_ms",,EXACT_PHYSICAL_EQUALITY
ArduPilot,A.FLIP3,A.FLIP3-AP01,antecedent,Mode_t = FLIP3,论文内部的 FLIP3 恢复阶段标签成立。,Mode_t|FLIP3,MODELLED,NOT_ASSESSED,ARD-TB-001|ARD-TB-002|ARD-TB-058,ARD-TB-001|ARD-TB-002|ARD-TB-058,,"Mode_t::SELECTED::Mode_t:primary::ARD-TB-001,ARD-TB-002|FLIP3::SELECTED::FLIP3:primary::ARD-TB-058",PRIMARY_SELECTED,Mode_t：该词项只有一个当前主语义组，按其真值、有效性和观测限制使用；FLIP3：该词项只有一个当前主语义组，按其真值、有效性和观测限制使用。,需要历史样本、坐标/单位换算、有效性条件、容差或上下文选择。,解码当前模式字段并与当前枚举比较；若还有其他词项，再按各自绑定条件合取。,INSTRUMENTATION_REQUIRED,HEARTBEAT.custom_mode,HEARTBEAT.custom_mode,"{'binding_id': 'ARD-TB-001', 'term': 'Mode_t', 'binding_role': 'PRIMARY_VALUE', 'mavlink_observability': 'DIRECT', 'message_fields_raw': 'HEARTBEAT.custom_mode'}|{'binding_id': 'ARD-TB-002', 'term': 'Mode_t', 'binding_role': 'SUPPORTING_EVIDENCE', 'mavlink_observability': 'DIRECT', 'message_fields_raw': 'HEARTBEAT.custom_mode'}",MALFORMED_EVENTUAL_EQUALITY|PHASE_SENTINEL_UNGROUNDED|EMPIRICAL_K_NOT_NORMATIVE
ArduPilot,A.FLIP3,A.FLIP3-AP02,consequent,"F_[0,k](Roll_t = Roll_original)",在未知 k 时间内横滚恢复到原值。,Roll_t|Roll_original|k,UNRESOLVED,NOT_ASSESSED,ARD-TB-044|ARD-TB-048|ARD-TB-103,ARD-TB-044|ARD-TB-048|ARD-TB-103,,Roll_t::SELECTED::Roll_t:primary::ARD-TB-044|Roll_original::SELECTED::Roll_original:primary::ARD-TB-048|k::SELECTED::k:primary::ARD-TB-103,UNRESOLVED_PRIMARY,Roll_t：该词项只有一个当前主语义组，按其真值、有效性和观测限制使用；Roll_original：该词项只有一个当前主语义组，按其真值、有效性和观测限制使用；k：该词项只有一个当前主语义组，按其真值、有效性和观测限制使用。,包含未公开时间上界、未定义航点空状态或已删除且无等价替代的参数。,保留原式和全部候选绑定；缺失定义或数值补证前不得给真值。,UNRESOLVED,"ATTITUDE.roll,time_boot_ms","ATTITUDE.roll,time_boot_ms","{'binding_id': 'ARD-TB-044', 'term': 'Roll_t', 'binding_role': 'PRIMARY_VALUE', 'mavlink_observability': 'DIRECT', 'message_fields_raw': 'ATTITUDE.roll,time_boot_ms'}",MALFORMED_EVENTUAL_EQUALITY|PHASE_SENTINEL_UNGROUNDED|EMPIRICAL_K_NOT_NORMATIVE
ArduPilot,A.FLIP3,A.FLIP3-AP03,consequent,"F_[0,k](Pitch_t = Pitch_original)",在未知 k 时间内俯仰恢复到原值。,Pitch_t|Pitch_original|k,UNRESOLVED,NOT_ASSESSED,ARD-TB-045|ARD-TB-049|ARD-TB-103,ARD-TB-045|ARD-TB-049|ARD-TB-103,,Pitch_t::SELECTED::Pitch_t:primary::ARD-TB-045|Pitch_original::SELECTED::Pitch_original:primary::ARD-TB-049|k::SELECTED::k:primary::ARD-TB-103,UNRESOLVED_PRIMARY,Pitch_t：该词项只有一个当前主语义组，按其真值、有效性和观测限制使用；Pitch_original：该词项只有一个当前主语义组，按其真值、有效性和观测限制使用；k：该词项只有一个当前主语义组，按其真值、有效性和观测限制使用。,包含未公开时间上界、未定义航点空状态或已删除且无等价替代的参数。,保留原式和全部候选绑定；缺失定义或数值补证前不得给真值。,UNRESOLVED,"ATTITUDE.pitch,time_boot_ms","ATTITUDE.pitch,time_boot_ms","{'binding_id': 'ARD-TB-045', 'term': 'Pitch_t', 'binding_role': 'PRIMARY_VALUE', 'mavlink_observability': 'DIRECT', 'message_fields_raw': 'ATTITUDE.pitch,time_boot_ms'}",MALFORMED_EVENTUAL_EQUALITY|PHASE_SENTINEL_UNGROUNDED|EMPIRICAL_K_NOT_NORMATIVE
ArduPilot,A.FLIP3,A.FLIP3-AP04,consequent,"F_[0,k](Yaw_t = Yaw_original)",在未知 k 时间内偏航恢复到原值。,Yaw_t|Yaw_original|k,UNRESOLVED,NOT_ASSESSED,ARD-TB-046|ARD-TB-050|ARD-TB-103,ARD-TB-046|ARD-TB-050|ARD-TB-103,,Yaw_t::SELECTED::Yaw_t:primary::ARD-TB-046|Yaw_original::SELECTED::Yaw_original:primary::ARD-TB-050|k::SELECTED::k:primary::ARD-TB-103,UNRESOLVED_PRIMARY,Yaw_t：该词项只有一个当前主语义组，按其真值、有效性和观测限制使用；Yaw_original：该词项只有一个当前主语义组，按其真值、有效性和观测限制使用；k：该词项只有一个当前主语义组，按其真值、有效性和观测限制使用。,包含未公开时间上界、未定义航点空状态或已删除且无等价替代的参数。,保留原式和全部候选绑定；缺失定义或数值补证前不得给真值。,UNRESOLVED,"ATTITUDE.yaw,time_boot_ms","ATTITUDE.yaw,time_boot_ms","{'binding_id': 'ARD-TB-046', 'term': 'Yaw_t', 'binding_role': 'PRIMARY_VALUE', 'mavlink_observability': 'DIRECT', 'message_fields_raw': 'ATTITUDE.yaw,time_boot_ms'}",MALFORMED_EVENTUAL_EQUALITY|PHASE_SENTINEL_UNGROUNDED|EMPIRICAL_K_NOT_NORMATIVE
ArduPilot,A.FLIPGeneral,A.FLIPGeneral-AP01,antecedent,Mode_t = FLIP1,论文内部的 FLIP1 开始阶段标签成立。,Mode_t|FLIP1,MODELLED,NOT_ASSESSED,ARD-TB-001|ARD-TB-002|ARD-TB-057,ARD-TB-001|ARD-TB-002|ARD-TB-057,,"Mode_t::SELECTED::Mode_t:primary::ARD-TB-001,ARD-TB-002|FLIP1::SELECTED::FLIP1:primary::ARD-TB-057",PRIMARY_SELECTED,Mode_t：该词项只有一个当前主语义组，按其真值、有效性和观测限制使用；FLIP1：该词项只有一个当前主语义组，按其真值、有效性和观测限制使用。,需要历史样本、坐标/单位换算、有效性条件、容差或上下文选择。,解码当前模式字段并与当前枚举比较；若还有其他词项，再按各自绑定条件合取。,INSTRUMENTATION_REQUIRED,HEARTBEAT.custom_mode,HEARTBEAT.custom_mode,"{'binding_id': 'ARD-TB-001', 'term': 'Mode_t', 'binding_role': 'PRIMARY_VALUE', 'mavlink_observability': 'DIRECT', 'message_fields_raw': 'HEARTBEAT.custom_mode'}|{'binding_id': 'ARD-TB-002', 'term': 'Mode_t', 'binding_role': 'SUPPORTING_EVIDENCE', 'mavlink_observability': 'DIRECT', 'message_fields_raw': 'HEARTBEAT.custom_mode'}",PHASE_SENTINEL_UNGROUNDED|RETURN_ORIGINAL_MODE_OMITTED
ArduPilot,A.FLIPGeneral,A.FLIPGeneral-AP02,consequent,"F_[0,2.5s](Mode_t = FLIP3)",2.5 秒内到达论文的 FLIP3 阶段。,Mode_t|FLIP3,MODELLED,NOT_ASSESSED,ARD-TB-001|ARD-TB-002|ARD-TB-058,ARD-TB-001|ARD-TB-002|ARD-TB-058,,"Mode_t::SELECTED::Mode_t:primary::ARD-TB-001,ARD-TB-002|FLIP3::SELECTED::FLIP3:primary::ARD-TB-058",PRIMARY_SELECTED,Mode_t：该词项只有一个当前主语义组，按其真值、有效性和观测限制使用；FLIP3：该词项只有一个当前主语义组，按其真值、有效性和观测限制使用。,需要历史样本、坐标/单位换算、有效性条件、容差或上下文选择。,解码当前模式字段并与当前枚举比较；若还有其他词项，再按各自绑定条件合取。,INSTRUMENTATION_REQUIRED,HEARTBEAT.custom_mode,HEARTBEAT.custom_mode,"{'binding_id': 'ARD-TB-001', 'term': 'Mode_t', 'binding_role': 'PRIMARY_VALUE', 'mavlink_observability': 'DIRECT', 'message_fields_raw': 'HEARTBEAT.custom_mode'}|{'binding_id': 'ARD-TB-002', 'term': 'Mode_t', 'binding_role': 'SUPPORTING_EVIDENCE', 'mavlink_observability': 'DIRECT', 'message_fields_raw': 'HEARTBEAT.custom_mode'}",PHASE_SENTINEL_UNGROUNDED|RETURN_ORIGINAL_MODE_OMITTED
ArduPilot,A.ALT_HOLD1,A.ALT_HOLD1-AP01,antecedent,ALT_src = Baro,论文抽象的高度来源被标记为气压计。,ALT_src|Baro,MODELLED,NOT_ASSESSED,ARD-TB-022|ARD-TB-023|ARD-TB-024|ARD-TB-025|ARD-TB-026|ARD-TB-027|ARD-TB-028|ARD-TB-029|ARD-TB-030|ARD-TB-031|ARD-TB-032,ARD-TB-022|ARD-TB-023|ARD-TB-024|ARD-TB-028|ARD-TB-031|ARD-TB-032,ARD-TB-025|ARD-TB-026|ARD-TB-027|ARD-TB-029|ARD-TB-030,"ALT_src::SELECTED::ALT_src:runtime_active::ARD-TB-022,ARD-TB-023,ARD-TB-024,ARD-TB-028|ALT_src::ALTERNATIVE::ALT_src:configured_source_set_1::ARD-TB-025|ALT_src::ALTERNATIVE::ALT_src:configured_source_sets_2_3::ARD-TB-026,ARD-TB-027|Baro::ALTERNATIVE::Baro:health::ARD-TB-029,ARD-TB-030|Baro::SELECTED::Baro:source_enum::ARD-TB-031,ARD-TB-032",PRIMARY_WITH_ALTERNATIVES,ALT_src：性质询问实际高度来源，因此选择 EKF 运行时 activeHgtSource，而不是三套配置参数；Baro：该命题与 ALT_src 同时出现，选择“当前高度源为 BARO”的枚举解释；传感器健康保留为替代；其余组保留为互斥替代解释，不作为合取条件。,需要历史样本、坐标/单位换算、有效性条件、容差或上下文选择。,按所列源码实体、真值条件、有效性条件和观测换算判定。,INSTRUMENTATION_REQUIRED,,"PARAM_VALUE.param_id=EK3_SRC1_POSZ,param_value|PARAM_VALUE.param_id=EK3_SRC2_POSZ,param_value|PARAM_VALUE.param_id=EK3_SRC3_POSZ,param_value|SYS_STATUS.onboard_control_sensors_health",,SOURCE_ABSTRACTION_UNDEFINED|EXACT_PHYSICAL_EQUALITY
ArduPilot,A.ALT_HOLD1,A.ALT_HOLD1-AP02,consequent,ALT_t = ALT_Baro,当前高度严格等于气压计高度。,ALT_t|ALT_Baro,MODELLED,NOT_ASSESSED,ARD-TB-016|ARD-TB-017|ARD-TB-019|ARD-TB-020,ARD-TB-016|ARD-TB-017|ARD-TB-019|ARD-TB-020,,"ALT_t::SELECTED::ALT_t:primary::ARD-TB-016,ARD-TB-017|ALT_Baro::SELECTED::ALT_Baro:primary::ARD-TB-019,ARD-TB-020",PRIMARY_SELECTED,ALT_t：该词项只有一个当前主语义组，按其真值、有效性和观测限制使用；ALT_Baro：该词项只有一个当前主语义组，按其真值、有效性和观测限制使用。,需要历史样本、坐标/单位换算、有效性条件、容差或上下文选择。,按所列源码实体、真值条件、有效性条件和观测换算判定。,INSTRUMENTATION_REQUIRED,"GLOBAL_POSITION_INT.relative_alt|GLOBAL_POSITION_INT.relative_alt,time_boot_ms","GLOBAL_POSITION_INT.relative_alt|GLOBAL_POSITION_INT.relative_alt,time_boot_ms","{'binding_id': 'ARD-TB-016', 'term': 'ALT_t', 'binding_role': 'PRIMARY_VALUE', 'mavlink_observability': 'CONDITIONAL', 'message_fields_raw': 'GLOBAL_POSITION_INT.relative_alt,time_boot_ms'}|{'binding_id': 'ARD-TB-017', 'term': 'ALT_t', 'binding_role': 'SUPPORTING_EVIDENCE', 'mavlink_observability': 'CONDITIONAL', 'message_fields_raw': 'GLOBAL_POSITION_INT.relative_alt'}",SOURCE_ABSTRACTION_UNDEFINED|EXACT_PHYSICAL_EQUALITY
ArduPilot,A.ALT_HOLD1,A.ALT_HOLD1-AP03,consequent,ALT_t != ALT_GPS,当前高度不等于 GPS 高度。,ALT_t|ALT_GPS,MODELLED,NOT_ASSESSED,ARD-TB-016|ARD-TB-017|ARD-TB-021,ARD-TB-016|ARD-TB-017|ARD-TB-021,,"ALT_t::SELECTED::ALT_t:primary::ARD-TB-016,ARD-TB-017|ALT_GPS::SELECTED::ALT_GPS:primary::ARD-TB-021",PRIMARY_SELECTED,ALT_t：该词项只有一个当前主语义组，按其真值、有效性和观测限制使用；ALT_GPS：该词项只有一个当前主语义组，按其真值、有效性和观测限制使用。,需要历史样本、坐标/单位换算、有效性条件、容差或上下文选择。,按所列源码实体、真值条件、有效性条件和观测换算判定。,CONDITIONAL,"GLOBAL_POSITION_INT.relative_alt|GLOBAL_POSITION_INT.relative_alt,time_boot_ms|GPS_RAW_INT.alt,time_usec,fix_type","GLOBAL_POSITION_INT.relative_alt|GLOBAL_POSITION_INT.relative_alt,time_boot_ms|GPS_RAW_INT.alt,time_usec,fix_type","{'binding_id': 'ARD-TB-016', 'term': 'ALT_t', 'binding_role': 'PRIMARY_VALUE', 'mavlink_observability': 'CONDITIONAL', 'message_fields_raw': 'GLOBAL_POSITION_INT.relative_alt,time_boot_ms'}|{'binding_id': 'ARD-TB-017', 'term': 'ALT_t', 'binding_role': 'SUPPORTING_EVIDENCE', 'mavlink_observability': 'CONDITIONAL', 'message_fields_raw': 'GLOBAL_POSITION_INT.relative_alt'}|{'binding_id': 'ARD-TB-021', 'term': 'ALT_GPS', 'binding_role': 'PRIMARY_VALUE', 'mavlink_observability': 'CONDITIONAL', 'message_fields_raw': 'GPS_RAW_INT.alt,time_usec,fix_type'}",SOURCE_ABSTRACTION_UNDEFINED|EXACT_PHYSICAL_EQUALITY
ArduPilot,A.ALT_HOLD2,A.ALT_HOLD2-AP01,antecedent,Mode_t = ALT_HOLD,当前模式是 ArduPilot 定高模式。,Mode_t|ALT_HOLD,EXACT,NOT_ASSESSED,ARD-TB-001|ARD-TB-002|ARD-TB-004,ARD-TB-001|ARD-TB-002|ARD-TB-004,,"Mode_t::SELECTED::Mode_t:primary::ARD-TB-001,ARD-TB-002|ALT_HOLD::SELECTED::ALT_HOLD:primary::ARD-TB-004",PRIMARY_SELECTED,Mode_t：该词项只有一个当前主语义组，按其真值、有效性和观测限制使用；ALT_HOLD：该词项只有一个当前主语义组，按其真值、有效性和观测限制使用。,本原子命题可按列出的当前枚举、布尔状态或参数值直接判真。,解码当前模式字段并与当前枚举比较；若还有其他词项，再按各自绑定条件合取。,DIRECT,HEARTBEAT.custom_mode,HEARTBEAT.custom_mode,"{'binding_id': 'ARD-TB-001', 'term': 'Mode_t', 'binding_role': 'PRIMARY_VALUE', 'mavlink_observability': 'DIRECT', 'message_fields_raw': 'HEARTBEAT.custom_mode'}|{'binding_id': 'ARD-TB-002', 'term': 'Mode_t', 'binding_role': 'SUPPORTING_EVIDENCE', 'mavlink_observability': 'DIRECT', 'message_fields_raw': 'HEARTBEAT.custom_mode'}|{'binding_id': 'ARD-TB-004', 'term': 'ALT_HOLD', 'binding_role': 'PRIMARY_VALUE', 'mavlink_observability': 'DIRECT', 'message_fields_raw': 'HEARTBEAT.custom_mode'}",PREVIOUS_SAMPLE_NOT_TIME|STRICT_SAMPLE_EQUALITY
ArduPilot,A.ALT_HOLD2,A.ALT_HOLD2-AP02,antecedent,Throttle_t = 1500,油门输入严格等于通道中值 1500。,Throttle_t,MODELLED,NOT_ASSESSED,ARD-TB-065|ARD-TB-076,ARD-TB-065|ARD-TB-076,,"Throttle_t::SELECTED::Throttle_t:primary::ARD-TB-065,ARD-TB-076",PRIMARY_SELECTED,Throttle_t：该词项只有一个当前主语义组，按其真值、有效性和观测限制使用。,需要历史样本、坐标/单位换算、有效性条件、容差或上下文选择。,若阈值为 1500，使用当前 RC_MAP 对应的原始 PWM；同时保留校准、死区、输入来源和 failsafe 有效性。,CONDITIONAL,"PARAM_VALUE.param_id=RCMAP_THROTTLE 或当前 RC mapping|RC_CHANNELS.chanN_raw|RC_CHANNELS.chanN_raw,time_boot_ms","PARAM_VALUE.param_id=RCMAP_THROTTLE 或当前 RC mapping|RC_CHANNELS.chanN_raw|RC_CHANNELS.chanN_raw,time_boot_ms","{'binding_id': 'ARD-TB-065', 'term': 'Throttle_t', 'binding_role': 'PRIMARY_VALUE', 'mavlink_observability': 'CONDITIONAL', 'message_fields_raw': 'RC_CHANNELS.chanN_raw,time_boot_ms'}|{'binding_id': 'ARD-TB-076', 'term': 'Throttle_t', 'binding_role': 'SUPPORTING_EVIDENCE', 'mavlink_observability': 'CONDITIONAL', 'message_fields_raw': 'PARAM_VALUE.param_id=RCMAP_THROTTLE 或当前 RC mapping; RC_CHANNELS.chanN_raw'}",PREVIOUS_SAMPLE_NOT_TIME|STRICT_SAMPLE_EQUALITY
ArduPilot,A.ALT_HOLD2,A.ALT_HOLD2-AP03,consequent,ALT_t-1 = ALT_t,当前高度与上一观测高度严格相等。,ALT_t-1|ALT_t,MODELLED,NOT_ASSESSED,ARD-TB-018|ARD-TB-016|ARD-TB-017,ARD-TB-018|ARD-TB-016|ARD-TB-017,,"ALT_t-1::SELECTED::ALT_t-1:primary::ARD-TB-018|ALT_t::SELECTED::ALT_t:primary::ARD-TB-016,ARD-TB-017",PRIMARY_SELECTED,ALT_t-1：该词项只有一个当前主语义组，按其真值、有效性和观测限制使用；ALT_t：该词项只有一个当前主语义组，按其真值、有效性和观测限制使用。,需要历史样本、坐标/单位换算、有效性条件、容差或上下文选择。,选择一个有证据的状态定义，按发送端时间保存前一有效样本；保持坐标系、单位、来源和重置计数一致后再比较。,CONDITIONAL,"GLOBAL_POSITION_INT.relative_alt|GLOBAL_POSITION_INT.relative_alt,time_boot_ms","GLOBAL_POSITION_INT.relative_alt|GLOBAL_POSITION_INT.relative_alt,time_boot_ms","{'binding_id': 'ARD-TB-018', 'term': 'ALT_t-1', 'binding_role': 'PRIMARY_VALUE', 'mavlink_observability': 'DERIVED', 'message_fields_raw': 'GLOBAL_POSITION_INT.relative_alt,time_boot_ms'}|{'binding_id': 'ARD-TB-016', 'term': 'ALT_t', 'binding_role': 'PRIMARY_VALUE', 'mavlink_observability': 'CONDITIONAL', 'message_fields_raw': 'GLOBAL_POSITION_INT.relative_alt,time_boot_ms'}|{'binding_id': 'ARD-TB-017', 'term': 'ALT_t', 'binding_role': 'SUPPORTING_EVIDENCE', 'mavlink_observability': 'CONDITIONAL', 'message_fields_raw': 'GLOBAL_POSITION_INT.relative_alt'}",PREVIOUS_SAMPLE_NOT_TIME|STRICT_SAMPLE_EQUALITY
ArduPilot,A.CIRCLE1,A.CIRCLE1-AP01,antecedent,Mode_t = CIRCLE,当前模式是 ArduPilot 绕圈模式。,Mode_t|CIRCLE,EXACT,NOT_ASSESSED,ARD-TB-001|ARD-TB-002|ARD-TB-009,ARD-TB-001|ARD-TB-002|ARD-TB-009,,"Mode_t::SELECTED::Mode_t:primary::ARD-TB-001,ARD-TB-002|CIRCLE::SELECTED::CIRCLE:primary::ARD-TB-009",PRIMARY_SELECTED,Mode_t：该词项只有一个当前主语义组，按其真值、有效性和观测限制使用；CIRCLE：该词项只有一个当前主语义组，按其真值、有效性和观测限制使用。,本原子命题可按列出的当前枚举、布尔状态或参数值直接判真。,解码当前模式字段并与当前枚举比较；若还有其他词项，再按各自绑定条件合取。,DIRECT,HEARTBEAT.custom_mode,HEARTBEAT.custom_mode,"{'binding_id': 'ARD-TB-001', 'term': 'Mode_t', 'binding_role': 'PRIMARY_VALUE', 'mavlink_observability': 'DIRECT', 'message_fields_raw': 'HEARTBEAT.custom_mode'}|{'binding_id': 'ARD-TB-002', 'term': 'Mode_t', 'binding_role': 'SUPPORTING_EVIDENCE', 'mavlink_observability': 'DIRECT', 'message_fields_raw': 'HEARTBEAT.custom_mode'}|{'binding_id': 'ARD-TB-009', 'term': 'CIRCLE', 'binding_role': 'PRIMARY_VALUE', 'mavlink_observability': 'DIRECT', 'message_fields_raw': 'HEARTBEAT.custom_mode'}",UNTIL_LOST|PREVIOUS_SAMPLE_NOT_TIME
ArduPilot,A.CIRCLE1,A.CIRCLE1-AP02,antecedent,RC_pitch < 1500,俯仰遥控输入小于通道中值。,RC_pitch,MODELLED,NOT_ASSESSED,ARD-TB-067|ARD-TB-074,ARD-TB-067|ARD-TB-074,,"RC_pitch::SELECTED::RC_pitch:primary::ARD-TB-067,ARD-TB-074",PRIMARY_SELECTED,RC_pitch：该词项只有一个当前主语义组，按其真值、有效性和观测限制使用。,需要历史样本、坐标/单位换算、有效性条件、容差或上下文选择。,若阈值为 1500，使用当前 RC_MAP 对应的原始 PWM；同时保留校准、死区、输入来源和 failsafe 有效性。,CONDITIONAL,"PARAM_VALUE.param_id=RCMAP_PITCH 或当前 RC mapping|RC_CHANNELS.chanN_raw|RC_CHANNELS.chanN_raw,time_boot_ms","PARAM_VALUE.param_id=RCMAP_PITCH 或当前 RC mapping|RC_CHANNELS.chanN_raw|RC_CHANNELS.chanN_raw,time_boot_ms","{'binding_id': 'ARD-TB-067', 'term': 'RC_pitch', 'binding_role': 'PRIMARY_VALUE', 'mavlink_observability': 'CONDITIONAL', 'message_fields_raw': 'RC_CHANNELS.chanN_raw,time_boot_ms'}|{'binding_id': 'ARD-TB-074', 'term': 'RC_pitch', 'binding_role': 'SUPPORTING_EVIDENCE', 'mavlink_observability': 'CONDITIONAL', 'message_fields_raw': 'PARAM_VALUE.param_id=RCMAP_PITCH 或当前 RC mapping; RC_CHANNELS.chanN_raw'}",UNTIL_LOST|PREVIOUS_SAMPLE_NOT_TIME
ArduPilot,A.CIRCLE1,A.CIRCLE1-AP03,antecedent,Circle_radius_t > 0,当前绕圈半径为正数。,Circle_radius_t,MODELLED,NOT_ASSESSED,ARD-TB-059,ARD-TB-059,,Circle_radius_t::SELECTED::Circle_radius_t:primary::ARD-TB-059,PRIMARY_SELECTED,Circle_radius_t：该词项只有一个当前主语义组，按其真值、有效性和观测限制使用。,需要历史样本、坐标/单位换算、有效性条件、容差或上下文选择。,明确选择内部目标量或实际测量量，保持前后样本定义一致，并按半径符号解析方向。,INSTRUMENTATION_REQUIRED,,,,UNTIL_LOST|PREVIOUS_SAMPLE_NOT_TIME
ArduPilot,A.CIRCLE1,A.CIRCLE1-AP04,consequent,Circle_radius_t < Circle_radius_t-1,绕圈半径比上一观测减小。,Circle_radius_t|Circle_radius_t-1,MODELLED,NOT_ASSESSED,ARD-TB-059|ARD-TB-060,ARD-TB-059|ARD-TB-060,,Circle_radius_t::SELECTED::Circle_radius_t:primary::ARD-TB-059|Circle_radius_t-1::SELECTED::Circle_radius_t-1:primary::ARD-TB-060,PRIMARY_SELECTED,Circle_radius_t：该词项只有一个当前主语义组，按其真值、有效性和观测限制使用；Circle_radius_t-1：该词项只有一个当前主语义组，按其真值、有效性和观测限制使用。,需要历史样本、坐标/单位换算、有效性条件、容差或上下文选择。,选择一个有证据的状态定义，按发送端时间保存前一有效样本；保持坐标系、单位、来源和重置计数一致后再比较。,INSTRUMENTATION_REQUIRED,内部插桩样本,内部插桩样本,"{'binding_id': 'ARD-TB-060', 'term': 'Circle_radius_t-1', 'binding_role': 'PRIMARY_VALUE', 'mavlink_observability': 'DERIVED', 'message_fields_raw': '内部插桩样本'}",UNTIL_LOST|PREVIOUS_SAMPLE_NOT_TIME
ArduPilot,A.CIRCLE2,A.CIRCLE2-AP01,antecedent,Mode_t = CIRCLE,当前模式是 ArduPilot 绕圈模式。,Mode_t|CIRCLE,EXACT,NOT_ASSESSED,ARD-TB-001|ARD-TB-002|ARD-TB-009,ARD-TB-001|ARD-TB-002|ARD-TB-009,,"Mode_t::SELECTED::Mode_t:primary::ARD-TB-001,ARD-TB-002|CIRCLE::SELECTED::CIRCLE:primary::ARD-TB-009",PRIMARY_SELECTED,Mode_t：该词项只有一个当前主语义组，按其真值、有效性和观测限制使用；CIRCLE：该词项只有一个当前主语义组，按其真值、有效性和观测限制使用。,本原子命题可按列出的当前枚举、布尔状态或参数值直接判真。,解码当前模式字段并与当前枚举比较；若还有其他词项，再按各自绑定条件合取。,DIRECT,HEARTBEAT.custom_mode,HEARTBEAT.custom_mode,"{'binding_id': 'ARD-TB-001', 'term': 'Mode_t', 'binding_role': 'PRIMARY_VALUE', 'mavlink_observability': 'DIRECT', 'message_fields_raw': 'HEARTBEAT.custom_mode'}|{'binding_id': 'ARD-TB-002', 'term': 'Mode_t', 'binding_role': 'SUPPORTING_EVIDENCE', 'mavlink_observability': 'DIRECT', 'message_fields_raw': 'HEARTBEAT.custom_mode'}|{'binding_id': 'ARD-TB-009', 'term': 'CIRCLE', 'binding_role': 'PRIMARY_VALUE', 'mavlink_observability': 'DIRECT', 'message_fields_raw': 'HEARTBEAT.custom_mode'}",PREVIOUS_SAMPLE_NOT_TIME
ArduPilot,A.CIRCLE2,A.CIRCLE2-AP02,antecedent,RC_pitch > 1500,俯仰遥控输入大于通道中值。,RC_pitch,MODELLED,NOT_ASSESSED,ARD-TB-067|ARD-TB-074,ARD-TB-067|ARD-TB-074,,"RC_pitch::SELECTED::RC_pitch:primary::ARD-TB-067,ARD-TB-074",PRIMARY_SELECTED,RC_pitch：该词项只有一个当前主语义组，按其真值、有效性和观测限制使用。,需要历史样本、坐标/单位换算、有效性条件、容差或上下文选择。,若阈值为 1500，使用当前 RC_MAP 对应的原始 PWM；同时保留校准、死区、输入来源和 failsafe 有效性。,CONDITIONAL,"PARAM_VALUE.param_id=RCMAP_PITCH 或当前 RC mapping|RC_CHANNELS.chanN_raw|RC_CHANNELS.chanN_raw,time_boot_ms","PARAM_VALUE.param_id=RCMAP_PITCH 或当前 RC mapping|RC_CHANNELS.chanN_raw|RC_CHANNELS.chanN_raw,time_boot_ms","{'binding_id': 'ARD-TB-067', 'term': 'RC_pitch', 'binding_role': 'PRIMARY_VALUE', 'mavlink_observability': 'CONDITIONAL', 'message_fields_raw': 'RC_CHANNELS.chanN_raw,time_boot_ms'}|{'binding_id': 'ARD-TB-074', 'term': 'RC_pitch', 'binding_role': 'SUPPORTING_EVIDENCE', 'mavlink_observability': 'CONDITIONAL', 'message_fields_raw': 'PARAM_VALUE.param_id=RCMAP_PITCH 或当前 RC mapping; RC_CHANNELS.chanN_raw'}",PREVIOUS_SAMPLE_NOT_TIME
ArduPilot,A.CIRCLE2,A.CIRCLE2-AP03,consequent,Circle_radius_t > Circle_radius_t-1,绕圈半径比上一观测增大。,Circle_radius_t|Circle_radius_t-1,MODELLED,NOT_ASSESSED,ARD-TB-059|ARD-TB-060,ARD-TB-059|ARD-TB-060,,Circle_radius_t::SELECTED::Circle_radius_t:primary::ARD-TB-059|Circle_radius_t-1::SELECTED::Circle_radius_t-1:primary::ARD-TB-060,PRIMARY_SELECTED,Circle_radius_t：该词项只有一个当前主语义组，按其真值、有效性和观测限制使用；Circle_radius_t-1：该词项只有一个当前主语义组，按其真值、有效性和观测限制使用。,需要历史样本、坐标/单位换算、有效性条件、容差或上下文选择。,选择一个有证据的状态定义，按发送端时间保存前一有效样本；保持坐标系、单位、来源和重置计数一致后再比较。,INSTRUMENTATION_REQUIRED,内部插桩样本,内部插桩样本,"{'binding_id': 'ARD-TB-060', 'term': 'Circle_radius_t-1', 'binding_role': 'PRIMARY_VALUE', 'mavlink_observability': 'DERIVED', 'message_fields_raw': '内部插桩样本'}",PREVIOUS_SAMPLE_NOT_TIME
ArduPilot,A.CIRCLE3,A.CIRCLE3-AP01,antecedent,Mode_t = CIRCLE,当前模式是 ArduPilot 绕圈模式。,Mode_t|CIRCLE,EXACT,NOT_ASSESSED,ARD-TB-001|ARD-TB-002|ARD-TB-009,ARD-TB-001|ARD-TB-002|ARD-TB-009,,"Mode_t::SELECTED::Mode_t:primary::ARD-TB-001,ARD-TB-002|CIRCLE::SELECTED::CIRCLE:primary::ARD-TB-009",PRIMARY_SELECTED,Mode_t：该词项只有一个当前主语义组，按其真值、有效性和观测限制使用；CIRCLE：该词项只有一个当前主语义组，按其真值、有效性和观测限制使用。,本原子命题可按列出的当前枚举、布尔状态或参数值直接判真。,解码当前模式字段并与当前枚举比较；若还有其他词项，再按各自绑定条件合取。,DIRECT,HEARTBEAT.custom_mode,HEARTBEAT.custom_mode,"{'binding_id': 'ARD-TB-001', 'term': 'Mode_t', 'binding_role': 'PRIMARY_VALUE', 'mavlink_observability': 'DIRECT', 'message_fields_raw': 'HEARTBEAT.custom_mode'}|{'binding_id': 'ARD-TB-002', 'term': 'Mode_t', 'binding_role': 'SUPPORTING_EVIDENCE', 'mavlink_observability': 'DIRECT', 'message_fields_raw': 'HEARTBEAT.custom_mode'}|{'binding_id': 'ARD-TB-009', 'term': 'CIRCLE', 'binding_role': 'PRIMARY_VALUE', 'mavlink_observability': 'DIRECT', 'message_fields_raw': 'HEARTBEAT.custom_mode'}",PREVIOUS_SAMPLE_NOT_TIME|DIRECTION_OR_SIGN_UNDEFINED
ArduPilot,A.CIRCLE3,A.CIRCLE3-AP02,antecedent,RC_roll > 1500,横滚遥控输入大于通道中值。,RC_roll,MODELLED,NOT_ASSESSED,ARD-TB-069|ARD-TB-072,ARD-TB-069|ARD-TB-072,,"RC_roll::SELECTED::RC_roll:primary::ARD-TB-069,ARD-TB-072",PRIMARY_SELECTED,RC_roll：该词项只有一个当前主语义组，按其真值、有效性和观测限制使用。,需要历史样本、坐标/单位换算、有效性条件、容差或上下文选择。,若阈值为 1500，使用当前 RC_MAP 对应的原始 PWM；同时保留校准、死区、输入来源和 failsafe 有效性。,CONDITIONAL,"PARAM_VALUE.param_id=RCMAP_ROLL 或当前 RC mapping|RC_CHANNELS.chanN_raw|RC_CHANNELS.chanN_raw,time_boot_ms","PARAM_VALUE.param_id=RCMAP_ROLL 或当前 RC mapping|RC_CHANNELS.chanN_raw|RC_CHANNELS.chanN_raw,time_boot_ms","{'binding_id': 'ARD-TB-069', 'term': 'RC_roll', 'binding_role': 'PRIMARY_VALUE', 'mavlink_observability': 'CONDITIONAL', 'message_fields_raw': 'RC_CHANNELS.chanN_raw,time_boot_ms'}|{'binding_id': 'ARD-TB-072', 'term': 'RC_roll', 'binding_role': 'SUPPORTING_EVIDENCE', 'mavlink_observability': 'CONDITIONAL', 'message_fields_raw': 'PARAM_VALUE.param_id=RCMAP_ROLL 或当前 RC mapping; RC_CHANNELS.chanN_raw'}",PREVIOUS_SAMPLE_NOT_TIME|DIRECTION_OR_SIGN_UNDEFINED
ArduPilot,A.CIRCLE3,A.CIRCLE3-AP03,antecedent,Circle_direction_t = clockwise,绕圈方向是顺时针。,Circle_direction_t,EXACT,NOT_ASSESSED,ARD-TB-063|ARD-TB-064,ARD-TB-063|ARD-TB-064,,"Circle_direction_t::SELECTED::Circle_direction_t:primary::ARD-TB-063,ARD-TB-064",PRIMARY_SELECTED,Circle_direction_t：该词项只有一个当前主语义组，按其真值、有效性和观测限制使用。,本原子命题可按列出的当前枚举、布尔状态或参数值直接判真。,明确选择内部目标量或实际测量量，保持前后样本定义一致，并按半径符号解析方向。,INSTRUMENTATION_REQUIRED,,,,PREVIOUS_SAMPLE_NOT_TIME|DIRECTION_OR_SIGN_UNDEFINED
ArduPilot,A.CIRCLE3,A.CIRCLE3-AP04,consequent,Circle_speed_t > Circle_speed_t-1,绕圈速度比上一观测增大。,Circle_speed_t|Circle_speed_t-1,MODELLED,NOT_ASSESSED,ARD-TB-061|ARD-TB-062,ARD-TB-061|ARD-TB-062,,Circle_speed_t::SELECTED::Circle_speed_t:primary::ARD-TB-061|Circle_speed_t-1::SELECTED::Circle_speed_t-1:primary::ARD-TB-062,PRIMARY_SELECTED,Circle_speed_t：该词项只有一个当前主语义组，按其真值、有效性和观测限制使用；Circle_speed_t-1：该词项只有一个当前主语义组，按其真值、有效性和观测限制使用。,需要历史样本、坐标/单位换算、有效性条件、容差或上下文选择。,选择一个有证据的状态定义，按发送端时间保存前一有效样本；保持坐标系、单位、来源和重置计数一致后再比较。,INSTRUMENTATION_REQUIRED,内部插桩样本,内部插桩样本,"{'binding_id': 'ARD-TB-062', 'term': 'Circle_speed_t-1', 'binding_role': 'PRIMARY_VALUE', 'mavlink_observability': 'DERIVED', 'message_fields_raw': '内部插桩样本'}",PREVIOUS_SAMPLE_NOT_TIME|DIRECTION_OR_SIGN_UNDEFINED
ArduPilot,A.CIRCLE4,A.CIRCLE4-AP01,antecedent,Mode_t = CIRCLE,当前模式是 ArduPilot 绕圈模式。,Mode_t|CIRCLE,EXACT,NOT_ASSESSED,ARD-TB-001|ARD-TB-002|ARD-TB-009,ARD-TB-001|ARD-TB-002|ARD-TB-009,,"Mode_t::SELECTED::Mode_t:primary::ARD-TB-001,ARD-TB-002|CIRCLE::SELECTED::CIRCLE:primary::ARD-TB-009",PRIMARY_SELECTED,Mode_t：该词项只有一个当前主语义组，按其真值、有效性和观测限制使用；CIRCLE：该词项只有一个当前主语义组，按其真值、有效性和观测限制使用。,本原子命题可按列出的当前枚举、布尔状态或参数值直接判真。,解码当前模式字段并与当前枚举比较；若还有其他词项，再按各自绑定条件合取。,DIRECT,HEARTBEAT.custom_mode,HEARTBEAT.custom_mode,"{'binding_id': 'ARD-TB-001', 'term': 'Mode_t', 'binding_role': 'PRIMARY_VALUE', 'mavlink_observability': 'DIRECT', 'message_fields_raw': 'HEARTBEAT.custom_mode'}|{'binding_id': 'ARD-TB-002', 'term': 'Mode_t', 'binding_role': 'SUPPORTING_EVIDENCE', 'mavlink_observability': 'DIRECT', 'message_fields_raw': 'HEARTBEAT.custom_mode'}|{'binding_id': 'ARD-TB-009', 'term': 'CIRCLE', 'binding_role': 'PRIMARY_VALUE', 'mavlink_observability': 'DIRECT', 'message_fields_raw': 'HEARTBEAT.custom_mode'}",PREVIOUS_SAMPLE_NOT_TIME|DIRECTION_OR_SIGN_UNDEFINED
ArduPilot,A.CIRCLE4,A.CIRCLE4-AP02,antecedent,RC_roll > 1500,横滚遥控输入大于通道中值。,RC_roll,MODELLED,NOT_ASSESSED,ARD-TB-069|ARD-TB-072,ARD-TB-069|ARD-TB-072,,"RC_roll::SELECTED::RC_roll:primary::ARD-TB-069,ARD-TB-072",PRIMARY_SELECTED,RC_roll：该词项只有一个当前主语义组，按其真值、有效性和观测限制使用。,需要历史样本、坐标/单位换算、有效性条件、容差或上下文选择。,若阈值为 1500，使用当前 RC_MAP 对应的原始 PWM；同时保留校准、死区、输入来源和 failsafe 有效性。,CONDITIONAL,"PARAM_VALUE.param_id=RCMAP_ROLL 或当前 RC mapping|RC_CHANNELS.chanN_raw|RC_CHANNELS.chanN_raw,time_boot_ms","PARAM_VALUE.param_id=RCMAP_ROLL 或当前 RC mapping|RC_CHANNELS.chanN_raw|RC_CHANNELS.chanN_raw,time_boot_ms","{'binding_id': 'ARD-TB-069', 'term': 'RC_roll', 'binding_role': 'PRIMARY_VALUE', 'mavlink_observability': 'CONDITIONAL', 'message_fields_raw': 'RC_CHANNELS.chanN_raw,time_boot_ms'}|{'binding_id': 'ARD-TB-072', 'term': 'RC_roll', 'binding_role': 'SUPPORTING_EVIDENCE', 'mavlink_observability': 'CONDITIONAL', 'message_fields_raw': 'PARAM_VALUE.param_id=RCMAP_ROLL 或当前 RC mapping; RC_CHANNELS.chanN_raw'}",PREVIOUS_SAMPLE_NOT_TIME|DIRECTION_OR_SIGN_UNDEFINED
ArduPilot,A.CIRCLE4,A.CIRCLE4-AP03,antecedent,Circle_direction_t = counterclockwise,绕圈方向是逆时针。,Circle_direction_t,EXACT,NOT_ASSESSED,ARD-TB-063|ARD-TB-064,ARD-TB-063|ARD-TB-064,,"Circle_direction_t::SELECTED::Circle_direction_t:primary::ARD-TB-063,ARD-TB-064",PRIMARY_SELECTED,Circle_direction_t：该词项只有一个当前主语义组，按其真值、有效性和观测限制使用。,本原子命题可按列出的当前枚举、布尔状态或参数值直接判真。,明确选择内部目标量或实际测量量，保持前后样本定义一致，并按半径符号解析方向。,INSTRUMENTATION_REQUIRED,,,,PREVIOUS_SAMPLE_NOT_TIME|DIRECTION_OR_SIGN_UNDEFINED
ArduPilot,A.CIRCLE4,A.CIRCLE4-AP04,consequent,Circle_speed_t < Circle_speed_t-1,绕圈速度比上一观测减小。,Circle_speed_t|Circle_speed_t-1,MODELLED,NOT_ASSESSED,ARD-TB-061|ARD-TB-062,ARD-TB-061|ARD-TB-062,,Circle_speed_t::SELECTED::Circle_speed_t:primary::ARD-TB-061|Circle_speed_t-1::SELECTED::Circle_speed_t-1:primary::ARD-TB-062,PRIMARY_SELECTED,Circle_speed_t：该词项只有一个当前主语义组，按其真值、有效性和观测限制使用；Circle_speed_t-1：该词项只有一个当前主语义组，按其真值、有效性和观测限制使用。,需要历史样本、坐标/单位换算、有效性条件、容差或上下文选择。,选择一个有证据的状态定义，按发送端时间保存前一有效样本；保持坐标系、单位、来源和重置计数一致后再比较。,INSTRUMENTATION_REQUIRED,内部插桩样本,内部插桩样本,"{'binding_id': 'ARD-TB-062', 'term': 'Circle_speed_t-1', 'binding_role': 'PRIMARY_VALUE', 'mavlink_observability': 'DERIVED', 'message_fields_raw': '内部插桩样本'}",PREVIOUS_SAMPLE_NOT_TIME|DIRECTION_OR_SIGN_UNDEFINED
ArduPilot,A.CIRCLE5,A.CIRCLE5-AP01,antecedent,Mode_t = CIRCLE,当前模式是 ArduPilot 绕圈模式。,Mode_t|CIRCLE,EXACT,NOT_ASSESSED,ARD-TB-001|ARD-TB-002|ARD-TB-009,ARD-TB-001|ARD-TB-002|ARD-TB-009,,"Mode_t::SELECTED::Mode_t:primary::ARD-TB-001,ARD-TB-002|CIRCLE::SELECTED::CIRCLE:primary::ARD-TB-009",PRIMARY_SELECTED,Mode_t：该词项只有一个当前主语义组，按其真值、有效性和观测限制使用；CIRCLE：该词项只有一个当前主语义组，按其真值、有效性和观测限制使用。,本原子命题可按列出的当前枚举、布尔状态或参数值直接判真。,解码当前模式字段并与当前枚举比较；若还有其他词项，再按各自绑定条件合取。,DIRECT,HEARTBEAT.custom_mode,HEARTBEAT.custom_mode,"{'binding_id': 'ARD-TB-001', 'term': 'Mode_t', 'binding_role': 'PRIMARY_VALUE', 'mavlink_observability': 'DIRECT', 'message_fields_raw': 'HEARTBEAT.custom_mode'}|{'binding_id': 'ARD-TB-002', 'term': 'Mode_t', 'binding_role': 'SUPPORTING_EVIDENCE', 'mavlink_observability': 'DIRECT', 'message_fields_raw': 'HEARTBEAT.custom_mode'}|{'binding_id': 'ARD-TB-009', 'term': 'CIRCLE', 'binding_role': 'PRIMARY_VALUE', 'mavlink_observability': 'DIRECT', 'message_fields_raw': 'HEARTBEAT.custom_mode'}",PREVIOUS_SAMPLE_NOT_TIME|DIRECTION_OR_SIGN_UNDEFINED
ArduPilot,A.CIRCLE5,A.CIRCLE5-AP02,antecedent,RC_roll < 1500,横滚遥控输入小于通道中值。,RC_roll,MODELLED,NOT_ASSESSED,ARD-TB-069|ARD-TB-072,ARD-TB-069|ARD-TB-072,,"RC_roll::SELECTED::RC_roll:primary::ARD-TB-069,ARD-TB-072",PRIMARY_SELECTED,RC_roll：该词项只有一个当前主语义组，按其真值、有效性和观测限制使用。,需要历史样本、坐标/单位换算、有效性条件、容差或上下文选择。,若阈值为 1500，使用当前 RC_MAP 对应的原始 PWM；同时保留校准、死区、输入来源和 failsafe 有效性。,CONDITIONAL,"PARAM_VALUE.param_id=RCMAP_ROLL 或当前 RC mapping|RC_CHANNELS.chanN_raw|RC_CHANNELS.chanN_raw,time_boot_ms","PARAM_VALUE.param_id=RCMAP_ROLL 或当前 RC mapping|RC_CHANNELS.chanN_raw|RC_CHANNELS.chanN_raw,time_boot_ms","{'binding_id': 'ARD-TB-069', 'term': 'RC_roll', 'binding_role': 'PRIMARY_VALUE', 'mavlink_observability': 'CONDITIONAL', 'message_fields_raw': 'RC_CHANNELS.chanN_raw,time_boot_ms'}|{'binding_id': 'ARD-TB-072', 'term': 'RC_roll', 'binding_role': 'SUPPORTING_EVIDENCE', 'mavlink_observability': 'CONDITIONAL', 'message_fields_raw': 'PARAM_VALUE.param_id=RCMAP_ROLL 或当前 RC mapping; RC_CHANNELS.chanN_raw'}",PREVIOUS_SAMPLE_NOT_TIME|DIRECTION_OR_SIGN_UNDEFINED
ArduPilot,A.CIRCLE5,A.CIRCLE5-AP03,antecedent,Circle_direction_t = counterclockwise,绕圈方向是逆时针。,Circle_direction_t,EXACT,NOT_ASSESSED,ARD-TB-063|ARD-TB-064,ARD-TB-063|ARD-TB-064,,"Circle_direction_t::SELECTED::Circle_direction_t:primary::ARD-TB-063,ARD-TB-064",PRIMARY_SELECTED,Circle_direction_t：该词项只有一个当前主语义组，按其真值、有效性和观测限制使用。,本原子命题可按列出的当前枚举、布尔状态或参数值直接判真。,明确选择内部目标量或实际测量量，保持前后样本定义一致，并按半径符号解析方向。,INSTRUMENTATION_REQUIRED,,,,PREVIOUS_SAMPLE_NOT_TIME|DIRECTION_OR_SIGN_UNDEFINED
ArduPilot,A.CIRCLE5,A.CIRCLE5-AP04,consequent,Circle_speed_t > Circle_speed_t-1,绕圈速度比上一观测增大。,Circle_speed_t|Circle_speed_t-1,MODELLED,NOT_ASSESSED,ARD-TB-061|ARD-TB-062,ARD-TB-061|ARD-TB-062,,Circle_speed_t::SELECTED::Circle_speed_t:primary::ARD-TB-061|Circle_speed_t-1::SELECTED::Circle_speed_t-1:primary::ARD-TB-062,PRIMARY_SELECTED,Circle_speed_t：该词项只有一个当前主语义组，按其真值、有效性和观测限制使用；Circle_speed_t-1：该词项只有一个当前主语义组，按其真值、有效性和观测限制使用。,需要历史样本、坐标/单位换算、有效性条件、容差或上下文选择。,选择一个有证据的状态定义，按发送端时间保存前一有效样本；保持坐标系、单位、来源和重置计数一致后再比较。,INSTRUMENTATION_REQUIRED,内部插桩样本,内部插桩样本,"{'binding_id': 'ARD-TB-062', 'term': 'Circle_speed_t-1', 'binding_role': 'PRIMARY_VALUE', 'mavlink_observability': 'DERIVED', 'message_fields_raw': '内部插桩样本'}",PREVIOUS_SAMPLE_NOT_TIME|DIRECTION_OR_SIGN_UNDEFINED
ArduPilot,A.CIRCLE6,A.CIRCLE6-AP01,antecedent,Mode_t = CIRCLE,当前模式是 ArduPilot 绕圈模式。,Mode_t|CIRCLE,EXACT,NOT_ASSESSED,ARD-TB-001|ARD-TB-002|ARD-TB-009,ARD-TB-001|ARD-TB-002|ARD-TB-009,,"Mode_t::SELECTED::Mode_t:primary::ARD-TB-001,ARD-TB-002|CIRCLE::SELECTED::CIRCLE:primary::ARD-TB-009",PRIMARY_SELECTED,Mode_t：该词项只有一个当前主语义组，按其真值、有效性和观测限制使用；CIRCLE：该词项只有一个当前主语义组，按其真值、有效性和观测限制使用。,本原子命题可按列出的当前枚举、布尔状态或参数值直接判真。,解码当前模式字段并与当前枚举比较；若还有其他词项，再按各自绑定条件合取。,DIRECT,HEARTBEAT.custom_mode,HEARTBEAT.custom_mode,"{'binding_id': 'ARD-TB-001', 'term': 'Mode_t', 'binding_role': 'PRIMARY_VALUE', 'mavlink_observability': 'DIRECT', 'message_fields_raw': 'HEARTBEAT.custom_mode'}|{'binding_id': 'ARD-TB-002', 'term': 'Mode_t', 'binding_role': 'SUPPORTING_EVIDENCE', 'mavlink_observability': 'DIRECT', 'message_fields_raw': 'HEARTBEAT.custom_mode'}|{'binding_id': 'ARD-TB-009', 'term': 'CIRCLE', 'binding_role': 'PRIMARY_VALUE', 'mavlink_observability': 'DIRECT', 'message_fields_raw': 'HEARTBEAT.custom_mode'}",PREVIOUS_SAMPLE_NOT_TIME|DIRECTION_OR_SIGN_UNDEFINED
ArduPilot,A.CIRCLE6,A.CIRCLE6-AP02,antecedent,RC_roll < 1500,横滚遥控输入小于通道中值。,RC_roll,MODELLED,NOT_ASSESSED,ARD-TB-069|ARD-TB-072,ARD-TB-069|ARD-TB-072,,"RC_roll::SELECTED::RC_roll:primary::ARD-TB-069,ARD-TB-072",PRIMARY_SELECTED,RC_roll：该词项只有一个当前主语义组，按其真值、有效性和观测限制使用。,需要历史样本、坐标/单位换算、有效性条件、容差或上下文选择。,若阈值为 1500，使用当前 RC_MAP 对应的原始 PWM；同时保留校准、死区、输入来源和 failsafe 有效性。,CONDITIONAL,"PARAM_VALUE.param_id=RCMAP_ROLL 或当前 RC mapping|RC_CHANNELS.chanN_raw|RC_CHANNELS.chanN_raw,time_boot_ms","PARAM_VALUE.param_id=RCMAP_ROLL 或当前 RC mapping|RC_CHANNELS.chanN_raw|RC_CHANNELS.chanN_raw,time_boot_ms","{'binding_id': 'ARD-TB-069', 'term': 'RC_roll', 'binding_role': 'PRIMARY_VALUE', 'mavlink_observability': 'CONDITIONAL', 'message_fields_raw': 'RC_CHANNELS.chanN_raw,time_boot_ms'}|{'binding_id': 'ARD-TB-072', 'term': 'RC_roll', 'binding_role': 'SUPPORTING_EVIDENCE', 'mavlink_observability': 'CONDITIONAL', 'message_fields_raw': 'PARAM_VALUE.param_id=RCMAP_ROLL 或当前 RC mapping; RC_CHANNELS.chanN_raw'}",PREVIOUS_SAMPLE_NOT_TIME|DIRECTION_OR_SIGN_UNDEFINED
ArduPilot,A.CIRCLE6,A.CIRCLE6-AP03,antecedent,Circle_direction_t = clockwise,绕圈方向是顺时针。,Circle_direction_t,EXACT,NOT_ASSESSED,ARD-TB-063|ARD-TB-064,ARD-TB-063|ARD-TB-064,,"Circle_direction_t::SELECTED::Circle_direction_t:primary::ARD-TB-063,ARD-TB-064",PRIMARY_SELECTED,Circle_direction_t：该词项只有一个当前主语义组，按其真值、有效性和观测限制使用。,本原子命题可按列出的当前枚举、布尔状态或参数值直接判真。,明确选择内部目标量或实际测量量，保持前后样本定义一致，并按半径符号解析方向。,INSTRUMENTATION_REQUIRED,,,,PREVIOUS_SAMPLE_NOT_TIME|DIRECTION_OR_SIGN_UNDEFINED
ArduPilot,A.CIRCLE6,A.CIRCLE6-AP04,consequent,Circle_speed_t < Circle_speed_t-1,绕圈速度比上一观测减小。,Circle_speed_t|Circle_speed_t-1,MODELLED,NOT_ASSESSED,ARD-TB-061|ARD-TB-062,ARD-TB-061|ARD-TB-062,,Circle_speed_t::SELECTED::Circle_speed_t:primary::ARD-TB-061|Circle_speed_t-1::SELECTED::Circle_speed_t-1:primary::ARD-TB-062,PRIMARY_SELECTED,Circle_speed_t：该词项只有一个当前主语义组，按其真值、有效性和观测限制使用；Circle_speed_t-1：该词项只有一个当前主语义组，按其真值、有效性和观测限制使用。,需要历史样本、坐标/单位换算、有效性条件、容差或上下文选择。,选择一个有证据的状态定义，按发送端时间保存前一有效样本；保持坐标系、单位、来源和重置计数一致后再比较。,INSTRUMENTATION_REQUIRED,内部插桩样本,内部插桩样本,"{'binding_id': 'ARD-TB-062', 'term': 'Circle_speed_t-1', 'binding_role': 'PRIMARY_VALUE', 'mavlink_observability': 'DERIVED', 'message_fields_raw': '内部插桩样本'}",PREVIOUS_SAMPLE_NOT_TIME|DIRECTION_OR_SIGN_UNDEFINED
ArduPilot,A.CIRCLE7,A.CIRCLE7-AP01,antecedent,Mode_t = CIRCLE,当前模式是 ArduPilot 绕圈模式。,Mode_t|CIRCLE,EXACT,NOT_ASSESSED,ARD-TB-001|ARD-TB-002|ARD-TB-009,ARD-TB-001|ARD-TB-002|ARD-TB-009,,"Mode_t::SELECTED::Mode_t:primary::ARD-TB-001,ARD-TB-002|CIRCLE::SELECTED::CIRCLE:primary::ARD-TB-009",PRIMARY_SELECTED,Mode_t：该词项只有一个当前主语义组，按其真值、有效性和观测限制使用；CIRCLE：该词项只有一个当前主语义组，按其真值、有效性和观测限制使用。,本原子命题可按列出的当前枚举、布尔状态或参数值直接判真。,解码当前模式字段并与当前枚举比较；若还有其他词项，再按各自绑定条件合取。,DIRECT,HEARTBEAT.custom_mode,HEARTBEAT.custom_mode,"{'binding_id': 'ARD-TB-001', 'term': 'Mode_t', 'binding_role': 'PRIMARY_VALUE', 'mavlink_observability': 'DIRECT', 'message_fields_raw': 'HEARTBEAT.custom_mode'}|{'binding_id': 'ARD-TB-002', 'term': 'Mode_t', 'binding_role': 'SUPPORTING_EVIDENCE', 'mavlink_observability': 'DIRECT', 'message_fields_raw': 'HEARTBEAT.custom_mode'}|{'binding_id': 'ARD-TB-009', 'term': 'CIRCLE', 'binding_role': 'PRIMARY_VALUE', 'mavlink_observability': 'DIRECT', 'message_fields_raw': 'HEARTBEAT.custom_mode'}",CONTROL_EFFECT_CONFUSED_WITH_INPUT|TAUTOLOGICAL_INPUT_CHANGE|PREVIOUS_SAMPLE_NOT_TIME
ArduPilot,A.CIRCLE7,A.CIRCLE7-AP02,consequent,RC_roll_t = RC_roll_t-1,横滚输入与上一观测严格相等。,RC_roll_t|RC_roll_t-1,MODELLED,NOT_ASSESSED,ARD-TB-070|ARD-TB-073|ARD-TB-081,ARD-TB-070|ARD-TB-073|ARD-TB-081,,"RC_roll_t::SELECTED::RC_roll_t:primary::ARD-TB-070,ARD-TB-073|RC_roll_t-1::SELECTED::RC_roll_t-1:primary::ARD-TB-081",PRIMARY_SELECTED,RC_roll_t：该词项只有一个当前主语义组，按其真值、有效性和观测限制使用；RC_roll_t-1：该词项只有一个当前主语义组，按其真值、有效性和观测限制使用。,需要历史样本、坐标/单位换算、有效性条件、容差或上下文选择。,选择一个有证据的状态定义，按发送端时间保存前一有效样本；保持坐标系、单位、来源和重置计数一致后再比较。,CONDITIONAL,"PARAM_VALUE.param_id=RCMAP_ROLL 或当前 RC mapping|RC_CHANNELS.chanN_raw|RC_CHANNELS.chanN_raw,time_boot_ms","PARAM_VALUE.param_id=RCMAP_ROLL 或当前 RC mapping|RC_CHANNELS.chanN_raw|RC_CHANNELS.chanN_raw,time_boot_ms","{'binding_id': 'ARD-TB-070', 'term': 'RC_roll_t', 'binding_role': 'PRIMARY_VALUE', 'mavlink_observability': 'CONDITIONAL', 'message_fields_raw': 'RC_CHANNELS.chanN_raw,time_boot_ms'}|{'binding_id': 'ARD-TB-073', 'term': 'RC_roll_t', 'binding_role': 'SUPPORTING_EVIDENCE', 'mavlink_observability': 'CONDITIONAL', 'message_fields_raw': 'PARAM_VALUE.param_id=RCMAP_ROLL 或当前 RC mapping; RC_CHANNELS.chanN_raw'}|{'binding_id': 'ARD-TB-081', 'term': 'RC_roll_t-1', 'binding_role': 'PRIMARY_VALUE', 'mavlink_observability': 'DERIVED', 'message_fields_raw': 'RC_CHANNELS.chanN_raw,time_boot_ms'}",CONTROL_EFFECT_CONFUSED_WITH_INPUT|TAUTOLOGICAL_INPUT_CHANGE|PREVIOUS_SAMPLE_NOT_TIME
ArduPilot,A.CIRCLE7,A.CIRCLE7-AP03,consequent,RC_pitch_t = RC_pitch_t-1,俯仰输入与上一观测严格相等。,RC_pitch_t|RC_pitch_t-1,MODELLED,NOT_ASSESSED,ARD-TB-068|ARD-TB-075|ARD-TB-080,ARD-TB-068|ARD-TB-075|ARD-TB-080,,"RC_pitch_t::SELECTED::RC_pitch_t:primary::ARD-TB-068,ARD-TB-075|RC_pitch_t-1::SELECTED::RC_pitch_t-1:primary::ARD-TB-080",PRIMARY_SELECTED,RC_pitch_t：该词项只有一个当前主语义组，按其真值、有效性和观测限制使用；RC_pitch_t-1：该词项只有一个当前主语义组，按其真值、有效性和观测限制使用。,需要历史样本、坐标/单位换算、有效性条件、容差或上下文选择。,选择一个有证据的状态定义，按发送端时间保存前一有效样本；保持坐标系、单位、来源和重置计数一致后再比较。,CONDITIONAL,"PARAM_VALUE.param_id=RCMAP_PITCH 或当前 RC mapping|RC_CHANNELS.chanN_raw|RC_CHANNELS.chanN_raw,time_boot_ms","PARAM_VALUE.param_id=RCMAP_PITCH 或当前 RC mapping|RC_CHANNELS.chanN_raw|RC_CHANNELS.chanN_raw,time_boot_ms","{'binding_id': 'ARD-TB-068', 'term': 'RC_pitch_t', 'binding_role': 'PRIMARY_VALUE', 'mavlink_observability': 'CONDITIONAL', 'message_fields_raw': 'RC_CHANNELS.chanN_raw,time_boot_ms'}|{'binding_id': 'ARD-TB-075', 'term': 'RC_pitch_t', 'binding_role': 'SUPPORTING_EVIDENCE', 'mavlink_observability': 'CONDITIONAL', 'message_fields_raw': 'PARAM_VALUE.param_id=RCMAP_PITCH 或当前 RC mapping; RC_CHANNELS.chanN_raw'}|{'binding_id': 'ARD-TB-080', 'term': 'RC_pitch_t-1', 'binding_role': 'PRIMARY_VALUE', 'mavlink_observability': 'DERIVED', 'message_fields_raw': 'RC_CHANNELS.chanN_raw,time_boot_ms'}",CONTROL_EFFECT_CONFUSED_WITH_INPUT|TAUTOLOGICAL_INPUT_CHANGE|PREVIOUS_SAMPLE_NOT_TIME
ArduPilot,A.CIRCLE7,A.CIRCLE7-AP04,consequent,RC_yaw_t = RC_yaw_t-1,偏航输入与上一观测严格相等。,RC_yaw_t|RC_yaw_t-1,MODELLED,NOT_ASSESSED,ARD-TB-071|ARD-TB-078|ARD-TB-082,ARD-TB-071|ARD-TB-078|ARD-TB-082,,"RC_yaw_t::SELECTED::RC_yaw_t:primary::ARD-TB-071,ARD-TB-078|RC_yaw_t-1::SELECTED::RC_yaw_t-1:primary::ARD-TB-082",PRIMARY_SELECTED,RC_yaw_t：该词项只有一个当前主语义组，按其真值、有效性和观测限制使用；RC_yaw_t-1：该词项只有一个当前主语义组，按其真值、有效性和观测限制使用。,需要历史样本、坐标/单位换算、有效性条件、容差或上下文选择。,选择一个有证据的状态定义，按发送端时间保存前一有效样本；保持坐标系、单位、来源和重置计数一致后再比较。,CONDITIONAL,"PARAM_VALUE.param_id=RCMAP_YAW 或当前 RC mapping|RC_CHANNELS.chanN_raw|RC_CHANNELS.chanN_raw,time_boot_ms","PARAM_VALUE.param_id=RCMAP_YAW 或当前 RC mapping|RC_CHANNELS.chanN_raw|RC_CHANNELS.chanN_raw,time_boot_ms","{'binding_id': 'ARD-TB-071', 'term': 'RC_yaw_t', 'binding_role': 'PRIMARY_VALUE', 'mavlink_observability': 'CONDITIONAL', 'message_fields_raw': 'RC_CHANNELS.chanN_raw,time_boot_ms'}|{'binding_id': 'ARD-TB-078', 'term': 'RC_yaw_t', 'binding_role': 'SUPPORTING_EVIDENCE', 'mavlink_observability': 'CONDITIONAL', 'message_fields_raw': 'PARAM_VALUE.param_id=RCMAP_YAW 或当前 RC mapping; RC_CHANNELS.chanN_raw'}|{'binding_id': 'ARD-TB-082', 'term': 'RC_yaw_t-1', 'binding_role': 'PRIMARY_VALUE', 'mavlink_observability': 'DERIVED', 'message_fields_raw': 'RC_CHANNELS.chanN_raw,time_boot_ms'}",CONTROL_EFFECT_CONFUSED_WITH_INPUT|TAUTOLOGICAL_INPUT_CHANGE|PREVIOUS_SAMPLE_NOT_TIME
ArduPilot,A.CIRCLE7,A.CIRCLE7-AP05,consequent,RC_throttle_t <= RC_throttle_t-1 or RC_throttle_t >= RC_throttle_t-1,油门输入不大于或不小于上一值；对普通数值是恒真析取。,RC_throttle_t|RC_throttle_t-1,MODELLED,NOT_ASSESSED,ARD-TB-066|ARD-TB-077|ARD-TB-079,ARD-TB-066|ARD-TB-077|ARD-TB-079,,"RC_throttle_t::SELECTED::RC_throttle_t:primary::ARD-TB-066,ARD-TB-077|RC_throttle_t-1::SELECTED::RC_throttle_t-1:primary::ARD-TB-079",PRIMARY_SELECTED,RC_throttle_t：该词项只有一个当前主语义组，按其真值、有效性和观测限制使用；RC_throttle_t-1：该词项只有一个当前主语义组，按其真值、有效性和观测限制使用。,需要历史样本、坐标/单位换算、有效性条件、容差或上下文选择。,选择一个有证据的状态定义，按发送端时间保存前一有效样本；保持坐标系、单位、来源和重置计数一致后再比较。,CONDITIONAL,"PARAM_VALUE.param_id=RCMAP_THROTTLE 或当前 RC mapping|RC_CHANNELS.chanN_raw|RC_CHANNELS.chanN_raw,time_boot_ms","PARAM_VALUE.param_id=RCMAP_THROTTLE 或当前 RC mapping|RC_CHANNELS.chanN_raw|RC_CHANNELS.chanN_raw,time_boot_ms","{'binding_id': 'ARD-TB-066', 'term': 'RC_throttle_t', 'binding_role': 'PRIMARY_VALUE', 'mavlink_observability': 'CONDITIONAL', 'message_fields_raw': 'RC_CHANNELS.chanN_raw,time_boot_ms'}|{'binding_id': 'ARD-TB-077', 'term': 'RC_throttle_t', 'binding_role': 'SUPPORTING_EVIDENCE', 'mavlink_observability': 'CONDITIONAL', 'message_fields_raw': 'PARAM_VALUE.param_id=RCMAP_THROTTLE 或当前 RC mapping; RC_CHANNELS.chanN_raw'}|{'binding_id': 'ARD-TB-079', 'term': 'RC_throttle_t-1', 'binding_role': 'PRIMARY_VALUE', 'mavlink_observability': 'DERIVED', 'message_fields_raw': 'RC_CHANNELS.chanN_raw,time_boot_ms'}",CONTROL_EFFECT_CONFUSED_WITH_INPUT|TAUTOLOGICAL_INPUT_CHANGE|PREVIOUS_SAMPLE_NOT_TIME
ArduPilot,A.LAND1,A.LAND1-AP01,antecedent,Mode_t = LAND,当前飞行模式是着陆模式。,Mode_t|LAND,EXACT,NOT_ASSESSED,ARD-TB-001|ARD-TB-002|ARD-TB-010,ARD-TB-001|ARD-TB-002|ARD-TB-010,,"Mode_t::SELECTED::Mode_t:primary::ARD-TB-001,ARD-TB-002|LAND::SELECTED::LAND:primary::ARD-TB-010",PRIMARY_SELECTED,Mode_t：该词项只有一个当前主语义组，按其真值、有效性和观测限制使用；LAND：该词项只有一个当前主语义组，按其真值、有效性和观测限制使用。,本原子命题可按列出的当前枚举、布尔状态或参数值直接判真。,解码当前模式字段并与当前枚举比较；若还有其他词项，再按各自绑定条件合取。,DIRECT,HEARTBEAT.custom_mode,HEARTBEAT.custom_mode,"{'binding_id': 'ARD-TB-001', 'term': 'Mode_t', 'binding_role': 'PRIMARY_VALUE', 'mavlink_observability': 'DIRECT', 'message_fields_raw': 'HEARTBEAT.custom_mode'}|{'binding_id': 'ARD-TB-002', 'term': 'Mode_t', 'binding_role': 'SUPPORTING_EVIDENCE', 'mavlink_observability': 'DIRECT', 'message_fields_raw': 'HEARTBEAT.custom_mode'}|{'binding_id': 'ARD-TB-010', 'term': 'LAND', 'binding_role': 'PRIMARY_VALUE', 'mavlink_observability': 'DIRECT', 'message_fields_raw': 'HEARTBEAT.custom_mode'}",FORMULA_SYNTAX_EXTRA_CONJUNCTION|EXACT_PHYSICAL_EQUALITY|DIRECTION_OR_SIGN_UNDEFINED
ArduPilot,A.LAND1,A.LAND1-AP02,antecedent,ALT_t >= 10m,当前高度达到或超过 10 米。,ALT_t,MODELLED,NOT_ASSESSED,ARD-TB-016|ARD-TB-017,ARD-TB-016|ARD-TB-017,,"ALT_t::SELECTED::ALT_t:primary::ARD-TB-016,ARD-TB-017",PRIMARY_SELECTED,ALT_t：该词项只有一个当前主语义组，按其真值、有效性和观测限制使用。,需要历史样本、坐标/单位换算、有效性条件、容差或上下文选择。,按所列源码实体、真值条件、有效性条件和观测换算判定。,CONDITIONAL,"GLOBAL_POSITION_INT.relative_alt|GLOBAL_POSITION_INT.relative_alt,time_boot_ms","GLOBAL_POSITION_INT.relative_alt|GLOBAL_POSITION_INT.relative_alt,time_boot_ms","{'binding_id': 'ARD-TB-016', 'term': 'ALT_t', 'binding_role': 'PRIMARY_VALUE', 'mavlink_observability': 'CONDITIONAL', 'message_fields_raw': 'GLOBAL_POSITION_INT.relative_alt,time_boot_ms'}|{'binding_id': 'ARD-TB-017', 'term': 'ALT_t', 'binding_role': 'SUPPORTING_EVIDENCE', 'mavlink_observability': 'CONDITIONAL', 'message_fields_raw': 'GLOBAL_POSITION_INT.relative_alt'}",FORMULA_SYNTAX_EXTRA_CONJUNCTION|EXACT_PHYSICAL_EQUALITY|DIRECTION_OR_SIGN_UNDEFINED
ArduPilot,A.LAND1,A.LAND1-AP03,consequent,Speed_vertical_t = LAND_SPEED_HIGH,垂直速度严格等于高空着陆速度参数。,Speed_vertical_t|LAND_SPEED_HIGH,MODELLED,NOT_ASSESSED,ARD-TB-093|ARD-TB-105,ARD-TB-093|ARD-TB-105,,Speed_vertical_t::SELECTED::Speed_vertical_t:primary::ARD-TB-093|LAND_SPEED_HIGH::SELECTED::LAND_SPEED_HIGH:primary::ARD-TB-105,PRIMARY_SELECTED,Speed_vertical_t：该词项只有一个当前主语义组，按其真值、有效性和观测限制使用；LAND_SPEED_HIGH：该词项只有一个当前主语义组，按其真值、有效性和观测限制使用。,需要历史样本、坐标/单位换算、有效性条件、容差或上下文选择。,读取实际垂直速度，执行厘米/秒到米/秒及 NED 符号转换；参数使用本次运行实际值而非默认值。,CONDITIONAL,"GLOBAL_POSITION_INT.vz,time_boot_ms|PARAM_VALUE.param_id,param_value","GLOBAL_POSITION_INT.vz,time_boot_ms|PARAM_VALUE.param_id,param_value","{'binding_id': 'ARD-TB-093', 'term': 'Speed_vertical_t', 'binding_role': 'PRIMARY_VALUE', 'mavlink_observability': 'CONDITIONAL', 'message_fields_raw': 'GLOBAL_POSITION_INT.vz,time_boot_ms'}|{'binding_id': 'ARD-TB-105', 'term': 'LAND_SPEED_HIGH', 'binding_role': 'PRIMARY_VALUE', 'mavlink_observability': 'DIRECT', 'message_fields_raw': 'PARAM_VALUE.param_id,param_value'}",FORMULA_SYNTAX_EXTRA_CONJUNCTION|EXACT_PHYSICAL_EQUALITY|DIRECTION_OR_SIGN_UNDEFINED
ArduPilot,A.LAND2,A.LAND2-AP01,antecedent,Mode_t = LAND,当前飞行模式是着陆模式。,Mode_t|LAND,EXACT,NOT_ASSESSED,ARD-TB-001|ARD-TB-002|ARD-TB-010,ARD-TB-001|ARD-TB-002|ARD-TB-010,,"Mode_t::SELECTED::Mode_t:primary::ARD-TB-001,ARD-TB-002|LAND::SELECTED::LAND:primary::ARD-TB-010",PRIMARY_SELECTED,Mode_t：该词项只有一个当前主语义组，按其真值、有效性和观测限制使用；LAND：该词项只有一个当前主语义组，按其真值、有效性和观测限制使用。,本原子命题可按列出的当前枚举、布尔状态或参数值直接判真。,解码当前模式字段并与当前枚举比较；若还有其他词项，再按各自绑定条件合取。,DIRECT,HEARTBEAT.custom_mode,HEARTBEAT.custom_mode,"{'binding_id': 'ARD-TB-001', 'term': 'Mode_t', 'binding_role': 'PRIMARY_VALUE', 'mavlink_observability': 'DIRECT', 'message_fields_raw': 'HEARTBEAT.custom_mode'}|{'binding_id': 'ARD-TB-002', 'term': 'Mode_t', 'binding_role': 'SUPPORTING_EVIDENCE', 'mavlink_observability': 'DIRECT', 'message_fields_raw': 'HEARTBEAT.custom_mode'}|{'binding_id': 'ARD-TB-010', 'term': 'LAND', 'binding_role': 'PRIMARY_VALUE', 'mavlink_observability': 'DIRECT', 'message_fields_raw': 'HEARTBEAT.custom_mode'}",FORMULA_SYNTAX_EXTRA_CONJUNCTION|EXACT_PHYSICAL_EQUALITY|DIRECTION_OR_SIGN_UNDEFINED
ArduPilot,A.LAND2,A.LAND2-AP02,antecedent,ALT_t < 10m,当前高度低于 10 米。,ALT_t,MODELLED,NOT_ASSESSED,ARD-TB-016|ARD-TB-017,ARD-TB-016|ARD-TB-017,,"ALT_t::SELECTED::ALT_t:primary::ARD-TB-016,ARD-TB-017",PRIMARY_SELECTED,ALT_t：该词项只有一个当前主语义组，按其真值、有效性和观测限制使用。,需要历史样本、坐标/单位换算、有效性条件、容差或上下文选择。,按所列源码实体、真值条件、有效性条件和观测换算判定。,CONDITIONAL,"GLOBAL_POSITION_INT.relative_alt|GLOBAL_POSITION_INT.relative_alt,time_boot_ms","GLOBAL_POSITION_INT.relative_alt|GLOBAL_POSITION_INT.relative_alt,time_boot_ms","{'binding_id': 'ARD-TB-016', 'term': 'ALT_t', 'binding_role': 'PRIMARY_VALUE', 'mavlink_observability': 'CONDITIONAL', 'message_fields_raw': 'GLOBAL_POSITION_INT.relative_alt,time_boot_ms'}|{'binding_id': 'ARD-TB-017', 'term': 'ALT_t', 'binding_role': 'SUPPORTING_EVIDENCE', 'mavlink_observability': 'CONDITIONAL', 'message_fields_raw': 'GLOBAL_POSITION_INT.relative_alt'}",FORMULA_SYNTAX_EXTRA_CONJUNCTION|EXACT_PHYSICAL_EQUALITY|DIRECTION_OR_SIGN_UNDEFINED
ArduPilot,A.LAND2,A.LAND2-AP03,consequent,Speed_vertical_t = LAND_SPEED,垂直速度严格等于低空着陆速度参数。,Speed_vertical_t|LAND_SPEED,MODELLED,NOT_ASSESSED,ARD-TB-093|ARD-TB-106,ARD-TB-093|ARD-TB-106,,Speed_vertical_t::SELECTED::Speed_vertical_t:primary::ARD-TB-093|LAND_SPEED::SELECTED::LAND_SPEED:primary::ARD-TB-106,PRIMARY_SELECTED,Speed_vertical_t：该词项只有一个当前主语义组，按其真值、有效性和观测限制使用；LAND_SPEED：该词项只有一个当前主语义组，按其真值、有效性和观测限制使用。,需要历史样本、坐标/单位换算、有效性条件、容差或上下文选择。,读取实际垂直速度，执行厘米/秒到米/秒及 NED 符号转换；参数使用本次运行实际值而非默认值。,CONDITIONAL,"GLOBAL_POSITION_INT.vz,time_boot_ms|PARAM_VALUE.param_id,param_value","GLOBAL_POSITION_INT.vz,time_boot_ms|PARAM_VALUE.param_id,param_value","{'binding_id': 'ARD-TB-093', 'term': 'Speed_vertical_t', 'binding_role': 'PRIMARY_VALUE', 'mavlink_observability': 'CONDITIONAL', 'message_fields_raw': 'GLOBAL_POSITION_INT.vz,time_boot_ms'}|{'binding_id': 'ARD-TB-106', 'term': 'LAND_SPEED', 'binding_role': 'PRIMARY_VALUE', 'mavlink_observability': 'DIRECT', 'message_fields_raw': 'PARAM_VALUE.param_id,param_value'}",FORMULA_SYNTAX_EXTRA_CONJUNCTION|EXACT_PHYSICAL_EQUALITY|DIRECTION_OR_SIGN_UNDEFINED
ArduPilot,A.AUTO1,A.AUTO1-AP01,antecedent,Mode_t = AUTO,当前模式是自动任务模式。,Mode_t|AUTO,EXACT,NOT_ASSESSED,ARD-TB-001|ARD-TB-002|ARD-TB-005,ARD-TB-001|ARD-TB-002|ARD-TB-005,,"Mode_t::SELECTED::Mode_t:primary::ARD-TB-001,ARD-TB-002|AUTO::SELECTED::AUTO:primary::ARD-TB-005",PRIMARY_SELECTED,Mode_t：该词项只有一个当前主语义组，按其真值、有效性和观测限制使用；AUTO：该词项只有一个当前主语义组，按其真值、有效性和观测限制使用。,本原子命题可按列出的当前枚举、布尔状态或参数值直接判真。,解码当前模式字段并与当前枚举比较；若还有其他词项，再按各自绑定条件合取。,DIRECT,HEARTBEAT.custom_mode,HEARTBEAT.custom_mode,"{'binding_id': 'ARD-TB-001', 'term': 'Mode_t', 'binding_role': 'PRIMARY_VALUE', 'mavlink_observability': 'DIRECT', 'message_fields_raw': 'HEARTBEAT.custom_mode'}|{'binding_id': 'ARD-TB-002', 'term': 'Mode_t', 'binding_role': 'SUPPORTING_EVIDENCE', 'mavlink_observability': 'DIRECT', 'message_fields_raw': 'HEARTBEAT.custom_mode'}|{'binding_id': 'ARD-TB-005', 'term': 'AUTO', 'binding_role': 'PRIMARY_VALUE', 'mavlink_observability': 'DIRECT', 'message_fields_raw': 'HEARTBEAT.custom_mode'}",CONTROL_EFFECT_CONFUSED_WITH_INPUT|TAUTOLOGICAL_INPUT_CHANGE|PREVIOUS_SAMPLE_NOT_TIME
ArduPilot,A.AUTO1,A.AUTO1-AP02,consequent,RC_roll_t = RC_roll_t-1,横滚输入与上一观测严格相等。,RC_roll_t|RC_roll_t-1,MODELLED,NOT_ASSESSED,ARD-TB-070|ARD-TB-073|ARD-TB-081,ARD-TB-070|ARD-TB-073|ARD-TB-081,,"RC_roll_t::SELECTED::RC_roll_t:primary::ARD-TB-070,ARD-TB-073|RC_roll_t-1::SELECTED::RC_roll_t-1:primary::ARD-TB-081",PRIMARY_SELECTED,RC_roll_t：该词项只有一个当前主语义组，按其真值、有效性和观测限制使用；RC_roll_t-1：该词项只有一个当前主语义组，按其真值、有效性和观测限制使用。,需要历史样本、坐标/单位换算、有效性条件、容差或上下文选择。,选择一个有证据的状态定义，按发送端时间保存前一有效样本；保持坐标系、单位、来源和重置计数一致后再比较。,CONDITIONAL,"PARAM_VALUE.param_id=RCMAP_ROLL 或当前 RC mapping|RC_CHANNELS.chanN_raw|RC_CHANNELS.chanN_raw,time_boot_ms","PARAM_VALUE.param_id=RCMAP_ROLL 或当前 RC mapping|RC_CHANNELS.chanN_raw|RC_CHANNELS.chanN_raw,time_boot_ms","{'binding_id': 'ARD-TB-070', 'term': 'RC_roll_t', 'binding_role': 'PRIMARY_VALUE', 'mavlink_observability': 'CONDITIONAL', 'message_fields_raw': 'RC_CHANNELS.chanN_raw,time_boot_ms'}|{'binding_id': 'ARD-TB-073', 'term': 'RC_roll_t', 'binding_role': 'SUPPORTING_EVIDENCE', 'mavlink_observability': 'CONDITIONAL', 'message_fields_raw': 'PARAM_VALUE.param_id=RCMAP_ROLL 或当前 RC mapping; RC_CHANNELS.chanN_raw'}|{'binding_id': 'ARD-TB-081', 'term': 'RC_roll_t-1', 'binding_role': 'PRIMARY_VALUE', 'mavlink_observability': 'DERIVED', 'message_fields_raw': 'RC_CHANNELS.chanN_raw,time_boot_ms'}",CONTROL_EFFECT_CONFUSED_WITH_INPUT|TAUTOLOGICAL_INPUT_CHANGE|PREVIOUS_SAMPLE_NOT_TIME
ArduPilot,A.AUTO1,A.AUTO1-AP03,consequent,RC_pitch_t = RC_pitch_t-1,俯仰输入与上一观测严格相等。,RC_pitch_t|RC_pitch_t-1,MODELLED,NOT_ASSESSED,ARD-TB-068|ARD-TB-075|ARD-TB-080,ARD-TB-068|ARD-TB-075|ARD-TB-080,,"RC_pitch_t::SELECTED::RC_pitch_t:primary::ARD-TB-068,ARD-TB-075|RC_pitch_t-1::SELECTED::RC_pitch_t-1:primary::ARD-TB-080",PRIMARY_SELECTED,RC_pitch_t：该词项只有一个当前主语义组，按其真值、有效性和观测限制使用；RC_pitch_t-1：该词项只有一个当前主语义组，按其真值、有效性和观测限制使用。,需要历史样本、坐标/单位换算、有效性条件、容差或上下文选择。,选择一个有证据的状态定义，按发送端时间保存前一有效样本；保持坐标系、单位、来源和重置计数一致后再比较。,CONDITIONAL,"PARAM_VALUE.param_id=RCMAP_PITCH 或当前 RC mapping|RC_CHANNELS.chanN_raw|RC_CHANNELS.chanN_raw,time_boot_ms","PARAM_VALUE.param_id=RCMAP_PITCH 或当前 RC mapping|RC_CHANNELS.chanN_raw|RC_CHANNELS.chanN_raw,time_boot_ms","{'binding_id': 'ARD-TB-068', 'term': 'RC_pitch_t', 'binding_role': 'PRIMARY_VALUE', 'mavlink_observability': 'CONDITIONAL', 'message_fields_raw': 'RC_CHANNELS.chanN_raw,time_boot_ms'}|{'binding_id': 'ARD-TB-075', 'term': 'RC_pitch_t', 'binding_role': 'SUPPORTING_EVIDENCE', 'mavlink_observability': 'CONDITIONAL', 'message_fields_raw': 'PARAM_VALUE.param_id=RCMAP_PITCH 或当前 RC mapping; RC_CHANNELS.chanN_raw'}|{'binding_id': 'ARD-TB-080', 'term': 'RC_pitch_t-1', 'binding_role': 'PRIMARY_VALUE', 'mavlink_observability': 'DERIVED', 'message_fields_raw': 'RC_CHANNELS.chanN_raw,time_boot_ms'}",CONTROL_EFFECT_CONFUSED_WITH_INPUT|TAUTOLOGICAL_INPUT_CHANGE|PREVIOUS_SAMPLE_NOT_TIME
ArduPilot,A.AUTO1,A.AUTO1-AP04,consequent,RC_throttle_t = RC_throttle_t-1,油门输入与上一观测严格相等。,RC_throttle_t|RC_throttle_t-1,MODELLED,NOT_ASSESSED,ARD-TB-066|ARD-TB-077|ARD-TB-079,ARD-TB-066|ARD-TB-077|ARD-TB-079,,"RC_throttle_t::SELECTED::RC_throttle_t:primary::ARD-TB-066,ARD-TB-077|RC_throttle_t-1::SELECTED::RC_throttle_t-1:primary::ARD-TB-079",PRIMARY_SELECTED,RC_throttle_t：该词项只有一个当前主语义组，按其真值、有效性和观测限制使用；RC_throttle_t-1：该词项只有一个当前主语义组，按其真值、有效性和观测限制使用。,需要历史样本、坐标/单位换算、有效性条件、容差或上下文选择。,选择一个有证据的状态定义，按发送端时间保存前一有效样本；保持坐标系、单位、来源和重置计数一致后再比较。,CONDITIONAL,"PARAM_VALUE.param_id=RCMAP_THROTTLE 或当前 RC mapping|RC_CHANNELS.chanN_raw|RC_CHANNELS.chanN_raw,time_boot_ms","PARAM_VALUE.param_id=RCMAP_THROTTLE 或当前 RC mapping|RC_CHANNELS.chanN_raw|RC_CHANNELS.chanN_raw,time_boot_ms","{'binding_id': 'ARD-TB-066', 'term': 'RC_throttle_t', 'binding_role': 'PRIMARY_VALUE', 'mavlink_observability': 'CONDITIONAL', 'message_fields_raw': 'RC_CHANNELS.chanN_raw,time_boot_ms'}|{'binding_id': 'ARD-TB-077', 'term': 'RC_throttle_t', 'binding_role': 'SUPPORTING_EVIDENCE', 'mavlink_observability': 'CONDITIONAL', 'message_fields_raw': 'PARAM_VALUE.param_id=RCMAP_THROTTLE 或当前 RC mapping; RC_CHANNELS.chanN_raw'}|{'binding_id': 'ARD-TB-079', 'term': 'RC_throttle_t-1', 'binding_role': 'PRIMARY_VALUE', 'mavlink_observability': 'DERIVED', 'message_fields_raw': 'RC_CHANNELS.chanN_raw,time_boot_ms'}",CONTROL_EFFECT_CONFUSED_WITH_INPUT|TAUTOLOGICAL_INPUT_CHANGE|PREVIOUS_SAMPLE_NOT_TIME
ArduPilot,A.AUTO1,A.AUTO1-AP05,consequent,RC_yaw_t <= RC_yaw_t-1 or RC_yaw_t >= RC_yaw_t-1,偏航输入不大于或不小于上一值；对普通数值是恒真析取。,RC_yaw_t|RC_yaw_t-1,MODELLED,NOT_ASSESSED,ARD-TB-071|ARD-TB-078|ARD-TB-082,ARD-TB-071|ARD-TB-078|ARD-TB-082,,"RC_yaw_t::SELECTED::RC_yaw_t:primary::ARD-TB-071,ARD-TB-078|RC_yaw_t-1::SELECTED::RC_yaw_t-1:primary::ARD-TB-082",PRIMARY_SELECTED,RC_yaw_t：该词项只有一个当前主语义组，按其真值、有效性和观测限制使用；RC_yaw_t-1：该词项只有一个当前主语义组，按其真值、有效性和观测限制使用。,需要历史样本、坐标/单位换算、有效性条件、容差或上下文选择。,选择一个有证据的状态定义，按发送端时间保存前一有效样本；保持坐标系、单位、来源和重置计数一致后再比较。,CONDITIONAL,"PARAM_VALUE.param_id=RCMAP_YAW 或当前 RC mapping|RC_CHANNELS.chanN_raw|RC_CHANNELS.chanN_raw,time_boot_ms","PARAM_VALUE.param_id=RCMAP_YAW 或当前 RC mapping|RC_CHANNELS.chanN_raw|RC_CHANNELS.chanN_raw,time_boot_ms","{'binding_id': 'ARD-TB-071', 'term': 'RC_yaw_t', 'binding_role': 'PRIMARY_VALUE', 'mavlink_observability': 'CONDITIONAL', 'message_fields_raw': 'RC_CHANNELS.chanN_raw,time_boot_ms'}|{'binding_id': 'ARD-TB-078', 'term': 'RC_yaw_t', 'binding_role': 'SUPPORTING_EVIDENCE', 'mavlink_observability': 'CONDITIONAL', 'message_fields_raw': 'PARAM_VALUE.param_id=RCMAP_YAW 或当前 RC mapping; RC_CHANNELS.chanN_raw'}|{'binding_id': 'ARD-TB-082', 'term': 'RC_yaw_t-1', 'binding_role': 'PRIMARY_VALUE', 'mavlink_observability': 'DERIVED', 'message_fields_raw': 'RC_CHANNELS.chanN_raw,time_boot_ms'}",CONTROL_EFFECT_CONFUSED_WITH_INPUT|TAUTOLOGICAL_INPUT_CHANGE|PREVIOUS_SAMPLE_NOT_TIME
ArduPilot,A.BRAKE1,A.BRAKE1-AP01,antecedent,Mode_t = BRAKE,当前模式是制动模式。,Mode_t|BRAKE,EXACT,NOT_ASSESSED,ARD-TB-001|ARD-TB-002|ARD-TB-014,ARD-TB-001|ARD-TB-002|ARD-TB-014,,"Mode_t::SELECTED::Mode_t:primary::ARD-TB-001,ARD-TB-002|BRAKE::SELECTED::BRAKE:primary::ARD-TB-014",PRIMARY_SELECTED,Mode_t：该词项只有一个当前主语义组，按其真值、有效性和观测限制使用；BRAKE：该词项只有一个当前主语义组，按其真值、有效性和观测限制使用。,本原子命题可按列出的当前枚举、布尔状态或参数值直接判真。,解码当前模式字段并与当前枚举比较；若还有其他词项，再按各自绑定条件合取。,DIRECT,HEARTBEAT.custom_mode,HEARTBEAT.custom_mode,"{'binding_id': 'ARD-TB-001', 'term': 'Mode_t', 'binding_role': 'PRIMARY_VALUE', 'mavlink_observability': 'DIRECT', 'message_fields_raw': 'HEARTBEAT.custom_mode'}|{'binding_id': 'ARD-TB-002', 'term': 'Mode_t', 'binding_role': 'SUPPORTING_EVIDENCE', 'mavlink_observability': 'DIRECT', 'message_fields_raw': 'HEARTBEAT.custom_mode'}|{'binding_id': 'ARD-TB-014', 'term': 'BRAKE', 'binding_role': 'PRIMARY_VALUE', 'mavlink_observability': 'DIRECT', 'message_fields_raw': 'HEARTBEAT.custom_mode'}",EMPIRICAL_K_NOT_NORMATIVE|PREVIOUS_SAMPLE_NOT_TIME|STRICT_SAMPLE_EQUALITY
ArduPilot,A.BRAKE1,A.BRAKE1-AP02,consequent,"F_[0,k](Pos_t = Pos_t-1)",在未知 k 时间内当前位置与上一观测位置相同。,Pos_t|Pos_t-1|k,UNRESOLVED,NOT_ASSESSED,ARD-TB-033|ARD-TB-034|ARD-TB-103,ARD-TB-033|ARD-TB-034|ARD-TB-103,,Pos_t::SELECTED::Pos_t:primary::ARD-TB-033|Pos_t-1::SELECTED::Pos_t-1:primary::ARD-TB-034|k::SELECTED::k:primary::ARD-TB-103,UNRESOLVED_PRIMARY,Pos_t：该词项只有一个当前主语义组，按其真值、有效性和观测限制使用；Pos_t-1：该词项只有一个当前主语义组，按其真值、有效性和观测限制使用；k：该词项只有一个当前主语义组，按其真值、有效性和观测限制使用。,包含未公开时间上界、未定义航点空状态或已删除且无等价替代的参数。,保留原式和全部候选绑定；缺失定义或数值补证前不得给真值。,UNRESOLVED,"GLOBAL_POSITION_INT.lat,lon,time_boot_ms","GLOBAL_POSITION_INT.lat,lon,time_boot_ms","{'binding_id': 'ARD-TB-033', 'term': 'Pos_t', 'binding_role': 'PRIMARY_VALUE', 'mavlink_observability': 'CONDITIONAL', 'message_fields_raw': 'GLOBAL_POSITION_INT.lat,lon,time_boot_ms'}|{'binding_id': 'ARD-TB-034', 'term': 'Pos_t-1', 'binding_role': 'PRIMARY_VALUE', 'mavlink_observability': 'DERIVED', 'message_fields_raw': 'GLOBAL_POSITION_INT.lat,lon,time_boot_ms'}",EMPIRICAL_K_NOT_NORMATIVE|PREVIOUS_SAMPLE_NOT_TIME|STRICT_SAMPLE_EQUALITY
ArduPilot,A.DRIFT1,A.DRIFT1-AP01,antecedent,GPS_fail = on,论文抽象的 GPS 故障保护状态开启。,GPS_fail,UNRESOLVED,NOT_ASSESSED,ARD-TB-086|ARD-TB-087|ARD-TB-088|ARD-TB-089|ARD-TB-090|ARD-TB-091,ARD-TB-086|ARD-TB-087,ARD-TB-088|ARD-TB-089|ARD-TB-090|ARD-TB-091,"GPS_fail::SELECTED::GPS_fail:unresolved_paper_semantics::ARD-TB-086,ARD-TB-087|GPS_fail::ALTERNATIVE::GPS_fail:fix_type_threshold::ARD-TB-088,ARD-TB-089|GPS_fail::ALTERNATIVE::GPS_fail:gps_glitching::ARD-TB-090,ARD-TB-091",UNRESOLVED_PRIMARY,GPS_fail：当前没有 GPS 专用且与论文等价的单一故障状态，选择未解决主组；其余组保留为互斥替代解释，不作为合取条件。,论文 GPS_fail 与当前位置/EKF 故障状态没有精确等价证据。,保留原式和全部候选绑定；缺失定义或数值补证前不得给真值。,UNRESOLVED,,"GPS_RAW_INT.fix_type,time_usec,satellites_visible|GPS_RAW_INT.time_usec,fix_type 到达序列|STATUSTEXT 或 EVENT 转换消息|STATUSTEXT.text='GPS Glitch or Compass error' 或 'Glitch cleared'",,EMPIRICAL_K_NOT_NORMATIVE|SYMBOLIC_PARAMETER_AS_STATE
ArduPilot,A.DRIFT1,A.DRIFT1-AP02,antecedent,Mode_t = DRIFT,当前模式是漂移模式。,Mode_t|DRIFT,EXACT,NOT_ASSESSED,ARD-TB-001|ARD-TB-002|ARD-TB-011,ARD-TB-001|ARD-TB-002|ARD-TB-011,,"Mode_t::SELECTED::Mode_t:primary::ARD-TB-001,ARD-TB-002|DRIFT::SELECTED::DRIFT:primary::ARD-TB-011",PRIMARY_SELECTED,Mode_t：该词项只有一个当前主语义组，按其真值、有效性和观测限制使用；DRIFT：该词项只有一个当前主语义组，按其真值、有效性和观测限制使用。,本原子命题可按列出的当前枚举、布尔状态或参数值直接判真。,解码当前模式字段并与当前枚举比较；若还有其他词项，再按各自绑定条件合取。,DIRECT,HEARTBEAT.custom_mode,HEARTBEAT.custom_mode,"{'binding_id': 'ARD-TB-001', 'term': 'Mode_t', 'binding_role': 'PRIMARY_VALUE', 'mavlink_observability': 'DIRECT', 'message_fields_raw': 'HEARTBEAT.custom_mode'}|{'binding_id': 'ARD-TB-002', 'term': 'Mode_t', 'binding_role': 'SUPPORTING_EVIDENCE', 'mavlink_observability': 'DIRECT', 'message_fields_raw': 'HEARTBEAT.custom_mode'}|{'binding_id': 'ARD-TB-011', 'term': 'DRIFT', 'binding_role': 'PRIMARY_VALUE', 'mavlink_observability': 'DIRECT', 'message_fields_raw': 'HEARTBEAT.custom_mode'}",EMPIRICAL_K_NOT_NORMATIVE|SYMBOLIC_PARAMETER_AS_STATE
ArduPilot,A.DRIFT1,A.DRIFT1-AP03,consequent,"F_[0,k](Mode_t = FS_EKF_ACTION)",在未知 k 时间内模式变成参数 FS_EKF_ACTION 指定的动作。,Mode_t|FS_EKF_ACTION|k,UNRESOLVED,NOT_ASSESSED,ARD-TB-001|ARD-TB-002|ARD-TB-107|ARD-TB-103,ARD-TB-001|ARD-TB-002|ARD-TB-107|ARD-TB-103,,"Mode_t::SELECTED::Mode_t:primary::ARD-TB-001,ARD-TB-002|FS_EKF_ACTION::SELECTED::FS_EKF_ACTION:primary::ARD-TB-107|k::SELECTED::k:primary::ARD-TB-103",UNRESOLVED_PRIMARY,Mode_t：该词项只有一个当前主语义组，按其真值、有效性和观测限制使用；FS_EKF_ACTION：该词项只有一个当前主语义组，按其真值、有效性和观测限制使用；k：该词项只有一个当前主语义组，按其真值、有效性和观测限制使用。,包含未公开时间上界、未定义航点空状态或已删除且无等价替代的参数。,保留原式和全部候选绑定；缺失定义或数值补证前不得给真值。,UNRESOLVED,"HEARTBEAT.custom_mode|PARAM_VALUE.param_id,param_value","HEARTBEAT.custom_mode|PARAM_VALUE.param_id,param_value","{'binding_id': 'ARD-TB-001', 'term': 'Mode_t', 'binding_role': 'PRIMARY_VALUE', 'mavlink_observability': 'DIRECT', 'message_fields_raw': 'HEARTBEAT.custom_mode'}|{'binding_id': 'ARD-TB-002', 'term': 'Mode_t', 'binding_role': 'SUPPORTING_EVIDENCE', 'mavlink_observability': 'DIRECT', 'message_fields_raw': 'HEARTBEAT.custom_mode'}|{'binding_id': 'ARD-TB-107', 'term': 'FS_EKF_ACTION', 'binding_role': 'PRIMARY_VALUE', 'mavlink_observability': 'DIRECT', 'message_fields_raw': 'PARAM_VALUE.param_id,param_value'}",EMPIRICAL_K_NOT_NORMATIVE|SYMBOLIC_PARAMETER_AS_STATE
ArduPilot,A.LOITER1,A.LOITER1-AP01,antecedent,Mode_t = LOITER,当前模式是定点盘旋模式。,Mode_t|LOITER,EXACT,NOT_ASSESSED,ARD-TB-001|ARD-TB-002|ARD-TB-007,ARD-TB-001|ARD-TB-002|ARD-TB-007,,"Mode_t::SELECTED::Mode_t:primary::ARD-TB-001,ARD-TB-002|LOITER::SELECTED::LOITER:primary::ARD-TB-007",PRIMARY_SELECTED,Mode_t：该词项只有一个当前主语义组，按其真值、有效性和观测限制使用；LOITER：该词项只有一个当前主语义组，按其真值、有效性和观测限制使用。,本原子命题可按列出的当前枚举、布尔状态或参数值直接判真。,解码当前模式字段并与当前枚举比较；若还有其他词项，再按各自绑定条件合取。,DIRECT,HEARTBEAT.custom_mode,HEARTBEAT.custom_mode,"{'binding_id': 'ARD-TB-001', 'term': 'Mode_t', 'binding_role': 'PRIMARY_VALUE', 'mavlink_observability': 'DIRECT', 'message_fields_raw': 'HEARTBEAT.custom_mode'}|{'binding_id': 'ARD-TB-002', 'term': 'Mode_t', 'binding_role': 'SUPPORTING_EVIDENCE', 'mavlink_observability': 'DIRECT', 'message_fields_raw': 'HEARTBEAT.custom_mode'}|{'binding_id': 'ARD-TB-007', 'term': 'LOITER', 'binding_role': 'PRIMARY_VALUE', 'mavlink_observability': 'DIRECT', 'message_fields_raw': 'HEARTBEAT.custom_mode'}",PREVIOUS_SAMPLE_NOT_TIME|STRICT_SAMPLE_EQUALITY
ArduPilot,A.LOITER1,A.LOITER1-AP02,consequent,Pos_t = Pos_t-1,当前位置与上一观测位置严格相等。,Pos_t|Pos_t-1,MODELLED,NOT_ASSESSED,ARD-TB-033|ARD-TB-034,ARD-TB-033|ARD-TB-034,,Pos_t::SELECTED::Pos_t:primary::ARD-TB-033|Pos_t-1::SELECTED::Pos_t-1:primary::ARD-TB-034,PRIMARY_SELECTED,Pos_t：该词项只有一个当前主语义组，按其真值、有效性和观测限制使用；Pos_t-1：该词项只有一个当前主语义组，按其真值、有效性和观测限制使用。,需要历史样本、坐标/单位换算、有效性条件、容差或上下文选择。,选择一个有证据的状态定义，按发送端时间保存前一有效样本；保持坐标系、单位、来源和重置计数一致后再比较。,CONDITIONAL,"GLOBAL_POSITION_INT.lat,lon,time_boot_ms","GLOBAL_POSITION_INT.lat,lon,time_boot_ms","{'binding_id': 'ARD-TB-033', 'term': 'Pos_t', 'binding_role': 'PRIMARY_VALUE', 'mavlink_observability': 'CONDITIONAL', 'message_fields_raw': 'GLOBAL_POSITION_INT.lat,lon,time_boot_ms'}|{'binding_id': 'ARD-TB-034', 'term': 'Pos_t-1', 'binding_role': 'PRIMARY_VALUE', 'mavlink_observability': 'DERIVED', 'message_fields_raw': 'GLOBAL_POSITION_INT.lat,lon,time_boot_ms'}",PREVIOUS_SAMPLE_NOT_TIME|STRICT_SAMPLE_EQUALITY
ArduPilot,A.LOITER1,A.LOITER1-AP03,consequent,Yaw_t = Yaw_t-1,当前偏航与上一观测严格相等。,Yaw_t|Yaw_t-1,MODELLED,NOT_ASSESSED,ARD-TB-046|ARD-TB-047,ARD-TB-046|ARD-TB-047,,Yaw_t::SELECTED::Yaw_t:primary::ARD-TB-046|Yaw_t-1::SELECTED::Yaw_t-1:primary::ARD-TB-047,PRIMARY_SELECTED,Yaw_t：该词项只有一个当前主语义组，按其真值、有效性和观测限制使用；Yaw_t-1：该词项只有一个当前主语义组，按其真值、有效性和观测限制使用。,需要历史样本、坐标/单位换算、有效性条件、容差或上下文选择。,选择一个有证据的状态定义，按发送端时间保存前一有效样本；保持坐标系、单位、来源和重置计数一致后再比较。,DERIVED,"ATTITUDE.yaw,time_boot_ms","ATTITUDE.yaw,time_boot_ms","{'binding_id': 'ARD-TB-046', 'term': 'Yaw_t', 'binding_role': 'PRIMARY_VALUE', 'mavlink_observability': 'DIRECT', 'message_fields_raw': 'ATTITUDE.yaw,time_boot_ms'}|{'binding_id': 'ARD-TB-047', 'term': 'Yaw_t-1', 'binding_role': 'PRIMARY_VALUE', 'mavlink_observability': 'DERIVED', 'message_fields_raw': 'ATTITUDE.yaw,time_boot_ms'}",PREVIOUS_SAMPLE_NOT_TIME|STRICT_SAMPLE_EQUALITY
ArduPilot,A.LOITER1,A.LOITER1-AP04,consequent,ALT_t-1 = ALT_t,当前高度与上一观测高度严格相等。,ALT_t-1|ALT_t,MODELLED,NOT_ASSESSED,ARD-TB-018|ARD-TB-016|ARD-TB-017,ARD-TB-018|ARD-TB-016|ARD-TB-017,,"ALT_t-1::SELECTED::ALT_t-1:primary::ARD-TB-018|ALT_t::SELECTED::ALT_t:primary::ARD-TB-016,ARD-TB-017",PRIMARY_SELECTED,ALT_t-1：该词项只有一个当前主语义组，按其真值、有效性和观测限制使用；ALT_t：该词项只有一个当前主语义组，按其真值、有效性和观测限制使用。,需要历史样本、坐标/单位换算、有效性条件、容差或上下文选择。,选择一个有证据的状态定义，按发送端时间保存前一有效样本；保持坐标系、单位、来源和重置计数一致后再比较。,CONDITIONAL,"GLOBAL_POSITION_INT.relative_alt|GLOBAL_POSITION_INT.relative_alt,time_boot_ms","GLOBAL_POSITION_INT.relative_alt|GLOBAL_POSITION_INT.relative_alt,time_boot_ms","{'binding_id': 'ARD-TB-018', 'term': 'ALT_t-1', 'binding_role': 'PRIMARY_VALUE', 'mavlink_observability': 'DERIVED', 'message_fields_raw': 'GLOBAL_POSITION_INT.relative_alt,time_boot_ms'}|{'binding_id': 'ARD-TB-016', 'term': 'ALT_t', 'binding_role': 'PRIMARY_VALUE', 'mavlink_observability': 'CONDITIONAL', 'message_fields_raw': 'GLOBAL_POSITION_INT.relative_alt,time_boot_ms'}|{'binding_id': 'ARD-TB-017', 'term': 'ALT_t', 'binding_role': 'SUPPORTING_EVIDENCE', 'mavlink_observability': 'CONDITIONAL', 'message_fields_raw': 'GLOBAL_POSITION_INT.relative_alt'}",PREVIOUS_SAMPLE_NOT_TIME|STRICT_SAMPLE_EQUALITY
ArduPilot,A.GUIDED1,A.GUIDED1-AP01,antecedent,Mode_t = GUIDED,当前模式是外部引导模式。,Mode_t|GUIDED,EXACT,NOT_ASSESSED,ARD-TB-001|ARD-TB-002|ARD-TB-006,ARD-TB-001|ARD-TB-002|ARD-TB-006,,"Mode_t::SELECTED::Mode_t:primary::ARD-TB-001,ARD-TB-002|GUIDED::SELECTED::GUIDED:primary::ARD-TB-006",PRIMARY_SELECTED,Mode_t：该词项只有一个当前主语义组，按其真值、有效性和观测限制使用；GUIDED：该词项只有一个当前主语义组，按其真值、有效性和观测限制使用。,本原子命题可按列出的当前枚举、布尔状态或参数值直接判真。,解码当前模式字段并与当前枚举比较；若还有其他词项，再按各自绑定条件合取。,DIRECT,HEARTBEAT.custom_mode,HEARTBEAT.custom_mode,"{'binding_id': 'ARD-TB-001', 'term': 'Mode_t', 'binding_role': 'PRIMARY_VALUE', 'mavlink_observability': 'DIRECT', 'message_fields_raw': 'HEARTBEAT.custom_mode'}|{'binding_id': 'ARD-TB-002', 'term': 'Mode_t', 'binding_role': 'SUPPORTING_EVIDENCE', 'mavlink_observability': 'DIRECT', 'message_fields_raw': 'HEARTBEAT.custom_mode'}|{'binding_id': 'ARD-TB-006', 'term': 'GUIDED', 'binding_role': 'PRIMARY_VALUE', 'mavlink_observability': 'DIRECT', 'message_fields_raw': 'HEARTBEAT.custom_mode'}",EMPTY_WAYPOINT_UNDEFINED|PREVIOUS_SAMPLE_NOT_TIME|STRICT_SAMPLE_EQUALITY
ArduPilot,A.GUIDED1,A.GUIDED1-AP02,antecedent,Waypoint = empty,论文抽象的航点集合为空。,Waypoint,UNRESOLVED,NOT_ASSESSED,ARD-TB-100|ARD-TB-101|ARD-TB-102,ARD-TB-100,ARD-TB-101|ARD-TB-102,Waypoint::SELECTED::Waypoint:guided_unresolved::ARD-TB-100|Waypoint::ALTERNATIVE::Waypoint:mission_list_empty::ARD-TB-101|Waypoint::ALTERNATIVE::Waypoint:guided_submode_target::ARD-TB-102,UNRESOLVED_PRIMARY,Waypoint：论文未定义 Guided 的 waypoint empty，选择未解决主组而不拿任务列表替代；其余组保留为互斥替代解释，不作为合取条件。,包含未公开时间上界、未定义航点空状态或已删除且无等价替代的参数。,保留原式和全部候选绑定；缺失定义或数值补证前不得给真值。,UNRESOLVED,,MISSION_COUNT.count,,EMPTY_WAYPOINT_UNDEFINED|PREVIOUS_SAMPLE_NOT_TIME|STRICT_SAMPLE_EQUALITY
ArduPilot,A.GUIDED1,A.GUIDED1-AP03,consequent,Pos_t = Pos_t-1,当前位置与上一观测位置严格相等。,Pos_t|Pos_t-1,MODELLED,NOT_ASSESSED,ARD-TB-033|ARD-TB-034,ARD-TB-033|ARD-TB-034,,Pos_t::SELECTED::Pos_t:primary::ARD-TB-033|Pos_t-1::SELECTED::Pos_t-1:primary::ARD-TB-034,PRIMARY_SELECTED,Pos_t：该词项只有一个当前主语义组，按其真值、有效性和观测限制使用；Pos_t-1：该词项只有一个当前主语义组，按其真值、有效性和观测限制使用。,需要历史样本、坐标/单位换算、有效性条件、容差或上下文选择。,选择一个有证据的状态定义，按发送端时间保存前一有效样本；保持坐标系、单位、来源和重置计数一致后再比较。,CONDITIONAL,"GLOBAL_POSITION_INT.lat,lon,time_boot_ms","GLOBAL_POSITION_INT.lat,lon,time_boot_ms","{'binding_id': 'ARD-TB-033', 'term': 'Pos_t', 'binding_role': 'PRIMARY_VALUE', 'mavlink_observability': 'CONDITIONAL', 'message_fields_raw': 'GLOBAL_POSITION_INT.lat,lon,time_boot_ms'}|{'binding_id': 'ARD-TB-034', 'term': 'Pos_t-1', 'binding_role': 'PRIMARY_VALUE', 'mavlink_observability': 'DERIVED', 'message_fields_raw': 'GLOBAL_POSITION_INT.lat,lon,time_boot_ms'}",EMPTY_WAYPOINT_UNDEFINED|PREVIOUS_SAMPLE_NOT_TIME|STRICT_SAMPLE_EQUALITY
ArduPilot,A.GUIDED1,A.GUIDED1-AP04,consequent,Yaw_t = Yaw_t-1,当前偏航与上一观测严格相等。,Yaw_t|Yaw_t-1,MODELLED,NOT_ASSESSED,ARD-TB-046|ARD-TB-047,ARD-TB-046|ARD-TB-047,,Yaw_t::SELECTED::Yaw_t:primary::ARD-TB-046|Yaw_t-1::SELECTED::Yaw_t-1:primary::ARD-TB-047,PRIMARY_SELECTED,Yaw_t：该词项只有一个当前主语义组，按其真值、有效性和观测限制使用；Yaw_t-1：该词项只有一个当前主语义组，按其真值、有效性和观测限制使用。,需要历史样本、坐标/单位换算、有效性条件、容差或上下文选择。,选择一个有证据的状态定义，按发送端时间保存前一有效样本；保持坐标系、单位、来源和重置计数一致后再比较。,DERIVED,"ATTITUDE.yaw,time_boot_ms","ATTITUDE.yaw,time_boot_ms","{'binding_id': 'ARD-TB-046', 'term': 'Yaw_t', 'binding_role': 'PRIMARY_VALUE', 'mavlink_observability': 'DIRECT', 'message_fields_raw': 'ATTITUDE.yaw,time_boot_ms'}|{'binding_id': 'ARD-TB-047', 'term': 'Yaw_t-1', 'binding_role': 'PRIMARY_VALUE', 'mavlink_observability': 'DERIVED', 'message_fields_raw': 'ATTITUDE.yaw,time_boot_ms'}",EMPTY_WAYPOINT_UNDEFINED|PREVIOUS_SAMPLE_NOT_TIME|STRICT_SAMPLE_EQUALITY
ArduPilot,A.GUIDED1,A.GUIDED1-AP05,consequent,ALT_t-1 = ALT_t,当前高度与上一观测高度严格相等。,ALT_t-1|ALT_t,MODELLED,NOT_ASSESSED,ARD-TB-018|ARD-TB-016|ARD-TB-017,ARD-TB-018|ARD-TB-016|ARD-TB-017,,"ALT_t-1::SELECTED::ALT_t-1:primary::ARD-TB-018|ALT_t::SELECTED::ALT_t:primary::ARD-TB-016,ARD-TB-017",PRIMARY_SELECTED,ALT_t-1：该词项只有一个当前主语义组，按其真值、有效性和观测限制使用；ALT_t：该词项只有一个当前主语义组，按其真值、有效性和观测限制使用。,需要历史样本、坐标/单位换算、有效性条件、容差或上下文选择。,选择一个有证据的状态定义，按发送端时间保存前一有效样本；保持坐标系、单位、来源和重置计数一致后再比较。,CONDITIONAL,"GLOBAL_POSITION_INT.relative_alt|GLOBAL_POSITION_INT.relative_alt,time_boot_ms","GLOBAL_POSITION_INT.relative_alt|GLOBAL_POSITION_INT.relative_alt,time_boot_ms","{'binding_id': 'ARD-TB-018', 'term': 'ALT_t-1', 'binding_role': 'PRIMARY_VALUE', 'mavlink_observability': 'DERIVED', 'message_fields_raw': 'GLOBAL_POSITION_INT.relative_alt,time_boot_ms'}|{'binding_id': 'ARD-TB-016', 'term': 'ALT_t', 'binding_role': 'PRIMARY_VALUE', 'mavlink_observability': 'CONDITIONAL', 'message_fields_raw': 'GLOBAL_POSITION_INT.relative_alt,time_boot_ms'}|{'binding_id': 'ARD-TB-017', 'term': 'ALT_t', 'binding_role': 'SUPPORTING_EVIDENCE', 'mavlink_observability': 'CONDITIONAL', 'message_fields_raw': 'GLOBAL_POSITION_INT.relative_alt'}",EMPTY_WAYPOINT_UNDEFINED|PREVIOUS_SAMPLE_NOT_TIME|STRICT_SAMPLE_EQUALITY
ArduPilot,A.SPORT1,A.SPORT1-AP01,antecedent,Mode_t = SPORT,当前模式是运动模式。,Mode_t|SPORT,EXACT,NOT_ASSESSED,ARD-TB-001|ARD-TB-002|ARD-TB-012,ARD-TB-001|ARD-TB-002|ARD-TB-012,,"Mode_t::SELECTED::Mode_t:primary::ARD-TB-001,ARD-TB-002|SPORT::SELECTED::SPORT:primary::ARD-TB-012",PRIMARY_SELECTED,Mode_t：该词项只有一个当前主语义组，按其真值、有效性和观测限制使用；SPORT：该词项只有一个当前主语义组，按其真值、有效性和观测限制使用。,本原子命题可按列出的当前枚举、布尔状态或参数值直接判真。,解码当前模式字段并与当前枚举比较；若还有其他词项，再按各自绑定条件合取。,DIRECT,HEARTBEAT.custom_mode,HEARTBEAT.custom_mode,"{'binding_id': 'ARD-TB-001', 'term': 'Mode_t', 'binding_role': 'PRIMARY_VALUE', 'mavlink_observability': 'DIRECT', 'message_fields_raw': 'HEARTBEAT.custom_mode'}|{'binding_id': 'ARD-TB-002', 'term': 'Mode_t', 'binding_role': 'SUPPORTING_EVIDENCE', 'mavlink_observability': 'DIRECT', 'message_fields_raw': 'HEARTBEAT.custom_mode'}|{'binding_id': 'ARD-TB-012', 'term': 'SPORT', 'binding_role': 'PRIMARY_VALUE', 'mavlink_observability': 'DIRECT', 'message_fields_raw': 'HEARTBEAT.custom_mode'}",EXACT_PHYSICAL_EQUALITY|DIRECTION_OR_SIGN_UNDEFINED
ArduPilot,A.SPORT1,A.SPORT1-AP02,consequent,Speed_vertical_t = PILOT_SPEED_UP,垂直速度严格等于飞手上升速度参数。,Speed_vertical_t|PILOT_SPEED_UP,MODELLED,NOT_ASSESSED,ARD-TB-093|ARD-TB-108,ARD-TB-093|ARD-TB-108,,Speed_vertical_t::SELECTED::Speed_vertical_t:primary::ARD-TB-093|PILOT_SPEED_UP::SELECTED::PILOT_SPEED_UP:primary::ARD-TB-108,PRIMARY_SELECTED,Speed_vertical_t：该词项只有一个当前主语义组，按其真值、有效性和观测限制使用；PILOT_SPEED_UP：该词项只有一个当前主语义组，按其真值、有效性和观测限制使用。,需要历史样本、坐标/单位换算、有效性条件、容差或上下文选择。,读取实际垂直速度，执行厘米/秒到米/秒及 NED 符号转换；参数使用本次运行实际值而非默认值。,CONDITIONAL,"GLOBAL_POSITION_INT.vz,time_boot_ms|PARAM_VALUE.param_id,param_value","GLOBAL_POSITION_INT.vz,time_boot_ms|PARAM_VALUE.param_id,param_value","{'binding_id': 'ARD-TB-093', 'term': 'Speed_vertical_t', 'binding_role': 'PRIMARY_VALUE', 'mavlink_observability': 'CONDITIONAL', 'message_fields_raw': 'GLOBAL_POSITION_INT.vz,time_boot_ms'}|{'binding_id': 'ARD-TB-108', 'term': 'PILOT_SPEED_UP', 'binding_role': 'PRIMARY_VALUE', 'mavlink_observability': 'DIRECT', 'message_fields_raw': 'PARAM_VALUE.param_id,param_value'}",EXACT_PHYSICAL_EQUALITY|DIRECTION_OR_SIGN_UNDEFINED
ArduPilot,A.RC.FS1,A.RC.FS1-AP01,antecedent,Mode_t = ACRO,当前模式是特技模式。,Mode_t|ACRO,EXACT,NOT_ASSESSED,ARD-TB-001|ARD-TB-002|ARD-TB-003,ARD-TB-001|ARD-TB-002|ARD-TB-003,,"Mode_t::SELECTED::Mode_t:primary::ARD-TB-001,ARD-TB-002|ACRO::SELECTED::ACRO:primary::ARD-TB-003",PRIMARY_SELECTED,Mode_t：该词项只有一个当前主语义组，按其真值、有效性和观测限制使用；ACRO：该词项只有一个当前主语义组，按其真值、有效性和观测限制使用。,本原子命题可按列出的当前枚举、布尔状态或参数值直接判真。,解码当前模式字段并与当前枚举比较；若还有其他词项，再按各自绑定条件合取。,DIRECT,HEARTBEAT.custom_mode,HEARTBEAT.custom_mode,"{'binding_id': 'ARD-TB-001', 'term': 'Mode_t', 'binding_role': 'PRIMARY_VALUE', 'mavlink_observability': 'DIRECT', 'message_fields_raw': 'HEARTBEAT.custom_mode'}|{'binding_id': 'ARD-TB-002', 'term': 'Mode_t', 'binding_role': 'SUPPORTING_EVIDENCE', 'mavlink_observability': 'DIRECT', 'message_fields_raw': 'HEARTBEAT.custom_mode'}|{'binding_id': 'ARD-TB-003', 'term': 'ACRO', 'binding_role': 'PRIMARY_VALUE', 'mavlink_observability': 'DIRECT', 'message_fields_raw': 'HEARTBEAT.custom_mode'}",IFF_NOT_ENCODED|IMMEDIACY_UNBOUNDED|ANTECEDENT_MISSING_ARMED
ArduPilot,A.RC.FS1,A.RC.FS1-AP02,antecedent,Throttle_t < FS_THR_VALUE,油门输入低于遥控故障保护阈值参数。,Throttle_t|FS_THR_VALUE,MODELLED,NOT_ASSESSED,ARD-TB-065|ARD-TB-076|ARD-TB-109,ARD-TB-065|ARD-TB-076|ARD-TB-109,,"Throttle_t::SELECTED::Throttle_t:primary::ARD-TB-065,ARD-TB-076|FS_THR_VALUE::SELECTED::FS_THR_VALUE:primary::ARD-TB-109",PRIMARY_SELECTED,Throttle_t：该词项只有一个当前主语义组，按其真值、有效性和观测限制使用；FS_THR_VALUE：该词项只有一个当前主语义组，按其真值、有效性和观测限制使用。,需要历史样本、坐标/单位换算、有效性条件、容差或上下文选择。,若阈值为 1500，使用当前 RC_MAP 对应的原始 PWM；同时保留校准、死区、输入来源和 failsafe 有效性。,CONDITIONAL,"PARAM_VALUE.param_id,param_value|PARAM_VALUE.param_id=RCMAP_THROTTLE 或当前 RC mapping|RC_CHANNELS.chanN_raw|RC_CHANNELS.chanN_raw,time_boot_ms","PARAM_VALUE.param_id,param_value|PARAM_VALUE.param_id=RCMAP_THROTTLE 或当前 RC mapping|RC_CHANNELS.chanN_raw|RC_CHANNELS.chanN_raw,time_boot_ms","{'binding_id': 'ARD-TB-065', 'term': 'Throttle_t', 'binding_role': 'PRIMARY_VALUE', 'mavlink_observability': 'CONDITIONAL', 'message_fields_raw': 'RC_CHANNELS.chanN_raw,time_boot_ms'}|{'binding_id': 'ARD-TB-076', 'term': 'Throttle_t', 'binding_role': 'SUPPORTING_EVIDENCE', 'mavlink_observability': 'CONDITIONAL', 'message_fields_raw': 'PARAM_VALUE.param_id=RCMAP_THROTTLE 或当前 RC mapping; RC_CHANNELS.chanN_raw'}|{'binding_id': 'ARD-TB-109', 'term': 'FS_THR_VALUE', 'binding_role': 'PRIMARY_VALUE', 'mavlink_observability': 'DIRECT', 'message_fields_raw': 'PARAM_VALUE.param_id,param_value'}",IFF_NOT_ENCODED|IMMEDIACY_UNBOUNDED|ANTECEDENT_MISSING_ARMED
ArduPilot,A.RC.FS1,A.RC.FS1-AP03,antecedent_from_description,Armed = true,飞行器电机已经解锁。,Armed,EXACT,NOT_ASSESSED,ARD-TB-083,ARD-TB-083,,Armed::SELECTED::Armed:primary::ARD-TB-083,PRIMARY_SELECTED,Armed：该词项只有一个当前主语义组，按其真值、有效性和观测限制使用。,本原子命题可按列出的当前枚举、布尔状态或参数值直接判真。,按所列源码实体、真值条件、有效性条件和观测换算判定。,DIRECT,HEARTBEAT.base_mode,HEARTBEAT.base_mode,"{'binding_id': 'ARD-TB-083', 'term': 'Armed', 'binding_role': 'PRIMARY_VALUE', 'mavlink_observability': 'DIRECT', 'message_fields_raw': 'HEARTBEAT.base_mode'}",IFF_NOT_ENCODED|IMMEDIACY_UNBOUNDED|ANTECEDENT_MISSING_ARMED
ArduPilot,A.RC.FS1,A.RC.FS1-AP04,consequent,Disarm = on,电机处于锁定状态。,Disarm,EXACT,NOT_ASSESSED,ARD-TB-084,ARD-TB-084,,Disarm::SELECTED::Disarm:primary::ARD-TB-084,PRIMARY_SELECTED,Disarm：该词项只有一个当前主语义组，按其真值、有效性和观测限制使用。,本原子命题可按列出的当前枚举、布尔状态或参数值直接判真。,按所列源码实体、真值条件、有效性条件和观测换算判定。,DIRECT,HEARTBEAT.base_mode,HEARTBEAT.base_mode,"{'binding_id': 'ARD-TB-084', 'term': 'Disarm', 'binding_role': 'PRIMARY_VALUE', 'mavlink_observability': 'DIRECT', 'message_fields_raw': 'HEARTBEAT.base_mode'}",IFF_NOT_ENCODED|IMMEDIACY_UNBOUNDED|ANTECEDENT_MISSING_ARMED
ArduPilot,A.RC.FS2,A.RC.FS2-AP01,antecedent,Throttle_t < FS_THR_VALUE,油门输入低于遥控故障保护阈值参数。,Throttle_t|FS_THR_VALUE,MODELLED,NOT_ASSESSED,ARD-TB-065|ARD-TB-076|ARD-TB-109,ARD-TB-065|ARD-TB-076|ARD-TB-109,,"Throttle_t::SELECTED::Throttle_t:primary::ARD-TB-065,ARD-TB-076|FS_THR_VALUE::SELECTED::FS_THR_VALUE:primary::ARD-TB-109",PRIMARY_SELECTED,Throttle_t：该词项只有一个当前主语义组，按其真值、有效性和观测限制使用；FS_THR_VALUE：该词项只有一个当前主语义组，按其真值、有效性和观测限制使用。,需要历史样本、坐标/单位换算、有效性条件、容差或上下文选择。,若阈值为 1500，使用当前 RC_MAP 对应的原始 PWM；同时保留校准、死区、输入来源和 failsafe 有效性。,CONDITIONAL,"PARAM_VALUE.param_id,param_value|PARAM_VALUE.param_id=RCMAP_THROTTLE 或当前 RC mapping|RC_CHANNELS.chanN_raw|RC_CHANNELS.chanN_raw,time_boot_ms","PARAM_VALUE.param_id,param_value|PARAM_VALUE.param_id=RCMAP_THROTTLE 或当前 RC mapping|RC_CHANNELS.chanN_raw|RC_CHANNELS.chanN_raw,time_boot_ms","{'binding_id': 'ARD-TB-065', 'term': 'Throttle_t', 'binding_role': 'PRIMARY_VALUE', 'mavlink_observability': 'CONDITIONAL', 'message_fields_raw': 'RC_CHANNELS.chanN_raw,time_boot_ms'}|{'binding_id': 'ARD-TB-076', 'term': 'Throttle_t', 'binding_role': 'SUPPORTING_EVIDENCE', 'mavlink_observability': 'CONDITIONAL', 'message_fields_raw': 'PARAM_VALUE.param_id=RCMAP_THROTTLE 或当前 RC mapping; RC_CHANNELS.chanN_raw'}|{'binding_id': 'ARD-TB-109', 'term': 'FS_THR_VALUE', 'binding_role': 'PRIMARY_VALUE', 'mavlink_observability': 'DIRECT', 'message_fields_raw': 'PARAM_VALUE.param_id,param_value'}",
ArduPilot,A.RC.FS2,A.RC.FS2-AP02,consequent,RC_fail = on,遥控故障保护状态开启。,RC_fail,MODELLED,NOT_ASSESSED,ARD-TB-085,ARD-TB-085,,RC_fail::SELECTED::RC_fail:primary::ARD-TB-085,PRIMARY_SELECTED,RC_fail：该词项只有一个当前主语义组，按其真值、有效性和观测限制使用。,需要历史样本、坐标/单位换算、有效性条件、容差或上下文选择。,按所列源码实体、真值条件、有效性条件和观测换算判定。,INSTRUMENTATION_REQUIRED,,,,
ArduPilot,A.CHUTE1,A.CHUTE1-AP01,antecedent,Parachute = on,降落伞已经释放。,Parachute,EXACT,NOT_ASSESSED,ARD-TB-094|ARD-TB-095|ARD-TB-096|ARD-TB-097|ARD-TB-098|ARD-TB-099,ARD-TB-094|ARD-TB-097|ARD-TB-098|ARD-TB-099,ARD-TB-095|ARD-TB-096,"Parachute::SELECTED::Parachute:released_latched::ARD-TB-094,ARD-TB-097,ARD-TB-098,ARD-TB-099|Parachute::ALTERNATIVE::Parachute:release_initiated_latched::ARD-TB-095,ARD-TB-096",PRIMARY_WITH_ALTERNATIVES,Parachute：性质 A.CHUTE1 的表达式 Parachute = on 选择候选组 Parachute:released_latched；其他组保持互斥，不参与当前真值计算；其余组保留为互斥替代解释，不作为合取条件。,本原子命题可按列出的当前枚举、布尔状态或参数值直接判真。,按所列源码实体、真值条件、有效性条件和观测换算判定。,INSTRUMENTATION_REQUIRED,,,,PREVIOUS_SAMPLE_NOT_TIME
ArduPilot,A.CHUTE1,A.CHUTE1-AP02,consequent,Armed = true,飞行器电机已经解锁。,Armed,EXACT,NOT_ASSESSED,ARD-TB-083,ARD-TB-083,,Armed::SELECTED::Armed:primary::ARD-TB-083,PRIMARY_SELECTED,Armed：该词项只有一个当前主语义组，按其真值、有效性和观测限制使用。,本原子命题可按列出的当前枚举、布尔状态或参数值直接判真。,按所列源码实体、真值条件、有效性条件和观测换算判定。,DIRECT,HEARTBEAT.base_mode,HEARTBEAT.base_mode,"{'binding_id': 'ARD-TB-083', 'term': 'Armed', 'binding_role': 'PRIMARY_VALUE', 'mavlink_observability': 'DIRECT', 'message_fields_raw': 'HEARTBEAT.base_mode'}",PREVIOUS_SAMPLE_NOT_TIME
ArduPilot,A.CHUTE1,A.CHUTE1-AP03,consequent,"Mode_t notin {FLIP,ACRO}",当前模式既不是翻滚也不是特技模式。,Mode_t|FLIP|ACRO,EXACT,NOT_ASSESSED,ARD-TB-001|ARD-TB-002|ARD-TB-013|ARD-TB-003,ARD-TB-001|ARD-TB-002|ARD-TB-013|ARD-TB-003,,"Mode_t::SELECTED::Mode_t:primary::ARD-TB-001,ARD-TB-002|FLIP::SELECTED::FLIP:primary::ARD-TB-013|ACRO::SELECTED::ACRO:primary::ARD-TB-003",PRIMARY_SELECTED,Mode_t：该词项只有一个当前主语义组，按其真值、有效性和观测限制使用；FLIP：该词项只有一个当前主语义组，按其真值、有效性和观测限制使用；ACRO：该词项只有一个当前主语义组，按其真值、有效性和观测限制使用。,本原子命题可按列出的当前枚举、布尔状态或参数值直接判真。,解码当前模式字段并与当前枚举比较；若还有其他词项，再按各自绑定条件合取。,DIRECT,HEARTBEAT.custom_mode,HEARTBEAT.custom_mode,"{'binding_id': 'ARD-TB-001', 'term': 'Mode_t', 'binding_role': 'PRIMARY_VALUE', 'mavlink_observability': 'DIRECT', 'message_fields_raw': 'HEARTBEAT.custom_mode'}|{'binding_id': 'ARD-TB-002', 'term': 'Mode_t', 'binding_role': 'SUPPORTING_EVIDENCE', 'mavlink_observability': 'DIRECT', 'message_fields_raw': 'HEARTBEAT.custom_mode'}|{'binding_id': 'ARD-TB-013', 'term': 'FLIP', 'binding_role': 'PRIMARY_VALUE', 'mavlink_observability': 'DIRECT', 'message_fields_raw': 'HEARTBEAT.custom_mode'}|{'binding_id': 'ARD-TB-003', 'term': 'ACRO', 'binding_role': 'PRIMARY_VALUE', 'mavlink_observability': 'DIRECT', 'message_fields_raw': 'HEARTBEAT.custom_mode'}",PREVIOUS_SAMPLE_NOT_TIME
ArduPilot,A.CHUTE1,A.CHUTE1-AP04,consequent,ALT_t <= ALT_t-1,当前高度不高于上一观测高度，即论文所称不在爬升。,ALT_t|ALT_t-1,MODELLED,NOT_ASSESSED,ARD-TB-016|ARD-TB-017|ARD-TB-018,ARD-TB-016|ARD-TB-017|ARD-TB-018,,"ALT_t::SELECTED::ALT_t:primary::ARD-TB-016,ARD-TB-017|ALT_t-1::SELECTED::ALT_t-1:primary::ARD-TB-018",PRIMARY_SELECTED,ALT_t：该词项只有一个当前主语义组，按其真值、有效性和观测限制使用；ALT_t-1：该词项只有一个当前主语义组，按其真值、有效性和观测限制使用。,需要历史样本、坐标/单位换算、有效性条件、容差或上下文选择。,选择一个有证据的状态定义，按发送端时间保存前一有效样本；保持坐标系、单位、来源和重置计数一致后再比较。,CONDITIONAL,"GLOBAL_POSITION_INT.relative_alt|GLOBAL_POSITION_INT.relative_alt,time_boot_ms","GLOBAL_POSITION_INT.relative_alt|GLOBAL_POSITION_INT.relative_alt,time_boot_ms","{'binding_id': 'ARD-TB-016', 'term': 'ALT_t', 'binding_role': 'PRIMARY_VALUE', 'mavlink_observability': 'CONDITIONAL', 'message_fields_raw': 'GLOBAL_POSITION_INT.relative_alt,time_boot_ms'}|{'binding_id': 'ARD-TB-017', 'term': 'ALT_t', 'binding_role': 'SUPPORTING_EVIDENCE', 'mavlink_observability': 'CONDITIONAL', 'message_fields_raw': 'GLOBAL_POSITION_INT.relative_alt'}|{'binding_id': 'ARD-TB-018', 'term': 'ALT_t-1', 'binding_role': 'PRIMARY_VALUE', 'mavlink_observability': 'DERIVED', 'message_fields_raw': 'GLOBAL_POSITION_INT.relative_alt,time_boot_ms'}",PREVIOUS_SAMPLE_NOT_TIME
ArduPilot,A.CHUTE1,A.CHUTE1-AP05,consequent,ALT_t > CHUTE_ALT_MIN,当前高度高于最低开伞高度参数。,ALT_t|CHUTE_ALT_MIN,MODELLED,NOT_ASSESSED,ARD-TB-016|ARD-TB-017|ARD-TB-110,ARD-TB-016|ARD-TB-017|ARD-TB-110,,"ALT_t::SELECTED::ALT_t:primary::ARD-TB-016,ARD-TB-017|CHUTE_ALT_MIN::SELECTED::CHUTE_ALT_MIN:primary::ARD-TB-110",PRIMARY_SELECTED,ALT_t：该词项只有一个当前主语义组，按其真值、有效性和观测限制使用；CHUTE_ALT_MIN：该词项只有一个当前主语义组，按其真值、有效性和观测限制使用。,需要历史样本、坐标/单位换算、有效性条件、容差或上下文选择。,从当前运行实例读取参数值并按元数据单位解释；不要硬编码作者历史默认值或源码默认值。,CONDITIONAL,"GLOBAL_POSITION_INT.relative_alt|GLOBAL_POSITION_INT.relative_alt,time_boot_ms|PARAM_VALUE.param_id,param_value","GLOBAL_POSITION_INT.relative_alt|GLOBAL_POSITION_INT.relative_alt,time_boot_ms|PARAM_VALUE.param_id,param_value","{'binding_id': 'ARD-TB-016', 'term': 'ALT_t', 'binding_role': 'PRIMARY_VALUE', 'mavlink_observability': 'CONDITIONAL', 'message_fields_raw': 'GLOBAL_POSITION_INT.relative_alt,time_boot_ms'}|{'binding_id': 'ARD-TB-017', 'term': 'ALT_t', 'binding_role': 'SUPPORTING_EVIDENCE', 'mavlink_observability': 'CONDITIONAL', 'message_fields_raw': 'GLOBAL_POSITION_INT.relative_alt'}|{'binding_id': 'ARD-TB-110', 'term': 'CHUTE_ALT_MIN', 'binding_role': 'PRIMARY_VALUE', 'mavlink_observability': 'DIRECT', 'message_fields_raw': 'PARAM_VALUE.param_id,param_value'}",PREVIOUS_SAMPLE_NOT_TIME
ArduPilot,A.GPS.FS1,A.GPS.FS1-AP01,antecedent,GPS_fail = on,论文抽象的 GPS 故障保护状态开启。,GPS_fail,UNRESOLVED,NOT_ASSESSED,ARD-TB-086|ARD-TB-087|ARD-TB-088|ARD-TB-089|ARD-TB-090|ARD-TB-091,ARD-TB-086|ARD-TB-087,ARD-TB-088|ARD-TB-089|ARD-TB-090|ARD-TB-091,"GPS_fail::SELECTED::GPS_fail:unresolved_paper_semantics::ARD-TB-086,ARD-TB-087|GPS_fail::ALTERNATIVE::GPS_fail:fix_type_threshold::ARD-TB-088,ARD-TB-089|GPS_fail::ALTERNATIVE::GPS_fail:gps_glitching::ARD-TB-090,ARD-TB-091",UNRESOLVED_PRIMARY,GPS_fail：当前没有 GPS 专用且与论文等价的单一故障状态，选择未解决主组；其余组保留为互斥替代解释，不作为合取条件。,论文 GPS_fail 与当前位置/EKF 故障状态没有精确等价证据。,保留原式和全部候选绑定；缺失定义或数值补证前不得给真值。,UNRESOLVED,,"GPS_RAW_INT.fix_type,time_usec,satellites_visible|GPS_RAW_INT.time_usec,fix_type 到达序列|STATUSTEXT 或 EVENT 转换消息|STATUSTEXT.text='GPS Glitch or Compass error' 或 'Glitch cleared'",,FAILSAFE_IMPLICATION_REVERSED
ArduPilot,A.GPS.FS1,A.GPS.FS1-AP02,consequent,GPS_count < 4,可见 GPS 卫星数量少于四。,GPS_count,EXACT,NOT_ASSESSED,ARD-TB-092,ARD-TB-092,,GPS_count::SELECTED::GPS_count:primary::ARD-TB-092,PRIMARY_SELECTED,GPS_count：该词项只有一个当前主语义组，按其真值、有效性和观测限制使用。,本原子命题可按列出的当前枚举、布尔状态或参数值直接判真。,按所列源码实体、真值条件、有效性条件和观测换算判定。,CONDITIONAL,"GPS_RAW_INT.satellites_visible,time_usec,fix_type","GPS_RAW_INT.satellites_visible,time_usec,fix_type","{'binding_id': 'ARD-TB-092', 'term': 'GPS_count', 'binding_role': 'PRIMARY_VALUE', 'mavlink_observability': 'CONDITIONAL', 'message_fields_raw': 'GPS_RAW_INT.satellites_visible,time_usec,fix_type'}",FAILSAFE_IMPLICATION_REVERSED
ArduPilot,A.GPS.FS2,A.GPS.FS2-AP01,antecedent,GPS_fail = on,论文抽象的 GPS 故障保护状态开启。,GPS_fail,UNRESOLVED,NOT_ASSESSED,ARD-TB-086|ARD-TB-087|ARD-TB-088|ARD-TB-089|ARD-TB-090|ARD-TB-091,ARD-TB-086|ARD-TB-087,ARD-TB-088|ARD-TB-089|ARD-TB-090|ARD-TB-091,"GPS_fail::SELECTED::GPS_fail:unresolved_paper_semantics::ARD-TB-086,ARD-TB-087|GPS_fail::ALTERNATIVE::GPS_fail:fix_type_threshold::ARD-TB-088,ARD-TB-089|GPS_fail::ALTERNATIVE::GPS_fail:gps_glitching::ARD-TB-090,ARD-TB-091",UNRESOLVED_PRIMARY,GPS_fail：当前没有 GPS 专用且与论文等价的单一故障状态，选择未解决主组；其余组保留为互斥替代解释，不作为合取条件。,论文 GPS_fail 与当前位置/EKF 故障状态没有精确等价证据。,保留原式和全部候选绑定；缺失定义或数值补证前不得给真值。,UNRESOLVED,,"GPS_RAW_INT.fix_type,time_usec,satellites_visible|GPS_RAW_INT.time_usec,fix_type 到达序列|STATUSTEXT 或 EVENT 转换消息|STATUSTEXT.text='GPS Glitch or Compass error' 或 'Glitch cleared'",,BARO_ON_UNDEFINED|SOURCE_ABSTRACTION_UNDEFINED
ArduPilot,A.GPS.FS2,A.GPS.FS2-AP02,antecedent,Baro = on,论文抽象的气压计可用状态开启。,Baro,MODELLED,NOT_ASSESSED,ARD-TB-029|ARD-TB-030|ARD-TB-031|ARD-TB-032,ARD-TB-029|ARD-TB-030,ARD-TB-031|ARD-TB-032,"Baro::SELECTED::Baro:health::ARD-TB-029,ARD-TB-030|Baro::ALTERNATIVE::Baro:source_enum::ARD-TB-031,ARD-TB-032",PRIMARY_WITH_ALTERNATIVES,Baro：独立 Baro=on 没有来源等式约束，暂以主气压计健康解释，并保留高度源解释；其余组保留为互斥替代解释，不作为合取条件。,需要历史样本、坐标/单位换算、有效性条件、容差或上下文选择。,按所列源码实体、真值条件、有效性条件和观测换算判定。,CONDITIONAL,SYS_STATUS.onboard_control_sensors_health,SYS_STATUS.onboard_control_sensors_health,"{'binding_id': 'ARD-TB-029', 'term': 'Baro', 'binding_role': 'PRIMARY_VALUE', 'mavlink_observability': 'CONDITIONAL', 'message_fields_raw': 'SYS_STATUS.onboard_control_sensors_health'}|{'binding_id': 'ARD-TB-030', 'term': 'Baro', 'binding_role': 'SUPPORTING_EVIDENCE', 'mavlink_observability': 'CONDITIONAL', 'message_fields_raw': 'SYS_STATUS.onboard_control_sensors_health'}",BARO_ON_UNDEFINED|SOURCE_ABSTRACTION_UNDEFINED
ArduPilot,A.GPS.FS2,A.GPS.FS2-AP03,consequent,ALT_src = Baro,论文抽象的高度来源被标记为气压计。,ALT_src|Baro,MODELLED,NOT_ASSESSED,ARD-TB-022|ARD-TB-023|ARD-TB-024|ARD-TB-025|ARD-TB-026|ARD-TB-027|ARD-TB-028|ARD-TB-029|ARD-TB-030|ARD-TB-031|ARD-TB-032,ARD-TB-022|ARD-TB-023|ARD-TB-024|ARD-TB-028|ARD-TB-031|ARD-TB-032,ARD-TB-025|ARD-TB-026|ARD-TB-027|ARD-TB-029|ARD-TB-030,"ALT_src::SELECTED::ALT_src:runtime_active::ARD-TB-022,ARD-TB-023,ARD-TB-024,ARD-TB-028|ALT_src::ALTERNATIVE::ALT_src:configured_source_set_1::ARD-TB-025|ALT_src::ALTERNATIVE::ALT_src:configured_source_sets_2_3::ARD-TB-026,ARD-TB-027|Baro::ALTERNATIVE::Baro:health::ARD-TB-029,ARD-TB-030|Baro::SELECTED::Baro:source_enum::ARD-TB-031,ARD-TB-032",PRIMARY_WITH_ALTERNATIVES,ALT_src：性质询问实际高度来源，因此选择 EKF 运行时 activeHgtSource，而不是三套配置参数；Baro：该命题与 ALT_src 同时出现，选择“当前高度源为 BARO”的枚举解释；传感器健康保留为替代；其余组保留为互斥替代解释，不作为合取条件。,需要历史样本、坐标/单位换算、有效性条件、容差或上下文选择。,按所列源码实体、真值条件、有效性条件和观测换算判定。,INSTRUMENTATION_REQUIRED,,"PARAM_VALUE.param_id=EK3_SRC1_POSZ,param_value|PARAM_VALUE.param_id=EK3_SRC2_POSZ,param_value|PARAM_VALUE.param_id=EK3_SRC3_POSZ,param_value|SYS_STATUS.onboard_control_sensors_health",,BARO_ON_UNDEFINED|SOURCE_ABSTRACTION_UNDEFINED
