capture_id,system,vehicle,profile,message_id,message_name,origin_xml,dialect_entrypoints,static_reference_status,static_tx_evidence_count,static_rx_evidence_count,baseline_count,parameter_phase_count,request_phase_count,total_observed_count,first_host_monotonic_ns,last_host_monotonic_ns,request_attempted,request_ack_result,request_matching_frame_count,request_classification,runtime_support_class,observation_evidence,request_evidence,interpretation_limit
ardupilot-copter-m6,ArduPilot,ArduCopter,quad,0,HEARTBEAT,baseline/ardupilot/modules/mavlink/message_definitions/v1.0/minimal.xml,all.xml,STATIC_REFERENCE_FOUND,2,7,12,1,18,112,8097745194291,8145884271628,True,MAV_RESULT_ACCEPTED,1,AMBIGUOUS_BASELINE_PERIODIC,DEFAULT_STREAM_OBSERVED,benchmark/extraction_runs/milestone6/ArduPilot/runs/Copter/message_summary.json,benchmark/extraction_runs/milestone6/ArduPilot/runs/Copter/request_sweep.json,Baseline proves only this default SITL profile. Request-window matches may be conditional and are not causal when the message already streamed by default.
ardupilot-copter-m6,ArduPilot,ArduCopter,quad,1,SYS_STATUS,baseline/ardupilot/modules/mavlink/message_definitions/v1.0/common.xml,all.xml,STATIC_REFERENCE_FOUND,1,0,0,0,1,59,8113618584853,8145709072182,True,MAV_RESULT_ACCEPTED,1,POST_REQUEST_WINDOW_OBSERVATION,REQUEST_WINDOW_MESSAGE_OBSERVED,benchmark/extraction_runs/milestone6/ArduPilot/runs/Copter/message_summary.json,benchmark/extraction_runs/milestone6/ArduPilot/runs/Copter/request_sweep.json,Baseline proves only this default SITL profile. Request-window matches may be conditional and are not causal when the message already streamed by default.
ardupilot-copter-m6,ArduPilot,ArduCopter,quad,2,SYSTEM_TIME,baseline/ardupilot/modules/mavlink/message_definitions/v1.0/common.xml,all.xml,STATIC_REFERENCE_FOUND,1,2,0,0,1,59,8113624401999,8145709518246,True,MAV_RESULT_ACCEPTED,1,POST_REQUEST_WINDOW_OBSERVATION,REQUEST_WINDOW_MESSAGE_OBSERVED,benchmark/extraction_runs/milestone6/ArduPilot/runs/Copter/message_summary.json,benchmark/extraction_runs/milestone6/ArduPilot/runs/Copter/request_sweep.json,Baseline proves only this default SITL profile. Request-window matches may be conditional and are not causal when the message already streamed by default.
ardupilot-copter-m6,ArduPilot,ArduCopter,quad,4,PING,baseline/ardupilot/modules/mavlink/message_definitions/v1.0/common.xml,all.xml,NO_REFERENCE_FOUND_BY_HEURISTIC_SCAN,0,0,0,0,0,0,,,True,MAV_RESULT_FAILED,0,NOT_OBSERVED,REQUEST_ACK_FAILED,benchmark/extraction_runs/milestone6/ArduPilot/runs/Copter/message_summary.json,benchmark/extraction_runs/milestone6/ArduPilot/runs/Copter/request_sweep.json,Baseline proves only this default SITL profile. Request-window matches may be conditional and are not causal when the message already streamed by default.
ardupilot-copter-m6,ArduPilot,ArduCopter,quad,5,CHANGE_OPERATOR_CONTROL,baseline/ardupilot/modules/mavlink/message_definitions/v1.0/common.xml,all.xml,NO_REFERENCE_FOUND_BY_HEURISTIC_SCAN,0,0,0,0,0,0,,,True,MAV_RESULT_FAILED,0,NOT_OBSERVED,REQUEST_ACK_FAILED,benchmark/extraction_runs/milestone6/ArduPilot/runs/Copter/message_summary.json,benchmark/extraction_runs/milestone6/ArduPilot/runs/Copter/request_sweep.json,Baseline proves only this default SITL profile. Request-window matches may be conditional and are not causal when the message already streamed by default.
ardupilot-copter-m6,ArduPilot,ArduCopter,quad,6,CHANGE_OPERATOR_CONTROL_ACK,baseline/ardupilot/modules/mavlink/message_definitions/v1.0/common.xml,all.xml,NO_REFERENCE_FOUND_BY_HEURISTIC_SCAN,0,0,0,0,0,0,,,True,MAV_RESULT_FAILED,0,NOT_OBSERVED,REQUEST_ACK_FAILED,benchmark/extraction_runs/milestone6/ArduPilot/runs/Copter/message_summary.json,benchmark/extraction_runs/milestone6/ArduPilot/runs/Copter/request_sweep.json,Baseline proves only this default SITL profile. Request-window matches may be conditional and are not causal when the message already streamed by default.
ardupilot-copter-m6,ArduPilot,ArduCopter,quad,7,AUTH_KEY,baseline/ardupilot/modules/mavlink/message_definitions/v1.0/common.xml,all.xml,NO_REFERENCE_FOUND_BY_HEURISTIC_SCAN,0,0,0,0,0,0,,,True,MAV_RESULT_FAILED,0,NOT_OBSERVED,REQUEST_ACK_FAILED,benchmark/extraction_runs/milestone6/ArduPilot/runs/Copter/message_summary.json,benchmark/extraction_runs/milestone6/ArduPilot/runs/Copter/request_sweep.json,Baseline proves only this default SITL profile. Request-window matches may be conditional and are not causal when the message already streamed by default.
ardupilot-copter-m6,ArduPilot,ArduCopter,quad,11,SET_MODE,baseline/ardupilot/modules/mavlink/message_definitions/v1.0/common.xml,all.xml,STATIC_REFERENCE_FOUND,0,2,0,0,0,0,,,True,MAV_RESULT_FAILED,0,NOT_OBSERVED,REQUEST_ACK_FAILED,benchmark/extraction_runs/milestone6/ArduPilot/runs/Copter/message_summary.json,benchmark/extraction_runs/milestone6/ArduPilot/runs/Copter/request_sweep.json,Baseline proves only this default SITL profile. Request-window matches may be conditional and are not causal when the message already streamed by default.
ardupilot-copter-m6,ArduPilot,ArduCopter,quad,20,PARAM_REQUEST_READ,baseline/ardupilot/modules/mavlink/message_definitions/v1.0/common.xml,all.xml,STATIC_REFERENCE_FOUND,0,4,0,0,0,0,,,True,MAV_RESULT_FAILED,0,NOT_OBSERVED,REQUEST_ACK_FAILED,benchmark/extraction_runs/milestone6/ArduPilot/runs/Copter/message_summary.json,benchmark/extraction_runs/milestone6/ArduPilot/runs/Copter/request_sweep.json,Baseline proves only this default SITL profile. Request-window matches may be conditional and are not causal when the message already streamed by default.
ardupilot-copter-m6,ArduPilot,ArduCopter,quad,21,PARAM_REQUEST_LIST,baseline/ardupilot/modules/mavlink/message_definitions/v1.0/common.xml,all.xml,STATIC_REFERENCE_FOUND,1,5,0,0,0,0,,,True,MAV_RESULT_FAILED,0,NOT_OBSERVED,REQUEST_ACK_FAILED,benchmark/extraction_runs/milestone6/ArduPilot/runs/Copter/message_summary.json,benchmark/extraction_runs/milestone6/ArduPilot/runs/Copter/request_sweep.json,Baseline proves only this default SITL profile. Request-window matches may be conditional and are not causal when the message already streamed by default.
ardupilot-copter-m6,ArduPilot,ArduCopter,quad,22,PARAM_VALUE,baseline/ardupilot/modules/mavlink/message_definitions/v1.0/common.xml,all.xml,STATIC_REFERENCE_FOUND,3,2,0,1387,4,1391,8112779286420,8127182197385,True,MAV_RESULT_ACCEPTED,0,NOT_OBSERVED,REQUEST_ACK_ACCEPTED_NO_MATCHING_FRAME,benchmark/extraction_runs/milestone6/ArduPilot/runs/Copter/message_summary.json,benchmark/extraction_runs/milestone6/ArduPilot/runs/Copter/request_sweep.json,Baseline proves only this default SITL profile. Request-window matches may be conditional and are not causal when the message already streamed by default.
ardupilot-copter-m6,ArduPilot,ArduCopter,quad,23,PARAM_SET,baseline/ardupilot/modules/mavlink/message_definitions/v1.0/common.xml,all.xml,STATIC_REFERENCE_FOUND,2,6,0,0,0,0,,,True,MAV_RESULT_FAILED,0,NOT_OBSERVED,REQUEST_ACK_FAILED,benchmark/extraction_runs/milestone6/ArduPilot/runs/Copter/message_summary.json,benchmark/extraction_runs/milestone6/ArduPilot/runs/Copter/request_sweep.json,Baseline proves only this default SITL profile. Request-window matches may be conditional and are not causal when the message already streamed by default.
ardupilot-copter-m6,ArduPilot,ArduCopter,quad,24,GPS_RAW_INT,baseline/ardupilot/modules/mavlink/message_definitions/v1.0/common.xml,all.xml,STATIC_REFERENCE_FOUND,1,0,0,0,1,59,8114126140215,8145709419277,True,MAV_RESULT_ACCEPTED,1,POST_REQUEST_WINDOW_OBSERVATION,REQUEST_WINDOW_MESSAGE_OBSERVED,benchmark/extraction_runs/milestone6/ArduPilot/runs/Copter/message_summary.json,benchmark/extraction_runs/milestone6/ArduPilot/runs/Copter/request_sweep.json,Baseline proves only this default SITL profile. Request-window matches may be conditional and are not causal when the message already streamed by default.
ardupilot-copter-m6,ArduPilot,ArduCopter,quad,25,GPS_STATUS,baseline/ardupilot/modules/mavlink/message_definitions/v1.0/common.xml,all.xml,NO_REFERENCE_FOUND_BY_HEURISTIC_SCAN,0,0,0,0,0,0,,,True,MAV_RESULT_FAILED,0,NOT_OBSERVED,REQUEST_ACK_FAILED,benchmark/extraction_runs/milestone6/ArduPilot/runs/Copter/message_summary.json,benchmark/extraction_runs/milestone6/ArduPilot/runs/Copter/request_sweep.json,Baseline proves only this default SITL profile. Request-window matches may be conditional and are not causal when the message already streamed by default.
ardupilot-copter-m6,ArduPilot,ArduCopter,quad,26,SCALED_IMU,baseline/ardupilot/modules/mavlink/message_definitions/v1.0/common.xml,all.xml,STATIC_REFERENCE_FOUND,1,0,0,0,1,1,8114137614580,8114137614580,True,MAV_RESULT_ACCEPTED,1,POST_REQUEST_WINDOW_OBSERVATION,REQUEST_WINDOW_MESSAGE_OBSERVED,benchmark/extraction_runs/milestone6/ArduPilot/runs/Copter/message_summary.json,benchmark/extraction_runs/milestone6/ArduPilot/runs/Copter/request_sweep.json,Baseline proves only this default SITL profile. Request-window matches may be conditional and are not causal when the message already streamed by default.
ardupilot-copter-m6,ArduPilot,ArduCopter,quad,27,RAW_IMU,baseline/ardupilot/modules/mavlink/message_definitions/v1.0/common.xml,all.xml,STATIC_REFERENCE_FOUND,1,0,0,0,1,1,8114143505494,8114143505494,True,MAV_RESULT_ACCEPTED,1,POST_REQUEST_WINDOW_OBSERVATION,REQUEST_WINDOW_MESSAGE_OBSERVED,benchmark/extraction_runs/milestone6/ArduPilot/runs/Copter/message_summary.json,benchmark/extraction_runs/milestone6/ArduPilot/runs/Copter/request_sweep.json,Baseline proves only this default SITL profile. Request-window matches may be conditional and are not causal when the message already streamed by default.
ardupilot-copter-m6,ArduPilot,ArduCopter,quad,28,RAW_PRESSURE,baseline/ardupilot/modules/mavlink/message_definitions/v1.0/common.xml,all.xml,NO_REFERENCE_FOUND_BY_HEURISTIC_SCAN,0,0,0,0,0,0,,,True,MAV_RESULT_FAILED,0,NOT_OBSERVED,REQUEST_ACK_FAILED,benchmark/extraction_runs/milestone6/ArduPilot/runs/Copter/message_summary.json,benchmark/extraction_runs/milestone6/ArduPilot/runs/Copter/request_sweep.json,Baseline proves only this default SITL profile. Request-window matches may be conditional and are not causal when the message already streamed by default.
ardupilot-copter-m6,ArduPilot,ArduCopter,quad,29,SCALED_PRESSURE,baseline/ardupilot/modules/mavlink/message_definitions/v1.0/common.xml,all.xml,STATIC_REFERENCE_FOUND,1,0,0,0,1,1,8114155243576,8114155243576,True,MAV_RESULT_ACCEPTED,1,POST_REQUEST_WINDOW_OBSERVATION,REQUEST_WINDOW_MESSAGE_OBSERVED,benchmark/extraction_runs/milestone6/ArduPilot/runs/Copter/message_summary.json,benchmark/extraction_runs/milestone6/ArduPilot/runs/Copter/request_sweep.json,Baseline proves only this default SITL profile. Request-window matches may be conditional and are not causal when the message already streamed by default.
ardupilot-copter-m6,ArduPilot,ArduCopter,quad,30,ATTITUDE,baseline/ardupilot/modules/mavlink/message_definitions/v1.0/common.xml,all.xml,STATIC_REFERENCE_FOUND,2,0,0,0,1,59,8114160963205,8145703455173,True,MAV_RESULT_ACCEPTED,1,POST_REQUEST_WINDOW_OBSERVATION,REQUEST_WINDOW_MESSAGE_OBSERVED,benchmark/extraction_runs/milestone6/ArduPilot/runs/Copter/message_summary.json,benchmark/extraction_runs/milestone6/ArduPilot/runs/Copter/request_sweep.json,Baseline proves only this default SITL profile. Request-window matches may be conditional and are not causal when the message already streamed by default.
ardupilot-copter-m6,ArduPilot,ArduCopter,quad,31,ATTITUDE_QUATERNION,baseline/ardupilot/modules/mavlink/message_definitions/v1.0/common.xml,all.xml,STATIC_REFERENCE_FOUND,1,0,0,0,1,1,8114166802816,8114166802816,True,MAV_RESULT_ACCEPTED,1,POST_REQUEST_WINDOW_OBSERVATION,REQUEST_WINDOW_MESSAGE_OBSERVED,benchmark/extraction_runs/milestone6/ArduPilot/runs/Copter/message_summary.json,benchmark/extraction_runs/milestone6/ArduPilot/runs/Copter/request_sweep.json,Baseline proves only this default SITL profile. Request-window matches may be conditional and are not causal when the message already streamed by default.
ardupilot-copter-m6,ArduPilot,ArduCopter,quad,32,LOCAL_POSITION_NED,baseline/ardupilot/modules/mavlink/message_definitions/v1.0/common.xml,all.xml,STATIC_REFERENCE_FOUND,1,0,0,0,0,37,8138508353468,8145709624081,True,MAV_RESULT_ACCEPTED,0,NOT_OBSERVED,REQUEST_ACK_ACCEPTED_NO_MATCHING_FRAME,benchmark/extraction_runs/milestone6/ArduPilot/runs/Copter/message_summary.json,benchmark/extraction_runs/milestone6/ArduPilot/runs/Copter/request_sweep.json,Baseline proves only this default SITL profile. Request-window matches may be conditional and are not causal when the message already streamed by default.
ardupilot-copter-m6,ArduPilot,ArduCopter,quad,33,GLOBAL_POSITION_INT,baseline/ardupilot/modules/mavlink/message_definitions/v1.0/standard.xml,all.xml,STATIC_REFERENCE_FOUND,1,6,0,0,1,59,8114621702707,8145703667817,True,MAV_RESULT_ACCEPTED,1,POST_REQUEST_WINDOW_OBSERVATION,REQUEST_WINDOW_MESSAGE_OBSERVED,benchmark/extraction_runs/milestone6/ArduPilot/runs/Copter/message_summary.json,benchmark/extraction_runs/milestone6/ArduPilot/runs/Copter/request_sweep.json,Baseline proves only this default SITL profile. Request-window matches may be conditional and are not causal when the message already streamed by default.
ardupilot-copter-m6,ArduPilot,ArduCopter,quad,34,RC_CHANNELS_SCALED,baseline/ardupilot/modules/mavlink/message_definitions/v1.0/common.xml,all.xml,NO_REFERENCE_FOUND_BY_HEURISTIC_SCAN,0,0,0,0,0,0,,,True,MAV_RESULT_FAILED,0,NOT_OBSERVED,REQUEST_ACK_FAILED,benchmark/extraction_runs/milestone6/ArduPilot/runs/Copter/message_summary.json,benchmark/extraction_runs/milestone6/ArduPilot/runs/Copter/request_sweep.json,Baseline proves only this default SITL profile. Request-window matches may be conditional and are not causal when the message already streamed by default.
ardupilot-copter-m6,ArduPilot,ArduCopter,quad,35,RC_CHANNELS_RAW,baseline/ardupilot/modules/mavlink/message_definitions/v1.0/common.xml,all.xml,STATIC_REFERENCE_FOUND,1,0,0,0,0,0,,,True,MAV_RESULT_ACCEPTED,0,NOT_OBSERVED,REQUEST_ACK_ACCEPTED_NO_MATCHING_FRAME,benchmark/extraction_runs/milestone6/ArduPilot/runs/Copter/message_summary.json,benchmark/extraction_runs/milestone6/ArduPilot/runs/Copter/request_sweep.json,Baseline proves only this default SITL profile. Request-window matches may be conditional and are not causal when the message already streamed by default.
ardupilot-copter-m6,ArduPilot,ArduCopter,quad,36,SERVO_OUTPUT_RAW,baseline/ardupilot/modules/mavlink/message_definitions/v1.0/common.xml,all.xml,STATIC_REFERENCE_FOUND,2,0,0,0,1,59,8115082416569,8145709203400,True,MAV_RESULT_ACCEPTED,1,POST_REQUEST_WINDOW_OBSERVATION,REQUEST_WINDOW_MESSAGE_OBSERVED,benchmark/extraction_runs/milestone6/ArduPilot/runs/Copter/message_summary.json,benchmark/extraction_runs/milestone6/ArduPilot/runs/Copter/request_sweep.json,Baseline proves only this default SITL profile. Request-window matches may be conditional and are not causal when the message already streamed by default.
ardupilot-copter-m6,ArduPilot,ArduCopter,quad,37,MISSION_REQUEST_PARTIAL_LIST,baseline/ardupilot/modules/mavlink/message_definitions/v1.0/common.xml,all.xml,NO_REFERENCE_FOUND_BY_HEURISTIC_SCAN,0,0,0,0,0,0,,,True,MAV_RESULT_FAILED,0,NOT_OBSERVED,REQUEST_ACK_FAILED,benchmark/extraction_runs/milestone6/ArduPilot/runs/Copter/message_summary.json,benchmark/extraction_runs/milestone6/ArduPilot/runs/Copter/request_sweep.json,Baseline proves only this default SITL profile. Request-window matches may be conditional and are not causal when the message already streamed by default.
ardupilot-copter-m6,ArduPilot,ArduCopter,quad,38,MISSION_WRITE_PARTIAL_LIST,baseline/ardupilot/modules/mavlink/message_definitions/v1.0/common.xml,all.xml,STATIC_REFERENCE_FOUND,0,3,0,0,0,0,,,True,MAV_RESULT_FAILED,0,NOT_OBSERVED,REQUEST_ACK_FAILED,benchmark/extraction_runs/milestone6/ArduPilot/runs/Copter/message_summary.json,benchmark/extraction_runs/milestone6/ArduPilot/runs/Copter/request_sweep.json,Baseline proves only this default SITL profile. Request-window matches may be conditional and are not causal when the message already streamed by default.
ardupilot-copter-m6,ArduPilot,ArduCopter,quad,39,MISSION_ITEM,baseline/ardupilot/modules/mavlink/message_definitions/v1.0/common.xml,all.xml,STATIC_REFERENCE_FOUND,0,4,0,0,0,0,,,True,MAV_RESULT_FAILED,0,NOT_OBSERVED,REQUEST_ACK_FAILED,benchmark/extraction_runs/milestone6/ArduPilot/runs/Copter/message_summary.json,benchmark/extraction_runs/milestone6/ArduPilot/runs/Copter/request_sweep.json,Baseline proves only this default SITL profile. Request-window matches may be conditional and are not causal when the message already streamed by default.
ardupilot-copter-m6,ArduPilot,ArduCopter,quad,40,MISSION_REQUEST,baseline/ardupilot/modules/mavlink/message_definitions/v1.0/common.xml,all.xml,STATIC_REFERENCE_FOUND,1,3,0,0,0,0,,,True,MAV_RESULT_FAILED,0,NOT_OBSERVED,REQUEST_ACK_FAILED,benchmark/extraction_runs/milestone6/ArduPilot/runs/Copter/message_summary.json,benchmark/extraction_runs/milestone6/ArduPilot/runs/Copter/request_sweep.json,Baseline proves only this default SITL profile. Request-window matches may be conditional and are not causal when the message already streamed by default.
ardupilot-copter-m6,ArduPilot,ArduCopter,quad,41,MISSION_SET_CURRENT,baseline/ardupilot/modules/mavlink/message_definitions/v1.0/common.xml,all.xml,STATIC_REFERENCE_FOUND,0,3,0,0,0,0,,,True,MAV_RESULT_FAILED,0,NOT_OBSERVED,REQUEST_ACK_FAILED,benchmark/extraction_runs/milestone6/ArduPilot/runs/Copter/message_summary.json,benchmark/extraction_runs/milestone6/ArduPilot/runs/Copter/request_sweep.json,Baseline proves only this default SITL profile. Request-window matches may be conditional and are not causal when the message already streamed by default.
ardupilot-copter-m6,ArduPilot,ArduCopter,quad,42,MISSION_CURRENT,baseline/ardupilot/modules/mavlink/message_definitions/v1.0/common.xml,all.xml,STATIC_REFERENCE_FOUND,1,0,0,0,1,1,8115117356176,8115117356176,True,MAV_RESULT_ACCEPTED,1,POST_REQUEST_WINDOW_OBSERVATION,REQUEST_WINDOW_MESSAGE_OBSERVED,benchmark/extraction_runs/milestone6/ArduPilot/runs/Copter/message_summary.json,benchmark/extraction_runs/milestone6/ArduPilot/runs/Copter/request_sweep.json,Baseline proves only this default SITL profile. Request-window matches may be conditional and are not causal when the message already streamed by default.
ardupilot-copter-m6,ArduPilot,ArduCopter,quad,43,MISSION_REQUEST_LIST,baseline/ardupilot/modules/mavlink/message_definitions/v1.0/common.xml,all.xml,STATIC_REFERENCE_FOUND,0,3,0,0,0,0,,,True,MAV_RESULT_FAILED,0,NOT_OBSERVED,REQUEST_ACK_FAILED,benchmark/extraction_runs/milestone6/ArduPilot/runs/Copter/message_summary.json,benchmark/extraction_runs/milestone6/ArduPilot/runs/Copter/request_sweep.json,Baseline proves only this default SITL profile. Request-window matches may be conditional and are not causal when the message already streamed by default.
ardupilot-copter-m6,ArduPilot,ArduCopter,quad,44,MISSION_COUNT,baseline/ardupilot/modules/mavlink/message_definitions/v1.0/common.xml,all.xml,STATIC_REFERENCE_FOUND,2,3,0,0,0,0,,,True,MAV_RESULT_FAILED,0,NOT_OBSERVED,REQUEST_ACK_FAILED,benchmark/extraction_runs/milestone6/ArduPilot/runs/Copter/message_summary.json,benchmark/extraction_runs/milestone6/ArduPilot/runs/Copter/request_sweep.json,Baseline proves only this default SITL profile. Request-window matches may be conditional and are not causal when the message already streamed by default.
ardupilot-copter-m6,ArduPilot,ArduCopter,quad,45,MISSION_CLEAR_ALL,baseline/ardupilot/modules/mavlink/message_definitions/v1.0/common.xml,all.xml,STATIC_REFERENCE_FOUND,0,3,0,0,0,0,,,True,MAV_RESULT_FAILED,0,NOT_OBSERVED,REQUEST_ACK_FAILED,benchmark/extraction_runs/milestone6/ArduPilot/runs/Copter/message_summary.json,benchmark/extraction_runs/milestone6/ArduPilot/runs/Copter/request_sweep.json,Baseline proves only this default SITL profile. Request-window matches may be conditional and are not causal when the message already streamed by default.
ardupilot-copter-m6,ArduPilot,ArduCopter,quad,46,MISSION_ITEM_REACHED,baseline/ardupilot/modules/mavlink/message_definitions/v1.0/common.xml,all.xml,STATIC_REFERENCE_FOUND,1,0,0,0,1,1,8115140604933,8115140604933,True,MAV_RESULT_ACCEPTED,1,POST_REQUEST_WINDOW_OBSERVATION,REQUEST_WINDOW_MESSAGE_OBSERVED,benchmark/extraction_runs/milestone6/ArduPilot/runs/Copter/message_summary.json,benchmark/extraction_runs/milestone6/ArduPilot/runs/Copter/request_sweep.json,Baseline proves only this default SITL profile. Request-window matches may be conditional and are not causal when the message already streamed by default.
ardupilot-copter-m6,ArduPilot,ArduCopter,quad,47,MISSION_ACK,baseline/ardupilot/modules/mavlink/message_definitions/v1.0/common.xml,all.xml,STATIC_REFERENCE_FOUND,5,2,0,0,0,0,,,True,MAV_RESULT_FAILED,0,NOT_OBSERVED,REQUEST_ACK_FAILED,benchmark/extraction_runs/milestone6/ArduPilot/runs/Copter/message_summary.json,benchmark/extraction_runs/milestone6/ArduPilot/runs/Copter/request_sweep.json,Baseline proves only this default SITL profile. Request-window matches may be conditional and are not causal when the message already streamed by default.
ardupilot-copter-m6,ArduPilot,ArduCopter,quad,48,SET_GPS_GLOBAL_ORIGIN,baseline/ardupilot/modules/mavlink/message_definitions/v1.0/common.xml,all.xml,STATIC_REFERENCE_FOUND,0,2,0,0,0,0,,,True,MAV_RESULT_FAILED,0,NOT_OBSERVED,REQUEST_ACK_FAILED,benchmark/extraction_runs/milestone6/ArduPilot/runs/Copter/message_summary.json,benchmark/extraction_runs/milestone6/ArduPilot/runs/Copter/request_sweep.json,Baseline proves only this default SITL profile. Request-window matches may be conditional and are not causal when the message already streamed by default.
ardupilot-copter-m6,ArduPilot,ArduCopter,quad,49,GPS_GLOBAL_ORIGIN,baseline/ardupilot/modules/mavlink/message_definitions/v1.0/common.xml,all.xml,STATIC_REFERENCE_FOUND,1,0,0,0,1,1,8116749995051,8116749995051,True,MAV_RESULT_ACCEPTED,0,NOT_OBSERVED,REQUEST_ACK_ACCEPTED_NO_MATCHING_FRAME,benchmark/extraction_runs/milestone6/ArduPilot/runs/Copter/message_summary.json,benchmark/extraction_runs/milestone6/ArduPilot/runs/Copter/request_sweep.json,Baseline proves only this default SITL profile. Request-window matches may be conditional and are not causal when the message already streamed by default.
ardupilot-copter-m6,ArduPilot,ArduCopter,quad,50,PARAM_MAP_RC,baseline/ardupilot/modules/mavlink/message_definitions/v1.0/common.xml,all.xml,NO_REFERENCE_FOUND_BY_HEURISTIC_SCAN,0,0,0,0,0,0,,,True,MAV_RESULT_FAILED,0,NOT_OBSERVED,REQUEST_ACK_FAILED,benchmark/extraction_runs/milestone6/ArduPilot/runs/Copter/message_summary.json,benchmark/extraction_runs/milestone6/ArduPilot/runs/Copter/request_sweep.json,Baseline proves only this default SITL profile. Request-window matches may be conditional and are not causal when the message already streamed by default.
ardupilot-copter-m6,ArduPilot,ArduCopter,quad,51,MISSION_REQUEST_INT,baseline/ardupilot/modules/mavlink/message_definitions/v1.0/common.xml,all.xml,STATIC_REFERENCE_FOUND,0,3,0,0,0,0,,,True,MAV_RESULT_FAILED,0,NOT_OBSERVED,REQUEST_ACK_FAILED,benchmark/extraction_runs/milestone6/ArduPilot/runs/Copter/message_summary.json,benchmark/extraction_runs/milestone6/ArduPilot/runs/Copter/request_sweep.json,Baseline proves only this default SITL profile. Request-window matches may be conditional and are not causal when the message already streamed by default.
ardupilot-copter-m6,ArduPilot,ArduCopter,quad,53,MISSION_CHECKSUM,baseline/ardupilot/modules/mavlink/message_definitions/v1.0/development.xml,all.xml,NO_REFERENCE_FOUND_BY_HEURISTIC_SCAN,0,0,0,0,0,0,,,True,MAV_RESULT_FAILED,0,NOT_OBSERVED,REQUEST_ACK_FAILED,benchmark/extraction_runs/milestone6/ArduPilot/runs/Copter/message_summary.json,benchmark/extraction_runs/milestone6/ArduPilot/runs/Copter/request_sweep.json,Baseline proves only this default SITL profile. Request-window matches may be conditional and are not causal when the message already streamed by default.
ardupilot-copter-m6,ArduPilot,ArduCopter,quad,54,SAFETY_SET_ALLOWED_AREA,baseline/ardupilot/modules/mavlink/message_definitions/v1.0/common.xml,all.xml,NO_REFERENCE_FOUND_BY_HEURISTIC_SCAN,0,0,0,0,0,0,,,True,MAV_RESULT_FAILED,0,NOT_OBSERVED,REQUEST_ACK_FAILED,benchmark/extraction_runs/milestone6/ArduPilot/runs/Copter/message_summary.json,benchmark/extraction_runs/milestone6/ArduPilot/runs/Copter/request_sweep.json,Baseline proves only this default SITL profile. Request-window matches may be conditional and are not causal when the message already streamed by default.
ardupilot-copter-m6,ArduPilot,ArduCopter,quad,55,SAFETY_ALLOWED_AREA,baseline/ardupilot/modules/mavlink/message_definitions/v1.0/common.xml,all.xml,NO_REFERENCE_FOUND_BY_HEURISTIC_SCAN,0,0,0,0,0,0,,,True,MAV_RESULT_FAILED,0,NOT_OBSERVED,REQUEST_ACK_FAILED,benchmark/extraction_runs/milestone6/ArduPilot/runs/Copter/message_summary.json,benchmark/extraction_runs/milestone6/ArduPilot/runs/Copter/request_sweep.json,Baseline proves only this default SITL profile. Request-window matches may be conditional and are not causal when the message already streamed by default.
ardupilot-copter-m6,ArduPilot,ArduCopter,quad,61,ATTITUDE_QUATERNION_COV,baseline/ardupilot/modules/mavlink/message_definitions/v1.0/common.xml,all.xml,NO_REFERENCE_FOUND_BY_HEURISTIC_SCAN,0,0,0,0,0,0,,,True,MAV_RESULT_FAILED,0,NOT_OBSERVED,REQUEST_ACK_FAILED,benchmark/extraction_runs/milestone6/ArduPilot/runs/Copter/message_summary.json,benchmark/extraction_runs/milestone6/ArduPilot/runs/Copter/request_sweep.json,Baseline proves only this default SITL profile. Request-window matches may be conditional and are not causal when the message already streamed by default.
ardupilot-copter-m6,ArduPilot,ArduCopter,quad,62,NAV_CONTROLLER_OUTPUT,baseline/ardupilot/modules/mavlink/message_definitions/v1.0/common.xml,all.xml,STATIC_REFERENCE_FOUND,4,0,0,0,1,1,8115642068929,8115642068929,True,MAV_RESULT_ACCEPTED,1,POST_REQUEST_WINDOW_OBSERVATION,REQUEST_WINDOW_MESSAGE_OBSERVED,benchmark/extraction_runs/milestone6/ArduPilot/runs/Copter/message_summary.json,benchmark/extraction_runs/milestone6/ArduPilot/runs/Copter/request_sweep.json,Baseline proves only this default SITL profile. Request-window matches may be conditional and are not causal when the message already streamed by default.
ardupilot-copter-m6,ArduPilot,ArduCopter,quad,63,GLOBAL_POSITION_INT_COV,baseline/ardupilot/modules/mavlink/message_definitions/v1.0/common.xml,all.xml,NO_REFERENCE_FOUND_BY_HEURISTIC_SCAN,0,0,0,0,0,0,,,True,MAV_RESULT_FAILED,0,NOT_OBSERVED,REQUEST_ACK_FAILED,benchmark/extraction_runs/milestone6/ArduPilot/runs/Copter/message_summary.json,benchmark/extraction_runs/milestone6/ArduPilot/runs/Copter/request_sweep.json,Baseline proves only this default SITL profile. Request-window matches may be conditional and are not causal when the message already streamed by default.
ardupilot-copter-m6,ArduPilot,ArduCopter,quad,64,LOCAL_POSITION_NED_COV,baseline/ardupilot/modules/mavlink/message_definitions/v1.0/common.xml,all.xml,NO_REFERENCE_FOUND_BY_HEURISTIC_SCAN,0,0,0,0,0,0,,,True,MAV_RESULT_FAILED,0,NOT_OBSERVED,REQUEST_ACK_FAILED,benchmark/extraction_runs/milestone6/ArduPilot/runs/Copter/message_summary.json,benchmark/extraction_runs/milestone6/ArduPilot/runs/Copter/request_sweep.json,Baseline proves only this default SITL profile. Request-window matches may be conditional and are not causal when the message already streamed by default.
ardupilot-copter-m6,ArduPilot,ArduCopter,quad,65,RC_CHANNELS,baseline/ardupilot/modules/mavlink/message_definitions/v1.0/common.xml,all.xml,STATIC_REFERENCE_FOUND,1,0,0,0,1,59,8115659591135,8145709311446,True,MAV_RESULT_ACCEPTED,1,POST_REQUEST_WINDOW_OBSERVATION,REQUEST_WINDOW_MESSAGE_OBSERVED,benchmark/extraction_runs/milestone6/ArduPilot/runs/Copter/message_summary.json,benchmark/extraction_runs/milestone6/ArduPilot/runs/Copter/request_sweep.json,Baseline proves only this default SITL profile. Request-window matches may be conditional and are not causal when the message already streamed by default.
ardupilot-copter-m6,ArduPilot,ArduCopter,quad,66,REQUEST_DATA_STREAM,baseline/ardupilot/modules/mavlink/message_definitions/v1.0/common.xml,all.xml,STATIC_REFERENCE_FOUND,0,2,0,0,0,0,,,True,MAV_RESULT_FAILED,0,NOT_OBSERVED,REQUEST_ACK_FAILED,benchmark/extraction_runs/milestone6/ArduPilot/runs/Copter/message_summary.json,benchmark/extraction_runs/milestone6/ArduPilot/runs/Copter/request_sweep.json,Baseline proves only this default SITL profile. Request-window matches may be conditional and are not causal when the message already streamed by default.
ardupilot-copter-m6,ArduPilot,ArduCopter,quad,67,DATA_STREAM,baseline/ardupilot/modules/mavlink/message_definitions/v1.0/common.xml,all.xml,NO_REFERENCE_FOUND_BY_HEURISTIC_SCAN,0,0,0,0,0,0,,,True,MAV_RESULT_FAILED,0,NOT_OBSERVED,REQUEST_ACK_FAILED,benchmark/extraction_runs/milestone6/ArduPilot/runs/Copter/message_summary.json,benchmark/extraction_runs/milestone6/ArduPilot/runs/Copter/request_sweep.json,Baseline proves only this default SITL profile. Request-window matches may be conditional and are not causal when the message already streamed by default.
ardupilot-copter-m6,ArduPilot,ArduCopter,quad,69,MANUAL_CONTROL,baseline/ardupilot/modules/mavlink/message_definitions/v1.0/common.xml,all.xml,STATIC_REFERENCE_FOUND,0,2,0,0,0,0,,,True,MAV_RESULT_FAILED,0,NOT_OBSERVED,REQUEST_ACK_FAILED,benchmark/extraction_runs/milestone6/ArduPilot/runs/Copter/message_summary.json,benchmark/extraction_runs/milestone6/ArduPilot/runs/Copter/request_sweep.json,Baseline proves only this default SITL profile. Request-window matches may be conditional and are not causal when the message already streamed by default.
ardupilot-copter-m6,ArduPilot,ArduCopter,quad,70,RC_CHANNELS_OVERRIDE,baseline/ardupilot/modules/mavlink/message_definitions/v1.0/common.xml,all.xml,STATIC_REFERENCE_FOUND,0,2,0,0,0,0,,,True,MAV_RESULT_FAILED,0,NOT_OBSERVED,REQUEST_ACK_FAILED,benchmark/extraction_runs/milestone6/ArduPilot/runs/Copter/message_summary.json,benchmark/extraction_runs/milestone6/ArduPilot/runs/Copter/request_sweep.json,Baseline proves only this default SITL profile. Request-window matches may be conditional and are not causal when the message already streamed by default.
ardupilot-copter-m6,ArduPilot,ArduCopter,quad,73,MISSION_ITEM_INT,baseline/ardupilot/modules/mavlink/message_definitions/v1.0/common.xml,all.xml,STATIC_REFERENCE_FOUND,0,3,0,0,0,0,,,True,MAV_RESULT_FAILED,0,NOT_OBSERVED,REQUEST_ACK_FAILED,benchmark/extraction_runs/milestone6/ArduPilot/runs/Copter/message_summary.json,benchmark/extraction_runs/milestone6/ArduPilot/runs/Copter/request_sweep.json,Baseline proves only this default SITL profile. Request-window matches may be conditional and are not causal when the message already streamed by default.
ardupilot-copter-m6,ArduPilot,ArduCopter,quad,74,VFR_HUD,baseline/ardupilot/modules/mavlink/message_definitions/v1.0/common.xml,all.xml,STATIC_REFERENCE_FOUND,1,0,0,0,1,59,8115694634724,8145708927319,True,MAV_RESULT_ACCEPTED,1,POST_REQUEST_WINDOW_OBSERVATION,REQUEST_WINDOW_MESSAGE_OBSERVED,benchmark/extraction_runs/milestone6/ArduPilot/runs/Copter/message_summary.json,benchmark/extraction_runs/milestone6/ArduPilot/runs/Copter/request_sweep.json,Baseline proves only this default SITL profile. Request-window matches may be conditional and are not causal when the message already streamed by default.
ardupilot-copter-m6,ArduPilot,ArduCopter,quad,75,COMMAND_INT,baseline/ardupilot/modules/mavlink/message_definitions/v1.0/common.xml,all.xml,STATIC_REFERENCE_FOUND,0,4,0,0,0,0,,,True,MAV_RESULT_FAILED,0,NOT_OBSERVED,REQUEST_ACK_FAILED,benchmark/extraction_runs/milestone6/ArduPilot/runs/Copter/message_summary.json,benchmark/extraction_runs/milestone6/ArduPilot/runs/Copter/request_sweep.json,Baseline proves only this default SITL profile. Request-window matches may be conditional and are not causal when the message already streamed by default.
ardupilot-copter-m6,ArduPilot,ArduCopter,quad,76,COMMAND_LONG,baseline/ardupilot/modules/mavlink/message_definitions/v1.0/common.xml,all.xml,STATIC_REFERENCE_FOUND,3,9,0,0,0,0,,,True,MAV_RESULT_FAILED,0,NOT_OBSERVED,REQUEST_ACK_FAILED,benchmark/extraction_runs/milestone6/ArduPilot/runs/Copter/message_summary.json,benchmark/extraction_runs/milestone6/ArduPilot/runs/Copter/request_sweep.json,Baseline proves only this default SITL profile. Request-window matches may be conditional and are not causal when the message already streamed by default.
ardupilot-copter-m6,ArduPilot,ArduCopter,quad,77,COMMAND_ACK,baseline/ardupilot/modules/mavlink/message_definitions/v1.0/common.xml,all.xml,STATIC_REFERENCE_FOUND,7,4,0,0,352,369,8113612668169,8133889018838,True,MAV_RESULT_FAILED,1,POST_REQUEST_WINDOW_OBSERVATION,REQUEST_WINDOW_MESSAGE_OBSERVED,benchmark/extraction_runs/milestone6/ArduPilot/runs/Copter/message_summary.json,benchmark/extraction_runs/milestone6/ArduPilot/runs/Copter/request_sweep.json,Baseline proves only this default SITL profile. Request-window matches may be conditional and are not causal when the message already streamed by default.
ardupilot-copter-m6,ArduPilot,ArduCopter,quad,81,MANUAL_SETPOINT,baseline/ardupilot/modules/mavlink/message_definitions/v1.0/common.xml,all.xml,NO_REFERENCE_FOUND_BY_HEURISTIC_SCAN,0,0,0,0,0,0,,,True,MAV_RESULT_FAILED,0,NOT_OBSERVED,REQUEST_ACK_FAILED,benchmark/extraction_runs/milestone6/ArduPilot/runs/Copter/message_summary.json,benchmark/extraction_runs/milestone6/ArduPilot/runs/Copter/request_sweep.json,Baseline proves only this default SITL profile. Request-window matches may be conditional and are not causal when the message already streamed by default.
ardupilot-copter-m6,ArduPilot,ArduCopter,quad,82,SET_ATTITUDE_TARGET,baseline/ardupilot/modules/mavlink/message_definitions/v1.0/common.xml,all.xml,STATIC_REFERENCE_FOUND,0,6,0,0,0,0,,,True,MAV_RESULT_FAILED,0,NOT_OBSERVED,REQUEST_ACK_FAILED,benchmark/extraction_runs/milestone6/ArduPilot/runs/Copter/message_summary.json,benchmark/extraction_runs/milestone6/ArduPilot/runs/Copter/request_sweep.json,Baseline proves only this default SITL profile. Request-window matches may be conditional and are not causal when the message already streamed by default.
ardupilot-copter-m6,ArduPilot,ArduCopter,quad,83,ATTITUDE_TARGET,baseline/ardupilot/modules/mavlink/message_definitions/v1.0/common.xml,all.xml,STATIC_REFERENCE_FOUND,2,0,0,0,1,59,8115729533962,8145714853177,True,MAV_RESULT_ACCEPTED,1,POST_REQUEST_WINDOW_OBSERVATION,REQUEST_WINDOW_MESSAGE_OBSERVED,benchmark/extraction_runs/milestone6/ArduPilot/runs/Copter/message_summary.json,benchmark/extraction_runs/milestone6/ArduPilot/runs/Copter/request_sweep.json,Baseline proves only this default SITL profile. Request-window matches may be conditional and are not causal when the message already streamed by default.
ardupilot-copter-m6,ArduPilot,ArduCopter,quad,84,SET_POSITION_TARGET_LOCAL_NED,baseline/ardupilot/modules/mavlink/message_definitions/v1.0/common.xml,all.xml,STATIC_REFERENCE_FOUND,0,6,0,0,0,0,,,True,MAV_RESULT_FAILED,0,NOT_OBSERVED,REQUEST_ACK_FAILED,benchmark/extraction_runs/milestone6/ArduPilot/runs/Copter/message_summary.json,benchmark/extraction_runs/milestone6/ArduPilot/runs/Copter/request_sweep.json,Baseline proves only this default SITL profile. Request-window matches may be conditional and are not causal when the message already streamed by default.
ardupilot-copter-m6,ArduPilot,ArduCopter,quad,85,POSITION_TARGET_LOCAL_NED,baseline/ardupilot/modules/mavlink/message_definitions/v1.0/common.xml,all.xml,STATIC_REFERENCE_FOUND,1,0,0,0,0,0,,,True,MAV_RESULT_ACCEPTED,0,NOT_OBSERVED,REQUEST_ACK_ACCEPTED_NO_MATCHING_FRAME,benchmark/extraction_runs/milestone6/ArduPilot/runs/Copter/message_summary.json,benchmark/extraction_runs/milestone6/ArduPilot/runs/Copter/request_sweep.json,Baseline proves only this default SITL profile. Request-window matches may be conditional and are not causal when the message already streamed by default.
ardupilot-copter-m6,ArduPilot,ArduCopter,quad,86,SET_POSITION_TARGET_GLOBAL_INT,baseline/ardupilot/modules/mavlink/message_definitions/v1.0/common.xml,all.xml,STATIC_REFERENCE_FOUND,1,6,0,0,0,0,,,True,MAV_RESULT_FAILED,0,NOT_OBSERVED,REQUEST_ACK_FAILED,benchmark/extraction_runs/milestone6/ArduPilot/runs/Copter/message_summary.json,benchmark/extraction_runs/milestone6/ArduPilot/runs/Copter/request_sweep.json,Baseline proves only this default SITL profile. Request-window matches may be conditional and are not causal when the message already streamed by default.
ardupilot-copter-m6,ArduPilot,ArduCopter,quad,87,POSITION_TARGET_GLOBAL_INT,baseline/ardupilot/modules/mavlink/message_definitions/v1.0/common.xml,all.xml,STATIC_REFERENCE_FOUND,1,0,0,0,0,0,,,True,MAV_RESULT_ACCEPTED,0,NOT_OBSERVED,REQUEST_ACK_ACCEPTED_NO_MATCHING_FRAME,benchmark/extraction_runs/milestone6/ArduPilot/runs/Copter/message_summary.json,benchmark/extraction_runs/milestone6/ArduPilot/runs/Copter/request_sweep.json,Baseline proves only this default SITL profile. Request-window matches may be conditional and are not causal when the message already streamed by default.
ardupilot-copter-m6,ArduPilot,ArduCopter,quad,89,LOCAL_POSITION_NED_SYSTEM_GLOBAL_OFFSET,baseline/ardupilot/modules/mavlink/message_definitions/v1.0/common.xml,all.xml,NO_REFERENCE_FOUND_BY_HEURISTIC_SCAN,0,0,0,0,0,0,,,True,MAV_RESULT_FAILED,0,NOT_OBSERVED,REQUEST_ACK_FAILED,benchmark/extraction_runs/milestone6/ArduPilot/runs/Copter/message_summary.json,benchmark/extraction_runs/milestone6/ArduPilot/runs/Copter/request_sweep.json,Baseline proves only this default SITL profile. Request-window matches may be conditional and are not causal when the message already streamed by default.
ardupilot-copter-m6,ArduPilot,ArduCopter,quad,90,HIL_STATE,baseline/ardupilot/modules/mavlink/message_definitions/v1.0/common.xml,all.xml,NO_REFERENCE_FOUND_BY_HEURISTIC_SCAN,0,0,0,0,0,0,,,True,MAV_RESULT_FAILED,0,NOT_OBSERVED,REQUEST_ACK_FAILED,benchmark/extraction_runs/milestone6/ArduPilot/runs/Copter/message_summary.json,benchmark/extraction_runs/milestone6/ArduPilot/runs/Copter/request_sweep.json,Baseline proves only this default SITL profile. Request-window matches may be conditional and are not causal when the message already streamed by default.
ardupilot-copter-m6,ArduPilot,ArduCopter,quad,91,HIL_CONTROLS,baseline/ardupilot/modules/mavlink/message_definitions/v1.0/common.xml,all.xml,NO_REFERENCE_FOUND_BY_HEURISTIC_SCAN,0,0,0,0,0,0,,,True,MAV_RESULT_FAILED,0,NOT_OBSERVED,REQUEST_ACK_FAILED,benchmark/extraction_runs/milestone6/ArduPilot/runs/Copter/message_summary.json,benchmark/extraction_runs/milestone6/ArduPilot/runs/Copter/request_sweep.json,Baseline proves only this default SITL profile. Request-window matches may be conditional and are not causal when the message already streamed by default.
ardupilot-copter-m6,ArduPilot,ArduCopter,quad,92,HIL_RC_INPUTS_RAW,baseline/ardupilot/modules/mavlink/message_definitions/v1.0/common.xml,all.xml,NO_REFERENCE_FOUND_BY_HEURISTIC_SCAN,0,0,0,0,0,0,,,True,MAV_RESULT_FAILED,0,NOT_OBSERVED,REQUEST_ACK_FAILED,benchmark/extraction_runs/milestone6/ArduPilot/runs/Copter/message_summary.json,benchmark/extraction_runs/milestone6/ArduPilot/runs/Copter/request_sweep.json,Baseline proves only this default SITL profile. Request-window matches may be conditional and are not causal when the message already streamed by default.
ardupilot-copter-m6,ArduPilot,ArduCopter,quad,93,HIL_ACTUATOR_CONTROLS,baseline/ardupilot/modules/mavlink/message_definitions/v1.0/common.xml,all.xml,NO_REFERENCE_FOUND_BY_HEURISTIC_SCAN,0,0,0,0,0,0,,,True,MAV_RESULT_FAILED,0,NOT_OBSERVED,REQUEST_ACK_FAILED,benchmark/extraction_runs/milestone6/ArduPilot/runs/Copter/message_summary.json,benchmark/extraction_runs/milestone6/ArduPilot/runs/Copter/request_sweep.json,Baseline proves only this default SITL profile. Request-window matches may be conditional and are not causal when the message already streamed by default.
ardupilot-copter-m6,ArduPilot,ArduCopter,quad,100,OPTICAL_FLOW,baseline/ardupilot/modules/mavlink/message_definitions/v1.0/common.xml,all.xml,STATIC_REFERENCE_FOUND,1,2,0,0,0,0,,,True,MAV_RESULT_ACCEPTED,0,NOT_OBSERVED,REQUEST_ACK_ACCEPTED_NO_MATCHING_FRAME,benchmark/extraction_runs/milestone6/ArduPilot/runs/Copter/message_summary.json,benchmark/extraction_runs/milestone6/ArduPilot/runs/Copter/request_sweep.json,Baseline proves only this default SITL profile. Request-window matches may be conditional and are not causal when the message already streamed by default.
ardupilot-copter-m6,ArduPilot,ArduCopter,quad,101,GLOBAL_VISION_POSITION_ESTIMATE,baseline/ardupilot/modules/mavlink/message_definitions/v1.0/common.xml,all.xml,STATIC_REFERENCE_FOUND,0,2,0,0,0,0,,,True,MAV_RESULT_FAILED,0,NOT_OBSERVED,REQUEST_ACK_FAILED,benchmark/extraction_runs/milestone6/ArduPilot/runs/Copter/message_summary.json,benchmark/extraction_runs/milestone6/ArduPilot/runs/Copter/request_sweep.json,Baseline proves only this default SITL profile. Request-window matches may be conditional and are not causal when the message already streamed by default.
ardupilot-copter-m6,ArduPilot,ArduCopter,quad,102,VISION_POSITION_ESTIMATE,baseline/ardupilot/modules/mavlink/message_definitions/v1.0/common.xml,all.xml,STATIC_REFERENCE_FOUND,0,2,0,0,0,0,,,True,MAV_RESULT_FAILED,0,NOT_OBSERVED,REQUEST_ACK_FAILED,benchmark/extraction_runs/milestone6/ArduPilot/runs/Copter/message_summary.json,benchmark/extraction_runs/milestone6/ArduPilot/runs/Copter/request_sweep.json,Baseline proves only this default SITL profile. Request-window matches may be conditional and are not causal when the message already streamed by default.
ardupilot-copter-m6,ArduPilot,ArduCopter,quad,103,VISION_SPEED_ESTIMATE,baseline/ardupilot/modules/mavlink/message_definitions/v1.0/common.xml,all.xml,STATIC_REFERENCE_FOUND,0,2,0,0,0,0,,,True,MAV_RESULT_FAILED,0,NOT_OBSERVED,REQUEST_ACK_FAILED,benchmark/extraction_runs/milestone6/ArduPilot/runs/Copter/message_summary.json,benchmark/extraction_runs/milestone6/ArduPilot/runs/Copter/request_sweep.json,Baseline proves only this default SITL profile. Request-window matches may be conditional and are not causal when the message already streamed by default.
ardupilot-copter-m6,ArduPilot,ArduCopter,quad,104,VICON_POSITION_ESTIMATE,baseline/ardupilot/modules/mavlink/message_definitions/v1.0/common.xml,all.xml,STATIC_REFERENCE_FOUND,0,2,0,0,0,0,,,True,MAV_RESULT_FAILED,0,NOT_OBSERVED,REQUEST_ACK_FAILED,benchmark/extraction_runs/milestone6/ArduPilot/runs/Copter/message_summary.json,benchmark/extraction_runs/milestone6/ArduPilot/runs/Copter/request_sweep.json,Baseline proves only this default SITL profile. Request-window matches may be conditional and are not causal when the message already streamed by default.
ardupilot-copter-m6,ArduPilot,ArduCopter,quad,105,HIGHRES_IMU,baseline/ardupilot/modules/mavlink/message_definitions/v1.0/common.xml,all.xml,STATIC_REFERENCE_FOUND,1,0,0,0,1,1,8116971636886,8116971636886,True,MAV_RESULT_ACCEPTED,1,POST_REQUEST_WINDOW_OBSERVATION,REQUEST_WINDOW_MESSAGE_OBSERVED,benchmark/extraction_runs/milestone6/ArduPilot/runs/Copter/message_summary.json,benchmark/extraction_runs/milestone6/ArduPilot/runs/Copter/request_sweep.json,Baseline proves only this default SITL profile. Request-window matches may be conditional and are not causal when the message already streamed by default.
ardupilot-copter-m6,ArduPilot,ArduCopter,quad,106,OPTICAL_FLOW_RAD,baseline/ardupilot/modules/mavlink/message_definitions/v1.0/common.xml,all.xml,NO_REFERENCE_FOUND_BY_HEURISTIC_SCAN,0,0,0,0,0,0,,,True,MAV_RESULT_FAILED,0,NOT_OBSERVED,REQUEST_ACK_FAILED,benchmark/extraction_runs/milestone6/ArduPilot/runs/Copter/message_summary.json,benchmark/extraction_runs/milestone6/ArduPilot/runs/Copter/request_sweep.json,Baseline proves only this default SITL profile. Request-window matches may be conditional and are not causal when the message already streamed by default.
ardupilot-copter-m6,ArduPilot,ArduCopter,quad,107,HIL_SENSOR,baseline/ardupilot/modules/mavlink/message_definitions/v1.0/common.xml,all.xml,NO_REFERENCE_FOUND_BY_HEURISTIC_SCAN,0,0,0,0,0,0,,,True,MAV_RESULT_FAILED,0,NOT_OBSERVED,REQUEST_ACK_FAILED,benchmark/extraction_runs/milestone6/ArduPilot/runs/Copter/message_summary.json,benchmark/extraction_runs/milestone6/ArduPilot/runs/Copter/request_sweep.json,Baseline proves only this default SITL profile. Request-window matches may be conditional and are not causal when the message already streamed by default.
ardupilot-copter-m6,ArduPilot,ArduCopter,quad,108,SIM_STATE,baseline/ardupilot/modules/mavlink/message_definitions/v1.0/common.xml,all.xml,STATIC_REFERENCE_FOUND,1,0,0,0,1,1,8116989107017,8116989107017,True,MAV_RESULT_ACCEPTED,1,POST_REQUEST_WINDOW_OBSERVATION,REQUEST_WINDOW_MESSAGE_OBSERVED,benchmark/extraction_runs/milestone6/ArduPilot/runs/Copter/message_summary.json,benchmark/extraction_runs/milestone6/ArduPilot/runs/Copter/request_sweep.json,Baseline proves only this default SITL profile. Request-window matches may be conditional and are not causal when the message already streamed by default.
ardupilot-copter-m6,ArduPilot,ArduCopter,quad,109,RADIO_STATUS,baseline/ardupilot/modules/mavlink/message_definitions/v1.0/common.xml,all.xml,STATIC_REFERENCE_FOUND,1,3,0,0,0,0,,,True,MAV_RESULT_FAILED,0,NOT_OBSERVED,REQUEST_ACK_FAILED,benchmark/extraction_runs/milestone6/ArduPilot/runs/Copter/message_summary.json,benchmark/extraction_runs/milestone6/ArduPilot/runs/Copter/request_sweep.json,Baseline proves only this default SITL profile. Request-window matches may be conditional and are not causal when the message already streamed by default.
ardupilot-copter-m6,ArduPilot,ArduCopter,quad,110,FILE_TRANSFER_PROTOCOL,baseline/ardupilot/modules/mavlink/message_definitions/v1.0/common.xml,all.xml,STATIC_REFERENCE_FOUND,1,2,0,0,0,0,,,True,MAV_RESULT_FAILED,0,NOT_OBSERVED,REQUEST_ACK_FAILED,benchmark/extraction_runs/milestone6/ArduPilot/runs/Copter/message_summary.json,benchmark/extraction_runs/milestone6/ArduPilot/runs/Copter/request_sweep.json,Baseline proves only this default SITL profile. Request-window matches may be conditional and are not causal when the message already streamed by default.
ardupilot-copter-m6,ArduPilot,ArduCopter,quad,111,TIMESYNC,baseline/ardupilot/modules/mavlink/message_definitions/v1.0/common.xml,all.xml,STATIC_REFERENCE_FOUND,2,2,1,0,2,4,8106743521428,8136752229986,True,MAV_RESULT_FAILED,0,NOT_OBSERVED,DEFAULT_STREAM_OBSERVED,benchmark/extraction_runs/milestone6/ArduPilot/runs/Copter/message_summary.json,benchmark/extraction_runs/milestone6/ArduPilot/runs/Copter/request_sweep.json,Baseline proves only this default SITL profile. Request-window matches may be conditional and are not causal when the message already streamed by default.
ardupilot-copter-m6,ArduPilot,ArduCopter,quad,112,CAMERA_TRIGGER,baseline/ardupilot/modules/mavlink/message_definitions/v1.0/common.xml,all.xml,NO_REFERENCE_FOUND_BY_HEURISTIC_SCAN,0,0,0,0,0,0,,,True,MAV_RESULT_FAILED,0,NOT_OBSERVED,REQUEST_ACK_FAILED,benchmark/extraction_runs/milestone6/ArduPilot/runs/Copter/message_summary.json,benchmark/extraction_runs/milestone6/ArduPilot/runs/Copter/request_sweep.json,Baseline proves only this default SITL profile. Request-window matches may be conditional and are not causal when the message already streamed by default.
ardupilot-copter-m6,ArduPilot,ArduCopter,quad,113,HIL_GPS,baseline/ardupilot/modules/mavlink/message_definitions/v1.0/common.xml,all.xml,NO_REFERENCE_FOUND_BY_HEURISTIC_SCAN,0,0,0,0,0,0,,,True,MAV_RESULT_FAILED,0,NOT_OBSERVED,REQUEST_ACK_FAILED,benchmark/extraction_runs/milestone6/ArduPilot/runs/Copter/message_summary.json,benchmark/extraction_runs/milestone6/ArduPilot/runs/Copter/request_sweep.json,Baseline proves only this default SITL profile. Request-window matches may be conditional and are not causal when the message already streamed by default.
ardupilot-copter-m6,ArduPilot,ArduCopter,quad,114,HIL_OPTICAL_FLOW,baseline/ardupilot/modules/mavlink/message_definitions/v1.0/common.xml,all.xml,NO_REFERENCE_FOUND_BY_HEURISTIC_SCAN,0,0,0,0,0,0,,,True,MAV_RESULT_FAILED,0,NOT_OBSERVED,REQUEST_ACK_FAILED,benchmark/extraction_runs/milestone6/ArduPilot/runs/Copter/message_summary.json,benchmark/extraction_runs/milestone6/ArduPilot/runs/Copter/request_sweep.json,Baseline proves only this default SITL profile. Request-window matches may be conditional and are not causal when the message already streamed by default.
ardupilot-copter-m6,ArduPilot,ArduCopter,quad,115,HIL_STATE_QUATERNION,baseline/ardupilot/modules/mavlink/message_definitions/v1.0/common.xml,all.xml,NO_REFERENCE_FOUND_BY_HEURISTIC_SCAN,0,0,0,0,0,0,,,True,MAV_RESULT_FAILED,0,NOT_OBSERVED,REQUEST_ACK_FAILED,benchmark/extraction_runs/milestone6/ArduPilot/runs/Copter/message_summary.json,benchmark/extraction_runs/milestone6/ArduPilot/runs/Copter/request_sweep.json,Baseline proves only this default SITL profile. Request-window matches may be conditional and are not causal when the message already streamed by default.
ardupilot-copter-m6,ArduPilot,ArduCopter,quad,116,SCALED_IMU2,baseline/ardupilot/modules/mavlink/message_definitions/v1.0/common.xml,all.xml,STATIC_REFERENCE_FOUND,1,0,0,0,1,1,8117035862703,8117035862703,True,MAV_RESULT_ACCEPTED,1,POST_REQUEST_WINDOW_OBSERVATION,REQUEST_WINDOW_MESSAGE_OBSERVED,benchmark/extraction_runs/milestone6/ArduPilot/runs/Copter/message_summary.json,benchmark/extraction_runs/milestone6/ArduPilot/runs/Copter/request_sweep.json,Baseline proves only this default SITL profile. Request-window matches may be conditional and are not causal when the message already streamed by default.
ardupilot-copter-m6,ArduPilot,ArduCopter,quad,117,LOG_REQUEST_LIST,baseline/ardupilot/modules/mavlink/message_definitions/v1.0/common.xml,all.xml,STATIC_REFERENCE_FOUND,0,4,0,0,0,0,,,True,MAV_RESULT_FAILED,0,NOT_OBSERVED,REQUEST_ACK_FAILED,benchmark/extraction_runs/milestone6/ArduPilot/runs/Copter/message_summary.json,benchmark/extraction_runs/milestone6/ArduPilot/runs/Copter/request_sweep.json,Baseline proves only this default SITL profile. Request-window matches may be conditional and are not causal when the message already streamed by default.
ardupilot-copter-m6,ArduPilot,ArduCopter,quad,118,LOG_ENTRY,baseline/ardupilot/modules/mavlink/message_definitions/v1.0/common.xml,all.xml,STATIC_REFERENCE_FOUND,1,0,0,0,0,0,,,True,MAV_RESULT_FAILED,0,NOT_OBSERVED,REQUEST_ACK_FAILED,benchmark/extraction_runs/milestone6/ArduPilot/runs/Copter/message_summary.json,benchmark/extraction_runs/milestone6/ArduPilot/runs/Copter/request_sweep.json,Baseline proves only this default SITL profile. Request-window matches may be conditional and are not causal when the message already streamed by default.
ardupilot-copter-m6,ArduPilot,ArduCopter,quad,119,LOG_REQUEST_DATA,baseline/ardupilot/modules/mavlink/message_definitions/v1.0/common.xml,all.xml,STATIC_REFERENCE_FOUND,0,4,0,0,0,0,,,True,MAV_RESULT_FAILED,0,NOT_OBSERVED,REQUEST_ACK_FAILED,benchmark/extraction_runs/milestone6/ArduPilot/runs/Copter/message_summary.json,benchmark/extraction_runs/milestone6/ArduPilot/runs/Copter/request_sweep.json,Baseline proves only this default SITL profile. Request-window matches may be conditional and are not causal when the message already streamed by default.
ardupilot-copter-m6,ArduPilot,ArduCopter,quad,120,LOG_DATA,baseline/ardupilot/modules/mavlink/message_definitions/v1.0/common.xml,all.xml,STATIC_REFERENCE_FOUND,0,0,0,0,0,0,,,True,MAV_RESULT_FAILED,0,NOT_OBSERVED,REQUEST_ACK_FAILED,benchmark/extraction_runs/milestone6/ArduPilot/runs/Copter/message_summary.json,benchmark/extraction_runs/milestone6/ArduPilot/runs/Copter/request_sweep.json,Baseline proves only this default SITL profile. Request-window matches may be conditional and are not causal when the message already streamed by default.
ardupilot-copter-m6,ArduPilot,ArduCopter,quad,121,LOG_ERASE,baseline/ardupilot/modules/mavlink/message_definitions/v1.0/common.xml,all.xml,STATIC_REFERENCE_FOUND,0,3,0,0,0,0,,,True,MAV_RESULT_FAILED,0,NOT_OBSERVED,REQUEST_ACK_FAILED,benchmark/extraction_runs/milestone6/ArduPilot/runs/Copter/message_summary.json,benchmark/extraction_runs/milestone6/ArduPilot/runs/Copter/request_sweep.json,Baseline proves only this default SITL profile. Request-window matches may be conditional and are not causal when the message already streamed by default.
ardupilot-copter-m6,ArduPilot,ArduCopter,quad,122,LOG_REQUEST_END,baseline/ardupilot/modules/mavlink/message_definitions/v1.0/common.xml,all.xml,STATIC_REFERENCE_FOUND,0,3,0,0,0,0,,,True,MAV_RESULT_FAILED,0,NOT_OBSERVED,REQUEST_ACK_FAILED,benchmark/extraction_runs/milestone6/ArduPilot/runs/Copter/message_summary.json,benchmark/extraction_runs/milestone6/ArduPilot/runs/Copter/request_sweep.json,Baseline proves only this default SITL profile. Request-window matches may be conditional and are not causal when the message already streamed by default.
ardupilot-copter-m6,ArduPilot,ArduCopter,quad,123,GPS_INJECT_DATA,baseline/ardupilot/modules/mavlink/message_definitions/v1.0/common.xml,all.xml,STATIC_REFERENCE_FOUND,0,3,0,0,0,0,,,True,MAV_RESULT_FAILED,0,NOT_OBSERVED,REQUEST_ACK_FAILED,benchmark/extraction_runs/milestone6/ArduPilot/runs/Copter/message_summary.json,benchmark/extraction_runs/milestone6/ArduPilot/runs/Copter/request_sweep.json,Baseline proves only this default SITL profile. Request-window matches may be conditional and are not causal when the message already streamed by default.
ardupilot-copter-m6,ArduPilot,ArduCopter,quad,124,GPS2_RAW,baseline/ardupilot/modules/mavlink/message_definitions/v1.0/common.xml,all.xml,STATIC_REFERENCE_FOUND,1,0,0,0,0,0,,,True,MAV_RESULT_ACCEPTED,0,NOT_OBSERVED,REQUEST_ACK_ACCEPTED_NO_MATCHING_FRAME,benchmark/extraction_runs/milestone6/ArduPilot/runs/Copter/message_summary.json,benchmark/extraction_runs/milestone6/ArduPilot/runs/Copter/request_sweep.json,Baseline proves only this default SITL profile. Request-window matches may be conditional and are not causal when the message already streamed by default.
ardupilot-copter-m6,ArduPilot,ArduCopter,quad,125,POWER_STATUS,baseline/ardupilot/modules/mavlink/message_definitions/v1.0/common.xml,all.xml,STATIC_REFERENCE_FOUND,1,0,0,0,1,1,8117531500248,8117531500248,True,MAV_RESULT_ACCEPTED,1,POST_REQUEST_WINDOW_OBSERVATION,REQUEST_WINDOW_MESSAGE_OBSERVED,benchmark/extraction_runs/milestone6/ArduPilot/runs/Copter/message_summary.json,benchmark/extraction_runs/milestone6/ArduPilot/runs/Copter/request_sweep.json,Baseline proves only this default SITL profile. Request-window matches may be conditional and are not causal when the message already streamed by default.
ardupilot-copter-m6,ArduPilot,ArduCopter,quad,126,SERIAL_CONTROL,baseline/ardupilot/modules/mavlink/message_definitions/v1.0/common.xml,all.xml,STATIC_REFERENCE_FOUND,0,2,0,0,0,0,,,True,MAV_RESULT_FAILED,0,NOT_OBSERVED,REQUEST_ACK_FAILED,benchmark/extraction_runs/milestone6/ArduPilot/runs/Copter/message_summary.json,benchmark/extraction_runs/milestone6/ArduPilot/runs/Copter/request_sweep.json,Baseline proves only this default SITL profile. Request-window matches may be conditional and are not causal when the message already streamed by default.
ardupilot-copter-m6,ArduPilot,ArduCopter,quad,127,GPS_RTK,baseline/ardupilot/modules/mavlink/message_definitions/v1.0/common.xml,all.xml,STATIC_REFERENCE_FOUND,1,0,0,0,0,0,,,True,MAV_RESULT_ACCEPTED,0,NOT_OBSERVED,REQUEST_ACK_ACCEPTED_NO_MATCHING_FRAME,benchmark/extraction_runs/milestone6/ArduPilot/runs/Copter/message_summary.json,benchmark/extraction_runs/milestone6/ArduPilot/runs/Copter/request_sweep.json,Baseline proves only this default SITL profile. Request-window matches may be conditional and are not causal when the message already streamed by default.
ardupilot-copter-m6,ArduPilot,ArduCopter,quad,128,GPS2_RTK,baseline/ardupilot/modules/mavlink/message_definitions/v1.0/common.xml,all.xml,STATIC_REFERENCE_FOUND,1,0,0,0,0,0,,,True,MAV_RESULT_ACCEPTED,0,NOT_OBSERVED,REQUEST_ACK_ACCEPTED_NO_MATCHING_FRAME,benchmark/extraction_runs/milestone6/ArduPilot/runs/Copter/message_summary.json,benchmark/extraction_runs/milestone6/ArduPilot/runs/Copter/request_sweep.json,Baseline proves only this default SITL profile. Request-window matches may be conditional and are not causal when the message already streamed by default.
ardupilot-copter-m6,ArduPilot,ArduCopter,quad,129,SCALED_IMU3,baseline/ardupilot/modules/mavlink/message_definitions/v1.0/common.xml,all.xml,STATIC_REFERENCE_FOUND,1,0,0,0,1,1,8118231266756,8118231266756,True,MAV_RESULT_ACCEPTED,1,POST_REQUEST_WINDOW_OBSERVATION,REQUEST_WINDOW_MESSAGE_OBSERVED,benchmark/extraction_runs/milestone6/ArduPilot/runs/Copter/message_summary.json,benchmark/extraction_runs/milestone6/ArduPilot/runs/Copter/request_sweep.json,Baseline proves only this default SITL profile. Request-window matches may be conditional and are not causal when the message already streamed by default.
ardupilot-copter-m6,ArduPilot,ArduCopter,quad,130,DATA_TRANSMISSION_HANDSHAKE,baseline/ardupilot/modules/mavlink/message_definitions/v1.0/common.xml,all.xml,NO_REFERENCE_FOUND_BY_HEURISTIC_SCAN,0,0,0,0,0,0,,,True,MAV_RESULT_FAILED,0,NOT_OBSERVED,REQUEST_ACK_FAILED,benchmark/extraction_runs/milestone6/ArduPilot/runs/Copter/message_summary.json,benchmark/extraction_runs/milestone6/ArduPilot/runs/Copter/request_sweep.json,Baseline proves only this default SITL profile. Request-window matches may be conditional and are not causal when the message already streamed by default.
ardupilot-copter-m6,ArduPilot,ArduCopter,quad,131,ENCAPSULATED_DATA,baseline/ardupilot/modules/mavlink/message_definitions/v1.0/common.xml,all.xml,NO_REFERENCE_FOUND_BY_HEURISTIC_SCAN,0,0,0,0,0,0,,,True,MAV_RESULT_FAILED,0,NOT_OBSERVED,REQUEST_ACK_FAILED,benchmark/extraction_runs/milestone6/ArduPilot/runs/Copter/message_summary.json,benchmark/extraction_runs/milestone6/ArduPilot/runs/Copter/request_sweep.json,Baseline proves only this default SITL profile. Request-window matches may be conditional and are not causal when the message already streamed by default.
ardupilot-copter-m6,ArduPilot,ArduCopter,quad,132,DISTANCE_SENSOR,baseline/ardupilot/modules/mavlink/message_definitions/v1.0/common.xml,all.xml,STATIC_REFERENCE_FOUND,3,3,0,0,0,0,,,True,MAV_RESULT_ACCEPTED,0,NOT_OBSERVED,REQUEST_ACK_ACCEPTED_NO_MATCHING_FRAME,benchmark/extraction_runs/milestone6/ArduPilot/runs/Copter/message_summary.json,benchmark/extraction_runs/milestone6/ArduPilot/runs/Copter/request_sweep.json,Baseline proves only this default SITL profile. Request-window matches may be conditional and are not causal when the message already streamed by default.
ardupilot-copter-m6,ArduPilot,ArduCopter,quad,133,TERRAIN_REQUEST,baseline/ardupilot/modules/mavlink/message_definitions/v1.0/common.xml,all.xml,STATIC_REFERENCE_FOUND,1,0,0,0,1,1,8118697755912,8118697755912,True,MAV_RESULT_ACCEPTED,1,POST_REQUEST_WINDOW_OBSERVATION,REQUEST_WINDOW_MESSAGE_OBSERVED,benchmark/extraction_runs/milestone6/ArduPilot/runs/Copter/message_summary.json,benchmark/extraction_runs/milestone6/ArduPilot/runs/Copter/request_sweep.json,Baseline proves only this default SITL profile. Request-window matches may be conditional and are not causal when the message already streamed by default.
ardupilot-copter-m6,ArduPilot,ArduCopter,quad,134,TERRAIN_DATA,baseline/ardupilot/modules/mavlink/message_definitions/v1.0/common.xml,all.xml,STATIC_REFERENCE_FOUND,0,3,0,0,0,0,,,True,MAV_RESULT_FAILED,0,NOT_OBSERVED,REQUEST_ACK_FAILED,benchmark/extraction_runs/milestone6/ArduPilot/runs/Copter/message_summary.json,benchmark/extraction_runs/milestone6/ArduPilot/runs/Copter/request_sweep.json,Baseline proves only this default SITL profile. Request-window matches may be conditional and are not causal when the message already streamed by default.
ardupilot-copter-m6,ArduPilot,ArduCopter,quad,135,TERRAIN_CHECK,baseline/ardupilot/modules/mavlink/message_definitions/v1.0/common.xml,all.xml,STATIC_REFERENCE_FOUND,0,3,0,0,0,0,,,True,MAV_RESULT_FAILED,0,NOT_OBSERVED,REQUEST_ACK_FAILED,benchmark/extraction_runs/milestone6/ArduPilot/runs/Copter/message_summary.json,benchmark/extraction_runs/milestone6/ArduPilot/runs/Copter/request_sweep.json,Baseline proves only this default SITL profile. Request-window matches may be conditional and are not causal when the message already streamed by default.
ardupilot-copter-m6,ArduPilot,ArduCopter,quad,136,TERRAIN_REPORT,baseline/ardupilot/modules/mavlink/message_definitions/v1.0/common.xml,all.xml,STATIC_REFERENCE_FOUND,1,0,0,0,1,1,8118715214286,8118715214286,True,MAV_RESULT_ACCEPTED,1,POST_REQUEST_WINDOW_OBSERVATION,REQUEST_WINDOW_MESSAGE_OBSERVED,benchmark/extraction_runs/milestone6/ArduPilot/runs/Copter/message_summary.json,benchmark/extraction_runs/milestone6/ArduPilot/runs/Copter/request_sweep.json,Baseline proves only this default SITL profile. Request-window matches may be conditional and are not causal when the message already streamed by default.
ardupilot-copter-m6,ArduPilot,ArduCopter,quad,137,SCALED_PRESSURE2,baseline/ardupilot/modules/mavlink/message_definitions/v1.0/common.xml,all.xml,STATIC_REFERENCE_FOUND,1,0,0,0,1,1,8118721080445,8118721080445,True,MAV_RESULT_ACCEPTED,1,POST_REQUEST_WINDOW_OBSERVATION,REQUEST_WINDOW_MESSAGE_OBSERVED,benchmark/extraction_runs/milestone6/ArduPilot/runs/Copter/message_summary.json,benchmark/extraction_runs/milestone6/ArduPilot/runs/Copter/request_sweep.json,Baseline proves only this default SITL profile. Request-window matches may be conditional and are not causal when the message already streamed by default.
ardupilot-copter-m6,ArduPilot,ArduCopter,quad,138,ATT_POS_MOCAP,baseline/ardupilot/modules/mavlink/message_definitions/v1.0/common.xml,all.xml,STATIC_REFERENCE_FOUND,0,2,0,0,0,0,,,True,MAV_RESULT_FAILED,0,NOT_OBSERVED,REQUEST_ACK_FAILED,benchmark/extraction_runs/milestone6/ArduPilot/runs/Copter/message_summary.json,benchmark/extraction_runs/milestone6/ArduPilot/runs/Copter/request_sweep.json,Baseline proves only this default SITL profile. Request-window matches may be conditional and are not causal when the message already streamed by default.
ardupilot-copter-m6,ArduPilot,ArduCopter,quad,139,SET_ACTUATOR_CONTROL_TARGET,baseline/ardupilot/modules/mavlink/message_definitions/v1.0/common.xml,all.xml,NO_REFERENCE_FOUND_BY_HEURISTIC_SCAN,0,0,0,0,0,0,,,True,MAV_RESULT_FAILED,0,NOT_OBSERVED,REQUEST_ACK_FAILED,benchmark/extraction_runs/milestone6/ArduPilot/runs/Copter/message_summary.json,benchmark/extraction_runs/milestone6/ArduPilot/runs/Copter/request_sweep.json,Baseline proves only this default SITL profile. Request-window matches may be conditional and are not causal when the message already streamed by default.
ardupilot-copter-m6,ArduPilot,ArduCopter,quad,140,ACTUATOR_CONTROL_TARGET,baseline/ardupilot/modules/mavlink/message_definitions/v1.0/common.xml,all.xml,NO_REFERENCE_FOUND_BY_HEURISTIC_SCAN,0,0,0,0,0,0,,,True,MAV_RESULT_FAILED,0,NOT_OBSERVED,REQUEST_ACK_FAILED,benchmark/extraction_runs/milestone6/ArduPilot/runs/Copter/message_summary.json,benchmark/extraction_runs/milestone6/ArduPilot/runs/Copter/request_sweep.json,Baseline proves only this default SITL profile. Request-window matches may be conditional and are not causal when the message already streamed by default.
ardupilot-copter-m6,ArduPilot,ArduCopter,quad,141,ALTITUDE,baseline/ardupilot/modules/mavlink/message_definitions/v1.0/common.xml,all.xml,NO_REFERENCE_FOUND_BY_HEURISTIC_SCAN,0,0,0,0,0,0,,,True,MAV_RESULT_FAILED,0,NOT_OBSERVED,REQUEST_ACK_FAILED,benchmark/extraction_runs/milestone6/ArduPilot/runs/Copter/message_summary.json,benchmark/extraction_runs/milestone6/ArduPilot/runs/Copter/request_sweep.json,Baseline proves only this default SITL profile. Request-window matches may be conditional and are not causal when the message already streamed by default.
ardupilot-copter-m6,ArduPilot,ArduCopter,quad,142,RESOURCE_REQUEST,baseline/ardupilot/modules/mavlink/message_definitions/v1.0/common.xml,all.xml,NO_REFERENCE_FOUND_BY_HEURISTIC_SCAN,0,0,0,0,0,0,,,True,MAV_RESULT_FAILED,0,NOT_OBSERVED,REQUEST_ACK_FAILED,benchmark/extraction_runs/milestone6/ArduPilot/runs/Copter/message_summary.json,benchmark/extraction_runs/milestone6/ArduPilot/runs/Copter/request_sweep.json,Baseline proves only this default SITL profile. Request-window matches may be conditional and are not causal when the message already streamed by default.
ardupilot-copter-m6,ArduPilot,ArduCopter,quad,143,SCALED_PRESSURE3,baseline/ardupilot/modules/mavlink/message_definitions/v1.0/common.xml,all.xml,STATIC_REFERENCE_FOUND,1,0,0,0,0,0,,,True,MAV_RESULT_ACCEPTED,0,NOT_OBSERVED,REQUEST_ACK_ACCEPTED_NO_MATCHING_FRAME,benchmark/extraction_runs/milestone6/ArduPilot/runs/Copter/message_summary.json,benchmark/extraction_runs/milestone6/ArduPilot/runs/Copter/request_sweep.json,Baseline proves only this default SITL profile. Request-window matches may be conditional and are not causal when the message already streamed by default.
ardupilot-copter-m6,ArduPilot,ArduCopter,quad,144,FOLLOW_TARGET,baseline/ardupilot/modules/mavlink/message_definitions/v1.0/common.xml,all.xml,STATIC_REFERENCE_FOUND,0,2,0,0,0,0,,,True,MAV_RESULT_FAILED,0,NOT_OBSERVED,REQUEST_ACK_FAILED,benchmark/extraction_runs/milestone6/ArduPilot/runs/Copter/message_summary.json,benchmark/extraction_runs/milestone6/ArduPilot/runs/Copter/request_sweep.json,Baseline proves only this default SITL profile. Request-window matches may be conditional and are not causal when the message already streamed by default.
ardupilot-copter-m6,ArduPilot,ArduCopter,quad,146,CONTROL_SYSTEM_STATE,baseline/ardupilot/modules/mavlink/message_definitions/v1.0/common.xml,all.xml,NO_REFERENCE_FOUND_BY_HEURISTIC_SCAN,0,0,0,0,0,0,,,True,MAV_RESULT_FAILED,0,NOT_OBSERVED,REQUEST_ACK_FAILED,benchmark/extraction_runs/milestone6/ArduPilot/runs/Copter/message_summary.json,benchmark/extraction_runs/milestone6/ArduPilot/runs/Copter/request_sweep.json,Baseline proves only this default SITL profile. Request-window matches may be conditional and are not causal when the message already streamed by default.
ardupilot-copter-m6,ArduPilot,ArduCopter,quad,147,BATTERY_STATUS,baseline/ardupilot/modules/mavlink/message_definitions/v1.0/common.xml,all.xml,STATIC_REFERENCE_FOUND,1,0,0,0,1,59,8119216770435,8145709746240,True,MAV_RESULT_ACCEPTED,1,POST_REQUEST_WINDOW_OBSERVATION,REQUEST_WINDOW_MESSAGE_OBSERVED,benchmark/extraction_runs/milestone6/ArduPilot/runs/Copter/message_summary.json,benchmark/extraction_runs/milestone6/ArduPilot/runs/Copter/request_sweep.json,Baseline proves only this default SITL profile. Request-window matches may be conditional and are not causal when the message already streamed by default.
ardupilot-copter-m6,ArduPilot,ArduCopter,quad,148,AUTOPILOT_VERSION,baseline/ardupilot/modules/mavlink/message_definitions/v1.0/standard.xml,all.xml,STATIC_REFERENCE_FOUND,1,0,0,0,1,59,8119222545771,8145714712823,True,MAV_RESULT_ACCEPTED,1,POST_REQUEST_WINDOW_OBSERVATION,REQUEST_WINDOW_MESSAGE_OBSERVED,benchmark/extraction_runs/milestone6/ArduPilot/runs/Copter/message_summary.json,benchmark/extraction_runs/milestone6/ArduPilot/runs/Copter/request_sweep.json,Baseline proves only this default SITL profile. Request-window matches may be conditional and are not causal when the message already streamed by default.
ardupilot-copter-m6,ArduPilot,ArduCopter,quad,149,LANDING_TARGET,baseline/ardupilot/modules/mavlink/message_definitions/v1.0/common.xml,all.xml,STATIC_REFERENCE_FOUND,0,2,0,0,0,0,,,True,MAV_RESULT_FAILED,0,NOT_OBSERVED,REQUEST_ACK_FAILED,benchmark/extraction_runs/milestone6/ArduPilot/runs/Copter/message_summary.json,benchmark/extraction_runs/milestone6/ArduPilot/runs/Copter/request_sweep.json,Baseline proves only this default SITL profile. Request-window matches may be conditional and are not causal when the message already streamed by default.
ardupilot-copter-m6,ArduPilot,ArduCopter,quad,150,SENSOR_OFFSETS,baseline/ardupilot/modules/mavlink/message_definitions/v1.0/ardupilotmega.xml,all.xml,NO_REFERENCE_FOUND_BY_HEURISTIC_SCAN,0,0,0,0,0,0,,,True,MAV_RESULT_FAILED,0,NOT_OBSERVED,REQUEST_ACK_FAILED,benchmark/extraction_runs/milestone6/ArduPilot/runs/Copter/message_summary.json,benchmark/extraction_runs/milestone6/ArduPilot/runs/Copter/request_sweep.json,Baseline proves only this default SITL profile. Request-window matches may be conditional and are not causal when the message already streamed by default.
ardupilot-copter-m6,ArduPilot,ArduCopter,quad,151,SET_MAG_OFFSETS,baseline/ardupilot/modules/mavlink/message_definitions/v1.0/ardupilotmega.xml,all.xml,NO_REFERENCE_FOUND_BY_HEURISTIC_SCAN,0,0,0,0,0,0,,,True,MAV_RESULT_FAILED,0,NOT_OBSERVED,REQUEST_ACK_FAILED,benchmark/extraction_runs/milestone6/ArduPilot/runs/Copter/message_summary.json,benchmark/extraction_runs/milestone6/ArduPilot/runs/Copter/request_sweep.json,Baseline proves only this default SITL profile. Request-window matches may be conditional and are not causal when the message already streamed by default.
ardupilot-copter-m6,ArduPilot,ArduCopter,quad,152,MEMINFO,baseline/ardupilot/modules/mavlink/message_definitions/v1.0/ardupilotmega.xml,all.xml,STATIC_REFERENCE_FOUND,1,0,0,0,1,1,8119245814758,8119245814758,True,MAV_RESULT_ACCEPTED,1,POST_REQUEST_WINDOW_OBSERVATION,REQUEST_WINDOW_MESSAGE_OBSERVED,benchmark/extraction_runs/milestone6/ArduPilot/runs/Copter/message_summary.json,benchmark/extraction_runs/milestone6/ArduPilot/runs/Copter/request_sweep.json,Baseline proves only this default SITL profile. Request-window matches may be conditional and are not causal when the message already streamed by default.
ardupilot-copter-m6,ArduPilot,ArduCopter,quad,153,AP_ADC,baseline/ardupilot/modules/mavlink/message_definitions/v1.0/ardupilotmega.xml,all.xml,STATIC_REFERENCE_FOUND,1,0,0,0,0,0,,,True,MAV_RESULT_FAILED,0,NOT_OBSERVED,REQUEST_ACK_FAILED,benchmark/extraction_runs/milestone6/ArduPilot/runs/Copter/message_summary.json,benchmark/extraction_runs/milestone6/ArduPilot/runs/Copter/request_sweep.json,Baseline proves only this default SITL profile. Request-window matches may be conditional and are not causal when the message already streamed by default.
ardupilot-copter-m6,ArduPilot,ArduCopter,quad,154,DIGICAM_CONFIGURE,baseline/ardupilot/modules/mavlink/message_definitions/v1.0/ardupilotmega.xml,all.xml,NO_REFERENCE_FOUND_BY_HEURISTIC_SCAN,0,0,0,0,0,0,,,True,MAV_RESULT_FAILED,0,NOT_OBSERVED,REQUEST_ACK_FAILED,benchmark/extraction_runs/milestone6/ArduPilot/runs/Copter/message_summary.json,benchmark/extraction_runs/milestone6/ArduPilot/runs/Copter/request_sweep.json,Baseline proves only this default SITL profile. Request-window matches may be conditional and are not causal when the message already streamed by default.
ardupilot-copter-m6,ArduPilot,ArduCopter,quad,155,DIGICAM_CONTROL,baseline/ardupilot/modules/mavlink/message_definitions/v1.0/ardupilotmega.xml,all.xml,STATIC_REFERENCE_FOUND,0,2,0,0,0,0,,,True,MAV_RESULT_FAILED,0,NOT_OBSERVED,REQUEST_ACK_FAILED,benchmark/extraction_runs/milestone6/ArduPilot/runs/Copter/message_summary.json,benchmark/extraction_runs/milestone6/ArduPilot/runs/Copter/request_sweep.json,Baseline proves only this default SITL profile. Request-window matches may be conditional and are not causal when the message already streamed by default.
ardupilot-copter-m6,ArduPilot,ArduCopter,quad,156,MOUNT_CONFIGURE,baseline/ardupilot/modules/mavlink/message_definitions/v1.0/ardupilotmega.xml,all.xml,NO_REFERENCE_FOUND_BY_HEURISTIC_SCAN,0,0,0,0,0,0,,,True,MAV_RESULT_FAILED,0,NOT_OBSERVED,REQUEST_ACK_FAILED,benchmark/extraction_runs/milestone6/ArduPilot/runs/Copter/message_summary.json,benchmark/extraction_runs/milestone6/ArduPilot/runs/Copter/request_sweep.json,Baseline proves only this default SITL profile. Request-window matches may be conditional and are not causal when the message already streamed by default.
ardupilot-copter-m6,ArduPilot,ArduCopter,quad,157,MOUNT_CONTROL,baseline/ardupilot/modules/mavlink/message_definitions/v1.0/ardupilotmega.xml,all.xml,NO_REFERENCE_FOUND_BY_HEURISTIC_SCAN,0,0,0,0,0,0,,,True,MAV_RESULT_FAILED,0,NOT_OBSERVED,REQUEST_ACK_FAILED,benchmark/extraction_runs/milestone6/ArduPilot/runs/Copter/message_summary.json,benchmark/extraction_runs/milestone6/ArduPilot/runs/Copter/request_sweep.json,Baseline proves only this default SITL profile. Request-window matches may be conditional and are not causal when the message already streamed by default.
ardupilot-copter-m6,ArduPilot,ArduCopter,quad,158,MOUNT_STATUS,baseline/ardupilot/modules/mavlink/message_definitions/v1.0/ardupilotmega.xml,all.xml,NO_REFERENCE_FOUND_BY_HEURISTIC_SCAN,0,0,0,0,0,0,,,True,MAV_RESULT_FAILED,0,NOT_OBSERVED,REQUEST_ACK_FAILED,benchmark/extraction_runs/milestone6/ArduPilot/runs/Copter/message_summary.json,benchmark/extraction_runs/milestone6/ArduPilot/runs/Copter/request_sweep.json,Baseline proves only this default SITL profile. Request-window matches may be conditional and are not causal when the message already streamed by default.
ardupilot-copter-m6,ArduPilot,ArduCopter,quad,160,FENCE_POINT,baseline/ardupilot/modules/mavlink/message_definitions/v1.0/ardupilotmega.xml,all.xml,NO_REFERENCE_FOUND_BY_HEURISTIC_SCAN,0,0,0,0,0,0,,,True,MAV_RESULT_FAILED,0,NOT_OBSERVED,REQUEST_ACK_FAILED,benchmark/extraction_runs/milestone6/ArduPilot/runs/Copter/message_summary.json,benchmark/extraction_runs/milestone6/ArduPilot/runs/Copter/request_sweep.json,Baseline proves only this default SITL profile. Request-window matches may be conditional and are not causal when the message already streamed by default.
ardupilot-copter-m6,ArduPilot,ArduCopter,quad,161,FENCE_FETCH_POINT,baseline/ardupilot/modules/mavlink/message_definitions/v1.0/ardupilotmega.xml,all.xml,NO_REFERENCE_FOUND_BY_HEURISTIC_SCAN,0,0,0,0,0,0,,,True,MAV_RESULT_FAILED,0,NOT_OBSERVED,REQUEST_ACK_FAILED,benchmark/extraction_runs/milestone6/ArduPilot/runs/Copter/message_summary.json,benchmark/extraction_runs/milestone6/ArduPilot/runs/Copter/request_sweep.json,Baseline proves only this default SITL profile. Request-window matches may be conditional and are not causal when the message already streamed by default.
ardupilot-copter-m6,ArduPilot,ArduCopter,quad,162,FENCE_STATUS,baseline/ardupilot/modules/mavlink/message_definitions/v1.0/common.xml,all.xml,STATIC_REFERENCE_FOUND,1,0,0,0,0,0,,,True,MAV_RESULT_ACCEPTED,0,NOT_OBSERVED,REQUEST_ACK_ACCEPTED_NO_MATCHING_FRAME,benchmark/extraction_runs/milestone6/ArduPilot/runs/Copter/message_summary.json,benchmark/extraction_runs/milestone6/ArduPilot/runs/Copter/request_sweep.json,Baseline proves only this default SITL profile. Request-window matches may be conditional and are not causal when the message already streamed by default.
ardupilot-copter-m6,ArduPilot,ArduCopter,quad,163,AHRS,baseline/ardupilot/modules/mavlink/message_definitions/v1.0/ardupilotmega.xml,all.xml,STATIC_REFERENCE_FOUND,1,0,0,0,1,1,8119747285880,8119747285880,True,MAV_RESULT_ACCEPTED,1,POST_REQUEST_WINDOW_OBSERVATION,REQUEST_WINDOW_MESSAGE_OBSERVED,benchmark/extraction_runs/milestone6/ArduPilot/runs/Copter/message_summary.json,benchmark/extraction_runs/milestone6/ArduPilot/runs/Copter/request_sweep.json,Baseline proves only this default SITL profile. Request-window matches may be conditional and are not causal when the message already streamed by default.
ardupilot-copter-m6,ArduPilot,ArduCopter,quad,164,SIMSTATE,baseline/ardupilot/modules/mavlink/message_definitions/v1.0/ardupilotmega.xml,all.xml,STATIC_REFERENCE_FOUND,1,0,0,0,1,1,8119753170418,8119753170418,True,MAV_RESULT_ACCEPTED,1,POST_REQUEST_WINDOW_OBSERVATION,REQUEST_WINDOW_MESSAGE_OBSERVED,benchmark/extraction_runs/milestone6/ArduPilot/runs/Copter/message_summary.json,benchmark/extraction_runs/milestone6/ArduPilot/runs/Copter/request_sweep.json,Baseline proves only this default SITL profile. Request-window matches may be conditional and are not causal when the message already streamed by default.
ardupilot-copter-m6,ArduPilot,ArduCopter,quad,165,HWSTATUS,baseline/ardupilot/modules/mavlink/message_definitions/v1.0/ardupilotmega.xml,all.xml,NO_REFERENCE_FOUND_BY_HEURISTIC_SCAN,0,0,0,0,0,0,,,True,MAV_RESULT_FAILED,0,NOT_OBSERVED,REQUEST_ACK_FAILED,benchmark/extraction_runs/milestone6/ArduPilot/runs/Copter/message_summary.json,benchmark/extraction_runs/milestone6/ArduPilot/runs/Copter/request_sweep.json,Baseline proves only this default SITL profile. Request-window matches may be conditional and are not causal when the message already streamed by default.
ardupilot-copter-m6,ArduPilot,ArduCopter,quad,166,RADIO,baseline/ardupilot/modules/mavlink/message_definitions/v1.0/ardupilotmega.xml,all.xml,STATIC_REFERENCE_FOUND,0,4,0,0,0,0,,,True,MAV_RESULT_FAILED,0,NOT_OBSERVED,REQUEST_ACK_FAILED,benchmark/extraction_runs/milestone6/ArduPilot/runs/Copter/message_summary.json,benchmark/extraction_runs/milestone6/ArduPilot/runs/Copter/request_sweep.json,Baseline proves only this default SITL profile. Request-window matches may be conditional and are not causal when the message already streamed by default.
ardupilot-copter-m6,ArduPilot,ArduCopter,quad,167,LIMITS_STATUS,baseline/ardupilot/modules/mavlink/message_definitions/v1.0/ardupilotmega.xml,all.xml,NO_REFERENCE_FOUND_BY_HEURISTIC_SCAN,0,0,0,0,0,0,,,True,MAV_RESULT_FAILED,0,NOT_OBSERVED,REQUEST_ACK_FAILED,benchmark/extraction_runs/milestone6/ArduPilot/runs/Copter/message_summary.json,benchmark/extraction_runs/milestone6/ArduPilot/runs/Copter/request_sweep.json,Baseline proves only this default SITL profile. Request-window matches may be conditional and are not causal when the message already streamed by default.
ardupilot-copter-m6,ArduPilot,ArduCopter,quad,168,WIND,baseline/ardupilot/modules/mavlink/message_definitions/v1.0/ardupilotmega.xml,all.xml,STATIC_REFERENCE_FOUND,3,0,0,0,0,0,,,True,MAV_RESULT_ACCEPTED,0,NOT_OBSERVED,REQUEST_ACK_ACCEPTED_NO_MATCHING_FRAME,benchmark/extraction_runs/milestone6/ArduPilot/runs/Copter/message_summary.json,benchmark/extraction_runs/milestone6/ArduPilot/runs/Copter/request_sweep.json,Baseline proves only this default SITL profile. Request-window matches may be conditional and are not causal when the message already streamed by default.
ardupilot-copter-m6,ArduPilot,ArduCopter,quad,169,DATA16,baseline/ardupilot/modules/mavlink/message_definitions/v1.0/ardupilotmega.xml,all.xml,STATIC_REFERENCE_FOUND,4,0,0,0,0,0,,,True,MAV_RESULT_FAILED,0,NOT_OBSERVED,REQUEST_ACK_FAILED,benchmark/extraction_runs/milestone6/ArduPilot/runs/Copter/message_summary.json,benchmark/extraction_runs/milestone6/ArduPilot/runs/Copter/request_sweep.json,Baseline proves only this default SITL profile. Request-window matches may be conditional and are not causal when the message already streamed by default.
ardupilot-copter-m6,ArduPilot,ArduCopter,quad,170,DATA32,baseline/ardupilot/modules/mavlink/message_definitions/v1.0/ardupilotmega.xml,all.xml,NO_REFERENCE_FOUND_BY_HEURISTIC_SCAN,0,0,0,0,0,0,,,True,MAV_RESULT_FAILED,0,NOT_OBSERVED,REQUEST_ACK_FAILED,benchmark/extraction_runs/milestone6/ArduPilot/runs/Copter/message_summary.json,benchmark/extraction_runs/milestone6/ArduPilot/runs/Copter/request_sweep.json,Baseline proves only this default SITL profile. Request-window matches may be conditional and are not causal when the message already streamed by default.
ardupilot-copter-m6,ArduPilot,ArduCopter,quad,171,DATA64,baseline/ardupilot/modules/mavlink/message_definitions/v1.0/ardupilotmega.xml,all.xml,NO_REFERENCE_FOUND_BY_HEURISTIC_SCAN,0,0,0,0,0,0,,,True,MAV_RESULT_FAILED,0,NOT_OBSERVED,REQUEST_ACK_FAILED,benchmark/extraction_runs/milestone6/ArduPilot/runs/Copter/message_summary.json,benchmark/extraction_runs/milestone6/ArduPilot/runs/Copter/request_sweep.json,Baseline proves only this default SITL profile. Request-window matches may be conditional and are not causal when the message already streamed by default.
ardupilot-copter-m6,ArduPilot,ArduCopter,quad,172,DATA96,baseline/ardupilot/modules/mavlink/message_definitions/v1.0/ardupilotmega.xml,all.xml,STATIC_REFERENCE_FOUND,0,2,0,0,0,0,,,True,MAV_RESULT_FAILED,0,NOT_OBSERVED,REQUEST_ACK_FAILED,benchmark/extraction_runs/milestone6/ArduPilot/runs/Copter/message_summary.json,benchmark/extraction_runs/milestone6/ArduPilot/runs/Copter/request_sweep.json,Baseline proves only this default SITL profile. Request-window matches may be conditional and are not causal when the message already streamed by default.
ardupilot-copter-m6,ArduPilot,ArduCopter,quad,173,RANGEFINDER,baseline/ardupilot/modules/mavlink/message_definitions/v1.0/ardupilotmega.xml,all.xml,STATIC_REFERENCE_FOUND,2,0,0,0,0,0,,,True,MAV_RESULT_ACCEPTED,0,NOT_OBSERVED,REQUEST_ACK_ACCEPTED_NO_MATCHING_FRAME,benchmark/extraction_runs/milestone6/ArduPilot/runs/Copter/message_summary.json,benchmark/extraction_runs/milestone6/ArduPilot/runs/Copter/request_sweep.json,Baseline proves only this default SITL profile. Request-window matches may be conditional and are not causal when the message already streamed by default.
ardupilot-copter-m6,ArduPilot,ArduCopter,quad,174,AIRSPEED_AUTOCAL,baseline/ardupilot/modules/mavlink/message_definitions/v1.0/ardupilotmega.xml,all.xml,STATIC_REFERENCE_FOUND,0,0,0,0,0,0,,,True,MAV_RESULT_FAILED,0,NOT_OBSERVED,REQUEST_ACK_FAILED,benchmark/extraction_runs/milestone6/ArduPilot/runs/Copter/message_summary.json,benchmark/extraction_runs/milestone6/ArduPilot/runs/Copter/request_sweep.json,Baseline proves only this default SITL profile. Request-window matches may be conditional and are not causal when the message already streamed by default.
ardupilot-copter-m6,ArduPilot,ArduCopter,quad,175,RALLY_POINT,baseline/ardupilot/modules/mavlink/message_definitions/v1.0/ardupilotmega.xml,all.xml,NO_REFERENCE_FOUND_BY_HEURISTIC_SCAN,0,0,0,0,0,0,,,True,MAV_RESULT_FAILED,0,NOT_OBSERVED,REQUEST_ACK_FAILED,benchmark/extraction_runs/milestone6/ArduPilot/runs/Copter/message_summary.json,benchmark/extraction_runs/milestone6/ArduPilot/runs/Copter/request_sweep.json,Baseline proves only this default SITL profile. Request-window matches may be conditional and are not causal when the message already streamed by default.
ardupilot-copter-m6,ArduPilot,ArduCopter,quad,176,RALLY_FETCH_POINT,baseline/ardupilot/modules/mavlink/message_definitions/v1.0/ardupilotmega.xml,all.xml,NO_REFERENCE_FOUND_BY_HEURISTIC_SCAN,0,0,0,0,0,0,,,True,MAV_RESULT_FAILED,0,NOT_OBSERVED,REQUEST_ACK_FAILED,benchmark/extraction_runs/milestone6/ArduPilot/runs/Copter/message_summary.json,benchmark/extraction_runs/milestone6/ArduPilot/runs/Copter/request_sweep.json,Baseline proves only this default SITL profile. Request-window matches may be conditional and are not causal when the message already streamed by default.
ardupilot-copter-m6,ArduPilot,ArduCopter,quad,177,COMPASSMOT_STATUS,baseline/ardupilot/modules/mavlink/message_definitions/v1.0/ardupilotmega.xml,all.xml,STATIC_REFERENCE_FOUND,1,0,0,0,0,0,,,True,MAV_RESULT_FAILED,0,NOT_OBSERVED,REQUEST_ACK_FAILED,benchmark/extraction_runs/milestone6/ArduPilot/runs/Copter/message_summary.json,benchmark/extraction_runs/milestone6/ArduPilot/runs/Copter/request_sweep.json,Baseline proves only this default SITL profile. Request-window matches may be conditional and are not causal when the message already streamed by default.
ardupilot-copter-m6,ArduPilot,ArduCopter,quad,178,AHRS2,baseline/ardupilot/modules/mavlink/message_definitions/v1.0/ardupilotmega.xml,all.xml,STATIC_REFERENCE_FOUND,1,0,0,0,1,1,8120721061439,8120721061439,True,MAV_RESULT_ACCEPTED,1,POST_REQUEST_WINDOW_OBSERVATION,REQUEST_WINDOW_MESSAGE_OBSERVED,benchmark/extraction_runs/milestone6/ArduPilot/runs/Copter/message_summary.json,benchmark/extraction_runs/milestone6/ArduPilot/runs/Copter/request_sweep.json,Baseline proves only this default SITL profile. Request-window matches may be conditional and are not causal when the message already streamed by default.
ardupilot-copter-m6,ArduPilot,ArduCopter,quad,179,CAMERA_STATUS,baseline/ardupilot/modules/mavlink/message_definitions/v1.0/ardupilotmega.xml,all.xml,NO_REFERENCE_FOUND_BY_HEURISTIC_SCAN,0,0,0,0,0,0,,,True,MAV_RESULT_FAILED,0,NOT_OBSERVED,REQUEST_ACK_FAILED,benchmark/extraction_runs/milestone6/ArduPilot/runs/Copter/message_summary.json,benchmark/extraction_runs/milestone6/ArduPilot/runs/Copter/request_sweep.json,Baseline proves only this default SITL profile. Request-window matches may be conditional and are not causal when the message already streamed by default.
ardupilot-copter-m6,ArduPilot,ArduCopter,quad,180,CAMERA_FEEDBACK,baseline/ardupilot/modules/mavlink/message_definitions/v1.0/ardupilotmega.xml,all.xml,STATIC_REFERENCE_FOUND,1,0,0,0,0,0,,,True,MAV_RESULT_ACCEPTED,0,NOT_OBSERVED,REQUEST_ACK_ACCEPTED_NO_MATCHING_FRAME,benchmark/extraction_runs/milestone6/ArduPilot/runs/Copter/message_summary.json,benchmark/extraction_runs/milestone6/ArduPilot/runs/Copter/request_sweep.json,Baseline proves only this default SITL profile. Request-window matches may be conditional and are not causal when the message already streamed by default.
ardupilot-copter-m6,ArduPilot,ArduCopter,quad,181,BATTERY2,baseline/ardupilot/modules/mavlink/message_definitions/v1.0/ardupilotmega.xml,all.xml,NO_REFERENCE_FOUND_BY_HEURISTIC_SCAN,0,0,0,0,0,0,,,True,MAV_RESULT_FAILED,0,NOT_OBSERVED,REQUEST_ACK_FAILED,benchmark/extraction_runs/milestone6/ArduPilot/runs/Copter/message_summary.json,benchmark/extraction_runs/milestone6/ArduPilot/runs/Copter/request_sweep.json,Baseline proves only this default SITL profile. Request-window matches may be conditional and are not causal when the message already streamed by default.
ardupilot-copter-m6,ArduPilot,ArduCopter,quad,182,AHRS3,baseline/ardupilot/modules/mavlink/message_definitions/v1.0/ardupilotmega.xml,all.xml,NO_REFERENCE_FOUND_BY_HEURISTIC_SCAN,0,0,0,0,0,0,,,True,MAV_RESULT_FAILED,0,NOT_OBSERVED,REQUEST_ACK_FAILED,benchmark/extraction_runs/milestone6/ArduPilot/runs/Copter/message_summary.json,benchmark/extraction_runs/milestone6/ArduPilot/runs/Copter/request_sweep.json,Baseline proves only this default SITL profile. Request-window matches may be conditional and are not causal when the message already streamed by default.
ardupilot-copter-m6,ArduPilot,ArduCopter,quad,183,AUTOPILOT_VERSION_REQUEST,baseline/ardupilot/modules/mavlink/message_definitions/v1.0/ardupilotmega.xml,all.xml,STATIC_REFERENCE_FOUND,0,1,0,0,0,0,,,True,MAV_RESULT_FAILED,0,NOT_OBSERVED,REQUEST_ACK_FAILED,benchmark/extraction_runs/milestone6/ArduPilot/runs/Copter/message_summary.json,benchmark/extraction_runs/milestone6/ArduPilot/runs/Copter/request_sweep.json,Baseline proves only this default SITL profile. Request-window matches may be conditional and are not causal when the message already streamed by default.
ardupilot-copter-m6,ArduPilot,ArduCopter,quad,184,REMOTE_LOG_DATA_BLOCK,baseline/ardupilot/modules/mavlink/message_definitions/v1.0/ardupilotmega.xml,all.xml,STATIC_REFERENCE_FOUND,1,0,0,0,0,0,,,True,MAV_RESULT_FAILED,0,NOT_OBSERVED,REQUEST_ACK_FAILED,benchmark/extraction_runs/milestone6/ArduPilot/runs/Copter/message_summary.json,benchmark/extraction_runs/milestone6/ArduPilot/runs/Copter/request_sweep.json,Baseline proves only this default SITL profile. Request-window matches may be conditional and are not causal when the message already streamed by default.
ardupilot-copter-m6,ArduPilot,ArduCopter,quad,185,REMOTE_LOG_BLOCK_STATUS,baseline/ardupilot/modules/mavlink/message_definitions/v1.0/ardupilotmega.xml,all.xml,STATIC_REFERENCE_FOUND,0,3,0,0,0,0,,,True,MAV_RESULT_FAILED,0,NOT_OBSERVED,REQUEST_ACK_FAILED,benchmark/extraction_runs/milestone6/ArduPilot/runs/Copter/message_summary.json,benchmark/extraction_runs/milestone6/ArduPilot/runs/Copter/request_sweep.json,Baseline proves only this default SITL profile. Request-window matches may be conditional and are not causal when the message already streamed by default.
ardupilot-copter-m6,ArduPilot,ArduCopter,quad,186,LED_CONTROL,baseline/ardupilot/modules/mavlink/message_definitions/v1.0/ardupilotmega.xml,all.xml,STATIC_REFERENCE_FOUND,0,3,0,0,0,0,,,True,MAV_RESULT_FAILED,0,NOT_OBSERVED,REQUEST_ACK_FAILED,benchmark/extraction_runs/milestone6/ArduPilot/runs/Copter/message_summary.json,benchmark/extraction_runs/milestone6/ArduPilot/runs/Copter/request_sweep.json,Baseline proves only this default SITL profile. Request-window matches may be conditional and are not causal when the message already streamed by default.
ardupilot-copter-m6,ArduPilot,ArduCopter,quad,191,MAG_CAL_PROGRESS,baseline/ardupilot/modules/mavlink/message_definitions/v1.0/ardupilotmega.xml,all.xml,STATIC_REFERENCE_FOUND,1,0,0,0,0,0,,,True,MAV_RESULT_ACCEPTED,0,NOT_OBSERVED,REQUEST_ACK_ACCEPTED_NO_MATCHING_FRAME,benchmark/extraction_runs/milestone6/ArduPilot/runs/Copter/message_summary.json,benchmark/extraction_runs/milestone6/ArduPilot/runs/Copter/request_sweep.json,Baseline proves only this default SITL profile. Request-window matches may be conditional and are not causal when the message already streamed by default.
ardupilot-copter-m6,ArduPilot,ArduCopter,quad,192,MAG_CAL_REPORT,baseline/ardupilot/modules/mavlink/message_definitions/v1.0/common.xml,all.xml,STATIC_REFERENCE_FOUND,1,0,0,0,0,0,,,True,MAV_RESULT_ACCEPTED,0,NOT_OBSERVED,REQUEST_ACK_ACCEPTED_NO_MATCHING_FRAME,benchmark/extraction_runs/milestone6/ArduPilot/runs/Copter/message_summary.json,benchmark/extraction_runs/milestone6/ArduPilot/runs/Copter/request_sweep.json,Baseline proves only this default SITL profile. Request-window matches may be conditional and are not causal when the message already streamed by default.
ardupilot-copter-m6,ArduPilot,ArduCopter,quad,193,EKF_STATUS_REPORT,baseline/ardupilot/modules/mavlink/message_definitions/v1.0/ardupilotmega.xml,all.xml,STATIC_REFERENCE_FOUND,1,0,0,0,1,1,8122114773512,8122114773512,True,MAV_RESULT_ACCEPTED,1,POST_REQUEST_WINDOW_OBSERVATION,REQUEST_WINDOW_MESSAGE_OBSERVED,benchmark/extraction_runs/milestone6/ArduPilot/runs/Copter/message_summary.json,benchmark/extraction_runs/milestone6/ArduPilot/runs/Copter/request_sweep.json,Baseline proves only this default SITL profile. Request-window matches may be conditional and are not causal when the message already streamed by default.
ardupilot-copter-m6,ArduPilot,ArduCopter,quad,194,PID_TUNING,baseline/ardupilot/modules/mavlink/message_definitions/v1.0/ardupilotmega.xml,all.xml,STATIC_REFERENCE_FOUND,10,0,0,0,0,0,,,True,MAV_RESULT_ACCEPTED,0,NOT_OBSERVED,REQUEST_ACK_ACCEPTED_NO_MATCHING_FRAME,benchmark/extraction_runs/milestone6/ArduPilot/runs/Copter/message_summary.json,benchmark/extraction_runs/milestone6/ArduPilot/runs/Copter/request_sweep.json,Baseline proves only this default SITL profile. Request-window matches may be conditional and are not causal when the message already streamed by default.
ardupilot-copter-m6,ArduPilot,ArduCopter,quad,195,DEEPSTALL,baseline/ardupilot/modules/mavlink/message_definitions/v1.0/ardupilotmega.xml,all.xml,STATIC_REFERENCE_FOUND,1,0,0,0,0,0,,,True,MAV_RESULT_FAILED,0,NOT_OBSERVED,REQUEST_ACK_FAILED,benchmark/extraction_runs/milestone6/ArduPilot/runs/Copter/message_summary.json,benchmark/extraction_runs/milestone6/ArduPilot/runs/Copter/request_sweep.json,Baseline proves only this default SITL profile. Request-window matches may be conditional and are not causal when the message already streamed by default.
ardupilot-copter-m6,ArduPilot,ArduCopter,quad,200,GIMBAL_REPORT,baseline/ardupilot/modules/mavlink/message_definitions/v1.0/ardupilotmega.xml,all.xml,STATIC_REFERENCE_FOUND,0,3,0,0,0,0,,,True,MAV_RESULT_FAILED,0,NOT_OBSERVED,REQUEST_ACK_FAILED,benchmark/extraction_runs/milestone6/ArduPilot/runs/Copter/message_summary.json,benchmark/extraction_runs/milestone6/ArduPilot/runs/Copter/request_sweep.json,Baseline proves only this default SITL profile. Request-window matches may be conditional and are not causal when the message already streamed by default.
ardupilot-copter-m6,ArduPilot,ArduCopter,quad,201,GIMBAL_CONTROL,baseline/ardupilot/modules/mavlink/message_definitions/v1.0/ardupilotmega.xml,all.xml,STATIC_REFERENCE_FOUND,2,2,0,0,0,0,,,True,MAV_RESULT_FAILED,0,NOT_OBSERVED,REQUEST_ACK_FAILED,benchmark/extraction_runs/milestone6/ArduPilot/runs/Copter/message_summary.json,benchmark/extraction_runs/milestone6/ArduPilot/runs/Copter/request_sweep.json,Baseline proves only this default SITL profile. Request-window matches may be conditional and are not causal when the message already streamed by default.
ardupilot-copter-m6,ArduPilot,ArduCopter,quad,214,GIMBAL_TORQUE_CMD_REPORT,baseline/ardupilot/modules/mavlink/message_definitions/v1.0/ardupilotmega.xml,all.xml,NO_REFERENCE_FOUND_BY_HEURISTIC_SCAN,0,0,0,0,0,0,,,True,MAV_RESULT_FAILED,0,NOT_OBSERVED,REQUEST_ACK_FAILED,benchmark/extraction_runs/milestone6/ArduPilot/runs/Copter/message_summary.json,benchmark/extraction_runs/milestone6/ArduPilot/runs/Copter/request_sweep.json,Baseline proves only this default SITL profile. Request-window matches may be conditional and are not causal when the message already streamed by default.
ardupilot-copter-m6,ArduPilot,ArduCopter,quad,215,GOPRO_HEARTBEAT,baseline/ardupilot/modules/mavlink/message_definitions/v1.0/ardupilotmega.xml,all.xml,STATIC_REFERENCE_FOUND,0,2,0,0,0,0,,,True,MAV_RESULT_FAILED,0,NOT_OBSERVED,REQUEST_ACK_FAILED,benchmark/extraction_runs/milestone6/ArduPilot/runs/Copter/message_summary.json,benchmark/extraction_runs/milestone6/ArduPilot/runs/Copter/request_sweep.json,Baseline proves only this default SITL profile. Request-window matches may be conditional and are not causal when the message already streamed by default.
ardupilot-copter-m6,ArduPilot,ArduCopter,quad,216,GOPRO_GET_REQUEST,baseline/ardupilot/modules/mavlink/message_definitions/v1.0/ardupilotmega.xml,all.xml,NO_REFERENCE_FOUND_BY_HEURISTIC_SCAN,0,0,0,0,0,0,,,True,MAV_RESULT_FAILED,0,NOT_OBSERVED,REQUEST_ACK_FAILED,benchmark/extraction_runs/milestone6/ArduPilot/runs/Copter/message_summary.json,benchmark/extraction_runs/milestone6/ArduPilot/runs/Copter/request_sweep.json,Baseline proves only this default SITL profile. Request-window matches may be conditional and are not causal when the message already streamed by default.
ardupilot-copter-m6,ArduPilot,ArduCopter,quad,217,GOPRO_GET_RESPONSE,baseline/ardupilot/modules/mavlink/message_definitions/v1.0/ardupilotmega.xml,all.xml,NO_REFERENCE_FOUND_BY_HEURISTIC_SCAN,0,0,0,0,0,0,,,True,MAV_RESULT_FAILED,0,NOT_OBSERVED,REQUEST_ACK_FAILED,benchmark/extraction_runs/milestone6/ArduPilot/runs/Copter/message_summary.json,benchmark/extraction_runs/milestone6/ArduPilot/runs/Copter/request_sweep.json,Baseline proves only this default SITL profile. Request-window matches may be conditional and are not causal when the message already streamed by default.
ardupilot-copter-m6,ArduPilot,ArduCopter,quad,218,GOPRO_SET_REQUEST,baseline/ardupilot/modules/mavlink/message_definitions/v1.0/ardupilotmega.xml,all.xml,STATIC_REFERENCE_FOUND,5,0,0,0,0,0,,,True,MAV_RESULT_FAILED,0,NOT_OBSERVED,REQUEST_ACK_FAILED,benchmark/extraction_runs/milestone6/ArduPilot/runs/Copter/message_summary.json,benchmark/extraction_runs/milestone6/ArduPilot/runs/Copter/request_sweep.json,Baseline proves only this default SITL profile. Request-window matches may be conditional and are not causal when the message already streamed by default.
ardupilot-copter-m6,ArduPilot,ArduCopter,quad,219,GOPRO_SET_RESPONSE,baseline/ardupilot/modules/mavlink/message_definitions/v1.0/ardupilotmega.xml,all.xml,NO_REFERENCE_FOUND_BY_HEURISTIC_SCAN,0,0,0,0,0,0,,,True,MAV_RESULT_FAILED,0,NOT_OBSERVED,REQUEST_ACK_FAILED,benchmark/extraction_runs/milestone6/ArduPilot/runs/Copter/message_summary.json,benchmark/extraction_runs/milestone6/ArduPilot/runs/Copter/request_sweep.json,Baseline proves only this default SITL profile. Request-window matches may be conditional and are not causal when the message already streamed by default.
ardupilot-copter-m6,ArduPilot,ArduCopter,quad,220,NAV_FILTER_BIAS,baseline/ardupilot/modules/mavlink/message_definitions/v1.0/ualberta.xml,all.xml,NO_REFERENCE_FOUND_BY_HEURISTIC_SCAN,0,0,0,0,0,0,,,True,MAV_RESULT_FAILED,0,NOT_OBSERVED,REQUEST_ACK_FAILED,benchmark/extraction_runs/milestone6/ArduPilot/runs/Copter/message_summary.json,benchmark/extraction_runs/milestone6/ArduPilot/runs/Copter/request_sweep.json,Baseline proves only this default SITL profile. Request-window matches may be conditional and are not causal when the message already streamed by default.
ardupilot-copter-m6,ArduPilot,ArduCopter,quad,221,RADIO_CALIBRATION,baseline/ardupilot/modules/mavlink/message_definitions/v1.0/ualberta.xml,all.xml,NO_REFERENCE_FOUND_BY_HEURISTIC_SCAN,0,0,0,0,0,0,,,True,MAV_RESULT_FAILED,0,NOT_OBSERVED,REQUEST_ACK_FAILED,benchmark/extraction_runs/milestone6/ArduPilot/runs/Copter/message_summary.json,benchmark/extraction_runs/milestone6/ArduPilot/runs/Copter/request_sweep.json,Baseline proves only this default SITL profile. Request-window matches may be conditional and are not causal when the message already streamed by default.
ardupilot-copter-m6,ArduPilot,ArduCopter,quad,222,UALBERTA_SYS_STATUS,baseline/ardupilot/modules/mavlink/message_definitions/v1.0/ualberta.xml,all.xml,NO_REFERENCE_FOUND_BY_HEURISTIC_SCAN,0,0,0,0,0,0,,,True,MAV_RESULT_FAILED,0,NOT_OBSERVED,REQUEST_ACK_FAILED,benchmark/extraction_runs/milestone6/ArduPilot/runs/Copter/message_summary.json,benchmark/extraction_runs/milestone6/ArduPilot/runs/Copter/request_sweep.json,Baseline proves only this default SITL profile. Request-window matches may be conditional and are not causal when the message already streamed by default.
ardupilot-copter-m6,ArduPilot,ArduCopter,quad,223,COMMAND_INT_STAMPED,baseline/ardupilot/modules/mavlink/message_definitions/v1.0/ASLUAV.xml,all.xml,NO_REFERENCE_FOUND_BY_HEURISTIC_SCAN,0,0,0,0,0,0,,,True,MAV_RESULT_FAILED,0,NOT_OBSERVED,REQUEST_ACK_FAILED,benchmark/extraction_runs/milestone6/ArduPilot/runs/Copter/message_summary.json,benchmark/extraction_runs/milestone6/ArduPilot/runs/Copter/request_sweep.json,Baseline proves only this default SITL profile. Request-window matches may be conditional and are not causal when the message already streamed by default.
ardupilot-copter-m6,ArduPilot,ArduCopter,quad,224,COMMAND_LONG_STAMPED,baseline/ardupilot/modules/mavlink/message_definitions/v1.0/ASLUAV.xml,all.xml,NO_REFERENCE_FOUND_BY_HEURISTIC_SCAN,0,0,0,0,0,0,,,True,MAV_RESULT_FAILED,0,NOT_OBSERVED,REQUEST_ACK_FAILED,benchmark/extraction_runs/milestone6/ArduPilot/runs/Copter/message_summary.json,benchmark/extraction_runs/milestone6/ArduPilot/runs/Copter/request_sweep.json,Baseline proves only this default SITL profile. Request-window matches may be conditional and are not causal when the message already streamed by default.
ardupilot-copter-m6,ArduPilot,ArduCopter,quad,225,EFI_STATUS,baseline/ardupilot/modules/mavlink/message_definitions/v1.0/common.xml,all.xml,STATIC_REFERENCE_FOUND,1,2,0,0,0,0,,,True,MAV_RESULT_ACCEPTED,0,NOT_OBSERVED,REQUEST_ACK_ACCEPTED_NO_MATCHING_FRAME,benchmark/extraction_runs/milestone6/ArduPilot/runs/Copter/message_summary.json,benchmark/extraction_runs/milestone6/ArduPilot/runs/Copter/request_sweep.json,Baseline proves only this default SITL profile. Request-window matches may be conditional and are not causal when the message already streamed by default.
ardupilot-copter-m6,ArduPilot,ArduCopter,quad,226,RPM,baseline/ardupilot/modules/mavlink/message_definitions/v1.0/ardupilotmega.xml,all.xml,STATIC_REFERENCE_FOUND,1,0,0,0,0,0,,,True,MAV_RESULT_ACCEPTED,0,NOT_OBSERVED,REQUEST_ACK_ACCEPTED_NO_MATCHING_FRAME,benchmark/extraction_runs/milestone6/ArduPilot/runs/Copter/message_summary.json,benchmark/extraction_runs/milestone6/ArduPilot/runs/Copter/request_sweep.json,Baseline proves only this default SITL profile. Request-window matches may be conditional and are not causal when the message already streamed by default.
ardupilot-copter-m6,ArduPilot,ArduCopter,quad,230,ESTIMATOR_STATUS,baseline/ardupilot/modules/mavlink/message_definitions/v1.0/common.xml,all.xml,NO_REFERENCE_FOUND_BY_HEURISTIC_SCAN,0,0,0,0,0,0,,,True,MAV_RESULT_FAILED,0,NOT_OBSERVED,REQUEST_ACK_FAILED,benchmark/extraction_runs/milestone6/ArduPilot/runs/Copter/message_summary.json,benchmark/extraction_runs/milestone6/ArduPilot/runs/Copter/request_sweep.json,Baseline proves only this default SITL profile. Request-window matches may be conditional and are not causal when the message already streamed by default.
ardupilot-copter-m6,ArduPilot,ArduCopter,quad,231,WIND_COV,baseline/ardupilot/modules/mavlink/message_definitions/v1.0/common.xml,all.xml,NO_REFERENCE_FOUND_BY_HEURISTIC_SCAN,0,0,0,0,0,0,,,True,MAV_RESULT_FAILED,0,NOT_OBSERVED,REQUEST_ACK_FAILED,benchmark/extraction_runs/milestone6/ArduPilot/runs/Copter/message_summary.json,benchmark/extraction_runs/milestone6/ArduPilot/runs/Copter/request_sweep.json,Baseline proves only this default SITL profile. Request-window matches may be conditional and are not causal when the message already streamed by default.
ardupilot-copter-m6,ArduPilot,ArduCopter,quad,232,GPS_INPUT,baseline/ardupilot/modules/mavlink/message_definitions/v1.0/common.xml,all.xml,STATIC_REFERENCE_FOUND,0,3,0,0,0,0,,,True,MAV_RESULT_FAILED,0,NOT_OBSERVED,REQUEST_ACK_FAILED,benchmark/extraction_runs/milestone6/ArduPilot/runs/Copter/message_summary.json,benchmark/extraction_runs/milestone6/ArduPilot/runs/Copter/request_sweep.json,Baseline proves only this default SITL profile. Request-window matches may be conditional and are not causal when the message already streamed by default.
ardupilot-copter-m6,ArduPilot,ArduCopter,quad,233,GPS_RTCM_DATA,baseline/ardupilot/modules/mavlink/message_definitions/v1.0/common.xml,all.xml,STATIC_REFERENCE_FOUND,0,3,0,0,0,0,,,True,MAV_RESULT_FAILED,0,NOT_OBSERVED,REQUEST_ACK_FAILED,benchmark/extraction_runs/milestone6/ArduPilot/runs/Copter/message_summary.json,benchmark/extraction_runs/milestone6/ArduPilot/runs/Copter/request_sweep.json,Baseline proves only this default SITL profile. Request-window matches may be conditional and are not causal when the message already streamed by default.
ardupilot-copter-m6,ArduPilot,ArduCopter,quad,234,HIGH_LATENCY,baseline/ardupilot/modules/mavlink/message_definitions/v1.0/common.xml,all.xml,NO_REFERENCE_FOUND_BY_HEURISTIC_SCAN,0,0,0,0,0,0,,,True,MAV_RESULT_FAILED,0,NOT_OBSERVED,REQUEST_ACK_FAILED,benchmark/extraction_runs/milestone6/ArduPilot/runs/Copter/message_summary.json,benchmark/extraction_runs/milestone6/ArduPilot/runs/Copter/request_sweep.json,Baseline proves only this default SITL profile. Request-window matches may be conditional and are not causal when the message already streamed by default.
ardupilot-copter-m6,ArduPilot,ArduCopter,quad,235,HIGH_LATENCY2,baseline/ardupilot/modules/mavlink/message_definitions/v1.0/common.xml,all.xml,STATIC_REFERENCE_FOUND,1,1,0,0,1,1,8123578414539,8123578414539,True,MAV_RESULT_ACCEPTED,1,POST_REQUEST_WINDOW_OBSERVATION,REQUEST_WINDOW_MESSAGE_OBSERVED,benchmark/extraction_runs/milestone6/ArduPilot/runs/Copter/message_summary.json,benchmark/extraction_runs/milestone6/ArduPilot/runs/Copter/request_sweep.json,Baseline proves only this default SITL profile. Request-window matches may be conditional and are not causal when the message already streamed by default.
ardupilot-copter-m6,ArduPilot,ArduCopter,quad,241,VIBRATION,baseline/ardupilot/modules/mavlink/message_definitions/v1.0/common.xml,all.xml,STATIC_REFERENCE_FOUND,1,0,0,0,1,1,8123584331749,8123584331749,True,MAV_RESULT_ACCEPTED,1,POST_REQUEST_WINDOW_OBSERVATION,REQUEST_WINDOW_MESSAGE_OBSERVED,benchmark/extraction_runs/milestone6/ArduPilot/runs/Copter/message_summary.json,benchmark/extraction_runs/milestone6/ArduPilot/runs/Copter/request_sweep.json,Baseline proves only this default SITL profile. Request-window matches may be conditional and are not causal when the message already streamed by default.
ardupilot-copter-m6,ArduPilot,ArduCopter,quad,242,HOME_POSITION,baseline/ardupilot/modules/mavlink/message_definitions/v1.0/common.xml,all.xml,STATIC_REFERENCE_FOUND,1,0,0,0,2,60,8116750134645,8145709855922,True,MAV_RESULT_ACCEPTED,1,POST_REQUEST_WINDOW_OBSERVATION,REQUEST_WINDOW_MESSAGE_OBSERVED,benchmark/extraction_runs/milestone6/ArduPilot/runs/Copter/message_summary.json,benchmark/extraction_runs/milestone6/ArduPilot/runs/Copter/request_sweep.json,Baseline proves only this default SITL profile. Request-window matches may be conditional and are not causal when the message already streamed by default.
ardupilot-copter-m6,ArduPilot,ArduCopter,quad,243,SET_HOME_POSITION,baseline/ardupilot/modules/mavlink/message_definitions/v1.0/common.xml,all.xml,NO_REFERENCE_FOUND_BY_HEURISTIC_SCAN,0,0,0,0,0,0,,,True,MAV_RESULT_FAILED,0,NOT_OBSERVED,REQUEST_ACK_FAILED,benchmark/extraction_runs/milestone6/ArduPilot/runs/Copter/message_summary.json,benchmark/extraction_runs/milestone6/ArduPilot/runs/Copter/request_sweep.json,Baseline proves only this default SITL profile. Request-window matches may be conditional and are not causal when the message already streamed by default.
ardupilot-copter-m6,ArduPilot,ArduCopter,quad,244,MESSAGE_INTERVAL,baseline/ardupilot/modules/mavlink/message_definitions/v1.0/common.xml,all.xml,STATIC_REFERENCE_FOUND,4,1,0,0,1,1,8123601627734,8123601627734,True,MAV_RESULT_ACCEPTED,1,POST_REQUEST_WINDOW_OBSERVATION,REQUEST_WINDOW_MESSAGE_OBSERVED,benchmark/extraction_runs/milestone6/ArduPilot/runs/Copter/message_summary.json,benchmark/extraction_runs/milestone6/ArduPilot/runs/Copter/request_sweep.json,Baseline proves only this default SITL profile. Request-window matches may be conditional and are not causal when the message already streamed by default.
ardupilot-copter-m6,ArduPilot,ArduCopter,quad,245,EXTENDED_SYS_STATE,baseline/ardupilot/modules/mavlink/message_definitions/v1.0/common.xml,all.xml,STATIC_REFERENCE_FOUND,1,0,0,0,1,59,8123607605381,8145709956722,True,MAV_RESULT_ACCEPTED,1,POST_REQUEST_WINDOW_OBSERVATION,REQUEST_WINDOW_MESSAGE_OBSERVED,benchmark/extraction_runs/milestone6/ArduPilot/runs/Copter/message_summary.json,benchmark/extraction_runs/milestone6/ArduPilot/runs/Copter/request_sweep.json,Baseline proves only this default SITL profile. Request-window matches may be conditional and are not causal when the message already streamed by default.
ardupilot-copter-m6,ArduPilot,ArduCopter,quad,246,ADSB_VEHICLE,baseline/ardupilot/modules/mavlink/message_definitions/v1.0/common.xml,all.xml,STATIC_REFERENCE_FOUND,3,3,0,0,0,0,,,True,MAV_RESULT_ACCEPTED,0,NOT_OBSERVED,REQUEST_ACK_ACCEPTED_NO_MATCHING_FRAME,benchmark/extraction_runs/milestone6/ArduPilot/runs/Copter/message_summary.json,benchmark/extraction_runs/milestone6/ArduPilot/runs/Copter/request_sweep.json,Baseline proves only this default SITL profile. Request-window matches may be conditional and are not causal when the message already streamed by default.
ardupilot-copter-m6,ArduPilot,ArduCopter,quad,247,COLLISION,baseline/ardupilot/modules/mavlink/message_definitions/v1.0/common.xml,all.xml,STATIC_REFERENCE_FOUND,0,0,0,0,0,0,,,True,MAV_RESULT_FAILED,0,NOT_OBSERVED,REQUEST_ACK_FAILED,benchmark/extraction_runs/milestone6/ArduPilot/runs/Copter/message_summary.json,benchmark/extraction_runs/milestone6/ArduPilot/runs/Copter/request_sweep.json,Baseline proves only this default SITL profile. Request-window matches may be conditional and are not causal when the message already streamed by default.
ardupilot-copter-m6,ArduPilot,ArduCopter,quad,248,V2_EXTENSION,baseline/ardupilot/modules/mavlink/message_definitions/v1.0/common.xml,all.xml,NO_REFERENCE_FOUND_BY_HEURISTIC_SCAN,0,0,0,0,0,0,,,True,MAV_RESULT_FAILED,0,NOT_OBSERVED,REQUEST_ACK_FAILED,benchmark/extraction_runs/milestone6/ArduPilot/runs/Copter/message_summary.json,benchmark/extraction_runs/milestone6/ArduPilot/runs/Copter/request_sweep.json,Baseline proves only this default SITL profile. Request-window matches may be conditional and are not causal when the message already streamed by default.
ardupilot-copter-m6,ArduPilot,ArduCopter,quad,249,MEMORY_VECT,baseline/ardupilot/modules/mavlink/message_definitions/v1.0/common.xml,all.xml,NO_REFERENCE_FOUND_BY_HEURISTIC_SCAN,0,0,0,0,0,0,,,True,MAV_RESULT_FAILED,0,NOT_OBSERVED,REQUEST_ACK_FAILED,benchmark/extraction_runs/milestone6/ArduPilot/runs/Copter/message_summary.json,benchmark/extraction_runs/milestone6/ArduPilot/runs/Copter/request_sweep.json,Baseline proves only this default SITL profile. Request-window matches may be conditional and are not causal when the message already streamed by default.
ardupilot-copter-m6,ArduPilot,ArduCopter,quad,250,DEBUG_VECT,baseline/ardupilot/modules/mavlink/message_definitions/v1.0/common.xml,all.xml,NO_REFERENCE_FOUND_BY_HEURISTIC_SCAN,0,0,0,0,0,0,,,True,MAV_RESULT_FAILED,0,NOT_OBSERVED,REQUEST_ACK_FAILED,benchmark/extraction_runs/milestone6/ArduPilot/runs/Copter/message_summary.json,benchmark/extraction_runs/milestone6/ArduPilot/runs/Copter/request_sweep.json,Baseline proves only this default SITL profile. Request-window matches may be conditional and are not causal when the message already streamed by default.
ardupilot-copter-m6,ArduPilot,ArduCopter,quad,251,NAMED_VALUE_FLOAT,baseline/ardupilot/modules/mavlink/message_definitions/v1.0/common.xml,all.xml,STATIC_REFERENCE_FOUND,1,2,0,0,0,0,,,True,MAV_RESULT_FAILED,0,NOT_OBSERVED,REQUEST_ACK_FAILED,benchmark/extraction_runs/milestone6/ArduPilot/runs/Copter/message_summary.json,benchmark/extraction_runs/milestone6/ArduPilot/runs/Copter/request_sweep.json,Baseline proves only this default SITL profile. Request-window matches may be conditional and are not causal when the message already streamed by default.
ardupilot-copter-m6,ArduPilot,ArduCopter,quad,252,NAMED_VALUE_INT,baseline/ardupilot/modules/mavlink/message_definitions/v1.0/common.xml,all.xml,STATIC_REFERENCE_FOUND,2,2,0,0,0,0,,,True,MAV_RESULT_FAILED,0,NOT_OBSERVED,REQUEST_ACK_FAILED,benchmark/extraction_runs/milestone6/ArduPilot/runs/Copter/message_summary.json,benchmark/extraction_runs/milestone6/ArduPilot/runs/Copter/request_sweep.json,Baseline proves only this default SITL profile. Request-window matches may be conditional and are not causal when the message already streamed by default.
ardupilot-copter-m6,ArduPilot,ArduCopter,quad,253,STATUSTEXT,baseline/ardupilot/modules/mavlink/message_definitions/v1.0/common.xml,all.xml,STATIC_REFERENCE_FOUND,1,2,0,3,3,9,8112749750623,8138350049867,True,MAV_RESULT_FAILED,0,NOT_OBSERVED,REQUEST_ACK_FAILED,benchmark/extraction_runs/milestone6/ArduPilot/runs/Copter/message_summary.json,benchmark/extraction_runs/milestone6/ArduPilot/runs/Copter/request_sweep.json,Baseline proves only this default SITL profile. Request-window matches may be conditional and are not causal when the message already streamed by default.
ardupilot-copter-m6,ArduPilot,ArduCopter,quad,254,DEBUG,baseline/ardupilot/modules/mavlink/message_definitions/v1.0/common.xml,all.xml,NO_REFERENCE_FOUND_BY_HEURISTIC_SCAN,0,0,0,0,0,0,,,True,MAV_RESULT_FAILED,0,NOT_OBSERVED,REQUEST_ACK_FAILED,benchmark/extraction_runs/milestone6/ArduPilot/runs/Copter/message_summary.json,benchmark/extraction_runs/milestone6/ArduPilot/runs/Copter/request_sweep.json,Baseline proves only this default SITL profile. Request-window matches may be conditional and are not causal when the message already streamed by default.
ardupilot-copter-m6,ArduPilot,ArduCopter,quad,256,SETUP_SIGNING,baseline/ardupilot/modules/mavlink/message_definitions/v1.0/common.xml,all.xml,STATIC_REFERENCE_FOUND,0,2,0,0,0,0,,,True,MAV_RESULT_FAILED,0,NOT_OBSERVED,REQUEST_ACK_FAILED,benchmark/extraction_runs/milestone6/ArduPilot/runs/Copter/message_summary.json,benchmark/extraction_runs/milestone6/ArduPilot/runs/Copter/request_sweep.json,Baseline proves only this default SITL profile. Request-window matches may be conditional and are not causal when the message already streamed by default.
ardupilot-copter-m6,ArduPilot,ArduCopter,quad,257,BUTTON_CHANGE,baseline/ardupilot/modules/mavlink/message_definitions/v1.0/common.xml,all.xml,STATIC_REFERENCE_FOUND,0,0,0,0,0,0,,,True,MAV_RESULT_FAILED,0,NOT_OBSERVED,REQUEST_ACK_FAILED,benchmark/extraction_runs/milestone6/ArduPilot/runs/Copter/message_summary.json,benchmark/extraction_runs/milestone6/ArduPilot/runs/Copter/request_sweep.json,Baseline proves only this default SITL profile. Request-window matches may be conditional and are not causal when the message already streamed by default.
ardupilot-copter-m6,ArduPilot,ArduCopter,quad,258,PLAY_TUNE,baseline/ardupilot/modules/mavlink/message_definitions/v1.0/common.xml,all.xml,STATIC_REFERENCE_FOUND,0,2,0,0,0,0,,,True,MAV_RESULT_FAILED,0,NOT_OBSERVED,REQUEST_ACK_FAILED,benchmark/extraction_runs/milestone6/ArduPilot/runs/Copter/message_summary.json,benchmark/extraction_runs/milestone6/ArduPilot/runs/Copter/request_sweep.json,Baseline proves only this default SITL profile. Request-window matches may be conditional and are not causal when the message already streamed by default.
ardupilot-copter-m6,ArduPilot,ArduCopter,quad,259,CAMERA_INFORMATION,baseline/ardupilot/modules/mavlink/message_definitions/v1.0/common.xml,all.xml,STATIC_REFERENCE_FOUND,4,2,0,0,0,0,,,True,MAV_RESULT_ACCEPTED,0,NOT_OBSERVED,REQUEST_ACK_ACCEPTED_NO_MATCHING_FRAME,benchmark/extraction_runs/milestone6/ArduPilot/runs/Copter/message_summary.json,benchmark/extraction_runs/milestone6/ArduPilot/runs/Copter/request_sweep.json,Baseline proves only this default SITL profile. Request-window matches may be conditional and are not causal when the message already streamed by default.
ardupilot-copter-m6,ArduPilot,ArduCopter,quad,260,CAMERA_SETTINGS,baseline/ardupilot/modules/mavlink/message_definitions/v1.0/common.xml,all.xml,STATIC_REFERENCE_FOUND,7,0,0,0,0,0,,,True,MAV_RESULT_ACCEPTED,0,NOT_OBSERVED,REQUEST_ACK_ACCEPTED_NO_MATCHING_FRAME,benchmark/extraction_runs/milestone6/ArduPilot/runs/Copter/message_summary.json,benchmark/extraction_runs/milestone6/ArduPilot/runs/Copter/request_sweep.json,Baseline proves only this default SITL profile. Request-window matches may be conditional and are not causal when the message already streamed by default.
ardupilot-copter-m6,ArduPilot,ArduCopter,quad,261,STORAGE_INFORMATION,baseline/ardupilot/modules/mavlink/message_definitions/v1.0/common.xml,all.xml,NO_REFERENCE_FOUND_BY_HEURISTIC_SCAN,0,0,0,0,0,0,,,True,MAV_RESULT_FAILED,0,NOT_OBSERVED,REQUEST_ACK_FAILED,benchmark/extraction_runs/milestone6/ArduPilot/runs/Copter/message_summary.json,benchmark/extraction_runs/milestone6/ArduPilot/runs/Copter/request_sweep.json,Baseline proves only this default SITL profile. Request-window matches may be conditional and are not causal when the message already streamed by default.
ardupilot-copter-m6,ArduPilot,ArduCopter,quad,262,CAMERA_CAPTURE_STATUS,baseline/ardupilot/modules/mavlink/message_definitions/v1.0/common.xml,all.xml,STATIC_REFERENCE_FOUND,1,0,0,0,0,0,,,True,MAV_RESULT_ACCEPTED,0,NOT_OBSERVED,REQUEST_ACK_ACCEPTED_NO_MATCHING_FRAME,benchmark/extraction_runs/milestone6/ArduPilot/runs/Copter/message_summary.json,benchmark/extraction_runs/milestone6/ArduPilot/runs/Copter/request_sweep.json,Baseline proves only this default SITL profile. Request-window matches may be conditional and are not causal when the message already streamed by default.
ardupilot-copter-m6,ArduPilot,ArduCopter,quad,263,CAMERA_IMAGE_CAPTURED,baseline/ardupilot/modules/mavlink/message_definitions/v1.0/common.xml,all.xml,NO_REFERENCE_FOUND_BY_HEURISTIC_SCAN,0,0,0,0,0,0,,,True,MAV_RESULT_FAILED,0,NOT_OBSERVED,REQUEST_ACK_FAILED,benchmark/extraction_runs/milestone6/ArduPilot/runs/Copter/message_summary.json,benchmark/extraction_runs/milestone6/ArduPilot/runs/Copter/request_sweep.json,Baseline proves only this default SITL profile. Request-window matches may be conditional and are not causal when the message already streamed by default.
ardupilot-copter-m6,ArduPilot,ArduCopter,quad,264,FLIGHT_INFORMATION,baseline/ardupilot/modules/mavlink/message_definitions/v1.0/common.xml,all.xml,STATIC_REFERENCE_FOUND,1,0,0,0,1,1,8125246260428,8125246260428,True,MAV_RESULT_ACCEPTED,1,POST_REQUEST_WINDOW_OBSERVATION,REQUEST_WINDOW_MESSAGE_OBSERVED,benchmark/extraction_runs/milestone6/ArduPilot/runs/Copter/message_summary.json,benchmark/extraction_runs/milestone6/ArduPilot/runs/Copter/request_sweep.json,Baseline proves only this default SITL profile. Request-window matches may be conditional and are not causal when the message already streamed by default.
ardupilot-copter-m6,ArduPilot,ArduCopter,quad,265,MOUNT_ORIENTATION,baseline/ardupilot/modules/mavlink/message_definitions/v1.0/common.xml,all.xml,NO_REFERENCE_FOUND_BY_HEURISTIC_SCAN,0,0,0,0,0,0,,,True,MAV_RESULT_FAILED,0,NOT_OBSERVED,REQUEST_ACK_FAILED,benchmark/extraction_runs/milestone6/ArduPilot/runs/Copter/message_summary.json,benchmark/extraction_runs/milestone6/ArduPilot/runs/Copter/request_sweep.json,Baseline proves only this default SITL profile. Request-window matches may be conditional and are not causal when the message already streamed by default.
ardupilot-copter-m6,ArduPilot,ArduCopter,quad,266,LOGGING_DATA,baseline/ardupilot/modules/mavlink/message_definitions/v1.0/common.xml,all.xml,NO_REFERENCE_FOUND_BY_HEURISTIC_SCAN,0,0,0,0,0,0,,,True,MAV_RESULT_FAILED,0,NOT_OBSERVED,REQUEST_ACK_FAILED,benchmark/extraction_runs/milestone6/ArduPilot/runs/Copter/message_summary.json,benchmark/extraction_runs/milestone6/ArduPilot/runs/Copter/request_sweep.json,Baseline proves only this default SITL profile. Request-window matches may be conditional and are not causal when the message already streamed by default.
ardupilot-copter-m6,ArduPilot,ArduCopter,quad,267,LOGGING_DATA_ACKED,baseline/ardupilot/modules/mavlink/message_definitions/v1.0/common.xml,all.xml,NO_REFERENCE_FOUND_BY_HEURISTIC_SCAN,0,0,0,0,0,0,,,True,MAV_RESULT_FAILED,0,NOT_OBSERVED,REQUEST_ACK_FAILED,benchmark/extraction_runs/milestone6/ArduPilot/runs/Copter/message_summary.json,benchmark/extraction_runs/milestone6/ArduPilot/runs/Copter/request_sweep.json,Baseline proves only this default SITL profile. Request-window matches may be conditional and are not causal when the message already streamed by default.
ardupilot-copter-m6,ArduPilot,ArduCopter,quad,268,LOGGING_ACK,baseline/ardupilot/modules/mavlink/message_definitions/v1.0/common.xml,all.xml,NO_REFERENCE_FOUND_BY_HEURISTIC_SCAN,0,0,0,0,0,0,,,True,MAV_RESULT_FAILED,0,NOT_OBSERVED,REQUEST_ACK_FAILED,benchmark/extraction_runs/milestone6/ArduPilot/runs/Copter/message_summary.json,benchmark/extraction_runs/milestone6/ArduPilot/runs/Copter/request_sweep.json,Baseline proves only this default SITL profile. Request-window matches may be conditional and are not causal when the message already streamed by default.
ardupilot-copter-m6,ArduPilot,ArduCopter,quad,269,VIDEO_STREAM_INFORMATION,baseline/ardupilot/modules/mavlink/message_definitions/v1.0/common.xml,all.xml,STATIC_REFERENCE_FOUND,1,0,0,0,0,0,,,True,MAV_RESULT_ACCEPTED,0,NOT_OBSERVED,REQUEST_ACK_ACCEPTED_NO_MATCHING_FRAME,benchmark/extraction_runs/milestone6/ArduPilot/runs/Copter/message_summary.json,benchmark/extraction_runs/milestone6/ArduPilot/runs/Copter/request_sweep.json,Baseline proves only this default SITL profile. Request-window matches may be conditional and are not causal when the message already streamed by default.
ardupilot-copter-m6,ArduPilot,ArduCopter,quad,270,VIDEO_STREAM_STATUS,baseline/ardupilot/modules/mavlink/message_definitions/v1.0/common.xml,all.xml,NO_REFERENCE_FOUND_BY_HEURISTIC_SCAN,0,0,0,0,0,0,,,True,MAV_RESULT_FAILED,0,NOT_OBSERVED,REQUEST_ACK_FAILED,benchmark/extraction_runs/milestone6/ArduPilot/runs/Copter/message_summary.json,benchmark/extraction_runs/milestone6/ArduPilot/runs/Copter/request_sweep.json,Baseline proves only this default SITL profile. Request-window matches may be conditional and are not causal when the message already streamed by default.
ardupilot-copter-m6,ArduPilot,ArduCopter,quad,271,CAMERA_FOV_STATUS,baseline/ardupilot/modules/mavlink/message_definitions/v1.0/common.xml,all.xml,STATIC_REFERENCE_FOUND,1,0,0,0,0,0,,,True,MAV_RESULT_ACCEPTED,0,NOT_OBSERVED,REQUEST_ACK_ACCEPTED_NO_MATCHING_FRAME,benchmark/extraction_runs/milestone6/ArduPilot/runs/Copter/message_summary.json,benchmark/extraction_runs/milestone6/ArduPilot/runs/Copter/request_sweep.json,Baseline proves only this default SITL profile. Request-window matches may be conditional and are not causal when the message already streamed by default.
ardupilot-copter-m6,ArduPilot,ArduCopter,quad,275,CAMERA_TRACKING_IMAGE_STATUS,baseline/ardupilot/modules/mavlink/message_definitions/v1.0/common.xml,all.xml,NO_REFERENCE_FOUND_BY_HEURISTIC_SCAN,0,0,0,0,0,0,,,True,MAV_RESULT_FAILED,0,NOT_OBSERVED,REQUEST_ACK_FAILED,benchmark/extraction_runs/milestone6/ArduPilot/runs/Copter/message_summary.json,benchmark/extraction_runs/milestone6/ArduPilot/runs/Copter/request_sweep.json,Baseline proves only this default SITL profile. Request-window matches may be conditional and are not causal when the message already streamed by default.
ardupilot-copter-m6,ArduPilot,ArduCopter,quad,276,CAMERA_TRACKING_GEO_STATUS,baseline/ardupilot/modules/mavlink/message_definitions/v1.0/common.xml,all.xml,NO_REFERENCE_FOUND_BY_HEURISTIC_SCAN,0,0,0,0,0,0,,,True,MAV_RESULT_FAILED,0,NOT_OBSERVED,REQUEST_ACK_FAILED,benchmark/extraction_runs/milestone6/ArduPilot/runs/Copter/message_summary.json,benchmark/extraction_runs/milestone6/ArduPilot/runs/Copter/request_sweep.json,Baseline proves only this default SITL profile. Request-window matches may be conditional and are not causal when the message already streamed by default.
ardupilot-copter-m6,ArduPilot,ArduCopter,quad,277,CAMERA_THERMAL_RANGE,baseline/ardupilot/modules/mavlink/message_definitions/v1.0/common.xml,all.xml,STATIC_REFERENCE_FOUND,1,0,0,0,0,0,,,True,MAV_RESULT_ACCEPTED,0,NOT_OBSERVED,REQUEST_ACK_ACCEPTED_NO_MATCHING_FRAME,benchmark/extraction_runs/milestone6/ArduPilot/runs/Copter/message_summary.json,benchmark/extraction_runs/milestone6/ArduPilot/runs/Copter/request_sweep.json,Baseline proves only this default SITL profile. Request-window matches may be conditional and are not causal when the message already streamed by default.
ardupilot-copter-m6,ArduPilot,ArduCopter,quad,280,GIMBAL_MANAGER_INFORMATION,baseline/ardupilot/modules/mavlink/message_definitions/v1.0/common.xml,all.xml,STATIC_REFERENCE_FOUND,1,0,0,0,0,0,,,True,MAV_RESULT_ACCEPTED,0,NOT_OBSERVED,REQUEST_ACK_ACCEPTED_NO_MATCHING_FRAME,benchmark/extraction_runs/milestone6/ArduPilot/runs/Copter/message_summary.json,benchmark/extraction_runs/milestone6/ArduPilot/runs/Copter/request_sweep.json,Baseline proves only this default SITL profile. Request-window matches may be conditional and are not causal when the message already streamed by default.
ardupilot-copter-m6,ArduPilot,ArduCopter,quad,281,GIMBAL_MANAGER_STATUS,baseline/ardupilot/modules/mavlink/message_definitions/v1.0/common.xml,all.xml,STATIC_REFERENCE_FOUND,1,0,0,0,0,0,,,True,MAV_RESULT_ACCEPTED,0,NOT_OBSERVED,REQUEST_ACK_ACCEPTED_NO_MATCHING_FRAME,benchmark/extraction_runs/milestone6/ArduPilot/runs/Copter/message_summary.json,benchmark/extraction_runs/milestone6/ArduPilot/runs/Copter/request_sweep.json,Baseline proves only this default SITL profile. Request-window matches may be conditional and are not causal when the message already streamed by default.
ardupilot-copter-m6,ArduPilot,ArduCopter,quad,282,GIMBAL_MANAGER_SET_ATTITUDE,baseline/ardupilot/modules/mavlink/message_definitions/v1.0/common.xml,all.xml,STATIC_REFERENCE_FOUND,0,3,0,0,0,0,,,True,MAV_RESULT_FAILED,0,NOT_OBSERVED,REQUEST_ACK_FAILED,benchmark/extraction_runs/milestone6/ArduPilot/runs/Copter/message_summary.json,benchmark/extraction_runs/milestone6/ArduPilot/runs/Copter/request_sweep.json,Baseline proves only this default SITL profile. Request-window matches may be conditional and are not causal when the message already streamed by default.
ardupilot-copter-m6,ArduPilot,ArduCopter,quad,283,GIMBAL_DEVICE_INFORMATION,baseline/ardupilot/modules/mavlink/message_definitions/v1.0/common.xml,all.xml,STATIC_REFERENCE_FOUND,0,3,0,0,0,0,,,True,MAV_RESULT_FAILED,0,NOT_OBSERVED,REQUEST_ACK_FAILED,benchmark/extraction_runs/milestone6/ArduPilot/runs/Copter/message_summary.json,benchmark/extraction_runs/milestone6/ArduPilot/runs/Copter/request_sweep.json,Baseline proves only this default SITL profile. Request-window matches may be conditional and are not causal when the message already streamed by default.
ardupilot-copter-m6,ArduPilot,ArduCopter,quad,284,GIMBAL_DEVICE_SET_ATTITUDE,baseline/ardupilot/modules/mavlink/message_definitions/v1.0/common.xml,all.xml,STATIC_REFERENCE_FOUND,0,2,0,0,0,0,,,True,MAV_RESULT_FAILED,0,NOT_OBSERVED,REQUEST_ACK_FAILED,benchmark/extraction_runs/milestone6/ArduPilot/runs/Copter/message_summary.json,benchmark/extraction_runs/milestone6/ArduPilot/runs/Copter/request_sweep.json,Baseline proves only this default SITL profile. Request-window matches may be conditional and are not causal when the message already streamed by default.
ardupilot-copter-m6,ArduPilot,ArduCopter,quad,285,GIMBAL_DEVICE_ATTITUDE_STATUS,baseline/ardupilot/modules/mavlink/message_definitions/v1.0/common.xml,all.xml,STATIC_REFERENCE_FOUND,1,3,0,0,0,0,,,True,MAV_RESULT_ACCEPTED,0,NOT_OBSERVED,REQUEST_ACK_ACCEPTED_NO_MATCHING_FRAME,benchmark/extraction_runs/milestone6/ArduPilot/runs/Copter/message_summary.json,benchmark/extraction_runs/milestone6/ArduPilot/runs/Copter/request_sweep.json,Baseline proves only this default SITL profile. Request-window matches may be conditional and are not causal when the message already streamed by default.
ardupilot-copter-m6,ArduPilot,ArduCopter,quad,286,AUTOPILOT_STATE_FOR_GIMBAL_DEVICE,baseline/ardupilot/modules/mavlink/message_definitions/v1.0/common.xml,all.xml,STATIC_REFERENCE_FOUND,1,0,0,0,1,1,8127782957479,8127782957479,True,MAV_RESULT_ACCEPTED,1,POST_REQUEST_WINDOW_OBSERVATION,REQUEST_WINDOW_MESSAGE_OBSERVED,benchmark/extraction_runs/milestone6/ArduPilot/runs/Copter/message_summary.json,benchmark/extraction_runs/milestone6/ArduPilot/runs/Copter/request_sweep.json,Baseline proves only this default SITL profile. Request-window matches may be conditional and are not causal when the message already streamed by default.
ardupilot-copter-m6,ArduPilot,ArduCopter,quad,287,GIMBAL_MANAGER_SET_PITCHYAW,baseline/ardupilot/modules/mavlink/message_definitions/v1.0/common.xml,all.xml,STATIC_REFERENCE_FOUND,0,3,0,0,0,0,,,True,MAV_RESULT_FAILED,0,NOT_OBSERVED,REQUEST_ACK_FAILED,benchmark/extraction_runs/milestone6/ArduPilot/runs/Copter/message_summary.json,benchmark/extraction_runs/milestone6/ArduPilot/runs/Copter/request_sweep.json,Baseline proves only this default SITL profile. Request-window matches may be conditional and are not causal when the message already streamed by default.
ardupilot-copter-m6,ArduPilot,ArduCopter,quad,288,GIMBAL_MANAGER_SET_MANUAL_CONTROL,baseline/ardupilot/modules/mavlink/message_definitions/v1.0/common.xml,all.xml,NO_REFERENCE_FOUND_BY_HEURISTIC_SCAN,0,0,0,0,0,0,,,True,MAV_RESULT_FAILED,0,NOT_OBSERVED,REQUEST_ACK_FAILED,benchmark/extraction_runs/milestone6/ArduPilot/runs/Copter/message_summary.json,benchmark/extraction_runs/milestone6/ArduPilot/runs/Copter/request_sweep.json,Baseline proves only this default SITL profile. Request-window matches may be conditional and are not causal when the message already streamed by default.
ardupilot-copter-m6,ArduPilot,ArduCopter,quad,295,AIRSPEED,baseline/ardupilot/modules/mavlink/message_definitions/v1.0/common.xml,all.xml,STATIC_REFERENCE_FOUND,1,0,0,0,0,0,,,True,MAV_RESULT_ACCEPTED,0,NOT_OBSERVED,REQUEST_ACK_ACCEPTED_NO_MATCHING_FRAME,benchmark/extraction_runs/milestone6/ArduPilot/runs/Copter/message_summary.json,benchmark/extraction_runs/milestone6/ArduPilot/runs/Copter/request_sweep.json,Baseline proves only this default SITL profile. Request-window matches may be conditional and are not causal when the message already streamed by default.
ardupilot-copter-m6,ArduPilot,ArduCopter,quad,299,WIFI_CONFIG_AP,baseline/ardupilot/modules/mavlink/message_definitions/v1.0/common.xml,all.xml,NO_REFERENCE_FOUND_BY_HEURISTIC_SCAN,0,0,0,0,0,0,,,True,MAV_RESULT_FAILED,0,NOT_OBSERVED,REQUEST_ACK_FAILED,benchmark/extraction_runs/milestone6/ArduPilot/runs/Copter/message_summary.json,benchmark/extraction_runs/milestone6/ArduPilot/runs/Copter/request_sweep.json,Baseline proves only this default SITL profile. Request-window matches may be conditional and are not causal when the message already streamed by default.
ardupilot-copter-m6,ArduPilot,ArduCopter,quad,301,AIS_VESSEL,baseline/ardupilot/modules/mavlink/message_definitions/v1.0/common.xml,all.xml,STATIC_REFERENCE_FOUND,1,0,0,0,0,0,,,True,MAV_RESULT_ACCEPTED,0,NOT_OBSERVED,REQUEST_ACK_ACCEPTED_NO_MATCHING_FRAME,benchmark/extraction_runs/milestone6/ArduPilot/runs/Copter/message_summary.json,benchmark/extraction_runs/milestone6/ArduPilot/runs/Copter/request_sweep.json,Baseline proves only this default SITL profile. Request-window matches may be conditional and are not causal when the message already streamed by default.
ardupilot-copter-m6,ArduPilot,ArduCopter,quad,310,UAVCAN_NODE_STATUS,baseline/ardupilot/modules/mavlink/message_definitions/v1.0/common.xml,all.xml,NO_REFERENCE_FOUND_BY_HEURISTIC_SCAN,0,0,0,0,0,0,,,True,MAV_RESULT_FAILED,0,NOT_OBSERVED,REQUEST_ACK_FAILED,benchmark/extraction_runs/milestone6/ArduPilot/runs/Copter/message_summary.json,benchmark/extraction_runs/milestone6/ArduPilot/runs/Copter/request_sweep.json,Baseline proves only this default SITL profile. Request-window matches may be conditional and are not causal when the message already streamed by default.
ardupilot-copter-m6,ArduPilot,ArduCopter,quad,311,UAVCAN_NODE_INFO,baseline/ardupilot/modules/mavlink/message_definitions/v1.0/common.xml,all.xml,NO_REFERENCE_FOUND_BY_HEURISTIC_SCAN,0,0,0,0,0,0,,,True,MAV_RESULT_FAILED,0,NOT_OBSERVED,REQUEST_ACK_FAILED,benchmark/extraction_runs/milestone6/ArduPilot/runs/Copter/message_summary.json,benchmark/extraction_runs/milestone6/ArduPilot/runs/Copter/request_sweep.json,Baseline proves only this default SITL profile. Request-window matches may be conditional and are not causal when the message already streamed by default.
ardupilot-copter-m6,ArduPilot,ArduCopter,quad,320,PARAM_EXT_REQUEST_READ,baseline/ardupilot/modules/mavlink/message_definitions/v1.0/common.xml,all.xml,NO_REFERENCE_FOUND_BY_HEURISTIC_SCAN,0,0,0,0,0,0,,,True,MAV_RESULT_FAILED,0,NOT_OBSERVED,REQUEST_ACK_FAILED,benchmark/extraction_runs/milestone6/ArduPilot/runs/Copter/message_summary.json,benchmark/extraction_runs/milestone6/ArduPilot/runs/Copter/request_sweep.json,Baseline proves only this default SITL profile. Request-window matches may be conditional and are not causal when the message already streamed by default.
ardupilot-copter-m6,ArduPilot,ArduCopter,quad,321,PARAM_EXT_REQUEST_LIST,baseline/ardupilot/modules/mavlink/message_definitions/v1.0/common.xml,all.xml,NO_REFERENCE_FOUND_BY_HEURISTIC_SCAN,0,0,0,0,0,0,,,True,MAV_RESULT_FAILED,0,NOT_OBSERVED,REQUEST_ACK_FAILED,benchmark/extraction_runs/milestone6/ArduPilot/runs/Copter/message_summary.json,benchmark/extraction_runs/milestone6/ArduPilot/runs/Copter/request_sweep.json,Baseline proves only this default SITL profile. Request-window matches may be conditional and are not causal when the message already streamed by default.
ardupilot-copter-m6,ArduPilot,ArduCopter,quad,322,PARAM_EXT_VALUE,baseline/ardupilot/modules/mavlink/message_definitions/v1.0/common.xml,all.xml,NO_REFERENCE_FOUND_BY_HEURISTIC_SCAN,0,0,0,0,0,0,,,True,MAV_RESULT_FAILED,0,NOT_OBSERVED,REQUEST_ACK_FAILED,benchmark/extraction_runs/milestone6/ArduPilot/runs/Copter/message_summary.json,benchmark/extraction_runs/milestone6/ArduPilot/runs/Copter/request_sweep.json,Baseline proves only this default SITL profile. Request-window matches may be conditional and are not causal when the message already streamed by default.
ardupilot-copter-m6,ArduPilot,ArduCopter,quad,323,PARAM_EXT_SET,baseline/ardupilot/modules/mavlink/message_definitions/v1.0/common.xml,all.xml,NO_REFERENCE_FOUND_BY_HEURISTIC_SCAN,0,0,0,0,0,0,,,True,MAV_RESULT_FAILED,0,NOT_OBSERVED,REQUEST_ACK_FAILED,benchmark/extraction_runs/milestone6/ArduPilot/runs/Copter/message_summary.json,benchmark/extraction_runs/milestone6/ArduPilot/runs/Copter/request_sweep.json,Baseline proves only this default SITL profile. Request-window matches may be conditional and are not causal when the message already streamed by default.
ardupilot-copter-m6,ArduPilot,ArduCopter,quad,324,PARAM_EXT_ACK,baseline/ardupilot/modules/mavlink/message_definitions/v1.0/common.xml,all.xml,NO_REFERENCE_FOUND_BY_HEURISTIC_SCAN,0,0,0,0,0,0,,,True,MAV_RESULT_FAILED,0,NOT_OBSERVED,REQUEST_ACK_FAILED,benchmark/extraction_runs/milestone6/ArduPilot/runs/Copter/message_summary.json,benchmark/extraction_runs/milestone6/ArduPilot/runs/Copter/request_sweep.json,Baseline proves only this default SITL profile. Request-window matches may be conditional and are not causal when the message already streamed by default.
ardupilot-copter-m6,ArduPilot,ArduCopter,quad,330,OBSTACLE_DISTANCE,baseline/ardupilot/modules/mavlink/message_definitions/v1.0/common.xml,all.xml,STATIC_REFERENCE_FOUND,0,2,0,0,0,0,,,True,MAV_RESULT_FAILED,0,NOT_OBSERVED,REQUEST_ACK_FAILED,benchmark/extraction_runs/milestone6/ArduPilot/runs/Copter/message_summary.json,benchmark/extraction_runs/milestone6/ArduPilot/runs/Copter/request_sweep.json,Baseline proves only this default SITL profile. Request-window matches may be conditional and are not causal when the message already streamed by default.
ardupilot-copter-m6,ArduPilot,ArduCopter,quad,331,ODOMETRY,baseline/ardupilot/modules/mavlink/message_definitions/v1.0/common.xml,all.xml,STATIC_REFERENCE_FOUND,0,2,0,0,0,0,,,True,MAV_RESULT_FAILED,0,NOT_OBSERVED,REQUEST_ACK_FAILED,benchmark/extraction_runs/milestone6/ArduPilot/runs/Copter/message_summary.json,benchmark/extraction_runs/milestone6/ArduPilot/runs/Copter/request_sweep.json,Baseline proves only this default SITL profile. Request-window matches may be conditional and are not causal when the message already streamed by default.
ardupilot-copter-m6,ArduPilot,ArduCopter,quad,332,TRAJECTORY_REPRESENTATION_WAYPOINTS,baseline/ardupilot/modules/mavlink/message_definitions/v1.0/common.xml,all.xml,NO_REFERENCE_FOUND_BY_HEURISTIC_SCAN,0,0,0,0,0,0,,,True,MAV_RESULT_FAILED,0,NOT_OBSERVED,REQUEST_ACK_FAILED,benchmark/extraction_runs/milestone6/ArduPilot/runs/Copter/message_summary.json,benchmark/extraction_runs/milestone6/ArduPilot/runs/Copter/request_sweep.json,Baseline proves only this default SITL profile. Request-window matches may be conditional and are not causal when the message already streamed by default.
ardupilot-copter-m6,ArduPilot,ArduCopter,quad,333,TRAJECTORY_REPRESENTATION_BEZIER,baseline/ardupilot/modules/mavlink/message_definitions/v1.0/common.xml,all.xml,NO_REFERENCE_FOUND_BY_HEURISTIC_SCAN,0,0,0,0,0,0,,,True,MAV_RESULT_FAILED,0,NOT_OBSERVED,REQUEST_ACK_FAILED,benchmark/extraction_runs/milestone6/ArduPilot/runs/Copter/message_summary.json,benchmark/extraction_runs/milestone6/ArduPilot/runs/Copter/request_sweep.json,Baseline proves only this default SITL profile. Request-window matches may be conditional and are not causal when the message already streamed by default.
ardupilot-copter-m6,ArduPilot,ArduCopter,quad,335,ISBD_LINK_STATUS,baseline/ardupilot/modules/mavlink/message_definitions/v1.0/common.xml,all.xml,NO_REFERENCE_FOUND_BY_HEURISTIC_SCAN,0,0,0,0,0,0,,,True,MAV_RESULT_FAILED,0,NOT_OBSERVED,REQUEST_ACK_FAILED,benchmark/extraction_runs/milestone6/ArduPilot/runs/Copter/message_summary.json,benchmark/extraction_runs/milestone6/ArduPilot/runs/Copter/request_sweep.json,Baseline proves only this default SITL profile. Request-window matches may be conditional and are not causal when the message already streamed by default.
ardupilot-copter-m6,ArduPilot,ArduCopter,quad,339,RAW_RPM,baseline/ardupilot/modules/mavlink/message_definitions/v1.0/common.xml,all.xml,NO_REFERENCE_FOUND_BY_HEURISTIC_SCAN,0,0,0,0,0,0,,,True,MAV_RESULT_FAILED,0,NOT_OBSERVED,REQUEST_ACK_FAILED,benchmark/extraction_runs/milestone6/ArduPilot/runs/Copter/message_summary.json,benchmark/extraction_runs/milestone6/ArduPilot/runs/Copter/request_sweep.json,Baseline proves only this default SITL profile. Request-window matches may be conditional and are not causal when the message already streamed by default.
ardupilot-copter-m6,ArduPilot,ArduCopter,quad,340,UTM_GLOBAL_POSITION,baseline/ardupilot/modules/mavlink/message_definitions/v1.0/common.xml,all.xml,STATIC_REFERENCE_FOUND,1,0,0,0,1,1,8128780288202,8128780288202,True,MAV_RESULT_ACCEPTED,1,POST_REQUEST_WINDOW_OBSERVATION,REQUEST_WINDOW_MESSAGE_OBSERVED,benchmark/extraction_runs/milestone6/ArduPilot/runs/Copter/message_summary.json,benchmark/extraction_runs/milestone6/ArduPilot/runs/Copter/request_sweep.json,Baseline proves only this default SITL profile. Request-window matches may be conditional and are not causal when the message already streamed by default.
ardupilot-copter-m6,ArduPilot,ArduCopter,quad,345,PARAM_ERROR,baseline/ardupilot/modules/mavlink/message_definitions/v1.0/common.xml,all.xml,STATIC_REFERENCE_FOUND,2,0,0,0,0,0,,,True,MAV_RESULT_FAILED,0,NOT_OBSERVED,REQUEST_ACK_FAILED,benchmark/extraction_runs/milestone6/ArduPilot/runs/Copter/message_summary.json,benchmark/extraction_runs/milestone6/ArduPilot/runs/Copter/request_sweep.json,Baseline proves only this default SITL profile. Request-window matches may be conditional and are not causal when the message already streamed by default.
ardupilot-copter-m6,ArduPilot,ArduCopter,quad,350,DEBUG_FLOAT_ARRAY,baseline/ardupilot/modules/mavlink/message_definitions/v1.0/common.xml,all.xml,NO_REFERENCE_FOUND_BY_HEURISTIC_SCAN,0,0,0,0,0,0,,,True,MAV_RESULT_FAILED,0,NOT_OBSERVED,REQUEST_ACK_FAILED,benchmark/extraction_runs/milestone6/ArduPilot/runs/Copter/message_summary.json,benchmark/extraction_runs/milestone6/ArduPilot/runs/Copter/request_sweep.json,Baseline proves only this default SITL profile. Request-window matches may be conditional and are not causal when the message already streamed by default.
ardupilot-copter-m6,ArduPilot,ArduCopter,quad,360,ORBIT_EXECUTION_STATUS,baseline/ardupilot/modules/mavlink/message_definitions/v1.0/common.xml,all.xml,NO_REFERENCE_FOUND_BY_HEURISTIC_SCAN,0,0,0,0,0,0,,,True,MAV_RESULT_FAILED,0,NOT_OBSERVED,REQUEST_ACK_FAILED,benchmark/extraction_runs/milestone6/ArduPilot/runs/Copter/message_summary.json,benchmark/extraction_runs/milestone6/ArduPilot/runs/Copter/request_sweep.json,Baseline proves only this default SITL profile. Request-window matches may be conditional and are not causal when the message already streamed by default.
ardupilot-copter-m6,ArduPilot,ArduCopter,quad,370,SMART_BATTERY_INFO,baseline/ardupilot/modules/mavlink/message_definitions/v1.0/common.xml,all.xml,NO_REFERENCE_FOUND_BY_HEURISTIC_SCAN,0,0,0,0,0,0,,,True,MAV_RESULT_FAILED,0,NOT_OBSERVED,REQUEST_ACK_FAILED,benchmark/extraction_runs/milestone6/ArduPilot/runs/Copter/message_summary.json,benchmark/extraction_runs/milestone6/ArduPilot/runs/Copter/request_sweep.json,Baseline proves only this default SITL profile. Request-window matches may be conditional and are not causal when the message already streamed by default.
ardupilot-copter-m6,ArduPilot,ArduCopter,quad,373,GENERATOR_STATUS,baseline/ardupilot/modules/mavlink/message_definitions/v1.0/common.xml,all.xml,STATIC_REFERENCE_FOUND,3,0,0,0,0,0,,,True,MAV_RESULT_ACCEPTED,0,NOT_OBSERVED,REQUEST_ACK_ACCEPTED_NO_MATCHING_FRAME,benchmark/extraction_runs/milestone6/ArduPilot/runs/Copter/message_summary.json,benchmark/extraction_runs/milestone6/ArduPilot/runs/Copter/request_sweep.json,Baseline proves only this default SITL profile. Request-window matches may be conditional and are not causal when the message already streamed by default.
ardupilot-copter-m6,ArduPilot,ArduCopter,quad,375,ACTUATOR_OUTPUT_STATUS,baseline/ardupilot/modules/mavlink/message_definitions/v1.0/common.xml,all.xml,NO_REFERENCE_FOUND_BY_HEURISTIC_SCAN,0,0,0,0,0,0,,,True,MAV_RESULT_FAILED,0,NOT_OBSERVED,REQUEST_ACK_FAILED,benchmark/extraction_runs/milestone6/ArduPilot/runs/Copter/message_summary.json,benchmark/extraction_runs/milestone6/ArduPilot/runs/Copter/request_sweep.json,Baseline proves only this default SITL profile. Request-window matches may be conditional and are not causal when the message already streamed by default.
ardupilot-copter-m6,ArduPilot,ArduCopter,quad,376,RELAY_STATUS,baseline/ardupilot/modules/mavlink/message_definitions/v1.0/common.xml,all.xml,STATIC_REFERENCE_FOUND,1,0,0,0,1,1,8129264168492,8129264168492,True,MAV_RESULT_ACCEPTED,1,POST_REQUEST_WINDOW_OBSERVATION,REQUEST_WINDOW_MESSAGE_OBSERVED,benchmark/extraction_runs/milestone6/ArduPilot/runs/Copter/message_summary.json,benchmark/extraction_runs/milestone6/ArduPilot/runs/Copter/request_sweep.json,Baseline proves only this default SITL profile. Request-window matches may be conditional and are not causal when the message already streamed by default.
ardupilot-copter-m6,ArduPilot,ArduCopter,quad,385,TUNNEL,baseline/ardupilot/modules/mavlink/message_definitions/v1.0/common.xml,all.xml,NO_REFERENCE_FOUND_BY_HEURISTIC_SCAN,0,0,0,0,0,0,,,True,MAV_RESULT_FAILED,0,NOT_OBSERVED,REQUEST_ACK_FAILED,benchmark/extraction_runs/milestone6/ArduPilot/runs/Copter/message_summary.json,benchmark/extraction_runs/milestone6/ArduPilot/runs/Copter/request_sweep.json,Baseline proves only this default SITL profile. Request-window matches may be conditional and are not causal when the message already streamed by default.
ardupilot-copter-m6,ArduPilot,ArduCopter,quad,386,CAN_FRAME,baseline/ardupilot/modules/mavlink/message_definitions/v1.0/common.xml,all.xml,STATIC_REFERENCE_FOUND,1,3,0,0,0,0,,,True,MAV_RESULT_FAILED,0,NOT_OBSERVED,REQUEST_ACK_FAILED,benchmark/extraction_runs/milestone6/ArduPilot/runs/Copter/message_summary.json,benchmark/extraction_runs/milestone6/ArduPilot/runs/Copter/request_sweep.json,Baseline proves only this default SITL profile. Request-window matches may be conditional and are not causal when the message already streamed by default.
ardupilot-copter-m6,ArduPilot,ArduCopter,quad,387,CANFD_FRAME,baseline/ardupilot/modules/mavlink/message_definitions/v1.0/common.xml,all.xml,STATIC_REFERENCE_FOUND,1,3,0,0,0,0,,,True,MAV_RESULT_FAILED,0,NOT_OBSERVED,REQUEST_ACK_FAILED,benchmark/extraction_runs/milestone6/ArduPilot/runs/Copter/message_summary.json,benchmark/extraction_runs/milestone6/ArduPilot/runs/Copter/request_sweep.json,Baseline proves only this default SITL profile. Request-window matches may be conditional and are not causal when the message already streamed by default.
ardupilot-copter-m6,ArduPilot,ArduCopter,quad,388,CAN_FILTER_MODIFY,baseline/ardupilot/modules/mavlink/message_definitions/v1.0/common.xml,all.xml,STATIC_REFERENCE_FOUND,0,2,0,0,0,0,,,True,MAV_RESULT_FAILED,0,NOT_OBSERVED,REQUEST_ACK_FAILED,benchmark/extraction_runs/milestone6/ArduPilot/runs/Copter/message_summary.json,benchmark/extraction_runs/milestone6/ArduPilot/runs/Copter/request_sweep.json,Baseline proves only this default SITL profile. Request-window matches may be conditional and are not causal when the message already streamed by default.
ardupilot-copter-m6,ArduPilot,ArduCopter,quad,390,ONBOARD_COMPUTER_STATUS,baseline/ardupilot/modules/mavlink/message_definitions/v1.0/common.xml,all.xml,NO_REFERENCE_FOUND_BY_HEURISTIC_SCAN,0,0,0,0,0,0,,,True,MAV_RESULT_FAILED,0,NOT_OBSERVED,REQUEST_ACK_FAILED,benchmark/extraction_runs/milestone6/ArduPilot/runs/Copter/message_summary.json,benchmark/extraction_runs/milestone6/ArduPilot/runs/Copter/request_sweep.json,Baseline proves only this default SITL profile. Request-window matches may be conditional and are not causal when the message already streamed by default.
ardupilot-copter-m6,ArduPilot,ArduCopter,quad,420,RADIO_RC_CHANNELS,baseline/ardupilot/modules/mavlink/message_definitions/v1.0/development.xml,all.xml,STATIC_REFERENCE_FOUND,0,2,0,0,0,0,,,True,MAV_RESULT_FAILED,0,NOT_OBSERVED,REQUEST_ACK_FAILED,benchmark/extraction_runs/milestone6/ArduPilot/runs/Copter/message_summary.json,benchmark/extraction_runs/milestone6/ArduPilot/runs/Copter/request_sweep.json,Baseline proves only this default SITL profile. Request-window matches may be conditional and are not causal when the message already streamed by default.
ardupilot-copter-m6,ArduPilot,ArduCopter,quad,435,AVAILABLE_MODES,baseline/ardupilot/modules/mavlink/message_definitions/v1.0/development.xml,all.xml,STATIC_REFERENCE_FOUND,3,0,0,0,1,1,8129304848589,8129304848589,True,MAV_RESULT_ACCEPTED,1,POST_REQUEST_WINDOW_OBSERVATION,REQUEST_WINDOW_MESSAGE_OBSERVED,benchmark/extraction_runs/milestone6/ArduPilot/runs/Copter/message_summary.json,benchmark/extraction_runs/milestone6/ArduPilot/runs/Copter/request_sweep.json,Baseline proves only this default SITL profile. Request-window matches may be conditional and are not causal when the message already streamed by default.
ardupilot-copter-m6,ArduPilot,ArduCopter,quad,436,CURRENT_MODE,baseline/ardupilot/modules/mavlink/message_definitions/v1.0/development.xml,all.xml,NO_REFERENCE_FOUND_BY_HEURISTIC_SCAN,0,0,0,0,0,0,,,True,MAV_RESULT_FAILED,0,NOT_OBSERVED,REQUEST_ACK_FAILED,benchmark/extraction_runs/milestone6/ArduPilot/runs/Copter/message_summary.json,benchmark/extraction_runs/milestone6/ArduPilot/runs/Copter/request_sweep.json,Baseline proves only this default SITL profile. Request-window matches may be conditional and are not causal when the message already streamed by default.
ardupilot-copter-m6,ArduPilot,ArduCopter,quad,437,AVAILABLE_MODES_MONITOR,baseline/ardupilot/modules/mavlink/message_definitions/v1.0/development.xml,all.xml,STATIC_REFERENCE_FOUND,1,0,0,0,1,4,8129316516121,8144303861220,True,MAV_RESULT_ACCEPTED,1,POST_REQUEST_WINDOW_OBSERVATION,REQUEST_WINDOW_MESSAGE_OBSERVED,benchmark/extraction_runs/milestone6/ArduPilot/runs/Copter/message_summary.json,benchmark/extraction_runs/milestone6/ArduPilot/runs/Copter/request_sweep.json,Baseline proves only this default SITL profile. Request-window matches may be conditional and are not causal when the message already streamed by default.
ardupilot-copter-m6,ArduPilot,ArduCopter,quad,441,GNSS_INTEGRITY,baseline/ardupilot/modules/mavlink/message_definitions/v1.0/development.xml,all.xml,NO_REFERENCE_FOUND_BY_HEURISTIC_SCAN,0,0,0,0,0,0,,,True,MAV_RESULT_FAILED,0,NOT_OBSERVED,REQUEST_ACK_FAILED,benchmark/extraction_runs/milestone6/ArduPilot/runs/Copter/message_summary.json,benchmark/extraction_runs/milestone6/ArduPilot/runs/Copter/request_sweep.json,Baseline proves only this default SITL profile. Request-window matches may be conditional and are not causal when the message already streamed by default.
ardupilot-copter-m6,ArduPilot,ArduCopter,quad,513,RANGING_BEACON,baseline/ardupilot/modules/mavlink/message_definitions/v1.0/development.xml,all.xml,NO_REFERENCE_FOUND_BY_HEURISTIC_SCAN,0,0,0,0,0,0,,,True,MAV_RESULT_FAILED,0,NOT_OBSERVED,REQUEST_ACK_FAILED,benchmark/extraction_runs/milestone6/ArduPilot/runs/Copter/message_summary.json,benchmark/extraction_runs/milestone6/ArduPilot/runs/Copter/request_sweep.json,Baseline proves only this default SITL profile. Request-window matches may be conditional and are not causal when the message already streamed by default.
ardupilot-copter-m6,ArduPilot,ArduCopter,quad,8002,SENS_POWER,baseline/ardupilot/modules/mavlink/message_definitions/v1.0/ASLUAV.xml,all.xml,NO_REFERENCE_FOUND_BY_HEURISTIC_SCAN,0,0,0,0,0,0,,,True,MAV_RESULT_FAILED,0,NOT_OBSERVED,REQUEST_ACK_FAILED,benchmark/extraction_runs/milestone6/ArduPilot/runs/Copter/message_summary.json,benchmark/extraction_runs/milestone6/ArduPilot/runs/Copter/request_sweep.json,Baseline proves only this default SITL profile. Request-window matches may be conditional and are not causal when the message already streamed by default.
ardupilot-copter-m6,ArduPilot,ArduCopter,quad,8003,SENS_MPPT,baseline/ardupilot/modules/mavlink/message_definitions/v1.0/ASLUAV.xml,all.xml,NO_REFERENCE_FOUND_BY_HEURISTIC_SCAN,0,0,0,0,0,0,,,True,MAV_RESULT_FAILED,0,NOT_OBSERVED,REQUEST_ACK_FAILED,benchmark/extraction_runs/milestone6/ArduPilot/runs/Copter/message_summary.json,benchmark/extraction_runs/milestone6/ArduPilot/runs/Copter/request_sweep.json,Baseline proves only this default SITL profile. Request-window matches may be conditional and are not causal when the message already streamed by default.
ardupilot-copter-m6,ArduPilot,ArduCopter,quad,8004,ASLCTRL_DATA,baseline/ardupilot/modules/mavlink/message_definitions/v1.0/ASLUAV.xml,all.xml,NO_REFERENCE_FOUND_BY_HEURISTIC_SCAN,0,0,0,0,0,0,,,True,MAV_RESULT_FAILED,0,NOT_OBSERVED,REQUEST_ACK_FAILED,benchmark/extraction_runs/milestone6/ArduPilot/runs/Copter/message_summary.json,benchmark/extraction_runs/milestone6/ArduPilot/runs/Copter/request_sweep.json,Baseline proves only this default SITL profile. Request-window matches may be conditional and are not causal when the message already streamed by default.
ardupilot-copter-m6,ArduPilot,ArduCopter,quad,8005,ASLCTRL_DEBUG,baseline/ardupilot/modules/mavlink/message_definitions/v1.0/ASLUAV.xml,all.xml,NO_REFERENCE_FOUND_BY_HEURISTIC_SCAN,0,0,0,0,0,0,,,True,MAV_RESULT_FAILED,0,NOT_OBSERVED,REQUEST_ACK_FAILED,benchmark/extraction_runs/milestone6/ArduPilot/runs/Copter/message_summary.json,benchmark/extraction_runs/milestone6/ArduPilot/runs/Copter/request_sweep.json,Baseline proves only this default SITL profile. Request-window matches may be conditional and are not causal when the message already streamed by default.
ardupilot-copter-m6,ArduPilot,ArduCopter,quad,8006,ASLUAV_STATUS,baseline/ardupilot/modules/mavlink/message_definitions/v1.0/ASLUAV.xml,all.xml,NO_REFERENCE_FOUND_BY_HEURISTIC_SCAN,0,0,0,0,0,0,,,True,MAV_RESULT_FAILED,0,NOT_OBSERVED,REQUEST_ACK_FAILED,benchmark/extraction_runs/milestone6/ArduPilot/runs/Copter/message_summary.json,benchmark/extraction_runs/milestone6/ArduPilot/runs/Copter/request_sweep.json,Baseline proves only this default SITL profile. Request-window matches may be conditional and are not causal when the message already streamed by default.
ardupilot-copter-m6,ArduPilot,ArduCopter,quad,8007,EKF_EXT,baseline/ardupilot/modules/mavlink/message_definitions/v1.0/ASLUAV.xml,all.xml,NO_REFERENCE_FOUND_BY_HEURISTIC_SCAN,0,0,0,0,0,0,,,True,MAV_RESULT_FAILED,0,NOT_OBSERVED,REQUEST_ACK_FAILED,benchmark/extraction_runs/milestone6/ArduPilot/runs/Copter/message_summary.json,benchmark/extraction_runs/milestone6/ArduPilot/runs/Copter/request_sweep.json,Baseline proves only this default SITL profile. Request-window matches may be conditional and are not causal when the message already streamed by default.
ardupilot-copter-m6,ArduPilot,ArduCopter,quad,8008,ASL_OBCTRL,baseline/ardupilot/modules/mavlink/message_definitions/v1.0/ASLUAV.xml,all.xml,NO_REFERENCE_FOUND_BY_HEURISTIC_SCAN,0,0,0,0,0,0,,,True,MAV_RESULT_FAILED,0,NOT_OBSERVED,REQUEST_ACK_FAILED,benchmark/extraction_runs/milestone6/ArduPilot/runs/Copter/message_summary.json,benchmark/extraction_runs/milestone6/ArduPilot/runs/Copter/request_sweep.json,Baseline proves only this default SITL profile. Request-window matches may be conditional and are not causal when the message already streamed by default.
ardupilot-copter-m6,ArduPilot,ArduCopter,quad,8009,SENS_ATMOS,baseline/ardupilot/modules/mavlink/message_definitions/v1.0/ASLUAV.xml,all.xml,NO_REFERENCE_FOUND_BY_HEURISTIC_SCAN,0,0,0,0,0,0,,,True,MAV_RESULT_FAILED,0,NOT_OBSERVED,REQUEST_ACK_FAILED,benchmark/extraction_runs/milestone6/ArduPilot/runs/Copter/message_summary.json,benchmark/extraction_runs/milestone6/ArduPilot/runs/Copter/request_sweep.json,Baseline proves only this default SITL profile. Request-window matches may be conditional and are not causal when the message already streamed by default.
ardupilot-copter-m6,ArduPilot,ArduCopter,quad,8010,SENS_BATMON,baseline/ardupilot/modules/mavlink/message_definitions/v1.0/ASLUAV.xml,all.xml,NO_REFERENCE_FOUND_BY_HEURISTIC_SCAN,0,0,0,0,0,0,,,True,MAV_RESULT_FAILED,0,NOT_OBSERVED,REQUEST_ACK_FAILED,benchmark/extraction_runs/milestone6/ArduPilot/runs/Copter/message_summary.json,benchmark/extraction_runs/milestone6/ArduPilot/runs/Copter/request_sweep.json,Baseline proves only this default SITL profile. Request-window matches may be conditional and are not causal when the message already streamed by default.
ardupilot-copter-m6,ArduPilot,ArduCopter,quad,8011,FW_SOARING_DATA,baseline/ardupilot/modules/mavlink/message_definitions/v1.0/ASLUAV.xml,all.xml,NO_REFERENCE_FOUND_BY_HEURISTIC_SCAN,0,0,0,0,0,0,,,True,MAV_RESULT_FAILED,0,NOT_OBSERVED,REQUEST_ACK_FAILED,benchmark/extraction_runs/milestone6/ArduPilot/runs/Copter/message_summary.json,benchmark/extraction_runs/milestone6/ArduPilot/runs/Copter/request_sweep.json,Baseline proves only this default SITL profile. Request-window matches may be conditional and are not causal when the message already streamed by default.
ardupilot-copter-m6,ArduPilot,ArduCopter,quad,8012,SENSORPOD_STATUS,baseline/ardupilot/modules/mavlink/message_definitions/v1.0/ASLUAV.xml,all.xml,NO_REFERENCE_FOUND_BY_HEURISTIC_SCAN,0,0,0,0,0,0,,,True,MAV_RESULT_FAILED,0,NOT_OBSERVED,REQUEST_ACK_FAILED,benchmark/extraction_runs/milestone6/ArduPilot/runs/Copter/message_summary.json,benchmark/extraction_runs/milestone6/ArduPilot/runs/Copter/request_sweep.json,Baseline proves only this default SITL profile. Request-window matches may be conditional and are not causal when the message already streamed by default.
ardupilot-copter-m6,ArduPilot,ArduCopter,quad,8013,SENS_POWER_BOARD,baseline/ardupilot/modules/mavlink/message_definitions/v1.0/ASLUAV.xml,all.xml,NO_REFERENCE_FOUND_BY_HEURISTIC_SCAN,0,0,0,0,0,0,,,True,MAV_RESULT_FAILED,0,NOT_OBSERVED,REQUEST_ACK_FAILED,benchmark/extraction_runs/milestone6/ArduPilot/runs/Copter/message_summary.json,benchmark/extraction_runs/milestone6/ArduPilot/runs/Copter/request_sweep.json,Baseline proves only this default SITL profile. Request-window matches may be conditional and are not causal when the message already streamed by default.
ardupilot-copter-m6,ArduPilot,ArduCopter,quad,8014,GSM_LINK_STATUS,baseline/ardupilot/modules/mavlink/message_definitions/v1.0/ASLUAV.xml,all.xml,NO_REFERENCE_FOUND_BY_HEURISTIC_SCAN,0,0,0,0,0,0,,,True,MAV_RESULT_FAILED,0,NOT_OBSERVED,REQUEST_ACK_FAILED,benchmark/extraction_runs/milestone6/ArduPilot/runs/Copter/message_summary.json,benchmark/extraction_runs/milestone6/ArduPilot/runs/Copter/request_sweep.json,Baseline proves only this default SITL profile. Request-window matches may be conditional and are not causal when the message already streamed by default.
ardupilot-copter-m6,ArduPilot,ArduCopter,quad,8015,SATCOM_LINK_STATUS,baseline/ardupilot/modules/mavlink/message_definitions/v1.0/ASLUAV.xml,all.xml,NO_REFERENCE_FOUND_BY_HEURISTIC_SCAN,0,0,0,0,0,0,,,True,MAV_RESULT_FAILED,0,NOT_OBSERVED,REQUEST_ACK_FAILED,benchmark/extraction_runs/milestone6/ArduPilot/runs/Copter/message_summary.json,benchmark/extraction_runs/milestone6/ArduPilot/runs/Copter/request_sweep.json,Baseline proves only this default SITL profile. Request-window matches may be conditional and are not causal when the message already streamed by default.
ardupilot-copter-m6,ArduPilot,ArduCopter,quad,8016,SENSOR_AIRFLOW_ANGLES,baseline/ardupilot/modules/mavlink/message_definitions/v1.0/ASLUAV.xml,all.xml,NO_REFERENCE_FOUND_BY_HEURISTIC_SCAN,0,0,0,0,0,0,,,True,MAV_RESULT_FAILED,0,NOT_OBSERVED,REQUEST_ACK_FAILED,benchmark/extraction_runs/milestone6/ArduPilot/runs/Copter/message_summary.json,benchmark/extraction_runs/milestone6/ArduPilot/runs/Copter/request_sweep.json,Baseline proves only this default SITL profile. Request-window matches may be conditional and are not causal when the message already streamed by default.
ardupilot-copter-m6,ArduPilot,ArduCopter,quad,9000,WHEEL_DISTANCE,baseline/ardupilot/modules/mavlink/message_definitions/v1.0/common.xml,all.xml,STATIC_REFERENCE_FOUND,1,0,0,0,0,0,,,True,MAV_RESULT_FAILED,0,NOT_OBSERVED,REQUEST_ACK_FAILED,benchmark/extraction_runs/milestone6/ArduPilot/runs/Copter/message_summary.json,benchmark/extraction_runs/milestone6/ArduPilot/runs/Copter/request_sweep.json,Baseline proves only this default SITL profile. Request-window matches may be conditional and are not causal when the message already streamed by default.
ardupilot-copter-m6,ArduPilot,ArduCopter,quad,9005,WINCH_STATUS,baseline/ardupilot/modules/mavlink/message_definitions/v1.0/common.xml,all.xml,STATIC_REFERENCE_FOUND,2,0,0,0,0,0,,,True,MAV_RESULT_ACCEPTED,0,NOT_OBSERVED,REQUEST_ACK_ACCEPTED_NO_MATCHING_FRAME,benchmark/extraction_runs/milestone6/ArduPilot/runs/Copter/message_summary.json,benchmark/extraction_runs/milestone6/ArduPilot/runs/Copter/request_sweep.json,Baseline proves only this default SITL profile. Request-window matches may be conditional and are not causal when the message already streamed by default.
ardupilot-copter-m6,ArduPilot,ArduCopter,quad,10001,UAVIONIX_ADSB_OUT_CFG,baseline/ardupilot/modules/mavlink/message_definitions/v1.0/uAvionix.xml,all.xml,STATIC_REFERENCE_FOUND,1,3,0,0,0,0,,,True,MAV_RESULT_FAILED,0,NOT_OBSERVED,REQUEST_ACK_FAILED,benchmark/extraction_runs/milestone6/ArduPilot/runs/Copter/message_summary.json,benchmark/extraction_runs/milestone6/ArduPilot/runs/Copter/request_sweep.json,Baseline proves only this default SITL profile. Request-window matches may be conditional and are not causal when the message already streamed by default.
ardupilot-copter-m6,ArduPilot,ArduCopter,quad,10002,UAVIONIX_ADSB_OUT_DYNAMIC,baseline/ardupilot/modules/mavlink/message_definitions/v1.0/uAvionix.xml,all.xml,STATIC_REFERENCE_FOUND,1,2,0,0,0,0,,,True,MAV_RESULT_FAILED,0,NOT_OBSERVED,REQUEST_ACK_FAILED,benchmark/extraction_runs/milestone6/ArduPilot/runs/Copter/message_summary.json,benchmark/extraction_runs/milestone6/ArduPilot/runs/Copter/request_sweep.json,Baseline proves only this default SITL profile. Request-window matches may be conditional and are not causal when the message already streamed by default.
ardupilot-copter-m6,ArduPilot,ArduCopter,quad,10003,UAVIONIX_ADSB_TRANSCEIVER_HEALTH_REPORT,baseline/ardupilot/modules/mavlink/message_definitions/v1.0/uAvionix.xml,all.xml,STATIC_REFERENCE_FOUND,0,3,0,0,0,0,,,True,MAV_RESULT_FAILED,0,NOT_OBSERVED,REQUEST_ACK_FAILED,benchmark/extraction_runs/milestone6/ArduPilot/runs/Copter/message_summary.json,benchmark/extraction_runs/milestone6/ArduPilot/runs/Copter/request_sweep.json,Baseline proves only this default SITL profile. Request-window matches may be conditional and are not causal when the message already streamed by default.
ardupilot-copter-m6,ArduPilot,ArduCopter,quad,10004,UAVIONIX_ADSB_OUT_CFG_REGISTRATION,baseline/ardupilot/modules/mavlink/message_definitions/v1.0/uAvionix.xml,all.xml,NO_REFERENCE_FOUND_BY_HEURISTIC_SCAN,0,0,0,0,0,0,,,True,MAV_RESULT_FAILED,0,NOT_OBSERVED,REQUEST_ACK_FAILED,benchmark/extraction_runs/milestone6/ArduPilot/runs/Copter/message_summary.json,benchmark/extraction_runs/milestone6/ArduPilot/runs/Copter/request_sweep.json,Baseline proves only this default SITL profile. Request-window matches may be conditional and are not causal when the message already streamed by default.
ardupilot-copter-m6,ArduPilot,ArduCopter,quad,10005,UAVIONIX_ADSB_OUT_CFG_FLIGHTID,baseline/ardupilot/modules/mavlink/message_definitions/v1.0/uAvionix.xml,all.xml,NO_REFERENCE_FOUND_BY_HEURISTIC_SCAN,0,0,0,0,0,0,,,True,MAV_RESULT_FAILED,0,NOT_OBSERVED,REQUEST_ACK_FAILED,benchmark/extraction_runs/milestone6/ArduPilot/runs/Copter/message_summary.json,benchmark/extraction_runs/milestone6/ArduPilot/runs/Copter/request_sweep.json,Baseline proves only this default SITL profile. Request-window matches may be conditional and are not causal when the message already streamed by default.
ardupilot-copter-m6,ArduPilot,ArduCopter,quad,10006,UAVIONIX_ADSB_GET,baseline/ardupilot/modules/mavlink/message_definitions/v1.0/uAvionix.xml,all.xml,NO_REFERENCE_FOUND_BY_HEURISTIC_SCAN,0,0,0,0,0,0,,,True,MAV_RESULT_FAILED,0,NOT_OBSERVED,REQUEST_ACK_FAILED,benchmark/extraction_runs/milestone6/ArduPilot/runs/Copter/message_summary.json,benchmark/extraction_runs/milestone6/ArduPilot/runs/Copter/request_sweep.json,Baseline proves only this default SITL profile. Request-window matches may be conditional and are not causal when the message already streamed by default.
ardupilot-copter-m6,ArduPilot,ArduCopter,quad,10007,UAVIONIX_ADSB_OUT_CONTROL,baseline/ardupilot/modules/mavlink/message_definitions/v1.0/uAvionix.xml,all.xml,STATIC_REFERENCE_FOUND,0,3,0,0,0,0,,,True,MAV_RESULT_FAILED,0,NOT_OBSERVED,REQUEST_ACK_FAILED,benchmark/extraction_runs/milestone6/ArduPilot/runs/Copter/message_summary.json,benchmark/extraction_runs/milestone6/ArduPilot/runs/Copter/request_sweep.json,Baseline proves only this default SITL profile. Request-window matches may be conditional and are not causal when the message already streamed by default.
ardupilot-copter-m6,ArduPilot,ArduCopter,quad,10008,UAVIONIX_ADSB_OUT_STATUS,baseline/ardupilot/modules/mavlink/message_definitions/v1.0/uAvionix.xml,all.xml,STATIC_REFERENCE_FOUND,1,0,0,0,0,0,,,True,MAV_RESULT_ACCEPTED,0,NOT_OBSERVED,REQUEST_ACK_ACCEPTED_NO_MATCHING_FRAME,benchmark/extraction_runs/milestone6/ArduPilot/runs/Copter/message_summary.json,benchmark/extraction_runs/milestone6/ArduPilot/runs/Copter/request_sweep.json,Baseline proves only this default SITL profile. Request-window matches may be conditional and are not causal when the message already streamed by default.
ardupilot-copter-m6,ArduPilot,ArduCopter,quad,10151,LOWEHEISER_GOV_EFI,baseline/ardupilot/modules/mavlink/message_definitions/v1.0/loweheiser.xml,all.xml,STATIC_REFERENCE_FOUND,0,3,0,0,0,0,,,True,MAV_RESULT_FAILED,0,NOT_OBSERVED,REQUEST_ACK_FAILED,benchmark/extraction_runs/milestone6/ArduPilot/runs/Copter/message_summary.json,benchmark/extraction_runs/milestone6/ArduPilot/runs/Copter/request_sweep.json,Baseline proves only this default SITL profile. Request-window matches may be conditional and are not causal when the message already streamed by default.
ardupilot-copter-m6,ArduPilot,ArduCopter,quad,11000,DEVICE_OP_READ,baseline/ardupilot/modules/mavlink/message_definitions/v1.0/ardupilotmega.xml,all.xml,STATIC_REFERENCE_FOUND,0,2,0,0,0,0,,,True,MAV_RESULT_FAILED,0,NOT_OBSERVED,REQUEST_ACK_FAILED,benchmark/extraction_runs/milestone6/ArduPilot/runs/Copter/message_summary.json,benchmark/extraction_runs/milestone6/ArduPilot/runs/Copter/request_sweep.json,Baseline proves only this default SITL profile. Request-window matches may be conditional and are not causal when the message already streamed by default.
ardupilot-copter-m6,ArduPilot,ArduCopter,quad,11001,DEVICE_OP_READ_REPLY,baseline/ardupilot/modules/mavlink/message_definitions/v1.0/ardupilotmega.xml,all.xml,STATIC_REFERENCE_FOUND,2,0,0,0,0,0,,,True,MAV_RESULT_FAILED,0,NOT_OBSERVED,REQUEST_ACK_FAILED,benchmark/extraction_runs/milestone6/ArduPilot/runs/Copter/message_summary.json,benchmark/extraction_runs/milestone6/ArduPilot/runs/Copter/request_sweep.json,Baseline proves only this default SITL profile. Request-window matches may be conditional and are not causal when the message already streamed by default.
ardupilot-copter-m6,ArduPilot,ArduCopter,quad,11002,DEVICE_OP_WRITE,baseline/ardupilot/modules/mavlink/message_definitions/v1.0/ardupilotmega.xml,all.xml,STATIC_REFERENCE_FOUND,0,2,0,0,0,0,,,True,MAV_RESULT_FAILED,0,NOT_OBSERVED,REQUEST_ACK_FAILED,benchmark/extraction_runs/milestone6/ArduPilot/runs/Copter/message_summary.json,benchmark/extraction_runs/milestone6/ArduPilot/runs/Copter/request_sweep.json,Baseline proves only this default SITL profile. Request-window matches may be conditional and are not causal when the message already streamed by default.
ardupilot-copter-m6,ArduPilot,ArduCopter,quad,11003,DEVICE_OP_WRITE_REPLY,baseline/ardupilot/modules/mavlink/message_definitions/v1.0/ardupilotmega.xml,all.xml,STATIC_REFERENCE_FOUND,1,0,0,0,0,0,,,True,MAV_RESULT_FAILED,0,NOT_OBSERVED,REQUEST_ACK_FAILED,benchmark/extraction_runs/milestone6/ArduPilot/runs/Copter/message_summary.json,benchmark/extraction_runs/milestone6/ArduPilot/runs/Copter/request_sweep.json,Baseline proves only this default SITL profile. Request-window matches may be conditional and are not causal when the message already streamed by default.
ardupilot-copter-m6,ArduPilot,ArduCopter,quad,11004,SECURE_COMMAND,baseline/ardupilot/modules/mavlink/message_definitions/v1.0/ardupilotmega.xml,all.xml,STATIC_REFERENCE_FOUND,0,3,0,0,0,0,,,True,MAV_RESULT_FAILED,0,NOT_OBSERVED,REQUEST_ACK_FAILED,benchmark/extraction_runs/milestone6/ArduPilot/runs/Copter/message_summary.json,benchmark/extraction_runs/milestone6/ArduPilot/runs/Copter/request_sweep.json,Baseline proves only this default SITL profile. Request-window matches may be conditional and are not causal when the message already streamed by default.
ardupilot-copter-m6,ArduPilot,ArduCopter,quad,11005,SECURE_COMMAND_REPLY,baseline/ardupilot/modules/mavlink/message_definitions/v1.0/ardupilotmega.xml,all.xml,STATIC_REFERENCE_FOUND,1,1,0,0,0,0,,,True,MAV_RESULT_FAILED,0,NOT_OBSERVED,REQUEST_ACK_FAILED,benchmark/extraction_runs/milestone6/ArduPilot/runs/Copter/message_summary.json,benchmark/extraction_runs/milestone6/ArduPilot/runs/Copter/request_sweep.json,Baseline proves only this default SITL profile. Request-window matches may be conditional and are not causal when the message already streamed by default.
ardupilot-copter-m6,ArduPilot,ArduCopter,quad,11010,ADAP_TUNING,baseline/ardupilot/modules/mavlink/message_definitions/v1.0/ardupilotmega.xml,all.xml,NO_REFERENCE_FOUND_BY_HEURISTIC_SCAN,0,0,0,0,0,0,,,True,MAV_RESULT_FAILED,0,NOT_OBSERVED,REQUEST_ACK_FAILED,benchmark/extraction_runs/milestone6/ArduPilot/runs/Copter/message_summary.json,benchmark/extraction_runs/milestone6/ArduPilot/runs/Copter/request_sweep.json,Baseline proves only this default SITL profile. Request-window matches may be conditional and are not causal when the message already streamed by default.
ardupilot-copter-m6,ArduPilot,ArduCopter,quad,11011,VISION_POSITION_DELTA,baseline/ardupilot/modules/mavlink/message_definitions/v1.0/ardupilotmega.xml,all.xml,STATIC_REFERENCE_FOUND,0,2,0,0,0,0,,,True,MAV_RESULT_FAILED,0,NOT_OBSERVED,REQUEST_ACK_FAILED,benchmark/extraction_runs/milestone6/ArduPilot/runs/Copter/message_summary.json,benchmark/extraction_runs/milestone6/ArduPilot/runs/Copter/request_sweep.json,Baseline proves only this default SITL profile. Request-window matches may be conditional and are not causal when the message already streamed by default.
ardupilot-copter-m6,ArduPilot,ArduCopter,quad,11020,AOA_SSA,baseline/ardupilot/modules/mavlink/message_definitions/v1.0/ardupilotmega.xml,all.xml,STATIC_REFERENCE_FOUND,1,0,0,0,0,0,,,True,MAV_RESULT_FAILED,0,NOT_OBSERVED,REQUEST_ACK_FAILED,benchmark/extraction_runs/milestone6/ArduPilot/runs/Copter/message_summary.json,benchmark/extraction_runs/milestone6/ArduPilot/runs/Copter/request_sweep.json,Baseline proves only this default SITL profile. Request-window matches may be conditional and are not causal when the message already streamed by default.
ardupilot-copter-m6,ArduPilot,ArduCopter,quad,11030,ESC_TELEMETRY_1_TO_4,baseline/ardupilot/modules/mavlink/message_definitions/v1.0/ardupilotmega.xml,all.xml,STATIC_REFERENCE_FOUND,1,0,0,0,1,1,8130331160007,8130331160007,True,MAV_RESULT_ACCEPTED,1,POST_REQUEST_WINDOW_OBSERVATION,REQUEST_WINDOW_MESSAGE_OBSERVED,benchmark/extraction_runs/milestone6/ArduPilot/runs/Copter/message_summary.json,benchmark/extraction_runs/milestone6/ArduPilot/runs/Copter/request_sweep.json,Baseline proves only this default SITL profile. Request-window matches may be conditional and are not causal when the message already streamed by default.
ardupilot-copter-m6,ArduPilot,ArduCopter,quad,11031,ESC_TELEMETRY_5_TO_8,baseline/ardupilot/modules/mavlink/message_definitions/v1.0/ardupilotmega.xml,all.xml,STATIC_REFERENCE_FOUND,1,0,0,0,0,0,,,True,MAV_RESULT_FAILED,0,NOT_OBSERVED,REQUEST_ACK_FAILED,benchmark/extraction_runs/milestone6/ArduPilot/runs/Copter/message_summary.json,benchmark/extraction_runs/milestone6/ArduPilot/runs/Copter/request_sweep.json,Baseline proves only this default SITL profile. Request-window matches may be conditional and are not causal when the message already streamed by default.
ardupilot-copter-m6,ArduPilot,ArduCopter,quad,11032,ESC_TELEMETRY_9_TO_12,baseline/ardupilot/modules/mavlink/message_definitions/v1.0/ardupilotmega.xml,all.xml,STATIC_REFERENCE_FOUND,1,0,0,0,0,0,,,True,MAV_RESULT_FAILED,0,NOT_OBSERVED,REQUEST_ACK_FAILED,benchmark/extraction_runs/milestone6/ArduPilot/runs/Copter/message_summary.json,benchmark/extraction_runs/milestone6/ArduPilot/runs/Copter/request_sweep.json,Baseline proves only this default SITL profile. Request-window matches may be conditional and are not causal when the message already streamed by default.
ardupilot-copter-m6,ArduPilot,ArduCopter,quad,11033,OSD_PARAM_CONFIG,baseline/ardupilot/modules/mavlink/message_definitions/v1.0/ardupilotmega.xml,all.xml,STATIC_REFERENCE_FOUND,0,3,0,0,0,0,,,True,MAV_RESULT_FAILED,0,NOT_OBSERVED,REQUEST_ACK_FAILED,benchmark/extraction_runs/milestone6/ArduPilot/runs/Copter/message_summary.json,benchmark/extraction_runs/milestone6/ArduPilot/runs/Copter/request_sweep.json,Baseline proves only this default SITL profile. Request-window matches may be conditional and are not causal when the message already streamed by default.
ardupilot-copter-m6,ArduPilot,ArduCopter,quad,11034,OSD_PARAM_CONFIG_REPLY,baseline/ardupilot/modules/mavlink/message_definitions/v1.0/ardupilotmega.xml,all.xml,STATIC_REFERENCE_FOUND,3,0,0,0,0,0,,,True,MAV_RESULT_FAILED,0,NOT_OBSERVED,REQUEST_ACK_FAILED,benchmark/extraction_runs/milestone6/ArduPilot/runs/Copter/message_summary.json,benchmark/extraction_runs/milestone6/ArduPilot/runs/Copter/request_sweep.json,Baseline proves only this default SITL profile. Request-window matches may be conditional and are not causal when the message already streamed by default.
ardupilot-copter-m6,ArduPilot,ArduCopter,quad,11035,OSD_PARAM_SHOW_CONFIG,baseline/ardupilot/modules/mavlink/message_definitions/v1.0/ardupilotmega.xml,all.xml,STATIC_REFERENCE_FOUND,0,3,0,0,0,0,,,True,MAV_RESULT_FAILED,0,NOT_OBSERVED,REQUEST_ACK_FAILED,benchmark/extraction_runs/milestone6/ArduPilot/runs/Copter/message_summary.json,benchmark/extraction_runs/milestone6/ArduPilot/runs/Copter/request_sweep.json,Baseline proves only this default SITL profile. Request-window matches may be conditional and are not causal when the message already streamed by default.
ardupilot-copter-m6,ArduPilot,ArduCopter,quad,11036,OSD_PARAM_SHOW_CONFIG_REPLY,baseline/ardupilot/modules/mavlink/message_definitions/v1.0/ardupilotmega.xml,all.xml,STATIC_REFERENCE_FOUND,4,0,0,0,0,0,,,True,MAV_RESULT_FAILED,0,NOT_OBSERVED,REQUEST_ACK_FAILED,benchmark/extraction_runs/milestone6/ArduPilot/runs/Copter/message_summary.json,benchmark/extraction_runs/milestone6/ArduPilot/runs/Copter/request_sweep.json,Baseline proves only this default SITL profile. Request-window matches may be conditional and are not causal when the message already streamed by default.
ardupilot-copter-m6,ArduPilot,ArduCopter,quad,11037,OBSTACLE_DISTANCE_3D,baseline/ardupilot/modules/mavlink/message_definitions/v1.0/ardupilotmega.xml,all.xml,STATIC_REFERENCE_FOUND,0,2,0,0,0,0,,,True,MAV_RESULT_FAILED,0,NOT_OBSERVED,REQUEST_ACK_FAILED,benchmark/extraction_runs/milestone6/ArduPilot/runs/Copter/message_summary.json,benchmark/extraction_runs/milestone6/ArduPilot/runs/Copter/request_sweep.json,Baseline proves only this default SITL profile. Request-window matches may be conditional and are not causal when the message already streamed by default.
ardupilot-copter-m6,ArduPilot,ArduCopter,quad,11038,WATER_DEPTH,baseline/ardupilot/modules/mavlink/message_definitions/v1.0/ardupilotmega.xml,all.xml,STATIC_REFERENCE_FOUND,1,0,0,0,0,0,,,True,MAV_RESULT_FAILED,0,NOT_OBSERVED,REQUEST_ACK_FAILED,benchmark/extraction_runs/milestone6/ArduPilot/runs/Copter/message_summary.json,benchmark/extraction_runs/milestone6/ArduPilot/runs/Copter/request_sweep.json,Baseline proves only this default SITL profile. Request-window matches may be conditional and are not causal when the message already streamed by default.
ardupilot-copter-m6,ArduPilot,ArduCopter,quad,11039,MCU_STATUS,baseline/ardupilot/modules/mavlink/message_definitions/v1.0/ardupilotmega.xml,all.xml,STATIC_REFERENCE_FOUND,1,0,0,0,0,0,,,True,MAV_RESULT_FAILED,0,NOT_OBSERVED,REQUEST_ACK_FAILED,benchmark/extraction_runs/milestone6/ArduPilot/runs/Copter/message_summary.json,benchmark/extraction_runs/milestone6/ArduPilot/runs/Copter/request_sweep.json,Baseline proves only this default SITL profile. Request-window matches may be conditional and are not causal when the message already streamed by default.
ardupilot-copter-m6,ArduPilot,ArduCopter,quad,11040,ESC_TELEMETRY_13_TO_16,baseline/ardupilot/modules/mavlink/message_definitions/v1.0/ardupilotmega.xml,all.xml,STATIC_REFERENCE_FOUND,1,0,0,0,0,0,,,True,MAV_RESULT_FAILED,0,NOT_OBSERVED,REQUEST_ACK_FAILED,benchmark/extraction_runs/milestone6/ArduPilot/runs/Copter/message_summary.json,benchmark/extraction_runs/milestone6/ArduPilot/runs/Copter/request_sweep.json,Baseline proves only this default SITL profile. Request-window matches may be conditional and are not causal when the message already streamed by default.
ardupilot-copter-m6,ArduPilot,ArduCopter,quad,11041,ESC_TELEMETRY_17_TO_20,baseline/ardupilot/modules/mavlink/message_definitions/v1.0/ardupilotmega.xml,all.xml,STATIC_REFERENCE_FOUND,1,0,0,0,0,0,,,True,MAV_RESULT_FAILED,0,NOT_OBSERVED,REQUEST_ACK_FAILED,benchmark/extraction_runs/milestone6/ArduPilot/runs/Copter/message_summary.json,benchmark/extraction_runs/milestone6/ArduPilot/runs/Copter/request_sweep.json,Baseline proves only this default SITL profile. Request-window matches may be conditional and are not causal when the message already streamed by default.
ardupilot-copter-m6,ArduPilot,ArduCopter,quad,11042,ESC_TELEMETRY_21_TO_24,baseline/ardupilot/modules/mavlink/message_definitions/v1.0/ardupilotmega.xml,all.xml,STATIC_REFERENCE_FOUND,1,0,0,0,0,0,,,True,MAV_RESULT_FAILED,0,NOT_OBSERVED,REQUEST_ACK_FAILED,benchmark/extraction_runs/milestone6/ArduPilot/runs/Copter/message_summary.json,benchmark/extraction_runs/milestone6/ArduPilot/runs/Copter/request_sweep.json,Baseline proves only this default SITL profile. Request-window matches may be conditional and are not causal when the message already streamed by default.
ardupilot-copter-m6,ArduPilot,ArduCopter,quad,11043,ESC_TELEMETRY_25_TO_28,baseline/ardupilot/modules/mavlink/message_definitions/v1.0/ardupilotmega.xml,all.xml,STATIC_REFERENCE_FOUND,1,0,0,0,0,0,,,True,MAV_RESULT_FAILED,0,NOT_OBSERVED,REQUEST_ACK_FAILED,benchmark/extraction_runs/milestone6/ArduPilot/runs/Copter/message_summary.json,benchmark/extraction_runs/milestone6/ArduPilot/runs/Copter/request_sweep.json,Baseline proves only this default SITL profile. Request-window matches may be conditional and are not causal when the message already streamed by default.
ardupilot-copter-m6,ArduPilot,ArduCopter,quad,11044,ESC_TELEMETRY_29_TO_32,baseline/ardupilot/modules/mavlink/message_definitions/v1.0/ardupilotmega.xml,all.xml,STATIC_REFERENCE_FOUND,1,0,0,0,0,0,,,True,MAV_RESULT_FAILED,0,NOT_OBSERVED,REQUEST_ACK_FAILED,benchmark/extraction_runs/milestone6/ArduPilot/runs/Copter/message_summary.json,benchmark/extraction_runs/milestone6/ArduPilot/runs/Copter/request_sweep.json,Baseline proves only this default SITL profile. Request-window matches may be conditional and are not causal when the message already streamed by default.
ardupilot-copter-m6,ArduPilot,ArduCopter,quad,11060,NAMED_VALUE_STRING,baseline/ardupilot/modules/mavlink/message_definitions/v1.0/ardupilotmega.xml,all.xml,STATIC_REFERENCE_FOUND,0,0,0,0,0,0,,,True,MAV_RESULT_FAILED,0,NOT_OBSERVED,REQUEST_ACK_FAILED,benchmark/extraction_runs/milestone6/ArduPilot/runs/Copter/message_summary.json,benchmark/extraction_runs/milestone6/ArduPilot/runs/Copter/request_sweep.json,Baseline proves only this default SITL profile. Request-window matches may be conditional and are not causal when the message already streamed by default.
ardupilot-copter-m6,ArduPilot,ArduCopter,quad,12900,OPEN_DRONE_ID_BASIC_ID,baseline/ardupilot/modules/mavlink/message_definitions/v1.0/common.xml,all.xml,STATIC_REFERENCE_FOUND,1,3,0,0,0,0,,,True,MAV_RESULT_FAILED,0,NOT_OBSERVED,REQUEST_ACK_FAILED,benchmark/extraction_runs/milestone6/ArduPilot/runs/Copter/message_summary.json,benchmark/extraction_runs/milestone6/ArduPilot/runs/Copter/request_sweep.json,Baseline proves only this default SITL profile. Request-window matches may be conditional and are not causal when the message already streamed by default.
ardupilot-copter-m6,ArduPilot,ArduCopter,quad,12901,OPEN_DRONE_ID_LOCATION,baseline/ardupilot/modules/mavlink/message_definitions/v1.0/common.xml,all.xml,STATIC_REFERENCE_FOUND,1,0,0,0,0,0,,,True,MAV_RESULT_FAILED,0,NOT_OBSERVED,REQUEST_ACK_FAILED,benchmark/extraction_runs/milestone6/ArduPilot/runs/Copter/message_summary.json,benchmark/extraction_runs/milestone6/ArduPilot/runs/Copter/request_sweep.json,Baseline proves only this default SITL profile. Request-window matches may be conditional and are not causal when the message already streamed by default.
ardupilot-copter-m6,ArduPilot,ArduCopter,quad,12902,OPEN_DRONE_ID_AUTHENTICATION,baseline/ardupilot/modules/mavlink/message_definitions/v1.0/common.xml,all.xml,NO_REFERENCE_FOUND_BY_HEURISTIC_SCAN,0,0,0,0,0,0,,,True,MAV_RESULT_FAILED,0,NOT_OBSERVED,REQUEST_ACK_FAILED,benchmark/extraction_runs/milestone6/ArduPilot/runs/Copter/message_summary.json,benchmark/extraction_runs/milestone6/ArduPilot/runs/Copter/request_sweep.json,Baseline proves only this default SITL profile. Request-window matches may be conditional and are not causal when the message already streamed by default.
ardupilot-copter-m6,ArduPilot,ArduCopter,quad,12903,OPEN_DRONE_ID_SELF_ID,baseline/ardupilot/modules/mavlink/message_definitions/v1.0/common.xml,all.xml,STATIC_REFERENCE_FOUND,1,3,0,0,0,0,,,True,MAV_RESULT_FAILED,0,NOT_OBSERVED,REQUEST_ACK_FAILED,benchmark/extraction_runs/milestone6/ArduPilot/runs/Copter/message_summary.json,benchmark/extraction_runs/milestone6/ArduPilot/runs/Copter/request_sweep.json,Baseline proves only this default SITL profile. Request-window matches may be conditional and are not causal when the message already streamed by default.
ardupilot-copter-m6,ArduPilot,ArduCopter,quad,12904,OPEN_DRONE_ID_SYSTEM,baseline/ardupilot/modules/mavlink/message_definitions/v1.0/common.xml,all.xml,STATIC_REFERENCE_FOUND,1,3,0,0,0,0,,,True,MAV_RESULT_FAILED,0,NOT_OBSERVED,REQUEST_ACK_FAILED,benchmark/extraction_runs/milestone6/ArduPilot/runs/Copter/message_summary.json,benchmark/extraction_runs/milestone6/ArduPilot/runs/Copter/request_sweep.json,Baseline proves only this default SITL profile. Request-window matches may be conditional and are not causal when the message already streamed by default.
ardupilot-copter-m6,ArduPilot,ArduCopter,quad,12905,OPEN_DRONE_ID_OPERATOR_ID,baseline/ardupilot/modules/mavlink/message_definitions/v1.0/common.xml,all.xml,STATIC_REFERENCE_FOUND,1,3,0,0,0,0,,,True,MAV_RESULT_FAILED,0,NOT_OBSERVED,REQUEST_ACK_FAILED,benchmark/extraction_runs/milestone6/ArduPilot/runs/Copter/message_summary.json,benchmark/extraction_runs/milestone6/ArduPilot/runs/Copter/request_sweep.json,Baseline proves only this default SITL profile. Request-window matches may be conditional and are not causal when the message already streamed by default.
ardupilot-copter-m6,ArduPilot,ArduCopter,quad,12915,OPEN_DRONE_ID_MESSAGE_PACK,baseline/ardupilot/modules/mavlink/message_definitions/v1.0/common.xml,all.xml,NO_REFERENCE_FOUND_BY_HEURISTIC_SCAN,0,0,0,0,0,0,,,True,MAV_RESULT_FAILED,0,NOT_OBSERVED,REQUEST_ACK_FAILED,benchmark/extraction_runs/milestone6/ArduPilot/runs/Copter/message_summary.json,benchmark/extraction_runs/milestone6/ArduPilot/runs/Copter/request_sweep.json,Baseline proves only this default SITL profile. Request-window matches may be conditional and are not causal when the message already streamed by default.
ardupilot-copter-m6,ArduPilot,ArduCopter,quad,12918,OPEN_DRONE_ID_ARM_STATUS,baseline/ardupilot/modules/mavlink/message_definitions/v1.0/common.xml,all.xml,STATIC_REFERENCE_FOUND,0,3,0,0,0,0,,,True,MAV_RESULT_FAILED,0,NOT_OBSERVED,REQUEST_ACK_FAILED,benchmark/extraction_runs/milestone6/ArduPilot/runs/Copter/message_summary.json,benchmark/extraction_runs/milestone6/ArduPilot/runs/Copter/request_sweep.json,Baseline proves only this default SITL profile. Request-window matches may be conditional and are not causal when the message already streamed by default.
ardupilot-copter-m6,ArduPilot,ArduCopter,quad,12919,OPEN_DRONE_ID_SYSTEM_UPDATE,baseline/ardupilot/modules/mavlink/message_definitions/v1.0/common.xml,all.xml,STATIC_REFERENCE_FOUND,1,3,0,0,0,0,,,True,MAV_RESULT_FAILED,0,NOT_OBSERVED,REQUEST_ACK_FAILED,benchmark/extraction_runs/milestone6/ArduPilot/runs/Copter/message_summary.json,benchmark/extraction_runs/milestone6/ArduPilot/runs/Copter/request_sweep.json,Baseline proves only this default SITL profile. Request-window matches may be conditional and are not causal when the message already streamed by default.
ardupilot-copter-m6,ArduPilot,ArduCopter,quad,12920,HYGROMETER_SENSOR,baseline/ardupilot/modules/mavlink/message_definitions/v1.0/common.xml,all.xml,STATIC_REFERENCE_FOUND,1,0,0,0,0,0,,,True,MAV_RESULT_FAILED,0,NOT_OBSERVED,REQUEST_ACK_FAILED,benchmark/extraction_runs/milestone6/ArduPilot/runs/Copter/message_summary.json,benchmark/extraction_runs/milestone6/ArduPilot/runs/Copter/request_sweep.json,Baseline proves only this default SITL profile. Request-window matches may be conditional and are not causal when the message already streamed by default.
ardupilot-copter-m6,ArduPilot,ArduCopter,quad,17000,TEST_TYPES,baseline/ardupilot/modules/mavlink/message_definitions/v1.0/test.xml,all.xml,NO_REFERENCE_FOUND_BY_HEURISTIC_SCAN,0,0,0,0,0,0,,,True,MAV_RESULT_FAILED,0,NOT_OBSERVED,REQUEST_ACK_FAILED,benchmark/extraction_runs/milestone6/ArduPilot/runs/Copter/message_summary.json,benchmark/extraction_runs/milestone6/ArduPilot/runs/Copter/request_sweep.json,Baseline proves only this default SITL profile. Request-window matches may be conditional and are not causal when the message already streamed by default.
ardupilot-copter-m6,ArduPilot,ArduCopter,quad,17150,ARRAY_TEST_0,baseline/ardupilot/modules/mavlink/message_definitions/v1.0/python_array_test.xml,all.xml,NO_REFERENCE_FOUND_BY_HEURISTIC_SCAN,0,0,0,0,0,0,,,True,MAV_RESULT_FAILED,0,NOT_OBSERVED,REQUEST_ACK_FAILED,benchmark/extraction_runs/milestone6/ArduPilot/runs/Copter/message_summary.json,benchmark/extraction_runs/milestone6/ArduPilot/runs/Copter/request_sweep.json,Baseline proves only this default SITL profile. Request-window matches may be conditional and are not causal when the message already streamed by default.
ardupilot-copter-m6,ArduPilot,ArduCopter,quad,17151,ARRAY_TEST_1,baseline/ardupilot/modules/mavlink/message_definitions/v1.0/python_array_test.xml,all.xml,NO_REFERENCE_FOUND_BY_HEURISTIC_SCAN,0,0,0,0,0,0,,,True,MAV_RESULT_FAILED,0,NOT_OBSERVED,REQUEST_ACK_FAILED,benchmark/extraction_runs/milestone6/ArduPilot/runs/Copter/message_summary.json,benchmark/extraction_runs/milestone6/ArduPilot/runs/Copter/request_sweep.json,Baseline proves only this default SITL profile. Request-window matches may be conditional and are not causal when the message already streamed by default.
ardupilot-copter-m6,ArduPilot,ArduCopter,quad,17153,ARRAY_TEST_3,baseline/ardupilot/modules/mavlink/message_definitions/v1.0/python_array_test.xml,all.xml,NO_REFERENCE_FOUND_BY_HEURISTIC_SCAN,0,0,0,0,0,0,,,True,MAV_RESULT_FAILED,0,NOT_OBSERVED,REQUEST_ACK_FAILED,benchmark/extraction_runs/milestone6/ArduPilot/runs/Copter/message_summary.json,benchmark/extraction_runs/milestone6/ArduPilot/runs/Copter/request_sweep.json,Baseline proves only this default SITL profile. Request-window matches may be conditional and are not causal when the message already streamed by default.
ardupilot-copter-m6,ArduPilot,ArduCopter,quad,17154,ARRAY_TEST_4,baseline/ardupilot/modules/mavlink/message_definitions/v1.0/python_array_test.xml,all.xml,NO_REFERENCE_FOUND_BY_HEURISTIC_SCAN,0,0,0,0,0,0,,,True,MAV_RESULT_FAILED,0,NOT_OBSERVED,REQUEST_ACK_FAILED,benchmark/extraction_runs/milestone6/ArduPilot/runs/Copter/message_summary.json,benchmark/extraction_runs/milestone6/ArduPilot/runs/Copter/request_sweep.json,Baseline proves only this default SITL profile. Request-window matches may be conditional and are not causal when the message already streamed by default.
ardupilot-copter-m6,ArduPilot,ArduCopter,quad,17155,ARRAY_TEST_5,baseline/ardupilot/modules/mavlink/message_definitions/v1.0/python_array_test.xml,all.xml,NO_REFERENCE_FOUND_BY_HEURISTIC_SCAN,0,0,0,0,0,0,,,True,MAV_RESULT_FAILED,0,NOT_OBSERVED,REQUEST_ACK_FAILED,benchmark/extraction_runs/milestone6/ArduPilot/runs/Copter/message_summary.json,benchmark/extraction_runs/milestone6/ArduPilot/runs/Copter/request_sweep.json,Baseline proves only this default SITL profile. Request-window matches may be conditional and are not causal when the message already streamed by default.
ardupilot-copter-m6,ArduPilot,ArduCopter,quad,17156,ARRAY_TEST_6,baseline/ardupilot/modules/mavlink/message_definitions/v1.0/python_array_test.xml,all.xml,NO_REFERENCE_FOUND_BY_HEURISTIC_SCAN,0,0,0,0,0,0,,,True,MAV_RESULT_FAILED,0,NOT_OBSERVED,REQUEST_ACK_FAILED,benchmark/extraction_runs/milestone6/ArduPilot/runs/Copter/message_summary.json,benchmark/extraction_runs/milestone6/ArduPilot/runs/Copter/request_sweep.json,Baseline proves only this default SITL profile. Request-window matches may be conditional and are not causal when the message already streamed by default.
ardupilot-copter-m6,ArduPilot,ArduCopter,quad,17157,ARRAY_TEST_7,baseline/ardupilot/modules/mavlink/message_definitions/v1.0/python_array_test.xml,all.xml,NO_REFERENCE_FOUND_BY_HEURISTIC_SCAN,0,0,0,0,0,0,,,True,MAV_RESULT_FAILED,0,NOT_OBSERVED,REQUEST_ACK_FAILED,benchmark/extraction_runs/milestone6/ArduPilot/runs/Copter/message_summary.json,benchmark/extraction_runs/milestone6/ArduPilot/runs/Copter/request_sweep.json,Baseline proves only this default SITL profile. Request-window matches may be conditional and are not causal when the message already streamed by default.
ardupilot-copter-m6,ArduPilot,ArduCopter,quad,17158,ARRAY_TEST_8,baseline/ardupilot/modules/mavlink/message_definitions/v1.0/python_array_test.xml,all.xml,NO_REFERENCE_FOUND_BY_HEURISTIC_SCAN,0,0,0,0,0,0,,,True,MAV_RESULT_FAILED,0,NOT_OBSERVED,REQUEST_ACK_FAILED,benchmark/extraction_runs/milestone6/ArduPilot/runs/Copter/message_summary.json,benchmark/extraction_runs/milestone6/ArduPilot/runs/Copter/request_sweep.json,Baseline proves only this default SITL profile. Request-window matches may be conditional and are not causal when the message already streamed by default.
ardupilot-copter-m6,ArduPilot,ArduCopter,quad,42000,ICAROUS_HEARTBEAT,baseline/ardupilot/modules/mavlink/message_definitions/v1.0/icarous.xml,all.xml,NO_REFERENCE_FOUND_BY_HEURISTIC_SCAN,0,0,0,0,0,0,,,True,MAV_RESULT_FAILED,0,NOT_OBSERVED,REQUEST_ACK_FAILED,benchmark/extraction_runs/milestone6/ArduPilot/runs/Copter/message_summary.json,benchmark/extraction_runs/milestone6/ArduPilot/runs/Copter/request_sweep.json,Baseline proves only this default SITL profile. Request-window matches may be conditional and are not causal when the message already streamed by default.
ardupilot-copter-m6,ArduPilot,ArduCopter,quad,42001,ICAROUS_KINEMATIC_BANDS,baseline/ardupilot/modules/mavlink/message_definitions/v1.0/icarous.xml,all.xml,NO_REFERENCE_FOUND_BY_HEURISTIC_SCAN,0,0,0,0,0,0,,,True,MAV_RESULT_FAILED,0,NOT_OBSERVED,REQUEST_ACK_FAILED,benchmark/extraction_runs/milestone6/ArduPilot/runs/Copter/message_summary.json,benchmark/extraction_runs/milestone6/ArduPilot/runs/Copter/request_sweep.json,Baseline proves only this default SITL profile. Request-window matches may be conditional and are not causal when the message already streamed by default.
ardupilot-copter-m6,ArduPilot,ArduCopter,quad,50001,CUBEPILOT_RAW_RC,baseline/ardupilot/modules/mavlink/message_definitions/v1.0/cubepilot.xml,all.xml,NO_REFERENCE_FOUND_BY_HEURISTIC_SCAN,0,0,0,0,0,0,,,True,MAV_RESULT_FAILED,0,NOT_OBSERVED,REQUEST_ACK_FAILED,benchmark/extraction_runs/milestone6/ArduPilot/runs/Copter/message_summary.json,benchmark/extraction_runs/milestone6/ArduPilot/runs/Copter/request_sweep.json,Baseline proves only this default SITL profile. Request-window matches may be conditional and are not causal when the message already streamed by default.
ardupilot-copter-m6,ArduPilot,ArduCopter,quad,50002,HERELINK_VIDEO_STREAM_INFORMATION,baseline/ardupilot/modules/mavlink/message_definitions/v1.0/cubepilot.xml,all.xml,NO_REFERENCE_FOUND_BY_HEURISTIC_SCAN,0,0,0,0,0,0,,,True,MAV_RESULT_FAILED,0,NOT_OBSERVED,REQUEST_ACK_FAILED,benchmark/extraction_runs/milestone6/ArduPilot/runs/Copter/message_summary.json,benchmark/extraction_runs/milestone6/ArduPilot/runs/Copter/request_sweep.json,Baseline proves only this default SITL profile. Request-window matches may be conditional and are not causal when the message already streamed by default.
ardupilot-copter-m6,ArduPilot,ArduCopter,quad,50003,HERELINK_TELEM,baseline/ardupilot/modules/mavlink/message_definitions/v1.0/cubepilot.xml,all.xml,NO_REFERENCE_FOUND_BY_HEURISTIC_SCAN,0,0,0,0,0,0,,,True,MAV_RESULT_FAILED,0,NOT_OBSERVED,REQUEST_ACK_FAILED,benchmark/extraction_runs/milestone6/ArduPilot/runs/Copter/message_summary.json,benchmark/extraction_runs/milestone6/ArduPilot/runs/Copter/request_sweep.json,Baseline proves only this default SITL profile. Request-window matches may be conditional and are not causal when the message already streamed by default.
ardupilot-copter-m6,ArduPilot,ArduCopter,quad,50004,CUBEPILOT_FIRMWARE_UPDATE_START,baseline/ardupilot/modules/mavlink/message_definitions/v1.0/cubepilot.xml,all.xml,NO_REFERENCE_FOUND_BY_HEURISTIC_SCAN,0,0,0,0,0,0,,,True,MAV_RESULT_FAILED,0,NOT_OBSERVED,REQUEST_ACK_FAILED,benchmark/extraction_runs/milestone6/ArduPilot/runs/Copter/message_summary.json,benchmark/extraction_runs/milestone6/ArduPilot/runs/Copter/request_sweep.json,Baseline proves only this default SITL profile. Request-window matches may be conditional and are not causal when the message already streamed by default.
ardupilot-copter-m6,ArduPilot,ArduCopter,quad,50005,CUBEPILOT_FIRMWARE_UPDATE_RESP,baseline/ardupilot/modules/mavlink/message_definitions/v1.0/cubepilot.xml,all.xml,NO_REFERENCE_FOUND_BY_HEURISTIC_SCAN,0,0,0,0,0,0,,,True,MAV_RESULT_FAILED,0,NOT_OBSERVED,REQUEST_ACK_FAILED,benchmark/extraction_runs/milestone6/ArduPilot/runs/Copter/message_summary.json,benchmark/extraction_runs/milestone6/ArduPilot/runs/Copter/request_sweep.json,Baseline proves only this default SITL profile. Request-window matches may be conditional and are not causal when the message already streamed by default.
ardupilot-copter-m6,ArduPilot,ArduCopter,quad,52000,AIRLINK_AUTH,baseline/ardupilot/modules/mavlink/message_definitions/v1.0/csAirLink.xml,all.xml,NO_REFERENCE_FOUND_BY_HEURISTIC_SCAN,0,0,0,0,0,0,,,True,MAV_RESULT_FAILED,0,NOT_OBSERVED,REQUEST_ACK_FAILED,benchmark/extraction_runs/milestone6/ArduPilot/runs/Copter/message_summary.json,benchmark/extraction_runs/milestone6/ArduPilot/runs/Copter/request_sweep.json,Baseline proves only this default SITL profile. Request-window matches may be conditional and are not causal when the message already streamed by default.
ardupilot-copter-m6,ArduPilot,ArduCopter,quad,52001,AIRLINK_AUTH_RESPONSE,baseline/ardupilot/modules/mavlink/message_definitions/v1.0/csAirLink.xml,all.xml,NO_REFERENCE_FOUND_BY_HEURISTIC_SCAN,0,0,0,0,0,0,,,True,MAV_RESULT_FAILED,0,NOT_OBSERVED,REQUEST_ACK_FAILED,benchmark/extraction_runs/milestone6/ArduPilot/runs/Copter/message_summary.json,benchmark/extraction_runs/milestone6/ArduPilot/runs/Copter/request_sweep.json,Baseline proves only this default SITL profile. Request-window matches may be conditional and are not causal when the message already streamed by default.
ardupilot-copter-m6,ArduPilot,ArduCopter,quad,60000,AUTOPILOT_STATE_FOR_GIMBAL_DEVICE_EXT,baseline/ardupilot/modules/mavlink/message_definitions/v1.0/storm32.xml,all.xml,NO_REFERENCE_FOUND_BY_HEURISTIC_SCAN,0,0,0,0,0,0,,,True,MAV_RESULT_FAILED,0,NOT_OBSERVED,REQUEST_ACK_FAILED,benchmark/extraction_runs/milestone6/ArduPilot/runs/Copter/message_summary.json,benchmark/extraction_runs/milestone6/ArduPilot/runs/Copter/request_sweep.json,Baseline proves only this default SITL profile. Request-window matches may be conditional and are not causal when the message already streamed by default.
ardupilot-copter-m6,ArduPilot,ArduCopter,quad,60010,STORM32_GIMBAL_MANAGER_INFORMATION,baseline/ardupilot/modules/mavlink/message_definitions/v1.0/storm32.xml,all.xml,NO_REFERENCE_FOUND_BY_HEURISTIC_SCAN,0,0,0,0,0,0,,,True,MAV_RESULT_FAILED,0,NOT_OBSERVED,REQUEST_ACK_FAILED,benchmark/extraction_runs/milestone6/ArduPilot/runs/Copter/message_summary.json,benchmark/extraction_runs/milestone6/ArduPilot/runs/Copter/request_sweep.json,Baseline proves only this default SITL profile. Request-window matches may be conditional and are not causal when the message already streamed by default.
ardupilot-copter-m6,ArduPilot,ArduCopter,quad,60011,STORM32_GIMBAL_MANAGER_STATUS,baseline/ardupilot/modules/mavlink/message_definitions/v1.0/storm32.xml,all.xml,NO_REFERENCE_FOUND_BY_HEURISTIC_SCAN,0,0,0,0,0,0,,,True,MAV_RESULT_FAILED,0,NOT_OBSERVED,REQUEST_ACK_FAILED,benchmark/extraction_runs/milestone6/ArduPilot/runs/Copter/message_summary.json,benchmark/extraction_runs/milestone6/ArduPilot/runs/Copter/request_sweep.json,Baseline proves only this default SITL profile. Request-window matches may be conditional and are not causal when the message already streamed by default.
ardupilot-copter-m6,ArduPilot,ArduCopter,quad,60012,STORM32_GIMBAL_MANAGER_CONTROL,baseline/ardupilot/modules/mavlink/message_definitions/v1.0/storm32.xml,all.xml,NO_REFERENCE_FOUND_BY_HEURISTIC_SCAN,0,0,0,0,0,0,,,True,MAV_RESULT_FAILED,0,NOT_OBSERVED,REQUEST_ACK_FAILED,benchmark/extraction_runs/milestone6/ArduPilot/runs/Copter/message_summary.json,benchmark/extraction_runs/milestone6/ArduPilot/runs/Copter/request_sweep.json,Baseline proves only this default SITL profile. Request-window matches may be conditional and are not causal when the message already streamed by default.
ardupilot-copter-m6,ArduPilot,ArduCopter,quad,60013,STORM32_GIMBAL_MANAGER_CONTROL_PITCHYAW,baseline/ardupilot/modules/mavlink/message_definitions/v1.0/storm32.xml,all.xml,NO_REFERENCE_FOUND_BY_HEURISTIC_SCAN,0,0,0,0,0,0,,,True,MAV_RESULT_FAILED,0,NOT_OBSERVED,REQUEST_ACK_FAILED,benchmark/extraction_runs/milestone6/ArduPilot/runs/Copter/message_summary.json,benchmark/extraction_runs/milestone6/ArduPilot/runs/Copter/request_sweep.json,Baseline proves only this default SITL profile. Request-window matches may be conditional and are not causal when the message already streamed by default.
ardupilot-copter-m6,ArduPilot,ArduCopter,quad,60014,STORM32_GIMBAL_MANAGER_CORRECT_ROLL,baseline/ardupilot/modules/mavlink/message_definitions/v1.0/storm32.xml,all.xml,NO_REFERENCE_FOUND_BY_HEURISTIC_SCAN,0,0,0,0,0,0,,,True,MAV_RESULT_FAILED,0,NOT_OBSERVED,REQUEST_ACK_FAILED,benchmark/extraction_runs/milestone6/ArduPilot/runs/Copter/message_summary.json,benchmark/extraction_runs/milestone6/ArduPilot/runs/Copter/request_sweep.json,Baseline proves only this default SITL profile. Request-window matches may be conditional and are not causal when the message already streamed by default.
ardupilot-copter-m6,ArduPilot,ArduCopter,quad,60020,QSHOT_STATUS,baseline/ardupilot/modules/mavlink/message_definitions/v1.0/storm32.xml,all.xml,NO_REFERENCE_FOUND_BY_HEURISTIC_SCAN,0,0,0,0,0,0,,,True,MAV_RESULT_FAILED,0,NOT_OBSERVED,REQUEST_ACK_FAILED,benchmark/extraction_runs/milestone6/ArduPilot/runs/Copter/message_summary.json,benchmark/extraction_runs/milestone6/ArduPilot/runs/Copter/request_sweep.json,Baseline proves only this default SITL profile. Request-window matches may be conditional and are not causal when the message already streamed by default.
ardupilot-copter-m6,ArduPilot,ArduCopter,quad,60040,FRSKY_PASSTHROUGH_ARRAY,baseline/ardupilot/modules/mavlink/message_definitions/v1.0/storm32.xml,all.xml,NO_REFERENCE_FOUND_BY_HEURISTIC_SCAN,0,0,0,0,0,0,,,True,MAV_RESULT_FAILED,0,NOT_OBSERVED,REQUEST_ACK_FAILED,benchmark/extraction_runs/milestone6/ArduPilot/runs/Copter/message_summary.json,benchmark/extraction_runs/milestone6/ArduPilot/runs/Copter/request_sweep.json,Baseline proves only this default SITL profile. Request-window matches may be conditional and are not causal when the message already streamed by default.
ardupilot-copter-m6,ArduPilot,ArduCopter,quad,60041,PARAM_VALUE_ARRAY,baseline/ardupilot/modules/mavlink/message_definitions/v1.0/storm32.xml,all.xml,NO_REFERENCE_FOUND_BY_HEURISTIC_SCAN,0,0,0,0,0,0,,,True,MAV_RESULT_FAILED,0,NOT_OBSERVED,REQUEST_ACK_FAILED,benchmark/extraction_runs/milestone6/ArduPilot/runs/Copter/message_summary.json,benchmark/extraction_runs/milestone6/ArduPilot/runs/Copter/request_sweep.json,Baseline proves only this default SITL profile. Request-window matches may be conditional and are not causal when the message already streamed by default.
ardupilot-copter-m6,ArduPilot,ArduCopter,quad,60045,MLRS_RADIO_LINK_STATS,baseline/ardupilot/modules/mavlink/message_definitions/v1.0/storm32.xml,all.xml,NO_REFERENCE_FOUND_BY_HEURISTIC_SCAN,0,0,0,0,0,0,,,True,MAV_RESULT_FAILED,0,NOT_OBSERVED,REQUEST_ACK_FAILED,benchmark/extraction_runs/milestone6/ArduPilot/runs/Copter/message_summary.json,benchmark/extraction_runs/milestone6/ArduPilot/runs/Copter/request_sweep.json,Baseline proves only this default SITL profile. Request-window matches may be conditional and are not causal when the message already streamed by default.
ardupilot-copter-m6,ArduPilot,ArduCopter,quad,60046,MLRS_RADIO_LINK_INFORMATION,baseline/ardupilot/modules/mavlink/message_definitions/v1.0/storm32.xml,all.xml,NO_REFERENCE_FOUND_BY_HEURISTIC_SCAN,0,0,0,0,0,0,,,True,MAV_RESULT_FAILED,0,NOT_OBSERVED,REQUEST_ACK_FAILED,benchmark/extraction_runs/milestone6/ArduPilot/runs/Copter/message_summary.json,benchmark/extraction_runs/milestone6/ArduPilot/runs/Copter/request_sweep.json,Baseline proves only this default SITL profile. Request-window matches may be conditional and are not causal when the message already streamed by default.
ardupilot-copter-m6,ArduPilot,ArduCopter,quad,60047,MLRS_RADIO_LINK_FLOW_CONTROL,baseline/ardupilot/modules/mavlink/message_definitions/v1.0/storm32.xml,all.xml,NO_REFERENCE_FOUND_BY_HEURISTIC_SCAN,0,0,0,0,0,0,,,True,MAV_RESULT_FAILED,0,NOT_OBSERVED,REQUEST_ACK_FAILED,benchmark/extraction_runs/milestone6/ArduPilot/runs/Copter/message_summary.json,benchmark/extraction_runs/milestone6/ArduPilot/runs/Copter/request_sweep.json,Baseline proves only this default SITL profile. Request-window matches may be conditional and are not causal when the message already streamed by default.
ardupilot-copter-m6,ArduPilot,ArduCopter,quad,60050,AVSS_PRS_SYS_STATUS,baseline/ardupilot/modules/mavlink/message_definitions/v1.0/AVSSUAS.xml,all.xml,NO_REFERENCE_FOUND_BY_HEURISTIC_SCAN,0,0,0,0,0,0,,,True,MAV_RESULT_FAILED,0,NOT_OBSERVED,REQUEST_ACK_FAILED,benchmark/extraction_runs/milestone6/ArduPilot/runs/Copter/message_summary.json,benchmark/extraction_runs/milestone6/ArduPilot/runs/Copter/request_sweep.json,Baseline proves only this default SITL profile. Request-window matches may be conditional and are not causal when the message already streamed by default.
ardupilot-copter-m6,ArduPilot,ArduCopter,quad,60051,AVSS_DRONE_POSITION,baseline/ardupilot/modules/mavlink/message_definitions/v1.0/AVSSUAS.xml,all.xml,NO_REFERENCE_FOUND_BY_HEURISTIC_SCAN,0,0,0,0,0,0,,,True,MAV_RESULT_FAILED,0,NOT_OBSERVED,REQUEST_ACK_FAILED,benchmark/extraction_runs/milestone6/ArduPilot/runs/Copter/message_summary.json,benchmark/extraction_runs/milestone6/ArduPilot/runs/Copter/request_sweep.json,Baseline proves only this default SITL profile. Request-window matches may be conditional and are not causal when the message already streamed by default.
ardupilot-copter-m6,ArduPilot,ArduCopter,quad,60052,AVSS_DRONE_IMU,baseline/ardupilot/modules/mavlink/message_definitions/v1.0/AVSSUAS.xml,all.xml,NO_REFERENCE_FOUND_BY_HEURISTIC_SCAN,0,0,0,0,0,0,,,True,MAV_RESULT_FAILED,0,NOT_OBSERVED,REQUEST_ACK_FAILED,benchmark/extraction_runs/milestone6/ArduPilot/runs/Copter/message_summary.json,benchmark/extraction_runs/milestone6/ArduPilot/runs/Copter/request_sweep.json,Baseline proves only this default SITL profile. Request-window matches may be conditional and are not causal when the message already streamed by default.
ardupilot-copter-m6,ArduPilot,ArduCopter,quad,60053,AVSS_DRONE_OPERATION_MODE,baseline/ardupilot/modules/mavlink/message_definitions/v1.0/AVSSUAS.xml,all.xml,NO_REFERENCE_FOUND_BY_HEURISTIC_SCAN,0,0,0,0,0,0,,,True,MAV_RESULT_FAILED,0,NOT_OBSERVED,REQUEST_ACK_FAILED,benchmark/extraction_runs/milestone6/ArduPilot/runs/Copter/message_summary.json,benchmark/extraction_runs/milestone6/ArduPilot/runs/Copter/request_sweep.json,Baseline proves only this default SITL profile. Request-window matches may be conditional and are not causal when the message already streamed by default.
ardupilot-plane-m6,ArduPilot,ArduPlane,plane,0,HEARTBEAT,baseline/ardupilot/modules/mavlink/message_definitions/v1.0/minimal.xml,all.xml,STATIC_REFERENCE_FOUND,2,7,12,1,22,116,8146948257732,8198643174362,True,MAV_RESULT_ACCEPTED,1,AMBIGUOUS_BASELINE_PERIODIC,DEFAULT_STREAM_OBSERVED,benchmark/extraction_runs/milestone6/ArduPilot/runs/Plane/message_summary.json,benchmark/extraction_runs/milestone6/ArduPilot/runs/Plane/request_sweep.json,Baseline proves only this default SITL profile. Request-window matches may be conditional and are not causal when the message already streamed by default.
ardupilot-plane-m6,ArduPilot,ArduPlane,plane,1,SYS_STATUS,baseline/ardupilot/modules/mavlink/message_definitions/v1.0/common.xml,all.xml,STATIC_REFERENCE_FOUND,1,0,12,0,23,113,8147981226301,8198801177364,True,MAV_RESULT_ACCEPTED,1,AMBIGUOUS_BASELINE_PERIODIC,DEFAULT_STREAM_OBSERVED,benchmark/extraction_runs/milestone6/ArduPilot/runs/Plane/message_summary.json,benchmark/extraction_runs/milestone6/ArduPilot/runs/Plane/request_sweep.json,Baseline proves only this default SITL profile. Request-window matches may be conditional and are not causal when the message already streamed by default.
ardupilot-plane-m6,ArduPilot,ArduPlane,plane,2,SYSTEM_TIME,baseline/ardupilot/modules/mavlink/message_definitions/v1.0/common.xml,all.xml,STATIC_REFERENCE_FOUND,1,2,12,0,23,112,8147992269871,8198806412419,True,MAV_RESULT_ACCEPTED,1,AMBIGUOUS_BASELINE_PERIODIC,DEFAULT_STREAM_OBSERVED,benchmark/extraction_runs/milestone6/ArduPilot/runs/Plane/message_summary.json,benchmark/extraction_runs/milestone6/ArduPilot/runs/Plane/request_sweep.json,Baseline proves only this default SITL profile. Request-window matches may be conditional and are not causal when the message already streamed by default.
ardupilot-plane-m6,ArduPilot,ArduPlane,plane,4,PING,baseline/ardupilot/modules/mavlink/message_definitions/v1.0/common.xml,all.xml,NO_REFERENCE_FOUND_BY_HEURISTIC_SCAN,0,0,0,0,0,0,,,True,MAV_RESULT_FAILED,0,NOT_OBSERVED,REQUEST_ACK_FAILED,benchmark/extraction_runs/milestone6/ArduPilot/runs/Plane/message_summary.json,benchmark/extraction_runs/milestone6/ArduPilot/runs/Plane/request_sweep.json,Baseline proves only this default SITL profile. Request-window matches may be conditional and are not causal when the message already streamed by default.
ardupilot-plane-m6,ArduPilot,ArduPlane,plane,5,CHANGE_OPERATOR_CONTROL,baseline/ardupilot/modules/mavlink/message_definitions/v1.0/common.xml,all.xml,NO_REFERENCE_FOUND_BY_HEURISTIC_SCAN,0,0,0,0,0,0,,,True,MAV_RESULT_FAILED,0,NOT_OBSERVED,REQUEST_ACK_FAILED,benchmark/extraction_runs/milestone6/ArduPilot/runs/Plane/message_summary.json,benchmark/extraction_runs/milestone6/ArduPilot/runs/Plane/request_sweep.json,Baseline proves only this default SITL profile. Request-window matches may be conditional and are not causal when the message already streamed by default.
ardupilot-plane-m6,ArduPilot,ArduPlane,plane,6,CHANGE_OPERATOR_CONTROL_ACK,baseline/ardupilot/modules/mavlink/message_definitions/v1.0/common.xml,all.xml,NO_REFERENCE_FOUND_BY_HEURISTIC_SCAN,0,0,0,0,0,0,,,True,MAV_RESULT_FAILED,0,NOT_OBSERVED,REQUEST_ACK_FAILED,benchmark/extraction_runs/milestone6/ArduPilot/runs/Plane/message_summary.json,benchmark/extraction_runs/milestone6/ArduPilot/runs/Plane/request_sweep.json,Baseline proves only this default SITL profile. Request-window matches may be conditional and are not causal when the message already streamed by default.
ardupilot-plane-m6,ArduPilot,ArduPlane,plane,7,AUTH_KEY,baseline/ardupilot/modules/mavlink/message_definitions/v1.0/common.xml,all.xml,NO_REFERENCE_FOUND_BY_HEURISTIC_SCAN,0,0,0,0,0,0,,,True,MAV_RESULT_FAILED,0,NOT_OBSERVED,REQUEST_ACK_FAILED,benchmark/extraction_runs/milestone6/ArduPilot/runs/Plane/message_summary.json,benchmark/extraction_runs/milestone6/ArduPilot/runs/Plane/request_sweep.json,Baseline proves only this default SITL profile. Request-window matches may be conditional and are not causal when the message already streamed by default.
ardupilot-plane-m6,ArduPilot,ArduPlane,plane,11,SET_MODE,baseline/ardupilot/modules/mavlink/message_definitions/v1.0/common.xml,all.xml,STATIC_REFERENCE_FOUND,0,2,0,0,0,0,,,True,MAV_RESULT_FAILED,0,NOT_OBSERVED,REQUEST_ACK_FAILED,benchmark/extraction_runs/milestone6/ArduPilot/runs/Plane/message_summary.json,benchmark/extraction_runs/milestone6/ArduPilot/runs/Plane/request_sweep.json,Baseline proves only this default SITL profile. Request-window matches may be conditional and are not causal when the message already streamed by default.
ardupilot-plane-m6,ArduPilot,ArduPlane,plane,20,PARAM_REQUEST_READ,baseline/ardupilot/modules/mavlink/message_definitions/v1.0/common.xml,all.xml,STATIC_REFERENCE_FOUND,0,4,0,0,0,0,,,True,MAV_RESULT_FAILED,0,NOT_OBSERVED,REQUEST_ACK_FAILED,benchmark/extraction_runs/milestone6/ArduPilot/runs/Plane/message_summary.json,benchmark/extraction_runs/milestone6/ArduPilot/runs/Plane/request_sweep.json,Baseline proves only this default SITL profile. Request-window matches may be conditional and are not causal when the message already streamed by default.
ardupilot-plane-m6,ArduPilot,ArduPlane,plane,21,PARAM_REQUEST_LIST,baseline/ardupilot/modules/mavlink/message_definitions/v1.0/common.xml,all.xml,STATIC_REFERENCE_FOUND,1,5,0,0,0,0,,,True,MAV_RESULT_FAILED,0,NOT_OBSERVED,REQUEST_ACK_FAILED,benchmark/extraction_runs/milestone6/ArduPilot/runs/Plane/message_summary.json,benchmark/extraction_runs/milestone6/ArduPilot/runs/Plane/request_sweep.json,Baseline proves only this default SITL profile. Request-window matches may be conditional and are not causal when the message already streamed by default.
ardupilot-plane-m6,ArduPilot,ArduPlane,plane,22,PARAM_VALUE,baseline/ardupilot/modules/mavlink/message_definitions/v1.0/common.xml,all.xml,STATIC_REFERENCE_FOUND,3,2,0,1440,3,1447,8161999532986,8197663691448,True,MAV_RESULT_ACCEPTED,0,NOT_OBSERVED,REQUEST_ACK_ACCEPTED_NO_MATCHING_FRAME,benchmark/extraction_runs/milestone6/ArduPilot/runs/Plane/message_summary.json,benchmark/extraction_runs/milestone6/ArduPilot/runs/Plane/request_sweep.json,Baseline proves only this default SITL profile. Request-window matches may be conditional and are not causal when the message already streamed by default.
ardupilot-plane-m6,ArduPilot,ArduPlane,plane,23,PARAM_SET,baseline/ardupilot/modules/mavlink/message_definitions/v1.0/common.xml,all.xml,STATIC_REFERENCE_FOUND,2,6,0,0,0,0,,,True,MAV_RESULT_FAILED,0,NOT_OBSERVED,REQUEST_ACK_FAILED,benchmark/extraction_runs/milestone6/ArduPilot/runs/Plane/message_summary.json,benchmark/extraction_runs/milestone6/ArduPilot/runs/Plane/request_sweep.json,Baseline proves only this default SITL profile. Request-window matches may be conditional and are not causal when the message already streamed by default.
ardupilot-plane-m6,ArduPilot,ArduPlane,plane,24,GPS_RAW_INT,baseline/ardupilot/modules/mavlink/message_definitions/v1.0/common.xml,all.xml,STATIC_REFERENCE_FOUND,1,0,12,0,23,112,8147992143154,8198806311161,True,MAV_RESULT_ACCEPTED,1,AMBIGUOUS_BASELINE_PERIODIC,DEFAULT_STREAM_OBSERVED,benchmark/extraction_runs/milestone6/ArduPilot/runs/Plane/message_summary.json,benchmark/extraction_runs/milestone6/ArduPilot/runs/Plane/request_sweep.json,Baseline proves only this default SITL profile. Request-window matches may be conditional and are not causal when the message already streamed by default.
ardupilot-plane-m6,ArduPilot,ArduPlane,plane,25,GPS_STATUS,baseline/ardupilot/modules/mavlink/message_definitions/v1.0/common.xml,all.xml,NO_REFERENCE_FOUND_BY_HEURISTIC_SCAN,0,0,0,0,0,0,,,True,MAV_RESULT_FAILED,0,NOT_OBSERVED,REQUEST_ACK_FAILED,benchmark/extraction_runs/milestone6/ArduPilot/runs/Plane/message_summary.json,benchmark/extraction_runs/milestone6/ArduPilot/runs/Plane/request_sweep.json,Baseline proves only this default SITL profile. Request-window matches may be conditional and are not causal when the message already streamed by default.
ardupilot-plane-m6,ArduPilot,ArduPlane,plane,26,SCALED_IMU,baseline/ardupilot/modules/mavlink/message_definitions/v1.0/common.xml,all.xml,STATIC_REFERENCE_FOUND,1,0,0,0,1,1,8163801051206,8163801051206,True,MAV_RESULT_ACCEPTED,1,POST_REQUEST_WINDOW_OBSERVATION,REQUEST_WINDOW_MESSAGE_OBSERVED,benchmark/extraction_runs/milestone6/ArduPilot/runs/Plane/message_summary.json,benchmark/extraction_runs/milestone6/ArduPilot/runs/Plane/request_sweep.json,Baseline proves only this default SITL profile. Request-window matches may be conditional and are not causal when the message already streamed by default.
ardupilot-plane-m6,ArduPilot,ArduPlane,plane,27,RAW_IMU,baseline/ardupilot/modules/mavlink/message_definitions/v1.0/common.xml,all.xml,STATIC_REFERENCE_FOUND,1,0,12,0,23,52,8147986510738,8197984702750,True,MAV_RESULT_ACCEPTED,1,AMBIGUOUS_BASELINE_PERIODIC,DEFAULT_STREAM_OBSERVED,benchmark/extraction_runs/milestone6/ArduPilot/runs/Plane/message_summary.json,benchmark/extraction_runs/milestone6/ArduPilot/runs/Plane/request_sweep.json,Baseline proves only this default SITL profile. Request-window matches may be conditional and are not causal when the message already streamed by default.
ardupilot-plane-m6,ArduPilot,ArduPlane,plane,28,RAW_PRESSURE,baseline/ardupilot/modules/mavlink/message_definitions/v1.0/common.xml,all.xml,NO_REFERENCE_FOUND_BY_HEURISTIC_SCAN,0,0,0,0,0,0,,,True,MAV_RESULT_FAILED,0,NOT_OBSERVED,REQUEST_ACK_FAILED,benchmark/extraction_runs/milestone6/ArduPilot/runs/Plane/message_summary.json,benchmark/extraction_runs/milestone6/ArduPilot/runs/Plane/request_sweep.json,Baseline proves only this default SITL profile. Request-window matches may be conditional and are not causal when the message already streamed by default.
ardupilot-plane-m6,ArduPilot,ArduPlane,plane,29,SCALED_PRESSURE,baseline/ardupilot/modules/mavlink/message_definitions/v1.0/common.xml,all.xml,STATIC_REFERENCE_FOUND,1,0,12,0,23,52,8147991929341,8197989825346,True,MAV_RESULT_ACCEPTED,1,AMBIGUOUS_BASELINE_PERIODIC,DEFAULT_STREAM_OBSERVED,benchmark/extraction_runs/milestone6/ArduPilot/runs/Plane/message_summary.json,benchmark/extraction_runs/milestone6/ArduPilot/runs/Plane/request_sweep.json,Baseline proves only this default SITL profile. Request-window matches may be conditional and are not causal when the message already streamed by default.
ardupilot-plane-m6,ArduPilot,ArduPlane,plane,30,ATTITUDE,baseline/ardupilot/modules/mavlink/message_definitions/v1.0/common.xml,all.xml,STATIC_REFERENCE_FOUND,2,0,12,0,23,111,8147980906595,8198800737386,True,MAV_RESULT_ACCEPTED,1,AMBIGUOUS_BASELINE_PERIODIC,DEFAULT_STREAM_OBSERVED,benchmark/extraction_runs/milestone6/ArduPilot/runs/Plane/message_summary.json,benchmark/extraction_runs/milestone6/ArduPilot/runs/Plane/request_sweep.json,Baseline proves only this default SITL profile. Request-window matches may be conditional and are not causal when the message already streamed by default.
ardupilot-plane-m6,ArduPilot,ArduPlane,plane,31,ATTITUDE_QUATERNION,baseline/ardupilot/modules/mavlink/message_definitions/v1.0/common.xml,all.xml,STATIC_REFERENCE_FOUND,1,0,0,0,1,1,8163900248656,8163900248656,True,MAV_RESULT_ACCEPTED,1,POST_REQUEST_WINDOW_OBSERVATION,REQUEST_WINDOW_MESSAGE_OBSERVED,benchmark/extraction_runs/milestone6/ArduPilot/runs/Plane/message_summary.json,benchmark/extraction_runs/milestone6/ArduPilot/runs/Plane/request_sweep.json,Baseline proves only this default SITL profile. Request-window matches may be conditional and are not causal when the message already streamed by default.
ardupilot-plane-m6,ArduPilot,ArduPlane,plane,32,LOCAL_POSITION_NED,baseline/ardupilot/modules/mavlink/message_definitions/v1.0/common.xml,all.xml,STATIC_REFERENCE_FOUND,1,0,5,0,23,101,8157018882625,8198806503148,True,MAV_RESULT_ACCEPTED,1,AMBIGUOUS_BASELINE_PERIODIC,DEFAULT_STREAM_OBSERVED,benchmark/extraction_runs/milestone6/ArduPilot/runs/Plane/message_summary.json,benchmark/extraction_runs/milestone6/ArduPilot/runs/Plane/request_sweep.json,Baseline proves only this default SITL profile. Request-window matches may be conditional and are not causal when the message already streamed by default.
ardupilot-plane-m6,ArduPilot,ArduPlane,plane,33,GLOBAL_POSITION_INT,baseline/ardupilot/modules/mavlink/message_definitions/v1.0/standard.xml,all.xml,STATIC_REFERENCE_FOUND,1,6,12,0,23,108,8147981028579,8198800951424,True,MAV_RESULT_ACCEPTED,1,AMBIGUOUS_BASELINE_PERIODIC,DEFAULT_STREAM_OBSERVED,benchmark/extraction_runs/milestone6/ArduPilot/runs/Plane/message_summary.json,benchmark/extraction_runs/milestone6/ArduPilot/runs/Plane/request_sweep.json,Baseline proves only this default SITL profile. Request-window matches may be conditional and are not causal when the message already streamed by default.
ardupilot-plane-m6,ArduPilot,ArduPlane,plane,34,RC_CHANNELS_SCALED,baseline/ardupilot/modules/mavlink/message_definitions/v1.0/common.xml,all.xml,NO_REFERENCE_FOUND_BY_HEURISTIC_SCAN,0,0,0,0,0,0,,,True,MAV_RESULT_FAILED,0,NOT_OBSERVED,REQUEST_ACK_FAILED,benchmark/extraction_runs/milestone6/ArduPilot/runs/Plane/message_summary.json,benchmark/extraction_runs/milestone6/ArduPilot/runs/Plane/request_sweep.json,Baseline proves only this default SITL profile. Request-window matches may be conditional and are not causal when the message already streamed by default.
ardupilot-plane-m6,ArduPilot,ArduPlane,plane,35,RC_CHANNELS_RAW,baseline/ardupilot/modules/mavlink/message_definitions/v1.0/common.xml,all.xml,STATIC_REFERENCE_FOUND,1,0,0,0,0,0,,,True,MAV_RESULT_ACCEPTED,0,NOT_OBSERVED,REQUEST_ACK_ACCEPTED_NO_MATCHING_FRAME,benchmark/extraction_runs/milestone6/ArduPilot/runs/Plane/message_summary.json,benchmark/extraction_runs/milestone6/ArduPilot/runs/Plane/request_sweep.json,Baseline proves only this default SITL profile. Request-window matches may be conditional and are not causal when the message already streamed by default.
ardupilot-plane-m6,ArduPilot,ArduPlane,plane,36,SERVO_OUTPUT_RAW,baseline/ardupilot/modules/mavlink/message_definitions/v1.0/common.xml,all.xml,STATIC_REFERENCE_FOUND,2,0,12,0,23,183,8146137614467,8198801323095,True,MAV_RESULT_ACCEPTED,1,AMBIGUOUS_BASELINE_PERIODIC,DEFAULT_STREAM_OBSERVED,benchmark/extraction_runs/milestone6/ArduPilot/runs/Plane/message_summary.json,benchmark/extraction_runs/milestone6/ArduPilot/runs/Plane/request_sweep.json,Baseline proves only this default SITL profile. Request-window matches may be conditional and are not causal when the message already streamed by default.
ardupilot-plane-m6,ArduPilot,ArduPlane,plane,37,MISSION_REQUEST_PARTIAL_LIST,baseline/ardupilot/modules/mavlink/message_definitions/v1.0/common.xml,all.xml,NO_REFERENCE_FOUND_BY_HEURISTIC_SCAN,0,0,0,0,0,0,,,True,MAV_RESULT_FAILED,0,NOT_OBSERVED,REQUEST_ACK_FAILED,benchmark/extraction_runs/milestone6/ArduPilot/runs/Plane/message_summary.json,benchmark/extraction_runs/milestone6/ArduPilot/runs/Plane/request_sweep.json,Baseline proves only this default SITL profile. Request-window matches may be conditional and are not causal when the message already streamed by default.
ardupilot-plane-m6,ArduPilot,ArduPlane,plane,38,MISSION_WRITE_PARTIAL_LIST,baseline/ardupilot/modules/mavlink/message_definitions/v1.0/common.xml,all.xml,STATIC_REFERENCE_FOUND,0,3,0,0,0,0,,,True,MAV_RESULT_FAILED,0,NOT_OBSERVED,REQUEST_ACK_FAILED,benchmark/extraction_runs/milestone6/ArduPilot/runs/Plane/message_summary.json,benchmark/extraction_runs/milestone6/ArduPilot/runs/Plane/request_sweep.json,Baseline proves only this default SITL profile. Request-window matches may be conditional and are not causal when the message already streamed by default.
ardupilot-plane-m6,ArduPilot,ArduPlane,plane,39,MISSION_ITEM,baseline/ardupilot/modules/mavlink/message_definitions/v1.0/common.xml,all.xml,STATIC_REFERENCE_FOUND,0,4,0,0,0,0,,,True,MAV_RESULT_FAILED,0,NOT_OBSERVED,REQUEST_ACK_FAILED,benchmark/extraction_runs/milestone6/ArduPilot/runs/Plane/message_summary.json,benchmark/extraction_runs/milestone6/ArduPilot/runs/Plane/request_sweep.json,Baseline proves only this default SITL profile. Request-window matches may be conditional and are not causal when the message already streamed by default.
ardupilot-plane-m6,ArduPilot,ArduPlane,plane,40,MISSION_REQUEST,baseline/ardupilot/modules/mavlink/message_definitions/v1.0/common.xml,all.xml,STATIC_REFERENCE_FOUND,1,3,0,0,0,0,,,True,MAV_RESULT_FAILED,0,NOT_OBSERVED,REQUEST_ACK_FAILED,benchmark/extraction_runs/milestone6/ArduPilot/runs/Plane/message_summary.json,benchmark/extraction_runs/milestone6/ArduPilot/runs/Plane/request_sweep.json,Baseline proves only this default SITL profile. Request-window matches may be conditional and are not causal when the message already streamed by default.
ardupilot-plane-m6,ArduPilot,ArduPlane,plane,41,MISSION_SET_CURRENT,baseline/ardupilot/modules/mavlink/message_definitions/v1.0/common.xml,all.xml,STATIC_REFERENCE_FOUND,0,3,0,0,0,0,,,True,MAV_RESULT_FAILED,0,NOT_OBSERVED,REQUEST_ACK_FAILED,benchmark/extraction_runs/milestone6/ArduPilot/runs/Plane/message_summary.json,benchmark/extraction_runs/milestone6/ArduPilot/runs/Plane/request_sweep.json,Baseline proves only this default SITL profile. Request-window matches may be conditional and are not causal when the message already streamed by default.
ardupilot-plane-m6,ArduPilot,ArduPlane,plane,42,MISSION_CURRENT,baseline/ardupilot/modules/mavlink/message_definitions/v1.0/common.xml,all.xml,STATIC_REFERENCE_FOUND,1,0,12,0,23,52,8147986162737,8197984590876,True,MAV_RESULT_ACCEPTED,1,AMBIGUOUS_BASELINE_PERIODIC,DEFAULT_STREAM_OBSERVED,benchmark/extraction_runs/milestone6/ArduPilot/runs/Plane/message_summary.json,benchmark/extraction_runs/milestone6/ArduPilot/runs/Plane/request_sweep.json,Baseline proves only this default SITL profile. Request-window matches may be conditional and are not causal when the message already streamed by default.
ardupilot-plane-m6,ArduPilot,ArduPlane,plane,43,MISSION_REQUEST_LIST,baseline/ardupilot/modules/mavlink/message_definitions/v1.0/common.xml,all.xml,STATIC_REFERENCE_FOUND,0,3,0,0,0,0,,,True,MAV_RESULT_FAILED,0,NOT_OBSERVED,REQUEST_ACK_FAILED,benchmark/extraction_runs/milestone6/ArduPilot/runs/Plane/message_summary.json,benchmark/extraction_runs/milestone6/ArduPilot/runs/Plane/request_sweep.json,Baseline proves only this default SITL profile. Request-window matches may be conditional and are not causal when the message already streamed by default.
ardupilot-plane-m6,ArduPilot,ArduPlane,plane,44,MISSION_COUNT,baseline/ardupilot/modules/mavlink/message_definitions/v1.0/common.xml,all.xml,STATIC_REFERENCE_FOUND,2,3,0,0,0,0,,,True,MAV_RESULT_FAILED,0,NOT_OBSERVED,REQUEST_ACK_FAILED,benchmark/extraction_runs/milestone6/ArduPilot/runs/Plane/message_summary.json,benchmark/extraction_runs/milestone6/ArduPilot/runs/Plane/request_sweep.json,Baseline proves only this default SITL profile. Request-window matches may be conditional and are not causal when the message already streamed by default.
ardupilot-plane-m6,ArduPilot,ArduPlane,plane,45,MISSION_CLEAR_ALL,baseline/ardupilot/modules/mavlink/message_definitions/v1.0/common.xml,all.xml,STATIC_REFERENCE_FOUND,0,3,0,0,0,0,,,True,MAV_RESULT_FAILED,0,NOT_OBSERVED,REQUEST_ACK_FAILED,benchmark/extraction_runs/milestone6/ArduPilot/runs/Plane/message_summary.json,benchmark/extraction_runs/milestone6/ArduPilot/runs/Plane/request_sweep.json,Baseline proves only this default SITL profile. Request-window matches may be conditional and are not causal when the message already streamed by default.
ardupilot-plane-m6,ArduPilot,ArduPlane,plane,46,MISSION_ITEM_REACHED,baseline/ardupilot/modules/mavlink/message_definitions/v1.0/common.xml,all.xml,STATIC_REFERENCE_FOUND,1,0,0,0,1,1,8164617542147,8164617542147,True,MAV_RESULT_ACCEPTED,1,POST_REQUEST_WINDOW_OBSERVATION,REQUEST_WINDOW_MESSAGE_OBSERVED,benchmark/extraction_runs/milestone6/ArduPilot/runs/Plane/message_summary.json,benchmark/extraction_runs/milestone6/ArduPilot/runs/Plane/request_sweep.json,Baseline proves only this default SITL profile. Request-window matches may be conditional and are not causal when the message already streamed by default.
ardupilot-plane-m6,ArduPilot,ArduPlane,plane,47,MISSION_ACK,baseline/ardupilot/modules/mavlink/message_definitions/v1.0/common.xml,all.xml,STATIC_REFERENCE_FOUND,5,2,0,0,0,0,,,True,MAV_RESULT_FAILED,0,NOT_OBSERVED,REQUEST_ACK_FAILED,benchmark/extraction_runs/milestone6/ArduPilot/runs/Plane/message_summary.json,benchmark/extraction_runs/milestone6/ArduPilot/runs/Plane/request_sweep.json,Baseline proves only this default SITL profile. Request-window matches may be conditional and are not causal when the message already streamed by default.
ardupilot-plane-m6,ArduPilot,ArduPlane,plane,48,SET_GPS_GLOBAL_ORIGIN,baseline/ardupilot/modules/mavlink/message_definitions/v1.0/common.xml,all.xml,STATIC_REFERENCE_FOUND,0,2,0,0,0,0,,,True,MAV_RESULT_FAILED,0,NOT_OBSERVED,REQUEST_ACK_FAILED,benchmark/extraction_runs/milestone6/ArduPilot/runs/Plane/message_summary.json,benchmark/extraction_runs/milestone6/ArduPilot/runs/Plane/request_sweep.json,Baseline proves only this default SITL profile. Request-window matches may be conditional and are not causal when the message already streamed by default.
ardupilot-plane-m6,ArduPilot,ArduPlane,plane,49,GPS_GLOBAL_ORIGIN,baseline/ardupilot/modules/mavlink/message_definitions/v1.0/common.xml,all.xml,STATIC_REFERENCE_FOUND,1,0,0,0,4,7,8165421868284,8197680897713,True,MAV_RESULT_ACCEPTED,0,NOT_OBSERVED,REQUEST_ACK_ACCEPTED_NO_MATCHING_FRAME,benchmark/extraction_runs/milestone6/ArduPilot/runs/Plane/message_summary.json,benchmark/extraction_runs/milestone6/ArduPilot/runs/Plane/request_sweep.json,Baseline proves only this default SITL profile. Request-window matches may be conditional and are not causal when the message already streamed by default.
ardupilot-plane-m6,ArduPilot,ArduPlane,plane,50,PARAM_MAP_RC,baseline/ardupilot/modules/mavlink/message_definitions/v1.0/common.xml,all.xml,NO_REFERENCE_FOUND_BY_HEURISTIC_SCAN,0,0,0,0,0,0,,,True,MAV_RESULT_FAILED,0,NOT_OBSERVED,REQUEST_ACK_FAILED,benchmark/extraction_runs/milestone6/ArduPilot/runs/Plane/message_summary.json,benchmark/extraction_runs/milestone6/ArduPilot/runs/Plane/request_sweep.json,Baseline proves only this default SITL profile. Request-window matches may be conditional and are not causal when the message already streamed by default.
ardupilot-plane-m6,ArduPilot,ArduPlane,plane,51,MISSION_REQUEST_INT,baseline/ardupilot/modules/mavlink/message_definitions/v1.0/common.xml,all.xml,STATIC_REFERENCE_FOUND,0,3,0,0,0,0,,,True,MAV_RESULT_FAILED,0,NOT_OBSERVED,REQUEST_ACK_FAILED,benchmark/extraction_runs/milestone6/ArduPilot/runs/Plane/message_summary.json,benchmark/extraction_runs/milestone6/ArduPilot/runs/Plane/request_sweep.json,Baseline proves only this default SITL profile. Request-window matches may be conditional and are not causal when the message already streamed by default.
ardupilot-plane-m6,ArduPilot,ArduPlane,plane,53,MISSION_CHECKSUM,baseline/ardupilot/modules/mavlink/message_definitions/v1.0/development.xml,all.xml,NO_REFERENCE_FOUND_BY_HEURISTIC_SCAN,0,0,0,0,0,0,,,True,MAV_RESULT_FAILED,0,NOT_OBSERVED,REQUEST_ACK_FAILED,benchmark/extraction_runs/milestone6/ArduPilot/runs/Plane/message_summary.json,benchmark/extraction_runs/milestone6/ArduPilot/runs/Plane/request_sweep.json,Baseline proves only this default SITL profile. Request-window matches may be conditional and are not causal when the message already streamed by default.
ardupilot-plane-m6,ArduPilot,ArduPlane,plane,54,SAFETY_SET_ALLOWED_AREA,baseline/ardupilot/modules/mavlink/message_definitions/v1.0/common.xml,all.xml,NO_REFERENCE_FOUND_BY_HEURISTIC_SCAN,0,0,0,0,0,0,,,True,MAV_RESULT_FAILED,0,NOT_OBSERVED,REQUEST_ACK_FAILED,benchmark/extraction_runs/milestone6/ArduPilot/runs/Plane/message_summary.json,benchmark/extraction_runs/milestone6/ArduPilot/runs/Plane/request_sweep.json,Baseline proves only this default SITL profile. Request-window matches may be conditional and are not causal when the message already streamed by default.
ardupilot-plane-m6,ArduPilot,ArduPlane,plane,55,SAFETY_ALLOWED_AREA,baseline/ardupilot/modules/mavlink/message_definitions/v1.0/common.xml,all.xml,NO_REFERENCE_FOUND_BY_HEURISTIC_SCAN,0,0,0,0,0,0,,,True,MAV_RESULT_FAILED,0,NOT_OBSERVED,REQUEST_ACK_FAILED,benchmark/extraction_runs/milestone6/ArduPilot/runs/Plane/message_summary.json,benchmark/extraction_runs/milestone6/ArduPilot/runs/Plane/request_sweep.json,Baseline proves only this default SITL profile. Request-window matches may be conditional and are not causal when the message already streamed by default.
ardupilot-plane-m6,ArduPilot,ArduPlane,plane,61,ATTITUDE_QUATERNION_COV,baseline/ardupilot/modules/mavlink/message_definitions/v1.0/common.xml,all.xml,NO_REFERENCE_FOUND_BY_HEURISTIC_SCAN,0,0,0,0,0,0,,,True,MAV_RESULT_FAILED,0,NOT_OBSERVED,REQUEST_ACK_FAILED,benchmark/extraction_runs/milestone6/ArduPilot/runs/Plane/message_summary.json,benchmark/extraction_runs/milestone6/ArduPilot/runs/Plane/request_sweep.json,Baseline proves only this default SITL profile. Request-window matches may be conditional and are not causal when the message already streamed by default.
ardupilot-plane-m6,ArduPilot,ArduPlane,plane,62,NAV_CONTROLLER_OUTPUT,baseline/ardupilot/modules/mavlink/message_definitions/v1.0/common.xml,all.xml,STATIC_REFERENCE_FOUND,4,0,0,0,0,0,,,True,MAV_RESULT_ACCEPTED,0,NOT_OBSERVED,REQUEST_ACK_ACCEPTED_NO_MATCHING_FRAME,benchmark/extraction_runs/milestone6/ArduPilot/runs/Plane/message_summary.json,benchmark/extraction_runs/milestone6/ArduPilot/runs/Plane/request_sweep.json,Baseline proves only this default SITL profile. Request-window matches may be conditional and are not causal when the message already streamed by default.
ardupilot-plane-m6,ArduPilot,ArduPlane,plane,63,GLOBAL_POSITION_INT_COV,baseline/ardupilot/modules/mavlink/message_definitions/v1.0/common.xml,all.xml,NO_REFERENCE_FOUND_BY_HEURISTIC_SCAN,0,0,0,0,0,0,,,True,MAV_RESULT_FAILED,0,NOT_OBSERVED,REQUEST_ACK_FAILED,benchmark/extraction_runs/milestone6/ArduPilot/runs/Plane/message_summary.json,benchmark/extraction_runs/milestone6/ArduPilot/runs/Plane/request_sweep.json,Baseline proves only this default SITL profile. Request-window matches may be conditional and are not causal when the message already streamed by default.
ardupilot-plane-m6,ArduPilot,ArduPlane,plane,64,LOCAL_POSITION_NED_COV,baseline/ardupilot/modules/mavlink/message_definitions/v1.0/common.xml,all.xml,NO_REFERENCE_FOUND_BY_HEURISTIC_SCAN,0,0,0,0,0,0,,,True,MAV_RESULT_FAILED,0,NOT_OBSERVED,REQUEST_ACK_FAILED,benchmark/extraction_runs/milestone6/ArduPilot/runs/Plane/message_summary.json,benchmark/extraction_runs/milestone6/ArduPilot/runs/Plane/request_sweep.json,Baseline proves only this default SITL profile. Request-window matches may be conditional and are not causal when the message already streamed by default.
ardupilot-plane-m6,ArduPilot,ArduPlane,plane,65,RC_CHANNELS,baseline/ardupilot/modules/mavlink/message_definitions/v1.0/common.xml,all.xml,STATIC_REFERENCE_FOUND,1,0,12,0,23,107,8147986379511,8198806182660,True,MAV_RESULT_ACCEPTED,1,AMBIGUOUS_BASELINE_PERIODIC,DEFAULT_STREAM_OBSERVED,benchmark/extraction_runs/milestone6/ArduPilot/runs/Plane/message_summary.json,benchmark/extraction_runs/milestone6/ArduPilot/runs/Plane/request_sweep.json,Baseline proves only this default SITL profile. Request-window matches may be conditional and are not causal when the message already streamed by default.
ardupilot-plane-m6,ArduPilot,ArduPlane,plane,66,REQUEST_DATA_STREAM,baseline/ardupilot/modules/mavlink/message_definitions/v1.0/common.xml,all.xml,STATIC_REFERENCE_FOUND,0,2,0,0,0,0,,,True,MAV_RESULT_FAILED,0,NOT_OBSERVED,REQUEST_ACK_FAILED,benchmark/extraction_runs/milestone6/ArduPilot/runs/Plane/message_summary.json,benchmark/extraction_runs/milestone6/ArduPilot/runs/Plane/request_sweep.json,Baseline proves only this default SITL profile. Request-window matches may be conditional and are not causal when the message already streamed by default.
ardupilot-plane-m6,ArduPilot,ArduPlane,plane,67,DATA_STREAM,baseline/ardupilot/modules/mavlink/message_definitions/v1.0/common.xml,all.xml,NO_REFERENCE_FOUND_BY_HEURISTIC_SCAN,0,0,0,0,0,0,,,True,MAV_RESULT_FAILED,0,NOT_OBSERVED,REQUEST_ACK_FAILED,benchmark/extraction_runs/milestone6/ArduPilot/runs/Plane/message_summary.json,benchmark/extraction_runs/milestone6/ArduPilot/runs/Plane/request_sweep.json,Baseline proves only this default SITL profile. Request-window matches may be conditional and are not causal when the message already streamed by default.
ardupilot-plane-m6,ArduPilot,ArduPlane,plane,69,MANUAL_CONTROL,baseline/ardupilot/modules/mavlink/message_definitions/v1.0/common.xml,all.xml,STATIC_REFERENCE_FOUND,0,2,0,0,0,0,,,True,MAV_RESULT_FAILED,0,NOT_OBSERVED,REQUEST_ACK_FAILED,benchmark/extraction_runs/milestone6/ArduPilot/runs/Plane/message_summary.json,benchmark/extraction_runs/milestone6/ArduPilot/runs/Plane/request_sweep.json,Baseline proves only this default SITL profile. Request-window matches may be conditional and are not causal when the message already streamed by default.
ardupilot-plane-m6,ArduPilot,ArduPlane,plane,70,RC_CHANNELS_OVERRIDE,baseline/ardupilot/modules/mavlink/message_definitions/v1.0/common.xml,all.xml,STATIC_REFERENCE_FOUND,0,2,0,0,0,0,,,True,MAV_RESULT_FAILED,0,NOT_OBSERVED,REQUEST_ACK_FAILED,benchmark/extraction_runs/milestone6/ArduPilot/runs/Plane/message_summary.json,benchmark/extraction_runs/milestone6/ArduPilot/runs/Plane/request_sweep.json,Baseline proves only this default SITL profile. Request-window matches may be conditional and are not causal when the message already streamed by default.
ardupilot-plane-m6,ArduPilot,ArduPlane,plane,73,MISSION_ITEM_INT,baseline/ardupilot/modules/mavlink/message_definitions/v1.0/common.xml,all.xml,STATIC_REFERENCE_FOUND,0,3,0,0,0,0,,,True,MAV_RESULT_FAILED,0,NOT_OBSERVED,REQUEST_ACK_FAILED,benchmark/extraction_runs/milestone6/ArduPilot/runs/Plane/message_summary.json,benchmark/extraction_runs/milestone6/ArduPilot/runs/Plane/request_sweep.json,Baseline proves only this default SITL profile. Request-window matches may be conditional and are not causal when the message already streamed by default.
ardupilot-plane-m6,ArduPilot,ArduPlane,plane,74,VFR_HUD,baseline/ardupilot/modules/mavlink/message_definitions/v1.0/common.xml,all.xml,STATIC_REFERENCE_FOUND,1,0,12,0,23,106,8147981131999,8198801068772,True,MAV_RESULT_ACCEPTED,1,AMBIGUOUS_BASELINE_PERIODIC,DEFAULT_STREAM_OBSERVED,benchmark/extraction_runs/milestone6/ArduPilot/runs/Plane/message_summary.json,benchmark/extraction_runs/milestone6/ArduPilot/runs/Plane/request_sweep.json,Baseline proves only this default SITL profile. Request-window matches may be conditional and are not causal when the message already streamed by default.
ardupilot-plane-m6,ArduPilot,ArduPlane,plane,75,COMMAND_INT,baseline/ardupilot/modules/mavlink/message_definitions/v1.0/common.xml,all.xml,STATIC_REFERENCE_FOUND,0,4,0,0,0,0,,,True,MAV_RESULT_FAILED,0,NOT_OBSERVED,REQUEST_ACK_FAILED,benchmark/extraction_runs/milestone6/ArduPilot/runs/Plane/message_summary.json,benchmark/extraction_runs/milestone6/ArduPilot/runs/Plane/request_sweep.json,Baseline proves only this default SITL profile. Request-window matches may be conditional and are not causal when the message already streamed by default.
ardupilot-plane-m6,ArduPilot,ArduPlane,plane,76,COMMAND_LONG,baseline/ardupilot/modules/mavlink/message_definitions/v1.0/common.xml,all.xml,STATIC_REFERENCE_FOUND,3,9,0,0,0,0,,,True,MAV_RESULT_FAILED,0,NOT_OBSERVED,REQUEST_ACK_FAILED,benchmark/extraction_runs/milestone6/ArduPilot/runs/Plane/message_summary.json,benchmark/extraction_runs/milestone6/ArduPilot/runs/Plane/request_sweep.json,Baseline proves only this default SITL profile. Request-window matches may be conditional and are not causal when the message already streamed by default.
ardupilot-plane-m6,ArduPilot,ArduPlane,plane,77,COMMAND_ACK,baseline/ardupilot/modules/mavlink/message_definitions/v1.0/common.xml,all.xml,STATIC_REFERENCE_FOUND,7,4,0,0,352,369,8163113260443,8186822895581,True,MAV_RESULT_FAILED,1,POST_REQUEST_WINDOW_OBSERVATION,REQUEST_WINDOW_MESSAGE_OBSERVED,benchmark/extraction_runs/milestone6/ArduPilot/runs/Plane/message_summary.json,benchmark/extraction_runs/milestone6/ArduPilot/runs/Plane/request_sweep.json,Baseline proves only this default SITL profile. Request-window matches may be conditional and are not causal when the message already streamed by default.
ardupilot-plane-m6,ArduPilot,ArduPlane,plane,81,MANUAL_SETPOINT,baseline/ardupilot/modules/mavlink/message_definitions/v1.0/common.xml,all.xml,NO_REFERENCE_FOUND_BY_HEURISTIC_SCAN,0,0,0,0,0,0,,,True,MAV_RESULT_FAILED,0,NOT_OBSERVED,REQUEST_ACK_FAILED,benchmark/extraction_runs/milestone6/ArduPilot/runs/Plane/message_summary.json,benchmark/extraction_runs/milestone6/ArduPilot/runs/Plane/request_sweep.json,Baseline proves only this default SITL profile. Request-window matches may be conditional and are not causal when the message already streamed by default.
ardupilot-plane-m6,ArduPilot,ArduPlane,plane,82,SET_ATTITUDE_TARGET,baseline/ardupilot/modules/mavlink/message_definitions/v1.0/common.xml,all.xml,STATIC_REFERENCE_FOUND,0,6,0,0,0,0,,,True,MAV_RESULT_FAILED,0,NOT_OBSERVED,REQUEST_ACK_FAILED,benchmark/extraction_runs/milestone6/ArduPilot/runs/Plane/message_summary.json,benchmark/extraction_runs/milestone6/ArduPilot/runs/Plane/request_sweep.json,Baseline proves only this default SITL profile. Request-window matches may be conditional and are not causal when the message already streamed by default.
ardupilot-plane-m6,ArduPilot,ArduPlane,plane,83,ATTITUDE_TARGET,baseline/ardupilot/modules/mavlink/message_definitions/v1.0/common.xml,all.xml,STATIC_REFERENCE_FOUND,2,0,0,0,0,0,,,True,MAV_RESULT_ACCEPTED,0,NOT_OBSERVED,REQUEST_ACK_ACCEPTED_NO_MATCHING_FRAME,benchmark/extraction_runs/milestone6/ArduPilot/runs/Plane/message_summary.json,benchmark/extraction_runs/milestone6/ArduPilot/runs/Plane/request_sweep.json,Baseline proves only this default SITL profile. Request-window matches may be conditional and are not causal when the message already streamed by default.
ardupilot-plane-m6,ArduPilot,ArduPlane,plane,84,SET_POSITION_TARGET_LOCAL_NED,baseline/ardupilot/modules/mavlink/message_definitions/v1.0/common.xml,all.xml,STATIC_REFERENCE_FOUND,0,6,0,0,0,0,,,True,MAV_RESULT_FAILED,0,NOT_OBSERVED,REQUEST_ACK_FAILED,benchmark/extraction_runs/milestone6/ArduPilot/runs/Plane/message_summary.json,benchmark/extraction_runs/milestone6/ArduPilot/runs/Plane/request_sweep.json,Baseline proves only this default SITL profile. Request-window matches may be conditional and are not causal when the message already streamed by default.
ardupilot-plane-m6,ArduPilot,ArduPlane,plane,85,POSITION_TARGET_LOCAL_NED,baseline/ardupilot/modules/mavlink/message_definitions/v1.0/common.xml,all.xml,STATIC_REFERENCE_FOUND,1,0,0,0,0,0,,,True,MAV_RESULT_ACCEPTED,0,NOT_OBSERVED,REQUEST_ACK_ACCEPTED_NO_MATCHING_FRAME,benchmark/extraction_runs/milestone6/ArduPilot/runs/Plane/message_summary.json,benchmark/extraction_runs/milestone6/ArduPilot/runs/Plane/request_sweep.json,Baseline proves only this default SITL profile. Request-window matches may be conditional and are not causal when the message already streamed by default.
ardupilot-plane-m6,ArduPilot,ArduPlane,plane,86,SET_POSITION_TARGET_GLOBAL_INT,baseline/ardupilot/modules/mavlink/message_definitions/v1.0/common.xml,all.xml,STATIC_REFERENCE_FOUND,1,6,0,0,0,0,,,True,MAV_RESULT_FAILED,0,NOT_OBSERVED,REQUEST_ACK_FAILED,benchmark/extraction_runs/milestone6/ArduPilot/runs/Plane/message_summary.json,benchmark/extraction_runs/milestone6/ArduPilot/runs/Plane/request_sweep.json,Baseline proves only this default SITL profile. Request-window matches may be conditional and are not causal when the message already streamed by default.
ardupilot-plane-m6,ArduPilot,ArduPlane,plane,87,POSITION_TARGET_GLOBAL_INT,baseline/ardupilot/modules/mavlink/message_definitions/v1.0/common.xml,all.xml,STATIC_REFERENCE_FOUND,1,0,0,0,0,0,,,True,MAV_RESULT_ACCEPTED,0,NOT_OBSERVED,REQUEST_ACK_ACCEPTED_NO_MATCHING_FRAME,benchmark/extraction_runs/milestone6/ArduPilot/runs/Plane/message_summary.json,benchmark/extraction_runs/milestone6/ArduPilot/runs/Plane/request_sweep.json,Baseline proves only this default SITL profile. Request-window matches may be conditional and are not causal when the message already streamed by default.
ardupilot-plane-m6,ArduPilot,ArduPlane,plane,89,LOCAL_POSITION_NED_SYSTEM_GLOBAL_OFFSET,baseline/ardupilot/modules/mavlink/message_definitions/v1.0/common.xml,all.xml,NO_REFERENCE_FOUND_BY_HEURISTIC_SCAN,0,0,0,0,0,0,,,True,MAV_RESULT_FAILED,0,NOT_OBSERVED,REQUEST_ACK_FAILED,benchmark/extraction_runs/milestone6/ArduPilot/runs/Plane/message_summary.json,benchmark/extraction_runs/milestone6/ArduPilot/runs/Plane/request_sweep.json,Baseline proves only this default SITL profile. Request-window matches may be conditional and are not causal when the message already streamed by default.
ardupilot-plane-m6,ArduPilot,ArduPlane,plane,90,HIL_STATE,baseline/ardupilot/modules/mavlink/message_definitions/v1.0/common.xml,all.xml,NO_REFERENCE_FOUND_BY_HEURISTIC_SCAN,0,0,0,0,0,0,,,True,MAV_RESULT_FAILED,0,NOT_OBSERVED,REQUEST_ACK_FAILED,benchmark/extraction_runs/milestone6/ArduPilot/runs/Plane/message_summary.json,benchmark/extraction_runs/milestone6/ArduPilot/runs/Plane/request_sweep.json,Baseline proves only this default SITL profile. Request-window matches may be conditional and are not causal when the message already streamed by default.
ardupilot-plane-m6,ArduPilot,ArduPlane,plane,91,HIL_CONTROLS,baseline/ardupilot/modules/mavlink/message_definitions/v1.0/common.xml,all.xml,NO_REFERENCE_FOUND_BY_HEURISTIC_SCAN,0,0,0,0,0,0,,,True,MAV_RESULT_FAILED,0,NOT_OBSERVED,REQUEST_ACK_FAILED,benchmark/extraction_runs/milestone6/ArduPilot/runs/Plane/message_summary.json,benchmark/extraction_runs/milestone6/ArduPilot/runs/Plane/request_sweep.json,Baseline proves only this default SITL profile. Request-window matches may be conditional and are not causal when the message already streamed by default.
ardupilot-plane-m6,ArduPilot,ArduPlane,plane,92,HIL_RC_INPUTS_RAW,baseline/ardupilot/modules/mavlink/message_definitions/v1.0/common.xml,all.xml,NO_REFERENCE_FOUND_BY_HEURISTIC_SCAN,0,0,0,0,0,0,,,True,MAV_RESULT_FAILED,0,NOT_OBSERVED,REQUEST_ACK_FAILED,benchmark/extraction_runs/milestone6/ArduPilot/runs/Plane/message_summary.json,benchmark/extraction_runs/milestone6/ArduPilot/runs/Plane/request_sweep.json,Baseline proves only this default SITL profile. Request-window matches may be conditional and are not causal when the message already streamed by default.
ardupilot-plane-m6,ArduPilot,ArduPlane,plane,93,HIL_ACTUATOR_CONTROLS,baseline/ardupilot/modules/mavlink/message_definitions/v1.0/common.xml,all.xml,NO_REFERENCE_FOUND_BY_HEURISTIC_SCAN,0,0,0,0,0,0,,,True,MAV_RESULT_FAILED,0,NOT_OBSERVED,REQUEST_ACK_FAILED,benchmark/extraction_runs/milestone6/ArduPilot/runs/Plane/message_summary.json,benchmark/extraction_runs/milestone6/ArduPilot/runs/Plane/request_sweep.json,Baseline proves only this default SITL profile. Request-window matches may be conditional and are not causal when the message already streamed by default.
ardupilot-plane-m6,ArduPilot,ArduPlane,plane,100,OPTICAL_FLOW,baseline/ardupilot/modules/mavlink/message_definitions/v1.0/common.xml,all.xml,STATIC_REFERENCE_FOUND,1,2,0,0,0,0,,,True,MAV_RESULT_ACCEPTED,0,NOT_OBSERVED,REQUEST_ACK_ACCEPTED_NO_MATCHING_FRAME,benchmark/extraction_runs/milestone6/ArduPilot/runs/Plane/message_summary.json,benchmark/extraction_runs/milestone6/ArduPilot/runs/Plane/request_sweep.json,Baseline proves only this default SITL profile. Request-window matches may be conditional and are not causal when the message already streamed by default.
ardupilot-plane-m6,ArduPilot,ArduPlane,plane,101,GLOBAL_VISION_POSITION_ESTIMATE,baseline/ardupilot/modules/mavlink/message_definitions/v1.0/common.xml,all.xml,STATIC_REFERENCE_FOUND,0,2,0,0,0,0,,,True,MAV_RESULT_FAILED,0,NOT_OBSERVED,REQUEST_ACK_FAILED,benchmark/extraction_runs/milestone6/ArduPilot/runs/Plane/message_summary.json,benchmark/extraction_runs/milestone6/ArduPilot/runs/Plane/request_sweep.json,Baseline proves only this default SITL profile. Request-window matches may be conditional and are not causal when the message already streamed by default.
ardupilot-plane-m6,ArduPilot,ArduPlane,plane,102,VISION_POSITION_ESTIMATE,baseline/ardupilot/modules/mavlink/message_definitions/v1.0/common.xml,all.xml,STATIC_REFERENCE_FOUND,0,2,0,0,0,0,,,True,MAV_RESULT_FAILED,0,NOT_OBSERVED,REQUEST_ACK_FAILED,benchmark/extraction_runs/milestone6/ArduPilot/runs/Plane/message_summary.json,benchmark/extraction_runs/milestone6/ArduPilot/runs/Plane/request_sweep.json,Baseline proves only this default SITL profile. Request-window matches may be conditional and are not causal when the message already streamed by default.
ardupilot-plane-m6,ArduPilot,ArduPlane,plane,103,VISION_SPEED_ESTIMATE,baseline/ardupilot/modules/mavlink/message_definitions/v1.0/common.xml,all.xml,STATIC_REFERENCE_FOUND,0,2,0,0,0,0,,,True,MAV_RESULT_FAILED,0,NOT_OBSERVED,REQUEST_ACK_FAILED,benchmark/extraction_runs/milestone6/ArduPilot/runs/Plane/message_summary.json,benchmark/extraction_runs/milestone6/ArduPilot/runs/Plane/request_sweep.json,Baseline proves only this default SITL profile. Request-window matches may be conditional and are not causal when the message already streamed by default.
ardupilot-plane-m6,ArduPilot,ArduPlane,plane,104,VICON_POSITION_ESTIMATE,baseline/ardupilot/modules/mavlink/message_definitions/v1.0/common.xml,all.xml,STATIC_REFERENCE_FOUND,0,2,0,0,0,0,,,True,MAV_RESULT_FAILED,0,NOT_OBSERVED,REQUEST_ACK_FAILED,benchmark/extraction_runs/milestone6/ArduPilot/runs/Plane/message_summary.json,benchmark/extraction_runs/milestone6/ArduPilot/runs/Plane/request_sweep.json,Baseline proves only this default SITL profile. Request-window matches may be conditional and are not causal when the message already streamed by default.
ardupilot-plane-m6,ArduPilot,ArduPlane,plane,105,HIGHRES_IMU,baseline/ardupilot/modules/mavlink/message_definitions/v1.0/common.xml,all.xml,STATIC_REFERENCE_FOUND,1,0,0,0,1,1,8167521508122,8167521508122,True,MAV_RESULT_ACCEPTED,1,POST_REQUEST_WINDOW_OBSERVATION,REQUEST_WINDOW_MESSAGE_OBSERVED,benchmark/extraction_runs/milestone6/ArduPilot/runs/Plane/message_summary.json,benchmark/extraction_runs/milestone6/ArduPilot/runs/Plane/request_sweep.json,Baseline proves only this default SITL profile. Request-window matches may be conditional and are not causal when the message already streamed by default.
ardupilot-plane-m6,ArduPilot,ArduPlane,plane,106,OPTICAL_FLOW_RAD,baseline/ardupilot/modules/mavlink/message_definitions/v1.0/common.xml,all.xml,NO_REFERENCE_FOUND_BY_HEURISTIC_SCAN,0,0,0,0,0,0,,,True,MAV_RESULT_FAILED,0,NOT_OBSERVED,REQUEST_ACK_FAILED,benchmark/extraction_runs/milestone6/ArduPilot/runs/Plane/message_summary.json,benchmark/extraction_runs/milestone6/ArduPilot/runs/Plane/request_sweep.json,Baseline proves only this default SITL profile. Request-window matches may be conditional and are not causal when the message already streamed by default.
ardupilot-plane-m6,ArduPilot,ArduPlane,plane,107,HIL_SENSOR,baseline/ardupilot/modules/mavlink/message_definitions/v1.0/common.xml,all.xml,NO_REFERENCE_FOUND_BY_HEURISTIC_SCAN,0,0,0,0,0,0,,,True,MAV_RESULT_FAILED,0,NOT_OBSERVED,REQUEST_ACK_FAILED,benchmark/extraction_runs/milestone6/ArduPilot/runs/Plane/message_summary.json,benchmark/extraction_runs/milestone6/ArduPilot/runs/Plane/request_sweep.json,Baseline proves only this default SITL profile. Request-window matches may be conditional and are not causal when the message already streamed by default.
ardupilot-plane-m6,ArduPilot,ArduPlane,plane,108,SIM_STATE,baseline/ardupilot/modules/mavlink/message_definitions/v1.0/common.xml,all.xml,STATIC_REFERENCE_FOUND,1,0,0,0,1,1,8167579747852,8167579747852,True,MAV_RESULT_ACCEPTED,1,POST_REQUEST_WINDOW_OBSERVATION,REQUEST_WINDOW_MESSAGE_OBSERVED,benchmark/extraction_runs/milestone6/ArduPilot/runs/Plane/message_summary.json,benchmark/extraction_runs/milestone6/ArduPilot/runs/Plane/request_sweep.json,Baseline proves only this default SITL profile. Request-window matches may be conditional and are not causal when the message already streamed by default.
ardupilot-plane-m6,ArduPilot,ArduPlane,plane,109,RADIO_STATUS,baseline/ardupilot/modules/mavlink/message_definitions/v1.0/common.xml,all.xml,STATIC_REFERENCE_FOUND,1,3,0,0,0,0,,,True,MAV_RESULT_FAILED,0,NOT_OBSERVED,REQUEST_ACK_FAILED,benchmark/extraction_runs/milestone6/ArduPilot/runs/Plane/message_summary.json,benchmark/extraction_runs/milestone6/ArduPilot/runs/Plane/request_sweep.json,Baseline proves only this default SITL profile. Request-window matches may be conditional and are not causal when the message already streamed by default.
ardupilot-plane-m6,ArduPilot,ArduPlane,plane,110,FILE_TRANSFER_PROTOCOL,baseline/ardupilot/modules/mavlink/message_definitions/v1.0/common.xml,all.xml,STATIC_REFERENCE_FOUND,1,2,0,0,0,0,,,True,MAV_RESULT_FAILED,0,NOT_OBSERVED,REQUEST_ACK_FAILED,benchmark/extraction_runs/milestone6/ArduPilot/runs/Plane/message_summary.json,benchmark/extraction_runs/milestone6/ArduPilot/runs/Plane/request_sweep.json,Baseline proves only this default SITL profile. Request-window matches may be conditional and are not causal when the message already streamed by default.
ardupilot-plane-m6,ArduPilot,ArduPlane,plane,111,TIMESYNC,baseline/ardupilot/modules/mavlink/message_definitions/v1.0/common.xml,all.xml,STATIC_REFERENCE_FOUND,2,2,1,0,2,5,8155940469606,8196025048710,True,MAV_RESULT_FAILED,0,NOT_OBSERVED,DEFAULT_STREAM_OBSERVED,benchmark/extraction_runs/milestone6/ArduPilot/runs/Plane/message_summary.json,benchmark/extraction_runs/milestone6/ArduPilot/runs/Plane/request_sweep.json,Baseline proves only this default SITL profile. Request-window matches may be conditional and are not causal when the message already streamed by default.
ardupilot-plane-m6,ArduPilot,ArduPlane,plane,112,CAMERA_TRIGGER,baseline/ardupilot/modules/mavlink/message_definitions/v1.0/common.xml,all.xml,NO_REFERENCE_FOUND_BY_HEURISTIC_SCAN,0,0,0,0,0,0,,,True,MAV_RESULT_FAILED,0,NOT_OBSERVED,REQUEST_ACK_FAILED,benchmark/extraction_runs/milestone6/ArduPilot/runs/Plane/message_summary.json,benchmark/extraction_runs/milestone6/ArduPilot/runs/Plane/request_sweep.json,Baseline proves only this default SITL profile. Request-window matches may be conditional and are not causal when the message already streamed by default.
ardupilot-plane-m6,ArduPilot,ArduPlane,plane,113,HIL_GPS,baseline/ardupilot/modules/mavlink/message_definitions/v1.0/common.xml,all.xml,NO_REFERENCE_FOUND_BY_HEURISTIC_SCAN,0,0,0,0,0,0,,,True,MAV_RESULT_FAILED,0,NOT_OBSERVED,REQUEST_ACK_FAILED,benchmark/extraction_runs/milestone6/ArduPilot/runs/Plane/message_summary.json,benchmark/extraction_runs/milestone6/ArduPilot/runs/Plane/request_sweep.json,Baseline proves only this default SITL profile. Request-window matches may be conditional and are not causal when the message already streamed by default.
ardupilot-plane-m6,ArduPilot,ArduPlane,plane,114,HIL_OPTICAL_FLOW,baseline/ardupilot/modules/mavlink/message_definitions/v1.0/common.xml,all.xml,NO_REFERENCE_FOUND_BY_HEURISTIC_SCAN,0,0,0,0,0,0,,,True,MAV_RESULT_FAILED,0,NOT_OBSERVED,REQUEST_ACK_FAILED,benchmark/extraction_runs/milestone6/ArduPilot/runs/Plane/message_summary.json,benchmark/extraction_runs/milestone6/ArduPilot/runs/Plane/request_sweep.json,Baseline proves only this default SITL profile. Request-window matches may be conditional and are not causal when the message already streamed by default.
ardupilot-plane-m6,ArduPilot,ArduPlane,plane,115,HIL_STATE_QUATERNION,baseline/ardupilot/modules/mavlink/message_definitions/v1.0/common.xml,all.xml,NO_REFERENCE_FOUND_BY_HEURISTIC_SCAN,0,0,0,0,0,0,,,True,MAV_RESULT_FAILED,0,NOT_OBSERVED,REQUEST_ACK_FAILED,benchmark/extraction_runs/milestone6/ArduPilot/runs/Plane/message_summary.json,benchmark/extraction_runs/milestone6/ArduPilot/runs/Plane/request_sweep.json,Baseline proves only this default SITL profile. Request-window matches may be conditional and are not causal when the message already streamed by default.
ardupilot-plane-m6,ArduPilot,ArduPlane,plane,116,SCALED_IMU2,baseline/ardupilot/modules/mavlink/message_definitions/v1.0/common.xml,all.xml,STATIC_REFERENCE_FOUND,1,0,12,0,23,52,8147986604953,8197984803307,True,MAV_RESULT_ACCEPTED,1,AMBIGUOUS_BASELINE_PERIODIC,DEFAULT_STREAM_OBSERVED,benchmark/extraction_runs/milestone6/ArduPilot/runs/Plane/message_summary.json,benchmark/extraction_runs/milestone6/ArduPilot/runs/Plane/request_sweep.json,Baseline proves only this default SITL profile. Request-window matches may be conditional and are not causal when the message already streamed by default.
ardupilot-plane-m6,ArduPilot,ArduPlane,plane,117,LOG_REQUEST_LIST,baseline/ardupilot/modules/mavlink/message_definitions/v1.0/common.xml,all.xml,STATIC_REFERENCE_FOUND,0,4,0,0,0,0,,,True,MAV_RESULT_FAILED,0,NOT_OBSERVED,REQUEST_ACK_FAILED,benchmark/extraction_runs/milestone6/ArduPilot/runs/Plane/message_summary.json,benchmark/extraction_runs/milestone6/ArduPilot/runs/Plane/request_sweep.json,Baseline proves only this default SITL profile. Request-window matches may be conditional and are not causal when the message already streamed by default.
ardupilot-plane-m6,ArduPilot,ArduPlane,plane,118,LOG_ENTRY,baseline/ardupilot/modules/mavlink/message_definitions/v1.0/common.xml,all.xml,STATIC_REFERENCE_FOUND,1,0,0,0,0,0,,,True,MAV_RESULT_FAILED,0,NOT_OBSERVED,REQUEST_ACK_FAILED,benchmark/extraction_runs/milestone6/ArduPilot/runs/Plane/message_summary.json,benchmark/extraction_runs/milestone6/ArduPilot/runs/Plane/request_sweep.json,Baseline proves only this default SITL profile. Request-window matches may be conditional and are not causal when the message already streamed by default.
ardupilot-plane-m6,ArduPilot,ArduPlane,plane,119,LOG_REQUEST_DATA,baseline/ardupilot/modules/mavlink/message_definitions/v1.0/common.xml,all.xml,STATIC_REFERENCE_FOUND,0,4,0,0,0,0,,,True,MAV_RESULT_FAILED,0,NOT_OBSERVED,REQUEST_ACK_FAILED,benchmark/extraction_runs/milestone6/ArduPilot/runs/Plane/message_summary.json,benchmark/extraction_runs/milestone6/ArduPilot/runs/Plane/request_sweep.json,Baseline proves only this default SITL profile. Request-window matches may be conditional and are not causal when the message already streamed by default.
ardupilot-plane-m6,ArduPilot,ArduPlane,plane,120,LOG_DATA,baseline/ardupilot/modules/mavlink/message_definitions/v1.0/common.xml,all.xml,STATIC_REFERENCE_FOUND,0,0,0,0,0,0,,,True,MAV_RESULT_FAILED,0,NOT_OBSERVED,REQUEST_ACK_FAILED,benchmark/extraction_runs/milestone6/ArduPilot/runs/Plane/message_summary.json,benchmark/extraction_runs/milestone6/ArduPilot/runs/Plane/request_sweep.json,Baseline proves only this default SITL profile. Request-window matches may be conditional and are not causal when the message already streamed by default.
ardupilot-plane-m6,ArduPilot,ArduPlane,plane,121,LOG_ERASE,baseline/ardupilot/modules/mavlink/message_definitions/v1.0/common.xml,all.xml,STATIC_REFERENCE_FOUND,0,3,0,0,0,0,,,True,MAV_RESULT_FAILED,0,NOT_OBSERVED,REQUEST_ACK_FAILED,benchmark/extraction_runs/milestone6/ArduPilot/runs/Plane/message_summary.json,benchmark/extraction_runs/milestone6/ArduPilot/runs/Plane/request_sweep.json,Baseline proves only this default SITL profile. Request-window matches may be conditional and are not causal when the message already streamed by default.
ardupilot-plane-m6,ArduPilot,ArduPlane,plane,122,LOG_REQUEST_END,baseline/ardupilot/modules/mavlink/message_definitions/v1.0/common.xml,all.xml,STATIC_REFERENCE_FOUND,0,3,0,0,0,0,,,True,MAV_RESULT_FAILED,0,NOT_OBSERVED,REQUEST_ACK_FAILED,benchmark/extraction_runs/milestone6/ArduPilot/runs/Plane/message_summary.json,benchmark/extraction_runs/milestone6/ArduPilot/runs/Plane/request_sweep.json,Baseline proves only this default SITL profile. Request-window matches may be conditional and are not causal when the message already streamed by default.
ardupilot-plane-m6,ArduPilot,ArduPlane,plane,123,GPS_INJECT_DATA,baseline/ardupilot/modules/mavlink/message_definitions/v1.0/common.xml,all.xml,STATIC_REFERENCE_FOUND,0,3,0,0,0,0,,,True,MAV_RESULT_FAILED,0,NOT_OBSERVED,REQUEST_ACK_FAILED,benchmark/extraction_runs/milestone6/ArduPilot/runs/Plane/message_summary.json,benchmark/extraction_runs/milestone6/ArduPilot/runs/Plane/request_sweep.json,Baseline proves only this default SITL profile. Request-window matches may be conditional and are not causal when the message already streamed by default.
ardupilot-plane-m6,ArduPilot,ArduPlane,plane,124,GPS2_RAW,baseline/ardupilot/modules/mavlink/message_definitions/v1.0/common.xml,all.xml,STATIC_REFERENCE_FOUND,1,0,0,0,0,0,,,True,MAV_RESULT_ACCEPTED,0,NOT_OBSERVED,REQUEST_ACK_ACCEPTED_NO_MATCHING_FRAME,benchmark/extraction_runs/milestone6/ArduPilot/runs/Plane/message_summary.json,benchmark/extraction_runs/milestone6/ArduPilot/runs/Plane/request_sweep.json,Baseline proves only this default SITL profile. Request-window matches may be conditional and are not causal when the message already streamed by default.
ardupilot-plane-m6,ArduPilot,ArduPlane,plane,125,POWER_STATUS,baseline/ardupilot/modules/mavlink/message_definitions/v1.0/common.xml,all.xml,STATIC_REFERENCE_FOUND,1,0,12,0,23,52,8147981325055,8197984401714,True,MAV_RESULT_ACCEPTED,1,AMBIGUOUS_BASELINE_PERIODIC,DEFAULT_STREAM_OBSERVED,benchmark/extraction_runs/milestone6/ArduPilot/runs/Plane/message_summary.json,benchmark/extraction_runs/milestone6/ArduPilot/runs/Plane/request_sweep.json,Baseline proves only this default SITL profile. Request-window matches may be conditional and are not causal when the message already streamed by default.
ardupilot-plane-m6,ArduPilot,ArduPlane,plane,126,SERIAL_CONTROL,baseline/ardupilot/modules/mavlink/message_definitions/v1.0/common.xml,all.xml,STATIC_REFERENCE_FOUND,0,2,0,0,0,0,,,True,MAV_RESULT_FAILED,0,NOT_OBSERVED,REQUEST_ACK_FAILED,benchmark/extraction_runs/milestone6/ArduPilot/runs/Plane/message_summary.json,benchmark/extraction_runs/milestone6/ArduPilot/runs/Plane/request_sweep.json,Baseline proves only this default SITL profile. Request-window matches may be conditional and are not causal when the message already streamed by default.
ardupilot-plane-m6,ArduPilot,ArduPlane,plane,127,GPS_RTK,baseline/ardupilot/modules/mavlink/message_definitions/v1.0/common.xml,all.xml,STATIC_REFERENCE_FOUND,1,0,0,0,0,0,,,True,MAV_RESULT_ACCEPTED,0,NOT_OBSERVED,REQUEST_ACK_ACCEPTED_NO_MATCHING_FRAME,benchmark/extraction_runs/milestone6/ArduPilot/runs/Plane/message_summary.json,benchmark/extraction_runs/milestone6/ArduPilot/runs/Plane/request_sweep.json,Baseline proves only this default SITL profile. Request-window matches may be conditional and are not causal when the message already streamed by default.
ardupilot-plane-m6,ArduPilot,ArduPlane,plane,128,GPS2_RTK,baseline/ardupilot/modules/mavlink/message_definitions/v1.0/common.xml,all.xml,STATIC_REFERENCE_FOUND,1,0,0,0,0,0,,,True,MAV_RESULT_ACCEPTED,0,NOT_OBSERVED,REQUEST_ACK_ACCEPTED_NO_MATCHING_FRAME,benchmark/extraction_runs/milestone6/ArduPilot/runs/Plane/message_summary.json,benchmark/extraction_runs/milestone6/ArduPilot/runs/Plane/request_sweep.json,Baseline proves only this default SITL profile. Request-window matches may be conditional and are not causal when the message already streamed by default.
ardupilot-plane-m6,ArduPilot,ArduPlane,plane,129,SCALED_IMU3,baseline/ardupilot/modules/mavlink/message_definitions/v1.0/common.xml,all.xml,STATIC_REFERENCE_FOUND,1,0,12,0,23,52,8147986702461,8197984898935,True,MAV_RESULT_ACCEPTED,1,AMBIGUOUS_BASELINE_PERIODIC,DEFAULT_STREAM_OBSERVED,benchmark/extraction_runs/milestone6/ArduPilot/runs/Plane/message_summary.json,benchmark/extraction_runs/milestone6/ArduPilot/runs/Plane/request_sweep.json,Baseline proves only this default SITL profile. Request-window matches may be conditional and are not causal when the message already streamed by default.
ardupilot-plane-m6,ArduPilot,ArduPlane,plane,130,DATA_TRANSMISSION_HANDSHAKE,baseline/ardupilot/modules/mavlink/message_definitions/v1.0/common.xml,all.xml,NO_REFERENCE_FOUND_BY_HEURISTIC_SCAN,0,0,0,0,0,0,,,True,MAV_RESULT_FAILED,0,NOT_OBSERVED,REQUEST_ACK_FAILED,benchmark/extraction_runs/milestone6/ArduPilot/runs/Plane/message_summary.json,benchmark/extraction_runs/milestone6/ArduPilot/runs/Plane/request_sweep.json,Baseline proves only this default SITL profile. Request-window matches may be conditional and are not causal when the message already streamed by default.
ardupilot-plane-m6,ArduPilot,ArduPlane,plane,131,ENCAPSULATED_DATA,baseline/ardupilot/modules/mavlink/message_definitions/v1.0/common.xml,all.xml,NO_REFERENCE_FOUND_BY_HEURISTIC_SCAN,0,0,0,0,0,0,,,True,MAV_RESULT_FAILED,0,NOT_OBSERVED,REQUEST_ACK_FAILED,benchmark/extraction_runs/milestone6/ArduPilot/runs/Plane/message_summary.json,benchmark/extraction_runs/milestone6/ArduPilot/runs/Plane/request_sweep.json,Baseline proves only this default SITL profile. Request-window matches may be conditional and are not causal when the message already streamed by default.
ardupilot-plane-m6,ArduPilot,ArduPlane,plane,132,DISTANCE_SENSOR,baseline/ardupilot/modules/mavlink/message_definitions/v1.0/common.xml,all.xml,STATIC_REFERENCE_FOUND,3,3,0,0,0,0,,,True,MAV_RESULT_ACCEPTED,0,NOT_OBSERVED,REQUEST_ACK_ACCEPTED_NO_MATCHING_FRAME,benchmark/extraction_runs/milestone6/ArduPilot/runs/Plane/message_summary.json,benchmark/extraction_runs/milestone6/ArduPilot/runs/Plane/request_sweep.json,Baseline proves only this default SITL profile. Request-window matches may be conditional and are not causal when the message already streamed by default.
ardupilot-plane-m6,ArduPilot,ArduPlane,plane,133,TERRAIN_REQUEST,baseline/ardupilot/modules/mavlink/message_definitions/v1.0/common.xml,all.xml,STATIC_REFERENCE_FOUND,1,0,9,0,10,28,8147992554854,8196007862384,True,MAV_RESULT_ACCEPTED,0,NOT_OBSERVED,DEFAULT_STREAM_OBSERVED,benchmark/extraction_runs/milestone6/ArduPilot/runs/Plane/message_summary.json,benchmark/extraction_runs/milestone6/ArduPilot/runs/Plane/request_sweep.json,Baseline proves only this default SITL profile. Request-window matches may be conditional and are not causal when the message already streamed by default.
ardupilot-plane-m6,ArduPilot,ArduPlane,plane,134,TERRAIN_DATA,baseline/ardupilot/modules/mavlink/message_definitions/v1.0/common.xml,all.xml,STATIC_REFERENCE_FOUND,0,3,0,0,0,0,,,True,MAV_RESULT_FAILED,0,NOT_OBSERVED,REQUEST_ACK_FAILED,benchmark/extraction_runs/milestone6/ArduPilot/runs/Plane/message_summary.json,benchmark/extraction_runs/milestone6/ArduPilot/runs/Plane/request_sweep.json,Baseline proves only this default SITL profile. Request-window matches may be conditional and are not causal when the message already streamed by default.
ardupilot-plane-m6,ArduPilot,ArduPlane,plane,135,TERRAIN_CHECK,baseline/ardupilot/modules/mavlink/message_definitions/v1.0/common.xml,all.xml,STATIC_REFERENCE_FOUND,0,3,0,0,0,0,,,True,MAV_RESULT_FAILED,0,NOT_OBSERVED,REQUEST_ACK_FAILED,benchmark/extraction_runs/milestone6/ArduPilot/runs/Plane/message_summary.json,benchmark/extraction_runs/milestone6/ArduPilot/runs/Plane/request_sweep.json,Baseline proves only this default SITL profile. Request-window matches may be conditional and are not causal when the message already streamed by default.
ardupilot-plane-m6,ArduPilot,ArduPlane,plane,136,TERRAIN_REPORT,baseline/ardupilot/modules/mavlink/message_definitions/v1.0/common.xml,all.xml,STATIC_REFERENCE_FOUND,1,0,12,0,23,52,8147992645388,8197990240769,True,MAV_RESULT_ACCEPTED,1,AMBIGUOUS_BASELINE_PERIODIC,DEFAULT_STREAM_OBSERVED,benchmark/extraction_runs/milestone6/ArduPilot/runs/Plane/message_summary.json,benchmark/extraction_runs/milestone6/ArduPilot/runs/Plane/request_sweep.json,Baseline proves only this default SITL profile. Request-window matches may be conditional and are not causal when the message already streamed by default.
ardupilot-plane-m6,ArduPilot,ArduPlane,plane,137,SCALED_PRESSURE2,baseline/ardupilot/modules/mavlink/message_definitions/v1.0/common.xml,all.xml,STATIC_REFERENCE_FOUND,1,0,12,0,23,52,8147992043504,8197989944136,True,MAV_RESULT_ACCEPTED,1,AMBIGUOUS_BASELINE_PERIODIC,DEFAULT_STREAM_OBSERVED,benchmark/extraction_runs/milestone6/ArduPilot/runs/Plane/message_summary.json,benchmark/extraction_runs/milestone6/ArduPilot/runs/Plane/request_sweep.json,Baseline proves only this default SITL profile. Request-window matches may be conditional and are not causal when the message already streamed by default.
ardupilot-plane-m6,ArduPilot,ArduPlane,plane,138,ATT_POS_MOCAP,baseline/ardupilot/modules/mavlink/message_definitions/v1.0/common.xml,all.xml,STATIC_REFERENCE_FOUND,0,2,0,0,0,0,,,True,MAV_RESULT_FAILED,0,NOT_OBSERVED,REQUEST_ACK_FAILED,benchmark/extraction_runs/milestone6/ArduPilot/runs/Plane/message_summary.json,benchmark/extraction_runs/milestone6/ArduPilot/runs/Plane/request_sweep.json,Baseline proves only this default SITL profile. Request-window matches may be conditional and are not causal when the message already streamed by default.
ardupilot-plane-m6,ArduPilot,ArduPlane,plane,139,SET_ACTUATOR_CONTROL_TARGET,baseline/ardupilot/modules/mavlink/message_definitions/v1.0/common.xml,all.xml,NO_REFERENCE_FOUND_BY_HEURISTIC_SCAN,0,0,0,0,0,0,,,True,MAV_RESULT_FAILED,0,NOT_OBSERVED,REQUEST_ACK_FAILED,benchmark/extraction_runs/milestone6/ArduPilot/runs/Plane/message_summary.json,benchmark/extraction_runs/milestone6/ArduPilot/runs/Plane/request_sweep.json,Baseline proves only this default SITL profile. Request-window matches may be conditional and are not causal when the message already streamed by default.
ardupilot-plane-m6,ArduPilot,ArduPlane,plane,140,ACTUATOR_CONTROL_TARGET,baseline/ardupilot/modules/mavlink/message_definitions/v1.0/common.xml,all.xml,NO_REFERENCE_FOUND_BY_HEURISTIC_SCAN,0,0,0,0,0,0,,,True,MAV_RESULT_FAILED,0,NOT_OBSERVED,REQUEST_ACK_FAILED,benchmark/extraction_runs/milestone6/ArduPilot/runs/Plane/message_summary.json,benchmark/extraction_runs/milestone6/ArduPilot/runs/Plane/request_sweep.json,Baseline proves only this default SITL profile. Request-window matches may be conditional and are not causal when the message already streamed by default.
ardupilot-plane-m6,ArduPilot,ArduPlane,plane,141,ALTITUDE,baseline/ardupilot/modules/mavlink/message_definitions/v1.0/common.xml,all.xml,NO_REFERENCE_FOUND_BY_HEURISTIC_SCAN,0,0,0,0,0,0,,,True,MAV_RESULT_FAILED,0,NOT_OBSERVED,REQUEST_ACK_FAILED,benchmark/extraction_runs/milestone6/ArduPilot/runs/Plane/message_summary.json,benchmark/extraction_runs/milestone6/ArduPilot/runs/Plane/request_sweep.json,Baseline proves only this default SITL profile. Request-window matches may be conditional and are not causal when the message already streamed by default.
ardupilot-plane-m6,ArduPilot,ArduPlane,plane,142,RESOURCE_REQUEST,baseline/ardupilot/modules/mavlink/message_definitions/v1.0/common.xml,all.xml,NO_REFERENCE_FOUND_BY_HEURISTIC_SCAN,0,0,0,0,0,0,,,True,MAV_RESULT_FAILED,0,NOT_OBSERVED,REQUEST_ACK_FAILED,benchmark/extraction_runs/milestone6/ArduPilot/runs/Plane/message_summary.json,benchmark/extraction_runs/milestone6/ArduPilot/runs/Plane/request_sweep.json,Baseline proves only this default SITL profile. Request-window matches may be conditional and are not causal when the message already streamed by default.
ardupilot-plane-m6,ArduPilot,ArduPlane,plane,143,SCALED_PRESSURE3,baseline/ardupilot/modules/mavlink/message_definitions/v1.0/common.xml,all.xml,STATIC_REFERENCE_FOUND,1,0,0,0,0,0,,,True,MAV_RESULT_ACCEPTED,0,NOT_OBSERVED,REQUEST_ACK_ACCEPTED_NO_MATCHING_FRAME,benchmark/extraction_runs/milestone6/ArduPilot/runs/Plane/message_summary.json,benchmark/extraction_runs/milestone6/ArduPilot/runs/Plane/request_sweep.json,Baseline proves only this default SITL profile. Request-window matches may be conditional and are not causal when the message already streamed by default.
ardupilot-plane-m6,ArduPilot,ArduPlane,plane,144,FOLLOW_TARGET,baseline/ardupilot/modules/mavlink/message_definitions/v1.0/common.xml,all.xml,STATIC_REFERENCE_FOUND,0,2,0,0,0,0,,,True,MAV_RESULT_FAILED,0,NOT_OBSERVED,REQUEST_ACK_FAILED,benchmark/extraction_runs/milestone6/ArduPilot/runs/Plane/message_summary.json,benchmark/extraction_runs/milestone6/ArduPilot/runs/Plane/request_sweep.json,Baseline proves only this default SITL profile. Request-window matches may be conditional and are not causal when the message already streamed by default.
ardupilot-plane-m6,ArduPilot,ArduPlane,plane,146,CONTROL_SYSTEM_STATE,baseline/ardupilot/modules/mavlink/message_definitions/v1.0/common.xml,all.xml,NO_REFERENCE_FOUND_BY_HEURISTIC_SCAN,0,0,0,0,0,0,,,True,MAV_RESULT_FAILED,0,NOT_OBSERVED,REQUEST_ACK_FAILED,benchmark/extraction_runs/milestone6/ArduPilot/runs/Plane/message_summary.json,benchmark/extraction_runs/milestone6/ArduPilot/runs/Plane/request_sweep.json,Baseline proves only this default SITL profile. Request-window matches may be conditional and are not causal when the message already streamed by default.
ardupilot-plane-m6,ArduPilot,ArduPlane,plane,147,BATTERY_STATUS,baseline/ardupilot/modules/mavlink/message_definitions/v1.0/common.xml,all.xml,STATIC_REFERENCE_FOUND,1,0,12,0,23,104,8147997835156,8198806639869,True,MAV_RESULT_ACCEPTED,1,AMBIGUOUS_BASELINE_PERIODIC,DEFAULT_STREAM_OBSERVED,benchmark/extraction_runs/milestone6/ArduPilot/runs/Plane/message_summary.json,benchmark/extraction_runs/milestone6/ArduPilot/runs/Plane/request_sweep.json,Baseline proves only this default SITL profile. Request-window matches may be conditional and are not causal when the message already streamed by default.
ardupilot-plane-m6,ArduPilot,ArduPlane,plane,148,AUTOPILOT_VERSION,baseline/ardupilot/modules/mavlink/message_definitions/v1.0/standard.xml,all.xml,STATIC_REFERENCE_FOUND,1,0,0,0,1,64,8170658712765,8198812103585,True,MAV_RESULT_ACCEPTED,1,POST_REQUEST_WINDOW_OBSERVATION,REQUEST_WINDOW_MESSAGE_OBSERVED,benchmark/extraction_runs/milestone6/ArduPilot/runs/Plane/message_summary.json,benchmark/extraction_runs/milestone6/ArduPilot/runs/Plane/request_sweep.json,Baseline proves only this default SITL profile. Request-window matches may be conditional and are not causal when the message already streamed by default.
ardupilot-plane-m6,ArduPilot,ArduPlane,plane,149,LANDING_TARGET,baseline/ardupilot/modules/mavlink/message_definitions/v1.0/common.xml,all.xml,STATIC_REFERENCE_FOUND,0,2,0,0,0,0,,,True,MAV_RESULT_FAILED,0,NOT_OBSERVED,REQUEST_ACK_FAILED,benchmark/extraction_runs/milestone6/ArduPilot/runs/Plane/message_summary.json,benchmark/extraction_runs/milestone6/ArduPilot/runs/Plane/request_sweep.json,Baseline proves only this default SITL profile. Request-window matches may be conditional and are not causal when the message already streamed by default.
ardupilot-plane-m6,ArduPilot,ArduPlane,plane,150,SENSOR_OFFSETS,baseline/ardupilot/modules/mavlink/message_definitions/v1.0/ardupilotmega.xml,all.xml,NO_REFERENCE_FOUND_BY_HEURISTIC_SCAN,0,0,0,0,0,0,,,True,MAV_RESULT_FAILED,0,NOT_OBSERVED,REQUEST_ACK_FAILED,benchmark/extraction_runs/milestone6/ArduPilot/runs/Plane/message_summary.json,benchmark/extraction_runs/milestone6/ArduPilot/runs/Plane/request_sweep.json,Baseline proves only this default SITL profile. Request-window matches may be conditional and are not causal when the message already streamed by default.
ardupilot-plane-m6,ArduPilot,ArduPlane,plane,151,SET_MAG_OFFSETS,baseline/ardupilot/modules/mavlink/message_definitions/v1.0/ardupilotmega.xml,all.xml,NO_REFERENCE_FOUND_BY_HEURISTIC_SCAN,0,0,0,0,0,0,,,True,MAV_RESULT_FAILED,0,NOT_OBSERVED,REQUEST_ACK_FAILED,benchmark/extraction_runs/milestone6/ArduPilot/runs/Plane/message_summary.json,benchmark/extraction_runs/milestone6/ArduPilot/runs/Plane/request_sweep.json,Baseline proves only this default SITL profile. Request-window matches may be conditional and are not causal when the message already streamed by default.
ardupilot-plane-m6,ArduPilot,ArduPlane,plane,152,MEMINFO,baseline/ardupilot/modules/mavlink/message_definitions/v1.0/ardupilotmega.xml,all.xml,STATIC_REFERENCE_FOUND,1,0,12,0,23,52,8147986043373,8197984491615,True,MAV_RESULT_ACCEPTED,1,AMBIGUOUS_BASELINE_PERIODIC,DEFAULT_STREAM_OBSERVED,benchmark/extraction_runs/milestone6/ArduPilot/runs/Plane/message_summary.json,benchmark/extraction_runs/milestone6/ArduPilot/runs/Plane/request_sweep.json,Baseline proves only this default SITL profile. Request-window matches may be conditional and are not causal when the message already streamed by default.
ardupilot-plane-m6,ArduPilot,ArduPlane,plane,153,AP_ADC,baseline/ardupilot/modules/mavlink/message_definitions/v1.0/ardupilotmega.xml,all.xml,STATIC_REFERENCE_FOUND,1,0,0,0,0,0,,,True,MAV_RESULT_FAILED,0,NOT_OBSERVED,REQUEST_ACK_FAILED,benchmark/extraction_runs/milestone6/ArduPilot/runs/Plane/message_summary.json,benchmark/extraction_runs/milestone6/ArduPilot/runs/Plane/request_sweep.json,Baseline proves only this default SITL profile. Request-window matches may be conditional and are not causal when the message already streamed by default.
ardupilot-plane-m6,ArduPilot,ArduPlane,plane,154,DIGICAM_CONFIGURE,baseline/ardupilot/modules/mavlink/message_definitions/v1.0/ardupilotmega.xml,all.xml,NO_REFERENCE_FOUND_BY_HEURISTIC_SCAN,0,0,0,0,0,0,,,True,MAV_RESULT_FAILED,0,NOT_OBSERVED,REQUEST_ACK_FAILED,benchmark/extraction_runs/milestone6/ArduPilot/runs/Plane/message_summary.json,benchmark/extraction_runs/milestone6/ArduPilot/runs/Plane/request_sweep.json,Baseline proves only this default SITL profile. Request-window matches may be conditional and are not causal when the message already streamed by default.
ardupilot-plane-m6,ArduPilot,ArduPlane,plane,155,DIGICAM_CONTROL,baseline/ardupilot/modules/mavlink/message_definitions/v1.0/ardupilotmega.xml,all.xml,STATIC_REFERENCE_FOUND,0,2,0,0,0,0,,,True,MAV_RESULT_FAILED,0,NOT_OBSERVED,REQUEST_ACK_FAILED,benchmark/extraction_runs/milestone6/ArduPilot/runs/Plane/message_summary.json,benchmark/extraction_runs/milestone6/ArduPilot/runs/Plane/request_sweep.json,Baseline proves only this default SITL profile. Request-window matches may be conditional and are not causal when the message already streamed by default.
ardupilot-plane-m6,ArduPilot,ArduPlane,plane,156,MOUNT_CONFIGURE,baseline/ardupilot/modules/mavlink/message_definitions/v1.0/ardupilotmega.xml,all.xml,NO_REFERENCE_FOUND_BY_HEURISTIC_SCAN,0,0,0,0,0,0,,,True,MAV_RESULT_FAILED,0,NOT_OBSERVED,REQUEST_ACK_FAILED,benchmark/extraction_runs/milestone6/ArduPilot/runs/Plane/message_summary.json,benchmark/extraction_runs/milestone6/ArduPilot/runs/Plane/request_sweep.json,Baseline proves only this default SITL profile. Request-window matches may be conditional and are not causal when the message already streamed by default.
ardupilot-plane-m6,ArduPilot,ArduPlane,plane,157,MOUNT_CONTROL,baseline/ardupilot/modules/mavlink/message_definitions/v1.0/ardupilotmega.xml,all.xml,NO_REFERENCE_FOUND_BY_HEURISTIC_SCAN,0,0,0,0,0,0,,,True,MAV_RESULT_FAILED,0,NOT_OBSERVED,REQUEST_ACK_FAILED,benchmark/extraction_runs/milestone6/ArduPilot/runs/Plane/message_summary.json,benchmark/extraction_runs/milestone6/ArduPilot/runs/Plane/request_sweep.json,Baseline proves only this default SITL profile. Request-window matches may be conditional and are not causal when the message already streamed by default.
ardupilot-plane-m6,ArduPilot,ArduPlane,plane,158,MOUNT_STATUS,baseline/ardupilot/modules/mavlink/message_definitions/v1.0/ardupilotmega.xml,all.xml,NO_REFERENCE_FOUND_BY_HEURISTIC_SCAN,0,0,0,0,0,0,,,True,MAV_RESULT_FAILED,0,NOT_OBSERVED,REQUEST_ACK_FAILED,benchmark/extraction_runs/milestone6/ArduPilot/runs/Plane/message_summary.json,benchmark/extraction_runs/milestone6/ArduPilot/runs/Plane/request_sweep.json,Baseline proves only this default SITL profile. Request-window matches may be conditional and are not causal when the message already streamed by default.
ardupilot-plane-m6,ArduPilot,ArduPlane,plane,160,FENCE_POINT,baseline/ardupilot/modules/mavlink/message_definitions/v1.0/ardupilotmega.xml,all.xml,NO_REFERENCE_FOUND_BY_HEURISTIC_SCAN,0,0,0,0,0,0,,,True,MAV_RESULT_FAILED,0,NOT_OBSERVED,REQUEST_ACK_FAILED,benchmark/extraction_runs/milestone6/ArduPilot/runs/Plane/message_summary.json,benchmark/extraction_runs/milestone6/ArduPilot/runs/Plane/request_sweep.json,Baseline proves only this default SITL profile. Request-window matches may be conditional and are not causal when the message already streamed by default.
ardupilot-plane-m6,ArduPilot,ArduPlane,plane,161,FENCE_FETCH_POINT,baseline/ardupilot/modules/mavlink/message_definitions/v1.0/ardupilotmega.xml,all.xml,NO_REFERENCE_FOUND_BY_HEURISTIC_SCAN,0,0,0,0,0,0,,,True,MAV_RESULT_FAILED,0,NOT_OBSERVED,REQUEST_ACK_FAILED,benchmark/extraction_runs/milestone6/ArduPilot/runs/Plane/message_summary.json,benchmark/extraction_runs/milestone6/ArduPilot/runs/Plane/request_sweep.json,Baseline proves only this default SITL profile. Request-window matches may be conditional and are not causal when the message already streamed by default.
ardupilot-plane-m6,ArduPilot,ArduPlane,plane,162,FENCE_STATUS,baseline/ardupilot/modules/mavlink/message_definitions/v1.0/common.xml,all.xml,STATIC_REFERENCE_FOUND,1,0,0,0,0,0,,,True,MAV_RESULT_ACCEPTED,0,NOT_OBSERVED,REQUEST_ACK_ACCEPTED_NO_MATCHING_FRAME,benchmark/extraction_runs/milestone6/ArduPilot/runs/Plane/message_summary.json,benchmark/extraction_runs/milestone6/ArduPilot/runs/Plane/request_sweep.json,Baseline proves only this default SITL profile. Request-window matches may be conditional and are not causal when the message already streamed by default.
ardupilot-plane-m6,ArduPilot,ArduPlane,plane,163,AHRS,baseline/ardupilot/modules/mavlink/message_definitions/v1.0/ardupilotmega.xml,all.xml,STATIC_REFERENCE_FOUND,1,0,12,0,23,52,8147980681932,8197984097396,True,MAV_RESULT_ACCEPTED,1,AMBIGUOUS_BASELINE_PERIODIC,DEFAULT_STREAM_OBSERVED,benchmark/extraction_runs/milestone6/ArduPilot/runs/Plane/message_summary.json,benchmark/extraction_runs/milestone6/ArduPilot/runs/Plane/request_sweep.json,Baseline proves only this default SITL profile. Request-window matches may be conditional and are not causal when the message already streamed by default.
ardupilot-plane-m6,ArduPilot,ArduPlane,plane,164,SIMSTATE,baseline/ardupilot/modules/mavlink/message_definitions/v1.0/ardupilotmega.xml,all.xml,STATIC_REFERENCE_FOUND,1,0,12,0,23,52,8147992361807,8197990041780,True,MAV_RESULT_ACCEPTED,1,AMBIGUOUS_BASELINE_PERIODIC,DEFAULT_STREAM_OBSERVED,benchmark/extraction_runs/milestone6/ArduPilot/runs/Plane/message_summary.json,benchmark/extraction_runs/milestone6/ArduPilot/runs/Plane/request_sweep.json,Baseline proves only this default SITL profile. Request-window matches may be conditional and are not causal when the message already streamed by default.
ardupilot-plane-m6,ArduPilot,ArduPlane,plane,165,HWSTATUS,baseline/ardupilot/modules/mavlink/message_definitions/v1.0/ardupilotmega.xml,all.xml,NO_REFERENCE_FOUND_BY_HEURISTIC_SCAN,0,0,0,0,0,0,,,True,MAV_RESULT_FAILED,0,NOT_OBSERVED,REQUEST_ACK_FAILED,benchmark/extraction_runs/milestone6/ArduPilot/runs/Plane/message_summary.json,benchmark/extraction_runs/milestone6/ArduPilot/runs/Plane/request_sweep.json,Baseline proves only this default SITL profile. Request-window matches may be conditional and are not causal when the message already streamed by default.
ardupilot-plane-m6,ArduPilot,ArduPlane,plane,166,RADIO,baseline/ardupilot/modules/mavlink/message_definitions/v1.0/ardupilotmega.xml,all.xml,STATIC_REFERENCE_FOUND,0,4,0,0,0,0,,,True,MAV_RESULT_FAILED,0,NOT_OBSERVED,REQUEST_ACK_FAILED,benchmark/extraction_runs/milestone6/ArduPilot/runs/Plane/message_summary.json,benchmark/extraction_runs/milestone6/ArduPilot/runs/Plane/request_sweep.json,Baseline proves only this default SITL profile. Request-window matches may be conditional and are not causal when the message already streamed by default.
ardupilot-plane-m6,ArduPilot,ArduPlane,plane,167,LIMITS_STATUS,baseline/ardupilot/modules/mavlink/message_definitions/v1.0/ardupilotmega.xml,all.xml,NO_REFERENCE_FOUND_BY_HEURISTIC_SCAN,0,0,0,0,0,0,,,True,MAV_RESULT_FAILED,0,NOT_OBSERVED,REQUEST_ACK_FAILED,benchmark/extraction_runs/milestone6/ArduPilot/runs/Plane/message_summary.json,benchmark/extraction_runs/milestone6/ArduPilot/runs/Plane/request_sweep.json,Baseline proves only this default SITL profile. Request-window matches may be conditional and are not causal when the message already streamed by default.
ardupilot-plane-m6,ArduPilot,ArduPlane,plane,168,WIND,baseline/ardupilot/modules/mavlink/message_definitions/v1.0/ardupilotmega.xml,all.xml,STATIC_REFERENCE_FOUND,3,0,12,0,23,52,8147992462519,8197990146106,True,MAV_RESULT_ACCEPTED,1,AMBIGUOUS_BASELINE_PERIODIC,DEFAULT_STREAM_OBSERVED,benchmark/extraction_runs/milestone6/ArduPilot/runs/Plane/message_summary.json,benchmark/extraction_runs/milestone6/ArduPilot/runs/Plane/request_sweep.json,Baseline proves only this default SITL profile. Request-window matches may be conditional and are not causal when the message already streamed by default.
ardupilot-plane-m6,ArduPilot,ArduPlane,plane,169,DATA16,baseline/ardupilot/modules/mavlink/message_definitions/v1.0/ardupilotmega.xml,all.xml,STATIC_REFERENCE_FOUND,4,0,0,0,0,0,,,True,MAV_RESULT_FAILED,0,NOT_OBSERVED,REQUEST_ACK_FAILED,benchmark/extraction_runs/milestone6/ArduPilot/runs/Plane/message_summary.json,benchmark/extraction_runs/milestone6/ArduPilot/runs/Plane/request_sweep.json,Baseline proves only this default SITL profile. Request-window matches may be conditional and are not causal when the message already streamed by default.
ardupilot-plane-m6,ArduPilot,ArduPlane,plane,170,DATA32,baseline/ardupilot/modules/mavlink/message_definitions/v1.0/ardupilotmega.xml,all.xml,NO_REFERENCE_FOUND_BY_HEURISTIC_SCAN,0,0,0,0,0,0,,,True,MAV_RESULT_FAILED,0,NOT_OBSERVED,REQUEST_ACK_FAILED,benchmark/extraction_runs/milestone6/ArduPilot/runs/Plane/message_summary.json,benchmark/extraction_runs/milestone6/ArduPilot/runs/Plane/request_sweep.json,Baseline proves only this default SITL profile. Request-window matches may be conditional and are not causal when the message already streamed by default.
ardupilot-plane-m6,ArduPilot,ArduPlane,plane,171,DATA64,baseline/ardupilot/modules/mavlink/message_definitions/v1.0/ardupilotmega.xml,all.xml,NO_REFERENCE_FOUND_BY_HEURISTIC_SCAN,0,0,0,0,0,0,,,True,MAV_RESULT_FAILED,0,NOT_OBSERVED,REQUEST_ACK_FAILED,benchmark/extraction_runs/milestone6/ArduPilot/runs/Plane/message_summary.json,benchmark/extraction_runs/milestone6/ArduPilot/runs/Plane/request_sweep.json,Baseline proves only this default SITL profile. Request-window matches may be conditional and are not causal when the message already streamed by default.
ardupilot-plane-m6,ArduPilot,ArduPlane,plane,172,DATA96,baseline/ardupilot/modules/mavlink/message_definitions/v1.0/ardupilotmega.xml,all.xml,STATIC_REFERENCE_FOUND,0,2,0,0,0,0,,,True,MAV_RESULT_FAILED,0,NOT_OBSERVED,REQUEST_ACK_FAILED,benchmark/extraction_runs/milestone6/ArduPilot/runs/Plane/message_summary.json,benchmark/extraction_runs/milestone6/ArduPilot/runs/Plane/request_sweep.json,Baseline proves only this default SITL profile. Request-window matches may be conditional and are not causal when the message already streamed by default.
ardupilot-plane-m6,ArduPilot,ArduPlane,plane,173,RANGEFINDER,baseline/ardupilot/modules/mavlink/message_definitions/v1.0/ardupilotmega.xml,all.xml,STATIC_REFERENCE_FOUND,2,0,0,0,0,0,,,True,MAV_RESULT_ACCEPTED,0,NOT_OBSERVED,REQUEST_ACK_ACCEPTED_NO_MATCHING_FRAME,benchmark/extraction_runs/milestone6/ArduPilot/runs/Plane/message_summary.json,benchmark/extraction_runs/milestone6/ArduPilot/runs/Plane/request_sweep.json,Baseline proves only this default SITL profile. Request-window matches may be conditional and are not causal when the message already streamed by default.
ardupilot-plane-m6,ArduPilot,ArduPlane,plane,174,AIRSPEED_AUTOCAL,baseline/ardupilot/modules/mavlink/message_definitions/v1.0/ardupilotmega.xml,all.xml,STATIC_REFERENCE_FOUND,0,0,0,0,0,0,,,True,MAV_RESULT_FAILED,0,NOT_OBSERVED,REQUEST_ACK_FAILED,benchmark/extraction_runs/milestone6/ArduPilot/runs/Plane/message_summary.json,benchmark/extraction_runs/milestone6/ArduPilot/runs/Plane/request_sweep.json,Baseline proves only this default SITL profile. Request-window matches may be conditional and are not causal when the message already streamed by default.
ardupilot-plane-m6,ArduPilot,ArduPlane,plane,175,RALLY_POINT,baseline/ardupilot/modules/mavlink/message_definitions/v1.0/ardupilotmega.xml,all.xml,NO_REFERENCE_FOUND_BY_HEURISTIC_SCAN,0,0,0,0,0,0,,,True,MAV_RESULT_FAILED,0,NOT_OBSERVED,REQUEST_ACK_FAILED,benchmark/extraction_runs/milestone6/ArduPilot/runs/Plane/message_summary.json,benchmark/extraction_runs/milestone6/ArduPilot/runs/Plane/request_sweep.json,Baseline proves only this default SITL profile. Request-window matches may be conditional and are not causal when the message already streamed by default.
ardupilot-plane-m6,ArduPilot,ArduPlane,plane,176,RALLY_FETCH_POINT,baseline/ardupilot/modules/mavlink/message_definitions/v1.0/ardupilotmega.xml,all.xml,NO_REFERENCE_FOUND_BY_HEURISTIC_SCAN,0,0,0,0,0,0,,,True,MAV_RESULT_FAILED,0,NOT_OBSERVED,REQUEST_ACK_FAILED,benchmark/extraction_runs/milestone6/ArduPilot/runs/Plane/message_summary.json,benchmark/extraction_runs/milestone6/ArduPilot/runs/Plane/request_sweep.json,Baseline proves only this default SITL profile. Request-window matches may be conditional and are not causal when the message already streamed by default.
ardupilot-plane-m6,ArduPilot,ArduPlane,plane,177,COMPASSMOT_STATUS,baseline/ardupilot/modules/mavlink/message_definitions/v1.0/ardupilotmega.xml,all.xml,STATIC_REFERENCE_FOUND,1,0,0,0,0,0,,,True,MAV_RESULT_FAILED,0,NOT_OBSERVED,REQUEST_ACK_FAILED,benchmark/extraction_runs/milestone6/ArduPilot/runs/Plane/message_summary.json,benchmark/extraction_runs/milestone6/ArduPilot/runs/Plane/request_sweep.json,Baseline proves only this default SITL profile. Request-window matches may be conditional and are not causal when the message already streamed by default.
ardupilot-plane-m6,ArduPilot,ArduPlane,plane,178,AHRS2,baseline/ardupilot/modules/mavlink/message_definitions/v1.0/ardupilotmega.xml,all.xml,STATIC_REFERENCE_FOUND,1,0,12,0,23,52,8147980787085,8197984296843,True,MAV_RESULT_ACCEPTED,1,AMBIGUOUS_BASELINE_PERIODIC,DEFAULT_STREAM_OBSERVED,benchmark/extraction_runs/milestone6/ArduPilot/runs/Plane/message_summary.json,benchmark/extraction_runs/milestone6/ArduPilot/runs/Plane/request_sweep.json,Baseline proves only this default SITL profile. Request-window matches may be conditional and are not causal when the message already streamed by default.
ardupilot-plane-m6,ArduPilot,ArduPlane,plane,179,CAMERA_STATUS,baseline/ardupilot/modules/mavlink/message_definitions/v1.0/ardupilotmega.xml,all.xml,NO_REFERENCE_FOUND_BY_HEURISTIC_SCAN,0,0,0,0,0,0,,,True,MAV_RESULT_FAILED,0,NOT_OBSERVED,REQUEST_ACK_FAILED,benchmark/extraction_runs/milestone6/ArduPilot/runs/Plane/message_summary.json,benchmark/extraction_runs/milestone6/ArduPilot/runs/Plane/request_sweep.json,Baseline proves only this default SITL profile. Request-window matches may be conditional and are not causal when the message already streamed by default.
ardupilot-plane-m6,ArduPilot,ArduPlane,plane,180,CAMERA_FEEDBACK,baseline/ardupilot/modules/mavlink/message_definitions/v1.0/ardupilotmega.xml,all.xml,STATIC_REFERENCE_FOUND,1,0,0,0,0,0,,,True,MAV_RESULT_ACCEPTED,0,NOT_OBSERVED,REQUEST_ACK_ACCEPTED_NO_MATCHING_FRAME,benchmark/extraction_runs/milestone6/ArduPilot/runs/Plane/message_summary.json,benchmark/extraction_runs/milestone6/ArduPilot/runs/Plane/request_sweep.json,Baseline proves only this default SITL profile. Request-window matches may be conditional and are not causal when the message already streamed by default.
ardupilot-plane-m6,ArduPilot,ArduPlane,plane,181,BATTERY2,baseline/ardupilot/modules/mavlink/message_definitions/v1.0/ardupilotmega.xml,all.xml,NO_REFERENCE_FOUND_BY_HEURISTIC_SCAN,0,0,0,0,0,0,,,True,MAV_RESULT_FAILED,0,NOT_OBSERVED,REQUEST_ACK_FAILED,benchmark/extraction_runs/milestone6/ArduPilot/runs/Plane/message_summary.json,benchmark/extraction_runs/milestone6/ArduPilot/runs/Plane/request_sweep.json,Baseline proves only this default SITL profile. Request-window matches may be conditional and are not causal when the message already streamed by default.
ardupilot-plane-m6,ArduPilot,ArduPlane,plane,182,AHRS3,baseline/ardupilot/modules/mavlink/message_definitions/v1.0/ardupilotmega.xml,all.xml,NO_REFERENCE_FOUND_BY_HEURISTIC_SCAN,0,0,0,0,0,0,,,True,MAV_RESULT_FAILED,0,NOT_OBSERVED,REQUEST_ACK_FAILED,benchmark/extraction_runs/milestone6/ArduPilot/runs/Plane/message_summary.json,benchmark/extraction_runs/milestone6/ArduPilot/runs/Plane/request_sweep.json,Baseline proves only this default SITL profile. Request-window matches may be conditional and are not causal when the message already streamed by default.
ardupilot-plane-m6,ArduPilot,ArduPlane,plane,183,AUTOPILOT_VERSION_REQUEST,baseline/ardupilot/modules/mavlink/message_definitions/v1.0/ardupilotmega.xml,all.xml,STATIC_REFERENCE_FOUND,0,1,0,0,0,0,,,True,MAV_RESULT_FAILED,0,NOT_OBSERVED,REQUEST_ACK_FAILED,benchmark/extraction_runs/milestone6/ArduPilot/runs/Plane/message_summary.json,benchmark/extraction_runs/milestone6/ArduPilot/runs/Plane/request_sweep.json,Baseline proves only this default SITL profile. Request-window matches may be conditional and are not causal when the message already streamed by default.
ardupilot-plane-m6,ArduPilot,ArduPlane,plane,184,REMOTE_LOG_DATA_BLOCK,baseline/ardupilot/modules/mavlink/message_definitions/v1.0/ardupilotmega.xml,all.xml,STATIC_REFERENCE_FOUND,1,0,0,0,0,0,,,True,MAV_RESULT_FAILED,0,NOT_OBSERVED,REQUEST_ACK_FAILED,benchmark/extraction_runs/milestone6/ArduPilot/runs/Plane/message_summary.json,benchmark/extraction_runs/milestone6/ArduPilot/runs/Plane/request_sweep.json,Baseline proves only this default SITL profile. Request-window matches may be conditional and are not causal when the message already streamed by default.
ardupilot-plane-m6,ArduPilot,ArduPlane,plane,185,REMOTE_LOG_BLOCK_STATUS,baseline/ardupilot/modules/mavlink/message_definitions/v1.0/ardupilotmega.xml,all.xml,STATIC_REFERENCE_FOUND,0,3,0,0,0,0,,,True,MAV_RESULT_FAILED,0,NOT_OBSERVED,REQUEST_ACK_FAILED,benchmark/extraction_runs/milestone6/ArduPilot/runs/Plane/message_summary.json,benchmark/extraction_runs/milestone6/ArduPilot/runs/Plane/request_sweep.json,Baseline proves only this default SITL profile. Request-window matches may be conditional and are not causal when the message already streamed by default.
ardupilot-plane-m6,ArduPilot,ArduPlane,plane,186,LED_CONTROL,baseline/ardupilot/modules/mavlink/message_definitions/v1.0/ardupilotmega.xml,all.xml,STATIC_REFERENCE_FOUND,0,3,0,0,0,0,,,True,MAV_RESULT_FAILED,0,NOT_OBSERVED,REQUEST_ACK_FAILED,benchmark/extraction_runs/milestone6/ArduPilot/runs/Plane/message_summary.json,benchmark/extraction_runs/milestone6/ArduPilot/runs/Plane/request_sweep.json,Baseline proves only this default SITL profile. Request-window matches may be conditional and are not causal when the message already streamed by default.
ardupilot-plane-m6,ArduPilot,ArduPlane,plane,191,MAG_CAL_PROGRESS,baseline/ardupilot/modules/mavlink/message_definitions/v1.0/ardupilotmega.xml,all.xml,STATIC_REFERENCE_FOUND,1,0,0,0,0,0,,,True,MAV_RESULT_ACCEPTED,0,NOT_OBSERVED,REQUEST_ACK_ACCEPTED_NO_MATCHING_FRAME,benchmark/extraction_runs/milestone6/ArduPilot/runs/Plane/message_summary.json,benchmark/extraction_runs/milestone6/ArduPilot/runs/Plane/request_sweep.json,Baseline proves only this default SITL profile. Request-window matches may be conditional and are not causal when the message already streamed by default.
ardupilot-plane-m6,ArduPilot,ArduPlane,plane,192,MAG_CAL_REPORT,baseline/ardupilot/modules/mavlink/message_definitions/v1.0/common.xml,all.xml,STATIC_REFERENCE_FOUND,1,0,0,0,0,0,,,True,MAV_RESULT_ACCEPTED,0,NOT_OBSERVED,REQUEST_ACK_ACCEPTED_NO_MATCHING_FRAME,benchmark/extraction_runs/milestone6/ArduPilot/runs/Plane/message_summary.json,benchmark/extraction_runs/milestone6/ArduPilot/runs/Plane/request_sweep.json,Baseline proves only this default SITL profile. Request-window matches may be conditional and are not causal when the message already streamed by default.
ardupilot-plane-m6,ArduPilot,ArduPlane,plane,193,EKF_STATUS_REPORT,baseline/ardupilot/modules/mavlink/message_definitions/v1.0/ardupilotmega.xml,all.xml,STATIC_REFERENCE_FOUND,1,0,12,0,23,51,8149018266540,8197990337546,True,MAV_RESULT_ACCEPTED,1,AMBIGUOUS_BASELINE_PERIODIC,DEFAULT_STREAM_OBSERVED,benchmark/extraction_runs/milestone6/ArduPilot/runs/Plane/message_summary.json,benchmark/extraction_runs/milestone6/ArduPilot/runs/Plane/request_sweep.json,Baseline proves only this default SITL profile. Request-window matches may be conditional and are not causal when the message already streamed by default.
ardupilot-plane-m6,ArduPilot,ArduPlane,plane,194,PID_TUNING,baseline/ardupilot/modules/mavlink/message_definitions/v1.0/ardupilotmega.xml,all.xml,STATIC_REFERENCE_FOUND,10,0,0,0,0,0,,,True,MAV_RESULT_ACCEPTED,0,NOT_OBSERVED,REQUEST_ACK_ACCEPTED_NO_MATCHING_FRAME,benchmark/extraction_runs/milestone6/ArduPilot/runs/Plane/message_summary.json,benchmark/extraction_runs/milestone6/ArduPilot/runs/Plane/request_sweep.json,Baseline proves only this default SITL profile. Request-window matches may be conditional and are not causal when the message already streamed by default.
ardupilot-plane-m6,ArduPilot,ArduPlane,plane,195,DEEPSTALL,baseline/ardupilot/modules/mavlink/message_definitions/v1.0/ardupilotmega.xml,all.xml,STATIC_REFERENCE_FOUND,1,0,0,0,0,0,,,True,MAV_RESULT_ACCEPTED,0,NOT_OBSERVED,REQUEST_ACK_ACCEPTED_NO_MATCHING_FRAME,benchmark/extraction_runs/milestone6/ArduPilot/runs/Plane/message_summary.json,benchmark/extraction_runs/milestone6/ArduPilot/runs/Plane/request_sweep.json,Baseline proves only this default SITL profile. Request-window matches may be conditional and are not causal when the message already streamed by default.
ardupilot-plane-m6,ArduPilot,ArduPlane,plane,200,GIMBAL_REPORT,baseline/ardupilot/modules/mavlink/message_definitions/v1.0/ardupilotmega.xml,all.xml,STATIC_REFERENCE_FOUND,0,3,0,0,0,0,,,True,MAV_RESULT_FAILED,0,NOT_OBSERVED,REQUEST_ACK_FAILED,benchmark/extraction_runs/milestone6/ArduPilot/runs/Plane/message_summary.json,benchmark/extraction_runs/milestone6/ArduPilot/runs/Plane/request_sweep.json,Baseline proves only this default SITL profile. Request-window matches may be conditional and are not causal when the message already streamed by default.
ardupilot-plane-m6,ArduPilot,ArduPlane,plane,201,GIMBAL_CONTROL,baseline/ardupilot/modules/mavlink/message_definitions/v1.0/ardupilotmega.xml,all.xml,STATIC_REFERENCE_FOUND,2,2,0,0,0,0,,,True,MAV_RESULT_FAILED,0,NOT_OBSERVED,REQUEST_ACK_FAILED,benchmark/extraction_runs/milestone6/ArduPilot/runs/Plane/message_summary.json,benchmark/extraction_runs/milestone6/ArduPilot/runs/Plane/request_sweep.json,Baseline proves only this default SITL profile. Request-window matches may be conditional and are not causal when the message already streamed by default.
ardupilot-plane-m6,ArduPilot,ArduPlane,plane,214,GIMBAL_TORQUE_CMD_REPORT,baseline/ardupilot/modules/mavlink/message_definitions/v1.0/ardupilotmega.xml,all.xml,NO_REFERENCE_FOUND_BY_HEURISTIC_SCAN,0,0,0,0,0,0,,,True,MAV_RESULT_FAILED,0,NOT_OBSERVED,REQUEST_ACK_FAILED,benchmark/extraction_runs/milestone6/ArduPilot/runs/Plane/message_summary.json,benchmark/extraction_runs/milestone6/ArduPilot/runs/Plane/request_sweep.json,Baseline proves only this default SITL profile. Request-window matches may be conditional and are not causal when the message already streamed by default.
ardupilot-plane-m6,ArduPilot,ArduPlane,plane,215,GOPRO_HEARTBEAT,baseline/ardupilot/modules/mavlink/message_definitions/v1.0/ardupilotmega.xml,all.xml,STATIC_REFERENCE_FOUND,0,2,0,0,0,0,,,True,MAV_RESULT_FAILED,0,NOT_OBSERVED,REQUEST_ACK_FAILED,benchmark/extraction_runs/milestone6/ArduPilot/runs/Plane/message_summary.json,benchmark/extraction_runs/milestone6/ArduPilot/runs/Plane/request_sweep.json,Baseline proves only this default SITL profile. Request-window matches may be conditional and are not causal when the message already streamed by default.
ardupilot-plane-m6,ArduPilot,ArduPlane,plane,216,GOPRO_GET_REQUEST,baseline/ardupilot/modules/mavlink/message_definitions/v1.0/ardupilotmega.xml,all.xml,NO_REFERENCE_FOUND_BY_HEURISTIC_SCAN,0,0,0,0,0,0,,,True,MAV_RESULT_FAILED,0,NOT_OBSERVED,REQUEST_ACK_FAILED,benchmark/extraction_runs/milestone6/ArduPilot/runs/Plane/message_summary.json,benchmark/extraction_runs/milestone6/ArduPilot/runs/Plane/request_sweep.json,Baseline proves only this default SITL profile. Request-window matches may be conditional and are not causal when the message already streamed by default.
ardupilot-plane-m6,ArduPilot,ArduPlane,plane,217,GOPRO_GET_RESPONSE,baseline/ardupilot/modules/mavlink/message_definitions/v1.0/ardupilotmega.xml,all.xml,NO_REFERENCE_FOUND_BY_HEURISTIC_SCAN,0,0,0,0,0,0,,,True,MAV_RESULT_FAILED,0,NOT_OBSERVED,REQUEST_ACK_FAILED,benchmark/extraction_runs/milestone6/ArduPilot/runs/Plane/message_summary.json,benchmark/extraction_runs/milestone6/ArduPilot/runs/Plane/request_sweep.json,Baseline proves only this default SITL profile. Request-window matches may be conditional and are not causal when the message already streamed by default.
ardupilot-plane-m6,ArduPilot,ArduPlane,plane,218,GOPRO_SET_REQUEST,baseline/ardupilot/modules/mavlink/message_definitions/v1.0/ardupilotmega.xml,all.xml,STATIC_REFERENCE_FOUND,5,0,0,0,0,0,,,True,MAV_RESULT_FAILED,0,NOT_OBSERVED,REQUEST_ACK_FAILED,benchmark/extraction_runs/milestone6/ArduPilot/runs/Plane/message_summary.json,benchmark/extraction_runs/milestone6/ArduPilot/runs/Plane/request_sweep.json,Baseline proves only this default SITL profile. Request-window matches may be conditional and are not causal when the message already streamed by default.
ardupilot-plane-m6,ArduPilot,ArduPlane,plane,219,GOPRO_SET_RESPONSE,baseline/ardupilot/modules/mavlink/message_definitions/v1.0/ardupilotmega.xml,all.xml,NO_REFERENCE_FOUND_BY_HEURISTIC_SCAN,0,0,0,0,0,0,,,True,MAV_RESULT_FAILED,0,NOT_OBSERVED,REQUEST_ACK_FAILED,benchmark/extraction_runs/milestone6/ArduPilot/runs/Plane/message_summary.json,benchmark/extraction_runs/milestone6/ArduPilot/runs/Plane/request_sweep.json,Baseline proves only this default SITL profile. Request-window matches may be conditional and are not causal when the message already streamed by default.
ardupilot-plane-m6,ArduPilot,ArduPlane,plane,220,NAV_FILTER_BIAS,baseline/ardupilot/modules/mavlink/message_definitions/v1.0/ualberta.xml,all.xml,NO_REFERENCE_FOUND_BY_HEURISTIC_SCAN,0,0,0,0,0,0,,,True,MAV_RESULT_FAILED,0,NOT_OBSERVED,REQUEST_ACK_FAILED,benchmark/extraction_runs/milestone6/ArduPilot/runs/Plane/message_summary.json,benchmark/extraction_runs/milestone6/ArduPilot/runs/Plane/request_sweep.json,Baseline proves only this default SITL profile. Request-window matches may be conditional and are not causal when the message already streamed by default.
ardupilot-plane-m6,ArduPilot,ArduPlane,plane,221,RADIO_CALIBRATION,baseline/ardupilot/modules/mavlink/message_definitions/v1.0/ualberta.xml,all.xml,NO_REFERENCE_FOUND_BY_HEURISTIC_SCAN,0,0,0,0,0,0,,,True,MAV_RESULT_FAILED,0,NOT_OBSERVED,REQUEST_ACK_FAILED,benchmark/extraction_runs/milestone6/ArduPilot/runs/Plane/message_summary.json,benchmark/extraction_runs/milestone6/ArduPilot/runs/Plane/request_sweep.json,Baseline proves only this default SITL profile. Request-window matches may be conditional and are not causal when the message already streamed by default.
ardupilot-plane-m6,ArduPilot,ArduPlane,plane,222,UALBERTA_SYS_STATUS,baseline/ardupilot/modules/mavlink/message_definitions/v1.0/ualberta.xml,all.xml,NO_REFERENCE_FOUND_BY_HEURISTIC_SCAN,0,0,0,0,0,0,,,True,MAV_RESULT_FAILED,0,NOT_OBSERVED,REQUEST_ACK_FAILED,benchmark/extraction_runs/milestone6/ArduPilot/runs/Plane/message_summary.json,benchmark/extraction_runs/milestone6/ArduPilot/runs/Plane/request_sweep.json,Baseline proves only this default SITL profile. Request-window matches may be conditional and are not causal when the message already streamed by default.
ardupilot-plane-m6,ArduPilot,ArduPlane,plane,223,COMMAND_INT_STAMPED,baseline/ardupilot/modules/mavlink/message_definitions/v1.0/ASLUAV.xml,all.xml,NO_REFERENCE_FOUND_BY_HEURISTIC_SCAN,0,0,0,0,0,0,,,True,MAV_RESULT_FAILED,0,NOT_OBSERVED,REQUEST_ACK_FAILED,benchmark/extraction_runs/milestone6/ArduPilot/runs/Plane/message_summary.json,benchmark/extraction_runs/milestone6/ArduPilot/runs/Plane/request_sweep.json,Baseline proves only this default SITL profile. Request-window matches may be conditional and are not causal when the message already streamed by default.
ardupilot-plane-m6,ArduPilot,ArduPlane,plane,224,COMMAND_LONG_STAMPED,baseline/ardupilot/modules/mavlink/message_definitions/v1.0/ASLUAV.xml,all.xml,NO_REFERENCE_FOUND_BY_HEURISTIC_SCAN,0,0,0,0,0,0,,,True,MAV_RESULT_FAILED,0,NOT_OBSERVED,REQUEST_ACK_FAILED,benchmark/extraction_runs/milestone6/ArduPilot/runs/Plane/message_summary.json,benchmark/extraction_runs/milestone6/ArduPilot/runs/Plane/request_sweep.json,Baseline proves only this default SITL profile. Request-window matches may be conditional and are not causal when the message already streamed by default.
ardupilot-plane-m6,ArduPilot,ArduPlane,plane,225,EFI_STATUS,baseline/ardupilot/modules/mavlink/message_definitions/v1.0/common.xml,all.xml,STATIC_REFERENCE_FOUND,1,2,0,0,0,0,,,True,MAV_RESULT_ACCEPTED,0,NOT_OBSERVED,REQUEST_ACK_ACCEPTED_NO_MATCHING_FRAME,benchmark/extraction_runs/milestone6/ArduPilot/runs/Plane/message_summary.json,benchmark/extraction_runs/milestone6/ArduPilot/runs/Plane/request_sweep.json,Baseline proves only this default SITL profile. Request-window matches may be conditional and are not causal when the message already streamed by default.
ardupilot-plane-m6,ArduPilot,ArduPlane,plane,226,RPM,baseline/ardupilot/modules/mavlink/message_definitions/v1.0/ardupilotmega.xml,all.xml,STATIC_REFERENCE_FOUND,1,0,0,0,0,0,,,True,MAV_RESULT_ACCEPTED,0,NOT_OBSERVED,REQUEST_ACK_ACCEPTED_NO_MATCHING_FRAME,benchmark/extraction_runs/milestone6/ArduPilot/runs/Plane/message_summary.json,benchmark/extraction_runs/milestone6/ArduPilot/runs/Plane/request_sweep.json,Baseline proves only this default SITL profile. Request-window matches may be conditional and are not causal when the message already streamed by default.
ardupilot-plane-m6,ArduPilot,ArduPlane,plane,230,ESTIMATOR_STATUS,baseline/ardupilot/modules/mavlink/message_definitions/v1.0/common.xml,all.xml,NO_REFERENCE_FOUND_BY_HEURISTIC_SCAN,0,0,0,0,0,0,,,True,MAV_RESULT_FAILED,0,NOT_OBSERVED,REQUEST_ACK_FAILED,benchmark/extraction_runs/milestone6/ArduPilot/runs/Plane/message_summary.json,benchmark/extraction_runs/milestone6/ArduPilot/runs/Plane/request_sweep.json,Baseline proves only this default SITL profile. Request-window matches may be conditional and are not causal when the message already streamed by default.
ardupilot-plane-m6,ArduPilot,ArduPlane,plane,231,WIND_COV,baseline/ardupilot/modules/mavlink/message_definitions/v1.0/common.xml,all.xml,NO_REFERENCE_FOUND_BY_HEURISTIC_SCAN,0,0,0,0,0,0,,,True,MAV_RESULT_FAILED,0,NOT_OBSERVED,REQUEST_ACK_FAILED,benchmark/extraction_runs/milestone6/ArduPilot/runs/Plane/message_summary.json,benchmark/extraction_runs/milestone6/ArduPilot/runs/Plane/request_sweep.json,Baseline proves only this default SITL profile. Request-window matches may be conditional and are not causal when the message already streamed by default.
ardupilot-plane-m6,ArduPilot,ArduPlane,plane,232,GPS_INPUT,baseline/ardupilot/modules/mavlink/message_definitions/v1.0/common.xml,all.xml,STATIC_REFERENCE_FOUND,0,3,0,0,0,0,,,True,MAV_RESULT_FAILED,0,NOT_OBSERVED,REQUEST_ACK_FAILED,benchmark/extraction_runs/milestone6/ArduPilot/runs/Plane/message_summary.json,benchmark/extraction_runs/milestone6/ArduPilot/runs/Plane/request_sweep.json,Baseline proves only this default SITL profile. Request-window matches may be conditional and are not causal when the message already streamed by default.
ardupilot-plane-m6,ArduPilot,ArduPlane,plane,233,GPS_RTCM_DATA,baseline/ardupilot/modules/mavlink/message_definitions/v1.0/common.xml,all.xml,STATIC_REFERENCE_FOUND,0,3,0,0,0,0,,,True,MAV_RESULT_FAILED,0,NOT_OBSERVED,REQUEST_ACK_FAILED,benchmark/extraction_runs/milestone6/ArduPilot/runs/Plane/message_summary.json,benchmark/extraction_runs/milestone6/ArduPilot/runs/Plane/request_sweep.json,Baseline proves only this default SITL profile. Request-window matches may be conditional and are not causal when the message already streamed by default.
ardupilot-plane-m6,ArduPilot,ArduPlane,plane,234,HIGH_LATENCY,baseline/ardupilot/modules/mavlink/message_definitions/v1.0/common.xml,all.xml,NO_REFERENCE_FOUND_BY_HEURISTIC_SCAN,0,0,0,0,0,0,,,True,MAV_RESULT_FAILED,0,NOT_OBSERVED,REQUEST_ACK_FAILED,benchmark/extraction_runs/milestone6/ArduPilot/runs/Plane/message_summary.json,benchmark/extraction_runs/milestone6/ArduPilot/runs/Plane/request_sweep.json,Baseline proves only this default SITL profile. Request-window matches may be conditional and are not causal when the message already streamed by default.
ardupilot-plane-m6,ArduPilot,ArduPlane,plane,235,HIGH_LATENCY2,baseline/ardupilot/modules/mavlink/message_definitions/v1.0/common.xml,all.xml,STATIC_REFERENCE_FOUND,1,1,0,0,1,1,8175102080218,8175102080218,True,MAV_RESULT_ACCEPTED,1,POST_REQUEST_WINDOW_OBSERVATION,REQUEST_WINDOW_MESSAGE_OBSERVED,benchmark/extraction_runs/milestone6/ArduPilot/runs/Plane/message_summary.json,benchmark/extraction_runs/milestone6/ArduPilot/runs/Plane/request_sweep.json,Baseline proves only this default SITL profile. Request-window matches may be conditional and are not causal when the message already streamed by default.
ardupilot-plane-m6,ArduPilot,ArduPlane,plane,241,VIBRATION,baseline/ardupilot/modules/mavlink/message_definitions/v1.0/common.xml,all.xml,STATIC_REFERENCE_FOUND,1,0,12,0,23,52,8147997710610,8197990443635,True,MAV_RESULT_ACCEPTED,1,AMBIGUOUS_BASELINE_PERIODIC,DEFAULT_STREAM_OBSERVED,benchmark/extraction_runs/milestone6/ArduPilot/runs/Plane/message_summary.json,benchmark/extraction_runs/milestone6/ArduPilot/runs/Plane/request_sweep.json,Baseline proves only this default SITL profile. Request-window matches may be conditional and are not causal when the message already streamed by default.
ardupilot-plane-m6,ArduPilot,ArduPlane,plane,242,HOME_POSITION,baseline/ardupilot/modules/mavlink/message_definitions/v1.0/common.xml,all.xml,STATIC_REFERENCE_FOUND,1,0,2,0,4,71,8156057071290,8198806751870,True,MAV_RESULT_ACCEPTED,1,AMBIGUOUS_BASELINE_PERIODIC,DEFAULT_STREAM_OBSERVED,benchmark/extraction_runs/milestone6/ArduPilot/runs/Plane/message_summary.json,benchmark/extraction_runs/milestone6/ArduPilot/runs/Plane/request_sweep.json,Baseline proves only this default SITL profile. Request-window matches may be conditional and are not causal when the message already streamed by default.
ardupilot-plane-m6,ArduPilot,ArduPlane,plane,243,SET_HOME_POSITION,baseline/ardupilot/modules/mavlink/message_definitions/v1.0/common.xml,all.xml,NO_REFERENCE_FOUND_BY_HEURISTIC_SCAN,0,0,0,0,0,0,,,True,MAV_RESULT_FAILED,0,NOT_OBSERVED,REQUEST_ACK_FAILED,benchmark/extraction_runs/milestone6/ArduPilot/runs/Plane/message_summary.json,benchmark/extraction_runs/milestone6/ArduPilot/runs/Plane/request_sweep.json,Baseline proves only this default SITL profile. Request-window matches may be conditional and are not causal when the message already streamed by default.
ardupilot-plane-m6,ArduPilot,ArduPlane,plane,244,MESSAGE_INTERVAL,baseline/ardupilot/modules/mavlink/message_definitions/v1.0/common.xml,all.xml,STATIC_REFERENCE_FOUND,4,1,0,0,1,1,8175177786026,8175177786026,True,MAV_RESULT_ACCEPTED,1,POST_REQUEST_WINDOW_OBSERVATION,REQUEST_WINDOW_MESSAGE_OBSERVED,benchmark/extraction_runs/milestone6/ArduPilot/runs/Plane/message_summary.json,benchmark/extraction_runs/milestone6/ArduPilot/runs/Plane/request_sweep.json,Baseline proves only this default SITL profile. Request-window matches may be conditional and are not causal when the message already streamed by default.
ardupilot-plane-m6,ArduPilot,ArduPlane,plane,245,EXTENDED_SYS_STATE,baseline/ardupilot/modules/mavlink/message_definitions/v1.0/common.xml,all.xml,STATIC_REFERENCE_FOUND,1,0,0,0,1,62,8175201289606,8198806867017,True,MAV_RESULT_ACCEPTED,1,POST_REQUEST_WINDOW_OBSERVATION,REQUEST_WINDOW_MESSAGE_OBSERVED,benchmark/extraction_runs/milestone6/ArduPilot/runs/Plane/message_summary.json,benchmark/extraction_runs/milestone6/ArduPilot/runs/Plane/request_sweep.json,Baseline proves only this default SITL profile. Request-window matches may be conditional and are not causal when the message already streamed by default.
ardupilot-plane-m6,ArduPilot,ArduPlane,plane,246,ADSB_VEHICLE,baseline/ardupilot/modules/mavlink/message_definitions/v1.0/common.xml,all.xml,STATIC_REFERENCE_FOUND,3,3,0,0,0,0,,,True,MAV_RESULT_ACCEPTED,0,NOT_OBSERVED,REQUEST_ACK_ACCEPTED_NO_MATCHING_FRAME,benchmark/extraction_runs/milestone6/ArduPilot/runs/Plane/message_summary.json,benchmark/extraction_runs/milestone6/ArduPilot/runs/Plane/request_sweep.json,Baseline proves only this default SITL profile. Request-window matches may be conditional and are not causal when the message already streamed by default.
ardupilot-plane-m6,ArduPilot,ArduPlane,plane,247,COLLISION,baseline/ardupilot/modules/mavlink/message_definitions/v1.0/common.xml,all.xml,STATIC_REFERENCE_FOUND,0,0,0,0,0,0,,,True,MAV_RESULT_FAILED,0,NOT_OBSERVED,REQUEST_ACK_FAILED,benchmark/extraction_runs/milestone6/ArduPilot/runs/Plane/message_summary.json,benchmark/extraction_runs/milestone6/ArduPilot/runs/Plane/request_sweep.json,Baseline proves only this default SITL profile. Request-window matches may be conditional and are not causal when the message already streamed by default.
ardupilot-plane-m6,ArduPilot,ArduPlane,plane,248,V2_EXTENSION,baseline/ardupilot/modules/mavlink/message_definitions/v1.0/common.xml,all.xml,NO_REFERENCE_FOUND_BY_HEURISTIC_SCAN,0,0,0,0,0,0,,,True,MAV_RESULT_FAILED,0,NOT_OBSERVED,REQUEST_ACK_FAILED,benchmark/extraction_runs/milestone6/ArduPilot/runs/Plane/message_summary.json,benchmark/extraction_runs/milestone6/ArduPilot/runs/Plane/request_sweep.json,Baseline proves only this default SITL profile. Request-window matches may be conditional and are not causal when the message already streamed by default.
ardupilot-plane-m6,ArduPilot,ArduPlane,plane,249,MEMORY_VECT,baseline/ardupilot/modules/mavlink/message_definitions/v1.0/common.xml,all.xml,NO_REFERENCE_FOUND_BY_HEURISTIC_SCAN,0,0,0,0,0,0,,,True,MAV_RESULT_FAILED,0,NOT_OBSERVED,REQUEST_ACK_FAILED,benchmark/extraction_runs/milestone6/ArduPilot/runs/Plane/message_summary.json,benchmark/extraction_runs/milestone6/ArduPilot/runs/Plane/request_sweep.json,Baseline proves only this default SITL profile. Request-window matches may be conditional and are not causal when the message already streamed by default.
ardupilot-plane-m6,ArduPilot,ArduPlane,plane,250,DEBUG_VECT,baseline/ardupilot/modules/mavlink/message_definitions/v1.0/common.xml,all.xml,NO_REFERENCE_FOUND_BY_HEURISTIC_SCAN,0,0,0,0,0,0,,,True,MAV_RESULT_FAILED,0,NOT_OBSERVED,REQUEST_ACK_FAILED,benchmark/extraction_runs/milestone6/ArduPilot/runs/Plane/message_summary.json,benchmark/extraction_runs/milestone6/ArduPilot/runs/Plane/request_sweep.json,Baseline proves only this default SITL profile. Request-window matches may be conditional and are not causal when the message already streamed by default.
ardupilot-plane-m6,ArduPilot,ArduPlane,plane,251,NAMED_VALUE_FLOAT,baseline/ardupilot/modules/mavlink/message_definitions/v1.0/common.xml,all.xml,STATIC_REFERENCE_FOUND,1,2,0,0,0,0,,,True,MAV_RESULT_FAILED,0,NOT_OBSERVED,REQUEST_ACK_FAILED,benchmark/extraction_runs/milestone6/ArduPilot/runs/Plane/message_summary.json,benchmark/extraction_runs/milestone6/ArduPilot/runs/Plane/request_sweep.json,Baseline proves only this default SITL profile. Request-window matches may be conditional and are not causal when the message already streamed by default.
ardupilot-plane-m6,ArduPilot,ArduPlane,plane,252,NAMED_VALUE_INT,baseline/ardupilot/modules/mavlink/message_definitions/v1.0/common.xml,all.xml,STATIC_REFERENCE_FOUND,2,2,0,0,0,0,,,True,MAV_RESULT_FAILED,0,NOT_OBSERVED,REQUEST_ACK_FAILED,benchmark/extraction_runs/milestone6/ArduPilot/runs/Plane/message_summary.json,benchmark/extraction_runs/milestone6/ArduPilot/runs/Plane/request_sweep.json,Baseline proves only this default SITL profile. Request-window matches may be conditional and are not causal when the message already streamed by default.
ardupilot-plane-m6,ArduPilot,ArduPlane,plane,253,STATUSTEXT,baseline/ardupilot/modules/mavlink/message_definitions/v1.0/common.xml,all.xml,STATIC_REFERENCE_FOUND,1,2,12,2,8,31,8147677756282,8191500131770,True,MAV_RESULT_FAILED,0,NOT_OBSERVED,DEFAULT_STREAM_OBSERVED,benchmark/extraction_runs/milestone6/ArduPilot/runs/Plane/message_summary.json,benchmark/extraction_runs/milestone6/ArduPilot/runs/Plane/request_sweep.json,Baseline proves only this default SITL profile. Request-window matches may be conditional and are not causal when the message already streamed by default.
ardupilot-plane-m6,ArduPilot,ArduPlane,plane,254,DEBUG,baseline/ardupilot/modules/mavlink/message_definitions/v1.0/common.xml,all.xml,NO_REFERENCE_FOUND_BY_HEURISTIC_SCAN,0,0,0,0,0,0,,,True,MAV_RESULT_FAILED,0,NOT_OBSERVED,REQUEST_ACK_FAILED,benchmark/extraction_runs/milestone6/ArduPilot/runs/Plane/message_summary.json,benchmark/extraction_runs/milestone6/ArduPilot/runs/Plane/request_sweep.json,Baseline proves only this default SITL profile. Request-window matches may be conditional and are not causal when the message already streamed by default.
ardupilot-plane-m6,ArduPilot,ArduPlane,plane,256,SETUP_SIGNING,baseline/ardupilot/modules/mavlink/message_definitions/v1.0/common.xml,all.xml,STATIC_REFERENCE_FOUND,0,2,0,0,0,0,,,True,MAV_RESULT_FAILED,0,NOT_OBSERVED,REQUEST_ACK_FAILED,benchmark/extraction_runs/milestone6/ArduPilot/runs/Plane/message_summary.json,benchmark/extraction_runs/milestone6/ArduPilot/runs/Plane/request_sweep.json,Baseline proves only this default SITL profile. Request-window matches may be conditional and are not causal when the message already streamed by default.
ardupilot-plane-m6,ArduPilot,ArduPlane,plane,257,BUTTON_CHANGE,baseline/ardupilot/modules/mavlink/message_definitions/v1.0/common.xml,all.xml,STATIC_REFERENCE_FOUND,0,0,0,0,0,0,,,True,MAV_RESULT_FAILED,0,NOT_OBSERVED,REQUEST_ACK_FAILED,benchmark/extraction_runs/milestone6/ArduPilot/runs/Plane/message_summary.json,benchmark/extraction_runs/milestone6/ArduPilot/runs/Plane/request_sweep.json,Baseline proves only this default SITL profile. Request-window matches may be conditional and are not causal when the message already streamed by default.
ardupilot-plane-m6,ArduPilot,ArduPlane,plane,258,PLAY_TUNE,baseline/ardupilot/modules/mavlink/message_definitions/v1.0/common.xml,all.xml,STATIC_REFERENCE_FOUND,0,2,0,0,0,0,,,True,MAV_RESULT_FAILED,0,NOT_OBSERVED,REQUEST_ACK_FAILED,benchmark/extraction_runs/milestone6/ArduPilot/runs/Plane/message_summary.json,benchmark/extraction_runs/milestone6/ArduPilot/runs/Plane/request_sweep.json,Baseline proves only this default SITL profile. Request-window matches may be conditional and are not causal when the message already streamed by default.
ardupilot-plane-m6,ArduPilot,ArduPlane,plane,259,CAMERA_INFORMATION,baseline/ardupilot/modules/mavlink/message_definitions/v1.0/common.xml,all.xml,STATIC_REFERENCE_FOUND,4,2,0,0,0,0,,,True,MAV_RESULT_ACCEPTED,0,NOT_OBSERVED,REQUEST_ACK_ACCEPTED_NO_MATCHING_FRAME,benchmark/extraction_runs/milestone6/ArduPilot/runs/Plane/message_summary.json,benchmark/extraction_runs/milestone6/ArduPilot/runs/Plane/request_sweep.json,Baseline proves only this default SITL profile. Request-window matches may be conditional and are not causal when the message already streamed by default.
ardupilot-plane-m6,ArduPilot,ArduPlane,plane,260,CAMERA_SETTINGS,baseline/ardupilot/modules/mavlink/message_definitions/v1.0/common.xml,all.xml,STATIC_REFERENCE_FOUND,7,0,0,0,0,0,,,True,MAV_RESULT_ACCEPTED,0,NOT_OBSERVED,REQUEST_ACK_ACCEPTED_NO_MATCHING_FRAME,benchmark/extraction_runs/milestone6/ArduPilot/runs/Plane/message_summary.json,benchmark/extraction_runs/milestone6/ArduPilot/runs/Plane/request_sweep.json,Baseline proves only this default SITL profile. Request-window matches may be conditional and are not causal when the message already streamed by default.
ardupilot-plane-m6,ArduPilot,ArduPlane,plane,261,STORAGE_INFORMATION,baseline/ardupilot/modules/mavlink/message_definitions/v1.0/common.xml,all.xml,NO_REFERENCE_FOUND_BY_HEURISTIC_SCAN,0,0,0,0,0,0,,,True,MAV_RESULT_FAILED,0,NOT_OBSERVED,REQUEST_ACK_FAILED,benchmark/extraction_runs/milestone6/ArduPilot/runs/Plane/message_summary.json,benchmark/extraction_runs/milestone6/ArduPilot/runs/Plane/request_sweep.json,Baseline proves only this default SITL profile. Request-window matches may be conditional and are not causal when the message already streamed by default.
ardupilot-plane-m6,ArduPilot,ArduPlane,plane,262,CAMERA_CAPTURE_STATUS,baseline/ardupilot/modules/mavlink/message_definitions/v1.0/common.xml,all.xml,STATIC_REFERENCE_FOUND,1,0,0,0,0,0,,,True,MAV_RESULT_ACCEPTED,0,NOT_OBSERVED,REQUEST_ACK_ACCEPTED_NO_MATCHING_FRAME,benchmark/extraction_runs/milestone6/ArduPilot/runs/Plane/message_summary.json,benchmark/extraction_runs/milestone6/ArduPilot/runs/Plane/request_sweep.json,Baseline proves only this default SITL profile. Request-window matches may be conditional and are not causal when the message already streamed by default.
ardupilot-plane-m6,ArduPilot,ArduPlane,plane,263,CAMERA_IMAGE_CAPTURED,baseline/ardupilot/modules/mavlink/message_definitions/v1.0/common.xml,all.xml,NO_REFERENCE_FOUND_BY_HEURISTIC_SCAN,0,0,0,0,0,0,,,True,MAV_RESULT_FAILED,0,NOT_OBSERVED,REQUEST_ACK_FAILED,benchmark/extraction_runs/milestone6/ArduPilot/runs/Plane/message_summary.json,benchmark/extraction_runs/milestone6/ArduPilot/runs/Plane/request_sweep.json,Baseline proves only this default SITL profile. Request-window matches may be conditional and are not causal when the message already streamed by default.
ardupilot-plane-m6,ArduPilot,ArduPlane,plane,264,FLIGHT_INFORMATION,baseline/ardupilot/modules/mavlink/message_definitions/v1.0/common.xml,all.xml,STATIC_REFERENCE_FOUND,1,0,0,0,1,1,8177020610972,8177020610972,True,MAV_RESULT_ACCEPTED,1,POST_REQUEST_WINDOW_OBSERVATION,REQUEST_WINDOW_MESSAGE_OBSERVED,benchmark/extraction_runs/milestone6/ArduPilot/runs/Plane/message_summary.json,benchmark/extraction_runs/milestone6/ArduPilot/runs/Plane/request_sweep.json,Baseline proves only this default SITL profile. Request-window matches may be conditional and are not causal when the message already streamed by default.
ardupilot-plane-m6,ArduPilot,ArduPlane,plane,265,MOUNT_ORIENTATION,baseline/ardupilot/modules/mavlink/message_definitions/v1.0/common.xml,all.xml,NO_REFERENCE_FOUND_BY_HEURISTIC_SCAN,0,0,0,0,0,0,,,True,MAV_RESULT_FAILED,0,NOT_OBSERVED,REQUEST_ACK_FAILED,benchmark/extraction_runs/milestone6/ArduPilot/runs/Plane/message_summary.json,benchmark/extraction_runs/milestone6/ArduPilot/runs/Plane/request_sweep.json,Baseline proves only this default SITL profile. Request-window matches may be conditional and are not causal when the message already streamed by default.
ardupilot-plane-m6,ArduPilot,ArduPlane,plane,266,LOGGING_DATA,baseline/ardupilot/modules/mavlink/message_definitions/v1.0/common.xml,all.xml,NO_REFERENCE_FOUND_BY_HEURISTIC_SCAN,0,0,0,0,0,0,,,True,MAV_RESULT_FAILED,0,NOT_OBSERVED,REQUEST_ACK_FAILED,benchmark/extraction_runs/milestone6/ArduPilot/runs/Plane/message_summary.json,benchmark/extraction_runs/milestone6/ArduPilot/runs/Plane/request_sweep.json,Baseline proves only this default SITL profile. Request-window matches may be conditional and are not causal when the message already streamed by default.
ardupilot-plane-m6,ArduPilot,ArduPlane,plane,267,LOGGING_DATA_ACKED,baseline/ardupilot/modules/mavlink/message_definitions/v1.0/common.xml,all.xml,NO_REFERENCE_FOUND_BY_HEURISTIC_SCAN,0,0,0,0,0,0,,,True,MAV_RESULT_FAILED,0,NOT_OBSERVED,REQUEST_ACK_FAILED,benchmark/extraction_runs/milestone6/ArduPilot/runs/Plane/message_summary.json,benchmark/extraction_runs/milestone6/ArduPilot/runs/Plane/request_sweep.json,Baseline proves only this default SITL profile. Request-window matches may be conditional and are not causal when the message already streamed by default.
ardupilot-plane-m6,ArduPilot,ArduPlane,plane,268,LOGGING_ACK,baseline/ardupilot/modules/mavlink/message_definitions/v1.0/common.xml,all.xml,NO_REFERENCE_FOUND_BY_HEURISTIC_SCAN,0,0,0,0,0,0,,,True,MAV_RESULT_FAILED,0,NOT_OBSERVED,REQUEST_ACK_FAILED,benchmark/extraction_runs/milestone6/ArduPilot/runs/Plane/message_summary.json,benchmark/extraction_runs/milestone6/ArduPilot/runs/Plane/request_sweep.json,Baseline proves only this default SITL profile. Request-window matches may be conditional and are not causal when the message already streamed by default.
ardupilot-plane-m6,ArduPilot,ArduPlane,plane,269,VIDEO_STREAM_INFORMATION,baseline/ardupilot/modules/mavlink/message_definitions/v1.0/common.xml,all.xml,STATIC_REFERENCE_FOUND,1,0,0,0,0,0,,,True,MAV_RESULT_ACCEPTED,0,NOT_OBSERVED,REQUEST_ACK_ACCEPTED_NO_MATCHING_FRAME,benchmark/extraction_runs/milestone6/ArduPilot/runs/Plane/message_summary.json,benchmark/extraction_runs/milestone6/ArduPilot/runs/Plane/request_sweep.json,Baseline proves only this default SITL profile. Request-window matches may be conditional and are not causal when the message already streamed by default.
ardupilot-plane-m6,ArduPilot,ArduPlane,plane,270,VIDEO_STREAM_STATUS,baseline/ardupilot/modules/mavlink/message_definitions/v1.0/common.xml,all.xml,NO_REFERENCE_FOUND_BY_HEURISTIC_SCAN,0,0,0,0,0,0,,,True,MAV_RESULT_FAILED,0,NOT_OBSERVED,REQUEST_ACK_FAILED,benchmark/extraction_runs/milestone6/ArduPilot/runs/Plane/message_summary.json,benchmark/extraction_runs/milestone6/ArduPilot/runs/Plane/request_sweep.json,Baseline proves only this default SITL profile. Request-window matches may be conditional and are not causal when the message already streamed by default.
ardupilot-plane-m6,ArduPilot,ArduPlane,plane,271,CAMERA_FOV_STATUS,baseline/ardupilot/modules/mavlink/message_definitions/v1.0/common.xml,all.xml,STATIC_REFERENCE_FOUND,1,0,0,0,0,0,,,True,MAV_RESULT_ACCEPTED,0,NOT_OBSERVED,REQUEST_ACK_ACCEPTED_NO_MATCHING_FRAME,benchmark/extraction_runs/milestone6/ArduPilot/runs/Plane/message_summary.json,benchmark/extraction_runs/milestone6/ArduPilot/runs/Plane/request_sweep.json,Baseline proves only this default SITL profile. Request-window matches may be conditional and are not causal when the message already streamed by default.
ardupilot-plane-m6,ArduPilot,ArduPlane,plane,275,CAMERA_TRACKING_IMAGE_STATUS,baseline/ardupilot/modules/mavlink/message_definitions/v1.0/common.xml,all.xml,NO_REFERENCE_FOUND_BY_HEURISTIC_SCAN,0,0,0,0,0,0,,,True,MAV_RESULT_FAILED,0,NOT_OBSERVED,REQUEST_ACK_FAILED,benchmark/extraction_runs/milestone6/ArduPilot/runs/Plane/message_summary.json,benchmark/extraction_runs/milestone6/ArduPilot/runs/Plane/request_sweep.json,Baseline proves only this default SITL profile. Request-window matches may be conditional and are not causal when the message already streamed by default.
ardupilot-plane-m6,ArduPilot,ArduPlane,plane,276,CAMERA_TRACKING_GEO_STATUS,baseline/ardupilot/modules/mavlink/message_definitions/v1.0/common.xml,all.xml,NO_REFERENCE_FOUND_BY_HEURISTIC_SCAN,0,0,0,0,0,0,,,True,MAV_RESULT_FAILED,0,NOT_OBSERVED,REQUEST_ACK_FAILED,benchmark/extraction_runs/milestone6/ArduPilot/runs/Plane/message_summary.json,benchmark/extraction_runs/milestone6/ArduPilot/runs/Plane/request_sweep.json,Baseline proves only this default SITL profile. Request-window matches may be conditional and are not causal when the message already streamed by default.
ardupilot-plane-m6,ArduPilot,ArduPlane,plane,277,CAMERA_THERMAL_RANGE,baseline/ardupilot/modules/mavlink/message_definitions/v1.0/common.xml,all.xml,STATIC_REFERENCE_FOUND,1,0,0,0,0,0,,,True,MAV_RESULT_ACCEPTED,0,NOT_OBSERVED,REQUEST_ACK_ACCEPTED_NO_MATCHING_FRAME,benchmark/extraction_runs/milestone6/ArduPilot/runs/Plane/message_summary.json,benchmark/extraction_runs/milestone6/ArduPilot/runs/Plane/request_sweep.json,Baseline proves only this default SITL profile. Request-window matches may be conditional and are not causal when the message already streamed by default.
ardupilot-plane-m6,ArduPilot,ArduPlane,plane,280,GIMBAL_MANAGER_INFORMATION,baseline/ardupilot/modules/mavlink/message_definitions/v1.0/common.xml,all.xml,STATIC_REFERENCE_FOUND,1,0,0,0,0,0,,,True,MAV_RESULT_ACCEPTED,0,NOT_OBSERVED,REQUEST_ACK_ACCEPTED_NO_MATCHING_FRAME,benchmark/extraction_runs/milestone6/ArduPilot/runs/Plane/message_summary.json,benchmark/extraction_runs/milestone6/ArduPilot/runs/Plane/request_sweep.json,Baseline proves only this default SITL profile. Request-window matches may be conditional and are not causal when the message already streamed by default.
ardupilot-plane-m6,ArduPilot,ArduPlane,plane,281,GIMBAL_MANAGER_STATUS,baseline/ardupilot/modules/mavlink/message_definitions/v1.0/common.xml,all.xml,STATIC_REFERENCE_FOUND,1,0,0,0,0,0,,,True,MAV_RESULT_ACCEPTED,0,NOT_OBSERVED,REQUEST_ACK_ACCEPTED_NO_MATCHING_FRAME,benchmark/extraction_runs/milestone6/ArduPilot/runs/Plane/message_summary.json,benchmark/extraction_runs/milestone6/ArduPilot/runs/Plane/request_sweep.json,Baseline proves only this default SITL profile. Request-window matches may be conditional and are not causal when the message already streamed by default.
ardupilot-plane-m6,ArduPilot,ArduPlane,plane,282,GIMBAL_MANAGER_SET_ATTITUDE,baseline/ardupilot/modules/mavlink/message_definitions/v1.0/common.xml,all.xml,STATIC_REFERENCE_FOUND,0,3,0,0,0,0,,,True,MAV_RESULT_FAILED,0,NOT_OBSERVED,REQUEST_ACK_FAILED,benchmark/extraction_runs/milestone6/ArduPilot/runs/Plane/message_summary.json,benchmark/extraction_runs/milestone6/ArduPilot/runs/Plane/request_sweep.json,Baseline proves only this default SITL profile. Request-window matches may be conditional and are not causal when the message already streamed by default.
ardupilot-plane-m6,ArduPilot,ArduPlane,plane,283,GIMBAL_DEVICE_INFORMATION,baseline/ardupilot/modules/mavlink/message_definitions/v1.0/common.xml,all.xml,STATIC_REFERENCE_FOUND,0,3,0,0,0,0,,,True,MAV_RESULT_FAILED,0,NOT_OBSERVED,REQUEST_ACK_FAILED,benchmark/extraction_runs/milestone6/ArduPilot/runs/Plane/message_summary.json,benchmark/extraction_runs/milestone6/ArduPilot/runs/Plane/request_sweep.json,Baseline proves only this default SITL profile. Request-window matches may be conditional and are not causal when the message already streamed by default.
ardupilot-plane-m6,ArduPilot,ArduPlane,plane,284,GIMBAL_DEVICE_SET_ATTITUDE,baseline/ardupilot/modules/mavlink/message_definitions/v1.0/common.xml,all.xml,STATIC_REFERENCE_FOUND,0,2,0,0,0,0,,,True,MAV_RESULT_FAILED,0,NOT_OBSERVED,REQUEST_ACK_FAILED,benchmark/extraction_runs/milestone6/ArduPilot/runs/Plane/message_summary.json,benchmark/extraction_runs/milestone6/ArduPilot/runs/Plane/request_sweep.json,Baseline proves only this default SITL profile. Request-window matches may be conditional and are not causal when the message already streamed by default.
ardupilot-plane-m6,ArduPilot,ArduPlane,plane,285,GIMBAL_DEVICE_ATTITUDE_STATUS,baseline/ardupilot/modules/mavlink/message_definitions/v1.0/common.xml,all.xml,STATIC_REFERENCE_FOUND,1,3,0,0,0,0,,,True,MAV_RESULT_ACCEPTED,0,NOT_OBSERVED,REQUEST_ACK_ACCEPTED_NO_MATCHING_FRAME,benchmark/extraction_runs/milestone6/ArduPilot/runs/Plane/message_summary.json,benchmark/extraction_runs/milestone6/ArduPilot/runs/Plane/request_sweep.json,Baseline proves only this default SITL profile. Request-window matches may be conditional and are not causal when the message already streamed by default.
ardupilot-plane-m6,ArduPilot,ArduPlane,plane,286,AUTOPILOT_STATE_FOR_GIMBAL_DEVICE,baseline/ardupilot/modules/mavlink/message_definitions/v1.0/common.xml,all.xml,STATIC_REFERENCE_FOUND,1,0,0,0,1,1,8179702926418,8179702926418,True,MAV_RESULT_ACCEPTED,1,POST_REQUEST_WINDOW_OBSERVATION,REQUEST_WINDOW_MESSAGE_OBSERVED,benchmark/extraction_runs/milestone6/ArduPilot/runs/Plane/message_summary.json,benchmark/extraction_runs/milestone6/ArduPilot/runs/Plane/request_sweep.json,Baseline proves only this default SITL profile. Request-window matches may be conditional and are not causal when the message already streamed by default.
ardupilot-plane-m6,ArduPilot,ArduPlane,plane,287,GIMBAL_MANAGER_SET_PITCHYAW,baseline/ardupilot/modules/mavlink/message_definitions/v1.0/common.xml,all.xml,STATIC_REFERENCE_FOUND,0,3,0,0,0,0,,,True,MAV_RESULT_FAILED,0,NOT_OBSERVED,REQUEST_ACK_FAILED,benchmark/extraction_runs/milestone6/ArduPilot/runs/Plane/message_summary.json,benchmark/extraction_runs/milestone6/ArduPilot/runs/Plane/request_sweep.json,Baseline proves only this default SITL profile. Request-window matches may be conditional and are not causal when the message already streamed by default.
ardupilot-plane-m6,ArduPilot,ArduPlane,plane,288,GIMBAL_MANAGER_SET_MANUAL_CONTROL,baseline/ardupilot/modules/mavlink/message_definitions/v1.0/common.xml,all.xml,NO_REFERENCE_FOUND_BY_HEURISTIC_SCAN,0,0,0,0,0,0,,,True,MAV_RESULT_FAILED,0,NOT_OBSERVED,REQUEST_ACK_FAILED,benchmark/extraction_runs/milestone6/ArduPilot/runs/Plane/message_summary.json,benchmark/extraction_runs/milestone6/ArduPilot/runs/Plane/request_sweep.json,Baseline proves only this default SITL profile. Request-window matches may be conditional and are not causal when the message already streamed by default.
ardupilot-plane-m6,ArduPilot,ArduPlane,plane,295,AIRSPEED,baseline/ardupilot/modules/mavlink/message_definitions/v1.0/common.xml,all.xml,STATIC_REFERENCE_FOUND,1,0,12,0,23,52,8147998115210,8197995712127,True,MAV_RESULT_ACCEPTED,1,AMBIGUOUS_BASELINE_PERIODIC,DEFAULT_STREAM_OBSERVED,benchmark/extraction_runs/milestone6/ArduPilot/runs/Plane/message_summary.json,benchmark/extraction_runs/milestone6/ArduPilot/runs/Plane/request_sweep.json,Baseline proves only this default SITL profile. Request-window matches may be conditional and are not causal when the message already streamed by default.
ardupilot-plane-m6,ArduPilot,ArduPlane,plane,299,WIFI_CONFIG_AP,baseline/ardupilot/modules/mavlink/message_definitions/v1.0/common.xml,all.xml,NO_REFERENCE_FOUND_BY_HEURISTIC_SCAN,0,0,0,0,0,0,,,True,MAV_RESULT_FAILED,0,NOT_OBSERVED,REQUEST_ACK_FAILED,benchmark/extraction_runs/milestone6/ArduPilot/runs/Plane/message_summary.json,benchmark/extraction_runs/milestone6/ArduPilot/runs/Plane/request_sweep.json,Baseline proves only this default SITL profile. Request-window matches may be conditional and are not causal when the message already streamed by default.
ardupilot-plane-m6,ArduPilot,ArduPlane,plane,301,AIS_VESSEL,baseline/ardupilot/modules/mavlink/message_definitions/v1.0/common.xml,all.xml,STATIC_REFERENCE_FOUND,1,0,0,0,0,0,,,True,MAV_RESULT_ACCEPTED,0,NOT_OBSERVED,REQUEST_ACK_ACCEPTED_NO_MATCHING_FRAME,benchmark/extraction_runs/milestone6/ArduPilot/runs/Plane/message_summary.json,benchmark/extraction_runs/milestone6/ArduPilot/runs/Plane/request_sweep.json,Baseline proves only this default SITL profile. Request-window matches may be conditional and are not causal when the message already streamed by default.
ardupilot-plane-m6,ArduPilot,ArduPlane,plane,310,UAVCAN_NODE_STATUS,baseline/ardupilot/modules/mavlink/message_definitions/v1.0/common.xml,all.xml,NO_REFERENCE_FOUND_BY_HEURISTIC_SCAN,0,0,0,0,0,0,,,True,MAV_RESULT_FAILED,0,NOT_OBSERVED,REQUEST_ACK_FAILED,benchmark/extraction_runs/milestone6/ArduPilot/runs/Plane/message_summary.json,benchmark/extraction_runs/milestone6/ArduPilot/runs/Plane/request_sweep.json,Baseline proves only this default SITL profile. Request-window matches may be conditional and are not causal when the message already streamed by default.
ardupilot-plane-m6,ArduPilot,ArduPlane,plane,311,UAVCAN_NODE_INFO,baseline/ardupilot/modules/mavlink/message_definitions/v1.0/common.xml,all.xml,NO_REFERENCE_FOUND_BY_HEURISTIC_SCAN,0,0,0,0,0,0,,,True,MAV_RESULT_FAILED,0,NOT_OBSERVED,REQUEST_ACK_FAILED,benchmark/extraction_runs/milestone6/ArduPilot/runs/Plane/message_summary.json,benchmark/extraction_runs/milestone6/ArduPilot/runs/Plane/request_sweep.json,Baseline proves only this default SITL profile. Request-window matches may be conditional and are not causal when the message already streamed by default.
ardupilot-plane-m6,ArduPilot,ArduPlane,plane,320,PARAM_EXT_REQUEST_READ,baseline/ardupilot/modules/mavlink/message_definitions/v1.0/common.xml,all.xml,NO_REFERENCE_FOUND_BY_HEURISTIC_SCAN,0,0,0,0,0,0,,,True,MAV_RESULT_FAILED,0,NOT_OBSERVED,REQUEST_ACK_FAILED,benchmark/extraction_runs/milestone6/ArduPilot/runs/Plane/message_summary.json,benchmark/extraction_runs/milestone6/ArduPilot/runs/Plane/request_sweep.json,Baseline proves only this default SITL profile. Request-window matches may be conditional and are not causal when the message already streamed by default.
ardupilot-plane-m6,ArduPilot,ArduPlane,plane,321,PARAM_EXT_REQUEST_LIST,baseline/ardupilot/modules/mavlink/message_definitions/v1.0/common.xml,all.xml,NO_REFERENCE_FOUND_BY_HEURISTIC_SCAN,0,0,0,0,0,0,,,True,MAV_RESULT_FAILED,0,NOT_OBSERVED,REQUEST_ACK_FAILED,benchmark/extraction_runs/milestone6/ArduPilot/runs/Plane/message_summary.json,benchmark/extraction_runs/milestone6/ArduPilot/runs/Plane/request_sweep.json,Baseline proves only this default SITL profile. Request-window matches may be conditional and are not causal when the message already streamed by default.
ardupilot-plane-m6,ArduPilot,ArduPlane,plane,322,PARAM_EXT_VALUE,baseline/ardupilot/modules/mavlink/message_definitions/v1.0/common.xml,all.xml,NO_REFERENCE_FOUND_BY_HEURISTIC_SCAN,0,0,0,0,0,0,,,True,MAV_RESULT_FAILED,0,NOT_OBSERVED,REQUEST_ACK_FAILED,benchmark/extraction_runs/milestone6/ArduPilot/runs/Plane/message_summary.json,benchmark/extraction_runs/milestone6/ArduPilot/runs/Plane/request_sweep.json,Baseline proves only this default SITL profile. Request-window matches may be conditional and are not causal when the message already streamed by default.
ardupilot-plane-m6,ArduPilot,ArduPlane,plane,323,PARAM_EXT_SET,baseline/ardupilot/modules/mavlink/message_definitions/v1.0/common.xml,all.xml,NO_REFERENCE_FOUND_BY_HEURISTIC_SCAN,0,0,0,0,0,0,,,True,MAV_RESULT_FAILED,0,NOT_OBSERVED,REQUEST_ACK_FAILED,benchmark/extraction_runs/milestone6/ArduPilot/runs/Plane/message_summary.json,benchmark/extraction_runs/milestone6/ArduPilot/runs/Plane/request_sweep.json,Baseline proves only this default SITL profile. Request-window matches may be conditional and are not causal when the message already streamed by default.
ardupilot-plane-m6,ArduPilot,ArduPlane,plane,324,PARAM_EXT_ACK,baseline/ardupilot/modules/mavlink/message_definitions/v1.0/common.xml,all.xml,NO_REFERENCE_FOUND_BY_HEURISTIC_SCAN,0,0,0,0,0,0,,,True,MAV_RESULT_FAILED,0,NOT_OBSERVED,REQUEST_ACK_FAILED,benchmark/extraction_runs/milestone6/ArduPilot/runs/Plane/message_summary.json,benchmark/extraction_runs/milestone6/ArduPilot/runs/Plane/request_sweep.json,Baseline proves only this default SITL profile. Request-window matches may be conditional and are not causal when the message already streamed by default.
ardupilot-plane-m6,ArduPilot,ArduPlane,plane,330,OBSTACLE_DISTANCE,baseline/ardupilot/modules/mavlink/message_definitions/v1.0/common.xml,all.xml,STATIC_REFERENCE_FOUND,0,2,0,0,0,0,,,True,MAV_RESULT_FAILED,0,NOT_OBSERVED,REQUEST_ACK_FAILED,benchmark/extraction_runs/milestone6/ArduPilot/runs/Plane/message_summary.json,benchmark/extraction_runs/milestone6/ArduPilot/runs/Plane/request_sweep.json,Baseline proves only this default SITL profile. Request-window matches may be conditional and are not causal when the message already streamed by default.
ardupilot-plane-m6,ArduPilot,ArduPlane,plane,331,ODOMETRY,baseline/ardupilot/modules/mavlink/message_definitions/v1.0/common.xml,all.xml,STATIC_REFERENCE_FOUND,0,2,0,0,0,0,,,True,MAV_RESULT_FAILED,0,NOT_OBSERVED,REQUEST_ACK_FAILED,benchmark/extraction_runs/milestone6/ArduPilot/runs/Plane/message_summary.json,benchmark/extraction_runs/milestone6/ArduPilot/runs/Plane/request_sweep.json,Baseline proves only this default SITL profile. Request-window matches may be conditional and are not causal when the message already streamed by default.
ardupilot-plane-m6,ArduPilot,ArduPlane,plane,332,TRAJECTORY_REPRESENTATION_WAYPOINTS,baseline/ardupilot/modules/mavlink/message_definitions/v1.0/common.xml,all.xml,NO_REFERENCE_FOUND_BY_HEURISTIC_SCAN,0,0,0,0,0,0,,,True,MAV_RESULT_FAILED,0,NOT_OBSERVED,REQUEST_ACK_FAILED,benchmark/extraction_runs/milestone6/ArduPilot/runs/Plane/message_summary.json,benchmark/extraction_runs/milestone6/ArduPilot/runs/Plane/request_sweep.json,Baseline proves only this default SITL profile. Request-window matches may be conditional and are not causal when the message already streamed by default.
ardupilot-plane-m6,ArduPilot,ArduPlane,plane,333,TRAJECTORY_REPRESENTATION_BEZIER,baseline/ardupilot/modules/mavlink/message_definitions/v1.0/common.xml,all.xml,NO_REFERENCE_FOUND_BY_HEURISTIC_SCAN,0,0,0,0,0,0,,,True,MAV_RESULT_FAILED,0,NOT_OBSERVED,REQUEST_ACK_FAILED,benchmark/extraction_runs/milestone6/ArduPilot/runs/Plane/message_summary.json,benchmark/extraction_runs/milestone6/ArduPilot/runs/Plane/request_sweep.json,Baseline proves only this default SITL profile. Request-window matches may be conditional and are not causal when the message already streamed by default.
ardupilot-plane-m6,ArduPilot,ArduPlane,plane,335,ISBD_LINK_STATUS,baseline/ardupilot/modules/mavlink/message_definitions/v1.0/common.xml,all.xml,NO_REFERENCE_FOUND_BY_HEURISTIC_SCAN,0,0,0,0,0,0,,,True,MAV_RESULT_FAILED,0,NOT_OBSERVED,REQUEST_ACK_FAILED,benchmark/extraction_runs/milestone6/ArduPilot/runs/Plane/message_summary.json,benchmark/extraction_runs/milestone6/ArduPilot/runs/Plane/request_sweep.json,Baseline proves only this default SITL profile. Request-window matches may be conditional and are not causal when the message already streamed by default.
ardupilot-plane-m6,ArduPilot,ArduPlane,plane,339,RAW_RPM,baseline/ardupilot/modules/mavlink/message_definitions/v1.0/common.xml,all.xml,NO_REFERENCE_FOUND_BY_HEURISTIC_SCAN,0,0,0,0,0,0,,,True,MAV_RESULT_FAILED,0,NOT_OBSERVED,REQUEST_ACK_FAILED,benchmark/extraction_runs/milestone6/ArduPilot/runs/Plane/message_summary.json,benchmark/extraction_runs/milestone6/ArduPilot/runs/Plane/request_sweep.json,Baseline proves only this default SITL profile. Request-window matches may be conditional and are not causal when the message already streamed by default.
ardupilot-plane-m6,ArduPilot,ArduPlane,plane,340,UTM_GLOBAL_POSITION,baseline/ardupilot/modules/mavlink/message_definitions/v1.0/common.xml,all.xml,STATIC_REFERENCE_FOUND,1,0,0,0,1,1,8180280332927,8180280332927,True,MAV_RESULT_ACCEPTED,1,POST_REQUEST_WINDOW_OBSERVATION,REQUEST_WINDOW_MESSAGE_OBSERVED,benchmark/extraction_runs/milestone6/ArduPilot/runs/Plane/message_summary.json,benchmark/extraction_runs/milestone6/ArduPilot/runs/Plane/request_sweep.json,Baseline proves only this default SITL profile. Request-window matches may be conditional and are not causal when the message already streamed by default.
ardupilot-plane-m6,ArduPilot,ArduPlane,plane,345,PARAM_ERROR,baseline/ardupilot/modules/mavlink/message_definitions/v1.0/common.xml,all.xml,STATIC_REFERENCE_FOUND,2,0,0,0,0,0,,,True,MAV_RESULT_FAILED,0,NOT_OBSERVED,REQUEST_ACK_FAILED,benchmark/extraction_runs/milestone6/ArduPilot/runs/Plane/message_summary.json,benchmark/extraction_runs/milestone6/ArduPilot/runs/Plane/request_sweep.json,Baseline proves only this default SITL profile. Request-window matches may be conditional and are not causal when the message already streamed by default.
ardupilot-plane-m6,ArduPilot,ArduPlane,plane,350,DEBUG_FLOAT_ARRAY,baseline/ardupilot/modules/mavlink/message_definitions/v1.0/common.xml,all.xml,NO_REFERENCE_FOUND_BY_HEURISTIC_SCAN,0,0,0,0,0,0,,,True,MAV_RESULT_FAILED,0,NOT_OBSERVED,REQUEST_ACK_FAILED,benchmark/extraction_runs/milestone6/ArduPilot/runs/Plane/message_summary.json,benchmark/extraction_runs/milestone6/ArduPilot/runs/Plane/request_sweep.json,Baseline proves only this default SITL profile. Request-window matches may be conditional and are not causal when the message already streamed by default.
ardupilot-plane-m6,ArduPilot,ArduPlane,plane,360,ORBIT_EXECUTION_STATUS,baseline/ardupilot/modules/mavlink/message_definitions/v1.0/common.xml,all.xml,NO_REFERENCE_FOUND_BY_HEURISTIC_SCAN,0,0,0,0,0,0,,,True,MAV_RESULT_FAILED,0,NOT_OBSERVED,REQUEST_ACK_FAILED,benchmark/extraction_runs/milestone6/ArduPilot/runs/Plane/message_summary.json,benchmark/extraction_runs/milestone6/ArduPilot/runs/Plane/request_sweep.json,Baseline proves only this default SITL profile. Request-window matches may be conditional and are not causal when the message already streamed by default.
ardupilot-plane-m6,ArduPilot,ArduPlane,plane,370,SMART_BATTERY_INFO,baseline/ardupilot/modules/mavlink/message_definitions/v1.0/common.xml,all.xml,NO_REFERENCE_FOUND_BY_HEURISTIC_SCAN,0,0,0,0,0,0,,,True,MAV_RESULT_FAILED,0,NOT_OBSERVED,REQUEST_ACK_FAILED,benchmark/extraction_runs/milestone6/ArduPilot/runs/Plane/message_summary.json,benchmark/extraction_runs/milestone6/ArduPilot/runs/Plane/request_sweep.json,Baseline proves only this default SITL profile. Request-window matches may be conditional and are not causal when the message already streamed by default.
ardupilot-plane-m6,ArduPilot,ArduPlane,plane,373,GENERATOR_STATUS,baseline/ardupilot/modules/mavlink/message_definitions/v1.0/common.xml,all.xml,STATIC_REFERENCE_FOUND,3,0,0,0,0,0,,,True,MAV_RESULT_ACCEPTED,0,NOT_OBSERVED,REQUEST_ACK_ACCEPTED_NO_MATCHING_FRAME,benchmark/extraction_runs/milestone6/ArduPilot/runs/Plane/message_summary.json,benchmark/extraction_runs/milestone6/ArduPilot/runs/Plane/request_sweep.json,Baseline proves only this default SITL profile. Request-window matches may be conditional and are not causal when the message already streamed by default.
ardupilot-plane-m6,ArduPilot,ArduPlane,plane,375,ACTUATOR_OUTPUT_STATUS,baseline/ardupilot/modules/mavlink/message_definitions/v1.0/common.xml,all.xml,NO_REFERENCE_FOUND_BY_HEURISTIC_SCAN,0,0,0,0,0,0,,,True,MAV_RESULT_FAILED,0,NOT_OBSERVED,REQUEST_ACK_FAILED,benchmark/extraction_runs/milestone6/ArduPilot/runs/Plane/message_summary.json,benchmark/extraction_runs/milestone6/ArduPilot/runs/Plane/request_sweep.json,Baseline proves only this default SITL profile. Request-window matches may be conditional and are not causal when the message already streamed by default.
ardupilot-plane-m6,ArduPilot,ArduPlane,plane,376,RELAY_STATUS,baseline/ardupilot/modules/mavlink/message_definitions/v1.0/common.xml,all.xml,STATIC_REFERENCE_FOUND,1,0,0,0,1,1,8180840605969,8180840605969,True,MAV_RESULT_ACCEPTED,1,POST_REQUEST_WINDOW_OBSERVATION,REQUEST_WINDOW_MESSAGE_OBSERVED,benchmark/extraction_runs/milestone6/ArduPilot/runs/Plane/message_summary.json,benchmark/extraction_runs/milestone6/ArduPilot/runs/Plane/request_sweep.json,Baseline proves only this default SITL profile. Request-window matches may be conditional and are not causal when the message already streamed by default.
ardupilot-plane-m6,ArduPilot,ArduPlane,plane,385,TUNNEL,baseline/ardupilot/modules/mavlink/message_definitions/v1.0/common.xml,all.xml,NO_REFERENCE_FOUND_BY_HEURISTIC_SCAN,0,0,0,0,0,0,,,True,MAV_RESULT_FAILED,0,NOT_OBSERVED,REQUEST_ACK_FAILED,benchmark/extraction_runs/milestone6/ArduPilot/runs/Plane/message_summary.json,benchmark/extraction_runs/milestone6/ArduPilot/runs/Plane/request_sweep.json,Baseline proves only this default SITL profile. Request-window matches may be conditional and are not causal when the message already streamed by default.
ardupilot-plane-m6,ArduPilot,ArduPlane,plane,386,CAN_FRAME,baseline/ardupilot/modules/mavlink/message_definitions/v1.0/common.xml,all.xml,STATIC_REFERENCE_FOUND,1,3,0,0,0,0,,,True,MAV_RESULT_FAILED,0,NOT_OBSERVED,REQUEST_ACK_FAILED,benchmark/extraction_runs/milestone6/ArduPilot/runs/Plane/message_summary.json,benchmark/extraction_runs/milestone6/ArduPilot/runs/Plane/request_sweep.json,Baseline proves only this default SITL profile. Request-window matches may be conditional and are not causal when the message already streamed by default.
ardupilot-plane-m6,ArduPilot,ArduPlane,plane,387,CANFD_FRAME,baseline/ardupilot/modules/mavlink/message_definitions/v1.0/common.xml,all.xml,STATIC_REFERENCE_FOUND,1,3,0,0,0,0,,,True,MAV_RESULT_FAILED,0,NOT_OBSERVED,REQUEST_ACK_FAILED,benchmark/extraction_runs/milestone6/ArduPilot/runs/Plane/message_summary.json,benchmark/extraction_runs/milestone6/ArduPilot/runs/Plane/request_sweep.json,Baseline proves only this default SITL profile. Request-window matches may be conditional and are not causal when the message already streamed by default.
ardupilot-plane-m6,ArduPilot,ArduPlane,plane,388,CAN_FILTER_MODIFY,baseline/ardupilot/modules/mavlink/message_definitions/v1.0/common.xml,all.xml,STATIC_REFERENCE_FOUND,0,2,0,0,0,0,,,True,MAV_RESULT_FAILED,0,NOT_OBSERVED,REQUEST_ACK_FAILED,benchmark/extraction_runs/milestone6/ArduPilot/runs/Plane/message_summary.json,benchmark/extraction_runs/milestone6/ArduPilot/runs/Plane/request_sweep.json,Baseline proves only this default SITL profile. Request-window matches may be conditional and are not causal when the message already streamed by default.
ardupilot-plane-m6,ArduPilot,ArduPlane,plane,390,ONBOARD_COMPUTER_STATUS,baseline/ardupilot/modules/mavlink/message_definitions/v1.0/common.xml,all.xml,NO_REFERENCE_FOUND_BY_HEURISTIC_SCAN,0,0,0,0,0,0,,,True,MAV_RESULT_FAILED,0,NOT_OBSERVED,REQUEST_ACK_FAILED,benchmark/extraction_runs/milestone6/ArduPilot/runs/Plane/message_summary.json,benchmark/extraction_runs/milestone6/ArduPilot/runs/Plane/request_sweep.json,Baseline proves only this default SITL profile. Request-window matches may be conditional and are not causal when the message already streamed by default.
ardupilot-plane-m6,ArduPilot,ArduPlane,plane,420,RADIO_RC_CHANNELS,baseline/ardupilot/modules/mavlink/message_definitions/v1.0/development.xml,all.xml,STATIC_REFERENCE_FOUND,0,2,0,0,0,0,,,True,MAV_RESULT_FAILED,0,NOT_OBSERVED,REQUEST_ACK_FAILED,benchmark/extraction_runs/milestone6/ArduPilot/runs/Plane/message_summary.json,benchmark/extraction_runs/milestone6/ArduPilot/runs/Plane/request_sweep.json,Baseline proves only this default SITL profile. Request-window matches may be conditional and are not causal when the message already streamed by default.
ardupilot-plane-m6,ArduPilot,ArduPlane,plane,435,AVAILABLE_MODES,baseline/ardupilot/modules/mavlink/message_definitions/v1.0/development.xml,all.xml,STATIC_REFERENCE_FOUND,3,0,0,0,18,18,8180980207643,8182601282529,True,MAV_RESULT_ACCEPTED,1,POST_REQUEST_WINDOW_OBSERVATION,REQUEST_WINDOW_MESSAGE_OBSERVED,benchmark/extraction_runs/milestone6/ArduPilot/runs/Plane/message_summary.json,benchmark/extraction_runs/milestone6/ArduPilot/runs/Plane/request_sweep.json,Baseline proves only this default SITL profile. Request-window matches may be conditional and are not causal when the message already streamed by default.
ardupilot-plane-m6,ArduPilot,ArduPlane,plane,436,CURRENT_MODE,baseline/ardupilot/modules/mavlink/message_definitions/v1.0/development.xml,all.xml,NO_REFERENCE_FOUND_BY_HEURISTIC_SCAN,0,0,0,0,0,0,,,True,MAV_RESULT_FAILED,0,NOT_OBSERVED,REQUEST_ACK_FAILED,benchmark/extraction_runs/milestone6/ArduPilot/runs/Plane/message_summary.json,benchmark/extraction_runs/milestone6/ArduPilot/runs/Plane/request_sweep.json,Baseline proves only this default SITL profile. Request-window matches may be conditional and are not causal when the message already streamed by default.
ardupilot-plane-m6,ArduPilot,ArduPlane,plane,437,AVAILABLE_MODES_MONITOR,baseline/ardupilot/modules/mavlink/message_definitions/v1.0/development.xml,all.xml,STATIC_REFERENCE_FOUND,1,0,0,0,1,4,8181021450664,8195983998725,True,MAV_RESULT_ACCEPTED,1,POST_REQUEST_WINDOW_OBSERVATION,REQUEST_WINDOW_MESSAGE_OBSERVED,benchmark/extraction_runs/milestone6/ArduPilot/runs/Plane/message_summary.json,benchmark/extraction_runs/milestone6/ArduPilot/runs/Plane/request_sweep.json,Baseline proves only this default SITL profile. Request-window matches may be conditional and are not causal when the message already streamed by default.
ardupilot-plane-m6,ArduPilot,ArduPlane,plane,441,GNSS_INTEGRITY,baseline/ardupilot/modules/mavlink/message_definitions/v1.0/development.xml,all.xml,NO_REFERENCE_FOUND_BY_HEURISTIC_SCAN,0,0,0,0,0,0,,,True,MAV_RESULT_FAILED,0,NOT_OBSERVED,REQUEST_ACK_FAILED,benchmark/extraction_runs/milestone6/ArduPilot/runs/Plane/message_summary.json,benchmark/extraction_runs/milestone6/ArduPilot/runs/Plane/request_sweep.json,Baseline proves only this default SITL profile. Request-window matches may be conditional and are not causal when the message already streamed by default.
ardupilot-plane-m6,ArduPilot,ArduPlane,plane,513,RANGING_BEACON,baseline/ardupilot/modules/mavlink/message_definitions/v1.0/development.xml,all.xml,NO_REFERENCE_FOUND_BY_HEURISTIC_SCAN,0,0,0,0,0,0,,,True,MAV_RESULT_FAILED,0,NOT_OBSERVED,REQUEST_ACK_FAILED,benchmark/extraction_runs/milestone6/ArduPilot/runs/Plane/message_summary.json,benchmark/extraction_runs/milestone6/ArduPilot/runs/Plane/request_sweep.json,Baseline proves only this default SITL profile. Request-window matches may be conditional and are not causal when the message already streamed by default.
ardupilot-plane-m6,ArduPilot,ArduPlane,plane,8002,SENS_POWER,baseline/ardupilot/modules/mavlink/message_definitions/v1.0/ASLUAV.xml,all.xml,NO_REFERENCE_FOUND_BY_HEURISTIC_SCAN,0,0,0,0,0,0,,,True,MAV_RESULT_FAILED,0,NOT_OBSERVED,REQUEST_ACK_FAILED,benchmark/extraction_runs/milestone6/ArduPilot/runs/Plane/message_summary.json,benchmark/extraction_runs/milestone6/ArduPilot/runs/Plane/request_sweep.json,Baseline proves only this default SITL profile. Request-window matches may be conditional and are not causal when the message already streamed by default.
ardupilot-plane-m6,ArduPilot,ArduPlane,plane,8003,SENS_MPPT,baseline/ardupilot/modules/mavlink/message_definitions/v1.0/ASLUAV.xml,all.xml,NO_REFERENCE_FOUND_BY_HEURISTIC_SCAN,0,0,0,0,0,0,,,True,MAV_RESULT_FAILED,0,NOT_OBSERVED,REQUEST_ACK_FAILED,benchmark/extraction_runs/milestone6/ArduPilot/runs/Plane/message_summary.json,benchmark/extraction_runs/milestone6/ArduPilot/runs/Plane/request_sweep.json,Baseline proves only this default SITL profile. Request-window matches may be conditional and are not causal when the message already streamed by default.
ardupilot-plane-m6,ArduPilot,ArduPlane,plane,8004,ASLCTRL_DATA,baseline/ardupilot/modules/mavlink/message_definitions/v1.0/ASLUAV.xml,all.xml,NO_REFERENCE_FOUND_BY_HEURISTIC_SCAN,0,0,0,0,0,0,,,True,MAV_RESULT_FAILED,0,NOT_OBSERVED,REQUEST_ACK_FAILED,benchmark/extraction_runs/milestone6/ArduPilot/runs/Plane/message_summary.json,benchmark/extraction_runs/milestone6/ArduPilot/runs/Plane/request_sweep.json,Baseline proves only this default SITL profile. Request-window matches may be conditional and are not causal when the message already streamed by default.
ardupilot-plane-m6,ArduPilot,ArduPlane,plane,8005,ASLCTRL_DEBUG,baseline/ardupilot/modules/mavlink/message_definitions/v1.0/ASLUAV.xml,all.xml,NO_REFERENCE_FOUND_BY_HEURISTIC_SCAN,0,0,0,0,0,0,,,True,MAV_RESULT_FAILED,0,NOT_OBSERVED,REQUEST_ACK_FAILED,benchmark/extraction_runs/milestone6/ArduPilot/runs/Plane/message_summary.json,benchmark/extraction_runs/milestone6/ArduPilot/runs/Plane/request_sweep.json,Baseline proves only this default SITL profile. Request-window matches may be conditional and are not causal when the message already streamed by default.
ardupilot-plane-m6,ArduPilot,ArduPlane,plane,8006,ASLUAV_STATUS,baseline/ardupilot/modules/mavlink/message_definitions/v1.0/ASLUAV.xml,all.xml,NO_REFERENCE_FOUND_BY_HEURISTIC_SCAN,0,0,0,0,0,0,,,True,MAV_RESULT_FAILED,0,NOT_OBSERVED,REQUEST_ACK_FAILED,benchmark/extraction_runs/milestone6/ArduPilot/runs/Plane/message_summary.json,benchmark/extraction_runs/milestone6/ArduPilot/runs/Plane/request_sweep.json,Baseline proves only this default SITL profile. Request-window matches may be conditional and are not causal when the message already streamed by default.
ardupilot-plane-m6,ArduPilot,ArduPlane,plane,8007,EKF_EXT,baseline/ardupilot/modules/mavlink/message_definitions/v1.0/ASLUAV.xml,all.xml,NO_REFERENCE_FOUND_BY_HEURISTIC_SCAN,0,0,0,0,0,0,,,True,MAV_RESULT_FAILED,0,NOT_OBSERVED,REQUEST_ACK_FAILED,benchmark/extraction_runs/milestone6/ArduPilot/runs/Plane/message_summary.json,benchmark/extraction_runs/milestone6/ArduPilot/runs/Plane/request_sweep.json,Baseline proves only this default SITL profile. Request-window matches may be conditional and are not causal when the message already streamed by default.
ardupilot-plane-m6,ArduPilot,ArduPlane,plane,8008,ASL_OBCTRL,baseline/ardupilot/modules/mavlink/message_definitions/v1.0/ASLUAV.xml,all.xml,NO_REFERENCE_FOUND_BY_HEURISTIC_SCAN,0,0,0,0,0,0,,,True,MAV_RESULT_FAILED,0,NOT_OBSERVED,REQUEST_ACK_FAILED,benchmark/extraction_runs/milestone6/ArduPilot/runs/Plane/message_summary.json,benchmark/extraction_runs/milestone6/ArduPilot/runs/Plane/request_sweep.json,Baseline proves only this default SITL profile. Request-window matches may be conditional and are not causal when the message already streamed by default.
ardupilot-plane-m6,ArduPilot,ArduPlane,plane,8009,SENS_ATMOS,baseline/ardupilot/modules/mavlink/message_definitions/v1.0/ASLUAV.xml,all.xml,NO_REFERENCE_FOUND_BY_HEURISTIC_SCAN,0,0,0,0,0,0,,,True,MAV_RESULT_FAILED,0,NOT_OBSERVED,REQUEST_ACK_FAILED,benchmark/extraction_runs/milestone6/ArduPilot/runs/Plane/message_summary.json,benchmark/extraction_runs/milestone6/ArduPilot/runs/Plane/request_sweep.json,Baseline proves only this default SITL profile. Request-window matches may be conditional and are not causal when the message already streamed by default.
ardupilot-plane-m6,ArduPilot,ArduPlane,plane,8010,SENS_BATMON,baseline/ardupilot/modules/mavlink/message_definitions/v1.0/ASLUAV.xml,all.xml,NO_REFERENCE_FOUND_BY_HEURISTIC_SCAN,0,0,0,0,0,0,,,True,MAV_RESULT_FAILED,0,NOT_OBSERVED,REQUEST_ACK_FAILED,benchmark/extraction_runs/milestone6/ArduPilot/runs/Plane/message_summary.json,benchmark/extraction_runs/milestone6/ArduPilot/runs/Plane/request_sweep.json,Baseline proves only this default SITL profile. Request-window matches may be conditional and are not causal when the message already streamed by default.
ardupilot-plane-m6,ArduPilot,ArduPlane,plane,8011,FW_SOARING_DATA,baseline/ardupilot/modules/mavlink/message_definitions/v1.0/ASLUAV.xml,all.xml,NO_REFERENCE_FOUND_BY_HEURISTIC_SCAN,0,0,0,0,0,0,,,True,MAV_RESULT_FAILED,0,NOT_OBSERVED,REQUEST_ACK_FAILED,benchmark/extraction_runs/milestone6/ArduPilot/runs/Plane/message_summary.json,benchmark/extraction_runs/milestone6/ArduPilot/runs/Plane/request_sweep.json,Baseline proves only this default SITL profile. Request-window matches may be conditional and are not causal when the message already streamed by default.
ardupilot-plane-m6,ArduPilot,ArduPlane,plane,8012,SENSORPOD_STATUS,baseline/ardupilot/modules/mavlink/message_definitions/v1.0/ASLUAV.xml,all.xml,NO_REFERENCE_FOUND_BY_HEURISTIC_SCAN,0,0,0,0,0,0,,,True,MAV_RESULT_FAILED,0,NOT_OBSERVED,REQUEST_ACK_FAILED,benchmark/extraction_runs/milestone6/ArduPilot/runs/Plane/message_summary.json,benchmark/extraction_runs/milestone6/ArduPilot/runs/Plane/request_sweep.json,Baseline proves only this default SITL profile. Request-window matches may be conditional and are not causal when the message already streamed by default.
ardupilot-plane-m6,ArduPilot,ArduPlane,plane,8013,SENS_POWER_BOARD,baseline/ardupilot/modules/mavlink/message_definitions/v1.0/ASLUAV.xml,all.xml,NO_REFERENCE_FOUND_BY_HEURISTIC_SCAN,0,0,0,0,0,0,,,True,MAV_RESULT_FAILED,0,NOT_OBSERVED,REQUEST_ACK_FAILED,benchmark/extraction_runs/milestone6/ArduPilot/runs/Plane/message_summary.json,benchmark/extraction_runs/milestone6/ArduPilot/runs/Plane/request_sweep.json,Baseline proves only this default SITL profile. Request-window matches may be conditional and are not causal when the message already streamed by default.
ardupilot-plane-m6,ArduPilot,ArduPlane,plane,8014,GSM_LINK_STATUS,baseline/ardupilot/modules/mavlink/message_definitions/v1.0/ASLUAV.xml,all.xml,NO_REFERENCE_FOUND_BY_HEURISTIC_SCAN,0,0,0,0,0,0,,,True,MAV_RESULT_FAILED,0,NOT_OBSERVED,REQUEST_ACK_FAILED,benchmark/extraction_runs/milestone6/ArduPilot/runs/Plane/message_summary.json,benchmark/extraction_runs/milestone6/ArduPilot/runs/Plane/request_sweep.json,Baseline proves only this default SITL profile. Request-window matches may be conditional and are not causal when the message already streamed by default.
ardupilot-plane-m6,ArduPilot,ArduPlane,plane,8015,SATCOM_LINK_STATUS,baseline/ardupilot/modules/mavlink/message_definitions/v1.0/ASLUAV.xml,all.xml,NO_REFERENCE_FOUND_BY_HEURISTIC_SCAN,0,0,0,0,0,0,,,True,MAV_RESULT_FAILED,0,NOT_OBSERVED,REQUEST_ACK_FAILED,benchmark/extraction_runs/milestone6/ArduPilot/runs/Plane/message_summary.json,benchmark/extraction_runs/milestone6/ArduPilot/runs/Plane/request_sweep.json,Baseline proves only this default SITL profile. Request-window matches may be conditional and are not causal when the message already streamed by default.
ardupilot-plane-m6,ArduPilot,ArduPlane,plane,8016,SENSOR_AIRFLOW_ANGLES,baseline/ardupilot/modules/mavlink/message_definitions/v1.0/ASLUAV.xml,all.xml,NO_REFERENCE_FOUND_BY_HEURISTIC_SCAN,0,0,0,0,0,0,,,True,MAV_RESULT_FAILED,0,NOT_OBSERVED,REQUEST_ACK_FAILED,benchmark/extraction_runs/milestone6/ArduPilot/runs/Plane/message_summary.json,benchmark/extraction_runs/milestone6/ArduPilot/runs/Plane/request_sweep.json,Baseline proves only this default SITL profile. Request-window matches may be conditional and are not causal when the message already streamed by default.
ardupilot-plane-m6,ArduPilot,ArduPlane,plane,9000,WHEEL_DISTANCE,baseline/ardupilot/modules/mavlink/message_definitions/v1.0/common.xml,all.xml,STATIC_REFERENCE_FOUND,1,0,0,0,0,0,,,True,MAV_RESULT_FAILED,0,NOT_OBSERVED,REQUEST_ACK_FAILED,benchmark/extraction_runs/milestone6/ArduPilot/runs/Plane/message_summary.json,benchmark/extraction_runs/milestone6/ArduPilot/runs/Plane/request_sweep.json,Baseline proves only this default SITL profile. Request-window matches may be conditional and are not causal when the message already streamed by default.
ardupilot-plane-m6,ArduPilot,ArduPlane,plane,9005,WINCH_STATUS,baseline/ardupilot/modules/mavlink/message_definitions/v1.0/common.xml,all.xml,STATIC_REFERENCE_FOUND,2,0,0,0,0,0,,,True,MAV_RESULT_ACCEPTED,0,NOT_OBSERVED,REQUEST_ACK_ACCEPTED_NO_MATCHING_FRAME,benchmark/extraction_runs/milestone6/ArduPilot/runs/Plane/message_summary.json,benchmark/extraction_runs/milestone6/ArduPilot/runs/Plane/request_sweep.json,Baseline proves only this default SITL profile. Request-window matches may be conditional and are not causal when the message already streamed by default.
ardupilot-plane-m6,ArduPilot,ArduPlane,plane,10001,UAVIONIX_ADSB_OUT_CFG,baseline/ardupilot/modules/mavlink/message_definitions/v1.0/uAvionix.xml,all.xml,STATIC_REFERENCE_FOUND,1,3,0,0,0,0,,,True,MAV_RESULT_FAILED,0,NOT_OBSERVED,REQUEST_ACK_FAILED,benchmark/extraction_runs/milestone6/ArduPilot/runs/Plane/message_summary.json,benchmark/extraction_runs/milestone6/ArduPilot/runs/Plane/request_sweep.json,Baseline proves only this default SITL profile. Request-window matches may be conditional and are not causal when the message already streamed by default.
ardupilot-plane-m6,ArduPilot,ArduPlane,plane,10002,UAVIONIX_ADSB_OUT_DYNAMIC,baseline/ardupilot/modules/mavlink/message_definitions/v1.0/uAvionix.xml,all.xml,STATIC_REFERENCE_FOUND,1,2,0,0,0,0,,,True,MAV_RESULT_FAILED,0,NOT_OBSERVED,REQUEST_ACK_FAILED,benchmark/extraction_runs/milestone6/ArduPilot/runs/Plane/message_summary.json,benchmark/extraction_runs/milestone6/ArduPilot/runs/Plane/request_sweep.json,Baseline proves only this default SITL profile. Request-window matches may be conditional and are not causal when the message already streamed by default.
ardupilot-plane-m6,ArduPilot,ArduPlane,plane,10003,UAVIONIX_ADSB_TRANSCEIVER_HEALTH_REPORT,baseline/ardupilot/modules/mavlink/message_definitions/v1.0/uAvionix.xml,all.xml,STATIC_REFERENCE_FOUND,0,3,0,0,0,0,,,True,MAV_RESULT_FAILED,0,NOT_OBSERVED,REQUEST_ACK_FAILED,benchmark/extraction_runs/milestone6/ArduPilot/runs/Plane/message_summary.json,benchmark/extraction_runs/milestone6/ArduPilot/runs/Plane/request_sweep.json,Baseline proves only this default SITL profile. Request-window matches may be conditional and are not causal when the message already streamed by default.
ardupilot-plane-m6,ArduPilot,ArduPlane,plane,10004,UAVIONIX_ADSB_OUT_CFG_REGISTRATION,baseline/ardupilot/modules/mavlink/message_definitions/v1.0/uAvionix.xml,all.xml,NO_REFERENCE_FOUND_BY_HEURISTIC_SCAN,0,0,0,0,0,0,,,True,MAV_RESULT_FAILED,0,NOT_OBSERVED,REQUEST_ACK_FAILED,benchmark/extraction_runs/milestone6/ArduPilot/runs/Plane/message_summary.json,benchmark/extraction_runs/milestone6/ArduPilot/runs/Plane/request_sweep.json,Baseline proves only this default SITL profile. Request-window matches may be conditional and are not causal when the message already streamed by default.
ardupilot-plane-m6,ArduPilot,ArduPlane,plane,10005,UAVIONIX_ADSB_OUT_CFG_FLIGHTID,baseline/ardupilot/modules/mavlink/message_definitions/v1.0/uAvionix.xml,all.xml,NO_REFERENCE_FOUND_BY_HEURISTIC_SCAN,0,0,0,0,0,0,,,True,MAV_RESULT_FAILED,0,NOT_OBSERVED,REQUEST_ACK_FAILED,benchmark/extraction_runs/milestone6/ArduPilot/runs/Plane/message_summary.json,benchmark/extraction_runs/milestone6/ArduPilot/runs/Plane/request_sweep.json,Baseline proves only this default SITL profile. Request-window matches may be conditional and are not causal when the message already streamed by default.
ardupilot-plane-m6,ArduPilot,ArduPlane,plane,10006,UAVIONIX_ADSB_GET,baseline/ardupilot/modules/mavlink/message_definitions/v1.0/uAvionix.xml,all.xml,NO_REFERENCE_FOUND_BY_HEURISTIC_SCAN,0,0,0,0,0,0,,,True,MAV_RESULT_FAILED,0,NOT_OBSERVED,REQUEST_ACK_FAILED,benchmark/extraction_runs/milestone6/ArduPilot/runs/Plane/message_summary.json,benchmark/extraction_runs/milestone6/ArduPilot/runs/Plane/request_sweep.json,Baseline proves only this default SITL profile. Request-window matches may be conditional and are not causal when the message already streamed by default.
ardupilot-plane-m6,ArduPilot,ArduPlane,plane,10007,UAVIONIX_ADSB_OUT_CONTROL,baseline/ardupilot/modules/mavlink/message_definitions/v1.0/uAvionix.xml,all.xml,STATIC_REFERENCE_FOUND,0,3,0,0,0,0,,,True,MAV_RESULT_FAILED,0,NOT_OBSERVED,REQUEST_ACK_FAILED,benchmark/extraction_runs/milestone6/ArduPilot/runs/Plane/message_summary.json,benchmark/extraction_runs/milestone6/ArduPilot/runs/Plane/request_sweep.json,Baseline proves only this default SITL profile. Request-window matches may be conditional and are not causal when the message already streamed by default.
ardupilot-plane-m6,ArduPilot,ArduPlane,plane,10008,UAVIONIX_ADSB_OUT_STATUS,baseline/ardupilot/modules/mavlink/message_definitions/v1.0/uAvionix.xml,all.xml,STATIC_REFERENCE_FOUND,1,0,0,0,0,0,,,True,MAV_RESULT_ACCEPTED,0,NOT_OBSERVED,REQUEST_ACK_ACCEPTED_NO_MATCHING_FRAME,benchmark/extraction_runs/milestone6/ArduPilot/runs/Plane/message_summary.json,benchmark/extraction_runs/milestone6/ArduPilot/runs/Plane/request_sweep.json,Baseline proves only this default SITL profile. Request-window matches may be conditional and are not causal when the message already streamed by default.
ardupilot-plane-m6,ArduPilot,ArduPlane,plane,10151,LOWEHEISER_GOV_EFI,baseline/ardupilot/modules/mavlink/message_definitions/v1.0/loweheiser.xml,all.xml,STATIC_REFERENCE_FOUND,0,3,0,0,0,0,,,True,MAV_RESULT_FAILED,0,NOT_OBSERVED,REQUEST_ACK_FAILED,benchmark/extraction_runs/milestone6/ArduPilot/runs/Plane/message_summary.json,benchmark/extraction_runs/milestone6/ArduPilot/runs/Plane/request_sweep.json,Baseline proves only this default SITL profile. Request-window matches may be conditional and are not causal when the message already streamed by default.
ardupilot-plane-m6,ArduPilot,ArduPlane,plane,11000,DEVICE_OP_READ,baseline/ardupilot/modules/mavlink/message_definitions/v1.0/ardupilotmega.xml,all.xml,STATIC_REFERENCE_FOUND,0,2,0,0,0,0,,,True,MAV_RESULT_FAILED,0,NOT_OBSERVED,REQUEST_ACK_FAILED,benchmark/extraction_runs/milestone6/ArduPilot/runs/Plane/message_summary.json,benchmark/extraction_runs/milestone6/ArduPilot/runs/Plane/request_sweep.json,Baseline proves only this default SITL profile. Request-window matches may be conditional and are not causal when the message already streamed by default.
ardupilot-plane-m6,ArduPilot,ArduPlane,plane,11001,DEVICE_OP_READ_REPLY,baseline/ardupilot/modules/mavlink/message_definitions/v1.0/ardupilotmega.xml,all.xml,STATIC_REFERENCE_FOUND,2,0,0,0,0,0,,,True,MAV_RESULT_FAILED,0,NOT_OBSERVED,REQUEST_ACK_FAILED,benchmark/extraction_runs/milestone6/ArduPilot/runs/Plane/message_summary.json,benchmark/extraction_runs/milestone6/ArduPilot/runs/Plane/request_sweep.json,Baseline proves only this default SITL profile. Request-window matches may be conditional and are not causal when the message already streamed by default.
ardupilot-plane-m6,ArduPilot,ArduPlane,plane,11002,DEVICE_OP_WRITE,baseline/ardupilot/modules/mavlink/message_definitions/v1.0/ardupilotmega.xml,all.xml,STATIC_REFERENCE_FOUND,0,2,0,0,0,0,,,True,MAV_RESULT_FAILED,0,NOT_OBSERVED,REQUEST_ACK_FAILED,benchmark/extraction_runs/milestone6/ArduPilot/runs/Plane/message_summary.json,benchmark/extraction_runs/milestone6/ArduPilot/runs/Plane/request_sweep.json,Baseline proves only this default SITL profile. Request-window matches may be conditional and are not causal when the message already streamed by default.
ardupilot-plane-m6,ArduPilot,ArduPlane,plane,11003,DEVICE_OP_WRITE_REPLY,baseline/ardupilot/modules/mavlink/message_definitions/v1.0/ardupilotmega.xml,all.xml,STATIC_REFERENCE_FOUND,1,0,0,0,0,0,,,True,MAV_RESULT_FAILED,0,NOT_OBSERVED,REQUEST_ACK_FAILED,benchmark/extraction_runs/milestone6/ArduPilot/runs/Plane/message_summary.json,benchmark/extraction_runs/milestone6/ArduPilot/runs/Plane/request_sweep.json,Baseline proves only this default SITL profile. Request-window matches may be conditional and are not causal when the message already streamed by default.
ardupilot-plane-m6,ArduPilot,ArduPlane,plane,11004,SECURE_COMMAND,baseline/ardupilot/modules/mavlink/message_definitions/v1.0/ardupilotmega.xml,all.xml,STATIC_REFERENCE_FOUND,0,3,0,0,0,0,,,True,MAV_RESULT_FAILED,0,NOT_OBSERVED,REQUEST_ACK_FAILED,benchmark/extraction_runs/milestone6/ArduPilot/runs/Plane/message_summary.json,benchmark/extraction_runs/milestone6/ArduPilot/runs/Plane/request_sweep.json,Baseline proves only this default SITL profile. Request-window matches may be conditional and are not causal when the message already streamed by default.
ardupilot-plane-m6,ArduPilot,ArduPlane,plane,11005,SECURE_COMMAND_REPLY,baseline/ardupilot/modules/mavlink/message_definitions/v1.0/ardupilotmega.xml,all.xml,STATIC_REFERENCE_FOUND,1,1,0,0,0,0,,,True,MAV_RESULT_FAILED,0,NOT_OBSERVED,REQUEST_ACK_FAILED,benchmark/extraction_runs/milestone6/ArduPilot/runs/Plane/message_summary.json,benchmark/extraction_runs/milestone6/ArduPilot/runs/Plane/request_sweep.json,Baseline proves only this default SITL profile. Request-window matches may be conditional and are not causal when the message already streamed by default.
ardupilot-plane-m6,ArduPilot,ArduPlane,plane,11010,ADAP_TUNING,baseline/ardupilot/modules/mavlink/message_definitions/v1.0/ardupilotmega.xml,all.xml,NO_REFERENCE_FOUND_BY_HEURISTIC_SCAN,0,0,0,0,0,0,,,True,MAV_RESULT_FAILED,0,NOT_OBSERVED,REQUEST_ACK_FAILED,benchmark/extraction_runs/milestone6/ArduPilot/runs/Plane/message_summary.json,benchmark/extraction_runs/milestone6/ArduPilot/runs/Plane/request_sweep.json,Baseline proves only this default SITL profile. Request-window matches may be conditional and are not causal when the message already streamed by default.
ardupilot-plane-m6,ArduPilot,ArduPlane,plane,11011,VISION_POSITION_DELTA,baseline/ardupilot/modules/mavlink/message_definitions/v1.0/ardupilotmega.xml,all.xml,STATIC_REFERENCE_FOUND,0,2,0,0,0,0,,,True,MAV_RESULT_FAILED,0,NOT_OBSERVED,REQUEST_ACK_FAILED,benchmark/extraction_runs/milestone6/ArduPilot/runs/Plane/message_summary.json,benchmark/extraction_runs/milestone6/ArduPilot/runs/Plane/request_sweep.json,Baseline proves only this default SITL profile. Request-window matches may be conditional and are not causal when the message already streamed by default.
ardupilot-plane-m6,ArduPilot,ArduPlane,plane,11020,AOA_SSA,baseline/ardupilot/modules/mavlink/message_definitions/v1.0/ardupilotmega.xml,all.xml,STATIC_REFERENCE_FOUND,1,0,12,0,23,52,8147997984460,8197990543675,True,MAV_RESULT_ACCEPTED,1,AMBIGUOUS_BASELINE_PERIODIC,DEFAULT_STREAM_OBSERVED,benchmark/extraction_runs/milestone6/ArduPilot/runs/Plane/message_summary.json,benchmark/extraction_runs/milestone6/ArduPilot/runs/Plane/request_sweep.json,Baseline proves only this default SITL profile. Request-window matches may be conditional and are not causal when the message already streamed by default.
ardupilot-plane-m6,ArduPilot,ArduPlane,plane,11030,ESC_TELEMETRY_1_TO_4,baseline/ardupilot/modules/mavlink/message_definitions/v1.0/ardupilotmega.xml,all.xml,STATIC_REFERENCE_FOUND,1,0,10,0,23,48,8151998629528,8197995577753,True,MAV_RESULT_ACCEPTED,1,AMBIGUOUS_BASELINE_PERIODIC,DEFAULT_STREAM_OBSERVED,benchmark/extraction_runs/milestone6/ArduPilot/runs/Plane/message_summary.json,benchmark/extraction_runs/milestone6/ArduPilot/runs/Plane/request_sweep.json,Baseline proves only this default SITL profile. Request-window matches may be conditional and are not causal when the message already streamed by default.
ardupilot-plane-m6,ArduPilot,ArduPlane,plane,11031,ESC_TELEMETRY_5_TO_8,baseline/ardupilot/modules/mavlink/message_definitions/v1.0/ardupilotmega.xml,all.xml,STATIC_REFERENCE_FOUND,1,0,0,0,0,0,,,True,MAV_RESULT_FAILED,0,NOT_OBSERVED,REQUEST_ACK_FAILED,benchmark/extraction_runs/milestone6/ArduPilot/runs/Plane/message_summary.json,benchmark/extraction_runs/milestone6/ArduPilot/runs/Plane/request_sweep.json,Baseline proves only this default SITL profile. Request-window matches may be conditional and are not causal when the message already streamed by default.
ardupilot-plane-m6,ArduPilot,ArduPlane,plane,11032,ESC_TELEMETRY_9_TO_12,baseline/ardupilot/modules/mavlink/message_definitions/v1.0/ardupilotmega.xml,all.xml,STATIC_REFERENCE_FOUND,1,0,0,0,0,0,,,True,MAV_RESULT_FAILED,0,NOT_OBSERVED,REQUEST_ACK_FAILED,benchmark/extraction_runs/milestone6/ArduPilot/runs/Plane/message_summary.json,benchmark/extraction_runs/milestone6/ArduPilot/runs/Plane/request_sweep.json,Baseline proves only this default SITL profile. Request-window matches may be conditional and are not causal when the message already streamed by default.
ardupilot-plane-m6,ArduPilot,ArduPlane,plane,11033,OSD_PARAM_CONFIG,baseline/ardupilot/modules/mavlink/message_definitions/v1.0/ardupilotmega.xml,all.xml,STATIC_REFERENCE_FOUND,0,3,0,0,0,0,,,True,MAV_RESULT_FAILED,0,NOT_OBSERVED,REQUEST_ACK_FAILED,benchmark/extraction_runs/milestone6/ArduPilot/runs/Plane/message_summary.json,benchmark/extraction_runs/milestone6/ArduPilot/runs/Plane/request_sweep.json,Baseline proves only this default SITL profile. Request-window matches may be conditional and are not causal when the message already streamed by default.
ardupilot-plane-m6,ArduPilot,ArduPlane,plane,11034,OSD_PARAM_CONFIG_REPLY,baseline/ardupilot/modules/mavlink/message_definitions/v1.0/ardupilotmega.xml,all.xml,STATIC_REFERENCE_FOUND,3,0,0,0,0,0,,,True,MAV_RESULT_FAILED,0,NOT_OBSERVED,REQUEST_ACK_FAILED,benchmark/extraction_runs/milestone6/ArduPilot/runs/Plane/message_summary.json,benchmark/extraction_runs/milestone6/ArduPilot/runs/Plane/request_sweep.json,Baseline proves only this default SITL profile. Request-window matches may be conditional and are not causal when the message already streamed by default.
ardupilot-plane-m6,ArduPilot,ArduPlane,plane,11035,OSD_PARAM_SHOW_CONFIG,baseline/ardupilot/modules/mavlink/message_definitions/v1.0/ardupilotmega.xml,all.xml,STATIC_REFERENCE_FOUND,0,3,0,0,0,0,,,True,MAV_RESULT_FAILED,0,NOT_OBSERVED,REQUEST_ACK_FAILED,benchmark/extraction_runs/milestone6/ArduPilot/runs/Plane/message_summary.json,benchmark/extraction_runs/milestone6/ArduPilot/runs/Plane/request_sweep.json,Baseline proves only this default SITL profile. Request-window matches may be conditional and are not causal when the message already streamed by default.
ardupilot-plane-m6,ArduPilot,ArduPlane,plane,11036,OSD_PARAM_SHOW_CONFIG_REPLY,baseline/ardupilot/modules/mavlink/message_definitions/v1.0/ardupilotmega.xml,all.xml,STATIC_REFERENCE_FOUND,4,0,0,0,0,0,,,True,MAV_RESULT_FAILED,0,NOT_OBSERVED,REQUEST_ACK_FAILED,benchmark/extraction_runs/milestone6/ArduPilot/runs/Plane/message_summary.json,benchmark/extraction_runs/milestone6/ArduPilot/runs/Plane/request_sweep.json,Baseline proves only this default SITL profile. Request-window matches may be conditional and are not causal when the message already streamed by default.
ardupilot-plane-m6,ArduPilot,ArduPlane,plane,11037,OBSTACLE_DISTANCE_3D,baseline/ardupilot/modules/mavlink/message_definitions/v1.0/ardupilotmega.xml,all.xml,STATIC_REFERENCE_FOUND,0,2,0,0,0,0,,,True,MAV_RESULT_FAILED,0,NOT_OBSERVED,REQUEST_ACK_FAILED,benchmark/extraction_runs/milestone6/ArduPilot/runs/Plane/message_summary.json,benchmark/extraction_runs/milestone6/ArduPilot/runs/Plane/request_sweep.json,Baseline proves only this default SITL profile. Request-window matches may be conditional and are not causal when the message already streamed by default.
ardupilot-plane-m6,ArduPilot,ArduPlane,plane,11038,WATER_DEPTH,baseline/ardupilot/modules/mavlink/message_definitions/v1.0/ardupilotmega.xml,all.xml,STATIC_REFERENCE_FOUND,1,0,0,0,0,0,,,True,MAV_RESULT_FAILED,0,NOT_OBSERVED,REQUEST_ACK_FAILED,benchmark/extraction_runs/milestone6/ArduPilot/runs/Plane/message_summary.json,benchmark/extraction_runs/milestone6/ArduPilot/runs/Plane/request_sweep.json,Baseline proves only this default SITL profile. Request-window matches may be conditional and are not causal when the message already streamed by default.
ardupilot-plane-m6,ArduPilot,ArduPlane,plane,11039,MCU_STATUS,baseline/ardupilot/modules/mavlink/message_definitions/v1.0/ardupilotmega.xml,all.xml,STATIC_REFERENCE_FOUND,1,0,0,0,0,0,,,True,MAV_RESULT_FAILED,0,NOT_OBSERVED,REQUEST_ACK_FAILED,benchmark/extraction_runs/milestone6/ArduPilot/runs/Plane/message_summary.json,benchmark/extraction_runs/milestone6/ArduPilot/runs/Plane/request_sweep.json,Baseline proves only this default SITL profile. Request-window matches may be conditional and are not causal when the message already streamed by default.
ardupilot-plane-m6,ArduPilot,ArduPlane,plane,11040,ESC_TELEMETRY_13_TO_16,baseline/ardupilot/modules/mavlink/message_definitions/v1.0/ardupilotmega.xml,all.xml,STATIC_REFERENCE_FOUND,1,0,0,0,0,0,,,True,MAV_RESULT_FAILED,0,NOT_OBSERVED,REQUEST_ACK_FAILED,benchmark/extraction_runs/milestone6/ArduPilot/runs/Plane/message_summary.json,benchmark/extraction_runs/milestone6/ArduPilot/runs/Plane/request_sweep.json,Baseline proves only this default SITL profile. Request-window matches may be conditional and are not causal when the message already streamed by default.
ardupilot-plane-m6,ArduPilot,ArduPlane,plane,11041,ESC_TELEMETRY_17_TO_20,baseline/ardupilot/modules/mavlink/message_definitions/v1.0/ardupilotmega.xml,all.xml,STATIC_REFERENCE_FOUND,1,0,0,0,0,0,,,True,MAV_RESULT_FAILED,0,NOT_OBSERVED,REQUEST_ACK_FAILED,benchmark/extraction_runs/milestone6/ArduPilot/runs/Plane/message_summary.json,benchmark/extraction_runs/milestone6/ArduPilot/runs/Plane/request_sweep.json,Baseline proves only this default SITL profile. Request-window matches may be conditional and are not causal when the message already streamed by default.
ardupilot-plane-m6,ArduPilot,ArduPlane,plane,11042,ESC_TELEMETRY_21_TO_24,baseline/ardupilot/modules/mavlink/message_definitions/v1.0/ardupilotmega.xml,all.xml,STATIC_REFERENCE_FOUND,1,0,0,0,0,0,,,True,MAV_RESULT_FAILED,0,NOT_OBSERVED,REQUEST_ACK_FAILED,benchmark/extraction_runs/milestone6/ArduPilot/runs/Plane/message_summary.json,benchmark/extraction_runs/milestone6/ArduPilot/runs/Plane/request_sweep.json,Baseline proves only this default SITL profile. Request-window matches may be conditional and are not causal when the message already streamed by default.
ardupilot-plane-m6,ArduPilot,ArduPlane,plane,11043,ESC_TELEMETRY_25_TO_28,baseline/ardupilot/modules/mavlink/message_definitions/v1.0/ardupilotmega.xml,all.xml,STATIC_REFERENCE_FOUND,1,0,0,0,0,0,,,True,MAV_RESULT_FAILED,0,NOT_OBSERVED,REQUEST_ACK_FAILED,benchmark/extraction_runs/milestone6/ArduPilot/runs/Plane/message_summary.json,benchmark/extraction_runs/milestone6/ArduPilot/runs/Plane/request_sweep.json,Baseline proves only this default SITL profile. Request-window matches may be conditional and are not causal when the message already streamed by default.
ardupilot-plane-m6,ArduPilot,ArduPlane,plane,11044,ESC_TELEMETRY_29_TO_32,baseline/ardupilot/modules/mavlink/message_definitions/v1.0/ardupilotmega.xml,all.xml,STATIC_REFERENCE_FOUND,1,0,0,0,0,0,,,True,MAV_RESULT_FAILED,0,NOT_OBSERVED,REQUEST_ACK_FAILED,benchmark/extraction_runs/milestone6/ArduPilot/runs/Plane/message_summary.json,benchmark/extraction_runs/milestone6/ArduPilot/runs/Plane/request_sweep.json,Baseline proves only this default SITL profile. Request-window matches may be conditional and are not causal when the message already streamed by default.
ardupilot-plane-m6,ArduPilot,ArduPlane,plane,11060,NAMED_VALUE_STRING,baseline/ardupilot/modules/mavlink/message_definitions/v1.0/ardupilotmega.xml,all.xml,STATIC_REFERENCE_FOUND,0,0,0,0,0,0,,,True,MAV_RESULT_FAILED,0,NOT_OBSERVED,REQUEST_ACK_FAILED,benchmark/extraction_runs/milestone6/ArduPilot/runs/Plane/message_summary.json,benchmark/extraction_runs/milestone6/ArduPilot/runs/Plane/request_sweep.json,Baseline proves only this default SITL profile. Request-window matches may be conditional and are not causal when the message already streamed by default.
ardupilot-plane-m6,ArduPilot,ArduPlane,plane,12900,OPEN_DRONE_ID_BASIC_ID,baseline/ardupilot/modules/mavlink/message_definitions/v1.0/common.xml,all.xml,STATIC_REFERENCE_FOUND,1,3,0,0,0,0,,,True,MAV_RESULT_FAILED,0,NOT_OBSERVED,REQUEST_ACK_FAILED,benchmark/extraction_runs/milestone6/ArduPilot/runs/Plane/message_summary.json,benchmark/extraction_runs/milestone6/ArduPilot/runs/Plane/request_sweep.json,Baseline proves only this default SITL profile. Request-window matches may be conditional and are not causal when the message already streamed by default.
ardupilot-plane-m6,ArduPilot,ArduPlane,plane,12901,OPEN_DRONE_ID_LOCATION,baseline/ardupilot/modules/mavlink/message_definitions/v1.0/common.xml,all.xml,STATIC_REFERENCE_FOUND,1,0,0,0,0,0,,,True,MAV_RESULT_FAILED,0,NOT_OBSERVED,REQUEST_ACK_FAILED,benchmark/extraction_runs/milestone6/ArduPilot/runs/Plane/message_summary.json,benchmark/extraction_runs/milestone6/ArduPilot/runs/Plane/request_sweep.json,Baseline proves only this default SITL profile. Request-window matches may be conditional and are not causal when the message already streamed by default.
ardupilot-plane-m6,ArduPilot,ArduPlane,plane,12902,OPEN_DRONE_ID_AUTHENTICATION,baseline/ardupilot/modules/mavlink/message_definitions/v1.0/common.xml,all.xml,NO_REFERENCE_FOUND_BY_HEURISTIC_SCAN,0,0,0,0,0,0,,,True,MAV_RESULT_FAILED,0,NOT_OBSERVED,REQUEST_ACK_FAILED,benchmark/extraction_runs/milestone6/ArduPilot/runs/Plane/message_summary.json,benchmark/extraction_runs/milestone6/ArduPilot/runs/Plane/request_sweep.json,Baseline proves only this default SITL profile. Request-window matches may be conditional and are not causal when the message already streamed by default.
ardupilot-plane-m6,ArduPilot,ArduPlane,plane,12903,OPEN_DRONE_ID_SELF_ID,baseline/ardupilot/modules/mavlink/message_definitions/v1.0/common.xml,all.xml,STATIC_REFERENCE_FOUND,1,3,0,0,0,0,,,True,MAV_RESULT_FAILED,0,NOT_OBSERVED,REQUEST_ACK_FAILED,benchmark/extraction_runs/milestone6/ArduPilot/runs/Plane/message_summary.json,benchmark/extraction_runs/milestone6/ArduPilot/runs/Plane/request_sweep.json,Baseline proves only this default SITL profile. Request-window matches may be conditional and are not causal when the message already streamed by default.
ardupilot-plane-m6,ArduPilot,ArduPlane,plane,12904,OPEN_DRONE_ID_SYSTEM,baseline/ardupilot/modules/mavlink/message_definitions/v1.0/common.xml,all.xml,STATIC_REFERENCE_FOUND,1,3,0,0,0,0,,,True,MAV_RESULT_FAILED,0,NOT_OBSERVED,REQUEST_ACK_FAILED,benchmark/extraction_runs/milestone6/ArduPilot/runs/Plane/message_summary.json,benchmark/extraction_runs/milestone6/ArduPilot/runs/Plane/request_sweep.json,Baseline proves only this default SITL profile. Request-window matches may be conditional and are not causal when the message already streamed by default.
ardupilot-plane-m6,ArduPilot,ArduPlane,plane,12905,OPEN_DRONE_ID_OPERATOR_ID,baseline/ardupilot/modules/mavlink/message_definitions/v1.0/common.xml,all.xml,STATIC_REFERENCE_FOUND,1,3,0,0,0,0,,,True,MAV_RESULT_FAILED,0,NOT_OBSERVED,REQUEST_ACK_FAILED,benchmark/extraction_runs/milestone6/ArduPilot/runs/Plane/message_summary.json,benchmark/extraction_runs/milestone6/ArduPilot/runs/Plane/request_sweep.json,Baseline proves only this default SITL profile. Request-window matches may be conditional and are not causal when the message already streamed by default.
ardupilot-plane-m6,ArduPilot,ArduPlane,plane,12915,OPEN_DRONE_ID_MESSAGE_PACK,baseline/ardupilot/modules/mavlink/message_definitions/v1.0/common.xml,all.xml,NO_REFERENCE_FOUND_BY_HEURISTIC_SCAN,0,0,0,0,0,0,,,True,MAV_RESULT_FAILED,0,NOT_OBSERVED,REQUEST_ACK_FAILED,benchmark/extraction_runs/milestone6/ArduPilot/runs/Plane/message_summary.json,benchmark/extraction_runs/milestone6/ArduPilot/runs/Plane/request_sweep.json,Baseline proves only this default SITL profile. Request-window matches may be conditional and are not causal when the message already streamed by default.
ardupilot-plane-m6,ArduPilot,ArduPlane,plane,12918,OPEN_DRONE_ID_ARM_STATUS,baseline/ardupilot/modules/mavlink/message_definitions/v1.0/common.xml,all.xml,STATIC_REFERENCE_FOUND,0,3,0,0,0,0,,,True,MAV_RESULT_FAILED,0,NOT_OBSERVED,REQUEST_ACK_FAILED,benchmark/extraction_runs/milestone6/ArduPilot/runs/Plane/message_summary.json,benchmark/extraction_runs/milestone6/ArduPilot/runs/Plane/request_sweep.json,Baseline proves only this default SITL profile. Request-window matches may be conditional and are not causal when the message already streamed by default.
ardupilot-plane-m6,ArduPilot,ArduPlane,plane,12919,OPEN_DRONE_ID_SYSTEM_UPDATE,baseline/ardupilot/modules/mavlink/message_definitions/v1.0/common.xml,all.xml,STATIC_REFERENCE_FOUND,1,3,0,0,0,0,,,True,MAV_RESULT_FAILED,0,NOT_OBSERVED,REQUEST_ACK_FAILED,benchmark/extraction_runs/milestone6/ArduPilot/runs/Plane/message_summary.json,benchmark/extraction_runs/milestone6/ArduPilot/runs/Plane/request_sweep.json,Baseline proves only this default SITL profile. Request-window matches may be conditional and are not causal when the message already streamed by default.
ardupilot-plane-m6,ArduPilot,ArduPlane,plane,12920,HYGROMETER_SENSOR,baseline/ardupilot/modules/mavlink/message_definitions/v1.0/common.xml,all.xml,STATIC_REFERENCE_FOUND,1,0,0,0,0,0,,,True,MAV_RESULT_FAILED,0,NOT_OBSERVED,REQUEST_ACK_FAILED,benchmark/extraction_runs/milestone6/ArduPilot/runs/Plane/message_summary.json,benchmark/extraction_runs/milestone6/ArduPilot/runs/Plane/request_sweep.json,Baseline proves only this default SITL profile. Request-window matches may be conditional and are not causal when the message already streamed by default.
ardupilot-plane-m6,ArduPilot,ArduPlane,plane,17000,TEST_TYPES,baseline/ardupilot/modules/mavlink/message_definitions/v1.0/test.xml,all.xml,NO_REFERENCE_FOUND_BY_HEURISTIC_SCAN,0,0,0,0,0,0,,,True,MAV_RESULT_FAILED,0,NOT_OBSERVED,REQUEST_ACK_FAILED,benchmark/extraction_runs/milestone6/ArduPilot/runs/Plane/message_summary.json,benchmark/extraction_runs/milestone6/ArduPilot/runs/Plane/request_sweep.json,Baseline proves only this default SITL profile. Request-window matches may be conditional and are not causal when the message already streamed by default.
ardupilot-plane-m6,ArduPilot,ArduPlane,plane,17150,ARRAY_TEST_0,baseline/ardupilot/modules/mavlink/message_definitions/v1.0/python_array_test.xml,all.xml,NO_REFERENCE_FOUND_BY_HEURISTIC_SCAN,0,0,0,0,0,0,,,True,MAV_RESULT_FAILED,0,NOT_OBSERVED,REQUEST_ACK_FAILED,benchmark/extraction_runs/milestone6/ArduPilot/runs/Plane/message_summary.json,benchmark/extraction_runs/milestone6/ArduPilot/runs/Plane/request_sweep.json,Baseline proves only this default SITL profile. Request-window matches may be conditional and are not causal when the message already streamed by default.
ardupilot-plane-m6,ArduPilot,ArduPlane,plane,17151,ARRAY_TEST_1,baseline/ardupilot/modules/mavlink/message_definitions/v1.0/python_array_test.xml,all.xml,NO_REFERENCE_FOUND_BY_HEURISTIC_SCAN,0,0,0,0,0,0,,,True,MAV_RESULT_FAILED,0,NOT_OBSERVED,REQUEST_ACK_FAILED,benchmark/extraction_runs/milestone6/ArduPilot/runs/Plane/message_summary.json,benchmark/extraction_runs/milestone6/ArduPilot/runs/Plane/request_sweep.json,Baseline proves only this default SITL profile. Request-window matches may be conditional and are not causal when the message already streamed by default.
ardupilot-plane-m6,ArduPilot,ArduPlane,plane,17153,ARRAY_TEST_3,baseline/ardupilot/modules/mavlink/message_definitions/v1.0/python_array_test.xml,all.xml,NO_REFERENCE_FOUND_BY_HEURISTIC_SCAN,0,0,0,0,0,0,,,True,MAV_RESULT_FAILED,0,NOT_OBSERVED,REQUEST_ACK_FAILED,benchmark/extraction_runs/milestone6/ArduPilot/runs/Plane/message_summary.json,benchmark/extraction_runs/milestone6/ArduPilot/runs/Plane/request_sweep.json,Baseline proves only this default SITL profile. Request-window matches may be conditional and are not causal when the message already streamed by default.
ardupilot-plane-m6,ArduPilot,ArduPlane,plane,17154,ARRAY_TEST_4,baseline/ardupilot/modules/mavlink/message_definitions/v1.0/python_array_test.xml,all.xml,NO_REFERENCE_FOUND_BY_HEURISTIC_SCAN,0,0,0,0,0,0,,,True,MAV_RESULT_FAILED,0,NOT_OBSERVED,REQUEST_ACK_FAILED,benchmark/extraction_runs/milestone6/ArduPilot/runs/Plane/message_summary.json,benchmark/extraction_runs/milestone6/ArduPilot/runs/Plane/request_sweep.json,Baseline proves only this default SITL profile. Request-window matches may be conditional and are not causal when the message already streamed by default.
ardupilot-plane-m6,ArduPilot,ArduPlane,plane,17155,ARRAY_TEST_5,baseline/ardupilot/modules/mavlink/message_definitions/v1.0/python_array_test.xml,all.xml,NO_REFERENCE_FOUND_BY_HEURISTIC_SCAN,0,0,0,0,0,0,,,True,MAV_RESULT_FAILED,0,NOT_OBSERVED,REQUEST_ACK_FAILED,benchmark/extraction_runs/milestone6/ArduPilot/runs/Plane/message_summary.json,benchmark/extraction_runs/milestone6/ArduPilot/runs/Plane/request_sweep.json,Baseline proves only this default SITL profile. Request-window matches may be conditional and are not causal when the message already streamed by default.
ardupilot-plane-m6,ArduPilot,ArduPlane,plane,17156,ARRAY_TEST_6,baseline/ardupilot/modules/mavlink/message_definitions/v1.0/python_array_test.xml,all.xml,NO_REFERENCE_FOUND_BY_HEURISTIC_SCAN,0,0,0,0,0,0,,,True,MAV_RESULT_FAILED,0,NOT_OBSERVED,REQUEST_ACK_FAILED,benchmark/extraction_runs/milestone6/ArduPilot/runs/Plane/message_summary.json,benchmark/extraction_runs/milestone6/ArduPilot/runs/Plane/request_sweep.json,Baseline proves only this default SITL profile. Request-window matches may be conditional and are not causal when the message already streamed by default.
ardupilot-plane-m6,ArduPilot,ArduPlane,plane,17157,ARRAY_TEST_7,baseline/ardupilot/modules/mavlink/message_definitions/v1.0/python_array_test.xml,all.xml,NO_REFERENCE_FOUND_BY_HEURISTIC_SCAN,0,0,0,0,0,0,,,True,MAV_RESULT_FAILED,0,NOT_OBSERVED,REQUEST_ACK_FAILED,benchmark/extraction_runs/milestone6/ArduPilot/runs/Plane/message_summary.json,benchmark/extraction_runs/milestone6/ArduPilot/runs/Plane/request_sweep.json,Baseline proves only this default SITL profile. Request-window matches may be conditional and are not causal when the message already streamed by default.
ardupilot-plane-m6,ArduPilot,ArduPlane,plane,17158,ARRAY_TEST_8,baseline/ardupilot/modules/mavlink/message_definitions/v1.0/python_array_test.xml,all.xml,NO_REFERENCE_FOUND_BY_HEURISTIC_SCAN,0,0,0,0,0,0,,,True,MAV_RESULT_FAILED,0,NOT_OBSERVED,REQUEST_ACK_FAILED,benchmark/extraction_runs/milestone6/ArduPilot/runs/Plane/message_summary.json,benchmark/extraction_runs/milestone6/ArduPilot/runs/Plane/request_sweep.json,Baseline proves only this default SITL profile. Request-window matches may be conditional and are not causal when the message already streamed by default.
ardupilot-plane-m6,ArduPilot,ArduPlane,plane,42000,ICAROUS_HEARTBEAT,baseline/ardupilot/modules/mavlink/message_definitions/v1.0/icarous.xml,all.xml,NO_REFERENCE_FOUND_BY_HEURISTIC_SCAN,0,0,0,0,0,0,,,True,MAV_RESULT_FAILED,0,NOT_OBSERVED,REQUEST_ACK_FAILED,benchmark/extraction_runs/milestone6/ArduPilot/runs/Plane/message_summary.json,benchmark/extraction_runs/milestone6/ArduPilot/runs/Plane/request_sweep.json,Baseline proves only this default SITL profile. Request-window matches may be conditional and are not causal when the message already streamed by default.
ardupilot-plane-m6,ArduPilot,ArduPlane,plane,42001,ICAROUS_KINEMATIC_BANDS,baseline/ardupilot/modules/mavlink/message_definitions/v1.0/icarous.xml,all.xml,NO_REFERENCE_FOUND_BY_HEURISTIC_SCAN,0,0,0,0,0,0,,,True,MAV_RESULT_FAILED,0,NOT_OBSERVED,REQUEST_ACK_FAILED,benchmark/extraction_runs/milestone6/ArduPilot/runs/Plane/message_summary.json,benchmark/extraction_runs/milestone6/ArduPilot/runs/Plane/request_sweep.json,Baseline proves only this default SITL profile. Request-window matches may be conditional and are not causal when the message already streamed by default.
ardupilot-plane-m6,ArduPilot,ArduPlane,plane,50001,CUBEPILOT_RAW_RC,baseline/ardupilot/modules/mavlink/message_definitions/v1.0/cubepilot.xml,all.xml,NO_REFERENCE_FOUND_BY_HEURISTIC_SCAN,0,0,0,0,0,0,,,True,MAV_RESULT_FAILED,0,NOT_OBSERVED,REQUEST_ACK_FAILED,benchmark/extraction_runs/milestone6/ArduPilot/runs/Plane/message_summary.json,benchmark/extraction_runs/milestone6/ArduPilot/runs/Plane/request_sweep.json,Baseline proves only this default SITL profile. Request-window matches may be conditional and are not causal when the message already streamed by default.
ardupilot-plane-m6,ArduPilot,ArduPlane,plane,50002,HERELINK_VIDEO_STREAM_INFORMATION,baseline/ardupilot/modules/mavlink/message_definitions/v1.0/cubepilot.xml,all.xml,NO_REFERENCE_FOUND_BY_HEURISTIC_SCAN,0,0,0,0,0,0,,,True,MAV_RESULT_FAILED,0,NOT_OBSERVED,REQUEST_ACK_FAILED,benchmark/extraction_runs/milestone6/ArduPilot/runs/Plane/message_summary.json,benchmark/extraction_runs/milestone6/ArduPilot/runs/Plane/request_sweep.json,Baseline proves only this default SITL profile. Request-window matches may be conditional and are not causal when the message already streamed by default.
ardupilot-plane-m6,ArduPilot,ArduPlane,plane,50003,HERELINK_TELEM,baseline/ardupilot/modules/mavlink/message_definitions/v1.0/cubepilot.xml,all.xml,NO_REFERENCE_FOUND_BY_HEURISTIC_SCAN,0,0,0,0,0,0,,,True,MAV_RESULT_FAILED,0,NOT_OBSERVED,REQUEST_ACK_FAILED,benchmark/extraction_runs/milestone6/ArduPilot/runs/Plane/message_summary.json,benchmark/extraction_runs/milestone6/ArduPilot/runs/Plane/request_sweep.json,Baseline proves only this default SITL profile. Request-window matches may be conditional and are not causal when the message already streamed by default.
ardupilot-plane-m6,ArduPilot,ArduPlane,plane,50004,CUBEPILOT_FIRMWARE_UPDATE_START,baseline/ardupilot/modules/mavlink/message_definitions/v1.0/cubepilot.xml,all.xml,NO_REFERENCE_FOUND_BY_HEURISTIC_SCAN,0,0,0,0,0,0,,,True,MAV_RESULT_FAILED,0,NOT_OBSERVED,REQUEST_ACK_FAILED,benchmark/extraction_runs/milestone6/ArduPilot/runs/Plane/message_summary.json,benchmark/extraction_runs/milestone6/ArduPilot/runs/Plane/request_sweep.json,Baseline proves only this default SITL profile. Request-window matches may be conditional and are not causal when the message already streamed by default.
ardupilot-plane-m6,ArduPilot,ArduPlane,plane,50005,CUBEPILOT_FIRMWARE_UPDATE_RESP,baseline/ardupilot/modules/mavlink/message_definitions/v1.0/cubepilot.xml,all.xml,NO_REFERENCE_FOUND_BY_HEURISTIC_SCAN,0,0,0,0,0,0,,,True,MAV_RESULT_FAILED,0,NOT_OBSERVED,REQUEST_ACK_FAILED,benchmark/extraction_runs/milestone6/ArduPilot/runs/Plane/message_summary.json,benchmark/extraction_runs/milestone6/ArduPilot/runs/Plane/request_sweep.json,Baseline proves only this default SITL profile. Request-window matches may be conditional and are not causal when the message already streamed by default.
ardupilot-plane-m6,ArduPilot,ArduPlane,plane,52000,AIRLINK_AUTH,baseline/ardupilot/modules/mavlink/message_definitions/v1.0/csAirLink.xml,all.xml,NO_REFERENCE_FOUND_BY_HEURISTIC_SCAN,0,0,0,0,0,0,,,True,MAV_RESULT_FAILED,0,NOT_OBSERVED,REQUEST_ACK_FAILED,benchmark/extraction_runs/milestone6/ArduPilot/runs/Plane/message_summary.json,benchmark/extraction_runs/milestone6/ArduPilot/runs/Plane/request_sweep.json,Baseline proves only this default SITL profile. Request-window matches may be conditional and are not causal when the message already streamed by default.
ardupilot-plane-m6,ArduPilot,ArduPlane,plane,52001,AIRLINK_AUTH_RESPONSE,baseline/ardupilot/modules/mavlink/message_definitions/v1.0/csAirLink.xml,all.xml,NO_REFERENCE_FOUND_BY_HEURISTIC_SCAN,0,0,0,0,0,0,,,True,MAV_RESULT_FAILED,0,NOT_OBSERVED,REQUEST_ACK_FAILED,benchmark/extraction_runs/milestone6/ArduPilot/runs/Plane/message_summary.json,benchmark/extraction_runs/milestone6/ArduPilot/runs/Plane/request_sweep.json,Baseline proves only this default SITL profile. Request-window matches may be conditional and are not causal when the message already streamed by default.
ardupilot-plane-m6,ArduPilot,ArduPlane,plane,60000,AUTOPILOT_STATE_FOR_GIMBAL_DEVICE_EXT,baseline/ardupilot/modules/mavlink/message_definitions/v1.0/storm32.xml,all.xml,NO_REFERENCE_FOUND_BY_HEURISTIC_SCAN,0,0,0,0,0,0,,,True,MAV_RESULT_FAILED,0,NOT_OBSERVED,REQUEST_ACK_FAILED,benchmark/extraction_runs/milestone6/ArduPilot/runs/Plane/message_summary.json,benchmark/extraction_runs/milestone6/ArduPilot/runs/Plane/request_sweep.json,Baseline proves only this default SITL profile. Request-window matches may be conditional and are not causal when the message already streamed by default.
ardupilot-plane-m6,ArduPilot,ArduPlane,plane,60010,STORM32_GIMBAL_MANAGER_INFORMATION,baseline/ardupilot/modules/mavlink/message_definitions/v1.0/storm32.xml,all.xml,NO_REFERENCE_FOUND_BY_HEURISTIC_SCAN,0,0,0,0,0,0,,,True,MAV_RESULT_FAILED,0,NOT_OBSERVED,REQUEST_ACK_FAILED,benchmark/extraction_runs/milestone6/ArduPilot/runs/Plane/message_summary.json,benchmark/extraction_runs/milestone6/ArduPilot/runs/Plane/request_sweep.json,Baseline proves only this default SITL profile. Request-window matches may be conditional and are not causal when the message already streamed by default.
ardupilot-plane-m6,ArduPilot,ArduPlane,plane,60011,STORM32_GIMBAL_MANAGER_STATUS,baseline/ardupilot/modules/mavlink/message_definitions/v1.0/storm32.xml,all.xml,NO_REFERENCE_FOUND_BY_HEURISTIC_SCAN,0,0,0,0,0,0,,,True,MAV_RESULT_FAILED,0,NOT_OBSERVED,REQUEST_ACK_FAILED,benchmark/extraction_runs/milestone6/ArduPilot/runs/Plane/message_summary.json,benchmark/extraction_runs/milestone6/ArduPilot/runs/Plane/request_sweep.json,Baseline proves only this default SITL profile. Request-window matches may be conditional and are not causal when the message already streamed by default.
ardupilot-plane-m6,ArduPilot,ArduPlane,plane,60012,STORM32_GIMBAL_MANAGER_CONTROL,baseline/ardupilot/modules/mavlink/message_definitions/v1.0/storm32.xml,all.xml,NO_REFERENCE_FOUND_BY_HEURISTIC_SCAN,0,0,0,0,0,0,,,True,MAV_RESULT_FAILED,0,NOT_OBSERVED,REQUEST_ACK_FAILED,benchmark/extraction_runs/milestone6/ArduPilot/runs/Plane/message_summary.json,benchmark/extraction_runs/milestone6/ArduPilot/runs/Plane/request_sweep.json,Baseline proves only this default SITL profile. Request-window matches may be conditional and are not causal when the message already streamed by default.
ardupilot-plane-m6,ArduPilot,ArduPlane,plane,60013,STORM32_GIMBAL_MANAGER_CONTROL_PITCHYAW,baseline/ardupilot/modules/mavlink/message_definitions/v1.0/storm32.xml,all.xml,NO_REFERENCE_FOUND_BY_HEURISTIC_SCAN,0,0,0,0,0,0,,,True,MAV_RESULT_FAILED,0,NOT_OBSERVED,REQUEST_ACK_FAILED,benchmark/extraction_runs/milestone6/ArduPilot/runs/Plane/message_summary.json,benchmark/extraction_runs/milestone6/ArduPilot/runs/Plane/request_sweep.json,Baseline proves only this default SITL profile. Request-window matches may be conditional and are not causal when the message already streamed by default.
ardupilot-plane-m6,ArduPilot,ArduPlane,plane,60014,STORM32_GIMBAL_MANAGER_CORRECT_ROLL,baseline/ardupilot/modules/mavlink/message_definitions/v1.0/storm32.xml,all.xml,NO_REFERENCE_FOUND_BY_HEURISTIC_SCAN,0,0,0,0,0,0,,,True,MAV_RESULT_FAILED,0,NOT_OBSERVED,REQUEST_ACK_FAILED,benchmark/extraction_runs/milestone6/ArduPilot/runs/Plane/message_summary.json,benchmark/extraction_runs/milestone6/ArduPilot/runs/Plane/request_sweep.json,Baseline proves only this default SITL profile. Request-window matches may be conditional and are not causal when the message already streamed by default.
ardupilot-plane-m6,ArduPilot,ArduPlane,plane,60020,QSHOT_STATUS,baseline/ardupilot/modules/mavlink/message_definitions/v1.0/storm32.xml,all.xml,NO_REFERENCE_FOUND_BY_HEURISTIC_SCAN,0,0,0,0,0,0,,,True,MAV_RESULT_FAILED,0,NOT_OBSERVED,REQUEST_ACK_FAILED,benchmark/extraction_runs/milestone6/ArduPilot/runs/Plane/message_summary.json,benchmark/extraction_runs/milestone6/ArduPilot/runs/Plane/request_sweep.json,Baseline proves only this default SITL profile. Request-window matches may be conditional and are not causal when the message already streamed by default.
ardupilot-plane-m6,ArduPilot,ArduPlane,plane,60040,FRSKY_PASSTHROUGH_ARRAY,baseline/ardupilot/modules/mavlink/message_definitions/v1.0/storm32.xml,all.xml,NO_REFERENCE_FOUND_BY_HEURISTIC_SCAN,0,0,0,0,0,0,,,True,MAV_RESULT_FAILED,0,NOT_OBSERVED,REQUEST_ACK_FAILED,benchmark/extraction_runs/milestone6/ArduPilot/runs/Plane/message_summary.json,benchmark/extraction_runs/milestone6/ArduPilot/runs/Plane/request_sweep.json,Baseline proves only this default SITL profile. Request-window matches may be conditional and are not causal when the message already streamed by default.
ardupilot-plane-m6,ArduPilot,ArduPlane,plane,60041,PARAM_VALUE_ARRAY,baseline/ardupilot/modules/mavlink/message_definitions/v1.0/storm32.xml,all.xml,NO_REFERENCE_FOUND_BY_HEURISTIC_SCAN,0,0,0,0,0,0,,,True,MAV_RESULT_FAILED,0,NOT_OBSERVED,REQUEST_ACK_FAILED,benchmark/extraction_runs/milestone6/ArduPilot/runs/Plane/message_summary.json,benchmark/extraction_runs/milestone6/ArduPilot/runs/Plane/request_sweep.json,Baseline proves only this default SITL profile. Request-window matches may be conditional and are not causal when the message already streamed by default.
ardupilot-plane-m6,ArduPilot,ArduPlane,plane,60045,MLRS_RADIO_LINK_STATS,baseline/ardupilot/modules/mavlink/message_definitions/v1.0/storm32.xml,all.xml,NO_REFERENCE_FOUND_BY_HEURISTIC_SCAN,0,0,0,0,0,0,,,True,MAV_RESULT_FAILED,0,NOT_OBSERVED,REQUEST_ACK_FAILED,benchmark/extraction_runs/milestone6/ArduPilot/runs/Plane/message_summary.json,benchmark/extraction_runs/milestone6/ArduPilot/runs/Plane/request_sweep.json,Baseline proves only this default SITL profile. Request-window matches may be conditional and are not causal when the message already streamed by default.
ardupilot-plane-m6,ArduPilot,ArduPlane,plane,60046,MLRS_RADIO_LINK_INFORMATION,baseline/ardupilot/modules/mavlink/message_definitions/v1.0/storm32.xml,all.xml,NO_REFERENCE_FOUND_BY_HEURISTIC_SCAN,0,0,0,0,0,0,,,True,MAV_RESULT_FAILED,0,NOT_OBSERVED,REQUEST_ACK_FAILED,benchmark/extraction_runs/milestone6/ArduPilot/runs/Plane/message_summary.json,benchmark/extraction_runs/milestone6/ArduPilot/runs/Plane/request_sweep.json,Baseline proves only this default SITL profile. Request-window matches may be conditional and are not causal when the message already streamed by default.
ardupilot-plane-m6,ArduPilot,ArduPlane,plane,60047,MLRS_RADIO_LINK_FLOW_CONTROL,baseline/ardupilot/modules/mavlink/message_definitions/v1.0/storm32.xml,all.xml,NO_REFERENCE_FOUND_BY_HEURISTIC_SCAN,0,0,0,0,0,0,,,True,MAV_RESULT_FAILED,0,NOT_OBSERVED,REQUEST_ACK_FAILED,benchmark/extraction_runs/milestone6/ArduPilot/runs/Plane/message_summary.json,benchmark/extraction_runs/milestone6/ArduPilot/runs/Plane/request_sweep.json,Baseline proves only this default SITL profile. Request-window matches may be conditional and are not causal when the message already streamed by default.
ardupilot-plane-m6,ArduPilot,ArduPlane,plane,60050,AVSS_PRS_SYS_STATUS,baseline/ardupilot/modules/mavlink/message_definitions/v1.0/AVSSUAS.xml,all.xml,NO_REFERENCE_FOUND_BY_HEURISTIC_SCAN,0,0,0,0,0,0,,,True,MAV_RESULT_FAILED,0,NOT_OBSERVED,REQUEST_ACK_FAILED,benchmark/extraction_runs/milestone6/ArduPilot/runs/Plane/message_summary.json,benchmark/extraction_runs/milestone6/ArduPilot/runs/Plane/request_sweep.json,Baseline proves only this default SITL profile. Request-window matches may be conditional and are not causal when the message already streamed by default.
ardupilot-plane-m6,ArduPilot,ArduPlane,plane,60051,AVSS_DRONE_POSITION,baseline/ardupilot/modules/mavlink/message_definitions/v1.0/AVSSUAS.xml,all.xml,NO_REFERENCE_FOUND_BY_HEURISTIC_SCAN,0,0,0,0,0,0,,,True,MAV_RESULT_FAILED,0,NOT_OBSERVED,REQUEST_ACK_FAILED,benchmark/extraction_runs/milestone6/ArduPilot/runs/Plane/message_summary.json,benchmark/extraction_runs/milestone6/ArduPilot/runs/Plane/request_sweep.json,Baseline proves only this default SITL profile. Request-window matches may be conditional and are not causal when the message already streamed by default.
ardupilot-plane-m6,ArduPilot,ArduPlane,plane,60052,AVSS_DRONE_IMU,baseline/ardupilot/modules/mavlink/message_definitions/v1.0/AVSSUAS.xml,all.xml,NO_REFERENCE_FOUND_BY_HEURISTIC_SCAN,0,0,0,0,0,0,,,True,MAV_RESULT_FAILED,0,NOT_OBSERVED,REQUEST_ACK_FAILED,benchmark/extraction_runs/milestone6/ArduPilot/runs/Plane/message_summary.json,benchmark/extraction_runs/milestone6/ArduPilot/runs/Plane/request_sweep.json,Baseline proves only this default SITL profile. Request-window matches may be conditional and are not causal when the message already streamed by default.
ardupilot-plane-m6,ArduPilot,ArduPlane,plane,60053,AVSS_DRONE_OPERATION_MODE,baseline/ardupilot/modules/mavlink/message_definitions/v1.0/AVSSUAS.xml,all.xml,NO_REFERENCE_FOUND_BY_HEURISTIC_SCAN,0,0,0,0,0,0,,,True,MAV_RESULT_FAILED,0,NOT_OBSERVED,REQUEST_ACK_FAILED,benchmark/extraction_runs/milestone6/ArduPilot/runs/Plane/message_summary.json,benchmark/extraction_runs/milestone6/ArduPilot/runs/Plane/request_sweep.json,Baseline proves only this default SITL profile. Request-window matches may be conditional and are not causal when the message already streamed by default.
ardupilot-rover-m6,ArduPilot,Rover,rover,0,HEARTBEAT,baseline/ardupilot/modules/mavlink/message_definitions/v1.0/minimal.xml,all.xml,STATIC_REFERENCE_FOUND,2,7,12,1,24,119,8199862028042,8253151392504,True,MAV_RESULT_ACCEPTED,1,AMBIGUOUS_BASELINE_PERIODIC,DEFAULT_STREAM_OBSERVED,benchmark/extraction_runs/milestone6/ArduPilot/runs/Rover/message_summary.json,benchmark/extraction_runs/milestone6/ArduPilot/runs/Rover/request_sweep.json,Baseline proves only this default SITL profile. Request-window matches may be conditional and are not causal when the message already streamed by default.
ardupilot-rover-m6,ArduPilot,Rover,rover,1,SYS_STATUS,baseline/ardupilot/modules/mavlink/message_definitions/v1.0/common.xml,all.xml,STATIC_REFERENCE_FOUND,1,0,12,0,25,113,8201911742191,8253174590454,True,MAV_RESULT_ACCEPTED,1,AMBIGUOUS_BASELINE_PERIODIC,DEFAULT_STREAM_OBSERVED,benchmark/extraction_runs/milestone6/ArduPilot/runs/Rover/message_summary.json,benchmark/extraction_runs/milestone6/ArduPilot/runs/Rover/request_sweep.json,Baseline proves only this default SITL profile. Request-window matches may be conditional and are not causal when the message already streamed by default.
ardupilot-rover-m6,ArduPilot,Rover,rover,2,SYSTEM_TIME,baseline/ardupilot/modules/mavlink/message_definitions/v1.0/common.xml,all.xml,STATIC_REFERENCE_FOUND,1,2,12,0,25,112,8201922782619,8253175443959,True,MAV_RESULT_ACCEPTED,1,AMBIGUOUS_BASELINE_PERIODIC,DEFAULT_STREAM_OBSERVED,benchmark/extraction_runs/milestone6/ArduPilot/runs/Rover/message_summary.json,benchmark/extraction_runs/milestone6/ArduPilot/runs/Rover/request_sweep.json,Baseline proves only this default SITL profile. Request-window matches may be conditional and are not causal when the message already streamed by default.
ardupilot-rover-m6,ArduPilot,Rover,rover,4,PING,baseline/ardupilot/modules/mavlink/message_definitions/v1.0/common.xml,all.xml,NO_REFERENCE_FOUND_BY_HEURISTIC_SCAN,0,0,0,0,0,0,,,True,MAV_RESULT_FAILED,0,NOT_OBSERVED,REQUEST_ACK_FAILED,benchmark/extraction_runs/milestone6/ArduPilot/runs/Rover/message_summary.json,benchmark/extraction_runs/milestone6/ArduPilot/runs/Rover/request_sweep.json,Baseline proves only this default SITL profile. Request-window matches may be conditional and are not causal when the message already streamed by default.
ardupilot-rover-m6,ArduPilot,Rover,rover,5,CHANGE_OPERATOR_CONTROL,baseline/ardupilot/modules/mavlink/message_definitions/v1.0/common.xml,all.xml,NO_REFERENCE_FOUND_BY_HEURISTIC_SCAN,0,0,0,0,0,0,,,True,MAV_RESULT_FAILED,0,NOT_OBSERVED,REQUEST_ACK_FAILED,benchmark/extraction_runs/milestone6/ArduPilot/runs/Rover/message_summary.json,benchmark/extraction_runs/milestone6/ArduPilot/runs/Rover/request_sweep.json,Baseline proves only this default SITL profile. Request-window matches may be conditional and are not causal when the message already streamed by default.
ardupilot-rover-m6,ArduPilot,Rover,rover,6,CHANGE_OPERATOR_CONTROL_ACK,baseline/ardupilot/modules/mavlink/message_definitions/v1.0/common.xml,all.xml,NO_REFERENCE_FOUND_BY_HEURISTIC_SCAN,0,0,0,0,0,0,,,True,MAV_RESULT_FAILED,0,NOT_OBSERVED,REQUEST_ACK_FAILED,benchmark/extraction_runs/milestone6/ArduPilot/runs/Rover/message_summary.json,benchmark/extraction_runs/milestone6/ArduPilot/runs/Rover/request_sweep.json,Baseline proves only this default SITL profile. Request-window matches may be conditional and are not causal when the message already streamed by default.
ardupilot-rover-m6,ArduPilot,Rover,rover,7,AUTH_KEY,baseline/ardupilot/modules/mavlink/message_definitions/v1.0/common.xml,all.xml,NO_REFERENCE_FOUND_BY_HEURISTIC_SCAN,0,0,0,0,0,0,,,True,MAV_RESULT_FAILED,0,NOT_OBSERVED,REQUEST_ACK_FAILED,benchmark/extraction_runs/milestone6/ArduPilot/runs/Rover/message_summary.json,benchmark/extraction_runs/milestone6/ArduPilot/runs/Rover/request_sweep.json,Baseline proves only this default SITL profile. Request-window matches may be conditional and are not causal when the message already streamed by default.
ardupilot-rover-m6,ArduPilot,Rover,rover,11,SET_MODE,baseline/ardupilot/modules/mavlink/message_definitions/v1.0/common.xml,all.xml,STATIC_REFERENCE_FOUND,0,2,0,0,0,0,,,True,MAV_RESULT_FAILED,0,NOT_OBSERVED,REQUEST_ACK_FAILED,benchmark/extraction_runs/milestone6/ArduPilot/runs/Rover/message_summary.json,benchmark/extraction_runs/milestone6/ArduPilot/runs/Rover/request_sweep.json,Baseline proves only this default SITL profile. Request-window matches may be conditional and are not causal when the message already streamed by default.
ardupilot-rover-m6,ArduPilot,Rover,rover,20,PARAM_REQUEST_READ,baseline/ardupilot/modules/mavlink/message_definitions/v1.0/common.xml,all.xml,STATIC_REFERENCE_FOUND,0,4,0,0,0,0,,,True,MAV_RESULT_FAILED,0,NOT_OBSERVED,REQUEST_ACK_FAILED,benchmark/extraction_runs/milestone6/ArduPilot/runs/Rover/message_summary.json,benchmark/extraction_runs/milestone6/ArduPilot/runs/Rover/request_sweep.json,Baseline proves only this default SITL profile. Request-window matches may be conditional and are not causal when the message already streamed by default.
ardupilot-rover-m6,ArduPilot,Rover,rover,21,PARAM_REQUEST_LIST,baseline/ardupilot/modules/mavlink/message_definitions/v1.0/common.xml,all.xml,STATIC_REFERENCE_FOUND,1,5,0,0,0,0,,,True,MAV_RESULT_FAILED,0,NOT_OBSERVED,REQUEST_ACK_FAILED,benchmark/extraction_runs/milestone6/ArduPilot/runs/Rover/message_summary.json,benchmark/extraction_runs/milestone6/ArduPilot/runs/Rover/request_sweep.json,Baseline proves only this default SITL profile. Request-window matches may be conditional and are not causal when the message already streamed by default.
ardupilot-rover-m6,ArduPilot,Rover,rover,22,PARAM_VALUE,baseline/ardupilot/modules/mavlink/message_definitions/v1.0/common.xml,all.xml,STATIC_REFERENCE_FOUND,3,2,0,1271,5,1278,8214909900560,8242212350413,True,MAV_RESULT_ACCEPTED,0,NOT_OBSERVED,REQUEST_ACK_ACCEPTED_NO_MATCHING_FRAME,benchmark/extraction_runs/milestone6/ArduPilot/runs/Rover/message_summary.json,benchmark/extraction_runs/milestone6/ArduPilot/runs/Rover/request_sweep.json,Baseline proves only this default SITL profile. Request-window matches may be conditional and are not causal when the message already streamed by default.
ardupilot-rover-m6,ArduPilot,Rover,rover,23,PARAM_SET,baseline/ardupilot/modules/mavlink/message_definitions/v1.0/common.xml,all.xml,STATIC_REFERENCE_FOUND,2,6,0,0,0,0,,,True,MAV_RESULT_FAILED,0,NOT_OBSERVED,REQUEST_ACK_FAILED,benchmark/extraction_runs/milestone6/ArduPilot/runs/Rover/message_summary.json,benchmark/extraction_runs/milestone6/ArduPilot/runs/Rover/request_sweep.json,Baseline proves only this default SITL profile. Request-window matches may be conditional and are not causal when the message already streamed by default.
ardupilot-rover-m6,ArduPilot,Rover,rover,24,GPS_RAW_INT,baseline/ardupilot/modules/mavlink/message_definitions/v1.0/common.xml,all.xml,STATIC_REFERENCE_FOUND,1,0,12,0,25,111,8201917865677,8253175253391,True,MAV_RESULT_ACCEPTED,1,AMBIGUOUS_BASELINE_PERIODIC,DEFAULT_STREAM_OBSERVED,benchmark/extraction_runs/milestone6/ArduPilot/runs/Rover/message_summary.json,benchmark/extraction_runs/milestone6/ArduPilot/runs/Rover/request_sweep.json,Baseline proves only this default SITL profile. Request-window matches may be conditional and are not causal when the message already streamed by default.
ardupilot-rover-m6,ArduPilot,Rover,rover,25,GPS_STATUS,baseline/ardupilot/modules/mavlink/message_definitions/v1.0/common.xml,all.xml,NO_REFERENCE_FOUND_BY_HEURISTIC_SCAN,0,0,0,0,0,0,,,True,MAV_RESULT_FAILED,0,NOT_OBSERVED,REQUEST_ACK_FAILED,benchmark/extraction_runs/milestone6/ArduPilot/runs/Rover/message_summary.json,benchmark/extraction_runs/milestone6/ArduPilot/runs/Rover/request_sweep.json,Baseline proves only this default SITL profile. Request-window matches may be conditional and are not causal when the message already streamed by default.
ardupilot-rover-m6,ArduPilot,Rover,rover,26,SCALED_IMU,baseline/ardupilot/modules/mavlink/message_definitions/v1.0/common.xml,all.xml,STATIC_REFERENCE_FOUND,1,0,0,0,1,1,8216589205971,8216589205971,True,MAV_RESULT_ACCEPTED,1,POST_REQUEST_WINDOW_OBSERVATION,REQUEST_WINDOW_MESSAGE_OBSERVED,benchmark/extraction_runs/milestone6/ArduPilot/runs/Rover/message_summary.json,benchmark/extraction_runs/milestone6/ArduPilot/runs/Rover/request_sweep.json,Baseline proves only this default SITL profile. Request-window matches may be conditional and are not causal when the message already streamed by default.
ardupilot-rover-m6,ArduPilot,Rover,rover,27,RAW_IMU,baseline/ardupilot/modules/mavlink/message_definitions/v1.0/common.xml,all.xml,STATIC_REFERENCE_FOUND,1,0,12,0,25,53,8201917354507,8252912969494,True,MAV_RESULT_ACCEPTED,1,AMBIGUOUS_BASELINE_PERIODIC,DEFAULT_STREAM_OBSERVED,benchmark/extraction_runs/milestone6/ArduPilot/runs/Rover/message_summary.json,benchmark/extraction_runs/milestone6/ArduPilot/runs/Rover/request_sweep.json,Baseline proves only this default SITL profile. Request-window matches may be conditional and are not causal when the message already streamed by default.
ardupilot-rover-m6,ArduPilot,Rover,rover,28,RAW_PRESSURE,baseline/ardupilot/modules/mavlink/message_definitions/v1.0/common.xml,all.xml,NO_REFERENCE_FOUND_BY_HEURISTIC_SCAN,0,0,0,0,0,0,,,True,MAV_RESULT_FAILED,0,NOT_OBSERVED,REQUEST_ACK_FAILED,benchmark/extraction_runs/milestone6/ArduPilot/runs/Rover/message_summary.json,benchmark/extraction_runs/milestone6/ArduPilot/runs/Rover/request_sweep.json,Baseline proves only this default SITL profile. Request-window matches may be conditional and are not causal when the message already streamed by default.
ardupilot-rover-m6,ArduPilot,Rover,rover,29,SCALED_PRESSURE,baseline/ardupilot/modules/mavlink/message_definitions/v1.0/common.xml,all.xml,STATIC_REFERENCE_FOUND,1,0,12,0,25,53,8201917680469,8252917949553,True,MAV_RESULT_ACCEPTED,1,AMBIGUOUS_BASELINE_PERIODIC,DEFAULT_STREAM_OBSERVED,benchmark/extraction_runs/milestone6/ArduPilot/runs/Rover/message_summary.json,benchmark/extraction_runs/milestone6/ArduPilot/runs/Rover/request_sweep.json,Baseline proves only this default SITL profile. Request-window matches may be conditional and are not causal when the message already streamed by default.
ardupilot-rover-m6,ArduPilot,Rover,rover,30,ATTITUDE,baseline/ardupilot/modules/mavlink/message_definitions/v1.0/common.xml,all.xml,STATIC_REFERENCE_FOUND,2,0,12,0,25,110,8201911419336,8253168900163,True,MAV_RESULT_ACCEPTED,1,AMBIGUOUS_BASELINE_PERIODIC,DEFAULT_STREAM_OBSERVED,benchmark/extraction_runs/milestone6/ArduPilot/runs/Rover/message_summary.json,benchmark/extraction_runs/milestone6/ArduPilot/runs/Rover/request_sweep.json,Baseline proves only this default SITL profile. Request-window matches may be conditional and are not causal when the message already streamed by default.
ardupilot-rover-m6,ArduPilot,Rover,rover,31,ATTITUDE_QUATERNION,baseline/ardupilot/modules/mavlink/message_definitions/v1.0/common.xml,all.xml,STATIC_REFERENCE_FOUND,1,0,0,0,1,1,8216688298449,8216688298449,True,MAV_RESULT_ACCEPTED,1,POST_REQUEST_WINDOW_OBSERVATION,REQUEST_WINDOW_MESSAGE_OBSERVED,benchmark/extraction_runs/milestone6/ArduPilot/runs/Rover/message_summary.json,benchmark/extraction_runs/milestone6/ArduPilot/runs/Rover/request_sweep.json,Baseline proves only this default SITL profile. Request-window matches may be conditional and are not causal when the message already streamed by default.
ardupilot-rover-m6,ArduPilot,Rover,rover,32,LOCAL_POSITION_NED,baseline/ardupilot/modules/mavlink/message_definitions/v1.0/common.xml,all.xml,STATIC_REFERENCE_FOUND,1,0,0,0,0,62,8240975734000,8253175570352,True,MAV_RESULT_ACCEPTED,0,NOT_OBSERVED,REQUEST_ACK_ACCEPTED_NO_MATCHING_FRAME,benchmark/extraction_runs/milestone6/ArduPilot/runs/Rover/message_summary.json,benchmark/extraction_runs/milestone6/ArduPilot/runs/Rover/request_sweep.json,Baseline proves only this default SITL profile. Request-window matches may be conditional and are not causal when the message already streamed by default.
ardupilot-rover-m6,ArduPilot,Rover,rover,33,GLOBAL_POSITION_INT,baseline/ardupilot/modules/mavlink/message_definitions/v1.0/standard.xml,all.xml,STATIC_REFERENCE_FOUND,1,6,12,0,25,109,8201911525922,8253169100237,True,MAV_RESULT_ACCEPTED,1,AMBIGUOUS_BASELINE_PERIODIC,DEFAULT_STREAM_OBSERVED,benchmark/extraction_runs/milestone6/ArduPilot/runs/Rover/message_summary.json,benchmark/extraction_runs/milestone6/ArduPilot/runs/Rover/request_sweep.json,Baseline proves only this default SITL profile. Request-window matches may be conditional and are not causal when the message already streamed by default.
ardupilot-rover-m6,ArduPilot,Rover,rover,34,RC_CHANNELS_SCALED,baseline/ardupilot/modules/mavlink/message_definitions/v1.0/common.xml,all.xml,NO_REFERENCE_FOUND_BY_HEURISTIC_SCAN,0,0,0,0,0,0,,,True,MAV_RESULT_FAILED,0,NOT_OBSERVED,REQUEST_ACK_FAILED,benchmark/extraction_runs/milestone6/ArduPilot/runs/Rover/message_summary.json,benchmark/extraction_runs/milestone6/ArduPilot/runs/Rover/request_sweep.json,Baseline proves only this default SITL profile. Request-window matches may be conditional and are not causal when the message already streamed by default.
ardupilot-rover-m6,ArduPilot,Rover,rover,35,RC_CHANNELS_RAW,baseline/ardupilot/modules/mavlink/message_definitions/v1.0/common.xml,all.xml,STATIC_REFERENCE_FOUND,1,0,0,0,0,0,,,True,MAV_RESULT_ACCEPTED,0,NOT_OBSERVED,REQUEST_ACK_ACCEPTED_NO_MATCHING_FRAME,benchmark/extraction_runs/milestone6/ArduPilot/runs/Rover/message_summary.json,benchmark/extraction_runs/milestone6/ArduPilot/runs/Rover/request_sweep.json,Baseline proves only this default SITL profile. Request-window matches may be conditional and are not causal when the message already streamed by default.
ardupilot-rover-m6,ArduPilot,Rover,rover,36,SERVO_OUTPUT_RAW,baseline/ardupilot/modules/mavlink/message_definitions/v1.0/common.xml,all.xml,STATIC_REFERENCE_FOUND,2,0,12,0,25,108,8201917079778,8253174853339,True,MAV_RESULT_ACCEPTED,1,AMBIGUOUS_BASELINE_PERIODIC,DEFAULT_STREAM_OBSERVED,benchmark/extraction_runs/milestone6/ArduPilot/runs/Rover/message_summary.json,benchmark/extraction_runs/milestone6/ArduPilot/runs/Rover/request_sweep.json,Baseline proves only this default SITL profile. Request-window matches may be conditional and are not causal when the message already streamed by default.
ardupilot-rover-m6,ArduPilot,Rover,rover,37,MISSION_REQUEST_PARTIAL_LIST,baseline/ardupilot/modules/mavlink/message_definitions/v1.0/common.xml,all.xml,NO_REFERENCE_FOUND_BY_HEURISTIC_SCAN,0,0,0,0,0,0,,,True,MAV_RESULT_FAILED,0,NOT_OBSERVED,REQUEST_ACK_FAILED,benchmark/extraction_runs/milestone6/ArduPilot/runs/Rover/message_summary.json,benchmark/extraction_runs/milestone6/ArduPilot/runs/Rover/request_sweep.json,Baseline proves only this default SITL profile. Request-window matches may be conditional and are not causal when the message already streamed by default.
ardupilot-rover-m6,ArduPilot,Rover,rover,38,MISSION_WRITE_PARTIAL_LIST,baseline/ardupilot/modules/mavlink/message_definitions/v1.0/common.xml,all.xml,STATIC_REFERENCE_FOUND,0,3,0,0,0,0,,,True,MAV_RESULT_FAILED,0,NOT_OBSERVED,REQUEST_ACK_FAILED,benchmark/extraction_runs/milestone6/ArduPilot/runs/Rover/message_summary.json,benchmark/extraction_runs/milestone6/ArduPilot/runs/Rover/request_sweep.json,Baseline proves only this default SITL profile. Request-window matches may be conditional and are not causal when the message already streamed by default.
ardupilot-rover-m6,ArduPilot,Rover,rover,39,MISSION_ITEM,baseline/ardupilot/modules/mavlink/message_definitions/v1.0/common.xml,all.xml,STATIC_REFERENCE_FOUND,0,4,0,0,0,0,,,True,MAV_RESULT_FAILED,0,NOT_OBSERVED,REQUEST_ACK_FAILED,benchmark/extraction_runs/milestone6/ArduPilot/runs/Rover/message_summary.json,benchmark/extraction_runs/milestone6/ArduPilot/runs/Rover/request_sweep.json,Baseline proves only this default SITL profile. Request-window matches may be conditional and are not causal when the message already streamed by default.
ardupilot-rover-m6,ArduPilot,Rover,rover,40,MISSION_REQUEST,baseline/ardupilot/modules/mavlink/message_definitions/v1.0/common.xml,all.xml,STATIC_REFERENCE_FOUND,1,3,0,0,0,0,,,True,MAV_RESULT_FAILED,0,NOT_OBSERVED,REQUEST_ACK_FAILED,benchmark/extraction_runs/milestone6/ArduPilot/runs/Rover/message_summary.json,benchmark/extraction_runs/milestone6/ArduPilot/runs/Rover/request_sweep.json,Baseline proves only this default SITL profile. Request-window matches may be conditional and are not causal when the message already streamed by default.
ardupilot-rover-m6,ArduPilot,Rover,rover,41,MISSION_SET_CURRENT,baseline/ardupilot/modules/mavlink/message_definitions/v1.0/common.xml,all.xml,STATIC_REFERENCE_FOUND,0,3,0,0,0,0,,,True,MAV_RESULT_FAILED,0,NOT_OBSERVED,REQUEST_ACK_FAILED,benchmark/extraction_runs/milestone6/ArduPilot/runs/Rover/message_summary.json,benchmark/extraction_runs/milestone6/ArduPilot/runs/Rover/request_sweep.json,Baseline proves only this default SITL profile. Request-window matches may be conditional and are not causal when the message already streamed by default.
ardupilot-rover-m6,ArduPilot,Rover,rover,42,MISSION_CURRENT,baseline/ardupilot/modules/mavlink/message_definitions/v1.0/common.xml,all.xml,STATIC_REFERENCE_FOUND,1,0,12,0,25,53,8201912087828,8252912851449,True,MAV_RESULT_ACCEPTED,1,AMBIGUOUS_BASELINE_PERIODIC,DEFAULT_STREAM_OBSERVED,benchmark/extraction_runs/milestone6/ArduPilot/runs/Rover/message_summary.json,benchmark/extraction_runs/milestone6/ArduPilot/runs/Rover/request_sweep.json,Baseline proves only this default SITL profile. Request-window matches may be conditional and are not causal when the message already streamed by default.
ardupilot-rover-m6,ArduPilot,Rover,rover,43,MISSION_REQUEST_LIST,baseline/ardupilot/modules/mavlink/message_definitions/v1.0/common.xml,all.xml,STATIC_REFERENCE_FOUND,0,3,0,0,0,0,,,True,MAV_RESULT_FAILED,0,NOT_OBSERVED,REQUEST_ACK_FAILED,benchmark/extraction_runs/milestone6/ArduPilot/runs/Rover/message_summary.json,benchmark/extraction_runs/milestone6/ArduPilot/runs/Rover/request_sweep.json,Baseline proves only this default SITL profile. Request-window matches may be conditional and are not causal when the message already streamed by default.
ardupilot-rover-m6,ArduPilot,Rover,rover,44,MISSION_COUNT,baseline/ardupilot/modules/mavlink/message_definitions/v1.0/common.xml,all.xml,STATIC_REFERENCE_FOUND,2,3,0,0,0,0,,,True,MAV_RESULT_FAILED,0,NOT_OBSERVED,REQUEST_ACK_FAILED,benchmark/extraction_runs/milestone6/ArduPilot/runs/Rover/message_summary.json,benchmark/extraction_runs/milestone6/ArduPilot/runs/Rover/request_sweep.json,Baseline proves only this default SITL profile. Request-window matches may be conditional and are not causal when the message already streamed by default.
ardupilot-rover-m6,ArduPilot,Rover,rover,45,MISSION_CLEAR_ALL,baseline/ardupilot/modules/mavlink/message_definitions/v1.0/common.xml,all.xml,STATIC_REFERENCE_FOUND,0,3,0,0,0,0,,,True,MAV_RESULT_FAILED,0,NOT_OBSERVED,REQUEST_ACK_FAILED,benchmark/extraction_runs/milestone6/ArduPilot/runs/Rover/message_summary.json,benchmark/extraction_runs/milestone6/ArduPilot/runs/Rover/request_sweep.json,Baseline proves only this default SITL profile. Request-window matches may be conditional and are not causal when the message already streamed by default.
ardupilot-rover-m6,ArduPilot,Rover,rover,46,MISSION_ITEM_REACHED,baseline/ardupilot/modules/mavlink/message_definitions/v1.0/common.xml,all.xml,STATIC_REFERENCE_FOUND,1,0,0,0,1,1,8217609406246,8217609406246,True,MAV_RESULT_ACCEPTED,1,POST_REQUEST_WINDOW_OBSERVATION,REQUEST_WINDOW_MESSAGE_OBSERVED,benchmark/extraction_runs/milestone6/ArduPilot/runs/Rover/message_summary.json,benchmark/extraction_runs/milestone6/ArduPilot/runs/Rover/request_sweep.json,Baseline proves only this default SITL profile. Request-window matches may be conditional and are not causal when the message already streamed by default.
ardupilot-rover-m6,ArduPilot,Rover,rover,47,MISSION_ACK,baseline/ardupilot/modules/mavlink/message_definitions/v1.0/common.xml,all.xml,STATIC_REFERENCE_FOUND,5,2,0,0,0,0,,,True,MAV_RESULT_FAILED,0,NOT_OBSERVED,REQUEST_ACK_FAILED,benchmark/extraction_runs/milestone6/ArduPilot/runs/Rover/message_summary.json,benchmark/extraction_runs/milestone6/ArduPilot/runs/Rover/request_sweep.json,Baseline proves only this default SITL profile. Request-window matches may be conditional and are not causal when the message already streamed by default.
ardupilot-rover-m6,ArduPilot,Rover,rover,48,SET_GPS_GLOBAL_ORIGIN,baseline/ardupilot/modules/mavlink/message_definitions/v1.0/common.xml,all.xml,STATIC_REFERENCE_FOUND,0,2,0,0,0,0,,,True,MAV_RESULT_FAILED,0,NOT_OBSERVED,REQUEST_ACK_FAILED,benchmark/extraction_runs/milestone6/ArduPilot/runs/Rover/message_summary.json,benchmark/extraction_runs/milestone6/ArduPilot/runs/Rover/request_sweep.json,Baseline proves only this default SITL profile. Request-window matches may be conditional and are not causal when the message already streamed by default.
ardupilot-rover-m6,ArduPilot,Rover,rover,49,GPS_GLOBAL_ORIGIN,baseline/ardupilot/modules/mavlink/message_definitions/v1.0/common.xml,all.xml,STATIC_REFERENCE_FOUND,1,0,0,0,1,1,8218729300815,8218729300815,True,MAV_RESULT_ACCEPTED,0,NOT_OBSERVED,REQUEST_ACK_ACCEPTED_NO_MATCHING_FRAME,benchmark/extraction_runs/milestone6/ArduPilot/runs/Rover/message_summary.json,benchmark/extraction_runs/milestone6/ArduPilot/runs/Rover/request_sweep.json,Baseline proves only this default SITL profile. Request-window matches may be conditional and are not causal when the message already streamed by default.
ardupilot-rover-m6,ArduPilot,Rover,rover,50,PARAM_MAP_RC,baseline/ardupilot/modules/mavlink/message_definitions/v1.0/common.xml,all.xml,NO_REFERENCE_FOUND_BY_HEURISTIC_SCAN,0,0,0,0,0,0,,,True,MAV_RESULT_FAILED,0,NOT_OBSERVED,REQUEST_ACK_FAILED,benchmark/extraction_runs/milestone6/ArduPilot/runs/Rover/message_summary.json,benchmark/extraction_runs/milestone6/ArduPilot/runs/Rover/request_sweep.json,Baseline proves only this default SITL profile. Request-window matches may be conditional and are not causal when the message already streamed by default.
ardupilot-rover-m6,ArduPilot,Rover,rover,51,MISSION_REQUEST_INT,baseline/ardupilot/modules/mavlink/message_definitions/v1.0/common.xml,all.xml,STATIC_REFERENCE_FOUND,0,3,0,0,0,0,,,True,MAV_RESULT_FAILED,0,NOT_OBSERVED,REQUEST_ACK_FAILED,benchmark/extraction_runs/milestone6/ArduPilot/runs/Rover/message_summary.json,benchmark/extraction_runs/milestone6/ArduPilot/runs/Rover/request_sweep.json,Baseline proves only this default SITL profile. Request-window matches may be conditional and are not causal when the message already streamed by default.
ardupilot-rover-m6,ArduPilot,Rover,rover,53,MISSION_CHECKSUM,baseline/ardupilot/modules/mavlink/message_definitions/v1.0/development.xml,all.xml,NO_REFERENCE_FOUND_BY_HEURISTIC_SCAN,0,0,0,0,0,0,,,True,MAV_RESULT_FAILED,0,NOT_OBSERVED,REQUEST_ACK_FAILED,benchmark/extraction_runs/milestone6/ArduPilot/runs/Rover/message_summary.json,benchmark/extraction_runs/milestone6/ArduPilot/runs/Rover/request_sweep.json,Baseline proves only this default SITL profile. Request-window matches may be conditional and are not causal when the message already streamed by default.
ardupilot-rover-m6,ArduPilot,Rover,rover,54,SAFETY_SET_ALLOWED_AREA,baseline/ardupilot/modules/mavlink/message_definitions/v1.0/common.xml,all.xml,NO_REFERENCE_FOUND_BY_HEURISTIC_SCAN,0,0,0,0,0,0,,,True,MAV_RESULT_FAILED,0,NOT_OBSERVED,REQUEST_ACK_FAILED,benchmark/extraction_runs/milestone6/ArduPilot/runs/Rover/message_summary.json,benchmark/extraction_runs/milestone6/ArduPilot/runs/Rover/request_sweep.json,Baseline proves only this default SITL profile. Request-window matches may be conditional and are not causal when the message already streamed by default.
ardupilot-rover-m6,ArduPilot,Rover,rover,55,SAFETY_ALLOWED_AREA,baseline/ardupilot/modules/mavlink/message_definitions/v1.0/common.xml,all.xml,NO_REFERENCE_FOUND_BY_HEURISTIC_SCAN,0,0,0,0,0,0,,,True,MAV_RESULT_FAILED,0,NOT_OBSERVED,REQUEST_ACK_FAILED,benchmark/extraction_runs/milestone6/ArduPilot/runs/Rover/message_summary.json,benchmark/extraction_runs/milestone6/ArduPilot/runs/Rover/request_sweep.json,Baseline proves only this default SITL profile. Request-window matches may be conditional and are not causal when the message already streamed by default.
ardupilot-rover-m6,ArduPilot,Rover,rover,61,ATTITUDE_QUATERNION_COV,baseline/ardupilot/modules/mavlink/message_definitions/v1.0/common.xml,all.xml,NO_REFERENCE_FOUND_BY_HEURISTIC_SCAN,0,0,0,0,0,0,,,True,MAV_RESULT_FAILED,0,NOT_OBSERVED,REQUEST_ACK_FAILED,benchmark/extraction_runs/milestone6/ArduPilot/runs/Rover/message_summary.json,benchmark/extraction_runs/milestone6/ArduPilot/runs/Rover/request_sweep.json,Baseline proves only this default SITL profile. Request-window matches may be conditional and are not causal when the message already streamed by default.
ardupilot-rover-m6,ArduPilot,Rover,rover,62,NAV_CONTROLLER_OUTPUT,baseline/ardupilot/modules/mavlink/message_definitions/v1.0/common.xml,all.xml,STATIC_REFERENCE_FOUND,4,0,0,0,0,0,,,True,MAV_RESULT_ACCEPTED,0,NOT_OBSERVED,REQUEST_ACK_ACCEPTED_NO_MATCHING_FRAME,benchmark/extraction_runs/milestone6/ArduPilot/runs/Rover/message_summary.json,benchmark/extraction_runs/milestone6/ArduPilot/runs/Rover/request_sweep.json,Baseline proves only this default SITL profile. Request-window matches may be conditional and are not causal when the message already streamed by default.
ardupilot-rover-m6,ArduPilot,Rover,rover,63,GLOBAL_POSITION_INT_COV,baseline/ardupilot/modules/mavlink/message_definitions/v1.0/common.xml,all.xml,NO_REFERENCE_FOUND_BY_HEURISTIC_SCAN,0,0,0,0,0,0,,,True,MAV_RESULT_FAILED,0,NOT_OBSERVED,REQUEST_ACK_FAILED,benchmark/extraction_runs/milestone6/ArduPilot/runs/Rover/message_summary.json,benchmark/extraction_runs/milestone6/ArduPilot/runs/Rover/request_sweep.json,Baseline proves only this default SITL profile. Request-window matches may be conditional and are not causal when the message already streamed by default.
ardupilot-rover-m6,ArduPilot,Rover,rover,64,LOCAL_POSITION_NED_COV,baseline/ardupilot/modules/mavlink/message_definitions/v1.0/common.xml,all.xml,NO_REFERENCE_FOUND_BY_HEURISTIC_SCAN,0,0,0,0,0,0,,,True,MAV_RESULT_FAILED,0,NOT_OBSERVED,REQUEST_ACK_FAILED,benchmark/extraction_runs/milestone6/ArduPilot/runs/Rover/message_summary.json,benchmark/extraction_runs/milestone6/ArduPilot/runs/Rover/request_sweep.json,Baseline proves only this default SITL profile. Request-window matches may be conditional and are not causal when the message already streamed by default.
ardupilot-rover-m6,ArduPilot,Rover,rover,65,RC_CHANNELS,baseline/ardupilot/modules/mavlink/message_definitions/v1.0/common.xml,all.xml,STATIC_REFERENCE_FOUND,1,0,12,0,25,107,8201917229785,8253175054251,True,MAV_RESULT_ACCEPTED,1,AMBIGUOUS_BASELINE_PERIODIC,DEFAULT_STREAM_OBSERVED,benchmark/extraction_runs/milestone6/ArduPilot/runs/Rover/message_summary.json,benchmark/extraction_runs/milestone6/ArduPilot/runs/Rover/request_sweep.json,Baseline proves only this default SITL profile. Request-window matches may be conditional and are not causal when the message already streamed by default.
ardupilot-rover-m6,ArduPilot,Rover,rover,66,REQUEST_DATA_STREAM,baseline/ardupilot/modules/mavlink/message_definitions/v1.0/common.xml,all.xml,STATIC_REFERENCE_FOUND,0,2,0,0,0,0,,,True,MAV_RESULT_FAILED,0,NOT_OBSERVED,REQUEST_ACK_FAILED,benchmark/extraction_runs/milestone6/ArduPilot/runs/Rover/message_summary.json,benchmark/extraction_runs/milestone6/ArduPilot/runs/Rover/request_sweep.json,Baseline proves only this default SITL profile. Request-window matches may be conditional and are not causal when the message already streamed by default.
ardupilot-rover-m6,ArduPilot,Rover,rover,67,DATA_STREAM,baseline/ardupilot/modules/mavlink/message_definitions/v1.0/common.xml,all.xml,NO_REFERENCE_FOUND_BY_HEURISTIC_SCAN,0,0,0,0,0,0,,,True,MAV_RESULT_FAILED,0,NOT_OBSERVED,REQUEST_ACK_FAILED,benchmark/extraction_runs/milestone6/ArduPilot/runs/Rover/message_summary.json,benchmark/extraction_runs/milestone6/ArduPilot/runs/Rover/request_sweep.json,Baseline proves only this default SITL profile. Request-window matches may be conditional and are not causal when the message already streamed by default.
ardupilot-rover-m6,ArduPilot,Rover,rover,69,MANUAL_CONTROL,baseline/ardupilot/modules/mavlink/message_definitions/v1.0/common.xml,all.xml,STATIC_REFERENCE_FOUND,0,2,0,0,0,0,,,True,MAV_RESULT_FAILED,0,NOT_OBSERVED,REQUEST_ACK_FAILED,benchmark/extraction_runs/milestone6/ArduPilot/runs/Rover/message_summary.json,benchmark/extraction_runs/milestone6/ArduPilot/runs/Rover/request_sweep.json,Baseline proves only this default SITL profile. Request-window matches may be conditional and are not causal when the message already streamed by default.
ardupilot-rover-m6,ArduPilot,Rover,rover,70,RC_CHANNELS_OVERRIDE,baseline/ardupilot/modules/mavlink/message_definitions/v1.0/common.xml,all.xml,STATIC_REFERENCE_FOUND,0,2,0,0,0,0,,,True,MAV_RESULT_FAILED,0,NOT_OBSERVED,REQUEST_ACK_FAILED,benchmark/extraction_runs/milestone6/ArduPilot/runs/Rover/message_summary.json,benchmark/extraction_runs/milestone6/ArduPilot/runs/Rover/request_sweep.json,Baseline proves only this default SITL profile. Request-window matches may be conditional and are not causal when the message already streamed by default.
ardupilot-rover-m6,ArduPilot,Rover,rover,73,MISSION_ITEM_INT,baseline/ardupilot/modules/mavlink/message_definitions/v1.0/common.xml,all.xml,STATIC_REFERENCE_FOUND,0,3,0,0,0,0,,,True,MAV_RESULT_FAILED,0,NOT_OBSERVED,REQUEST_ACK_FAILED,benchmark/extraction_runs/milestone6/ArduPilot/runs/Rover/message_summary.json,benchmark/extraction_runs/milestone6/ArduPilot/runs/Rover/request_sweep.json,Baseline proves only this default SITL profile. Request-window matches may be conditional and are not causal when the message already streamed by default.
ardupilot-rover-m6,ArduPilot,Rover,rover,74,VFR_HUD,baseline/ardupilot/modules/mavlink/message_definitions/v1.0/common.xml,all.xml,STATIC_REFERENCE_FOUND,1,0,12,0,25,106,8201911644605,8253169211046,True,MAV_RESULT_ACCEPTED,1,AMBIGUOUS_BASELINE_PERIODIC,DEFAULT_STREAM_OBSERVED,benchmark/extraction_runs/milestone6/ArduPilot/runs/Rover/message_summary.json,benchmark/extraction_runs/milestone6/ArduPilot/runs/Rover/request_sweep.json,Baseline proves only this default SITL profile. Request-window matches may be conditional and are not causal when the message already streamed by default.
ardupilot-rover-m6,ArduPilot,Rover,rover,75,COMMAND_INT,baseline/ardupilot/modules/mavlink/message_definitions/v1.0/common.xml,all.xml,STATIC_REFERENCE_FOUND,0,4,0,0,0,0,,,True,MAV_RESULT_FAILED,0,NOT_OBSERVED,REQUEST_ACK_FAILED,benchmark/extraction_runs/milestone6/ArduPilot/runs/Rover/message_summary.json,benchmark/extraction_runs/milestone6/ArduPilot/runs/Rover/request_sweep.json,Baseline proves only this default SITL profile. Request-window matches may be conditional and are not causal when the message already streamed by default.
ardupilot-rover-m6,ArduPilot,Rover,rover,76,COMMAND_LONG,baseline/ardupilot/modules/mavlink/message_definitions/v1.0/common.xml,all.xml,STATIC_REFERENCE_FOUND,3,9,0,0,0,0,,,True,MAV_RESULT_FAILED,0,NOT_OBSERVED,REQUEST_ACK_FAILED,benchmark/extraction_runs/milestone6/ArduPilot/runs/Rover/message_summary.json,benchmark/extraction_runs/milestone6/ArduPilot/runs/Rover/request_sweep.json,Baseline proves only this default SITL profile. Request-window matches may be conditional and are not causal when the message already streamed by default.
ardupilot-rover-m6,ArduPilot,Rover,rover,77,COMMAND_ACK,baseline/ardupilot/modules/mavlink/message_definitions/v1.0/common.xml,all.xml,STATIC_REFERENCE_FOUND,7,4,0,0,352,369,8215889082462,8241191352912,True,MAV_RESULT_FAILED,1,POST_REQUEST_WINDOW_OBSERVATION,REQUEST_WINDOW_MESSAGE_OBSERVED,benchmark/extraction_runs/milestone6/ArduPilot/runs/Rover/message_summary.json,benchmark/extraction_runs/milestone6/ArduPilot/runs/Rover/request_sweep.json,Baseline proves only this default SITL profile. Request-window matches may be conditional and are not causal when the message already streamed by default.
ardupilot-rover-m6,ArduPilot,Rover,rover,81,MANUAL_SETPOINT,baseline/ardupilot/modules/mavlink/message_definitions/v1.0/common.xml,all.xml,NO_REFERENCE_FOUND_BY_HEURISTIC_SCAN,0,0,0,0,0,0,,,True,MAV_RESULT_FAILED,0,NOT_OBSERVED,REQUEST_ACK_FAILED,benchmark/extraction_runs/milestone6/ArduPilot/runs/Rover/message_summary.json,benchmark/extraction_runs/milestone6/ArduPilot/runs/Rover/request_sweep.json,Baseline proves only this default SITL profile. Request-window matches may be conditional and are not causal when the message already streamed by default.
ardupilot-rover-m6,ArduPilot,Rover,rover,82,SET_ATTITUDE_TARGET,baseline/ardupilot/modules/mavlink/message_definitions/v1.0/common.xml,all.xml,STATIC_REFERENCE_FOUND,0,6,0,0,0,0,,,True,MAV_RESULT_FAILED,0,NOT_OBSERVED,REQUEST_ACK_FAILED,benchmark/extraction_runs/milestone6/ArduPilot/runs/Rover/message_summary.json,benchmark/extraction_runs/milestone6/ArduPilot/runs/Rover/request_sweep.json,Baseline proves only this default SITL profile. Request-window matches may be conditional and are not causal when the message already streamed by default.
ardupilot-rover-m6,ArduPilot,Rover,rover,83,ATTITUDE_TARGET,baseline/ardupilot/modules/mavlink/message_definitions/v1.0/common.xml,all.xml,STATIC_REFERENCE_FOUND,2,0,0,0,0,0,,,True,MAV_RESULT_ACCEPTED,0,NOT_OBSERVED,REQUEST_ACK_ACCEPTED_NO_MATCHING_FRAME,benchmark/extraction_runs/milestone6/ArduPilot/runs/Rover/message_summary.json,benchmark/extraction_runs/milestone6/ArduPilot/runs/Rover/request_sweep.json,Baseline proves only this default SITL profile. Request-window matches may be conditional and are not causal when the message already streamed by default.
ardupilot-rover-m6,ArduPilot,Rover,rover,84,SET_POSITION_TARGET_LOCAL_NED,baseline/ardupilot/modules/mavlink/message_definitions/v1.0/common.xml,all.xml,STATIC_REFERENCE_FOUND,0,6,0,0,0,0,,,True,MAV_RESULT_FAILED,0,NOT_OBSERVED,REQUEST_ACK_FAILED,benchmark/extraction_runs/milestone6/ArduPilot/runs/Rover/message_summary.json,benchmark/extraction_runs/milestone6/ArduPilot/runs/Rover/request_sweep.json,Baseline proves only this default SITL profile. Request-window matches may be conditional and are not causal when the message already streamed by default.
ardupilot-rover-m6,ArduPilot,Rover,rover,85,POSITION_TARGET_LOCAL_NED,baseline/ardupilot/modules/mavlink/message_definitions/v1.0/common.xml,all.xml,STATIC_REFERENCE_FOUND,1,0,0,0,0,0,,,True,MAV_RESULT_ACCEPTED,0,NOT_OBSERVED,REQUEST_ACK_ACCEPTED_NO_MATCHING_FRAME,benchmark/extraction_runs/milestone6/ArduPilot/runs/Rover/message_summary.json,benchmark/extraction_runs/milestone6/ArduPilot/runs/Rover/request_sweep.json,Baseline proves only this default SITL profile. Request-window matches may be conditional and are not causal when the message already streamed by default.
ardupilot-rover-m6,ArduPilot,Rover,rover,86,SET_POSITION_TARGET_GLOBAL_INT,baseline/ardupilot/modules/mavlink/message_definitions/v1.0/common.xml,all.xml,STATIC_REFERENCE_FOUND,1,6,0,0,0,0,,,True,MAV_RESULT_FAILED,0,NOT_OBSERVED,REQUEST_ACK_FAILED,benchmark/extraction_runs/milestone6/ArduPilot/runs/Rover/message_summary.json,benchmark/extraction_runs/milestone6/ArduPilot/runs/Rover/request_sweep.json,Baseline proves only this default SITL profile. Request-window matches may be conditional and are not causal when the message already streamed by default.
ardupilot-rover-m6,ArduPilot,Rover,rover,87,POSITION_TARGET_GLOBAL_INT,baseline/ardupilot/modules/mavlink/message_definitions/v1.0/common.xml,all.xml,STATIC_REFERENCE_FOUND,1,0,0,0,0,0,,,True,MAV_RESULT_ACCEPTED,0,NOT_OBSERVED,REQUEST_ACK_ACCEPTED_NO_MATCHING_FRAME,benchmark/extraction_runs/milestone6/ArduPilot/runs/Rover/message_summary.json,benchmark/extraction_runs/milestone6/ArduPilot/runs/Rover/request_sweep.json,Baseline proves only this default SITL profile. Request-window matches may be conditional and are not causal when the message already streamed by default.
ardupilot-rover-m6,ArduPilot,Rover,rover,89,LOCAL_POSITION_NED_SYSTEM_GLOBAL_OFFSET,baseline/ardupilot/modules/mavlink/message_definitions/v1.0/common.xml,all.xml,NO_REFERENCE_FOUND_BY_HEURISTIC_SCAN,0,0,0,0,0,0,,,True,MAV_RESULT_FAILED,0,NOT_OBSERVED,REQUEST_ACK_FAILED,benchmark/extraction_runs/milestone6/ArduPilot/runs/Rover/message_summary.json,benchmark/extraction_runs/milestone6/ArduPilot/runs/Rover/request_sweep.json,Baseline proves only this default SITL profile. Request-window matches may be conditional and are not causal when the message already streamed by default.
ardupilot-rover-m6,ArduPilot,Rover,rover,90,HIL_STATE,baseline/ardupilot/modules/mavlink/message_definitions/v1.0/common.xml,all.xml,NO_REFERENCE_FOUND_BY_HEURISTIC_SCAN,0,0,0,0,0,0,,,True,MAV_RESULT_FAILED,0,NOT_OBSERVED,REQUEST_ACK_FAILED,benchmark/extraction_runs/milestone6/ArduPilot/runs/Rover/message_summary.json,benchmark/extraction_runs/milestone6/ArduPilot/runs/Rover/request_sweep.json,Baseline proves only this default SITL profile. Request-window matches may be conditional and are not causal when the message already streamed by default.
ardupilot-rover-m6,ArduPilot,Rover,rover,91,HIL_CONTROLS,baseline/ardupilot/modules/mavlink/message_definitions/v1.0/common.xml,all.xml,NO_REFERENCE_FOUND_BY_HEURISTIC_SCAN,0,0,0,0,0,0,,,True,MAV_RESULT_FAILED,0,NOT_OBSERVED,REQUEST_ACK_FAILED,benchmark/extraction_runs/milestone6/ArduPilot/runs/Rover/message_summary.json,benchmark/extraction_runs/milestone6/ArduPilot/runs/Rover/request_sweep.json,Baseline proves only this default SITL profile. Request-window matches may be conditional and are not causal when the message already streamed by default.
ardupilot-rover-m6,ArduPilot,Rover,rover,92,HIL_RC_INPUTS_RAW,baseline/ardupilot/modules/mavlink/message_definitions/v1.0/common.xml,all.xml,NO_REFERENCE_FOUND_BY_HEURISTIC_SCAN,0,0,0,0,0,0,,,True,MAV_RESULT_FAILED,0,NOT_OBSERVED,REQUEST_ACK_FAILED,benchmark/extraction_runs/milestone6/ArduPilot/runs/Rover/message_summary.json,benchmark/extraction_runs/milestone6/ArduPilot/runs/Rover/request_sweep.json,Baseline proves only this default SITL profile. Request-window matches may be conditional and are not causal when the message already streamed by default.
ardupilot-rover-m6,ArduPilot,Rover,rover,93,HIL_ACTUATOR_CONTROLS,baseline/ardupilot/modules/mavlink/message_definitions/v1.0/common.xml,all.xml,NO_REFERENCE_FOUND_BY_HEURISTIC_SCAN,0,0,0,0,0,0,,,True,MAV_RESULT_FAILED,0,NOT_OBSERVED,REQUEST_ACK_FAILED,benchmark/extraction_runs/milestone6/ArduPilot/runs/Rover/message_summary.json,benchmark/extraction_runs/milestone6/ArduPilot/runs/Rover/request_sweep.json,Baseline proves only this default SITL profile. Request-window matches may be conditional and are not causal when the message already streamed by default.
ardupilot-rover-m6,ArduPilot,Rover,rover,100,OPTICAL_FLOW,baseline/ardupilot/modules/mavlink/message_definitions/v1.0/common.xml,all.xml,STATIC_REFERENCE_FOUND,1,2,0,0,0,0,,,True,MAV_RESULT_ACCEPTED,0,NOT_OBSERVED,REQUEST_ACK_ACCEPTED_NO_MATCHING_FRAME,benchmark/extraction_runs/milestone6/ArduPilot/runs/Rover/message_summary.json,benchmark/extraction_runs/milestone6/ArduPilot/runs/Rover/request_sweep.json,Baseline proves only this default SITL profile. Request-window matches may be conditional and are not causal when the message already streamed by default.
ardupilot-rover-m6,ArduPilot,Rover,rover,101,GLOBAL_VISION_POSITION_ESTIMATE,baseline/ardupilot/modules/mavlink/message_definitions/v1.0/common.xml,all.xml,STATIC_REFERENCE_FOUND,0,2,0,0,0,0,,,True,MAV_RESULT_FAILED,0,NOT_OBSERVED,REQUEST_ACK_FAILED,benchmark/extraction_runs/milestone6/ArduPilot/runs/Rover/message_summary.json,benchmark/extraction_runs/milestone6/ArduPilot/runs/Rover/request_sweep.json,Baseline proves only this default SITL profile. Request-window matches may be conditional and are not causal when the message already streamed by default.
ardupilot-rover-m6,ArduPilot,Rover,rover,102,VISION_POSITION_ESTIMATE,baseline/ardupilot/modules/mavlink/message_definitions/v1.0/common.xml,all.xml,STATIC_REFERENCE_FOUND,0,2,0,0,0,0,,,True,MAV_RESULT_FAILED,0,NOT_OBSERVED,REQUEST_ACK_FAILED,benchmark/extraction_runs/milestone6/ArduPilot/runs/Rover/message_summary.json,benchmark/extraction_runs/milestone6/ArduPilot/runs/Rover/request_sweep.json,Baseline proves only this default SITL profile. Request-window matches may be conditional and are not causal when the message already streamed by default.
ardupilot-rover-m6,ArduPilot,Rover,rover,103,VISION_SPEED_ESTIMATE,baseline/ardupilot/modules/mavlink/message_definitions/v1.0/common.xml,all.xml,STATIC_REFERENCE_FOUND,0,2,0,0,0,0,,,True,MAV_RESULT_FAILED,0,NOT_OBSERVED,REQUEST_ACK_FAILED,benchmark/extraction_runs/milestone6/ArduPilot/runs/Rover/message_summary.json,benchmark/extraction_runs/milestone6/ArduPilot/runs/Rover/request_sweep.json,Baseline proves only this default SITL profile. Request-window matches may be conditional and are not causal when the message already streamed by default.
ardupilot-rover-m6,ArduPilot,Rover,rover,104,VICON_POSITION_ESTIMATE,baseline/ardupilot/modules/mavlink/message_definitions/v1.0/common.xml,all.xml,STATIC_REFERENCE_FOUND,0,2,0,0,0,0,,,True,MAV_RESULT_FAILED,0,NOT_OBSERVED,REQUEST_ACK_FAILED,benchmark/extraction_runs/milestone6/ArduPilot/runs/Rover/message_summary.json,benchmark/extraction_runs/milestone6/ArduPilot/runs/Rover/request_sweep.json,Baseline proves only this default SITL profile. Request-window matches may be conditional and are not causal when the message already streamed by default.
ardupilot-rover-m6,ArduPilot,Rover,rover,105,HIGHRES_IMU,baseline/ardupilot/modules/mavlink/message_definitions/v1.0/common.xml,all.xml,STATIC_REFERENCE_FOUND,1,0,0,0,1,1,8220309572174,8220309572174,True,MAV_RESULT_ACCEPTED,1,POST_REQUEST_WINDOW_OBSERVATION,REQUEST_WINDOW_MESSAGE_OBSERVED,benchmark/extraction_runs/milestone6/ArduPilot/runs/Rover/message_summary.json,benchmark/extraction_runs/milestone6/ArduPilot/runs/Rover/request_sweep.json,Baseline proves only this default SITL profile. Request-window matches may be conditional and are not causal when the message already streamed by default.
ardupilot-rover-m6,ArduPilot,Rover,rover,106,OPTICAL_FLOW_RAD,baseline/ardupilot/modules/mavlink/message_definitions/v1.0/common.xml,all.xml,NO_REFERENCE_FOUND_BY_HEURISTIC_SCAN,0,0,0,0,0,0,,,True,MAV_RESULT_FAILED,0,NOT_OBSERVED,REQUEST_ACK_FAILED,benchmark/extraction_runs/milestone6/ArduPilot/runs/Rover/message_summary.json,benchmark/extraction_runs/milestone6/ArduPilot/runs/Rover/request_sweep.json,Baseline proves only this default SITL profile. Request-window matches may be conditional and are not causal when the message already streamed by default.
ardupilot-rover-m6,ArduPilot,Rover,rover,107,HIL_SENSOR,baseline/ardupilot/modules/mavlink/message_definitions/v1.0/common.xml,all.xml,NO_REFERENCE_FOUND_BY_HEURISTIC_SCAN,0,0,0,0,0,0,,,True,MAV_RESULT_FAILED,0,NOT_OBSERVED,REQUEST_ACK_FAILED,benchmark/extraction_runs/milestone6/ArduPilot/runs/Rover/message_summary.json,benchmark/extraction_runs/milestone6/ArduPilot/runs/Rover/request_sweep.json,Baseline proves only this default SITL profile. Request-window matches may be conditional and are not causal when the message already streamed by default.
ardupilot-rover-m6,ArduPilot,Rover,rover,108,SIM_STATE,baseline/ardupilot/modules/mavlink/message_definitions/v1.0/common.xml,all.xml,STATIC_REFERENCE_FOUND,1,0,0,0,1,1,8220367729967,8220367729967,True,MAV_RESULT_ACCEPTED,1,POST_REQUEST_WINDOW_OBSERVATION,REQUEST_WINDOW_MESSAGE_OBSERVED,benchmark/extraction_runs/milestone6/ArduPilot/runs/Rover/message_summary.json,benchmark/extraction_runs/milestone6/ArduPilot/runs/Rover/request_sweep.json,Baseline proves only this default SITL profile. Request-window matches may be conditional and are not causal when the message already streamed by default.
ardupilot-rover-m6,ArduPilot,Rover,rover,109,RADIO_STATUS,baseline/ardupilot/modules/mavlink/message_definitions/v1.0/common.xml,all.xml,STATIC_REFERENCE_FOUND,1,3,0,0,0,0,,,True,MAV_RESULT_FAILED,0,NOT_OBSERVED,REQUEST_ACK_FAILED,benchmark/extraction_runs/milestone6/ArduPilot/runs/Rover/message_summary.json,benchmark/extraction_runs/milestone6/ArduPilot/runs/Rover/request_sweep.json,Baseline proves only this default SITL profile. Request-window matches may be conditional and are not causal when the message already streamed by default.
ardupilot-rover-m6,ArduPilot,Rover,rover,110,FILE_TRANSFER_PROTOCOL,baseline/ardupilot/modules/mavlink/message_definitions/v1.0/common.xml,all.xml,STATIC_REFERENCE_FOUND,1,2,0,0,0,0,,,True,MAV_RESULT_FAILED,0,NOT_OBSERVED,REQUEST_ACK_FAILED,benchmark/extraction_runs/milestone6/ArduPilot/runs/Rover/message_summary.json,benchmark/extraction_runs/milestone6/ArduPilot/runs/Rover/request_sweep.json,Baseline proves only this default SITL profile. Request-window matches may be conditional and are not causal when the message already streamed by default.
ardupilot-rover-m6,ArduPilot,Rover,rover,111,TIMESYNC,baseline/ardupilot/modules/mavlink/message_definitions/v1.0/common.xml,all.xml,STATIC_REFERENCE_FOUND,2,2,1,0,2,5,8208868247744,8248929428860,True,MAV_RESULT_FAILED,0,NOT_OBSERVED,DEFAULT_STREAM_OBSERVED,benchmark/extraction_runs/milestone6/ArduPilot/runs/Rover/message_summary.json,benchmark/extraction_runs/milestone6/ArduPilot/runs/Rover/request_sweep.json,Baseline proves only this default SITL profile. Request-window matches may be conditional and are not causal when the message already streamed by default.
ardupilot-rover-m6,ArduPilot,Rover,rover,112,CAMERA_TRIGGER,baseline/ardupilot/modules/mavlink/message_definitions/v1.0/common.xml,all.xml,NO_REFERENCE_FOUND_BY_HEURISTIC_SCAN,0,0,0,0,0,0,,,True,MAV_RESULT_FAILED,0,NOT_OBSERVED,REQUEST_ACK_FAILED,benchmark/extraction_runs/milestone6/ArduPilot/runs/Rover/message_summary.json,benchmark/extraction_runs/milestone6/ArduPilot/runs/Rover/request_sweep.json,Baseline proves only this default SITL profile. Request-window matches may be conditional and are not causal when the message already streamed by default.
ardupilot-rover-m6,ArduPilot,Rover,rover,113,HIL_GPS,baseline/ardupilot/modules/mavlink/message_definitions/v1.0/common.xml,all.xml,NO_REFERENCE_FOUND_BY_HEURISTIC_SCAN,0,0,0,0,0,0,,,True,MAV_RESULT_FAILED,0,NOT_OBSERVED,REQUEST_ACK_FAILED,benchmark/extraction_runs/milestone6/ArduPilot/runs/Rover/message_summary.json,benchmark/extraction_runs/milestone6/ArduPilot/runs/Rover/request_sweep.json,Baseline proves only this default SITL profile. Request-window matches may be conditional and are not causal when the message already streamed by default.
ardupilot-rover-m6,ArduPilot,Rover,rover,114,HIL_OPTICAL_FLOW,baseline/ardupilot/modules/mavlink/message_definitions/v1.0/common.xml,all.xml,NO_REFERENCE_FOUND_BY_HEURISTIC_SCAN,0,0,0,0,0,0,,,True,MAV_RESULT_FAILED,0,NOT_OBSERVED,REQUEST_ACK_FAILED,benchmark/extraction_runs/milestone6/ArduPilot/runs/Rover/message_summary.json,benchmark/extraction_runs/milestone6/ArduPilot/runs/Rover/request_sweep.json,Baseline proves only this default SITL profile. Request-window matches may be conditional and are not causal when the message already streamed by default.
ardupilot-rover-m6,ArduPilot,Rover,rover,115,HIL_STATE_QUATERNION,baseline/ardupilot/modules/mavlink/message_definitions/v1.0/common.xml,all.xml,NO_REFERENCE_FOUND_BY_HEURISTIC_SCAN,0,0,0,0,0,0,,,True,MAV_RESULT_FAILED,0,NOT_OBSERVED,REQUEST_ACK_FAILED,benchmark/extraction_runs/milestone6/ArduPilot/runs/Rover/message_summary.json,benchmark/extraction_runs/milestone6/ArduPilot/runs/Rover/request_sweep.json,Baseline proves only this default SITL profile. Request-window matches may be conditional and are not causal when the message already streamed by default.
ardupilot-rover-m6,ArduPilot,Rover,rover,116,SCALED_IMU2,baseline/ardupilot/modules/mavlink/message_definitions/v1.0/common.xml,all.xml,STATIC_REFERENCE_FOUND,1,0,12,0,25,53,8201917468505,8252913069317,True,MAV_RESULT_ACCEPTED,1,AMBIGUOUS_BASELINE_PERIODIC,DEFAULT_STREAM_OBSERVED,benchmark/extraction_runs/milestone6/ArduPilot/runs/Rover/message_summary.json,benchmark/extraction_runs/milestone6/ArduPilot/runs/Rover/request_sweep.json,Baseline proves only this default SITL profile. Request-window matches may be conditional and are not causal when the message already streamed by default.
ardupilot-rover-m6,ArduPilot,Rover,rover,117,LOG_REQUEST_LIST,baseline/ardupilot/modules/mavlink/message_definitions/v1.0/common.xml,all.xml,STATIC_REFERENCE_FOUND,0,4,0,0,0,0,,,True,MAV_RESULT_FAILED,0,NOT_OBSERVED,REQUEST_ACK_FAILED,benchmark/extraction_runs/milestone6/ArduPilot/runs/Rover/message_summary.json,benchmark/extraction_runs/milestone6/ArduPilot/runs/Rover/request_sweep.json,Baseline proves only this default SITL profile. Request-window matches may be conditional and are not causal when the message already streamed by default.
ardupilot-rover-m6,ArduPilot,Rover,rover,118,LOG_ENTRY,baseline/ardupilot/modules/mavlink/message_definitions/v1.0/common.xml,all.xml,STATIC_REFERENCE_FOUND,1,0,0,0,0,0,,,True,MAV_RESULT_FAILED,0,NOT_OBSERVED,REQUEST_ACK_FAILED,benchmark/extraction_runs/milestone6/ArduPilot/runs/Rover/message_summary.json,benchmark/extraction_runs/milestone6/ArduPilot/runs/Rover/request_sweep.json,Baseline proves only this default SITL profile. Request-window matches may be conditional and are not causal when the message already streamed by default.
ardupilot-rover-m6,ArduPilot,Rover,rover,119,LOG_REQUEST_DATA,baseline/ardupilot/modules/mavlink/message_definitions/v1.0/common.xml,all.xml,STATIC_REFERENCE_FOUND,0,4,0,0,0,0,,,True,MAV_RESULT_FAILED,0,NOT_OBSERVED,REQUEST_ACK_FAILED,benchmark/extraction_runs/milestone6/ArduPilot/runs/Rover/message_summary.json,benchmark/extraction_runs/milestone6/ArduPilot/runs/Rover/request_sweep.json,Baseline proves only this default SITL profile. Request-window matches may be conditional and are not causal when the message already streamed by default.
ardupilot-rover-m6,ArduPilot,Rover,rover,120,LOG_DATA,baseline/ardupilot/modules/mavlink/message_definitions/v1.0/common.xml,all.xml,STATIC_REFERENCE_FOUND,0,0,0,0,0,0,,,True,MAV_RESULT_FAILED,0,NOT_OBSERVED,REQUEST_ACK_FAILED,benchmark/extraction_runs/milestone6/ArduPilot/runs/Rover/message_summary.json,benchmark/extraction_runs/milestone6/ArduPilot/runs/Rover/request_sweep.json,Baseline proves only this default SITL profile. Request-window matches may be conditional and are not causal when the message already streamed by default.
ardupilot-rover-m6,ArduPilot,Rover,rover,121,LOG_ERASE,baseline/ardupilot/modules/mavlink/message_definitions/v1.0/common.xml,all.xml,STATIC_REFERENCE_FOUND,0,3,0,0,0,0,,,True,MAV_RESULT_FAILED,0,NOT_OBSERVED,REQUEST_ACK_FAILED,benchmark/extraction_runs/milestone6/ArduPilot/runs/Rover/message_summary.json,benchmark/extraction_runs/milestone6/ArduPilot/runs/Rover/request_sweep.json,Baseline proves only this default SITL profile. Request-window matches may be conditional and are not causal when the message already streamed by default.
ardupilot-rover-m6,ArduPilot,Rover,rover,122,LOG_REQUEST_END,baseline/ardupilot/modules/mavlink/message_definitions/v1.0/common.xml,all.xml,STATIC_REFERENCE_FOUND,0,3,0,0,0,0,,,True,MAV_RESULT_FAILED,0,NOT_OBSERVED,REQUEST_ACK_FAILED,benchmark/extraction_runs/milestone6/ArduPilot/runs/Rover/message_summary.json,benchmark/extraction_runs/milestone6/ArduPilot/runs/Rover/request_sweep.json,Baseline proves only this default SITL profile. Request-window matches may be conditional and are not causal when the message already streamed by default.
ardupilot-rover-m6,ArduPilot,Rover,rover,123,GPS_INJECT_DATA,baseline/ardupilot/modules/mavlink/message_definitions/v1.0/common.xml,all.xml,STATIC_REFERENCE_FOUND,0,3,0,0,0,0,,,True,MAV_RESULT_FAILED,0,NOT_OBSERVED,REQUEST_ACK_FAILED,benchmark/extraction_runs/milestone6/ArduPilot/runs/Rover/message_summary.json,benchmark/extraction_runs/milestone6/ArduPilot/runs/Rover/request_sweep.json,Baseline proves only this default SITL profile. Request-window matches may be conditional and are not causal when the message already streamed by default.
ardupilot-rover-m6,ArduPilot,Rover,rover,124,GPS2_RAW,baseline/ardupilot/modules/mavlink/message_definitions/v1.0/common.xml,all.xml,STATIC_REFERENCE_FOUND,1,0,0,0,0,0,,,True,MAV_RESULT_ACCEPTED,0,NOT_OBSERVED,REQUEST_ACK_ACCEPTED_NO_MATCHING_FRAME,benchmark/extraction_runs/milestone6/ArduPilot/runs/Rover/message_summary.json,benchmark/extraction_runs/milestone6/ArduPilot/runs/Rover/request_sweep.json,Baseline proves only this default SITL profile. Request-window matches may be conditional and are not causal when the message already streamed by default.
ardupilot-rover-m6,ArduPilot,Rover,rover,125,POWER_STATUS,baseline/ardupilot/modules/mavlink/message_definitions/v1.0/common.xml,all.xml,STATIC_REFERENCE_FOUND,1,0,12,0,25,53,8201911861361,8252912675899,True,MAV_RESULT_ACCEPTED,1,AMBIGUOUS_BASELINE_PERIODIC,DEFAULT_STREAM_OBSERVED,benchmark/extraction_runs/milestone6/ArduPilot/runs/Rover/message_summary.json,benchmark/extraction_runs/milestone6/ArduPilot/runs/Rover/request_sweep.json,Baseline proves only this default SITL profile. Request-window matches may be conditional and are not causal when the message already streamed by default.
ardupilot-rover-m6,ArduPilot,Rover,rover,126,SERIAL_CONTROL,baseline/ardupilot/modules/mavlink/message_definitions/v1.0/common.xml,all.xml,STATIC_REFERENCE_FOUND,0,2,0,0,0,0,,,True,MAV_RESULT_FAILED,0,NOT_OBSERVED,REQUEST_ACK_FAILED,benchmark/extraction_runs/milestone6/ArduPilot/runs/Rover/message_summary.json,benchmark/extraction_runs/milestone6/ArduPilot/runs/Rover/request_sweep.json,Baseline proves only this default SITL profile. Request-window matches may be conditional and are not causal when the message already streamed by default.
ardupilot-rover-m6,ArduPilot,Rover,rover,127,GPS_RTK,baseline/ardupilot/modules/mavlink/message_definitions/v1.0/common.xml,all.xml,STATIC_REFERENCE_FOUND,1,0,0,0,0,0,,,True,MAV_RESULT_ACCEPTED,0,NOT_OBSERVED,REQUEST_ACK_ACCEPTED_NO_MATCHING_FRAME,benchmark/extraction_runs/milestone6/ArduPilot/runs/Rover/message_summary.json,benchmark/extraction_runs/milestone6/ArduPilot/runs/Rover/request_sweep.json,Baseline proves only this default SITL profile. Request-window matches may be conditional and are not causal when the message already streamed by default.
ardupilot-rover-m6,ArduPilot,Rover,rover,128,GPS2_RTK,baseline/ardupilot/modules/mavlink/message_definitions/v1.0/common.xml,all.xml,STATIC_REFERENCE_FOUND,1,0,0,0,0,0,,,True,MAV_RESULT_ACCEPTED,0,NOT_OBSERVED,REQUEST_ACK_ACCEPTED_NO_MATCHING_FRAME,benchmark/extraction_runs/milestone6/ArduPilot/runs/Rover/message_summary.json,benchmark/extraction_runs/milestone6/ArduPilot/runs/Rover/request_sweep.json,Baseline proves only this default SITL profile. Request-window matches may be conditional and are not causal when the message already streamed by default.
ardupilot-rover-m6,ArduPilot,Rover,rover,129,SCALED_IMU3,baseline/ardupilot/modules/mavlink/message_definitions/v1.0/common.xml,all.xml,STATIC_REFERENCE_FOUND,1,0,12,0,25,53,8201917566033,8252917843311,True,MAV_RESULT_ACCEPTED,1,AMBIGUOUS_BASELINE_PERIODIC,DEFAULT_STREAM_OBSERVED,benchmark/extraction_runs/milestone6/ArduPilot/runs/Rover/message_summary.json,benchmark/extraction_runs/milestone6/ArduPilot/runs/Rover/request_sweep.json,Baseline proves only this default SITL profile. Request-window matches may be conditional and are not causal when the message already streamed by default.
ardupilot-rover-m6,ArduPilot,Rover,rover,130,DATA_TRANSMISSION_HANDSHAKE,baseline/ardupilot/modules/mavlink/message_definitions/v1.0/common.xml,all.xml,NO_REFERENCE_FOUND_BY_HEURISTIC_SCAN,0,0,0,0,0,0,,,True,MAV_RESULT_FAILED,0,NOT_OBSERVED,REQUEST_ACK_FAILED,benchmark/extraction_runs/milestone6/ArduPilot/runs/Rover/message_summary.json,benchmark/extraction_runs/milestone6/ArduPilot/runs/Rover/request_sweep.json,Baseline proves only this default SITL profile. Request-window matches may be conditional and are not causal when the message already streamed by default.
ardupilot-rover-m6,ArduPilot,Rover,rover,131,ENCAPSULATED_DATA,baseline/ardupilot/modules/mavlink/message_definitions/v1.0/common.xml,all.xml,NO_REFERENCE_FOUND_BY_HEURISTIC_SCAN,0,0,0,0,0,0,,,True,MAV_RESULT_FAILED,0,NOT_OBSERVED,REQUEST_ACK_FAILED,benchmark/extraction_runs/milestone6/ArduPilot/runs/Rover/message_summary.json,benchmark/extraction_runs/milestone6/ArduPilot/runs/Rover/request_sweep.json,Baseline proves only this default SITL profile. Request-window matches may be conditional and are not causal when the message already streamed by default.
ardupilot-rover-m6,ArduPilot,Rover,rover,132,DISTANCE_SENSOR,baseline/ardupilot/modules/mavlink/message_definitions/v1.0/common.xml,all.xml,STATIC_REFERENCE_FOUND,3,3,0,0,0,0,,,True,MAV_RESULT_ACCEPTED,0,NOT_OBSERVED,REQUEST_ACK_ACCEPTED_NO_MATCHING_FRAME,benchmark/extraction_runs/milestone6/ArduPilot/runs/Rover/message_summary.json,benchmark/extraction_runs/milestone6/ArduPilot/runs/Rover/request_sweep.json,Baseline proves only this default SITL profile. Request-window matches may be conditional and are not causal when the message already streamed by default.
ardupilot-rover-m6,ArduPilot,Rover,rover,133,TERRAIN_REQUEST,baseline/ardupilot/modules/mavlink/message_definitions/v1.0/common.xml,all.xml,STATIC_REFERENCE_FOUND,1,0,0,0,0,0,,,True,MAV_RESULT_ACCEPTED,0,NOT_OBSERVED,REQUEST_ACK_ACCEPTED_NO_MATCHING_FRAME,benchmark/extraction_runs/milestone6/ArduPilot/runs/Rover/message_summary.json,benchmark/extraction_runs/milestone6/ArduPilot/runs/Rover/request_sweep.json,Baseline proves only this default SITL profile. Request-window matches may be conditional and are not causal when the message already streamed by default.
ardupilot-rover-m6,ArduPilot,Rover,rover,134,TERRAIN_DATA,baseline/ardupilot/modules/mavlink/message_definitions/v1.0/common.xml,all.xml,STATIC_REFERENCE_FOUND,0,3,0,0,0,0,,,True,MAV_RESULT_FAILED,0,NOT_OBSERVED,REQUEST_ACK_FAILED,benchmark/extraction_runs/milestone6/ArduPilot/runs/Rover/message_summary.json,benchmark/extraction_runs/milestone6/ArduPilot/runs/Rover/request_sweep.json,Baseline proves only this default SITL profile. Request-window matches may be conditional and are not causal when the message already streamed by default.
ardupilot-rover-m6,ArduPilot,Rover,rover,135,TERRAIN_CHECK,baseline/ardupilot/modules/mavlink/message_definitions/v1.0/common.xml,all.xml,STATIC_REFERENCE_FOUND,0,3,0,0,0,0,,,True,MAV_RESULT_FAILED,0,NOT_OBSERVED,REQUEST_ACK_FAILED,benchmark/extraction_runs/milestone6/ArduPilot/runs/Rover/message_summary.json,benchmark/extraction_runs/milestone6/ArduPilot/runs/Rover/request_sweep.json,Baseline proves only this default SITL profile. Request-window matches may be conditional and are not causal when the message already streamed by default.
ardupilot-rover-m6,ArduPilot,Rover,rover,136,TERRAIN_REPORT,baseline/ardupilot/modules/mavlink/message_definitions/v1.0/common.xml,all.xml,STATIC_REFERENCE_FOUND,1,0,0,0,0,0,,,True,MAV_RESULT_ACCEPTED,0,NOT_OBSERVED,REQUEST_ACK_ACCEPTED_NO_MATCHING_FRAME,benchmark/extraction_runs/milestone6/ArduPilot/runs/Rover/message_summary.json,benchmark/extraction_runs/milestone6/ArduPilot/runs/Rover/request_sweep.json,Baseline proves only this default SITL profile. Request-window matches may be conditional and are not causal when the message already streamed by default.
ardupilot-rover-m6,ArduPilot,Rover,rover,137,SCALED_PRESSURE2,baseline/ardupilot/modules/mavlink/message_definitions/v1.0/common.xml,all.xml,STATIC_REFERENCE_FOUND,1,0,12,0,25,53,8201917773769,8252918015014,True,MAV_RESULT_ACCEPTED,1,AMBIGUOUS_BASELINE_PERIODIC,DEFAULT_STREAM_OBSERVED,benchmark/extraction_runs/milestone6/ArduPilot/runs/Rover/message_summary.json,benchmark/extraction_runs/milestone6/ArduPilot/runs/Rover/request_sweep.json,Baseline proves only this default SITL profile. Request-window matches may be conditional and are not causal when the message already streamed by default.
ardupilot-rover-m6,ArduPilot,Rover,rover,138,ATT_POS_MOCAP,baseline/ardupilot/modules/mavlink/message_definitions/v1.0/common.xml,all.xml,STATIC_REFERENCE_FOUND,0,2,0,0,0,0,,,True,MAV_RESULT_FAILED,0,NOT_OBSERVED,REQUEST_ACK_FAILED,benchmark/extraction_runs/milestone6/ArduPilot/runs/Rover/message_summary.json,benchmark/extraction_runs/milestone6/ArduPilot/runs/Rover/request_sweep.json,Baseline proves only this default SITL profile. Request-window matches may be conditional and are not causal when the message already streamed by default.
ardupilot-rover-m6,ArduPilot,Rover,rover,139,SET_ACTUATOR_CONTROL_TARGET,baseline/ardupilot/modules/mavlink/message_definitions/v1.0/common.xml,all.xml,NO_REFERENCE_FOUND_BY_HEURISTIC_SCAN,0,0,0,0,0,0,,,True,MAV_RESULT_FAILED,0,NOT_OBSERVED,REQUEST_ACK_FAILED,benchmark/extraction_runs/milestone6/ArduPilot/runs/Rover/message_summary.json,benchmark/extraction_runs/milestone6/ArduPilot/runs/Rover/request_sweep.json,Baseline proves only this default SITL profile. Request-window matches may be conditional and are not causal when the message already streamed by default.
ardupilot-rover-m6,ArduPilot,Rover,rover,140,ACTUATOR_CONTROL_TARGET,baseline/ardupilot/modules/mavlink/message_definitions/v1.0/common.xml,all.xml,NO_REFERENCE_FOUND_BY_HEURISTIC_SCAN,0,0,0,0,0,0,,,True,MAV_RESULT_FAILED,0,NOT_OBSERVED,REQUEST_ACK_FAILED,benchmark/extraction_runs/milestone6/ArduPilot/runs/Rover/message_summary.json,benchmark/extraction_runs/milestone6/ArduPilot/runs/Rover/request_sweep.json,Baseline proves only this default SITL profile. Request-window matches may be conditional and are not causal when the message already streamed by default.
ardupilot-rover-m6,ArduPilot,Rover,rover,141,ALTITUDE,baseline/ardupilot/modules/mavlink/message_definitions/v1.0/common.xml,all.xml,NO_REFERENCE_FOUND_BY_HEURISTIC_SCAN,0,0,0,0,0,0,,,True,MAV_RESULT_FAILED,0,NOT_OBSERVED,REQUEST_ACK_FAILED,benchmark/extraction_runs/milestone6/ArduPilot/runs/Rover/message_summary.json,benchmark/extraction_runs/milestone6/ArduPilot/runs/Rover/request_sweep.json,Baseline proves only this default SITL profile. Request-window matches may be conditional and are not causal when the message already streamed by default.
ardupilot-rover-m6,ArduPilot,Rover,rover,142,RESOURCE_REQUEST,baseline/ardupilot/modules/mavlink/message_definitions/v1.0/common.xml,all.xml,NO_REFERENCE_FOUND_BY_HEURISTIC_SCAN,0,0,0,0,0,0,,,True,MAV_RESULT_FAILED,0,NOT_OBSERVED,REQUEST_ACK_FAILED,benchmark/extraction_runs/milestone6/ArduPilot/runs/Rover/message_summary.json,benchmark/extraction_runs/milestone6/ArduPilot/runs/Rover/request_sweep.json,Baseline proves only this default SITL profile. Request-window matches may be conditional and are not causal when the message already streamed by default.
ardupilot-rover-m6,ArduPilot,Rover,rover,143,SCALED_PRESSURE3,baseline/ardupilot/modules/mavlink/message_definitions/v1.0/common.xml,all.xml,STATIC_REFERENCE_FOUND,1,0,0,0,0,0,,,True,MAV_RESULT_ACCEPTED,0,NOT_OBSERVED,REQUEST_ACK_ACCEPTED_NO_MATCHING_FRAME,benchmark/extraction_runs/milestone6/ArduPilot/runs/Rover/message_summary.json,benchmark/extraction_runs/milestone6/ArduPilot/runs/Rover/request_sweep.json,Baseline proves only this default SITL profile. Request-window matches may be conditional and are not causal when the message already streamed by default.
ardupilot-rover-m6,ArduPilot,Rover,rover,144,FOLLOW_TARGET,baseline/ardupilot/modules/mavlink/message_definitions/v1.0/common.xml,all.xml,STATIC_REFERENCE_FOUND,0,2,0,0,0,0,,,True,MAV_RESULT_FAILED,0,NOT_OBSERVED,REQUEST_ACK_FAILED,benchmark/extraction_runs/milestone6/ArduPilot/runs/Rover/message_summary.json,benchmark/extraction_runs/milestone6/ArduPilot/runs/Rover/request_sweep.json,Baseline proves only this default SITL profile. Request-window matches may be conditional and are not causal when the message already streamed by default.
ardupilot-rover-m6,ArduPilot,Rover,rover,146,CONTROL_SYSTEM_STATE,baseline/ardupilot/modules/mavlink/message_definitions/v1.0/common.xml,all.xml,NO_REFERENCE_FOUND_BY_HEURISTIC_SCAN,0,0,0,0,0,0,,,True,MAV_RESULT_FAILED,0,NOT_OBSERVED,REQUEST_ACK_FAILED,benchmark/extraction_runs/milestone6/ArduPilot/runs/Rover/message_summary.json,benchmark/extraction_runs/milestone6/ArduPilot/runs/Rover/request_sweep.json,Baseline proves only this default SITL profile. Request-window matches may be conditional and are not causal when the message already streamed by default.
ardupilot-rover-m6,ArduPilot,Rover,rover,147,BATTERY_STATUS,baseline/ardupilot/modules/mavlink/message_definitions/v1.0/common.xml,all.xml,STATIC_REFERENCE_FOUND,1,0,12,0,25,104,8201923107149,8253175685144,True,MAV_RESULT_ACCEPTED,1,AMBIGUOUS_BASELINE_PERIODIC,DEFAULT_STREAM_OBSERVED,benchmark/extraction_runs/milestone6/ArduPilot/runs/Rover/message_summary.json,benchmark/extraction_runs/milestone6/ArduPilot/runs/Rover/request_sweep.json,Baseline proves only this default SITL profile. Request-window matches may be conditional and are not causal when the message already streamed by default.
ardupilot-rover-m6,ArduPilot,Rover,rover,148,AUTOPILOT_VERSION,baseline/ardupilot/modules/mavlink/message_definitions/v1.0/standard.xml,all.xml,STATIC_REFERENCE_FOUND,1,0,0,0,1,64,8223907450266,8253180360275,True,MAV_RESULT_ACCEPTED,1,POST_REQUEST_WINDOW_OBSERVATION,REQUEST_WINDOW_MESSAGE_OBSERVED,benchmark/extraction_runs/milestone6/ArduPilot/runs/Rover/message_summary.json,benchmark/extraction_runs/milestone6/ArduPilot/runs/Rover/request_sweep.json,Baseline proves only this default SITL profile. Request-window matches may be conditional and are not causal when the message already streamed by default.
ardupilot-rover-m6,ArduPilot,Rover,rover,149,LANDING_TARGET,baseline/ardupilot/modules/mavlink/message_definitions/v1.0/common.xml,all.xml,STATIC_REFERENCE_FOUND,0,2,0,0,0,0,,,True,MAV_RESULT_FAILED,0,NOT_OBSERVED,REQUEST_ACK_FAILED,benchmark/extraction_runs/milestone6/ArduPilot/runs/Rover/message_summary.json,benchmark/extraction_runs/milestone6/ArduPilot/runs/Rover/request_sweep.json,Baseline proves only this default SITL profile. Request-window matches may be conditional and are not causal when the message already streamed by default.
ardupilot-rover-m6,ArduPilot,Rover,rover,150,SENSOR_OFFSETS,baseline/ardupilot/modules/mavlink/message_definitions/v1.0/ardupilotmega.xml,all.xml,NO_REFERENCE_FOUND_BY_HEURISTIC_SCAN,0,0,0,0,0,0,,,True,MAV_RESULT_FAILED,0,NOT_OBSERVED,REQUEST_ACK_FAILED,benchmark/extraction_runs/milestone6/ArduPilot/runs/Rover/message_summary.json,benchmark/extraction_runs/milestone6/ArduPilot/runs/Rover/request_sweep.json,Baseline proves only this default SITL profile. Request-window matches may be conditional and are not causal when the message already streamed by default.
ardupilot-rover-m6,ArduPilot,Rover,rover,151,SET_MAG_OFFSETS,baseline/ardupilot/modules/mavlink/message_definitions/v1.0/ardupilotmega.xml,all.xml,NO_REFERENCE_FOUND_BY_HEURISTIC_SCAN,0,0,0,0,0,0,,,True,MAV_RESULT_FAILED,0,NOT_OBSERVED,REQUEST_ACK_FAILED,benchmark/extraction_runs/milestone6/ArduPilot/runs/Rover/message_summary.json,benchmark/extraction_runs/milestone6/ArduPilot/runs/Rover/request_sweep.json,Baseline proves only this default SITL profile. Request-window matches may be conditional and are not causal when the message already streamed by default.
ardupilot-rover-m6,ArduPilot,Rover,rover,152,MEMINFO,baseline/ardupilot/modules/mavlink/message_definitions/v1.0/ardupilotmega.xml,all.xml,STATIC_REFERENCE_FOUND,1,0,12,0,25,53,8201911981855,8252912764239,True,MAV_RESULT_ACCEPTED,1,AMBIGUOUS_BASELINE_PERIODIC,DEFAULT_STREAM_OBSERVED,benchmark/extraction_runs/milestone6/ArduPilot/runs/Rover/message_summary.json,benchmark/extraction_runs/milestone6/ArduPilot/runs/Rover/request_sweep.json,Baseline proves only this default SITL profile. Request-window matches may be conditional and are not causal when the message already streamed by default.
ardupilot-rover-m6,ArduPilot,Rover,rover,153,AP_ADC,baseline/ardupilot/modules/mavlink/message_definitions/v1.0/ardupilotmega.xml,all.xml,STATIC_REFERENCE_FOUND,1,0,0,0,0,0,,,True,MAV_RESULT_FAILED,0,NOT_OBSERVED,REQUEST_ACK_FAILED,benchmark/extraction_runs/milestone6/ArduPilot/runs/Rover/message_summary.json,benchmark/extraction_runs/milestone6/ArduPilot/runs/Rover/request_sweep.json,Baseline proves only this default SITL profile. Request-window matches may be conditional and are not causal when the message already streamed by default.
ardupilot-rover-m6,ArduPilot,Rover,rover,154,DIGICAM_CONFIGURE,baseline/ardupilot/modules/mavlink/message_definitions/v1.0/ardupilotmega.xml,all.xml,NO_REFERENCE_FOUND_BY_HEURISTIC_SCAN,0,0,0,0,0,0,,,True,MAV_RESULT_FAILED,0,NOT_OBSERVED,REQUEST_ACK_FAILED,benchmark/extraction_runs/milestone6/ArduPilot/runs/Rover/message_summary.json,benchmark/extraction_runs/milestone6/ArduPilot/runs/Rover/request_sweep.json,Baseline proves only this default SITL profile. Request-window matches may be conditional and are not causal when the message already streamed by default.
ardupilot-rover-m6,ArduPilot,Rover,rover,155,DIGICAM_CONTROL,baseline/ardupilot/modules/mavlink/message_definitions/v1.0/ardupilotmega.xml,all.xml,STATIC_REFERENCE_FOUND,0,2,0,0,0,0,,,True,MAV_RESULT_FAILED,0,NOT_OBSERVED,REQUEST_ACK_FAILED,benchmark/extraction_runs/milestone6/ArduPilot/runs/Rover/message_summary.json,benchmark/extraction_runs/milestone6/ArduPilot/runs/Rover/request_sweep.json,Baseline proves only this default SITL profile. Request-window matches may be conditional and are not causal when the message already streamed by default.
ardupilot-rover-m6,ArduPilot,Rover,rover,156,MOUNT_CONFIGURE,baseline/ardupilot/modules/mavlink/message_definitions/v1.0/ardupilotmega.xml,all.xml,NO_REFERENCE_FOUND_BY_HEURISTIC_SCAN,0,0,0,0,0,0,,,True,MAV_RESULT_FAILED,0,NOT_OBSERVED,REQUEST_ACK_FAILED,benchmark/extraction_runs/milestone6/ArduPilot/runs/Rover/message_summary.json,benchmark/extraction_runs/milestone6/ArduPilot/runs/Rover/request_sweep.json,Baseline proves only this default SITL profile. Request-window matches may be conditional and are not causal when the message already streamed by default.
ardupilot-rover-m6,ArduPilot,Rover,rover,157,MOUNT_CONTROL,baseline/ardupilot/modules/mavlink/message_definitions/v1.0/ardupilotmega.xml,all.xml,NO_REFERENCE_FOUND_BY_HEURISTIC_SCAN,0,0,0,0,0,0,,,True,MAV_RESULT_FAILED,0,NOT_OBSERVED,REQUEST_ACK_FAILED,benchmark/extraction_runs/milestone6/ArduPilot/runs/Rover/message_summary.json,benchmark/extraction_runs/milestone6/ArduPilot/runs/Rover/request_sweep.json,Baseline proves only this default SITL profile. Request-window matches may be conditional and are not causal when the message already streamed by default.
ardupilot-rover-m6,ArduPilot,Rover,rover,158,MOUNT_STATUS,baseline/ardupilot/modules/mavlink/message_definitions/v1.0/ardupilotmega.xml,all.xml,NO_REFERENCE_FOUND_BY_HEURISTIC_SCAN,0,0,0,0,0,0,,,True,MAV_RESULT_FAILED,0,NOT_OBSERVED,REQUEST_ACK_FAILED,benchmark/extraction_runs/milestone6/ArduPilot/runs/Rover/message_summary.json,benchmark/extraction_runs/milestone6/ArduPilot/runs/Rover/request_sweep.json,Baseline proves only this default SITL profile. Request-window matches may be conditional and are not causal when the message already streamed by default.
ardupilot-rover-m6,ArduPilot,Rover,rover,160,FENCE_POINT,baseline/ardupilot/modules/mavlink/message_definitions/v1.0/ardupilotmega.xml,all.xml,NO_REFERENCE_FOUND_BY_HEURISTIC_SCAN,0,0,0,0,0,0,,,True,MAV_RESULT_FAILED,0,NOT_OBSERVED,REQUEST_ACK_FAILED,benchmark/extraction_runs/milestone6/ArduPilot/runs/Rover/message_summary.json,benchmark/extraction_runs/milestone6/ArduPilot/runs/Rover/request_sweep.json,Baseline proves only this default SITL profile. Request-window matches may be conditional and are not causal when the message already streamed by default.
ardupilot-rover-m6,ArduPilot,Rover,rover,161,FENCE_FETCH_POINT,baseline/ardupilot/modules/mavlink/message_definitions/v1.0/ardupilotmega.xml,all.xml,NO_REFERENCE_FOUND_BY_HEURISTIC_SCAN,0,0,0,0,0,0,,,True,MAV_RESULT_FAILED,0,NOT_OBSERVED,REQUEST_ACK_FAILED,benchmark/extraction_runs/milestone6/ArduPilot/runs/Rover/message_summary.json,benchmark/extraction_runs/milestone6/ArduPilot/runs/Rover/request_sweep.json,Baseline proves only this default SITL profile. Request-window matches may be conditional and are not causal when the message already streamed by default.
ardupilot-rover-m6,ArduPilot,Rover,rover,162,FENCE_STATUS,baseline/ardupilot/modules/mavlink/message_definitions/v1.0/common.xml,all.xml,STATIC_REFERENCE_FOUND,1,0,0,0,0,0,,,True,MAV_RESULT_ACCEPTED,0,NOT_OBSERVED,REQUEST_ACK_ACCEPTED_NO_MATCHING_FRAME,benchmark/extraction_runs/milestone6/ArduPilot/runs/Rover/message_summary.json,benchmark/extraction_runs/milestone6/ArduPilot/runs/Rover/request_sweep.json,Baseline proves only this default SITL profile. Request-window matches may be conditional and are not causal when the message already streamed by default.
ardupilot-rover-m6,ArduPilot,Rover,rover,163,AHRS,baseline/ardupilot/modules/mavlink/message_definitions/v1.0/ardupilotmega.xml,all.xml,STATIC_REFERENCE_FOUND,1,0,12,0,25,53,8201905737608,8252912295064,True,MAV_RESULT_ACCEPTED,1,AMBIGUOUS_BASELINE_PERIODIC,DEFAULT_STREAM_OBSERVED,benchmark/extraction_runs/milestone6/ArduPilot/runs/Rover/message_summary.json,benchmark/extraction_runs/milestone6/ArduPilot/runs/Rover/request_sweep.json,Baseline proves only this default SITL profile. Request-window matches may be conditional and are not causal when the message already streamed by default.
ardupilot-rover-m6,ArduPilot,Rover,rover,164,SIMSTATE,baseline/ardupilot/modules/mavlink/message_definitions/v1.0/ardupilotmega.xml,all.xml,STATIC_REFERENCE_FOUND,1,0,12,0,25,53,8201922895535,8252918092630,True,MAV_RESULT_ACCEPTED,1,AMBIGUOUS_BASELINE_PERIODIC,DEFAULT_STREAM_OBSERVED,benchmark/extraction_runs/milestone6/ArduPilot/runs/Rover/message_summary.json,benchmark/extraction_runs/milestone6/ArduPilot/runs/Rover/request_sweep.json,Baseline proves only this default SITL profile. Request-window matches may be conditional and are not causal when the message already streamed by default.
ardupilot-rover-m6,ArduPilot,Rover,rover,165,HWSTATUS,baseline/ardupilot/modules/mavlink/message_definitions/v1.0/ardupilotmega.xml,all.xml,NO_REFERENCE_FOUND_BY_HEURISTIC_SCAN,0,0,0,0,0,0,,,True,MAV_RESULT_FAILED,0,NOT_OBSERVED,REQUEST_ACK_FAILED,benchmark/extraction_runs/milestone6/ArduPilot/runs/Rover/message_summary.json,benchmark/extraction_runs/milestone6/ArduPilot/runs/Rover/request_sweep.json,Baseline proves only this default SITL profile. Request-window matches may be conditional and are not causal when the message already streamed by default.
ardupilot-rover-m6,ArduPilot,Rover,rover,166,RADIO,baseline/ardupilot/modules/mavlink/message_definitions/v1.0/ardupilotmega.xml,all.xml,STATIC_REFERENCE_FOUND,0,4,0,0,0,0,,,True,MAV_RESULT_FAILED,0,NOT_OBSERVED,REQUEST_ACK_FAILED,benchmark/extraction_runs/milestone6/ArduPilot/runs/Rover/message_summary.json,benchmark/extraction_runs/milestone6/ArduPilot/runs/Rover/request_sweep.json,Baseline proves only this default SITL profile. Request-window matches may be conditional and are not causal when the message already streamed by default.
ardupilot-rover-m6,ArduPilot,Rover,rover,167,LIMITS_STATUS,baseline/ardupilot/modules/mavlink/message_definitions/v1.0/ardupilotmega.xml,all.xml,NO_REFERENCE_FOUND_BY_HEURISTIC_SCAN,0,0,0,0,0,0,,,True,MAV_RESULT_FAILED,0,NOT_OBSERVED,REQUEST_ACK_FAILED,benchmark/extraction_runs/milestone6/ArduPilot/runs/Rover/message_summary.json,benchmark/extraction_runs/milestone6/ArduPilot/runs/Rover/request_sweep.json,Baseline proves only this default SITL profile. Request-window matches may be conditional and are not causal when the message already streamed by default.
ardupilot-rover-m6,ArduPilot,Rover,rover,168,WIND,baseline/ardupilot/modules/mavlink/message_definitions/v1.0/ardupilotmega.xml,all.xml,STATIC_REFERENCE_FOUND,3,0,0,0,0,0,,,True,MAV_RESULT_ACCEPTED,0,NOT_OBSERVED,REQUEST_ACK_ACCEPTED_NO_MATCHING_FRAME,benchmark/extraction_runs/milestone6/ArduPilot/runs/Rover/message_summary.json,benchmark/extraction_runs/milestone6/ArduPilot/runs/Rover/request_sweep.json,Baseline proves only this default SITL profile. Request-window matches may be conditional and are not causal when the message already streamed by default.
ardupilot-rover-m6,ArduPilot,Rover,rover,169,DATA16,baseline/ardupilot/modules/mavlink/message_definitions/v1.0/ardupilotmega.xml,all.xml,STATIC_REFERENCE_FOUND,4,0,0,0,0,0,,,True,MAV_RESULT_FAILED,0,NOT_OBSERVED,REQUEST_ACK_FAILED,benchmark/extraction_runs/milestone6/ArduPilot/runs/Rover/message_summary.json,benchmark/extraction_runs/milestone6/ArduPilot/runs/Rover/request_sweep.json,Baseline proves only this default SITL profile. Request-window matches may be conditional and are not causal when the message already streamed by default.
ardupilot-rover-m6,ArduPilot,Rover,rover,170,DATA32,baseline/ardupilot/modules/mavlink/message_definitions/v1.0/ardupilotmega.xml,all.xml,NO_REFERENCE_FOUND_BY_HEURISTIC_SCAN,0,0,0,0,0,0,,,True,MAV_RESULT_FAILED,0,NOT_OBSERVED,REQUEST_ACK_FAILED,benchmark/extraction_runs/milestone6/ArduPilot/runs/Rover/message_summary.json,benchmark/extraction_runs/milestone6/ArduPilot/runs/Rover/request_sweep.json,Baseline proves only this default SITL profile. Request-window matches may be conditional and are not causal when the message already streamed by default.
ardupilot-rover-m6,ArduPilot,Rover,rover,171,DATA64,baseline/ardupilot/modules/mavlink/message_definitions/v1.0/ardupilotmega.xml,all.xml,NO_REFERENCE_FOUND_BY_HEURISTIC_SCAN,0,0,0,0,0,0,,,True,MAV_RESULT_FAILED,0,NOT_OBSERVED,REQUEST_ACK_FAILED,benchmark/extraction_runs/milestone6/ArduPilot/runs/Rover/message_summary.json,benchmark/extraction_runs/milestone6/ArduPilot/runs/Rover/request_sweep.json,Baseline proves only this default SITL profile. Request-window matches may be conditional and are not causal when the message already streamed by default.
ardupilot-rover-m6,ArduPilot,Rover,rover,172,DATA96,baseline/ardupilot/modules/mavlink/message_definitions/v1.0/ardupilotmega.xml,all.xml,STATIC_REFERENCE_FOUND,0,2,0,0,0,0,,,True,MAV_RESULT_FAILED,0,NOT_OBSERVED,REQUEST_ACK_FAILED,benchmark/extraction_runs/milestone6/ArduPilot/runs/Rover/message_summary.json,benchmark/extraction_runs/milestone6/ArduPilot/runs/Rover/request_sweep.json,Baseline proves only this default SITL profile. Request-window matches may be conditional and are not causal when the message already streamed by default.
ardupilot-rover-m6,ArduPilot,Rover,rover,173,RANGEFINDER,baseline/ardupilot/modules/mavlink/message_definitions/v1.0/ardupilotmega.xml,all.xml,STATIC_REFERENCE_FOUND,2,0,0,0,0,0,,,True,MAV_RESULT_ACCEPTED,0,NOT_OBSERVED,REQUEST_ACK_ACCEPTED_NO_MATCHING_FRAME,benchmark/extraction_runs/milestone6/ArduPilot/runs/Rover/message_summary.json,benchmark/extraction_runs/milestone6/ArduPilot/runs/Rover/request_sweep.json,Baseline proves only this default SITL profile. Request-window matches may be conditional and are not causal when the message already streamed by default.
ardupilot-rover-m6,ArduPilot,Rover,rover,174,AIRSPEED_AUTOCAL,baseline/ardupilot/modules/mavlink/message_definitions/v1.0/ardupilotmega.xml,all.xml,STATIC_REFERENCE_FOUND,0,0,0,0,0,0,,,True,MAV_RESULT_FAILED,0,NOT_OBSERVED,REQUEST_ACK_FAILED,benchmark/extraction_runs/milestone6/ArduPilot/runs/Rover/message_summary.json,benchmark/extraction_runs/milestone6/ArduPilot/runs/Rover/request_sweep.json,Baseline proves only this default SITL profile. Request-window matches may be conditional and are not causal when the message already streamed by default.
ardupilot-rover-m6,ArduPilot,Rover,rover,175,RALLY_POINT,baseline/ardupilot/modules/mavlink/message_definitions/v1.0/ardupilotmega.xml,all.xml,NO_REFERENCE_FOUND_BY_HEURISTIC_SCAN,0,0,0,0,0,0,,,True,MAV_RESULT_FAILED,0,NOT_OBSERVED,REQUEST_ACK_FAILED,benchmark/extraction_runs/milestone6/ArduPilot/runs/Rover/message_summary.json,benchmark/extraction_runs/milestone6/ArduPilot/runs/Rover/request_sweep.json,Baseline proves only this default SITL profile. Request-window matches may be conditional and are not causal when the message already streamed by default.
ardupilot-rover-m6,ArduPilot,Rover,rover,176,RALLY_FETCH_POINT,baseline/ardupilot/modules/mavlink/message_definitions/v1.0/ardupilotmega.xml,all.xml,NO_REFERENCE_FOUND_BY_HEURISTIC_SCAN,0,0,0,0,0,0,,,True,MAV_RESULT_FAILED,0,NOT_OBSERVED,REQUEST_ACK_FAILED,benchmark/extraction_runs/milestone6/ArduPilot/runs/Rover/message_summary.json,benchmark/extraction_runs/milestone6/ArduPilot/runs/Rover/request_sweep.json,Baseline proves only this default SITL profile. Request-window matches may be conditional and are not causal when the message already streamed by default.
ardupilot-rover-m6,ArduPilot,Rover,rover,177,COMPASSMOT_STATUS,baseline/ardupilot/modules/mavlink/message_definitions/v1.0/ardupilotmega.xml,all.xml,STATIC_REFERENCE_FOUND,1,0,0,0,0,0,,,True,MAV_RESULT_FAILED,0,NOT_OBSERVED,REQUEST_ACK_FAILED,benchmark/extraction_runs/milestone6/ArduPilot/runs/Rover/message_summary.json,benchmark/extraction_runs/milestone6/ArduPilot/runs/Rover/request_sweep.json,Baseline proves only this default SITL profile. Request-window matches may be conditional and are not causal when the message already streamed by default.
ardupilot-rover-m6,ArduPilot,Rover,rover,178,AHRS2,baseline/ardupilot/modules/mavlink/message_definitions/v1.0/ardupilotmega.xml,all.xml,STATIC_REFERENCE_FOUND,1,0,12,0,25,53,8201911269534,8252912573982,True,MAV_RESULT_ACCEPTED,1,AMBIGUOUS_BASELINE_PERIODIC,DEFAULT_STREAM_OBSERVED,benchmark/extraction_runs/milestone6/ArduPilot/runs/Rover/message_summary.json,benchmark/extraction_runs/milestone6/ArduPilot/runs/Rover/request_sweep.json,Baseline proves only this default SITL profile. Request-window matches may be conditional and are not causal when the message already streamed by default.
ardupilot-rover-m6,ArduPilot,Rover,rover,179,CAMERA_STATUS,baseline/ardupilot/modules/mavlink/message_definitions/v1.0/ardupilotmega.xml,all.xml,NO_REFERENCE_FOUND_BY_HEURISTIC_SCAN,0,0,0,0,0,0,,,True,MAV_RESULT_FAILED,0,NOT_OBSERVED,REQUEST_ACK_FAILED,benchmark/extraction_runs/milestone6/ArduPilot/runs/Rover/message_summary.json,benchmark/extraction_runs/milestone6/ArduPilot/runs/Rover/request_sweep.json,Baseline proves only this default SITL profile. Request-window matches may be conditional and are not causal when the message already streamed by default.
ardupilot-rover-m6,ArduPilot,Rover,rover,180,CAMERA_FEEDBACK,baseline/ardupilot/modules/mavlink/message_definitions/v1.0/ardupilotmega.xml,all.xml,STATIC_REFERENCE_FOUND,1,0,0,0,0,0,,,True,MAV_RESULT_ACCEPTED,0,NOT_OBSERVED,REQUEST_ACK_ACCEPTED_NO_MATCHING_FRAME,benchmark/extraction_runs/milestone6/ArduPilot/runs/Rover/message_summary.json,benchmark/extraction_runs/milestone6/ArduPilot/runs/Rover/request_sweep.json,Baseline proves only this default SITL profile. Request-window matches may be conditional and are not causal when the message already streamed by default.
ardupilot-rover-m6,ArduPilot,Rover,rover,181,BATTERY2,baseline/ardupilot/modules/mavlink/message_definitions/v1.0/ardupilotmega.xml,all.xml,NO_REFERENCE_FOUND_BY_HEURISTIC_SCAN,0,0,0,0,0,0,,,True,MAV_RESULT_FAILED,0,NOT_OBSERVED,REQUEST_ACK_FAILED,benchmark/extraction_runs/milestone6/ArduPilot/runs/Rover/message_summary.json,benchmark/extraction_runs/milestone6/ArduPilot/runs/Rover/request_sweep.json,Baseline proves only this default SITL profile. Request-window matches may be conditional and are not causal when the message already streamed by default.
ardupilot-rover-m6,ArduPilot,Rover,rover,182,AHRS3,baseline/ardupilot/modules/mavlink/message_definitions/v1.0/ardupilotmega.xml,all.xml,NO_REFERENCE_FOUND_BY_HEURISTIC_SCAN,0,0,0,0,0,0,,,True,MAV_RESULT_FAILED,0,NOT_OBSERVED,REQUEST_ACK_FAILED,benchmark/extraction_runs/milestone6/ArduPilot/runs/Rover/message_summary.json,benchmark/extraction_runs/milestone6/ArduPilot/runs/Rover/request_sweep.json,Baseline proves only this default SITL profile. Request-window matches may be conditional and are not causal when the message already streamed by default.
ardupilot-rover-m6,ArduPilot,Rover,rover,183,AUTOPILOT_VERSION_REQUEST,baseline/ardupilot/modules/mavlink/message_definitions/v1.0/ardupilotmega.xml,all.xml,STATIC_REFERENCE_FOUND,0,1,0,0,0,0,,,True,MAV_RESULT_FAILED,0,NOT_OBSERVED,REQUEST_ACK_FAILED,benchmark/extraction_runs/milestone6/ArduPilot/runs/Rover/message_summary.json,benchmark/extraction_runs/milestone6/ArduPilot/runs/Rover/request_sweep.json,Baseline proves only this default SITL profile. Request-window matches may be conditional and are not causal when the message already streamed by default.
ardupilot-rover-m6,ArduPilot,Rover,rover,184,REMOTE_LOG_DATA_BLOCK,baseline/ardupilot/modules/mavlink/message_definitions/v1.0/ardupilotmega.xml,all.xml,STATIC_REFERENCE_FOUND,1,0,0,0,0,0,,,True,MAV_RESULT_FAILED,0,NOT_OBSERVED,REQUEST_ACK_FAILED,benchmark/extraction_runs/milestone6/ArduPilot/runs/Rover/message_summary.json,benchmark/extraction_runs/milestone6/ArduPilot/runs/Rover/request_sweep.json,Baseline proves only this default SITL profile. Request-window matches may be conditional and are not causal when the message already streamed by default.
ardupilot-rover-m6,ArduPilot,Rover,rover,185,REMOTE_LOG_BLOCK_STATUS,baseline/ardupilot/modules/mavlink/message_definitions/v1.0/ardupilotmega.xml,all.xml,STATIC_REFERENCE_FOUND,0,3,0,0,0,0,,,True,MAV_RESULT_FAILED,0,NOT_OBSERVED,REQUEST_ACK_FAILED,benchmark/extraction_runs/milestone6/ArduPilot/runs/Rover/message_summary.json,benchmark/extraction_runs/milestone6/ArduPilot/runs/Rover/request_sweep.json,Baseline proves only this default SITL profile. Request-window matches may be conditional and are not causal when the message already streamed by default.
ardupilot-rover-m6,ArduPilot,Rover,rover,186,LED_CONTROL,baseline/ardupilot/modules/mavlink/message_definitions/v1.0/ardupilotmega.xml,all.xml,STATIC_REFERENCE_FOUND,0,3,0,0,0,0,,,True,MAV_RESULT_FAILED,0,NOT_OBSERVED,REQUEST_ACK_FAILED,benchmark/extraction_runs/milestone6/ArduPilot/runs/Rover/message_summary.json,benchmark/extraction_runs/milestone6/ArduPilot/runs/Rover/request_sweep.json,Baseline proves only this default SITL profile. Request-window matches may be conditional and are not causal when the message already streamed by default.
ardupilot-rover-m6,ArduPilot,Rover,rover,191,MAG_CAL_PROGRESS,baseline/ardupilot/modules/mavlink/message_definitions/v1.0/ardupilotmega.xml,all.xml,STATIC_REFERENCE_FOUND,1,0,0,0,0,0,,,True,MAV_RESULT_ACCEPTED,0,NOT_OBSERVED,REQUEST_ACK_ACCEPTED_NO_MATCHING_FRAME,benchmark/extraction_runs/milestone6/ArduPilot/runs/Rover/message_summary.json,benchmark/extraction_runs/milestone6/ArduPilot/runs/Rover/request_sweep.json,Baseline proves only this default SITL profile. Request-window matches may be conditional and are not causal when the message already streamed by default.
ardupilot-rover-m6,ArduPilot,Rover,rover,192,MAG_CAL_REPORT,baseline/ardupilot/modules/mavlink/message_definitions/v1.0/common.xml,all.xml,STATIC_REFERENCE_FOUND,1,0,0,0,0,0,,,True,MAV_RESULT_ACCEPTED,0,NOT_OBSERVED,REQUEST_ACK_ACCEPTED_NO_MATCHING_FRAME,benchmark/extraction_runs/milestone6/ArduPilot/runs/Rover/message_summary.json,benchmark/extraction_runs/milestone6/ArduPilot/runs/Rover/request_sweep.json,Baseline proves only this default SITL profile. Request-window matches may be conditional and are not causal when the message already streamed by default.
ardupilot-rover-m6,ArduPilot,Rover,rover,193,EKF_STATUS_REPORT,baseline/ardupilot/modules/mavlink/message_definitions/v1.0/ardupilotmega.xml,all.xml,STATIC_REFERENCE_FOUND,1,0,12,0,25,52,8202920564298,8252918188002,True,MAV_RESULT_ACCEPTED,1,AMBIGUOUS_BASELINE_PERIODIC,DEFAULT_STREAM_OBSERVED,benchmark/extraction_runs/milestone6/ArduPilot/runs/Rover/message_summary.json,benchmark/extraction_runs/milestone6/ArduPilot/runs/Rover/request_sweep.json,Baseline proves only this default SITL profile. Request-window matches may be conditional and are not causal when the message already streamed by default.
ardupilot-rover-m6,ArduPilot,Rover,rover,194,PID_TUNING,baseline/ardupilot/modules/mavlink/message_definitions/v1.0/ardupilotmega.xml,all.xml,STATIC_REFERENCE_FOUND,10,0,0,0,0,0,,,True,MAV_RESULT_ACCEPTED,0,NOT_OBSERVED,REQUEST_ACK_ACCEPTED_NO_MATCHING_FRAME,benchmark/extraction_runs/milestone6/ArduPilot/runs/Rover/message_summary.json,benchmark/extraction_runs/milestone6/ArduPilot/runs/Rover/request_sweep.json,Baseline proves only this default SITL profile. Request-window matches may be conditional and are not causal when the message already streamed by default.
ardupilot-rover-m6,ArduPilot,Rover,rover,195,DEEPSTALL,baseline/ardupilot/modules/mavlink/message_definitions/v1.0/ardupilotmega.xml,all.xml,STATIC_REFERENCE_FOUND,1,0,0,0,0,0,,,True,MAV_RESULT_FAILED,0,NOT_OBSERVED,REQUEST_ACK_FAILED,benchmark/extraction_runs/milestone6/ArduPilot/runs/Rover/message_summary.json,benchmark/extraction_runs/milestone6/ArduPilot/runs/Rover/request_sweep.json,Baseline proves only this default SITL profile. Request-window matches may be conditional and are not causal when the message already streamed by default.
ardupilot-rover-m6,ArduPilot,Rover,rover,200,GIMBAL_REPORT,baseline/ardupilot/modules/mavlink/message_definitions/v1.0/ardupilotmega.xml,all.xml,STATIC_REFERENCE_FOUND,0,3,0,0,0,0,,,True,MAV_RESULT_FAILED,0,NOT_OBSERVED,REQUEST_ACK_FAILED,benchmark/extraction_runs/milestone6/ArduPilot/runs/Rover/message_summary.json,benchmark/extraction_runs/milestone6/ArduPilot/runs/Rover/request_sweep.json,Baseline proves only this default SITL profile. Request-window matches may be conditional and are not causal when the message already streamed by default.
ardupilot-rover-m6,ArduPilot,Rover,rover,201,GIMBAL_CONTROL,baseline/ardupilot/modules/mavlink/message_definitions/v1.0/ardupilotmega.xml,all.xml,STATIC_REFERENCE_FOUND,2,2,0,0,0,0,,,True,MAV_RESULT_FAILED,0,NOT_OBSERVED,REQUEST_ACK_FAILED,benchmark/extraction_runs/milestone6/ArduPilot/runs/Rover/message_summary.json,benchmark/extraction_runs/milestone6/ArduPilot/runs/Rover/request_sweep.json,Baseline proves only this default SITL profile. Request-window matches may be conditional and are not causal when the message already streamed by default.
ardupilot-rover-m6,ArduPilot,Rover,rover,214,GIMBAL_TORQUE_CMD_REPORT,baseline/ardupilot/modules/mavlink/message_definitions/v1.0/ardupilotmega.xml,all.xml,NO_REFERENCE_FOUND_BY_HEURISTIC_SCAN,0,0,0,0,0,0,,,True,MAV_RESULT_FAILED,0,NOT_OBSERVED,REQUEST_ACK_FAILED,benchmark/extraction_runs/milestone6/ArduPilot/runs/Rover/message_summary.json,benchmark/extraction_runs/milestone6/ArduPilot/runs/Rover/request_sweep.json,Baseline proves only this default SITL profile. Request-window matches may be conditional and are not causal when the message already streamed by default.
ardupilot-rover-m6,ArduPilot,Rover,rover,215,GOPRO_HEARTBEAT,baseline/ardupilot/modules/mavlink/message_definitions/v1.0/ardupilotmega.xml,all.xml,STATIC_REFERENCE_FOUND,0,2,0,0,0,0,,,True,MAV_RESULT_FAILED,0,NOT_OBSERVED,REQUEST_ACK_FAILED,benchmark/extraction_runs/milestone6/ArduPilot/runs/Rover/message_summary.json,benchmark/extraction_runs/milestone6/ArduPilot/runs/Rover/request_sweep.json,Baseline proves only this default SITL profile. Request-window matches may be conditional and are not causal when the message already streamed by default.
ardupilot-rover-m6,ArduPilot,Rover,rover,216,GOPRO_GET_REQUEST,baseline/ardupilot/modules/mavlink/message_definitions/v1.0/ardupilotmega.xml,all.xml,NO_REFERENCE_FOUND_BY_HEURISTIC_SCAN,0,0,0,0,0,0,,,True,MAV_RESULT_FAILED,0,NOT_OBSERVED,REQUEST_ACK_FAILED,benchmark/extraction_runs/milestone6/ArduPilot/runs/Rover/message_summary.json,benchmark/extraction_runs/milestone6/ArduPilot/runs/Rover/request_sweep.json,Baseline proves only this default SITL profile. Request-window matches may be conditional and are not causal when the message already streamed by default.
ardupilot-rover-m6,ArduPilot,Rover,rover,217,GOPRO_GET_RESPONSE,baseline/ardupilot/modules/mavlink/message_definitions/v1.0/ardupilotmega.xml,all.xml,NO_REFERENCE_FOUND_BY_HEURISTIC_SCAN,0,0,0,0,0,0,,,True,MAV_RESULT_FAILED,0,NOT_OBSERVED,REQUEST_ACK_FAILED,benchmark/extraction_runs/milestone6/ArduPilot/runs/Rover/message_summary.json,benchmark/extraction_runs/milestone6/ArduPilot/runs/Rover/request_sweep.json,Baseline proves only this default SITL profile. Request-window matches may be conditional and are not causal when the message already streamed by default.
ardupilot-rover-m6,ArduPilot,Rover,rover,218,GOPRO_SET_REQUEST,baseline/ardupilot/modules/mavlink/message_definitions/v1.0/ardupilotmega.xml,all.xml,STATIC_REFERENCE_FOUND,5,0,0,0,0,0,,,True,MAV_RESULT_FAILED,0,NOT_OBSERVED,REQUEST_ACK_FAILED,benchmark/extraction_runs/milestone6/ArduPilot/runs/Rover/message_summary.json,benchmark/extraction_runs/milestone6/ArduPilot/runs/Rover/request_sweep.json,Baseline proves only this default SITL profile. Request-window matches may be conditional and are not causal when the message already streamed by default.
ardupilot-rover-m6,ArduPilot,Rover,rover,219,GOPRO_SET_RESPONSE,baseline/ardupilot/modules/mavlink/message_definitions/v1.0/ardupilotmega.xml,all.xml,NO_REFERENCE_FOUND_BY_HEURISTIC_SCAN,0,0,0,0,0,0,,,True,MAV_RESULT_FAILED,0,NOT_OBSERVED,REQUEST_ACK_FAILED,benchmark/extraction_runs/milestone6/ArduPilot/runs/Rover/message_summary.json,benchmark/extraction_runs/milestone6/ArduPilot/runs/Rover/request_sweep.json,Baseline proves only this default SITL profile. Request-window matches may be conditional and are not causal when the message already streamed by default.
ardupilot-rover-m6,ArduPilot,Rover,rover,220,NAV_FILTER_BIAS,baseline/ardupilot/modules/mavlink/message_definitions/v1.0/ualberta.xml,all.xml,NO_REFERENCE_FOUND_BY_HEURISTIC_SCAN,0,0,0,0,0,0,,,True,MAV_RESULT_FAILED,0,NOT_OBSERVED,REQUEST_ACK_FAILED,benchmark/extraction_runs/milestone6/ArduPilot/runs/Rover/message_summary.json,benchmark/extraction_runs/milestone6/ArduPilot/runs/Rover/request_sweep.json,Baseline proves only this default SITL profile. Request-window matches may be conditional and are not causal when the message already streamed by default.
ardupilot-rover-m6,ArduPilot,Rover,rover,221,RADIO_CALIBRATION,baseline/ardupilot/modules/mavlink/message_definitions/v1.0/ualberta.xml,all.xml,NO_REFERENCE_FOUND_BY_HEURISTIC_SCAN,0,0,0,0,0,0,,,True,MAV_RESULT_FAILED,0,NOT_OBSERVED,REQUEST_ACK_FAILED,benchmark/extraction_runs/milestone6/ArduPilot/runs/Rover/message_summary.json,benchmark/extraction_runs/milestone6/ArduPilot/runs/Rover/request_sweep.json,Baseline proves only this default SITL profile. Request-window matches may be conditional and are not causal when the message already streamed by default.
ardupilot-rover-m6,ArduPilot,Rover,rover,222,UALBERTA_SYS_STATUS,baseline/ardupilot/modules/mavlink/message_definitions/v1.0/ualberta.xml,all.xml,NO_REFERENCE_FOUND_BY_HEURISTIC_SCAN,0,0,0,0,0,0,,,True,MAV_RESULT_FAILED,0,NOT_OBSERVED,REQUEST_ACK_FAILED,benchmark/extraction_runs/milestone6/ArduPilot/runs/Rover/message_summary.json,benchmark/extraction_runs/milestone6/ArduPilot/runs/Rover/request_sweep.json,Baseline proves only this default SITL profile. Request-window matches may be conditional and are not causal when the message already streamed by default.
ardupilot-rover-m6,ArduPilot,Rover,rover,223,COMMAND_INT_STAMPED,baseline/ardupilot/modules/mavlink/message_definitions/v1.0/ASLUAV.xml,all.xml,NO_REFERENCE_FOUND_BY_HEURISTIC_SCAN,0,0,0,0,0,0,,,True,MAV_RESULT_FAILED,0,NOT_OBSERVED,REQUEST_ACK_FAILED,benchmark/extraction_runs/milestone6/ArduPilot/runs/Rover/message_summary.json,benchmark/extraction_runs/milestone6/ArduPilot/runs/Rover/request_sweep.json,Baseline proves only this default SITL profile. Request-window matches may be conditional and are not causal when the message already streamed by default.
ardupilot-rover-m6,ArduPilot,Rover,rover,224,COMMAND_LONG_STAMPED,baseline/ardupilot/modules/mavlink/message_definitions/v1.0/ASLUAV.xml,all.xml,NO_REFERENCE_FOUND_BY_HEURISTIC_SCAN,0,0,0,0,0,0,,,True,MAV_RESULT_FAILED,0,NOT_OBSERVED,REQUEST_ACK_FAILED,benchmark/extraction_runs/milestone6/ArduPilot/runs/Rover/message_summary.json,benchmark/extraction_runs/milestone6/ArduPilot/runs/Rover/request_sweep.json,Baseline proves only this default SITL profile. Request-window matches may be conditional and are not causal when the message already streamed by default.
ardupilot-rover-m6,ArduPilot,Rover,rover,225,EFI_STATUS,baseline/ardupilot/modules/mavlink/message_definitions/v1.0/common.xml,all.xml,STATIC_REFERENCE_FOUND,1,2,0,0,0,0,,,True,MAV_RESULT_ACCEPTED,0,NOT_OBSERVED,REQUEST_ACK_ACCEPTED_NO_MATCHING_FRAME,benchmark/extraction_runs/milestone6/ArduPilot/runs/Rover/message_summary.json,benchmark/extraction_runs/milestone6/ArduPilot/runs/Rover/request_sweep.json,Baseline proves only this default SITL profile. Request-window matches may be conditional and are not causal when the message already streamed by default.
ardupilot-rover-m6,ArduPilot,Rover,rover,226,RPM,baseline/ardupilot/modules/mavlink/message_definitions/v1.0/ardupilotmega.xml,all.xml,STATIC_REFERENCE_FOUND,1,0,0,0,0,0,,,True,MAV_RESULT_ACCEPTED,0,NOT_OBSERVED,REQUEST_ACK_ACCEPTED_NO_MATCHING_FRAME,benchmark/extraction_runs/milestone6/ArduPilot/runs/Rover/message_summary.json,benchmark/extraction_runs/milestone6/ArduPilot/runs/Rover/request_sweep.json,Baseline proves only this default SITL profile. Request-window matches may be conditional and are not causal when the message already streamed by default.
ardupilot-rover-m6,ArduPilot,Rover,rover,230,ESTIMATOR_STATUS,baseline/ardupilot/modules/mavlink/message_definitions/v1.0/common.xml,all.xml,NO_REFERENCE_FOUND_BY_HEURISTIC_SCAN,0,0,0,0,0,0,,,True,MAV_RESULT_FAILED,0,NOT_OBSERVED,REQUEST_ACK_FAILED,benchmark/extraction_runs/milestone6/ArduPilot/runs/Rover/message_summary.json,benchmark/extraction_runs/milestone6/ArduPilot/runs/Rover/request_sweep.json,Baseline proves only this default SITL profile. Request-window matches may be conditional and are not causal when the message already streamed by default.
ardupilot-rover-m6,ArduPilot,Rover,rover,231,WIND_COV,baseline/ardupilot/modules/mavlink/message_definitions/v1.0/common.xml,all.xml,NO_REFERENCE_FOUND_BY_HEURISTIC_SCAN,0,0,0,0,0,0,,,True,MAV_RESULT_FAILED,0,NOT_OBSERVED,REQUEST_ACK_FAILED,benchmark/extraction_runs/milestone6/ArduPilot/runs/Rover/message_summary.json,benchmark/extraction_runs/milestone6/ArduPilot/runs/Rover/request_sweep.json,Baseline proves only this default SITL profile. Request-window matches may be conditional and are not causal when the message already streamed by default.
ardupilot-rover-m6,ArduPilot,Rover,rover,232,GPS_INPUT,baseline/ardupilot/modules/mavlink/message_definitions/v1.0/common.xml,all.xml,STATIC_REFERENCE_FOUND,0,3,0,0,0,0,,,True,MAV_RESULT_FAILED,0,NOT_OBSERVED,REQUEST_ACK_FAILED,benchmark/extraction_runs/milestone6/ArduPilot/runs/Rover/message_summary.json,benchmark/extraction_runs/milestone6/ArduPilot/runs/Rover/request_sweep.json,Baseline proves only this default SITL profile. Request-window matches may be conditional and are not causal when the message already streamed by default.
ardupilot-rover-m6,ArduPilot,Rover,rover,233,GPS_RTCM_DATA,baseline/ardupilot/modules/mavlink/message_definitions/v1.0/common.xml,all.xml,STATIC_REFERENCE_FOUND,0,3,0,0,0,0,,,True,MAV_RESULT_FAILED,0,NOT_OBSERVED,REQUEST_ACK_FAILED,benchmark/extraction_runs/milestone6/ArduPilot/runs/Rover/message_summary.json,benchmark/extraction_runs/milestone6/ArduPilot/runs/Rover/request_sweep.json,Baseline proves only this default SITL profile. Request-window matches may be conditional and are not causal when the message already streamed by default.
ardupilot-rover-m6,ArduPilot,Rover,rover,234,HIGH_LATENCY,baseline/ardupilot/modules/mavlink/message_definitions/v1.0/common.xml,all.xml,NO_REFERENCE_FOUND_BY_HEURISTIC_SCAN,0,0,0,0,0,0,,,True,MAV_RESULT_FAILED,0,NOT_OBSERVED,REQUEST_ACK_FAILED,benchmark/extraction_runs/milestone6/ArduPilot/runs/Rover/message_summary.json,benchmark/extraction_runs/milestone6/ArduPilot/runs/Rover/request_sweep.json,Baseline proves only this default SITL profile. Request-window matches may be conditional and are not causal when the message already streamed by default.
ardupilot-rover-m6,ArduPilot,Rover,rover,235,HIGH_LATENCY2,baseline/ardupilot/modules/mavlink/message_definitions/v1.0/common.xml,all.xml,STATIC_REFERENCE_FOUND,1,1,0,0,1,1,8228467461861,8228467461861,True,MAV_RESULT_ACCEPTED,1,POST_REQUEST_WINDOW_OBSERVATION,REQUEST_WINDOW_MESSAGE_OBSERVED,benchmark/extraction_runs/milestone6/ArduPilot/runs/Rover/message_summary.json,benchmark/extraction_runs/milestone6/ArduPilot/runs/Rover/request_sweep.json,Baseline proves only this default SITL profile. Request-window matches may be conditional and are not causal when the message already streamed by default.
ardupilot-rover-m6,ArduPilot,Rover,rover,241,VIBRATION,baseline/ardupilot/modules/mavlink/message_definitions/v1.0/common.xml,all.xml,STATIC_REFERENCE_FOUND,1,0,12,0,25,53,8201922998469,8252918280831,True,MAV_RESULT_ACCEPTED,1,AMBIGUOUS_BASELINE_PERIODIC,DEFAULT_STREAM_OBSERVED,benchmark/extraction_runs/milestone6/ArduPilot/runs/Rover/message_summary.json,benchmark/extraction_runs/milestone6/ArduPilot/runs/Rover/request_sweep.json,Baseline proves only this default SITL profile. Request-window matches may be conditional and are not causal when the message already streamed by default.
ardupilot-rover-m6,ArduPilot,Rover,rover,242,HOME_POSITION,baseline/ardupilot/modules/mavlink/message_definitions/v1.0/common.xml,all.xml,STATIC_REFERENCE_FOUND,1,0,1,0,1,64,8208728275261,8253175821365,True,MAV_RESULT_ACCEPTED,1,AMBIGUOUS_BASELINE_PERIODIC,DEFAULT_STREAM_OBSERVED,benchmark/extraction_runs/milestone6/ArduPilot/runs/Rover/message_summary.json,benchmark/extraction_runs/milestone6/ArduPilot/runs/Rover/request_sweep.json,Baseline proves only this default SITL profile. Request-window matches may be conditional and are not causal when the message already streamed by default.
ardupilot-rover-m6,ArduPilot,Rover,rover,243,SET_HOME_POSITION,baseline/ardupilot/modules/mavlink/message_definitions/v1.0/common.xml,all.xml,NO_REFERENCE_FOUND_BY_HEURISTIC_SCAN,0,0,0,0,0,0,,,True,MAV_RESULT_FAILED,0,NOT_OBSERVED,REQUEST_ACK_FAILED,benchmark/extraction_runs/milestone6/ArduPilot/runs/Rover/message_summary.json,benchmark/extraction_runs/milestone6/ArduPilot/runs/Rover/request_sweep.json,Baseline proves only this default SITL profile. Request-window matches may be conditional and are not causal when the message already streamed by default.
ardupilot-rover-m6,ArduPilot,Rover,rover,244,MESSAGE_INTERVAL,baseline/ardupilot/modules/mavlink/message_definitions/v1.0/common.xml,all.xml,STATIC_REFERENCE_FOUND,4,1,0,0,1,1,8228548860826,8228548860826,True,MAV_RESULT_ACCEPTED,1,POST_REQUEST_WINDOW_OBSERVATION,REQUEST_WINDOW_MESSAGE_OBSERVED,benchmark/extraction_runs/milestone6/ArduPilot/runs/Rover/message_summary.json,benchmark/extraction_runs/milestone6/ArduPilot/runs/Rover/request_sweep.json,Baseline proves only this default SITL profile. Request-window matches may be conditional and are not causal when the message already streamed by default.
ardupilot-rover-m6,ArduPilot,Rover,rover,245,EXTENDED_SYS_STATE,baseline/ardupilot/modules/mavlink/message_definitions/v1.0/common.xml,all.xml,STATIC_REFERENCE_FOUND,1,0,0,0,1,62,8228572249951,8253180246593,True,MAV_RESULT_ACCEPTED,1,POST_REQUEST_WINDOW_OBSERVATION,REQUEST_WINDOW_MESSAGE_OBSERVED,benchmark/extraction_runs/milestone6/ArduPilot/runs/Rover/message_summary.json,benchmark/extraction_runs/milestone6/ArduPilot/runs/Rover/request_sweep.json,Baseline proves only this default SITL profile. Request-window matches may be conditional and are not causal when the message already streamed by default.
ardupilot-rover-m6,ArduPilot,Rover,rover,246,ADSB_VEHICLE,baseline/ardupilot/modules/mavlink/message_definitions/v1.0/common.xml,all.xml,STATIC_REFERENCE_FOUND,3,3,0,0,0,0,,,True,MAV_RESULT_ACCEPTED,0,NOT_OBSERVED,REQUEST_ACK_ACCEPTED_NO_MATCHING_FRAME,benchmark/extraction_runs/milestone6/ArduPilot/runs/Rover/message_summary.json,benchmark/extraction_runs/milestone6/ArduPilot/runs/Rover/request_sweep.json,Baseline proves only this default SITL profile. Request-window matches may be conditional and are not causal when the message already streamed by default.
ardupilot-rover-m6,ArduPilot,Rover,rover,247,COLLISION,baseline/ardupilot/modules/mavlink/message_definitions/v1.0/common.xml,all.xml,STATIC_REFERENCE_FOUND,0,0,0,0,0,0,,,True,MAV_RESULT_FAILED,0,NOT_OBSERVED,REQUEST_ACK_FAILED,benchmark/extraction_runs/milestone6/ArduPilot/runs/Rover/message_summary.json,benchmark/extraction_runs/milestone6/ArduPilot/runs/Rover/request_sweep.json,Baseline proves only this default SITL profile. Request-window matches may be conditional and are not causal when the message already streamed by default.
ardupilot-rover-m6,ArduPilot,Rover,rover,248,V2_EXTENSION,baseline/ardupilot/modules/mavlink/message_definitions/v1.0/common.xml,all.xml,NO_REFERENCE_FOUND_BY_HEURISTIC_SCAN,0,0,0,0,0,0,,,True,MAV_RESULT_FAILED,0,NOT_OBSERVED,REQUEST_ACK_FAILED,benchmark/extraction_runs/milestone6/ArduPilot/runs/Rover/message_summary.json,benchmark/extraction_runs/milestone6/ArduPilot/runs/Rover/request_sweep.json,Baseline proves only this default SITL profile. Request-window matches may be conditional and are not causal when the message already streamed by default.
ardupilot-rover-m6,ArduPilot,Rover,rover,249,MEMORY_VECT,baseline/ardupilot/modules/mavlink/message_definitions/v1.0/common.xml,all.xml,NO_REFERENCE_FOUND_BY_HEURISTIC_SCAN,0,0,0,0,0,0,,,True,MAV_RESULT_FAILED,0,NOT_OBSERVED,REQUEST_ACK_FAILED,benchmark/extraction_runs/milestone6/ArduPilot/runs/Rover/message_summary.json,benchmark/extraction_runs/milestone6/ArduPilot/runs/Rover/request_sweep.json,Baseline proves only this default SITL profile. Request-window matches may be conditional and are not causal when the message already streamed by default.
ardupilot-rover-m6,ArduPilot,Rover,rover,250,DEBUG_VECT,baseline/ardupilot/modules/mavlink/message_definitions/v1.0/common.xml,all.xml,NO_REFERENCE_FOUND_BY_HEURISTIC_SCAN,0,0,0,0,0,0,,,True,MAV_RESULT_FAILED,0,NOT_OBSERVED,REQUEST_ACK_FAILED,benchmark/extraction_runs/milestone6/ArduPilot/runs/Rover/message_summary.json,benchmark/extraction_runs/milestone6/ArduPilot/runs/Rover/request_sweep.json,Baseline proves only this default SITL profile. Request-window matches may be conditional and are not causal when the message already streamed by default.
ardupilot-rover-m6,ArduPilot,Rover,rover,251,NAMED_VALUE_FLOAT,baseline/ardupilot/modules/mavlink/message_definitions/v1.0/common.xml,all.xml,STATIC_REFERENCE_FOUND,1,2,0,0,0,0,,,True,MAV_RESULT_FAILED,0,NOT_OBSERVED,REQUEST_ACK_FAILED,benchmark/extraction_runs/milestone6/ArduPilot/runs/Rover/message_summary.json,benchmark/extraction_runs/milestone6/ArduPilot/runs/Rover/request_sweep.json,Baseline proves only this default SITL profile. Request-window matches may be conditional and are not causal when the message already streamed by default.
ardupilot-rover-m6,ArduPilot,Rover,rover,252,NAMED_VALUE_INT,baseline/ardupilot/modules/mavlink/message_definitions/v1.0/common.xml,all.xml,STATIC_REFERENCE_FOUND,2,2,0,0,0,0,,,True,MAV_RESULT_FAILED,0,NOT_OBSERVED,REQUEST_ACK_FAILED,benchmark/extraction_runs/milestone6/ArduPilot/runs/Rover/message_summary.json,benchmark/extraction_runs/milestone6/ArduPilot/runs/Rover/request_sweep.json,Baseline proves only this default SITL profile. Request-window matches may be conditional and are not causal when the message already streamed by default.
ardupilot-rover-m6,ArduPilot,Rover,rover,253,STATUSTEXT,baseline/ardupilot/modules/mavlink/message_definitions/v1.0/common.xml,all.xml,STATIC_REFERENCE_FOUND,1,2,10,2,3,24,8200590840385,8241191656868,True,MAV_RESULT_FAILED,0,NOT_OBSERVED,DEFAULT_STREAM_OBSERVED,benchmark/extraction_runs/milestone6/ArduPilot/runs/Rover/message_summary.json,benchmark/extraction_runs/milestone6/ArduPilot/runs/Rover/request_sweep.json,Baseline proves only this default SITL profile. Request-window matches may be conditional and are not causal when the message already streamed by default.
ardupilot-rover-m6,ArduPilot,Rover,rover,254,DEBUG,baseline/ardupilot/modules/mavlink/message_definitions/v1.0/common.xml,all.xml,NO_REFERENCE_FOUND_BY_HEURISTIC_SCAN,0,0,0,0,0,0,,,True,MAV_RESULT_FAILED,0,NOT_OBSERVED,REQUEST_ACK_FAILED,benchmark/extraction_runs/milestone6/ArduPilot/runs/Rover/message_summary.json,benchmark/extraction_runs/milestone6/ArduPilot/runs/Rover/request_sweep.json,Baseline proves only this default SITL profile. Request-window matches may be conditional and are not causal when the message already streamed by default.
ardupilot-rover-m6,ArduPilot,Rover,rover,256,SETUP_SIGNING,baseline/ardupilot/modules/mavlink/message_definitions/v1.0/common.xml,all.xml,STATIC_REFERENCE_FOUND,0,2,0,0,0,0,,,True,MAV_RESULT_FAILED,0,NOT_OBSERVED,REQUEST_ACK_FAILED,benchmark/extraction_runs/milestone6/ArduPilot/runs/Rover/message_summary.json,benchmark/extraction_runs/milestone6/ArduPilot/runs/Rover/request_sweep.json,Baseline proves only this default SITL profile. Request-window matches may be conditional and are not causal when the message already streamed by default.
ardupilot-rover-m6,ArduPilot,Rover,rover,257,BUTTON_CHANGE,baseline/ardupilot/modules/mavlink/message_definitions/v1.0/common.xml,all.xml,STATIC_REFERENCE_FOUND,0,0,0,0,0,0,,,True,MAV_RESULT_FAILED,0,NOT_OBSERVED,REQUEST_ACK_FAILED,benchmark/extraction_runs/milestone6/ArduPilot/runs/Rover/message_summary.json,benchmark/extraction_runs/milestone6/ArduPilot/runs/Rover/request_sweep.json,Baseline proves only this default SITL profile. Request-window matches may be conditional and are not causal when the message already streamed by default.
ardupilot-rover-m6,ArduPilot,Rover,rover,258,PLAY_TUNE,baseline/ardupilot/modules/mavlink/message_definitions/v1.0/common.xml,all.xml,STATIC_REFERENCE_FOUND,0,2,0,0,0,0,,,True,MAV_RESULT_FAILED,0,NOT_OBSERVED,REQUEST_ACK_FAILED,benchmark/extraction_runs/milestone6/ArduPilot/runs/Rover/message_summary.json,benchmark/extraction_runs/milestone6/ArduPilot/runs/Rover/request_sweep.json,Baseline proves only this default SITL profile. Request-window matches may be conditional and are not causal when the message already streamed by default.
ardupilot-rover-m6,ArduPilot,Rover,rover,259,CAMERA_INFORMATION,baseline/ardupilot/modules/mavlink/message_definitions/v1.0/common.xml,all.xml,STATIC_REFERENCE_FOUND,4,2,0,0,0,0,,,True,MAV_RESULT_ACCEPTED,0,NOT_OBSERVED,REQUEST_ACK_ACCEPTED_NO_MATCHING_FRAME,benchmark/extraction_runs/milestone6/ArduPilot/runs/Rover/message_summary.json,benchmark/extraction_runs/milestone6/ArduPilot/runs/Rover/request_sweep.json,Baseline proves only this default SITL profile. Request-window matches may be conditional and are not causal when the message already streamed by default.
ardupilot-rover-m6,ArduPilot,Rover,rover,260,CAMERA_SETTINGS,baseline/ardupilot/modules/mavlink/message_definitions/v1.0/common.xml,all.xml,STATIC_REFERENCE_FOUND,7,0,0,0,0,0,,,True,MAV_RESULT_ACCEPTED,0,NOT_OBSERVED,REQUEST_ACK_ACCEPTED_NO_MATCHING_FRAME,benchmark/extraction_runs/milestone6/ArduPilot/runs/Rover/message_summary.json,benchmark/extraction_runs/milestone6/ArduPilot/runs/Rover/request_sweep.json,Baseline proves only this default SITL profile. Request-window matches may be conditional and are not causal when the message already streamed by default.
ardupilot-rover-m6,ArduPilot,Rover,rover,261,STORAGE_INFORMATION,baseline/ardupilot/modules/mavlink/message_definitions/v1.0/common.xml,all.xml,NO_REFERENCE_FOUND_BY_HEURISTIC_SCAN,0,0,0,0,0,0,,,True,MAV_RESULT_FAILED,0,NOT_OBSERVED,REQUEST_ACK_FAILED,benchmark/extraction_runs/milestone6/ArduPilot/runs/Rover/message_summary.json,benchmark/extraction_runs/milestone6/ArduPilot/runs/Rover/request_sweep.json,Baseline proves only this default SITL profile. Request-window matches may be conditional and are not causal when the message already streamed by default.
ardupilot-rover-m6,ArduPilot,Rover,rover,262,CAMERA_CAPTURE_STATUS,baseline/ardupilot/modules/mavlink/message_definitions/v1.0/common.xml,all.xml,STATIC_REFERENCE_FOUND,1,0,0,0,0,0,,,True,MAV_RESULT_ACCEPTED,0,NOT_OBSERVED,REQUEST_ACK_ACCEPTED_NO_MATCHING_FRAME,benchmark/extraction_runs/milestone6/ArduPilot/runs/Rover/message_summary.json,benchmark/extraction_runs/milestone6/ArduPilot/runs/Rover/request_sweep.json,Baseline proves only this default SITL profile. Request-window matches may be conditional and are not causal when the message already streamed by default.
ardupilot-rover-m6,ArduPilot,Rover,rover,263,CAMERA_IMAGE_CAPTURED,baseline/ardupilot/modules/mavlink/message_definitions/v1.0/common.xml,all.xml,NO_REFERENCE_FOUND_BY_HEURISTIC_SCAN,0,0,0,0,0,0,,,True,MAV_RESULT_FAILED,0,NOT_OBSERVED,REQUEST_ACK_FAILED,benchmark/extraction_runs/milestone6/ArduPilot/runs/Rover/message_summary.json,benchmark/extraction_runs/milestone6/ArduPilot/runs/Rover/request_sweep.json,Baseline proves only this default SITL profile. Request-window matches may be conditional and are not causal when the message already streamed by default.
ardupilot-rover-m6,ArduPilot,Rover,rover,264,FLIGHT_INFORMATION,baseline/ardupilot/modules/mavlink/message_definitions/v1.0/common.xml,all.xml,STATIC_REFERENCE_FOUND,1,0,0,0,1,1,8230409445864,8230409445864,True,MAV_RESULT_ACCEPTED,1,POST_REQUEST_WINDOW_OBSERVATION,REQUEST_WINDOW_MESSAGE_OBSERVED,benchmark/extraction_runs/milestone6/ArduPilot/runs/Rover/message_summary.json,benchmark/extraction_runs/milestone6/ArduPilot/runs/Rover/request_sweep.json,Baseline proves only this default SITL profile. Request-window matches may be conditional and are not causal when the message already streamed by default.
ardupilot-rover-m6,ArduPilot,Rover,rover,265,MOUNT_ORIENTATION,baseline/ardupilot/modules/mavlink/message_definitions/v1.0/common.xml,all.xml,NO_REFERENCE_FOUND_BY_HEURISTIC_SCAN,0,0,0,0,0,0,,,True,MAV_RESULT_FAILED,0,NOT_OBSERVED,REQUEST_ACK_FAILED,benchmark/extraction_runs/milestone6/ArduPilot/runs/Rover/message_summary.json,benchmark/extraction_runs/milestone6/ArduPilot/runs/Rover/request_sweep.json,Baseline proves only this default SITL profile. Request-window matches may be conditional and are not causal when the message already streamed by default.
ardupilot-rover-m6,ArduPilot,Rover,rover,266,LOGGING_DATA,baseline/ardupilot/modules/mavlink/message_definitions/v1.0/common.xml,all.xml,NO_REFERENCE_FOUND_BY_HEURISTIC_SCAN,0,0,0,0,0,0,,,True,MAV_RESULT_FAILED,0,NOT_OBSERVED,REQUEST_ACK_FAILED,benchmark/extraction_runs/milestone6/ArduPilot/runs/Rover/message_summary.json,benchmark/extraction_runs/milestone6/ArduPilot/runs/Rover/request_sweep.json,Baseline proves only this default SITL profile. Request-window matches may be conditional and are not causal when the message already streamed by default.
ardupilot-rover-m6,ArduPilot,Rover,rover,267,LOGGING_DATA_ACKED,baseline/ardupilot/modules/mavlink/message_definitions/v1.0/common.xml,all.xml,NO_REFERENCE_FOUND_BY_HEURISTIC_SCAN,0,0,0,0,0,0,,,True,MAV_RESULT_FAILED,0,NOT_OBSERVED,REQUEST_ACK_FAILED,benchmark/extraction_runs/milestone6/ArduPilot/runs/Rover/message_summary.json,benchmark/extraction_runs/milestone6/ArduPilot/runs/Rover/request_sweep.json,Baseline proves only this default SITL profile. Request-window matches may be conditional and are not causal when the message already streamed by default.
ardupilot-rover-m6,ArduPilot,Rover,rover,268,LOGGING_ACK,baseline/ardupilot/modules/mavlink/message_definitions/v1.0/common.xml,all.xml,NO_REFERENCE_FOUND_BY_HEURISTIC_SCAN,0,0,0,0,0,0,,,True,MAV_RESULT_FAILED,0,NOT_OBSERVED,REQUEST_ACK_FAILED,benchmark/extraction_runs/milestone6/ArduPilot/runs/Rover/message_summary.json,benchmark/extraction_runs/milestone6/ArduPilot/runs/Rover/request_sweep.json,Baseline proves only this default SITL profile. Request-window matches may be conditional and are not causal when the message already streamed by default.
ardupilot-rover-m6,ArduPilot,Rover,rover,269,VIDEO_STREAM_INFORMATION,baseline/ardupilot/modules/mavlink/message_definitions/v1.0/common.xml,all.xml,STATIC_REFERENCE_FOUND,1,0,0,0,0,0,,,True,MAV_RESULT_ACCEPTED,0,NOT_OBSERVED,REQUEST_ACK_ACCEPTED_NO_MATCHING_FRAME,benchmark/extraction_runs/milestone6/ArduPilot/runs/Rover/message_summary.json,benchmark/extraction_runs/milestone6/ArduPilot/runs/Rover/request_sweep.json,Baseline proves only this default SITL profile. Request-window matches may be conditional and are not causal when the message already streamed by default.
ardupilot-rover-m6,ArduPilot,Rover,rover,270,VIDEO_STREAM_STATUS,baseline/ardupilot/modules/mavlink/message_definitions/v1.0/common.xml,all.xml,NO_REFERENCE_FOUND_BY_HEURISTIC_SCAN,0,0,0,0,0,0,,,True,MAV_RESULT_FAILED,0,NOT_OBSERVED,REQUEST_ACK_FAILED,benchmark/extraction_runs/milestone6/ArduPilot/runs/Rover/message_summary.json,benchmark/extraction_runs/milestone6/ArduPilot/runs/Rover/request_sweep.json,Baseline proves only this default SITL profile. Request-window matches may be conditional and are not causal when the message already streamed by default.
ardupilot-rover-m6,ArduPilot,Rover,rover,271,CAMERA_FOV_STATUS,baseline/ardupilot/modules/mavlink/message_definitions/v1.0/common.xml,all.xml,STATIC_REFERENCE_FOUND,1,0,0,0,0,0,,,True,MAV_RESULT_ACCEPTED,0,NOT_OBSERVED,REQUEST_ACK_ACCEPTED_NO_MATCHING_FRAME,benchmark/extraction_runs/milestone6/ArduPilot/runs/Rover/message_summary.json,benchmark/extraction_runs/milestone6/ArduPilot/runs/Rover/request_sweep.json,Baseline proves only this default SITL profile. Request-window matches may be conditional and are not causal when the message already streamed by default.
ardupilot-rover-m6,ArduPilot,Rover,rover,275,CAMERA_TRACKING_IMAGE_STATUS,baseline/ardupilot/modules/mavlink/message_definitions/v1.0/common.xml,all.xml,NO_REFERENCE_FOUND_BY_HEURISTIC_SCAN,0,0,0,0,0,0,,,True,MAV_RESULT_FAILED,0,NOT_OBSERVED,REQUEST_ACK_FAILED,benchmark/extraction_runs/milestone6/ArduPilot/runs/Rover/message_summary.json,benchmark/extraction_runs/milestone6/ArduPilot/runs/Rover/request_sweep.json,Baseline proves only this default SITL profile. Request-window matches may be conditional and are not causal when the message already streamed by default.
ardupilot-rover-m6,ArduPilot,Rover,rover,276,CAMERA_TRACKING_GEO_STATUS,baseline/ardupilot/modules/mavlink/message_definitions/v1.0/common.xml,all.xml,NO_REFERENCE_FOUND_BY_HEURISTIC_SCAN,0,0,0,0,0,0,,,True,MAV_RESULT_FAILED,0,NOT_OBSERVED,REQUEST_ACK_FAILED,benchmark/extraction_runs/milestone6/ArduPilot/runs/Rover/message_summary.json,benchmark/extraction_runs/milestone6/ArduPilot/runs/Rover/request_sweep.json,Baseline proves only this default SITL profile. Request-window matches may be conditional and are not causal when the message already streamed by default.
ardupilot-rover-m6,ArduPilot,Rover,rover,277,CAMERA_THERMAL_RANGE,baseline/ardupilot/modules/mavlink/message_definitions/v1.0/common.xml,all.xml,STATIC_REFERENCE_FOUND,1,0,0,0,0,0,,,True,MAV_RESULT_ACCEPTED,0,NOT_OBSERVED,REQUEST_ACK_ACCEPTED_NO_MATCHING_FRAME,benchmark/extraction_runs/milestone6/ArduPilot/runs/Rover/message_summary.json,benchmark/extraction_runs/milestone6/ArduPilot/runs/Rover/request_sweep.json,Baseline proves only this default SITL profile. Request-window matches may be conditional and are not causal when the message already streamed by default.
ardupilot-rover-m6,ArduPilot,Rover,rover,280,GIMBAL_MANAGER_INFORMATION,baseline/ardupilot/modules/mavlink/message_definitions/v1.0/common.xml,all.xml,STATIC_REFERENCE_FOUND,1,0,0,0,0,0,,,True,MAV_RESULT_ACCEPTED,0,NOT_OBSERVED,REQUEST_ACK_ACCEPTED_NO_MATCHING_FRAME,benchmark/extraction_runs/milestone6/ArduPilot/runs/Rover/message_summary.json,benchmark/extraction_runs/milestone6/ArduPilot/runs/Rover/request_sweep.json,Baseline proves only this default SITL profile. Request-window matches may be conditional and are not causal when the message already streamed by default.
ardupilot-rover-m6,ArduPilot,Rover,rover,281,GIMBAL_MANAGER_STATUS,baseline/ardupilot/modules/mavlink/message_definitions/v1.0/common.xml,all.xml,STATIC_REFERENCE_FOUND,1,0,0,0,0,0,,,True,MAV_RESULT_ACCEPTED,0,NOT_OBSERVED,REQUEST_ACK_ACCEPTED_NO_MATCHING_FRAME,benchmark/extraction_runs/milestone6/ArduPilot/runs/Rover/message_summary.json,benchmark/extraction_runs/milestone6/ArduPilot/runs/Rover/request_sweep.json,Baseline proves only this default SITL profile. Request-window matches may be conditional and are not causal when the message already streamed by default.
ardupilot-rover-m6,ArduPilot,Rover,rover,282,GIMBAL_MANAGER_SET_ATTITUDE,baseline/ardupilot/modules/mavlink/message_definitions/v1.0/common.xml,all.xml,STATIC_REFERENCE_FOUND,0,3,0,0,0,0,,,True,MAV_RESULT_FAILED,0,NOT_OBSERVED,REQUEST_ACK_FAILED,benchmark/extraction_runs/milestone6/ArduPilot/runs/Rover/message_summary.json,benchmark/extraction_runs/milestone6/ArduPilot/runs/Rover/request_sweep.json,Baseline proves only this default SITL profile. Request-window matches may be conditional and are not causal when the message already streamed by default.
ardupilot-rover-m6,ArduPilot,Rover,rover,283,GIMBAL_DEVICE_INFORMATION,baseline/ardupilot/modules/mavlink/message_definitions/v1.0/common.xml,all.xml,STATIC_REFERENCE_FOUND,0,3,0,0,0,0,,,True,MAV_RESULT_FAILED,0,NOT_OBSERVED,REQUEST_ACK_FAILED,benchmark/extraction_runs/milestone6/ArduPilot/runs/Rover/message_summary.json,benchmark/extraction_runs/milestone6/ArduPilot/runs/Rover/request_sweep.json,Baseline proves only this default SITL profile. Request-window matches may be conditional and are not causal when the message already streamed by default.
ardupilot-rover-m6,ArduPilot,Rover,rover,284,GIMBAL_DEVICE_SET_ATTITUDE,baseline/ardupilot/modules/mavlink/message_definitions/v1.0/common.xml,all.xml,STATIC_REFERENCE_FOUND,0,2,0,0,0,0,,,True,MAV_RESULT_FAILED,0,NOT_OBSERVED,REQUEST_ACK_FAILED,benchmark/extraction_runs/milestone6/ArduPilot/runs/Rover/message_summary.json,benchmark/extraction_runs/milestone6/ArduPilot/runs/Rover/request_sweep.json,Baseline proves only this default SITL profile. Request-window matches may be conditional and are not causal when the message already streamed by default.
ardupilot-rover-m6,ArduPilot,Rover,rover,285,GIMBAL_DEVICE_ATTITUDE_STATUS,baseline/ardupilot/modules/mavlink/message_definitions/v1.0/common.xml,all.xml,STATIC_REFERENCE_FOUND,1,3,0,0,0,0,,,True,MAV_RESULT_ACCEPTED,0,NOT_OBSERVED,REQUEST_ACK_ACCEPTED_NO_MATCHING_FRAME,benchmark/extraction_runs/milestone6/ArduPilot/runs/Rover/message_summary.json,benchmark/extraction_runs/milestone6/ArduPilot/runs/Rover/request_sweep.json,Baseline proves only this default SITL profile. Request-window matches may be conditional and are not causal when the message already streamed by default.
ardupilot-rover-m6,ArduPilot,Rover,rover,286,AUTOPILOT_STATE_FOR_GIMBAL_DEVICE,baseline/ardupilot/modules/mavlink/message_definitions/v1.0/common.xml,all.xml,STATIC_REFERENCE_FOUND,1,0,0,0,1,1,8232870148789,8232870148789,True,MAV_RESULT_ACCEPTED,1,POST_REQUEST_WINDOW_OBSERVATION,REQUEST_WINDOW_MESSAGE_OBSERVED,benchmark/extraction_runs/milestone6/ArduPilot/runs/Rover/message_summary.json,benchmark/extraction_runs/milestone6/ArduPilot/runs/Rover/request_sweep.json,Baseline proves only this default SITL profile. Request-window matches may be conditional and are not causal when the message already streamed by default.
ardupilot-rover-m6,ArduPilot,Rover,rover,287,GIMBAL_MANAGER_SET_PITCHYAW,baseline/ardupilot/modules/mavlink/message_definitions/v1.0/common.xml,all.xml,STATIC_REFERENCE_FOUND,0,3,0,0,0,0,,,True,MAV_RESULT_FAILED,0,NOT_OBSERVED,REQUEST_ACK_FAILED,benchmark/extraction_runs/milestone6/ArduPilot/runs/Rover/message_summary.json,benchmark/extraction_runs/milestone6/ArduPilot/runs/Rover/request_sweep.json,Baseline proves only this default SITL profile. Request-window matches may be conditional and are not causal when the message already streamed by default.
ardupilot-rover-m6,ArduPilot,Rover,rover,288,GIMBAL_MANAGER_SET_MANUAL_CONTROL,baseline/ardupilot/modules/mavlink/message_definitions/v1.0/common.xml,all.xml,NO_REFERENCE_FOUND_BY_HEURISTIC_SCAN,0,0,0,0,0,0,,,True,MAV_RESULT_FAILED,0,NOT_OBSERVED,REQUEST_ACK_FAILED,benchmark/extraction_runs/milestone6/ArduPilot/runs/Rover/message_summary.json,benchmark/extraction_runs/milestone6/ArduPilot/runs/Rover/request_sweep.json,Baseline proves only this default SITL profile. Request-window matches may be conditional and are not causal when the message already streamed by default.
ardupilot-rover-m6,ArduPilot,Rover,rover,295,AIRSPEED,baseline/ardupilot/modules/mavlink/message_definitions/v1.0/common.xml,all.xml,STATIC_REFERENCE_FOUND,1,0,0,0,0,0,,,True,MAV_RESULT_ACCEPTED,0,NOT_OBSERVED,REQUEST_ACK_ACCEPTED_NO_MATCHING_FRAME,benchmark/extraction_runs/milestone6/ArduPilot/runs/Rover/message_summary.json,benchmark/extraction_runs/milestone6/ArduPilot/runs/Rover/request_sweep.json,Baseline proves only this default SITL profile. Request-window matches may be conditional and are not causal when the message already streamed by default.
ardupilot-rover-m6,ArduPilot,Rover,rover,299,WIFI_CONFIG_AP,baseline/ardupilot/modules/mavlink/message_definitions/v1.0/common.xml,all.xml,NO_REFERENCE_FOUND_BY_HEURISTIC_SCAN,0,0,0,0,0,0,,,True,MAV_RESULT_FAILED,0,NOT_OBSERVED,REQUEST_ACK_FAILED,benchmark/extraction_runs/milestone6/ArduPilot/runs/Rover/message_summary.json,benchmark/extraction_runs/milestone6/ArduPilot/runs/Rover/request_sweep.json,Baseline proves only this default SITL profile. Request-window matches may be conditional and are not causal when the message already streamed by default.
ardupilot-rover-m6,ArduPilot,Rover,rover,301,AIS_VESSEL,baseline/ardupilot/modules/mavlink/message_definitions/v1.0/common.xml,all.xml,STATIC_REFERENCE_FOUND,1,0,0,0,0,0,,,True,MAV_RESULT_ACCEPTED,0,NOT_OBSERVED,REQUEST_ACK_ACCEPTED_NO_MATCHING_FRAME,benchmark/extraction_runs/milestone6/ArduPilot/runs/Rover/message_summary.json,benchmark/extraction_runs/milestone6/ArduPilot/runs/Rover/request_sweep.json,Baseline proves only this default SITL profile. Request-window matches may be conditional and are not causal when the message already streamed by default.
ardupilot-rover-m6,ArduPilot,Rover,rover,310,UAVCAN_NODE_STATUS,baseline/ardupilot/modules/mavlink/message_definitions/v1.0/common.xml,all.xml,NO_REFERENCE_FOUND_BY_HEURISTIC_SCAN,0,0,0,0,0,0,,,True,MAV_RESULT_FAILED,0,NOT_OBSERVED,REQUEST_ACK_FAILED,benchmark/extraction_runs/milestone6/ArduPilot/runs/Rover/message_summary.json,benchmark/extraction_runs/milestone6/ArduPilot/runs/Rover/request_sweep.json,Baseline proves only this default SITL profile. Request-window matches may be conditional and are not causal when the message already streamed by default.
ardupilot-rover-m6,ArduPilot,Rover,rover,311,UAVCAN_NODE_INFO,baseline/ardupilot/modules/mavlink/message_definitions/v1.0/common.xml,all.xml,NO_REFERENCE_FOUND_BY_HEURISTIC_SCAN,0,0,0,0,0,0,,,True,MAV_RESULT_FAILED,0,NOT_OBSERVED,REQUEST_ACK_FAILED,benchmark/extraction_runs/milestone6/ArduPilot/runs/Rover/message_summary.json,benchmark/extraction_runs/milestone6/ArduPilot/runs/Rover/request_sweep.json,Baseline proves only this default SITL profile. Request-window matches may be conditional and are not causal when the message already streamed by default.
ardupilot-rover-m6,ArduPilot,Rover,rover,320,PARAM_EXT_REQUEST_READ,baseline/ardupilot/modules/mavlink/message_definitions/v1.0/common.xml,all.xml,NO_REFERENCE_FOUND_BY_HEURISTIC_SCAN,0,0,0,0,0,0,,,True,MAV_RESULT_FAILED,0,NOT_OBSERVED,REQUEST_ACK_FAILED,benchmark/extraction_runs/milestone6/ArduPilot/runs/Rover/message_summary.json,benchmark/extraction_runs/milestone6/ArduPilot/runs/Rover/request_sweep.json,Baseline proves only this default SITL profile. Request-window matches may be conditional and are not causal when the message already streamed by default.
ardupilot-rover-m6,ArduPilot,Rover,rover,321,PARAM_EXT_REQUEST_LIST,baseline/ardupilot/modules/mavlink/message_definitions/v1.0/common.xml,all.xml,NO_REFERENCE_FOUND_BY_HEURISTIC_SCAN,0,0,0,0,0,0,,,True,MAV_RESULT_FAILED,0,NOT_OBSERVED,REQUEST_ACK_FAILED,benchmark/extraction_runs/milestone6/ArduPilot/runs/Rover/message_summary.json,benchmark/extraction_runs/milestone6/ArduPilot/runs/Rover/request_sweep.json,Baseline proves only this default SITL profile. Request-window matches may be conditional and are not causal when the message already streamed by default.
ardupilot-rover-m6,ArduPilot,Rover,rover,322,PARAM_EXT_VALUE,baseline/ardupilot/modules/mavlink/message_definitions/v1.0/common.xml,all.xml,NO_REFERENCE_FOUND_BY_HEURISTIC_SCAN,0,0,0,0,0,0,,,True,MAV_RESULT_FAILED,0,NOT_OBSERVED,REQUEST_ACK_FAILED,benchmark/extraction_runs/milestone6/ArduPilot/runs/Rover/message_summary.json,benchmark/extraction_runs/milestone6/ArduPilot/runs/Rover/request_sweep.json,Baseline proves only this default SITL profile. Request-window matches may be conditional and are not causal when the message already streamed by default.
ardupilot-rover-m6,ArduPilot,Rover,rover,323,PARAM_EXT_SET,baseline/ardupilot/modules/mavlink/message_definitions/v1.0/common.xml,all.xml,NO_REFERENCE_FOUND_BY_HEURISTIC_SCAN,0,0,0,0,0,0,,,True,MAV_RESULT_FAILED,0,NOT_OBSERVED,REQUEST_ACK_FAILED,benchmark/extraction_runs/milestone6/ArduPilot/runs/Rover/message_summary.json,benchmark/extraction_runs/milestone6/ArduPilot/runs/Rover/request_sweep.json,Baseline proves only this default SITL profile. Request-window matches may be conditional and are not causal when the message already streamed by default.
ardupilot-rover-m6,ArduPilot,Rover,rover,324,PARAM_EXT_ACK,baseline/ardupilot/modules/mavlink/message_definitions/v1.0/common.xml,all.xml,NO_REFERENCE_FOUND_BY_HEURISTIC_SCAN,0,0,0,0,0,0,,,True,MAV_RESULT_FAILED,0,NOT_OBSERVED,REQUEST_ACK_FAILED,benchmark/extraction_runs/milestone6/ArduPilot/runs/Rover/message_summary.json,benchmark/extraction_runs/milestone6/ArduPilot/runs/Rover/request_sweep.json,Baseline proves only this default SITL profile. Request-window matches may be conditional and are not causal when the message already streamed by default.
ardupilot-rover-m6,ArduPilot,Rover,rover,330,OBSTACLE_DISTANCE,baseline/ardupilot/modules/mavlink/message_definitions/v1.0/common.xml,all.xml,STATIC_REFERENCE_FOUND,0,2,0,0,0,0,,,True,MAV_RESULT_FAILED,0,NOT_OBSERVED,REQUEST_ACK_FAILED,benchmark/extraction_runs/milestone6/ArduPilot/runs/Rover/message_summary.json,benchmark/extraction_runs/milestone6/ArduPilot/runs/Rover/request_sweep.json,Baseline proves only this default SITL profile. Request-window matches may be conditional and are not causal when the message already streamed by default.
ardupilot-rover-m6,ArduPilot,Rover,rover,331,ODOMETRY,baseline/ardupilot/modules/mavlink/message_definitions/v1.0/common.xml,all.xml,STATIC_REFERENCE_FOUND,0,2,0,0,0,0,,,True,MAV_RESULT_FAILED,0,NOT_OBSERVED,REQUEST_ACK_FAILED,benchmark/extraction_runs/milestone6/ArduPilot/runs/Rover/message_summary.json,benchmark/extraction_runs/milestone6/ArduPilot/runs/Rover/request_sweep.json,Baseline proves only this default SITL profile. Request-window matches may be conditional and are not causal when the message already streamed by default.
ardupilot-rover-m6,ArduPilot,Rover,rover,332,TRAJECTORY_REPRESENTATION_WAYPOINTS,baseline/ardupilot/modules/mavlink/message_definitions/v1.0/common.xml,all.xml,NO_REFERENCE_FOUND_BY_HEURISTIC_SCAN,0,0,0,0,0,0,,,True,MAV_RESULT_FAILED,0,NOT_OBSERVED,REQUEST_ACK_FAILED,benchmark/extraction_runs/milestone6/ArduPilot/runs/Rover/message_summary.json,benchmark/extraction_runs/milestone6/ArduPilot/runs/Rover/request_sweep.json,Baseline proves only this default SITL profile. Request-window matches may be conditional and are not causal when the message already streamed by default.
ardupilot-rover-m6,ArduPilot,Rover,rover,333,TRAJECTORY_REPRESENTATION_BEZIER,baseline/ardupilot/modules/mavlink/message_definitions/v1.0/common.xml,all.xml,NO_REFERENCE_FOUND_BY_HEURISTIC_SCAN,0,0,0,0,0,0,,,True,MAV_RESULT_FAILED,0,NOT_OBSERVED,REQUEST_ACK_FAILED,benchmark/extraction_runs/milestone6/ArduPilot/runs/Rover/message_summary.json,benchmark/extraction_runs/milestone6/ArduPilot/runs/Rover/request_sweep.json,Baseline proves only this default SITL profile. Request-window matches may be conditional and are not causal when the message already streamed by default.
ardupilot-rover-m6,ArduPilot,Rover,rover,335,ISBD_LINK_STATUS,baseline/ardupilot/modules/mavlink/message_definitions/v1.0/common.xml,all.xml,NO_REFERENCE_FOUND_BY_HEURISTIC_SCAN,0,0,0,0,0,0,,,True,MAV_RESULT_FAILED,0,NOT_OBSERVED,REQUEST_ACK_FAILED,benchmark/extraction_runs/milestone6/ArduPilot/runs/Rover/message_summary.json,benchmark/extraction_runs/milestone6/ArduPilot/runs/Rover/request_sweep.json,Baseline proves only this default SITL profile. Request-window matches may be conditional and are not causal when the message already streamed by default.
ardupilot-rover-m6,ArduPilot,Rover,rover,339,RAW_RPM,baseline/ardupilot/modules/mavlink/message_definitions/v1.0/common.xml,all.xml,NO_REFERENCE_FOUND_BY_HEURISTIC_SCAN,0,0,0,0,0,0,,,True,MAV_RESULT_FAILED,0,NOT_OBSERVED,REQUEST_ACK_FAILED,benchmark/extraction_runs/milestone6/ArduPilot/runs/Rover/message_summary.json,benchmark/extraction_runs/milestone6/ArduPilot/runs/Rover/request_sweep.json,Baseline proves only this default SITL profile. Request-window matches may be conditional and are not causal when the message already streamed by default.
ardupilot-rover-m6,ArduPilot,Rover,rover,340,UTM_GLOBAL_POSITION,baseline/ardupilot/modules/mavlink/message_definitions/v1.0/common.xml,all.xml,STATIC_REFERENCE_FOUND,1,0,0,0,1,1,8234088825049,8234088825049,True,MAV_RESULT_ACCEPTED,1,POST_REQUEST_WINDOW_OBSERVATION,REQUEST_WINDOW_MESSAGE_OBSERVED,benchmark/extraction_runs/milestone6/ArduPilot/runs/Rover/message_summary.json,benchmark/extraction_runs/milestone6/ArduPilot/runs/Rover/request_sweep.json,Baseline proves only this default SITL profile. Request-window matches may be conditional and are not causal when the message already streamed by default.
ardupilot-rover-m6,ArduPilot,Rover,rover,345,PARAM_ERROR,baseline/ardupilot/modules/mavlink/message_definitions/v1.0/common.xml,all.xml,STATIC_REFERENCE_FOUND,2,0,0,0,0,0,,,True,MAV_RESULT_FAILED,0,NOT_OBSERVED,REQUEST_ACK_FAILED,benchmark/extraction_runs/milestone6/ArduPilot/runs/Rover/message_summary.json,benchmark/extraction_runs/milestone6/ArduPilot/runs/Rover/request_sweep.json,Baseline proves only this default SITL profile. Request-window matches may be conditional and are not causal when the message already streamed by default.
ardupilot-rover-m6,ArduPilot,Rover,rover,350,DEBUG_FLOAT_ARRAY,baseline/ardupilot/modules/mavlink/message_definitions/v1.0/common.xml,all.xml,NO_REFERENCE_FOUND_BY_HEURISTIC_SCAN,0,0,0,0,0,0,,,True,MAV_RESULT_FAILED,0,NOT_OBSERVED,REQUEST_ACK_FAILED,benchmark/extraction_runs/milestone6/ArduPilot/runs/Rover/message_summary.json,benchmark/extraction_runs/milestone6/ArduPilot/runs/Rover/request_sweep.json,Baseline proves only this default SITL profile. Request-window matches may be conditional and are not causal when the message already streamed by default.
ardupilot-rover-m6,ArduPilot,Rover,rover,360,ORBIT_EXECUTION_STATUS,baseline/ardupilot/modules/mavlink/message_definitions/v1.0/common.xml,all.xml,NO_REFERENCE_FOUND_BY_HEURISTIC_SCAN,0,0,0,0,0,0,,,True,MAV_RESULT_FAILED,0,NOT_OBSERVED,REQUEST_ACK_FAILED,benchmark/extraction_runs/milestone6/ArduPilot/runs/Rover/message_summary.json,benchmark/extraction_runs/milestone6/ArduPilot/runs/Rover/request_sweep.json,Baseline proves only this default SITL profile. Request-window matches may be conditional and are not causal when the message already streamed by default.
ardupilot-rover-m6,ArduPilot,Rover,rover,370,SMART_BATTERY_INFO,baseline/ardupilot/modules/mavlink/message_definitions/v1.0/common.xml,all.xml,NO_REFERENCE_FOUND_BY_HEURISTIC_SCAN,0,0,0,0,0,0,,,True,MAV_RESULT_FAILED,0,NOT_OBSERVED,REQUEST_ACK_FAILED,benchmark/extraction_runs/milestone6/ArduPilot/runs/Rover/message_summary.json,benchmark/extraction_runs/milestone6/ArduPilot/runs/Rover/request_sweep.json,Baseline proves only this default SITL profile. Request-window matches may be conditional and are not causal when the message already streamed by default.
ardupilot-rover-m6,ArduPilot,Rover,rover,373,GENERATOR_STATUS,baseline/ardupilot/modules/mavlink/message_definitions/v1.0/common.xml,all.xml,STATIC_REFERENCE_FOUND,3,0,0,0,0,0,,,True,MAV_RESULT_ACCEPTED,0,NOT_OBSERVED,REQUEST_ACK_ACCEPTED_NO_MATCHING_FRAME,benchmark/extraction_runs/milestone6/ArduPilot/runs/Rover/message_summary.json,benchmark/extraction_runs/milestone6/ArduPilot/runs/Rover/request_sweep.json,Baseline proves only this default SITL profile. Request-window matches may be conditional and are not causal when the message already streamed by default.
ardupilot-rover-m6,ArduPilot,Rover,rover,375,ACTUATOR_OUTPUT_STATUS,baseline/ardupilot/modules/mavlink/message_definitions/v1.0/common.xml,all.xml,NO_REFERENCE_FOUND_BY_HEURISTIC_SCAN,0,0,0,0,0,0,,,True,MAV_RESULT_FAILED,0,NOT_OBSERVED,REQUEST_ACK_FAILED,benchmark/extraction_runs/milestone6/ArduPilot/runs/Rover/message_summary.json,benchmark/extraction_runs/milestone6/ArduPilot/runs/Rover/request_sweep.json,Baseline proves only this default SITL profile. Request-window matches may be conditional and are not causal when the message already streamed by default.
ardupilot-rover-m6,ArduPilot,Rover,rover,376,RELAY_STATUS,baseline/ardupilot/modules/mavlink/message_definitions/v1.0/common.xml,all.xml,STATIC_REFERENCE_FOUND,1,0,0,0,1,1,8234648789571,8234648789571,True,MAV_RESULT_ACCEPTED,1,POST_REQUEST_WINDOW_OBSERVATION,REQUEST_WINDOW_MESSAGE_OBSERVED,benchmark/extraction_runs/milestone6/ArduPilot/runs/Rover/message_summary.json,benchmark/extraction_runs/milestone6/ArduPilot/runs/Rover/request_sweep.json,Baseline proves only this default SITL profile. Request-window matches may be conditional and are not causal when the message already streamed by default.
ardupilot-rover-m6,ArduPilot,Rover,rover,385,TUNNEL,baseline/ardupilot/modules/mavlink/message_definitions/v1.0/common.xml,all.xml,NO_REFERENCE_FOUND_BY_HEURISTIC_SCAN,0,0,0,0,0,0,,,True,MAV_RESULT_FAILED,0,NOT_OBSERVED,REQUEST_ACK_FAILED,benchmark/extraction_runs/milestone6/ArduPilot/runs/Rover/message_summary.json,benchmark/extraction_runs/milestone6/ArduPilot/runs/Rover/request_sweep.json,Baseline proves only this default SITL profile. Request-window matches may be conditional and are not causal when the message already streamed by default.
ardupilot-rover-m6,ArduPilot,Rover,rover,386,CAN_FRAME,baseline/ardupilot/modules/mavlink/message_definitions/v1.0/common.xml,all.xml,STATIC_REFERENCE_FOUND,1,3,0,0,0,0,,,True,MAV_RESULT_FAILED,0,NOT_OBSERVED,REQUEST_ACK_FAILED,benchmark/extraction_runs/milestone6/ArduPilot/runs/Rover/message_summary.json,benchmark/extraction_runs/milestone6/ArduPilot/runs/Rover/request_sweep.json,Baseline proves only this default SITL profile. Request-window matches may be conditional and are not causal when the message already streamed by default.
ardupilot-rover-m6,ArduPilot,Rover,rover,387,CANFD_FRAME,baseline/ardupilot/modules/mavlink/message_definitions/v1.0/common.xml,all.xml,STATIC_REFERENCE_FOUND,1,3,0,0,0,0,,,True,MAV_RESULT_FAILED,0,NOT_OBSERVED,REQUEST_ACK_FAILED,benchmark/extraction_runs/milestone6/ArduPilot/runs/Rover/message_summary.json,benchmark/extraction_runs/milestone6/ArduPilot/runs/Rover/request_sweep.json,Baseline proves only this default SITL profile. Request-window matches may be conditional and are not causal when the message already streamed by default.
ardupilot-rover-m6,ArduPilot,Rover,rover,388,CAN_FILTER_MODIFY,baseline/ardupilot/modules/mavlink/message_definitions/v1.0/common.xml,all.xml,STATIC_REFERENCE_FOUND,0,2,0,0,0,0,,,True,MAV_RESULT_FAILED,0,NOT_OBSERVED,REQUEST_ACK_FAILED,benchmark/extraction_runs/milestone6/ArduPilot/runs/Rover/message_summary.json,benchmark/extraction_runs/milestone6/ArduPilot/runs/Rover/request_sweep.json,Baseline proves only this default SITL profile. Request-window matches may be conditional and are not causal when the message already streamed by default.
ardupilot-rover-m6,ArduPilot,Rover,rover,390,ONBOARD_COMPUTER_STATUS,baseline/ardupilot/modules/mavlink/message_definitions/v1.0/common.xml,all.xml,NO_REFERENCE_FOUND_BY_HEURISTIC_SCAN,0,0,0,0,0,0,,,True,MAV_RESULT_FAILED,0,NOT_OBSERVED,REQUEST_ACK_FAILED,benchmark/extraction_runs/milestone6/ArduPilot/runs/Rover/message_summary.json,benchmark/extraction_runs/milestone6/ArduPilot/runs/Rover/request_sweep.json,Baseline proves only this default SITL profile. Request-window matches may be conditional and are not causal when the message already streamed by default.
ardupilot-rover-m6,ArduPilot,Rover,rover,420,RADIO_RC_CHANNELS,baseline/ardupilot/modules/mavlink/message_definitions/v1.0/development.xml,all.xml,STATIC_REFERENCE_FOUND,0,2,0,0,0,0,,,True,MAV_RESULT_FAILED,0,NOT_OBSERVED,REQUEST_ACK_FAILED,benchmark/extraction_runs/milestone6/ArduPilot/runs/Rover/message_summary.json,benchmark/extraction_runs/milestone6/ArduPilot/runs/Rover/request_sweep.json,Baseline proves only this default SITL profile. Request-window matches may be conditional and are not causal when the message already streamed by default.
ardupilot-rover-m6,ArduPilot,Rover,rover,435,AVAILABLE_MODES,baseline/ardupilot/modules/mavlink/message_definitions/v1.0/development.xml,all.xml,STATIC_REFERENCE_FOUND,3,0,0,0,14,14,8234788786821,8236007620711,True,MAV_RESULT_ACCEPTED,1,POST_REQUEST_WINDOW_OBSERVATION,REQUEST_WINDOW_MESSAGE_OBSERVED,benchmark/extraction_runs/milestone6/ArduPilot/runs/Rover/message_summary.json,benchmark/extraction_runs/milestone6/ArduPilot/runs/Rover/request_sweep.json,Baseline proves only this default SITL profile. Request-window matches may be conditional and are not causal when the message already streamed by default.
ardupilot-rover-m6,ArduPilot,Rover,rover,436,CURRENT_MODE,baseline/ardupilot/modules/mavlink/message_definitions/v1.0/development.xml,all.xml,NO_REFERENCE_FOUND_BY_HEURISTIC_SCAN,0,0,0,0,0,0,,,True,MAV_RESULT_FAILED,0,NOT_OBSERVED,REQUEST_ACK_FAILED,benchmark/extraction_runs/milestone6/ArduPilot/runs/Rover/message_summary.json,benchmark/extraction_runs/milestone6/ArduPilot/runs/Rover/request_sweep.json,Baseline proves only this default SITL profile. Request-window matches may be conditional and are not causal when the message already streamed by default.
ardupilot-rover-m6,ArduPilot,Rover,rover,437,AVAILABLE_MODES_MONITOR,baseline/ardupilot/modules/mavlink/message_definitions/v1.0/development.xml,all.xml,STATIC_REFERENCE_FOUND,1,0,0,0,1,4,8234829403005,8249792458056,True,MAV_RESULT_ACCEPTED,1,POST_REQUEST_WINDOW_OBSERVATION,REQUEST_WINDOW_MESSAGE_OBSERVED,benchmark/extraction_runs/milestone6/ArduPilot/runs/Rover/message_summary.json,benchmark/extraction_runs/milestone6/ArduPilot/runs/Rover/request_sweep.json,Baseline proves only this default SITL profile. Request-window matches may be conditional and are not causal when the message already streamed by default.
ardupilot-rover-m6,ArduPilot,Rover,rover,441,GNSS_INTEGRITY,baseline/ardupilot/modules/mavlink/message_definitions/v1.0/development.xml,all.xml,NO_REFERENCE_FOUND_BY_HEURISTIC_SCAN,0,0,0,0,0,0,,,True,MAV_RESULT_FAILED,0,NOT_OBSERVED,REQUEST_ACK_FAILED,benchmark/extraction_runs/milestone6/ArduPilot/runs/Rover/message_summary.json,benchmark/extraction_runs/milestone6/ArduPilot/runs/Rover/request_sweep.json,Baseline proves only this default SITL profile. Request-window matches may be conditional and are not causal when the message already streamed by default.
ardupilot-rover-m6,ArduPilot,Rover,rover,513,RANGING_BEACON,baseline/ardupilot/modules/mavlink/message_definitions/v1.0/development.xml,all.xml,NO_REFERENCE_FOUND_BY_HEURISTIC_SCAN,0,0,0,0,0,0,,,True,MAV_RESULT_FAILED,0,NOT_OBSERVED,REQUEST_ACK_FAILED,benchmark/extraction_runs/milestone6/ArduPilot/runs/Rover/message_summary.json,benchmark/extraction_runs/milestone6/ArduPilot/runs/Rover/request_sweep.json,Baseline proves only this default SITL profile. Request-window matches may be conditional and are not causal when the message already streamed by default.
ardupilot-rover-m6,ArduPilot,Rover,rover,8002,SENS_POWER,baseline/ardupilot/modules/mavlink/message_definitions/v1.0/ASLUAV.xml,all.xml,NO_REFERENCE_FOUND_BY_HEURISTIC_SCAN,0,0,0,0,0,0,,,True,MAV_RESULT_FAILED,0,NOT_OBSERVED,REQUEST_ACK_FAILED,benchmark/extraction_runs/milestone6/ArduPilot/runs/Rover/message_summary.json,benchmark/extraction_runs/milestone6/ArduPilot/runs/Rover/request_sweep.json,Baseline proves only this default SITL profile. Request-window matches may be conditional and are not causal when the message already streamed by default.
ardupilot-rover-m6,ArduPilot,Rover,rover,8003,SENS_MPPT,baseline/ardupilot/modules/mavlink/message_definitions/v1.0/ASLUAV.xml,all.xml,NO_REFERENCE_FOUND_BY_HEURISTIC_SCAN,0,0,0,0,0,0,,,True,MAV_RESULT_FAILED,0,NOT_OBSERVED,REQUEST_ACK_FAILED,benchmark/extraction_runs/milestone6/ArduPilot/runs/Rover/message_summary.json,benchmark/extraction_runs/milestone6/ArduPilot/runs/Rover/request_sweep.json,Baseline proves only this default SITL profile. Request-window matches may be conditional and are not causal when the message already streamed by default.
ardupilot-rover-m6,ArduPilot,Rover,rover,8004,ASLCTRL_DATA,baseline/ardupilot/modules/mavlink/message_definitions/v1.0/ASLUAV.xml,all.xml,NO_REFERENCE_FOUND_BY_HEURISTIC_SCAN,0,0,0,0,0,0,,,True,MAV_RESULT_FAILED,0,NOT_OBSERVED,REQUEST_ACK_FAILED,benchmark/extraction_runs/milestone6/ArduPilot/runs/Rover/message_summary.json,benchmark/extraction_runs/milestone6/ArduPilot/runs/Rover/request_sweep.json,Baseline proves only this default SITL profile. Request-window matches may be conditional and are not causal when the message already streamed by default.
ardupilot-rover-m6,ArduPilot,Rover,rover,8005,ASLCTRL_DEBUG,baseline/ardupilot/modules/mavlink/message_definitions/v1.0/ASLUAV.xml,all.xml,NO_REFERENCE_FOUND_BY_HEURISTIC_SCAN,0,0,0,0,0,0,,,True,MAV_RESULT_FAILED,0,NOT_OBSERVED,REQUEST_ACK_FAILED,benchmark/extraction_runs/milestone6/ArduPilot/runs/Rover/message_summary.json,benchmark/extraction_runs/milestone6/ArduPilot/runs/Rover/request_sweep.json,Baseline proves only this default SITL profile. Request-window matches may be conditional and are not causal when the message already streamed by default.
ardupilot-rover-m6,ArduPilot,Rover,rover,8006,ASLUAV_STATUS,baseline/ardupilot/modules/mavlink/message_definitions/v1.0/ASLUAV.xml,all.xml,NO_REFERENCE_FOUND_BY_HEURISTIC_SCAN,0,0,0,0,0,0,,,True,MAV_RESULT_FAILED,0,NOT_OBSERVED,REQUEST_ACK_FAILED,benchmark/extraction_runs/milestone6/ArduPilot/runs/Rover/message_summary.json,benchmark/extraction_runs/milestone6/ArduPilot/runs/Rover/request_sweep.json,Baseline proves only this default SITL profile. Request-window matches may be conditional and are not causal when the message already streamed by default.
ardupilot-rover-m6,ArduPilot,Rover,rover,8007,EKF_EXT,baseline/ardupilot/modules/mavlink/message_definitions/v1.0/ASLUAV.xml,all.xml,NO_REFERENCE_FOUND_BY_HEURISTIC_SCAN,0,0,0,0,0,0,,,True,MAV_RESULT_FAILED,0,NOT_OBSERVED,REQUEST_ACK_FAILED,benchmark/extraction_runs/milestone6/ArduPilot/runs/Rover/message_summary.json,benchmark/extraction_runs/milestone6/ArduPilot/runs/Rover/request_sweep.json,Baseline proves only this default SITL profile. Request-window matches may be conditional and are not causal when the message already streamed by default.
ardupilot-rover-m6,ArduPilot,Rover,rover,8008,ASL_OBCTRL,baseline/ardupilot/modules/mavlink/message_definitions/v1.0/ASLUAV.xml,all.xml,NO_REFERENCE_FOUND_BY_HEURISTIC_SCAN,0,0,0,0,0,0,,,True,MAV_RESULT_FAILED,0,NOT_OBSERVED,REQUEST_ACK_FAILED,benchmark/extraction_runs/milestone6/ArduPilot/runs/Rover/message_summary.json,benchmark/extraction_runs/milestone6/ArduPilot/runs/Rover/request_sweep.json,Baseline proves only this default SITL profile. Request-window matches may be conditional and are not causal when the message already streamed by default.
ardupilot-rover-m6,ArduPilot,Rover,rover,8009,SENS_ATMOS,baseline/ardupilot/modules/mavlink/message_definitions/v1.0/ASLUAV.xml,all.xml,NO_REFERENCE_FOUND_BY_HEURISTIC_SCAN,0,0,0,0,0,0,,,True,MAV_RESULT_FAILED,0,NOT_OBSERVED,REQUEST_ACK_FAILED,benchmark/extraction_runs/milestone6/ArduPilot/runs/Rover/message_summary.json,benchmark/extraction_runs/milestone6/ArduPilot/runs/Rover/request_sweep.json,Baseline proves only this default SITL profile. Request-window matches may be conditional and are not causal when the message already streamed by default.
ardupilot-rover-m6,ArduPilot,Rover,rover,8010,SENS_BATMON,baseline/ardupilot/modules/mavlink/message_definitions/v1.0/ASLUAV.xml,all.xml,NO_REFERENCE_FOUND_BY_HEURISTIC_SCAN,0,0,0,0,0,0,,,True,MAV_RESULT_FAILED,0,NOT_OBSERVED,REQUEST_ACK_FAILED,benchmark/extraction_runs/milestone6/ArduPilot/runs/Rover/message_summary.json,benchmark/extraction_runs/milestone6/ArduPilot/runs/Rover/request_sweep.json,Baseline proves only this default SITL profile. Request-window matches may be conditional and are not causal when the message already streamed by default.
ardupilot-rover-m6,ArduPilot,Rover,rover,8011,FW_SOARING_DATA,baseline/ardupilot/modules/mavlink/message_definitions/v1.0/ASLUAV.xml,all.xml,NO_REFERENCE_FOUND_BY_HEURISTIC_SCAN,0,0,0,0,0,0,,,True,MAV_RESULT_FAILED,0,NOT_OBSERVED,REQUEST_ACK_FAILED,benchmark/extraction_runs/milestone6/ArduPilot/runs/Rover/message_summary.json,benchmark/extraction_runs/milestone6/ArduPilot/runs/Rover/request_sweep.json,Baseline proves only this default SITL profile. Request-window matches may be conditional and are not causal when the message already streamed by default.
ardupilot-rover-m6,ArduPilot,Rover,rover,8012,SENSORPOD_STATUS,baseline/ardupilot/modules/mavlink/message_definitions/v1.0/ASLUAV.xml,all.xml,NO_REFERENCE_FOUND_BY_HEURISTIC_SCAN,0,0,0,0,0,0,,,True,MAV_RESULT_FAILED,0,NOT_OBSERVED,REQUEST_ACK_FAILED,benchmark/extraction_runs/milestone6/ArduPilot/runs/Rover/message_summary.json,benchmark/extraction_runs/milestone6/ArduPilot/runs/Rover/request_sweep.json,Baseline proves only this default SITL profile. Request-window matches may be conditional and are not causal when the message already streamed by default.
ardupilot-rover-m6,ArduPilot,Rover,rover,8013,SENS_POWER_BOARD,baseline/ardupilot/modules/mavlink/message_definitions/v1.0/ASLUAV.xml,all.xml,NO_REFERENCE_FOUND_BY_HEURISTIC_SCAN,0,0,0,0,0,0,,,True,MAV_RESULT_FAILED,0,NOT_OBSERVED,REQUEST_ACK_FAILED,benchmark/extraction_runs/milestone6/ArduPilot/runs/Rover/message_summary.json,benchmark/extraction_runs/milestone6/ArduPilot/runs/Rover/request_sweep.json,Baseline proves only this default SITL profile. Request-window matches may be conditional and are not causal when the message already streamed by default.
ardupilot-rover-m6,ArduPilot,Rover,rover,8014,GSM_LINK_STATUS,baseline/ardupilot/modules/mavlink/message_definitions/v1.0/ASLUAV.xml,all.xml,NO_REFERENCE_FOUND_BY_HEURISTIC_SCAN,0,0,0,0,0,0,,,True,MAV_RESULT_FAILED,0,NOT_OBSERVED,REQUEST_ACK_FAILED,benchmark/extraction_runs/milestone6/ArduPilot/runs/Rover/message_summary.json,benchmark/extraction_runs/milestone6/ArduPilot/runs/Rover/request_sweep.json,Baseline proves only this default SITL profile. Request-window matches may be conditional and are not causal when the message already streamed by default.
ardupilot-rover-m6,ArduPilot,Rover,rover,8015,SATCOM_LINK_STATUS,baseline/ardupilot/modules/mavlink/message_definitions/v1.0/ASLUAV.xml,all.xml,NO_REFERENCE_FOUND_BY_HEURISTIC_SCAN,0,0,0,0,0,0,,,True,MAV_RESULT_FAILED,0,NOT_OBSERVED,REQUEST_ACK_FAILED,benchmark/extraction_runs/milestone6/ArduPilot/runs/Rover/message_summary.json,benchmark/extraction_runs/milestone6/ArduPilot/runs/Rover/request_sweep.json,Baseline proves only this default SITL profile. Request-window matches may be conditional and are not causal when the message already streamed by default.
ardupilot-rover-m6,ArduPilot,Rover,rover,8016,SENSOR_AIRFLOW_ANGLES,baseline/ardupilot/modules/mavlink/message_definitions/v1.0/ASLUAV.xml,all.xml,NO_REFERENCE_FOUND_BY_HEURISTIC_SCAN,0,0,0,0,0,0,,,True,MAV_RESULT_FAILED,0,NOT_OBSERVED,REQUEST_ACK_FAILED,benchmark/extraction_runs/milestone6/ArduPilot/runs/Rover/message_summary.json,benchmark/extraction_runs/milestone6/ArduPilot/runs/Rover/request_sweep.json,Baseline proves only this default SITL profile. Request-window matches may be conditional and are not causal when the message already streamed by default.
ardupilot-rover-m6,ArduPilot,Rover,rover,9000,WHEEL_DISTANCE,baseline/ardupilot/modules/mavlink/message_definitions/v1.0/common.xml,all.xml,STATIC_REFERENCE_FOUND,1,0,0,0,0,0,,,True,MAV_RESULT_FAILED,0,NOT_OBSERVED,REQUEST_ACK_FAILED,benchmark/extraction_runs/milestone6/ArduPilot/runs/Rover/message_summary.json,benchmark/extraction_runs/milestone6/ArduPilot/runs/Rover/request_sweep.json,Baseline proves only this default SITL profile. Request-window matches may be conditional and are not causal when the message already streamed by default.
ardupilot-rover-m6,ArduPilot,Rover,rover,9005,WINCH_STATUS,baseline/ardupilot/modules/mavlink/message_definitions/v1.0/common.xml,all.xml,STATIC_REFERENCE_FOUND,2,0,0,0,0,0,,,True,MAV_RESULT_ACCEPTED,0,NOT_OBSERVED,REQUEST_ACK_ACCEPTED_NO_MATCHING_FRAME,benchmark/extraction_runs/milestone6/ArduPilot/runs/Rover/message_summary.json,benchmark/extraction_runs/milestone6/ArduPilot/runs/Rover/request_sweep.json,Baseline proves only this default SITL profile. Request-window matches may be conditional and are not causal when the message already streamed by default.
ardupilot-rover-m6,ArduPilot,Rover,rover,10001,UAVIONIX_ADSB_OUT_CFG,baseline/ardupilot/modules/mavlink/message_definitions/v1.0/uAvionix.xml,all.xml,STATIC_REFERENCE_FOUND,1,3,0,0,0,0,,,True,MAV_RESULT_FAILED,0,NOT_OBSERVED,REQUEST_ACK_FAILED,benchmark/extraction_runs/milestone6/ArduPilot/runs/Rover/message_summary.json,benchmark/extraction_runs/milestone6/ArduPilot/runs/Rover/request_sweep.json,Baseline proves only this default SITL profile. Request-window matches may be conditional and are not causal when the message already streamed by default.
ardupilot-rover-m6,ArduPilot,Rover,rover,10002,UAVIONIX_ADSB_OUT_DYNAMIC,baseline/ardupilot/modules/mavlink/message_definitions/v1.0/uAvionix.xml,all.xml,STATIC_REFERENCE_FOUND,1,2,0,0,0,0,,,True,MAV_RESULT_FAILED,0,NOT_OBSERVED,REQUEST_ACK_FAILED,benchmark/extraction_runs/milestone6/ArduPilot/runs/Rover/message_summary.json,benchmark/extraction_runs/milestone6/ArduPilot/runs/Rover/request_sweep.json,Baseline proves only this default SITL profile. Request-window matches may be conditional and are not causal when the message already streamed by default.
ardupilot-rover-m6,ArduPilot,Rover,rover,10003,UAVIONIX_ADSB_TRANSCEIVER_HEALTH_REPORT,baseline/ardupilot/modules/mavlink/message_definitions/v1.0/uAvionix.xml,all.xml,STATIC_REFERENCE_FOUND,0,3,0,0,0,0,,,True,MAV_RESULT_FAILED,0,NOT_OBSERVED,REQUEST_ACK_FAILED,benchmark/extraction_runs/milestone6/ArduPilot/runs/Rover/message_summary.json,benchmark/extraction_runs/milestone6/ArduPilot/runs/Rover/request_sweep.json,Baseline proves only this default SITL profile. Request-window matches may be conditional and are not causal when the message already streamed by default.
ardupilot-rover-m6,ArduPilot,Rover,rover,10004,UAVIONIX_ADSB_OUT_CFG_REGISTRATION,baseline/ardupilot/modules/mavlink/message_definitions/v1.0/uAvionix.xml,all.xml,NO_REFERENCE_FOUND_BY_HEURISTIC_SCAN,0,0,0,0,0,0,,,True,MAV_RESULT_FAILED,0,NOT_OBSERVED,REQUEST_ACK_FAILED,benchmark/extraction_runs/milestone6/ArduPilot/runs/Rover/message_summary.json,benchmark/extraction_runs/milestone6/ArduPilot/runs/Rover/request_sweep.json,Baseline proves only this default SITL profile. Request-window matches may be conditional and are not causal when the message already streamed by default.
ardupilot-rover-m6,ArduPilot,Rover,rover,10005,UAVIONIX_ADSB_OUT_CFG_FLIGHTID,baseline/ardupilot/modules/mavlink/message_definitions/v1.0/uAvionix.xml,all.xml,NO_REFERENCE_FOUND_BY_HEURISTIC_SCAN,0,0,0,0,0,0,,,True,MAV_RESULT_FAILED,0,NOT_OBSERVED,REQUEST_ACK_FAILED,benchmark/extraction_runs/milestone6/ArduPilot/runs/Rover/message_summary.json,benchmark/extraction_runs/milestone6/ArduPilot/runs/Rover/request_sweep.json,Baseline proves only this default SITL profile. Request-window matches may be conditional and are not causal when the message already streamed by default.
ardupilot-rover-m6,ArduPilot,Rover,rover,10006,UAVIONIX_ADSB_GET,baseline/ardupilot/modules/mavlink/message_definitions/v1.0/uAvionix.xml,all.xml,NO_REFERENCE_FOUND_BY_HEURISTIC_SCAN,0,0,0,0,0,0,,,True,MAV_RESULT_FAILED,0,NOT_OBSERVED,REQUEST_ACK_FAILED,benchmark/extraction_runs/milestone6/ArduPilot/runs/Rover/message_summary.json,benchmark/extraction_runs/milestone6/ArduPilot/runs/Rover/request_sweep.json,Baseline proves only this default SITL profile. Request-window matches may be conditional and are not causal when the message already streamed by default.
ardupilot-rover-m6,ArduPilot,Rover,rover,10007,UAVIONIX_ADSB_OUT_CONTROL,baseline/ardupilot/modules/mavlink/message_definitions/v1.0/uAvionix.xml,all.xml,STATIC_REFERENCE_FOUND,0,3,0,0,0,0,,,True,MAV_RESULT_FAILED,0,NOT_OBSERVED,REQUEST_ACK_FAILED,benchmark/extraction_runs/milestone6/ArduPilot/runs/Rover/message_summary.json,benchmark/extraction_runs/milestone6/ArduPilot/runs/Rover/request_sweep.json,Baseline proves only this default SITL profile. Request-window matches may be conditional and are not causal when the message already streamed by default.
ardupilot-rover-m6,ArduPilot,Rover,rover,10008,UAVIONIX_ADSB_OUT_STATUS,baseline/ardupilot/modules/mavlink/message_definitions/v1.0/uAvionix.xml,all.xml,STATIC_REFERENCE_FOUND,1,0,0,0,0,0,,,True,MAV_RESULT_ACCEPTED,0,NOT_OBSERVED,REQUEST_ACK_ACCEPTED_NO_MATCHING_FRAME,benchmark/extraction_runs/milestone6/ArduPilot/runs/Rover/message_summary.json,benchmark/extraction_runs/milestone6/ArduPilot/runs/Rover/request_sweep.json,Baseline proves only this default SITL profile. Request-window matches may be conditional and are not causal when the message already streamed by default.
ardupilot-rover-m6,ArduPilot,Rover,rover,10151,LOWEHEISER_GOV_EFI,baseline/ardupilot/modules/mavlink/message_definitions/v1.0/loweheiser.xml,all.xml,STATIC_REFERENCE_FOUND,0,3,0,0,0,0,,,True,MAV_RESULT_FAILED,0,NOT_OBSERVED,REQUEST_ACK_FAILED,benchmark/extraction_runs/milestone6/ArduPilot/runs/Rover/message_summary.json,benchmark/extraction_runs/milestone6/ArduPilot/runs/Rover/request_sweep.json,Baseline proves only this default SITL profile. Request-window matches may be conditional and are not causal when the message already streamed by default.
ardupilot-rover-m6,ArduPilot,Rover,rover,11000,DEVICE_OP_READ,baseline/ardupilot/modules/mavlink/message_definitions/v1.0/ardupilotmega.xml,all.xml,STATIC_REFERENCE_FOUND,0,2,0,0,0,0,,,True,MAV_RESULT_FAILED,0,NOT_OBSERVED,REQUEST_ACK_FAILED,benchmark/extraction_runs/milestone6/ArduPilot/runs/Rover/message_summary.json,benchmark/extraction_runs/milestone6/ArduPilot/runs/Rover/request_sweep.json,Baseline proves only this default SITL profile. Request-window matches may be conditional and are not causal when the message already streamed by default.
ardupilot-rover-m6,ArduPilot,Rover,rover,11001,DEVICE_OP_READ_REPLY,baseline/ardupilot/modules/mavlink/message_definitions/v1.0/ardupilotmega.xml,all.xml,STATIC_REFERENCE_FOUND,2,0,0,0,0,0,,,True,MAV_RESULT_FAILED,0,NOT_OBSERVED,REQUEST_ACK_FAILED,benchmark/extraction_runs/milestone6/ArduPilot/runs/Rover/message_summary.json,benchmark/extraction_runs/milestone6/ArduPilot/runs/Rover/request_sweep.json,Baseline proves only this default SITL profile. Request-window matches may be conditional and are not causal when the message already streamed by default.
ardupilot-rover-m6,ArduPilot,Rover,rover,11002,DEVICE_OP_WRITE,baseline/ardupilot/modules/mavlink/message_definitions/v1.0/ardupilotmega.xml,all.xml,STATIC_REFERENCE_FOUND,0,2,0,0,0,0,,,True,MAV_RESULT_FAILED,0,NOT_OBSERVED,REQUEST_ACK_FAILED,benchmark/extraction_runs/milestone6/ArduPilot/runs/Rover/message_summary.json,benchmark/extraction_runs/milestone6/ArduPilot/runs/Rover/request_sweep.json,Baseline proves only this default SITL profile. Request-window matches may be conditional and are not causal when the message already streamed by default.
ardupilot-rover-m6,ArduPilot,Rover,rover,11003,DEVICE_OP_WRITE_REPLY,baseline/ardupilot/modules/mavlink/message_definitions/v1.0/ardupilotmega.xml,all.xml,STATIC_REFERENCE_FOUND,1,0,0,0,0,0,,,True,MAV_RESULT_FAILED,0,NOT_OBSERVED,REQUEST_ACK_FAILED,benchmark/extraction_runs/milestone6/ArduPilot/runs/Rover/message_summary.json,benchmark/extraction_runs/milestone6/ArduPilot/runs/Rover/request_sweep.json,Baseline proves only this default SITL profile. Request-window matches may be conditional and are not causal when the message already streamed by default.
ardupilot-rover-m6,ArduPilot,Rover,rover,11004,SECURE_COMMAND,baseline/ardupilot/modules/mavlink/message_definitions/v1.0/ardupilotmega.xml,all.xml,STATIC_REFERENCE_FOUND,0,3,0,0,0,0,,,True,MAV_RESULT_FAILED,0,NOT_OBSERVED,REQUEST_ACK_FAILED,benchmark/extraction_runs/milestone6/ArduPilot/runs/Rover/message_summary.json,benchmark/extraction_runs/milestone6/ArduPilot/runs/Rover/request_sweep.json,Baseline proves only this default SITL profile. Request-window matches may be conditional and are not causal when the message already streamed by default.
ardupilot-rover-m6,ArduPilot,Rover,rover,11005,SECURE_COMMAND_REPLY,baseline/ardupilot/modules/mavlink/message_definitions/v1.0/ardupilotmega.xml,all.xml,STATIC_REFERENCE_FOUND,1,1,0,0,0,0,,,True,MAV_RESULT_FAILED,0,NOT_OBSERVED,REQUEST_ACK_FAILED,benchmark/extraction_runs/milestone6/ArduPilot/runs/Rover/message_summary.json,benchmark/extraction_runs/milestone6/ArduPilot/runs/Rover/request_sweep.json,Baseline proves only this default SITL profile. Request-window matches may be conditional and are not causal when the message already streamed by default.
ardupilot-rover-m6,ArduPilot,Rover,rover,11010,ADAP_TUNING,baseline/ardupilot/modules/mavlink/message_definitions/v1.0/ardupilotmega.xml,all.xml,NO_REFERENCE_FOUND_BY_HEURISTIC_SCAN,0,0,0,0,0,0,,,True,MAV_RESULT_FAILED,0,NOT_OBSERVED,REQUEST_ACK_FAILED,benchmark/extraction_runs/milestone6/ArduPilot/runs/Rover/message_summary.json,benchmark/extraction_runs/milestone6/ArduPilot/runs/Rover/request_sweep.json,Baseline proves only this default SITL profile. Request-window matches may be conditional and are not causal when the message already streamed by default.
ardupilot-rover-m6,ArduPilot,Rover,rover,11011,VISION_POSITION_DELTA,baseline/ardupilot/modules/mavlink/message_definitions/v1.0/ardupilotmega.xml,all.xml,STATIC_REFERENCE_FOUND,0,2,0,0,0,0,,,True,MAV_RESULT_FAILED,0,NOT_OBSERVED,REQUEST_ACK_FAILED,benchmark/extraction_runs/milestone6/ArduPilot/runs/Rover/message_summary.json,benchmark/extraction_runs/milestone6/ArduPilot/runs/Rover/request_sweep.json,Baseline proves only this default SITL profile. Request-window matches may be conditional and are not causal when the message already streamed by default.
ardupilot-rover-m6,ArduPilot,Rover,rover,11020,AOA_SSA,baseline/ardupilot/modules/mavlink/message_definitions/v1.0/ardupilotmega.xml,all.xml,STATIC_REFERENCE_FOUND,1,0,0,0,0,0,,,True,MAV_RESULT_FAILED,0,NOT_OBSERVED,REQUEST_ACK_FAILED,benchmark/extraction_runs/milestone6/ArduPilot/runs/Rover/message_summary.json,benchmark/extraction_runs/milestone6/ArduPilot/runs/Rover/request_sweep.json,Baseline proves only this default SITL profile. Request-window matches may be conditional and are not causal when the message already streamed by default.
ardupilot-rover-m6,ArduPilot,Rover,rover,11030,ESC_TELEMETRY_1_TO_4,baseline/ardupilot/modules/mavlink/message_definitions/v1.0/ardupilotmega.xml,all.xml,STATIC_REFERENCE_FOUND,1,0,0,0,0,0,,,True,MAV_RESULT_ACCEPTED,0,NOT_OBSERVED,REQUEST_ACK_ACCEPTED_NO_MATCHING_FRAME,benchmark/extraction_runs/milestone6/ArduPilot/runs/Rover/message_summary.json,benchmark/extraction_runs/milestone6/ArduPilot/runs/Rover/request_sweep.json,Baseline proves only this default SITL profile. Request-window matches may be conditional and are not causal when the message already streamed by default.
ardupilot-rover-m6,ArduPilot,Rover,rover,11031,ESC_TELEMETRY_5_TO_8,baseline/ardupilot/modules/mavlink/message_definitions/v1.0/ardupilotmega.xml,all.xml,STATIC_REFERENCE_FOUND,1,0,0,0,0,0,,,True,MAV_RESULT_FAILED,0,NOT_OBSERVED,REQUEST_ACK_FAILED,benchmark/extraction_runs/milestone6/ArduPilot/runs/Rover/message_summary.json,benchmark/extraction_runs/milestone6/ArduPilot/runs/Rover/request_sweep.json,Baseline proves only this default SITL profile. Request-window matches may be conditional and are not causal when the message already streamed by default.
ardupilot-rover-m6,ArduPilot,Rover,rover,11032,ESC_TELEMETRY_9_TO_12,baseline/ardupilot/modules/mavlink/message_definitions/v1.0/ardupilotmega.xml,all.xml,STATIC_REFERENCE_FOUND,1,0,0,0,0,0,,,True,MAV_RESULT_FAILED,0,NOT_OBSERVED,REQUEST_ACK_FAILED,benchmark/extraction_runs/milestone6/ArduPilot/runs/Rover/message_summary.json,benchmark/extraction_runs/milestone6/ArduPilot/runs/Rover/request_sweep.json,Baseline proves only this default SITL profile. Request-window matches may be conditional and are not causal when the message already streamed by default.
ardupilot-rover-m6,ArduPilot,Rover,rover,11033,OSD_PARAM_CONFIG,baseline/ardupilot/modules/mavlink/message_definitions/v1.0/ardupilotmega.xml,all.xml,STATIC_REFERENCE_FOUND,0,3,0,0,0,0,,,True,MAV_RESULT_FAILED,0,NOT_OBSERVED,REQUEST_ACK_FAILED,benchmark/extraction_runs/milestone6/ArduPilot/runs/Rover/message_summary.json,benchmark/extraction_runs/milestone6/ArduPilot/runs/Rover/request_sweep.json,Baseline proves only this default SITL profile. Request-window matches may be conditional and are not causal when the message already streamed by default.
ardupilot-rover-m6,ArduPilot,Rover,rover,11034,OSD_PARAM_CONFIG_REPLY,baseline/ardupilot/modules/mavlink/message_definitions/v1.0/ardupilotmega.xml,all.xml,STATIC_REFERENCE_FOUND,3,0,0,0,0,0,,,True,MAV_RESULT_FAILED,0,NOT_OBSERVED,REQUEST_ACK_FAILED,benchmark/extraction_runs/milestone6/ArduPilot/runs/Rover/message_summary.json,benchmark/extraction_runs/milestone6/ArduPilot/runs/Rover/request_sweep.json,Baseline proves only this default SITL profile. Request-window matches may be conditional and are not causal when the message already streamed by default.
ardupilot-rover-m6,ArduPilot,Rover,rover,11035,OSD_PARAM_SHOW_CONFIG,baseline/ardupilot/modules/mavlink/message_definitions/v1.0/ardupilotmega.xml,all.xml,STATIC_REFERENCE_FOUND,0,3,0,0,0,0,,,True,MAV_RESULT_FAILED,0,NOT_OBSERVED,REQUEST_ACK_FAILED,benchmark/extraction_runs/milestone6/ArduPilot/runs/Rover/message_summary.json,benchmark/extraction_runs/milestone6/ArduPilot/runs/Rover/request_sweep.json,Baseline proves only this default SITL profile. Request-window matches may be conditional and are not causal when the message already streamed by default.
ardupilot-rover-m6,ArduPilot,Rover,rover,11036,OSD_PARAM_SHOW_CONFIG_REPLY,baseline/ardupilot/modules/mavlink/message_definitions/v1.0/ardupilotmega.xml,all.xml,STATIC_REFERENCE_FOUND,4,0,0,0,0,0,,,True,MAV_RESULT_FAILED,0,NOT_OBSERVED,REQUEST_ACK_FAILED,benchmark/extraction_runs/milestone6/ArduPilot/runs/Rover/message_summary.json,benchmark/extraction_runs/milestone6/ArduPilot/runs/Rover/request_sweep.json,Baseline proves only this default SITL profile. Request-window matches may be conditional and are not causal when the message already streamed by default.
ardupilot-rover-m6,ArduPilot,Rover,rover,11037,OBSTACLE_DISTANCE_3D,baseline/ardupilot/modules/mavlink/message_definitions/v1.0/ardupilotmega.xml,all.xml,STATIC_REFERENCE_FOUND,0,2,0,0,0,0,,,True,MAV_RESULT_FAILED,0,NOT_OBSERVED,REQUEST_ACK_FAILED,benchmark/extraction_runs/milestone6/ArduPilot/runs/Rover/message_summary.json,benchmark/extraction_runs/milestone6/ArduPilot/runs/Rover/request_sweep.json,Baseline proves only this default SITL profile. Request-window matches may be conditional and are not causal when the message already streamed by default.
ardupilot-rover-m6,ArduPilot,Rover,rover,11038,WATER_DEPTH,baseline/ardupilot/modules/mavlink/message_definitions/v1.0/ardupilotmega.xml,all.xml,STATIC_REFERENCE_FOUND,1,0,0,0,0,0,,,True,MAV_RESULT_ACCEPTED,0,NOT_OBSERVED,REQUEST_ACK_ACCEPTED_NO_MATCHING_FRAME,benchmark/extraction_runs/milestone6/ArduPilot/runs/Rover/message_summary.json,benchmark/extraction_runs/milestone6/ArduPilot/runs/Rover/request_sweep.json,Baseline proves only this default SITL profile. Request-window matches may be conditional and are not causal when the message already streamed by default.
ardupilot-rover-m6,ArduPilot,Rover,rover,11039,MCU_STATUS,baseline/ardupilot/modules/mavlink/message_definitions/v1.0/ardupilotmega.xml,all.xml,STATIC_REFERENCE_FOUND,1,0,0,0,0,0,,,True,MAV_RESULT_FAILED,0,NOT_OBSERVED,REQUEST_ACK_FAILED,benchmark/extraction_runs/milestone6/ArduPilot/runs/Rover/message_summary.json,benchmark/extraction_runs/milestone6/ArduPilot/runs/Rover/request_sweep.json,Baseline proves only this default SITL profile. Request-window matches may be conditional and are not causal when the message already streamed by default.
ardupilot-rover-m6,ArduPilot,Rover,rover,11040,ESC_TELEMETRY_13_TO_16,baseline/ardupilot/modules/mavlink/message_definitions/v1.0/ardupilotmega.xml,all.xml,STATIC_REFERENCE_FOUND,1,0,0,0,0,0,,,True,MAV_RESULT_FAILED,0,NOT_OBSERVED,REQUEST_ACK_FAILED,benchmark/extraction_runs/milestone6/ArduPilot/runs/Rover/message_summary.json,benchmark/extraction_runs/milestone6/ArduPilot/runs/Rover/request_sweep.json,Baseline proves only this default SITL profile. Request-window matches may be conditional and are not causal when the message already streamed by default.
ardupilot-rover-m6,ArduPilot,Rover,rover,11041,ESC_TELEMETRY_17_TO_20,baseline/ardupilot/modules/mavlink/message_definitions/v1.0/ardupilotmega.xml,all.xml,STATIC_REFERENCE_FOUND,1,0,0,0,0,0,,,True,MAV_RESULT_FAILED,0,NOT_OBSERVED,REQUEST_ACK_FAILED,benchmark/extraction_runs/milestone6/ArduPilot/runs/Rover/message_summary.json,benchmark/extraction_runs/milestone6/ArduPilot/runs/Rover/request_sweep.json,Baseline proves only this default SITL profile. Request-window matches may be conditional and are not causal when the message already streamed by default.
ardupilot-rover-m6,ArduPilot,Rover,rover,11042,ESC_TELEMETRY_21_TO_24,baseline/ardupilot/modules/mavlink/message_definitions/v1.0/ardupilotmega.xml,all.xml,STATIC_REFERENCE_FOUND,1,0,0,0,0,0,,,True,MAV_RESULT_FAILED,0,NOT_OBSERVED,REQUEST_ACK_FAILED,benchmark/extraction_runs/milestone6/ArduPilot/runs/Rover/message_summary.json,benchmark/extraction_runs/milestone6/ArduPilot/runs/Rover/request_sweep.json,Baseline proves only this default SITL profile. Request-window matches may be conditional and are not causal when the message already streamed by default.
ardupilot-rover-m6,ArduPilot,Rover,rover,11043,ESC_TELEMETRY_25_TO_28,baseline/ardupilot/modules/mavlink/message_definitions/v1.0/ardupilotmega.xml,all.xml,STATIC_REFERENCE_FOUND,1,0,0,0,0,0,,,True,MAV_RESULT_FAILED,0,NOT_OBSERVED,REQUEST_ACK_FAILED,benchmark/extraction_runs/milestone6/ArduPilot/runs/Rover/message_summary.json,benchmark/extraction_runs/milestone6/ArduPilot/runs/Rover/request_sweep.json,Baseline proves only this default SITL profile. Request-window matches may be conditional and are not causal when the message already streamed by default.
ardupilot-rover-m6,ArduPilot,Rover,rover,11044,ESC_TELEMETRY_29_TO_32,baseline/ardupilot/modules/mavlink/message_definitions/v1.0/ardupilotmega.xml,all.xml,STATIC_REFERENCE_FOUND,1,0,0,0,0,0,,,True,MAV_RESULT_FAILED,0,NOT_OBSERVED,REQUEST_ACK_FAILED,benchmark/extraction_runs/milestone6/ArduPilot/runs/Rover/message_summary.json,benchmark/extraction_runs/milestone6/ArduPilot/runs/Rover/request_sweep.json,Baseline proves only this default SITL profile. Request-window matches may be conditional and are not causal when the message already streamed by default.
ardupilot-rover-m6,ArduPilot,Rover,rover,11060,NAMED_VALUE_STRING,baseline/ardupilot/modules/mavlink/message_definitions/v1.0/ardupilotmega.xml,all.xml,STATIC_REFERENCE_FOUND,0,0,0,0,0,0,,,True,MAV_RESULT_FAILED,0,NOT_OBSERVED,REQUEST_ACK_FAILED,benchmark/extraction_runs/milestone6/ArduPilot/runs/Rover/message_summary.json,benchmark/extraction_runs/milestone6/ArduPilot/runs/Rover/request_sweep.json,Baseline proves only this default SITL profile. Request-window matches may be conditional and are not causal when the message already streamed by default.
ardupilot-rover-m6,ArduPilot,Rover,rover,12900,OPEN_DRONE_ID_BASIC_ID,baseline/ardupilot/modules/mavlink/message_definitions/v1.0/common.xml,all.xml,STATIC_REFERENCE_FOUND,1,3,0,0,0,0,,,True,MAV_RESULT_FAILED,0,NOT_OBSERVED,REQUEST_ACK_FAILED,benchmark/extraction_runs/milestone6/ArduPilot/runs/Rover/message_summary.json,benchmark/extraction_runs/milestone6/ArduPilot/runs/Rover/request_sweep.json,Baseline proves only this default SITL profile. Request-window matches may be conditional and are not causal when the message already streamed by default.
ardupilot-rover-m6,ArduPilot,Rover,rover,12901,OPEN_DRONE_ID_LOCATION,baseline/ardupilot/modules/mavlink/message_definitions/v1.0/common.xml,all.xml,STATIC_REFERENCE_FOUND,1,0,0,0,0,0,,,True,MAV_RESULT_FAILED,0,NOT_OBSERVED,REQUEST_ACK_FAILED,benchmark/extraction_runs/milestone6/ArduPilot/runs/Rover/message_summary.json,benchmark/extraction_runs/milestone6/ArduPilot/runs/Rover/request_sweep.json,Baseline proves only this default SITL profile. Request-window matches may be conditional and are not causal when the message already streamed by default.
ardupilot-rover-m6,ArduPilot,Rover,rover,12902,OPEN_DRONE_ID_AUTHENTICATION,baseline/ardupilot/modules/mavlink/message_definitions/v1.0/common.xml,all.xml,NO_REFERENCE_FOUND_BY_HEURISTIC_SCAN,0,0,0,0,0,0,,,True,MAV_RESULT_FAILED,0,NOT_OBSERVED,REQUEST_ACK_FAILED,benchmark/extraction_runs/milestone6/ArduPilot/runs/Rover/message_summary.json,benchmark/extraction_runs/milestone6/ArduPilot/runs/Rover/request_sweep.json,Baseline proves only this default SITL profile. Request-window matches may be conditional and are not causal when the message already streamed by default.
ardupilot-rover-m6,ArduPilot,Rover,rover,12903,OPEN_DRONE_ID_SELF_ID,baseline/ardupilot/modules/mavlink/message_definitions/v1.0/common.xml,all.xml,STATIC_REFERENCE_FOUND,1,3,0,0,0,0,,,True,MAV_RESULT_FAILED,0,NOT_OBSERVED,REQUEST_ACK_FAILED,benchmark/extraction_runs/milestone6/ArduPilot/runs/Rover/message_summary.json,benchmark/extraction_runs/milestone6/ArduPilot/runs/Rover/request_sweep.json,Baseline proves only this default SITL profile. Request-window matches may be conditional and are not causal when the message already streamed by default.
ardupilot-rover-m6,ArduPilot,Rover,rover,12904,OPEN_DRONE_ID_SYSTEM,baseline/ardupilot/modules/mavlink/message_definitions/v1.0/common.xml,all.xml,STATIC_REFERENCE_FOUND,1,3,0,0,0,0,,,True,MAV_RESULT_FAILED,0,NOT_OBSERVED,REQUEST_ACK_FAILED,benchmark/extraction_runs/milestone6/ArduPilot/runs/Rover/message_summary.json,benchmark/extraction_runs/milestone6/ArduPilot/runs/Rover/request_sweep.json,Baseline proves only this default SITL profile. Request-window matches may be conditional and are not causal when the message already streamed by default.
ardupilot-rover-m6,ArduPilot,Rover,rover,12905,OPEN_DRONE_ID_OPERATOR_ID,baseline/ardupilot/modules/mavlink/message_definitions/v1.0/common.xml,all.xml,STATIC_REFERENCE_FOUND,1,3,0,0,0,0,,,True,MAV_RESULT_FAILED,0,NOT_OBSERVED,REQUEST_ACK_FAILED,benchmark/extraction_runs/milestone6/ArduPilot/runs/Rover/message_summary.json,benchmark/extraction_runs/milestone6/ArduPilot/runs/Rover/request_sweep.json,Baseline proves only this default SITL profile. Request-window matches may be conditional and are not causal when the message already streamed by default.
ardupilot-rover-m6,ArduPilot,Rover,rover,12915,OPEN_DRONE_ID_MESSAGE_PACK,baseline/ardupilot/modules/mavlink/message_definitions/v1.0/common.xml,all.xml,NO_REFERENCE_FOUND_BY_HEURISTIC_SCAN,0,0,0,0,0,0,,,True,MAV_RESULT_FAILED,0,NOT_OBSERVED,REQUEST_ACK_FAILED,benchmark/extraction_runs/milestone6/ArduPilot/runs/Rover/message_summary.json,benchmark/extraction_runs/milestone6/ArduPilot/runs/Rover/request_sweep.json,Baseline proves only this default SITL profile. Request-window matches may be conditional and are not causal when the message already streamed by default.
ardupilot-rover-m6,ArduPilot,Rover,rover,12918,OPEN_DRONE_ID_ARM_STATUS,baseline/ardupilot/modules/mavlink/message_definitions/v1.0/common.xml,all.xml,STATIC_REFERENCE_FOUND,0,3,0,0,0,0,,,True,MAV_RESULT_FAILED,0,NOT_OBSERVED,REQUEST_ACK_FAILED,benchmark/extraction_runs/milestone6/ArduPilot/runs/Rover/message_summary.json,benchmark/extraction_runs/milestone6/ArduPilot/runs/Rover/request_sweep.json,Baseline proves only this default SITL profile. Request-window matches may be conditional and are not causal when the message already streamed by default.
ardupilot-rover-m6,ArduPilot,Rover,rover,12919,OPEN_DRONE_ID_SYSTEM_UPDATE,baseline/ardupilot/modules/mavlink/message_definitions/v1.0/common.xml,all.xml,STATIC_REFERENCE_FOUND,1,3,0,0,0,0,,,True,MAV_RESULT_FAILED,0,NOT_OBSERVED,REQUEST_ACK_FAILED,benchmark/extraction_runs/milestone6/ArduPilot/runs/Rover/message_summary.json,benchmark/extraction_runs/milestone6/ArduPilot/runs/Rover/request_sweep.json,Baseline proves only this default SITL profile. Request-window matches may be conditional and are not causal when the message already streamed by default.
ardupilot-rover-m6,ArduPilot,Rover,rover,12920,HYGROMETER_SENSOR,baseline/ardupilot/modules/mavlink/message_definitions/v1.0/common.xml,all.xml,STATIC_REFERENCE_FOUND,1,0,0,0,0,0,,,True,MAV_RESULT_FAILED,0,NOT_OBSERVED,REQUEST_ACK_FAILED,benchmark/extraction_runs/milestone6/ArduPilot/runs/Rover/message_summary.json,benchmark/extraction_runs/milestone6/ArduPilot/runs/Rover/request_sweep.json,Baseline proves only this default SITL profile. Request-window matches may be conditional and are not causal when the message already streamed by default.
ardupilot-rover-m6,ArduPilot,Rover,rover,17000,TEST_TYPES,baseline/ardupilot/modules/mavlink/message_definitions/v1.0/test.xml,all.xml,NO_REFERENCE_FOUND_BY_HEURISTIC_SCAN,0,0,0,0,0,0,,,True,MAV_RESULT_FAILED,0,NOT_OBSERVED,REQUEST_ACK_FAILED,benchmark/extraction_runs/milestone6/ArduPilot/runs/Rover/message_summary.json,benchmark/extraction_runs/milestone6/ArduPilot/runs/Rover/request_sweep.json,Baseline proves only this default SITL profile. Request-window matches may be conditional and are not causal when the message already streamed by default.
ardupilot-rover-m6,ArduPilot,Rover,rover,17150,ARRAY_TEST_0,baseline/ardupilot/modules/mavlink/message_definitions/v1.0/python_array_test.xml,all.xml,NO_REFERENCE_FOUND_BY_HEURISTIC_SCAN,0,0,0,0,0,0,,,True,MAV_RESULT_FAILED,0,NOT_OBSERVED,REQUEST_ACK_FAILED,benchmark/extraction_runs/milestone6/ArduPilot/runs/Rover/message_summary.json,benchmark/extraction_runs/milestone6/ArduPilot/runs/Rover/request_sweep.json,Baseline proves only this default SITL profile. Request-window matches may be conditional and are not causal when the message already streamed by default.
ardupilot-rover-m6,ArduPilot,Rover,rover,17151,ARRAY_TEST_1,baseline/ardupilot/modules/mavlink/message_definitions/v1.0/python_array_test.xml,all.xml,NO_REFERENCE_FOUND_BY_HEURISTIC_SCAN,0,0,0,0,0,0,,,True,MAV_RESULT_FAILED,0,NOT_OBSERVED,REQUEST_ACK_FAILED,benchmark/extraction_runs/milestone6/ArduPilot/runs/Rover/message_summary.json,benchmark/extraction_runs/milestone6/ArduPilot/runs/Rover/request_sweep.json,Baseline proves only this default SITL profile. Request-window matches may be conditional and are not causal when the message already streamed by default.
ardupilot-rover-m6,ArduPilot,Rover,rover,17153,ARRAY_TEST_3,baseline/ardupilot/modules/mavlink/message_definitions/v1.0/python_array_test.xml,all.xml,NO_REFERENCE_FOUND_BY_HEURISTIC_SCAN,0,0,0,0,0,0,,,True,MAV_RESULT_FAILED,0,NOT_OBSERVED,REQUEST_ACK_FAILED,benchmark/extraction_runs/milestone6/ArduPilot/runs/Rover/message_summary.json,benchmark/extraction_runs/milestone6/ArduPilot/runs/Rover/request_sweep.json,Baseline proves only this default SITL profile. Request-window matches may be conditional and are not causal when the message already streamed by default.
ardupilot-rover-m6,ArduPilot,Rover,rover,17154,ARRAY_TEST_4,baseline/ardupilot/modules/mavlink/message_definitions/v1.0/python_array_test.xml,all.xml,NO_REFERENCE_FOUND_BY_HEURISTIC_SCAN,0,0,0,0,0,0,,,True,MAV_RESULT_FAILED,0,NOT_OBSERVED,REQUEST_ACK_FAILED,benchmark/extraction_runs/milestone6/ArduPilot/runs/Rover/message_summary.json,benchmark/extraction_runs/milestone6/ArduPilot/runs/Rover/request_sweep.json,Baseline proves only this default SITL profile. Request-window matches may be conditional and are not causal when the message already streamed by default.
ardupilot-rover-m6,ArduPilot,Rover,rover,17155,ARRAY_TEST_5,baseline/ardupilot/modules/mavlink/message_definitions/v1.0/python_array_test.xml,all.xml,NO_REFERENCE_FOUND_BY_HEURISTIC_SCAN,0,0,0,0,0,0,,,True,MAV_RESULT_FAILED,0,NOT_OBSERVED,REQUEST_ACK_FAILED,benchmark/extraction_runs/milestone6/ArduPilot/runs/Rover/message_summary.json,benchmark/extraction_runs/milestone6/ArduPilot/runs/Rover/request_sweep.json,Baseline proves only this default SITL profile. Request-window matches may be conditional and are not causal when the message already streamed by default.
ardupilot-rover-m6,ArduPilot,Rover,rover,17156,ARRAY_TEST_6,baseline/ardupilot/modules/mavlink/message_definitions/v1.0/python_array_test.xml,all.xml,NO_REFERENCE_FOUND_BY_HEURISTIC_SCAN,0,0,0,0,0,0,,,True,MAV_RESULT_FAILED,0,NOT_OBSERVED,REQUEST_ACK_FAILED,benchmark/extraction_runs/milestone6/ArduPilot/runs/Rover/message_summary.json,benchmark/extraction_runs/milestone6/ArduPilot/runs/Rover/request_sweep.json,Baseline proves only this default SITL profile. Request-window matches may be conditional and are not causal when the message already streamed by default.
ardupilot-rover-m6,ArduPilot,Rover,rover,17157,ARRAY_TEST_7,baseline/ardupilot/modules/mavlink/message_definitions/v1.0/python_array_test.xml,all.xml,NO_REFERENCE_FOUND_BY_HEURISTIC_SCAN,0,0,0,0,0,0,,,True,MAV_RESULT_FAILED,0,NOT_OBSERVED,REQUEST_ACK_FAILED,benchmark/extraction_runs/milestone6/ArduPilot/runs/Rover/message_summary.json,benchmark/extraction_runs/milestone6/ArduPilot/runs/Rover/request_sweep.json,Baseline proves only this default SITL profile. Request-window matches may be conditional and are not causal when the message already streamed by default.
ardupilot-rover-m6,ArduPilot,Rover,rover,17158,ARRAY_TEST_8,baseline/ardupilot/modules/mavlink/message_definitions/v1.0/python_array_test.xml,all.xml,NO_REFERENCE_FOUND_BY_HEURISTIC_SCAN,0,0,0,0,0,0,,,True,MAV_RESULT_FAILED,0,NOT_OBSERVED,REQUEST_ACK_FAILED,benchmark/extraction_runs/milestone6/ArduPilot/runs/Rover/message_summary.json,benchmark/extraction_runs/milestone6/ArduPilot/runs/Rover/request_sweep.json,Baseline proves only this default SITL profile. Request-window matches may be conditional and are not causal when the message already streamed by default.
ardupilot-rover-m6,ArduPilot,Rover,rover,42000,ICAROUS_HEARTBEAT,baseline/ardupilot/modules/mavlink/message_definitions/v1.0/icarous.xml,all.xml,NO_REFERENCE_FOUND_BY_HEURISTIC_SCAN,0,0,0,0,0,0,,,True,MAV_RESULT_FAILED,0,NOT_OBSERVED,REQUEST_ACK_FAILED,benchmark/extraction_runs/milestone6/ArduPilot/runs/Rover/message_summary.json,benchmark/extraction_runs/milestone6/ArduPilot/runs/Rover/request_sweep.json,Baseline proves only this default SITL profile. Request-window matches may be conditional and are not causal when the message already streamed by default.
ardupilot-rover-m6,ArduPilot,Rover,rover,42001,ICAROUS_KINEMATIC_BANDS,baseline/ardupilot/modules/mavlink/message_definitions/v1.0/icarous.xml,all.xml,NO_REFERENCE_FOUND_BY_HEURISTIC_SCAN,0,0,0,0,0,0,,,True,MAV_RESULT_FAILED,0,NOT_OBSERVED,REQUEST_ACK_FAILED,benchmark/extraction_runs/milestone6/ArduPilot/runs/Rover/message_summary.json,benchmark/extraction_runs/milestone6/ArduPilot/runs/Rover/request_sweep.json,Baseline proves only this default SITL profile. Request-window matches may be conditional and are not causal when the message already streamed by default.
ardupilot-rover-m6,ArduPilot,Rover,rover,50001,CUBEPILOT_RAW_RC,baseline/ardupilot/modules/mavlink/message_definitions/v1.0/cubepilot.xml,all.xml,NO_REFERENCE_FOUND_BY_HEURISTIC_SCAN,0,0,0,0,0,0,,,True,MAV_RESULT_FAILED,0,NOT_OBSERVED,REQUEST_ACK_FAILED,benchmark/extraction_runs/milestone6/ArduPilot/runs/Rover/message_summary.json,benchmark/extraction_runs/milestone6/ArduPilot/runs/Rover/request_sweep.json,Baseline proves only this default SITL profile. Request-window matches may be conditional and are not causal when the message already streamed by default.
ardupilot-rover-m6,ArduPilot,Rover,rover,50002,HERELINK_VIDEO_STREAM_INFORMATION,baseline/ardupilot/modules/mavlink/message_definitions/v1.0/cubepilot.xml,all.xml,NO_REFERENCE_FOUND_BY_HEURISTIC_SCAN,0,0,0,0,0,0,,,True,MAV_RESULT_FAILED,0,NOT_OBSERVED,REQUEST_ACK_FAILED,benchmark/extraction_runs/milestone6/ArduPilot/runs/Rover/message_summary.json,benchmark/extraction_runs/milestone6/ArduPilot/runs/Rover/request_sweep.json,Baseline proves only this default SITL profile. Request-window matches may be conditional and are not causal when the message already streamed by default.
ardupilot-rover-m6,ArduPilot,Rover,rover,50003,HERELINK_TELEM,baseline/ardupilot/modules/mavlink/message_definitions/v1.0/cubepilot.xml,all.xml,NO_REFERENCE_FOUND_BY_HEURISTIC_SCAN,0,0,0,0,0,0,,,True,MAV_RESULT_FAILED,0,NOT_OBSERVED,REQUEST_ACK_FAILED,benchmark/extraction_runs/milestone6/ArduPilot/runs/Rover/message_summary.json,benchmark/extraction_runs/milestone6/ArduPilot/runs/Rover/request_sweep.json,Baseline proves only this default SITL profile. Request-window matches may be conditional and are not causal when the message already streamed by default.
ardupilot-rover-m6,ArduPilot,Rover,rover,50004,CUBEPILOT_FIRMWARE_UPDATE_START,baseline/ardupilot/modules/mavlink/message_definitions/v1.0/cubepilot.xml,all.xml,NO_REFERENCE_FOUND_BY_HEURISTIC_SCAN,0,0,0,0,0,0,,,True,MAV_RESULT_FAILED,0,NOT_OBSERVED,REQUEST_ACK_FAILED,benchmark/extraction_runs/milestone6/ArduPilot/runs/Rover/message_summary.json,benchmark/extraction_runs/milestone6/ArduPilot/runs/Rover/request_sweep.json,Baseline proves only this default SITL profile. Request-window matches may be conditional and are not causal when the message already streamed by default.
ardupilot-rover-m6,ArduPilot,Rover,rover,50005,CUBEPILOT_FIRMWARE_UPDATE_RESP,baseline/ardupilot/modules/mavlink/message_definitions/v1.0/cubepilot.xml,all.xml,NO_REFERENCE_FOUND_BY_HEURISTIC_SCAN,0,0,0,0,0,0,,,True,MAV_RESULT_FAILED,0,NOT_OBSERVED,REQUEST_ACK_FAILED,benchmark/extraction_runs/milestone6/ArduPilot/runs/Rover/message_summary.json,benchmark/extraction_runs/milestone6/ArduPilot/runs/Rover/request_sweep.json,Baseline proves only this default SITL profile. Request-window matches may be conditional and are not causal when the message already streamed by default.
ardupilot-rover-m6,ArduPilot,Rover,rover,52000,AIRLINK_AUTH,baseline/ardupilot/modules/mavlink/message_definitions/v1.0/csAirLink.xml,all.xml,NO_REFERENCE_FOUND_BY_HEURISTIC_SCAN,0,0,0,0,0,0,,,True,MAV_RESULT_FAILED,0,NOT_OBSERVED,REQUEST_ACK_FAILED,benchmark/extraction_runs/milestone6/ArduPilot/runs/Rover/message_summary.json,benchmark/extraction_runs/milestone6/ArduPilot/runs/Rover/request_sweep.json,Baseline proves only this default SITL profile. Request-window matches may be conditional and are not causal when the message already streamed by default.
ardupilot-rover-m6,ArduPilot,Rover,rover,52001,AIRLINK_AUTH_RESPONSE,baseline/ardupilot/modules/mavlink/message_definitions/v1.0/csAirLink.xml,all.xml,NO_REFERENCE_FOUND_BY_HEURISTIC_SCAN,0,0,0,0,0,0,,,True,MAV_RESULT_FAILED,0,NOT_OBSERVED,REQUEST_ACK_FAILED,benchmark/extraction_runs/milestone6/ArduPilot/runs/Rover/message_summary.json,benchmark/extraction_runs/milestone6/ArduPilot/runs/Rover/request_sweep.json,Baseline proves only this default SITL profile. Request-window matches may be conditional and are not causal when the message already streamed by default.
ardupilot-rover-m6,ArduPilot,Rover,rover,60000,AUTOPILOT_STATE_FOR_GIMBAL_DEVICE_EXT,baseline/ardupilot/modules/mavlink/message_definitions/v1.0/storm32.xml,all.xml,NO_REFERENCE_FOUND_BY_HEURISTIC_SCAN,0,0,0,0,0,0,,,True,MAV_RESULT_FAILED,0,NOT_OBSERVED,REQUEST_ACK_FAILED,benchmark/extraction_runs/milestone6/ArduPilot/runs/Rover/message_summary.json,benchmark/extraction_runs/milestone6/ArduPilot/runs/Rover/request_sweep.json,Baseline proves only this default SITL profile. Request-window matches may be conditional and are not causal when the message already streamed by default.
ardupilot-rover-m6,ArduPilot,Rover,rover,60010,STORM32_GIMBAL_MANAGER_INFORMATION,baseline/ardupilot/modules/mavlink/message_definitions/v1.0/storm32.xml,all.xml,NO_REFERENCE_FOUND_BY_HEURISTIC_SCAN,0,0,0,0,0,0,,,True,MAV_RESULT_FAILED,0,NOT_OBSERVED,REQUEST_ACK_FAILED,benchmark/extraction_runs/milestone6/ArduPilot/runs/Rover/message_summary.json,benchmark/extraction_runs/milestone6/ArduPilot/runs/Rover/request_sweep.json,Baseline proves only this default SITL profile. Request-window matches may be conditional and are not causal when the message already streamed by default.
ardupilot-rover-m6,ArduPilot,Rover,rover,60011,STORM32_GIMBAL_MANAGER_STATUS,baseline/ardupilot/modules/mavlink/message_definitions/v1.0/storm32.xml,all.xml,NO_REFERENCE_FOUND_BY_HEURISTIC_SCAN,0,0,0,0,0,0,,,True,MAV_RESULT_FAILED,0,NOT_OBSERVED,REQUEST_ACK_FAILED,benchmark/extraction_runs/milestone6/ArduPilot/runs/Rover/message_summary.json,benchmark/extraction_runs/milestone6/ArduPilot/runs/Rover/request_sweep.json,Baseline proves only this default SITL profile. Request-window matches may be conditional and are not causal when the message already streamed by default.
ardupilot-rover-m6,ArduPilot,Rover,rover,60012,STORM32_GIMBAL_MANAGER_CONTROL,baseline/ardupilot/modules/mavlink/message_definitions/v1.0/storm32.xml,all.xml,NO_REFERENCE_FOUND_BY_HEURISTIC_SCAN,0,0,0,0,0,0,,,True,MAV_RESULT_FAILED,0,NOT_OBSERVED,REQUEST_ACK_FAILED,benchmark/extraction_runs/milestone6/ArduPilot/runs/Rover/message_summary.json,benchmark/extraction_runs/milestone6/ArduPilot/runs/Rover/request_sweep.json,Baseline proves only this default SITL profile. Request-window matches may be conditional and are not causal when the message already streamed by default.
ardupilot-rover-m6,ArduPilot,Rover,rover,60013,STORM32_GIMBAL_MANAGER_CONTROL_PITCHYAW,baseline/ardupilot/modules/mavlink/message_definitions/v1.0/storm32.xml,all.xml,NO_REFERENCE_FOUND_BY_HEURISTIC_SCAN,0,0,0,0,0,0,,,True,MAV_RESULT_FAILED,0,NOT_OBSERVED,REQUEST_ACK_FAILED,benchmark/extraction_runs/milestone6/ArduPilot/runs/Rover/message_summary.json,benchmark/extraction_runs/milestone6/ArduPilot/runs/Rover/request_sweep.json,Baseline proves only this default SITL profile. Request-window matches may be conditional and are not causal when the message already streamed by default.
ardupilot-rover-m6,ArduPilot,Rover,rover,60014,STORM32_GIMBAL_MANAGER_CORRECT_ROLL,baseline/ardupilot/modules/mavlink/message_definitions/v1.0/storm32.xml,all.xml,NO_REFERENCE_FOUND_BY_HEURISTIC_SCAN,0,0,0,0,0,0,,,True,MAV_RESULT_FAILED,0,NOT_OBSERVED,REQUEST_ACK_FAILED,benchmark/extraction_runs/milestone6/ArduPilot/runs/Rover/message_summary.json,benchmark/extraction_runs/milestone6/ArduPilot/runs/Rover/request_sweep.json,Baseline proves only this default SITL profile. Request-window matches may be conditional and are not causal when the message already streamed by default.
ardupilot-rover-m6,ArduPilot,Rover,rover,60020,QSHOT_STATUS,baseline/ardupilot/modules/mavlink/message_definitions/v1.0/storm32.xml,all.xml,NO_REFERENCE_FOUND_BY_HEURISTIC_SCAN,0,0,0,0,0,0,,,True,MAV_RESULT_FAILED,0,NOT_OBSERVED,REQUEST_ACK_FAILED,benchmark/extraction_runs/milestone6/ArduPilot/runs/Rover/message_summary.json,benchmark/extraction_runs/milestone6/ArduPilot/runs/Rover/request_sweep.json,Baseline proves only this default SITL profile. Request-window matches may be conditional and are not causal when the message already streamed by default.
ardupilot-rover-m6,ArduPilot,Rover,rover,60040,FRSKY_PASSTHROUGH_ARRAY,baseline/ardupilot/modules/mavlink/message_definitions/v1.0/storm32.xml,all.xml,NO_REFERENCE_FOUND_BY_HEURISTIC_SCAN,0,0,0,0,0,0,,,True,MAV_RESULT_FAILED,0,NOT_OBSERVED,REQUEST_ACK_FAILED,benchmark/extraction_runs/milestone6/ArduPilot/runs/Rover/message_summary.json,benchmark/extraction_runs/milestone6/ArduPilot/runs/Rover/request_sweep.json,Baseline proves only this default SITL profile. Request-window matches may be conditional and are not causal when the message already streamed by default.
ardupilot-rover-m6,ArduPilot,Rover,rover,60041,PARAM_VALUE_ARRAY,baseline/ardupilot/modules/mavlink/message_definitions/v1.0/storm32.xml,all.xml,NO_REFERENCE_FOUND_BY_HEURISTIC_SCAN,0,0,0,0,0,0,,,True,MAV_RESULT_FAILED,0,NOT_OBSERVED,REQUEST_ACK_FAILED,benchmark/extraction_runs/milestone6/ArduPilot/runs/Rover/message_summary.json,benchmark/extraction_runs/milestone6/ArduPilot/runs/Rover/request_sweep.json,Baseline proves only this default SITL profile. Request-window matches may be conditional and are not causal when the message already streamed by default.
ardupilot-rover-m6,ArduPilot,Rover,rover,60045,MLRS_RADIO_LINK_STATS,baseline/ardupilot/modules/mavlink/message_definitions/v1.0/storm32.xml,all.xml,NO_REFERENCE_FOUND_BY_HEURISTIC_SCAN,0,0,0,0,0,0,,,True,MAV_RESULT_FAILED,0,NOT_OBSERVED,REQUEST_ACK_FAILED,benchmark/extraction_runs/milestone6/ArduPilot/runs/Rover/message_summary.json,benchmark/extraction_runs/milestone6/ArduPilot/runs/Rover/request_sweep.json,Baseline proves only this default SITL profile. Request-window matches may be conditional and are not causal when the message already streamed by default.
ardupilot-rover-m6,ArduPilot,Rover,rover,60046,MLRS_RADIO_LINK_INFORMATION,baseline/ardupilot/modules/mavlink/message_definitions/v1.0/storm32.xml,all.xml,NO_REFERENCE_FOUND_BY_HEURISTIC_SCAN,0,0,0,0,0,0,,,True,MAV_RESULT_FAILED,0,NOT_OBSERVED,REQUEST_ACK_FAILED,benchmark/extraction_runs/milestone6/ArduPilot/runs/Rover/message_summary.json,benchmark/extraction_runs/milestone6/ArduPilot/runs/Rover/request_sweep.json,Baseline proves only this default SITL profile. Request-window matches may be conditional and are not causal when the message already streamed by default.
ardupilot-rover-m6,ArduPilot,Rover,rover,60047,MLRS_RADIO_LINK_FLOW_CONTROL,baseline/ardupilot/modules/mavlink/message_definitions/v1.0/storm32.xml,all.xml,NO_REFERENCE_FOUND_BY_HEURISTIC_SCAN,0,0,0,0,0,0,,,True,MAV_RESULT_FAILED,0,NOT_OBSERVED,REQUEST_ACK_FAILED,benchmark/extraction_runs/milestone6/ArduPilot/runs/Rover/message_summary.json,benchmark/extraction_runs/milestone6/ArduPilot/runs/Rover/request_sweep.json,Baseline proves only this default SITL profile. Request-window matches may be conditional and are not causal when the message already streamed by default.
ardupilot-rover-m6,ArduPilot,Rover,rover,60050,AVSS_PRS_SYS_STATUS,baseline/ardupilot/modules/mavlink/message_definitions/v1.0/AVSSUAS.xml,all.xml,NO_REFERENCE_FOUND_BY_HEURISTIC_SCAN,0,0,0,0,0,0,,,True,MAV_RESULT_FAILED,0,NOT_OBSERVED,REQUEST_ACK_FAILED,benchmark/extraction_runs/milestone6/ArduPilot/runs/Rover/message_summary.json,benchmark/extraction_runs/milestone6/ArduPilot/runs/Rover/request_sweep.json,Baseline proves only this default SITL profile. Request-window matches may be conditional and are not causal when the message already streamed by default.
ardupilot-rover-m6,ArduPilot,Rover,rover,60051,AVSS_DRONE_POSITION,baseline/ardupilot/modules/mavlink/message_definitions/v1.0/AVSSUAS.xml,all.xml,NO_REFERENCE_FOUND_BY_HEURISTIC_SCAN,0,0,0,0,0,0,,,True,MAV_RESULT_FAILED,0,NOT_OBSERVED,REQUEST_ACK_FAILED,benchmark/extraction_runs/milestone6/ArduPilot/runs/Rover/message_summary.json,benchmark/extraction_runs/milestone6/ArduPilot/runs/Rover/request_sweep.json,Baseline proves only this default SITL profile. Request-window matches may be conditional and are not causal when the message already streamed by default.
ardupilot-rover-m6,ArduPilot,Rover,rover,60052,AVSS_DRONE_IMU,baseline/ardupilot/modules/mavlink/message_definitions/v1.0/AVSSUAS.xml,all.xml,NO_REFERENCE_FOUND_BY_HEURISTIC_SCAN,0,0,0,0,0,0,,,True,MAV_RESULT_FAILED,0,NOT_OBSERVED,REQUEST_ACK_FAILED,benchmark/extraction_runs/milestone6/ArduPilot/runs/Rover/message_summary.json,benchmark/extraction_runs/milestone6/ArduPilot/runs/Rover/request_sweep.json,Baseline proves only this default SITL profile. Request-window matches may be conditional and are not causal when the message already streamed by default.
ardupilot-rover-m6,ArduPilot,Rover,rover,60053,AVSS_DRONE_OPERATION_MODE,baseline/ardupilot/modules/mavlink/message_definitions/v1.0/AVSSUAS.xml,all.xml,NO_REFERENCE_FOUND_BY_HEURISTIC_SCAN,0,0,0,0,0,0,,,True,MAV_RESULT_FAILED,0,NOT_OBSERVED,REQUEST_ACK_FAILED,benchmark/extraction_runs/milestone6/ArduPilot/runs/Rover/message_summary.json,benchmark/extraction_runs/milestone6/ArduPilot/runs/Rover/request_sweep.json,Baseline proves only this default SITL profile. Request-window matches may be conditional and are not causal when the message already streamed by default.
PX4-M6-MC-SIHSIM-QUADX-I42-20260718,PX4,multicopter,px4_sitl_default sihsim_quadx internal headless SIH instance 42,0,HEARTBEAT,baseline/px4/src/modules/mavlink/mavlink/message_definitions/v1.0/minimal.xml,development.xml|uAvionix.xml,STATIC_REFERENCE_FOUND,3,4,11,17,9,38,8147662934936,8184109485540,True,MAV_RESULT_ACCEPTED,0,ACK_ACCEPTED_NO_MATCHING_ID_WITHIN_WINDOW,DEFAULT_STREAM_OBSERVED,benchmark/extraction_runs/milestone6/PX4/message_inventory.json,benchmark/extraction_runs/milestone6/PX4/message_request_sweep.json,Baseline proves only this default SITL profile. Request-window matches may be conditional and are not causal when the message already streamed by default.
PX4-M6-MC-SIHSIM-QUADX-I42-20260718,PX4,multicopter,px4_sitl_default sihsim_quadx internal headless SIH instance 42,1,SYS_STATUS,baseline/px4/src/modules/mavlink/mavlink/message_definitions/v1.0/common.xml,development.xml|uAvionix.xml,STATIC_REFERENCE_FOUND,2,0,12,17,9,38,8147663805820,8184110216002,True,MAV_RESULT_ACCEPTED,1,ACK_ACCEPTED_AND_MATCHING_ID_OBSERVED,DEFAULT_STREAM_OBSERVED,benchmark/extraction_runs/milestone6/PX4/message_inventory.json,benchmark/extraction_runs/milestone6/PX4/message_request_sweep.json,Baseline proves only this default SITL profile. Request-window matches may be conditional and are not causal when the message already streamed by default.
PX4-M6-MC-SIHSIM-QUADX-I42-20260718,PX4,multicopter,px4_sitl_default sihsim_quadx internal headless SIH instance 42,2,SYSTEM_TIME,baseline/px4/src/modules/mavlink/mavlink/message_definitions/v1.0/common.xml,development.xml|uAvionix.xml,STATIC_REFERENCE_FOUND,2,2,0,0,1,1,8176786701122,8176786701122,True,MAV_RESULT_ACCEPTED,1,ACK_ACCEPTED_AND_MATCHING_ID_OBSERVED,REQUEST_WINDOW_MESSAGE_OBSERVED,benchmark/extraction_runs/milestone6/PX4/message_inventory.json,benchmark/extraction_runs/milestone6/PX4/message_request_sweep.json,Baseline proves only this default SITL profile. Request-window matches may be conditional and are not causal when the message already streamed by default.
PX4-M6-MC-SIHSIM-QUADX-I42-20260718,PX4,multicopter,px4_sitl_default sihsim_quadx internal headless SIH instance 42,4,PING,baseline/px4/src/modules/mavlink/mavlink/message_definitions/v1.0/common.xml,development.xml|uAvionix.xml,STATIC_REFERENCE_FOUND,3,2,1,1,2,4,8156777473383,8177022349048,True,MAV_RESULT_ACCEPTED,1,ACK_ACCEPTED_AND_MATCHING_ID_OBSERVED,DEFAULT_STREAM_OBSERVED,benchmark/extraction_runs/milestone6/PX4/message_inventory.json,benchmark/extraction_runs/milestone6/PX4/message_request_sweep.json,Baseline proves only this default SITL profile. Request-window matches may be conditional and are not causal when the message already streamed by default.
PX4-M6-MC-SIHSIM-QUADX-I42-20260718,PX4,multicopter,px4_sitl_default sihsim_quadx internal headless SIH instance 42,5,CHANGE_OPERATOR_CONTROL,baseline/px4/src/modules/mavlink/mavlink/message_definitions/v1.0/common.xml,development.xml|uAvionix.xml,NO_REFERENCE_FOUND_BY_HEURISTIC_SCAN,0,0,0,0,0,0,,,True,MAV_RESULT_DENIED,0,ACK_MAV_RESULT_DENIED,REQUEST_ACK_DENIED,benchmark/extraction_runs/milestone6/PX4/message_inventory.json,benchmark/extraction_runs/milestone6/PX4/message_request_sweep.json,Baseline proves only this default SITL profile. Request-window matches may be conditional and are not causal when the message already streamed by default.
PX4-M6-MC-SIHSIM-QUADX-I42-20260718,PX4,multicopter,px4_sitl_default sihsim_quadx internal headless SIH instance 42,6,CHANGE_OPERATOR_CONTROL_ACK,baseline/px4/src/modules/mavlink/mavlink/message_definitions/v1.0/common.xml,development.xml|uAvionix.xml,NO_REFERENCE_FOUND_BY_HEURISTIC_SCAN,0,0,0,0,0,0,,,True,MAV_RESULT_DENIED,0,ACK_MAV_RESULT_DENIED,REQUEST_ACK_DENIED,benchmark/extraction_runs/milestone6/PX4/message_inventory.json,benchmark/extraction_runs/milestone6/PX4/message_request_sweep.json,Baseline proves only this default SITL profile. Request-window matches may be conditional and are not causal when the message already streamed by default.
PX4-M6-MC-SIHSIM-QUADX-I42-20260718,PX4,multicopter,px4_sitl_default sihsim_quadx internal headless SIH instance 42,7,AUTH_KEY,baseline/px4/src/modules/mavlink/mavlink/message_definitions/v1.0/common.xml,development.xml|uAvionix.xml,NO_REFERENCE_FOUND_BY_HEURISTIC_SCAN,0,0,0,0,0,0,,,True,MAV_RESULT_DENIED,0,ACK_MAV_RESULT_DENIED,REQUEST_ACK_DENIED,benchmark/extraction_runs/milestone6/PX4/message_inventory.json,benchmark/extraction_runs/milestone6/PX4/message_request_sweep.json,Baseline proves only this default SITL profile. Request-window matches may be conditional and are not causal when the message already streamed by default.
PX4-M6-MC-SIHSIM-QUADX-I42-20260718,PX4,multicopter,px4_sitl_default sihsim_quadx internal headless SIH instance 42,8,LINK_NODE_STATUS,baseline/px4/src/modules/mavlink/mavlink/message_definitions/v1.0/common.xml,development.xml|uAvionix.xml,STATIC_REFERENCE_FOUND,2,0,12,17,9,38,8147663914840,8184110293211,True,MAV_RESULT_ACCEPTED,1,ACK_ACCEPTED_AND_MATCHING_ID_OBSERVED,DEFAULT_STREAM_OBSERVED,benchmark/extraction_runs/milestone6/PX4/message_inventory.json,benchmark/extraction_runs/milestone6/PX4/message_request_sweep.json,Baseline proves only this default SITL profile. Request-window matches may be conditional and are not causal when the message already streamed by default.
PX4-M6-MC-SIHSIM-QUADX-I42-20260718,PX4,multicopter,px4_sitl_default sihsim_quadx internal headless SIH instance 42,11,SET_MODE,baseline/px4/src/modules/mavlink/mavlink/message_definitions/v1.0/common.xml,development.xml|uAvionix.xml,STATIC_REFERENCE_FOUND,0,2,0,0,0,0,,,True,MAV_RESULT_DENIED,0,ACK_MAV_RESULT_DENIED,REQUEST_ACK_DENIED,benchmark/extraction_runs/milestone6/PX4/message_inventory.json,benchmark/extraction_runs/milestone6/PX4/message_request_sweep.json,Baseline proves only this default SITL profile. Request-window matches may be conditional and are not causal when the message already streamed by default.
PX4-M6-MC-SIHSIM-QUADX-I42-20260718,PX4,multicopter,px4_sitl_default sihsim_quadx internal headless SIH instance 42,20,PARAM_REQUEST_READ,baseline/px4/src/modules/mavlink/mavlink/message_definitions/v1.0/common.xml,development.xml|uAvionix.xml,STATIC_REFERENCE_FOUND,0,2,0,0,0,0,,,True,MAV_RESULT_DENIED,0,ACK_MAV_RESULT_DENIED,REQUEST_ACK_DENIED,benchmark/extraction_runs/milestone6/PX4/message_inventory.json,benchmark/extraction_runs/milestone6/PX4/message_request_sweep.json,Baseline proves only this default SITL profile. Request-window matches may be conditional and are not causal when the message already streamed by default.
PX4-M6-MC-SIHSIM-QUADX-I42-20260718,PX4,multicopter,px4_sitl_default sihsim_quadx internal headless SIH instance 42,21,PARAM_REQUEST_LIST,baseline/px4/src/modules/mavlink/mavlink/message_definitions/v1.0/common.xml,development.xml|uAvionix.xml,STATIC_REFERENCE_FOUND,0,2,0,0,0,0,,,True,MAV_RESULT_DENIED,0,ACK_MAV_RESULT_DENIED,REQUEST_ACK_DENIED,benchmark/extraction_runs/milestone6/PX4/message_inventory.json,benchmark/extraction_runs/milestone6/PX4/message_request_sweep.json,Baseline proves only this default SITL profile. Request-window matches may be conditional and are not causal when the message already streamed by default.
PX4-M6-MC-SIHSIM-QUADX-I42-20260718,PX4,multicopter,px4_sitl_default sihsim_quadx internal headless SIH instance 42,22,PARAM_VALUE,baseline/px4/src/modules/mavlink/mavlink/message_definitions/v1.0/common.xml,development.xml|uAvionix.xml,STATIC_REFERENCE_FOUND,5,0,3,919,0,941,8147568936934,8175427841861,True,MAV_RESULT_DENIED,0,ACK_MAV_RESULT_DENIED,DEFAULT_STREAM_OBSERVED,benchmark/extraction_runs/milestone6/PX4/message_inventory.json,benchmark/extraction_runs/milestone6/PX4/message_request_sweep.json,Baseline proves only this default SITL profile. Request-window matches may be conditional and are not causal when the message already streamed by default.
PX4-M6-MC-SIHSIM-QUADX-I42-20260718,PX4,multicopter,px4_sitl_default sihsim_quadx internal headless SIH instance 42,23,PARAM_SET,baseline/px4/src/modules/mavlink/mavlink/message_definitions/v1.0/common.xml,development.xml|uAvionix.xml,STATIC_REFERENCE_FOUND,0,2,0,0,0,0,,,True,MAV_RESULT_DENIED,0,ACK_MAV_RESULT_DENIED,REQUEST_ACK_DENIED,benchmark/extraction_runs/milestone6/PX4/message_inventory.json,benchmark/extraction_runs/milestone6/PX4/message_request_sweep.json,Baseline proves only this default SITL profile. Request-window matches may be conditional and are not causal when the message already streamed by default.
PX4-M6-MC-SIHSIM-QUADX-I42-20260718,PX4,multicopter,px4_sitl_default sihsim_quadx internal headless SIH instance 42,24,GPS_RAW_INT,baseline/px4/src/modules/mavlink/mavlink/message_definitions/v1.0/common.xml,development.xml|uAvionix.xml,STATIC_REFERENCE_FOUND,3,0,60,81,41,185,8147060457605,8184109857014,True,MAV_RESULT_ACCEPTED,1,ACK_ACCEPTED_AND_MATCHING_ID_OBSERVED,DEFAULT_STREAM_OBSERVED,benchmark/extraction_runs/milestone6/PX4/message_inventory.json,benchmark/extraction_runs/milestone6/PX4/message_request_sweep.json,Baseline proves only this default SITL profile. Request-window matches may be conditional and are not causal when the message already streamed by default.
PX4-M6-MC-SIHSIM-QUADX-I42-20260718,PX4,multicopter,px4_sitl_default sihsim_quadx internal headless SIH instance 42,25,GPS_STATUS,baseline/px4/src/modules/mavlink/mavlink/message_definitions/v1.0/common.xml,development.xml|uAvionix.xml,STATIC_REFERENCE_FOUND,2,0,0,0,0,0,,,True,MAV_RESULT_DENIED,0,ACK_MAV_RESULT_DENIED,REQUEST_ACK_DENIED,benchmark/extraction_runs/milestone6/PX4/message_inventory.json,benchmark/extraction_runs/milestone6/PX4/message_request_sweep.json,Baseline proves only this default SITL profile. Request-window matches may be conditional and are not causal when the message already streamed by default.
PX4-M6-MC-SIHSIM-QUADX-I42-20260718,PX4,multicopter,px4_sitl_default sihsim_quadx internal headless SIH instance 42,26,SCALED_IMU,baseline/px4/src/modules/mavlink/mavlink/message_definitions/v1.0/common.xml,development.xml|uAvionix.xml,STATIC_REFERENCE_FOUND,2,0,0,0,1,1,8177133190652,8177133190652,True,MAV_RESULT_ACCEPTED,1,ACK_ACCEPTED_AND_MATCHING_ID_OBSERVED,REQUEST_WINDOW_MESSAGE_OBSERVED,benchmark/extraction_runs/milestone6/PX4/message_inventory.json,benchmark/extraction_runs/milestone6/PX4/message_request_sweep.json,Baseline proves only this default SITL profile. Request-window matches may be conditional and are not causal when the message already streamed by default.
PX4-M6-MC-SIHSIM-QUADX-I42-20260718,PX4,multicopter,px4_sitl_default sihsim_quadx internal headless SIH instance 42,27,RAW_IMU,baseline/px4/src/modules/mavlink/mavlink/message_definitions/v1.0/common.xml,development.xml|uAvionix.xml,NO_REFERENCE_FOUND_BY_HEURISTIC_SCAN,0,0,0,0,0,0,,,True,MAV_RESULT_DENIED,0,ACK_MAV_RESULT_DENIED,REQUEST_ACK_DENIED,benchmark/extraction_runs/milestone6/PX4/message_inventory.json,benchmark/extraction_runs/milestone6/PX4/message_request_sweep.json,Baseline proves only this default SITL profile. Request-window matches may be conditional and are not causal when the message already streamed by default.
PX4-M6-MC-SIHSIM-QUADX-I42-20260718,PX4,multicopter,px4_sitl_default sihsim_quadx internal headless SIH instance 42,28,RAW_PRESSURE,baseline/px4/src/modules/mavlink/mavlink/message_definitions/v1.0/common.xml,development.xml|uAvionix.xml,NO_REFERENCE_FOUND_BY_HEURISTIC_SCAN,0,0,0,0,0,0,,,True,MAV_RESULT_DENIED,0,ACK_MAV_RESULT_DENIED,REQUEST_ACK_DENIED,benchmark/extraction_runs/milestone6/PX4/message_inventory.json,benchmark/extraction_runs/milestone6/PX4/message_request_sweep.json,Baseline proves only this default SITL profile. Request-window matches may be conditional and are not causal when the message already streamed by default.
PX4-M6-MC-SIHSIM-QUADX-I42-20260718,PX4,multicopter,px4_sitl_default sihsim_quadx internal headless SIH instance 42,29,SCALED_PRESSURE,baseline/px4/src/modules/mavlink/mavlink/message_definitions/v1.0/common.xml,development.xml|uAvionix.xml,STATIC_REFERENCE_FOUND,2,0,12,17,9,38,8147663762331,8184110173838,True,MAV_RESULT_ACCEPTED,1,ACK_ACCEPTED_AND_MATCHING_ID_OBSERVED,DEFAULT_STREAM_OBSERVED,benchmark/extraction_runs/milestone6/PX4/message_inventory.json,benchmark/extraction_runs/milestone6/PX4/message_request_sweep.json,Baseline proves only this default SITL profile. Request-window matches may be conditional and are not causal when the message already streamed by default.
PX4-M6-MC-SIHSIM-QUADX-I42-20260718,PX4,multicopter,px4_sitl_default sihsim_quadx internal headless SIH instance 42,30,ATTITUDE,baseline/px4/src/modules/mavlink/mavlink/message_definitions/v1.0/common.xml,development.xml|uAvionix.xml,STATIC_REFERENCE_FOUND,2,0,569,815,395,1779,8148161383099,8184142507313,True,MAV_RESULT_ACCEPTED,1,ACK_ACCEPTED_AND_MATCHING_ID_OBSERVED,DEFAULT_STREAM_OBSERVED,benchmark/extraction_runs/milestone6/PX4/message_inventory.json,benchmark/extraction_runs/milestone6/PX4/message_request_sweep.json,Baseline proves only this default SITL profile. Request-window matches may be conditional and are not causal when the message already streamed by default.
PX4-M6-MC-SIHSIM-QUADX-I42-20260718,PX4,multicopter,px4_sitl_default sihsim_quadx internal headless SIH instance 42,31,ATTITUDE_QUATERNION,baseline/px4/src/modules/mavlink/mavlink/message_definitions/v1.0/common.xml,development.xml|uAvionix.xml,STATIC_REFERENCE_FOUND,2,0,569,815,395,1779,8148161483762,8184142651962,True,MAV_RESULT_ACCEPTED,1,ACK_ACCEPTED_AND_MATCHING_ID_OBSERVED,DEFAULT_STREAM_OBSERVED,benchmark/extraction_runs/milestone6/PX4/message_inventory.json,benchmark/extraction_runs/milestone6/PX4/message_request_sweep.json,Baseline proves only this default SITL profile. Request-window matches may be conditional and are not causal when the message already streamed by default.
PX4-M6-MC-SIHSIM-QUADX-I42-20260718,PX4,multicopter,px4_sitl_default sihsim_quadx internal headless SIH instance 42,32,LOCAL_POSITION_NED,baseline/px4/src/modules/mavlink/mavlink/message_definitions/v1.0/common.xml,development.xml|uAvionix.xml,STATIC_REFERENCE_FOUND,2,0,593,815,396,1843,8146874074524,8184155463626,True,MAV_RESULT_ACCEPTED,1,ACK_ACCEPTED_AND_MATCHING_ID_OBSERVED,DEFAULT_STREAM_OBSERVED,benchmark/extraction_runs/milestone6/PX4/message_inventory.json,benchmark/extraction_runs/milestone6/PX4/message_request_sweep.json,Baseline proves only this default SITL profile. Request-window matches may be conditional and are not causal when the message already streamed by default.
PX4-M6-MC-SIHSIM-QUADX-I42-20260718,PX4,multicopter,px4_sitl_default sihsim_quadx internal headless SIH instance 42,33,GLOBAL_POSITION_INT,baseline/px4/src/modules/mavlink/mavlink/message_definitions/v1.0/standard.xml,development.xml|uAvionix.xml,STATIC_REFERENCE_FOUND,2,0,514,816,395,1725,8149254687482,8184145795729,True,MAV_RESULT_ACCEPTED,1,ACK_ACCEPTED_AND_MATCHING_ID_OBSERVED,DEFAULT_STREAM_OBSERVED,benchmark/extraction_runs/milestone6/PX4/message_inventory.json,benchmark/extraction_runs/milestone6/PX4/message_request_sweep.json,Baseline proves only this default SITL profile. Request-window matches may be conditional and are not causal when the message already streamed by default.
PX4-M6-MC-SIHSIM-QUADX-I42-20260718,PX4,multicopter,px4_sitl_default sihsim_quadx internal headless SIH instance 42,34,RC_CHANNELS_SCALED,baseline/px4/src/modules/mavlink/mavlink/message_definitions/v1.0/common.xml,development.xml|uAvionix.xml,NO_REFERENCE_FOUND_BY_HEURISTIC_SCAN,0,0,0,0,0,0,,,True,MAV_RESULT_DENIED,0,ACK_MAV_RESULT_DENIED,REQUEST_ACK_DENIED,benchmark/extraction_runs/milestone6/PX4/message_inventory.json,benchmark/extraction_runs/milestone6/PX4/message_request_sweep.json,Baseline proves only this default SITL profile. Request-window matches may be conditional and are not causal when the message already streamed by default.
PX4-M6-MC-SIHSIM-QUADX-I42-20260718,PX4,multicopter,px4_sitl_default sihsim_quadx internal headless SIH instance 42,35,RC_CHANNELS_RAW,baseline/px4/src/modules/mavlink/mavlink/message_definitions/v1.0/common.xml,development.xml|uAvionix.xml,NO_REFERENCE_FOUND_BY_HEURISTIC_SCAN,0,0,0,0,0,0,,,True,MAV_RESULT_DENIED,0,ACK_MAV_RESULT_DENIED,REQUEST_ACK_DENIED,benchmark/extraction_runs/milestone6/PX4/message_inventory.json,benchmark/extraction_runs/milestone6/PX4/message_request_sweep.json,Baseline proves only this default SITL profile. Request-window matches may be conditional and are not causal when the message already streamed by default.
PX4-M6-MC-SIHSIM-QUADX-I42-20260718,PX4,multicopter,px4_sitl_default sihsim_quadx internal headless SIH instance 42,36,SERVO_OUTPUT_RAW,baseline/px4/src/modules/mavlink/mavlink/message_definitions/v1.0/common.xml,development.xml|uAvionix.xml,STATIC_REFERENCE_FOUND,2,0,592,816,395,1843,8146873702913,8184145877779,True,MAV_RESULT_ACCEPTED,1,ACK_ACCEPTED_AND_MATCHING_ID_OBSERVED,DEFAULT_STREAM_OBSERVED,benchmark/extraction_runs/milestone6/PX4/message_inventory.json,benchmark/extraction_runs/milestone6/PX4/message_request_sweep.json,Baseline proves only this default SITL profile. Request-window matches may be conditional and are not causal when the message already streamed by default.
PX4-M6-MC-SIHSIM-QUADX-I42-20260718,PX4,multicopter,px4_sitl_default sihsim_quadx internal headless SIH instance 42,37,MISSION_REQUEST_PARTIAL_LIST,baseline/px4/src/modules/mavlink/mavlink/message_definitions/v1.0/common.xml,development.xml|uAvionix.xml,NO_REFERENCE_FOUND_BY_HEURISTIC_SCAN,0,0,0,0,0,0,,,True,MAV_RESULT_DENIED,0,ACK_MAV_RESULT_DENIED,REQUEST_ACK_DENIED,benchmark/extraction_runs/milestone6/PX4/message_inventory.json,benchmark/extraction_runs/milestone6/PX4/message_request_sweep.json,Baseline proves only this default SITL profile. Request-window matches may be conditional and are not causal when the message already streamed by default.
PX4-M6-MC-SIHSIM-QUADX-I42-20260718,PX4,multicopter,px4_sitl_default sihsim_quadx internal headless SIH instance 42,38,MISSION_WRITE_PARTIAL_LIST,baseline/px4/src/modules/mavlink/mavlink/message_definitions/v1.0/common.xml,development.xml|uAvionix.xml,NO_REFERENCE_FOUND_BY_HEURISTIC_SCAN,0,0,0,0,0,0,,,True,MAV_RESULT_DENIED,0,ACK_MAV_RESULT_DENIED,REQUEST_ACK_DENIED,benchmark/extraction_runs/milestone6/PX4/message_inventory.json,benchmark/extraction_runs/milestone6/PX4/message_request_sweep.json,Baseline proves only this default SITL profile. Request-window matches may be conditional and are not causal when the message already streamed by default.
PX4-M6-MC-SIHSIM-QUADX-I42-20260718,PX4,multicopter,px4_sitl_default sihsim_quadx internal headless SIH instance 42,39,MISSION_ITEM,baseline/px4/src/modules/mavlink/mavlink/message_definitions/v1.0/common.xml,development.xml|uAvionix.xml,STATIC_REFERENCE_FOUND,1,2,0,0,0,0,,,True,MAV_RESULT_DENIED,0,ACK_MAV_RESULT_DENIED,REQUEST_ACK_DENIED,benchmark/extraction_runs/milestone6/PX4/message_inventory.json,benchmark/extraction_runs/milestone6/PX4/message_request_sweep.json,Baseline proves only this default SITL profile. Request-window matches may be conditional and are not causal when the message already streamed by default.
PX4-M6-MC-SIHSIM-QUADX-I42-20260718,PX4,multicopter,px4_sitl_default sihsim_quadx internal headless SIH instance 42,40,MISSION_REQUEST,baseline/px4/src/modules/mavlink/mavlink/message_definitions/v1.0/common.xml,development.xml|uAvionix.xml,STATIC_REFERENCE_FOUND,1,2,0,0,0,0,,,True,MAV_RESULT_DENIED,0,ACK_MAV_RESULT_DENIED,REQUEST_ACK_DENIED,benchmark/extraction_runs/milestone6/PX4/message_inventory.json,benchmark/extraction_runs/milestone6/PX4/message_request_sweep.json,Baseline proves only this default SITL profile. Request-window matches may be conditional and are not causal when the message already streamed by default.
PX4-M6-MC-SIHSIM-QUADX-I42-20260718,PX4,multicopter,px4_sitl_default sihsim_quadx internal headless SIH instance 42,41,MISSION_SET_CURRENT,baseline/px4/src/modules/mavlink/mavlink/message_definitions/v1.0/common.xml,development.xml|uAvionix.xml,STATIC_REFERENCE_FOUND,0,2,0,0,0,0,,,True,MAV_RESULT_DENIED,0,ACK_MAV_RESULT_DENIED,REQUEST_ACK_DENIED,benchmark/extraction_runs/milestone6/PX4/message_inventory.json,benchmark/extraction_runs/milestone6/PX4/message_request_sweep.json,Baseline proves only this default SITL profile. Request-window matches may be conditional and are not causal when the message already streamed by default.
PX4-M6-MC-SIHSIM-QUADX-I42-20260718,PX4,multicopter,px4_sitl_default sihsim_quadx internal headless SIH instance 42,42,MISSION_CURRENT,baseline/px4/src/modules/mavlink/mavlink/message_definitions/v1.0/common.xml,development.xml|uAvionix.xml,STATIC_REFERENCE_FOUND,1,0,11,17,7,36,8147568860232,8183224654044,True,MAV_RESULT_DENIED,0,ACK_MAV_RESULT_DENIED,DEFAULT_STREAM_OBSERVED,benchmark/extraction_runs/milestone6/PX4/message_inventory.json,benchmark/extraction_runs/milestone6/PX4/message_request_sweep.json,Baseline proves only this default SITL profile. Request-window matches may be conditional and are not causal when the message already streamed by default.
PX4-M6-MC-SIHSIM-QUADX-I42-20260718,PX4,multicopter,px4_sitl_default sihsim_quadx internal headless SIH instance 42,43,MISSION_REQUEST_LIST,baseline/px4/src/modules/mavlink/mavlink/message_definitions/v1.0/common.xml,development.xml|uAvionix.xml,STATIC_REFERENCE_FOUND,0,2,0,0,0,0,,,True,MAV_RESULT_DENIED,0,ACK_MAV_RESULT_DENIED,REQUEST_ACK_DENIED,benchmark/extraction_runs/milestone6/PX4/message_inventory.json,benchmark/extraction_runs/milestone6/PX4/message_request_sweep.json,Baseline proves only this default SITL profile. Request-window matches may be conditional and are not causal when the message already streamed by default.
PX4-M6-MC-SIHSIM-QUADX-I42-20260718,PX4,multicopter,px4_sitl_default sihsim_quadx internal headless SIH instance 42,44,MISSION_COUNT,baseline/px4/src/modules/mavlink/mavlink/message_definitions/v1.0/common.xml,development.xml|uAvionix.xml,STATIC_REFERENCE_FOUND,1,2,0,0,0,0,,,True,MAV_RESULT_DENIED,0,ACK_MAV_RESULT_DENIED,REQUEST_ACK_DENIED,benchmark/extraction_runs/milestone6/PX4/message_inventory.json,benchmark/extraction_runs/milestone6/PX4/message_request_sweep.json,Baseline proves only this default SITL profile. Request-window matches may be conditional and are not causal when the message already streamed by default.
PX4-M6-MC-SIHSIM-QUADX-I42-20260718,PX4,multicopter,px4_sitl_default sihsim_quadx internal headless SIH instance 42,45,MISSION_CLEAR_ALL,baseline/px4/src/modules/mavlink/mavlink/message_definitions/v1.0/common.xml,development.xml|uAvionix.xml,STATIC_REFERENCE_FOUND,0,2,0,0,0,0,,,True,MAV_RESULT_DENIED,0,ACK_MAV_RESULT_DENIED,REQUEST_ACK_DENIED,benchmark/extraction_runs/milestone6/PX4/message_inventory.json,benchmark/extraction_runs/milestone6/PX4/message_request_sweep.json,Baseline proves only this default SITL profile. Request-window matches may be conditional and are not causal when the message already streamed by default.
PX4-M6-MC-SIHSIM-QUADX-I42-20260718,PX4,multicopter,px4_sitl_default sihsim_quadx internal headless SIH instance 42,46,MISSION_ITEM_REACHED,baseline/px4/src/modules/mavlink/mavlink/message_definitions/v1.0/common.xml,development.xml|uAvionix.xml,STATIC_REFERENCE_FOUND,1,0,0,0,0,0,,,True,MAV_RESULT_DENIED,0,ACK_MAV_RESULT_DENIED,REQUEST_ACK_DENIED,benchmark/extraction_runs/milestone6/PX4/message_inventory.json,benchmark/extraction_runs/milestone6/PX4/message_request_sweep.json,Baseline proves only this default SITL profile. Request-window matches may be conditional and are not causal when the message already streamed by default.
PX4-M6-MC-SIHSIM-QUADX-I42-20260718,PX4,multicopter,px4_sitl_default sihsim_quadx internal headless SIH instance 42,47,MISSION_ACK,baseline/px4/src/modules/mavlink/mavlink/message_definitions/v1.0/common.xml,development.xml|uAvionix.xml,STATIC_REFERENCE_FOUND,1,2,0,0,0,0,,,True,MAV_RESULT_DENIED,0,ACK_MAV_RESULT_DENIED,REQUEST_ACK_DENIED,benchmark/extraction_runs/milestone6/PX4/message_inventory.json,benchmark/extraction_runs/milestone6/PX4/message_request_sweep.json,Baseline proves only this default SITL profile. Request-window matches may be conditional and are not causal when the message already streamed by default.
PX4-M6-MC-SIHSIM-QUADX-I42-20260718,PX4,multicopter,px4_sitl_default sihsim_quadx internal headless SIH instance 42,48,SET_GPS_GLOBAL_ORIGIN,baseline/px4/src/modules/mavlink/mavlink/message_definitions/v1.0/common.xml,development.xml|uAvionix.xml,STATIC_REFERENCE_FOUND,0,2,0,0,0,0,,,True,MAV_RESULT_DENIED,0,ACK_MAV_RESULT_DENIED,REQUEST_ACK_DENIED,benchmark/extraction_runs/milestone6/PX4/message_inventory.json,benchmark/extraction_runs/milestone6/PX4/message_request_sweep.json,Baseline proves only this default SITL profile. Request-window matches may be conditional and are not causal when the message already streamed by default.
PX4-M6-MC-SIHSIM-QUADX-I42-20260718,PX4,multicopter,px4_sitl_default sihsim_quadx internal headless SIH instance 42,49,GPS_GLOBAL_ORIGIN,baseline/px4/src/modules/mavlink/mavlink/message_definitions/v1.0/common.xml,development.xml|uAvionix.xml,STATIC_REFERENCE_FOUND,2,1,1,0,1,2,8147663427440,8177736091927,True,MAV_RESULT_ACCEPTED,1,ACK_ACCEPTED_AND_MATCHING_ID_OBSERVED,DEFAULT_STREAM_OBSERVED,benchmark/extraction_runs/milestone6/PX4/message_inventory.json,benchmark/extraction_runs/milestone6/PX4/message_request_sweep.json,Baseline proves only this default SITL profile. Request-window matches may be conditional and are not causal when the message already streamed by default.
PX4-M6-MC-SIHSIM-QUADX-I42-20260718,PX4,multicopter,px4_sitl_default sihsim_quadx internal headless SIH instance 42,50,PARAM_MAP_RC,baseline/px4/src/modules/mavlink/mavlink/message_definitions/v1.0/common.xml,development.xml|uAvionix.xml,STATIC_REFERENCE_FOUND,0,2,0,0,0,0,,,True,MAV_RESULT_DENIED,0,ACK_MAV_RESULT_DENIED,REQUEST_ACK_DENIED,benchmark/extraction_runs/milestone6/PX4/message_inventory.json,benchmark/extraction_runs/milestone6/PX4/message_request_sweep.json,Baseline proves only this default SITL profile. Request-window matches may be conditional and are not causal when the message already streamed by default.
PX4-M6-MC-SIHSIM-QUADX-I42-20260718,PX4,multicopter,px4_sitl_default sihsim_quadx internal headless SIH instance 42,51,MISSION_REQUEST_INT,baseline/px4/src/modules/mavlink/mavlink/message_definitions/v1.0/common.xml,development.xml|uAvionix.xml,STATIC_REFERENCE_FOUND,1,1,0,0,0,0,,,True,MAV_RESULT_DENIED,0,ACK_MAV_RESULT_DENIED,REQUEST_ACK_DENIED,benchmark/extraction_runs/milestone6/PX4/message_inventory.json,benchmark/extraction_runs/milestone6/PX4/message_request_sweep.json,Baseline proves only this default SITL profile. Request-window matches may be conditional and are not causal when the message already streamed by default.
PX4-M6-MC-SIHSIM-QUADX-I42-20260718,PX4,multicopter,px4_sitl_default sihsim_quadx internal headless SIH instance 42,54,SAFETY_SET_ALLOWED_AREA,baseline/px4/src/modules/mavlink/mavlink/message_definitions/v1.0/common.xml,development.xml|uAvionix.xml,NO_REFERENCE_FOUND_BY_HEURISTIC_SCAN,0,0,0,0,0,0,,,True,MAV_RESULT_DENIED,0,ACK_MAV_RESULT_DENIED,REQUEST_ACK_DENIED,benchmark/extraction_runs/milestone6/PX4/message_inventory.json,benchmark/extraction_runs/milestone6/PX4/message_request_sweep.json,Baseline proves only this default SITL profile. Request-window matches may be conditional and are not causal when the message already streamed by default.
PX4-M6-MC-SIHSIM-QUADX-I42-20260718,PX4,multicopter,px4_sitl_default sihsim_quadx internal headless SIH instance 42,55,SAFETY_ALLOWED_AREA,baseline/px4/src/modules/mavlink/mavlink/message_definitions/v1.0/common.xml,development.xml|uAvionix.xml,NO_REFERENCE_FOUND_BY_HEURISTIC_SCAN,0,0,0,0,0,0,,,True,MAV_RESULT_DENIED,0,ACK_MAV_RESULT_DENIED,REQUEST_ACK_DENIED,benchmark/extraction_runs/milestone6/PX4/message_inventory.json,benchmark/extraction_runs/milestone6/PX4/message_request_sweep.json,Baseline proves only this default SITL profile. Request-window matches may be conditional and are not causal when the message already streamed by default.
PX4-M6-MC-SIHSIM-QUADX-I42-20260718,PX4,multicopter,px4_sitl_default sihsim_quadx internal headless SIH instance 42,61,ATTITUDE_QUATERNION_COV,baseline/px4/src/modules/mavlink/mavlink/message_definitions/v1.0/common.xml,development.xml|uAvionix.xml,NO_REFERENCE_FOUND_BY_HEURISTIC_SCAN,0,0,0,0,0,0,,,True,MAV_RESULT_DENIED,0,ACK_MAV_RESULT_DENIED,REQUEST_ACK_DENIED,benchmark/extraction_runs/milestone6/PX4/message_inventory.json,benchmark/extraction_runs/milestone6/PX4/message_request_sweep.json,Baseline proves only this default SITL profile. Request-window matches may be conditional and are not causal when the message already streamed by default.
PX4-M6-MC-SIHSIM-QUADX-I42-20260718,PX4,multicopter,px4_sitl_default sihsim_quadx internal headless SIH instance 42,62,NAV_CONTROLLER_OUTPUT,baseline/px4/src/modules/mavlink/mavlink/message_definitions/v1.0/common.xml,development.xml|uAvionix.xml,STATIC_REFERENCE_FOUND,2,0,0,0,0,0,,,True,MAV_RESULT_DENIED,0,ACK_MAV_RESULT_DENIED,REQUEST_ACK_DENIED,benchmark/extraction_runs/milestone6/PX4/message_inventory.json,benchmark/extraction_runs/milestone6/PX4/message_request_sweep.json,Baseline proves only this default SITL profile. Request-window matches may be conditional and are not causal when the message already streamed by default.
PX4-M6-MC-SIHSIM-QUADX-I42-20260718,PX4,multicopter,px4_sitl_default sihsim_quadx internal headless SIH instance 42,63,GLOBAL_POSITION_INT_COV,baseline/px4/src/modules/mavlink/mavlink/message_definitions/v1.0/common.xml,development.xml|uAvionix.xml,NO_REFERENCE_FOUND_BY_HEURISTIC_SCAN,0,0,0,0,0,0,,,True,MAV_RESULT_DENIED,0,ACK_MAV_RESULT_DENIED,REQUEST_ACK_DENIED,benchmark/extraction_runs/milestone6/PX4/message_inventory.json,benchmark/extraction_runs/milestone6/PX4/message_request_sweep.json,Baseline proves only this default SITL profile. Request-window matches may be conditional and are not causal when the message already streamed by default.
PX4-M6-MC-SIHSIM-QUADX-I42-20260718,PX4,multicopter,px4_sitl_default sihsim_quadx internal headless SIH instance 42,64,LOCAL_POSITION_NED_COV,baseline/px4/src/modules/mavlink/mavlink/message_definitions/v1.0/common.xml,development.xml|uAvionix.xml,NO_REFERENCE_FOUND_BY_HEURISTIC_SCAN,0,0,0,0,0,0,,,True,MAV_RESULT_DENIED,0,ACK_MAV_RESULT_DENIED,REQUEST_ACK_DENIED,benchmark/extraction_runs/milestone6/PX4/message_inventory.json,benchmark/extraction_runs/milestone6/PX4/message_request_sweep.json,Baseline proves only this default SITL profile. Request-window matches may be conditional and are not causal when the message already streamed by default.
PX4-M6-MC-SIHSIM-QUADX-I42-20260718,PX4,multicopter,px4_sitl_default sihsim_quadx internal headless SIH instance 42,65,RC_CHANNELS,baseline/px4/src/modules/mavlink/mavlink/message_definitions/v1.0/common.xml,development.xml|uAvionix.xml,STATIC_REFERENCE_FOUND,2,2,0,0,0,0,,,True,MAV_RESULT_DENIED,0,ACK_MAV_RESULT_DENIED,REQUEST_ACK_DENIED,benchmark/extraction_runs/milestone6/PX4/message_inventory.json,benchmark/extraction_runs/milestone6/PX4/message_request_sweep.json,Baseline proves only this default SITL profile. Request-window matches may be conditional and are not causal when the message already streamed by default.
PX4-M6-MC-SIHSIM-QUADX-I42-20260718,PX4,multicopter,px4_sitl_default sihsim_quadx internal headless SIH instance 42,66,REQUEST_DATA_STREAM,baseline/px4/src/modules/mavlink/mavlink/message_definitions/v1.0/common.xml,development.xml|uAvionix.xml,NO_REFERENCE_FOUND_BY_HEURISTIC_SCAN,0,0,0,0,0,0,,,True,MAV_RESULT_DENIED,0,ACK_MAV_RESULT_DENIED,REQUEST_ACK_DENIED,benchmark/extraction_runs/milestone6/PX4/message_inventory.json,benchmark/extraction_runs/milestone6/PX4/message_request_sweep.json,Baseline proves only this default SITL profile. Request-window matches may be conditional and are not causal when the message already streamed by default.
PX4-M6-MC-SIHSIM-QUADX-I42-20260718,PX4,multicopter,px4_sitl_default sihsim_quadx internal headless SIH instance 42,67,DATA_STREAM,baseline/px4/src/modules/mavlink/mavlink/message_definitions/v1.0/common.xml,development.xml|uAvionix.xml,NO_REFERENCE_FOUND_BY_HEURISTIC_SCAN,0,0,0,0,0,0,,,True,MAV_RESULT_DENIED,0,ACK_MAV_RESULT_DENIED,REQUEST_ACK_DENIED,benchmark/extraction_runs/milestone6/PX4/message_inventory.json,benchmark/extraction_runs/milestone6/PX4/message_request_sweep.json,Baseline proves only this default SITL profile. Request-window matches may be conditional and are not causal when the message already streamed by default.
PX4-M6-MC-SIHSIM-QUADX-I42-20260718,PX4,multicopter,px4_sitl_default sihsim_quadx internal headless SIH instance 42,69,MANUAL_CONTROL,baseline/px4/src/modules/mavlink/mavlink/message_definitions/v1.0/common.xml,development.xml|uAvionix.xml,STATIC_REFERENCE_FOUND,2,2,0,0,1,1,8178144104286,8178144104286,True,MAV_RESULT_ACCEPTED,1,ACK_ACCEPTED_AND_MATCHING_ID_OBSERVED,REQUEST_WINDOW_MESSAGE_OBSERVED,benchmark/extraction_runs/milestone6/PX4/message_inventory.json,benchmark/extraction_runs/milestone6/PX4/message_request_sweep.json,Baseline proves only this default SITL profile. Request-window matches may be conditional and are not causal when the message already streamed by default.
PX4-M6-MC-SIHSIM-QUADX-I42-20260718,PX4,multicopter,px4_sitl_default sihsim_quadx internal headless SIH instance 42,70,RC_CHANNELS_OVERRIDE,baseline/px4/src/modules/mavlink/mavlink/message_definitions/v1.0/common.xml,development.xml|uAvionix.xml,STATIC_REFERENCE_FOUND,0,2,0,0,0,0,,,True,MAV_RESULT_DENIED,0,ACK_MAV_RESULT_DENIED,REQUEST_ACK_DENIED,benchmark/extraction_runs/milestone6/PX4/message_inventory.json,benchmark/extraction_runs/milestone6/PX4/message_request_sweep.json,Baseline proves only this default SITL profile. Request-window matches may be conditional and are not causal when the message already streamed by default.
PX4-M6-MC-SIHSIM-QUADX-I42-20260718,PX4,multicopter,px4_sitl_default sihsim_quadx internal headless SIH instance 42,73,MISSION_ITEM_INT,baseline/px4/src/modules/mavlink/mavlink/message_definitions/v1.0/common.xml,development.xml|uAvionix.xml,STATIC_REFERENCE_FOUND,1,1,0,0,0,0,,,True,MAV_RESULT_DENIED,0,ACK_MAV_RESULT_DENIED,REQUEST_ACK_DENIED,benchmark/extraction_runs/milestone6/PX4/message_inventory.json,benchmark/extraction_runs/milestone6/PX4/message_request_sweep.json,Baseline proves only this default SITL profile. Request-window matches may be conditional and are not causal when the message already streamed by default.
PX4-M6-MC-SIHSIM-QUADX-I42-20260718,PX4,multicopter,px4_sitl_default sihsim_quadx internal headless SIH instance 42,74,VFR_HUD,baseline/px4/src/modules/mavlink/mavlink/message_definitions/v1.0/common.xml,development.xml|uAvionix.xml,STATIC_REFERENCE_FOUND,2,0,48,65,33,149,8146904963782,8184110257134,True,MAV_RESULT_ACCEPTED,1,ACK_ACCEPTED_AND_MATCHING_ID_OBSERVED,DEFAULT_STREAM_OBSERVED,benchmark/extraction_runs/milestone6/PX4/message_inventory.json,benchmark/extraction_runs/milestone6/PX4/message_request_sweep.json,Baseline proves only this default SITL profile. Request-window matches may be conditional and are not causal when the message already streamed by default.
PX4-M6-MC-SIHSIM-QUADX-I42-20260718,PX4,multicopter,px4_sitl_default sihsim_quadx internal headless SIH instance 42,75,COMMAND_INT,baseline/px4/src/modules/mavlink/mavlink/message_definitions/v1.0/common.xml,development.xml|uAvionix.xml,STATIC_REFERENCE_FOUND,0,2,0,0,0,0,,,True,MAV_RESULT_DENIED,0,ACK_MAV_RESULT_DENIED,REQUEST_ACK_DENIED,benchmark/extraction_runs/milestone6/PX4/message_inventory.json,benchmark/extraction_runs/milestone6/PX4/message_request_sweep.json,Baseline proves only this default SITL profile. Request-window matches may be conditional and are not causal when the message already streamed by default.
PX4-M6-MC-SIHSIM-QUADX-I42-20260718,PX4,multicopter,px4_sitl_default sihsim_quadx internal headless SIH instance 42,76,COMMAND_LONG,baseline/px4/src/modules/mavlink/mavlink/message_definitions/v1.0/common.xml,development.xml|uAvionix.xml,STATIC_REFERENCE_FOUND,7,2,0,0,0,0,,,True,MAV_RESULT_DENIED,0,ACK_MAV_RESULT_DENIED,REQUEST_ACK_DENIED,benchmark/extraction_runs/milestone6/PX4/message_inventory.json,benchmark/extraction_runs/milestone6/PX4/message_request_sweep.json,Baseline proves only this default SITL profile. Request-window matches may be conditional and are not causal when the message already streamed by default.
PX4-M6-MC-SIHSIM-QUADX-I42-20260718,PX4,multicopter,px4_sitl_default sihsim_quadx internal headless SIH instance 42,77,COMMAND_ACK,baseline/px4/src/modules/mavlink/mavlink/message_definitions/v1.0/common.xml,development.xml|uAvionix.xml,STATIC_REFERENCE_FOUND,2,2,1,0,243,244,8147731584116,8184123138937,True,MAV_RESULT_DENIED,1,ACK_MAV_RESULT_DENIED,DEFAULT_STREAM_OBSERVED,benchmark/extraction_runs/milestone6/PX4/message_inventory.json,benchmark/extraction_runs/milestone6/PX4/message_request_sweep.json,Baseline proves only this default SITL profile. Request-window matches may be conditional and are not causal when the message already streamed by default.
PX4-M6-MC-SIHSIM-QUADX-I42-20260718,PX4,multicopter,px4_sitl_default sihsim_quadx internal headless SIH instance 42,80,COMMAND_CANCEL,baseline/px4/src/modules/mavlink/mavlink/message_definitions/v1.0/common.xml,development.xml|uAvionix.xml,NO_REFERENCE_FOUND_BY_HEURISTIC_SCAN,0,0,0,0,0,0,,,True,MAV_RESULT_DENIED,0,ACK_MAV_RESULT_DENIED,REQUEST_ACK_DENIED,benchmark/extraction_runs/milestone6/PX4/message_inventory.json,benchmark/extraction_runs/milestone6/PX4/message_request_sweep.json,Baseline proves only this default SITL profile. Request-window matches may be conditional and are not causal when the message already streamed by default.
PX4-M6-MC-SIHSIM-QUADX-I42-20260718,PX4,multicopter,px4_sitl_default sihsim_quadx internal headless SIH instance 42,81,MANUAL_SETPOINT,baseline/px4/src/modules/mavlink/mavlink/message_definitions/v1.0/common.xml,development.xml|uAvionix.xml,NO_REFERENCE_FOUND_BY_HEURISTIC_SCAN,0,0,0,0,0,0,,,True,MAV_RESULT_DENIED,0,ACK_MAV_RESULT_DENIED,REQUEST_ACK_DENIED,benchmark/extraction_runs/milestone6/PX4/message_inventory.json,benchmark/extraction_runs/milestone6/PX4/message_request_sweep.json,Baseline proves only this default SITL profile. Request-window matches may be conditional and are not causal when the message already streamed by default.
PX4-M6-MC-SIHSIM-QUADX-I42-20260718,PX4,multicopter,px4_sitl_default sihsim_quadx internal headless SIH instance 42,82,SET_ATTITUDE_TARGET,baseline/px4/src/modules/mavlink/mavlink/message_definitions/v1.0/common.xml,development.xml|uAvionix.xml,STATIC_REFERENCE_FOUND,0,2,0,0,0,0,,,True,MAV_RESULT_DENIED,0,ACK_MAV_RESULT_DENIED,REQUEST_ACK_DENIED,benchmark/extraction_runs/milestone6/PX4/message_inventory.json,benchmark/extraction_runs/milestone6/PX4/message_request_sweep.json,Baseline proves only this default SITL profile. Request-window matches may be conditional and are not causal when the message already streamed by default.
PX4-M6-MC-SIHSIM-QUADX-I42-20260718,PX4,multicopter,px4_sitl_default sihsim_quadx internal headless SIH instance 42,83,ATTITUDE_TARGET,baseline/px4/src/modules/mavlink/mavlink/message_definitions/v1.0/common.xml,development.xml|uAvionix.xml,STATIC_REFERENCE_FOUND,2,0,593,815,396,1843,8146873966595,8184155361551,True,MAV_RESULT_ACCEPTED,1,ACK_ACCEPTED_AND_MATCHING_ID_OBSERVED,DEFAULT_STREAM_OBSERVED,benchmark/extraction_runs/milestone6/PX4/message_inventory.json,benchmark/extraction_runs/milestone6/PX4/message_request_sweep.json,Baseline proves only this default SITL profile. Request-window matches may be conditional and are not causal when the message already streamed by default.
PX4-M6-MC-SIHSIM-QUADX-I42-20260718,PX4,multicopter,px4_sitl_default sihsim_quadx internal headless SIH instance 42,84,SET_POSITION_TARGET_LOCAL_NED,baseline/px4/src/modules/mavlink/mavlink/message_definitions/v1.0/common.xml,development.xml|uAvionix.xml,STATIC_REFERENCE_FOUND,0,2,0,0,0,0,,,True,MAV_RESULT_DENIED,0,ACK_MAV_RESULT_DENIED,REQUEST_ACK_DENIED,benchmark/extraction_runs/milestone6/PX4/message_inventory.json,benchmark/extraction_runs/milestone6/PX4/message_request_sweep.json,Baseline proves only this default SITL profile. Request-window matches may be conditional and are not causal when the message already streamed by default.
PX4-M6-MC-SIHSIM-QUADX-I42-20260718,PX4,multicopter,px4_sitl_default sihsim_quadx internal headless SIH instance 42,85,POSITION_TARGET_LOCAL_NED,baseline/px4/src/modules/mavlink/mavlink/message_definitions/v1.0/common.xml,development.xml|uAvionix.xml,STATIC_REFERENCE_FOUND,2,0,593,815,396,1843,8146874133442,8184155510135,True,MAV_RESULT_ACCEPTED,1,ACK_ACCEPTED_AND_MATCHING_ID_OBSERVED,DEFAULT_STREAM_OBSERVED,benchmark/extraction_runs/milestone6/PX4/message_inventory.json,benchmark/extraction_runs/milestone6/PX4/message_request_sweep.json,Baseline proves only this default SITL profile. Request-window matches may be conditional and are not causal when the message already streamed by default.
PX4-M6-MC-SIHSIM-QUADX-I42-20260718,PX4,multicopter,px4_sitl_default sihsim_quadx internal headless SIH instance 42,86,SET_POSITION_TARGET_GLOBAL_INT,baseline/px4/src/modules/mavlink/mavlink/message_definitions/v1.0/common.xml,development.xml|uAvionix.xml,STATIC_REFERENCE_FOUND,0,2,0,0,0,0,,,True,MAV_RESULT_DENIED,0,ACK_MAV_RESULT_DENIED,REQUEST_ACK_DENIED,benchmark/extraction_runs/milestone6/PX4/message_inventory.json,benchmark/extraction_runs/milestone6/PX4/message_request_sweep.json,Baseline proves only this default SITL profile. Request-window matches may be conditional and are not causal when the message already streamed by default.
PX4-M6-MC-SIHSIM-QUADX-I42-20260718,PX4,multicopter,px4_sitl_default sihsim_quadx internal headless SIH instance 42,87,POSITION_TARGET_GLOBAL_INT,baseline/px4/src/modules/mavlink/mavlink/message_definitions/v1.0/common.xml,development.xml|uAvionix.xml,STATIC_REFERENCE_FOUND,2,0,0,0,0,0,,,True,MAV_RESULT_DENIED,0,ACK_MAV_RESULT_DENIED,REQUEST_ACK_DENIED,benchmark/extraction_runs/milestone6/PX4/message_inventory.json,benchmark/extraction_runs/milestone6/PX4/message_request_sweep.json,Baseline proves only this default SITL profile. Request-window matches may be conditional and are not causal when the message already streamed by default.
PX4-M6-MC-SIHSIM-QUADX-I42-20260718,PX4,multicopter,px4_sitl_default sihsim_quadx internal headless SIH instance 42,89,LOCAL_POSITION_NED_SYSTEM_GLOBAL_OFFSET,baseline/px4/src/modules/mavlink/mavlink/message_definitions/v1.0/common.xml,development.xml|uAvionix.xml,NO_REFERENCE_FOUND_BY_HEURISTIC_SCAN,0,0,0,0,0,0,,,True,MAV_RESULT_DENIED,0,ACK_MAV_RESULT_DENIED,REQUEST_ACK_DENIED,benchmark/extraction_runs/milestone6/PX4/message_inventory.json,benchmark/extraction_runs/milestone6/PX4/message_request_sweep.json,Baseline proves only this default SITL profile. Request-window matches may be conditional and are not causal when the message already streamed by default.
PX4-M6-MC-SIHSIM-QUADX-I42-20260718,PX4,multicopter,px4_sitl_default sihsim_quadx internal headless SIH instance 42,90,HIL_STATE,baseline/px4/src/modules/mavlink/mavlink/message_definitions/v1.0/common.xml,development.xml|uAvionix.xml,NO_REFERENCE_FOUND_BY_HEURISTIC_SCAN,0,0,0,0,0,0,,,True,MAV_RESULT_DENIED,0,ACK_MAV_RESULT_DENIED,REQUEST_ACK_DENIED,benchmark/extraction_runs/milestone6/PX4/message_inventory.json,benchmark/extraction_runs/milestone6/PX4/message_request_sweep.json,Baseline proves only this default SITL profile. Request-window matches may be conditional and are not causal when the message already streamed by default.
PX4-M6-MC-SIHSIM-QUADX-I42-20260718,PX4,multicopter,px4_sitl_default sihsim_quadx internal headless SIH instance 42,91,HIL_CONTROLS,baseline/px4/src/modules/mavlink/mavlink/message_definitions/v1.0/common.xml,development.xml|uAvionix.xml,NO_REFERENCE_FOUND_BY_HEURISTIC_SCAN,0,0,0,0,0,0,,,True,MAV_RESULT_DENIED,0,ACK_MAV_RESULT_DENIED,REQUEST_ACK_DENIED,benchmark/extraction_runs/milestone6/PX4/message_inventory.json,benchmark/extraction_runs/milestone6/PX4/message_request_sweep.json,Baseline proves only this default SITL profile. Request-window matches may be conditional and are not causal when the message already streamed by default.
PX4-M6-MC-SIHSIM-QUADX-I42-20260718,PX4,multicopter,px4_sitl_default sihsim_quadx internal headless SIH instance 42,92,HIL_RC_INPUTS_RAW,baseline/px4/src/modules/mavlink/mavlink/message_definitions/v1.0/common.xml,development.xml|uAvionix.xml,NO_REFERENCE_FOUND_BY_HEURISTIC_SCAN,0,0,0,0,0,0,,,True,MAV_RESULT_DENIED,0,ACK_MAV_RESULT_DENIED,REQUEST_ACK_DENIED,benchmark/extraction_runs/milestone6/PX4/message_inventory.json,benchmark/extraction_runs/milestone6/PX4/message_request_sweep.json,Baseline proves only this default SITL profile. Request-window matches may be conditional and are not causal when the message already streamed by default.
PX4-M6-MC-SIHSIM-QUADX-I42-20260718,PX4,multicopter,px4_sitl_default sihsim_quadx internal headless SIH instance 42,93,HIL_ACTUATOR_CONTROLS,baseline/px4/src/modules/mavlink/mavlink/message_definitions/v1.0/common.xml,development.xml|uAvionix.xml,STATIC_REFERENCE_FOUND,3,0,0,0,1,1,8178708905496,8178708905496,True,MAV_RESULT_ACCEPTED,1,ACK_ACCEPTED_AND_MATCHING_ID_OBSERVED,REQUEST_WINDOW_MESSAGE_OBSERVED,benchmark/extraction_runs/milestone6/PX4/message_inventory.json,benchmark/extraction_runs/milestone6/PX4/message_request_sweep.json,Baseline proves only this default SITL profile. Request-window matches may be conditional and are not causal when the message already streamed by default.
PX4-M6-MC-SIHSIM-QUADX-I42-20260718,PX4,multicopter,px4_sitl_default sihsim_quadx internal headless SIH instance 42,100,OPTICAL_FLOW,baseline/px4/src/modules/mavlink/mavlink/message_definitions/v1.0/common.xml,development.xml|uAvionix.xml,NO_REFERENCE_FOUND_BY_HEURISTIC_SCAN,0,0,0,0,0,0,,,True,MAV_RESULT_DENIED,0,ACK_MAV_RESULT_DENIED,REQUEST_ACK_DENIED,benchmark/extraction_runs/milestone6/PX4/message_inventory.json,benchmark/extraction_runs/milestone6/PX4/message_request_sweep.json,Baseline proves only this default SITL profile. Request-window matches may be conditional and are not causal when the message already streamed by default.
PX4-M6-MC-SIHSIM-QUADX-I42-20260718,PX4,multicopter,px4_sitl_default sihsim_quadx internal headless SIH instance 42,101,GLOBAL_VISION_POSITION_ESTIMATE,baseline/px4/src/modules/mavlink/mavlink/message_definitions/v1.0/common.xml,development.xml|uAvionix.xml,NO_REFERENCE_FOUND_BY_HEURISTIC_SCAN,0,0,0,0,0,0,,,True,MAV_RESULT_DENIED,0,ACK_MAV_RESULT_DENIED,REQUEST_ACK_DENIED,benchmark/extraction_runs/milestone6/PX4/message_inventory.json,benchmark/extraction_runs/milestone6/PX4/message_request_sweep.json,Baseline proves only this default SITL profile. Request-window matches may be conditional and are not causal when the message already streamed by default.
PX4-M6-MC-SIHSIM-QUADX-I42-20260718,PX4,multicopter,px4_sitl_default sihsim_quadx internal headless SIH instance 42,102,VISION_POSITION_ESTIMATE,baseline/px4/src/modules/mavlink/mavlink/message_definitions/v1.0/common.xml,development.xml|uAvionix.xml,STATIC_REFERENCE_FOUND,0,4,0,0,0,0,,,True,MAV_RESULT_DENIED,0,ACK_MAV_RESULT_DENIED,REQUEST_ACK_DENIED,benchmark/extraction_runs/milestone6/PX4/message_inventory.json,benchmark/extraction_runs/milestone6/PX4/message_request_sweep.json,Baseline proves only this default SITL profile. Request-window matches may be conditional and are not causal when the message already streamed by default.
PX4-M6-MC-SIHSIM-QUADX-I42-20260718,PX4,multicopter,px4_sitl_default sihsim_quadx internal headless SIH instance 42,103,VISION_SPEED_ESTIMATE,baseline/px4/src/modules/mavlink/mavlink/message_definitions/v1.0/common.xml,development.xml|uAvionix.xml,NO_REFERENCE_FOUND_BY_HEURISTIC_SCAN,0,0,0,0,0,0,,,True,MAV_RESULT_DENIED,0,ACK_MAV_RESULT_DENIED,REQUEST_ACK_DENIED,benchmark/extraction_runs/milestone6/PX4/message_inventory.json,benchmark/extraction_runs/milestone6/PX4/message_request_sweep.json,Baseline proves only this default SITL profile. Request-window matches may be conditional and are not causal when the message already streamed by default.
PX4-M6-MC-SIHSIM-QUADX-I42-20260718,PX4,multicopter,px4_sitl_default sihsim_quadx internal headless SIH instance 42,104,VICON_POSITION_ESTIMATE,baseline/px4/src/modules/mavlink/mavlink/message_definitions/v1.0/common.xml,development.xml|uAvionix.xml,NO_REFERENCE_FOUND_BY_HEURISTIC_SCAN,0,0,0,0,0,0,,,True,MAV_RESULT_DENIED,0,ACK_MAV_RESULT_DENIED,REQUEST_ACK_DENIED,benchmark/extraction_runs/milestone6/PX4/message_inventory.json,benchmark/extraction_runs/milestone6/PX4/message_request_sweep.json,Baseline proves only this default SITL profile. Request-window matches may be conditional and are not causal when the message already streamed by default.
PX4-M6-MC-SIHSIM-QUADX-I42-20260718,PX4,multicopter,px4_sitl_default sihsim_quadx internal headless SIH instance 42,105,HIGHRES_IMU,baseline/px4/src/modules/mavlink/mavlink/message_definitions/v1.0/common.xml,development.xml|uAvionix.xml,STATIC_REFERENCE_FOUND,2,0,0,0,1,1,8178897704185,8178897704185,True,MAV_RESULT_ACCEPTED,1,ACK_ACCEPTED_AND_MATCHING_ID_OBSERVED,REQUEST_WINDOW_MESSAGE_OBSERVED,benchmark/extraction_runs/milestone6/PX4/message_inventory.json,benchmark/extraction_runs/milestone6/PX4/message_request_sweep.json,Baseline proves only this default SITL profile. Request-window matches may be conditional and are not causal when the message already streamed by default.
PX4-M6-MC-SIHSIM-QUADX-I42-20260718,PX4,multicopter,px4_sitl_default sihsim_quadx internal headless SIH instance 42,106,OPTICAL_FLOW_RAD,baseline/px4/src/modules/mavlink/mavlink/message_definitions/v1.0/common.xml,development.xml|uAvionix.xml,STATIC_REFERENCE_FOUND,2,2,0,0,0,0,,,True,MAV_RESULT_DENIED,0,ACK_MAV_RESULT_DENIED,REQUEST_ACK_DENIED,benchmark/extraction_runs/milestone6/PX4/message_inventory.json,benchmark/extraction_runs/milestone6/PX4/message_request_sweep.json,Baseline proves only this default SITL profile. Request-window matches may be conditional and are not causal when the message already streamed by default.
PX4-M6-MC-SIHSIM-QUADX-I42-20260718,PX4,multicopter,px4_sitl_default sihsim_quadx internal headless SIH instance 42,107,HIL_SENSOR,baseline/px4/src/modules/mavlink/mavlink/message_definitions/v1.0/common.xml,development.xml|uAvionix.xml,STATIC_REFERENCE_FOUND,0,4,0,0,0,0,,,True,MAV_RESULT_DENIED,0,ACK_MAV_RESULT_DENIED,REQUEST_ACK_DENIED,benchmark/extraction_runs/milestone6/PX4/message_inventory.json,benchmark/extraction_runs/milestone6/PX4/message_request_sweep.json,Baseline proves only this default SITL profile. Request-window matches may be conditional and are not causal when the message already streamed by default.
PX4-M6-MC-SIHSIM-QUADX-I42-20260718,PX4,multicopter,px4_sitl_default sihsim_quadx internal headless SIH instance 42,108,SIM_STATE,baseline/px4/src/modules/mavlink/mavlink/message_definitions/v1.0/common.xml,development.xml|uAvionix.xml,NO_REFERENCE_FOUND_BY_HEURISTIC_SCAN,0,0,0,0,0,0,,,True,MAV_RESULT_DENIED,0,ACK_MAV_RESULT_DENIED,REQUEST_ACK_DENIED,benchmark/extraction_runs/milestone6/PX4/message_inventory.json,benchmark/extraction_runs/milestone6/PX4/message_request_sweep.json,Baseline proves only this default SITL profile. Request-window matches may be conditional and are not causal when the message already streamed by default.
PX4-M6-MC-SIHSIM-QUADX-I42-20260718,PX4,multicopter,px4_sitl_default sihsim_quadx internal headless SIH instance 42,109,RADIO_STATUS,baseline/px4/src/modules/mavlink/mavlink/message_definitions/v1.0/common.xml,development.xml|uAvionix.xml,STATIC_REFERENCE_FOUND,0,2,0,0,0,0,,,True,MAV_RESULT_DENIED,0,ACK_MAV_RESULT_DENIED,REQUEST_ACK_DENIED,benchmark/extraction_runs/milestone6/PX4/message_inventory.json,benchmark/extraction_runs/milestone6/PX4/message_request_sweep.json,Baseline proves only this default SITL profile. Request-window matches may be conditional and are not causal when the message already streamed by default.
PX4-M6-MC-SIHSIM-QUADX-I42-20260718,PX4,multicopter,px4_sitl_default sihsim_quadx internal headless SIH instance 42,110,FILE_TRANSFER_PROTOCOL,baseline/px4/src/modules/mavlink/mavlink/message_definitions/v1.0/common.xml,development.xml|uAvionix.xml,STATIC_REFERENCE_FOUND,2,1,0,0,0,0,,,True,MAV_RESULT_DENIED,0,ACK_MAV_RESULT_DENIED,REQUEST_ACK_DENIED,benchmark/extraction_runs/milestone6/PX4/message_inventory.json,benchmark/extraction_runs/milestone6/PX4/message_request_sweep.json,Baseline proves only this default SITL profile. Request-window matches may be conditional and are not causal when the message already streamed by default.
PX4-M6-MC-SIHSIM-QUADX-I42-20260718,PX4,multicopter,px4_sitl_default sihsim_quadx internal headless SIH instance 42,111,TIMESYNC,baseline/px4/src/modules/mavlink/mavlink/message_definitions/v1.0/common.xml,development.xml|uAvionix.xml,STATIC_REFERENCE_FOUND,3,2,0,0,1,1,8179083122424,8179083122424,True,MAV_RESULT_ACCEPTED,1,ACK_ACCEPTED_AND_MATCHING_ID_OBSERVED,REQUEST_WINDOW_MESSAGE_OBSERVED,benchmark/extraction_runs/milestone6/PX4/message_inventory.json,benchmark/extraction_runs/milestone6/PX4/message_request_sweep.json,Baseline proves only this default SITL profile. Request-window matches may be conditional and are not causal when the message already streamed by default.
PX4-M6-MC-SIHSIM-QUADX-I42-20260718,PX4,multicopter,px4_sitl_default sihsim_quadx internal headless SIH instance 42,112,CAMERA_TRIGGER,baseline/px4/src/modules/mavlink/mavlink/message_definitions/v1.0/common.xml,development.xml|uAvionix.xml,STATIC_REFERENCE_FOUND,2,0,0,0,0,0,,,True,MAV_RESULT_DENIED,0,ACK_MAV_RESULT_DENIED,REQUEST_ACK_DENIED,benchmark/extraction_runs/milestone6/PX4/message_inventory.json,benchmark/extraction_runs/milestone6/PX4/message_request_sweep.json,Baseline proves only this default SITL profile. Request-window matches may be conditional and are not causal when the message already streamed by default.
PX4-M6-MC-SIHSIM-QUADX-I42-20260718,PX4,multicopter,px4_sitl_default sihsim_quadx internal headless SIH instance 42,113,HIL_GPS,baseline/px4/src/modules/mavlink/mavlink/message_definitions/v1.0/common.xml,development.xml|uAvionix.xml,STATIC_REFERENCE_FOUND,0,4,0,0,0,0,,,True,MAV_RESULT_DENIED,0,ACK_MAV_RESULT_DENIED,REQUEST_ACK_DENIED,benchmark/extraction_runs/milestone6/PX4/message_inventory.json,benchmark/extraction_runs/milestone6/PX4/message_request_sweep.json,Baseline proves only this default SITL profile. Request-window matches may be conditional and are not causal when the message already streamed by default.
PX4-M6-MC-SIHSIM-QUADX-I42-20260718,PX4,multicopter,px4_sitl_default sihsim_quadx internal headless SIH instance 42,114,HIL_OPTICAL_FLOW,baseline/px4/src/modules/mavlink/mavlink/message_definitions/v1.0/common.xml,development.xml|uAvionix.xml,STATIC_REFERENCE_FOUND,0,4,0,0,0,0,,,True,MAV_RESULT_DENIED,0,ACK_MAV_RESULT_DENIED,REQUEST_ACK_DENIED,benchmark/extraction_runs/milestone6/PX4/message_inventory.json,benchmark/extraction_runs/milestone6/PX4/message_request_sweep.json,Baseline proves only this default SITL profile. Request-window matches may be conditional and are not causal when the message already streamed by default.
PX4-M6-MC-SIHSIM-QUADX-I42-20260718,PX4,multicopter,px4_sitl_default sihsim_quadx internal headless SIH instance 42,115,HIL_STATE_QUATERNION,baseline/px4/src/modules/mavlink/mavlink/message_definitions/v1.0/common.xml,development.xml|uAvionix.xml,STATIC_REFERENCE_FOUND,2,4,0,0,1,1,8179207530924,8179207530924,True,MAV_RESULT_ACCEPTED,1,ACK_ACCEPTED_AND_MATCHING_ID_OBSERVED,REQUEST_WINDOW_MESSAGE_OBSERVED,benchmark/extraction_runs/milestone6/PX4/message_inventory.json,benchmark/extraction_runs/milestone6/PX4/message_request_sweep.json,Baseline proves only this default SITL profile. Request-window matches may be conditional and are not causal when the message already streamed by default.
PX4-M6-MC-SIHSIM-QUADX-I42-20260718,PX4,multicopter,px4_sitl_default sihsim_quadx internal headless SIH instance 42,116,SCALED_IMU2,baseline/px4/src/modules/mavlink/mavlink/message_definitions/v1.0/common.xml,development.xml|uAvionix.xml,STATIC_REFERENCE_FOUND,2,0,0,0,0,0,,,True,MAV_RESULT_DENIED,0,ACK_MAV_RESULT_DENIED,REQUEST_ACK_DENIED,benchmark/extraction_runs/milestone6/PX4/message_inventory.json,benchmark/extraction_runs/milestone6/PX4/message_request_sweep.json,Baseline proves only this default SITL profile. Request-window matches may be conditional and are not causal when the message already streamed by default.
PX4-M6-MC-SIHSIM-QUADX-I42-20260718,PX4,multicopter,px4_sitl_default sihsim_quadx internal headless SIH instance 42,117,LOG_REQUEST_LIST,baseline/px4/src/modules/mavlink/mavlink/message_definitions/v1.0/common.xml,development.xml|uAvionix.xml,STATIC_REFERENCE_FOUND,0,2,0,0,0,0,,,True,MAV_RESULT_DENIED,0,ACK_MAV_RESULT_DENIED,REQUEST_ACK_DENIED,benchmark/extraction_runs/milestone6/PX4/message_inventory.json,benchmark/extraction_runs/milestone6/PX4/message_request_sweep.json,Baseline proves only this default SITL profile. Request-window matches may be conditional and are not causal when the message already streamed by default.
PX4-M6-MC-SIHSIM-QUADX-I42-20260718,PX4,multicopter,px4_sitl_default sihsim_quadx internal headless SIH instance 42,118,LOG_ENTRY,baseline/px4/src/modules/mavlink/mavlink/message_definitions/v1.0/common.xml,development.xml|uAvionix.xml,STATIC_REFERENCE_FOUND,1,0,0,0,0,0,,,True,MAV_RESULT_DENIED,0,ACK_MAV_RESULT_DENIED,REQUEST_ACK_DENIED,benchmark/extraction_runs/milestone6/PX4/message_inventory.json,benchmark/extraction_runs/milestone6/PX4/message_request_sweep.json,Baseline proves only this default SITL profile. Request-window matches may be conditional and are not causal when the message already streamed by default.
PX4-M6-MC-SIHSIM-QUADX-I42-20260718,PX4,multicopter,px4_sitl_default sihsim_quadx internal headless SIH instance 42,119,LOG_REQUEST_DATA,baseline/px4/src/modules/mavlink/mavlink/message_definitions/v1.0/common.xml,development.xml|uAvionix.xml,STATIC_REFERENCE_FOUND,0,2,0,0,0,0,,,True,MAV_RESULT_DENIED,0,ACK_MAV_RESULT_DENIED,REQUEST_ACK_DENIED,benchmark/extraction_runs/milestone6/PX4/message_inventory.json,benchmark/extraction_runs/milestone6/PX4/message_request_sweep.json,Baseline proves only this default SITL profile. Request-window matches may be conditional and are not causal when the message already streamed by default.
PX4-M6-MC-SIHSIM-QUADX-I42-20260718,PX4,multicopter,px4_sitl_default sihsim_quadx internal headless SIH instance 42,120,LOG_DATA,baseline/px4/src/modules/mavlink/mavlink/message_definitions/v1.0/common.xml,development.xml|uAvionix.xml,STATIC_REFERENCE_FOUND,1,0,0,0,0,0,,,True,MAV_RESULT_DENIED,0,ACK_MAV_RESULT_DENIED,REQUEST_ACK_DENIED,benchmark/extraction_runs/milestone6/PX4/message_inventory.json,benchmark/extraction_runs/milestone6/PX4/message_request_sweep.json,Baseline proves only this default SITL profile. Request-window matches may be conditional and are not causal when the message already streamed by default.
PX4-M6-MC-SIHSIM-QUADX-I42-20260718,PX4,multicopter,px4_sitl_default sihsim_quadx internal headless SIH instance 42,121,LOG_ERASE,baseline/px4/src/modules/mavlink/mavlink/message_definitions/v1.0/common.xml,development.xml|uAvionix.xml,STATIC_REFERENCE_FOUND,0,1,0,0,0,0,,,True,MAV_RESULT_DENIED,0,ACK_MAV_RESULT_DENIED,REQUEST_ACK_DENIED,benchmark/extraction_runs/milestone6/PX4/message_inventory.json,benchmark/extraction_runs/milestone6/PX4/message_request_sweep.json,Baseline proves only this default SITL profile. Request-window matches may be conditional and are not causal when the message already streamed by default.
PX4-M6-MC-SIHSIM-QUADX-I42-20260718,PX4,multicopter,px4_sitl_default sihsim_quadx internal headless SIH instance 42,122,LOG_REQUEST_END,baseline/px4/src/modules/mavlink/mavlink/message_definitions/v1.0/common.xml,development.xml|uAvionix.xml,STATIC_REFERENCE_FOUND,0,1,0,0,0,0,,,True,MAV_RESULT_DENIED,0,ACK_MAV_RESULT_DENIED,REQUEST_ACK_DENIED,benchmark/extraction_runs/milestone6/PX4/message_inventory.json,benchmark/extraction_runs/milestone6/PX4/message_request_sweep.json,Baseline proves only this default SITL profile. Request-window matches may be conditional and are not causal when the message already streamed by default.
PX4-M6-MC-SIHSIM-QUADX-I42-20260718,PX4,multicopter,px4_sitl_default sihsim_quadx internal headless SIH instance 42,123,GPS_INJECT_DATA,baseline/px4/src/modules/mavlink/mavlink/message_definitions/v1.0/common.xml,development.xml|uAvionix.xml,NO_REFERENCE_FOUND_BY_HEURISTIC_SCAN,0,0,0,0,0,0,,,True,MAV_RESULT_DENIED,0,ACK_MAV_RESULT_DENIED,REQUEST_ACK_DENIED,benchmark/extraction_runs/milestone6/PX4/message_inventory.json,benchmark/extraction_runs/milestone6/PX4/message_request_sweep.json,Baseline proves only this default SITL profile. Request-window matches may be conditional and are not causal when the message already streamed by default.
PX4-M6-MC-SIHSIM-QUADX-I42-20260718,PX4,multicopter,px4_sitl_default sihsim_quadx internal headless SIH instance 42,124,GPS2_RAW,baseline/px4/src/modules/mavlink/mavlink/message_definitions/v1.0/common.xml,development.xml|uAvionix.xml,STATIC_REFERENCE_FOUND,3,0,0,0,0,0,,,True,MAV_RESULT_DENIED,0,ACK_MAV_RESULT_DENIED,REQUEST_ACK_DENIED,benchmark/extraction_runs/milestone6/PX4/message_inventory.json,benchmark/extraction_runs/milestone6/PX4/message_request_sweep.json,Baseline proves only this default SITL profile. Request-window matches may be conditional and are not causal when the message already streamed by default.
PX4-M6-MC-SIHSIM-QUADX-I42-20260718,PX4,multicopter,px4_sitl_default sihsim_quadx internal headless SIH instance 42,125,POWER_STATUS,baseline/px4/src/modules/mavlink/mavlink/message_definitions/v1.0/common.xml,development.xml|uAvionix.xml,NO_REFERENCE_FOUND_BY_HEURISTIC_SCAN,0,0,0,0,0,0,,,True,MAV_RESULT_DENIED,0,ACK_MAV_RESULT_DENIED,REQUEST_ACK_DENIED,benchmark/extraction_runs/milestone6/PX4/message_inventory.json,benchmark/extraction_runs/milestone6/PX4/message_request_sweep.json,Baseline proves only this default SITL profile. Request-window matches may be conditional and are not causal when the message already streamed by default.
PX4-M6-MC-SIHSIM-QUADX-I42-20260718,PX4,multicopter,px4_sitl_default sihsim_quadx internal headless SIH instance 42,126,SERIAL_CONTROL,baseline/px4/src/modules/mavlink/mavlink/message_definitions/v1.0/common.xml,development.xml|uAvionix.xml,STATIC_REFERENCE_FOUND,1,2,0,0,0,0,,,True,MAV_RESULT_DENIED,0,ACK_MAV_RESULT_DENIED,REQUEST_ACK_DENIED,benchmark/extraction_runs/milestone6/PX4/message_inventory.json,benchmark/extraction_runs/milestone6/PX4/message_request_sweep.json,Baseline proves only this default SITL profile. Request-window matches may be conditional and are not causal when the message already streamed by default.
PX4-M6-MC-SIHSIM-QUADX-I42-20260718,PX4,multicopter,px4_sitl_default sihsim_quadx internal headless SIH instance 42,127,GPS_RTK,baseline/px4/src/modules/mavlink/mavlink/message_definitions/v1.0/common.xml,development.xml|uAvionix.xml,NO_REFERENCE_FOUND_BY_HEURISTIC_SCAN,0,0,0,0,0,0,,,True,MAV_RESULT_DENIED,0,ACK_MAV_RESULT_DENIED,REQUEST_ACK_DENIED,benchmark/extraction_runs/milestone6/PX4/message_inventory.json,benchmark/extraction_runs/milestone6/PX4/message_request_sweep.json,Baseline proves only this default SITL profile. Request-window matches may be conditional and are not causal when the message already streamed by default.
PX4-M6-MC-SIHSIM-QUADX-I42-20260718,PX4,multicopter,px4_sitl_default sihsim_quadx internal headless SIH instance 42,128,GPS2_RTK,baseline/px4/src/modules/mavlink/mavlink/message_definitions/v1.0/common.xml,development.xml|uAvionix.xml,NO_REFERENCE_FOUND_BY_HEURISTIC_SCAN,0,0,0,0,0,0,,,True,MAV_RESULT_DENIED,0,ACK_MAV_RESULT_DENIED,REQUEST_ACK_DENIED,benchmark/extraction_runs/milestone6/PX4/message_inventory.json,benchmark/extraction_runs/milestone6/PX4/message_request_sweep.json,Baseline proves only this default SITL profile. Request-window matches may be conditional and are not causal when the message already streamed by default.
PX4-M6-MC-SIHSIM-QUADX-I42-20260718,PX4,multicopter,px4_sitl_default sihsim_quadx internal headless SIH instance 42,129,SCALED_IMU3,baseline/px4/src/modules/mavlink/mavlink/message_definitions/v1.0/common.xml,development.xml|uAvionix.xml,STATIC_REFERENCE_FOUND,2,0,0,0,0,0,,,True,MAV_RESULT_DENIED,0,ACK_MAV_RESULT_DENIED,REQUEST_ACK_DENIED,benchmark/extraction_runs/milestone6/PX4/message_inventory.json,benchmark/extraction_runs/milestone6/PX4/message_request_sweep.json,Baseline proves only this default SITL profile. Request-window matches may be conditional and are not causal when the message already streamed by default.
PX4-M6-MC-SIHSIM-QUADX-I42-20260718,PX4,multicopter,px4_sitl_default sihsim_quadx internal headless SIH instance 42,130,DATA_TRANSMISSION_HANDSHAKE,baseline/px4/src/modules/mavlink/mavlink/message_definitions/v1.0/common.xml,development.xml|uAvionix.xml,NO_REFERENCE_FOUND_BY_HEURISTIC_SCAN,0,0,0,0,0,0,,,True,MAV_RESULT_DENIED,0,ACK_MAV_RESULT_DENIED,REQUEST_ACK_DENIED,benchmark/extraction_runs/milestone6/PX4/message_inventory.json,benchmark/extraction_runs/milestone6/PX4/message_request_sweep.json,Baseline proves only this default SITL profile. Request-window matches may be conditional and are not causal when the message already streamed by default.
PX4-M6-MC-SIHSIM-QUADX-I42-20260718,PX4,multicopter,px4_sitl_default sihsim_quadx internal headless SIH instance 42,131,ENCAPSULATED_DATA,baseline/px4/src/modules/mavlink/mavlink/message_definitions/v1.0/common.xml,development.xml|uAvionix.xml,NO_REFERENCE_FOUND_BY_HEURISTIC_SCAN,0,0,0,0,0,0,,,True,MAV_RESULT_DENIED,0,ACK_MAV_RESULT_DENIED,REQUEST_ACK_DENIED,benchmark/extraction_runs/milestone6/PX4/message_inventory.json,benchmark/extraction_runs/milestone6/PX4/message_request_sweep.json,Baseline proves only this default SITL profile. Request-window matches may be conditional and are not causal when the message already streamed by default.
PX4-M6-MC-SIHSIM-QUADX-I42-20260718,PX4,multicopter,px4_sitl_default sihsim_quadx internal headless SIH instance 42,132,DISTANCE_SENSOR,baseline/px4/src/modules/mavlink/mavlink/message_definitions/v1.0/common.xml,development.xml|uAvionix.xml,STATIC_REFERENCE_FOUND,2,4,6,8,5,19,8148675468251,8183099004383,True,MAV_RESULT_ACCEPTED,1,ACK_ACCEPTED_AND_MATCHING_ID_OBSERVED,DEFAULT_STREAM_OBSERVED,benchmark/extraction_runs/milestone6/PX4/message_inventory.json,benchmark/extraction_runs/milestone6/PX4/message_request_sweep.json,Baseline proves only this default SITL profile. Request-window matches may be conditional and are not causal when the message already streamed by default.
PX4-M6-MC-SIHSIM-QUADX-I42-20260718,PX4,multicopter,px4_sitl_default sihsim_quadx internal headless SIH instance 42,133,TERRAIN_REQUEST,baseline/px4/src/modules/mavlink/mavlink/message_definitions/v1.0/common.xml,development.xml|uAvionix.xml,NO_REFERENCE_FOUND_BY_HEURISTIC_SCAN,0,0,0,0,0,0,,,True,MAV_RESULT_DENIED,0,ACK_MAV_RESULT_DENIED,REQUEST_ACK_DENIED,benchmark/extraction_runs/milestone6/PX4/message_inventory.json,benchmark/extraction_runs/milestone6/PX4/message_request_sweep.json,Baseline proves only this default SITL profile. Request-window matches may be conditional and are not causal when the message already streamed by default.
PX4-M6-MC-SIHSIM-QUADX-I42-20260718,PX4,multicopter,px4_sitl_default sihsim_quadx internal headless SIH instance 42,134,TERRAIN_DATA,baseline/px4/src/modules/mavlink/mavlink/message_definitions/v1.0/common.xml,development.xml|uAvionix.xml,NO_REFERENCE_FOUND_BY_HEURISTIC_SCAN,0,0,0,0,0,0,,,True,MAV_RESULT_DENIED,0,ACK_MAV_RESULT_DENIED,REQUEST_ACK_DENIED,benchmark/extraction_runs/milestone6/PX4/message_inventory.json,benchmark/extraction_runs/milestone6/PX4/message_request_sweep.json,Baseline proves only this default SITL profile. Request-window matches may be conditional and are not causal when the message already streamed by default.
PX4-M6-MC-SIHSIM-QUADX-I42-20260718,PX4,multicopter,px4_sitl_default sihsim_quadx internal headless SIH instance 42,135,TERRAIN_CHECK,baseline/px4/src/modules/mavlink/mavlink/message_definitions/v1.0/common.xml,development.xml|uAvionix.xml,NO_REFERENCE_FOUND_BY_HEURISTIC_SCAN,0,0,0,0,0,0,,,True,MAV_RESULT_DENIED,0,ACK_MAV_RESULT_DENIED,REQUEST_ACK_DENIED,benchmark/extraction_runs/milestone6/PX4/message_inventory.json,benchmark/extraction_runs/milestone6/PX4/message_request_sweep.json,Baseline proves only this default SITL profile. Request-window matches may be conditional and are not causal when the message already streamed by default.
PX4-M6-MC-SIHSIM-QUADX-I42-20260718,PX4,multicopter,px4_sitl_default sihsim_quadx internal headless SIH instance 42,136,TERRAIN_REPORT,baseline/px4/src/modules/mavlink/mavlink/message_definitions/v1.0/common.xml,development.xml|uAvionix.xml,NO_REFERENCE_FOUND_BY_HEURISTIC_SCAN,0,0,0,0,0,0,,,True,MAV_RESULT_DENIED,0,ACK_MAV_RESULT_DENIED,REQUEST_ACK_DENIED,benchmark/extraction_runs/milestone6/PX4/message_inventory.json,benchmark/extraction_runs/milestone6/PX4/message_request_sweep.json,Baseline proves only this default SITL profile. Request-window matches may be conditional and are not causal when the message already streamed by default.
PX4-M6-MC-SIHSIM-QUADX-I42-20260718,PX4,multicopter,px4_sitl_default sihsim_quadx internal headless SIH instance 42,137,SCALED_PRESSURE2,baseline/px4/src/modules/mavlink/mavlink/message_definitions/v1.0/common.xml,development.xml|uAvionix.xml,STATIC_REFERENCE_FOUND,2,0,0,0,0,0,,,True,MAV_RESULT_DENIED,0,ACK_MAV_RESULT_DENIED,REQUEST_ACK_DENIED,benchmark/extraction_runs/milestone6/PX4/message_inventory.json,benchmark/extraction_runs/milestone6/PX4/message_request_sweep.json,Baseline proves only this default SITL profile. Request-window matches may be conditional and are not causal when the message already streamed by default.
PX4-M6-MC-SIHSIM-QUADX-I42-20260718,PX4,multicopter,px4_sitl_default sihsim_quadx internal headless SIH instance 42,138,ATT_POS_MOCAP,baseline/px4/src/modules/mavlink/mavlink/message_definitions/v1.0/common.xml,development.xml|uAvionix.xml,STATIC_REFERENCE_FOUND,0,2,0,0,0,0,,,True,MAV_RESULT_DENIED,0,ACK_MAV_RESULT_DENIED,REQUEST_ACK_DENIED,benchmark/extraction_runs/milestone6/PX4/message_inventory.json,benchmark/extraction_runs/milestone6/PX4/message_request_sweep.json,Baseline proves only this default SITL profile. Request-window matches may be conditional and are not causal when the message already streamed by default.
PX4-M6-MC-SIHSIM-QUADX-I42-20260718,PX4,multicopter,px4_sitl_default sihsim_quadx internal headless SIH instance 42,139,SET_ACTUATOR_CONTROL_TARGET,baseline/px4/src/modules/mavlink/mavlink/message_definitions/v1.0/common.xml,development.xml|uAvionix.xml,NO_REFERENCE_FOUND_BY_HEURISTIC_SCAN,0,0,0,0,0,0,,,True,MAV_RESULT_DENIED,0,ACK_MAV_RESULT_DENIED,REQUEST_ACK_DENIED,benchmark/extraction_runs/milestone6/PX4/message_inventory.json,benchmark/extraction_runs/milestone6/PX4/message_request_sweep.json,Baseline proves only this default SITL profile. Request-window matches may be conditional and are not causal when the message already streamed by default.
PX4-M6-MC-SIHSIM-QUADX-I42-20260718,PX4,multicopter,px4_sitl_default sihsim_quadx internal headless SIH instance 42,140,ACTUATOR_CONTROL_TARGET,baseline/px4/src/modules/mavlink/mavlink/message_definitions/v1.0/common.xml,development.xml|uAvionix.xml,NO_REFERENCE_FOUND_BY_HEURISTIC_SCAN,0,0,0,0,0,0,,,True,MAV_RESULT_DENIED,0,ACK_MAV_RESULT_DENIED,REQUEST_ACK_DENIED,benchmark/extraction_runs/milestone6/PX4/message_inventory.json,benchmark/extraction_runs/milestone6/PX4/message_request_sweep.json,Baseline proves only this default SITL profile. Request-window matches may be conditional and are not causal when the message already streamed by default.
PX4-M6-MC-SIHSIM-QUADX-I42-20260718,PX4,multicopter,px4_sitl_default sihsim_quadx internal headless SIH instance 42,141,ALTITUDE,baseline/px4/src/modules/mavlink/mavlink/message_definitions/v1.0/common.xml,development.xml|uAvionix.xml,STATIC_REFERENCE_FOUND,2,0,12,17,9,38,8147663157739,8184109592758,True,MAV_RESULT_ACCEPTED,1,ACK_ACCEPTED_AND_MATCHING_ID_OBSERVED,DEFAULT_STREAM_OBSERVED,benchmark/extraction_runs/milestone6/PX4/message_inventory.json,benchmark/extraction_runs/milestone6/PX4/message_request_sweep.json,Baseline proves only this default SITL profile. Request-window matches may be conditional and are not causal when the message already streamed by default.
PX4-M6-MC-SIHSIM-QUADX-I42-20260718,PX4,multicopter,px4_sitl_default sihsim_quadx internal headless SIH instance 42,142,RESOURCE_REQUEST,baseline/px4/src/modules/mavlink/mavlink/message_definitions/v1.0/common.xml,development.xml|uAvionix.xml,NO_REFERENCE_FOUND_BY_HEURISTIC_SCAN,0,0,0,0,0,0,,,True,MAV_RESULT_DENIED,0,ACK_MAV_RESULT_DENIED,REQUEST_ACK_DENIED,benchmark/extraction_runs/milestone6/PX4/message_inventory.json,benchmark/extraction_runs/milestone6/PX4/message_request_sweep.json,Baseline proves only this default SITL profile. Request-window matches may be conditional and are not causal when the message already streamed by default.
PX4-M6-MC-SIHSIM-QUADX-I42-20260718,PX4,multicopter,px4_sitl_default sihsim_quadx internal headless SIH instance 42,143,SCALED_PRESSURE3,baseline/px4/src/modules/mavlink/mavlink/message_definitions/v1.0/common.xml,development.xml|uAvionix.xml,STATIC_REFERENCE_FOUND,2,0,0,0,0,0,,,True,MAV_RESULT_DENIED,0,ACK_MAV_RESULT_DENIED,REQUEST_ACK_DENIED,benchmark/extraction_runs/milestone6/PX4/message_inventory.json,benchmark/extraction_runs/milestone6/PX4/message_request_sweep.json,Baseline proves only this default SITL profile. Request-window matches may be conditional and are not causal when the message already streamed by default.
PX4-M6-MC-SIHSIM-QUADX-I42-20260718,PX4,multicopter,px4_sitl_default sihsim_quadx internal headless SIH instance 42,144,FOLLOW_TARGET,baseline/px4/src/modules/mavlink/mavlink/message_definitions/v1.0/common.xml,development.xml|uAvionix.xml,STATIC_REFERENCE_FOUND,0,2,0,0,0,0,,,True,MAV_RESULT_DENIED,0,ACK_MAV_RESULT_DENIED,REQUEST_ACK_DENIED,benchmark/extraction_runs/milestone6/PX4/message_inventory.json,benchmark/extraction_runs/milestone6/PX4/message_request_sweep.json,Baseline proves only this default SITL profile. Request-window matches may be conditional and are not causal when the message already streamed by default.
PX4-M6-MC-SIHSIM-QUADX-I42-20260718,PX4,multicopter,px4_sitl_default sihsim_quadx internal headless SIH instance 42,146,CONTROL_SYSTEM_STATE,baseline/px4/src/modules/mavlink/mavlink/message_definitions/v1.0/common.xml,development.xml|uAvionix.xml,NO_REFERENCE_FOUND_BY_HEURISTIC_SCAN,0,0,0,0,0,0,,,True,MAV_RESULT_DENIED,0,ACK_MAV_RESULT_DENIED,REQUEST_ACK_DENIED,benchmark/extraction_runs/milestone6/PX4/message_inventory.json,benchmark/extraction_runs/milestone6/PX4/message_request_sweep.json,Baseline proves only this default SITL profile. Request-window matches may be conditional and are not causal when the message already streamed by default.
PX4-M6-MC-SIHSIM-QUADX-I42-20260718,PX4,multicopter,px4_sitl_default sihsim_quadx internal headless SIH instance 42,147,BATTERY_STATUS,baseline/px4/src/modules/mavlink/mavlink/message_definitions/v1.0/common.xml,development.xml|uAvionix.xml,STATIC_REFERENCE_FOUND,2,2,6,8,5,19,8148675289015,8183098847491,True,MAV_RESULT_ACCEPTED,1,ACK_ACCEPTED_AND_MATCHING_ID_OBSERVED,DEFAULT_STREAM_OBSERVED,benchmark/extraction_runs/milestone6/PX4/message_inventory.json,benchmark/extraction_runs/milestone6/PX4/message_request_sweep.json,Baseline proves only this default SITL profile. Request-window matches may be conditional and are not causal when the message already streamed by default.
PX4-M6-MC-SIHSIM-QUADX-I42-20260718,PX4,multicopter,px4_sitl_default sihsim_quadx internal headless SIH instance 42,148,AUTOPILOT_VERSION,baseline/px4/src/modules/mavlink/mavlink/message_definitions/v1.0/standard.xml,development.xml|uAvionix.xml,STATIC_REFERENCE_FOUND,2,1,0,0,1,1,8180252011438,8180252011438,True,MAV_RESULT_ACCEPTED,1,ACK_ACCEPTED_AND_MATCHING_ID_OBSERVED,REQUEST_WINDOW_MESSAGE_OBSERVED,benchmark/extraction_runs/milestone6/PX4/message_inventory.json,benchmark/extraction_runs/milestone6/PX4/message_request_sweep.json,Baseline proves only this default SITL profile. Request-window matches may be conditional and are not causal when the message already streamed by default.
PX4-M6-MC-SIHSIM-QUADX-I42-20260718,PX4,multicopter,px4_sitl_default sihsim_quadx internal headless SIH instance 42,149,LANDING_TARGET,baseline/px4/src/modules/mavlink/mavlink/message_definitions/v1.0/common.xml,development.xml|uAvionix.xml,STATIC_REFERENCE_FOUND,2,4,0,0,0,0,,,True,MAV_RESULT_DENIED,0,ACK_MAV_RESULT_DENIED,REQUEST_ACK_DENIED,benchmark/extraction_runs/milestone6/PX4/message_inventory.json,benchmark/extraction_runs/milestone6/PX4/message_request_sweep.json,Baseline proves only this default SITL profile. Request-window matches may be conditional and are not causal when the message already streamed by default.
PX4-M6-MC-SIHSIM-QUADX-I42-20260718,PX4,multicopter,px4_sitl_default sihsim_quadx internal headless SIH instance 42,162,FENCE_STATUS,baseline/px4/src/modules/mavlink/mavlink/message_definitions/v1.0/common.xml,development.xml|uAvionix.xml,NO_REFERENCE_FOUND_BY_HEURISTIC_SCAN,0,0,0,0,0,0,,,True,MAV_RESULT_DENIED,0,ACK_MAV_RESULT_DENIED,REQUEST_ACK_DENIED,benchmark/extraction_runs/milestone6/PX4/message_inventory.json,benchmark/extraction_runs/milestone6/PX4/message_request_sweep.json,Baseline proves only this default SITL profile. Request-window matches may be conditional and are not causal when the message already streamed by default.
PX4-M6-MC-SIHSIM-QUADX-I42-20260718,PX4,multicopter,px4_sitl_default sihsim_quadx internal headless SIH instance 42,192,MAG_CAL_REPORT,baseline/px4/src/modules/mavlink/mavlink/message_definitions/v1.0/common.xml,development.xml|uAvionix.xml,STATIC_REFERENCE_FOUND,2,0,0,0,1,1,8180334667116,8180334667116,True,MAV_RESULT_ACCEPTED,1,ACK_ACCEPTED_AND_MATCHING_ID_OBSERVED,REQUEST_WINDOW_MESSAGE_OBSERVED,benchmark/extraction_runs/milestone6/PX4/message_inventory.json,benchmark/extraction_runs/milestone6/PX4/message_request_sweep.json,Baseline proves only this default SITL profile. Request-window matches may be conditional and are not causal when the message already streamed by default.
PX4-M6-MC-SIHSIM-QUADX-I42-20260718,PX4,multicopter,px4_sitl_default sihsim_quadx internal headless SIH instance 42,225,EFI_STATUS,baseline/px4/src/modules/mavlink/mavlink/message_definitions/v1.0/common.xml,development.xml|uAvionix.xml,STATIC_REFERENCE_FOUND,3,0,0,0,0,0,,,True,MAV_RESULT_DENIED,0,ACK_MAV_RESULT_DENIED,REQUEST_ACK_DENIED,benchmark/extraction_runs/milestone6/PX4/message_inventory.json,benchmark/extraction_runs/milestone6/PX4/message_request_sweep.json,Baseline proves only this default SITL profile. Request-window matches may be conditional and are not causal when the message already streamed by default.
PX4-M6-MC-SIHSIM-QUADX-I42-20260718,PX4,multicopter,px4_sitl_default sihsim_quadx internal headless SIH instance 42,230,ESTIMATOR_STATUS,baseline/px4/src/modules/mavlink/mavlink/message_definitions/v1.0/common.xml,development.xml|uAvionix.xml,STATIC_REFERENCE_FOUND,2,0,6,8,5,19,8148675585287,8183099050337,True,MAV_RESULT_ACCEPTED,1,ACK_ACCEPTED_AND_MATCHING_ID_OBSERVED,DEFAULT_STREAM_OBSERVED,benchmark/extraction_runs/milestone6/PX4/message_inventory.json,benchmark/extraction_runs/milestone6/PX4/message_request_sweep.json,Baseline proves only this default SITL profile. Request-window matches may be conditional and are not causal when the message already streamed by default.
PX4-M6-MC-SIHSIM-QUADX-I42-20260718,PX4,multicopter,px4_sitl_default sihsim_quadx internal headless SIH instance 42,231,WIND_COV,baseline/px4/src/modules/mavlink/mavlink/message_definitions/v1.0/common.xml,development.xml|uAvionix.xml,STATIC_REFERENCE_FOUND,2,0,0,0,0,0,,,True,MAV_RESULT_DENIED,0,ACK_MAV_RESULT_DENIED,REQUEST_ACK_DENIED,benchmark/extraction_runs/milestone6/PX4/message_inventory.json,benchmark/extraction_runs/milestone6/PX4/message_request_sweep.json,Baseline proves only this default SITL profile. Request-window matches may be conditional and are not causal when the message already streamed by default.
PX4-M6-MC-SIHSIM-QUADX-I42-20260718,PX4,multicopter,px4_sitl_default sihsim_quadx internal headless SIH instance 42,232,GPS_INPUT,baseline/px4/src/modules/mavlink/mavlink/message_definitions/v1.0/common.xml,development.xml|uAvionix.xml,NO_REFERENCE_FOUND_BY_HEURISTIC_SCAN,0,0,0,0,0,0,,,True,MAV_RESULT_DENIED,0,ACK_MAV_RESULT_DENIED,REQUEST_ACK_DENIED,benchmark/extraction_runs/milestone6/PX4/message_inventory.json,benchmark/extraction_runs/milestone6/PX4/message_request_sweep.json,Baseline proves only this default SITL profile. Request-window matches may be conditional and are not causal when the message already streamed by default.
PX4-M6-MC-SIHSIM-QUADX-I42-20260718,PX4,multicopter,px4_sitl_default sihsim_quadx internal headless SIH instance 42,233,GPS_RTCM_DATA,baseline/px4/src/modules/mavlink/mavlink/message_definitions/v1.0/common.xml,development.xml|uAvionix.xml,STATIC_REFERENCE_FOUND,2,2,0,0,0,0,,,True,MAV_RESULT_DENIED,0,ACK_MAV_RESULT_DENIED,REQUEST_ACK_DENIED,benchmark/extraction_runs/milestone6/PX4/message_inventory.json,benchmark/extraction_runs/milestone6/PX4/message_request_sweep.json,Baseline proves only this default SITL profile. Request-window matches may be conditional and are not causal when the message already streamed by default.
PX4-M6-MC-SIHSIM-QUADX-I42-20260718,PX4,multicopter,px4_sitl_default sihsim_quadx internal headless SIH instance 42,234,HIGH_LATENCY,baseline/px4/src/modules/mavlink/mavlink/message_definitions/v1.0/common.xml,development.xml|uAvionix.xml,NO_REFERENCE_FOUND_BY_HEURISTIC_SCAN,0,0,0,0,0,0,,,True,MAV_RESULT_DENIED,0,ACK_MAV_RESULT_DENIED,REQUEST_ACK_DENIED,benchmark/extraction_runs/milestone6/PX4/message_inventory.json,benchmark/extraction_runs/milestone6/PX4/message_request_sweep.json,Baseline proves only this default SITL profile. Request-window matches may be conditional and are not causal when the message already streamed by default.
PX4-M6-MC-SIHSIM-QUADX-I42-20260718,PX4,multicopter,px4_sitl_default sihsim_quadx internal headless SIH instance 42,235,HIGH_LATENCY2,baseline/px4/src/modules/mavlink/mavlink/message_definitions/v1.0/common.xml,development.xml|uAvionix.xml,STATIC_REFERENCE_FOUND,2,0,0,0,2,2,8180531973299,8180535191598,True,MAV_RESULT_ACCEPTED,2,ACK_ACCEPTED_AND_MATCHING_ID_OBSERVED,REQUEST_WINDOW_MESSAGE_OBSERVED,benchmark/extraction_runs/milestone6/PX4/message_inventory.json,benchmark/extraction_runs/milestone6/PX4/message_request_sweep.json,Baseline proves only this default SITL profile. Request-window matches may be conditional and are not causal when the message already streamed by default.
PX4-M6-MC-SIHSIM-QUADX-I42-20260718,PX4,multicopter,px4_sitl_default sihsim_quadx internal headless SIH instance 42,241,VIBRATION,baseline/px4/src/modules/mavlink/mavlink/message_definitions/v1.0/common.xml,development.xml|uAvionix.xml,STATIC_REFERENCE_FOUND,2,0,1,1,2,4,8156777729237,8180538429055,True,MAV_RESULT_ACCEPTED,1,ACK_ACCEPTED_AND_MATCHING_ID_OBSERVED,DEFAULT_STREAM_OBSERVED,benchmark/extraction_runs/milestone6/PX4/message_inventory.json,benchmark/extraction_runs/milestone6/PX4/message_request_sweep.json,Baseline proves only this default SITL profile. Request-window matches may be conditional and are not causal when the message already streamed by default.
PX4-M6-MC-SIHSIM-QUADX-I42-20260718,PX4,multicopter,px4_sitl_default sihsim_quadx internal headless SIH instance 42,242,HOME_POSITION,baseline/px4/src/modules/mavlink/mavlink/message_definitions/v1.0/common.xml,development.xml|uAvionix.xml,STATIC_REFERENCE_FOUND,2,1,6,8,5,19,8148675854199,8183099204629,True,MAV_RESULT_ACCEPTED,1,ACK_ACCEPTED_AND_MATCHING_ID_OBSERVED,DEFAULT_STREAM_OBSERVED,benchmark/extraction_runs/milestone6/PX4/message_inventory.json,benchmark/extraction_runs/milestone6/PX4/message_request_sweep.json,Baseline proves only this default SITL profile. Request-window matches may be conditional and are not causal when the message already streamed by default.
PX4-M6-MC-SIHSIM-QUADX-I42-20260718,PX4,multicopter,px4_sitl_default sihsim_quadx internal headless SIH instance 42,243,SET_HOME_POSITION,baseline/px4/src/modules/mavlink/mavlink/message_definitions/v1.0/common.xml,development.xml|uAvionix.xml,NO_REFERENCE_FOUND_BY_HEURISTIC_SCAN,0,0,0,0,0,0,,,True,MAV_RESULT_DENIED,0,ACK_MAV_RESULT_DENIED,REQUEST_ACK_DENIED,benchmark/extraction_runs/milestone6/PX4/message_inventory.json,benchmark/extraction_runs/milestone6/PX4/message_request_sweep.json,Baseline proves only this default SITL profile. Request-window matches may be conditional and are not causal when the message already streamed by default.
PX4-M6-MC-SIHSIM-QUADX-I42-20260718,PX4,multicopter,px4_sitl_default sihsim_quadx internal headless SIH instance 42,244,MESSAGE_INTERVAL,baseline/px4/src/modules/mavlink/mavlink/message_definitions/v1.0/common.xml,development.xml|uAvionix.xml,STATIC_REFERENCE_FOUND,1,1,0,0,1,1,8180583191058,8180583191058,True,MAV_RESULT_ACCEPTED,1,ACK_ACCEPTED_AND_MATCHING_ID_OBSERVED,REQUEST_WINDOW_MESSAGE_OBSERVED,benchmark/extraction_runs/milestone6/PX4/message_inventory.json,benchmark/extraction_runs/milestone6/PX4/message_request_sweep.json,Baseline proves only this default SITL profile. Request-window matches may be conditional and are not causal when the message already streamed by default.
PX4-M6-MC-SIHSIM-QUADX-I42-20260718,PX4,multicopter,px4_sitl_default sihsim_quadx internal headless SIH instance 42,245,EXTENDED_SYS_STATE,baseline/px4/src/modules/mavlink/mavlink/message_definitions/v1.0/common.xml,development.xml|uAvionix.xml,STATIC_REFERENCE_FOUND,2,0,12,17,9,38,8147663238688,8184109674145,True,MAV_RESULT_ACCEPTED,1,ACK_ACCEPTED_AND_MATCHING_ID_OBSERVED,DEFAULT_STREAM_OBSERVED,benchmark/extraction_runs/milestone6/PX4/message_inventory.json,benchmark/extraction_runs/milestone6/PX4/message_request_sweep.json,Baseline proves only this default SITL profile. Request-window matches may be conditional and are not causal when the message already streamed by default.
PX4-M6-MC-SIHSIM-QUADX-I42-20260718,PX4,multicopter,px4_sitl_default sihsim_quadx internal headless SIH instance 42,246,ADSB_VEHICLE,baseline/px4/src/modules/mavlink/mavlink/message_definitions/v1.0/common.xml,development.xml|uAvionix.xml,STATIC_REFERENCE_FOUND,2,2,0,0,0,0,,,True,MAV_RESULT_DENIED,0,ACK_MAV_RESULT_DENIED,REQUEST_ACK_DENIED,benchmark/extraction_runs/milestone6/PX4/message_inventory.json,benchmark/extraction_runs/milestone6/PX4/message_request_sweep.json,Baseline proves only this default SITL profile. Request-window matches may be conditional and are not causal when the message already streamed by default.
PX4-M6-MC-SIHSIM-QUADX-I42-20260718,PX4,multicopter,px4_sitl_default sihsim_quadx internal headless SIH instance 42,247,COLLISION,baseline/px4/src/modules/mavlink/mavlink/message_definitions/v1.0/common.xml,development.xml|uAvionix.xml,NO_REFERENCE_FOUND_BY_HEURISTIC_SCAN,0,0,0,0,0,0,,,True,MAV_RESULT_DENIED,0,ACK_MAV_RESULT_DENIED,REQUEST_ACK_DENIED,benchmark/extraction_runs/milestone6/PX4/message_inventory.json,benchmark/extraction_runs/milestone6/PX4/message_request_sweep.json,Baseline proves only this default SITL profile. Request-window matches may be conditional and are not causal when the message already streamed by default.
PX4-M6-MC-SIHSIM-QUADX-I42-20260718,PX4,multicopter,px4_sitl_default sihsim_quadx internal headless SIH instance 42,248,V2_EXTENSION,baseline/px4/src/modules/mavlink/mavlink/message_definitions/v1.0/common.xml,development.xml|uAvionix.xml,NO_REFERENCE_FOUND_BY_HEURISTIC_SCAN,0,0,0,0,0,0,,,True,MAV_RESULT_DENIED,0,ACK_MAV_RESULT_DENIED,REQUEST_ACK_DENIED,benchmark/extraction_runs/milestone6/PX4/message_inventory.json,benchmark/extraction_runs/milestone6/PX4/message_request_sweep.json,Baseline proves only this default SITL profile. Request-window matches may be conditional and are not causal when the message already streamed by default.
PX4-M6-MC-SIHSIM-QUADX-I42-20260718,PX4,multicopter,px4_sitl_default sihsim_quadx internal headless SIH instance 42,249,MEMORY_VECT,baseline/px4/src/modules/mavlink/mavlink/message_definitions/v1.0/common.xml,development.xml|uAvionix.xml,NO_REFERENCE_FOUND_BY_HEURISTIC_SCAN,0,0,0,0,0,0,,,True,MAV_RESULT_DENIED,0,ACK_MAV_RESULT_DENIED,REQUEST_ACK_DENIED,benchmark/extraction_runs/milestone6/PX4/message_inventory.json,benchmark/extraction_runs/milestone6/PX4/message_request_sweep.json,Baseline proves only this default SITL profile. Request-window matches may be conditional and are not causal when the message already streamed by default.
PX4-M6-MC-SIHSIM-QUADX-I42-20260718,PX4,multicopter,px4_sitl_default sihsim_quadx internal headless SIH instance 42,250,DEBUG_VECT,baseline/px4/src/modules/mavlink/mavlink/message_definitions/v1.0/common.xml,development.xml|uAvionix.xml,STATIC_REFERENCE_FOUND,2,2,0,0,0,0,,,True,MAV_RESULT_DENIED,0,ACK_MAV_RESULT_DENIED,REQUEST_ACK_DENIED,benchmark/extraction_runs/milestone6/PX4/message_inventory.json,benchmark/extraction_runs/milestone6/PX4/message_request_sweep.json,Baseline proves only this default SITL profile. Request-window matches may be conditional and are not causal when the message already streamed by default.
PX4-M6-MC-SIHSIM-QUADX-I42-20260718,PX4,multicopter,px4_sitl_default sihsim_quadx internal headless SIH instance 42,251,NAMED_VALUE_FLOAT,baseline/px4/src/modules/mavlink/mavlink/message_definitions/v1.0/common.xml,development.xml|uAvionix.xml,STATIC_REFERENCE_FOUND,2,2,0,0,0,0,,,True,MAV_RESULT_DENIED,0,ACK_MAV_RESULT_DENIED,REQUEST_ACK_DENIED,benchmark/extraction_runs/milestone6/PX4/message_inventory.json,benchmark/extraction_runs/milestone6/PX4/message_request_sweep.json,Baseline proves only this default SITL profile. Request-window matches may be conditional and are not causal when the message already streamed by default.
PX4-M6-MC-SIHSIM-QUADX-I42-20260718,PX4,multicopter,px4_sitl_default sihsim_quadx internal headless SIH instance 42,252,NAMED_VALUE_INT,baseline/px4/src/modules/mavlink/mavlink/message_definitions/v1.0/common.xml,development.xml|uAvionix.xml,STATIC_REFERENCE_FOUND,0,2,0,0,0,0,,,True,MAV_RESULT_DENIED,0,ACK_MAV_RESULT_DENIED,REQUEST_ACK_DENIED,benchmark/extraction_runs/milestone6/PX4/message_inventory.json,benchmark/extraction_runs/milestone6/PX4/message_request_sweep.json,Baseline proves only this default SITL profile. Request-window matches may be conditional and are not causal when the message already streamed by default.
PX4-M6-MC-SIHSIM-QUADX-I42-20260718,PX4,multicopter,px4_sitl_default sihsim_quadx internal headless SIH instance 42,253,STATUSTEXT,baseline/px4/src/modules/mavlink/mavlink/message_definitions/v1.0/common.xml,development.xml|uAvionix.xml,STATIC_REFERENCE_FOUND,2,2,1,0,0,1,8149080164419,8149080164419,True,MAV_RESULT_DENIED,0,ACK_MAV_RESULT_DENIED,DEFAULT_STREAM_OBSERVED,benchmark/extraction_runs/milestone6/PX4/message_inventory.json,benchmark/extraction_runs/milestone6/PX4/message_request_sweep.json,Baseline proves only this default SITL profile. Request-window matches may be conditional and are not causal when the message already streamed by default.
PX4-M6-MC-SIHSIM-QUADX-I42-20260718,PX4,multicopter,px4_sitl_default sihsim_quadx internal headless SIH instance 42,254,DEBUG,baseline/px4/src/modules/mavlink/mavlink/message_definitions/v1.0/common.xml,development.xml|uAvionix.xml,STATIC_REFERENCE_FOUND,2,2,0,0,0,0,,,True,MAV_RESULT_DENIED,0,ACK_MAV_RESULT_DENIED,REQUEST_ACK_DENIED,benchmark/extraction_runs/milestone6/PX4/message_inventory.json,benchmark/extraction_runs/milestone6/PX4/message_request_sweep.json,Baseline proves only this default SITL profile. Request-window matches may be conditional and are not causal when the message already streamed by default.
PX4-M6-MC-SIHSIM-QUADX-I42-20260718,PX4,multicopter,px4_sitl_default sihsim_quadx internal headless SIH instance 42,256,SETUP_SIGNING,baseline/px4/src/modules/mavlink/mavlink/message_definitions/v1.0/common.xml,development.xml|uAvionix.xml,NO_REFERENCE_FOUND_BY_HEURISTIC_SCAN,0,0,0,0,0,0,,,True,MAV_RESULT_DENIED,0,ACK_MAV_RESULT_DENIED,REQUEST_ACK_DENIED,benchmark/extraction_runs/milestone6/PX4/message_inventory.json,benchmark/extraction_runs/milestone6/PX4/message_request_sweep.json,Baseline proves only this default SITL profile. Request-window matches may be conditional and are not causal when the message already streamed by default.
PX4-M6-MC-SIHSIM-QUADX-I42-20260718,PX4,multicopter,px4_sitl_default sihsim_quadx internal headless SIH instance 42,257,BUTTON_CHANGE,baseline/px4/src/modules/mavlink/mavlink/message_definitions/v1.0/common.xml,development.xml|uAvionix.xml,NO_REFERENCE_FOUND_BY_HEURISTIC_SCAN,0,0,0,0,0,0,,,True,MAV_RESULT_DENIED,0,ACK_MAV_RESULT_DENIED,REQUEST_ACK_DENIED,benchmark/extraction_runs/milestone6/PX4/message_inventory.json,benchmark/extraction_runs/milestone6/PX4/message_request_sweep.json,Baseline proves only this default SITL profile. Request-window matches may be conditional and are not causal when the message already streamed by default.
PX4-M6-MC-SIHSIM-QUADX-I42-20260718,PX4,multicopter,px4_sitl_default sihsim_quadx internal headless SIH instance 42,258,PLAY_TUNE,baseline/px4/src/modules/mavlink/mavlink/message_definitions/v1.0/common.xml,development.xml|uAvionix.xml,STATIC_REFERENCE_FOUND,0,2,0,0,0,0,,,True,MAV_RESULT_DENIED,0,ACK_MAV_RESULT_DENIED,REQUEST_ACK_DENIED,benchmark/extraction_runs/milestone6/PX4/message_inventory.json,benchmark/extraction_runs/milestone6/PX4/message_request_sweep.json,Baseline proves only this default SITL profile. Request-window matches may be conditional and are not causal when the message already streamed by default.
PX4-M6-MC-SIHSIM-QUADX-I42-20260718,PX4,multicopter,px4_sitl_default sihsim_quadx internal headless SIH instance 42,259,CAMERA_INFORMATION,baseline/px4/src/modules/mavlink/mavlink/message_definitions/v1.0/common.xml,development.xml|uAvionix.xml,NO_REFERENCE_FOUND_BY_HEURISTIC_SCAN,0,0,0,0,0,0,,,True,MAV_RESULT_DENIED,0,ACK_MAV_RESULT_DENIED,REQUEST_ACK_DENIED,benchmark/extraction_runs/milestone6/PX4/message_inventory.json,benchmark/extraction_runs/milestone6/PX4/message_request_sweep.json,Baseline proves only this default SITL profile. Request-window matches may be conditional and are not causal when the message already streamed by default.
PX4-M6-MC-SIHSIM-QUADX-I42-20260718,PX4,multicopter,px4_sitl_default sihsim_quadx internal headless SIH instance 42,260,CAMERA_SETTINGS,baseline/px4/src/modules/mavlink/mavlink/message_definitions/v1.0/common.xml,development.xml|uAvionix.xml,NO_REFERENCE_FOUND_BY_HEURISTIC_SCAN,0,0,0,0,0,0,,,True,MAV_RESULT_DENIED,0,ACK_MAV_RESULT_DENIED,REQUEST_ACK_DENIED,benchmark/extraction_runs/milestone6/PX4/message_inventory.json,benchmark/extraction_runs/milestone6/PX4/message_request_sweep.json,Baseline proves only this default SITL profile. Request-window matches may be conditional and are not causal when the message already streamed by default.
PX4-M6-MC-SIHSIM-QUADX-I42-20260718,PX4,multicopter,px4_sitl_default sihsim_quadx internal headless SIH instance 42,261,STORAGE_INFORMATION,baseline/px4/src/modules/mavlink/mavlink/message_definitions/v1.0/common.xml,development.xml|uAvionix.xml,STATIC_REFERENCE_FOUND,2,1,0,0,1,1,8181096350706,8181096350706,True,MAV_RESULT_ACCEPTED,1,ACK_ACCEPTED_AND_MATCHING_ID_OBSERVED,REQUEST_WINDOW_MESSAGE_OBSERVED,benchmark/extraction_runs/milestone6/PX4/message_inventory.json,benchmark/extraction_runs/milestone6/PX4/message_request_sweep.json,Baseline proves only this default SITL profile. Request-window matches may be conditional and are not causal when the message already streamed by default.
PX4-M6-MC-SIHSIM-QUADX-I42-20260718,PX4,multicopter,px4_sitl_default sihsim_quadx internal headless SIH instance 42,262,CAMERA_CAPTURE_STATUS,baseline/px4/src/modules/mavlink/mavlink/message_definitions/v1.0/common.xml,development.xml|uAvionix.xml,NO_REFERENCE_FOUND_BY_HEURISTIC_SCAN,0,0,0,0,0,0,,,True,MAV_RESULT_DENIED,0,ACK_MAV_RESULT_DENIED,REQUEST_ACK_DENIED,benchmark/extraction_runs/milestone6/PX4/message_inventory.json,benchmark/extraction_runs/milestone6/PX4/message_request_sweep.json,Baseline proves only this default SITL profile. Request-window matches may be conditional and are not causal when the message already streamed by default.
PX4-M6-MC-SIHSIM-QUADX-I42-20260718,PX4,multicopter,px4_sitl_default sihsim_quadx internal headless SIH instance 42,263,CAMERA_IMAGE_CAPTURED,baseline/px4/src/modules/mavlink/mavlink/message_definitions/v1.0/common.xml,development.xml|uAvionix.xml,STATIC_REFERENCE_FOUND,2,0,0,0,0,0,,,True,MAV_RESULT_DENIED,0,ACK_MAV_RESULT_DENIED,REQUEST_ACK_DENIED,benchmark/extraction_runs/milestone6/PX4/message_inventory.json,benchmark/extraction_runs/milestone6/PX4/message_request_sweep.json,Baseline proves only this default SITL profile. Request-window matches may be conditional and are not causal when the message already streamed by default.
PX4-M6-MC-SIHSIM-QUADX-I42-20260718,PX4,multicopter,px4_sitl_default sihsim_quadx internal headless SIH instance 42,264,FLIGHT_INFORMATION,baseline/px4/src/modules/mavlink/mavlink/message_definitions/v1.0/common.xml,development.xml|uAvionix.xml,STATIC_REFERENCE_FOUND,2,1,0,0,1,1,8181178882670,8181178882670,True,MAV_RESULT_ACCEPTED,1,ACK_ACCEPTED_AND_MATCHING_ID_OBSERVED,REQUEST_WINDOW_MESSAGE_OBSERVED,benchmark/extraction_runs/milestone6/PX4/message_inventory.json,benchmark/extraction_runs/milestone6/PX4/message_request_sweep.json,Baseline proves only this default SITL profile. Request-window matches may be conditional and are not causal when the message already streamed by default.
PX4-M6-MC-SIHSIM-QUADX-I42-20260718,PX4,multicopter,px4_sitl_default sihsim_quadx internal headless SIH instance 42,265,MOUNT_ORIENTATION,baseline/px4/src/modules/mavlink/mavlink/message_definitions/v1.0/common.xml,development.xml|uAvionix.xml,STATIC_REFERENCE_FOUND,2,0,0,0,0,0,,,True,MAV_RESULT_DENIED,0,ACK_MAV_RESULT_DENIED,REQUEST_ACK_DENIED,benchmark/extraction_runs/milestone6/PX4/message_inventory.json,benchmark/extraction_runs/milestone6/PX4/message_request_sweep.json,Baseline proves only this default SITL profile. Request-window matches may be conditional and are not causal when the message already streamed by default.
PX4-M6-MC-SIHSIM-QUADX-I42-20260718,PX4,multicopter,px4_sitl_default sihsim_quadx internal headless SIH instance 42,266,LOGGING_DATA,baseline/px4/src/modules/mavlink/mavlink/message_definitions/v1.0/common.xml,development.xml|uAvionix.xml,STATIC_REFERENCE_FOUND,1,0,0,0,0,0,,,True,MAV_RESULT_DENIED,0,ACK_MAV_RESULT_DENIED,REQUEST_ACK_DENIED,benchmark/extraction_runs/milestone6/PX4/message_inventory.json,benchmark/extraction_runs/milestone6/PX4/message_request_sweep.json,Baseline proves only this default SITL profile. Request-window matches may be conditional and are not causal when the message already streamed by default.
PX4-M6-MC-SIHSIM-QUADX-I42-20260718,PX4,multicopter,px4_sitl_default sihsim_quadx internal headless SIH instance 42,267,LOGGING_DATA_ACKED,baseline/px4/src/modules/mavlink/mavlink/message_definitions/v1.0/common.xml,development.xml|uAvionix.xml,STATIC_REFERENCE_FOUND,2,0,0,0,0,0,,,True,MAV_RESULT_DENIED,0,ACK_MAV_RESULT_DENIED,REQUEST_ACK_DENIED,benchmark/extraction_runs/milestone6/PX4/message_inventory.json,benchmark/extraction_runs/milestone6/PX4/message_request_sweep.json,Baseline proves only this default SITL profile. Request-window matches may be conditional and are not causal when the message already streamed by default.
PX4-M6-MC-SIHSIM-QUADX-I42-20260718,PX4,multicopter,px4_sitl_default sihsim_quadx internal headless SIH instance 42,268,LOGGING_ACK,baseline/px4/src/modules/mavlink/mavlink/message_definitions/v1.0/common.xml,development.xml|uAvionix.xml,STATIC_REFERENCE_FOUND,0,2,0,0,0,0,,,True,MAV_RESULT_DENIED,0,ACK_MAV_RESULT_DENIED,REQUEST_ACK_DENIED,benchmark/extraction_runs/milestone6/PX4/message_inventory.json,benchmark/extraction_runs/milestone6/PX4/message_request_sweep.json,Baseline proves only this default SITL profile. Request-window matches may be conditional and are not causal when the message already streamed by default.
PX4-M6-MC-SIHSIM-QUADX-I42-20260718,PX4,multicopter,px4_sitl_default sihsim_quadx internal headless SIH instance 42,269,VIDEO_STREAM_INFORMATION,baseline/px4/src/modules/mavlink/mavlink/message_definitions/v1.0/common.xml,development.xml|uAvionix.xml,NO_REFERENCE_FOUND_BY_HEURISTIC_SCAN,0,0,0,0,0,0,,,True,MAV_RESULT_DENIED,0,ACK_MAV_RESULT_DENIED,REQUEST_ACK_DENIED,benchmark/extraction_runs/milestone6/PX4/message_inventory.json,benchmark/extraction_runs/milestone6/PX4/message_request_sweep.json,Baseline proves only this default SITL profile. Request-window matches may be conditional and are not causal when the message already streamed by default.
PX4-M6-MC-SIHSIM-QUADX-I42-20260718,PX4,multicopter,px4_sitl_default sihsim_quadx internal headless SIH instance 42,270,VIDEO_STREAM_STATUS,baseline/px4/src/modules/mavlink/mavlink/message_definitions/v1.0/common.xml,development.xml|uAvionix.xml,NO_REFERENCE_FOUND_BY_HEURISTIC_SCAN,0,0,0,0,0,0,,,True,MAV_RESULT_DENIED,0,ACK_MAV_RESULT_DENIED,REQUEST_ACK_DENIED,benchmark/extraction_runs/milestone6/PX4/message_inventory.json,benchmark/extraction_runs/milestone6/PX4/message_request_sweep.json,Baseline proves only this default SITL profile. Request-window matches may be conditional and are not causal when the message already streamed by default.
PX4-M6-MC-SIHSIM-QUADX-I42-20260718,PX4,multicopter,px4_sitl_default sihsim_quadx internal headless SIH instance 42,271,CAMERA_FOV_STATUS,baseline/px4/src/modules/mavlink/mavlink/message_definitions/v1.0/common.xml,development.xml|uAvionix.xml,NO_REFERENCE_FOUND_BY_HEURISTIC_SCAN,0,0,0,0,0,0,,,True,MAV_RESULT_DENIED,0,ACK_MAV_RESULT_DENIED,REQUEST_ACK_DENIED,benchmark/extraction_runs/milestone6/PX4/message_inventory.json,benchmark/extraction_runs/milestone6/PX4/message_request_sweep.json,Baseline proves only this default SITL profile. Request-window matches may be conditional and are not causal when the message already streamed by default.
PX4-M6-MC-SIHSIM-QUADX-I42-20260718,PX4,multicopter,px4_sitl_default sihsim_quadx internal headless SIH instance 42,275,CAMERA_TRACKING_IMAGE_STATUS,baseline/px4/src/modules/mavlink/mavlink/message_definitions/v1.0/common.xml,development.xml|uAvionix.xml,NO_REFERENCE_FOUND_BY_HEURISTIC_SCAN,0,0,0,0,0,0,,,True,MAV_RESULT_DENIED,0,ACK_MAV_RESULT_DENIED,REQUEST_ACK_DENIED,benchmark/extraction_runs/milestone6/PX4/message_inventory.json,benchmark/extraction_runs/milestone6/PX4/message_request_sweep.json,Baseline proves only this default SITL profile. Request-window matches may be conditional and are not causal when the message already streamed by default.
PX4-M6-MC-SIHSIM-QUADX-I42-20260718,PX4,multicopter,px4_sitl_default sihsim_quadx internal headless SIH instance 42,276,CAMERA_TRACKING_GEO_STATUS,baseline/px4/src/modules/mavlink/mavlink/message_definitions/v1.0/common.xml,development.xml|uAvionix.xml,NO_REFERENCE_FOUND_BY_HEURISTIC_SCAN,0,0,0,0,0,0,,,True,MAV_RESULT_DENIED,0,ACK_MAV_RESULT_DENIED,REQUEST_ACK_DENIED,benchmark/extraction_runs/milestone6/PX4/message_inventory.json,benchmark/extraction_runs/milestone6/PX4/message_request_sweep.json,Baseline proves only this default SITL profile. Request-window matches may be conditional and are not causal when the message already streamed by default.
PX4-M6-MC-SIHSIM-QUADX-I42-20260718,PX4,multicopter,px4_sitl_default sihsim_quadx internal headless SIH instance 42,277,CAMERA_THERMAL_RANGE,baseline/px4/src/modules/mavlink/mavlink/message_definitions/v1.0/common.xml,development.xml|uAvionix.xml,NO_REFERENCE_FOUND_BY_HEURISTIC_SCAN,0,0,0,0,0,0,,,True,MAV_RESULT_DENIED,0,ACK_MAV_RESULT_DENIED,REQUEST_ACK_DENIED,benchmark/extraction_runs/milestone6/PX4/message_inventory.json,benchmark/extraction_runs/milestone6/PX4/message_request_sweep.json,Baseline proves only this default SITL profile. Request-window matches may be conditional and are not causal when the message already streamed by default.
PX4-M6-MC-SIHSIM-QUADX-I42-20260718,PX4,multicopter,px4_sitl_default sihsim_quadx internal headless SIH instance 42,280,GIMBAL_MANAGER_INFORMATION,baseline/px4/src/modules/mavlink/mavlink/message_definitions/v1.0/common.xml,development.xml|uAvionix.xml,STATIC_REFERENCE_FOUND,2,0,0,0,0,0,,,True,MAV_RESULT_DENIED,0,ACK_MAV_RESULT_DENIED,REQUEST_ACK_DENIED,benchmark/extraction_runs/milestone6/PX4/message_inventory.json,benchmark/extraction_runs/milestone6/PX4/message_request_sweep.json,Baseline proves only this default SITL profile. Request-window matches may be conditional and are not causal when the message already streamed by default.
PX4-M6-MC-SIHSIM-QUADX-I42-20260718,PX4,multicopter,px4_sitl_default sihsim_quadx internal headless SIH instance 42,281,GIMBAL_MANAGER_STATUS,baseline/px4/src/modules/mavlink/mavlink/message_definitions/v1.0/common.xml,development.xml|uAvionix.xml,STATIC_REFERENCE_FOUND,2,0,0,0,0,0,,,True,MAV_RESULT_DENIED,0,ACK_MAV_RESULT_DENIED,REQUEST_ACK_DENIED,benchmark/extraction_runs/milestone6/PX4/message_inventory.json,benchmark/extraction_runs/milestone6/PX4/message_request_sweep.json,Baseline proves only this default SITL profile. Request-window matches may be conditional and are not causal when the message already streamed by default.
PX4-M6-MC-SIHSIM-QUADX-I42-20260718,PX4,multicopter,px4_sitl_default sihsim_quadx internal headless SIH instance 42,282,GIMBAL_MANAGER_SET_ATTITUDE,baseline/px4/src/modules/mavlink/mavlink/message_definitions/v1.0/common.xml,development.xml|uAvionix.xml,STATIC_REFERENCE_FOUND,0,3,0,0,0,0,,,True,MAV_RESULT_DENIED,0,ACK_MAV_RESULT_DENIED,REQUEST_ACK_DENIED,benchmark/extraction_runs/milestone6/PX4/message_inventory.json,benchmark/extraction_runs/milestone6/PX4/message_request_sweep.json,Baseline proves only this default SITL profile. Request-window matches may be conditional and are not causal when the message already streamed by default.
PX4-M6-MC-SIHSIM-QUADX-I42-20260718,PX4,multicopter,px4_sitl_default sihsim_quadx internal headless SIH instance 42,283,GIMBAL_DEVICE_INFORMATION,baseline/px4/src/modules/mavlink/mavlink/message_definitions/v1.0/common.xml,development.xml|uAvionix.xml,STATIC_REFERENCE_FOUND,2,3,0,0,0,0,,,True,MAV_RESULT_DENIED,0,ACK_MAV_RESULT_DENIED,REQUEST_ACK_DENIED,benchmark/extraction_runs/milestone6/PX4/message_inventory.json,benchmark/extraction_runs/milestone6/PX4/message_request_sweep.json,Baseline proves only this default SITL profile. Request-window matches may be conditional and are not causal when the message already streamed by default.
PX4-M6-MC-SIHSIM-QUADX-I42-20260718,PX4,multicopter,px4_sitl_default sihsim_quadx internal headless SIH instance 42,284,GIMBAL_DEVICE_SET_ATTITUDE,baseline/px4/src/modules/mavlink/mavlink/message_definitions/v1.0/common.xml,development.xml|uAvionix.xml,STATIC_REFERENCE_FOUND,2,0,0,0,0,0,,,True,MAV_RESULT_DENIED,0,ACK_MAV_RESULT_DENIED,REQUEST_ACK_DENIED,benchmark/extraction_runs/milestone6/PX4/message_inventory.json,benchmark/extraction_runs/milestone6/PX4/message_request_sweep.json,Baseline proves only this default SITL profile. Request-window matches may be conditional and are not causal when the message already streamed by default.
PX4-M6-MC-SIHSIM-QUADX-I42-20260718,PX4,multicopter,px4_sitl_default sihsim_quadx internal headless SIH instance 42,285,GIMBAL_DEVICE_ATTITUDE_STATUS,baseline/px4/src/modules/mavlink/mavlink/message_definitions/v1.0/common.xml,development.xml|uAvionix.xml,STATIC_REFERENCE_FOUND,2,3,0,0,0,0,,,True,MAV_RESULT_DENIED,0,ACK_MAV_RESULT_DENIED,REQUEST_ACK_DENIED,benchmark/extraction_runs/milestone6/PX4/message_inventory.json,benchmark/extraction_runs/milestone6/PX4/message_request_sweep.json,Baseline proves only this default SITL profile. Request-window matches may be conditional and are not causal when the message already streamed by default.
PX4-M6-MC-SIHSIM-QUADX-I42-20260718,PX4,multicopter,px4_sitl_default sihsim_quadx internal headless SIH instance 42,286,AUTOPILOT_STATE_FOR_GIMBAL_DEVICE,baseline/px4/src/modules/mavlink/mavlink/message_definitions/v1.0/common.xml,development.xml|uAvionix.xml,STATIC_REFERENCE_FOUND,2,0,0,0,1,1,8181774992135,8181774992135,True,MAV_RESULT_ACCEPTED,1,ACK_ACCEPTED_AND_MATCHING_ID_OBSERVED,REQUEST_WINDOW_MESSAGE_OBSERVED,benchmark/extraction_runs/milestone6/PX4/message_inventory.json,benchmark/extraction_runs/milestone6/PX4/message_request_sweep.json,Baseline proves only this default SITL profile. Request-window matches may be conditional and are not causal when the message already streamed by default.
PX4-M6-MC-SIHSIM-QUADX-I42-20260718,PX4,multicopter,px4_sitl_default sihsim_quadx internal headless SIH instance 42,287,GIMBAL_MANAGER_SET_PITCHYAW,baseline/px4/src/modules/mavlink/mavlink/message_definitions/v1.0/common.xml,development.xml|uAvionix.xml,NO_REFERENCE_FOUND_BY_HEURISTIC_SCAN,0,0,0,0,0,0,,,True,MAV_RESULT_DENIED,0,ACK_MAV_RESULT_DENIED,REQUEST_ACK_DENIED,benchmark/extraction_runs/milestone6/PX4/message_inventory.json,benchmark/extraction_runs/milestone6/PX4/message_request_sweep.json,Baseline proves only this default SITL profile. Request-window matches may be conditional and are not causal when the message already streamed by default.
PX4-M6-MC-SIHSIM-QUADX-I42-20260718,PX4,multicopter,px4_sitl_default sihsim_quadx internal headless SIH instance 42,288,GIMBAL_MANAGER_SET_MANUAL_CONTROL,baseline/px4/src/modules/mavlink/mavlink/message_definitions/v1.0/common.xml,development.xml|uAvionix.xml,STATIC_REFERENCE_FOUND,0,3,0,0,0,0,,,True,MAV_RESULT_DENIED,0,ACK_MAV_RESULT_DENIED,REQUEST_ACK_DENIED,benchmark/extraction_runs/milestone6/PX4/message_inventory.json,benchmark/extraction_runs/milestone6/PX4/message_request_sweep.json,Baseline proves only this default SITL profile. Request-window matches may be conditional and are not causal when the message already streamed by default.
PX4-M6-MC-SIHSIM-QUADX-I42-20260718,PX4,multicopter,px4_sitl_default sihsim_quadx internal headless SIH instance 42,290,ESC_INFO,baseline/px4/src/modules/mavlink/mavlink/message_definitions/v1.0/common.xml,development.xml|uAvionix.xml,STATIC_REFERENCE_FOUND,2,0,0,0,0,0,,,True,MAV_RESULT_DENIED,0,ACK_MAV_RESULT_DENIED,REQUEST_ACK_DENIED,benchmark/extraction_runs/milestone6/PX4/message_inventory.json,benchmark/extraction_runs/milestone6/PX4/message_request_sweep.json,Baseline proves only this default SITL profile. Request-window matches may be conditional and are not causal when the message already streamed by default.
PX4-M6-MC-SIHSIM-QUADX-I42-20260718,PX4,multicopter,px4_sitl_default sihsim_quadx internal headless SIH instance 42,291,ESC_STATUS,baseline/px4/src/modules/mavlink/mavlink/message_definitions/v1.0/common.xml,development.xml|uAvionix.xml,STATIC_REFERENCE_FOUND,2,0,0,0,0,0,,,True,MAV_RESULT_DENIED,0,ACK_MAV_RESULT_DENIED,REQUEST_ACK_DENIED,benchmark/extraction_runs/milestone6/PX4/message_inventory.json,benchmark/extraction_runs/milestone6/PX4/message_request_sweep.json,Baseline proves only this default SITL profile. Request-window matches may be conditional and are not causal when the message already streamed by default.
PX4-M6-MC-SIHSIM-QUADX-I42-20260718,PX4,multicopter,px4_sitl_default sihsim_quadx internal headless SIH instance 42,295,AIRSPEED,baseline/px4/src/modules/mavlink/mavlink/message_definitions/v1.0/development.xml,development.xml,NO_REFERENCE_FOUND_BY_HEURISTIC_SCAN,0,0,0,0,0,0,,,True,MAV_RESULT_DENIED,0,ACK_MAV_RESULT_DENIED,REQUEST_ACK_DENIED,benchmark/extraction_runs/milestone6/PX4/message_inventory.json,benchmark/extraction_runs/milestone6/PX4/message_request_sweep.json,Baseline proves only this default SITL profile. Request-window matches may be conditional and are not causal when the message already streamed by default.
PX4-M6-MC-SIHSIM-QUADX-I42-20260718,PX4,multicopter,px4_sitl_default sihsim_quadx internal headless SIH instance 42,296,GLOBAL_POSITION,baseline/px4/src/modules/mavlink/mavlink/message_definitions/v1.0/development.xml,development.xml,STATIC_REFERENCE_FOUND,2,0,0,0,0,0,,,True,MAV_RESULT_DENIED,0,ACK_MAV_RESULT_DENIED,REQUEST_ACK_DENIED,benchmark/extraction_runs/milestone6/PX4/message_inventory.json,benchmark/extraction_runs/milestone6/PX4/message_request_sweep.json,Baseline proves only this default SITL profile. Request-window matches may be conditional and are not causal when the message already streamed by default.
PX4-M6-MC-SIHSIM-QUADX-I42-20260718,PX4,multicopter,px4_sitl_default sihsim_quadx internal headless SIH instance 42,299,WIFI_CONFIG_AP,baseline/px4/src/modules/mavlink/mavlink/message_definitions/v1.0/common.xml,development.xml|uAvionix.xml,NO_REFERENCE_FOUND_BY_HEURISTIC_SCAN,0,0,0,0,0,0,,,True,MAV_RESULT_DENIED,0,ACK_MAV_RESULT_DENIED,REQUEST_ACK_DENIED,benchmark/extraction_runs/milestone6/PX4/message_inventory.json,benchmark/extraction_runs/milestone6/PX4/message_request_sweep.json,Baseline proves only this default SITL profile. Request-window matches may be conditional and are not causal when the message already streamed by default.
PX4-M6-MC-SIHSIM-QUADX-I42-20260718,PX4,multicopter,px4_sitl_default sihsim_quadx internal headless SIH instance 42,300,PROTOCOL_VERSION,baseline/px4/src/modules/mavlink/mavlink/message_definitions/v1.0/minimal.xml,development.xml|uAvionix.xml,STATIC_REFERENCE_FOUND,2,1,0,0,1,1,8182037860896,8182037860896,True,MAV_RESULT_ACCEPTED,1,ACK_ACCEPTED_AND_MATCHING_ID_OBSERVED,REQUEST_WINDOW_MESSAGE_OBSERVED,benchmark/extraction_runs/milestone6/PX4/message_inventory.json,benchmark/extraction_runs/milestone6/PX4/message_request_sweep.json,Baseline proves only this default SITL profile. Request-window matches may be conditional and are not causal when the message already streamed by default.
PX4-M6-MC-SIHSIM-QUADX-I42-20260718,PX4,multicopter,px4_sitl_default sihsim_quadx internal headless SIH instance 42,301,AIS_VESSEL,baseline/px4/src/modules/mavlink/mavlink/message_definitions/v1.0/common.xml,development.xml|uAvionix.xml,NO_REFERENCE_FOUND_BY_HEURISTIC_SCAN,0,0,0,0,0,0,,,True,MAV_RESULT_DENIED,0,ACK_MAV_RESULT_DENIED,REQUEST_ACK_DENIED,benchmark/extraction_runs/milestone6/PX4/message_inventory.json,benchmark/extraction_runs/milestone6/PX4/message_request_sweep.json,Baseline proves only this default SITL profile. Request-window matches may be conditional and are not causal when the message already streamed by default.
PX4-M6-MC-SIHSIM-QUADX-I42-20260718,PX4,multicopter,px4_sitl_default sihsim_quadx internal headless SIH instance 42,310,UAVCAN_NODE_STATUS,baseline/px4/src/modules/mavlink/mavlink/message_definitions/v1.0/common.xml,development.xml|uAvionix.xml,NO_REFERENCE_FOUND_BY_HEURISTIC_SCAN,0,0,0,0,0,0,,,True,MAV_RESULT_DENIED,0,ACK_MAV_RESULT_DENIED,REQUEST_ACK_DENIED,benchmark/extraction_runs/milestone6/PX4/message_inventory.json,benchmark/extraction_runs/milestone6/PX4/message_request_sweep.json,Baseline proves only this default SITL profile. Request-window matches may be conditional and are not causal when the message already streamed by default.
PX4-M6-MC-SIHSIM-QUADX-I42-20260718,PX4,multicopter,px4_sitl_default sihsim_quadx internal headless SIH instance 42,311,UAVCAN_NODE_INFO,baseline/px4/src/modules/mavlink/mavlink/message_definitions/v1.0/common.xml,development.xml|uAvionix.xml,NO_REFERENCE_FOUND_BY_HEURISTIC_SCAN,0,0,0,0,0,0,,,True,MAV_RESULT_DENIED,0,ACK_MAV_RESULT_DENIED,REQUEST_ACK_DENIED,benchmark/extraction_runs/milestone6/PX4/message_inventory.json,benchmark/extraction_runs/milestone6/PX4/message_request_sweep.json,Baseline proves only this default SITL profile. Request-window matches may be conditional and are not causal when the message already streamed by default.
PX4-M6-MC-SIHSIM-QUADX-I42-20260718,PX4,multicopter,px4_sitl_default sihsim_quadx internal headless SIH instance 42,320,PARAM_EXT_REQUEST_READ,baseline/px4/src/modules/mavlink/mavlink/message_definitions/v1.0/common.xml,development.xml|uAvionix.xml,NO_REFERENCE_FOUND_BY_HEURISTIC_SCAN,0,0,0,0,0,0,,,True,MAV_RESULT_DENIED,0,ACK_MAV_RESULT_DENIED,REQUEST_ACK_DENIED,benchmark/extraction_runs/milestone6/PX4/message_inventory.json,benchmark/extraction_runs/milestone6/PX4/message_request_sweep.json,Baseline proves only this default SITL profile. Request-window matches may be conditional and are not causal when the message already streamed by default.
PX4-M6-MC-SIHSIM-QUADX-I42-20260718,PX4,multicopter,px4_sitl_default sihsim_quadx internal headless SIH instance 42,321,PARAM_EXT_REQUEST_LIST,baseline/px4/src/modules/mavlink/mavlink/message_definitions/v1.0/common.xml,development.xml|uAvionix.xml,NO_REFERENCE_FOUND_BY_HEURISTIC_SCAN,0,0,0,0,0,0,,,True,MAV_RESULT_DENIED,0,ACK_MAV_RESULT_DENIED,REQUEST_ACK_DENIED,benchmark/extraction_runs/milestone6/PX4/message_inventory.json,benchmark/extraction_runs/milestone6/PX4/message_request_sweep.json,Baseline proves only this default SITL profile. Request-window matches may be conditional and are not causal when the message already streamed by default.
PX4-M6-MC-SIHSIM-QUADX-I42-20260718,PX4,multicopter,px4_sitl_default sihsim_quadx internal headless SIH instance 42,322,PARAM_EXT_VALUE,baseline/px4/src/modules/mavlink/mavlink/message_definitions/v1.0/common.xml,development.xml|uAvionix.xml,NO_REFERENCE_FOUND_BY_HEURISTIC_SCAN,0,0,0,0,0,0,,,True,MAV_RESULT_DENIED,0,ACK_MAV_RESULT_DENIED,REQUEST_ACK_DENIED,benchmark/extraction_runs/milestone6/PX4/message_inventory.json,benchmark/extraction_runs/milestone6/PX4/message_request_sweep.json,Baseline proves only this default SITL profile. Request-window matches may be conditional and are not causal when the message already streamed by default.
PX4-M6-MC-SIHSIM-QUADX-I42-20260718,PX4,multicopter,px4_sitl_default sihsim_quadx internal headless SIH instance 42,323,PARAM_EXT_SET,baseline/px4/src/modules/mavlink/mavlink/message_definitions/v1.0/common.xml,development.xml|uAvionix.xml,NO_REFERENCE_FOUND_BY_HEURISTIC_SCAN,0,0,0,0,0,0,,,True,MAV_RESULT_DENIED,0,ACK_MAV_RESULT_DENIED,REQUEST_ACK_DENIED,benchmark/extraction_runs/milestone6/PX4/message_inventory.json,benchmark/extraction_runs/milestone6/PX4/message_request_sweep.json,Baseline proves only this default SITL profile. Request-window matches may be conditional and are not causal when the message already streamed by default.
PX4-M6-MC-SIHSIM-QUADX-I42-20260718,PX4,multicopter,px4_sitl_default sihsim_quadx internal headless SIH instance 42,324,PARAM_EXT_ACK,baseline/px4/src/modules/mavlink/mavlink/message_definitions/v1.0/common.xml,development.xml|uAvionix.xml,NO_REFERENCE_FOUND_BY_HEURISTIC_SCAN,0,0,0,0,0,0,,,True,MAV_RESULT_DENIED,0,ACK_MAV_RESULT_DENIED,REQUEST_ACK_DENIED,benchmark/extraction_runs/milestone6/PX4/message_inventory.json,benchmark/extraction_runs/milestone6/PX4/message_request_sweep.json,Baseline proves only this default SITL profile. Request-window matches may be conditional and are not causal when the message already streamed by default.
PX4-M6-MC-SIHSIM-QUADX-I42-20260718,PX4,multicopter,px4_sitl_default sihsim_quadx internal headless SIH instance 42,330,OBSTACLE_DISTANCE,baseline/px4/src/modules/mavlink/mavlink/message_definitions/v1.0/common.xml,development.xml|uAvionix.xml,STATIC_REFERENCE_FOUND,2,2,0,0,0,0,,,True,MAV_RESULT_DENIED,0,ACK_MAV_RESULT_DENIED,REQUEST_ACK_DENIED,benchmark/extraction_runs/milestone6/PX4/message_inventory.json,benchmark/extraction_runs/milestone6/PX4/message_request_sweep.json,Baseline proves only this default SITL profile. Request-window matches may be conditional and are not causal when the message already streamed by default.
PX4-M6-MC-SIHSIM-QUADX-I42-20260718,PX4,multicopter,px4_sitl_default sihsim_quadx internal headless SIH instance 42,331,ODOMETRY,baseline/px4/src/modules/mavlink/mavlink/message_definitions/v1.0/common.xml,development.xml|uAvionix.xml,STATIC_REFERENCE_FOUND,2,4,0,0,1,1,8182363996566,8182363996566,True,MAV_RESULT_ACCEPTED,1,ACK_ACCEPTED_AND_MATCHING_ID_OBSERVED,REQUEST_WINDOW_MESSAGE_OBSERVED,benchmark/extraction_runs/milestone6/PX4/message_inventory.json,benchmark/extraction_runs/milestone6/PX4/message_request_sweep.json,Baseline proves only this default SITL profile. Request-window matches may be conditional and are not causal when the message already streamed by default.
PX4-M6-MC-SIHSIM-QUADX-I42-20260718,PX4,multicopter,px4_sitl_default sihsim_quadx internal headless SIH instance 42,332,TRAJECTORY_REPRESENTATION_WAYPOINTS,baseline/px4/src/modules/mavlink/mavlink/message_definitions/v1.0/common.xml,development.xml|uAvionix.xml,NO_REFERENCE_FOUND_BY_HEURISTIC_SCAN,0,0,0,0,0,0,,,True,MAV_RESULT_DENIED,0,ACK_MAV_RESULT_DENIED,REQUEST_ACK_DENIED,benchmark/extraction_runs/milestone6/PX4/message_inventory.json,benchmark/extraction_runs/milestone6/PX4/message_request_sweep.json,Baseline proves only this default SITL profile. Request-window matches may be conditional and are not causal when the message already streamed by default.
PX4-M6-MC-SIHSIM-QUADX-I42-20260718,PX4,multicopter,px4_sitl_default sihsim_quadx internal headless SIH instance 42,333,TRAJECTORY_REPRESENTATION_BEZIER,baseline/px4/src/modules/mavlink/mavlink/message_definitions/v1.0/common.xml,development.xml|uAvionix.xml,NO_REFERENCE_FOUND_BY_HEURISTIC_SCAN,0,0,0,0,0,0,,,True,MAV_RESULT_DENIED,0,ACK_MAV_RESULT_DENIED,REQUEST_ACK_DENIED,benchmark/extraction_runs/milestone6/PX4/message_inventory.json,benchmark/extraction_runs/milestone6/PX4/message_request_sweep.json,Baseline proves only this default SITL profile. Request-window matches may be conditional and are not causal when the message already streamed by default.
PX4-M6-MC-SIHSIM-QUADX-I42-20260718,PX4,multicopter,px4_sitl_default sihsim_quadx internal headless SIH instance 42,334,CELLULAR_STATUS,baseline/px4/src/modules/mavlink/mavlink/message_definitions/v1.0/common.xml,development.xml|uAvionix.xml,STATIC_REFERENCE_FOUND,0,2,0,0,0,0,,,True,MAV_RESULT_DENIED,0,ACK_MAV_RESULT_DENIED,REQUEST_ACK_DENIED,benchmark/extraction_runs/milestone6/PX4/message_inventory.json,benchmark/extraction_runs/milestone6/PX4/message_request_sweep.json,Baseline proves only this default SITL profile. Request-window matches may be conditional and are not causal when the message already streamed by default.
PX4-M6-MC-SIHSIM-QUADX-I42-20260718,PX4,multicopter,px4_sitl_default sihsim_quadx internal headless SIH instance 42,335,ISBD_LINK_STATUS,baseline/px4/src/modules/mavlink/mavlink/message_definitions/v1.0/common.xml,development.xml|uAvionix.xml,NO_REFERENCE_FOUND_BY_HEURISTIC_SCAN,0,0,0,0,0,0,,,True,MAV_RESULT_DENIED,0,ACK_MAV_RESULT_DENIED,REQUEST_ACK_DENIED,benchmark/extraction_runs/milestone6/PX4/message_inventory.json,benchmark/extraction_runs/milestone6/PX4/message_request_sweep.json,Baseline proves only this default SITL profile. Request-window matches may be conditional and are not causal when the message already streamed by default.
PX4-M6-MC-SIHSIM-QUADX-I42-20260718,PX4,multicopter,px4_sitl_default sihsim_quadx internal headless SIH instance 42,336,CELLULAR_CONFIG,baseline/px4/src/modules/mavlink/mavlink/message_definitions/v1.0/common.xml,development.xml|uAvionix.xml,NO_REFERENCE_FOUND_BY_HEURISTIC_SCAN,0,0,0,0,0,0,,,True,MAV_RESULT_DENIED,0,ACK_MAV_RESULT_DENIED,REQUEST_ACK_DENIED,benchmark/extraction_runs/milestone6/PX4/message_inventory.json,benchmark/extraction_runs/milestone6/PX4/message_request_sweep.json,Baseline proves only this default SITL profile. Request-window matches may be conditional and are not causal when the message already streamed by default.
PX4-M6-MC-SIHSIM-QUADX-I42-20260718,PX4,multicopter,px4_sitl_default sihsim_quadx internal headless SIH instance 42,339,RAW_RPM,baseline/px4/src/modules/mavlink/mavlink/message_definitions/v1.0/common.xml,development.xml|uAvionix.xml,STATIC_REFERENCE_FOUND,2,2,0,0,0,0,,,True,MAV_RESULT_DENIED,0,ACK_MAV_RESULT_DENIED,REQUEST_ACK_DENIED,benchmark/extraction_runs/milestone6/PX4/message_inventory.json,benchmark/extraction_runs/milestone6/PX4/message_request_sweep.json,Baseline proves only this default SITL profile. Request-window matches may be conditional and are not causal when the message already streamed by default.
PX4-M6-MC-SIHSIM-QUADX-I42-20260718,PX4,multicopter,px4_sitl_default sihsim_quadx internal headless SIH instance 42,340,UTM_GLOBAL_POSITION,baseline/px4/src/modules/mavlink/mavlink/message_definitions/v1.0/common.xml,development.xml|uAvionix.xml,STATIC_REFERENCE_FOUND,2,0,0,0,0,0,,,True,MAV_RESULT_DENIED,0,ACK_MAV_RESULT_DENIED,REQUEST_ACK_DENIED,benchmark/extraction_runs/milestone6/PX4/message_inventory.json,benchmark/extraction_runs/milestone6/PX4/message_request_sweep.json,Baseline proves only this default SITL profile. Request-window matches may be conditional and are not causal when the message already streamed by default.
PX4-M6-MC-SIHSIM-QUADX-I42-20260718,PX4,multicopter,px4_sitl_default sihsim_quadx internal headless SIH instance 42,345,PARAM_ERROR,baseline/px4/src/modules/mavlink/mavlink/message_definitions/v1.0/common.xml,development.xml|uAvionix.xml,NO_REFERENCE_FOUND_BY_HEURISTIC_SCAN,0,0,0,0,0,0,,,True,MAV_RESULT_DENIED,0,ACK_MAV_RESULT_DENIED,REQUEST_ACK_DENIED,benchmark/extraction_runs/milestone6/PX4/message_inventory.json,benchmark/extraction_runs/milestone6/PX4/message_request_sweep.json,Baseline proves only this default SITL profile. Request-window matches may be conditional and are not causal when the message already streamed by default.
PX4-M6-MC-SIHSIM-QUADX-I42-20260718,PX4,multicopter,px4_sitl_default sihsim_quadx internal headless SIH instance 42,350,DEBUG_FLOAT_ARRAY,baseline/px4/src/modules/mavlink/mavlink/message_definitions/v1.0/common.xml,development.xml|uAvionix.xml,STATIC_REFERENCE_FOUND,2,2,0,0,0,0,,,True,MAV_RESULT_DENIED,0,ACK_MAV_RESULT_DENIED,REQUEST_ACK_DENIED,benchmark/extraction_runs/milestone6/PX4/message_inventory.json,benchmark/extraction_runs/milestone6/PX4/message_request_sweep.json,Baseline proves only this default SITL profile. Request-window matches may be conditional and are not causal when the message already streamed by default.
PX4-M6-MC-SIHSIM-QUADX-I42-20260718,PX4,multicopter,px4_sitl_default sihsim_quadx internal headless SIH instance 42,354,SET_VELOCITY_LIMITS,baseline/px4/src/modules/mavlink/mavlink/message_definitions/v1.0/development.xml,development.xml,STATIC_REFERENCE_FOUND,0,2,0,0,0,0,,,True,MAV_RESULT_DENIED,0,ACK_MAV_RESULT_DENIED,REQUEST_ACK_DENIED,benchmark/extraction_runs/milestone6/PX4/message_inventory.json,benchmark/extraction_runs/milestone6/PX4/message_request_sweep.json,Baseline proves only this default SITL profile. Request-window matches may be conditional and are not causal when the message already streamed by default.
PX4-M6-MC-SIHSIM-QUADX-I42-20260718,PX4,multicopter,px4_sitl_default sihsim_quadx internal headless SIH instance 42,355,VELOCITY_LIMITS,baseline/px4/src/modules/mavlink/mavlink/message_definitions/v1.0/development.xml,development.xml,NO_REFERENCE_FOUND_BY_HEURISTIC_SCAN,0,0,0,0,0,0,,,True,MAV_RESULT_DENIED,0,ACK_MAV_RESULT_DENIED,REQUEST_ACK_DENIED,benchmark/extraction_runs/milestone6/PX4/message_inventory.json,benchmark/extraction_runs/milestone6/PX4/message_request_sweep.json,Baseline proves only this default SITL profile. Request-window matches may be conditional and are not causal when the message already streamed by default.
PX4-M6-MC-SIHSIM-QUADX-I42-20260718,PX4,multicopter,px4_sitl_default sihsim_quadx internal headless SIH instance 42,360,ORBIT_EXECUTION_STATUS,baseline/px4/src/modules/mavlink/mavlink/message_definitions/v1.0/common.xml,development.xml|uAvionix.xml,STATIC_REFERENCE_FOUND,2,0,0,0,0,0,,,True,MAV_RESULT_DENIED,0,ACK_MAV_RESULT_DENIED,REQUEST_ACK_DENIED,benchmark/extraction_runs/milestone6/PX4/message_inventory.json,benchmark/extraction_runs/milestone6/PX4/message_request_sweep.json,Baseline proves only this default SITL profile. Request-window matches may be conditional and are not causal when the message already streamed by default.
PX4-M6-MC-SIHSIM-QUADX-I42-20260718,PX4,multicopter,px4_sitl_default sihsim_quadx internal headless SIH instance 42,361,FIGURE_EIGHT_EXECUTION_STATUS,baseline/px4/src/modules/mavlink/mavlink/message_definitions/v1.0/development.xml,development.xml,STATIC_REFERENCE_FOUND,2,0,0,0,0,0,,,True,MAV_RESULT_DENIED,0,ACK_MAV_RESULT_DENIED,REQUEST_ACK_DENIED,benchmark/extraction_runs/milestone6/PX4/message_inventory.json,benchmark/extraction_runs/milestone6/PX4/message_request_sweep.json,Baseline proves only this default SITL profile. Request-window matches may be conditional and are not causal when the message already streamed by default.
PX4-M6-MC-SIHSIM-QUADX-I42-20260718,PX4,multicopter,px4_sitl_default sihsim_quadx internal headless SIH instance 42,369,BATTERY_STATUS_V2,baseline/px4/src/modules/mavlink/mavlink/message_definitions/v1.0/development.xml,development.xml,NO_REFERENCE_FOUND_BY_HEURISTIC_SCAN,0,0,0,0,0,0,,,True,MAV_RESULT_DENIED,0,ACK_MAV_RESULT_DENIED,REQUEST_ACK_DENIED,benchmark/extraction_runs/milestone6/PX4/message_inventory.json,benchmark/extraction_runs/milestone6/PX4/message_request_sweep.json,Baseline proves only this default SITL profile. Request-window matches may be conditional and are not causal when the message already streamed by default.
PX4-M6-MC-SIHSIM-QUADX-I42-20260718,PX4,multicopter,px4_sitl_default sihsim_quadx internal headless SIH instance 42,370,SMART_BATTERY_INFO,baseline/px4/src/modules/mavlink/mavlink/message_definitions/v1.0/common.xml,development.xml|uAvionix.xml,NO_REFERENCE_FOUND_BY_HEURISTIC_SCAN,0,0,0,0,0,0,,,True,MAV_RESULT_DENIED,0,ACK_MAV_RESULT_DENIED,REQUEST_ACK_DENIED,benchmark/extraction_runs/milestone6/PX4/message_inventory.json,benchmark/extraction_runs/milestone6/PX4/message_request_sweep.json,Baseline proves only this default SITL profile. Request-window matches may be conditional and are not causal when the message already streamed by default.
PX4-M6-MC-SIHSIM-QUADX-I42-20260718,PX4,multicopter,px4_sitl_default sihsim_quadx internal headless SIH instance 42,371,FUEL_STATUS,baseline/px4/src/modules/mavlink/mavlink/message_definitions/v1.0/common.xml,development.xml|uAvionix.xml,STATIC_REFERENCE_FOUND,2,0,0,0,0,0,,,True,MAV_RESULT_DENIED,0,ACK_MAV_RESULT_DENIED,REQUEST_ACK_DENIED,benchmark/extraction_runs/milestone6/PX4/message_inventory.json,benchmark/extraction_runs/milestone6/PX4/message_request_sweep.json,Baseline proves only this default SITL profile. Request-window matches may be conditional and are not causal when the message already streamed by default.
PX4-M6-MC-SIHSIM-QUADX-I42-20260718,PX4,multicopter,px4_sitl_default sihsim_quadx internal headless SIH instance 42,372,BATTERY_INFO,baseline/px4/src/modules/mavlink/mavlink/message_definitions/v1.0/common.xml,development.xml|uAvionix.xml,STATIC_REFERENCE_FOUND,2,0,0,0,0,0,,,True,MAV_RESULT_DENIED,0,ACK_MAV_RESULT_DENIED,REQUEST_ACK_DENIED,benchmark/extraction_runs/milestone6/PX4/message_inventory.json,benchmark/extraction_runs/milestone6/PX4/message_request_sweep.json,Baseline proves only this default SITL profile. Request-window matches may be conditional and are not causal when the message already streamed by default.
PX4-M6-MC-SIHSIM-QUADX-I42-20260718,PX4,multicopter,px4_sitl_default sihsim_quadx internal headless SIH instance 42,373,GENERATOR_STATUS,baseline/px4/src/modules/mavlink/mavlink/message_definitions/v1.0/common.xml,development.xml|uAvionix.xml,STATIC_REFERENCE_FOUND,0,2,0,0,0,0,,,True,MAV_RESULT_DENIED,0,ACK_MAV_RESULT_DENIED,REQUEST_ACK_DENIED,benchmark/extraction_runs/milestone6/PX4/message_inventory.json,benchmark/extraction_runs/milestone6/PX4/message_request_sweep.json,Baseline proves only this default SITL profile. Request-window matches may be conditional and are not causal when the message already streamed by default.
PX4-M6-MC-SIHSIM-QUADX-I42-20260718,PX4,multicopter,px4_sitl_default sihsim_quadx internal headless SIH instance 42,375,ACTUATOR_OUTPUT_STATUS,baseline/px4/src/modules/mavlink/mavlink/message_definitions/v1.0/common.xml,development.xml|uAvionix.xml,STATIC_REFERENCE_FOUND,2,0,0,0,1,1,8183025360399,8183025360399,True,MAV_RESULT_ACCEPTED,1,ACK_ACCEPTED_AND_MATCHING_ID_OBSERVED,REQUEST_WINDOW_MESSAGE_OBSERVED,benchmark/extraction_runs/milestone6/PX4/message_inventory.json,benchmark/extraction_runs/milestone6/PX4/message_request_sweep.json,Baseline proves only this default SITL profile. Request-window matches may be conditional and are not causal when the message already streamed by default.
PX4-M6-MC-SIHSIM-QUADX-I42-20260718,PX4,multicopter,px4_sitl_default sihsim_quadx internal headless SIH instance 42,380,TIME_ESTIMATE_TO_TARGET,baseline/px4/src/modules/mavlink/mavlink/message_definitions/v1.0/common.xml,development.xml|uAvionix.xml,STATIC_REFERENCE_FOUND,2,0,6,8,4,18,8148585361492,8183317822036,True,MAV_RESULT_DENIED,0,ACK_MAV_RESULT_DENIED,DEFAULT_STREAM_OBSERVED,benchmark/extraction_runs/milestone6/PX4/message_inventory.json,benchmark/extraction_runs/milestone6/PX4/message_request_sweep.json,Baseline proves only this default SITL profile. Request-window matches may be conditional and are not causal when the message already streamed by default.
PX4-M6-MC-SIHSIM-QUADX-I42-20260718,PX4,multicopter,px4_sitl_default sihsim_quadx internal headless SIH instance 42,385,TUNNEL,baseline/px4/src/modules/mavlink/mavlink/message_definitions/v1.0/common.xml,development.xml|uAvionix.xml,STATIC_REFERENCE_FOUND,0,2,0,0,0,0,,,True,MAV_RESULT_DENIED,0,ACK_MAV_RESULT_DENIED,REQUEST_ACK_DENIED,benchmark/extraction_runs/milestone6/PX4/message_inventory.json,benchmark/extraction_runs/milestone6/PX4/message_request_sweep.json,Baseline proves only this default SITL profile. Request-window matches may be conditional and are not causal when the message already streamed by default.
PX4-M6-MC-SIHSIM-QUADX-I42-20260718,PX4,multicopter,px4_sitl_default sihsim_quadx internal headless SIH instance 42,386,CAN_FRAME,baseline/px4/src/modules/mavlink/mavlink/message_definitions/v1.0/common.xml,development.xml|uAvionix.xml,NO_REFERENCE_FOUND_BY_HEURISTIC_SCAN,0,0,0,0,0,0,,,True,MAV_RESULT_DENIED,0,ACK_MAV_RESULT_DENIED,REQUEST_ACK_DENIED,benchmark/extraction_runs/milestone6/PX4/message_inventory.json,benchmark/extraction_runs/milestone6/PX4/message_request_sweep.json,Baseline proves only this default SITL profile. Request-window matches may be conditional and are not causal when the message already streamed by default.
PX4-M6-MC-SIHSIM-QUADX-I42-20260718,PX4,multicopter,px4_sitl_default sihsim_quadx internal headless SIH instance 42,387,CANFD_FRAME,baseline/px4/src/modules/mavlink/mavlink/message_definitions/v1.0/common.xml,development.xml|uAvionix.xml,NO_REFERENCE_FOUND_BY_HEURISTIC_SCAN,0,0,0,0,0,0,,,True,MAV_RESULT_DENIED,0,ACK_MAV_RESULT_DENIED,REQUEST_ACK_DENIED,benchmark/extraction_runs/milestone6/PX4/message_inventory.json,benchmark/extraction_runs/milestone6/PX4/message_request_sweep.json,Baseline proves only this default SITL profile. Request-window matches may be conditional and are not causal when the message already streamed by default.
PX4-M6-MC-SIHSIM-QUADX-I42-20260718,PX4,multicopter,px4_sitl_default sihsim_quadx internal headless SIH instance 42,388,CAN_FILTER_MODIFY,baseline/px4/src/modules/mavlink/mavlink/message_definitions/v1.0/common.xml,development.xml|uAvionix.xml,NO_REFERENCE_FOUND_BY_HEURISTIC_SCAN,0,0,0,0,0,0,,,True,MAV_RESULT_DENIED,0,ACK_MAV_RESULT_DENIED,REQUEST_ACK_DENIED,benchmark/extraction_runs/milestone6/PX4/message_inventory.json,benchmark/extraction_runs/milestone6/PX4/message_request_sweep.json,Baseline proves only this default SITL profile. Request-window matches may be conditional and are not causal when the message already streamed by default.
PX4-M6-MC-SIHSIM-QUADX-I42-20260718,PX4,multicopter,px4_sitl_default sihsim_quadx internal headless SIH instance 42,390,ONBOARD_COMPUTER_STATUS,baseline/px4/src/modules/mavlink/mavlink/message_definitions/v1.0/common.xml,development.xml|uAvionix.xml,STATIC_REFERENCE_FOUND,0,2,0,0,0,0,,,True,MAV_RESULT_DENIED,0,ACK_MAV_RESULT_DENIED,REQUEST_ACK_DENIED,benchmark/extraction_runs/milestone6/PX4/message_inventory.json,benchmark/extraction_runs/milestone6/PX4/message_request_sweep.json,Baseline proves only this default SITL profile. Request-window matches may be conditional and are not causal when the message already streamed by default.
PX4-M6-MC-SIHSIM-QUADX-I42-20260718,PX4,multicopter,px4_sitl_default sihsim_quadx internal headless SIH instance 42,395,COMPONENT_INFORMATION,baseline/px4/src/modules/mavlink/mavlink/message_definitions/v1.0/common.xml,development.xml|uAvionix.xml,STATIC_REFERENCE_FOUND,2,0,0,0,1,1,8183247285682,8183247285682,True,MAV_RESULT_ACCEPTED,1,ACK_ACCEPTED_AND_MATCHING_ID_OBSERVED,REQUEST_WINDOW_MESSAGE_OBSERVED,benchmark/extraction_runs/milestone6/PX4/message_inventory.json,benchmark/extraction_runs/milestone6/PX4/message_request_sweep.json,Baseline proves only this default SITL profile. Request-window matches may be conditional and are not causal when the message already streamed by default.
PX4-M6-MC-SIHSIM-QUADX-I42-20260718,PX4,multicopter,px4_sitl_default sihsim_quadx internal headless SIH instance 42,396,COMPONENT_INFORMATION_BASIC,baseline/px4/src/modules/mavlink/mavlink/message_definitions/v1.0/common.xml,development.xml|uAvionix.xml,NO_REFERENCE_FOUND_BY_HEURISTIC_SCAN,0,0,0,0,0,0,,,True,MAV_RESULT_DENIED,0,ACK_MAV_RESULT_DENIED,REQUEST_ACK_DENIED,benchmark/extraction_runs/milestone6/PX4/message_inventory.json,benchmark/extraction_runs/milestone6/PX4/message_request_sweep.json,Baseline proves only this default SITL profile. Request-window matches may be conditional and are not causal when the message already streamed by default.
PX4-M6-MC-SIHSIM-QUADX-I42-20260718,PX4,multicopter,px4_sitl_default sihsim_quadx internal headless SIH instance 42,397,COMPONENT_METADATA,baseline/px4/src/modules/mavlink/mavlink/message_definitions/v1.0/common.xml,development.xml|uAvionix.xml,STATIC_REFERENCE_FOUND,2,0,0,0,1,1,8183292030179,8183292030179,True,MAV_RESULT_ACCEPTED,1,ACK_ACCEPTED_AND_MATCHING_ID_OBSERVED,REQUEST_WINDOW_MESSAGE_OBSERVED,benchmark/extraction_runs/milestone6/PX4/message_inventory.json,benchmark/extraction_runs/milestone6/PX4/message_request_sweep.json,Baseline proves only this default SITL profile. Request-window matches may be conditional and are not causal when the message already streamed by default.
PX4-M6-MC-SIHSIM-QUADX-I42-20260718,PX4,multicopter,px4_sitl_default sihsim_quadx internal headless SIH instance 42,400,PLAY_TUNE_V2,baseline/px4/src/modules/mavlink/mavlink/message_definitions/v1.0/common.xml,development.xml|uAvionix.xml,STATIC_REFERENCE_FOUND,0,2,0,0,0,0,,,True,MAV_RESULT_DENIED,0,ACK_MAV_RESULT_DENIED,REQUEST_ACK_DENIED,benchmark/extraction_runs/milestone6/PX4/message_inventory.json,benchmark/extraction_runs/milestone6/PX4/message_request_sweep.json,Baseline proves only this default SITL profile. Request-window matches may be conditional and are not causal when the message already streamed by default.
PX4-M6-MC-SIHSIM-QUADX-I42-20260718,PX4,multicopter,px4_sitl_default sihsim_quadx internal headless SIH instance 42,401,SUPPORTED_TUNES,baseline/px4/src/modules/mavlink/mavlink/message_definitions/v1.0/common.xml,development.xml|uAvionix.xml,NO_REFERENCE_FOUND_BY_HEURISTIC_SCAN,0,0,0,0,0,0,,,True,MAV_RESULT_DENIED,0,ACK_MAV_RESULT_DENIED,REQUEST_ACK_DENIED,benchmark/extraction_runs/milestone6/PX4/message_inventory.json,benchmark/extraction_runs/milestone6/PX4/message_request_sweep.json,Baseline proves only this default SITL profile. Request-window matches may be conditional and are not causal when the message already streamed by default.
PX4-M6-MC-SIHSIM-QUADX-I42-20260718,PX4,multicopter,px4_sitl_default sihsim_quadx internal headless SIH instance 42,410,EVENT,baseline/px4/src/modules/mavlink/mavlink/message_definitions/v1.0/common.xml,development.xml|uAvionix.xml,STATIC_REFERENCE_FOUND,1,2,13,0,0,13,8148659069212,8150728102155,True,MAV_RESULT_DENIED,0,ACK_MAV_RESULT_DENIED,DEFAULT_STREAM_OBSERVED,benchmark/extraction_runs/milestone6/PX4/message_inventory.json,benchmark/extraction_runs/milestone6/PX4/message_request_sweep.json,Baseline proves only this default SITL profile. Request-window matches may be conditional and are not causal when the message already streamed by default.
PX4-M6-MC-SIHSIM-QUADX-I42-20260718,PX4,multicopter,px4_sitl_default sihsim_quadx internal headless SIH instance 42,411,CURRENT_EVENT_SEQUENCE,baseline/px4/src/modules/mavlink/mavlink/message_definitions/v1.0/common.xml,development.xml|uAvionix.xml,STATIC_REFERENCE_FOUND,1,2,4,5,3,12,8149831466665,8183288804814,True,MAV_RESULT_DENIED,0,ACK_MAV_RESULT_DENIED,DEFAULT_STREAM_OBSERVED,benchmark/extraction_runs/milestone6/PX4/message_inventory.json,benchmark/extraction_runs/milestone6/PX4/message_request_sweep.json,Baseline proves only this default SITL profile. Request-window matches may be conditional and are not causal when the message already streamed by default.
PX4-M6-MC-SIHSIM-QUADX-I42-20260718,PX4,multicopter,px4_sitl_default sihsim_quadx internal headless SIH instance 42,412,REQUEST_EVENT,baseline/px4/src/modules/mavlink/mavlink/message_definitions/v1.0/common.xml,development.xml|uAvionix.xml,STATIC_REFERENCE_FOUND,0,2,0,0,0,0,,,True,MAV_RESULT_DENIED,0,ACK_MAV_RESULT_DENIED,REQUEST_ACK_DENIED,benchmark/extraction_runs/milestone6/PX4/message_inventory.json,benchmark/extraction_runs/milestone6/PX4/message_request_sweep.json,Baseline proves only this default SITL profile. Request-window matches may be conditional and are not causal when the message already streamed by default.
PX4-M6-MC-SIHSIM-QUADX-I42-20260718,PX4,multicopter,px4_sitl_default sihsim_quadx internal headless SIH instance 42,413,RESPONSE_EVENT_ERROR,baseline/px4/src/modules/mavlink/mavlink/message_definitions/v1.0/common.xml,development.xml|uAvionix.xml,STATIC_REFERENCE_FOUND,1,2,0,0,0,0,,,True,MAV_RESULT_DENIED,0,ACK_MAV_RESULT_DENIED,REQUEST_ACK_DENIED,benchmark/extraction_runs/milestone6/PX4/message_inventory.json,benchmark/extraction_runs/milestone6/PX4/message_request_sweep.json,Baseline proves only this default SITL profile. Request-window matches may be conditional and are not causal when the message already streamed by default.
PX4-M6-MC-SIHSIM-QUADX-I42-20260718,PX4,multicopter,px4_sitl_default sihsim_quadx internal headless SIH instance 42,414,GROUP_START,baseline/px4/src/modules/mavlink/mavlink/message_definitions/v1.0/development.xml,development.xml,NO_REFERENCE_FOUND_BY_HEURISTIC_SCAN,0,0,0,0,0,0,,,True,MAV_RESULT_DENIED,0,ACK_MAV_RESULT_DENIED,REQUEST_ACK_DENIED,benchmark/extraction_runs/milestone6/PX4/message_inventory.json,benchmark/extraction_runs/milestone6/PX4/message_request_sweep.json,Baseline proves only this default SITL profile. Request-window matches may be conditional and are not causal when the message already streamed by default.
PX4-M6-MC-SIHSIM-QUADX-I42-20260718,PX4,multicopter,px4_sitl_default sihsim_quadx internal headless SIH instance 42,415,GROUP_END,baseline/px4/src/modules/mavlink/mavlink/message_definitions/v1.0/development.xml,development.xml,NO_REFERENCE_FOUND_BY_HEURISTIC_SCAN,0,0,0,0,0,0,,,True,MAV_RESULT_DENIED,0,ACK_MAV_RESULT_DENIED,REQUEST_ACK_DENIED,benchmark/extraction_runs/milestone6/PX4/message_inventory.json,benchmark/extraction_runs/milestone6/PX4/message_request_sweep.json,Baseline proves only this default SITL profile. Request-window matches may be conditional and are not causal when the message already streamed by default.
PX4-M6-MC-SIHSIM-QUADX-I42-20260718,PX4,multicopter,px4_sitl_default sihsim_quadx internal headless SIH instance 42,420,RADIO_RC_CHANNELS,baseline/px4/src/modules/mavlink/mavlink/message_definitions/v1.0/development.xml,development.xml,NO_REFERENCE_FOUND_BY_HEURISTIC_SCAN,0,0,0,0,0,0,,,True,MAV_RESULT_DENIED,0,ACK_MAV_RESULT_DENIED,REQUEST_ACK_DENIED,benchmark/extraction_runs/milestone6/PX4/message_inventory.json,benchmark/extraction_runs/milestone6/PX4/message_request_sweep.json,Baseline proves only this default SITL profile. Request-window matches may be conditional and are not causal when the message already streamed by default.
PX4-M6-MC-SIHSIM-QUADX-I42-20260718,PX4,multicopter,px4_sitl_default sihsim_quadx internal headless SIH instance 42,435,AVAILABLE_MODES,baseline/px4/src/modules/mavlink/mavlink/message_definitions/v1.0/common.xml,development.xml|uAvionix.xml,STATIC_REFERENCE_FOUND,2,0,0,0,26,26,8183622908785,8183623706522,True,MAV_RESULT_ACCEPTED,26,ACK_ACCEPTED_AND_MATCHING_ID_OBSERVED,REQUEST_WINDOW_MESSAGE_OBSERVED,benchmark/extraction_runs/milestone6/PX4/message_inventory.json,benchmark/extraction_runs/milestone6/PX4/message_request_sweep.json,Baseline proves only this default SITL profile. Request-window matches may be conditional and are not causal when the message already streamed by default.
PX4-M6-MC-SIHSIM-QUADX-I42-20260718,PX4,multicopter,px4_sitl_default sihsim_quadx internal headless SIH instance 42,436,CURRENT_MODE,baseline/px4/src/modules/mavlink/mavlink/message_definitions/v1.0/common.xml,development.xml|uAvionix.xml,STATIC_REFERENCE_FOUND,2,0,6,8,5,19,8148675402730,8183626945856,True,MAV_RESULT_ACCEPTED,1,ACK_ACCEPTED_AND_MATCHING_ID_OBSERVED,DEFAULT_STREAM_OBSERVED,benchmark/extraction_runs/milestone6/PX4/message_inventory.json,benchmark/extraction_runs/milestone6/PX4/message_request_sweep.json,Baseline proves only this default SITL profile. Request-window matches may be conditional and are not causal when the message already streamed by default.
PX4-M6-MC-SIHSIM-QUADX-I42-20260718,PX4,multicopter,px4_sitl_default sihsim_quadx internal headless SIH instance 42,437,AVAILABLE_MODES_MONITOR,baseline/px4/src/modules/mavlink/mavlink/message_definitions/v1.0/common.xml,development.xml|uAvionix.xml,STATIC_REFERENCE_FOUND,1,0,0,0,0,0,,,True,MAV_RESULT_DENIED,0,ACK_MAV_RESULT_DENIED,REQUEST_ACK_DENIED,benchmark/extraction_runs/milestone6/PX4/message_inventory.json,benchmark/extraction_runs/milestone6/PX4/message_request_sweep.json,Baseline proves only this default SITL profile. Request-window matches may be conditional and are not causal when the message already streamed by default.
PX4-M6-MC-SIHSIM-QUADX-I42-20260718,PX4,multicopter,px4_sitl_default sihsim_quadx internal headless SIH instance 42,440,ILLUMINATOR_STATUS,baseline/px4/src/modules/mavlink/mavlink/message_definitions/v1.0/common.xml,development.xml|uAvionix.xml,NO_REFERENCE_FOUND_BY_HEURISTIC_SCAN,0,0,0,0,0,0,,,True,MAV_RESULT_DENIED,0,ACK_MAV_RESULT_DENIED,REQUEST_ACK_DENIED,benchmark/extraction_runs/milestone6/PX4/message_inventory.json,benchmark/extraction_runs/milestone6/PX4/message_request_sweep.json,Baseline proves only this default SITL profile. Request-window matches may be conditional and are not causal when the message already streamed by default.
PX4-M6-MC-SIHSIM-QUADX-I42-20260718,PX4,multicopter,px4_sitl_default sihsim_quadx internal headless SIH instance 42,441,GNSS_INTEGRITY,baseline/px4/src/modules/mavlink/mavlink/message_definitions/v1.0/development.xml,development.xml,STATIC_REFERENCE_FOUND,2,0,12,17,9,38,8147663335835,8184109740543,True,MAV_RESULT_ACCEPTED,1,ACK_ACCEPTED_AND_MATCHING_ID_OBSERVED,DEFAULT_STREAM_OBSERVED,benchmark/extraction_runs/milestone6/PX4/message_inventory.json,benchmark/extraction_runs/milestone6/PX4/message_request_sweep.json,Baseline proves only this default SITL profile. Request-window matches may be conditional and are not causal when the message already streamed by default.
PX4-M6-MC-SIHSIM-QUADX-I42-20260718,PX4,multicopter,px4_sitl_default sihsim_quadx internal headless SIH instance 42,510,TARGET_ABSOLUTE,baseline/px4/src/modules/mavlink/mavlink/message_definitions/v1.0/development.xml,development.xml,NO_REFERENCE_FOUND_BY_HEURISTIC_SCAN,0,0,0,0,0,0,,,True,MAV_RESULT_DENIED,0,ACK_MAV_RESULT_DENIED,REQUEST_ACK_DENIED,benchmark/extraction_runs/milestone6/PX4/message_inventory.json,benchmark/extraction_runs/milestone6/PX4/message_request_sweep.json,Baseline proves only this default SITL profile. Request-window matches may be conditional and are not causal when the message already streamed by default.
PX4-M6-MC-SIHSIM-QUADX-I42-20260718,PX4,multicopter,px4_sitl_default sihsim_quadx internal headless SIH instance 42,511,TARGET_RELATIVE,baseline/px4/src/modules/mavlink/mavlink/message_definitions/v1.0/development.xml,development.xml,NO_REFERENCE_FOUND_BY_HEURISTIC_SCAN,0,0,0,0,0,0,,,True,MAV_RESULT_DENIED,0,ACK_MAV_RESULT_DENIED,REQUEST_ACK_DENIED,benchmark/extraction_runs/milestone6/PX4/message_inventory.json,benchmark/extraction_runs/milestone6/PX4/message_request_sweep.json,Baseline proves only this default SITL profile. Request-window matches may be conditional and are not causal when the message already streamed by default.
PX4-M6-MC-SIHSIM-QUADX-I42-20260718,PX4,multicopter,px4_sitl_default sihsim_quadx internal headless SIH instance 42,512,CONTROL_STATUS,baseline/px4/src/modules/mavlink/mavlink/message_definitions/v1.0/development.xml,development.xml,NO_REFERENCE_FOUND_BY_HEURISTIC_SCAN,0,0,0,0,0,0,,,True,MAV_RESULT_DENIED,0,ACK_MAV_RESULT_DENIED,REQUEST_ACK_DENIED,benchmark/extraction_runs/milestone6/PX4/message_inventory.json,benchmark/extraction_runs/milestone6/PX4/message_request_sweep.json,Baseline proves only this default SITL profile. Request-window matches may be conditional and are not causal when the message already streamed by default.
PX4-M6-MC-SIHSIM-QUADX-I42-20260718,PX4,multicopter,px4_sitl_default sihsim_quadx internal headless SIH instance 42,9000,WHEEL_DISTANCE,baseline/px4/src/modules/mavlink/mavlink/message_definitions/v1.0/common.xml,development.xml|uAvionix.xml,NO_REFERENCE_FOUND_BY_HEURISTIC_SCAN,0,0,0,0,0,0,,,True,MAV_RESULT_DENIED,0,ACK_MAV_RESULT_DENIED,REQUEST_ACK_DENIED,benchmark/extraction_runs/milestone6/PX4/message_inventory.json,benchmark/extraction_runs/milestone6/PX4/message_request_sweep.json,Baseline proves only this default SITL profile. Request-window matches may be conditional and are not causal when the message already streamed by default.
PX4-M6-MC-SIHSIM-QUADX-I42-20260718,PX4,multicopter,px4_sitl_default sihsim_quadx internal headless SIH instance 42,9005,WINCH_STATUS,baseline/px4/src/modules/mavlink/mavlink/message_definitions/v1.0/common.xml,development.xml|uAvionix.xml,NO_REFERENCE_FOUND_BY_HEURISTIC_SCAN,0,0,0,0,0,0,,,True,MAV_RESULT_DENIED,0,ACK_MAV_RESULT_DENIED,REQUEST_ACK_DENIED,benchmark/extraction_runs/milestone6/PX4/message_inventory.json,benchmark/extraction_runs/milestone6/PX4/message_request_sweep.json,Baseline proves only this default SITL profile. Request-window matches may be conditional and are not causal when the message already streamed by default.
PX4-M6-MC-SIHSIM-QUADX-I42-20260718,PX4,multicopter,px4_sitl_default sihsim_quadx internal headless SIH instance 42,10001,UAVIONIX_ADSB_OUT_CFG,baseline/px4/src/modules/mavlink/mavlink/message_definitions/v1.0/uAvionix.xml,uAvionix.xml,STATIC_REFERENCE_FOUND,2,0,0,0,0,0,,,False,,0,,NOT_IN_REQUEST_SWEEP_AND_NOT_OBSERVED,benchmark/extraction_runs/milestone6/PX4/message_inventory.json,benchmark/extraction_runs/milestone6/PX4/message_request_sweep.json,Baseline proves only this default SITL profile. Request-window matches may be conditional and are not causal when the message already streamed by default.
PX4-M6-MC-SIHSIM-QUADX-I42-20260718,PX4,multicopter,px4_sitl_default sihsim_quadx internal headless SIH instance 42,10002,UAVIONIX_ADSB_OUT_DYNAMIC,baseline/px4/src/modules/mavlink/mavlink/message_definitions/v1.0/uAvionix.xml,uAvionix.xml,STATIC_REFERENCE_FOUND,2,0,0,0,0,0,,,False,,0,,NOT_IN_REQUEST_SWEEP_AND_NOT_OBSERVED,benchmark/extraction_runs/milestone6/PX4/message_inventory.json,benchmark/extraction_runs/milestone6/PX4/message_request_sweep.json,Baseline proves only this default SITL profile. Request-window matches may be conditional and are not causal when the message already streamed by default.
PX4-M6-MC-SIHSIM-QUADX-I42-20260718,PX4,multicopter,px4_sitl_default sihsim_quadx internal headless SIH instance 42,10003,UAVIONIX_ADSB_TRANSCEIVER_HEALTH_REPORT,baseline/px4/src/modules/mavlink/mavlink/message_definitions/v1.0/uAvionix.xml,uAvionix.xml,NO_REFERENCE_FOUND_BY_HEURISTIC_SCAN,0,0,0,0,0,0,,,False,,0,,NOT_IN_REQUEST_SWEEP_AND_NOT_OBSERVED,benchmark/extraction_runs/milestone6/PX4/message_inventory.json,benchmark/extraction_runs/milestone6/PX4/message_request_sweep.json,Baseline proves only this default SITL profile. Request-window matches may be conditional and are not causal when the message already streamed by default.
PX4-M6-MC-SIHSIM-QUADX-I42-20260718,PX4,multicopter,px4_sitl_default sihsim_quadx internal headless SIH instance 42,10004,UAVIONIX_ADSB_OUT_CFG_REGISTRATION,baseline/px4/src/modules/mavlink/mavlink/message_definitions/v1.0/uAvionix.xml,uAvionix.xml,NO_REFERENCE_FOUND_BY_HEURISTIC_SCAN,0,0,0,0,0,0,,,False,,0,,NOT_IN_REQUEST_SWEEP_AND_NOT_OBSERVED,benchmark/extraction_runs/milestone6/PX4/message_inventory.json,benchmark/extraction_runs/milestone6/PX4/message_request_sweep.json,Baseline proves only this default SITL profile. Request-window matches may be conditional and are not causal when the message already streamed by default.
PX4-M6-MC-SIHSIM-QUADX-I42-20260718,PX4,multicopter,px4_sitl_default sihsim_quadx internal headless SIH instance 42,10005,UAVIONIX_ADSB_OUT_CFG_FLIGHTID,baseline/px4/src/modules/mavlink/mavlink/message_definitions/v1.0/uAvionix.xml,uAvionix.xml,NO_REFERENCE_FOUND_BY_HEURISTIC_SCAN,0,0,0,0,0,0,,,False,,0,,NOT_IN_REQUEST_SWEEP_AND_NOT_OBSERVED,benchmark/extraction_runs/milestone6/PX4/message_inventory.json,benchmark/extraction_runs/milestone6/PX4/message_request_sweep.json,Baseline proves only this default SITL profile. Request-window matches may be conditional and are not causal when the message already streamed by default.
PX4-M6-MC-SIHSIM-QUADX-I42-20260718,PX4,multicopter,px4_sitl_default sihsim_quadx internal headless SIH instance 42,10006,UAVIONIX_ADSB_GET,baseline/px4/src/modules/mavlink/mavlink/message_definitions/v1.0/uAvionix.xml,uAvionix.xml,NO_REFERENCE_FOUND_BY_HEURISTIC_SCAN,0,0,0,0,0,0,,,False,,0,,NOT_IN_REQUEST_SWEEP_AND_NOT_OBSERVED,benchmark/extraction_runs/milestone6/PX4/message_inventory.json,benchmark/extraction_runs/milestone6/PX4/message_request_sweep.json,Baseline proves only this default SITL profile. Request-window matches may be conditional and are not causal when the message already streamed by default.
PX4-M6-MC-SIHSIM-QUADX-I42-20260718,PX4,multicopter,px4_sitl_default sihsim_quadx internal headless SIH instance 42,10007,UAVIONIX_ADSB_OUT_CONTROL,baseline/px4/src/modules/mavlink/mavlink/message_definitions/v1.0/uAvionix.xml,uAvionix.xml,NO_REFERENCE_FOUND_BY_HEURISTIC_SCAN,0,0,0,0,0,0,,,False,,0,,NOT_IN_REQUEST_SWEEP_AND_NOT_OBSERVED,benchmark/extraction_runs/milestone6/PX4/message_inventory.json,benchmark/extraction_runs/milestone6/PX4/message_request_sweep.json,Baseline proves only this default SITL profile. Request-window matches may be conditional and are not causal when the message already streamed by default.
PX4-M6-MC-SIHSIM-QUADX-I42-20260718,PX4,multicopter,px4_sitl_default sihsim_quadx internal headless SIH instance 42,10008,UAVIONIX_ADSB_OUT_STATUS,baseline/px4/src/modules/mavlink/mavlink/message_definitions/v1.0/uAvionix.xml,uAvionix.xml,NO_REFERENCE_FOUND_BY_HEURISTIC_SCAN,0,0,0,0,0,0,,,False,,0,,NOT_IN_REQUEST_SWEEP_AND_NOT_OBSERVED,benchmark/extraction_runs/milestone6/PX4/message_inventory.json,benchmark/extraction_runs/milestone6/PX4/message_request_sweep.json,Baseline proves only this default SITL profile. Request-window matches may be conditional and are not causal when the message already streamed by default.
PX4-M6-MC-SIHSIM-QUADX-I42-20260718,PX4,multicopter,px4_sitl_default sihsim_quadx internal headless SIH instance 42,12900,OPEN_DRONE_ID_BASIC_ID,baseline/px4/src/modules/mavlink/mavlink/message_definitions/v1.0/common.xml,development.xml|uAvionix.xml,STATIC_REFERENCE_FOUND,2,0,0,0,1,1,8183890342705,8183890342705,True,MAV_RESULT_ACCEPTED,1,ACK_ACCEPTED_AND_MATCHING_ID_OBSERVED,REQUEST_WINDOW_MESSAGE_OBSERVED,benchmark/extraction_runs/milestone6/PX4/message_inventory.json,benchmark/extraction_runs/milestone6/PX4/message_request_sweep.json,Baseline proves only this default SITL profile. Request-window matches may be conditional and are not causal when the message already streamed by default.
PX4-M6-MC-SIHSIM-QUADX-I42-20260718,PX4,multicopter,px4_sitl_default sihsim_quadx internal headless SIH instance 42,12901,OPEN_DRONE_ID_LOCATION,baseline/px4/src/modules/mavlink/mavlink/message_definitions/v1.0/common.xml,development.xml|uAvionix.xml,STATIC_REFERENCE_FOUND,2,0,12,17,9,38,8147663544573,8184109933483,True,MAV_RESULT_ACCEPTED,1,ACK_ACCEPTED_AND_MATCHING_ID_OBSERVED,DEFAULT_STREAM_OBSERVED,benchmark/extraction_runs/milestone6/PX4/message_inventory.json,benchmark/extraction_runs/milestone6/PX4/message_request_sweep.json,Baseline proves only this default SITL profile. Request-window matches may be conditional and are not causal when the message already streamed by default.
PX4-M6-MC-SIHSIM-QUADX-I42-20260718,PX4,multicopter,px4_sitl_default sihsim_quadx internal headless SIH instance 42,12902,OPEN_DRONE_ID_AUTHENTICATION,baseline/px4/src/modules/mavlink/mavlink/message_definitions/v1.0/common.xml,development.xml|uAvionix.xml,NO_REFERENCE_FOUND_BY_HEURISTIC_SCAN,0,0,0,0,0,0,,,True,MAV_RESULT_DENIED,0,ACK_MAV_RESULT_DENIED,REQUEST_ACK_DENIED,benchmark/extraction_runs/milestone6/PX4/message_inventory.json,benchmark/extraction_runs/milestone6/PX4/message_request_sweep.json,Baseline proves only this default SITL profile. Request-window matches may be conditional and are not causal when the message already streamed by default.
PX4-M6-MC-SIHSIM-QUADX-I42-20260718,PX4,multicopter,px4_sitl_default sihsim_quadx internal headless SIH instance 42,12903,OPEN_DRONE_ID_SELF_ID,baseline/px4/src/modules/mavlink/mavlink/message_definitions/v1.0/common.xml,development.xml|uAvionix.xml,STATIC_REFERENCE_FOUND,0,2,0,0,0,0,,,True,MAV_RESULT_DENIED,0,ACK_MAV_RESULT_DENIED,REQUEST_ACK_DENIED,benchmark/extraction_runs/milestone6/PX4/message_inventory.json,benchmark/extraction_runs/milestone6/PX4/message_request_sweep.json,Baseline proves only this default SITL profile. Request-window matches may be conditional and are not causal when the message already streamed by default.
PX4-M6-MC-SIHSIM-QUADX-I42-20260718,PX4,multicopter,px4_sitl_default sihsim_quadx internal headless SIH instance 42,12904,OPEN_DRONE_ID_SYSTEM,baseline/px4/src/modules/mavlink/mavlink/message_definitions/v1.0/common.xml,development.xml|uAvionix.xml,STATIC_REFERENCE_FOUND,2,2,12,17,9,38,8147663688940,8184110104304,True,MAV_RESULT_ACCEPTED,1,ACK_ACCEPTED_AND_MATCHING_ID_OBSERVED,DEFAULT_STREAM_OBSERVED,benchmark/extraction_runs/milestone6/PX4/message_inventory.json,benchmark/extraction_runs/milestone6/PX4/message_request_sweep.json,Baseline proves only this default SITL profile. Request-window matches may be conditional and are not causal when the message already streamed by default.
PX4-M6-MC-SIHSIM-QUADX-I42-20260718,PX4,multicopter,px4_sitl_default sihsim_quadx internal headless SIH instance 42,12905,OPEN_DRONE_ID_OPERATOR_ID,baseline/px4/src/modules/mavlink/mavlink/message_definitions/v1.0/common.xml,development.xml|uAvionix.xml,STATIC_REFERENCE_FOUND,0,2,0,0,0,0,,,True,MAV_RESULT_DENIED,0,ACK_MAV_RESULT_DENIED,REQUEST_ACK_DENIED,benchmark/extraction_runs/milestone6/PX4/message_inventory.json,benchmark/extraction_runs/milestone6/PX4/message_request_sweep.json,Baseline proves only this default SITL profile. Request-window matches may be conditional and are not causal when the message already streamed by default.
PX4-M6-MC-SIHSIM-QUADX-I42-20260718,PX4,multicopter,px4_sitl_default sihsim_quadx internal headless SIH instance 42,12915,OPEN_DRONE_ID_MESSAGE_PACK,baseline/px4/src/modules/mavlink/mavlink/message_definitions/v1.0/common.xml,development.xml|uAvionix.xml,NO_REFERENCE_FOUND_BY_HEURISTIC_SCAN,0,0,0,0,0,0,,,True,MAV_RESULT_DENIED,0,ACK_MAV_RESULT_DENIED,REQUEST_ACK_DENIED,benchmark/extraction_runs/milestone6/PX4/message_inventory.json,benchmark/extraction_runs/milestone6/PX4/message_request_sweep.json,Baseline proves only this default SITL profile. Request-window matches may be conditional and are not causal when the message already streamed by default.
PX4-M6-MC-SIHSIM-QUADX-I42-20260718,PX4,multicopter,px4_sitl_default sihsim_quadx internal headless SIH instance 42,12918,OPEN_DRONE_ID_ARM_STATUS,baseline/px4/src/modules/mavlink/mavlink/message_definitions/v1.0/common.xml,development.xml|uAvionix.xml,STATIC_REFERENCE_FOUND,2,0,0,0,0,0,,,True,MAV_RESULT_DENIED,0,ACK_MAV_RESULT_DENIED,REQUEST_ACK_DENIED,benchmark/extraction_runs/milestone6/PX4/message_inventory.json,benchmark/extraction_runs/milestone6/PX4/message_request_sweep.json,Baseline proves only this default SITL profile. Request-window matches may be conditional and are not causal when the message already streamed by default.
PX4-M6-MC-SIHSIM-QUADX-I42-20260718,PX4,multicopter,px4_sitl_default sihsim_quadx internal headless SIH instance 42,12919,OPEN_DRONE_ID_SYSTEM_UPDATE,baseline/px4/src/modules/mavlink/mavlink/message_definitions/v1.0/common.xml,development.xml|uAvionix.xml,NO_REFERENCE_FOUND_BY_HEURISTIC_SCAN,0,0,0,0,0,0,,,True,MAV_RESULT_DENIED,0,ACK_MAV_RESULT_DENIED,REQUEST_ACK_DENIED,benchmark/extraction_runs/milestone6/PX4/message_inventory.json,benchmark/extraction_runs/milestone6/PX4/message_request_sweep.json,Baseline proves only this default SITL profile. Request-window matches may be conditional and are not causal when the message already streamed by default.
PX4-M6-MC-SIHSIM-QUADX-I42-20260718,PX4,multicopter,px4_sitl_default sihsim_quadx internal headless SIH instance 42,12920,HYGROMETER_SENSOR,baseline/px4/src/modules/mavlink/mavlink/message_definitions/v1.0/common.xml,development.xml|uAvionix.xml,STATIC_REFERENCE_FOUND,2,0,0,0,0,0,,,True,MAV_RESULT_DENIED,0,ACK_MAV_RESULT_DENIED,REQUEST_ACK_DENIED,benchmark/extraction_runs/milestone6/PX4/message_inventory.json,benchmark/extraction_runs/milestone6/PX4/message_request_sweep.json,Baseline proves only this default SITL profile. Request-window matches may be conditional and are not causal when the message already streamed by default.
