system,entity_kind,entity_id,entity_name,dialect_entrypoints,origin_xml,dialect_definition_status,static_source_reference_status,static_tx_evidence_count,static_rx_or_handler_evidence_count,static_other_evidence_count,static_evidence_locations,static_scan_file_count,static_scan_scope,default_runtime_observation_status,default_runtime_observation_evidence,interpretation_limit
ArduPilot,message,0,HEARTBEAT,all.xml,baseline/ardupilot/modules/mavlink/message_definitions/v1.0/minimal.xml,DEFINED_IN_ENTRYPOINT_CLOSURE,STATIC_REFERENCE_FOUND,2,7,13,baseline/ardupilot/libraries/GCS_MAVLink/GCS_Common.cpp:1045|baseline/ardupilot/libraries/GCS_MAVLink/GCS_Common.cpp:3175|baseline/ardupilot/libraries/GCS_MAVLink/GCS_Common.cpp:4373|baseline/ardupilot/libraries/GCS_MAVLink/GCS_Common.cpp:7300|baseline/ardupilot/libraries/GCS_MAVLink/GCS_Common.cpp:7309|baseline/ardupilot/libraries/GCS_MAVLink/MAVLink_routing.cpp:145|baseline/ardupilot/libraries/GCS_MAVLink/MAVLink_routing.cpp:375|baseline/ardupilot/libraries/GCS_MAVLink/MAVLink_routing.cpp:385|baseline/ardupilot/libraries/SITL/SIM_ADSB.cpp:183|baseline/ardupilot/libraries/SITL/SIM_ADSB.cpp:206|baseline/ardupilot/libraries/SITL/SIM_Loweheiser.cpp:61|baseline/ardupilot/libraries/SITL/SIM_MAVLinkCamV2.cpp:100|baseline/ardupilot/libraries/SITL/SIM_MAVLinkGimbalv2.cpp:151|baseline/ardupilot/libraries/SITL/SIM_MAVLinkGimbalv2.cpp:58|baseline/ardupilot/libraries/SITL/SIM_Ship.cpp:219|baseline/ardupilot/libraries/SITL/SIM_SlungPayload.cpp:149|baseline/ardupilot/libraries/SITL/SIM_SoloGimbal.cpp:153|baseline/ardupilot/libraries/SITL/SIM_SoloGimbal.cpp:154|baseline/ardupilot/libraries/SITL/SIM_SoloGimbal.cpp:155|baseline/ardupilot/libraries/SITL/SIM_SoloGimbal.cpp:217|baseline/ardupilot/libraries/SITL/SIM_Tether.cpp:167|baseline/ardupilot/libraries/SITL/SIM_Vicon.cpp:176,2978,ArduCopter|ArduPlane|Rover|libraries production-like C/C++ headers/sources; tests/examples excluded,NOT_RUN_NO_CAPTURE,,XML definition is not implementation support; static references are heuristic and do not prove reachability; no default runtime MAVLink capture was performed.
ArduPilot,message,1,SYS_STATUS,all.xml,baseline/ardupilot/modules/mavlink/message_definitions/v1.0/common.xml,DEFINED_IN_ENTRYPOINT_CLOSURE,STATIC_REFERENCE_FOUND,1,0,1,baseline/ardupilot/libraries/GCS_MAVLink/GCS_Common.cpp:1048|baseline/ardupilot/libraries/GCS_MAVLink/GCS_Common.cpp:6053,2978,ArduCopter|ArduPlane|Rover|libraries production-like C/C++ headers/sources; tests/examples excluded,NOT_RUN_NO_CAPTURE,,XML definition is not implementation support; static references are heuristic and do not prove reachability; no default runtime MAVLink capture was performed.
ArduPilot,message,2,SYSTEM_TIME,all.xml,baseline/ardupilot/modules/mavlink/message_definitions/v1.0/common.xml,DEFINED_IN_ENTRYPOINT_CLOSURE,STATIC_REFERENCE_FOUND,1,2,2,baseline/ardupilot/libraries/GCS_MAVLink/GCS_Common.cpp:1083|baseline/ardupilot/libraries/GCS_MAVLink/GCS_Common.cpp:2152|baseline/ardupilot/libraries/GCS_MAVLink/GCS_Common.cpp:3918|baseline/ardupilot/libraries/GCS_MAVLink/GCS_Common.cpp:3919|baseline/ardupilot/libraries/GCS_MAVLink/GCS_Common.cpp:4584,2978,ArduCopter|ArduPlane|Rover|libraries production-like C/C++ headers/sources; tests/examples excluded,NOT_RUN_NO_CAPTURE,,XML definition is not implementation support; static references are heuristic and do not prove reachability; no default runtime MAVLink capture was performed.
ArduPilot,message,4,PING,all.xml,baseline/ardupilot/modules/mavlink/message_definitions/v1.0/common.xml,DEFINED_IN_ENTRYPOINT_CLOSURE,NO_REFERENCE_FOUND_BY_HEURISTIC_SCAN,0,0,0,,2978,ArduCopter|ArduPlane|Rover|libraries production-like C/C++ headers/sources; tests/examples excluded,NOT_RUN_NO_CAPTURE,,XML definition is not implementation support; static references are heuristic and do not prove reachability; no default runtime MAVLink capture was performed.
ArduPilot,message,5,CHANGE_OPERATOR_CONTROL,all.xml,baseline/ardupilot/modules/mavlink/message_definitions/v1.0/common.xml,DEFINED_IN_ENTRYPOINT_CLOSURE,NO_REFERENCE_FOUND_BY_HEURISTIC_SCAN,0,0,0,,2978,ArduCopter|ArduPlane|Rover|libraries production-like C/C++ headers/sources; tests/examples excluded,NOT_RUN_NO_CAPTURE,,XML definition is not implementation support; static references are heuristic and do not prove reachability; no default runtime MAVLink capture was performed.
ArduPilot,message,6,CHANGE_OPERATOR_CONTROL_ACK,all.xml,baseline/ardupilot/modules/mavlink/message_definitions/v1.0/common.xml,DEFINED_IN_ENTRYPOINT_CLOSURE,NO_REFERENCE_FOUND_BY_HEURISTIC_SCAN,0,0,0,,2978,ArduCopter|ArduPlane|Rover|libraries production-like C/C++ headers/sources; tests/examples excluded,NOT_RUN_NO_CAPTURE,,XML definition is not implementation support; static references are heuristic and do not prove reachability; no default runtime MAVLink capture was performed.
ArduPilot,message,7,AUTH_KEY,all.xml,baseline/ardupilot/modules/mavlink/message_definitions/v1.0/common.xml,DEFINED_IN_ENTRYPOINT_CLOSURE,NO_REFERENCE_FOUND_BY_HEURISTIC_SCAN,0,0,0,,2978,ArduCopter|ArduPlane|Rover|libraries production-like C/C++ headers/sources; tests/examples excluded,NOT_RUN_NO_CAPTURE,,XML definition is not implementation support; static references are heuristic and do not prove reachability; no default runtime MAVLink capture was performed.
ArduPilot,message,11,SET_MODE,all.xml,baseline/ardupilot/modules/mavlink/message_definitions/v1.0/common.xml,DEFINED_IN_ENTRYPOINT_CLOSURE,STATIC_REFERENCE_FOUND,0,2,1,baseline/ardupilot/libraries/GCS_MAVLink/GCS_Common.cpp:2888|baseline/ardupilot/libraries/GCS_MAVLink/GCS_Common.cpp:2889|baseline/ardupilot/libraries/GCS_MAVLink/GCS_Common.cpp:4441,2978,ArduCopter|ArduPlane|Rover|libraries production-like C/C++ headers/sources; tests/examples excluded,NOT_RUN_NO_CAPTURE,,XML definition is not implementation support; static references are heuristic and do not prove reachability; no default runtime MAVLink capture was performed.
ArduPilot,message,20,PARAM_REQUEST_READ,all.xml,baseline/ardupilot/modules/mavlink/message_definitions/v1.0/common.xml,DEFINED_IN_ENTRYPOINT_CLOSURE,STATIC_REFERENCE_FOUND,0,4,1,baseline/ardupilot/libraries/AP_Frsky_Telem/AP_Frsky_MAVliteMsgHandler.cpp:276|baseline/ardupilot/libraries/GCS_MAVLink/GCS_Common.cpp:4389|baseline/ardupilot/libraries/GCS_MAVLink/GCS_Param.cpp:232|baseline/ardupilot/libraries/GCS_MAVLink/GCS_Param.cpp:233|baseline/ardupilot/libraries/GCS_MAVLink/GCS_Param.cpp:533,2978,ArduCopter|ArduPlane|Rover|libraries production-like C/C++ headers/sources; tests/examples excluded,NOT_RUN_NO_CAPTURE,,XML definition is not implementation support; static references are heuristic and do not prove reachability; no default runtime MAVLink capture was performed.
ArduPilot,message,21,PARAM_REQUEST_LIST,all.xml,baseline/ardupilot/modules/mavlink/message_definitions/v1.0/common.xml,DEFINED_IN_ENTRYPOINT_CLOSURE,STATIC_REFERENCE_FOUND,1,5,2,baseline/ardupilot/libraries/AP_Mount/SoloGimbal_Parameters.cpp:139|baseline/ardupilot/libraries/GCS_MAVLink/GCS_Common.cpp:4387|baseline/ardupilot/libraries/GCS_MAVLink/GCS_Param.cpp:212|baseline/ardupilot/libraries/GCS_MAVLink/GCS_Param.cpp:213|baseline/ardupilot/libraries/GCS_MAVLink/GCS_Param.cpp:527|baseline/ardupilot/libraries/SITL/SIM_SoloGimbal.cpp:191|baseline/ardupilot/libraries/SITL/SIM_SoloGimbal.cpp:192|baseline/ardupilot/libraries/SITL/SIM_SoloGimbal.cpp:193,2978,ArduCopter|ArduPlane|Rover|libraries production-like C/C++ headers/sources; tests/examples excluded,NOT_RUN_NO_CAPTURE,,XML definition is not implementation support; static references are heuristic and do not prove reachability; no default runtime MAVLink capture was performed.
ArduPilot,message,22,PARAM_VALUE,all.xml,baseline/ardupilot/modules/mavlink/message_definitions/v1.0/common.xml,DEFINED_IN_ENTRYPOINT_CLOSURE,STATIC_REFERENCE_FOUND,3,2,7,baseline/ardupilot/libraries/AP_Frsky_Telem/AP_Frsky_MAVliteMsgHandler.cpp:184|baseline/ardupilot/libraries/AP_Frsky_Telem/AP_Frsky_MAVliteMsgHandler.cpp:236|baseline/ardupilot/libraries/AP_Mount/SoloGimbal_Parameters.cpp:190|baseline/ardupilot/libraries/AP_Mount/SoloGimbal_Parameters.cpp:191|baseline/ardupilot/libraries/GCS_MAVLink/GCS_Common.cpp:1084|baseline/ardupilot/libraries/GCS_MAVLink/GCS_Common.cpp:4493|baseline/ardupilot/libraries/GCS_MAVLink/GCS_Param.cpp:337|baseline/ardupilot/libraries/GCS_MAVLink/GCS_Param.cpp:351|baseline/ardupilot/libraries/GCS_MAVLink/GCS_Param.cpp:359|baseline/ardupilot/libraries/GCS_MAVLink/GCS_Param.cpp:502|baseline/ardupilot/libraries/GCS_MAVLink/GCS_Param.cpp:82|baseline/ardupilot/libraries/SITL/SIM_SoloGimbal.cpp:93,2978,ArduCopter|ArduPlane|Rover|libraries production-like C/C++ headers/sources; tests/examples excluded,NOT_RUN_NO_CAPTURE,,XML definition is not implementation support; static references are heuristic and do not prove reachability; no default runtime MAVLink capture was performed.
ArduPilot,message,23,PARAM_SET,all.xml,baseline/ardupilot/modules/mavlink/message_definitions/v1.0/common.xml,DEFINED_IN_ENTRYPOINT_CLOSURE,STATIC_REFERENCE_FOUND,2,6,4,baseline/ardupilot/libraries/AP_Frsky_Telem/AP_Frsky_MAVliteMsgHandler.cpp:279|baseline/ardupilot/libraries/AP_Mount/SoloGimbal_Parameters.cpp:126|baseline/ardupilot/libraries/AP_Mount/SoloGimbal_Parameters.cpp:155|baseline/ardupilot/libraries/GCS_MAVLink/GCS.h:1013|baseline/ardupilot/libraries/GCS_MAVLink/GCS_Common.cpp:4388|baseline/ardupilot/libraries/GCS_MAVLink/GCS_Param.cpp:267|baseline/ardupilot/libraries/GCS_MAVLink/GCS_Param.cpp:268|baseline/ardupilot/libraries/GCS_MAVLink/GCS_Param.cpp:430|baseline/ardupilot/libraries/GCS_MAVLink/GCS_Param.cpp:530|baseline/ardupilot/libraries/SITL/SIM_SoloGimbal.cpp:178|baseline/ardupilot/libraries/SITL/SIM_SoloGimbal.cpp:179|baseline/ardupilot/libraries/SITL/SIM_SoloGimbal.cpp:180,2978,ArduCopter|ArduPlane|Rover|libraries production-like C/C++ headers/sources; tests/examples excluded,NOT_RUN_NO_CAPTURE,,XML definition is not implementation support; static references are heuristic and do not prove reachability; no default runtime MAVLink capture was performed.
ArduPilot,message,24,GPS_RAW_INT,all.xml,baseline/ardupilot/modules/mavlink/message_definitions/v1.0/common.xml,DEFINED_IN_ENTRYPOINT_CLOSURE,STATIC_REFERENCE_FOUND,1,0,1,baseline/ardupilot/libraries/AP_GPS/AP_GPS.cpp:1394|baseline/ardupilot/libraries/GCS_MAVLink/GCS_Common.cpp:1072,2978,ArduCopter|ArduPlane|Rover|libraries production-like C/C++ headers/sources; tests/examples excluded,NOT_RUN_NO_CAPTURE,,XML definition is not implementation support; static references are heuristic and do not prove reachability; no default runtime MAVLink capture was performed.
ArduPilot,message,25,GPS_STATUS,all.xml,baseline/ardupilot/modules/mavlink/message_definitions/v1.0/common.xml,DEFINED_IN_ENTRYPOINT_CLOSURE,NO_REFERENCE_FOUND_BY_HEURISTIC_SCAN,0,0,0,,2978,ArduCopter|ArduPlane|Rover|libraries production-like C/C++ headers/sources; tests/examples excluded,NOT_RUN_NO_CAPTURE,,XML definition is not implementation support; static references are heuristic and do not prove reachability; no default runtime MAVLink capture was performed.
ArduPilot,message,26,SCALED_IMU,all.xml,baseline/ardupilot/modules/mavlink/message_definitions/v1.0/common.xml,DEFINED_IN_ENTRYPOINT_CLOSURE,STATIC_REFERENCE_FOUND,1,0,1,baseline/ardupilot/libraries/GCS_MAVLink/GCS_Common.cpp:1062|baseline/ardupilot/libraries/GCS_MAVLink/GCS_Common.cpp:6858,2978,ArduCopter|ArduPlane|Rover|libraries production-like C/C++ headers/sources; tests/examples excluded,NOT_RUN_NO_CAPTURE,,XML definition is not implementation support; static references are heuristic and do not prove reachability; no default runtime MAVLink capture was performed.
ArduPilot,message,27,RAW_IMU,all.xml,baseline/ardupilot/modules/mavlink/message_definitions/v1.0/common.xml,DEFINED_IN_ENTRYPOINT_CLOSURE,STATIC_REFERENCE_FOUND,1,0,1,baseline/ardupilot/libraries/GCS_MAVLink/GCS_Common.cpp:1061|baseline/ardupilot/libraries/GCS_MAVLink/GCS_Common.cpp:2252,2978,ArduCopter|ArduPlane|Rover|libraries production-like C/C++ headers/sources; tests/examples excluded,NOT_RUN_NO_CAPTURE,,XML definition is not implementation support; static references are heuristic and do not prove reachability; no default runtime MAVLink capture was performed.
ArduPilot,message,28,RAW_PRESSURE,all.xml,baseline/ardupilot/modules/mavlink/message_definitions/v1.0/common.xml,DEFINED_IN_ENTRYPOINT_CLOSURE,NO_REFERENCE_FOUND_BY_HEURISTIC_SCAN,0,0,0,,2978,ArduCopter|ArduPlane|Rover|libraries production-like C/C++ headers/sources; tests/examples excluded,NOT_RUN_NO_CAPTURE,,XML definition is not implementation support; static references are heuristic and do not prove reachability; no default runtime MAVLink capture was performed.
ArduPilot,message,29,SCALED_PRESSURE,all.xml,baseline/ardupilot/modules/mavlink/message_definitions/v1.0/common.xml,DEFINED_IN_ENTRYPOINT_CLOSURE,STATIC_REFERENCE_FOUND,1,0,1,baseline/ardupilot/libraries/GCS_MAVLink/GCS_Common.cpp:1068|baseline/ardupilot/libraries/GCS_MAVLink/GCS_Common.cpp:2436,2978,ArduCopter|ArduPlane|Rover|libraries production-like C/C++ headers/sources; tests/examples excluded,NOT_RUN_NO_CAPTURE,,XML definition is not implementation support; static references are heuristic and do not prove reachability; no default runtime MAVLink capture was performed.
ArduPilot,message,30,ATTITUDE,all.xml,baseline/ardupilot/modules/mavlink/message_definitions/v1.0/common.xml,DEFINED_IN_ENTRYPOINT_CLOSURE,STATIC_REFERENCE_FOUND,2,0,3,baseline/ardupilot/ArduPlane/GCS_MAVLink_Plane.cpp:152|baseline/ardupilot/libraries/GCS_MAVLink/GCS_Common.cpp:1095|baseline/ardupilot/libraries/GCS_MAVLink/GCS_Common.cpp:6094|baseline/ardupilot/libraries/SITL/SIM_Ship.cpp:289|baseline/ardupilot/libraries/SITL/SIM_SlungPayload.cpp:201,2978,ArduCopter|ArduPlane|Rover|libraries production-like C/C++ headers/sources; tests/examples excluded,NOT_RUN_NO_CAPTURE,,XML definition is not implementation support; static references are heuristic and do not prove reachability; no default runtime MAVLink capture was performed.
ArduPilot,message,31,ATTITUDE_QUATERNION,all.xml,baseline/ardupilot/modules/mavlink/message_definitions/v1.0/common.xml,DEFINED_IN_ENTRYPOINT_CLOSURE,STATIC_REFERENCE_FOUND,1,0,1,baseline/ardupilot/libraries/GCS_MAVLink/GCS_Common.cpp:1096|baseline/ardupilot/libraries/GCS_MAVLink/GCS_Common.cpp:6116,2978,ArduCopter|ArduPlane|Rover|libraries production-like C/C++ headers/sources; tests/examples excluded,NOT_RUN_NO_CAPTURE,,XML definition is not implementation support; static references are heuristic and do not prove reachability; no default runtime MAVLink capture was performed.
ArduPilot,message,32,LOCAL_POSITION_NED,all.xml,baseline/ardupilot/modules/mavlink/message_definitions/v1.0/common.xml,DEFINED_IN_ENTRYPOINT_CLOSURE,STATIC_REFERENCE_FOUND,1,0,1,baseline/ardupilot/libraries/GCS_MAVLink/GCS_Common.cpp:1099|baseline/ardupilot/libraries/GCS_MAVLink/GCS_Common.cpp:3058,2978,ArduCopter|ArduPlane|Rover|libraries production-like C/C++ headers/sources; tests/examples excluded,NOT_RUN_NO_CAPTURE,,XML definition is not implementation support; static references are heuristic and do not prove reachability; no default runtime MAVLink capture was performed.
ArduPilot,message,33,GLOBAL_POSITION_INT,all.xml,baseline/ardupilot/modules/mavlink/message_definitions/v1.0/standard.xml,DEFINED_IN_ENTRYPOINT_CLOSURE,STATIC_REFERENCE_FOUND,1,6,10,baseline/ardupilot/libraries/AP_Avoidance/AP_Avoidance.cpp:588|baseline/ardupilot/libraries/AP_Avoidance/AP_Avoidance.cpp:599|baseline/ardupilot/libraries/AP_Avoidance/AP_Avoidance.cpp:600|baseline/ardupilot/libraries/AP_Follow/AP_Follow.cpp:522|baseline/ardupilot/libraries/AP_Follow/AP_Follow.cpp:628|baseline/ardupilot/libraries/AP_Follow/AP_Follow.cpp:629|baseline/ardupilot/libraries/AP_Mount/AP_Mount.cpp:1044|baseline/ardupilot/libraries/AP_Mount/AP_Mount.cpp:576|baseline/ardupilot/libraries/AP_Mount/AP_Mount.cpp:577|baseline/ardupilot/libraries/AP_Mount/AP_Mount_Backend.cpp:650|baseline/ardupilot/libraries/AP_Mount/AP_Mount_Backend.h:155|baseline/ardupilot/libraries/GCS_MAVLink/GCS_Common.cpp:1097|baseline/ardupilot/libraries/GCS_MAVLink/GCS_Common.cpp:1893|baseline/ardupilot/libraries/GCS_MAVLink/GCS_Common.cpp:6157|baseline/ardupilot/libraries/SITL/SIM_Ship.cpp:263|baseline/ardupilot/libraries/SITL/SIM_SlungPayload.cpp:179|baseline/ardupilot/libraries/SITL/SIM_Tether.cpp:197,2978,ArduCopter|ArduPlane|Rover|libraries production-like C/C++ headers/sources; tests/examples excluded,NOT_RUN_NO_CAPTURE,,XML definition is not implementation support; static references are heuristic and do not prove reachability; no default runtime MAVLink capture was performed.
ArduPilot,message,34,RC_CHANNELS_SCALED,all.xml,baseline/ardupilot/modules/mavlink/message_definitions/v1.0/common.xml,DEFINED_IN_ENTRYPOINT_CLOSURE,NO_REFERENCE_FOUND_BY_HEURISTIC_SCAN,0,0,0,,2978,ArduCopter|ArduPlane|Rover|libraries production-like C/C++ headers/sources; tests/examples excluded,NOT_RUN_NO_CAPTURE,,XML definition is not implementation support; static references are heuristic and do not prove reachability; no default runtime MAVLink capture was performed.
ArduPilot,message,35,RC_CHANNELS_RAW,all.xml,baseline/ardupilot/modules/mavlink/message_definitions/v1.0/common.xml,DEFINED_IN_ENTRYPOINT_CLOSURE,STATIC_REFERENCE_FOUND,1,0,1,baseline/ardupilot/libraries/GCS_MAVLink/GCS_Common.cpp:1059|baseline/ardupilot/libraries/GCS_MAVLink/GCS_Common.cpp:2215,2978,ArduCopter|ArduPlane|Rover|libraries production-like C/C++ headers/sources; tests/examples excluded,NOT_RUN_NO_CAPTURE,,XML definition is not implementation support; static references are heuristic and do not prove reachability; no default runtime MAVLink capture was performed.
ArduPilot,message,36,SERVO_OUTPUT_RAW,all.xml,baseline/ardupilot/modules/mavlink/message_definitions/v1.0/common.xml,DEFINED_IN_ENTRYPOINT_CLOSURE,STATIC_REFERENCE_FOUND,2,0,1,baseline/ardupilot/libraries/GCS_MAVLink/GCS_Common.cpp:1056|baseline/ardupilot/libraries/GCS_MAVLink/GCS_Common.cpp:3422|baseline/ardupilot/libraries/GCS_MAVLink/GCS_Common.cpp:3434,2978,ArduCopter|ArduPlane|Rover|libraries production-like C/C++ headers/sources; tests/examples excluded,NOT_RUN_NO_CAPTURE,,XML definition is not implementation support; static references are heuristic and do not prove reachability; no default runtime MAVLink capture was performed.
ArduPilot,message,37,MISSION_REQUEST_PARTIAL_LIST,all.xml,baseline/ardupilot/modules/mavlink/message_definitions/v1.0/common.xml,DEFINED_IN_ENTRYPOINT_CLOSURE,NO_REFERENCE_FOUND_BY_HEURISTIC_SCAN,0,0,0,,2978,ArduCopter|ArduPlane|Rover|libraries production-like C/C++ headers/sources; tests/examples excluded,NOT_RUN_NO_CAPTURE,,XML definition is not implementation support; static references are heuristic and do not prove reachability; no default runtime MAVLink capture was performed.
ArduPilot,message,38,MISSION_WRITE_PARTIAL_LIST,all.xml,baseline/ardupilot/modules/mavlink/message_definitions/v1.0/common.xml,DEFINED_IN_ENTRYPOINT_CLOSURE,STATIC_REFERENCE_FOUND,0,3,3,baseline/ardupilot/libraries/GCS_MAVLink/GCS_Common.cpp:4451|baseline/ardupilot/libraries/GCS_MAVLink/GCS_Common.cpp:4716|baseline/ardupilot/libraries/GCS_MAVLink/GCS_Common.cpp:830|baseline/ardupilot/libraries/GCS_MAVLink/GCS_Common.cpp:831|baseline/ardupilot/libraries/GCS_MAVLink/MissionItemProtocol.cpp:230|baseline/ardupilot/libraries/GCS_MAVLink/MissionItemProtocol.h:45,2978,ArduCopter|ArduPlane|Rover|libraries production-like C/C++ headers/sources; tests/examples excluded,NOT_RUN_NO_CAPTURE,,XML definition is not implementation support; static references are heuristic and do not prove reachability; no default runtime MAVLink capture was performed.
ArduPilot,message,39,MISSION_ITEM,all.xml,baseline/ardupilot/modules/mavlink/message_definitions/v1.0/common.xml,DEFINED_IN_ENTRYPOINT_CLOSURE,STATIC_REFERENCE_FOUND,0,4,7,baseline/ardupilot/libraries/AP_Mission/AP_Mission.cpp:1546|baseline/ardupilot/libraries/AP_Mission/AP_Mission.cpp:1593|baseline/ardupilot/libraries/AP_Mission/AP_Mission.h:671|baseline/ardupilot/libraries/AP_Mission/AP_Mission.h:674|baseline/ardupilot/libraries/GCS_MAVLink/GCS_Common.cpp:4455|baseline/ardupilot/libraries/GCS_MAVLink/GCS_Common.cpp:4723|baseline/ardupilot/libraries/GCS_MAVLink/GCS_Common.cpp:957|baseline/ardupilot/libraries/GCS_MAVLink/GCS_Common.cpp:958|baseline/ardupilot/libraries/GCS_MAVLink/GCS_Common.cpp:959|baseline/ardupilot/libraries/GCS_MAVLink/MissionItemProtocol.cpp:202|baseline/ardupilot/libraries/GCS_MAVLink/MissionItemProtocol.cpp:215,2978,ArduCopter|ArduPlane|Rover|libraries production-like C/C++ headers/sources; tests/examples excluded,NOT_RUN_NO_CAPTURE,,XML definition is not implementation support; static references are heuristic and do not prove reachability; no default runtime MAVLink capture was performed.
ArduPilot,message,40,MISSION_REQUEST,all.xml,baseline/ardupilot/modules/mavlink/message_definitions/v1.0/common.xml,DEFINED_IN_ENTRYPOINT_CLOSURE,STATIC_REFERENCE_FOUND,1,3,3,baseline/ardupilot/libraries/GCS_MAVLink/GCS_Common.cpp:4458|baseline/ardupilot/libraries/GCS_MAVLink/GCS_Common.cpp:4734|baseline/ardupilot/libraries/GCS_MAVLink/GCS_Common.cpp:684|baseline/ardupilot/libraries/GCS_MAVLink/GCS_Common.cpp:685|baseline/ardupilot/libraries/GCS_MAVLink/MissionItemProtocol.cpp:184|baseline/ardupilot/libraries/GCS_MAVLink/MissionItemProtocol.cpp:370|baseline/ardupilot/libraries/GCS_MAVLink/MissionItemProtocol.h:37,2978,ArduCopter|ArduPlane|Rover|libraries production-like C/C++ headers/sources; tests/examples excluded,NOT_RUN_NO_CAPTURE,,XML definition is not implementation support; static references are heuristic and do not prove reachability; no default runtime MAVLink capture was performed.
ArduPilot,message,41,MISSION_SET_CURRENT,all.xml,baseline/ardupilot/modules/mavlink/message_definitions/v1.0/common.xml,DEFINED_IN_ENTRYPOINT_CLOSURE,STATIC_REFERENCE_FOUND,0,3,1,baseline/ardupilot/libraries/GCS_MAVLink/GCS_Common.cpp:4460|baseline/ardupilot/libraries/GCS_MAVLink/GCS_Common.cpp:4740|baseline/ardupilot/libraries/GCS_MAVLink/GCS_Common.cpp:753|baseline/ardupilot/libraries/GCS_MAVLink/GCS_Common.cpp:754,2978,ArduCopter|ArduPlane|Rover|libraries production-like C/C++ headers/sources; tests/examples excluded,NOT_RUN_NO_CAPTURE,,XML definition is not implementation support; static references are heuristic and do not prove reachability; no default runtime MAVLink capture was performed.
ArduPilot,message,42,MISSION_CURRENT,all.xml,baseline/ardupilot/modules/mavlink/message_definitions/v1.0/common.xml,DEFINED_IN_ENTRYPOINT_CLOSURE,STATIC_REFERENCE_FOUND,1,0,1,baseline/ardupilot/libraries/GCS_MAVLink/GCS_Common.cpp:1055|baseline/ardupilot/libraries/GCS_MAVLink/GCS_Common.cpp:730,2978,ArduCopter|ArduPlane|Rover|libraries production-like C/C++ headers/sources; tests/examples excluded,NOT_RUN_NO_CAPTURE,,XML definition is not implementation support; static references are heuristic and do not prove reachability; no default runtime MAVLink capture was performed.
ArduPilot,message,43,MISSION_REQUEST_LIST,all.xml,baseline/ardupilot/modules/mavlink/message_definitions/v1.0/common.xml,DEFINED_IN_ENTRYPOINT_CLOSURE,STATIC_REFERENCE_FOUND,0,3,3,baseline/ardupilot/libraries/GCS_MAVLink/GCS_Common.cpp:4452|baseline/ardupilot/libraries/GCS_MAVLink/GCS_Common.cpp:4751|baseline/ardupilot/libraries/GCS_MAVLink/GCS_Common.cpp:648|baseline/ardupilot/libraries/GCS_MAVLink/GCS_Common.cpp:649|baseline/ardupilot/libraries/GCS_MAVLink/MissionItemProtocol.cpp:118|baseline/ardupilot/libraries/GCS_MAVLink/MissionItemProtocol.h:31,2978,ArduCopter|ArduPlane|Rover|libraries production-like C/C++ headers/sources; tests/examples excluded,NOT_RUN_NO_CAPTURE,,XML definition is not implementation support; static references are heuristic and do not prove reachability; no default runtime MAVLink capture was performed.
ArduPilot,message,44,MISSION_COUNT,all.xml,baseline/ardupilot/modules/mavlink/message_definitions/v1.0/common.xml,DEFINED_IN_ENTRYPOINT_CLOSURE,STATIC_REFERENCE_FOUND,2,3,10,baseline/ardupilot/libraries/GCS_MAVLink/GCS_Common.cpp:4453|baseline/ardupilot/libraries/GCS_MAVLink/GCS_Common.cpp:4759|baseline/ardupilot/libraries/GCS_MAVLink/GCS_Common.cpp:782|baseline/ardupilot/libraries/GCS_MAVLink/GCS_Common.cpp:783|baseline/ardupilot/libraries/GCS_MAVLink/MissionItemProtocol.cpp:135|baseline/ardupilot/libraries/GCS_MAVLink/MissionItemProtocol.cpp:164|baseline/ardupilot/libraries/GCS_MAVLink/MissionItemProtocol.cpp:80|baseline/ardupilot/libraries/GCS_MAVLink/MissionItemProtocol.h:41|baseline/ardupilot/libraries/GCS_MAVLink/MissionItemProtocol.h:86|baseline/ardupilot/libraries/GCS_MAVLink/MissionItemProtocol_Fence.cpp:218|baseline/ardupilot/libraries/GCS_MAVLink/MissionItemProtocol_Fence.h:18|baseline/ardupilot/libraries/GCS_MAVLink/MissionItemProtocol_Rally.cpp:191|baseline/ardupilot/libraries/GCS_MAVLink/MissionItemProtocol_Rally.h:13|baseline/ardupilot/libraries/GCS_MAVLink/MissionItemProtocol_Waypoints.cpp:128|baseline/ardupilot/libraries/GCS_MAVLink/MissionItemProtocol_Waypoints.h:26,2978,ArduCopter|ArduPlane|Rover|libraries production-like C/C++ headers/sources; tests/examples excluded,NOT_RUN_NO_CAPTURE,,XML definition is not implementation support; static references are heuristic and do not prove reachability; no default runtime MAVLink capture was performed.
ArduPilot,message,45,MISSION_CLEAR_ALL,all.xml,baseline/ardupilot/modules/mavlink/message_definitions/v1.0/common.xml,DEFINED_IN_ENTRYPOINT_CLOSURE,STATIC_REFERENCE_FOUND,0,3,1,baseline/ardupilot/libraries/GCS_MAVLink/GCS_Common.cpp:4454|baseline/ardupilot/libraries/GCS_MAVLink/GCS_Common.cpp:4765|baseline/ardupilot/libraries/GCS_MAVLink/GCS_Common.cpp:804|baseline/ardupilot/libraries/GCS_MAVLink/GCS_Common.cpp:805,2978,ArduCopter|ArduPlane|Rover|libraries production-like C/C++ headers/sources; tests/examples excluded,NOT_RUN_NO_CAPTURE,,XML definition is not implementation support; static references are heuristic and do not prove reachability; no default runtime MAVLink capture was performed.
ArduPilot,message,46,MISSION_ITEM_REACHED,all.xml,baseline/ardupilot/modules/mavlink/message_definitions/v1.0/common.xml,DEFINED_IN_ENTRYPOINT_CLOSURE,STATIC_REFERENCE_FOUND,1,0,1,baseline/ardupilot/libraries/GCS_MAVLink/GCS_Common.cpp:1150|baseline/ardupilot/libraries/GCS_MAVLink/GCS_Common.cpp:5963,2978,ArduCopter|ArduPlane|Rover|libraries production-like C/C++ headers/sources; tests/examples excluded,NOT_RUN_NO_CAPTURE,,XML definition is not implementation support; static references are heuristic and do not prove reachability; no default runtime MAVLink capture was performed.
ArduPilot,message,47,MISSION_ACK,all.xml,baseline/ardupilot/modules/mavlink/message_definitions/v1.0/common.xml,DEFINED_IN_ENTRYPOINT_CLOSURE,STATIC_REFERENCE_FOUND,5,2,0,baseline/ardupilot/libraries/GCS_MAVLink/GCS.h:225|baseline/ardupilot/libraries/GCS_MAVLink/GCS_Common.cpp:4459|baseline/ardupilot/libraries/GCS_MAVLink/GCS_Common.cpp:4771|baseline/ardupilot/libraries/GCS_MAVLink/GCS_Common.cpp:653|baseline/ardupilot/libraries/GCS_MAVLink/GCS_Common.cpp:787|baseline/ardupilot/libraries/GCS_MAVLink/MissionItemProtocol.cpp:346|baseline/ardupilot/libraries/GCS_MAVLink/MissionItemProtocol.cpp:396,2978,ArduCopter|ArduPlane|Rover|libraries production-like C/C++ headers/sources; tests/examples excluded,NOT_RUN_NO_CAPTURE,,XML definition is not implementation support; static references are heuristic and do not prove reachability; no default runtime MAVLink capture was performed.
ArduPilot,message,48,SET_GPS_GLOBAL_ORIGIN,all.xml,baseline/ardupilot/modules/mavlink/message_definitions/v1.0/common.xml,DEFINED_IN_ENTRYPOINT_CLOSURE,STATIC_REFERENCE_FOUND,0,2,1,baseline/ardupilot/libraries/GCS_MAVLink/GCS_Common.cpp:3974|baseline/ardupilot/libraries/GCS_MAVLink/GCS_Common.cpp:3975|baseline/ardupilot/libraries/GCS_MAVLink/GCS_Common.cpp:4394,2978,ArduCopter|ArduPlane|Rover|libraries production-like C/C++ headers/sources; tests/examples excluded,NOT_RUN_NO_CAPTURE,,XML definition is not implementation support; static references are heuristic and do not prove reachability; no default runtime MAVLink capture was performed.
ArduPilot,message,49,GPS_GLOBAL_ORIGIN,all.xml,baseline/ardupilot/modules/mavlink/message_definitions/v1.0/common.xml,DEFINED_IN_ENTRYPOINT_CLOSURE,STATIC_REFERENCE_FOUND,1,0,1,baseline/ardupilot/libraries/GCS_MAVLink/GCS_Common.cpp:1047|baseline/ardupilot/libraries/GCS_MAVLink/GCS_Common.cpp:3145,2978,ArduCopter|ArduPlane|Rover|libraries production-like C/C++ headers/sources; tests/examples excluded,NOT_RUN_NO_CAPTURE,,XML definition is not implementation support; static references are heuristic and do not prove reachability; no default runtime MAVLink capture was performed.
ArduPilot,message,50,PARAM_MAP_RC,all.xml,baseline/ardupilot/modules/mavlink/message_definitions/v1.0/common.xml,DEFINED_IN_ENTRYPOINT_CLOSURE,NO_REFERENCE_FOUND_BY_HEURISTIC_SCAN,0,0,0,,2978,ArduCopter|ArduPlane|Rover|libraries production-like C/C++ headers/sources; tests/examples excluded,NOT_RUN_NO_CAPTURE,,XML definition is not implementation support; static references are heuristic and do not prove reachability; no default runtime MAVLink capture was performed.
ArduPilot,message,51,MISSION_REQUEST_INT,all.xml,baseline/ardupilot/modules/mavlink/message_definitions/v1.0/common.xml,DEFINED_IN_ENTRYPOINT_CLOSURE,STATIC_REFERENCE_FOUND,0,3,3,baseline/ardupilot/libraries/GCS_MAVLink/GCS_Common.cpp:4457|baseline/ardupilot/libraries/GCS_MAVLink/GCS_Common.cpp:4729|baseline/ardupilot/libraries/GCS_MAVLink/GCS_Common.cpp:670|baseline/ardupilot/libraries/GCS_MAVLink/GCS_Common.cpp:671|baseline/ardupilot/libraries/GCS_MAVLink/MissionItemProtocol.cpp:143|baseline/ardupilot/libraries/GCS_MAVLink/MissionItemProtocol.h:34,2978,ArduCopter|ArduPlane|Rover|libraries production-like C/C++ headers/sources; tests/examples excluded,NOT_RUN_NO_CAPTURE,,XML definition is not implementation support; static references are heuristic and do not prove reachability; no default runtime MAVLink capture was performed.
ArduPilot,message,53,MISSION_CHECKSUM,all.xml,baseline/ardupilot/modules/mavlink/message_definitions/v1.0/development.xml,DEFINED_IN_ENTRYPOINT_CLOSURE,NO_REFERENCE_FOUND_BY_HEURISTIC_SCAN,0,0,0,,2978,ArduCopter|ArduPlane|Rover|libraries production-like C/C++ headers/sources; tests/examples excluded,NOT_RUN_NO_CAPTURE,,XML definition is not implementation support; static references are heuristic and do not prove reachability; no default runtime MAVLink capture was performed.
ArduPilot,message,54,SAFETY_SET_ALLOWED_AREA,all.xml,baseline/ardupilot/modules/mavlink/message_definitions/v1.0/common.xml,DEFINED_IN_ENTRYPOINT_CLOSURE,NO_REFERENCE_FOUND_BY_HEURISTIC_SCAN,0,0,0,,2978,ArduCopter|ArduPlane|Rover|libraries production-like C/C++ headers/sources; tests/examples excluded,NOT_RUN_NO_CAPTURE,,XML definition is not implementation support; static references are heuristic and do not prove reachability; no default runtime MAVLink capture was performed.
ArduPilot,message,55,SAFETY_ALLOWED_AREA,all.xml,baseline/ardupilot/modules/mavlink/message_definitions/v1.0/common.xml,DEFINED_IN_ENTRYPOINT_CLOSURE,NO_REFERENCE_FOUND_BY_HEURISTIC_SCAN,0,0,0,,2978,ArduCopter|ArduPlane|Rover|libraries production-like C/C++ headers/sources; tests/examples excluded,NOT_RUN_NO_CAPTURE,,XML definition is not implementation support; static references are heuristic and do not prove reachability; no default runtime MAVLink capture was performed.
ArduPilot,message,61,ATTITUDE_QUATERNION_COV,all.xml,baseline/ardupilot/modules/mavlink/message_definitions/v1.0/common.xml,DEFINED_IN_ENTRYPOINT_CLOSURE,NO_REFERENCE_FOUND_BY_HEURISTIC_SCAN,0,0,0,,2978,ArduCopter|ArduPlane|Rover|libraries production-like C/C++ headers/sources; tests/examples excluded,NOT_RUN_NO_CAPTURE,,XML definition is not implementation support; static references are heuristic and do not prove reachability; no default runtime MAVLink capture was performed.
ArduPilot,message,62,NAV_CONTROLLER_OUTPUT,all.xml,baseline/ardupilot/modules/mavlink/message_definitions/v1.0/common.xml,DEFINED_IN_ENTRYPOINT_CLOSURE,STATIC_REFERENCE_FOUND,4,0,1,baseline/ardupilot/ArduCopter/GCS_MAVLink_Copter.cpp:185|baseline/ardupilot/ArduPlane/GCS_MAVLink_Plane.cpp:218|baseline/ardupilot/ArduPlane/GCS_MAVLink_Plane.cpp:233|baseline/ardupilot/Rover/GCS_MAVLink_Rover.cpp:88|baseline/ardupilot/libraries/GCS_MAVLink/GCS_Common.cpp:1054,2978,ArduCopter|ArduPlane|Rover|libraries production-like C/C++ headers/sources; tests/examples excluded,NOT_RUN_NO_CAPTURE,,XML definition is not implementation support; static references are heuristic and do not prove reachability; no default runtime MAVLink capture was performed.
ArduPilot,message,63,GLOBAL_POSITION_INT_COV,all.xml,baseline/ardupilot/modules/mavlink/message_definitions/v1.0/common.xml,DEFINED_IN_ENTRYPOINT_CLOSURE,NO_REFERENCE_FOUND_BY_HEURISTIC_SCAN,0,0,0,,2978,ArduCopter|ArduPlane|Rover|libraries production-like C/C++ headers/sources; tests/examples excluded,NOT_RUN_NO_CAPTURE,,XML definition is not implementation support; static references are heuristic and do not prove reachability; no default runtime MAVLink capture was performed.
ArduPilot,message,64,LOCAL_POSITION_NED_COV,all.xml,baseline/ardupilot/modules/mavlink/message_definitions/v1.0/common.xml,DEFINED_IN_ENTRYPOINT_CLOSURE,NO_REFERENCE_FOUND_BY_HEURISTIC_SCAN,0,0,0,,2978,ArduCopter|ArduPlane|Rover|libraries production-like C/C++ headers/sources; tests/examples excluded,NOT_RUN_NO_CAPTURE,,XML definition is not implementation support; static references are heuristic and do not prove reachability; no default runtime MAVLink capture was performed.
ArduPilot,message,65,RC_CHANNELS,all.xml,baseline/ardupilot/modules/mavlink/message_definitions/v1.0/common.xml,DEFINED_IN_ENTRYPOINT_CLOSURE,STATIC_REFERENCE_FOUND,1,0,1,baseline/ardupilot/libraries/GCS_MAVLink/GCS_Common.cpp:1057|baseline/ardupilot/libraries/GCS_MAVLink/GCS_Common.cpp:2173,2978,ArduCopter|ArduPlane|Rover|libraries production-like C/C++ headers/sources; tests/examples excluded,NOT_RUN_NO_CAPTURE,,XML definition is not implementation support; static references are heuristic and do not prove reachability; no default runtime MAVLink capture was performed.
ArduPilot,message,66,REQUEST_DATA_STREAM,all.xml,baseline/ardupilot/modules/mavlink/message_definitions/v1.0/common.xml,DEFINED_IN_ENTRYPOINT_CLOSURE,STATIC_REFERENCE_FOUND,0,2,1,baseline/ardupilot/libraries/GCS_MAVLink/GCS_Common.cpp:4540|baseline/ardupilot/libraries/GCS_MAVLink/GCS_Param.cpp:131|baseline/ardupilot/libraries/GCS_MAVLink/GCS_Param.cpp:132,2978,ArduCopter|ArduPlane|Rover|libraries production-like C/C++ headers/sources; tests/examples excluded,NOT_RUN_NO_CAPTURE,,XML definition is not implementation support; static references are heuristic and do not prove reachability; no default runtime MAVLink capture was performed.
ArduPilot,message,67,DATA_STREAM,all.xml,baseline/ardupilot/modules/mavlink/message_definitions/v1.0/common.xml,DEFINED_IN_ENTRYPOINT_CLOSURE,NO_REFERENCE_FOUND_BY_HEURISTIC_SCAN,0,0,0,,2978,ArduCopter|ArduPlane|Rover|libraries production-like C/C++ headers/sources; tests/examples excluded,NOT_RUN_NO_CAPTURE,,XML definition is not implementation support; static references are heuristic and do not prove reachability; no default runtime MAVLink capture was performed.
ArduPilot,message,69,MANUAL_CONTROL,all.xml,baseline/ardupilot/modules/mavlink/message_definitions/v1.0/common.xml,DEFINED_IN_ENTRYPOINT_CLOSURE,STATIC_REFERENCE_FOUND,0,2,8,baseline/ardupilot/ArduCopter/GCS_MAVLink_Copter.cpp:838|baseline/ardupilot/ArduCopter/GCS_MAVLink_Copter.h:52|baseline/ardupilot/ArduPlane/GCS_MAVLink_Plane.cpp:978|baseline/ardupilot/ArduPlane/GCS_MAVLink_Plane.h:44|baseline/ardupilot/Rover/GCS_MAVLink_Rover.cpp:567|baseline/ardupilot/Rover/GCS_MAVLink_Rover.h:40|baseline/ardupilot/libraries/GCS_MAVLink/GCS.h:1023|baseline/ardupilot/libraries/GCS_MAVLink/GCS_Common.cpp:4528|baseline/ardupilot/libraries/GCS_MAVLink/GCS_Common.cpp:7642|baseline/ardupilot/libraries/GCS_MAVLink/GCS_Common.cpp:7643,2978,ArduCopter|ArduPlane|Rover|libraries production-like C/C++ headers/sources; tests/examples excluded,NOT_RUN_NO_CAPTURE,,XML definition is not implementation support; static references are heuristic and do not prove reachability; no default runtime MAVLink capture was performed.
ArduPilot,message,70,RC_CHANNELS_OVERRIDE,all.xml,baseline/ardupilot/modules/mavlink/message_definitions/v1.0/common.xml,DEFINED_IN_ENTRYPOINT_CLOSURE,STATIC_REFERENCE_FOUND,0,2,1,baseline/ardupilot/libraries/GCS_MAVLink/GCS_Common.cpp:4204|baseline/ardupilot/libraries/GCS_MAVLink/GCS_Common.cpp:4205|baseline/ardupilot/libraries/GCS_MAVLink/GCS_Common.cpp:4590,2978,ArduCopter|ArduPlane|Rover|libraries production-like C/C++ headers/sources; tests/examples excluded,NOT_RUN_NO_CAPTURE,,XML definition is not implementation support; static references are heuristic and do not prove reachability; no default runtime MAVLink capture was performed.
ArduPilot,message,73,MISSION_ITEM_INT,all.xml,baseline/ardupilot/modules/mavlink/message_definitions/v1.0/common.xml,DEFINED_IN_ENTRYPOINT_CLOSURE,STATIC_REFERENCE_FOUND,0,3,61,baseline/ardupilot/libraries/AP_Filesystem/AP_Filesystem_Mission.cpp:155|baseline/ardupilot/libraries/AP_Filesystem/AP_Filesystem_Mission.cpp:242|baseline/ardupilot/libraries/AP_Filesystem/AP_Filesystem_Mission.cpp:423|baseline/ardupilot/libraries/AP_Filesystem/AP_Filesystem_Mission.cpp:479|baseline/ardupilot/libraries/AP_Filesystem/AP_Filesystem_Mission.cpp:516|baseline/ardupilot/libraries/AP_Filesystem/AP_Filesystem_Mission.h:68|baseline/ardupilot/libraries/AP_Logger/LogFile.cpp:311|baseline/ardupilot/libraries/AP_Mission/AP_Mission.cpp:1020|baseline/ardupilot/libraries/AP_Mission/AP_Mission.cpp:1071|baseline/ardupilot/libraries/AP_Mission/AP_Mission.cpp:1547|baseline/ardupilot/libraries/AP_Mission/AP_Mission.cpp:1592|baseline/ardupilot/libraries/AP_Mission/AP_Mission.cpp:1632|baseline/ardupilot/libraries/AP_Mission/AP_Mission.cpp:723|baseline/ardupilot/libraries/AP_Mission/AP_Mission.cpp:758|baseline/ardupilot/libraries/AP_Mission/AP_Mission.cpp:760|baseline/ardupilot/libraries/AP_Mission/AP_Mission.h:672|baseline/ardupilot/libraries/AP_Mission/AP_Mission.h:673|baseline/ardupilot/libraries/AP_Mission/AP_Mission.h:678|baseline/ardupilot/libraries/AP_Mission/AP_Mission.h:682|baseline/ardupilot/libraries/AP_Mission/AP_Mission.h:784|baseline/ardupilot/libraries/AP_Mission/AP_Mission.h:785|baseline/ardupilot/libraries/AP_Mission/AP_Mission.h:917|baseline/ardupilot/libraries/GCS_MAVLink/GCS_Common.cpp:4456|baseline/ardupilot/libraries/GCS_MAVLink/GCS_Common.cpp:4724|baseline/ardupilot/libraries/GCS_MAVLink/GCS_Common.cpp:955|baseline/ardupilot/libraries/GCS_MAVLink/GCS_Common.cpp:978|baseline/ardupilot/libraries/GCS_MAVLink/MissionItemProtocol.cpp:157|baseline/ardupilot/libraries/GCS_MAVLink/MissionItemProtocol.cpp:179|baseline/ardupilot/libraries/GCS_MAVLink/MissionItemProtocol.cpp:192|baseline/ardupilot/libraries/GCS_MAVLink/MissionItemProtocol.cpp:264|baseline/ardupilot/libraries/GCS_MAVLink/MissionItemProtocol.h:106|baseline/ardupilot/libraries/GCS_MAVLink/MissionItemProtocol.h:126|baseline/ardupilot/libraries/GCS_MAVLink/MissionItemProtocol.h:127|baseline/ardupilot/libraries/GCS_MAVLink/MissionItemProtocol.h:50|baseline/ardupilot/libraries/GCS_MAVLink/MissionItemProtocol_Fence.cpp:104|baseline/ardupilot/libraries/GCS_MAVLink/MissionItemProtocol_Fence.cpp:13|baseline/ardupilot/libraries/GCS_MAVLink/MissionItemProtocol_Fence.cpp:153|baseline/ardupilot/libraries/GCS_MAVLink/MissionItemProtocol_Fence.cpp:16|baseline/ardupilot/libraries/GCS_MAVLink/MissionItemProtocol_Fence.cpp:173|baseline/ardupilot/libraries/GCS_MAVLink/MissionItemProtocol_Fence.cpp:83,2978,ArduCopter|ArduPlane|Rover|libraries production-like C/C++ headers/sources; tests/examples excluded,NOT_RUN_NO_CAPTURE,,XML definition is not implementation support; static references are heuristic and do not prove reachability; no default runtime MAVLink capture was performed.
ArduPilot,message,74,VFR_HUD,all.xml,baseline/ardupilot/modules/mavlink/message_definitions/v1.0/common.xml,DEFINED_IN_ENTRYPOINT_CLOSURE,STATIC_REFERENCE_FOUND,1,0,1,baseline/ardupilot/libraries/GCS_MAVLink/GCS_Common.cpp:1101|baseline/ardupilot/libraries/GCS_MAVLink/GCS_Common.cpp:3506,2978,ArduCopter|ArduPlane|Rover|libraries production-like C/C++ headers/sources; tests/examples excluded,NOT_RUN_NO_CAPTURE,,XML definition is not implementation support; static references are heuristic and do not prove reachability; no default runtime MAVLink capture was performed.
ArduPilot,message,75,COMMAND_INT,all.xml,baseline/ardupilot/modules/mavlink/message_definitions/v1.0/common.xml,DEFINED_IN_ENTRYPOINT_CLOSURE,STATIC_REFERENCE_FOUND,0,4,195,baseline/ardupilot/ArduCopter/GCS_MAVLink_Copter.cpp:1204|baseline/ardupilot/ArduCopter/GCS_MAVLink_Copter.cpp:397|baseline/ardupilot/ArduCopter/GCS_MAVLink_Copter.cpp:417|baseline/ardupilot/ArduCopter/GCS_MAVLink_Copter.cpp:429|baseline/ardupilot/ArduCopter/GCS_MAVLink_Copter.cpp:468|baseline/ardupilot/ArduCopter/GCS_MAVLink_Copter.cpp:558|baseline/ardupilot/ArduCopter/GCS_MAVLink_Copter.cpp:578|baseline/ardupilot/ArduCopter/GCS_MAVLink_Copter.cpp:612|baseline/ardupilot/ArduCopter/GCS_MAVLink_Copter.cpp:631|baseline/ardupilot/ArduCopter/GCS_MAVLink_Copter.cpp:663|baseline/ardupilot/ArduCopter/GCS_MAVLink_Copter.cpp:683|baseline/ardupilot/ArduCopter/GCS_MAVLink_Copter.cpp:702|baseline/ardupilot/ArduCopter/GCS_MAVLink_Copter.cpp:719|baseline/ardupilot/ArduCopter/GCS_MAVLink_Copter.cpp:745|baseline/ardupilot/ArduCopter/GCS_MAVLink_Copter.cpp:758|baseline/ardupilot/ArduCopter/GCS_MAVLink_Copter.cpp:779|baseline/ardupilot/ArduCopter/GCS_MAVLink_Copter.cpp:813|baseline/ardupilot/ArduCopter/GCS_MAVLink_Copter.h:104|baseline/ardupilot/ArduCopter/GCS_MAVLink_Copter.h:105|baseline/ardupilot/ArduCopter/GCS_MAVLink_Copter.h:106|baseline/ardupilot/ArduCopter/GCS_MAVLink_Copter.h:107|baseline/ardupilot/ArduCopter/GCS_MAVLink_Copter.h:110|baseline/ardupilot/ArduCopter/GCS_MAVLink_Copter.h:111|baseline/ardupilot/ArduCopter/GCS_MAVLink_Copter.h:112|baseline/ardupilot/ArduCopter/GCS_MAVLink_Copter.h:119|baseline/ardupilot/ArduCopter/GCS_MAVLink_Copter.h:120|baseline/ardupilot/ArduCopter/GCS_MAVLink_Copter.h:123|baseline/ardupilot/ArduCopter/GCS_MAVLink_Copter.h:20|baseline/ardupilot/ArduCopter/GCS_MAVLink_Copter.h:25|baseline/ardupilot/ArduCopter/GCS_MAVLink_Copter.h:32|baseline/ardupilot/ArduCopter/GCS_MAVLink_Copter.h:34|baseline/ardupilot/ArduCopter/GCS_MAVLink_Copter.h:36|baseline/ardupilot/ArduCopter/GCS_MAVLink_Copter.h:37|baseline/ardupilot/ArduCopter/GCS_MAVLink_Copter.h:38|baseline/ardupilot/ArduPlane/GCS_MAVLink_Plane.cpp:1136|baseline/ardupilot/ArduPlane/GCS_MAVLink_Plane.cpp:501|baseline/ardupilot/ArduPlane/GCS_MAVLink_Plane.cpp:557|baseline/ardupilot/ArduPlane/GCS_MAVLink_Plane.cpp:609|baseline/ardupilot/ArduPlane/GCS_MAVLink_Plane.cpp:629|baseline/ardupilot/ArduPlane/GCS_MAVLink_Plane.cpp:727,2978,ArduCopter|ArduPlane|Rover|libraries production-like C/C++ headers/sources; tests/examples excluded,NOT_RUN_NO_CAPTURE,,XML definition is not implementation support; static references are heuristic and do not prove reachability; no default runtime MAVLink capture was performed.
ArduPilot,message,76,COMMAND_LONG,all.xml,baseline/ardupilot/modules/mavlink/message_definitions/v1.0/common.xml,DEFINED_IN_ENTRYPOINT_CLOSURE,STATIC_REFERENCE_FOUND,3,9,48,baseline/ardupilot/ArduPlane/GCS_MAVLink_Plane.cpp:859|baseline/ardupilot/ArduPlane/GCS_MAVLink_Plane.cpp:879|baseline/ardupilot/ArduPlane/GCS_MAVLink_Plane.h:73|baseline/ardupilot/ArduPlane/GCS_MAVLink_Plane.h:74|baseline/ardupilot/libraries/AP_BattMonitor/AP_BattMonitor.cpp:1115|baseline/ardupilot/libraries/AP_BattMonitor/AP_BattMonitor.cpp:1118|baseline/ardupilot/libraries/AP_Camera/AP_Camera_MAVLink.cpp:12|baseline/ardupilot/libraries/AP_Camera/AP_Camera_MAVLink.cpp:17|baseline/ardupilot/libraries/AP_Camera/AP_Camera_MAVLink.cpp:25|baseline/ardupilot/libraries/AP_Camera/AP_Camera_MAVLink.cpp:38|baseline/ardupilot/libraries/AP_Camera/AP_Camera_MAVLink.cpp:51|baseline/ardupilot/libraries/AP_Camera/AP_Camera_MAVLink.cpp:61|baseline/ardupilot/libraries/AP_Camera/AP_Camera_MAVLinkCamV2.cpp:109|baseline/ardupilot/libraries/AP_Camera/AP_Camera_MAVLinkCamV2.cpp:129|baseline/ardupilot/libraries/AP_Camera/AP_Camera_MAVLinkCamV2.cpp:236|baseline/ardupilot/libraries/AP_Camera/AP_Camera_MAVLinkCamV2.cpp:250|baseline/ardupilot/libraries/AP_Camera/AP_Camera_MAVLinkCamV2.cpp:31|baseline/ardupilot/libraries/AP_Camera/AP_Camera_MAVLinkCamV2.cpp:38|baseline/ardupilot/libraries/AP_Camera/AP_Camera_MAVLinkCamV2.cpp:53|baseline/ardupilot/libraries/AP_Camera/AP_Camera_MAVLinkCamV2.cpp:66|baseline/ardupilot/libraries/AP_Camera/AP_Camera_MAVLinkCamV2.cpp:80|baseline/ardupilot/libraries/AP_Camera/AP_Camera_MAVLinkCamV2.cpp:94|baseline/ardupilot/libraries/AP_Frsky_Telem/AP_Frsky_MAVliteMsgHandler.cpp:101|baseline/ardupilot/libraries/AP_Frsky_Telem/AP_Frsky_MAVliteMsgHandler.cpp:122|baseline/ardupilot/libraries/AP_Frsky_Telem/AP_Frsky_MAVliteMsgHandler.cpp:147|baseline/ardupilot/libraries/AP_Frsky_Telem/AP_Frsky_MAVliteMsgHandler.cpp:17|baseline/ardupilot/libraries/AP_Frsky_Telem/AP_Frsky_MAVliteMsgHandler.cpp:254|baseline/ardupilot/libraries/AP_Frsky_Telem/AP_Frsky_MAVliteMsgHandler.cpp:282|baseline/ardupilot/libraries/AP_Frsky_Telem/AP_Frsky_MAVliteMsgHandler.cpp:49|baseline/ardupilot/libraries/AP_Frsky_Telem/AP_Frsky_MAVliteMsgHandler.h:28|baseline/ardupilot/libraries/AP_Frsky_Telem/AP_Frsky_MAVliteMsgHandler.h:29|baseline/ardupilot/libraries/AP_Frsky_Telem/AP_Frsky_MAVliteMsgHandler.h:30|baseline/ardupilot/libraries/AP_Frsky_Telem/AP_Frsky_MAVliteMsgHandler.h:31|baseline/ardupilot/libraries/AP_Frsky_Telem/AP_Frsky_MAVliteMsgHandler.h:32|baseline/ardupilot/libraries/AP_Generator/AP_Generator_Loweheiser.cpp:471|baseline/ardupilot/libraries/AP_Mount/AP_Mount_MAVLink.cpp:177|baseline/ardupilot/libraries/AP_Mount/AP_Mount_MAVLink.cpp:191|baseline/ardupilot/libraries/AP_Mount/AP_Mount_SToRM32.cpp:75|baseline/ardupilot/libraries/GCS_MAVLink/GCS.h:807|baseline/ardupilot/libraries/GCS_MAVLink/GCS.h:809,2978,ArduCopter|ArduPlane|Rover|libraries production-like C/C++ headers/sources; tests/examples excluded,NOT_RUN_NO_CAPTURE,,XML definition is not implementation support; static references are heuristic and do not prove reachability; no default runtime MAVLink capture was performed.
ArduPilot,message,77,COMMAND_ACK,all.xml,baseline/ardupilot/modules/mavlink/message_definitions/v1.0/common.xml,DEFINED_IN_ENTRYPOINT_CLOSURE,STATIC_REFERENCE_FOUND,7,4,7,baseline/ardupilot/ArduCopter/compassmot.cpp:88|baseline/ardupilot/libraries/AP_AccelCal/AP_AccelCal.cpp:367|baseline/ardupilot/libraries/AP_AccelCal/AP_AccelCal.h:49|baseline/ardupilot/libraries/AP_Frsky_Telem/AP_Frsky_MAVliteMsgHandler.cpp:112|baseline/ardupilot/libraries/AP_Generator/AP_Generator_Loweheiser.cpp:672|baseline/ardupilot/libraries/AP_Generator/AP_Generator_Loweheiser.cpp:677|baseline/ardupilot/libraries/AP_Generator/AP_Generator_Loweheiser.h:94|baseline/ardupilot/libraries/GCS_MAVLink/GCS_Common.cpp:1446|baseline/ardupilot/libraries/GCS_MAVLink/GCS_Common.cpp:3686|baseline/ardupilot/libraries/GCS_MAVLink/GCS_Common.cpp:4178|baseline/ardupilot/libraries/GCS_MAVLink/GCS_Common.cpp:4179|baseline/ardupilot/libraries/GCS_MAVLink/GCS_Common.cpp:4378|baseline/ardupilot/libraries/GCS_MAVLink/GCS_Common.cpp:5435|baseline/ardupilot/libraries/GCS_MAVLink/GCS_Common.cpp:5458|baseline/ardupilot/libraries/GCS_MAVLink/GCS_Common.cpp:5928|baseline/ardupilot/libraries/SITL/SIM_Loweheiser.cpp:127|baseline/ardupilot/libraries/SITL/SIM_MAVLinkCamV2.cpp:150|baseline/ardupilot/libraries/SITL/SIM_MAVLinkGimbalv2.cpp:319,2978,ArduCopter|ArduPlane|Rover|libraries production-like C/C++ headers/sources; tests/examples excluded,NOT_RUN_NO_CAPTURE,,XML definition is not implementation support; static references are heuristic and do not prove reachability; no default runtime MAVLink capture was performed.
ArduPilot,message,81,MANUAL_SETPOINT,all.xml,baseline/ardupilot/modules/mavlink/message_definitions/v1.0/common.xml,DEFINED_IN_ENTRYPOINT_CLOSURE,NO_REFERENCE_FOUND_BY_HEURISTIC_SCAN,0,0,0,,2978,ArduCopter|ArduPlane|Rover|libraries production-like C/C++ headers/sources; tests/examples excluded,NOT_RUN_NO_CAPTURE,,XML definition is not implementation support; static references are heuristic and do not prove reachability; no default runtime MAVLink capture was performed.
ArduPilot,message,82,SET_ATTITUDE_TARGET,all.xml,baseline/ardupilot/modules/mavlink/message_definitions/v1.0/common.xml,DEFINED_IN_ENTRYPOINT_CLOSURE,STATIC_REFERENCE_FOUND,0,6,3,baseline/ardupilot/ArduCopter/GCS_MAVLink_Copter.cpp:1182|baseline/ardupilot/ArduCopter/GCS_MAVLink_Copter.cpp:893|baseline/ardupilot/ArduCopter/GCS_MAVLink_Copter.cpp:894|baseline/ardupilot/ArduPlane/GCS_MAVLink_Plane.cpp:1019|baseline/ardupilot/ArduPlane/GCS_MAVLink_Plane.cpp:1020|baseline/ardupilot/ArduPlane/GCS_MAVLink_Plane.cpp:990|baseline/ardupilot/Rover/GCS_MAVLink_Rover.cpp:549|baseline/ardupilot/Rover/GCS_MAVLink_Rover.cpp:576|baseline/ardupilot/Rover/GCS_MAVLink_Rover.cpp:577,2978,ArduCopter|ArduPlane|Rover|libraries production-like C/C++ headers/sources; tests/examples excluded,NOT_RUN_NO_CAPTURE,,XML definition is not implementation support; static references are heuristic and do not prove reachability; no default runtime MAVLink capture was performed.
ArduPilot,message,83,ATTITUDE_TARGET,all.xml,baseline/ardupilot/modules/mavlink/message_definitions/v1.0/common.xml,DEFINED_IN_ENTRYPOINT_CLOSURE,STATIC_REFERENCE_FOUND,2,0,1,baseline/ardupilot/ArduCopter/GCS_MAVLink_Copter.cpp:98|baseline/ardupilot/ArduPlane/GCS_MAVLink_Plane.cpp:180|baseline/ardupilot/libraries/GCS_MAVLink/GCS_Common.cpp:1151,2978,ArduCopter|ArduPlane|Rover|libraries production-like C/C++ headers/sources; tests/examples excluded,NOT_RUN_NO_CAPTURE,,XML definition is not implementation support; static references are heuristic and do not prove reachability; no default runtime MAVLink capture was performed.
ArduPilot,message,84,SET_POSITION_TARGET_LOCAL_NED,all.xml,baseline/ardupilot/modules/mavlink/message_definitions/v1.0/common.xml,DEFINED_IN_ENTRYPOINT_CLOSURE,STATIC_REFERENCE_FOUND,0,6,3,baseline/ardupilot/ArduCopter/GCS_MAVLink_Copter.cpp:1185|baseline/ardupilot/ArduCopter/GCS_MAVLink_Copter.cpp:969|baseline/ardupilot/ArduCopter/GCS_MAVLink_Copter.cpp:970|baseline/ardupilot/ArduPlane/GCS_MAVLink_Plane.cpp:1079|baseline/ardupilot/ArduPlane/GCS_MAVLink_Plane.cpp:1080|baseline/ardupilot/ArduPlane/GCS_MAVLink_Plane.cpp:994|baseline/ardupilot/Rover/GCS_MAVLink_Rover.cpp:553|baseline/ardupilot/Rover/GCS_MAVLink_Rover.cpp:615|baseline/ardupilot/Rover/GCS_MAVLink_Rover.cpp:616,2978,ArduCopter|ArduPlane|Rover|libraries production-like C/C++ headers/sources; tests/examples excluded,NOT_RUN_NO_CAPTURE,,XML definition is not implementation support; static references are heuristic and do not prove reachability; no default runtime MAVLink capture was performed.
ArduPilot,message,85,POSITION_TARGET_LOCAL_NED,all.xml,baseline/ardupilot/modules/mavlink/message_definitions/v1.0/common.xml,DEFINED_IN_ENTRYPOINT_CLOSURE,STATIC_REFERENCE_FOUND,1,0,1,baseline/ardupilot/ArduCopter/GCS_MAVLink_Copter.cpp:159|baseline/ardupilot/libraries/GCS_MAVLink/GCS_Common.cpp:1153,2978,ArduCopter|ArduPlane|Rover|libraries production-like C/C++ headers/sources; tests/examples excluded,NOT_RUN_NO_CAPTURE,,XML definition is not implementation support; static references are heuristic and do not prove reachability; no default runtime MAVLink capture was performed.
ArduPilot,message,86,SET_POSITION_TARGET_GLOBAL_INT,all.xml,baseline/ardupilot/modules/mavlink/message_definitions/v1.0/common.xml,DEFINED_IN_ENTRYPOINT_CLOSURE,STATIC_REFERENCE_FOUND,1,6,3,baseline/ardupilot/ArduCopter/GCS_MAVLink_Copter.cpp:1080|baseline/ardupilot/ArduCopter/GCS_MAVLink_Copter.cpp:1081|baseline/ardupilot/ArduCopter/GCS_MAVLink_Copter.cpp:1188|baseline/ardupilot/ArduPlane/GCS_MAVLink_Plane.cpp:1111|baseline/ardupilot/ArduPlane/GCS_MAVLink_Plane.cpp:1112|baseline/ardupilot/ArduPlane/GCS_MAVLink_Plane.cpp:998|baseline/ardupilot/Rover/GCS_MAVLink_Rover.cpp:557|baseline/ardupilot/Rover/GCS_MAVLink_Rover.cpp:754|baseline/ardupilot/Rover/GCS_MAVLink_Rover.cpp:755|baseline/ardupilot/libraries/GCS_MAVLink/GCS_Common.cpp:6358,2978,ArduCopter|ArduPlane|Rover|libraries production-like C/C++ headers/sources; tests/examples excluded,NOT_RUN_NO_CAPTURE,,XML definition is not implementation support; static references are heuristic and do not prove reachability; no default runtime MAVLink capture was performed.
ArduPilot,message,87,POSITION_TARGET_GLOBAL_INT,all.xml,baseline/ardupilot/modules/mavlink/message_definitions/v1.0/common.xml,DEFINED_IN_ENTRYPOINT_CLOSURE,STATIC_REFERENCE_FOUND,1,0,1,baseline/ardupilot/libraries/GCS_MAVLink/GCS_Common.cpp:1152|baseline/ardupilot/libraries/GCS_MAVLink/GCS_Common.cpp:6393,2978,ArduCopter|ArduPlane|Rover|libraries production-like C/C++ headers/sources; tests/examples excluded,NOT_RUN_NO_CAPTURE,,XML definition is not implementation support; static references are heuristic and do not prove reachability; no default runtime MAVLink capture was performed.
ArduPilot,message,89,LOCAL_POSITION_NED_SYSTEM_GLOBAL_OFFSET,all.xml,baseline/ardupilot/modules/mavlink/message_definitions/v1.0/common.xml,DEFINED_IN_ENTRYPOINT_CLOSURE,NO_REFERENCE_FOUND_BY_HEURISTIC_SCAN,0,0,0,,2978,ArduCopter|ArduPlane|Rover|libraries production-like C/C++ headers/sources; tests/examples excluded,NOT_RUN_NO_CAPTURE,,XML definition is not implementation support; static references are heuristic and do not prove reachability; no default runtime MAVLink capture was performed.
ArduPilot,message,90,HIL_STATE,all.xml,baseline/ardupilot/modules/mavlink/message_definitions/v1.0/common.xml,DEFINED_IN_ENTRYPOINT_CLOSURE,NO_REFERENCE_FOUND_BY_HEURISTIC_SCAN,0,0,0,,2978,ArduCopter|ArduPlane|Rover|libraries production-like C/C++ headers/sources; tests/examples excluded,NOT_RUN_NO_CAPTURE,,XML definition is not implementation support; static references are heuristic and do not prove reachability; no default runtime MAVLink capture was performed.
ArduPilot,message,91,HIL_CONTROLS,all.xml,baseline/ardupilot/modules/mavlink/message_definitions/v1.0/common.xml,DEFINED_IN_ENTRYPOINT_CLOSURE,NO_REFERENCE_FOUND_BY_HEURISTIC_SCAN,0,0,0,,2978,ArduCopter|ArduPlane|Rover|libraries production-like C/C++ headers/sources; tests/examples excluded,NOT_RUN_NO_CAPTURE,,XML definition is not implementation support; static references are heuristic and do not prove reachability; no default runtime MAVLink capture was performed.
ArduPilot,message,92,HIL_RC_INPUTS_RAW,all.xml,baseline/ardupilot/modules/mavlink/message_definitions/v1.0/common.xml,DEFINED_IN_ENTRYPOINT_CLOSURE,NO_REFERENCE_FOUND_BY_HEURISTIC_SCAN,0,0,0,,2978,ArduCopter|ArduPlane|Rover|libraries production-like C/C++ headers/sources; tests/examples excluded,NOT_RUN_NO_CAPTURE,,XML definition is not implementation support; static references are heuristic and do not prove reachability; no default runtime MAVLink capture was performed.
ArduPilot,message,93,HIL_ACTUATOR_CONTROLS,all.xml,baseline/ardupilot/modules/mavlink/message_definitions/v1.0/common.xml,DEFINED_IN_ENTRYPOINT_CLOSURE,NO_REFERENCE_FOUND_BY_HEURISTIC_SCAN,0,0,0,,2978,ArduCopter|ArduPlane|Rover|libraries production-like C/C++ headers/sources; tests/examples excluded,NOT_RUN_NO_CAPTURE,,XML definition is not implementation support; static references are heuristic and do not prove reachability; no default runtime MAVLink capture was performed.
ArduPilot,message,100,OPTICAL_FLOW,all.xml,baseline/ardupilot/modules/mavlink/message_definitions/v1.0/common.xml,DEFINED_IN_ENTRYPOINT_CLOSURE,STATIC_REFERENCE_FOUND,1,2,2,baseline/ardupilot/libraries/AP_OpticalFlow/AP_OpticalFlow_MAV.cpp:102|baseline/ardupilot/libraries/AP_OpticalFlow/AP_OpticalFlow_MAV.cpp:103|baseline/ardupilot/libraries/GCS_MAVLink/GCS_Common.cpp:1136|baseline/ardupilot/libraries/GCS_MAVLink/GCS_Common.cpp:2962|baseline/ardupilot/libraries/GCS_MAVLink/GCS_Common.cpp:4601,2978,ArduCopter|ArduPlane|Rover|libraries production-like C/C++ headers/sources; tests/examples excluded,NOT_RUN_NO_CAPTURE,,XML definition is not implementation support; static references are heuristic and do not prove reachability; no default runtime MAVLink capture was performed.
ArduPilot,message,101,GLOBAL_VISION_POSITION_ESTIMATE,all.xml,baseline/ardupilot/modules/mavlink/message_definitions/v1.0/common.xml,DEFINED_IN_ENTRYPOINT_CLOSURE,STATIC_REFERENCE_FOUND,0,2,1,baseline/ardupilot/libraries/GCS_MAVLink/GCS_Common.cpp:4046|baseline/ardupilot/libraries/GCS_MAVLink/GCS_Common.cpp:4047|baseline/ardupilot/libraries/GCS_MAVLink/GCS_Common.cpp:4562,2978,ArduCopter|ArduPlane|Rover|libraries production-like C/C++ headers/sources; tests/examples excluded,NOT_RUN_NO_CAPTURE,,XML definition is not implementation support; static references are heuristic and do not prove reachability; no default runtime MAVLink capture was performed.
ArduPilot,message,102,VISION_POSITION_ESTIMATE,all.xml,baseline/ardupilot/modules/mavlink/message_definitions/v1.0/common.xml,DEFINED_IN_ENTRYPOINT_CLOSURE,STATIC_REFERENCE_FOUND,0,2,2,baseline/ardupilot/libraries/GCS_MAVLink/GCS_Common.cpp:4037|baseline/ardupilot/libraries/GCS_MAVLink/GCS_Common.cpp:4038|baseline/ardupilot/libraries/GCS_MAVLink/GCS_Common.cpp:4558|baseline/ardupilot/libraries/SITL/SIM_Vicon.cpp:323,2978,ArduCopter|ArduPlane|Rover|libraries production-like C/C++ headers/sources; tests/examples excluded,NOT_RUN_NO_CAPTURE,,XML definition is not implementation support; static references are heuristic and do not prove reachability; no default runtime MAVLink capture was performed.
ArduPilot,message,103,VISION_SPEED_ESTIMATE,all.xml,baseline/ardupilot/modules/mavlink/message_definitions/v1.0/common.xml,DEFINED_IN_ENTRYPOINT_CLOSURE,STATIC_REFERENCE_FOUND,0,2,2,baseline/ardupilot/libraries/GCS_MAVLink/GCS_Common.cpp:4163|baseline/ardupilot/libraries/GCS_MAVLink/GCS_Common.cpp:4164|baseline/ardupilot/libraries/GCS_MAVLink/GCS_Common.cpp:4578|baseline/ardupilot/libraries/SITL/SIM_Vicon.cpp:373,2978,ArduCopter|ArduPlane|Rover|libraries production-like C/C++ headers/sources; tests/examples excluded,NOT_RUN_NO_CAPTURE,,XML definition is not implementation support; static references are heuristic and do not prove reachability; no default runtime MAVLink capture was performed.
ArduPilot,message,104,VICON_POSITION_ESTIMATE,all.xml,baseline/ardupilot/modules/mavlink/message_definitions/v1.0/common.xml,DEFINED_IN_ENTRYPOINT_CLOSURE,STATIC_REFERENCE_FOUND,0,2,2,baseline/ardupilot/libraries/GCS_MAVLink/GCS_Common.cpp:4055|baseline/ardupilot/libraries/GCS_MAVLink/GCS_Common.cpp:4056|baseline/ardupilot/libraries/GCS_MAVLink/GCS_Common.cpp:4566|baseline/ardupilot/libraries/SITL/SIM_Vicon.cpp:346,2978,ArduCopter|ArduPlane|Rover|libraries production-like C/C++ headers/sources; tests/examples excluded,NOT_RUN_NO_CAPTURE,,XML definition is not implementation support; static references are heuristic and do not prove reachability; no default runtime MAVLink capture was performed.
ArduPilot,message,105,HIGHRES_IMU,all.xml,baseline/ardupilot/modules/mavlink/message_definitions/v1.0/common.xml,DEFINED_IN_ENTRYPOINT_CLOSURE,STATIC_REFERENCE_FOUND,1,0,2,baseline/ardupilot/libraries/GCS_MAVLink/GCS_Common.cpp:1066|baseline/ardupilot/libraries/GCS_MAVLink/GCS_Common.cpp:2294|baseline/ardupilot/libraries/GCS_MAVLink/GCS_Common.cpp:2335,2978,ArduCopter|ArduPlane|Rover|libraries production-like C/C++ headers/sources; tests/examples excluded,NOT_RUN_NO_CAPTURE,,XML definition is not implementation support; static references are heuristic and do not prove reachability; no default runtime MAVLink capture was performed.
ArduPilot,message,106,OPTICAL_FLOW_RAD,all.xml,baseline/ardupilot/modules/mavlink/message_definitions/v1.0/common.xml,DEFINED_IN_ENTRYPOINT_CLOSURE,NO_REFERENCE_FOUND_BY_HEURISTIC_SCAN,0,0,0,,2978,ArduCopter|ArduPlane|Rover|libraries production-like C/C++ headers/sources; tests/examples excluded,NOT_RUN_NO_CAPTURE,,XML definition is not implementation support; static references are heuristic and do not prove reachability; no default runtime MAVLink capture was performed.
ArduPilot,message,107,HIL_SENSOR,all.xml,baseline/ardupilot/modules/mavlink/message_definitions/v1.0/common.xml,DEFINED_IN_ENTRYPOINT_CLOSURE,NO_REFERENCE_FOUND_BY_HEURISTIC_SCAN,0,0,0,,2978,ArduCopter|ArduPlane|Rover|libraries production-like C/C++ headers/sources; tests/examples excluded,NOT_RUN_NO_CAPTURE,,XML definition is not implementation support; static references are heuristic and do not prove reachability; no default runtime MAVLink capture was performed.
ArduPilot,message,108,SIM_STATE,all.xml,baseline/ardupilot/modules/mavlink/message_definitions/v1.0/common.xml,DEFINED_IN_ENTRYPOINT_CLOSURE,STATIC_REFERENCE_FOUND,1,0,1,baseline/ardupilot/libraries/GCS_MAVLink/GCS_Common.cpp:1090|baseline/ardupilot/libraries/SITL/SITL.cpp:1663,2978,ArduCopter|ArduPlane|Rover|libraries production-like C/C++ headers/sources; tests/examples excluded,NOT_RUN_NO_CAPTURE,,XML definition is not implementation support; static references are heuristic and do not prove reachability; no default runtime MAVLink capture was performed.
ArduPilot,message,109,RADIO_STATUS,all.xml,baseline/ardupilot/modules/mavlink/message_definitions/v1.0/common.xml,DEFINED_IN_ENTRYPOINT_CLOSURE,STATIC_REFERENCE_FOUND,1,3,4,baseline/ardupilot/libraries/GCS_MAVLink/GCS_Common.cpp:1866|baseline/ardupilot/libraries/GCS_MAVLink/GCS_Common.cpp:4498|baseline/ardupilot/libraries/GCS_MAVLink/GCS_Common.cpp:7391|baseline/ardupilot/libraries/GCS_MAVLink/GCS_Signing.cpp:112|baseline/ardupilot/libraries/GCS_MAVLink/MAVLink_routing.cpp:114|baseline/ardupilot/libraries/GCS_MAVLink/MAVLink_routing.cpp:138|baseline/ardupilot/libraries/SITL/SIM_ELRS.cpp:122|baseline/ardupilot/libraries/SITL/SIM_ELRS.cpp:134,2978,ArduCopter|ArduPlane|Rover|libraries production-like C/C++ headers/sources; tests/examples excluded,NOT_RUN_NO_CAPTURE,,XML definition is not implementation support; static references are heuristic and do not prove reachability; no default runtime MAVLink capture was performed.
ArduPilot,message,110,FILE_TRANSFER_PROTOCOL,all.xml,baseline/ardupilot/modules/mavlink/message_definitions/v1.0/common.xml,DEFINED_IN_ENTRYPOINT_CLOSURE,STATIC_REFERENCE_FOUND,1,2,2,baseline/ardupilot/libraries/GCS_MAVLink/GCS_Common.cpp:4422|baseline/ardupilot/libraries/GCS_MAVLink/GCS_FTP.cpp:111|baseline/ardupilot/libraries/GCS_MAVLink/GCS_FTP.cpp:124|baseline/ardupilot/libraries/GCS_MAVLink/GCS_FTP.cpp:77|baseline/ardupilot/libraries/GCS_MAVLink/GCS_FTP.cpp:78,2978,ArduCopter|ArduPlane|Rover|libraries production-like C/C++ headers/sources; tests/examples excluded,NOT_RUN_NO_CAPTURE,,XML definition is not implementation support; static references are heuristic and do not prove reachability; no default runtime MAVLink capture was performed.
ArduPilot,message,111,TIMESYNC,all.xml,baseline/ardupilot/modules/mavlink/message_definitions/v1.0/common.xml,DEFINED_IN_ENTRYPOINT_CLOSURE,STATIC_REFERENCE_FOUND,2,2,2,baseline/ardupilot/libraries/GCS_MAVLink/GCS_Common.cpp:3776|baseline/ardupilot/libraries/GCS_MAVLink/GCS_Common.cpp:3777|baseline/ardupilot/libraries/GCS_MAVLink/GCS_Common.cpp:3820|baseline/ardupilot/libraries/GCS_MAVLink/GCS_Common.cpp:3825|baseline/ardupilot/libraries/GCS_MAVLink/GCS_Common.cpp:3838|baseline/ardupilot/libraries/GCS_MAVLink/GCS_Common.cpp:4408,2978,ArduCopter|ArduPlane|Rover|libraries production-like C/C++ headers/sources; tests/examples excluded,NOT_RUN_NO_CAPTURE,,XML definition is not implementation support; static references are heuristic and do not prove reachability; no default runtime MAVLink capture was performed.
ArduPilot,message,112,CAMERA_TRIGGER,all.xml,baseline/ardupilot/modules/mavlink/message_definitions/v1.0/common.xml,DEFINED_IN_ENTRYPOINT_CLOSURE,NO_REFERENCE_FOUND_BY_HEURISTIC_SCAN,0,0,0,,2978,ArduCopter|ArduPlane|Rover|libraries production-like C/C++ headers/sources; tests/examples excluded,NOT_RUN_NO_CAPTURE,,XML definition is not implementation support; static references are heuristic and do not prove reachability; no default runtime MAVLink capture was performed.
ArduPilot,message,113,HIL_GPS,all.xml,baseline/ardupilot/modules/mavlink/message_definitions/v1.0/common.xml,DEFINED_IN_ENTRYPOINT_CLOSURE,NO_REFERENCE_FOUND_BY_HEURISTIC_SCAN,0,0,0,,2978,ArduCopter|ArduPlane|Rover|libraries production-like C/C++ headers/sources; tests/examples excluded,NOT_RUN_NO_CAPTURE,,XML definition is not implementation support; static references are heuristic and do not prove reachability; no default runtime MAVLink capture was performed.
ArduPilot,message,114,HIL_OPTICAL_FLOW,all.xml,baseline/ardupilot/modules/mavlink/message_definitions/v1.0/common.xml,DEFINED_IN_ENTRYPOINT_CLOSURE,NO_REFERENCE_FOUND_BY_HEURISTIC_SCAN,0,0,0,,2978,ArduCopter|ArduPlane|Rover|libraries production-like C/C++ headers/sources; tests/examples excluded,NOT_RUN_NO_CAPTURE,,XML definition is not implementation support; static references are heuristic and do not prove reachability; no default runtime MAVLink capture was performed.
ArduPilot,message,115,HIL_STATE_QUATERNION,all.xml,baseline/ardupilot/modules/mavlink/message_definitions/v1.0/common.xml,DEFINED_IN_ENTRYPOINT_CLOSURE,NO_REFERENCE_FOUND_BY_HEURISTIC_SCAN,0,0,0,,2978,ArduCopter|ArduPlane|Rover|libraries production-like C/C++ headers/sources; tests/examples excluded,NOT_RUN_NO_CAPTURE,,XML definition is not implementation support; static references are heuristic and do not prove reachability; no default runtime MAVLink capture was performed.
ArduPilot,message,116,SCALED_IMU2,all.xml,baseline/ardupilot/modules/mavlink/message_definitions/v1.0/common.xml,DEFINED_IN_ENTRYPOINT_CLOSURE,STATIC_REFERENCE_FOUND,1,0,1,baseline/ardupilot/libraries/GCS_MAVLink/GCS_Common.cpp:1063|baseline/ardupilot/libraries/GCS_MAVLink/GCS_Common.cpp:6863,2978,ArduCopter|ArduPlane|Rover|libraries production-like C/C++ headers/sources; tests/examples excluded,NOT_RUN_NO_CAPTURE,,XML definition is not implementation support; static references are heuristic and do not prove reachability; no default runtime MAVLink capture was performed.
ArduPilot,message,117,LOG_REQUEST_LIST,all.xml,baseline/ardupilot/modules/mavlink/message_definitions/v1.0/common.xml,DEFINED_IN_ENTRYPOINT_CLOSURE,STATIC_REFERENCE_FOUND,0,4,1,baseline/ardupilot/libraries/AP_Logger/AP_Logger.cpp:883|baseline/ardupilot/libraries/AP_Logger/AP_Logger_MAVLinkLogTransfer.cpp:50|baseline/ardupilot/libraries/AP_Logger/AP_Logger_MAVLinkLogTransfer.cpp:77|baseline/ardupilot/libraries/AP_Logger/AP_Logger_MAVLinkLogTransfer.cpp:78|baseline/ardupilot/libraries/GCS_MAVLink/GCS_Common.cpp:4412,2978,ArduCopter|ArduPlane|Rover|libraries production-like C/C++ headers/sources; tests/examples excluded,NOT_RUN_NO_CAPTURE,,XML definition is not implementation support; static references are heuristic and do not prove reachability; no default runtime MAVLink capture was performed.
ArduPilot,message,118,LOG_ENTRY,all.xml,baseline/ardupilot/modules/mavlink/message_definitions/v1.0/common.xml,DEFINED_IN_ENTRYPOINT_CLOSURE,STATIC_REFERENCE_FOUND,1,0,0,baseline/ardupilot/libraries/AP_Logger/AP_Logger_MAVLinkLogTransfer.cpp:279,2978,ArduCopter|ArduPlane|Rover|libraries production-like C/C++ headers/sources; tests/examples excluded,NOT_RUN_NO_CAPTURE,,XML definition is not implementation support; static references are heuristic and do not prove reachability; no default runtime MAVLink capture was performed.
ArduPilot,message,119,LOG_REQUEST_DATA,all.xml,baseline/ardupilot/modules/mavlink/message_definitions/v1.0/common.xml,DEFINED_IN_ENTRYPOINT_CLOSURE,STATIC_REFERENCE_FOUND,0,4,1,baseline/ardupilot/libraries/AP_Logger/AP_Logger.cpp:885|baseline/ardupilot/libraries/AP_Logger/AP_Logger_MAVLinkLogTransfer.cpp:122|baseline/ardupilot/libraries/AP_Logger/AP_Logger_MAVLinkLogTransfer.cpp:123|baseline/ardupilot/libraries/AP_Logger/AP_Logger_MAVLinkLogTransfer.cpp:53|baseline/ardupilot/libraries/GCS_MAVLink/GCS_Common.cpp:4413,2978,ArduCopter|ArduPlane|Rover|libraries production-like C/C++ headers/sources; tests/examples excluded,NOT_RUN_NO_CAPTURE,,XML definition is not implementation support; static references are heuristic and do not prove reachability; no default runtime MAVLink capture was performed.
ArduPilot,message,120,LOG_DATA,all.xml,baseline/ardupilot/modules/mavlink/message_definitions/v1.0/common.xml,DEFINED_IN_ENTRYPOINT_CLOSURE,STATIC_REFERENCE_FOUND,0,0,2,baseline/ardupilot/libraries/AP_Logger/AP_Logger_MAVLinkLogTransfer.cpp:311|baseline/ardupilot/libraries/AP_Logger/AP_Logger_MAVLinkLogTransfer.cpp:331,2978,ArduCopter|ArduPlane|Rover|libraries production-like C/C++ headers/sources; tests/examples excluded,NOT_RUN_NO_CAPTURE,,XML definition is not implementation support; static references are heuristic and do not prove reachability; no default runtime MAVLink capture was performed.
ArduPilot,message,121,LOG_ERASE,all.xml,baseline/ardupilot/modules/mavlink/message_definitions/v1.0/common.xml,DEFINED_IN_ENTRYPOINT_CLOSURE,STATIC_REFERENCE_FOUND,0,3,0,baseline/ardupilot/libraries/AP_Logger/AP_Logger.cpp:887|baseline/ardupilot/libraries/AP_Logger/AP_Logger_MAVLinkLogTransfer.cpp:56|baseline/ardupilot/libraries/GCS_MAVLink/GCS_Common.cpp:4414,2978,ArduCopter|ArduPlane|Rover|libraries production-like C/C++ headers/sources; tests/examples excluded,NOT_RUN_NO_CAPTURE,,XML definition is not implementation support; static references are heuristic and do not prove reachability; no default runtime MAVLink capture was performed.
ArduPilot,message,122,LOG_REQUEST_END,all.xml,baseline/ardupilot/modules/mavlink/message_definitions/v1.0/common.xml,DEFINED_IN_ENTRYPOINT_CLOSURE,STATIC_REFERENCE_FOUND,0,3,0,baseline/ardupilot/libraries/AP_Logger/AP_Logger.cpp:889|baseline/ardupilot/libraries/AP_Logger/AP_Logger_MAVLinkLogTransfer.cpp:59|baseline/ardupilot/libraries/GCS_MAVLink/GCS_Common.cpp:4415,2978,ArduCopter|ArduPlane|Rover|libraries production-like C/C++ headers/sources; tests/examples excluded,NOT_RUN_NO_CAPTURE,,XML definition is not implementation support; static references are heuristic and do not prove reachability; no default runtime MAVLink capture was performed.
ArduPilot,message,123,GPS_INJECT_DATA,all.xml,baseline/ardupilot/modules/mavlink/message_definitions/v1.0/common.xml,DEFINED_IN_ENTRYPOINT_CLOSURE,STATIC_REFERENCE_FOUND,0,3,1,baseline/ardupilot/libraries/AP_GPS/AP_GPS.cpp:1235|baseline/ardupilot/libraries/AP_GPS/AP_GPS.cpp:1236|baseline/ardupilot/libraries/AP_GPS/AP_GPS.cpp:1256|baseline/ardupilot/libraries/GCS_MAVLink/GCS_Common.cpp:4511,2978,ArduCopter|ArduPlane|Rover|libraries production-like C/C++ headers/sources; tests/examples excluded,NOT_RUN_NO_CAPTURE,,XML definition is not implementation support; static references are heuristic and do not prove reachability; no default runtime MAVLink capture was performed.
ArduPilot,message,124,GPS2_RAW,all.xml,baseline/ardupilot/modules/mavlink/message_definitions/v1.0/common.xml,DEFINED_IN_ENTRYPOINT_CLOSURE,STATIC_REFERENCE_FOUND,1,0,1,baseline/ardupilot/libraries/AP_GPS/AP_GPS.cpp:1435|baseline/ardupilot/libraries/GCS_MAVLink/GCS_Common.cpp:1078,2978,ArduCopter|ArduPlane|Rover|libraries production-like C/C++ headers/sources; tests/examples excluded,NOT_RUN_NO_CAPTURE,,XML definition is not implementation support; static references are heuristic and do not prove reachability; no default runtime MAVLink capture was performed.
ArduPilot,message,125,POWER_STATUS,all.xml,baseline/ardupilot/modules/mavlink/message_definitions/v1.0/common.xml,DEFINED_IN_ENTRYPOINT_CLOSURE,STATIC_REFERENCE_FOUND,1,0,1,baseline/ardupilot/libraries/GCS_MAVLink/GCS_Common.cpp:1049|baseline/ardupilot/libraries/GCS_MAVLink/GCS_Common.cpp:260,2978,ArduCopter|ArduPlane|Rover|libraries production-like C/C++ headers/sources; tests/examples excluded,NOT_RUN_NO_CAPTURE,,XML definition is not implementation support; static references are heuristic and do not prove reachability; no default runtime MAVLink capture was performed.
ArduPilot,message,126,SERIAL_CONTROL,all.xml,baseline/ardupilot/modules/mavlink/message_definitions/v1.0/common.xml,DEFINED_IN_ENTRYPOINT_CLOSURE,STATIC_REFERENCE_FOUND,0,2,2,baseline/ardupilot/libraries/GCS_MAVLink/GCS_Common.cpp:4503|baseline/ardupilot/libraries/GCS_MAVLink/GCS_serial_control.cpp:193|baseline/ardupilot/libraries/GCS_MAVLink/GCS_serial_control.cpp:35|baseline/ardupilot/libraries/GCS_MAVLink/GCS_serial_control.cpp:36,2978,ArduCopter|ArduPlane|Rover|libraries production-like C/C++ headers/sources; tests/examples excluded,NOT_RUN_NO_CAPTURE,,XML definition is not implementation support; static references are heuristic and do not prove reachability; no default runtime MAVLink capture was performed.
ArduPilot,message,127,GPS_RTK,all.xml,baseline/ardupilot/modules/mavlink/message_definitions/v1.0/common.xml,DEFINED_IN_ENTRYPOINT_CLOSURE,STATIC_REFERENCE_FOUND,1,0,1,baseline/ardupilot/libraries/AP_GPS/GPS_Backend.cpp:178|baseline/ardupilot/libraries/GCS_MAVLink/GCS_Common.cpp:1075,2978,ArduCopter|ArduPlane|Rover|libraries production-like C/C++ headers/sources; tests/examples excluded,NOT_RUN_NO_CAPTURE,,XML definition is not implementation support; static references are heuristic and do not prove reachability; no default runtime MAVLink capture was performed.
ArduPilot,message,128,GPS2_RTK,all.xml,baseline/ardupilot/modules/mavlink/message_definitions/v1.0/common.xml,DEFINED_IN_ENTRYPOINT_CLOSURE,STATIC_REFERENCE_FOUND,1,0,1,baseline/ardupilot/libraries/AP_GPS/GPS_Backend.cpp:194|baseline/ardupilot/libraries/GCS_MAVLink/GCS_Common.cpp:1081,2978,ArduCopter|ArduPlane|Rover|libraries production-like C/C++ headers/sources; tests/examples excluded,NOT_RUN_NO_CAPTURE,,XML definition is not implementation support; static references are heuristic and do not prove reachability; no default runtime MAVLink capture was performed.
ArduPilot,message,129,SCALED_IMU3,all.xml,baseline/ardupilot/modules/mavlink/message_definitions/v1.0/common.xml,DEFINED_IN_ENTRYPOINT_CLOSURE,STATIC_REFERENCE_FOUND,1,0,1,baseline/ardupilot/libraries/GCS_MAVLink/GCS_Common.cpp:1064|baseline/ardupilot/libraries/GCS_MAVLink/GCS_Common.cpp:6868,2978,ArduCopter|ArduPlane|Rover|libraries production-like C/C++ headers/sources; tests/examples excluded,NOT_RUN_NO_CAPTURE,,XML definition is not implementation support; static references are heuristic and do not prove reachability; no default runtime MAVLink capture was performed.
ArduPilot,message,130,DATA_TRANSMISSION_HANDSHAKE,all.xml,baseline/ardupilot/modules/mavlink/message_definitions/v1.0/common.xml,DEFINED_IN_ENTRYPOINT_CLOSURE,NO_REFERENCE_FOUND_BY_HEURISTIC_SCAN,0,0,0,,2978,ArduCopter|ArduPlane|Rover|libraries production-like C/C++ headers/sources; tests/examples excluded,NOT_RUN_NO_CAPTURE,,XML definition is not implementation support; static references are heuristic and do not prove reachability; no default runtime MAVLink capture was performed.
ArduPilot,message,131,ENCAPSULATED_DATA,all.xml,baseline/ardupilot/modules/mavlink/message_definitions/v1.0/common.xml,DEFINED_IN_ENTRYPOINT_CLOSURE,NO_REFERENCE_FOUND_BY_HEURISTIC_SCAN,0,0,0,,2978,ArduCopter|ArduPlane|Rover|libraries production-like C/C++ headers/sources; tests/examples excluded,NOT_RUN_NO_CAPTURE,,XML definition is not implementation support; static references are heuristic and do not prove reachability; no default runtime MAVLink capture was performed.
ArduPilot,message,132,DISTANCE_SENSOR,all.xml,baseline/ardupilot/modules/mavlink/message_definitions/v1.0/common.xml,DEFINED_IN_ENTRYPOINT_CLOSURE,STATIC_REFERENCE_FOUND,3,3,5,baseline/ardupilot/libraries/AP_Proximity/AP_Proximity_MAV.cpp:56|baseline/ardupilot/libraries/AP_Proximity/AP_Proximity_MAV.cpp:73|baseline/ardupilot/libraries/AP_Proximity/AP_Proximity_MAV.cpp:74|baseline/ardupilot/libraries/AP_RangeFinder/AP_RangeFinder_MAVLink.cpp:27|baseline/ardupilot/libraries/AP_RangeFinder/AP_RangeFinder_MAVLink.cpp:28|baseline/ardupilot/libraries/GCS_MAVLink/GCS_Common.cpp:1109|baseline/ardupilot/libraries/GCS_MAVLink/GCS_Common.cpp:4606|baseline/ardupilot/libraries/GCS_MAVLink/GCS_Common.cpp:467|baseline/ardupilot/libraries/GCS_MAVLink/GCS_Common.cpp:579|baseline/ardupilot/libraries/GCS_MAVLink/GCS_Common.cpp:600|baseline/ardupilot/libraries/SITL/SIM_RF_MAVLink.cpp:34,2978,ArduCopter|ArduPlane|Rover|libraries production-like C/C++ headers/sources; tests/examples excluded,NOT_RUN_NO_CAPTURE,,XML definition is not implementation support; static references are heuristic and do not prove reachability; no default runtime MAVLink capture was performed.
ArduPilot,message,133,TERRAIN_REQUEST,all.xml,baseline/ardupilot/modules/mavlink/message_definitions/v1.0/common.xml,DEFINED_IN_ENTRYPOINT_CLOSURE,STATIC_REFERENCE_FOUND,1,0,2,baseline/ardupilot/libraries/AP_Terrain/TerrainGCS.cpp:71|baseline/ardupilot/libraries/AP_Terrain/TerrainGCS.cpp:77|baseline/ardupilot/libraries/GCS_MAVLink/GCS_Common.cpp:1111,2978,ArduCopter|ArduPlane|Rover|libraries production-like C/C++ headers/sources; tests/examples excluded,NOT_RUN_NO_CAPTURE,,XML definition is not implementation support; static references are heuristic and do not prove reachability; no default runtime MAVLink capture was performed.
ArduPilot,message,134,TERRAIN_DATA,all.xml,baseline/ardupilot/modules/mavlink/message_definitions/v1.0/common.xml,DEFINED_IN_ENTRYPOINT_CLOSURE,STATIC_REFERENCE_FOUND,0,3,1,baseline/ardupilot/libraries/AP_Terrain/TerrainGCS.cpp:204|baseline/ardupilot/libraries/AP_Terrain/TerrainGCS.cpp:284|baseline/ardupilot/libraries/AP_Terrain/TerrainGCS.cpp:285|baseline/ardupilot/libraries/GCS_MAVLink/GCS_Common.cpp:4473,2978,ArduCopter|ArduPlane|Rover|libraries production-like C/C++ headers/sources; tests/examples excluded,NOT_RUN_NO_CAPTURE,,XML definition is not implementation support; static references are heuristic and do not prove reachability; no default runtime MAVLink capture was performed.
ArduPilot,message,135,TERRAIN_CHECK,all.xml,baseline/ardupilot/modules/mavlink/message_definitions/v1.0/common.xml,DEFINED_IN_ENTRYPOINT_CLOSURE,STATIC_REFERENCE_FOUND,0,3,1,baseline/ardupilot/libraries/AP_Terrain/TerrainGCS.cpp:206|baseline/ardupilot/libraries/AP_Terrain/TerrainGCS.cpp:271|baseline/ardupilot/libraries/AP_Terrain/TerrainGCS.cpp:272|baseline/ardupilot/libraries/GCS_MAVLink/GCS_Common.cpp:4474,2978,ArduCopter|ArduPlane|Rover|libraries production-like C/C++ headers/sources; tests/examples excluded,NOT_RUN_NO_CAPTURE,,XML definition is not implementation support; static references are heuristic and do not prove reachability; no default runtime MAVLink capture was performed.
ArduPilot,message,136,TERRAIN_REPORT,all.xml,baseline/ardupilot/modules/mavlink/message_definitions/v1.0/common.xml,DEFINED_IN_ENTRYPOINT_CLOSURE,STATIC_REFERENCE_FOUND,1,0,2,baseline/ardupilot/libraries/AP_Terrain/TerrainGCS.cpp:252|baseline/ardupilot/libraries/AP_Terrain/TerrainGCS.cpp:262|baseline/ardupilot/libraries/GCS_MAVLink/GCS_Common.cpp:1112,2978,ArduCopter|ArduPlane|Rover|libraries production-like C/C++ headers/sources; tests/examples excluded,NOT_RUN_NO_CAPTURE,,XML definition is not implementation support; static references are heuristic and do not prove reachability; no default runtime MAVLink capture was performed.
ArduPilot,message,137,SCALED_PRESSURE2,all.xml,baseline/ardupilot/modules/mavlink/message_definitions/v1.0/common.xml,DEFINED_IN_ENTRYPOINT_CLOSURE,STATIC_REFERENCE_FOUND,1,0,1,baseline/ardupilot/libraries/GCS_MAVLink/GCS_Common.cpp:1069|baseline/ardupilot/libraries/GCS_MAVLink/GCS_Common.cpp:2441,2978,ArduCopter|ArduPlane|Rover|libraries production-like C/C++ headers/sources; tests/examples excluded,NOT_RUN_NO_CAPTURE,,XML definition is not implementation support; static references are heuristic and do not prove reachability; no default runtime MAVLink capture was performed.
ArduPilot,message,138,ATT_POS_MOCAP,all.xml,baseline/ardupilot/modules/mavlink/message_definitions/v1.0/common.xml,DEFINED_IN_ENTRYPOINT_CLOSURE,STATIC_REFERENCE_FOUND,0,2,1,baseline/ardupilot/libraries/GCS_MAVLink/GCS_Common.cpp:4135|baseline/ardupilot/libraries/GCS_MAVLink/GCS_Common.cpp:4136|baseline/ardupilot/libraries/GCS_MAVLink/GCS_Common.cpp:4574,2978,ArduCopter|ArduPlane|Rover|libraries production-like C/C++ headers/sources; tests/examples excluded,NOT_RUN_NO_CAPTURE,,XML definition is not implementation support; static references are heuristic and do not prove reachability; no default runtime MAVLink capture was performed.
ArduPilot,message,139,SET_ACTUATOR_CONTROL_TARGET,all.xml,baseline/ardupilot/modules/mavlink/message_definitions/v1.0/common.xml,DEFINED_IN_ENTRYPOINT_CLOSURE,NO_REFERENCE_FOUND_BY_HEURISTIC_SCAN,0,0,0,,2978,ArduCopter|ArduPlane|Rover|libraries production-like C/C++ headers/sources; tests/examples excluded,NOT_RUN_NO_CAPTURE,,XML definition is not implementation support; static references are heuristic and do not prove reachability; no default runtime MAVLink capture was performed.
ArduPilot,message,140,ACTUATOR_CONTROL_TARGET,all.xml,baseline/ardupilot/modules/mavlink/message_definitions/v1.0/common.xml,DEFINED_IN_ENTRYPOINT_CLOSURE,NO_REFERENCE_FOUND_BY_HEURISTIC_SCAN,0,0,0,,2978,ArduCopter|ArduPlane|Rover|libraries production-like C/C++ headers/sources; tests/examples excluded,NOT_RUN_NO_CAPTURE,,XML definition is not implementation support; static references are heuristic and do not prove reachability; no default runtime MAVLink capture was performed.
ArduPilot,message,141,ALTITUDE,all.xml,baseline/ardupilot/modules/mavlink/message_definitions/v1.0/common.xml,DEFINED_IN_ENTRYPOINT_CLOSURE,NO_REFERENCE_FOUND_BY_HEURISTIC_SCAN,0,0,0,,2978,ArduCopter|ArduPlane|Rover|libraries production-like C/C++ headers/sources; tests/examples excluded,NOT_RUN_NO_CAPTURE,,XML definition is not implementation support; static references are heuristic and do not prove reachability; no default runtime MAVLink capture was performed.
ArduPilot,message,142,RESOURCE_REQUEST,all.xml,baseline/ardupilot/modules/mavlink/message_definitions/v1.0/common.xml,DEFINED_IN_ENTRYPOINT_CLOSURE,NO_REFERENCE_FOUND_BY_HEURISTIC_SCAN,0,0,0,,2978,ArduCopter|ArduPlane|Rover|libraries production-like C/C++ headers/sources; tests/examples excluded,NOT_RUN_NO_CAPTURE,,XML definition is not implementation support; static references are heuristic and do not prove reachability; no default runtime MAVLink capture was performed.
ArduPilot,message,143,SCALED_PRESSURE3,all.xml,baseline/ardupilot/modules/mavlink/message_definitions/v1.0/common.xml,DEFINED_IN_ENTRYPOINT_CLOSURE,STATIC_REFERENCE_FOUND,1,0,1,baseline/ardupilot/libraries/GCS_MAVLink/GCS_Common.cpp:1070|baseline/ardupilot/libraries/GCS_MAVLink/GCS_Common.cpp:2446,2978,ArduCopter|ArduPlane|Rover|libraries production-like C/C++ headers/sources; tests/examples excluded,NOT_RUN_NO_CAPTURE,,XML definition is not implementation support; static references are heuristic and do not prove reachability; no default runtime MAVLink capture was performed.
ArduPilot,message,144,FOLLOW_TARGET,all.xml,baseline/ardupilot/modules/mavlink/message_definitions/v1.0/common.xml,DEFINED_IN_ENTRYPOINT_CLOSURE,STATIC_REFERENCE_FOUND,0,2,1,baseline/ardupilot/libraries/AP_Follow/AP_Follow.cpp:527|baseline/ardupilot/libraries/AP_Follow/AP_Follow.cpp:713|baseline/ardupilot/libraries/AP_Follow/AP_Follow.cpp:714,2978,ArduCopter|ArduPlane|Rover|libraries production-like C/C++ headers/sources; tests/examples excluded,NOT_RUN_NO_CAPTURE,,XML definition is not implementation support; static references are heuristic and do not prove reachability; no default runtime MAVLink capture was performed.
ArduPilot,message,146,CONTROL_SYSTEM_STATE,all.xml,baseline/ardupilot/modules/mavlink/message_definitions/v1.0/common.xml,DEFINED_IN_ENTRYPOINT_CLOSURE,NO_REFERENCE_FOUND_BY_HEURISTIC_SCAN,0,0,0,,2978,ArduCopter|ArduPlane|Rover|libraries production-like C/C++ headers/sources; tests/examples excluded,NOT_RUN_NO_CAPTURE,,XML definition is not implementation support; static references are heuristic and do not prove reachability; no default runtime MAVLink capture was performed.
ArduPilot,message,147,BATTERY_STATUS,all.xml,baseline/ardupilot/modules/mavlink/message_definitions/v1.0/common.xml,DEFINED_IN_ENTRYPOINT_CLOSURE,STATIC_REFERENCE_FOUND,1,0,1,baseline/ardupilot/libraries/GCS_MAVLink/GCS_Common.cpp:1158|baseline/ardupilot/libraries/GCS_MAVLink/GCS_Common.cpp:408,2978,ArduCopter|ArduPlane|Rover|libraries production-like C/C++ headers/sources; tests/examples excluded,NOT_RUN_NO_CAPTURE,,XML definition is not implementation support; static references are heuristic and do not prove reachability; no default runtime MAVLink capture was performed.
ArduPilot,message,148,AUTOPILOT_VERSION,all.xml,baseline/ardupilot/modules/mavlink/message_definitions/v1.0/standard.xml,DEFINED_IN_ENTRYPOINT_CLOSURE,STATIC_REFERENCE_FOUND,1,0,1,baseline/ardupilot/libraries/GCS_MAVLink/GCS_Common.cpp:1167|baseline/ardupilot/libraries/GCS_MAVLink/GCS_Common.cpp:3025,2978,ArduCopter|ArduPlane|Rover|libraries production-like C/C++ headers/sources; tests/examples excluded,NOT_RUN_NO_CAPTURE,,XML definition is not implementation support; static references are heuristic and do not prove reachability; no default runtime MAVLink capture was performed.
ArduPilot,message,149,LANDING_TARGET,all.xml,baseline/ardupilot/modules/mavlink/message_definitions/v1.0/common.xml,DEFINED_IN_ENTRYPOINT_CLOSURE,STATIC_REFERENCE_FOUND,0,2,13,baseline/ardupilot/ArduCopter/GCS_MAVLink_Copter.cpp:390|baseline/ardupilot/ArduCopter/GCS_MAVLink_Copter.h:44|baseline/ardupilot/ArduPlane/GCS_MAVLink_Plane.cpp:494|baseline/ardupilot/ArduPlane/GCS_MAVLink_Plane.h:45|baseline/ardupilot/Rover/GCS_MAVLink_Rover.cpp:864|baseline/ardupilot/Rover/GCS_MAVLink_Rover.h:45|baseline/ardupilot/libraries/AC_PrecLand/AC_PrecLand.cpp:487|baseline/ardupilot/libraries/AC_PrecLand/AC_PrecLand.h:89|baseline/ardupilot/libraries/AC_PrecLand/AC_PrecLand_Backend.h:47|baseline/ardupilot/libraries/AC_PrecLand/AC_PrecLand_MAVLink.cpp:22|baseline/ardupilot/libraries/AC_PrecLand/AC_PrecLand_MAVLink.h:30|baseline/ardupilot/libraries/GCS_MAVLink/GCS.h:747|baseline/ardupilot/libraries/GCS_MAVLink/GCS_Common.cpp:4637|baseline/ardupilot/libraries/GCS_MAVLink/GCS_Common.cpp:5498|baseline/ardupilot/libraries/GCS_MAVLink/GCS_Common.cpp:5499,2978,ArduCopter|ArduPlane|Rover|libraries production-like C/C++ headers/sources; tests/examples excluded,NOT_RUN_NO_CAPTURE,,XML definition is not implementation support; static references are heuristic and do not prove reachability; no default runtime MAVLink capture was performed.
ArduPilot,message,150,SENSOR_OFFSETS,all.xml,baseline/ardupilot/modules/mavlink/message_definitions/v1.0/ardupilotmega.xml,DEFINED_IN_ENTRYPOINT_CLOSURE,NO_REFERENCE_FOUND_BY_HEURISTIC_SCAN,0,0,0,,2978,ArduCopter|ArduPlane|Rover|libraries production-like C/C++ headers/sources; tests/examples excluded,NOT_RUN_NO_CAPTURE,,XML definition is not implementation support; static references are heuristic and do not prove reachability; no default runtime MAVLink capture was performed.
ArduPilot,message,151,SET_MAG_OFFSETS,all.xml,baseline/ardupilot/modules/mavlink/message_definitions/v1.0/ardupilotmega.xml,DEFINED_IN_ENTRYPOINT_CLOSURE,NO_REFERENCE_FOUND_BY_HEURISTIC_SCAN,0,0,0,,2978,ArduCopter|ArduPlane|Rover|libraries production-like C/C++ headers/sources; tests/examples excluded,NOT_RUN_NO_CAPTURE,,XML definition is not implementation support; static references are heuristic and do not prove reachability; no default runtime MAVLink capture was performed.
ArduPilot,message,152,MEMINFO,all.xml,baseline/ardupilot/modules/mavlink/message_definitions/v1.0/ardupilotmega.xml,DEFINED_IN_ENTRYPOINT_CLOSURE,STATIC_REFERENCE_FOUND,1,0,1,baseline/ardupilot/libraries/GCS_MAVLink/GCS_Common.cpp:1053|baseline/ardupilot/libraries/GCS_MAVLink/GCS_Common.cpp:250,2978,ArduCopter|ArduPlane|Rover|libraries production-like C/C++ headers/sources; tests/examples excluded,NOT_RUN_NO_CAPTURE,,XML definition is not implementation support; static references are heuristic and do not prove reachability; no default runtime MAVLink capture was performed.
ArduPilot,message,153,AP_ADC,all.xml,baseline/ardupilot/modules/mavlink/message_definitions/v1.0/ardupilotmega.xml,DEFINED_IN_ENTRYPOINT_CLOSURE,STATIC_REFERENCE_FOUND,1,0,0,baseline/ardupilot/libraries/AP_HAL_ESP32/AnalogIn.cpp:378,2978,ArduCopter|ArduPlane|Rover|libraries production-like C/C++ headers/sources; tests/examples excluded,NOT_RUN_NO_CAPTURE,,XML definition is not implementation support; static references are heuristic and do not prove reachability; no default runtime MAVLink capture was performed.
ArduPilot,message,154,DIGICAM_CONFIGURE,all.xml,baseline/ardupilot/modules/mavlink/message_definitions/v1.0/ardupilotmega.xml,DEFINED_IN_ENTRYPOINT_CLOSURE,NO_REFERENCE_FOUND_BY_HEURISTIC_SCAN,0,0,0,,2978,ArduCopter|ArduPlane|Rover|libraries production-like C/C++ headers/sources; tests/examples excluded,NOT_RUN_NO_CAPTURE,,XML definition is not implementation support; static references are heuristic and do not prove reachability; no default runtime MAVLink capture was performed.
ArduPilot,message,155,DIGICAM_CONTROL,all.xml,baseline/ardupilot/modules/mavlink/message_definitions/v1.0/ardupilotmega.xml,DEFINED_IN_ENTRYPOINT_CLOSURE,STATIC_REFERENCE_FOUND,0,2,1,baseline/ardupilot/libraries/AP_Camera/AP_Camera.cpp:284|baseline/ardupilot/libraries/AP_Camera/AP_Camera.cpp:287|baseline/ardupilot/libraries/GCS_MAVLink/GCS_Common.cpp:4428,2978,ArduCopter|ArduPlane|Rover|libraries production-like C/C++ headers/sources; tests/examples excluded,NOT_RUN_NO_CAPTURE,,XML definition is not implementation support; static references are heuristic and do not prove reachability; no default runtime MAVLink capture was performed.
ArduPilot,message,156,MOUNT_CONFIGURE,all.xml,baseline/ardupilot/modules/mavlink/message_definitions/v1.0/ardupilotmega.xml,DEFINED_IN_ENTRYPOINT_CLOSURE,NO_REFERENCE_FOUND_BY_HEURISTIC_SCAN,0,0,0,,2978,ArduCopter|ArduPlane|Rover|libraries production-like C/C++ headers/sources; tests/examples excluded,NOT_RUN_NO_CAPTURE,,XML definition is not implementation support; static references are heuristic and do not prove reachability; no default runtime MAVLink capture was performed.
ArduPilot,message,157,MOUNT_CONTROL,all.xml,baseline/ardupilot/modules/mavlink/message_definitions/v1.0/ardupilotmega.xml,DEFINED_IN_ENTRYPOINT_CLOSURE,NO_REFERENCE_FOUND_BY_HEURISTIC_SCAN,0,0,0,,2978,ArduCopter|ArduPlane|Rover|libraries production-like C/C++ headers/sources; tests/examples excluded,NOT_RUN_NO_CAPTURE,,XML definition is not implementation support; static references are heuristic and do not prove reachability; no default runtime MAVLink capture was performed.
ArduPilot,message,158,MOUNT_STATUS,all.xml,baseline/ardupilot/modules/mavlink/message_definitions/v1.0/ardupilotmega.xml,DEFINED_IN_ENTRYPOINT_CLOSURE,NO_REFERENCE_FOUND_BY_HEURISTIC_SCAN,0,0,0,,2978,ArduCopter|ArduPlane|Rover|libraries production-like C/C++ headers/sources; tests/examples excluded,NOT_RUN_NO_CAPTURE,,XML definition is not implementation support; static references are heuristic and do not prove reachability; no default runtime MAVLink capture was performed.
ArduPilot,message,160,FENCE_POINT,all.xml,baseline/ardupilot/modules/mavlink/message_definitions/v1.0/ardupilotmega.xml,DEFINED_IN_ENTRYPOINT_CLOSURE,NO_REFERENCE_FOUND_BY_HEURISTIC_SCAN,0,0,0,,2978,ArduCopter|ArduPlane|Rover|libraries production-like C/C++ headers/sources; tests/examples excluded,NOT_RUN_NO_CAPTURE,,XML definition is not implementation support; static references are heuristic and do not prove reachability; no default runtime MAVLink capture was performed.
ArduPilot,message,161,FENCE_FETCH_POINT,all.xml,baseline/ardupilot/modules/mavlink/message_definitions/v1.0/ardupilotmega.xml,DEFINED_IN_ENTRYPOINT_CLOSURE,NO_REFERENCE_FOUND_BY_HEURISTIC_SCAN,0,0,0,,2978,ArduCopter|ArduPlane|Rover|libraries production-like C/C++ headers/sources; tests/examples excluded,NOT_RUN_NO_CAPTURE,,XML definition is not implementation support; static references are heuristic and do not prove reachability; no default runtime MAVLink capture was performed.
ArduPilot,message,162,FENCE_STATUS,all.xml,baseline/ardupilot/modules/mavlink/message_definitions/v1.0/common.xml,DEFINED_IN_ENTRYPOINT_CLOSURE,STATIC_REFERENCE_FOUND,1,0,1,baseline/ardupilot/libraries/GCS_MAVLink/GCS_Common.cpp:1086|baseline/ardupilot/libraries/GCS_MAVLink/GCS_Fence.cpp:81,2978,ArduCopter|ArduPlane|Rover|libraries production-like C/C++ headers/sources; tests/examples excluded,NOT_RUN_NO_CAPTURE,,XML definition is not implementation support; static references are heuristic and do not prove reachability; no default runtime MAVLink capture was performed.
ArduPilot,message,163,AHRS,all.xml,baseline/ardupilot/modules/mavlink/message_definitions/v1.0/ardupilotmega.xml,DEFINED_IN_ENTRYPOINT_CLOSURE,STATIC_REFERENCE_FOUND,1,0,1,baseline/ardupilot/libraries/GCS_MAVLink/GCS_Common.cpp:1094|baseline/ardupilot/libraries/GCS_MAVLink/GCS_Common.cpp:2508,2978,ArduCopter|ArduPlane|Rover|libraries production-like C/C++ headers/sources; tests/examples excluded,NOT_RUN_NO_CAPTURE,,XML definition is not implementation support; static references are heuristic and do not prove reachability; no default runtime MAVLink capture was performed.
ArduPilot,message,164,SIMSTATE,all.xml,baseline/ardupilot/modules/mavlink/message_definitions/v1.0/ardupilotmega.xml,DEFINED_IN_ENTRYPOINT_CLOSURE,STATIC_REFERENCE_FOUND,1,0,1,baseline/ardupilot/libraries/GCS_MAVLink/GCS_Common.cpp:1089|baseline/ardupilot/libraries/SITL/SITL.cpp:1635,2978,ArduCopter|ArduPlane|Rover|libraries production-like C/C++ headers/sources; tests/examples excluded,NOT_RUN_NO_CAPTURE,,XML definition is not implementation support; static references are heuristic and do not prove reachability; no default runtime MAVLink capture was performed.
ArduPilot,message,165,HWSTATUS,all.xml,baseline/ardupilot/modules/mavlink/message_definitions/v1.0/ardupilotmega.xml,DEFINED_IN_ENTRYPOINT_CLOSURE,NO_REFERENCE_FOUND_BY_HEURISTIC_SCAN,0,0,0,,2978,ArduCopter|ArduPlane|Rover|libraries production-like C/C++ headers/sources; tests/examples excluded,NOT_RUN_NO_CAPTURE,,XML definition is not implementation support; static references are heuristic and do not prove reachability; no default runtime MAVLink capture was performed.
ArduPilot,message,166,RADIO,all.xml,baseline/ardupilot/modules/mavlink/message_definitions/v1.0/ardupilotmega.xml,DEFINED_IN_ENTRYPOINT_CLOSURE,STATIC_REFERENCE_FOUND,0,4,6,baseline/ardupilot/libraries/AP_Logger/AP_Logger.h:264|baseline/ardupilot/libraries/AP_Logger/LogFile.cpp:418|baseline/ardupilot/libraries/GCS_MAVLink/GCS_Common.cpp:1866|baseline/ardupilot/libraries/GCS_MAVLink/GCS_Common.cpp:4497|baseline/ardupilot/libraries/GCS_MAVLink/GCS_Common.cpp:7390|baseline/ardupilot/libraries/GCS_MAVLink/GCS_Common.cpp:902|baseline/ardupilot/libraries/GCS_MAVLink/GCS_Common.cpp:903|baseline/ardupilot/libraries/GCS_MAVLink/GCS_Signing.cpp:113|baseline/ardupilot/libraries/GCS_MAVLink/MAVLink_routing.cpp:113|baseline/ardupilot/libraries/GCS_MAVLink/MAVLink_routing.cpp:137,2978,ArduCopter|ArduPlane|Rover|libraries production-like C/C++ headers/sources; tests/examples excluded,NOT_RUN_NO_CAPTURE,,XML definition is not implementation support; static references are heuristic and do not prove reachability; no default runtime MAVLink capture was performed.
ArduPilot,message,167,LIMITS_STATUS,all.xml,baseline/ardupilot/modules/mavlink/message_definitions/v1.0/ardupilotmega.xml,DEFINED_IN_ENTRYPOINT_CLOSURE,NO_REFERENCE_FOUND_BY_HEURISTIC_SCAN,0,0,0,,2978,ArduCopter|ArduPlane|Rover|libraries production-like C/C++ headers/sources; tests/examples excluded,NOT_RUN_NO_CAPTURE,,XML definition is not implementation support; static references are heuristic and do not prove reachability; no default runtime MAVLink capture was performed.
ArduPilot,message,168,WIND,all.xml,baseline/ardupilot/modules/mavlink/message_definitions/v1.0/ardupilotmega.xml,DEFINED_IN_ENTRYPOINT_CLOSURE,STATIC_REFERENCE_FOUND,3,0,1,baseline/ardupilot/ArduCopter/GCS_MAVLink_Copter.cpp:1266|baseline/ardupilot/ArduPlane/GCS_MAVLink_Plane.cpp:296|baseline/ardupilot/libraries/AP_WindVane/AP_WindVane.cpp:435|baseline/ardupilot/libraries/GCS_MAVLink/GCS_Common.cpp:1104,2978,ArduCopter|ArduPlane|Rover|libraries production-like C/C++ headers/sources; tests/examples excluded,NOT_RUN_NO_CAPTURE,,XML definition is not implementation support; static references are heuristic and do not prove reachability; no default runtime MAVLink capture was performed.
ArduPilot,message,169,DATA16,all.xml,baseline/ardupilot/modules/mavlink/message_definitions/v1.0/ardupilotmega.xml,DEFINED_IN_ENTRYPOINT_CLOSURE,STATIC_REFERENCE_FOUND,4,0,0,baseline/ardupilot/libraries/AP_Radio/AP_Radio_bk2425.cpp:578|baseline/ardupilot/libraries/AP_Radio/AP_Radio_bk2425.cpp:596|baseline/ardupilot/libraries/AP_Radio/AP_Radio_cc2500.cpp:1493|baseline/ardupilot/libraries/AP_Radio/AP_Radio_cypress.cpp:415,2978,ArduCopter|ArduPlane|Rover|libraries production-like C/C++ headers/sources; tests/examples excluded,NOT_RUN_NO_CAPTURE,,XML definition is not implementation support; static references are heuristic and do not prove reachability; no default runtime MAVLink capture was performed.
ArduPilot,message,170,DATA32,all.xml,baseline/ardupilot/modules/mavlink/message_definitions/v1.0/ardupilotmega.xml,DEFINED_IN_ENTRYPOINT_CLOSURE,NO_REFERENCE_FOUND_BY_HEURISTIC_SCAN,0,0,0,,2978,ArduCopter|ArduPlane|Rover|libraries production-like C/C++ headers/sources; tests/examples excluded,NOT_RUN_NO_CAPTURE,,XML definition is not implementation support; static references are heuristic and do not prove reachability; no default runtime MAVLink capture was performed.
ArduPilot,message,171,DATA64,all.xml,baseline/ardupilot/modules/mavlink/message_definitions/v1.0/ardupilotmega.xml,DEFINED_IN_ENTRYPOINT_CLOSURE,NO_REFERENCE_FOUND_BY_HEURISTIC_SCAN,0,0,0,,2978,ArduCopter|ArduPlane|Rover|libraries production-like C/C++ headers/sources; tests/examples excluded,NOT_RUN_NO_CAPTURE,,XML definition is not implementation support; static references are heuristic and do not prove reachability; no default runtime MAVLink capture was performed.
ArduPilot,message,172,DATA96,all.xml,baseline/ardupilot/modules/mavlink/message_definitions/v1.0/ardupilotmega.xml,DEFINED_IN_ENTRYPOINT_CLOSURE,STATIC_REFERENCE_FOUND,0,2,11,baseline/ardupilot/libraries/AP_Radio/AP_Radio.cpp:249|baseline/ardupilot/libraries/AP_Radio/AP_Radio.cpp:259|baseline/ardupilot/libraries/AP_Radio/AP_Radio.h:101|baseline/ardupilot/libraries/AP_Radio/AP_Radio_backend.h:58|baseline/ardupilot/libraries/AP_Radio/AP_Radio_bk2425.cpp:410|baseline/ardupilot/libraries/AP_Radio/AP_Radio_bk2425.h:173|baseline/ardupilot/libraries/AP_Radio/AP_Radio_cc2500.cpp:437|baseline/ardupilot/libraries/AP_Radio/AP_Radio_cc2500.h:62|baseline/ardupilot/libraries/AP_Radio/AP_Radio_cypress.cpp:1659|baseline/ardupilot/libraries/AP_Radio/AP_Radio_cypress.h:61|baseline/ardupilot/libraries/GCS_MAVLink/GCS_Common.cpp:4006|baseline/ardupilot/libraries/GCS_MAVLink/GCS_Common.cpp:4007|baseline/ardupilot/libraries/GCS_MAVLink/GCS_Common.cpp:4549,2978,ArduCopter|ArduPlane|Rover|libraries production-like C/C++ headers/sources; tests/examples excluded,NOT_RUN_NO_CAPTURE,,XML definition is not implementation support; static references are heuristic and do not prove reachability; no default runtime MAVLink capture was performed.
ArduPilot,message,173,RANGEFINDER,all.xml,baseline/ardupilot/modules/mavlink/message_definitions/v1.0/ardupilotmega.xml,DEFINED_IN_ENTRYPOINT_CLOSURE,STATIC_REFERENCE_FOUND,2,0,1,baseline/ardupilot/Rover/GCS_MAVLink_Rover.cpp:130|baseline/ardupilot/libraries/GCS_MAVLink/GCS_Common.cpp:1107|baseline/ardupilot/libraries/GCS_MAVLink/GCS_Common.cpp:545,2978,ArduCopter|ArduPlane|Rover|libraries production-like C/C++ headers/sources; tests/examples excluded,NOT_RUN_NO_CAPTURE,,XML definition is not implementation support; static references are heuristic and do not prove reachability; no default runtime MAVLink capture was performed.
ArduPilot,message,174,AIRSPEED_AUTOCAL,all.xml,baseline/ardupilot/modules/mavlink/message_definitions/v1.0/ardupilotmega.xml,DEFINED_IN_ENTRYPOINT_CLOSURE,STATIC_REFERENCE_FOUND,0,0,2,baseline/ardupilot/libraries/AP_Airspeed/Airspeed_Calibration.cpp:192|baseline/ardupilot/libraries/AP_Airspeed/Airspeed_Calibration.cpp:206,2978,ArduCopter|ArduPlane|Rover|libraries production-like C/C++ headers/sources; tests/examples excluded,NOT_RUN_NO_CAPTURE,,XML definition is not implementation support; static references are heuristic and do not prove reachability; no default runtime MAVLink capture was performed.
ArduPilot,message,175,RALLY_POINT,all.xml,baseline/ardupilot/modules/mavlink/message_definitions/v1.0/ardupilotmega.xml,DEFINED_IN_ENTRYPOINT_CLOSURE,NO_REFERENCE_FOUND_BY_HEURISTIC_SCAN,0,0,0,,2978,ArduCopter|ArduPlane|Rover|libraries production-like C/C++ headers/sources; tests/examples excluded,NOT_RUN_NO_CAPTURE,,XML definition is not implementation support; static references are heuristic and do not prove reachability; no default runtime MAVLink capture was performed.
ArduPilot,message,176,RALLY_FETCH_POINT,all.xml,baseline/ardupilot/modules/mavlink/message_definitions/v1.0/ardupilotmega.xml,DEFINED_IN_ENTRYPOINT_CLOSURE,NO_REFERENCE_FOUND_BY_HEURISTIC_SCAN,0,0,0,,2978,ArduCopter|ArduPlane|Rover|libraries production-like C/C++ headers/sources; tests/examples excluded,NOT_RUN_NO_CAPTURE,,XML definition is not implementation support; static references are heuristic and do not prove reachability; no default runtime MAVLink capture was performed.
ArduPilot,message,177,COMPASSMOT_STATUS,all.xml,baseline/ardupilot/modules/mavlink/message_definitions/v1.0/ardupilotmega.xml,DEFINED_IN_ENTRYPOINT_CLOSURE,STATIC_REFERENCE_FOUND,1,0,0,baseline/ardupilot/ArduCopter/compassmot.cpp:222,2978,ArduCopter|ArduPlane|Rover|libraries production-like C/C++ headers/sources; tests/examples excluded,NOT_RUN_NO_CAPTURE,,XML definition is not implementation support; static references are heuristic and do not prove reachability; no default runtime MAVLink capture was performed.
ArduPilot,message,178,AHRS2,all.xml,baseline/ardupilot/modules/mavlink/message_definitions/v1.0/ardupilotmega.xml,DEFINED_IN_ENTRYPOINT_CLOSURE,STATIC_REFERENCE_FOUND,1,0,1,baseline/ardupilot/libraries/GCS_MAVLink/GCS_Common.cpp:1093|baseline/ardupilot/libraries/GCS_MAVLink/GCS_Common.cpp:626,2978,ArduCopter|ArduPlane|Rover|libraries production-like C/C++ headers/sources; tests/examples excluded,NOT_RUN_NO_CAPTURE,,XML definition is not implementation support; static references are heuristic and do not prove reachability; no default runtime MAVLink capture was performed.
ArduPilot,message,179,CAMERA_STATUS,all.xml,baseline/ardupilot/modules/mavlink/message_definitions/v1.0/ardupilotmega.xml,DEFINED_IN_ENTRYPOINT_CLOSURE,NO_REFERENCE_FOUND_BY_HEURISTIC_SCAN,0,0,0,,2978,ArduCopter|ArduPlane|Rover|libraries production-like C/C++ headers/sources; tests/examples excluded,NOT_RUN_NO_CAPTURE,,XML definition is not implementation support; static references are heuristic and do not prove reachability; no default runtime MAVLink capture was performed.
ArduPilot,message,180,CAMERA_FEEDBACK,all.xml,baseline/ardupilot/modules/mavlink/message_definitions/v1.0/ardupilotmega.xml,DEFINED_IN_ENTRYPOINT_CLOSURE,STATIC_REFERENCE_FOUND,1,0,1,baseline/ardupilot/libraries/AP_Camera/AP_Camera_Backend.cpp:205|baseline/ardupilot/libraries/GCS_MAVLink/GCS_Common.cpp:1115,2978,ArduCopter|ArduPlane|Rover|libraries production-like C/C++ headers/sources; tests/examples excluded,NOT_RUN_NO_CAPTURE,,XML definition is not implementation support; static references are heuristic and do not prove reachability; no default runtime MAVLink capture was performed.
ArduPilot,message,181,BATTERY2,all.xml,baseline/ardupilot/modules/mavlink/message_definitions/v1.0/ardupilotmega.xml,DEFINED_IN_ENTRYPOINT_CLOSURE,NO_REFERENCE_FOUND_BY_HEURISTIC_SCAN,0,0,0,,2978,ArduCopter|ArduPlane|Rover|libraries production-like C/C++ headers/sources; tests/examples excluded,NOT_RUN_NO_CAPTURE,,XML definition is not implementation support; static references are heuristic and do not prove reachability; no default runtime MAVLink capture was performed.
ArduPilot,message,182,AHRS3,all.xml,baseline/ardupilot/modules/mavlink/message_definitions/v1.0/ardupilotmega.xml,DEFINED_IN_ENTRYPOINT_CLOSURE,NO_REFERENCE_FOUND_BY_HEURISTIC_SCAN,0,0,0,,2978,ArduCopter|ArduPlane|Rover|libraries production-like C/C++ headers/sources; tests/examples excluded,NOT_RUN_NO_CAPTURE,,XML definition is not implementation support; static references are heuristic and do not prove reachability; no default runtime MAVLink capture was performed.
ArduPilot,message,183,AUTOPILOT_VERSION_REQUEST,all.xml,baseline/ardupilot/modules/mavlink/message_definitions/v1.0/ardupilotmega.xml,DEFINED_IN_ENTRYPOINT_CLOSURE,STATIC_REFERENCE_FOUND,0,1,0,baseline/ardupilot/libraries/GCS_MAVLink/GCS_Common.cpp:4446,2978,ArduCopter|ArduPlane|Rover|libraries production-like C/C++ headers/sources; tests/examples excluded,NOT_RUN_NO_CAPTURE,,XML definition is not implementation support; static references are heuristic and do not prove reachability; no default runtime MAVLink capture was performed.
ArduPilot,message,184,REMOTE_LOG_DATA_BLOCK,all.xml,baseline/ardupilot/modules/mavlink/message_definitions/v1.0/ardupilotmega.xml,DEFINED_IN_ENTRYPOINT_CLOSURE,STATIC_REFERENCE_FOUND,1,0,0,baseline/ardupilot/libraries/AP_Logger/AP_Logger_MAVLink.cpp:586,2978,ArduCopter|ArduPlane|Rover|libraries production-like C/C++ headers/sources; tests/examples excluded,NOT_RUN_NO_CAPTURE,,XML definition is not implementation support; static references are heuristic and do not prove reachability; no default runtime MAVLink capture was performed.
ArduPilot,message,185,REMOTE_LOG_BLOCK_STATUS,all.xml,baseline/ardupilot/modules/mavlink/message_definitions/v1.0/ardupilotmega.xml,DEFINED_IN_ENTRYPOINT_CLOSURE,STATIC_REFERENCE_FOUND,0,3,1,baseline/ardupilot/libraries/AP_Logger/AP_Logger.cpp:880|baseline/ardupilot/libraries/AP_Logger/AP_Logger_MAVLink.cpp:277|baseline/ardupilot/libraries/AP_Logger/AP_Logger_MAVLink.cpp:278|baseline/ardupilot/libraries/GCS_MAVLink/GCS_Common.cpp:4416,2978,ArduCopter|ArduPlane|Rover|libraries production-like C/C++ headers/sources; tests/examples excluded,NOT_RUN_NO_CAPTURE,,XML definition is not implementation support; static references are heuristic and do not prove reachability; no default runtime MAVLink capture was performed.
ArduPilot,message,186,LED_CONTROL,all.xml,baseline/ardupilot/modules/mavlink/message_definitions/v1.0/ardupilotmega.xml,DEFINED_IN_ENTRYPOINT_CLOSURE,STATIC_REFERENCE_FOUND,0,3,2,baseline/ardupilot/libraries/AP_Notify/OreoLED_I2C.cpp:572|baseline/ardupilot/libraries/AP_Notify/OreoLED_I2C.cpp:573|baseline/ardupilot/libraries/AP_Notify/RGBLed.cpp:257|baseline/ardupilot/libraries/AP_Notify/RGBLed.cpp:258|baseline/ardupilot/libraries/GCS_MAVLink/GCS_Common.cpp:4521,2978,ArduCopter|ArduPlane|Rover|libraries production-like C/C++ headers/sources; tests/examples excluded,NOT_RUN_NO_CAPTURE,,XML definition is not implementation support; static references are heuristic and do not prove reachability; no default runtime MAVLink capture was performed.
ArduPilot,message,191,MAG_CAL_PROGRESS,all.xml,baseline/ardupilot/modules/mavlink/message_definitions/v1.0/ardupilotmega.xml,DEFINED_IN_ENTRYPOINT_CLOSURE,STATIC_REFERENCE_FOUND,1,0,1,baseline/ardupilot/libraries/AP_Compass/AP_Compass_Calibration.cpp:294|baseline/ardupilot/libraries/GCS_MAVLink/GCS_Common.cpp:1139,2978,ArduCopter|ArduPlane|Rover|libraries production-like C/C++ headers/sources; tests/examples excluded,NOT_RUN_NO_CAPTURE,,XML definition is not implementation support; static references are heuristic and do not prove reachability; no default runtime MAVLink capture was performed.
ArduPilot,message,192,MAG_CAL_REPORT,all.xml,baseline/ardupilot/modules/mavlink/message_definitions/v1.0/common.xml,DEFINED_IN_ENTRYPOINT_CLOSURE,STATIC_REFERENCE_FOUND,1,0,1,baseline/ardupilot/libraries/AP_Compass/AP_Compass_Calibration.cpp:340|baseline/ardupilot/libraries/GCS_MAVLink/GCS_Common.cpp:1140,2978,ArduCopter|ArduPlane|Rover|libraries production-like C/C++ headers/sources; tests/examples excluded,NOT_RUN_NO_CAPTURE,,XML definition is not implementation support; static references are heuristic and do not prove reachability; no default runtime MAVLink capture was performed.
ArduPilot,message,193,EKF_STATUS_REPORT,all.xml,baseline/ardupilot/modules/mavlink/message_definitions/v1.0/ardupilotmega.xml,DEFINED_IN_ENTRYPOINT_CLOSURE,STATIC_REFERENCE_FOUND,1,0,2,baseline/ardupilot/libraries/AP_AHRS/AP_AHRS.cpp:1956|baseline/ardupilot/libraries/AP_AHRS/AP_AHRS.cpp:1967|baseline/ardupilot/libraries/GCS_MAVLink/GCS_Common.cpp:1143,2978,ArduCopter|ArduPlane|Rover|libraries production-like C/C++ headers/sources; tests/examples excluded,NOT_RUN_NO_CAPTURE,,XML definition is not implementation support; static references are heuristic and do not prove reachability; no default runtime MAVLink capture was performed.
ArduPilot,message,194,PID_TUNING,all.xml,baseline/ardupilot/modules/mavlink/message_definitions/v1.0/ardupilotmega.xml,DEFINED_IN_ENTRYPOINT_CLOSURE,STATIC_REFERENCE_FOUND,10,0,1,baseline/ardupilot/ArduCopter/GCS_MAVLink_Copter.cpp:262|baseline/ardupilot/ArduPlane/GCS_MAVLink_Plane.cpp:314|baseline/ardupilot/Rover/GCS_MAVLink_Rover.cpp:219|baseline/ardupilot/Rover/GCS_MAVLink_Rover.cpp:236|baseline/ardupilot/Rover/GCS_MAVLink_Rover.cpp:253|baseline/ardupilot/Rover/GCS_MAVLink_Rover.cpp:270|baseline/ardupilot/Rover/GCS_MAVLink_Rover.cpp:287|baseline/ardupilot/Rover/GCS_MAVLink_Rover.cpp:304|baseline/ardupilot/Rover/GCS_MAVLink_Rover.cpp:321|baseline/ardupilot/Rover/GCS_MAVLink_Rover.cpp:338|baseline/ardupilot/libraries/GCS_MAVLink/GCS_Common.cpp:1145,2978,ArduCopter|ArduPlane|Rover|libraries production-like C/C++ headers/sources; tests/examples excluded,NOT_RUN_NO_CAPTURE,,XML definition is not implementation support; static references are heuristic and do not prove reachability; no default runtime MAVLink capture was performed.
ArduPilot,message,195,DEEPSTALL,all.xml,baseline/ardupilot/modules/mavlink/message_definitions/v1.0/ardupilotmega.xml,DEFINED_IN_ENTRYPOINT_CLOSURE,STATIC_REFERENCE_FOUND,1,0,1,baseline/ardupilot/libraries/AP_Landing/AP_Landing_Deepstall.cpp:439|baseline/ardupilot/libraries/GCS_MAVLink/GCS_Common.cpp:1164,2978,ArduCopter|ArduPlane|Rover|libraries production-like C/C++ headers/sources; tests/examples excluded,NOT_RUN_NO_CAPTURE,,XML definition is not implementation support; static references are heuristic and do not prove reachability; no default runtime MAVLink capture was performed.
ArduPilot,message,200,GIMBAL_REPORT,all.xml,baseline/ardupilot/modules/mavlink/message_definitions/v1.0/ardupilotmega.xml,DEFINED_IN_ENTRYPOINT_CLOSURE,STATIC_REFERENCE_FOUND,0,3,4,baseline/ardupilot/libraries/AP_Mount/AP_Mount.cpp:1041|baseline/ardupilot/libraries/AP_Mount/SoloGimbal.cpp:168|baseline/ardupilot/libraries/AP_Mount/SoloGimbal.cpp:48|baseline/ardupilot/libraries/AP_Mount/SoloGimbal.cpp:49|baseline/ardupilot/libraries/AP_Mount/SoloGimbal.h:85|baseline/ardupilot/libraries/GCS_MAVLink/GCS_Common.cpp:4484|baseline/ardupilot/libraries/SITL/SIM_SoloGimbal.cpp:249,2978,ArduCopter|ArduPlane|Rover|libraries production-like C/C++ headers/sources; tests/examples excluded,NOT_RUN_NO_CAPTURE,,XML definition is not implementation support; static references are heuristic and do not prove reachability; no default runtime MAVLink capture was performed.
ArduPilot,message,201,GIMBAL_CONTROL,all.xml,baseline/ardupilot/modules/mavlink/message_definitions/v1.0/ardupilotmega.xml,DEFINED_IN_ENTRYPOINT_CLOSURE,STATIC_REFERENCE_FOUND,2,2,1,baseline/ardupilot/libraries/AP_Mount/SoloGimbal.cpp:120|baseline/ardupilot/libraries/AP_Mount/SoloGimbal.cpp:135|baseline/ardupilot/libraries/SITL/SIM_SoloGimbal.cpp:165|baseline/ardupilot/libraries/SITL/SIM_SoloGimbal.cpp:170|baseline/ardupilot/libraries/SITL/SIM_SoloGimbal.cpp:171,2978,ArduCopter|ArduPlane|Rover|libraries production-like C/C++ headers/sources; tests/examples excluded,NOT_RUN_NO_CAPTURE,,XML definition is not implementation support; static references are heuristic and do not prove reachability; no default runtime MAVLink capture was performed.
ArduPilot,message,214,GIMBAL_TORQUE_CMD_REPORT,all.xml,baseline/ardupilot/modules/mavlink/message_definitions/v1.0/ardupilotmega.xml,DEFINED_IN_ENTRYPOINT_CLOSURE,NO_REFERENCE_FOUND_BY_HEURISTIC_SCAN,0,0,0,,2978,ArduCopter|ArduPlane|Rover|libraries production-like C/C++ headers/sources; tests/examples excluded,NOT_RUN_NO_CAPTURE,,XML definition is not implementation support; static references are heuristic and do not prove reachability; no default runtime MAVLink capture was performed.
ArduPilot,message,215,GOPRO_HEARTBEAT,all.xml,baseline/ardupilot/modules/mavlink/message_definitions/v1.0/ardupilotmega.xml,DEFINED_IN_ENTRYPOINT_CLOSURE,STATIC_REFERENCE_FOUND,0,2,2,baseline/ardupilot/libraries/AP_Camera/AP_Camera_SoloGimbal.cpp:85|baseline/ardupilot/libraries/AP_Camera/AP_Camera_SoloGimbal.cpp:86|baseline/ardupilot/libraries/GCS_MAVLink/GCS_Common.cpp:4429|baseline/ardupilot/libraries/GCS_MAVLink/MAVLink_routing.cpp:127,2978,ArduCopter|ArduPlane|Rover|libraries production-like C/C++ headers/sources; tests/examples excluded,NOT_RUN_NO_CAPTURE,,XML definition is not implementation support; static references are heuristic and do not prove reachability; no default runtime MAVLink capture was performed.
ArduPilot,message,216,GOPRO_GET_REQUEST,all.xml,baseline/ardupilot/modules/mavlink/message_definitions/v1.0/ardupilotmega.xml,DEFINED_IN_ENTRYPOINT_CLOSURE,NO_REFERENCE_FOUND_BY_HEURISTIC_SCAN,0,0,0,,2978,ArduCopter|ArduPlane|Rover|libraries production-like C/C++ headers/sources; tests/examples excluded,NOT_RUN_NO_CAPTURE,,XML definition is not implementation support; static references are heuristic and do not prove reachability; no default runtime MAVLink capture was performed.
ArduPilot,message,217,GOPRO_GET_RESPONSE,all.xml,baseline/ardupilot/modules/mavlink/message_definitions/v1.0/ardupilotmega.xml,DEFINED_IN_ENTRYPOINT_CLOSURE,NO_REFERENCE_FOUND_BY_HEURISTIC_SCAN,0,0,0,,2978,ArduCopter|ArduPlane|Rover|libraries production-like C/C++ headers/sources; tests/examples excluded,NOT_RUN_NO_CAPTURE,,XML definition is not implementation support; static references are heuristic and do not prove reachability; no default runtime MAVLink capture was performed.
ArduPilot,message,218,GOPRO_SET_REQUEST,all.xml,baseline/ardupilot/modules/mavlink/message_definitions/v1.0/ardupilotmega.xml,DEFINED_IN_ENTRYPOINT_CLOSURE,STATIC_REFERENCE_FOUND,5,0,0,baseline/ardupilot/libraries/AP_Camera/AP_Camera_SoloGimbal.cpp:25|baseline/ardupilot/libraries/AP_Camera/AP_Camera_SoloGimbal.cpp:31|baseline/ardupilot/libraries/AP_Camera/AP_Camera_SoloGimbal.cpp:35|baseline/ardupilot/libraries/AP_Camera/AP_Camera_SoloGimbal.cpp:67|baseline/ardupilot/libraries/AP_Camera/AP_Camera_SoloGimbal.cpp:76,2978,ArduCopter|ArduPlane|Rover|libraries production-like C/C++ headers/sources; tests/examples excluded,NOT_RUN_NO_CAPTURE,,XML definition is not implementation support; static references are heuristic and do not prove reachability; no default runtime MAVLink capture was performed.
ArduPilot,message,219,GOPRO_SET_RESPONSE,all.xml,baseline/ardupilot/modules/mavlink/message_definitions/v1.0/ardupilotmega.xml,DEFINED_IN_ENTRYPOINT_CLOSURE,NO_REFERENCE_FOUND_BY_HEURISTIC_SCAN,0,0,0,,2978,ArduCopter|ArduPlane|Rover|libraries production-like C/C++ headers/sources; tests/examples excluded,NOT_RUN_NO_CAPTURE,,XML definition is not implementation support; static references are heuristic and do not prove reachability; no default runtime MAVLink capture was performed.
ArduPilot,message,220,NAV_FILTER_BIAS,all.xml,baseline/ardupilot/modules/mavlink/message_definitions/v1.0/ualberta.xml,DEFINED_IN_ENTRYPOINT_CLOSURE,NO_REFERENCE_FOUND_BY_HEURISTIC_SCAN,0,0,0,,2978,ArduCopter|ArduPlane|Rover|libraries production-like C/C++ headers/sources; tests/examples excluded,NOT_RUN_NO_CAPTURE,,XML definition is not implementation support; static references are heuristic and do not prove reachability; no default runtime MAVLink capture was performed.
ArduPilot,message,221,RADIO_CALIBRATION,all.xml,baseline/ardupilot/modules/mavlink/message_definitions/v1.0/ualberta.xml,DEFINED_IN_ENTRYPOINT_CLOSURE,NO_REFERENCE_FOUND_BY_HEURISTIC_SCAN,0,0,0,,2978,ArduCopter|ArduPlane|Rover|libraries production-like C/C++ headers/sources; tests/examples excluded,NOT_RUN_NO_CAPTURE,,XML definition is not implementation support; static references are heuristic and do not prove reachability; no default runtime MAVLink capture was performed.
ArduPilot,message,222,UALBERTA_SYS_STATUS,all.xml,baseline/ardupilot/modules/mavlink/message_definitions/v1.0/ualberta.xml,DEFINED_IN_ENTRYPOINT_CLOSURE,NO_REFERENCE_FOUND_BY_HEURISTIC_SCAN,0,0,0,,2978,ArduCopter|ArduPlane|Rover|libraries production-like C/C++ headers/sources; tests/examples excluded,NOT_RUN_NO_CAPTURE,,XML definition is not implementation support; static references are heuristic and do not prove reachability; no default runtime MAVLink capture was performed.
ArduPilot,message,223,COMMAND_INT_STAMPED,all.xml,baseline/ardupilot/modules/mavlink/message_definitions/v1.0/ASLUAV.xml,DEFINED_IN_ENTRYPOINT_CLOSURE,NO_REFERENCE_FOUND_BY_HEURISTIC_SCAN,0,0,0,,2978,ArduCopter|ArduPlane|Rover|libraries production-like C/C++ headers/sources; tests/examples excluded,NOT_RUN_NO_CAPTURE,,XML definition is not implementation support; static references are heuristic and do not prove reachability; no default runtime MAVLink capture was performed.
ArduPilot,message,224,COMMAND_LONG_STAMPED,all.xml,baseline/ardupilot/modules/mavlink/message_definitions/v1.0/ASLUAV.xml,DEFINED_IN_ENTRYPOINT_CLOSURE,NO_REFERENCE_FOUND_BY_HEURISTIC_SCAN,0,0,0,,2978,ArduCopter|ArduPlane|Rover|libraries production-like C/C++ headers/sources; tests/examples excluded,NOT_RUN_NO_CAPTURE,,XML definition is not implementation support; static references are heuristic and do not prove reachability; no default runtime MAVLink capture was performed.
ArduPilot,message,225,EFI_STATUS,all.xml,baseline/ardupilot/modules/mavlink/message_definitions/v1.0/common.xml,DEFINED_IN_ENTRYPOINT_CLOSURE,STATIC_REFERENCE_FOUND,1,2,2,baseline/ardupilot/libraries/AP_EFI/AP_EFI.cpp:306|baseline/ardupilot/libraries/AP_EFI/AP_EFI_MAV.cpp:33|baseline/ardupilot/libraries/AP_EFI/AP_EFI_MAV.cpp:34|baseline/ardupilot/libraries/GCS_MAVLink/GCS_Common.cpp:1169|baseline/ardupilot/libraries/GCS_MAVLink/GCS_Common.cpp:4677,2978,ArduCopter|ArduPlane|Rover|libraries production-like C/C++ headers/sources; tests/examples excluded,NOT_RUN_NO_CAPTURE,,XML definition is not implementation support; static references are heuristic and do not prove reachability; no default runtime MAVLink capture was performed.
ArduPilot,message,226,RPM,all.xml,baseline/ardupilot/modules/mavlink/message_definitions/v1.0/ardupilotmega.xml,DEFINED_IN_ENTRYPOINT_CLOSURE,STATIC_REFERENCE_FOUND,1,0,1,baseline/ardupilot/libraries/GCS_MAVLink/GCS_Common.cpp:1148|baseline/ardupilot/libraries/GCS_MAVLink/GCS_Common.cpp:6005,2978,ArduCopter|ArduPlane|Rover|libraries production-like C/C++ headers/sources; tests/examples excluded,NOT_RUN_NO_CAPTURE,,XML definition is not implementation support; static references are heuristic and do not prove reachability; no default runtime MAVLink capture was performed.
ArduPilot,message,230,ESTIMATOR_STATUS,all.xml,baseline/ardupilot/modules/mavlink/message_definitions/v1.0/common.xml,DEFINED_IN_ENTRYPOINT_CLOSURE,NO_REFERENCE_FOUND_BY_HEURISTIC_SCAN,0,0,0,,2978,ArduCopter|ArduPlane|Rover|libraries production-like C/C++ headers/sources; tests/examples excluded,NOT_RUN_NO_CAPTURE,,XML definition is not implementation support; static references are heuristic and do not prove reachability; no default runtime MAVLink capture was performed.
ArduPilot,message,231,WIND_COV,all.xml,baseline/ardupilot/modules/mavlink/message_definitions/v1.0/common.xml,DEFINED_IN_ENTRYPOINT_CLOSURE,NO_REFERENCE_FOUND_BY_HEURISTIC_SCAN,0,0,0,,2978,ArduCopter|ArduPlane|Rover|libraries production-like C/C++ headers/sources; tests/examples excluded,NOT_RUN_NO_CAPTURE,,XML definition is not implementation support; static references are heuristic and do not prove reachability; no default runtime MAVLink capture was performed.
ArduPilot,message,232,GPS_INPUT,all.xml,baseline/ardupilot/modules/mavlink/message_definitions/v1.0/common.xml,DEFINED_IN_ENTRYPOINT_CLOSURE,STATIC_REFERENCE_FOUND,0,3,1,baseline/ardupilot/libraries/AP_GPS/AP_GPS_MAV.cpp:46|baseline/ardupilot/libraries/AP_GPS/AP_GPS_MAV.cpp:47|baseline/ardupilot/libraries/AP_GPS/AP_GPS_MAV.cpp:48|baseline/ardupilot/libraries/GCS_MAVLink/GCS_Common.cpp:4510,2978,ArduCopter|ArduPlane|Rover|libraries production-like C/C++ headers/sources; tests/examples excluded,NOT_RUN_NO_CAPTURE,,XML definition is not implementation support; static references are heuristic and do not prove reachability; no default runtime MAVLink capture was performed.
ArduPilot,message,233,GPS_RTCM_DATA,all.xml,baseline/ardupilot/modules/mavlink/message_definitions/v1.0/common.xml,DEFINED_IN_ENTRYPOINT_CLOSURE,STATIC_REFERENCE_FOUND,0,3,3,baseline/ardupilot/libraries/AP_GPS/AP_GPS.cpp:1252|baseline/ardupilot/libraries/AP_GPS/AP_GPS.cpp:1593|baseline/ardupilot/libraries/AP_GPS/AP_GPS.cpp:1594|baseline/ardupilot/libraries/AP_GPS/AP_GPS.cpp:1629|baseline/ardupilot/libraries/AP_GPS/AP_GPS.h:808|baseline/ardupilot/libraries/GCS_MAVLink/GCS_Common.cpp:4509,2978,ArduCopter|ArduPlane|Rover|libraries production-like C/C++ headers/sources; tests/examples excluded,NOT_RUN_NO_CAPTURE,,XML definition is not implementation support; static references are heuristic and do not prove reachability; no default runtime MAVLink capture was performed.
ArduPilot,message,234,HIGH_LATENCY,all.xml,baseline/ardupilot/modules/mavlink/message_definitions/v1.0/common.xml,DEFINED_IN_ENTRYPOINT_CLOSURE,NO_REFERENCE_FOUND_BY_HEURISTIC_SCAN,0,0,0,,2978,ArduCopter|ArduPlane|Rover|libraries production-like C/C++ headers/sources; tests/examples excluded,NOT_RUN_NO_CAPTURE,,XML definition is not implementation support; static references are heuristic and do not prove reachability; no default runtime MAVLink capture was performed.
ArduPilot,message,235,HIGH_LATENCY2,all.xml,baseline/ardupilot/modules/mavlink/message_definitions/v1.0/common.xml,DEFINED_IN_ENTRYPOINT_CLOSURE,STATIC_REFERENCE_FOUND,1,1,1,baseline/ardupilot/libraries/GCS_MAVLink/GCS_Common.cpp:1184|baseline/ardupilot/libraries/GCS_MAVLink/GCS_Common.cpp:7302|baseline/ardupilot/libraries/GCS_MAVLink/GCS_Common.cpp:7740,2978,ArduCopter|ArduPlane|Rover|libraries production-like C/C++ headers/sources; tests/examples excluded,NOT_RUN_NO_CAPTURE,,XML definition is not implementation support; static references are heuristic and do not prove reachability; no default runtime MAVLink capture was performed.
ArduPilot,message,241,VIBRATION,all.xml,baseline/ardupilot/modules/mavlink/message_definitions/v1.0/common.xml,DEFINED_IN_ENTRYPOINT_CLOSURE,STATIC_REFERENCE_FOUND,1,0,1,baseline/ardupilot/libraries/GCS_MAVLink/GCS_Common.cpp:1146|baseline/ardupilot/libraries/GCS_MAVLink/GCS_Common.cpp:3080,2978,ArduCopter|ArduPlane|Rover|libraries production-like C/C++ headers/sources; tests/examples excluded,NOT_RUN_NO_CAPTURE,,XML definition is not implementation support; static references are heuristic and do not prove reachability; no default runtime MAVLink capture was performed.
ArduPilot,message,242,HOME_POSITION,all.xml,baseline/ardupilot/modules/mavlink/message_definitions/v1.0/common.xml,DEFINED_IN_ENTRYPOINT_CLOSURE,STATIC_REFERENCE_FOUND,1,0,1,baseline/ardupilot/libraries/GCS_MAVLink/GCS_Common.cpp:1046|baseline/ardupilot/libraries/GCS_MAVLink/GCS_Common.cpp:3126,2978,ArduCopter|ArduPlane|Rover|libraries production-like C/C++ headers/sources; tests/examples excluded,NOT_RUN_NO_CAPTURE,,XML definition is not implementation support; static references are heuristic and do not prove reachability; no default runtime MAVLink capture was performed.
ArduPilot,message,243,SET_HOME_POSITION,all.xml,baseline/ardupilot/modules/mavlink/message_definitions/v1.0/common.xml,DEFINED_IN_ENTRYPOINT_CLOSURE,NO_REFERENCE_FOUND_BY_HEURISTIC_SCAN,0,0,0,,2978,ArduCopter|ArduPlane|Rover|libraries production-like C/C++ headers/sources; tests/examples excluded,NOT_RUN_NO_CAPTURE,,XML definition is not implementation support; static references are heuristic and do not prove reachability; no default runtime MAVLink capture was performed.
ArduPilot,message,244,MESSAGE_INTERVAL,all.xml,baseline/ardupilot/modules/mavlink/message_definitions/v1.0/common.xml,DEFINED_IN_ENTRYPOINT_CLOSURE,STATIC_REFERENCE_FOUND,4,1,0,baseline/ardupilot/libraries/GCS_MAVLink/GCS_Common.cpp:3288|baseline/ardupilot/libraries/GCS_MAVLink/GCS_Common.cpp:3359|baseline/ardupilot/libraries/GCS_MAVLink/GCS_Common.cpp:3365|baseline/ardupilot/libraries/GCS_MAVLink/GCS_Common.cpp:3372|baseline/ardupilot/libraries/GCS_MAVLink/GCS_Common.cpp:3376,2978,ArduCopter|ArduPlane|Rover|libraries production-like C/C++ headers/sources; tests/examples excluded,NOT_RUN_NO_CAPTURE,,XML definition is not implementation support; static references are heuristic and do not prove reachability; no default runtime MAVLink capture was performed.
ArduPilot,message,245,EXTENDED_SYS_STATE,all.xml,baseline/ardupilot/modules/mavlink/message_definitions/v1.0/common.xml,DEFINED_IN_ENTRYPOINT_CLOSURE,STATIC_REFERENCE_FOUND,1,0,1,baseline/ardupilot/libraries/GCS_MAVLink/GCS_Common.cpp:1166|baseline/ardupilot/libraries/GCS_MAVLink/GCS_Common.cpp:6086,2978,ArduCopter|ArduPlane|Rover|libraries production-like C/C++ headers/sources; tests/examples excluded,NOT_RUN_NO_CAPTURE,,XML definition is not implementation support; static references are heuristic and do not prove reachability; no default runtime MAVLink capture was performed.
ArduPilot,message,246,ADSB_VEHICLE,all.xml,baseline/ardupilot/modules/mavlink/message_definitions/v1.0/common.xml,DEFINED_IN_ENTRYPOINT_CLOSURE,STATIC_REFERENCE_FOUND,3,3,7,baseline/ardupilot/libraries/AC_Avoidance/AP_OADatabase.cpp:445|baseline/ardupilot/libraries/AC_Avoidance/AP_OADatabase.cpp:484|baseline/ardupilot/libraries/AP_ADSB/AP_ADSB.cpp:641|baseline/ardupilot/libraries/AP_ADSB/AP_ADSB.cpp:644|baseline/ardupilot/libraries/AP_ADSB/AP_ADSB.cpp:823|baseline/ardupilot/libraries/AP_ADSB/AP_ADSB.cpp:825|baseline/ardupilot/libraries/AP_ADSB/AP_ADSB.h:71|baseline/ardupilot/libraries/AP_DroneCAN/AP_DroneCAN.cpp:1330|baseline/ardupilot/libraries/GCS_MAVLink/GCS_Common.cpp:1155|baseline/ardupilot/libraries/GCS_MAVLink/GCS_Common.cpp:4628|baseline/ardupilot/libraries/GCS_MAVLink/MAVLink_routing.cpp:115|baseline/ardupilot/libraries/GCS_MAVLink/MAVLink_routing.cpp:162|baseline/ardupilot/libraries/SITL/SIM_ADSB.cpp:238,2978,ArduCopter|ArduPlane|Rover|libraries production-like C/C++ headers/sources; tests/examples excluded,NOT_RUN_NO_CAPTURE,,XML definition is not implementation support; static references are heuristic and do not prove reachability; no default runtime MAVLink capture was performed.
ArduPilot,message,247,COLLISION,all.xml,baseline/ardupilot/modules/mavlink/message_definitions/v1.0/common.xml,DEFINED_IN_ENTRYPOINT_CLOSURE,STATIC_REFERENCE_FOUND,0,0,2,baseline/ardupilot/libraries/AP_Avoidance/AP_Avoidance.cpp:404|baseline/ardupilot/libraries/AP_Avoidance/AP_Avoidance.cpp:413,2978,ArduCopter|ArduPlane|Rover|libraries production-like C/C++ headers/sources; tests/examples excluded,NOT_RUN_NO_CAPTURE,,XML definition is not implementation support; static references are heuristic and do not prove reachability; no default runtime MAVLink capture was performed.
ArduPilot,message,248,V2_EXTENSION,all.xml,baseline/ardupilot/modules/mavlink/message_definitions/v1.0/common.xml,DEFINED_IN_ENTRYPOINT_CLOSURE,NO_REFERENCE_FOUND_BY_HEURISTIC_SCAN,0,0,0,,2978,ArduCopter|ArduPlane|Rover|libraries production-like C/C++ headers/sources; tests/examples excluded,NOT_RUN_NO_CAPTURE,,XML definition is not implementation support; static references are heuristic and do not prove reachability; no default runtime MAVLink capture was performed.
ArduPilot,message,249,MEMORY_VECT,all.xml,baseline/ardupilot/modules/mavlink/message_definitions/v1.0/common.xml,DEFINED_IN_ENTRYPOINT_CLOSURE,NO_REFERENCE_FOUND_BY_HEURISTIC_SCAN,0,0,0,,2978,ArduCopter|ArduPlane|Rover|libraries production-like C/C++ headers/sources; tests/examples excluded,NOT_RUN_NO_CAPTURE,,XML definition is not implementation support; static references are heuristic and do not prove reachability; no default runtime MAVLink capture was performed.
ArduPilot,message,250,DEBUG_VECT,all.xml,baseline/ardupilot/modules/mavlink/message_definitions/v1.0/common.xml,DEFINED_IN_ENTRYPOINT_CLOSURE,NO_REFERENCE_FOUND_BY_HEURISTIC_SCAN,0,0,0,,2978,ArduCopter|ArduPlane|Rover|libraries production-like C/C++ headers/sources; tests/examples excluded,NOT_RUN_NO_CAPTURE,,XML definition is not implementation support; static references are heuristic and do not prove reachability; no default runtime MAVLink capture was performed.
ArduPilot,message,251,NAMED_VALUE_FLOAT,all.xml,baseline/ardupilot/modules/mavlink/message_definitions/v1.0/common.xml,DEFINED_IN_ENTRYPOINT_CLOSURE,STATIC_REFERENCE_FOUND,1,2,3,baseline/ardupilot/libraries/GCS_MAVLink/GCS.cpp:329|baseline/ardupilot/libraries/GCS_MAVLink/GCS.cpp:334|baseline/ardupilot/libraries/GCS_MAVLink/GCS_Common.cpp:3096|baseline/ardupilot/libraries/GCS_MAVLink/GCS_Common.cpp:3901|baseline/ardupilot/libraries/GCS_MAVLink/GCS_Common.cpp:3902|baseline/ardupilot/libraries/GCS_MAVLink/GCS_Common.cpp:4641,2978,ArduCopter|ArduPlane|Rover|libraries production-like C/C++ headers/sources; tests/examples excluded,NOT_RUN_NO_CAPTURE,,XML definition is not implementation support; static references are heuristic and do not prove reachability; no default runtime MAVLink capture was performed.
ArduPilot,message,252,NAMED_VALUE_INT,all.xml,baseline/ardupilot/modules/mavlink/message_definitions/v1.0/common.xml,DEFINED_IN_ENTRYPOINT_CLOSURE,STATIC_REFERENCE_FOUND,2,2,4,baseline/ardupilot/ArduCopter/GCS_MAVLink_Copter.cpp:1194|baseline/ardupilot/ArduCopter/toy_mode.cpp:1011|baseline/ardupilot/ArduCopter/toy_mode.cpp:967|baseline/ardupilot/ArduCopter/toy_mode.cpp:970|baseline/ardupilot/ArduCopter/toy_mode.cpp:971|baseline/ardupilot/libraries/GCS_MAVLink/GCS.cpp:358|baseline/ardupilot/libraries/GCS_MAVLink/GCS.cpp:363|baseline/ardupilot/libraries/GCS_MAVLink/GCS_Common.cpp:3103,2978,ArduCopter|ArduPlane|Rover|libraries production-like C/C++ headers/sources; tests/examples excluded,NOT_RUN_NO_CAPTURE,,XML definition is not implementation support; static references are heuristic and do not prove reachability; no default runtime MAVLink capture was performed.
ArduPilot,message,253,STATUSTEXT,all.xml,baseline/ardupilot/modules/mavlink/message_definitions/v1.0/common.xml,DEFINED_IN_ENTRYPOINT_CLOSURE,STATIC_REFERENCE_FOUND,1,2,5,baseline/ardupilot/libraries/AP_RCTelemetry/AP_RCTelemetry.cpp:177|baseline/ardupilot/libraries/AP_RCTelemetry/AP_RCTelemetry.h:124|baseline/ardupilot/libraries/AP_RCTelemetry/AP_RCTelemetry.h:125|baseline/ardupilot/libraries/GCS_MAVLink/GCS.h:1155|baseline/ardupilot/libraries/GCS_MAVLink/GCS_Common.cpp:2707|baseline/ardupilot/libraries/GCS_MAVLink/GCS_Common.cpp:3853|baseline/ardupilot/libraries/GCS_MAVLink/GCS_Common.cpp:3854|baseline/ardupilot/libraries/GCS_MAVLink/GCS_Common.cpp:4516,2978,ArduCopter|ArduPlane|Rover|libraries production-like C/C++ headers/sources; tests/examples excluded,NOT_RUN_NO_CAPTURE,,XML definition is not implementation support; static references are heuristic and do not prove reachability; no default runtime MAVLink capture was performed.
ArduPilot,message,254,DEBUG,all.xml,baseline/ardupilot/modules/mavlink/message_definitions/v1.0/common.xml,DEFINED_IN_ENTRYPOINT_CLOSURE,NO_REFERENCE_FOUND_BY_HEURISTIC_SCAN,0,0,0,,2978,ArduCopter|ArduPlane|Rover|libraries production-like C/C++ headers/sources; tests/examples excluded,NOT_RUN_NO_CAPTURE,,XML definition is not implementation support; static references are heuristic and do not prove reachability; no default runtime MAVLink capture was performed.
ArduPilot,message,256,SETUP_SIGNING,all.xml,baseline/ardupilot/modules/mavlink/message_definitions/v1.0/common.xml,DEFINED_IN_ENTRYPOINT_CLOSURE,STATIC_REFERENCE_FOUND,0,2,1,baseline/ardupilot/libraries/GCS_MAVLink/GCS_Common.cpp:4383|baseline/ardupilot/libraries/GCS_MAVLink/GCS_Signing.cpp:82|baseline/ardupilot/libraries/GCS_MAVLink/GCS_Signing.cpp:83,2978,ArduCopter|ArduPlane|Rover|libraries production-like C/C++ headers/sources; tests/examples excluded,NOT_RUN_NO_CAPTURE,,XML definition is not implementation support; static references are heuristic and do not prove reachability; no default runtime MAVLink capture was performed.
ArduPilot,message,257,BUTTON_CHANGE,all.xml,baseline/ardupilot/modules/mavlink/message_definitions/v1.0/common.xml,DEFINED_IN_ENTRYPOINT_CLOSURE,STATIC_REFERENCE_FOUND,0,0,2,baseline/ardupilot/libraries/AP_Button/AP_Button.cpp:354|baseline/ardupilot/libraries/AP_Button/AP_Button.cpp:359,2978,ArduCopter|ArduPlane|Rover|libraries production-like C/C++ headers/sources; tests/examples excluded,NOT_RUN_NO_CAPTURE,,XML definition is not implementation support; static references are heuristic and do not prove reachability; no default runtime MAVLink capture was performed.
ArduPilot,message,258,PLAY_TUNE,all.xml,baseline/ardupilot/modules/mavlink/message_definitions/v1.0/common.xml,DEFINED_IN_ENTRYPOINT_CLOSURE,STATIC_REFERENCE_FOUND,0,2,1,baseline/ardupilot/libraries/AP_Notify/ToneAlarm.cpp:457|baseline/ardupilot/libraries/AP_Notify/ToneAlarm.cpp:459|baseline/ardupilot/libraries/GCS_MAVLink/GCS_Common.cpp:4534,2978,ArduCopter|ArduPlane|Rover|libraries production-like C/C++ headers/sources; tests/examples excluded,NOT_RUN_NO_CAPTURE,,XML definition is not implementation support; static references are heuristic and do not prove reachability; no default runtime MAVLink capture was performed.
ArduPilot,message,259,CAMERA_INFORMATION,all.xml,baseline/ardupilot/modules/mavlink/message_definitions/v1.0/common.xml,DEFINED_IN_ENTRYPOINT_CLOSURE,STATIC_REFERENCE_FOUND,4,2,14,baseline/ardupilot/libraries/AP_Camera/AP_Camera.cpp:967|baseline/ardupilot/libraries/AP_Camera/AP_Camera.cpp:977|baseline/ardupilot/libraries/AP_Camera/AP_Camera.h:209|baseline/ardupilot/libraries/AP_Camera/AP_Camera.h:210|baseline/ardupilot/libraries/AP_Camera/AP_Camera_Backend.cpp:226|baseline/ardupilot/libraries/AP_Camera/AP_Camera_Backend.cpp:250|baseline/ardupilot/libraries/AP_Camera/AP_Camera_Backend.cpp:254|baseline/ardupilot/libraries/AP_Camera/AP_Camera_Backend.h:124|baseline/ardupilot/libraries/AP_Camera/AP_Camera_Backend.h:195|baseline/ardupilot/libraries/AP_Camera/AP_Camera_MAVLinkCamV2.cpp:143|baseline/ardupilot/libraries/AP_Camera/AP_Camera_MAVLinkCamV2.cpp:144|baseline/ardupilot/libraries/AP_Camera/AP_Camera_MAVLinkCamV2.cpp:173|baseline/ardupilot/libraries/AP_Camera/AP_Camera_MAVLinkCamV2.cpp:237|baseline/ardupilot/libraries/AP_Camera/AP_Camera_MAVLinkCamV2.h:70|baseline/ardupilot/libraries/AP_Camera/AP_RunCam.cpp:1117|baseline/ardupilot/libraries/AP_Mount/AP_Mount_Backend.cpp:426|baseline/ardupilot/libraries/GCS_MAVLink/GCS_Common.cpp:1116|baseline/ardupilot/libraries/GCS_MAVLink/GCS_Common.cpp:4430|baseline/ardupilot/libraries/SITL/SIM_MAVLinkCamV2.cpp:115|baseline/ardupilot/libraries/SITL/SIM_MAVLinkCamV2.cpp:45,2978,ArduCopter|ArduPlane|Rover|libraries production-like C/C++ headers/sources; tests/examples excluded,NOT_RUN_NO_CAPTURE,,XML definition is not implementation support; static references are heuristic and do not prove reachability; no default runtime MAVLink capture was performed.
ArduPilot,message,260,CAMERA_SETTINGS,all.xml,baseline/ardupilot/modules/mavlink/message_definitions/v1.0/common.xml,DEFINED_IN_ENTRYPOINT_CLOSURE,STATIC_REFERENCE_FOUND,7,0,3,baseline/ardupilot/libraries/AP_Camera/AP_Camera_Backend.cpp:285|baseline/ardupilot/libraries/AP_Camera/AP_Camera_Servo.cpp:126|baseline/ardupilot/libraries/AP_Camera/AP_RunCam.cpp:1144|baseline/ardupilot/libraries/AP_Mount/AP_Mount_Siyi.cpp:1018|baseline/ardupilot/libraries/AP_Mount/AP_Mount_Topotek.cpp:457|baseline/ardupilot/libraries/AP_Mount/AP_Mount_Viewpro.cpp:877|baseline/ardupilot/libraries/AP_Mount/AP_Mount_Xacti.cpp:287|baseline/ardupilot/libraries/GCS_MAVLink/GCS_Common.cpp:1117|baseline/ardupilot/libraries/SITL/SIM_MAVLinkCamV2.cpp:134|baseline/ardupilot/libraries/SITL/SIM_MAVLinkCamV2.cpp:49,2978,ArduCopter|ArduPlane|Rover|libraries production-like C/C++ headers/sources; tests/examples excluded,NOT_RUN_NO_CAPTURE,,XML definition is not implementation support; static references are heuristic and do not prove reachability; no default runtime MAVLink capture was performed.
ArduPilot,message,261,STORAGE_INFORMATION,all.xml,baseline/ardupilot/modules/mavlink/message_definitions/v1.0/common.xml,DEFINED_IN_ENTRYPOINT_CLOSURE,NO_REFERENCE_FOUND_BY_HEURISTIC_SCAN,0,0,0,,2978,ArduCopter|ArduPlane|Rover|libraries production-like C/C++ headers/sources; tests/examples excluded,NOT_RUN_NO_CAPTURE,,XML definition is not implementation support; static references are heuristic and do not prove reachability; no default runtime MAVLink capture was performed.
ArduPilot,message,262,CAMERA_CAPTURE_STATUS,all.xml,baseline/ardupilot/modules/mavlink/message_definitions/v1.0/common.xml,DEFINED_IN_ENTRYPOINT_CLOSURE,STATIC_REFERENCE_FOUND,1,0,1,baseline/ardupilot/libraries/AP_Camera/AP_Camera_Backend.cpp:352|baseline/ardupilot/libraries/GCS_MAVLink/GCS_Common.cpp:1121,2978,ArduCopter|ArduPlane|Rover|libraries production-like C/C++ headers/sources; tests/examples excluded,NOT_RUN_NO_CAPTURE,,XML definition is not implementation support; static references are heuristic and do not prove reachability; no default runtime MAVLink capture was performed.
ArduPilot,message,263,CAMERA_IMAGE_CAPTURED,all.xml,baseline/ardupilot/modules/mavlink/message_definitions/v1.0/common.xml,DEFINED_IN_ENTRYPOINT_CLOSURE,NO_REFERENCE_FOUND_BY_HEURISTIC_SCAN,0,0,0,,2978,ArduCopter|ArduPlane|Rover|libraries production-like C/C++ headers/sources; tests/examples excluded,NOT_RUN_NO_CAPTURE,,XML definition is not implementation support; static references are heuristic and do not prove reachability; no default runtime MAVLink capture was performed.
ArduPilot,message,264,FLIGHT_INFORMATION,all.xml,baseline/ardupilot/modules/mavlink/message_definitions/v1.0/common.xml,DEFINED_IN_ENTRYPOINT_CLOSURE,STATIC_REFERENCE_FOUND,1,0,1,baseline/ardupilot/libraries/GCS_MAVLink/GCS_Common.cpp:1201|baseline/ardupilot/libraries/GCS_MAVLink/GCS_Common.cpp:6536,2978,ArduCopter|ArduPlane|Rover|libraries production-like C/C++ headers/sources; tests/examples excluded,NOT_RUN_NO_CAPTURE,,XML definition is not implementation support; static references are heuristic and do not prove reachability; no default runtime MAVLink capture was performed.
ArduPilot,message,265,MOUNT_ORIENTATION,all.xml,baseline/ardupilot/modules/mavlink/message_definitions/v1.0/common.xml,DEFINED_IN_ENTRYPOINT_CLOSURE,NO_REFERENCE_FOUND_BY_HEURISTIC_SCAN,0,0,0,,2978,ArduCopter|ArduPlane|Rover|libraries production-like C/C++ headers/sources; tests/examples excluded,NOT_RUN_NO_CAPTURE,,XML definition is not implementation support; static references are heuristic and do not prove reachability; no default runtime MAVLink capture was performed.
ArduPilot,message,266,LOGGING_DATA,all.xml,baseline/ardupilot/modules/mavlink/message_definitions/v1.0/common.xml,DEFINED_IN_ENTRYPOINT_CLOSURE,NO_REFERENCE_FOUND_BY_HEURISTIC_SCAN,0,0,0,,2978,ArduCopter|ArduPlane|Rover|libraries production-like C/C++ headers/sources; tests/examples excluded,NOT_RUN_NO_CAPTURE,,XML definition is not implementation support; static references are heuristic and do not prove reachability; no default runtime MAVLink capture was performed.
ArduPilot,message,267,LOGGING_DATA_ACKED,all.xml,baseline/ardupilot/modules/mavlink/message_definitions/v1.0/common.xml,DEFINED_IN_ENTRYPOINT_CLOSURE,NO_REFERENCE_FOUND_BY_HEURISTIC_SCAN,0,0,0,,2978,ArduCopter|ArduPlane|Rover|libraries production-like C/C++ headers/sources; tests/examples excluded,NOT_RUN_NO_CAPTURE,,XML definition is not implementation support; static references are heuristic and do not prove reachability; no default runtime MAVLink capture was performed.
ArduPilot,message,268,LOGGING_ACK,all.xml,baseline/ardupilot/modules/mavlink/message_definitions/v1.0/common.xml,DEFINED_IN_ENTRYPOINT_CLOSURE,NO_REFERENCE_FOUND_BY_HEURISTIC_SCAN,0,0,0,,2978,ArduCopter|ArduPlane|Rover|libraries production-like C/C++ headers/sources; tests/examples excluded,NOT_RUN_NO_CAPTURE,,XML definition is not implementation support; static references are heuristic and do not prove reachability; no default runtime MAVLink capture was performed.
ArduPilot,message,269,VIDEO_STREAM_INFORMATION,all.xml,baseline/ardupilot/modules/mavlink/message_definitions/v1.0/common.xml,DEFINED_IN_ENTRYPOINT_CLOSURE,STATIC_REFERENCE_FOUND,1,0,8,baseline/ardupilot/libraries/AP_Camera/AP_Camera.cpp:1000|baseline/ardupilot/libraries/AP_Camera/AP_Camera.cpp:990|baseline/ardupilot/libraries/AP_Camera/AP_Camera.h:212|baseline/ardupilot/libraries/AP_Camera/AP_Camera.h:213|baseline/ardupilot/libraries/AP_Camera/AP_Camera_Backend.cpp:268|baseline/ardupilot/libraries/AP_Camera/AP_Camera_Backend.cpp:275|baseline/ardupilot/libraries/AP_Camera/AP_Camera_Backend.h:125|baseline/ardupilot/libraries/AP_Camera/AP_Camera_Backend.h:196|baseline/ardupilot/libraries/GCS_MAVLink/GCS_Common.cpp:1126,2978,ArduCopter|ArduPlane|Rover|libraries production-like C/C++ headers/sources; tests/examples excluded,NOT_RUN_NO_CAPTURE,,XML definition is not implementation support; static references are heuristic and do not prove reachability; no default runtime MAVLink capture was performed.
ArduPilot,message,270,VIDEO_STREAM_STATUS,all.xml,baseline/ardupilot/modules/mavlink/message_definitions/v1.0/common.xml,DEFINED_IN_ENTRYPOINT_CLOSURE,NO_REFERENCE_FOUND_BY_HEURISTIC_SCAN,0,0,0,,2978,ArduCopter|ArduPlane|Rover|libraries production-like C/C++ headers/sources; tests/examples excluded,NOT_RUN_NO_CAPTURE,,XML definition is not implementation support; static references are heuristic and do not prove reachability; no default runtime MAVLink capture was performed.
ArduPilot,message,271,CAMERA_FOV_STATUS,all.xml,baseline/ardupilot/modules/mavlink/message_definitions/v1.0/common.xml,DEFINED_IN_ENTRYPOINT_CLOSURE,STATIC_REFERENCE_FOUND,1,0,1,baseline/ardupilot/libraries/AP_Camera/AP_Camera_Backend.cpp:329|baseline/ardupilot/libraries/GCS_MAVLink/GCS_Common.cpp:1119,2978,ArduCopter|ArduPlane|Rover|libraries production-like C/C++ headers/sources; tests/examples excluded,NOT_RUN_NO_CAPTURE,,XML definition is not implementation support; static references are heuristic and do not prove reachability; no default runtime MAVLink capture was performed.
ArduPilot,message,275,CAMERA_TRACKING_IMAGE_STATUS,all.xml,baseline/ardupilot/modules/mavlink/message_definitions/v1.0/common.xml,DEFINED_IN_ENTRYPOINT_CLOSURE,NO_REFERENCE_FOUND_BY_HEURISTIC_SCAN,0,0,0,,2978,ArduCopter|ArduPlane|Rover|libraries production-like C/C++ headers/sources; tests/examples excluded,NOT_RUN_NO_CAPTURE,,XML definition is not implementation support; static references are heuristic and do not prove reachability; no default runtime MAVLink capture was performed.
ArduPilot,message,276,CAMERA_TRACKING_GEO_STATUS,all.xml,baseline/ardupilot/modules/mavlink/message_definitions/v1.0/common.xml,DEFINED_IN_ENTRYPOINT_CLOSURE,NO_REFERENCE_FOUND_BY_HEURISTIC_SCAN,0,0,0,,2978,ArduCopter|ArduPlane|Rover|libraries production-like C/C++ headers/sources; tests/examples excluded,NOT_RUN_NO_CAPTURE,,XML definition is not implementation support; static references are heuristic and do not prove reachability; no default runtime MAVLink capture was performed.
ArduPilot,message,277,CAMERA_THERMAL_RANGE,all.xml,baseline/ardupilot/modules/mavlink/message_definitions/v1.0/common.xml,DEFINED_IN_ENTRYPOINT_CLOSURE,STATIC_REFERENCE_FOUND,1,0,1,baseline/ardupilot/libraries/AP_Mount/AP_Mount_Siyi.cpp:1034|baseline/ardupilot/libraries/GCS_MAVLink/GCS_Common.cpp:1123,2978,ArduCopter|ArduPlane|Rover|libraries production-like C/C++ headers/sources; tests/examples excluded,NOT_RUN_NO_CAPTURE,,XML definition is not implementation support; static references are heuristic and do not prove reachability; no default runtime MAVLink capture was performed.
ArduPilot,message,280,GIMBAL_MANAGER_INFORMATION,all.xml,baseline/ardupilot/modules/mavlink/message_definitions/v1.0/common.xml,DEFINED_IN_ENTRYPOINT_CLOSURE,STATIC_REFERENCE_FOUND,1,0,1,baseline/ardupilot/libraries/AP_Mount/AP_Mount_Backend.cpp:514|baseline/ardupilot/libraries/GCS_MAVLink/GCS_Common.cpp:1132,2978,ArduCopter|ArduPlane|Rover|libraries production-like C/C++ headers/sources; tests/examples excluded,NOT_RUN_NO_CAPTURE,,XML definition is not implementation support; static references are heuristic and do not prove reachability; no default runtime MAVLink capture was performed.
ArduPilot,message,281,GIMBAL_MANAGER_STATUS,all.xml,baseline/ardupilot/modules/mavlink/message_definitions/v1.0/common.xml,DEFINED_IN_ENTRYPOINT_CLOSURE,STATIC_REFERENCE_FOUND,1,0,1,baseline/ardupilot/libraries/AP_Mount/AP_Mount_Backend.cpp:535|baseline/ardupilot/libraries/GCS_MAVLink/GCS_Common.cpp:1133,2978,ArduCopter|ArduPlane|Rover|libraries production-like C/C++ headers/sources; tests/examples excluded,NOT_RUN_NO_CAPTURE,,XML definition is not implementation support; static references are heuristic and do not prove reachability; no default runtime MAVLink capture was performed.
ArduPilot,message,282,GIMBAL_MANAGER_SET_ATTITUDE,all.xml,baseline/ardupilot/modules/mavlink/message_definitions/v1.0/common.xml,DEFINED_IN_ENTRYPOINT_CLOSURE,STATIC_REFERENCE_FOUND,0,3,1,baseline/ardupilot/libraries/AP_Mount/AP_Mount.cpp:1047|baseline/ardupilot/libraries/AP_Mount/AP_Mount.cpp:443|baseline/ardupilot/libraries/AP_Mount/AP_Mount.cpp:444|baseline/ardupilot/libraries/GCS_MAVLink/GCS_Common.cpp:4487,2978,ArduCopter|ArduPlane|Rover|libraries production-like C/C++ headers/sources; tests/examples excluded,NOT_RUN_NO_CAPTURE,,XML definition is not implementation support; static references are heuristic and do not prove reachability; no default runtime MAVLink capture was performed.
ArduPilot,message,283,GIMBAL_DEVICE_INFORMATION,all.xml,baseline/ardupilot/modules/mavlink/message_definitions/v1.0/common.xml,DEFINED_IN_ENTRYPOINT_CLOSURE,STATIC_REFERENCE_FOUND,0,3,4,baseline/ardupilot/libraries/AP_Mount/AP_Mount.cpp:1053|baseline/ardupilot/libraries/AP_Mount/AP_Mount_MAVLink.cpp:117|baseline/ardupilot/libraries/AP_Mount/AP_Mount_MAVLink.cpp:118|baseline/ardupilot/libraries/AP_Mount/AP_Mount_MAVLink.cpp:178|baseline/ardupilot/libraries/GCS_MAVLink/GCS_Common.cpp:4485|baseline/ardupilot/libraries/SITL/SIM_MAVLinkGimbalv2.cpp:167|baseline/ardupilot/libraries/SITL/SIM_MAVLinkGimbalv2.cpp:80,2978,ArduCopter|ArduPlane|Rover|libraries production-like C/C++ headers/sources; tests/examples excluded,NOT_RUN_NO_CAPTURE,,XML definition is not implementation support; static references are heuristic and do not prove reachability; no default runtime MAVLink capture was performed.
ArduPilot,message,284,GIMBAL_DEVICE_SET_ATTITUDE,all.xml,baseline/ardupilot/modules/mavlink/message_definitions/v1.0/common.xml,DEFINED_IN_ENTRYPOINT_CLOSURE,STATIC_REFERENCE_FOUND,0,2,7,baseline/ardupilot/libraries/AP_Mount/AP_Mount_MAVLink.cpp:216|baseline/ardupilot/libraries/AP_Mount/AP_Mount_MAVLink.cpp:226|baseline/ardupilot/libraries/AP_Mount/AP_Mount_MAVLink.cpp:240|baseline/ardupilot/libraries/AP_Mount/AP_Mount_MAVLink.cpp:250|baseline/ardupilot/libraries/AP_Mount/AP_Mount_MAVLink.cpp:273|baseline/ardupilot/libraries/AP_Mount/AP_Mount_MAVLink.cpp:283|baseline/ardupilot/libraries/SITL/SIM_MAVLinkGimbalv2.cpp:105|baseline/ardupilot/libraries/SITL/SIM_MAVLinkGimbalv2.cpp:106|baseline/ardupilot/libraries/SITL/SIM_MAVLinkGimbalv2.cpp:107,2978,ArduCopter|ArduPlane|Rover|libraries production-like C/C++ headers/sources; tests/examples excluded,NOT_RUN_NO_CAPTURE,,XML definition is not implementation support; static references are heuristic and do not prove reachability; no default runtime MAVLink capture was performed.
ArduPilot,message,285,GIMBAL_DEVICE_ATTITUDE_STATUS,all.xml,baseline/ardupilot/modules/mavlink/message_definitions/v1.0/common.xml,DEFINED_IN_ENTRYPOINT_CLOSURE,STATIC_REFERENCE_FOUND,1,3,3,baseline/ardupilot/libraries/AP_Mount/AP_Mount.cpp:1056|baseline/ardupilot/libraries/AP_Mount/AP_Mount_Backend.cpp:462|baseline/ardupilot/libraries/AP_Mount/AP_Mount_MAVLink.cpp:166|baseline/ardupilot/libraries/AP_Mount/AP_Mount_MAVLink.h:103|baseline/ardupilot/libraries/GCS_MAVLink/GCS_Common.cpp:1130|baseline/ardupilot/libraries/GCS_MAVLink/GCS_Common.cpp:4486|baseline/ardupilot/libraries/SITL/SIM_MAVLinkGimbalv2.cpp:295,2978,ArduCopter|ArduPlane|Rover|libraries production-like C/C++ headers/sources; tests/examples excluded,NOT_RUN_NO_CAPTURE,,XML definition is not implementation support; static references are heuristic and do not prove reachability; no default runtime MAVLink capture was performed.
ArduPilot,message,286,AUTOPILOT_STATE_FOR_GIMBAL_DEVICE,all.xml,baseline/ardupilot/modules/mavlink/message_definitions/v1.0/common.xml,DEFINED_IN_ENTRYPOINT_CLOSURE,STATIC_REFERENCE_FOUND,1,0,2,baseline/ardupilot/libraries/AP_Mount/AP_Mount_MAVLink.cpp:202|baseline/ardupilot/libraries/GCS_MAVLink/GCS_Common.cpp:1131|baseline/ardupilot/libraries/GCS_MAVLink/GCS_Common.cpp:6478,2978,ArduCopter|ArduPlane|Rover|libraries production-like C/C++ headers/sources; tests/examples excluded,NOT_RUN_NO_CAPTURE,,XML definition is not implementation support; static references are heuristic and do not prove reachability; no default runtime MAVLink capture was performed.
ArduPilot,message,287,GIMBAL_MANAGER_SET_PITCHYAW,all.xml,baseline/ardupilot/modules/mavlink/message_definitions/v1.0/common.xml,DEFINED_IN_ENTRYPOINT_CLOSURE,STATIC_REFERENCE_FOUND,0,3,1,baseline/ardupilot/libraries/AP_Mount/AP_Mount.cpp:1050|baseline/ardupilot/libraries/AP_Mount/AP_Mount.cpp:500|baseline/ardupilot/libraries/AP_Mount/AP_Mount.cpp:501|baseline/ardupilot/libraries/GCS_MAVLink/GCS_Common.cpp:4488,2978,ArduCopter|ArduPlane|Rover|libraries production-like C/C++ headers/sources; tests/examples excluded,NOT_RUN_NO_CAPTURE,,XML definition is not implementation support; static references are heuristic and do not prove reachability; no default runtime MAVLink capture was performed.
ArduPilot,message,288,GIMBAL_MANAGER_SET_MANUAL_CONTROL,all.xml,baseline/ardupilot/modules/mavlink/message_definitions/v1.0/common.xml,DEFINED_IN_ENTRYPOINT_CLOSURE,NO_REFERENCE_FOUND_BY_HEURISTIC_SCAN,0,0,0,,2978,ArduCopter|ArduPlane|Rover|libraries production-like C/C++ headers/sources; tests/examples excluded,NOT_RUN_NO_CAPTURE,,XML definition is not implementation support; static references are heuristic and do not prove reachability; no default runtime MAVLink capture was performed.
ArduPilot,message,295,AIRSPEED,all.xml,baseline/ardupilot/modules/mavlink/message_definitions/v1.0/common.xml,DEFINED_IN_ENTRYPOINT_CLOSURE,STATIC_REFERENCE_FOUND,1,0,2,baseline/ardupilot/libraries/GCS_MAVLink/GCS_Common.cpp:1196|baseline/ardupilot/libraries/GCS_MAVLink/GCS_Common.cpp:2485|baseline/ardupilot/libraries/GCS_MAVLink/GCS_Common.cpp:2493,2978,ArduCopter|ArduPlane|Rover|libraries production-like C/C++ headers/sources; tests/examples excluded,NOT_RUN_NO_CAPTURE,,XML definition is not implementation support; static references are heuristic and do not prove reachability; no default runtime MAVLink capture was performed.
ArduPilot,message,299,WIFI_CONFIG_AP,all.xml,baseline/ardupilot/modules/mavlink/message_definitions/v1.0/common.xml,DEFINED_IN_ENTRYPOINT_CLOSURE,NO_REFERENCE_FOUND_BY_HEURISTIC_SCAN,0,0,0,,2978,ArduCopter|ArduPlane|Rover|libraries production-like C/C++ headers/sources; tests/examples excluded,NOT_RUN_NO_CAPTURE,,XML definition is not implementation support; static references are heuristic and do not prove reachability; no default runtime MAVLink capture was performed.
ArduPilot,message,301,AIS_VESSEL,all.xml,baseline/ardupilot/modules/mavlink/message_definitions/v1.0/common.xml,DEFINED_IN_ENTRYPOINT_CLOSURE,STATIC_REFERENCE_FOUND,1,0,10,baseline/ardupilot/libraries/AP_AIS/AP_AIS.cpp:270|baseline/ardupilot/libraries/AP_AIS/AP_AIS.cpp:690|baseline/ardupilot/libraries/AP_AIS/AP_AIS.cpp:691|baseline/ardupilot/libraries/AP_AIS/AP_AIS.cpp:883|baseline/ardupilot/libraries/AP_AIS/AP_AIS.h:85|baseline/ardupilot/libraries/GCS_MAVLink/GCS_Common.cpp:1187|baseline/ardupilot/libraries/SITL/SIM_AIS.cpp:408|baseline/ardupilot/libraries/SITL/SIM_AIS.cpp:482|baseline/ardupilot/libraries/SITL/SIM_AIS.h:66|baseline/ardupilot/libraries/SITL/SIM_AIS.h:87|baseline/ardupilot/libraries/SITL/SIM_AIS.h:97,2978,ArduCopter|ArduPlane|Rover|libraries production-like C/C++ headers/sources; tests/examples excluded,NOT_RUN_NO_CAPTURE,,XML definition is not implementation support; static references are heuristic and do not prove reachability; no default runtime MAVLink capture was performed.
ArduPilot,message,310,UAVCAN_NODE_STATUS,all.xml,baseline/ardupilot/modules/mavlink/message_definitions/v1.0/common.xml,DEFINED_IN_ENTRYPOINT_CLOSURE,NO_REFERENCE_FOUND_BY_HEURISTIC_SCAN,0,0,0,,2978,ArduCopter|ArduPlane|Rover|libraries production-like C/C++ headers/sources; tests/examples excluded,NOT_RUN_NO_CAPTURE,,XML definition is not implementation support; static references are heuristic and do not prove reachability; no default runtime MAVLink capture was performed.
ArduPilot,message,311,UAVCAN_NODE_INFO,all.xml,baseline/ardupilot/modules/mavlink/message_definitions/v1.0/common.xml,DEFINED_IN_ENTRYPOINT_CLOSURE,NO_REFERENCE_FOUND_BY_HEURISTIC_SCAN,0,0,0,,2978,ArduCopter|ArduPlane|Rover|libraries production-like C/C++ headers/sources; tests/examples excluded,NOT_RUN_NO_CAPTURE,,XML definition is not implementation support; static references are heuristic and do not prove reachability; no default runtime MAVLink capture was performed.
ArduPilot,message,320,PARAM_EXT_REQUEST_READ,all.xml,baseline/ardupilot/modules/mavlink/message_definitions/v1.0/common.xml,DEFINED_IN_ENTRYPOINT_CLOSURE,NO_REFERENCE_FOUND_BY_HEURISTIC_SCAN,0,0,0,,2978,ArduCopter|ArduPlane|Rover|libraries production-like C/C++ headers/sources; tests/examples excluded,NOT_RUN_NO_CAPTURE,,XML definition is not implementation support; static references are heuristic and do not prove reachability; no default runtime MAVLink capture was performed.
ArduPilot,message,321,PARAM_EXT_REQUEST_LIST,all.xml,baseline/ardupilot/modules/mavlink/message_definitions/v1.0/common.xml,DEFINED_IN_ENTRYPOINT_CLOSURE,NO_REFERENCE_FOUND_BY_HEURISTIC_SCAN,0,0,0,,2978,ArduCopter|ArduPlane|Rover|libraries production-like C/C++ headers/sources; tests/examples excluded,NOT_RUN_NO_CAPTURE,,XML definition is not implementation support; static references are heuristic and do not prove reachability; no default runtime MAVLink capture was performed.
ArduPilot,message,322,PARAM_EXT_VALUE,all.xml,baseline/ardupilot/modules/mavlink/message_definitions/v1.0/common.xml,DEFINED_IN_ENTRYPOINT_CLOSURE,NO_REFERENCE_FOUND_BY_HEURISTIC_SCAN,0,0,0,,2978,ArduCopter|ArduPlane|Rover|libraries production-like C/C++ headers/sources; tests/examples excluded,NOT_RUN_NO_CAPTURE,,XML definition is not implementation support; static references are heuristic and do not prove reachability; no default runtime MAVLink capture was performed.
ArduPilot,message,323,PARAM_EXT_SET,all.xml,baseline/ardupilot/modules/mavlink/message_definitions/v1.0/common.xml,DEFINED_IN_ENTRYPOINT_CLOSURE,NO_REFERENCE_FOUND_BY_HEURISTIC_SCAN,0,0,0,,2978,ArduCopter|ArduPlane|Rover|libraries production-like C/C++ headers/sources; tests/examples excluded,NOT_RUN_NO_CAPTURE,,XML definition is not implementation support; static references are heuristic and do not prove reachability; no default runtime MAVLink capture was performed.
ArduPilot,message,324,PARAM_EXT_ACK,all.xml,baseline/ardupilot/modules/mavlink/message_definitions/v1.0/common.xml,DEFINED_IN_ENTRYPOINT_CLOSURE,NO_REFERENCE_FOUND_BY_HEURISTIC_SCAN,0,0,0,,2978,ArduCopter|ArduPlane|Rover|libraries production-like C/C++ headers/sources; tests/examples excluded,NOT_RUN_NO_CAPTURE,,XML definition is not implementation support; static references are heuristic and do not prove reachability; no default runtime MAVLink capture was performed.
ArduPilot,message,330,OBSTACLE_DISTANCE,all.xml,baseline/ardupilot/modules/mavlink/message_definitions/v1.0/common.xml,DEFINED_IN_ENTRYPOINT_CLOSURE,STATIC_REFERENCE_FOUND,0,2,3,baseline/ardupilot/libraries/AP_Proximity/AP_Proximity_MAV.cpp:122|baseline/ardupilot/libraries/AP_Proximity/AP_Proximity_MAV.cpp:123|baseline/ardupilot/libraries/AP_Proximity/AP_Proximity_MAV.cpp:60|baseline/ardupilot/libraries/GCS_MAVLink/GCS_Common.cpp:4611|baseline/ardupilot/libraries/SITL/SIM_Morse.cpp:626,2978,ArduCopter|ArduPlane|Rover|libraries production-like C/C++ headers/sources; tests/examples excluded,NOT_RUN_NO_CAPTURE,,XML definition is not implementation support; static references are heuristic and do not prove reachability; no default runtime MAVLink capture was performed.
ArduPilot,message,331,ODOMETRY,all.xml,baseline/ardupilot/modules/mavlink/message_definitions/v1.0/common.xml,DEFINED_IN_ENTRYPOINT_CLOSURE,STATIC_REFERENCE_FOUND,0,2,2,baseline/ardupilot/libraries/GCS_MAVLink/GCS_Common.cpp:4074|baseline/ardupilot/libraries/GCS_MAVLink/GCS_Common.cpp:4075|baseline/ardupilot/libraries/GCS_MAVLink/GCS_Common.cpp:4570|baseline/ardupilot/libraries/SITL/SIM_Vicon.cpp:403,2978,ArduCopter|ArduPlane|Rover|libraries production-like C/C++ headers/sources; tests/examples excluded,NOT_RUN_NO_CAPTURE,,XML definition is not implementation support; static references are heuristic and do not prove reachability; no default runtime MAVLink capture was performed.
ArduPilot,message,332,TRAJECTORY_REPRESENTATION_WAYPOINTS,all.xml,baseline/ardupilot/modules/mavlink/message_definitions/v1.0/common.xml,DEFINED_IN_ENTRYPOINT_CLOSURE,NO_REFERENCE_FOUND_BY_HEURISTIC_SCAN,0,0,0,,2978,ArduCopter|ArduPlane|Rover|libraries production-like C/C++ headers/sources; tests/examples excluded,NOT_RUN_NO_CAPTURE,,XML definition is not implementation support; static references are heuristic and do not prove reachability; no default runtime MAVLink capture was performed.
ArduPilot,message,333,TRAJECTORY_REPRESENTATION_BEZIER,all.xml,baseline/ardupilot/modules/mavlink/message_definitions/v1.0/common.xml,DEFINED_IN_ENTRYPOINT_CLOSURE,NO_REFERENCE_FOUND_BY_HEURISTIC_SCAN,0,0,0,,2978,ArduCopter|ArduPlane|Rover|libraries production-like C/C++ headers/sources; tests/examples excluded,NOT_RUN_NO_CAPTURE,,XML definition is not implementation support; static references are heuristic and do not prove reachability; no default runtime MAVLink capture was performed.
ArduPilot,message,335,ISBD_LINK_STATUS,all.xml,baseline/ardupilot/modules/mavlink/message_definitions/v1.0/common.xml,DEFINED_IN_ENTRYPOINT_CLOSURE,NO_REFERENCE_FOUND_BY_HEURISTIC_SCAN,0,0,0,,2978,ArduCopter|ArduPlane|Rover|libraries production-like C/C++ headers/sources; tests/examples excluded,NOT_RUN_NO_CAPTURE,,XML definition is not implementation support; static references are heuristic and do not prove reachability; no default runtime MAVLink capture was performed.
ArduPilot,message,339,RAW_RPM,all.xml,baseline/ardupilot/modules/mavlink/message_definitions/v1.0/common.xml,DEFINED_IN_ENTRYPOINT_CLOSURE,NO_REFERENCE_FOUND_BY_HEURISTIC_SCAN,0,0,0,,2978,ArduCopter|ArduPlane|Rover|libraries production-like C/C++ headers/sources; tests/examples excluded,NOT_RUN_NO_CAPTURE,,XML definition is not implementation support; static references are heuristic and do not prove reachability; no default runtime MAVLink capture was performed.
ArduPilot,message,340,UTM_GLOBAL_POSITION,all.xml,baseline/ardupilot/modules/mavlink/message_definitions/v1.0/common.xml,DEFINED_IN_ENTRYPOINT_CLOSURE,STATIC_REFERENCE_FOUND,1,0,2,baseline/ardupilot/libraries/GCS_MAVLink/GCS_Common.cpp:1204|baseline/ardupilot/libraries/GCS_MAVLink/GCS_Common.cpp:6292|baseline/ardupilot/libraries/GCS_MAVLink/GCS_Common.cpp:6312,2978,ArduCopter|ArduPlane|Rover|libraries production-like C/C++ headers/sources; tests/examples excluded,NOT_RUN_NO_CAPTURE,,XML definition is not implementation support; static references are heuristic and do not prove reachability; no default runtime MAVLink capture was performed.
ArduPilot,message,345,PARAM_ERROR,all.xml,baseline/ardupilot/modules/mavlink/message_definitions/v1.0/common.xml,DEFINED_IN_ENTRYPOINT_CLOSURE,STATIC_REFERENCE_FOUND,2,0,0,baseline/ardupilot/libraries/GCS_MAVLink/GCS_Param.cpp:437|baseline/ardupilot/libraries/GCS_MAVLink/GCS_Param.cpp:458,2978,ArduCopter|ArduPlane|Rover|libraries production-like C/C++ headers/sources; tests/examples excluded,NOT_RUN_NO_CAPTURE,,XML definition is not implementation support; static references are heuristic and do not prove reachability; no default runtime MAVLink capture was performed.
ArduPilot,message,350,DEBUG_FLOAT_ARRAY,all.xml,baseline/ardupilot/modules/mavlink/message_definitions/v1.0/common.xml,DEFINED_IN_ENTRYPOINT_CLOSURE,NO_REFERENCE_FOUND_BY_HEURISTIC_SCAN,0,0,0,,2978,ArduCopter|ArduPlane|Rover|libraries production-like C/C++ headers/sources; tests/examples excluded,NOT_RUN_NO_CAPTURE,,XML definition is not implementation support; static references are heuristic and do not prove reachability; no default runtime MAVLink capture was performed.
ArduPilot,message,360,ORBIT_EXECUTION_STATUS,all.xml,baseline/ardupilot/modules/mavlink/message_definitions/v1.0/common.xml,DEFINED_IN_ENTRYPOINT_CLOSURE,NO_REFERENCE_FOUND_BY_HEURISTIC_SCAN,0,0,0,,2978,ArduCopter|ArduPlane|Rover|libraries production-like C/C++ headers/sources; tests/examples excluded,NOT_RUN_NO_CAPTURE,,XML definition is not implementation support; static references are heuristic and do not prove reachability; no default runtime MAVLink capture was performed.
ArduPilot,message,370,SMART_BATTERY_INFO,all.xml,baseline/ardupilot/modules/mavlink/message_definitions/v1.0/common.xml,DEFINED_IN_ENTRYPOINT_CLOSURE,NO_REFERENCE_FOUND_BY_HEURISTIC_SCAN,0,0,0,,2978,ArduCopter|ArduPlane|Rover|libraries production-like C/C++ headers/sources; tests/examples excluded,NOT_RUN_NO_CAPTURE,,XML definition is not implementation support; static references are heuristic and do not prove reachability; no default runtime MAVLink capture was performed.
ArduPilot,message,373,GENERATOR_STATUS,all.xml,baseline/ardupilot/modules/mavlink/message_definitions/v1.0/common.xml,DEFINED_IN_ENTRYPOINT_CLOSURE,STATIC_REFERENCE_FOUND,3,0,1,baseline/ardupilot/libraries/AP_Generator/AP_Generator_Cortex.cpp:196|baseline/ardupilot/libraries/AP_Generator/AP_Generator_Loweheiser.cpp:753|baseline/ardupilot/libraries/AP_Generator/AP_Generator_RichenPower.cpp:503|baseline/ardupilot/libraries/GCS_MAVLink/GCS_Common.cpp:1172,2978,ArduCopter|ArduPlane|Rover|libraries production-like C/C++ headers/sources; tests/examples excluded,NOT_RUN_NO_CAPTURE,,XML definition is not implementation support; static references are heuristic and do not prove reachability; no default runtime MAVLink capture was performed.
ArduPilot,message,375,ACTUATOR_OUTPUT_STATUS,all.xml,baseline/ardupilot/modules/mavlink/message_definitions/v1.0/common.xml,DEFINED_IN_ENTRYPOINT_CLOSURE,NO_REFERENCE_FOUND_BY_HEURISTIC_SCAN,0,0,0,,2978,ArduCopter|ArduPlane|Rover|libraries production-like C/C++ headers/sources; tests/examples excluded,NOT_RUN_NO_CAPTURE,,XML definition is not implementation support; static references are heuristic and do not prove reachability; no default runtime MAVLink capture was performed.
ArduPilot,message,376,RELAY_STATUS,all.xml,baseline/ardupilot/modules/mavlink/message_definitions/v1.0/common.xml,DEFINED_IN_ENTRYPOINT_CLOSURE,STATIC_REFERENCE_FOUND,1,0,1,baseline/ardupilot/libraries/AP_Relay/AP_Relay.cpp:683|baseline/ardupilot/libraries/GCS_MAVLink/GCS_Common.cpp:1193,2978,ArduCopter|ArduPlane|Rover|libraries production-like C/C++ headers/sources; tests/examples excluded,NOT_RUN_NO_CAPTURE,,XML definition is not implementation support; static references are heuristic and do not prove reachability; no default runtime MAVLink capture was performed.
ArduPilot,message,385,TUNNEL,all.xml,baseline/ardupilot/modules/mavlink/message_definitions/v1.0/common.xml,DEFINED_IN_ENTRYPOINT_CLOSURE,NO_REFERENCE_FOUND_BY_HEURISTIC_SCAN,0,0,0,,2978,ArduCopter|ArduPlane|Rover|libraries production-like C/C++ headers/sources; tests/examples excluded,NOT_RUN_NO_CAPTURE,,XML definition is not implementation support; static references are heuristic and do not prove reachability; no default runtime MAVLink capture was performed.
ArduPilot,message,386,CAN_FRAME,all.xml,baseline/ardupilot/modules/mavlink/message_definitions/v1.0/common.xml,DEFINED_IN_ENTRYPOINT_CLOSURE,STATIC_REFERENCE_FOUND,1,3,1,baseline/ardupilot/libraries/AP_CANManager/AP_MAVLinkCAN.cpp:138|baseline/ardupilot/libraries/AP_CANManager/AP_MAVLinkCAN.cpp:139|baseline/ardupilot/libraries/AP_CANManager/AP_MAVLinkCAN.cpp:140|baseline/ardupilot/libraries/AP_CANManager/AP_MAVLinkCAN.cpp:354|baseline/ardupilot/libraries/GCS_MAVLink/GCS_Common.cpp:4646,2978,ArduCopter|ArduPlane|Rover|libraries production-like C/C++ headers/sources; tests/examples excluded,NOT_RUN_NO_CAPTURE,,XML definition is not implementation support; static references are heuristic and do not prove reachability; no default runtime MAVLink capture was performed.
ArduPilot,message,387,CANFD_FRAME,all.xml,baseline/ardupilot/modules/mavlink/message_definitions/v1.0/common.xml,DEFINED_IN_ENTRYPOINT_CLOSURE,STATIC_REFERENCE_FOUND,1,3,1,baseline/ardupilot/libraries/AP_CANManager/AP_MAVLinkCAN.cpp:155|baseline/ardupilot/libraries/AP_CANManager/AP_MAVLinkCAN.cpp:156|baseline/ardupilot/libraries/AP_CANManager/AP_MAVLinkCAN.cpp:157|baseline/ardupilot/libraries/AP_CANManager/AP_MAVLinkCAN.cpp:347|baseline/ardupilot/libraries/GCS_MAVLink/GCS_Common.cpp:4647,2978,ArduCopter|ArduPlane|Rover|libraries production-like C/C++ headers/sources; tests/examples excluded,NOT_RUN_NO_CAPTURE,,XML definition is not implementation support; static references are heuristic and do not prove reachability; no default runtime MAVLink capture was performed.
ArduPilot,message,388,CAN_FILTER_MODIFY,all.xml,baseline/ardupilot/modules/mavlink/message_definitions/v1.0/common.xml,DEFINED_IN_ENTRYPOINT_CLOSURE,STATIC_REFERENCE_FOUND,0,2,1,baseline/ardupilot/libraries/AP_CANManager/AP_MAVLinkCAN.cpp:207|baseline/ardupilot/libraries/AP_CANManager/AP_MAVLinkCAN.cpp:208|baseline/ardupilot/libraries/GCS_MAVLink/GCS_Common.cpp:4653,2978,ArduCopter|ArduPlane|Rover|libraries production-like C/C++ headers/sources; tests/examples excluded,NOT_RUN_NO_CAPTURE,,XML definition is not implementation support; static references are heuristic and do not prove reachability; no default runtime MAVLink capture was performed.
ArduPilot,message,390,ONBOARD_COMPUTER_STATUS,all.xml,baseline/ardupilot/modules/mavlink/message_definitions/v1.0/common.xml,DEFINED_IN_ENTRYPOINT_CLOSURE,NO_REFERENCE_FOUND_BY_HEURISTIC_SCAN,0,0,0,,2978,ArduCopter|ArduPlane|Rover|libraries production-like C/C++ headers/sources; tests/examples excluded,NOT_RUN_NO_CAPTURE,,XML definition is not implementation support; static references are heuristic and do not prove reachability; no default runtime MAVLink capture was performed.
ArduPilot,message,420,RADIO_RC_CHANNELS,all.xml,baseline/ardupilot/modules/mavlink/message_definitions/v1.0/development.xml,DEFINED_IN_ENTRYPOINT_CLOSURE,STATIC_REFERENCE_FOUND,0,2,6,baseline/ardupilot/libraries/AP_RCProtocol/AP_RCProtocol.cpp:733|baseline/ardupilot/libraries/AP_RCProtocol/AP_RCProtocol.h:269|baseline/ardupilot/libraries/AP_RCProtocol/AP_RCProtocol_Backend.h:49|baseline/ardupilot/libraries/AP_RCProtocol/AP_RCProtocol_MAVLinkRadio.cpp:8|baseline/ardupilot/libraries/AP_RCProtocol/AP_RCProtocol_MAVLinkRadio.h:17|baseline/ardupilot/libraries/GCS_MAVLink/GCS_Common.cpp:4594|baseline/ardupilot/libraries/GCS_MAVLink/GCS_Common.cpp:7818|baseline/ardupilot/libraries/GCS_MAVLink/GCS_Common.cpp:7819,2978,ArduCopter|ArduPlane|Rover|libraries production-like C/C++ headers/sources; tests/examples excluded,NOT_RUN_NO_CAPTURE,,XML definition is not implementation support; static references are heuristic and do not prove reachability; no default runtime MAVLink capture was performed.
ArduPilot,message,435,AVAILABLE_MODES,all.xml,baseline/ardupilot/modules/mavlink/message_definitions/v1.0/development.xml,DEFINED_IN_ENTRYPOINT_CLOSURE,STATIC_REFERENCE_FOUND,3,0,1,baseline/ardupilot/ArduCopter/GCS_MAVLink_Copter.cpp:1481|baseline/ardupilot/ArduPlane/GCS_MAVLink_Plane.cpp:1367|baseline/ardupilot/Rover/GCS_MAVLink_Rover.cpp:972|baseline/ardupilot/libraries/GCS_MAVLink/GCS_Common.cpp:1198,2978,ArduCopter|ArduPlane|Rover|libraries production-like C/C++ headers/sources; tests/examples excluded,NOT_RUN_NO_CAPTURE,,XML definition is not implementation support; static references are heuristic and do not prove reachability; no default runtime MAVLink capture was performed.
ArduPilot,message,436,CURRENT_MODE,all.xml,baseline/ardupilot/modules/mavlink/message_definitions/v1.0/development.xml,DEFINED_IN_ENTRYPOINT_CLOSURE,NO_REFERENCE_FOUND_BY_HEURISTIC_SCAN,0,0,0,,2978,ArduCopter|ArduPlane|Rover|libraries production-like C/C++ headers/sources; tests/examples excluded,NOT_RUN_NO_CAPTURE,,XML definition is not implementation support; static references are heuristic and do not prove reachability; no default runtime MAVLink capture was performed.
ArduPilot,message,437,AVAILABLE_MODES_MONITOR,all.xml,baseline/ardupilot/modules/mavlink/message_definitions/v1.0/development.xml,DEFINED_IN_ENTRYPOINT_CLOSURE,STATIC_REFERENCE_FOUND,1,0,1,baseline/ardupilot/libraries/GCS_MAVLink/GCS_Common.cpp:1199|baseline/ardupilot/libraries/GCS_MAVLink/GCS_Common.cpp:6602,2978,ArduCopter|ArduPlane|Rover|libraries production-like C/C++ headers/sources; tests/examples excluded,NOT_RUN_NO_CAPTURE,,XML definition is not implementation support; static references are heuristic and do not prove reachability; no default runtime MAVLink capture was performed.
ArduPilot,message,441,GNSS_INTEGRITY,all.xml,baseline/ardupilot/modules/mavlink/message_definitions/v1.0/development.xml,DEFINED_IN_ENTRYPOINT_CLOSURE,NO_REFERENCE_FOUND_BY_HEURISTIC_SCAN,0,0,0,,2978,ArduCopter|ArduPlane|Rover|libraries production-like C/C++ headers/sources; tests/examples excluded,NOT_RUN_NO_CAPTURE,,XML definition is not implementation support; static references are heuristic and do not prove reachability; no default runtime MAVLink capture was performed.
ArduPilot,message,513,RANGING_BEACON,all.xml,baseline/ardupilot/modules/mavlink/message_definitions/v1.0/development.xml,DEFINED_IN_ENTRYPOINT_CLOSURE,NO_REFERENCE_FOUND_BY_HEURISTIC_SCAN,0,0,0,,2978,ArduCopter|ArduPlane|Rover|libraries production-like C/C++ headers/sources; tests/examples excluded,NOT_RUN_NO_CAPTURE,,XML definition is not implementation support; static references are heuristic and do not prove reachability; no default runtime MAVLink capture was performed.
ArduPilot,message,8002,SENS_POWER,all.xml,baseline/ardupilot/modules/mavlink/message_definitions/v1.0/ASLUAV.xml,DEFINED_IN_ENTRYPOINT_CLOSURE,NO_REFERENCE_FOUND_BY_HEURISTIC_SCAN,0,0,0,,2978,ArduCopter|ArduPlane|Rover|libraries production-like C/C++ headers/sources; tests/examples excluded,NOT_RUN_NO_CAPTURE,,XML definition is not implementation support; static references are heuristic and do not prove reachability; no default runtime MAVLink capture was performed.
ArduPilot,message,8003,SENS_MPPT,all.xml,baseline/ardupilot/modules/mavlink/message_definitions/v1.0/ASLUAV.xml,DEFINED_IN_ENTRYPOINT_CLOSURE,NO_REFERENCE_FOUND_BY_HEURISTIC_SCAN,0,0,0,,2978,ArduCopter|ArduPlane|Rover|libraries production-like C/C++ headers/sources; tests/examples excluded,NOT_RUN_NO_CAPTURE,,XML definition is not implementation support; static references are heuristic and do not prove reachability; no default runtime MAVLink capture was performed.
ArduPilot,message,8004,ASLCTRL_DATA,all.xml,baseline/ardupilot/modules/mavlink/message_definitions/v1.0/ASLUAV.xml,DEFINED_IN_ENTRYPOINT_CLOSURE,NO_REFERENCE_FOUND_BY_HEURISTIC_SCAN,0,0,0,,2978,ArduCopter|ArduPlane|Rover|libraries production-like C/C++ headers/sources; tests/examples excluded,NOT_RUN_NO_CAPTURE,,XML definition is not implementation support; static references are heuristic and do not prove reachability; no default runtime MAVLink capture was performed.
ArduPilot,message,8005,ASLCTRL_DEBUG,all.xml,baseline/ardupilot/modules/mavlink/message_definitions/v1.0/ASLUAV.xml,DEFINED_IN_ENTRYPOINT_CLOSURE,NO_REFERENCE_FOUND_BY_HEURISTIC_SCAN,0,0,0,,2978,ArduCopter|ArduPlane|Rover|libraries production-like C/C++ headers/sources; tests/examples excluded,NOT_RUN_NO_CAPTURE,,XML definition is not implementation support; static references are heuristic and do not prove reachability; no default runtime MAVLink capture was performed.
ArduPilot,message,8006,ASLUAV_STATUS,all.xml,baseline/ardupilot/modules/mavlink/message_definitions/v1.0/ASLUAV.xml,DEFINED_IN_ENTRYPOINT_CLOSURE,NO_REFERENCE_FOUND_BY_HEURISTIC_SCAN,0,0,0,,2978,ArduCopter|ArduPlane|Rover|libraries production-like C/C++ headers/sources; tests/examples excluded,NOT_RUN_NO_CAPTURE,,XML definition is not implementation support; static references are heuristic and do not prove reachability; no default runtime MAVLink capture was performed.
ArduPilot,message,8007,EKF_EXT,all.xml,baseline/ardupilot/modules/mavlink/message_definitions/v1.0/ASLUAV.xml,DEFINED_IN_ENTRYPOINT_CLOSURE,NO_REFERENCE_FOUND_BY_HEURISTIC_SCAN,0,0,0,,2978,ArduCopter|ArduPlane|Rover|libraries production-like C/C++ headers/sources; tests/examples excluded,NOT_RUN_NO_CAPTURE,,XML definition is not implementation support; static references are heuristic and do not prove reachability; no default runtime MAVLink capture was performed.
ArduPilot,message,8008,ASL_OBCTRL,all.xml,baseline/ardupilot/modules/mavlink/message_definitions/v1.0/ASLUAV.xml,DEFINED_IN_ENTRYPOINT_CLOSURE,NO_REFERENCE_FOUND_BY_HEURISTIC_SCAN,0,0,0,,2978,ArduCopter|ArduPlane|Rover|libraries production-like C/C++ headers/sources; tests/examples excluded,NOT_RUN_NO_CAPTURE,,XML definition is not implementation support; static references are heuristic and do not prove reachability; no default runtime MAVLink capture was performed.
ArduPilot,message,8009,SENS_ATMOS,all.xml,baseline/ardupilot/modules/mavlink/message_definitions/v1.0/ASLUAV.xml,DEFINED_IN_ENTRYPOINT_CLOSURE,NO_REFERENCE_FOUND_BY_HEURISTIC_SCAN,0,0,0,,2978,ArduCopter|ArduPlane|Rover|libraries production-like C/C++ headers/sources; tests/examples excluded,NOT_RUN_NO_CAPTURE,,XML definition is not implementation support; static references are heuristic and do not prove reachability; no default runtime MAVLink capture was performed.
ArduPilot,message,8010,SENS_BATMON,all.xml,baseline/ardupilot/modules/mavlink/message_definitions/v1.0/ASLUAV.xml,DEFINED_IN_ENTRYPOINT_CLOSURE,NO_REFERENCE_FOUND_BY_HEURISTIC_SCAN,0,0,0,,2978,ArduCopter|ArduPlane|Rover|libraries production-like C/C++ headers/sources; tests/examples excluded,NOT_RUN_NO_CAPTURE,,XML definition is not implementation support; static references are heuristic and do not prove reachability; no default runtime MAVLink capture was performed.
ArduPilot,message,8011,FW_SOARING_DATA,all.xml,baseline/ardupilot/modules/mavlink/message_definitions/v1.0/ASLUAV.xml,DEFINED_IN_ENTRYPOINT_CLOSURE,NO_REFERENCE_FOUND_BY_HEURISTIC_SCAN,0,0,0,,2978,ArduCopter|ArduPlane|Rover|libraries production-like C/C++ headers/sources; tests/examples excluded,NOT_RUN_NO_CAPTURE,,XML definition is not implementation support; static references are heuristic and do not prove reachability; no default runtime MAVLink capture was performed.
ArduPilot,message,8012,SENSORPOD_STATUS,all.xml,baseline/ardupilot/modules/mavlink/message_definitions/v1.0/ASLUAV.xml,DEFINED_IN_ENTRYPOINT_CLOSURE,NO_REFERENCE_FOUND_BY_HEURISTIC_SCAN,0,0,0,,2978,ArduCopter|ArduPlane|Rover|libraries production-like C/C++ headers/sources; tests/examples excluded,NOT_RUN_NO_CAPTURE,,XML definition is not implementation support; static references are heuristic and do not prove reachability; no default runtime MAVLink capture was performed.
ArduPilot,message,8013,SENS_POWER_BOARD,all.xml,baseline/ardupilot/modules/mavlink/message_definitions/v1.0/ASLUAV.xml,DEFINED_IN_ENTRYPOINT_CLOSURE,NO_REFERENCE_FOUND_BY_HEURISTIC_SCAN,0,0,0,,2978,ArduCopter|ArduPlane|Rover|libraries production-like C/C++ headers/sources; tests/examples excluded,NOT_RUN_NO_CAPTURE,,XML definition is not implementation support; static references are heuristic and do not prove reachability; no default runtime MAVLink capture was performed.
ArduPilot,message,8014,GSM_LINK_STATUS,all.xml,baseline/ardupilot/modules/mavlink/message_definitions/v1.0/ASLUAV.xml,DEFINED_IN_ENTRYPOINT_CLOSURE,NO_REFERENCE_FOUND_BY_HEURISTIC_SCAN,0,0,0,,2978,ArduCopter|ArduPlane|Rover|libraries production-like C/C++ headers/sources; tests/examples excluded,NOT_RUN_NO_CAPTURE,,XML definition is not implementation support; static references are heuristic and do not prove reachability; no default runtime MAVLink capture was performed.
ArduPilot,message,8015,SATCOM_LINK_STATUS,all.xml,baseline/ardupilot/modules/mavlink/message_definitions/v1.0/ASLUAV.xml,DEFINED_IN_ENTRYPOINT_CLOSURE,NO_REFERENCE_FOUND_BY_HEURISTIC_SCAN,0,0,0,,2978,ArduCopter|ArduPlane|Rover|libraries production-like C/C++ headers/sources; tests/examples excluded,NOT_RUN_NO_CAPTURE,,XML definition is not implementation support; static references are heuristic and do not prove reachability; no default runtime MAVLink capture was performed.
ArduPilot,message,8016,SENSOR_AIRFLOW_ANGLES,all.xml,baseline/ardupilot/modules/mavlink/message_definitions/v1.0/ASLUAV.xml,DEFINED_IN_ENTRYPOINT_CLOSURE,NO_REFERENCE_FOUND_BY_HEURISTIC_SCAN,0,0,0,,2978,ArduCopter|ArduPlane|Rover|libraries production-like C/C++ headers/sources; tests/examples excluded,NOT_RUN_NO_CAPTURE,,XML definition is not implementation support; static references are heuristic and do not prove reachability; no default runtime MAVLink capture was performed.
ArduPilot,message,9000,WHEEL_DISTANCE,all.xml,baseline/ardupilot/modules/mavlink/message_definitions/v1.0/common.xml,DEFINED_IN_ENTRYPOINT_CLOSURE,STATIC_REFERENCE_FOUND,1,0,0,baseline/ardupilot/Rover/GCS_MAVLink_Rover.cpp:361,2978,ArduCopter|ArduPlane|Rover|libraries production-like C/C++ headers/sources; tests/examples excluded,NOT_RUN_NO_CAPTURE,,XML definition is not implementation support; static references are heuristic and do not prove reachability; no default runtime MAVLink capture was performed.
ArduPilot,message,9005,WINCH_STATUS,all.xml,baseline/ardupilot/modules/mavlink/message_definitions/v1.0/common.xml,DEFINED_IN_ENTRYPOINT_CLOSURE,STATIC_REFERENCE_FOUND,2,0,1,baseline/ardupilot/libraries/AP_Winch/AP_Winch_Daiwa.cpp:77|baseline/ardupilot/libraries/AP_Winch/AP_Winch_PWM.cpp:83|baseline/ardupilot/libraries/GCS_MAVLink/GCS_Common.cpp:1175,2978,ArduCopter|ArduPlane|Rover|libraries production-like C/C++ headers/sources; tests/examples excluded,NOT_RUN_NO_CAPTURE,,XML definition is not implementation support; static references are heuristic and do not prove reachability; no default runtime MAVLink capture was performed.
ArduPilot,message,10001,UAVIONIX_ADSB_OUT_CFG,all.xml,baseline/ardupilot/modules/mavlink/message_definitions/v1.0/uAvionix.xml,DEFINED_IN_ENTRYPOINT_CLOSURE,STATIC_REFERENCE_FOUND,1,3,3,baseline/ardupilot/libraries/AP_ADSB/AP_ADSB.cpp:666|baseline/ardupilot/libraries/AP_ADSB/AP_ADSB.cpp:838|baseline/ardupilot/libraries/AP_ADSB/AP_ADSB.cpp:839|baseline/ardupilot/libraries/AP_ADSB/AP_ADSB.cpp:840|baseline/ardupilot/libraries/AP_ADSB/AP_ADSB.h:251|baseline/ardupilot/libraries/AP_ADSB/AP_ADSB_uAvionix_MAVLink.cpp:227|baseline/ardupilot/libraries/GCS_MAVLink/GCS_Common.cpp:4629,2978,ArduCopter|ArduPlane|Rover|libraries production-like C/C++ headers/sources; tests/examples excluded,NOT_RUN_NO_CAPTURE,,XML definition is not implementation support; static references are heuristic and do not prove reachability; no default runtime MAVLink capture was performed.
ArduPilot,message,10002,UAVIONIX_ADSB_OUT_DYNAMIC,all.xml,baseline/ardupilot/modules/mavlink/message_definitions/v1.0/uAvionix.xml,DEFINED_IN_ENTRYPOINT_CLOSURE,STATIC_REFERENCE_FOUND,1,2,0,baseline/ardupilot/libraries/AP_ADSB/AP_ADSB.cpp:845|baseline/ardupilot/libraries/AP_ADSB/AP_ADSB_uAvionix_MAVLink.cpp:117|baseline/ardupilot/libraries/GCS_MAVLink/GCS_Common.cpp:4630,2978,ArduCopter|ArduPlane|Rover|libraries production-like C/C++ headers/sources; tests/examples excluded,NOT_RUN_NO_CAPTURE,,XML definition is not implementation support; static references are heuristic and do not prove reachability; no default runtime MAVLink capture was performed.
ArduPilot,message,10003,UAVIONIX_ADSB_TRANSCEIVER_HEALTH_REPORT,all.xml,baseline/ardupilot/modules/mavlink/message_definitions/v1.0/uAvionix.xml,DEFINED_IN_ENTRYPOINT_CLOSURE,STATIC_REFERENCE_FOUND,0,3,4,baseline/ardupilot/libraries/AP_ADSB/AP_ADSB.cpp:719|baseline/ardupilot/libraries/AP_ADSB/AP_ADSB.cpp:831|baseline/ardupilot/libraries/AP_ADSB/AP_ADSB.cpp:832|baseline/ardupilot/libraries/AP_ADSB/AP_ADSB.cpp:833|baseline/ardupilot/libraries/AP_ADSB/AP_ADSB.h:257|baseline/ardupilot/libraries/GCS_MAVLink/GCS_Common.cpp:4631|baseline/ardupilot/libraries/SITL/SIM_ADSB.cpp:283,2978,ArduCopter|ArduPlane|Rover|libraries production-like C/C++ headers/sources; tests/examples excluded,NOT_RUN_NO_CAPTURE,,XML definition is not implementation support; static references are heuristic and do not prove reachability; no default runtime MAVLink capture was performed.
ArduPilot,message,10004,UAVIONIX_ADSB_OUT_CFG_REGISTRATION,all.xml,baseline/ardupilot/modules/mavlink/message_definitions/v1.0/uAvionix.xml,DEFINED_IN_ENTRYPOINT_CLOSURE,NO_REFERENCE_FOUND_BY_HEURISTIC_SCAN,0,0,0,,2978,ArduCopter|ArduPlane|Rover|libraries production-like C/C++ headers/sources; tests/examples excluded,NOT_RUN_NO_CAPTURE,,XML definition is not implementation support; static references are heuristic and do not prove reachability; no default runtime MAVLink capture was performed.
ArduPilot,message,10005,UAVIONIX_ADSB_OUT_CFG_FLIGHTID,all.xml,baseline/ardupilot/modules/mavlink/message_definitions/v1.0/uAvionix.xml,DEFINED_IN_ENTRYPOINT_CLOSURE,NO_REFERENCE_FOUND_BY_HEURISTIC_SCAN,0,0,0,,2978,ArduCopter|ArduPlane|Rover|libraries production-like C/C++ headers/sources; tests/examples excluded,NOT_RUN_NO_CAPTURE,,XML definition is not implementation support; static references are heuristic and do not prove reachability; no default runtime MAVLink capture was performed.
ArduPilot,message,10006,UAVIONIX_ADSB_GET,all.xml,baseline/ardupilot/modules/mavlink/message_definitions/v1.0/uAvionix.xml,DEFINED_IN_ENTRYPOINT_CLOSURE,NO_REFERENCE_FOUND_BY_HEURISTIC_SCAN,0,0,0,,2978,ArduCopter|ArduPlane|Rover|libraries production-like C/C++ headers/sources; tests/examples excluded,NOT_RUN_NO_CAPTURE,,XML definition is not implementation support; static references are heuristic and do not prove reachability; no default runtime MAVLink capture was performed.
ArduPilot,message,10007,UAVIONIX_ADSB_OUT_CONTROL,all.xml,baseline/ardupilot/modules/mavlink/message_definitions/v1.0/uAvionix.xml,DEFINED_IN_ENTRYPOINT_CLOSURE,STATIC_REFERENCE_FOUND,0,3,3,baseline/ardupilot/libraries/AP_ADSB/AP_ADSB.cpp:696|baseline/ardupilot/libraries/AP_ADSB/AP_ADSB.cpp:849|baseline/ardupilot/libraries/AP_ADSB/AP_ADSB.cpp:850|baseline/ardupilot/libraries/AP_ADSB/AP_ADSB.cpp:851|baseline/ardupilot/libraries/AP_ADSB/AP_ADSB.h:254|baseline/ardupilot/libraries/GCS_MAVLink/GCS_Common.cpp:4632,2978,ArduCopter|ArduPlane|Rover|libraries production-like C/C++ headers/sources; tests/examples excluded,NOT_RUN_NO_CAPTURE,,XML definition is not implementation support; static references are heuristic and do not prove reachability; no default runtime MAVLink capture was performed.
ArduPilot,message,10008,UAVIONIX_ADSB_OUT_STATUS,all.xml,baseline/ardupilot/modules/mavlink/message_definitions/v1.0/uAvionix.xml,DEFINED_IN_ENTRYPOINT_CLOSURE,STATIC_REFERENCE_FOUND,1,0,2,baseline/ardupilot/libraries/AP_ADSB/AP_ADSB.cpp:737|baseline/ardupilot/libraries/AP_ADSB/AP_ADSB.h:328|baseline/ardupilot/libraries/GCS_MAVLink/GCS_Common.cpp:1190,2978,ArduCopter|ArduPlane|Rover|libraries production-like C/C++ headers/sources; tests/examples excluded,NOT_RUN_NO_CAPTURE,,XML definition is not implementation support; static references are heuristic and do not prove reachability; no default runtime MAVLink capture was performed.
ArduPilot,message,10151,LOWEHEISER_GOV_EFI,all.xml,baseline/ardupilot/modules/mavlink/message_definitions/v1.0/loweheiser.xml,DEFINED_IN_ENTRYPOINT_CLOSURE,STATIC_REFERENCE_FOUND,0,3,3,baseline/ardupilot/libraries/AP_EFI/AP_EFI_Loweheiser.cpp:64|baseline/ardupilot/libraries/AP_Generator/AP_Generator_Loweheiser.cpp:647|baseline/ardupilot/libraries/AP_Generator/AP_Generator_Loweheiser.cpp:648|baseline/ardupilot/libraries/AP_Generator/AP_Generator_Loweheiser.h:91|baseline/ardupilot/libraries/GCS_MAVLink/GCS_Common.cpp:4687|baseline/ardupilot/libraries/SITL/SIM_Loweheiser.cpp:302,2978,ArduCopter|ArduPlane|Rover|libraries production-like C/C++ headers/sources; tests/examples excluded,NOT_RUN_NO_CAPTURE,,XML definition is not implementation support; static references are heuristic and do not prove reachability; no default runtime MAVLink capture was performed.
ArduPilot,message,11000,DEVICE_OP_READ,all.xml,baseline/ardupilot/modules/mavlink/message_definitions/v1.0/ardupilotmega.xml,DEFINED_IN_ENTRYPOINT_CLOSURE,STATIC_REFERENCE_FOUND,0,2,1,baseline/ardupilot/libraries/GCS_MAVLink/GCS_Common.cpp:4400|baseline/ardupilot/libraries/GCS_MAVLink/GCS_DeviceOp.cpp:36|baseline/ardupilot/libraries/GCS_MAVLink/GCS_DeviceOp.cpp:37,2978,ArduCopter|ArduPlane|Rover|libraries production-like C/C++ headers/sources; tests/examples excluded,NOT_RUN_NO_CAPTURE,,XML definition is not implementation support; static references are heuristic and do not prove reachability; no default runtime MAVLink capture was performed.
ArduPilot,message,11001,DEVICE_OP_READ_REPLY,all.xml,baseline/ardupilot/modules/mavlink/message_definitions/v1.0/ardupilotmega.xml,DEFINED_IN_ENTRYPOINT_CLOSURE,STATIC_REFERENCE_FOUND,2,0,1,baseline/ardupilot/libraries/GCS_MAVLink/GCS_DeviceOp.cpp:40|baseline/ardupilot/libraries/GCS_MAVLink/GCS_DeviceOp.cpp:77|baseline/ardupilot/libraries/GCS_MAVLink/GCS_DeviceOp.cpp:89,2978,ArduCopter|ArduPlane|Rover|libraries production-like C/C++ headers/sources; tests/examples excluded,NOT_RUN_NO_CAPTURE,,XML definition is not implementation support; static references are heuristic and do not prove reachability; no default runtime MAVLink capture was performed.
ArduPilot,message,11002,DEVICE_OP_WRITE,all.xml,baseline/ardupilot/modules/mavlink/message_definitions/v1.0/ardupilotmega.xml,DEFINED_IN_ENTRYPOINT_CLOSURE,STATIC_REFERENCE_FOUND,0,2,1,baseline/ardupilot/libraries/GCS_MAVLink/GCS_Common.cpp:4403|baseline/ardupilot/libraries/GCS_MAVLink/GCS_DeviceOp.cpp:105|baseline/ardupilot/libraries/GCS_MAVLink/GCS_DeviceOp.cpp:106,2978,ArduCopter|ArduPlane|Rover|libraries production-like C/C++ headers/sources; tests/examples excluded,NOT_RUN_NO_CAPTURE,,XML definition is not implementation support; static references are heuristic and do not prove reachability; no default runtime MAVLink capture was performed.
ArduPilot,message,11003,DEVICE_OP_WRITE_REPLY,all.xml,baseline/ardupilot/modules/mavlink/message_definitions/v1.0/ardupilotmega.xml,DEFINED_IN_ENTRYPOINT_CLOSURE,STATIC_REFERENCE_FOUND,1,0,0,baseline/ardupilot/libraries/GCS_MAVLink/GCS_DeviceOp.cpp:149,2978,ArduCopter|ArduPlane|Rover|libraries production-like C/C++ headers/sources; tests/examples excluded,NOT_RUN_NO_CAPTURE,,XML definition is not implementation support; static references are heuristic and do not prove reachability; no default runtime MAVLink capture was performed.
ArduPilot,message,11004,SECURE_COMMAND,all.xml,baseline/ardupilot/modules/mavlink/message_definitions/v1.0/ardupilotmega.xml,DEFINED_IN_ENTRYPOINT_CLOSURE,STATIC_REFERENCE_FOUND,0,3,5,baseline/ardupilot/libraries/AP_CheckFirmware/AP_CheckFirmware.h:138|baseline/ardupilot/libraries/AP_CheckFirmware/AP_CheckFirmware.h:139|baseline/ardupilot/libraries/AP_CheckFirmware/AP_CheckFirmware_secure_command.cpp:193|baseline/ardupilot/libraries/AP_CheckFirmware/AP_CheckFirmware_secure_command.cpp:270|baseline/ardupilot/libraries/AP_CheckFirmware/AP_CheckFirmware_secure_command.cpp:395|baseline/ardupilot/libraries/AP_CheckFirmware/AP_CheckFirmware_secure_command.cpp:396|baseline/ardupilot/libraries/AP_CheckFirmware/AP_CheckFirmware_secure_command.cpp:397|baseline/ardupilot/libraries/GCS_MAVLink/GCS_Common.cpp:4670,2978,ArduCopter|ArduPlane|Rover|libraries production-like C/C++ headers/sources; tests/examples excluded,NOT_RUN_NO_CAPTURE,,XML definition is not implementation support; static references are heuristic and do not prove reachability; no default runtime MAVLink capture was performed.
ArduPilot,message,11005,SECURE_COMMAND_REPLY,all.xml,baseline/ardupilot/modules/mavlink/message_definitions/v1.0/ardupilotmega.xml,DEFINED_IN_ENTRYPOINT_CLOSURE,STATIC_REFERENCE_FOUND,1,1,1,baseline/ardupilot/libraries/AP_CheckFirmware/AP_CheckFirmware_secure_command.cpp:272|baseline/ardupilot/libraries/AP_CheckFirmware/AP_CheckFirmware_secure_command.cpp:386|baseline/ardupilot/libraries/GCS_MAVLink/GCS_Common.cpp:4671,2978,ArduCopter|ArduPlane|Rover|libraries production-like C/C++ headers/sources; tests/examples excluded,NOT_RUN_NO_CAPTURE,,XML definition is not implementation support; static references are heuristic and do not prove reachability; no default runtime MAVLink capture was performed.
ArduPilot,message,11010,ADAP_TUNING,all.xml,baseline/ardupilot/modules/mavlink/message_definitions/v1.0/ardupilotmega.xml,DEFINED_IN_ENTRYPOINT_CLOSURE,NO_REFERENCE_FOUND_BY_HEURISTIC_SCAN,0,0,0,,2978,ArduCopter|ArduPlane|Rover|libraries production-like C/C++ headers/sources; tests/examples excluded,NOT_RUN_NO_CAPTURE,,XML definition is not implementation support; static references are heuristic and do not prove reachability; no default runtime MAVLink capture was performed.
ArduPilot,message,11011,VISION_POSITION_DELTA,all.xml,baseline/ardupilot/modules/mavlink/message_definitions/v1.0/ardupilotmega.xml,DEFINED_IN_ENTRYPOINT_CLOSURE,STATIC_REFERENCE_FOUND,0,2,2,baseline/ardupilot/libraries/AP_VisualOdom/AP_VisualOdom_Backend.cpp:44|baseline/ardupilot/libraries/AP_VisualOdom/AP_VisualOdom_Backend.cpp:45|baseline/ardupilot/libraries/GCS_MAVLink/GCS_Common.cpp:4554|baseline/ardupilot/libraries/SITL/SIM_Vicon.cpp:456,2978,ArduCopter|ArduPlane|Rover|libraries production-like C/C++ headers/sources; tests/examples excluded,NOT_RUN_NO_CAPTURE,,XML definition is not implementation support; static references are heuristic and do not prove reachability; no default runtime MAVLink capture was performed.
ArduPilot,message,11020,AOA_SSA,all.xml,baseline/ardupilot/modules/mavlink/message_definitions/v1.0/ardupilotmega.xml,DEFINED_IN_ENTRYPOINT_CLOSURE,STATIC_REFERENCE_FOUND,1,0,1,baseline/ardupilot/ArduPlane/GCS_MAVLink_Plane.cpp:197|baseline/ardupilot/libraries/GCS_MAVLink/GCS_Common.cpp:1161,2978,ArduCopter|ArduPlane|Rover|libraries production-like C/C++ headers/sources; tests/examples excluded,NOT_RUN_NO_CAPTURE,,XML definition is not implementation support; static references are heuristic and do not prove reachability; no default runtime MAVLink capture was performed.
ArduPilot,message,11030,ESC_TELEMETRY_1_TO_4,all.xml,baseline/ardupilot/modules/mavlink/message_definitions/v1.0/ardupilotmega.xml,DEFINED_IN_ENTRYPOINT_CLOSURE,STATIC_REFERENCE_FOUND,1,0,2,baseline/ardupilot/libraries/AP_ESC_Telem/AP_ESC_Telem.cpp:439|baseline/ardupilot/libraries/AP_ESC_Telem/AP_ESC_Telem.cpp:476|baseline/ardupilot/libraries/GCS_MAVLink/GCS_Common.cpp:1178,2978,ArduCopter|ArduPlane|Rover|libraries production-like C/C++ headers/sources; tests/examples excluded,NOT_RUN_NO_CAPTURE,,XML definition is not implementation support; static references are heuristic and do not prove reachability; no default runtime MAVLink capture was performed.
ArduPilot,message,11031,ESC_TELEMETRY_5_TO_8,all.xml,baseline/ardupilot/modules/mavlink/message_definitions/v1.0/ardupilotmega.xml,DEFINED_IN_ENTRYPOINT_CLOSURE,STATIC_REFERENCE_FOUND,1,0,1,baseline/ardupilot/libraries/AP_ESC_Telem/AP_ESC_Telem.cpp:479,2978,ArduCopter|ArduPlane|Rover|libraries production-like C/C++ headers/sources; tests/examples excluded,NOT_RUN_NO_CAPTURE,,XML definition is not implementation support; static references are heuristic and do not prove reachability; no default runtime MAVLink capture was performed.
ArduPilot,message,11032,ESC_TELEMETRY_9_TO_12,all.xml,baseline/ardupilot/modules/mavlink/message_definitions/v1.0/ardupilotmega.xml,DEFINED_IN_ENTRYPOINT_CLOSURE,STATIC_REFERENCE_FOUND,1,0,1,baseline/ardupilot/libraries/AP_ESC_Telem/AP_ESC_Telem.cpp:482,2978,ArduCopter|ArduPlane|Rover|libraries production-like C/C++ headers/sources; tests/examples excluded,NOT_RUN_NO_CAPTURE,,XML definition is not implementation support; static references are heuristic and do not prove reachability; no default runtime MAVLink capture was performed.
ArduPilot,message,11033,OSD_PARAM_CONFIG,all.xml,baseline/ardupilot/modules/mavlink/message_definitions/v1.0/ardupilotmega.xml,DEFINED_IN_ENTRYPOINT_CLOSURE,STATIC_REFERENCE_FOUND,0,3,3,baseline/ardupilot/libraries/AP_OSD/AP_OSD.cpp:654|baseline/ardupilot/libraries/AP_OSD/AP_OSD.cpp:655|baseline/ardupilot/libraries/AP_OSD/AP_OSD.cpp:656|baseline/ardupilot/libraries/AP_OSD/AP_OSD.h:482|baseline/ardupilot/libraries/AP_OSD/AP_OSD_ParamScreen.cpp:593|baseline/ardupilot/libraries/GCS_MAVLink/GCS_Common.cpp:4621,2978,ArduCopter|ArduPlane|Rover|libraries production-like C/C++ headers/sources; tests/examples excluded,NOT_RUN_NO_CAPTURE,,XML definition is not implementation support; static references are heuristic and do not prove reachability; no default runtime MAVLink capture was performed.
ArduPilot,message,11034,OSD_PARAM_CONFIG_REPLY,all.xml,baseline/ardupilot/modules/mavlink/message_definitions/v1.0/ardupilotmega.xml,DEFINED_IN_ENTRYPOINT_CLOSURE,STATIC_REFERENCE_FOUND,3,0,0,baseline/ardupilot/libraries/AP_OSD/AP_OSD.cpp:667|baseline/ardupilot/libraries/AP_OSD/AP_OSD_ParamScreen.cpp:597|baseline/ardupilot/libraries/AP_OSD/AP_OSD_ParamScreen.cpp:602,2978,ArduCopter|ArduPlane|Rover|libraries production-like C/C++ headers/sources; tests/examples excluded,NOT_RUN_NO_CAPTURE,,XML definition is not implementation support; static references are heuristic and do not prove reachability; no default runtime MAVLink capture was performed.
ArduPilot,message,11035,OSD_PARAM_SHOW_CONFIG,all.xml,baseline/ardupilot/modules/mavlink/message_definitions/v1.0/ardupilotmega.xml,DEFINED_IN_ENTRYPOINT_CLOSURE,STATIC_REFERENCE_FOUND,0,3,3,baseline/ardupilot/libraries/AP_OSD/AP_OSD.cpp:671|baseline/ardupilot/libraries/AP_OSD/AP_OSD.cpp:672|baseline/ardupilot/libraries/AP_OSD/AP_OSD.cpp:673|baseline/ardupilot/libraries/AP_OSD/AP_OSD.h:483|baseline/ardupilot/libraries/AP_OSD/AP_OSD_ParamScreen.cpp:606|baseline/ardupilot/libraries/GCS_MAVLink/GCS_Common.cpp:4622,2978,ArduCopter|ArduPlane|Rover|libraries production-like C/C++ headers/sources; tests/examples excluded,NOT_RUN_NO_CAPTURE,,XML definition is not implementation support; static references are heuristic and do not prove reachability; no default runtime MAVLink capture was performed.
ArduPilot,message,11036,OSD_PARAM_SHOW_CONFIG_REPLY,all.xml,baseline/ardupilot/modules/mavlink/message_definitions/v1.0/ardupilotmega.xml,DEFINED_IN_ENTRYPOINT_CLOSURE,STATIC_REFERENCE_FOUND,4,0,0,baseline/ardupilot/libraries/AP_OSD/AP_OSD.cpp:684|baseline/ardupilot/libraries/AP_OSD/AP_OSD_ParamScreen.cpp:610|baseline/ardupilot/libraries/AP_OSD/AP_OSD_ParamScreen.cpp:620|baseline/ardupilot/libraries/AP_OSD/AP_OSD_ParamScreen.cpp:628,2978,ArduCopter|ArduPlane|Rover|libraries production-like C/C++ headers/sources; tests/examples excluded,NOT_RUN_NO_CAPTURE,,XML definition is not implementation support; static references are heuristic and do not prove reachability; no default runtime MAVLink capture was performed.
ArduPilot,message,11037,OBSTACLE_DISTANCE_3D,all.xml,baseline/ardupilot/modules/mavlink/message_definitions/v1.0/ardupilotmega.xml,DEFINED_IN_ENTRYPOINT_CLOSURE,STATIC_REFERENCE_FOUND,0,2,2,baseline/ardupilot/libraries/AP_Proximity/AP_Proximity_MAV.cpp:217|baseline/ardupilot/libraries/AP_Proximity/AP_Proximity_MAV.cpp:218|baseline/ardupilot/libraries/AP_Proximity/AP_Proximity_MAV.cpp:64|baseline/ardupilot/libraries/GCS_MAVLink/GCS_Common.cpp:4615,2978,ArduCopter|ArduPlane|Rover|libraries production-like C/C++ headers/sources; tests/examples excluded,NOT_RUN_NO_CAPTURE,,XML definition is not implementation support; static references are heuristic and do not prove reachability; no default runtime MAVLink capture was performed.
ArduPilot,message,11038,WATER_DEPTH,all.xml,baseline/ardupilot/modules/mavlink/message_definitions/v1.0/ardupilotmega.xml,DEFINED_IN_ENTRYPOINT_CLOSURE,STATIC_REFERENCE_FOUND,1,0,1,baseline/ardupilot/Rover/GCS_MAVLink_Rover.cpp:186|baseline/ardupilot/libraries/GCS_MAVLink/GCS_Common.cpp:1181,2978,ArduCopter|ArduPlane|Rover|libraries production-like C/C++ headers/sources; tests/examples excluded,NOT_RUN_NO_CAPTURE,,XML definition is not implementation support; static references are heuristic and do not prove reachability; no default runtime MAVLink capture was performed.
ArduPilot,message,11039,MCU_STATUS,all.xml,baseline/ardupilot/modules/mavlink/message_definitions/v1.0/ardupilotmega.xml,DEFINED_IN_ENTRYPOINT_CLOSURE,STATIC_REFERENCE_FOUND,1,0,1,baseline/ardupilot/libraries/GCS_MAVLink/GCS_Common.cpp:1051|baseline/ardupilot/libraries/GCS_MAVLink/GCS_Common.cpp:288,2978,ArduCopter|ArduPlane|Rover|libraries production-like C/C++ headers/sources; tests/examples excluded,NOT_RUN_NO_CAPTURE,,XML definition is not implementation support; static references are heuristic and do not prove reachability; no default runtime MAVLink capture was performed.
ArduPilot,message,11040,ESC_TELEMETRY_13_TO_16,all.xml,baseline/ardupilot/modules/mavlink/message_definitions/v1.0/ardupilotmega.xml,DEFINED_IN_ENTRYPOINT_CLOSURE,STATIC_REFERENCE_FOUND,1,0,1,baseline/ardupilot/libraries/AP_ESC_Telem/AP_ESC_Telem.cpp:485,2978,ArduCopter|ArduPlane|Rover|libraries production-like C/C++ headers/sources; tests/examples excluded,NOT_RUN_NO_CAPTURE,,XML definition is not implementation support; static references are heuristic and do not prove reachability; no default runtime MAVLink capture was performed.
ArduPilot,message,11041,ESC_TELEMETRY_17_TO_20,all.xml,baseline/ardupilot/modules/mavlink/message_definitions/v1.0/ardupilotmega.xml,DEFINED_IN_ENTRYPOINT_CLOSURE,STATIC_REFERENCE_FOUND,1,0,1,baseline/ardupilot/libraries/AP_ESC_Telem/AP_ESC_Telem.cpp:489,2978,ArduCopter|ArduPlane|Rover|libraries production-like C/C++ headers/sources; tests/examples excluded,NOT_RUN_NO_CAPTURE,,XML definition is not implementation support; static references are heuristic and do not prove reachability; no default runtime MAVLink capture was performed.
ArduPilot,message,11042,ESC_TELEMETRY_21_TO_24,all.xml,baseline/ardupilot/modules/mavlink/message_definitions/v1.0/ardupilotmega.xml,DEFINED_IN_ENTRYPOINT_CLOSURE,STATIC_REFERENCE_FOUND,1,0,1,baseline/ardupilot/libraries/AP_ESC_Telem/AP_ESC_Telem.cpp:492,2978,ArduCopter|ArduPlane|Rover|libraries production-like C/C++ headers/sources; tests/examples excluded,NOT_RUN_NO_CAPTURE,,XML definition is not implementation support; static references are heuristic and do not prove reachability; no default runtime MAVLink capture was performed.
ArduPilot,message,11043,ESC_TELEMETRY_25_TO_28,all.xml,baseline/ardupilot/modules/mavlink/message_definitions/v1.0/ardupilotmega.xml,DEFINED_IN_ENTRYPOINT_CLOSURE,STATIC_REFERENCE_FOUND,1,0,1,baseline/ardupilot/libraries/AP_ESC_Telem/AP_ESC_Telem.cpp:495,2978,ArduCopter|ArduPlane|Rover|libraries production-like C/C++ headers/sources; tests/examples excluded,NOT_RUN_NO_CAPTURE,,XML definition is not implementation support; static references are heuristic and do not prove reachability; no default runtime MAVLink capture was performed.
ArduPilot,message,11044,ESC_TELEMETRY_29_TO_32,all.xml,baseline/ardupilot/modules/mavlink/message_definitions/v1.0/ardupilotmega.xml,DEFINED_IN_ENTRYPOINT_CLOSURE,STATIC_REFERENCE_FOUND,1,0,1,baseline/ardupilot/libraries/AP_ESC_Telem/AP_ESC_Telem.cpp:498,2978,ArduCopter|ArduPlane|Rover|libraries production-like C/C++ headers/sources; tests/examples excluded,NOT_RUN_NO_CAPTURE,,XML definition is not implementation support; static references are heuristic and do not prove reachability; no default runtime MAVLink capture was performed.
ArduPilot,message,11060,NAMED_VALUE_STRING,all.xml,baseline/ardupilot/modules/mavlink/message_definitions/v1.0/ardupilotmega.xml,DEFINED_IN_ENTRYPOINT_CLOSURE,STATIC_REFERENCE_FOUND,0,0,2,baseline/ardupilot/libraries/GCS_MAVLink/GCS.cpp:386|baseline/ardupilot/libraries/GCS_MAVLink/GCS.cpp:391,2978,ArduCopter|ArduPlane|Rover|libraries production-like C/C++ headers/sources; tests/examples excluded,NOT_RUN_NO_CAPTURE,,XML definition is not implementation support; static references are heuristic and do not prove reachability; no default runtime MAVLink capture was performed.
ArduPilot,message,12900,OPEN_DRONE_ID_BASIC_ID,all.xml,baseline/ardupilot/modules/mavlink/message_definitions/v1.0/common.xml,DEFINED_IN_ENTRYPOINT_CLOSURE,STATIC_REFERENCE_FOUND,1,3,1,baseline/ardupilot/libraries/AP_OpenDroneID/AP_OpenDroneID.cpp:513|baseline/ardupilot/libraries/AP_OpenDroneID/AP_OpenDroneID.cpp:774|baseline/ardupilot/libraries/AP_OpenDroneID/AP_OpenDroneID.cpp:776|baseline/ardupilot/libraries/AP_OpenDroneID/AP_OpenDroneID.h:142|baseline/ardupilot/libraries/GCS_MAVLink/GCS_Common.cpp:4662,2978,ArduCopter|ArduPlane|Rover|libraries production-like C/C++ headers/sources; tests/examples excluded,NOT_RUN_NO_CAPTURE,,XML definition is not implementation support; static references are heuristic and do not prove reachability; no default runtime MAVLink capture was performed.
ArduPilot,message,12901,OPEN_DRONE_ID_LOCATION,all.xml,baseline/ardupilot/modules/mavlink/message_definitions/v1.0/common.xml,DEFINED_IN_ENTRYPOINT_CLOSURE,STATIC_REFERENCE_FOUND,1,0,2,baseline/ardupilot/libraries/AP_OpenDroneID/AP_OpenDroneID.cpp:479|baseline/ardupilot/libraries/AP_OpenDroneID/AP_OpenDroneID.cpp:504|baseline/ardupilot/libraries/AP_OpenDroneID/AP_OpenDroneID.h:141,2978,ArduCopter|ArduPlane|Rover|libraries production-like C/C++ headers/sources; tests/examples excluded,NOT_RUN_NO_CAPTURE,,XML definition is not implementation support; static references are heuristic and do not prove reachability; no default runtime MAVLink capture was performed.
ArduPilot,message,12902,OPEN_DRONE_ID_AUTHENTICATION,all.xml,baseline/ardupilot/modules/mavlink/message_definitions/v1.0/common.xml,DEFINED_IN_ENTRYPOINT_CLOSURE,NO_REFERENCE_FOUND_BY_HEURISTIC_SCAN,0,0,0,,2978,ArduCopter|ArduPlane|Rover|libraries production-like C/C++ headers/sources; tests/examples excluded,NOT_RUN_NO_CAPTURE,,XML definition is not implementation support; static references are heuristic and do not prove reachability; no default runtime MAVLink capture was performed.
ArduPilot,message,12903,OPEN_DRONE_ID_SELF_ID,all.xml,baseline/ardupilot/modules/mavlink/message_definitions/v1.0/common.xml,DEFINED_IN_ENTRYPOINT_CLOSURE,STATIC_REFERENCE_FOUND,1,3,1,baseline/ardupilot/libraries/AP_OpenDroneID/AP_OpenDroneID.cpp:530|baseline/ardupilot/libraries/AP_OpenDroneID/AP_OpenDroneID.cpp:771|baseline/ardupilot/libraries/AP_OpenDroneID/AP_OpenDroneID.cpp:772|baseline/ardupilot/libraries/AP_OpenDroneID/AP_OpenDroneID.h:144|baseline/ardupilot/libraries/GCS_MAVLink/GCS_Common.cpp:4661,2978,ArduCopter|ArduPlane|Rover|libraries production-like C/C++ headers/sources; tests/examples excluded,NOT_RUN_NO_CAPTURE,,XML definition is not implementation support; static references are heuristic and do not prove reachability; no default runtime MAVLink capture was performed.
ArduPilot,message,12904,OPEN_DRONE_ID_SYSTEM,all.xml,baseline/ardupilot/modules/mavlink/message_definitions/v1.0/common.xml,DEFINED_IN_ENTRYPOINT_CLOSURE,STATIC_REFERENCE_FOUND,1,3,1,baseline/ardupilot/libraries/AP_OpenDroneID/AP_OpenDroneID.cpp:522|baseline/ardupilot/libraries/AP_OpenDroneID/AP_OpenDroneID.cpp:779|baseline/ardupilot/libraries/AP_OpenDroneID/AP_OpenDroneID.cpp:780|baseline/ardupilot/libraries/AP_OpenDroneID/AP_OpenDroneID.h:143|baseline/ardupilot/libraries/GCS_MAVLink/GCS_Common.cpp:4663,2978,ArduCopter|ArduPlane|Rover|libraries production-like C/C++ headers/sources; tests/examples excluded,NOT_RUN_NO_CAPTURE,,XML definition is not implementation support; static references are heuristic and do not prove reachability; no default runtime MAVLink capture was performed.
ArduPilot,message,12905,OPEN_DRONE_ID_OPERATOR_ID,all.xml,baseline/ardupilot/modules/mavlink/message_definitions/v1.0/common.xml,DEFINED_IN_ENTRYPOINT_CLOSURE,STATIC_REFERENCE_FOUND,1,3,1,baseline/ardupilot/libraries/AP_OpenDroneID/AP_OpenDroneID.cpp:556|baseline/ardupilot/libraries/AP_OpenDroneID/AP_OpenDroneID.cpp:768|baseline/ardupilot/libraries/AP_OpenDroneID/AP_OpenDroneID.cpp:769|baseline/ardupilot/libraries/AP_OpenDroneID/AP_OpenDroneID.h:145|baseline/ardupilot/libraries/GCS_MAVLink/GCS_Common.cpp:4660,2978,ArduCopter|ArduPlane|Rover|libraries production-like C/C++ headers/sources; tests/examples excluded,NOT_RUN_NO_CAPTURE,,XML definition is not implementation support; static references are heuristic and do not prove reachability; no default runtime MAVLink capture was performed.
ArduPilot,message,12915,OPEN_DRONE_ID_MESSAGE_PACK,all.xml,baseline/ardupilot/modules/mavlink/message_definitions/v1.0/common.xml,DEFINED_IN_ENTRYPOINT_CLOSURE,NO_REFERENCE_FOUND_BY_HEURISTIC_SCAN,0,0,0,,2978,ArduCopter|ArduPlane|Rover|libraries production-like C/C++ headers/sources; tests/examples excluded,NOT_RUN_NO_CAPTURE,,XML definition is not implementation support; static references are heuristic and do not prove reachability; no default runtime MAVLink capture was performed.
ArduPilot,message,12918,OPEN_DRONE_ID_ARM_STATUS,all.xml,baseline/ardupilot/modules/mavlink/message_definitions/v1.0/common.xml,DEFINED_IN_ENTRYPOINT_CLOSURE,STATIC_REFERENCE_FOUND,0,3,5,baseline/ardupilot/libraries/AP_OpenDroneID/AP_OpenDroneID.cpp:760|baseline/ardupilot/libraries/AP_OpenDroneID/AP_OpenDroneID.cpp:762|baseline/ardupilot/libraries/AP_OpenDroneID/AP_OpenDroneID.h:154|baseline/ardupilot/libraries/AP_OpenDroneID/AP_OpenDroneID.h:87|baseline/ardupilot/libraries/AP_OpenDroneID/AP_OpenDroneID_DroneCAN.cpp:215|baseline/ardupilot/libraries/AP_OpenDroneID/AP_OpenDroneID_DroneCAN.cpp:223|baseline/ardupilot/libraries/AP_OpenDroneID/AP_OpenDroneID_DroneCAN.cpp:227|baseline/ardupilot/libraries/GCS_MAVLink/GCS_Common.cpp:4659,2978,ArduCopter|ArduPlane|Rover|libraries production-like C/C++ headers/sources; tests/examples excluded,NOT_RUN_NO_CAPTURE,,XML definition is not implementation support; static references are heuristic and do not prove reachability; no default runtime MAVLink capture was performed.
ArduPilot,message,12919,OPEN_DRONE_ID_SYSTEM_UPDATE,all.xml,baseline/ardupilot/modules/mavlink/message_definitions/v1.0/common.xml,DEFINED_IN_ENTRYPOINT_CLOSURE,STATIC_REFERENCE_FOUND,1,3,2,baseline/ardupilot/libraries/AP_OpenDroneID/AP_OpenDroneID.cpp:539|baseline/ardupilot/libraries/AP_OpenDroneID/AP_OpenDroneID.cpp:547|baseline/ardupilot/libraries/AP_OpenDroneID/AP_OpenDroneID.cpp:783|baseline/ardupilot/libraries/AP_OpenDroneID/AP_OpenDroneID.cpp:784|baseline/ardupilot/libraries/AP_OpenDroneID/AP_OpenDroneID.cpp:785|baseline/ardupilot/libraries/GCS_MAVLink/GCS_Common.cpp:4664,2978,ArduCopter|ArduPlane|Rover|libraries production-like C/C++ headers/sources; tests/examples excluded,NOT_RUN_NO_CAPTURE,,XML definition is not implementation support; static references are heuristic and do not prove reachability; no default runtime MAVLink capture was performed.
ArduPilot,message,12920,HYGROMETER_SENSOR,all.xml,baseline/ardupilot/modules/mavlink/message_definitions/v1.0/common.xml,DEFINED_IN_ENTRYPOINT_CLOSURE,STATIC_REFERENCE_FOUND,1,0,0,baseline/ardupilot/ArduPlane/GCS_MAVLink_Plane.cpp:451,2978,ArduCopter|ArduPlane|Rover|libraries production-like C/C++ headers/sources; tests/examples excluded,NOT_RUN_NO_CAPTURE,,XML definition is not implementation support; static references are heuristic and do not prove reachability; no default runtime MAVLink capture was performed.
ArduPilot,message,17000,TEST_TYPES,all.xml,baseline/ardupilot/modules/mavlink/message_definitions/v1.0/test.xml,DEFINED_IN_ENTRYPOINT_CLOSURE,NO_REFERENCE_FOUND_BY_HEURISTIC_SCAN,0,0,0,,2978,ArduCopter|ArduPlane|Rover|libraries production-like C/C++ headers/sources; tests/examples excluded,NOT_RUN_NO_CAPTURE,,XML definition is not implementation support; static references are heuristic and do not prove reachability; no default runtime MAVLink capture was performed.
ArduPilot,message,17150,ARRAY_TEST_0,all.xml,baseline/ardupilot/modules/mavlink/message_definitions/v1.0/python_array_test.xml,DEFINED_IN_ENTRYPOINT_CLOSURE,NO_REFERENCE_FOUND_BY_HEURISTIC_SCAN,0,0,0,,2978,ArduCopter|ArduPlane|Rover|libraries production-like C/C++ headers/sources; tests/examples excluded,NOT_RUN_NO_CAPTURE,,XML definition is not implementation support; static references are heuristic and do not prove reachability; no default runtime MAVLink capture was performed.
ArduPilot,message,17151,ARRAY_TEST_1,all.xml,baseline/ardupilot/modules/mavlink/message_definitions/v1.0/python_array_test.xml,DEFINED_IN_ENTRYPOINT_CLOSURE,NO_REFERENCE_FOUND_BY_HEURISTIC_SCAN,0,0,0,,2978,ArduCopter|ArduPlane|Rover|libraries production-like C/C++ headers/sources; tests/examples excluded,NOT_RUN_NO_CAPTURE,,XML definition is not implementation support; static references are heuristic and do not prove reachability; no default runtime MAVLink capture was performed.
ArduPilot,message,17153,ARRAY_TEST_3,all.xml,baseline/ardupilot/modules/mavlink/message_definitions/v1.0/python_array_test.xml,DEFINED_IN_ENTRYPOINT_CLOSURE,NO_REFERENCE_FOUND_BY_HEURISTIC_SCAN,0,0,0,,2978,ArduCopter|ArduPlane|Rover|libraries production-like C/C++ headers/sources; tests/examples excluded,NOT_RUN_NO_CAPTURE,,XML definition is not implementation support; static references are heuristic and do not prove reachability; no default runtime MAVLink capture was performed.
ArduPilot,message,17154,ARRAY_TEST_4,all.xml,baseline/ardupilot/modules/mavlink/message_definitions/v1.0/python_array_test.xml,DEFINED_IN_ENTRYPOINT_CLOSURE,NO_REFERENCE_FOUND_BY_HEURISTIC_SCAN,0,0,0,,2978,ArduCopter|ArduPlane|Rover|libraries production-like C/C++ headers/sources; tests/examples excluded,NOT_RUN_NO_CAPTURE,,XML definition is not implementation support; static references are heuristic and do not prove reachability; no default runtime MAVLink capture was performed.
ArduPilot,message,17155,ARRAY_TEST_5,all.xml,baseline/ardupilot/modules/mavlink/message_definitions/v1.0/python_array_test.xml,DEFINED_IN_ENTRYPOINT_CLOSURE,NO_REFERENCE_FOUND_BY_HEURISTIC_SCAN,0,0,0,,2978,ArduCopter|ArduPlane|Rover|libraries production-like C/C++ headers/sources; tests/examples excluded,NOT_RUN_NO_CAPTURE,,XML definition is not implementation support; static references are heuristic and do not prove reachability; no default runtime MAVLink capture was performed.
ArduPilot,message,17156,ARRAY_TEST_6,all.xml,baseline/ardupilot/modules/mavlink/message_definitions/v1.0/python_array_test.xml,DEFINED_IN_ENTRYPOINT_CLOSURE,NO_REFERENCE_FOUND_BY_HEURISTIC_SCAN,0,0,0,,2978,ArduCopter|ArduPlane|Rover|libraries production-like C/C++ headers/sources; tests/examples excluded,NOT_RUN_NO_CAPTURE,,XML definition is not implementation support; static references are heuristic and do not prove reachability; no default runtime MAVLink capture was performed.
ArduPilot,message,17157,ARRAY_TEST_7,all.xml,baseline/ardupilot/modules/mavlink/message_definitions/v1.0/python_array_test.xml,DEFINED_IN_ENTRYPOINT_CLOSURE,NO_REFERENCE_FOUND_BY_HEURISTIC_SCAN,0,0,0,,2978,ArduCopter|ArduPlane|Rover|libraries production-like C/C++ headers/sources; tests/examples excluded,NOT_RUN_NO_CAPTURE,,XML definition is not implementation support; static references are heuristic and do not prove reachability; no default runtime MAVLink capture was performed.
ArduPilot,message,17158,ARRAY_TEST_8,all.xml,baseline/ardupilot/modules/mavlink/message_definitions/v1.0/python_array_test.xml,DEFINED_IN_ENTRYPOINT_CLOSURE,NO_REFERENCE_FOUND_BY_HEURISTIC_SCAN,0,0,0,,2978,ArduCopter|ArduPlane|Rover|libraries production-like C/C++ headers/sources; tests/examples excluded,NOT_RUN_NO_CAPTURE,,XML definition is not implementation support; static references are heuristic and do not prove reachability; no default runtime MAVLink capture was performed.
ArduPilot,message,42000,ICAROUS_HEARTBEAT,all.xml,baseline/ardupilot/modules/mavlink/message_definitions/v1.0/icarous.xml,DEFINED_IN_ENTRYPOINT_CLOSURE,NO_REFERENCE_FOUND_BY_HEURISTIC_SCAN,0,0,0,,2978,ArduCopter|ArduPlane|Rover|libraries production-like C/C++ headers/sources; tests/examples excluded,NOT_RUN_NO_CAPTURE,,XML definition is not implementation support; static references are heuristic and do not prove reachability; no default runtime MAVLink capture was performed.
ArduPilot,message,42001,ICAROUS_KINEMATIC_BANDS,all.xml,baseline/ardupilot/modules/mavlink/message_definitions/v1.0/icarous.xml,DEFINED_IN_ENTRYPOINT_CLOSURE,NO_REFERENCE_FOUND_BY_HEURISTIC_SCAN,0,0,0,,2978,ArduCopter|ArduPlane|Rover|libraries production-like C/C++ headers/sources; tests/examples excluded,NOT_RUN_NO_CAPTURE,,XML definition is not implementation support; static references are heuristic and do not prove reachability; no default runtime MAVLink capture was performed.
ArduPilot,message,50001,CUBEPILOT_RAW_RC,all.xml,baseline/ardupilot/modules/mavlink/message_definitions/v1.0/cubepilot.xml,DEFINED_IN_ENTRYPOINT_CLOSURE,NO_REFERENCE_FOUND_BY_HEURISTIC_SCAN,0,0,0,,2978,ArduCopter|ArduPlane|Rover|libraries production-like C/C++ headers/sources; tests/examples excluded,NOT_RUN_NO_CAPTURE,,XML definition is not implementation support; static references are heuristic and do not prove reachability; no default runtime MAVLink capture was performed.
ArduPilot,message,50002,HERELINK_VIDEO_STREAM_INFORMATION,all.xml,baseline/ardupilot/modules/mavlink/message_definitions/v1.0/cubepilot.xml,DEFINED_IN_ENTRYPOINT_CLOSURE,NO_REFERENCE_FOUND_BY_HEURISTIC_SCAN,0,0,0,,2978,ArduCopter|ArduPlane|Rover|libraries production-like C/C++ headers/sources; tests/examples excluded,NOT_RUN_NO_CAPTURE,,XML definition is not implementation support; static references are heuristic and do not prove reachability; no default runtime MAVLink capture was performed.
ArduPilot,message,50003,HERELINK_TELEM,all.xml,baseline/ardupilot/modules/mavlink/message_definitions/v1.0/cubepilot.xml,DEFINED_IN_ENTRYPOINT_CLOSURE,NO_REFERENCE_FOUND_BY_HEURISTIC_SCAN,0,0,0,,2978,ArduCopter|ArduPlane|Rover|libraries production-like C/C++ headers/sources; tests/examples excluded,NOT_RUN_NO_CAPTURE,,XML definition is not implementation support; static references are heuristic and do not prove reachability; no default runtime MAVLink capture was performed.
ArduPilot,message,50004,CUBEPILOT_FIRMWARE_UPDATE_START,all.xml,baseline/ardupilot/modules/mavlink/message_definitions/v1.0/cubepilot.xml,DEFINED_IN_ENTRYPOINT_CLOSURE,NO_REFERENCE_FOUND_BY_HEURISTIC_SCAN,0,0,0,,2978,ArduCopter|ArduPlane|Rover|libraries production-like C/C++ headers/sources; tests/examples excluded,NOT_RUN_NO_CAPTURE,,XML definition is not implementation support; static references are heuristic and do not prove reachability; no default runtime MAVLink capture was performed.
ArduPilot,message,50005,CUBEPILOT_FIRMWARE_UPDATE_RESP,all.xml,baseline/ardupilot/modules/mavlink/message_definitions/v1.0/cubepilot.xml,DEFINED_IN_ENTRYPOINT_CLOSURE,NO_REFERENCE_FOUND_BY_HEURISTIC_SCAN,0,0,0,,2978,ArduCopter|ArduPlane|Rover|libraries production-like C/C++ headers/sources; tests/examples excluded,NOT_RUN_NO_CAPTURE,,XML definition is not implementation support; static references are heuristic and do not prove reachability; no default runtime MAVLink capture was performed.
ArduPilot,message,52000,AIRLINK_AUTH,all.xml,baseline/ardupilot/modules/mavlink/message_definitions/v1.0/csAirLink.xml,DEFINED_IN_ENTRYPOINT_CLOSURE,NO_REFERENCE_FOUND_BY_HEURISTIC_SCAN,0,0,0,,2978,ArduCopter|ArduPlane|Rover|libraries production-like C/C++ headers/sources; tests/examples excluded,NOT_RUN_NO_CAPTURE,,XML definition is not implementation support; static references are heuristic and do not prove reachability; no default runtime MAVLink capture was performed.
ArduPilot,message,52001,AIRLINK_AUTH_RESPONSE,all.xml,baseline/ardupilot/modules/mavlink/message_definitions/v1.0/csAirLink.xml,DEFINED_IN_ENTRYPOINT_CLOSURE,NO_REFERENCE_FOUND_BY_HEURISTIC_SCAN,0,0,0,,2978,ArduCopter|ArduPlane|Rover|libraries production-like C/C++ headers/sources; tests/examples excluded,NOT_RUN_NO_CAPTURE,,XML definition is not implementation support; static references are heuristic and do not prove reachability; no default runtime MAVLink capture was performed.
ArduPilot,message,60000,AUTOPILOT_STATE_FOR_GIMBAL_DEVICE_EXT,all.xml,baseline/ardupilot/modules/mavlink/message_definitions/v1.0/storm32.xml,DEFINED_IN_ENTRYPOINT_CLOSURE,NO_REFERENCE_FOUND_BY_HEURISTIC_SCAN,0,0,0,,2978,ArduCopter|ArduPlane|Rover|libraries production-like C/C++ headers/sources; tests/examples excluded,NOT_RUN_NO_CAPTURE,,XML definition is not implementation support; static references are heuristic and do not prove reachability; no default runtime MAVLink capture was performed.
ArduPilot,message,60010,STORM32_GIMBAL_MANAGER_INFORMATION,all.xml,baseline/ardupilot/modules/mavlink/message_definitions/v1.0/storm32.xml,DEFINED_IN_ENTRYPOINT_CLOSURE,NO_REFERENCE_FOUND_BY_HEURISTIC_SCAN,0,0,0,,2978,ArduCopter|ArduPlane|Rover|libraries production-like C/C++ headers/sources; tests/examples excluded,NOT_RUN_NO_CAPTURE,,XML definition is not implementation support; static references are heuristic and do not prove reachability; no default runtime MAVLink capture was performed.
ArduPilot,message,60011,STORM32_GIMBAL_MANAGER_STATUS,all.xml,baseline/ardupilot/modules/mavlink/message_definitions/v1.0/storm32.xml,DEFINED_IN_ENTRYPOINT_CLOSURE,NO_REFERENCE_FOUND_BY_HEURISTIC_SCAN,0,0,0,,2978,ArduCopter|ArduPlane|Rover|libraries production-like C/C++ headers/sources; tests/examples excluded,NOT_RUN_NO_CAPTURE,,XML definition is not implementation support; static references are heuristic and do not prove reachability; no default runtime MAVLink capture was performed.
ArduPilot,message,60012,STORM32_GIMBAL_MANAGER_CONTROL,all.xml,baseline/ardupilot/modules/mavlink/message_definitions/v1.0/storm32.xml,DEFINED_IN_ENTRYPOINT_CLOSURE,NO_REFERENCE_FOUND_BY_HEURISTIC_SCAN,0,0,0,,2978,ArduCopter|ArduPlane|Rover|libraries production-like C/C++ headers/sources; tests/examples excluded,NOT_RUN_NO_CAPTURE,,XML definition is not implementation support; static references are heuristic and do not prove reachability; no default runtime MAVLink capture was performed.
ArduPilot,message,60013,STORM32_GIMBAL_MANAGER_CONTROL_PITCHYAW,all.xml,baseline/ardupilot/modules/mavlink/message_definitions/v1.0/storm32.xml,DEFINED_IN_ENTRYPOINT_CLOSURE,NO_REFERENCE_FOUND_BY_HEURISTIC_SCAN,0,0,0,,2978,ArduCopter|ArduPlane|Rover|libraries production-like C/C++ headers/sources; tests/examples excluded,NOT_RUN_NO_CAPTURE,,XML definition is not implementation support; static references are heuristic and do not prove reachability; no default runtime MAVLink capture was performed.
ArduPilot,message,60014,STORM32_GIMBAL_MANAGER_CORRECT_ROLL,all.xml,baseline/ardupilot/modules/mavlink/message_definitions/v1.0/storm32.xml,DEFINED_IN_ENTRYPOINT_CLOSURE,NO_REFERENCE_FOUND_BY_HEURISTIC_SCAN,0,0,0,,2978,ArduCopter|ArduPlane|Rover|libraries production-like C/C++ headers/sources; tests/examples excluded,NOT_RUN_NO_CAPTURE,,XML definition is not implementation support; static references are heuristic and do not prove reachability; no default runtime MAVLink capture was performed.
ArduPilot,message,60020,QSHOT_STATUS,all.xml,baseline/ardupilot/modules/mavlink/message_definitions/v1.0/storm32.xml,DEFINED_IN_ENTRYPOINT_CLOSURE,NO_REFERENCE_FOUND_BY_HEURISTIC_SCAN,0,0,0,,2978,ArduCopter|ArduPlane|Rover|libraries production-like C/C++ headers/sources; tests/examples excluded,NOT_RUN_NO_CAPTURE,,XML definition is not implementation support; static references are heuristic and do not prove reachability; no default runtime MAVLink capture was performed.
ArduPilot,message,60040,FRSKY_PASSTHROUGH_ARRAY,all.xml,baseline/ardupilot/modules/mavlink/message_definitions/v1.0/storm32.xml,DEFINED_IN_ENTRYPOINT_CLOSURE,NO_REFERENCE_FOUND_BY_HEURISTIC_SCAN,0,0,0,,2978,ArduCopter|ArduPlane|Rover|libraries production-like C/C++ headers/sources; tests/examples excluded,NOT_RUN_NO_CAPTURE,,XML definition is not implementation support; static references are heuristic and do not prove reachability; no default runtime MAVLink capture was performed.
ArduPilot,message,60041,PARAM_VALUE_ARRAY,all.xml,baseline/ardupilot/modules/mavlink/message_definitions/v1.0/storm32.xml,DEFINED_IN_ENTRYPOINT_CLOSURE,NO_REFERENCE_FOUND_BY_HEURISTIC_SCAN,0,0,0,,2978,ArduCopter|ArduPlane|Rover|libraries production-like C/C++ headers/sources; tests/examples excluded,NOT_RUN_NO_CAPTURE,,XML definition is not implementation support; static references are heuristic and do not prove reachability; no default runtime MAVLink capture was performed.
ArduPilot,message,60045,MLRS_RADIO_LINK_STATS,all.xml,baseline/ardupilot/modules/mavlink/message_definitions/v1.0/storm32.xml,DEFINED_IN_ENTRYPOINT_CLOSURE,NO_REFERENCE_FOUND_BY_HEURISTIC_SCAN,0,0,0,,2978,ArduCopter|ArduPlane|Rover|libraries production-like C/C++ headers/sources; tests/examples excluded,NOT_RUN_NO_CAPTURE,,XML definition is not implementation support; static references are heuristic and do not prove reachability; no default runtime MAVLink capture was performed.
ArduPilot,message,60046,MLRS_RADIO_LINK_INFORMATION,all.xml,baseline/ardupilot/modules/mavlink/message_definitions/v1.0/storm32.xml,DEFINED_IN_ENTRYPOINT_CLOSURE,NO_REFERENCE_FOUND_BY_HEURISTIC_SCAN,0,0,0,,2978,ArduCopter|ArduPlane|Rover|libraries production-like C/C++ headers/sources; tests/examples excluded,NOT_RUN_NO_CAPTURE,,XML definition is not implementation support; static references are heuristic and do not prove reachability; no default runtime MAVLink capture was performed.
ArduPilot,message,60047,MLRS_RADIO_LINK_FLOW_CONTROL,all.xml,baseline/ardupilot/modules/mavlink/message_definitions/v1.0/storm32.xml,DEFINED_IN_ENTRYPOINT_CLOSURE,NO_REFERENCE_FOUND_BY_HEURISTIC_SCAN,0,0,0,,2978,ArduCopter|ArduPlane|Rover|libraries production-like C/C++ headers/sources; tests/examples excluded,NOT_RUN_NO_CAPTURE,,XML definition is not implementation support; static references are heuristic and do not prove reachability; no default runtime MAVLink capture was performed.
ArduPilot,message,60050,AVSS_PRS_SYS_STATUS,all.xml,baseline/ardupilot/modules/mavlink/message_definitions/v1.0/AVSSUAS.xml,DEFINED_IN_ENTRYPOINT_CLOSURE,NO_REFERENCE_FOUND_BY_HEURISTIC_SCAN,0,0,0,,2978,ArduCopter|ArduPlane|Rover|libraries production-like C/C++ headers/sources; tests/examples excluded,NOT_RUN_NO_CAPTURE,,XML definition is not implementation support; static references are heuristic and do not prove reachability; no default runtime MAVLink capture was performed.
ArduPilot,message,60051,AVSS_DRONE_POSITION,all.xml,baseline/ardupilot/modules/mavlink/message_definitions/v1.0/AVSSUAS.xml,DEFINED_IN_ENTRYPOINT_CLOSURE,NO_REFERENCE_FOUND_BY_HEURISTIC_SCAN,0,0,0,,2978,ArduCopter|ArduPlane|Rover|libraries production-like C/C++ headers/sources; tests/examples excluded,NOT_RUN_NO_CAPTURE,,XML definition is not implementation support; static references are heuristic and do not prove reachability; no default runtime MAVLink capture was performed.
ArduPilot,message,60052,AVSS_DRONE_IMU,all.xml,baseline/ardupilot/modules/mavlink/message_definitions/v1.0/AVSSUAS.xml,DEFINED_IN_ENTRYPOINT_CLOSURE,NO_REFERENCE_FOUND_BY_HEURISTIC_SCAN,0,0,0,,2978,ArduCopter|ArduPlane|Rover|libraries production-like C/C++ headers/sources; tests/examples excluded,NOT_RUN_NO_CAPTURE,,XML definition is not implementation support; static references are heuristic and do not prove reachability; no default runtime MAVLink capture was performed.
ArduPilot,message,60053,AVSS_DRONE_OPERATION_MODE,all.xml,baseline/ardupilot/modules/mavlink/message_definitions/v1.0/AVSSUAS.xml,DEFINED_IN_ENTRYPOINT_CLOSURE,NO_REFERENCE_FOUND_BY_HEURISTIC_SCAN,0,0,0,,2978,ArduCopter|ArduPlane|Rover|libraries production-like C/C++ headers/sources; tests/examples excluded,NOT_RUN_NO_CAPTURE,,XML definition is not implementation support; static references are heuristic and do not prove reachability; no default runtime MAVLink capture was performed.
ArduPilot,command,16,MAV_CMD_NAV_WAYPOINT,all.xml,baseline/ardupilot/modules/mavlink/message_definitions/v1.0/common.xml,DEFINED_IN_ENTRYPOINT_CLOSURE,STATIC_REFERENCE_FOUND,0,13,9,baseline/ardupilot/ArduCopter/RC_Channel_Copter.cpp:266|baseline/ardupilot/ArduCopter/mode_auto.cpp:1604|baseline/ardupilot/ArduCopter/mode_auto.cpp:1621|baseline/ardupilot/ArduCopter/mode_auto.cpp:720|baseline/ardupilot/ArduCopter/mode_auto.cpp:874|baseline/ardupilot/ArduCopter/mode_auto.cpp:959|baseline/ardupilot/ArduPlane/AP_Arming_Plane.cpp:444|baseline/ardupilot/ArduPlane/commands_logic.cpp:233|baseline/ardupilot/ArduPlane/commands_logic.cpp:55|baseline/ardupilot/ArduPlane/reverse_thrust.cpp:69|baseline/ardupilot/Rover/RC_Channel_Rover.cpp:125|baseline/ardupilot/Rover/mode_auto.cpp:516|baseline/ardupilot/Rover/mode_auto.cpp:663|baseline/ardupilot/libraries/AP_Mission/AP_Mission.cpp:1010|baseline/ardupilot/libraries/AP_Mission/AP_Mission.cpp:1024|baseline/ardupilot/libraries/AP_Mission/AP_Mission.cpp:1092|baseline/ardupilot/libraries/AP_Mission/AP_Mission.cpp:1649|baseline/ardupilot/libraries/AP_Mission/AP_Mission.cpp:2691|baseline/ardupilot/libraries/AP_Mission/AP_Mission.cpp:2836|baseline/ardupilot/libraries/AP_Mission/AP_Mission.cpp:834|baseline/ardupilot/libraries/AP_Mission/AP_Mission.cpp:907|baseline/ardupilot/libraries/AP_Terrain/TerrainMission.cpp:76,2978,ArduCopter|ArduPlane|Rover|libraries production-like C/C++ headers/sources; tests/examples excluded,NOT_RUN_NO_CAPTURE,,XML definition is not implementation support; static references are heuristic and do not prove reachability; no default runtime MAVLink capture was performed.
ArduPilot,command,17,MAV_CMD_NAV_LOITER_UNLIM,all.xml,baseline/ardupilot/modules/mavlink/message_definitions/v1.0/common.xml,DEFINED_IN_ENTRYPOINT_CLOSURE,STATIC_REFERENCE_FOUND,0,17,1,baseline/ardupilot/ArduCopter/GCS_MAVLink_Copter.cpp:519|baseline/ardupilot/ArduCopter/mode_auto.cpp:1622|baseline/ardupilot/ArduCopter/mode_auto.cpp:730|baseline/ardupilot/ArduCopter/mode_auto.cpp:975|baseline/ardupilot/ArduPlane/GCS_MAVLink_Plane.cpp:820|baseline/ardupilot/ArduPlane/commands_logic.cpp:259|baseline/ardupilot/ArduPlane/commands_logic.cpp:69|baseline/ardupilot/ArduPlane/quadplane.cpp:2088|baseline/ardupilot/ArduPlane/quadplane.cpp:2827|baseline/ardupilot/ArduPlane/quadplane.cpp:3335|baseline/ardupilot/ArduPlane/reverse_thrust.cpp:65|baseline/ardupilot/Rover/mode_auto.cpp:523|baseline/ardupilot/Rover/mode_auto.cpp:669|baseline/ardupilot/libraries/AP_Mission/AP_Mission.cpp:1027|baseline/ardupilot/libraries/AP_Mission/AP_Mission.cpp:1119|baseline/ardupilot/libraries/AP_Mission/AP_Mission.cpp:1661|baseline/ardupilot/libraries/AP_Mission/AP_Mission.cpp:2844|baseline/ardupilot/libraries/AP_Mission/AP_Mission.cpp:908,2978,ArduCopter|ArduPlane|Rover|libraries production-like C/C++ headers/sources; tests/examples excluded,NOT_RUN_NO_CAPTURE,,XML definition is not implementation support; static references are heuristic and do not prove reachability; no default runtime MAVLink capture was performed.
ArduPilot,command,18,MAV_CMD_NAV_LOITER_TURNS,all.xml,baseline/ardupilot/modules/mavlink/message_definitions/v1.0/common.xml,DEFINED_IN_ENTRYPOINT_CLOSURE,STATIC_REFERENCE_FOUND,0,14,4,baseline/ardupilot/ArduCopter/mode_auto.cpp:1654|baseline/ardupilot/ArduCopter/mode_auto.cpp:1748|baseline/ardupilot/ArduCopter/mode_auto.cpp:734|baseline/ardupilot/ArduCopter/mode_auto.cpp:979|baseline/ardupilot/ArduPlane/commands_logic.cpp:262|baseline/ardupilot/ArduPlane/commands_logic.cpp:73|baseline/ardupilot/ArduPlane/quadplane.cpp:2090|baseline/ardupilot/ArduPlane/quadplane.cpp:2829|baseline/ardupilot/ArduPlane/quadplane.cpp:3337|baseline/ardupilot/ArduPlane/quadplane.cpp:3986|baseline/ardupilot/ArduPlane/reverse_thrust.cpp:64|baseline/ardupilot/Rover/mode_auto.cpp:527|baseline/ardupilot/Rover/mode_auto.cpp:672|baseline/ardupilot/Rover/mode_auto.cpp:927|baseline/ardupilot/libraries/AP_Mission/AP_Mission.cpp:1124|baseline/ardupilot/libraries/AP_Mission/AP_Mission.cpp:1668|baseline/ardupilot/libraries/AP_Mission/AP_Mission.cpp:2850|baseline/ardupilot/libraries/AP_Mission/AP_Mission.cpp:909,2978,ArduCopter|ArduPlane|Rover|libraries production-like C/C++ headers/sources; tests/examples excluded,NOT_RUN_NO_CAPTURE,,XML definition is not implementation support; static references are heuristic and do not prove reachability; no default runtime MAVLink capture was performed.
ArduPilot,command,19,MAV_CMD_NAV_LOITER_TIME,all.xml,baseline/ardupilot/modules/mavlink/message_definitions/v1.0/common.xml,DEFINED_IN_ENTRYPOINT_CLOSURE,STATIC_REFERENCE_FOUND,0,14,1,baseline/ardupilot/ArduCopter/mode_auto.cpp:1626|baseline/ardupilot/ArduCopter/mode_auto.cpp:738|baseline/ardupilot/ArduCopter/mode_auto.cpp:983|baseline/ardupilot/ArduPlane/commands_logic.cpp:265|baseline/ardupilot/ArduPlane/commands_logic.cpp:77|baseline/ardupilot/ArduPlane/quadplane.cpp:2089|baseline/ardupilot/ArduPlane/quadplane.cpp:2828|baseline/ardupilot/ArduPlane/quadplane.cpp:3336|baseline/ardupilot/ArduPlane/reverse_thrust.cpp:62|baseline/ardupilot/Rover/mode_auto.cpp:524|baseline/ardupilot/Rover/mode_auto.cpp:675|baseline/ardupilot/libraries/AP_Mission/AP_Mission.cpp:1151|baseline/ardupilot/libraries/AP_Mission/AP_Mission.cpp:1683|baseline/ardupilot/libraries/AP_Mission/AP_Mission.cpp:2846|baseline/ardupilot/libraries/AP_Mission/AP_Mission.cpp:910,2978,ArduCopter|ArduPlane|Rover|libraries production-like C/C++ headers/sources; tests/examples excluded,NOT_RUN_NO_CAPTURE,,XML definition is not implementation support; static references are heuristic and do not prove reachability; no default runtime MAVLink capture was performed.
ArduPilot,command,20,MAV_CMD_NAV_RETURN_TO_LAUNCH,all.xml,baseline/ardupilot/modules/mavlink/message_definitions/v1.0/common.xml,DEFINED_IN_ENTRYPOINT_CLOSURE,STATIC_REFERENCE_FOUND,0,12,1,baseline/ardupilot/ArduCopter/GCS_MAVLink_Copter.cpp:525|baseline/ardupilot/ArduCopter/mode_auto.cpp:1655|baseline/ardupilot/ArduCopter/mode_auto.cpp:746|baseline/ardupilot/ArduCopter/mode_auto.cpp:990|baseline/ardupilot/ArduPlane/GCS_MAVLink_Plane.cpp:824|baseline/ardupilot/ArduPlane/commands_logic.cpp:85|baseline/ardupilot/Rover/GCS_MAVLink_Rover.cpp:477|baseline/ardupilot/Rover/mode_auto.cpp:519|baseline/ardupilot/Rover/mode_auto.cpp:666|baseline/ardupilot/libraries/AP_Arming/AP_Arming.cpp:961|baseline/ardupilot/libraries/AP_Mission/AP_Mission.cpp:1157|baseline/ardupilot/libraries/AP_Mission/AP_Mission.cpp:1693|baseline/ardupilot/libraries/AP_Mission/AP_Mission.cpp:2842,2978,ArduCopter|ArduPlane|Rover|libraries production-like C/C++ headers/sources; tests/examples excluded,NOT_RUN_NO_CAPTURE,,XML definition is not implementation support; static references are heuristic and do not prove reachability; no default runtime MAVLink capture was performed.
ArduPilot,command,21,MAV_CMD_NAV_LAND,all.xml,baseline/ardupilot/modules/mavlink/message_definitions/v1.0/common.xml,DEFINED_IN_ENTRYPOINT_CLOSURE,STATIC_REFERENCE_FOUND,1,15,12,baseline/ardupilot/ArduCopter/GCS_MAVLink_Copter.cpp:532|baseline/ardupilot/ArduCopter/RC_Channel_Copter.cpp:269|baseline/ardupilot/ArduCopter/mode_auto.cpp:1617|baseline/ardupilot/ArduCopter/mode_auto.cpp:2432|baseline/ardupilot/ArduCopter/mode_auto.cpp:726|baseline/ardupilot/ArduCopter/mode_auto.cpp:965|baseline/ardupilot/ArduPlane/Plane.cpp:698|baseline/ardupilot/ArduPlane/commands_logic.cpp:1336|baseline/ardupilot/ArduPlane/commands_logic.cpp:236|baseline/ardupilot/ArduPlane/commands_logic.cpp:34|baseline/ardupilot/ArduPlane/commands_logic.cpp:59|baseline/ardupilot/ArduPlane/mode_auto.cpp:50|baseline/ardupilot/ArduPlane/mode_auto.cpp:89|baseline/ardupilot/ArduPlane/mode_auto.cpp:93|baseline/ardupilot/ArduPlane/mode_autoland.cpp:103|baseline/ardupilot/ArduPlane/mode_autoland.cpp:184|baseline/ardupilot/ArduPlane/quadplane.cpp:2096|baseline/ardupilot/ArduPlane/quadplane.cpp:3330|baseline/ardupilot/ArduPlane/quadplane.cpp:4077|baseline/ardupilot/ArduPlane/reverse_thrust.cpp:54|baseline/ardupilot/libraries/AP_Arming/AP_Arming.cpp:956|baseline/ardupilot/libraries/AP_Landing/AP_Landing.cpp:526|baseline/ardupilot/libraries/AP_Mission/AP_Mission.cpp:1030|baseline/ardupilot/libraries/AP_Mission/AP_Mission.cpp:1160|baseline/ardupilot/libraries/AP_Mission/AP_Mission.cpp:1696|baseline/ardupilot/libraries/AP_Mission/AP_Mission.cpp:2812|baseline/ardupilot/libraries/AP_Mission/AP_Mission.cpp:2892|baseline/ardupilot/libraries/AP_Mission/AP_Mission.cpp:911,2978,ArduCopter|ArduPlane|Rover|libraries production-like C/C++ headers/sources; tests/examples excluded,NOT_RUN_NO_CAPTURE,,XML definition is not implementation support; static references are heuristic and do not prove reachability; no default runtime MAVLink capture was performed.
ArduPilot,command,22,MAV_CMD_NAV_TAKEOFF,all.xml,baseline/ardupilot/modules/mavlink/message_definitions/v1.0/common.xml,DEFINED_IN_ENTRYPOINT_CLOSURE,STATIC_REFERENCE_FOUND,1,17,6,baseline/ardupilot/ArduCopter/GCS_MAVLink_Copter.cpp:488|baseline/ardupilot/ArduCopter/GCS_MAVLink_Copter.cpp:602|baseline/ardupilot/ArduCopter/RC_Channel_Copter.cpp:250|baseline/ardupilot/ArduCopter/mode_auto.cpp:1657|baseline/ardupilot/ArduCopter/mode_auto.cpp:716|baseline/ardupilot/ArduCopter/mode_auto.cpp:955|baseline/ardupilot/ArduPlane/GCS_MAVLink_Plane.cpp:781|baseline/ardupilot/ArduPlane/GCS_MAVLink_Plane.cpp:882|baseline/ardupilot/ArduPlane/commands_logic.cpp:225|baseline/ardupilot/ArduPlane/commands_logic.cpp:45|baseline/ardupilot/ArduPlane/is_flying.cpp:346|baseline/ardupilot/ArduPlane/mode_auto.cpp:88|baseline/ardupilot/ArduPlane/quadplane.cpp:2093|baseline/ardupilot/ArduPlane/quadplane.cpp:3323|baseline/ardupilot/ArduPlane/quadplane.cpp:4058|baseline/ardupilot/ArduPlane/reverse_thrust.cpp:45|baseline/ardupilot/libraries/AP_Arming/AP_Arming.cpp:959|baseline/ardupilot/libraries/AP_Mission/AP_Mission.cpp:1033|baseline/ardupilot/libraries/AP_Mission/AP_Mission.cpp:1167|baseline/ardupilot/libraries/AP_Mission/AP_Mission.cpp:1701|baseline/ardupilot/libraries/AP_Mission/AP_Mission.cpp:206|baseline/ardupilot/libraries/AP_Mission/AP_Mission.cpp:2825|baseline/ardupilot/libraries/AP_Mission/AP_Mission.cpp:2890|baseline/ardupilot/libraries/AP_Mission/AP_Mission.cpp:912,2978,ArduCopter|ArduPlane|Rover|libraries production-like C/C++ headers/sources; tests/examples excluded,NOT_RUN_NO_CAPTURE,,XML definition is not implementation support; static references are heuristic and do not prove reachability; no default runtime MAVLink capture was performed.
ArduPilot,command,23,MAV_CMD_NAV_LAND_LOCAL,all.xml,baseline/ardupilot/modules/mavlink/message_definitions/v1.0/common.xml,DEFINED_IN_ENTRYPOINT_CLOSURE,NO_REFERENCE_FOUND_BY_HEURISTIC_SCAN,0,0,0,,2978,ArduCopter|ArduPlane|Rover|libraries production-like C/C++ headers/sources; tests/examples excluded,NOT_RUN_NO_CAPTURE,,XML definition is not implementation support; static references are heuristic and do not prove reachability; no default runtime MAVLink capture was performed.
ArduPilot,command,24,MAV_CMD_NAV_TAKEOFF_LOCAL,all.xml,baseline/ardupilot/modules/mavlink/message_definitions/v1.0/common.xml,DEFINED_IN_ENTRYPOINT_CLOSURE,STATIC_REFERENCE_FOUND,0,1,0,baseline/ardupilot/libraries/AP_Mission/AP_Mission.cpp:207,2978,ArduCopter|ArduPlane|Rover|libraries production-like C/C++ headers/sources; tests/examples excluded,NOT_RUN_NO_CAPTURE,,XML definition is not implementation support; static references are heuristic and do not prove reachability; no default runtime MAVLink capture was performed.
ArduPilot,command,25,MAV_CMD_NAV_FOLLOW,all.xml,baseline/ardupilot/modules/mavlink/message_definitions/v1.0/common.xml,DEFINED_IN_ENTRYPOINT_CLOSURE,NO_REFERENCE_FOUND_BY_HEURISTIC_SCAN,0,0,0,,2978,ArduCopter|ArduPlane|Rover|libraries production-like C/C++ headers/sources; tests/examples excluded,NOT_RUN_NO_CAPTURE,,XML definition is not implementation support; static references are heuristic and do not prove reachability; no default runtime MAVLink capture was performed.
ArduPilot,command,30,MAV_CMD_NAV_CONTINUE_AND_CHANGE_ALT,all.xml,baseline/ardupilot/modules/mavlink/message_definitions/v1.0/common.xml,DEFINED_IN_ENTRYPOINT_CLOSURE,STATIC_REFERENCE_FOUND,0,6,2,baseline/ardupilot/ArduPlane/commands_logic.cpp:272|baseline/ardupilot/ArduPlane/commands_logic.cpp:89|baseline/ardupilot/ArduPlane/mode_auto.cpp:115|baseline/ardupilot/libraries/AP_Landing/AP_Landing.cpp:541|baseline/ardupilot/libraries/AP_Mission/AP_Mission.cpp:1171|baseline/ardupilot/libraries/AP_Mission/AP_Mission.cpp:1705|baseline/ardupilot/libraries/AP_Mission/AP_Mission.cpp:2894|baseline/ardupilot/libraries/AP_Mission/AP_Mission.cpp:913,2978,ArduCopter|ArduPlane|Rover|libraries production-like C/C++ headers/sources; tests/examples excluded,NOT_RUN_NO_CAPTURE,,XML definition is not implementation support; static references are heuristic and do not prove reachability; no default runtime MAVLink capture was performed.
ArduPilot,command,31,MAV_CMD_NAV_LOITER_TO_ALT,all.xml,baseline/ardupilot/modules/mavlink/message_definitions/v1.0/common.xml,DEFINED_IN_ENTRYPOINT_CLOSURE,STATIC_REFERENCE_FOUND,0,11,4,baseline/ardupilot/ArduCopter/mode_auto.cpp:742|baseline/ardupilot/ArduCopter/mode_auto.cpp:987|baseline/ardupilot/ArduPlane/commands_logic.cpp:268|baseline/ardupilot/ArduPlane/commands_logic.cpp:81|baseline/ardupilot/ArduPlane/mode_autoland.cpp:150|baseline/ardupilot/ArduPlane/quadplane.cpp:2091|baseline/ardupilot/ArduPlane/quadplane.cpp:2830|baseline/ardupilot/ArduPlane/quadplane.cpp:3338|baseline/ardupilot/ArduPlane/reverse_thrust.cpp:58|baseline/ardupilot/ArduPlane/reverse_thrust.cpp:63|baseline/ardupilot/libraries/AP_Landing/AP_Landing_Slope.cpp:68|baseline/ardupilot/libraries/AP_Mission/AP_Mission.cpp:1178|baseline/ardupilot/libraries/AP_Mission/AP_Mission.cpp:1712|baseline/ardupilot/libraries/AP_Mission/AP_Mission.cpp:2852|baseline/ardupilot/libraries/AP_Mission/AP_Mission.cpp:914,2978,ArduCopter|ArduPlane|Rover|libraries production-like C/C++ headers/sources; tests/examples excluded,NOT_RUN_NO_CAPTURE,,XML definition is not implementation support; static references are heuristic and do not prove reachability; no default runtime MAVLink capture was performed.
ArduPilot,command,32,MAV_CMD_DO_FOLLOW,all.xml,baseline/ardupilot/modules/mavlink/message_definitions/v1.0/common.xml,DEFINED_IN_ENTRYPOINT_CLOSURE,STATIC_REFERENCE_FOUND,0,2,0,baseline/ardupilot/ArduPlane/GCS_MAVLink_Plane.cpp:749|baseline/ardupilot/libraries/GCS_MAVLink/GCS_Common.cpp:5901,2978,ArduCopter|ArduPlane|Rover|libraries production-like C/C++ headers/sources; tests/examples excluded,NOT_RUN_NO_CAPTURE,,XML definition is not implementation support; static references are heuristic and do not prove reachability; no default runtime MAVLink capture was performed.
ArduPilot,command,33,MAV_CMD_DO_FOLLOW_REPOSITION,all.xml,baseline/ardupilot/modules/mavlink/message_definitions/v1.0/common.xml,DEFINED_IN_ENTRYPOINT_CLOSURE,NO_REFERENCE_FOUND_BY_HEURISTIC_SCAN,0,0,0,,2978,ArduCopter|ArduPlane|Rover|libraries production-like C/C++ headers/sources; tests/examples excluded,NOT_RUN_NO_CAPTURE,,XML definition is not implementation support; static references are heuristic and do not prove reachability; no default runtime MAVLink capture was performed.
ArduPilot,command,34,MAV_CMD_DO_ORBIT,all.xml,baseline/ardupilot/modules/mavlink/message_definitions/v1.0/common.xml,DEFINED_IN_ENTRYPOINT_CLOSURE,NO_REFERENCE_FOUND_BY_HEURISTIC_SCAN,0,0,0,,2978,ArduCopter|ArduPlane|Rover|libraries production-like C/C++ headers/sources; tests/examples excluded,NOT_RUN_NO_CAPTURE,,XML definition is not implementation support; static references are heuristic and do not prove reachability; no default runtime MAVLink capture was performed.
ArduPilot,command,35,MAV_CMD_DO_FIGURE_EIGHT,all.xml,baseline/ardupilot/modules/mavlink/message_definitions/v1.0/common.xml,DEFINED_IN_ENTRYPOINT_CLOSURE,NO_REFERENCE_FOUND_BY_HEURISTIC_SCAN,0,0,0,,2978,ArduCopter|ArduPlane|Rover|libraries production-like C/C++ headers/sources; tests/examples excluded,NOT_RUN_NO_CAPTURE,,XML definition is not implementation support; static references are heuristic and do not prove reachability; no default runtime MAVLink capture was performed.
ArduPilot,command,36,MAV_CMD_NAV_ARC_WAYPOINT,all.xml,baseline/ardupilot/modules/mavlink/message_definitions/v1.0/common.xml,DEFINED_IN_ENTRYPOINT_CLOSURE,STATIC_REFERENCE_FOUND,0,8,1,baseline/ardupilot/ArduCopter/mode_auto.cpp:1581|baseline/ardupilot/ArduCopter/mode_auto.cpp:1644|baseline/ardupilot/ArduCopter/mode_auto.cpp:721|baseline/ardupilot/ArduCopter/mode_auto.cpp:960|baseline/ardupilot/libraries/AP_Mission/AP_Mission.cpp:1036|baseline/ardupilot/libraries/AP_Mission/AP_Mission.cpp:1184|baseline/ardupilot/libraries/AP_Mission/AP_Mission.cpp:1720|baseline/ardupilot/libraries/AP_Mission/AP_Mission.cpp:2840|baseline/ardupilot/libraries/AP_Mission/AP_Mission.cpp:932,2978,ArduCopter|ArduPlane|Rover|libraries production-like C/C++ headers/sources; tests/examples excluded,NOT_RUN_NO_CAPTURE,,XML definition is not implementation support; static references are heuristic and do not prove reachability; no default runtime MAVLink capture was performed.
ArduPilot,command,80,MAV_CMD_NAV_ROI,all.xml,baseline/ardupilot/modules/mavlink/message_definitions/v1.0/common.xml,DEFINED_IN_ENTRYPOINT_CLOSURE,NO_REFERENCE_FOUND_BY_HEURISTIC_SCAN,0,0,0,,2978,ArduCopter|ArduPlane|Rover|libraries production-like C/C++ headers/sources; tests/examples excluded,NOT_RUN_NO_CAPTURE,,XML definition is not implementation support; static references are heuristic and do not prove reachability; no default runtime MAVLink capture was performed.
ArduPilot,command,81,MAV_CMD_NAV_PATHPLANNING,all.xml,baseline/ardupilot/modules/mavlink/message_definitions/v1.0/common.xml,DEFINED_IN_ENTRYPOINT_CLOSURE,NO_REFERENCE_FOUND_BY_HEURISTIC_SCAN,0,0,0,,2978,ArduCopter|ArduPlane|Rover|libraries production-like C/C++ headers/sources; tests/examples excluded,NOT_RUN_NO_CAPTURE,,XML definition is not implementation support; static references are heuristic and do not prove reachability; no default runtime MAVLink capture was performed.
ArduPilot,command,82,MAV_CMD_NAV_SPLINE_WAYPOINT,all.xml,baseline/ardupilot/modules/mavlink/message_definitions/v1.0/common.xml,DEFINED_IN_ENTRYPOINT_CLOSURE,STATIC_REFERENCE_FOUND,0,7,5,baseline/ardupilot/ArduCopter/mode_auto.cpp:1604|baseline/ardupilot/ArduCopter/mode_auto.cpp:1635|baseline/ardupilot/ArduCopter/mode_auto.cpp:1879|baseline/ardupilot/ArduCopter/mode_auto.cpp:750|baseline/ardupilot/ArduCopter/mode_auto.cpp:994|baseline/ardupilot/ArduPlane/reverse_thrust.cpp:70|baseline/ardupilot/libraries/AP_Mission/AP_Mission.cpp:1189|baseline/ardupilot/libraries/AP_Mission/AP_Mission.cpp:1725|baseline/ardupilot/libraries/AP_Mission/AP_Mission.cpp:2691|baseline/ardupilot/libraries/AP_Mission/AP_Mission.cpp:2838|baseline/ardupilot/libraries/AP_Mission/AP_Mission.cpp:915|baseline/ardupilot/libraries/AP_Terrain/TerrainMission.cpp:77,2978,ArduCopter|ArduPlane|Rover|libraries production-like C/C++ headers/sources; tests/examples excluded,NOT_RUN_NO_CAPTURE,,XML definition is not implementation support; static references are heuristic and do not prove reachability; no default runtime MAVLink capture was performed.
ArduPilot,command,83,MAV_CMD_NAV_ALTITUDE_WAIT,all.xml,baseline/ardupilot/modules/mavlink/message_definitions/v1.0/ardupilotmega.xml,DEFINED_IN_ENTRYPOINT_CLOSURE,STATIC_REFERENCE_FOUND,0,5,2,baseline/ardupilot/ArduPlane/commands_logic.cpp:275|baseline/ardupilot/ArduPlane/commands_logic.cpp:93|baseline/ardupilot/ArduPlane/mode_auto.cpp:182|baseline/ardupilot/ArduPlane/pullup.cpp:79|baseline/ardupilot/libraries/AP_Mission/AP_Mission.cpp:1349|baseline/ardupilot/libraries/AP_Mission/AP_Mission.cpp:1889|baseline/ardupilot/libraries/AP_Mission/AP_Mission.cpp:2896,2978,ArduCopter|ArduPlane|Rover|libraries production-like C/C++ headers/sources; tests/examples excluded,NOT_RUN_NO_CAPTURE,,XML definition is not implementation support; static references are heuristic and do not prove reachability; no default runtime MAVLink capture was performed.
ArduPilot,command,84,MAV_CMD_NAV_VTOL_TAKEOFF,all.xml,baseline/ardupilot/modules/mavlink/message_definitions/v1.0/common.xml,DEFINED_IN_ENTRYPOINT_CLOSURE,STATIC_REFERENCE_FOUND,1,15,2,baseline/ardupilot/ArduCopter/GCS_MAVLink_Copter.cpp:489|baseline/ardupilot/ArduCopter/GCS_MAVLink_Copter.cpp:603|baseline/ardupilot/ArduCopter/mode_auto.cpp:1656|baseline/ardupilot/ArduCopter/mode_auto.cpp:715|baseline/ardupilot/ArduCopter/mode_auto.cpp:954|baseline/ardupilot/ArduPlane/commands_logic.cpp:279|baseline/ardupilot/ArduPlane/commands_logic.cpp:98|baseline/ardupilot/ArduPlane/quadplane.cpp:2086|baseline/ardupilot/ArduPlane/quadplane.cpp:3322|baseline/ardupilot/ArduPlane/quadplane.cpp:4055|baseline/ardupilot/libraries/AP_Arming/AP_Arming.cpp:960|baseline/ardupilot/libraries/AP_Mission/AP_Mission.cpp:1039|baseline/ardupilot/libraries/AP_Mission/AP_Mission.cpp:1355|baseline/ardupilot/libraries/AP_Mission/AP_Mission.cpp:1895|baseline/ardupilot/libraries/AP_Mission/AP_Mission.cpp:205|baseline/ardupilot/libraries/AP_Mission/AP_Mission.cpp:2826|baseline/ardupilot/libraries/AP_Mission/AP_Mission.cpp:2898|baseline/ardupilot/libraries/AP_Mission/AP_Mission.cpp:923,2978,ArduCopter|ArduPlane|Rover|libraries production-like C/C++ headers/sources; tests/examples excluded,NOT_RUN_NO_CAPTURE,,XML definition is not implementation support; static references are heuristic and do not prove reachability; no default runtime MAVLink capture was performed.
ArduPilot,command,85,MAV_CMD_NAV_VTOL_LAND,all.xml,baseline/ardupilot/modules/mavlink/message_definitions/v1.0/common.xml,DEFINED_IN_ENTRYPOINT_CLOSURE,STATIC_REFERENCE_FOUND,1,15,3,baseline/ardupilot/ArduCopter/GCS_MAVLink_Copter.cpp:531|baseline/ardupilot/ArduCopter/mode_auto.cpp:1616|baseline/ardupilot/ArduCopter/mode_auto.cpp:2431|baseline/ardupilot/ArduCopter/mode_auto.cpp:725|baseline/ardupilot/ArduCopter/mode_auto.cpp:964|baseline/ardupilot/ArduPlane/commands_logic.cpp:102|baseline/ardupilot/ArduPlane/commands_logic.cpp:1335|baseline/ardupilot/ArduPlane/commands_logic.cpp:281|baseline/ardupilot/ArduPlane/quadplane.cpp:2095|baseline/ardupilot/ArduPlane/quadplane.cpp:3328|baseline/ardupilot/ArduPlane/quadplane.cpp:4070|baseline/ardupilot/ArduPlane/quadplane.cpp:4775|baseline/ardupilot/libraries/AP_Arming/AP_Arming.cpp:957|baseline/ardupilot/libraries/AP_Mission/AP_Mission.cpp:1042|baseline/ardupilot/libraries/AP_Mission/AP_Mission.cpp:1358|baseline/ardupilot/libraries/AP_Mission/AP_Mission.cpp:1898|baseline/ardupilot/libraries/AP_Mission/AP_Mission.cpp:2813|baseline/ardupilot/libraries/AP_Mission/AP_Mission.cpp:2900|baseline/ardupilot/libraries/AP_Mission/AP_Mission.cpp:924,2978,ArduCopter|ArduPlane|Rover|libraries production-like C/C++ headers/sources; tests/examples excluded,NOT_RUN_NO_CAPTURE,,XML definition is not implementation support; static references are heuristic and do not prove reachability; no default runtime MAVLink capture was performed.
ArduPilot,command,92,MAV_CMD_NAV_GUIDED_ENABLE,all.xml,baseline/ardupilot/modules/mavlink/message_definitions/v1.0/common.xml,DEFINED_IN_ENTRYPOINT_CLOSURE,STATIC_REFERENCE_FOUND,0,9,0,baseline/ardupilot/ArduCopter/mode_auto.cpp:755|baseline/ardupilot/ArduCopter/mode_auto.cpp:999|baseline/ardupilot/Rover/mode_auto.cpp:530|baseline/ardupilot/Rover/mode_auto.cpp:678|baseline/ardupilot/libraries/AP_Mission/AP_Mission.cpp:1197|baseline/ardupilot/libraries/AP_Mission/AP_Mission.cpp:1729|baseline/ardupilot/libraries/AP_Mission/AP_Mission.cpp:2848|baseline/ardupilot/libraries/AP_Mission/AP_Mission.cpp:589|baseline/ardupilot/libraries/AP_Mission/AP_Mission.cpp:916,2978,ArduCopter|ArduPlane|Rover|libraries production-like C/C++ headers/sources; tests/examples excluded,NOT_RUN_NO_CAPTURE,,XML definition is not implementation support; static references are heuristic and do not prove reachability; no default runtime MAVLink capture was performed.
ArduPilot,command,93,MAV_CMD_NAV_DELAY,all.xml,baseline/ardupilot/modules/mavlink/message_definitions/v1.0/common.xml,DEFINED_IN_ENTRYPOINT_CLOSURE,STATIC_REFERENCE_FOUND,0,11,0,baseline/ardupilot/ArduCopter/mode_auto.cpp:1004|baseline/ardupilot/ArduCopter/mode_auto.cpp:760|baseline/ardupilot/ArduPlane/commands_logic.cpp:200|baseline/ardupilot/ArduPlane/commands_logic.cpp:305|baseline/ardupilot/Rover/mode_auto.cpp:538|baseline/ardupilot/Rover/mode_auto.cpp:681|baseline/ardupilot/libraries/AP_Mission/AP_Mission.cpp:1201|baseline/ardupilot/libraries/AP_Mission/AP_Mission.cpp:1733|baseline/ardupilot/libraries/AP_Mission/AP_Mission.cpp:212|baseline/ardupilot/libraries/AP_Mission/AP_Mission.cpp:2918|baseline/ardupilot/libraries/AP_Mission/AP_Mission.cpp:590,2978,ArduCopter|ArduPlane|Rover|libraries production-like C/C++ headers/sources; tests/examples excluded,NOT_RUN_NO_CAPTURE,,XML definition is not implementation support; static references are heuristic and do not prove reachability; no default runtime MAVLink capture was performed.
ArduPilot,command,94,MAV_CMD_NAV_PAYLOAD_PLACE,all.xml,baseline/ardupilot/modules/mavlink/message_definitions/v1.0/common.xml,DEFINED_IN_ENTRYPOINT_CLOSURE,STATIC_REFERENCE_FOUND,1,11,6,baseline/ardupilot/ArduCopter/mode_auto.cpp:1624|baseline/ardupilot/ArduCopter/mode_auto.cpp:765|baseline/ardupilot/ArduCopter/mode_auto.cpp:970|baseline/ardupilot/ArduPlane/commands_logic.cpp:103|baseline/ardupilot/ArduPlane/commands_logic.cpp:1337|baseline/ardupilot/ArduPlane/commands_logic.cpp:282|baseline/ardupilot/ArduPlane/quadplane.cpp:2097|baseline/ardupilot/ArduPlane/quadplane.cpp:3310|baseline/ardupilot/ArduPlane/quadplane.cpp:3329|baseline/ardupilot/ArduPlane/quadplane.cpp:3562|baseline/ardupilot/ArduPlane/quadplane.cpp:3675|baseline/ardupilot/ArduPlane/quadplane.cpp:4070|baseline/ardupilot/ArduPlane/quadplane.cpp:4770|baseline/ardupilot/ArduPlane/quadplane.cpp:4835|baseline/ardupilot/libraries/AP_Mission/AP_Mission.cpp:1378|baseline/ardupilot/libraries/AP_Mission/AP_Mission.cpp:1916|baseline/ardupilot/libraries/AP_Mission/AP_Mission.cpp:2925|baseline/ardupilot/libraries/AP_Mission/AP_Mission.cpp:925,2978,ArduCopter|ArduPlane|Rover|libraries production-like C/C++ headers/sources; tests/examples excluded,NOT_RUN_NO_CAPTURE,,XML definition is not implementation support; static references are heuristic and do not prove reachability; no default runtime MAVLink capture was performed.
ArduPilot,command,95,MAV_CMD_NAV_LAST,all.xml,baseline/ardupilot/modules/mavlink/message_definitions/v1.0/common.xml,DEFINED_IN_ENTRYPOINT_CLOSURE,STATIC_REFERENCE_FOUND,0,0,1,baseline/ardupilot/libraries/AP_Mission/AP_Mission.cpp:550,2978,ArduCopter|ArduPlane|Rover|libraries production-like C/C++ headers/sources; tests/examples excluded,NOT_RUN_NO_CAPTURE,,XML definition is not implementation support; static references are heuristic and do not prove reachability; no default runtime MAVLink capture was performed.
ArduPilot,command,112,MAV_CMD_CONDITION_DELAY,all.xml,baseline/ardupilot/modules/mavlink/message_definitions/v1.0/common.xml,DEFINED_IN_ENTRYPOINT_CLOSURE,STATIC_REFERENCE_FOUND,0,9,1,baseline/ardupilot/ArduCopter/mode_auto.cpp:1021|baseline/ardupilot/ArduCopter/mode_auto.cpp:783|baseline/ardupilot/ArduPlane/commands_logic.cpp:119|baseline/ardupilot/ArduPlane/commands_logic.cpp:294|baseline/ardupilot/Rover/mode_auto.cpp:549|baseline/ardupilot/Rover/mode_auto.cpp:689|baseline/ardupilot/libraries/AP_Mission/AP_Mission.cpp:1208|baseline/ardupilot/libraries/AP_Mission/AP_Mission.cpp:1740|baseline/ardupilot/libraries/AP_Mission/AP_Mission.cpp:2693|baseline/ardupilot/libraries/AP_Mission/AP_Mission.cpp:2856,2978,ArduCopter|ArduPlane|Rover|libraries production-like C/C++ headers/sources; tests/examples excluded,NOT_RUN_NO_CAPTURE,,XML definition is not implementation support; static references are heuristic and do not prove reachability; no default runtime MAVLink capture was performed.
ArduPilot,command,113,MAV_CMD_CONDITION_CHANGE_ALT,all.xml,baseline/ardupilot/modules/mavlink/message_definitions/v1.0/common.xml,DEFINED_IN_ENTRYPOINT_CLOSURE,NO_REFERENCE_FOUND_BY_HEURISTIC_SCAN,0,0,0,,2978,ArduCopter|ArduPlane|Rover|libraries production-like C/C++ headers/sources; tests/examples excluded,NOT_RUN_NO_CAPTURE,,XML definition is not implementation support; static references are heuristic and do not prove reachability; no default runtime MAVLink capture was performed.
ArduPilot,command,114,MAV_CMD_CONDITION_DISTANCE,all.xml,baseline/ardupilot/modules/mavlink/message_definitions/v1.0/common.xml,DEFINED_IN_ENTRYPOINT_CLOSURE,STATIC_REFERENCE_FOUND,0,9,0,baseline/ardupilot/ArduCopter/mode_auto.cpp:1025|baseline/ardupilot/ArduCopter/mode_auto.cpp:787|baseline/ardupilot/ArduPlane/commands_logic.cpp:123|baseline/ardupilot/ArduPlane/commands_logic.cpp:297|baseline/ardupilot/Rover/mode_auto.cpp:553|baseline/ardupilot/Rover/mode_auto.cpp:692|baseline/ardupilot/libraries/AP_Mission/AP_Mission.cpp:1212|baseline/ardupilot/libraries/AP_Mission/AP_Mission.cpp:1744|baseline/ardupilot/libraries/AP_Mission/AP_Mission.cpp:2858,2978,ArduCopter|ArduPlane|Rover|libraries production-like C/C++ headers/sources; tests/examples excluded,NOT_RUN_NO_CAPTURE,,XML definition is not implementation support; static references are heuristic and do not prove reachability; no default runtime MAVLink capture was performed.
ArduPilot,command,115,MAV_CMD_CONDITION_YAW,all.xml,baseline/ardupilot/modules/mavlink/message_definitions/v1.0/common.xml,DEFINED_IN_ENTRYPOINT_CLOSURE,STATIC_REFERENCE_FOUND,0,7,0,baseline/ardupilot/ArduCopter/GCS_MAVLink_Copter.cpp:472|baseline/ardupilot/ArduCopter/mode_auto.cpp:1029|baseline/ardupilot/ArduCopter/mode_auto.cpp:791|baseline/ardupilot/ArduCopter/mode_auto.cpp:881|baseline/ardupilot/libraries/AP_Mission/AP_Mission.cpp:1216|baseline/ardupilot/libraries/AP_Mission/AP_Mission.cpp:1748|baseline/ardupilot/libraries/AP_Mission/AP_Mission.cpp:2912,2978,ArduCopter|ArduPlane|Rover|libraries production-like C/C++ headers/sources; tests/examples excluded,NOT_RUN_NO_CAPTURE,,XML definition is not implementation support; static references are heuristic and do not prove reachability; no default runtime MAVLink capture was performed.
ArduPilot,command,159,MAV_CMD_CONDITION_LAST,all.xml,baseline/ardupilot/modules/mavlink/message_definitions/v1.0/common.xml,DEFINED_IN_ENTRYPOINT_CLOSURE,NO_REFERENCE_FOUND_BY_HEURISTIC_SCAN,0,0,0,,2978,ArduCopter|ArduPlane|Rover|libraries production-like C/C++ headers/sources; tests/examples excluded,NOT_RUN_NO_CAPTURE,,XML definition is not implementation support; static references are heuristic and do not prove reachability; no default runtime MAVLink capture was performed.
ArduPilot,command,176,MAV_CMD_DO_SET_MODE,all.xml,baseline/ardupilot/modules/mavlink/message_definitions/v1.0/common.xml,DEFINED_IN_ENTRYPOINT_CLOSURE,STATIC_REFERENCE_FOUND,0,2,0,baseline/ardupilot/libraries/AP_Frsky_Telem/AP_Frsky_MAVliteMsgHandler.cpp:54|baseline/ardupilot/libraries/GCS_MAVLink/GCS_Common.cpp:5742,2978,ArduCopter|ArduPlane|Rover|libraries production-like C/C++ headers/sources; tests/examples excluded,NOT_RUN_NO_CAPTURE,,XML definition is not implementation support; static references are heuristic and do not prove reachability; no default runtime MAVLink capture was performed.
ArduPilot,command,177,MAV_CMD_DO_JUMP,all.xml,baseline/ardupilot/modules/mavlink/message_definitions/v1.0/common.xml,DEFINED_IN_ENTRYPOINT_CLOSURE,STATIC_REFERENCE_FOUND,0,4,7,baseline/ardupilot/libraries/AP_Filesystem/AP_Filesystem_Mission.cpp:431|baseline/ardupilot/libraries/AP_Mission/AP_Mission.cpp:1223|baseline/ardupilot/libraries/AP_Mission/AP_Mission.cpp:1755|baseline/ardupilot/libraries/AP_Mission/AP_Mission.cpp:2240|baseline/ardupilot/libraries/AP_Mission/AP_Mission.cpp:2244|baseline/ardupilot/libraries/AP_Mission/AP_Mission.cpp:2392|baseline/ardupilot/libraries/AP_Mission/AP_Mission.cpp:2418|baseline/ardupilot/libraries/AP_Mission/AP_Mission.cpp:2940|baseline/ardupilot/libraries/AP_Mission/AP_Mission.cpp:431|baseline/ardupilot/libraries/GCS_MAVLink/MissionItemProtocol_Waypoints.cpp:112|baseline/ardupilot/libraries/GCS_MAVLink/MissionItemProtocol_Waypoints.cpp:41,2978,ArduCopter|ArduPlane|Rover|libraries production-like C/C++ headers/sources; tests/examples excluded,NOT_RUN_NO_CAPTURE,,XML definition is not implementation support; static references are heuristic and do not prove reachability; no default runtime MAVLink capture was performed.
ArduPilot,command,178,MAV_CMD_DO_CHANGE_SPEED,all.xml,baseline/ardupilot/modules/mavlink/message_definitions/v1.0/common.xml,DEFINED_IN_ENTRYPOINT_CLOSURE,STATIC_REFERENCE_FOUND,0,12,0,baseline/ardupilot/ArduCopter/GCS_MAVLink_Copter.cpp:475|baseline/ardupilot/ArduCopter/mode_auto.cpp:1034|baseline/ardupilot/ArduCopter/mode_auto.cpp:798|baseline/ardupilot/ArduPlane/GCS_MAVLink_Plane.cpp:766|baseline/ardupilot/ArduPlane/commands_logic.cpp:129|baseline/ardupilot/ArduPlane/commands_logic.cpp:309|baseline/ardupilot/Rover/GCS_MAVLink_Rover.cpp:451|baseline/ardupilot/Rover/mode_auto.cpp:558|baseline/ardupilot/Rover/mode_auto.cpp:699|baseline/ardupilot/libraries/AP_Mission/AP_Mission.cpp:1233|baseline/ardupilot/libraries/AP_Mission/AP_Mission.cpp:1765|baseline/ardupilot/libraries/AP_Mission/AP_Mission.cpp:2860,2978,ArduCopter|ArduPlane|Rover|libraries production-like C/C++ headers/sources; tests/examples excluded,NOT_RUN_NO_CAPTURE,,XML definition is not implementation support; static references are heuristic and do not prove reachability; no default runtime MAVLink capture was performed.
ArduPilot,command,179,MAV_CMD_DO_SET_HOME,all.xml,baseline/ardupilot/modules/mavlink/message_definitions/v1.0/common.xml,DEFINED_IN_ENTRYPOINT_CLOSURE,STATIC_REFERENCE_FOUND,0,12,1,baseline/ardupilot/ArduCopter/mode_auto.cpp:1035|baseline/ardupilot/ArduCopter/mode_auto.cpp:802|baseline/ardupilot/ArduPlane/commands_logic.cpp:133|baseline/ardupilot/ArduPlane/commands_logic.cpp:310|baseline/ardupilot/Rover/mode_auto.cpp:562|baseline/ardupilot/Rover/mode_auto.cpp:700|baseline/ardupilot/libraries/AP_Mission/AP_Mission.cpp:1239|baseline/ardupilot/libraries/AP_Mission/AP_Mission.cpp:1771|baseline/ardupilot/libraries/AP_Mission/AP_Mission.cpp:2862|baseline/ardupilot/libraries/AP_Mission/AP_Mission.cpp:917|baseline/ardupilot/libraries/GCS_MAVLink/GCS_Common.cpp:5322|baseline/ardupilot/libraries/GCS_MAVLink/GCS_Common.cpp:5350|baseline/ardupilot/libraries/GCS_MAVLink/GCS_Common.cpp:5790,2978,ArduCopter|ArduPlane|Rover|libraries production-like C/C++ headers/sources; tests/examples excluded,NOT_RUN_NO_CAPTURE,,XML definition is not implementation support; static references are heuristic and do not prove reachability; no default runtime MAVLink capture was performed.
ArduPilot,command,180,MAV_CMD_DO_SET_PARAMETER,all.xml,baseline/ardupilot/modules/mavlink/message_definitions/v1.0/common.xml,DEFINED_IN_ENTRYPOINT_CLOSURE,NO_REFERENCE_FOUND_BY_HEURISTIC_SCAN,0,0,0,,2978,ArduCopter|ArduPlane|Rover|libraries production-like C/C++ headers/sources; tests/examples excluded,NOT_RUN_NO_CAPTURE,,XML definition is not implementation support; static references are heuristic and do not prove reachability; no default runtime MAVLink capture was performed.
ArduPilot,command,181,MAV_CMD_DO_SET_RELAY,all.xml,baseline/ardupilot/modules/mavlink/message_definitions/v1.0/common.xml,DEFINED_IN_ENTRYPOINT_CLOSURE,STATIC_REFERENCE_FOUND,0,8,0,baseline/ardupilot/libraries/AP_Mission/AP_Mission.cpp:1243|baseline/ardupilot/libraries/AP_Mission/AP_Mission.cpp:1775|baseline/ardupilot/libraries/AP_Mission/AP_Mission.cpp:2866|baseline/ardupilot/libraries/AP_Mission/AP_Mission.cpp:376|baseline/ardupilot/libraries/AP_Mission/AP_Mission.cpp:454|baseline/ardupilot/libraries/AP_Mission/AP_Mission_Commands.cpp:80|baseline/ardupilot/libraries/GCS_MAVLink/GCS_Common.cpp:5848|baseline/ardupilot/libraries/GCS_MAVLink/GCS_ServoRelay.cpp:30,2978,ArduCopter|ArduPlane|Rover|libraries production-like C/C++ headers/sources; tests/examples excluded,NOT_RUN_NO_CAPTURE,,XML definition is not implementation support; static references are heuristic and do not prove reachability; no default runtime MAVLink capture was performed.
ArduPilot,command,182,MAV_CMD_DO_REPEAT_RELAY,all.xml,baseline/ardupilot/modules/mavlink/message_definitions/v1.0/common.xml,DEFINED_IN_ENTRYPOINT_CLOSURE,STATIC_REFERENCE_FOUND,0,8,1,baseline/ardupilot/libraries/AP_Mission/AP_Mission.cpp:1248|baseline/ardupilot/libraries/AP_Mission/AP_Mission.cpp:1780|baseline/ardupilot/libraries/AP_Mission/AP_Mission.cpp:2870|baseline/ardupilot/libraries/AP_Mission/AP_Mission.cpp:378|baseline/ardupilot/libraries/AP_Mission/AP_Mission.cpp:456|baseline/ardupilot/libraries/AP_Mission/AP_Mission_Commands.cpp:91|baseline/ardupilot/libraries/AP_ServoRelayEvents/AP_ServoRelayEvents.cpp:157|baseline/ardupilot/libraries/GCS_MAVLink/GCS_Common.cpp:5849|baseline/ardupilot/libraries/GCS_MAVLink/GCS_ServoRelay.cpp:36,2978,ArduCopter|ArduPlane|Rover|libraries production-like C/C++ headers/sources; tests/examples excluded,NOT_RUN_NO_CAPTURE,,XML definition is not implementation support; static references are heuristic and do not prove reachability; no default runtime MAVLink capture was performed.
ArduPilot,command,183,MAV_CMD_DO_SET_SERVO,all.xml,baseline/ardupilot/modules/mavlink/message_definitions/v1.0/common.xml,DEFINED_IN_ENTRYPOINT_CLOSURE,STATIC_REFERENCE_FOUND,0,8,0,baseline/ardupilot/libraries/AP_Mission/AP_Mission.cpp:1254|baseline/ardupilot/libraries/AP_Mission/AP_Mission.cpp:1786|baseline/ardupilot/libraries/AP_Mission/AP_Mission.cpp:2864|baseline/ardupilot/libraries/AP_Mission/AP_Mission.cpp:375|baseline/ardupilot/libraries/AP_Mission/AP_Mission.cpp:453|baseline/ardupilot/libraries/AP_Mission/AP_Mission_Commands.cpp:76|baseline/ardupilot/libraries/GCS_MAVLink/GCS_Common.cpp:5846|baseline/ardupilot/libraries/GCS_MAVLink/GCS_ServoRelay.cpp:17,2978,ArduCopter|ArduPlane|Rover|libraries production-like C/C++ headers/sources; tests/examples excluded,NOT_RUN_NO_CAPTURE,,XML definition is not implementation support; static references are heuristic and do not prove reachability; no default runtime MAVLink capture was performed.
ArduPilot,command,184,MAV_CMD_DO_REPEAT_SERVO,all.xml,baseline/ardupilot/modules/mavlink/message_definitions/v1.0/common.xml,DEFINED_IN_ENTRYPOINT_CLOSURE,STATIC_REFERENCE_FOUND,0,8,1,baseline/ardupilot/libraries/AP_Mission/AP_Mission.cpp:1259|baseline/ardupilot/libraries/AP_Mission/AP_Mission.cpp:1791|baseline/ardupilot/libraries/AP_Mission/AP_Mission.cpp:2868|baseline/ardupilot/libraries/AP_Mission/AP_Mission.cpp:377|baseline/ardupilot/libraries/AP_Mission/AP_Mission.cpp:455|baseline/ardupilot/libraries/AP_Mission/AP_Mission_Commands.cpp:84|baseline/ardupilot/libraries/AP_ServoRelayEvents/AP_ServoRelayEvents.cpp:157|baseline/ardupilot/libraries/GCS_MAVLink/GCS_Common.cpp:5847|baseline/ardupilot/libraries/GCS_MAVLink/GCS_ServoRelay.cpp:23,2978,ArduCopter|ArduPlane|Rover|libraries production-like C/C++ headers/sources; tests/examples excluded,NOT_RUN_NO_CAPTURE,,XML definition is not implementation support; static references are heuristic and do not prove reachability; no default runtime MAVLink capture was performed.
ArduPilot,command,185,MAV_CMD_DO_FLIGHTTERMINATION,all.xml,baseline/ardupilot/modules/mavlink/message_definitions/v1.0/common.xml,DEFINED_IN_ENTRYPOINT_CLOSURE,STATIC_REFERENCE_FOUND,0,1,0,baseline/ardupilot/libraries/GCS_MAVLink/GCS_Common.cpp:5726,2978,ArduCopter|ArduPlane|Rover|libraries production-like C/C++ headers/sources; tests/examples excluded,NOT_RUN_NO_CAPTURE,,XML definition is not implementation support; static references are heuristic and do not prove reachability; no default runtime MAVLink capture was performed.
ArduPilot,command,186,MAV_CMD_DO_CHANGE_ALTITUDE,all.xml,baseline/ardupilot/modules/mavlink/message_definitions/v1.0/common.xml,DEFINED_IN_ENTRYPOINT_CLOSURE,STATIC_REFERENCE_FOUND,0,1,0,baseline/ardupilot/ArduPlane/GCS_MAVLink_Plane.cpp:737,2978,ArduCopter|ArduPlane|Rover|libraries production-like C/C++ headers/sources; tests/examples excluded,NOT_RUN_NO_CAPTURE,,XML definition is not implementation support; static references are heuristic and do not prove reachability; no default runtime MAVLink capture was performed.
ArduPilot,command,187,MAV_CMD_DO_SET_ACTUATOR,all.xml,baseline/ardupilot/modules/mavlink/message_definitions/v1.0/common.xml,DEFINED_IN_ENTRYPOINT_CLOSURE,NO_REFERENCE_FOUND_BY_HEURISTIC_SCAN,0,0,0,,2978,ArduCopter|ArduPlane|Rover|libraries production-like C/C++ headers/sources; tests/examples excluded,NOT_RUN_NO_CAPTURE,,XML definition is not implementation support; static references are heuristic and do not prove reachability; no default runtime MAVLink capture was performed.
ArduPilot,command,188,MAV_CMD_DO_RETURN_PATH_START,all.xml,baseline/ardupilot/modules/mavlink/message_definitions/v1.0/common.xml,DEFINED_IN_ENTRYPOINT_CLOSURE,STATIC_REFERENCE_FOUND,0,11,3,baseline/ardupilot/ArduCopter/GCS_MAVLink_Copter.cpp:539|baseline/ardupilot/ArduCopter/mode_auto.cpp:1051|baseline/ardupilot/ArduCopter/mode_auto.cpp:833|baseline/ardupilot/ArduPlane/AP_Arming_Plane.cpp:429|baseline/ardupilot/ArduPlane/GCS_MAVLink_Plane.cpp:788|baseline/ardupilot/ArduPlane/commands_logic.cpp:144|baseline/ardupilot/ArduPlane/commands_logic.cpp:312|baseline/ardupilot/libraries/AP_Mission/AP_Mission.cpp:1266|baseline/ardupilot/libraries/AP_Mission/AP_Mission.cpp:1798|baseline/ardupilot/libraries/AP_Mission/AP_Mission.cpp:2545|baseline/ardupilot/libraries/AP_Mission/AP_Mission.cpp:2914|baseline/ardupilot/libraries/AP_Mission/AP_Mission.cpp:420|baseline/ardupilot/libraries/AP_Mission/AP_Mission.cpp:618|baseline/ardupilot/libraries/AP_Mission/AP_Mission.cpp:918,2978,ArduCopter|ArduPlane|Rover|libraries production-like C/C++ headers/sources; tests/examples excluded,NOT_RUN_NO_CAPTURE,,XML definition is not implementation support; static references are heuristic and do not prove reachability; no default runtime MAVLink capture was performed.
ArduPilot,command,189,MAV_CMD_DO_LAND_START,all.xml,baseline/ardupilot/modules/mavlink/message_definitions/v1.0/common.xml,DEFINED_IN_ENTRYPOINT_CLOSURE,STATIC_REFERENCE_FOUND,0,11,6,baseline/ardupilot/ArduCopter/GCS_MAVLink_Copter.cpp:545|baseline/ardupilot/ArduCopter/mode_auto.cpp:1052|baseline/ardupilot/ArduCopter/mode_auto.cpp:834|baseline/ardupilot/ArduPlane/AP_Arming_Plane.cpp:425|baseline/ardupilot/ArduPlane/GCS_MAVLink_Plane.cpp:800|baseline/ardupilot/ArduPlane/commands_logic.cpp:145|baseline/ardupilot/ArduPlane/commands_logic.cpp:313|baseline/ardupilot/libraries/AP_Arming/AP_Arming.cpp:958|baseline/ardupilot/libraries/AP_Mission/AP_Mission.cpp:1267|baseline/ardupilot/libraries/AP_Mission/AP_Mission.cpp:1799|baseline/ardupilot/libraries/AP_Mission/AP_Mission.cpp:2473|baseline/ardupilot/libraries/AP_Mission/AP_Mission.cpp:2480|baseline/ardupilot/libraries/AP_Mission/AP_Mission.cpp:2792|baseline/ardupilot/libraries/AP_Mission/AP_Mission.cpp:2916|baseline/ardupilot/libraries/AP_Mission/AP_Mission.cpp:417|baseline/ardupilot/libraries/AP_Mission/AP_Mission.cpp:614|baseline/ardupilot/libraries/AP_Mission/AP_Mission.cpp:919,2978,ArduCopter|ArduPlane|Rover|libraries production-like C/C++ headers/sources; tests/examples excluded,NOT_RUN_NO_CAPTURE,,XML definition is not implementation support; static references are heuristic and do not prove reachability; no default runtime MAVLink capture was performed.
ArduPilot,command,190,MAV_CMD_DO_RALLY_LAND,all.xml,baseline/ardupilot/modules/mavlink/message_definitions/v1.0/common.xml,DEFINED_IN_ENTRYPOINT_CLOSURE,NO_REFERENCE_FOUND_BY_HEURISTIC_SCAN,0,0,0,,2978,ArduCopter|ArduPlane|Rover|libraries production-like C/C++ headers/sources; tests/examples excluded,NOT_RUN_NO_CAPTURE,,XML definition is not implementation support; static references are heuristic and do not prove reachability; no default runtime MAVLink capture was performed.
ArduPilot,command,191,MAV_CMD_DO_GO_AROUND,all.xml,baseline/ardupilot/modules/mavlink/message_definitions/v1.0/common.xml,DEFINED_IN_ENTRYPOINT_CLOSURE,STATIC_REFERENCE_FOUND,0,5,2,baseline/ardupilot/ArduPlane/GCS_MAVLink_Plane.cpp:785|baseline/ardupilot/libraries/AP_Mission/AP_Mission.cpp:1270|baseline/ardupilot/libraries/AP_Mission/AP_Mission.cpp:1802|baseline/ardupilot/libraries/AP_Mission/AP_Mission.cpp:2583|baseline/ardupilot/libraries/AP_Mission/AP_Mission.cpp:2590|baseline/ardupilot/libraries/AP_Mission/AP_Mission.cpp:2946|baseline/ardupilot/libraries/AP_Mission/AP_Mission.cpp:920,2978,ArduCopter|ArduPlane|Rover|libraries production-like C/C++ headers/sources; tests/examples excluded,NOT_RUN_NO_CAPTURE,,XML definition is not implementation support; static references are heuristic and do not prove reachability; no default runtime MAVLink capture was performed.
ArduPilot,command,192,MAV_CMD_DO_REPOSITION,all.xml,baseline/ardupilot/modules/mavlink/message_definitions/v1.0/common.xml,DEFINED_IN_ENTRYPOINT_CLOSURE,STATIC_REFERENCE_FOUND,0,4,0,baseline/ardupilot/ArduCopter/GCS_MAVLink_Copter.cpp:478|baseline/ardupilot/ArduPlane/GCS_MAVLink_Plane.cpp:734|baseline/ardupilot/Rover/GCS_MAVLink_Rover.cpp:469|baseline/ardupilot/libraries/GCS_MAVLink/GCS_Common.cpp:5327,2978,ArduCopter|ArduPlane|Rover|libraries production-like C/C++ headers/sources; tests/examples excluded,NOT_RUN_NO_CAPTURE,,XML definition is not implementation support; static references are heuristic and do not prove reachability; no default runtime MAVLink capture was performed.
ArduPilot,command,193,MAV_CMD_DO_PAUSE_CONTINUE,all.xml,baseline/ardupilot/modules/mavlink/message_definitions/v1.0/common.xml,DEFINED_IN_ENTRYPOINT_CLOSURE,STATIC_REFERENCE_FOUND,0,4,0,baseline/ardupilot/ArduCopter/GCS_MAVLink_Copter.cpp:482|baseline/ardupilot/libraries/AP_Mission/AP_Mission.cpp:1430|baseline/ardupilot/libraries/AP_Mission/AP_Mission.cpp:1964|baseline/ardupilot/libraries/AP_Mission/AP_Mission.cpp:2954,2978,ArduCopter|ArduPlane|Rover|libraries production-like C/C++ headers/sources; tests/examples excluded,NOT_RUN_NO_CAPTURE,,XML definition is not implementation support; static references are heuristic and do not prove reachability; no default runtime MAVLink capture was performed.
ArduPilot,command,194,MAV_CMD_DO_SET_REVERSE,all.xml,baseline/ardupilot/modules/mavlink/message_definitions/v1.0/common.xml,DEFINED_IN_ENTRYPOINT_CLOSURE,STATIC_REFERENCE_FOUND,0,6,0,baseline/ardupilot/Rover/GCS_MAVLink_Rover.cpp:472|baseline/ardupilot/Rover/mode_auto.cpp:588|baseline/ardupilot/Rover/mode_auto.cpp:705|baseline/ardupilot/libraries/AP_Mission/AP_Mission.cpp:1366|baseline/ardupilot/libraries/AP_Mission/AP_Mission.cpp:1885|baseline/ardupilot/libraries/AP_Mission/AP_Mission.cpp:2884,2978,ArduCopter|ArduPlane|Rover|libraries production-like C/C++ headers/sources; tests/examples excluded,NOT_RUN_NO_CAPTURE,,XML definition is not implementation support; static references are heuristic and do not prove reachability; no default runtime MAVLink capture was performed.
ArduPilot,command,195,MAV_CMD_DO_SET_ROI_LOCATION,all.xml,baseline/ardupilot/modules/mavlink/message_definitions/v1.0/common.xml,DEFINED_IN_ENTRYPOINT_CLOSURE,STATIC_REFERENCE_FOUND,2,12,1,baseline/ardupilot/ArduCopter/mode_auto.cpp:1036|baseline/ardupilot/ArduCopter/mode_auto.cpp:806|baseline/ardupilot/ArduPlane/commands_logic.cpp:159|baseline/ardupilot/ArduPlane/commands_logic.cpp:317|baseline/ardupilot/Rover/mode_auto.cpp:573|baseline/ardupilot/Rover/mode_auto.cpp:702|baseline/ardupilot/libraries/AP_Mission/AP_Mission.cpp:1273|baseline/ardupilot/libraries/AP_Mission/AP_Mission.cpp:1805|baseline/ardupilot/libraries/AP_Mission/AP_Mission.cpp:2878|baseline/ardupilot/libraries/AP_Mission/AP_Mission.cpp:921|baseline/ardupilot/libraries/AP_Mount/AP_Mount_MAVLink.cpp:298|baseline/ardupilot/libraries/GCS_MAVLink/GCS_Common.cpp:5324|baseline/ardupilot/libraries/GCS_MAVLink/GCS_Common.cpp:5349|baseline/ardupilot/libraries/GCS_MAVLink/GCS_Common.cpp:5773|baseline/ardupilot/libraries/SITL/SIM_MAVLinkGimbalv2.cpp:95,2978,ArduCopter|ArduPlane|Rover|libraries production-like C/C++ headers/sources; tests/examples excluded,NOT_RUN_NO_CAPTURE,,XML definition is not implementation support; static references are heuristic and do not prove reachability; no default runtime MAVLink capture was performed.
ArduPilot,command,196,MAV_CMD_DO_SET_ROI_WPNEXT_OFFSET,all.xml,baseline/ardupilot/modules/mavlink/message_definitions/v1.0/common.xml,DEFINED_IN_ENTRYPOINT_CLOSURE,STATIC_REFERENCE_FOUND,0,5,0,baseline/ardupilot/libraries/AP_Mission/AP_Mission.cpp:1481|baseline/ardupilot/libraries/AP_Mission/AP_Mission.cpp:2015|baseline/ardupilot/libraries/AP_Mission/AP_Mission.cpp:2973|baseline/ardupilot/libraries/AP_Mission/AP_Mission.cpp:383|baseline/ardupilot/libraries/AP_Mission/AP_Mission.cpp:487,2978,ArduCopter|ArduPlane|Rover|libraries production-like C/C++ headers/sources; tests/examples excluded,NOT_RUN_NO_CAPTURE,,XML definition is not implementation support; static references are heuristic and do not prove reachability; no default runtime MAVLink capture was performed.
ArduPilot,command,197,MAV_CMD_DO_SET_ROI_NONE,all.xml,baseline/ardupilot/modules/mavlink/message_definitions/v1.0/common.xml,DEFINED_IN_ENTRYPOINT_CLOSURE,STATIC_REFERENCE_FOUND,2,10,0,baseline/ardupilot/ArduCopter/mode_auto.cpp:1037|baseline/ardupilot/ArduCopter/mode_auto.cpp:807|baseline/ardupilot/ArduPlane/commands_logic.cpp:160|baseline/ardupilot/ArduPlane/commands_logic.cpp:318|baseline/ardupilot/Rover/mode_auto.cpp:574|baseline/ardupilot/Rover/mode_auto.cpp:703|baseline/ardupilot/libraries/AP_Mission/AP_Mission.cpp:1274|baseline/ardupilot/libraries/AP_Mission/AP_Mission.cpp:1806|baseline/ardupilot/libraries/AP_Mission/AP_Mission.cpp:2880|baseline/ardupilot/libraries/AP_Mount/AP_Mount_MAVLink.cpp:304|baseline/ardupilot/libraries/GCS_MAVLink/GCS_Common.cpp:5767|baseline/ardupilot/libraries/SITL/SIM_MAVLinkGimbalv2.cpp:100,2978,ArduCopter|ArduPlane|Rover|libraries production-like C/C++ headers/sources; tests/examples excluded,NOT_RUN_NO_CAPTURE,,XML definition is not implementation support; static references are heuristic and do not prove reachability; no default runtime MAVLink capture was performed.
ArduPilot,command,198,MAV_CMD_DO_SET_ROI_SYSID,all.xml,baseline/ardupilot/modules/mavlink/message_definitions/v1.0/common.xml,DEFINED_IN_ENTRYPOINT_CLOSURE,STATIC_REFERENCE_FOUND,0,2,0,baseline/ardupilot/libraries/AP_Mount/AP_Mount.cpp:566|baseline/ardupilot/libraries/GCS_MAVLink/GCS_Common.cpp:5777,2978,ArduCopter|ArduPlane|Rover|libraries production-like C/C++ headers/sources; tests/examples excluded,NOT_RUN_NO_CAPTURE,,XML definition is not implementation support; static references are heuristic and do not prove reachability; no default runtime MAVLink capture was performed.
ArduPilot,command,200,MAV_CMD_DO_CONTROL_VIDEO,all.xml,baseline/ardupilot/modules/mavlink/message_definitions/v1.0/common.xml,DEFINED_IN_ENTRYPOINT_CLOSURE,NO_REFERENCE_FOUND_BY_HEURISTIC_SCAN,0,0,0,,2978,ArduCopter|ArduPlane|Rover|libraries production-like C/C++ headers/sources; tests/examples excluded,NOT_RUN_NO_CAPTURE,,XML definition is not implementation support; static references are heuristic and do not prove reachability; no default runtime MAVLink capture was performed.
ArduPilot,command,201,MAV_CMD_DO_SET_ROI,all.xml,baseline/ardupilot/modules/mavlink/message_definitions/v1.0/common.xml,DEFINED_IN_ENTRYPOINT_CLOSURE,STATIC_REFERENCE_FOUND,0,12,1,baseline/ardupilot/ArduCopter/mode_auto.cpp:1038|baseline/ardupilot/ArduCopter/mode_auto.cpp:808|baseline/ardupilot/ArduPlane/commands_logic.cpp:161|baseline/ardupilot/ArduPlane/commands_logic.cpp:319|baseline/ardupilot/Rover/mode_auto.cpp:575|baseline/ardupilot/Rover/mode_auto.cpp:704|baseline/ardupilot/libraries/AP_Mission/AP_Mission.cpp:1278|baseline/ardupilot/libraries/AP_Mission/AP_Mission.cpp:1810|baseline/ardupilot/libraries/AP_Mission/AP_Mission.cpp:2882|baseline/ardupilot/libraries/AP_Mission/AP_Mission.cpp:922|baseline/ardupilot/libraries/GCS_MAVLink/GCS_Common.cpp:5323|baseline/ardupilot/libraries/GCS_MAVLink/GCS_Common.cpp:5348|baseline/ardupilot/libraries/GCS_MAVLink/GCS_Common.cpp:5772,2978,ArduCopter|ArduPlane|Rover|libraries production-like C/C++ headers/sources; tests/examples excluded,NOT_RUN_NO_CAPTURE,,XML definition is not implementation support; static references are heuristic and do not prove reachability; no default runtime MAVLink capture was performed.
ArduPilot,command,202,MAV_CMD_DO_DIGICAM_CONFIGURE,all.xml,baseline/ardupilot/modules/mavlink/message_definitions/v1.0/common.xml,DEFINED_IN_ENTRYPOINT_CLOSURE,STATIC_REFERENCE_FOUND,1,8,0,baseline/ardupilot/libraries/AP_Camera/AP_Camera.cpp:410|baseline/ardupilot/libraries/AP_Camera/AP_Camera_MAVLink.cpp:28|baseline/ardupilot/libraries/AP_Mission/AP_Mission.cpp:1282|baseline/ardupilot/libraries/AP_Mission/AP_Mission.cpp:1814|baseline/ardupilot/libraries/AP_Mission/AP_Mission.cpp:2872|baseline/ardupilot/libraries/AP_Mission/AP_Mission.cpp:379|baseline/ardupilot/libraries/AP_Mission/AP_Mission.cpp:460|baseline/ardupilot/libraries/AP_Mission/AP_Mission_Commands.cpp:116|baseline/ardupilot/libraries/GCS_MAVLink/GCS_Common.cpp:5751,2978,ArduCopter|ArduPlane|Rover|libraries production-like C/C++ headers/sources; tests/examples excluded,NOT_RUN_NO_CAPTURE,,XML definition is not implementation support; static references are heuristic and do not prove reachability; no default runtime MAVLink capture was performed.
ArduPilot,command,203,MAV_CMD_DO_DIGICAM_CONTROL,all.xml,baseline/ardupilot/modules/mavlink/message_definitions/v1.0/common.xml,DEFINED_IN_ENTRYPOINT_CLOSURE,STATIC_REFERENCE_FOUND,2,8,0,baseline/ardupilot/libraries/AP_Camera/AP_Camera.cpp:413|baseline/ardupilot/libraries/AP_Camera/AP_Camera_MAVLink.cpp:13|baseline/ardupilot/libraries/AP_Camera/AP_Camera_MAVLink.cpp:52|baseline/ardupilot/libraries/AP_Mission/AP_Mission.cpp:1292|baseline/ardupilot/libraries/AP_Mission/AP_Mission.cpp:1824|baseline/ardupilot/libraries/AP_Mission/AP_Mission.cpp:2874|baseline/ardupilot/libraries/AP_Mission/AP_Mission.cpp:380|baseline/ardupilot/libraries/AP_Mission/AP_Mission.cpp:461|baseline/ardupilot/libraries/AP_Mission/AP_Mission_Commands.cpp:127|baseline/ardupilot/libraries/GCS_MAVLink/GCS_Common.cpp:5752,2978,ArduCopter|ArduPlane|Rover|libraries production-like C/C++ headers/sources; tests/examples excluded,NOT_RUN_NO_CAPTURE,,XML definition is not implementation support; static references are heuristic and do not prove reachability; no default runtime MAVLink capture was performed.
ArduPilot,command,204,MAV_CMD_DO_MOUNT_CONFIGURE,all.xml,baseline/ardupilot/modules/mavlink/message_definitions/v1.0/common.xml,DEFINED_IN_ENTRYPOINT_CLOSURE,STATIC_REFERENCE_FOUND,0,2,0,baseline/ardupilot/libraries/AP_Mount/AP_Mount.cpp:558|baseline/ardupilot/libraries/GCS_MAVLink/GCS_Common.cpp:5778,2978,ArduCopter|ArduPlane|Rover|libraries production-like C/C++ headers/sources; tests/examples excluded,NOT_RUN_NO_CAPTURE,,XML definition is not implementation support; static references are heuristic and do not prove reachability; no default runtime MAVLink capture was performed.
ArduPilot,command,205,MAV_CMD_DO_MOUNT_CONTROL,all.xml,baseline/ardupilot/modules/mavlink/message_definitions/v1.0/common.xml,DEFINED_IN_ENTRYPOINT_CLOSURE,STATIC_REFERENCE_FOUND,0,10,1,baseline/ardupilot/ArduCopter/GCS_MAVLink_Copter.cpp:561|baseline/ardupilot/ArduCopter/mode_auto.cpp:1040|baseline/ardupilot/ArduCopter/mode_auto.cpp:815|baseline/ardupilot/ArduPlane/commands_logic.cpp:173|baseline/ardupilot/ArduPlane/commands_logic.cpp:320|baseline/ardupilot/libraries/AP_Mission/AP_Mission.cpp:1301|baseline/ardupilot/libraries/AP_Mission/AP_Mission.cpp:1833|baseline/ardupilot/libraries/AP_Mission/AP_Mission.cpp:2934|baseline/ardupilot/libraries/AP_Mount/AP_Mount.cpp:560|baseline/ardupilot/libraries/AP_Mount/AP_Mount_SToRM32.cpp:78|baseline/ardupilot/libraries/GCS_MAVLink/GCS_Common.cpp:5779,2978,ArduCopter|ArduPlane|Rover|libraries production-like C/C++ headers/sources; tests/examples excluded,NOT_RUN_NO_CAPTURE,,XML definition is not implementation support; static references are heuristic and do not prove reachability; no default runtime MAVLink capture was performed.
ArduPilot,command,206,MAV_CMD_DO_SET_CAM_TRIGG_DIST,all.xml,baseline/ardupilot/modules/mavlink/message_definitions/v1.0/common.xml,DEFINED_IN_ENTRYPOINT_CLOSURE,STATIC_REFERENCE_FOUND,0,10,0,baseline/ardupilot/ArduPlane/commands_logic.cpp:316|baseline/ardupilot/Rover/mode_auto.cpp:701|baseline/ardupilot/libraries/AP_Camera/AP_Camera.cpp:416|baseline/ardupilot/libraries/AP_Mission/AP_Mission.cpp:1308|baseline/ardupilot/libraries/AP_Mission/AP_Mission.cpp:1840|baseline/ardupilot/libraries/AP_Mission/AP_Mission.cpp:2876|baseline/ardupilot/libraries/AP_Mission/AP_Mission.cpp:381|baseline/ardupilot/libraries/AP_Mission/AP_Mission.cpp:462|baseline/ardupilot/libraries/AP_Mission/AP_Mission_Commands.cpp:137|baseline/ardupilot/libraries/GCS_MAVLink/GCS_Common.cpp:5753,2978,ArduCopter|ArduPlane|Rover|libraries production-like C/C++ headers/sources; tests/examples excluded,NOT_RUN_NO_CAPTURE,,XML definition is not implementation support; static references are heuristic and do not prove reachability; no default runtime MAVLink capture was performed.
ArduPilot,command,207,MAV_CMD_DO_FENCE_ENABLE,all.xml,baseline/ardupilot/modules/mavlink/message_definitions/v1.0/common.xml,DEFINED_IN_ENTRYPOINT_CLOSURE,STATIC_REFERENCE_FOUND,0,9,0,baseline/ardupilot/ArduCopter/mode_auto.cpp:1046|baseline/ardupilot/ArduPlane/commands_logic.cpp:314|baseline/ardupilot/Rover/mode_auto.cpp:706|baseline/ardupilot/libraries/AP_Frsky_Telem/AP_Frsky_MAVliteMsgHandler.cpp:58|baseline/ardupilot/libraries/AP_Mission/AP_Mission.cpp:1314|baseline/ardupilot/libraries/AP_Mission/AP_Mission.cpp:1846|baseline/ardupilot/libraries/AP_Mission/AP_Mission.cpp:2904|baseline/ardupilot/libraries/AP_Mission/AP_Mission.cpp:473|baseline/ardupilot/libraries/GCS_MAVLink/GCS_Common.cpp:5722,2978,ArduCopter|ArduPlane|Rover|libraries production-like C/C++ headers/sources; tests/examples excluded,NOT_RUN_NO_CAPTURE,,XML definition is not implementation support; static references are heuristic and do not prove reachability; no default runtime MAVLink capture was performed.
ArduPilot,command,208,MAV_CMD_DO_PARACHUTE,all.xml,baseline/ardupilot/modules/mavlink/message_definitions/v1.0/common.xml,DEFINED_IN_ENTRYPOINT_CLOSURE,STATIC_REFERENCE_FOUND,0,8,0,baseline/ardupilot/ArduCopter/GCS_MAVLink_Copter.cpp:493|baseline/ardupilot/ArduPlane/GCS_MAVLink_Plane.cpp:770|baseline/ardupilot/libraries/AP_Mission/AP_Mission.cpp:1323|baseline/ardupilot/libraries/AP_Mission/AP_Mission.cpp:1850|baseline/ardupilot/libraries/AP_Mission/AP_Mission.cpp:2814|baseline/ardupilot/libraries/AP_Mission/AP_Mission.cpp:2928|baseline/ardupilot/libraries/AP_Mission/AP_Mission.cpp:385|baseline/ardupilot/libraries/AP_Mission/AP_Mission.cpp:476,2978,ArduCopter|ArduPlane|Rover|libraries production-like C/C++ headers/sources; tests/examples excluded,NOT_RUN_NO_CAPTURE,,XML definition is not implementation support; static references are heuristic and do not prove reachability; no default runtime MAVLink capture was performed.
ArduPilot,command,209,MAV_CMD_DO_MOTOR_TEST,all.xml,baseline/ardupilot/modules/mavlink/message_definitions/v1.0/common.xml,DEFINED_IN_ENTRYPOINT_CLOSURE,STATIC_REFERENCE_FOUND,0,3,3,baseline/ardupilot/ArduCopter/GCS_MAVLink_Copter.cpp:485|baseline/ardupilot/ArduCopter/motor_test.cpp:4|baseline/ardupilot/ArduPlane/GCS_MAVLink_Plane.cpp:775|baseline/ardupilot/ArduPlane/motor_test.cpp:4|baseline/ardupilot/Rover/GCS_MAVLink_Rover.cpp:483|baseline/ardupilot/Rover/motor_test.cpp:4,2978,ArduCopter|ArduPlane|Rover|libraries production-like C/C++ headers/sources; tests/examples excluded,NOT_RUN_NO_CAPTURE,,XML definition is not implementation support; static references are heuristic and do not prove reachability; no default runtime MAVLink capture was performed.
ArduPilot,command,210,MAV_CMD_DO_INVERTED_FLIGHT,all.xml,baseline/ardupilot/modules/mavlink/message_definitions/v1.0/common.xml,DEFINED_IN_ENTRYPOINT_CLOSURE,STATIC_REFERENCE_FOUND,0,5,0,baseline/ardupilot/ArduPlane/commands_logic.cpp:137|baseline/ardupilot/ArduPlane/commands_logic.cpp:311|baseline/ardupilot/libraries/AP_Mission/AP_Mission.cpp:1327|baseline/ardupilot/libraries/AP_Mission/AP_Mission.cpp:1863|baseline/ardupilot/libraries/AP_Mission/AP_Mission.cpp:2902,2978,ArduCopter|ArduPlane|Rover|libraries production-like C/C++ headers/sources; tests/examples excluded,NOT_RUN_NO_CAPTURE,,XML definition is not implementation support; static references are heuristic and do not prove reachability; no default runtime MAVLink capture was performed.
ArduPilot,command,211,MAV_CMD_DO_GRIPPER,all.xml,baseline/ardupilot/modules/mavlink/message_definitions/v1.0/common.xml,DEFINED_IN_ENTRYPOINT_CLOSURE,STATIC_REFERENCE_FOUND,0,6,0,baseline/ardupilot/libraries/AP_Mission/AP_Mission.cpp:1332|baseline/ardupilot/libraries/AP_Mission/AP_Mission.cpp:1868|baseline/ardupilot/libraries/AP_Mission/AP_Mission.cpp:2921|baseline/ardupilot/libraries/AP_Mission/AP_Mission.cpp:373|baseline/ardupilot/libraries/AP_Mission/AP_Mission.cpp:449|baseline/ardupilot/libraries/GCS_MAVLink/GCS_Common.cpp:5730,2978,ArduCopter|ArduPlane|Rover|libraries production-like C/C++ headers/sources; tests/examples excluded,NOT_RUN_NO_CAPTURE,,XML definition is not implementation support; static references are heuristic and do not prove reachability; no default runtime MAVLink capture was performed.
ArduPilot,command,212,MAV_CMD_DO_AUTOTUNE_ENABLE,all.xml,baseline/ardupilot/modules/mavlink/message_definitions/v1.0/common.xml,DEFINED_IN_ENTRYPOINT_CLOSURE,STATIC_REFERENCE_FOUND,0,6,0,baseline/ardupilot/ArduPlane/GCS_MAVLink_Plane.cpp:731|baseline/ardupilot/ArduPlane/commands_logic.cpp:148|baseline/ardupilot/ArduPlane/commands_logic.cpp:315|baseline/ardupilot/libraries/AP_Mission/AP_Mission.cpp:1345|baseline/ardupilot/libraries/AP_Mission/AP_Mission.cpp:1881|baseline/ardupilot/libraries/AP_Mission/AP_Mission.cpp:2906,2978,ArduCopter|ArduPlane|Rover|libraries production-like C/C++ headers/sources; tests/examples excluded,NOT_RUN_NO_CAPTURE,,XML definition is not implementation support; static references are heuristic and do not prove reachability; no default runtime MAVLink capture was performed.
ArduPilot,command,213,MAV_CMD_NAV_SET_YAW_SPEED,all.xml,baseline/ardupilot/modules/mavlink/message_definitions/v1.0/common.xml,DEFINED_IN_ENTRYPOINT_CLOSURE,STATIC_REFERENCE_FOUND,0,6,1,baseline/ardupilot/Rover/mode_auto.cpp:534|baseline/ardupilot/Rover/mode_auto.cpp:695|baseline/ardupilot/libraries/AP_Mission/AP_Mission.cpp:1383|baseline/ardupilot/libraries/AP_Mission/AP_Mission.cpp:1921|baseline/ardupilot/libraries/AP_Mission/AP_Mission.cpp:2854|baseline/ardupilot/libraries/AP_Mission/AP_Mission.cpp:551|baseline/ardupilot/libraries/AP_Mission/AP_Mission.cpp:593,2978,ArduCopter|ArduPlane|Rover|libraries production-like C/C++ headers/sources; tests/examples excluded,NOT_RUN_NO_CAPTURE,,XML definition is not implementation support; static references are heuristic and do not prove reachability; no default runtime MAVLink capture was performed.
ArduPilot,command,214,MAV_CMD_DO_SET_CAM_TRIGG_INTERVAL,all.xml,baseline/ardupilot/modules/mavlink/message_definitions/v1.0/common.xml,DEFINED_IN_ENTRYPOINT_CLOSURE,NO_REFERENCE_FOUND_BY_HEURISTIC_SCAN,0,0,0,,2978,ArduCopter|ArduPlane|Rover|libraries production-like C/C++ headers/sources; tests/examples excluded,NOT_RUN_NO_CAPTURE,,XML definition is not implementation support; static references are heuristic and do not prove reachability; no default runtime MAVLink capture was performed.
ArduPilot,command,215,MAV_CMD_DO_SET_RESUME_REPEAT_DIST,all.xml,baseline/ardupilot/modules/mavlink/message_definitions/v1.0/ardupilotmega.xml,DEFINED_IN_ENTRYPOINT_CLOSURE,STATIC_REFERENCE_FOUND,0,5,1,baseline/ardupilot/libraries/AP_Mission/AP_Mission.cpp:1396|baseline/ardupilot/libraries/AP_Mission/AP_Mission.cpp:1934|baseline/ardupilot/libraries/AP_Mission/AP_Mission.cpp:2886|baseline/ardupilot/libraries/AP_Mission/AP_Mission.cpp:389|baseline/ardupilot/libraries/AP_Mission/AP_Mission.cpp:482|baseline/ardupilot/libraries/AP_Mission/AP_Mission.h:934,2978,ArduCopter|ArduPlane|Rover|libraries production-like C/C++ headers/sources; tests/examples excluded,NOT_RUN_NO_CAPTURE,,XML definition is not implementation support; static references are heuristic and do not prove reachability; no default runtime MAVLink capture was performed.
ArduPilot,command,216,MAV_CMD_DO_SPRAYER,all.xml,baseline/ardupilot/modules/mavlink/message_definitions/v1.0/ardupilotmega.xml,DEFINED_IN_ENTRYPOINT_CLOSURE,STATIC_REFERENCE_FOUND,0,6,0,baseline/ardupilot/libraries/AP_Mission/AP_Mission.cpp:1400|baseline/ardupilot/libraries/AP_Mission/AP_Mission.cpp:1854|baseline/ardupilot/libraries/AP_Mission/AP_Mission.cpp:2930|baseline/ardupilot/libraries/AP_Mission/AP_Mission.cpp:387|baseline/ardupilot/libraries/AP_Mission/AP_Mission.cpp:480|baseline/ardupilot/libraries/GCS_MAVLink/GCS_Common.cpp:5746,2978,ArduCopter|ArduPlane|Rover|libraries production-like C/C++ headers/sources; tests/examples excluded,NOT_RUN_NO_CAPTURE,,XML definition is not implementation support; static references are heuristic and do not prove reachability; no default runtime MAVLink capture was performed.
ArduPilot,command,217,MAV_CMD_DO_SEND_SCRIPT_MESSAGE,all.xml,baseline/ardupilot/modules/mavlink/message_definitions/v1.0/ardupilotmega.xml,DEFINED_IN_ENTRYPOINT_CLOSURE,STATIC_REFERENCE_FOUND,0,5,0,baseline/ardupilot/libraries/AP_Mission/AP_Mission.cpp:1404|baseline/ardupilot/libraries/AP_Mission/AP_Mission.cpp:1938|baseline/ardupilot/libraries/AP_Mission/AP_Mission.cpp:2938|baseline/ardupilot/libraries/AP_Mission/AP_Mission.cpp:386|baseline/ardupilot/libraries/AP_Mission/AP_Mission.cpp:478,2978,ArduCopter|ArduPlane|Rover|libraries production-like C/C++ headers/sources; tests/examples excluded,NOT_RUN_NO_CAPTURE,,XML definition is not implementation support; static references are heuristic and do not prove reachability; no default runtime MAVLink capture was performed.
ArduPilot,command,218,MAV_CMD_DO_AUX_FUNCTION,all.xml,baseline/ardupilot/modules/mavlink/message_definitions/v1.0/ardupilotmega.xml,DEFINED_IN_ENTRYPOINT_CLOSURE,STATIC_REFERENCE_FOUND,0,7,0,baseline/ardupilot/libraries/AP_Mission/AP_Mission.cpp:1318|baseline/ardupilot/libraries/AP_Mission/AP_Mission.cpp:1858|baseline/ardupilot/libraries/AP_Mission/AP_Mission.cpp:211|baseline/ardupilot/libraries/AP_Mission/AP_Mission.cpp:2932|baseline/ardupilot/libraries/AP_Mission/AP_Mission.cpp:388|baseline/ardupilot/libraries/AP_Mission/AP_Mission.cpp:445|baseline/ardupilot/libraries/GCS_MAVLink/GCS_Common.cpp:5717,2978,ArduCopter|ArduPlane|Rover|libraries production-like C/C++ headers/sources; tests/examples excluded,NOT_RUN_NO_CAPTURE,,XML definition is not implementation support; static references are heuristic and do not prove reachability; no default runtime MAVLink capture was performed.
ArduPilot,command,220,MAV_CMD_DO_MOUNT_CONTROL_QUAT,all.xml,baseline/ardupilot/modules/mavlink/message_definitions/v1.0/common.xml,DEFINED_IN_ENTRYPOINT_CLOSURE,NO_REFERENCE_FOUND_BY_HEURISTIC_SCAN,0,0,0,,2978,ArduCopter|ArduPlane|Rover|libraries production-like C/C++ headers/sources; tests/examples excluded,NOT_RUN_NO_CAPTURE,,XML definition is not implementation support; static references are heuristic and do not prove reachability; no default runtime MAVLink capture was performed.
ArduPilot,command,221,MAV_CMD_DO_GUIDED_MASTER,all.xml,baseline/ardupilot/modules/mavlink/message_definitions/v1.0/common.xml,DEFINED_IN_ENTRYPOINT_CLOSURE,NO_REFERENCE_FOUND_BY_HEURISTIC_SCAN,0,0,0,,2978,ArduCopter|ArduPlane|Rover|libraries production-like C/C++ headers/sources; tests/examples excluded,NOT_RUN_NO_CAPTURE,,XML definition is not implementation support; static references are heuristic and do not prove reachability; no default runtime MAVLink capture was performed.
ArduPilot,command,222,MAV_CMD_DO_GUIDED_LIMITS,all.xml,baseline/ardupilot/modules/mavlink/message_definitions/v1.0/common.xml,DEFINED_IN_ENTRYPOINT_CLOSURE,STATIC_REFERENCE_FOUND,0,7,0,baseline/ardupilot/ArduCopter/mode_auto.cpp:1043|baseline/ardupilot/ArduCopter/mode_auto.cpp:822|baseline/ardupilot/Rover/mode_auto.cpp:592|baseline/ardupilot/Rover/mode_auto.cpp:707|baseline/ardupilot/libraries/AP_Mission/AP_Mission.cpp:1338|baseline/ardupilot/libraries/AP_Mission/AP_Mission.cpp:1874|baseline/ardupilot/libraries/AP_Mission/AP_Mission.cpp:2888,2978,ArduCopter|ArduPlane|Rover|libraries production-like C/C++ headers/sources; tests/examples excluded,NOT_RUN_NO_CAPTURE,,XML definition is not implementation support; static references are heuristic and do not prove reachability; no default runtime MAVLink capture was performed.
ArduPilot,command,223,MAV_CMD_DO_ENGINE_CONTROL,all.xml,baseline/ardupilot/modules/mavlink/message_definitions/v1.0/common.xml,DEFINED_IN_ENTRYPOINT_CLOSURE,STATIC_REFERENCE_FOUND,0,6,0,baseline/ardupilot/ArduPlane/GCS_MAVLink_Plane.cpp:759|baseline/ardupilot/ArduPlane/commands_logic.cpp:186|baseline/ardupilot/ArduPlane/commands_logic.cpp:322|baseline/ardupilot/libraries/AP_Mission/AP_Mission.cpp:1370|baseline/ardupilot/libraries/AP_Mission/AP_Mission.cpp:1906|baseline/ardupilot/libraries/AP_Mission/AP_Mission.cpp:2910,2978,ArduCopter|ArduPlane|Rover|libraries production-like C/C++ headers/sources; tests/examples excluded,NOT_RUN_NO_CAPTURE,,XML definition is not implementation support; static references are heuristic and do not prove reachability; no default runtime MAVLink capture was performed.
ArduPilot,command,224,MAV_CMD_DO_SET_MISSION_CURRENT,all.xml,baseline/ardupilot/modules/mavlink/message_definitions/v1.0/common.xml,DEFINED_IN_ENTRYPOINT_CLOSURE,STATIC_REFERENCE_FOUND,0,1,1,baseline/ardupilot/libraries/GCS_MAVLink/GCS_Common.cpp:5738|baseline/ardupilot/libraries/GCS_MAVLink/GCS_Common.cpp:743,2978,ArduCopter|ArduPlane|Rover|libraries production-like C/C++ headers/sources; tests/examples excluded,NOT_RUN_NO_CAPTURE,,XML definition is not implementation support; static references are heuristic and do not prove reachability; no default runtime MAVLink capture was performed.
ArduPilot,command,240,MAV_CMD_DO_LAST,all.xml,baseline/ardupilot/modules/mavlink/message_definitions/v1.0/common.xml,DEFINED_IN_ENTRYPOINT_CLOSURE,NO_REFERENCE_FOUND_BY_HEURISTIC_SCAN,0,0,0,,2978,ArduCopter|ArduPlane|Rover|libraries production-like C/C++ headers/sources; tests/examples excluded,NOT_RUN_NO_CAPTURE,,XML definition is not implementation support; static references are heuristic and do not prove reachability; no default runtime MAVLink capture was performed.
ArduPilot,command,241,MAV_CMD_PREFLIGHT_CALIBRATION,all.xml,baseline/ardupilot/modules/mavlink/message_definitions/v1.0/common.xml,DEFINED_IN_ENTRYPOINT_CLOSURE,STATIC_REFERENCE_FOUND,0,2,2,baseline/ardupilot/ArduCopter/compassmot.cpp:88|baseline/ardupilot/libraries/AP_Frsky_Telem/AP_Frsky_MAVliteMsgHandler.cpp:77|baseline/ardupilot/libraries/GCS_MAVLink/GCS_Common.cpp:4905|baseline/ardupilot/libraries/GCS_MAVLink/GCS_Common.cpp:5827,2978,ArduCopter|ArduPlane|Rover|libraries production-like C/C++ headers/sources; tests/examples excluded,NOT_RUN_NO_CAPTURE,,XML definition is not implementation support; static references are heuristic and do not prove reachability; no default runtime MAVLink capture was performed.
ArduPilot,command,242,MAV_CMD_PREFLIGHT_SET_SENSOR_OFFSETS,all.xml,baseline/ardupilot/modules/mavlink/message_definitions/v1.0/common.xml,DEFINED_IN_ENTRYPOINT_CLOSURE,NO_REFERENCE_FOUND_BY_HEURISTIC_SCAN,0,0,0,,2978,ArduCopter|ArduPlane|Rover|libraries production-like C/C++ headers/sources; tests/examples excluded,NOT_RUN_NO_CAPTURE,,XML definition is not implementation support; static references are heuristic and do not prove reachability; no default runtime MAVLink capture was performed.
ArduPilot,command,243,MAV_CMD_PREFLIGHT_UAVCAN,all.xml,baseline/ardupilot/modules/mavlink/message_definitions/v1.0/common.xml,DEFINED_IN_ENTRYPOINT_CLOSURE,NO_REFERENCE_FOUND_BY_HEURISTIC_SCAN,0,0,0,,2978,ArduCopter|ArduPlane|Rover|libraries production-like C/C++ headers/sources; tests/examples excluded,NOT_RUN_NO_CAPTURE,,XML definition is not implementation support; static references are heuristic and do not prove reachability; no default runtime MAVLink capture was performed.
ArduPilot,command,245,MAV_CMD_PREFLIGHT_STORAGE,all.xml,baseline/ardupilot/modules/mavlink/message_definitions/v1.0/common.xml,DEFINED_IN_ENTRYPOINT_CLOSURE,STATIC_REFERENCE_FOUND,0,1,0,baseline/ardupilot/libraries/GCS_MAVLink/GCS_Common.cpp:5830,2978,ArduCopter|ArduPlane|Rover|libraries production-like C/C++ headers/sources; tests/examples excluded,NOT_RUN_NO_CAPTURE,,XML definition is not implementation support; static references are heuristic and do not prove reachability; no default runtime MAVLink capture was performed.
ArduPilot,command,246,MAV_CMD_PREFLIGHT_REBOOT_SHUTDOWN,all.xml,baseline/ardupilot/modules/mavlink/message_definitions/v1.0/common.xml,DEFINED_IN_ENTRYPOINT_CLOSURE,STATIC_REFERENCE_FOUND,0,2,2,baseline/ardupilot/libraries/AP_Frsky_Telem/AP_Frsky_MAVliteMsgHandler.cpp:247|baseline/ardupilot/libraries/AP_Frsky_Telem/AP_Frsky_MAVliteMsgHandler.cpp:61|baseline/ardupilot/libraries/GCS_MAVLink/GCS_Common.cpp:3518|baseline/ardupilot/libraries/GCS_MAVLink/GCS_Common.cpp:5839,2978,ArduCopter|ArduPlane|Rover|libraries production-like C/C++ headers/sources; tests/examples excluded,NOT_RUN_NO_CAPTURE,,XML definition is not implementation support; static references are heuristic and do not prove reachability; no default runtime MAVLink capture was performed.
ArduPilot,command,252,MAV_CMD_OVERRIDE_GOTO,all.xml,baseline/ardupilot/modules/mavlink/message_definitions/v1.0/common.xml,DEFINED_IN_ENTRYPOINT_CLOSURE,NO_REFERENCE_FOUND_BY_HEURISTIC_SCAN,0,0,0,,2978,ArduCopter|ArduPlane|Rover|libraries production-like C/C++ headers/sources; tests/examples excluded,NOT_RUN_NO_CAPTURE,,XML definition is not implementation support; static references are heuristic and do not prove reachability; no default runtime MAVLink capture was performed.
ArduPilot,command,260,MAV_CMD_OBLIQUE_SURVEY,all.xml,baseline/ardupilot/modules/mavlink/message_definitions/v1.0/common.xml,DEFINED_IN_ENTRYPOINT_CLOSURE,NO_REFERENCE_FOUND_BY_HEURISTIC_SCAN,0,0,0,,2978,ArduCopter|ArduPlane|Rover|libraries production-like C/C++ headers/sources; tests/examples excluded,NOT_RUN_NO_CAPTURE,,XML definition is not implementation support; static references are heuristic and do not prove reachability; no default runtime MAVLink capture was performed.
ArduPilot,command,262,MAV_CMD_DO_SET_STANDARD_MODE,all.xml,baseline/ardupilot/modules/mavlink/message_definitions/v1.0/common.xml,DEFINED_IN_ENTRYPOINT_CLOSURE,NO_REFERENCE_FOUND_BY_HEURISTIC_SCAN,0,0,0,,2978,ArduCopter|ArduPlane|Rover|libraries production-like C/C++ headers/sources; tests/examples excluded,NOT_RUN_NO_CAPTURE,,XML definition is not implementation support; static references are heuristic and do not prove reachability; no default runtime MAVLink capture was performed.
ArduPilot,command,300,MAV_CMD_MISSION_START,all.xml,baseline/ardupilot/modules/mavlink/message_definitions/v1.0/common.xml,DEFINED_IN_ENTRYPOINT_CLOSURE,STATIC_REFERENCE_FOUND,0,3,0,baseline/ardupilot/ArduCopter/GCS_MAVLink_Copter.cpp:510|baseline/ardupilot/ArduPlane/GCS_MAVLink_Plane.cpp:812|baseline/ardupilot/Rover/GCS_MAVLink_Rover.cpp:494,2978,ArduCopter|ArduPlane|Rover|libraries production-like C/C++ headers/sources; tests/examples excluded,NOT_RUN_NO_CAPTURE,,XML definition is not implementation support; static references are heuristic and do not prove reachability; no default runtime MAVLink capture was performed.
ArduPilot,command,310,MAV_CMD_ACTUATOR_TEST,all.xml,baseline/ardupilot/modules/mavlink/message_definitions/v1.0/common.xml,DEFINED_IN_ENTRYPOINT_CLOSURE,NO_REFERENCE_FOUND_BY_HEURISTIC_SCAN,0,0,0,,2978,ArduCopter|ArduPlane|Rover|libraries production-like C/C++ headers/sources; tests/examples excluded,NOT_RUN_NO_CAPTURE,,XML definition is not implementation support; static references are heuristic and do not prove reachability; no default runtime MAVLink capture was performed.
ArduPilot,command,311,MAV_CMD_CONFIGURE_ACTUATOR,all.xml,baseline/ardupilot/modules/mavlink/message_definitions/v1.0/common.xml,DEFINED_IN_ENTRYPOINT_CLOSURE,NO_REFERENCE_FOUND_BY_HEURISTIC_SCAN,0,0,0,,2978,ArduCopter|ArduPlane|Rover|libraries production-like C/C++ headers/sources; tests/examples excluded,NOT_RUN_NO_CAPTURE,,XML definition is not implementation support; static references are heuristic and do not prove reachability; no default runtime MAVLink capture was performed.
ArduPilot,command,400,MAV_CMD_COMPONENT_ARM_DISARM,all.xml,baseline/ardupilot/modules/mavlink/message_definitions/v1.0/common.xml,DEFINED_IN_ENTRYPOINT_CLOSURE,STATIC_REFERENCE_FOUND,0,1,0,baseline/ardupilot/libraries/GCS_MAVLink/GCS_Common.cpp:5803,2978,ArduCopter|ArduPlane|Rover|libraries production-like C/C++ headers/sources; tests/examples excluded,NOT_RUN_NO_CAPTURE,,XML definition is not implementation support; static references are heuristic and do not prove reachability; no default runtime MAVLink capture was performed.
ArduPilot,command,401,MAV_CMD_RUN_PREARM_CHECKS,all.xml,baseline/ardupilot/modules/mavlink/message_definitions/v1.0/common.xml,DEFINED_IN_ENTRYPOINT_CLOSURE,STATIC_REFERENCE_FOUND,0,1,0,baseline/ardupilot/libraries/GCS_MAVLink/GCS_Common.cpp:5859,2978,ArduCopter|ArduPlane|Rover|libraries production-like C/C++ headers/sources; tests/examples excluded,NOT_RUN_NO_CAPTURE,,XML definition is not implementation support; static references are heuristic and do not prove reachability; no default runtime MAVLink capture was performed.
ArduPilot,command,405,MAV_CMD_ILLUMINATOR_ON_OFF,all.xml,baseline/ardupilot/modules/mavlink/message_definitions/v1.0/common.xml,DEFINED_IN_ENTRYPOINT_CLOSURE,NO_REFERENCE_FOUND_BY_HEURISTIC_SCAN,0,0,0,,2978,ArduCopter|ArduPlane|Rover|libraries production-like C/C++ headers/sources; tests/examples excluded,NOT_RUN_NO_CAPTURE,,XML definition is not implementation support; static references are heuristic and do not prove reachability; no default runtime MAVLink capture was performed.
ArduPilot,command,406,MAV_CMD_DO_ILLUMINATOR_CONFIGURE,all.xml,baseline/ardupilot/modules/mavlink/message_definitions/v1.0/common.xml,DEFINED_IN_ENTRYPOINT_CLOSURE,NO_REFERENCE_FOUND_BY_HEURISTIC_SCAN,0,0,0,,2978,ArduCopter|ArduPlane|Rover|libraries production-like C/C++ headers/sources; tests/examples excluded,NOT_RUN_NO_CAPTURE,,XML definition is not implementation support; static references are heuristic and do not prove reachability; no default runtime MAVLink capture was performed.
ArduPilot,command,410,MAV_CMD_GET_HOME_POSITION,all.xml,baseline/ardupilot/modules/mavlink/message_definitions/v1.0/common.xml,DEFINED_IN_ENTRYPOINT_CLOSURE,STATIC_REFERENCE_FOUND,0,1,0,baseline/ardupilot/libraries/GCS_MAVLink/GCS_Common.cpp:5823,2978,ArduCopter|ArduPlane|Rover|libraries production-like C/C++ headers/sources; tests/examples excluded,NOT_RUN_NO_CAPTURE,,XML definition is not implementation support; static references are heuristic and do not prove reachability; no default runtime MAVLink capture was performed.
ArduPilot,command,420,MAV_CMD_INJECT_FAILURE,all.xml,baseline/ardupilot/modules/mavlink/message_definitions/v1.0/common.xml,DEFINED_IN_ENTRYPOINT_CLOSURE,NO_REFERENCE_FOUND_BY_HEURISTIC_SCAN,0,0,0,,2978,ArduCopter|ArduPlane|Rover|libraries production-like C/C++ headers/sources; tests/examples excluded,NOT_RUN_NO_CAPTURE,,XML definition is not implementation support; static references are heuristic and do not prove reachability; no default runtime MAVLink capture was performed.
ArduPilot,command,500,MAV_CMD_START_RX_PAIR,all.xml,baseline/ardupilot/modules/mavlink/message_definitions/v1.0/common.xml,DEFINED_IN_ENTRYPOINT_CLOSURE,STATIC_REFERENCE_FOUND,0,1,0,baseline/ardupilot/libraries/GCS_MAVLink/GCS_Common.cpp:5880,2978,ArduCopter|ArduPlane|Rover|libraries production-like C/C++ headers/sources; tests/examples excluded,NOT_RUN_NO_CAPTURE,,XML definition is not implementation support; static references are heuristic and do not prove reachability; no default runtime MAVLink capture was performed.
ArduPilot,command,510,MAV_CMD_GET_MESSAGE_INTERVAL,all.xml,baseline/ardupilot/modules/mavlink/message_definitions/v1.0/common.xml,DEFINED_IN_ENTRYPOINT_CLOSURE,STATIC_REFERENCE_FOUND,0,1,0,baseline/ardupilot/libraries/GCS_MAVLink/GCS_Common.cpp:5894,2978,ArduCopter|ArduPlane|Rover|libraries production-like C/C++ headers/sources; tests/examples excluded,NOT_RUN_NO_CAPTURE,,XML definition is not implementation support; static references are heuristic and do not prove reachability; no default runtime MAVLink capture was performed.
ArduPilot,command,511,MAV_CMD_SET_MESSAGE_INTERVAL,all.xml,baseline/ardupilot/modules/mavlink/message_definitions/v1.0/common.xml,DEFINED_IN_ENTRYPOINT_CLOSURE,STATIC_REFERENCE_FOUND,0,1,0,baseline/ardupilot/libraries/GCS_MAVLink/GCS_Common.cpp:5891,2978,ArduCopter|ArduPlane|Rover|libraries production-like C/C++ headers/sources; tests/examples excluded,NOT_RUN_NO_CAPTURE,,XML definition is not implementation support; static references are heuristic and do not prove reachability; no default runtime MAVLink capture was performed.
ArduPilot,command,512,MAV_CMD_REQUEST_MESSAGE,all.xml,baseline/ardupilot/modules/mavlink/message_definitions/v1.0/common.xml,DEFINED_IN_ENTRYPOINT_CLOSURE,STATIC_REFERENCE_FOUND,1,2,6,baseline/ardupilot/libraries/AP_Camera/AP_Camera_MAVLinkCamV2.cpp:244|baseline/ardupilot/libraries/AP_Mount/AP_Mount_MAVLink.cpp:185|baseline/ardupilot/libraries/GCS_MAVLink/GCS_Common.cpp:5897|baseline/ardupilot/libraries/SITL/SIM_MAVLinkCamV2.cpp:44|baseline/ardupilot/libraries/SITL/SIM_MAVLinkCamV2.cpp:48|baseline/ardupilot/libraries/SITL/SIM_MAVLinkCamV2.cpp:52|baseline/ardupilot/libraries/SITL/SIM_MAVLinkCamV2.cpp:55|baseline/ardupilot/libraries/SITL/SIM_MAVLinkGimbalv2.cpp:78|baseline/ardupilot/libraries/SITL/SIM_MAVLinkGimbalv2.cpp:83,2978,ArduCopter|ArduPlane|Rover|libraries production-like C/C++ headers/sources; tests/examples excluded,NOT_RUN_NO_CAPTURE,,XML definition is not implementation support; static references are heuristic and do not prove reachability; no default runtime MAVLink capture was performed.
ArduPilot,command,519,MAV_CMD_REQUEST_PROTOCOL_VERSION,all.xml,baseline/ardupilot/modules/mavlink/message_definitions/v1.0/common.xml,DEFINED_IN_ENTRYPOINT_CLOSURE,NO_REFERENCE_FOUND_BY_HEURISTIC_SCAN,0,0,0,,2978,ArduCopter|ArduPlane|Rover|libraries production-like C/C++ headers/sources; tests/examples excluded,NOT_RUN_NO_CAPTURE,,XML definition is not implementation support; static references are heuristic and do not prove reachability; no default runtime MAVLink capture was performed.
ArduPilot,command,520,MAV_CMD_REQUEST_AUTOPILOT_CAPABILITIES,all.xml,baseline/ardupilot/modules/mavlink/message_definitions/v1.0/common.xml,DEFINED_IN_ENTRYPOINT_CLOSURE,STATIC_REFERENCE_FOUND,0,1,0,baseline/ardupilot/libraries/GCS_MAVLink/GCS_Common.cpp:5854,2978,ArduCopter|ArduPlane|Rover|libraries production-like C/C++ headers/sources; tests/examples excluded,NOT_RUN_NO_CAPTURE,,XML definition is not implementation support; static references are heuristic and do not prove reachability; no default runtime MAVLink capture was performed.
ArduPilot,command,521,MAV_CMD_REQUEST_CAMERA_INFORMATION,all.xml,baseline/ardupilot/modules/mavlink/message_definitions/v1.0/common.xml,DEFINED_IN_ENTRYPOINT_CLOSURE,NO_REFERENCE_FOUND_BY_HEURISTIC_SCAN,0,0,0,,2978,ArduCopter|ArduPlane|Rover|libraries production-like C/C++ headers/sources; tests/examples excluded,NOT_RUN_NO_CAPTURE,,XML definition is not implementation support; static references are heuristic and do not prove reachability; no default runtime MAVLink capture was performed.
ArduPilot,command,522,MAV_CMD_REQUEST_CAMERA_SETTINGS,all.xml,baseline/ardupilot/modules/mavlink/message_definitions/v1.0/common.xml,DEFINED_IN_ENTRYPOINT_CLOSURE,NO_REFERENCE_FOUND_BY_HEURISTIC_SCAN,0,0,0,,2978,ArduCopter|ArduPlane|Rover|libraries production-like C/C++ headers/sources; tests/examples excluded,NOT_RUN_NO_CAPTURE,,XML definition is not implementation support; static references are heuristic and do not prove reachability; no default runtime MAVLink capture was performed.
ArduPilot,command,525,MAV_CMD_REQUEST_STORAGE_INFORMATION,all.xml,baseline/ardupilot/modules/mavlink/message_definitions/v1.0/common.xml,DEFINED_IN_ENTRYPOINT_CLOSURE,NO_REFERENCE_FOUND_BY_HEURISTIC_SCAN,0,0,0,,2978,ArduCopter|ArduPlane|Rover|libraries production-like C/C++ headers/sources; tests/examples excluded,NOT_RUN_NO_CAPTURE,,XML definition is not implementation support; static references are heuristic and do not prove reachability; no default runtime MAVLink capture was performed.
ArduPilot,command,526,MAV_CMD_STORAGE_FORMAT,all.xml,baseline/ardupilot/modules/mavlink/message_definitions/v1.0/common.xml,DEFINED_IN_ENTRYPOINT_CLOSURE,STATIC_REFERENCE_FOUND,0,1,1,baseline/ardupilot/libraries/GCS_MAVLink/GCS_Common.cpp:5624|baseline/ardupilot/libraries/GCS_MAVLink/GCS_Common.cpp:5885,2978,ArduCopter|ArduPlane|Rover|libraries production-like C/C++ headers/sources; tests/examples excluded,NOT_RUN_NO_CAPTURE,,XML definition is not implementation support; static references are heuristic and do not prove reachability; no default runtime MAVLink capture was performed.
ArduPilot,command,527,MAV_CMD_REQUEST_CAMERA_CAPTURE_STATUS,all.xml,baseline/ardupilot/modules/mavlink/message_definitions/v1.0/common.xml,DEFINED_IN_ENTRYPOINT_CLOSURE,NO_REFERENCE_FOUND_BY_HEURISTIC_SCAN,0,0,0,,2978,ArduCopter|ArduPlane|Rover|libraries production-like C/C++ headers/sources; tests/examples excluded,NOT_RUN_NO_CAPTURE,,XML definition is not implementation support; static references are heuristic and do not prove reachability; no default runtime MAVLink capture was performed.
ArduPilot,command,528,MAV_CMD_REQUEST_FLIGHT_INFORMATION,all.xml,baseline/ardupilot/modules/mavlink/message_definitions/v1.0/common.xml,DEFINED_IN_ENTRYPOINT_CLOSURE,NO_REFERENCE_FOUND_BY_HEURISTIC_SCAN,0,0,0,,2978,ArduCopter|ArduPlane|Rover|libraries production-like C/C++ headers/sources; tests/examples excluded,NOT_RUN_NO_CAPTURE,,XML definition is not implementation support; static references are heuristic and do not prove reachability; no default runtime MAVLink capture was performed.
ArduPilot,command,529,MAV_CMD_RESET_CAMERA_SETTINGS,all.xml,baseline/ardupilot/modules/mavlink/message_definitions/v1.0/common.xml,DEFINED_IN_ENTRYPOINT_CLOSURE,NO_REFERENCE_FOUND_BY_HEURISTIC_SCAN,0,0,0,,2978,ArduCopter|ArduPlane|Rover|libraries production-like C/C++ headers/sources; tests/examples excluded,NOT_RUN_NO_CAPTURE,,XML definition is not implementation support; static references are heuristic and do not prove reachability; no default runtime MAVLink capture was performed.
ArduPilot,command,530,MAV_CMD_SET_CAMERA_MODE,all.xml,baseline/ardupilot/modules/mavlink/message_definitions/v1.0/common.xml,DEFINED_IN_ENTRYPOINT_CLOSURE,NO_REFERENCE_FOUND_BY_HEURISTIC_SCAN,0,0,0,,2978,ArduCopter|ArduPlane|Rover|libraries production-like C/C++ headers/sources; tests/examples excluded,NOT_RUN_NO_CAPTURE,,XML definition is not implementation support; static references are heuristic and do not prove reachability; no default runtime MAVLink capture was performed.
ArduPilot,command,531,MAV_CMD_SET_CAMERA_ZOOM,all.xml,baseline/ardupilot/modules/mavlink/message_definitions/v1.0/common.xml,DEFINED_IN_ENTRYPOINT_CLOSURE,STATIC_REFERENCE_FOUND,1,9,2,baseline/ardupilot/libraries/AP_Camera/AP_Camera.cpp:422|baseline/ardupilot/libraries/AP_Camera/AP_Camera_MAVLinkCamV2.cpp:83|baseline/ardupilot/libraries/AP_Mission/AP_Mission.cpp:1454|baseline/ardupilot/libraries/AP_Mission/AP_Mission.cpp:1988|baseline/ardupilot/libraries/AP_Mission/AP_Mission.cpp:2962|baseline/ardupilot/libraries/AP_Mission/AP_Mission.cpp:394|baseline/ardupilot/libraries/AP_Mission/AP_Mission.cpp:465|baseline/ardupilot/libraries/AP_Mission/AP_Mission_Commands.cpp:144|baseline/ardupilot/libraries/GCS_MAVLink/GCS_Common.cpp:5754|baseline/ardupilot/libraries/SITL/SIM_MAVLinkCamV2.cpp:65|baseline/ardupilot/libraries/SITL/SIM_MAVLinkCamV2.cpp:71|baseline/ardupilot/libraries/SITL/SIM_MAVLinkCamV2.cpp:75,2978,ArduCopter|ArduPlane|Rover|libraries production-like C/C++ headers/sources; tests/examples excluded,NOT_RUN_NO_CAPTURE,,XML definition is not implementation support; static references are heuristic and do not prove reachability; no default runtime MAVLink capture was performed.
ArduPilot,command,532,MAV_CMD_SET_CAMERA_FOCUS,all.xml,baseline/ardupilot/modules/mavlink/message_definitions/v1.0/common.xml,DEFINED_IN_ENTRYPOINT_CLOSURE,STATIC_REFERENCE_FOUND,1,9,2,baseline/ardupilot/libraries/AP_Camera/AP_Camera.cpp:428|baseline/ardupilot/libraries/AP_Camera/AP_Camera_MAVLinkCamV2.cpp:112|baseline/ardupilot/libraries/AP_Mission/AP_Mission.cpp:1460|baseline/ardupilot/libraries/AP_Mission/AP_Mission.cpp:1994|baseline/ardupilot/libraries/AP_Mission/AP_Mission.cpp:2964|baseline/ardupilot/libraries/AP_Mission/AP_Mission.cpp:395|baseline/ardupilot/libraries/AP_Mission/AP_Mission.cpp:466|baseline/ardupilot/libraries/AP_Mission/AP_Mission_Commands.cpp:151|baseline/ardupilot/libraries/GCS_MAVLink/GCS_Common.cpp:5755|baseline/ardupilot/libraries/SITL/SIM_MAVLinkCamV2.cpp:78|baseline/ardupilot/libraries/SITL/SIM_MAVLinkCamV2.cpp:84|baseline/ardupilot/libraries/SITL/SIM_MAVLinkCamV2.cpp:88,2978,ArduCopter|ArduPlane|Rover|libraries production-like C/C++ headers/sources; tests/examples excluded,NOT_RUN_NO_CAPTURE,,XML definition is not implementation support; static references are heuristic and do not prove reachability; no default runtime MAVLink capture was performed.
ArduPilot,command,533,MAV_CMD_SET_STORAGE_USAGE,all.xml,baseline/ardupilot/modules/mavlink/message_definitions/v1.0/common.xml,DEFINED_IN_ENTRYPOINT_CLOSURE,NO_REFERENCE_FOUND_BY_HEURISTIC_SCAN,0,0,0,,2978,ArduCopter|ArduPlane|Rover|libraries production-like C/C++ headers/sources; tests/examples excluded,NOT_RUN_NO_CAPTURE,,XML definition is not implementation support; static references are heuristic and do not prove reachability; no default runtime MAVLink capture was performed.
ArduPilot,command,534,MAV_CMD_SET_CAMERA_SOURCE,all.xml,baseline/ardupilot/modules/mavlink/message_definitions/v1.0/common.xml,DEFINED_IN_ENTRYPOINT_CLOSURE,STATIC_REFERENCE_FOUND,0,8,0,baseline/ardupilot/libraries/AP_Camera/AP_Camera.cpp:436|baseline/ardupilot/libraries/AP_Mission/AP_Mission.cpp:1466|baseline/ardupilot/libraries/AP_Mission/AP_Mission.cpp:2000|baseline/ardupilot/libraries/AP_Mission/AP_Mission.cpp:2966|baseline/ardupilot/libraries/AP_Mission/AP_Mission.cpp:396|baseline/ardupilot/libraries/AP_Mission/AP_Mission.cpp:467|baseline/ardupilot/libraries/AP_Mission/AP_Mission_Commands.cpp:159|baseline/ardupilot/libraries/GCS_MAVLink/GCS_Common.cpp:5756,2978,ArduCopter|ArduPlane|Rover|libraries production-like C/C++ headers/sources; tests/examples excluded,NOT_RUN_NO_CAPTURE,,XML definition is not implementation support; static references are heuristic and do not prove reachability; no default runtime MAVLink capture was performed.
ArduPilot,command,600,MAV_CMD_JUMP_TAG,all.xml,baseline/ardupilot/modules/mavlink/message_definitions/v1.0/common.xml,DEFINED_IN_ENTRYPOINT_CLOSURE,STATIC_REFERENCE_FOUND,0,6,2,baseline/ardupilot/libraries/AP_Mission/AP_Mission.cpp:1229|baseline/ardupilot/libraries/AP_Mission/AP_Mission.cpp:1761|baseline/ardupilot/libraries/AP_Mission/AP_Mission.cpp:2353|baseline/ardupilot/libraries/AP_Mission/AP_Mission.cpp:2360|baseline/ardupilot/libraries/AP_Mission/AP_Mission.cpp:2944|baseline/ardupilot/libraries/AP_Mission/AP_Mission.cpp:391|baseline/ardupilot/libraries/AP_Mission/AP_Mission.cpp:432|baseline/ardupilot/libraries/AP_Mission/AP_Mission.cpp:490,2978,ArduCopter|ArduPlane|Rover|libraries production-like C/C++ headers/sources; tests/examples excluded,NOT_RUN_NO_CAPTURE,,XML definition is not implementation support; static references are heuristic and do not prove reachability; no default runtime MAVLink capture was performed.
ArduPilot,command,601,MAV_CMD_DO_JUMP_TAG,all.xml,baseline/ardupilot/modules/mavlink/message_definitions/v1.0/common.xml,DEFINED_IN_ENTRYPOINT_CLOSURE,STATIC_REFERENCE_FOUND,0,5,1,baseline/ardupilot/libraries/AP_Mission/AP_Mission.cpp:1224|baseline/ardupilot/libraries/AP_Mission/AP_Mission.cpp:1756|baseline/ardupilot/libraries/AP_Mission/AP_Mission.cpp:2237|baseline/ardupilot/libraries/AP_Mission/AP_Mission.cpp:2942|baseline/ardupilot/libraries/AP_Mission/AP_Mission.cpp:433|baseline/ardupilot/libraries/GCS_MAVLink/GCS_Common.cpp:5735,2978,ArduCopter|ArduPlane|Rover|libraries production-like C/C++ headers/sources; tests/examples excluded,NOT_RUN_NO_CAPTURE,,XML definition is not implementation support; static references are heuristic and do not prove reachability; no default runtime MAVLink capture was performed.
ArduPilot,command,610,MAV_CMD_DO_SET_SYS_CMP_ID,all.xml,baseline/ardupilot/modules/mavlink/message_definitions/v1.0/development.xml,DEFINED_IN_ENTRYPOINT_CLOSURE,NO_REFERENCE_FOUND_BY_HEURISTIC_SCAN,0,0,0,,2978,ArduCopter|ArduPlane|Rover|libraries production-like C/C++ headers/sources; tests/examples excluded,NOT_RUN_NO_CAPTURE,,XML definition is not implementation support; static references are heuristic and do not prove reachability; no default runtime MAVLink capture was performed.
ArduPilot,command,611,MAV_CMD_DO_SET_GLOBAL_ORIGIN,all.xml,baseline/ardupilot/modules/mavlink/message_definitions/v1.0/development.xml,DEFINED_IN_ENTRYPOINT_CLOSURE,STATIC_REFERENCE_FOUND,0,2,0,baseline/ardupilot/libraries/GCS_MAVLink/GCS_Common.cpp:5329|baseline/ardupilot/libraries/GCS_MAVLink/GCS_Common.cpp:5712,2978,ArduCopter|ArduPlane|Rover|libraries production-like C/C++ headers/sources; tests/examples excluded,NOT_RUN_NO_CAPTURE,,XML definition is not implementation support; static references are heuristic and do not prove reachability; no default runtime MAVLink capture was performed.
ArduPilot,command,1000,MAV_CMD_DO_GIMBAL_MANAGER_PITCHYAW,all.xml,baseline/ardupilot/modules/mavlink/message_definitions/v1.0/common.xml,DEFINED_IN_ENTRYPOINT_CLOSURE,STATIC_REFERENCE_FOUND,0,7,0,baseline/ardupilot/libraries/AP_Mission/AP_Mission.cpp:1434|baseline/ardupilot/libraries/AP_Mission/AP_Mission.cpp:1968|baseline/ardupilot/libraries/AP_Mission/AP_Mission.cpp:2956|baseline/ardupilot/libraries/AP_Mission/AP_Mission.cpp:390|baseline/ardupilot/libraries/AP_Mission/AP_Mission.cpp:484|baseline/ardupilot/libraries/AP_Mount/AP_Mount.cpp:562|baseline/ardupilot/libraries/GCS_MAVLink/GCS_Common.cpp:5780,2978,ArduCopter|ArduPlane|Rover|libraries production-like C/C++ headers/sources; tests/examples excluded,NOT_RUN_NO_CAPTURE,,XML definition is not implementation support; static references are heuristic and do not prove reachability; no default runtime MAVLink capture was performed.
ArduPilot,command,1001,MAV_CMD_DO_GIMBAL_MANAGER_CONFIGURE,all.xml,baseline/ardupilot/modules/mavlink/message_definitions/v1.0/common.xml,DEFINED_IN_ENTRYPOINT_CLOSURE,STATIC_REFERENCE_FOUND,0,2,0,baseline/ardupilot/libraries/AP_Mount/AP_Mount.cpp:564|baseline/ardupilot/libraries/GCS_MAVLink/GCS_Common.cpp:5781,2978,ArduCopter|ArduPlane|Rover|libraries production-like C/C++ headers/sources; tests/examples excluded,NOT_RUN_NO_CAPTURE,,XML definition is not implementation support; static references are heuristic and do not prove reachability; no default runtime MAVLink capture was performed.
ArduPilot,command,2000,MAV_CMD_IMAGE_START_CAPTURE,all.xml,baseline/ardupilot/modules/mavlink/message_definitions/v1.0/common.xml,DEFINED_IN_ENTRYPOINT_CLOSURE,STATIC_REFERENCE_FOUND,1,9,1,baseline/ardupilot/libraries/AP_Camera/AP_Camera.cpp:457|baseline/ardupilot/libraries/AP_Camera/AP_Camera_MAVLinkCamV2.cpp:34|baseline/ardupilot/libraries/AP_Mission/AP_Mission.cpp:1443|baseline/ardupilot/libraries/AP_Mission/AP_Mission.cpp:1977|baseline/ardupilot/libraries/AP_Mission/AP_Mission.cpp:2958|baseline/ardupilot/libraries/AP_Mission/AP_Mission.cpp:392|baseline/ardupilot/libraries/AP_Mission/AP_Mission.cpp:463|baseline/ardupilot/libraries/AP_Mission/AP_Mission_Commands.cpp:171|baseline/ardupilot/libraries/GCS_MAVLink/GCS_Common.cpp:5757|baseline/ardupilot/libraries/SITL/SIM_MAVLinkCamV2.cpp:58|baseline/ardupilot/libraries/SITL/SIM_MAVLinkCamV2.cpp:63,2978,ArduCopter|ArduPlane|Rover|libraries production-like C/C++ headers/sources; tests/examples excluded,NOT_RUN_NO_CAPTURE,,XML definition is not implementation support; static references are heuristic and do not prove reachability; no default runtime MAVLink capture was performed.
ArduPilot,command,2001,MAV_CMD_IMAGE_STOP_CAPTURE,all.xml,baseline/ardupilot/modules/mavlink/message_definitions/v1.0/common.xml,DEFINED_IN_ENTRYPOINT_CLOSURE,STATIC_REFERENCE_FOUND,0,8,0,baseline/ardupilot/libraries/AP_Camera/AP_Camera.cpp:489|baseline/ardupilot/libraries/AP_Mission/AP_Mission.cpp:1450|baseline/ardupilot/libraries/AP_Mission/AP_Mission.cpp:1984|baseline/ardupilot/libraries/AP_Mission/AP_Mission.cpp:2960|baseline/ardupilot/libraries/AP_Mission/AP_Mission.cpp:393|baseline/ardupilot/libraries/AP_Mission/AP_Mission.cpp:464|baseline/ardupilot/libraries/AP_Mission/AP_Mission_Commands.cpp:194|baseline/ardupilot/libraries/GCS_MAVLink/GCS_Common.cpp:5758,2978,ArduCopter|ArduPlane|Rover|libraries production-like C/C++ headers/sources; tests/examples excluded,NOT_RUN_NO_CAPTURE,,XML definition is not implementation support; static references are heuristic and do not prove reachability; no default runtime MAVLink capture was performed.
ArduPilot,command,2002,MAV_CMD_REQUEST_CAMERA_IMAGE_CAPTURE,all.xml,baseline/ardupilot/modules/mavlink/message_definitions/v1.0/common.xml,DEFINED_IN_ENTRYPOINT_CLOSURE,NO_REFERENCE_FOUND_BY_HEURISTIC_SCAN,0,0,0,,2978,ArduCopter|ArduPlane|Rover|libraries production-like C/C++ headers/sources; tests/examples excluded,NOT_RUN_NO_CAPTURE,,XML definition is not implementation support; static references are heuristic and do not prove reachability; no default runtime MAVLink capture was performed.
ArduPilot,command,2003,MAV_CMD_DO_TRIGGER_CONTROL,all.xml,baseline/ardupilot/modules/mavlink/message_definitions/v1.0/common.xml,DEFINED_IN_ENTRYPOINT_CLOSURE,NO_REFERENCE_FOUND_BY_HEURISTIC_SCAN,0,0,0,,2978,ArduCopter|ArduPlane|Rover|libraries production-like C/C++ headers/sources; tests/examples excluded,NOT_RUN_NO_CAPTURE,,XML definition is not implementation support; static references are heuristic and do not prove reachability; no default runtime MAVLink capture was performed.
ArduPilot,command,2004,MAV_CMD_CAMERA_TRACK_POINT,all.xml,baseline/ardupilot/modules/mavlink/message_definitions/v1.0/common.xml,DEFINED_IN_ENTRYPOINT_CLOSURE,STATIC_REFERENCE_FOUND,0,2,0,baseline/ardupilot/libraries/AP_Camera/AP_Camera.cpp:503|baseline/ardupilot/libraries/GCS_MAVLink/GCS_Common.cpp:5759,2978,ArduCopter|ArduPlane|Rover|libraries production-like C/C++ headers/sources; tests/examples excluded,NOT_RUN_NO_CAPTURE,,XML definition is not implementation support; static references are heuristic and do not prove reachability; no default runtime MAVLink capture was performed.
ArduPilot,command,2005,MAV_CMD_CAMERA_TRACK_RECTANGLE,all.xml,baseline/ardupilot/modules/mavlink/message_definitions/v1.0/common.xml,DEFINED_IN_ENTRYPOINT_CLOSURE,STATIC_REFERENCE_FOUND,0,2,0,baseline/ardupilot/libraries/AP_Camera/AP_Camera.cpp:508|baseline/ardupilot/libraries/GCS_MAVLink/GCS_Common.cpp:5760,2978,ArduCopter|ArduPlane|Rover|libraries production-like C/C++ headers/sources; tests/examples excluded,NOT_RUN_NO_CAPTURE,,XML definition is not implementation support; static references are heuristic and do not prove reachability; no default runtime MAVLink capture was performed.
ArduPilot,command,2010,MAV_CMD_CAMERA_STOP_TRACKING,all.xml,baseline/ardupilot/modules/mavlink/message_definitions/v1.0/common.xml,DEFINED_IN_ENTRYPOINT_CLOSURE,STATIC_REFERENCE_FOUND,0,2,0,baseline/ardupilot/libraries/AP_Camera/AP_Camera.cpp:513|baseline/ardupilot/libraries/GCS_MAVLink/GCS_Common.cpp:5761,2978,ArduCopter|ArduPlane|Rover|libraries production-like C/C++ headers/sources; tests/examples excluded,NOT_RUN_NO_CAPTURE,,XML definition is not implementation support; static references are heuristic and do not prove reachability; no default runtime MAVLink capture was performed.
ArduPilot,command,2500,MAV_CMD_VIDEO_START_CAPTURE,all.xml,baseline/ardupilot/modules/mavlink/message_definitions/v1.0/common.xml,DEFINED_IN_ENTRYPOINT_CLOSURE,STATIC_REFERENCE_FOUND,2,8,1,baseline/ardupilot/libraries/AP_Camera/AP_Camera.cpp:518|baseline/ardupilot/libraries/AP_Camera/AP_Camera.cpp:522|baseline/ardupilot/libraries/AP_Camera/AP_Camera_MAVLinkCamV2.cpp:58|baseline/ardupilot/libraries/AP_Mission/AP_Mission.cpp:1472|baseline/ardupilot/libraries/AP_Mission/AP_Mission.cpp:2006|baseline/ardupilot/libraries/AP_Mission/AP_Mission.cpp:2968|baseline/ardupilot/libraries/AP_Mission/AP_Mission.cpp:397|baseline/ardupilot/libraries/AP_Mission/AP_Mission.cpp:468|baseline/ardupilot/libraries/AP_Mission/AP_Mission_Commands.cpp:202|baseline/ardupilot/libraries/AP_Mission/AP_Mission_Commands.cpp:205|baseline/ardupilot/libraries/GCS_MAVLink/GCS_Common.cpp:5762,2978,ArduCopter|ArduPlane|Rover|libraries production-like C/C++ headers/sources; tests/examples excluded,NOT_RUN_NO_CAPTURE,,XML definition is not implementation support; static references are heuristic and do not prove reachability; no default runtime MAVLink capture was performed.
ArduPilot,command,2501,MAV_CMD_VIDEO_STOP_CAPTURE,all.xml,baseline/ardupilot/modules/mavlink/message_definitions/v1.0/common.xml,DEFINED_IN_ENTRYPOINT_CLOSURE,STATIC_REFERENCE_FOUND,1,8,0,baseline/ardupilot/libraries/AP_Camera/AP_Camera.cpp:519|baseline/ardupilot/libraries/AP_Camera/AP_Camera_MAVLinkCamV2.cpp:62|baseline/ardupilot/libraries/AP_Mission/AP_Mission.cpp:1476|baseline/ardupilot/libraries/AP_Mission/AP_Mission.cpp:2010|baseline/ardupilot/libraries/AP_Mission/AP_Mission.cpp:2970|baseline/ardupilot/libraries/AP_Mission/AP_Mission.cpp:398|baseline/ardupilot/libraries/AP_Mission/AP_Mission.cpp:469|baseline/ardupilot/libraries/AP_Mission/AP_Mission_Commands.cpp:203|baseline/ardupilot/libraries/GCS_MAVLink/GCS_Common.cpp:5763,2978,ArduCopter|ArduPlane|Rover|libraries production-like C/C++ headers/sources; tests/examples excluded,NOT_RUN_NO_CAPTURE,,XML definition is not implementation support; static references are heuristic and do not prove reachability; no default runtime MAVLink capture was performed.
ArduPilot,command,2502,MAV_CMD_VIDEO_START_STREAMING,all.xml,baseline/ardupilot/modules/mavlink/message_definitions/v1.0/common.xml,DEFINED_IN_ENTRYPOINT_CLOSURE,NO_REFERENCE_FOUND_BY_HEURISTIC_SCAN,0,0,0,,2978,ArduCopter|ArduPlane|Rover|libraries production-like C/C++ headers/sources; tests/examples excluded,NOT_RUN_NO_CAPTURE,,XML definition is not implementation support; static references are heuristic and do not prove reachability; no default runtime MAVLink capture was performed.
ArduPilot,command,2503,MAV_CMD_VIDEO_STOP_STREAMING,all.xml,baseline/ardupilot/modules/mavlink/message_definitions/v1.0/common.xml,DEFINED_IN_ENTRYPOINT_CLOSURE,NO_REFERENCE_FOUND_BY_HEURISTIC_SCAN,0,0,0,,2978,ArduCopter|ArduPlane|Rover|libraries production-like C/C++ headers/sources; tests/examples excluded,NOT_RUN_NO_CAPTURE,,XML definition is not implementation support; static references are heuristic and do not prove reachability; no default runtime MAVLink capture was performed.
ArduPilot,command,2504,MAV_CMD_REQUEST_VIDEO_STREAM_INFORMATION,all.xml,baseline/ardupilot/modules/mavlink/message_definitions/v1.0/common.xml,DEFINED_IN_ENTRYPOINT_CLOSURE,NO_REFERENCE_FOUND_BY_HEURISTIC_SCAN,0,0,0,,2978,ArduCopter|ArduPlane|Rover|libraries production-like C/C++ headers/sources; tests/examples excluded,NOT_RUN_NO_CAPTURE,,XML definition is not implementation support; static references are heuristic and do not prove reachability; no default runtime MAVLink capture was performed.
ArduPilot,command,2505,MAV_CMD_REQUEST_VIDEO_STREAM_STATUS,all.xml,baseline/ardupilot/modules/mavlink/message_definitions/v1.0/common.xml,DEFINED_IN_ENTRYPOINT_CLOSURE,NO_REFERENCE_FOUND_BY_HEURISTIC_SCAN,0,0,0,,2978,ArduCopter|ArduPlane|Rover|libraries production-like C/C++ headers/sources; tests/examples excluded,NOT_RUN_NO_CAPTURE,,XML definition is not implementation support; static references are heuristic and do not prove reachability; no default runtime MAVLink capture was performed.
ArduPilot,command,2510,MAV_CMD_LOGGING_START,all.xml,baseline/ardupilot/modules/mavlink/message_definitions/v1.0/common.xml,DEFINED_IN_ENTRYPOINT_CLOSURE,NO_REFERENCE_FOUND_BY_HEURISTIC_SCAN,0,0,0,,2978,ArduCopter|ArduPlane|Rover|libraries production-like C/C++ headers/sources; tests/examples excluded,NOT_RUN_NO_CAPTURE,,XML definition is not implementation support; static references are heuristic and do not prove reachability; no default runtime MAVLink capture was performed.
ArduPilot,command,2511,MAV_CMD_LOGGING_STOP,all.xml,baseline/ardupilot/modules/mavlink/message_definitions/v1.0/common.xml,DEFINED_IN_ENTRYPOINT_CLOSURE,NO_REFERENCE_FOUND_BY_HEURISTIC_SCAN,0,0,0,,2978,ArduCopter|ArduPlane|Rover|libraries production-like C/C++ headers/sources; tests/examples excluded,NOT_RUN_NO_CAPTURE,,XML definition is not implementation support; static references are heuristic and do not prove reachability; no default runtime MAVLink capture was performed.
ArduPilot,command,2520,MAV_CMD_AIRFRAME_CONFIGURATION,all.xml,baseline/ardupilot/modules/mavlink/message_definitions/v1.0/common.xml,DEFINED_IN_ENTRYPOINT_CLOSURE,STATIC_REFERENCE_FOUND,0,1,1,baseline/ardupilot/libraries/GCS_MAVLink/GCS_Common.cpp:5214|baseline/ardupilot/libraries/GCS_MAVLink/GCS_Common.cpp:5681,2978,ArduCopter|ArduPlane|Rover|libraries production-like C/C++ headers/sources; tests/examples excluded,NOT_RUN_NO_CAPTURE,,XML definition is not implementation support; static references are heuristic and do not prove reachability; no default runtime MAVLink capture was performed.
ArduPilot,command,2600,MAV_CMD_CONTROL_HIGH_LATENCY,all.xml,baseline/ardupilot/modules/mavlink/message_definitions/v1.0/common.xml,DEFINED_IN_ENTRYPOINT_CLOSURE,STATIC_REFERENCE_FOUND,1,1,1,baseline/ardupilot/libraries/GCS_MAVLink/GCS_Common.cpp:5696|baseline/ardupilot/libraries/GCS_MAVLink/GCS_Common.cpp:7790|baseline/ardupilot/libraries/GCS_MAVLink/GCS_Common.cpp:7807,2978,ArduCopter|ArduPlane|Rover|libraries production-like C/C++ headers/sources; tests/examples excluded,NOT_RUN_NO_CAPTURE,,XML definition is not implementation support; static references are heuristic and do not prove reachability; no default runtime MAVLink capture was performed.
ArduPilot,command,2800,MAV_CMD_PANORAMA_CREATE,all.xml,baseline/ardupilot/modules/mavlink/message_definitions/v1.0/common.xml,DEFINED_IN_ENTRYPOINT_CLOSURE,NO_REFERENCE_FOUND_BY_HEURISTIC_SCAN,0,0,0,,2978,ArduCopter|ArduPlane|Rover|libraries production-like C/C++ headers/sources; tests/examples excluded,NOT_RUN_NO_CAPTURE,,XML definition is not implementation support; static references are heuristic and do not prove reachability; no default runtime MAVLink capture was performed.
ArduPilot,command,3000,MAV_CMD_DO_VTOL_TRANSITION,all.xml,baseline/ardupilot/modules/mavlink/message_definitions/v1.0/common.xml,DEFINED_IN_ENTRYPOINT_CLOSURE,STATIC_REFERENCE_FOUND,0,6,0,baseline/ardupilot/ArduPlane/GCS_MAVLink_Plane.cpp:778|baseline/ardupilot/ArduPlane/commands_logic.cpp:180|baseline/ardupilot/ArduPlane/commands_logic.cpp:321|baseline/ardupilot/libraries/AP_Mission/AP_Mission.cpp:1362|baseline/ardupilot/libraries/AP_Mission/AP_Mission.cpp:1902|baseline/ardupilot/libraries/AP_Mission/AP_Mission.cpp:2908,2978,ArduCopter|ArduPlane|Rover|libraries production-like C/C++ headers/sources; tests/examples excluded,NOT_RUN_NO_CAPTURE,,XML definition is not implementation support; static references are heuristic and do not prove reachability; no default runtime MAVLink capture was performed.
ArduPilot,command,3001,MAV_CMD_ARM_AUTHORIZATION_REQUEST,all.xml,baseline/ardupilot/modules/mavlink/message_definitions/v1.0/common.xml,DEFINED_IN_ENTRYPOINT_CLOSURE,NO_REFERENCE_FOUND_BY_HEURISTIC_SCAN,0,0,0,,2978,ArduCopter|ArduPlane|Rover|libraries production-like C/C++ headers/sources; tests/examples excluded,NOT_RUN_NO_CAPTURE,,XML definition is not implementation support; static references are heuristic and do not prove reachability; no default runtime MAVLink capture was performed.
ArduPilot,command,4000,MAV_CMD_SET_GUIDED_SUBMODE_STANDARD,all.xml,baseline/ardupilot/modules/mavlink/message_definitions/v1.0/common.xml,DEFINED_IN_ENTRYPOINT_CLOSURE,NO_REFERENCE_FOUND_BY_HEURISTIC_SCAN,0,0,0,,2978,ArduCopter|ArduPlane|Rover|libraries production-like C/C++ headers/sources; tests/examples excluded,NOT_RUN_NO_CAPTURE,,XML definition is not implementation support; static references are heuristic and do not prove reachability; no default runtime MAVLink capture was performed.
ArduPilot,command,4001,MAV_CMD_SET_GUIDED_SUBMODE_CIRCLE,all.xml,baseline/ardupilot/modules/mavlink/message_definitions/v1.0/common.xml,DEFINED_IN_ENTRYPOINT_CLOSURE,NO_REFERENCE_FOUND_BY_HEURISTIC_SCAN,0,0,0,,2978,ArduCopter|ArduPlane|Rover|libraries production-like C/C++ headers/sources; tests/examples excluded,NOT_RUN_NO_CAPTURE,,XML definition is not implementation support; static references are heuristic and do not prove reachability; no default runtime MAVLink capture was performed.
ArduPilot,command,4501,MAV_CMD_CONDITION_GATE,all.xml,baseline/ardupilot/modules/mavlink/message_definitions/v1.0/common.xml,DEFINED_IN_ENTRYPOINT_CLOSURE,NO_REFERENCE_FOUND_BY_HEURISTIC_SCAN,0,0,0,,2978,ArduCopter|ArduPlane|Rover|libraries production-like C/C++ headers/sources; tests/examples excluded,NOT_RUN_NO_CAPTURE,,XML definition is not implementation support; static references are heuristic and do not prove reachability; no default runtime MAVLink capture was performed.
ArduPilot,command,5000,MAV_CMD_NAV_FENCE_RETURN_POINT,all.xml,baseline/ardupilot/modules/mavlink/message_definitions/v1.0/common.xml,DEFINED_IN_ENTRYPOINT_CLOSURE,STATIC_REFERENCE_FOUND,0,2,1,baseline/ardupilot/libraries/AP_Mission/AP_Mission.cpp:930|baseline/ardupilot/libraries/GCS_MAVLink/MissionItemProtocol_Fence.cpp:130|baseline/ardupilot/libraries/GCS_MAVLink/MissionItemProtocol_Fence.cpp:45,2978,ArduCopter|ArduPlane|Rover|libraries production-like C/C++ headers/sources; tests/examples excluded,NOT_RUN_NO_CAPTURE,,XML definition is not implementation support; static references are heuristic and do not prove reachability; no default runtime MAVLink capture was performed.
ArduPilot,command,5001,MAV_CMD_NAV_FENCE_POLYGON_VERTEX_INCLUSION,all.xml,baseline/ardupilot/modules/mavlink/message_definitions/v1.0/common.xml,DEFINED_IN_ENTRYPOINT_CLOSURE,STATIC_REFERENCE_FOUND,0,2,2,baseline/ardupilot/libraries/AP_Mission/AP_Mission.cpp:926|baseline/ardupilot/libraries/GCS_MAVLink/MissionItemProtocol_Fence.cpp:116|baseline/ardupilot/libraries/GCS_MAVLink/MissionItemProtocol_Fence.cpp:33|baseline/ardupilot/libraries/GCS_MAVLink/MissionItemProtocol_Fence.cpp:37,2978,ArduCopter|ArduPlane|Rover|libraries production-like C/C++ headers/sources; tests/examples excluded,NOT_RUN_NO_CAPTURE,,XML definition is not implementation support; static references are heuristic and do not prove reachability; no default runtime MAVLink capture was performed.
ArduPilot,command,5002,MAV_CMD_NAV_FENCE_POLYGON_VERTEX_EXCLUSION,all.xml,baseline/ardupilot/modules/mavlink/message_definitions/v1.0/common.xml,DEFINED_IN_ENTRYPOINT_CLOSURE,STATIC_REFERENCE_FOUND,0,2,1,baseline/ardupilot/libraries/AP_Mission/AP_Mission.cpp:927|baseline/ardupilot/libraries/GCS_MAVLink/MissionItemProtocol_Fence.cpp:123|baseline/ardupilot/libraries/GCS_MAVLink/MissionItemProtocol_Fence.cpp:41,2978,ArduCopter|ArduPlane|Rover|libraries production-like C/C++ headers/sources; tests/examples excluded,NOT_RUN_NO_CAPTURE,,XML definition is not implementation support; static references are heuristic and do not prove reachability; no default runtime MAVLink capture was performed.
ArduPilot,command,5003,MAV_CMD_NAV_FENCE_CIRCLE_INCLUSION,all.xml,baseline/ardupilot/modules/mavlink/message_definitions/v1.0/common.xml,DEFINED_IN_ENTRYPOINT_CLOSURE,STATIC_REFERENCE_FOUND,0,2,1,baseline/ardupilot/libraries/AP_Mission/AP_Mission.cpp:928|baseline/ardupilot/libraries/GCS_MAVLink/MissionItemProtocol_Fence.cpp:137|baseline/ardupilot/libraries/GCS_MAVLink/MissionItemProtocol_Fence.cpp:52,2978,ArduCopter|ArduPlane|Rover|libraries production-like C/C++ headers/sources; tests/examples excluded,NOT_RUN_NO_CAPTURE,,XML definition is not implementation support; static references are heuristic and do not prove reachability; no default runtime MAVLink capture was performed.
ArduPilot,command,5004,MAV_CMD_NAV_FENCE_CIRCLE_EXCLUSION,all.xml,baseline/ardupilot/modules/mavlink/message_definitions/v1.0/common.xml,DEFINED_IN_ENTRYPOINT_CLOSURE,STATIC_REFERENCE_FOUND,0,2,1,baseline/ardupilot/libraries/AP_Mission/AP_Mission.cpp:929|baseline/ardupilot/libraries/GCS_MAVLink/MissionItemProtocol_Fence.cpp:133|baseline/ardupilot/libraries/GCS_MAVLink/MissionItemProtocol_Fence.cpp:48,2978,ArduCopter|ArduPlane|Rover|libraries production-like C/C++ headers/sources; tests/examples excluded,NOT_RUN_NO_CAPTURE,,XML definition is not implementation support; static references are heuristic and do not prove reachability; no default runtime MAVLink capture was performed.
ArduPilot,command,5005,MAV_CMD_NAV_FENCE_HOME_CIRCLE_INCLUSION,all.xml,baseline/ardupilot/modules/mavlink/message_definitions/v1.0/development.xml,DEFINED_IN_ENTRYPOINT_CLOSURE,STATIC_REFERENCE_FOUND,0,1,1,baseline/ardupilot/libraries/GCS_MAVLink/MissionItemProtocol_Fence.cpp:141|baseline/ardupilot/libraries/GCS_MAVLink/MissionItemProtocol_Fence.cpp:56,2978,ArduCopter|ArduPlane|Rover|libraries production-like C/C++ headers/sources; tests/examples excluded,NOT_RUN_NO_CAPTURE,,XML definition is not implementation support; static references are heuristic and do not prove reachability; no default runtime MAVLink capture was performed.
ArduPilot,command,5100,MAV_CMD_NAV_RALLY_POINT,all.xml,baseline/ardupilot/modules/mavlink/message_definitions/v1.0/common.xml,DEFINED_IN_ENTRYPOINT_CLOSURE,STATIC_REFERENCE_FOUND,0,1,2,baseline/ardupilot/libraries/AP_Mission/AP_Mission.cpp:931|baseline/ardupilot/libraries/GCS_MAVLink/MissionItemProtocol_Rally.cpp:125|baseline/ardupilot/libraries/GCS_MAVLink/MissionItemProtocol_Rally.cpp:60,2978,ArduCopter|ArduPlane|Rover|libraries production-like C/C++ headers/sources; tests/examples excluded,NOT_RUN_NO_CAPTURE,,XML definition is not implementation support; static references are heuristic and do not prove reachability; no default runtime MAVLink capture was performed.
ArduPilot,command,5200,MAV_CMD_UAVCAN_GET_NODE_INFO,all.xml,baseline/ardupilot/modules/mavlink/message_definitions/v1.0/common.xml,DEFINED_IN_ENTRYPOINT_CLOSURE,NO_REFERENCE_FOUND_BY_HEURISTIC_SCAN,0,0,0,,2978,ArduCopter|ArduPlane|Rover|libraries production-like C/C++ headers/sources; tests/examples excluded,NOT_RUN_NO_CAPTURE,,XML definition is not implementation support; static references are heuristic and do not prove reachability; no default runtime MAVLink capture was performed.
ArduPilot,command,5300,MAV_CMD_DO_SET_SAFETY_SWITCH_STATE,all.xml,baseline/ardupilot/modules/mavlink/message_definitions/v1.0/common.xml,DEFINED_IN_ENTRYPOINT_CLOSURE,STATIC_REFERENCE_FOUND,0,1,0,baseline/ardupilot/libraries/GCS_MAVLink/GCS_Common.cpp:5842,2978,ArduCopter|ArduPlane|Rover|libraries production-like C/C++ headers/sources; tests/examples excluded,NOT_RUN_NO_CAPTURE,,XML definition is not implementation support; static references are heuristic and do not prove reachability; no default runtime MAVLink capture was performed.
ArduPilot,command,10001,MAV_CMD_DO_ADSB_OUT_IDENT,all.xml,baseline/ardupilot/modules/mavlink/message_definitions/v1.0/common.xml,DEFINED_IN_ENTRYPOINT_CLOSURE,STATIC_REFERENCE_FOUND,0,1,0,baseline/ardupilot/libraries/GCS_MAVLink/GCS_Common.cpp:5704,2978,ArduCopter|ArduPlane|Rover|libraries production-like C/C++ headers/sources; tests/examples excluded,NOT_RUN_NO_CAPTURE,,XML definition is not implementation support; static references are heuristic and do not prove reachability; no default runtime MAVLink capture was performed.
ArduPilot,command,10151,MAV_CMD_LOWEHEISER_SET_STATE,all.xml,baseline/ardupilot/modules/mavlink/message_definitions/v1.0/loweheiser.xml,DEFINED_IN_ENTRYPOINT_CLOSURE,STATIC_REFERENCE_FOUND,0,1,3,baseline/ardupilot/libraries/AP_Generator/AP_Generator_Loweheiser.cpp:475|baseline/ardupilot/libraries/AP_Generator/AP_Generator_Loweheiser.cpp:511|baseline/ardupilot/libraries/SITL/SIM_Loweheiser.cpp:131|baseline/ardupilot/libraries/SITL/SIM_Loweheiser.cpp:92,2978,ArduCopter|ArduPlane|Rover|libraries production-like C/C++ headers/sources; tests/examples excluded,NOT_RUN_NO_CAPTURE,,XML definition is not implementation support; static references are heuristic and do not prove reachability; no default runtime MAVLink capture was performed.
ArduPilot,command,30001,MAV_CMD_PAYLOAD_PREPARE_DEPLOY,all.xml,baseline/ardupilot/modules/mavlink/message_definitions/v1.0/common.xml,DEFINED_IN_ENTRYPOINT_CLOSURE,NO_REFERENCE_FOUND_BY_HEURISTIC_SCAN,0,0,0,,2978,ArduCopter|ArduPlane|Rover|libraries production-like C/C++ headers/sources; tests/examples excluded,NOT_RUN_NO_CAPTURE,,XML definition is not implementation support; static references are heuristic and do not prove reachability; no default runtime MAVLink capture was performed.
ArduPilot,command,30002,MAV_CMD_PAYLOAD_CONTROL_DEPLOY,all.xml,baseline/ardupilot/modules/mavlink/message_definitions/v1.0/common.xml,DEFINED_IN_ENTRYPOINT_CLOSURE,NO_REFERENCE_FOUND_BY_HEURISTIC_SCAN,0,0,0,,2978,ArduCopter|ArduPlane|Rover|libraries production-like C/C++ headers/sources; tests/examples excluded,NOT_RUN_NO_CAPTURE,,XML definition is not implementation support; static references are heuristic and do not prove reachability; no default runtime MAVLink capture was performed.
ArduPilot,command,31000,MAV_CMD_WAYPOINT_USER_1,all.xml,baseline/ardupilot/modules/mavlink/message_definitions/v1.0/common.xml,DEFINED_IN_ENTRYPOINT_CLOSURE,NO_REFERENCE_FOUND_BY_HEURISTIC_SCAN,0,0,0,,2978,ArduCopter|ArduPlane|Rover|libraries production-like C/C++ headers/sources; tests/examples excluded,NOT_RUN_NO_CAPTURE,,XML definition is not implementation support; static references are heuristic and do not prove reachability; no default runtime MAVLink capture was performed.
ArduPilot,command,31001,MAV_CMD_WAYPOINT_USER_2,all.xml,baseline/ardupilot/modules/mavlink/message_definitions/v1.0/common.xml,DEFINED_IN_ENTRYPOINT_CLOSURE,NO_REFERENCE_FOUND_BY_HEURISTIC_SCAN,0,0,0,,2978,ArduCopter|ArduPlane|Rover|libraries production-like C/C++ headers/sources; tests/examples excluded,NOT_RUN_NO_CAPTURE,,XML definition is not implementation support; static references are heuristic and do not prove reachability; no default runtime MAVLink capture was performed.
ArduPilot,command,31002,MAV_CMD_WAYPOINT_USER_3,all.xml,baseline/ardupilot/modules/mavlink/message_definitions/v1.0/common.xml,DEFINED_IN_ENTRYPOINT_CLOSURE,NO_REFERENCE_FOUND_BY_HEURISTIC_SCAN,0,0,0,,2978,ArduCopter|ArduPlane|Rover|libraries production-like C/C++ headers/sources; tests/examples excluded,NOT_RUN_NO_CAPTURE,,XML definition is not implementation support; static references are heuristic and do not prove reachability; no default runtime MAVLink capture was performed.
ArduPilot,command,31003,MAV_CMD_WAYPOINT_USER_4,all.xml,baseline/ardupilot/modules/mavlink/message_definitions/v1.0/common.xml,DEFINED_IN_ENTRYPOINT_CLOSURE,NO_REFERENCE_FOUND_BY_HEURISTIC_SCAN,0,0,0,,2978,ArduCopter|ArduPlane|Rover|libraries production-like C/C++ headers/sources; tests/examples excluded,NOT_RUN_NO_CAPTURE,,XML definition is not implementation support; static references are heuristic and do not prove reachability; no default runtime MAVLink capture was performed.
ArduPilot,command,31004,MAV_CMD_WAYPOINT_USER_5,all.xml,baseline/ardupilot/modules/mavlink/message_definitions/v1.0/common.xml,DEFINED_IN_ENTRYPOINT_CLOSURE,NO_REFERENCE_FOUND_BY_HEURISTIC_SCAN,0,0,0,,2978,ArduCopter|ArduPlane|Rover|libraries production-like C/C++ headers/sources; tests/examples excluded,NOT_RUN_NO_CAPTURE,,XML definition is not implementation support; static references are heuristic and do not prove reachability; no default runtime MAVLink capture was performed.
ArduPilot,command,31005,MAV_CMD_SPATIAL_USER_1,all.xml,baseline/ardupilot/modules/mavlink/message_definitions/v1.0/common.xml,DEFINED_IN_ENTRYPOINT_CLOSURE,NO_REFERENCE_FOUND_BY_HEURISTIC_SCAN,0,0,0,,2978,ArduCopter|ArduPlane|Rover|libraries production-like C/C++ headers/sources; tests/examples excluded,NOT_RUN_NO_CAPTURE,,XML definition is not implementation support; static references are heuristic and do not prove reachability; no default runtime MAVLink capture was performed.
ArduPilot,command,31006,MAV_CMD_SPATIAL_USER_2,all.xml,baseline/ardupilot/modules/mavlink/message_definitions/v1.0/common.xml,DEFINED_IN_ENTRYPOINT_CLOSURE,NO_REFERENCE_FOUND_BY_HEURISTIC_SCAN,0,0,0,,2978,ArduCopter|ArduPlane|Rover|libraries production-like C/C++ headers/sources; tests/examples excluded,NOT_RUN_NO_CAPTURE,,XML definition is not implementation support; static references are heuristic and do not prove reachability; no default runtime MAVLink capture was performed.
ArduPilot,command,31007,MAV_CMD_SPATIAL_USER_3,all.xml,baseline/ardupilot/modules/mavlink/message_definitions/v1.0/common.xml,DEFINED_IN_ENTRYPOINT_CLOSURE,NO_REFERENCE_FOUND_BY_HEURISTIC_SCAN,0,0,0,,2978,ArduCopter|ArduPlane|Rover|libraries production-like C/C++ headers/sources; tests/examples excluded,NOT_RUN_NO_CAPTURE,,XML definition is not implementation support; static references are heuristic and do not prove reachability; no default runtime MAVLink capture was performed.
ArduPilot,command,31008,MAV_CMD_SPATIAL_USER_4,all.xml,baseline/ardupilot/modules/mavlink/message_definitions/v1.0/common.xml,DEFINED_IN_ENTRYPOINT_CLOSURE,NO_REFERENCE_FOUND_BY_HEURISTIC_SCAN,0,0,0,,2978,ArduCopter|ArduPlane|Rover|libraries production-like C/C++ headers/sources; tests/examples excluded,NOT_RUN_NO_CAPTURE,,XML definition is not implementation support; static references are heuristic and do not prove reachability; no default runtime MAVLink capture was performed.
ArduPilot,command,31009,MAV_CMD_SPATIAL_USER_5,all.xml,baseline/ardupilot/modules/mavlink/message_definitions/v1.0/common.xml,DEFINED_IN_ENTRYPOINT_CLOSURE,NO_REFERENCE_FOUND_BY_HEURISTIC_SCAN,0,0,0,,2978,ArduCopter|ArduPlane|Rover|libraries production-like C/C++ headers/sources; tests/examples excluded,NOT_RUN_NO_CAPTURE,,XML definition is not implementation support; static references are heuristic and do not prove reachability; no default runtime MAVLink capture was performed.
ArduPilot,command,31010,MAV_CMD_USER_1,all.xml,baseline/ardupilot/modules/mavlink/message_definitions/v1.0/common.xml,DEFINED_IN_ENTRYPOINT_CLOSURE,NO_REFERENCE_FOUND_BY_HEURISTIC_SCAN,0,0,0,,2978,ArduCopter|ArduPlane|Rover|libraries production-like C/C++ headers/sources; tests/examples excluded,NOT_RUN_NO_CAPTURE,,XML definition is not implementation support; static references are heuristic and do not prove reachability; no default runtime MAVLink capture was performed.
ArduPilot,command,31011,MAV_CMD_USER_2,all.xml,baseline/ardupilot/modules/mavlink/message_definitions/v1.0/common.xml,DEFINED_IN_ENTRYPOINT_CLOSURE,NO_REFERENCE_FOUND_BY_HEURISTIC_SCAN,0,0,0,,2978,ArduCopter|ArduPlane|Rover|libraries production-like C/C++ headers/sources; tests/examples excluded,NOT_RUN_NO_CAPTURE,,XML definition is not implementation support; static references are heuristic and do not prove reachability; no default runtime MAVLink capture was performed.
ArduPilot,command,31012,MAV_CMD_USER_3,all.xml,baseline/ardupilot/modules/mavlink/message_definitions/v1.0/common.xml,DEFINED_IN_ENTRYPOINT_CLOSURE,NO_REFERENCE_FOUND_BY_HEURISTIC_SCAN,0,0,0,,2978,ArduCopter|ArduPlane|Rover|libraries production-like C/C++ headers/sources; tests/examples excluded,NOT_RUN_NO_CAPTURE,,XML definition is not implementation support; static references are heuristic and do not prove reachability; no default runtime MAVLink capture was performed.
ArduPilot,command,31013,MAV_CMD_USER_4,all.xml,baseline/ardupilot/modules/mavlink/message_definitions/v1.0/common.xml,DEFINED_IN_ENTRYPOINT_CLOSURE,NO_REFERENCE_FOUND_BY_HEURISTIC_SCAN,0,0,0,,2978,ArduCopter|ArduPlane|Rover|libraries production-like C/C++ headers/sources; tests/examples excluded,NOT_RUN_NO_CAPTURE,,XML definition is not implementation support; static references are heuristic and do not prove reachability; no default runtime MAVLink capture was performed.
ArduPilot,command,31014,MAV_CMD_USER_5,all.xml,baseline/ardupilot/modules/mavlink/message_definitions/v1.0/common.xml,DEFINED_IN_ENTRYPOINT_CLOSURE,NO_REFERENCE_FOUND_BY_HEURISTIC_SCAN,0,0,0,,2978,ArduCopter|ArduPlane|Rover|libraries production-like C/C++ headers/sources; tests/examples excluded,NOT_RUN_NO_CAPTURE,,XML definition is not implementation support; static references are heuristic and do not prove reachability; no default runtime MAVLink capture was performed.
ArduPilot,command,32000,MAV_CMD_CAN_FORWARD,all.xml,baseline/ardupilot/modules/mavlink/message_definitions/v1.0/common.xml,DEFINED_IN_ENTRYPOINT_CLOSURE,STATIC_REFERENCE_FOUND,0,1,3,baseline/ardupilot/libraries/AP_CANManager/AP_MAVLinkCAN.cpp:63|baseline/ardupilot/libraries/GCS_MAVLink/GCS.h:733|baseline/ardupilot/libraries/GCS_MAVLink/GCS_Common.cpp:4286|baseline/ardupilot/libraries/GCS_MAVLink/GCS_Common.cpp:5691,2978,ArduCopter|ArduPlane|Rover|libraries production-like C/C++ headers/sources; tests/examples excluded,NOT_RUN_NO_CAPTURE,,XML definition is not implementation support; static references are heuristic and do not prove reachability; no default runtime MAVLink capture was performed.
ArduPilot,command,40001,MAV_CMD_RESET_MPPT,all.xml,baseline/ardupilot/modules/mavlink/message_definitions/v1.0/ASLUAV.xml,DEFINED_IN_ENTRYPOINT_CLOSURE,NO_REFERENCE_FOUND_BY_HEURISTIC_SCAN,0,0,0,,2978,ArduCopter|ArduPlane|Rover|libraries production-like C/C++ headers/sources; tests/examples excluded,NOT_RUN_NO_CAPTURE,,XML definition is not implementation support; static references are heuristic and do not prove reachability; no default runtime MAVLink capture was performed.
ArduPilot,command,40002,MAV_CMD_PAYLOAD_CONTROL,all.xml,baseline/ardupilot/modules/mavlink/message_definitions/v1.0/ASLUAV.xml,DEFINED_IN_ENTRYPOINT_CLOSURE,NO_REFERENCE_FOUND_BY_HEURISTIC_SCAN,0,0,0,,2978,ArduCopter|ArduPlane|Rover|libraries production-like C/C++ headers/sources; tests/examples excluded,NOT_RUN_NO_CAPTURE,,XML definition is not implementation support; static references are heuristic and do not prove reachability; no default runtime MAVLink capture was performed.
ArduPilot,command,42000,MAV_CMD_POWER_OFF_INITIATED,all.xml,baseline/ardupilot/modules/mavlink/message_definitions/v1.0/ardupilotmega.xml,DEFINED_IN_ENTRYPOINT_CLOSURE,STATIC_REFERENCE_FOUND,1,0,0,baseline/ardupilot/libraries/AP_BattMonitor/AP_BattMonitor.cpp:1116,2978,ArduCopter|ArduPlane|Rover|libraries production-like C/C++ headers/sources; tests/examples excluded,NOT_RUN_NO_CAPTURE,,XML definition is not implementation support; static references are heuristic and do not prove reachability; no default runtime MAVLink capture was performed.
ArduPilot,command,42001,MAV_CMD_SOLO_BTN_FLY_CLICK,all.xml,baseline/ardupilot/modules/mavlink/message_definitions/v1.0/ardupilotmega.xml,DEFINED_IN_ENTRYPOINT_CLOSURE,STATIC_REFERENCE_FOUND,0,1,0,baseline/ardupilot/ArduCopter/GCS_MAVLink_Copter.cpp:505,2978,ArduCopter|ArduPlane|Rover|libraries production-like C/C++ headers/sources; tests/examples excluded,NOT_RUN_NO_CAPTURE,,XML definition is not implementation support; static references are heuristic and do not prove reachability; no default runtime MAVLink capture was performed.
ArduPilot,command,42002,MAV_CMD_SOLO_BTN_FLY_HOLD,all.xml,baseline/ardupilot/modules/mavlink/message_definitions/v1.0/ardupilotmega.xml,DEFINED_IN_ENTRYPOINT_CLOSURE,STATIC_REFERENCE_FOUND,0,1,0,baseline/ardupilot/ArduCopter/GCS_MAVLink_Copter.cpp:502,2978,ArduCopter|ArduPlane|Rover|libraries production-like C/C++ headers/sources; tests/examples excluded,NOT_RUN_NO_CAPTURE,,XML definition is not implementation support; static references are heuristic and do not prove reachability; no default runtime MAVLink capture was performed.
ArduPilot,command,42003,MAV_CMD_SOLO_BTN_PAUSE_CLICK,all.xml,baseline/ardupilot/modules/mavlink/message_definitions/v1.0/ardupilotmega.xml,DEFINED_IN_ENTRYPOINT_CLOSURE,STATIC_REFERENCE_FOUND,0,1,0,baseline/ardupilot/ArduCopter/GCS_MAVLink_Copter.cpp:499,2978,ArduCopter|ArduPlane|Rover|libraries production-like C/C++ headers/sources; tests/examples excluded,NOT_RUN_NO_CAPTURE,,XML definition is not implementation support; static references are heuristic and do not prove reachability; no default runtime MAVLink capture was performed.
ArduPilot,command,42004,MAV_CMD_FIXED_MAG_CAL,all.xml,baseline/ardupilot/modules/mavlink/message_definitions/v1.0/ardupilotmega.xml,DEFINED_IN_ENTRYPOINT_CLOSURE,NO_REFERENCE_FOUND_BY_HEURISTIC_SCAN,0,0,0,,2978,ArduCopter|ArduPlane|Rover|libraries production-like C/C++ headers/sources; tests/examples excluded,NOT_RUN_NO_CAPTURE,,XML definition is not implementation support; static references are heuristic and do not prove reachability; no default runtime MAVLink capture was performed.
ArduPilot,command,42005,MAV_CMD_FIXED_MAG_CAL_FIELD,all.xml,baseline/ardupilot/modules/mavlink/message_definitions/v1.0/ardupilotmega.xml,DEFINED_IN_ENTRYPOINT_CLOSURE,NO_REFERENCE_FOUND_BY_HEURISTIC_SCAN,0,0,0,,2978,ArduCopter|ArduPlane|Rover|libraries production-like C/C++ headers/sources; tests/examples excluded,NOT_RUN_NO_CAPTURE,,XML definition is not implementation support; static references are heuristic and do not prove reachability; no default runtime MAVLink capture was performed.
ArduPilot,command,42006,MAV_CMD_FIXED_MAG_CAL_YAW,all.xml,baseline/ardupilot/modules/mavlink/message_definitions/v1.0/common.xml,DEFINED_IN_ENTRYPOINT_CLOSURE,STATIC_REFERENCE_FOUND,0,1,2,baseline/ardupilot/libraries/GCS_MAVLink/GCS_Common.cpp:4262|baseline/ardupilot/libraries/GCS_MAVLink/GCS_Common.cpp:5347|baseline/ardupilot/libraries/GCS_MAVLink/GCS_Common.cpp:5807,2978,ArduCopter|ArduPlane|Rover|libraries production-like C/C++ headers/sources; tests/examples excluded,NOT_RUN_NO_CAPTURE,,XML definition is not implementation support; static references are heuristic and do not prove reachability; no default runtime MAVLink capture was performed.
ArduPilot,command,42007,MAV_CMD_SET_EKF_SOURCE_SET,all.xml,baseline/ardupilot/modules/mavlink/message_definitions/v1.0/ardupilotmega.xml,DEFINED_IN_ENTRYPOINT_CLOSURE,STATIC_REFERENCE_FOUND,0,1,0,baseline/ardupilot/libraries/GCS_MAVLink/GCS_Common.cpp:5875,2978,ArduCopter|ArduPlane|Rover|libraries production-like C/C++ headers/sources; tests/examples excluded,NOT_RUN_NO_CAPTURE,,XML definition is not implementation support; static references are heuristic and do not prove reachability; no default runtime MAVLink capture was performed.
ArduPilot,command,42424,MAV_CMD_DO_START_MAG_CAL,all.xml,baseline/ardupilot/modules/mavlink/message_definitions/v1.0/ardupilotmega.xml,DEFINED_IN_ENTRYPOINT_CLOSURE,STATIC_REFERENCE_FOUND,0,2,0,baseline/ardupilot/libraries/AP_Compass/AP_Compass_Calibration.cpp:407|baseline/ardupilot/libraries/GCS_MAVLink/GCS_Common.cpp:5811,2978,ArduCopter|ArduPlane|Rover|libraries production-like C/C++ headers/sources; tests/examples excluded,NOT_RUN_NO_CAPTURE,,XML definition is not implementation support; static references are heuristic and do not prove reachability; no default runtime MAVLink capture was performed.
ArduPilot,command,42425,MAV_CMD_DO_ACCEPT_MAG_CAL,all.xml,baseline/ardupilot/modules/mavlink/message_definitions/v1.0/ardupilotmega.xml,DEFINED_IN_ENTRYPOINT_CLOSURE,STATIC_REFERENCE_FOUND,0,2,0,baseline/ardupilot/libraries/AP_Compass/AP_Compass_Calibration.cpp:443|baseline/ardupilot/libraries/GCS_MAVLink/GCS_Common.cpp:5812,2978,ArduCopter|ArduPlane|Rover|libraries production-like C/C++ headers/sources; tests/examples excluded,NOT_RUN_NO_CAPTURE,,XML definition is not implementation support; static references are heuristic and do not prove reachability; no default runtime MAVLink capture was performed.
ArduPilot,command,42426,MAV_CMD_DO_CANCEL_MAG_CAL,all.xml,baseline/ardupilot/modules/mavlink/message_definitions/v1.0/ardupilotmega.xml,DEFINED_IN_ENTRYPOINT_CLOSURE,STATIC_REFERENCE_FOUND,0,2,0,baseline/ardupilot/libraries/AP_Compass/AP_Compass_Calibration.cpp:462|baseline/ardupilot/libraries/GCS_MAVLink/GCS_Common.cpp:5813,2978,ArduCopter|ArduPlane|Rover|libraries production-like C/C++ headers/sources; tests/examples excluded,NOT_RUN_NO_CAPTURE,,XML definition is not implementation support; static references are heuristic and do not prove reachability; no default runtime MAVLink capture was performed.
ArduPilot,command,42427,MAV_CMD_SET_FACTORY_TEST_MODE,all.xml,baseline/ardupilot/modules/mavlink/message_definitions/v1.0/ardupilotmega.xml,DEFINED_IN_ENTRYPOINT_CLOSURE,NO_REFERENCE_FOUND_BY_HEURISTIC_SCAN,0,0,0,,2978,ArduCopter|ArduPlane|Rover|libraries production-like C/C++ headers/sources; tests/examples excluded,NOT_RUN_NO_CAPTURE,,XML definition is not implementation support; static references are heuristic and do not prove reachability; no default runtime MAVLink capture was performed.
ArduPilot,command,42428,MAV_CMD_DO_SEND_BANNER,all.xml,baseline/ardupilot/modules/mavlink/message_definitions/v1.0/ardupilotmega.xml,DEFINED_IN_ENTRYPOINT_CLOSURE,STATIC_REFERENCE_FOUND,0,1,0,baseline/ardupilot/libraries/GCS_MAVLink/GCS_Common.cpp:5785,2978,ArduCopter|ArduPlane|Rover|libraries production-like C/C++ headers/sources; tests/examples excluded,NOT_RUN_NO_CAPTURE,,XML definition is not implementation support; static references are heuristic and do not prove reachability; no default runtime MAVLink capture was performed.
ArduPilot,command,42429,MAV_CMD_ACCELCAL_VEHICLE_POS,all.xml,baseline/ardupilot/modules/mavlink/message_definitions/v1.0/ardupilotmega.xml,DEFINED_IN_ENTRYPOINT_CLOSURE,STATIC_REFERENCE_FOUND,0,1,1,baseline/ardupilot/libraries/GCS_MAVLink/GCS_Common.cpp:3454|baseline/ardupilot/libraries/GCS_MAVLink/GCS_Common.cpp:5676,2978,ArduCopter|ArduPlane|Rover|libraries production-like C/C++ headers/sources; tests/examples excluded,NOT_RUN_NO_CAPTURE,,XML definition is not implementation support; static references are heuristic and do not prove reachability; no default runtime MAVLink capture was performed.
ArduPilot,command,42501,MAV_CMD_GIMBAL_RESET,all.xml,baseline/ardupilot/modules/mavlink/message_definitions/v1.0/ardupilotmega.xml,DEFINED_IN_ENTRYPOINT_CLOSURE,NO_REFERENCE_FOUND_BY_HEURISTIC_SCAN,0,0,0,,2978,ArduCopter|ArduPlane|Rover|libraries production-like C/C++ headers/sources; tests/examples excluded,NOT_RUN_NO_CAPTURE,,XML definition is not implementation support; static references are heuristic and do not prove reachability; no default runtime MAVLink capture was performed.
ArduPilot,command,42502,MAV_CMD_GIMBAL_AXIS_CALIBRATION_STATUS,all.xml,baseline/ardupilot/modules/mavlink/message_definitions/v1.0/ardupilotmega.xml,DEFINED_IN_ENTRYPOINT_CLOSURE,NO_REFERENCE_FOUND_BY_HEURISTIC_SCAN,0,0,0,,2978,ArduCopter|ArduPlane|Rover|libraries production-like C/C++ headers/sources; tests/examples excluded,NOT_RUN_NO_CAPTURE,,XML definition is not implementation support; static references are heuristic and do not prove reachability; no default runtime MAVLink capture was performed.
ArduPilot,command,42503,MAV_CMD_GIMBAL_REQUEST_AXIS_CALIBRATION,all.xml,baseline/ardupilot/modules/mavlink/message_definitions/v1.0/ardupilotmega.xml,DEFINED_IN_ENTRYPOINT_CLOSURE,NO_REFERENCE_FOUND_BY_HEURISTIC_SCAN,0,0,0,,2978,ArduCopter|ArduPlane|Rover|libraries production-like C/C++ headers/sources; tests/examples excluded,NOT_RUN_NO_CAPTURE,,XML definition is not implementation support; static references are heuristic and do not prove reachability; no default runtime MAVLink capture was performed.
ArduPilot,command,42505,MAV_CMD_GIMBAL_FULL_RESET,all.xml,baseline/ardupilot/modules/mavlink/message_definitions/v1.0/ardupilotmega.xml,DEFINED_IN_ENTRYPOINT_CLOSURE,NO_REFERENCE_FOUND_BY_HEURISTIC_SCAN,0,0,0,,2978,ArduCopter|ArduPlane|Rover|libraries production-like C/C++ headers/sources; tests/examples excluded,NOT_RUN_NO_CAPTURE,,XML definition is not implementation support; static references are heuristic and do not prove reachability; no default runtime MAVLink capture was performed.
ArduPilot,command,42600,MAV_CMD_DO_WINCH,all.xml,baseline/ardupilot/modules/mavlink/message_definitions/v1.0/common.xml,DEFINED_IN_ENTRYPOINT_CLOSURE,STATIC_REFERENCE_FOUND,0,6,0,baseline/ardupilot/ArduCopter/GCS_MAVLink_Copter.cpp:515|baseline/ardupilot/ArduCopter/mode_auto.cpp:1049|baseline/ardupilot/ArduCopter/mode_auto.cpp:828|baseline/ardupilot/libraries/AP_Mission/AP_Mission.cpp:1389|baseline/ardupilot/libraries/AP_Mission/AP_Mission.cpp:1927|baseline/ardupilot/libraries/AP_Mission/AP_Mission.cpp:2936,2978,ArduCopter|ArduPlane|Rover|libraries production-like C/C++ headers/sources; tests/examples excluded,NOT_RUN_NO_CAPTURE,,XML definition is not implementation support; static references are heuristic and do not prove reachability; no default runtime MAVLink capture was performed.
ArduPilot,command,42650,MAV_CMD_FLASH_BOOTLOADER,all.xml,baseline/ardupilot/modules/mavlink/message_definitions/v1.0/ardupilotmega.xml,DEFINED_IN_ENTRYPOINT_CLOSURE,STATIC_REFERENCE_FOUND,0,1,0,baseline/ardupilot/libraries/GCS_MAVLink/GCS_Common.cpp:5818,2978,ArduCopter|ArduPlane|Rover|libraries production-like C/C++ headers/sources; tests/examples excluded,NOT_RUN_NO_CAPTURE,,XML definition is not implementation support; static references are heuristic and do not prove reachability; no default runtime MAVLink capture was performed.
ArduPilot,command,42651,MAV_CMD_BATTERY_RESET,all.xml,baseline/ardupilot/modules/mavlink/message_definitions/v1.0/ardupilotmega.xml,DEFINED_IN_ENTRYPOINT_CLOSURE,STATIC_REFERENCE_FOUND,0,1,0,baseline/ardupilot/libraries/GCS_MAVLink/GCS_Common.cpp:5686,2978,ArduCopter|ArduPlane|Rover|libraries production-like C/C++ headers/sources; tests/examples excluded,NOT_RUN_NO_CAPTURE,,XML definition is not implementation support; static references are heuristic and do not prove reachability; no default runtime MAVLink capture was performed.
ArduPilot,command,42700,MAV_CMD_DEBUG_TRAP,all.xml,baseline/ardupilot/modules/mavlink/message_definitions/v1.0/ardupilotmega.xml,DEFINED_IN_ENTRYPOINT_CLOSURE,STATIC_REFERENCE_FOUND,0,1,0,baseline/ardupilot/libraries/GCS_MAVLink/GCS_Common.cpp:5700,2978,ArduCopter|ArduPlane|Rover|libraries production-like C/C++ headers/sources; tests/examples excluded,NOT_RUN_NO_CAPTURE,,XML definition is not implementation support; static references are heuristic and do not prove reachability; no default runtime MAVLink capture was performed.
ArduPilot,command,42701,MAV_CMD_SCRIPTING,all.xml,baseline/ardupilot/modules/mavlink/message_definitions/v1.0/ardupilotmega.xml,DEFINED_IN_ENTRYPOINT_CLOSURE,STATIC_REFERENCE_FOUND,0,1,0,baseline/ardupilot/libraries/GCS_MAVLink/GCS_Common.cpp:5864,2978,ArduCopter|ArduPlane|Rover|libraries production-like C/C++ headers/sources; tests/examples excluded,NOT_RUN_NO_CAPTURE,,XML definition is not implementation support; static references are heuristic and do not prove reachability; no default runtime MAVLink capture was performed.
ArduPilot,command,42702,MAV_CMD_NAV_SCRIPT_TIME,all.xml,baseline/ardupilot/modules/mavlink/message_definitions/v1.0/ardupilotmega.xml,DEFINED_IN_ENTRYPOINT_CLOSURE,STATIC_REFERENCE_FOUND,0,9,5,baseline/ardupilot/ArduCopter/mode_auto.cpp:1009|baseline/ardupilot/ArduCopter/mode_auto.cpp:771|baseline/ardupilot/ArduPlane/commands_logic.cpp:1253|baseline/ardupilot/ArduPlane/commands_logic.cpp:195|baseline/ardupilot/ArduPlane/commands_logic.cpp:301|baseline/ardupilot/ArduPlane/mode_auto.cpp:107|baseline/ardupilot/Rover/mode_auto.cpp:543|baseline/ardupilot/Rover/mode_auto.cpp:685|baseline/ardupilot/libraries/AP_Mission/AP_Mission.cpp:1412|baseline/ardupilot/libraries/AP_Mission/AP_Mission.cpp:1946|baseline/ardupilot/libraries/AP_Mission/AP_Mission.cpp:2949|baseline/ardupilot/libraries/AP_Mission/AP_Mission.cpp:3181|baseline/ardupilot/libraries/AP_Mission/AP_Mission.cpp:552|baseline/ardupilot/libraries/AP_Mission/AP_Mission.cpp:986,2978,ArduCopter|ArduPlane|Rover|libraries production-like C/C++ headers/sources; tests/examples excluded,NOT_RUN_NO_CAPTURE,,XML definition is not implementation support; static references are heuristic and do not prove reachability; no default runtime MAVLink capture was performed.
ArduPilot,command,42703,MAV_CMD_NAV_ATTITUDE_TIME,all.xml,baseline/ardupilot/modules/mavlink/message_definitions/v1.0/ardupilotmega.xml,DEFINED_IN_ENTRYPOINT_CLOSURE,STATIC_REFERENCE_FOUND,0,5,1,baseline/ardupilot/ArduCopter/mode_auto.cpp:1014|baseline/ardupilot/ArduCopter/mode_auto.cpp:776|baseline/ardupilot/libraries/AP_Mission/AP_Mission.cpp:1422|baseline/ardupilot/libraries/AP_Mission/AP_Mission.cpp:1956|baseline/ardupilot/libraries/AP_Mission/AP_Mission.cpp:2952|baseline/ardupilot/libraries/AP_Mission/AP_Mission.cpp:553,2978,ArduCopter|ArduPlane|Rover|libraries production-like C/C++ headers/sources; tests/examples excluded,NOT_RUN_NO_CAPTURE,,XML definition is not implementation support; static references are heuristic and do not prove reachability; no default runtime MAVLink capture was performed.
ArduPilot,command,43000,MAV_CMD_GUIDED_CHANGE_SPEED,all.xml,baseline/ardupilot/modules/mavlink/message_definitions/v1.0/common.xml,DEFINED_IN_ENTRYPOINT_CLOSURE,STATIC_REFERENCE_FOUND,0,2,0,baseline/ardupilot/ArduPlane/GCS_MAVLink_Plane.cpp:632|baseline/ardupilot/ArduPlane/GCS_MAVLink_Plane.cpp:742,2978,ArduCopter|ArduPlane|Rover|libraries production-like C/C++ headers/sources; tests/examples excluded,NOT_RUN_NO_CAPTURE,,XML definition is not implementation support; static references are heuristic and do not prove reachability; no default runtime MAVLink capture was performed.
ArduPilot,command,43001,MAV_CMD_GUIDED_CHANGE_ALTITUDE,all.xml,baseline/ardupilot/modules/mavlink/message_definitions/v1.0/common.xml,DEFINED_IN_ENTRYPOINT_CLOSURE,STATIC_REFERENCE_FOUND,0,2,0,baseline/ardupilot/ArduPlane/GCS_MAVLink_Plane.cpp:649|baseline/ardupilot/ArduPlane/GCS_MAVLink_Plane.cpp:743,2978,ArduCopter|ArduPlane|Rover|libraries production-like C/C++ headers/sources; tests/examples excluded,NOT_RUN_NO_CAPTURE,,XML definition is not implementation support; static references are heuristic and do not prove reachability; no default runtime MAVLink capture was performed.
ArduPilot,command,43002,MAV_CMD_GUIDED_CHANGE_HEADING,all.xml,baseline/ardupilot/modules/mavlink/message_definitions/v1.0/common.xml,DEFINED_IN_ENTRYPOINT_CLOSURE,STATIC_REFERENCE_FOUND,0,2,0,baseline/ardupilot/ArduPlane/GCS_MAVLink_Plane.cpp:682|baseline/ardupilot/ArduPlane/GCS_MAVLink_Plane.cpp:744,2978,ArduCopter|ArduPlane|Rover|libraries production-like C/C++ headers/sources; tests/examples excluded,NOT_RUN_NO_CAPTURE,,XML definition is not implementation support; static references are heuristic and do not prove reachability; no default runtime MAVLink capture was performed.
ArduPilot,command,43003,MAV_CMD_EXTERNAL_POSITION_ESTIMATE,all.xml,baseline/ardupilot/modules/mavlink/message_definitions/v1.0/common.xml,DEFINED_IN_ENTRYPOINT_CLOSURE,STATIC_REFERENCE_FOUND,0,2,0,baseline/ardupilot/libraries/GCS_MAVLink/GCS_Common.cpp:5328|baseline/ardupilot/libraries/GCS_MAVLink/GCS_Common.cpp:5795,2978,ArduCopter|ArduPlane|Rover|libraries production-like C/C++ headers/sources; tests/examples excluded,NOT_RUN_NO_CAPTURE,,XML definition is not implementation support; static references are heuristic and do not prove reachability; no default runtime MAVLink capture was performed.
ArduPilot,command,43004,MAV_CMD_EXTERNAL_WIND_ESTIMATE,all.xml,baseline/ardupilot/modules/mavlink/message_definitions/v1.0/development.xml,DEFINED_IN_ENTRYPOINT_CLOSURE,STATIC_REFERENCE_FOUND,0,1,0,baseline/ardupilot/libraries/GCS_MAVLink/GCS_Common.cpp:5799,2978,ArduCopter|ArduPlane|Rover|libraries production-like C/C++ headers/sources; tests/examples excluded,NOT_RUN_NO_CAPTURE,,XML definition is not implementation support; static references are heuristic and do not prove reachability; no default runtime MAVLink capture was performed.
ArduPilot,command,43005,MAV_CMD_SET_HAGL,all.xml,baseline/ardupilot/modules/mavlink/message_definitions/v1.0/ardupilotmega.xml,DEFINED_IN_ENTRYPOINT_CLOSURE,STATIC_REFERENCE_FOUND,0,1,1,baseline/ardupilot/ArduPlane/GCS_MAVLink_Plane.cpp:829|baseline/ardupilot/ArduPlane/altitude.cpp:909,2978,ArduCopter|ArduPlane|Rover|libraries production-like C/C++ headers/sources; tests/examples excluded,NOT_RUN_NO_CAPTURE,,XML definition is not implementation support; static references are heuristic and do not prove reachability; no default runtime MAVLink capture was performed.
ArduPilot,command,60002,MAV_CMD_STORM32_DO_GIMBAL_MANAGER_CONTROL_PITCHYAW,all.xml,baseline/ardupilot/modules/mavlink/message_definitions/v1.0/storm32.xml,DEFINED_IN_ENTRYPOINT_CLOSURE,NO_REFERENCE_FOUND_BY_HEURISTIC_SCAN,0,0,0,,2978,ArduCopter|ArduPlane|Rover|libraries production-like C/C++ headers/sources; tests/examples excluded,NOT_RUN_NO_CAPTURE,,XML definition is not implementation support; static references are heuristic and do not prove reachability; no default runtime MAVLink capture was performed.
ArduPilot,command,60010,MAV_CMD_STORM32_DO_GIMBAL_MANAGER_SETUP,all.xml,baseline/ardupilot/modules/mavlink/message_definitions/v1.0/storm32.xml,DEFINED_IN_ENTRYPOINT_CLOSURE,NO_REFERENCE_FOUND_BY_HEURISTIC_SCAN,0,0,0,,2978,ArduCopter|ArduPlane|Rover|libraries production-like C/C++ headers/sources; tests/examples excluded,NOT_RUN_NO_CAPTURE,,XML definition is not implementation support; static references are heuristic and do not prove reachability; no default runtime MAVLink capture was performed.
ArduPilot,command,60020,MAV_CMD_QSHOT_DO_CONFIGURE,all.xml,baseline/ardupilot/modules/mavlink/message_definitions/v1.0/storm32.xml,DEFINED_IN_ENTRYPOINT_CLOSURE,NO_REFERENCE_FOUND_BY_HEURISTIC_SCAN,0,0,0,,2978,ArduCopter|ArduPlane|Rover|libraries production-like C/C++ headers/sources; tests/examples excluded,NOT_RUN_NO_CAPTURE,,XML definition is not implementation support; static references are heuristic and do not prove reachability; no default runtime MAVLink capture was performed.
ArduPilot,command,60050,MAV_CMD_PRS_SET_ARM,all.xml,baseline/ardupilot/modules/mavlink/message_definitions/v1.0/AVSSUAS.xml,DEFINED_IN_ENTRYPOINT_CLOSURE,NO_REFERENCE_FOUND_BY_HEURISTIC_SCAN,0,0,0,,2978,ArduCopter|ArduPlane|Rover|libraries production-like C/C++ headers/sources; tests/examples excluded,NOT_RUN_NO_CAPTURE,,XML definition is not implementation support; static references are heuristic and do not prove reachability; no default runtime MAVLink capture was performed.
ArduPilot,command,60051,MAV_CMD_PRS_GET_ARM,all.xml,baseline/ardupilot/modules/mavlink/message_definitions/v1.0/AVSSUAS.xml,DEFINED_IN_ENTRYPOINT_CLOSURE,NO_REFERENCE_FOUND_BY_HEURISTIC_SCAN,0,0,0,,2978,ArduCopter|ArduPlane|Rover|libraries production-like C/C++ headers/sources; tests/examples excluded,NOT_RUN_NO_CAPTURE,,XML definition is not implementation support; static references are heuristic and do not prove reachability; no default runtime MAVLink capture was performed.
ArduPilot,command,60052,MAV_CMD_PRS_GET_BATTERY,all.xml,baseline/ardupilot/modules/mavlink/message_definitions/v1.0/AVSSUAS.xml,DEFINED_IN_ENTRYPOINT_CLOSURE,NO_REFERENCE_FOUND_BY_HEURISTIC_SCAN,0,0,0,,2978,ArduCopter|ArduPlane|Rover|libraries production-like C/C++ headers/sources; tests/examples excluded,NOT_RUN_NO_CAPTURE,,XML definition is not implementation support; static references are heuristic and do not prove reachability; no default runtime MAVLink capture was performed.
ArduPilot,command,60053,MAV_CMD_PRS_GET_ERR,all.xml,baseline/ardupilot/modules/mavlink/message_definitions/v1.0/AVSSUAS.xml,DEFINED_IN_ENTRYPOINT_CLOSURE,NO_REFERENCE_FOUND_BY_HEURISTIC_SCAN,0,0,0,,2978,ArduCopter|ArduPlane|Rover|libraries production-like C/C++ headers/sources; tests/examples excluded,NOT_RUN_NO_CAPTURE,,XML definition is not implementation support; static references are heuristic and do not prove reachability; no default runtime MAVLink capture was performed.
ArduPilot,command,60070,MAV_CMD_PRS_SET_ARM_ALTI,all.xml,baseline/ardupilot/modules/mavlink/message_definitions/v1.0/AVSSUAS.xml,DEFINED_IN_ENTRYPOINT_CLOSURE,NO_REFERENCE_FOUND_BY_HEURISTIC_SCAN,0,0,0,,2978,ArduCopter|ArduPlane|Rover|libraries production-like C/C++ headers/sources; tests/examples excluded,NOT_RUN_NO_CAPTURE,,XML definition is not implementation support; static references are heuristic and do not prove reachability; no default runtime MAVLink capture was performed.
ArduPilot,command,60071,MAV_CMD_PRS_GET_ARM_ALTI,all.xml,baseline/ardupilot/modules/mavlink/message_definitions/v1.0/AVSSUAS.xml,DEFINED_IN_ENTRYPOINT_CLOSURE,NO_REFERENCE_FOUND_BY_HEURISTIC_SCAN,0,0,0,,2978,ArduCopter|ArduPlane|Rover|libraries production-like C/C++ headers/sources; tests/examples excluded,NOT_RUN_NO_CAPTURE,,XML definition is not implementation support; static references are heuristic and do not prove reachability; no default runtime MAVLink capture was performed.
ArduPilot,command,60072,MAV_CMD_PRS_SHUTDOWN,all.xml,baseline/ardupilot/modules/mavlink/message_definitions/v1.0/AVSSUAS.xml,DEFINED_IN_ENTRYPOINT_CLOSURE,NO_REFERENCE_FOUND_BY_HEURISTIC_SCAN,0,0,0,,2978,ArduCopter|ArduPlane|Rover|libraries production-like C/C++ headers/sources; tests/examples excluded,NOT_RUN_NO_CAPTURE,,XML definition is not implementation support; static references are heuristic and do not prove reachability; no default runtime MAVLink capture was performed.
PX4,message,0,HEARTBEAT,development.xml|uAvionix.xml,baseline/px4/src/modules/mavlink/mavlink/message_definitions/v1.0/minimal.xml,DEFINED_IN_ENTRYPOINT_CLOSURE,STATIC_REFERENCE_FOUND,3,4,4,baseline/px4/src/modules/mavlink/mavlink_main.cpp:2409|baseline/px4/src/modules/mavlink/mavlink_main.cpp:472|baseline/px4/src/modules/mavlink/mavlink_receiver.cpp:204|baseline/px4/src/modules/mavlink/mavlink_receiver.cpp:2149|baseline/px4/src/modules/mavlink/mavlink_receiver.cpp:2150|baseline/px4/src/modules/mavlink/mavlink_receiver.cpp:2247|baseline/px4/src/modules/mavlink/mavlink_receiver.cpp:413|baseline/px4/src/modules/mavlink/streams/HEARTBEAT.hpp:129|baseline/px4/src/modules/mavlink/streams/HEARTBEAT.hpp:47|baseline/px4/src/modules/simulation/simulator_mavlink/SimulatorMavlink.cpp:1086|baseline/px4/src/modules/simulation/simulator_mavlink/SimulatorMavlink.cpp:1090,2667,PX4 src production-like C/C++ headers/sources; embedded MAVLink submodule/tests/examples excluded,NOT_RUN_NO_CAPTURE,,XML definition is not implementation support; static references are heuristic and do not prove reachability; no default runtime MAVLink capture was performed.
PX4,message,1,SYS_STATUS,development.xml|uAvionix.xml,baseline/px4/src/modules/mavlink/mavlink/message_definitions/v1.0/common.xml,DEFINED_IN_ENTRYPOINT_CLOSURE,STATIC_REFERENCE_FOUND,2,0,3,baseline/px4/src/modules/mavlink/streams/SYS_STATUS.hpp:138|baseline/px4/src/modules/mavlink/streams/SYS_STATUS.hpp:182|baseline/px4/src/modules/mavlink/streams/SYS_STATUS.hpp:49|baseline/px4/src/modules/mavlink/streams/SYS_STATUS.hpp:70|baseline/px4/src/modules/mavlink/streams/SYS_STATUS.hpp:88,2667,PX4 src production-like C/C++ headers/sources; embedded MAVLink submodule/tests/examples excluded,NOT_RUN_NO_CAPTURE,,XML definition is not implementation support; static references are heuristic and do not prove reachability; no default runtime MAVLink capture was performed.
PX4,message,2,SYSTEM_TIME,development.xml|uAvionix.xml,baseline/px4/src/modules/mavlink/mavlink/message_definitions/v1.0/common.xml,DEFINED_IN_ENTRYPOINT_CLOSURE,STATIC_REFERENCE_FOUND,2,2,2,baseline/px4/src/modules/mavlink/mavlink_timesync.cpp:81|baseline/px4/src/modules/mavlink/mavlink_timesync.cpp:83|baseline/px4/src/modules/mavlink/mavlink_timesync.cpp:84|baseline/px4/src/modules/mavlink/streams/SYSTEM_TIME.hpp:43|baseline/px4/src/modules/mavlink/streams/SYSTEM_TIME.hpp:61|baseline/px4/src/modules/mavlink/streams/SYSTEM_TIME.hpp:68,2667,PX4 src production-like C/C++ headers/sources; embedded MAVLink submodule/tests/examples excluded,NOT_RUN_NO_CAPTURE,,XML definition is not implementation support; static references are heuristic and do not prove reachability; no default runtime MAVLink capture was performed.
PX4,message,4,PING,development.xml|uAvionix.xml,baseline/px4/src/modules/mavlink/mavlink/message_definitions/v1.0/common.xml,DEFINED_IN_ENTRYPOINT_CLOSURE,STATIC_REFERENCE_FOUND,3,2,2,baseline/px4/src/modules/mavlink/mavlink_receiver.cpp:156|baseline/px4/src/modules/mavlink/mavlink_receiver.cpp:1730|baseline/px4/src/modules/mavlink/mavlink_receiver.cpp:1731|baseline/px4/src/modules/mavlink/mavlink_receiver.cpp:1738|baseline/px4/src/modules/mavlink/streams/PING.hpp:43|baseline/px4/src/modules/mavlink/streams/PING.hpp:62|baseline/px4/src/modules/mavlink/streams/PING.hpp:69,2667,PX4 src production-like C/C++ headers/sources; embedded MAVLink submodule/tests/examples excluded,NOT_RUN_NO_CAPTURE,,XML definition is not implementation support; static references are heuristic and do not prove reachability; no default runtime MAVLink capture was performed.
PX4,message,5,CHANGE_OPERATOR_CONTROL,development.xml|uAvionix.xml,baseline/px4/src/modules/mavlink/mavlink/message_definitions/v1.0/common.xml,DEFINED_IN_ENTRYPOINT_CLOSURE,NO_REFERENCE_FOUND_BY_HEURISTIC_SCAN,0,0,0,,2667,PX4 src production-like C/C++ headers/sources; embedded MAVLink submodule/tests/examples excluded,NOT_RUN_NO_CAPTURE,,XML definition is not implementation support; static references are heuristic and do not prove reachability; no default runtime MAVLink capture was performed.
PX4,message,6,CHANGE_OPERATOR_CONTROL_ACK,development.xml|uAvionix.xml,baseline/px4/src/modules/mavlink/mavlink/message_definitions/v1.0/common.xml,DEFINED_IN_ENTRYPOINT_CLOSURE,NO_REFERENCE_FOUND_BY_HEURISTIC_SCAN,0,0,0,,2667,PX4 src production-like C/C++ headers/sources; embedded MAVLink submodule/tests/examples excluded,NOT_RUN_NO_CAPTURE,,XML definition is not implementation support; static references are heuristic and do not prove reachability; no default runtime MAVLink capture was performed.
PX4,message,7,AUTH_KEY,development.xml|uAvionix.xml,baseline/px4/src/modules/mavlink/mavlink/message_definitions/v1.0/common.xml,DEFINED_IN_ENTRYPOINT_CLOSURE,NO_REFERENCE_FOUND_BY_HEURISTIC_SCAN,0,0,0,,2667,PX4 src production-like C/C++ headers/sources; embedded MAVLink submodule/tests/examples excluded,NOT_RUN_NO_CAPTURE,,XML definition is not implementation support; static references are heuristic and do not prove reachability; no default runtime MAVLink capture was performed.
PX4,message,8,LINK_NODE_STATUS,development.xml|uAvionix.xml,baseline/px4/src/modules/mavlink/mavlink/message_definitions/v1.0/common.xml,DEFINED_IN_ENTRYPOINT_CLOSURE,STATIC_REFERENCE_FOUND,2,0,1,baseline/px4/src/modules/mavlink/streams/LINK_NODE_STATUS.hpp:43|baseline/px4/src/modules/mavlink/streams/LINK_NODE_STATUS.hpp:59|baseline/px4/src/modules/mavlink/streams/LINK_NODE_STATUS.hpp:75,2667,PX4 src production-like C/C++ headers/sources; embedded MAVLink submodule/tests/examples excluded,NOT_RUN_NO_CAPTURE,,XML definition is not implementation support; static references are heuristic and do not prove reachability; no default runtime MAVLink capture was performed.
PX4,message,11,SET_MODE,development.xml|uAvionix.xml,baseline/px4/src/modules/mavlink/mavlink/message_definitions/v1.0/common.xml,DEFINED_IN_ENTRYPOINT_CLOSURE,STATIC_REFERENCE_FOUND,0,2,1,baseline/px4/src/modules/mavlink/mavlink_receiver.cpp:160|baseline/px4/src/modules/mavlink/mavlink_receiver.cpp:932|baseline/px4/src/modules/mavlink/mavlink_receiver.cpp:933,2667,PX4 src production-like C/C++ headers/sources; embedded MAVLink submodule/tests/examples excluded,NOT_RUN_NO_CAPTURE,,XML definition is not implementation support; static references are heuristic and do not prove reachability; no default runtime MAVLink capture was performed.
PX4,message,20,PARAM_REQUEST_READ,development.xml|uAvionix.xml,baseline/px4/src/modules/mavlink/mavlink/message_definitions/v1.0/common.xml,DEFINED_IN_ENTRYPOINT_CLOSURE,STATIC_REFERENCE_FOUND,0,2,3,baseline/px4/src/modules/mavlink/mavlink_parameters.cpp:172|baseline/px4/src/modules/mavlink/mavlink_parameters.cpp:174|baseline/px4/src/modules/mavlink/mavlink_parameters.cpp:175|baseline/px4/src/modules/mavlink/mavlink_parameters.h:148|baseline/px4/src/modules/mavlink/mavlink_parameters.h:149,2667,PX4 src production-like C/C++ headers/sources; embedded MAVLink submodule/tests/examples excluded,NOT_RUN_NO_CAPTURE,,XML definition is not implementation support; static references are heuristic and do not prove reachability; no default runtime MAVLink capture was performed.
PX4,message,21,PARAM_REQUEST_LIST,development.xml|uAvionix.xml,baseline/px4/src/modules/mavlink/mavlink/message_definitions/v1.0/common.xml,DEFINED_IN_ENTRYPOINT_CLOSURE,STATIC_REFERENCE_FOUND,0,2,3,baseline/px4/src/modules/mavlink/mavlink_parameters.cpp:64|baseline/px4/src/modules/mavlink/mavlink_parameters.cpp:66|baseline/px4/src/modules/mavlink/mavlink_parameters.cpp:67|baseline/px4/src/modules/mavlink/mavlink_parameters.h:152|baseline/px4/src/modules/mavlink/mavlink_parameters.h:153,2667,PX4 src production-like C/C++ headers/sources; embedded MAVLink submodule/tests/examples excluded,NOT_RUN_NO_CAPTURE,,XML definition is not implementation support; static references are heuristic and do not prove reachability; no default runtime MAVLink capture was performed.
PX4,message,22,PARAM_VALUE,development.xml|uAvionix.xml,baseline/px4/src/modules/mavlink/mavlink/message_definitions/v1.0/common.xml,DEFINED_IN_ENTRYPOINT_CLOSURE,STATIC_REFERENCE_FOUND,5,0,4,baseline/px4/src/modules/mavlink/mavlink_parameters.cpp:188|baseline/px4/src/modules/mavlink/mavlink_parameters.cpp:194|baseline/px4/src/modules/mavlink/mavlink_parameters.cpp:433|baseline/px4/src/modules/mavlink/mavlink_parameters.cpp:439|baseline/px4/src/modules/mavlink/mavlink_parameters.cpp:486|baseline/px4/src/modules/mavlink/mavlink_parameters.cpp:549|baseline/px4/src/modules/mavlink/mavlink_parameters.cpp:554|baseline/px4/src/modules/mavlink/mavlink_parameters.cpp:581|baseline/px4/src/modules/mavlink/mavlink_parameters.cpp:611,2667,PX4 src production-like C/C++ headers/sources; embedded MAVLink submodule/tests/examples excluded,NOT_RUN_NO_CAPTURE,,XML definition is not implementation support; static references are heuristic and do not prove reachability; no default runtime MAVLink capture was performed.
PX4,message,23,PARAM_SET,development.xml|uAvionix.xml,baseline/px4/src/modules/mavlink/mavlink/message_definitions/v1.0/common.xml,DEFINED_IN_ENTRYPOINT_CLOSURE,STATIC_REFERENCE_FOUND,0,2,3,baseline/px4/src/modules/mavlink/mavlink_parameters.cpp:100|baseline/px4/src/modules/mavlink/mavlink_parameters.cpp:101|baseline/px4/src/modules/mavlink/mavlink_parameters.cpp:98|baseline/px4/src/modules/mavlink/mavlink_parameters.h:150|baseline/px4/src/modules/mavlink/mavlink_parameters.h:151,2667,PX4 src production-like C/C++ headers/sources; embedded MAVLink submodule/tests/examples excluded,NOT_RUN_NO_CAPTURE,,XML definition is not implementation support; static references are heuristic and do not prove reachability; no default runtime MAVLink capture was performed.
PX4,message,24,GPS_RAW_INT,development.xml|uAvionix.xml,baseline/px4/src/modules/mavlink/mavlink/message_definitions/v1.0/common.xml,DEFINED_IN_ENTRYPOINT_CLOSURE,STATIC_REFERENCE_FOUND,3,0,1,baseline/px4/src/modules/mavlink/streams/GPS_RAW_INT.hpp:106|baseline/px4/src/modules/mavlink/streams/GPS_RAW_INT.hpp:118|baseline/px4/src/modules/mavlink/streams/GPS_RAW_INT.hpp:47|baseline/px4/src/modules/mavlink/streams/GPS_RAW_INT.hpp:67,2667,PX4 src production-like C/C++ headers/sources; embedded MAVLink submodule/tests/examples excluded,NOT_RUN_NO_CAPTURE,,XML definition is not implementation support; static references are heuristic and do not prove reachability; no default runtime MAVLink capture was performed.
PX4,message,25,GPS_STATUS,development.xml|uAvionix.xml,baseline/px4/src/modules/mavlink/mavlink/message_definitions/v1.0/common.xml,DEFINED_IN_ENTRYPOINT_CLOSURE,STATIC_REFERENCE_FOUND,2,0,1,baseline/px4/src/modules/mavlink/streams/GPS_STATUS.hpp:45|baseline/px4/src/modules/mavlink/streams/GPS_STATUS.hpp:65|baseline/px4/src/modules/mavlink/streams/GPS_STATUS.hpp:80,2667,PX4 src production-like C/C++ headers/sources; embedded MAVLink submodule/tests/examples excluded,NOT_RUN_NO_CAPTURE,,XML definition is not implementation support; static references are heuristic and do not prove reachability; no default runtime MAVLink capture was performed.
PX4,message,26,SCALED_IMU,development.xml|uAvionix.xml,baseline/px4/src/modules/mavlink/mavlink/message_definitions/v1.0/common.xml,DEFINED_IN_ENTRYPOINT_CLOSURE,STATIC_REFERENCE_FOUND,2,0,1,baseline/px4/src/modules/mavlink/streams/SCALED_IMU.hpp:136|baseline/px4/src/modules/mavlink/streams/SCALED_IMU.hpp:50|baseline/px4/src/modules/mavlink/streams/SCALED_IMU.hpp:74,2667,PX4 src production-like C/C++ headers/sources; embedded MAVLink submodule/tests/examples excluded,NOT_RUN_NO_CAPTURE,,XML definition is not implementation support; static references are heuristic and do not prove reachability; no default runtime MAVLink capture was performed.
PX4,message,27,RAW_IMU,development.xml|uAvionix.xml,baseline/px4/src/modules/mavlink/mavlink/message_definitions/v1.0/common.xml,DEFINED_IN_ENTRYPOINT_CLOSURE,NO_REFERENCE_FOUND_BY_HEURISTIC_SCAN,0,0,0,,2667,PX4 src production-like C/C++ headers/sources; embedded MAVLink submodule/tests/examples excluded,NOT_RUN_NO_CAPTURE,,XML definition is not implementation support; static references are heuristic and do not prove reachability; no default runtime MAVLink capture was performed.
PX4,message,28,RAW_PRESSURE,development.xml|uAvionix.xml,baseline/px4/src/modules/mavlink/mavlink/message_definitions/v1.0/common.xml,DEFINED_IN_ENTRYPOINT_CLOSURE,NO_REFERENCE_FOUND_BY_HEURISTIC_SCAN,0,0,0,,2667,PX4 src production-like C/C++ headers/sources; embedded MAVLink submodule/tests/examples excluded,NOT_RUN_NO_CAPTURE,,XML definition is not implementation support; static references are heuristic and do not prove reachability; no default runtime MAVLink capture was performed.
PX4,message,29,SCALED_PRESSURE,development.xml|uAvionix.xml,baseline/px4/src/modules/mavlink/mavlink/message_definitions/v1.0/common.xml,DEFINED_IN_ENTRYPOINT_CLOSURE,STATIC_REFERENCE_FOUND,2,0,1,baseline/px4/src/modules/mavlink/streams/SCALED_PRESSURE.hpp:46|baseline/px4/src/modules/mavlink/streams/SCALED_PRESSURE.hpp:69|baseline/px4/src/modules/mavlink/streams/SCALED_PRESSURE.hpp:90,2667,PX4 src production-like C/C++ headers/sources; embedded MAVLink submodule/tests/examples excluded,NOT_RUN_NO_CAPTURE,,XML definition is not implementation support; static references are heuristic and do not prove reachability; no default runtime MAVLink capture was performed.
PX4,message,30,ATTITUDE,development.xml|uAvionix.xml,baseline/px4/src/modules/mavlink/mavlink/message_definitions/v1.0/common.xml,DEFINED_IN_ENTRYPOINT_CLOSURE,STATIC_REFERENCE_FOUND,2,0,1,baseline/px4/src/modules/mavlink/streams/ATTITUDE.hpp:46|baseline/px4/src/modules/mavlink/streams/ATTITUDE.hpp:70|baseline/px4/src/modules/mavlink/streams/ATTITUDE.hpp:82,2667,PX4 src production-like C/C++ headers/sources; embedded MAVLink submodule/tests/examples excluded,NOT_RUN_NO_CAPTURE,,XML definition is not implementation support; static references are heuristic and do not prove reachability; no default runtime MAVLink capture was performed.
PX4,message,31,ATTITUDE_QUATERNION,development.xml|uAvionix.xml,baseline/px4/src/modules/mavlink/mavlink/message_definitions/v1.0/common.xml,DEFINED_IN_ENTRYPOINT_CLOSURE,STATIC_REFERENCE_FOUND,2,0,1,baseline/px4/src/modules/mavlink/streams/ATTITUDE_QUATERNION.hpp:103|baseline/px4/src/modules/mavlink/streams/ATTITUDE_QUATERNION.hpp:47|baseline/px4/src/modules/mavlink/streams/ATTITUDE_QUATERNION.hpp:75,2667,PX4 src production-like C/C++ headers/sources; embedded MAVLink submodule/tests/examples excluded,NOT_RUN_NO_CAPTURE,,XML definition is not implementation support; static references are heuristic and do not prove reachability; no default runtime MAVLink capture was performed.
PX4,message,32,LOCAL_POSITION_NED,development.xml|uAvionix.xml,baseline/px4/src/modules/mavlink/mavlink/message_definitions/v1.0/common.xml,DEFINED_IN_ENTRYPOINT_CLOSURE,STATIC_REFERENCE_FOUND,2,0,1,baseline/px4/src/modules/mavlink/streams/LOCAL_POSITION_NED.hpp:45|baseline/px4/src/modules/mavlink/streams/LOCAL_POSITION_NED.hpp:65|baseline/px4/src/modules/mavlink/streams/LOCAL_POSITION_NED.hpp:75,2667,PX4 src production-like C/C++ headers/sources; embedded MAVLink submodule/tests/examples excluded,NOT_RUN_NO_CAPTURE,,XML definition is not implementation support; static references are heuristic and do not prove reachability; no default runtime MAVLink capture was performed.
PX4,message,33,GLOBAL_POSITION_INT,development.xml|uAvionix.xml,baseline/px4/src/modules/mavlink/mavlink/message_definitions/v1.0/standard.xml,DEFINED_IN_ENTRYPOINT_CLOSURE,STATIC_REFERENCE_FOUND,2,0,1,baseline/px4/src/modules/mavlink/streams/GLOBAL_POSITION_INT.hpp:47|baseline/px4/src/modules/mavlink/streams/GLOBAL_POSITION_INT.hpp:71|baseline/px4/src/modules/mavlink/streams/GLOBAL_POSITION_INT.hpp:95,2667,PX4 src production-like C/C++ headers/sources; embedded MAVLink submodule/tests/examples excluded,NOT_RUN_NO_CAPTURE,,XML definition is not implementation support; static references are heuristic and do not prove reachability; no default runtime MAVLink capture was performed.
PX4,message,34,RC_CHANNELS_SCALED,development.xml|uAvionix.xml,baseline/px4/src/modules/mavlink/mavlink/message_definitions/v1.0/common.xml,DEFINED_IN_ENTRYPOINT_CLOSURE,NO_REFERENCE_FOUND_BY_HEURISTIC_SCAN,0,0,0,,2667,PX4 src production-like C/C++ headers/sources; embedded MAVLink submodule/tests/examples excluded,NOT_RUN_NO_CAPTURE,,XML definition is not implementation support; static references are heuristic and do not prove reachability; no default runtime MAVLink capture was performed.
PX4,message,35,RC_CHANNELS_RAW,development.xml|uAvionix.xml,baseline/px4/src/modules/mavlink/mavlink/message_definitions/v1.0/common.xml,DEFINED_IN_ENTRYPOINT_CLOSURE,NO_REFERENCE_FOUND_BY_HEURISTIC_SCAN,0,0,0,,2667,PX4 src production-like C/C++ headers/sources; embedded MAVLink submodule/tests/examples excluded,NOT_RUN_NO_CAPTURE,,XML definition is not implementation support; static references are heuristic and do not prove reachability; no default runtime MAVLink capture was performed.
PX4,message,36,SERVO_OUTPUT_RAW,development.xml|uAvionix.xml,baseline/px4/src/modules/mavlink/mavlink/message_definitions/v1.0/common.xml,DEFINED_IN_ENTRYPOINT_CLOSURE,STATIC_REFERENCE_FOUND,2,0,1,baseline/px4/src/modules/mavlink/streams/SERVO_OUTPUT_RAW.hpp:101|baseline/px4/src/modules/mavlink/streams/SERVO_OUTPUT_RAW.hpp:58|baseline/px4/src/modules/mavlink/streams/SERVO_OUTPUT_RAW.hpp:78,2667,PX4 src production-like C/C++ headers/sources; embedded MAVLink submodule/tests/examples excluded,NOT_RUN_NO_CAPTURE,,XML definition is not implementation support; static references are heuristic and do not prove reachability; no default runtime MAVLink capture was performed.
PX4,message,37,MISSION_REQUEST_PARTIAL_LIST,development.xml|uAvionix.xml,baseline/px4/src/modules/mavlink/mavlink/message_definitions/v1.0/common.xml,DEFINED_IN_ENTRYPOINT_CLOSURE,NO_REFERENCE_FOUND_BY_HEURISTIC_SCAN,0,0,0,,2667,PX4 src production-like C/C++ headers/sources; embedded MAVLink submodule/tests/examples excluded,NOT_RUN_NO_CAPTURE,,XML definition is not implementation support; static references are heuristic and do not prove reachability; no default runtime MAVLink capture was performed.
PX4,message,38,MISSION_WRITE_PARTIAL_LIST,development.xml|uAvionix.xml,baseline/px4/src/modules/mavlink/mavlink/message_definitions/v1.0/common.xml,DEFINED_IN_ENTRYPOINT_CLOSURE,NO_REFERENCE_FOUND_BY_HEURISTIC_SCAN,0,0,0,,2667,PX4 src production-like C/C++ headers/sources; embedded MAVLink submodule/tests/examples excluded,NOT_RUN_NO_CAPTURE,,XML definition is not implementation support; static references are heuristic and do not prove reachability; no default runtime MAVLink capture was performed.
PX4,message,39,MISSION_ITEM,development.xml|uAvionix.xml,baseline/px4/src/modules/mavlink/mavlink/message_definitions/v1.0/common.xml,DEFINED_IN_ENTRYPOINT_CLOSURE,STATIC_REFERENCE_FOUND,1,2,11,baseline/px4/src/modules/mavlink/mavlink_mission.cpp:1075|baseline/px4/src/modules/mavlink/mavlink_mission.cpp:1076|baseline/px4/src/modules/mavlink/mavlink_mission.cpp:1396|baseline/px4/src/modules/mavlink/mavlink_mission.cpp:1660|baseline/px4/src/modules/mavlink/mavlink_mission.cpp:1835|baseline/px4/src/modules/mavlink/mavlink_mission.cpp:1896|baseline/px4/src/modules/mavlink/mavlink_mission.cpp:369|baseline/px4/src/modules/mavlink/mavlink_mission.cpp:381|baseline/px4/src/modules/mavlink/mavlink_mission.cpp:389|baseline/px4/src/modules/mavlink/mavlink_mission.cpp:616|baseline/px4/src/modules/mavlink/mavlink_mission.h:260|baseline/px4/src/modules/mavlink/mavlink_mission.h:270|baseline/px4/src/modules/mavlink/mavlink_mission.h:290|baseline/px4/src/modules/mavlink/mavlink_mission.h:298,2667,PX4 src production-like C/C++ headers/sources; embedded MAVLink submodule/tests/examples excluded,NOT_RUN_NO_CAPTURE,,XML definition is not implementation support; static references are heuristic and do not prove reachability; no default runtime MAVLink capture was performed.
PX4,message,40,MISSION_REQUEST,development.xml|uAvionix.xml,baseline/px4/src/modules/mavlink/mavlink/message_definitions/v1.0/common.xml,DEFINED_IN_ENTRYPOINT_CLOSURE,STATIC_REFERENCE_FOUND,1,2,2,baseline/px4/src/modules/mavlink/mavlink_mission.cpp:462|baseline/px4/src/modules/mavlink/mavlink_mission.cpp:468|baseline/px4/src/modules/mavlink/mavlink_mission.cpp:604|baseline/px4/src/modules/mavlink/mavlink_mission.cpp:812|baseline/px4/src/modules/mavlink/mavlink_mission.cpp:813,2667,PX4 src production-like C/C++ headers/sources; embedded MAVLink submodule/tests/examples excluded,NOT_RUN_NO_CAPTURE,,XML definition is not implementation support; static references are heuristic and do not prove reachability; no default runtime MAVLink capture was performed.
PX4,message,41,MISSION_SET_CURRENT,development.xml|uAvionix.xml,baseline/px4/src/modules/mavlink/mavlink/message_definitions/v1.0/common.xml,DEFINED_IN_ENTRYPOINT_CLOSURE,STATIC_REFERENCE_FOUND,0,2,1,baseline/px4/src/modules/mavlink/mavlink_mission.cpp:596|baseline/px4/src/modules/mavlink/mavlink_mission.cpp:694|baseline/px4/src/modules/mavlink/mavlink_mission.cpp:695,2667,PX4 src production-like C/C++ headers/sources; embedded MAVLink submodule/tests/examples excluded,NOT_RUN_NO_CAPTURE,,XML definition is not implementation support; static references are heuristic and do not prove reachability; no default runtime MAVLink capture was performed.
PX4,message,42,MISSION_CURRENT,development.xml|uAvionix.xml,baseline/px4/src/modules/mavlink/mavlink/message_definitions/v1.0/common.xml,DEFINED_IN_ENTRYPOINT_CLOSURE,STATIC_REFERENCE_FOUND,1,0,1,baseline/px4/src/modules/mavlink/mavlink_mission.cpp:284|baseline/px4/src/modules/mavlink/mavlink_mission.cpp:292,2667,PX4 src production-like C/C++ headers/sources; embedded MAVLink submodule/tests/examples excluded,NOT_RUN_NO_CAPTURE,,XML definition is not implementation support; static references are heuristic and do not prove reachability; no default runtime MAVLink capture was performed.
PX4,message,43,MISSION_REQUEST_LIST,development.xml|uAvionix.xml,baseline/px4/src/modules/mavlink/mavlink/message_definitions/v1.0/common.xml,DEFINED_IN_ENTRYPOINT_CLOSURE,STATIC_REFERENCE_FOUND,0,2,1,baseline/px4/src/modules/mavlink/mavlink_mission.cpp:600|baseline/px4/src/modules/mavlink/mavlink_mission.cpp:726|baseline/px4/src/modules/mavlink/mavlink_mission.cpp:727,2667,PX4 src production-like C/C++ headers/sources; embedded MAVLink submodule/tests/examples excluded,NOT_RUN_NO_CAPTURE,,XML definition is not implementation support; static references are heuristic and do not prove reachability; no default runtime MAVLink capture was performed.
PX4,message,44,MISSION_COUNT,development.xml|uAvionix.xml,baseline/px4/src/modules/mavlink/mavlink/message_definitions/v1.0/common.xml,DEFINED_IN_ENTRYPOINT_CLOSURE,STATIC_REFERENCE_FOUND,1,2,2,baseline/px4/src/modules/mavlink/mavlink_mission.cpp:303|baseline/px4/src/modules/mavlink/mavlink_mission.cpp:311|baseline/px4/src/modules/mavlink/mavlink_mission.cpp:612|baseline/px4/src/modules/mavlink/mavlink_mission.cpp:902|baseline/px4/src/modules/mavlink/mavlink_mission.cpp:903,2667,PX4 src production-like C/C++ headers/sources; embedded MAVLink submodule/tests/examples excluded,NOT_RUN_NO_CAPTURE,,XML definition is not implementation support; static references are heuristic and do not prove reachability; no default runtime MAVLink capture was performed.
PX4,message,45,MISSION_CLEAR_ALL,development.xml|uAvionix.xml,baseline/px4/src/modules/mavlink/mavlink/message_definitions/v1.0/common.xml,DEFINED_IN_ENTRYPOINT_CLOSURE,STATIC_REFERENCE_FOUND,0,2,1,baseline/px4/src/modules/mavlink/mavlink_mission.cpp:1330|baseline/px4/src/modules/mavlink/mavlink_mission.cpp:1331|baseline/px4/src/modules/mavlink/mavlink_mission.cpp:624,2667,PX4 src production-like C/C++ headers/sources; embedded MAVLink submodule/tests/examples excluded,NOT_RUN_NO_CAPTURE,,XML definition is not implementation support; static references are heuristic and do not prove reachability; no default runtime MAVLink capture was performed.
PX4,message,46,MISSION_ITEM_REACHED,development.xml|uAvionix.xml,baseline/px4/src/modules/mavlink/mavlink/message_definitions/v1.0/common.xml,DEFINED_IN_ENTRYPOINT_CLOSURE,STATIC_REFERENCE_FOUND,1,0,1,baseline/px4/src/modules/mavlink/mavlink_mission.cpp:485|baseline/px4/src/modules/mavlink/mavlink_mission.cpp:489,2667,PX4 src production-like C/C++ headers/sources; embedded MAVLink submodule/tests/examples excluded,NOT_RUN_NO_CAPTURE,,XML definition is not implementation support; static references are heuristic and do not prove reachability; no default runtime MAVLink capture was performed.
PX4,message,47,MISSION_ACK,development.xml|uAvionix.xml,baseline/px4/src/modules/mavlink/mavlink/message_definitions/v1.0/common.xml,DEFINED_IN_ENTRYPOINT_CLOSURE,STATIC_REFERENCE_FOUND,1,2,2,baseline/px4/src/modules/mavlink/mavlink_mission.cpp:265|baseline/px4/src/modules/mavlink/mavlink_mission.cpp:273|baseline/px4/src/modules/mavlink/mavlink_mission.cpp:592|baseline/px4/src/modules/mavlink/mavlink_mission.cpp:636|baseline/px4/src/modules/mavlink/mavlink_mission.cpp:637,2667,PX4 src production-like C/C++ headers/sources; embedded MAVLink submodule/tests/examples excluded,NOT_RUN_NO_CAPTURE,,XML definition is not implementation support; static references are heuristic and do not prove reachability; no default runtime MAVLink capture was performed.
PX4,message,48,SET_GPS_GLOBAL_ORIGIN,development.xml|uAvionix.xml,baseline/px4/src/modules/mavlink/mavlink/message_definitions/v1.0/common.xml,DEFINED_IN_ENTRYPOINT_CLOSURE,STATIC_REFERENCE_FOUND,0,2,1,baseline/px4/src/modules/mavlink/mavlink_receiver.cpp:1273|baseline/px4/src/modules/mavlink/mavlink_receiver.cpp:1274|baseline/px4/src/modules/mavlink/mavlink_receiver.cpp:188,2667,PX4 src production-like C/C++ headers/sources; embedded MAVLink submodule/tests/examples excluded,NOT_RUN_NO_CAPTURE,,XML definition is not implementation support; static references are heuristic and do not prove reachability; no default runtime MAVLink capture was performed.
PX4,message,49,GPS_GLOBAL_ORIGIN,development.xml|uAvionix.xml,baseline/px4/src/modules/mavlink/mavlink/message_definitions/v1.0/common.xml,DEFINED_IN_ENTRYPOINT_CLOSURE,STATIC_REFERENCE_FOUND,2,1,1,baseline/px4/src/modules/mavlink/mavlink_receiver.cpp:1292|baseline/px4/src/modules/mavlink/streams/GPS_GLOBAL_ORIGIN.hpp:45|baseline/px4/src/modules/mavlink/streams/GPS_GLOBAL_ORIGIN.hpp:92|baseline/px4/src/modules/mavlink/streams/GPS_GLOBAL_ORIGIN.hpp:97,2667,PX4 src production-like C/C++ headers/sources; embedded MAVLink submodule/tests/examples excluded,NOT_RUN_NO_CAPTURE,,XML definition is not implementation support; static references are heuristic and do not prove reachability; no default runtime MAVLink capture was performed.
PX4,message,50,PARAM_MAP_RC,development.xml|uAvionix.xml,baseline/px4/src/modules/mavlink/mavlink/message_definitions/v1.0/common.xml,DEFINED_IN_ENTRYPOINT_CLOSURE,STATIC_REFERENCE_FOUND,0,2,1,baseline/px4/src/modules/mavlink/mavlink_parameters.cpp:242|baseline/px4/src/modules/mavlink/mavlink_parameters.cpp:244|baseline/px4/src/modules/mavlink/mavlink_parameters.cpp:245,2667,PX4 src production-like C/C++ headers/sources; embedded MAVLink submodule/tests/examples excluded,NOT_RUN_NO_CAPTURE,,XML definition is not implementation support; static references are heuristic and do not prove reachability; no default runtime MAVLink capture was performed.
PX4,message,51,MISSION_REQUEST_INT,development.xml|uAvionix.xml,baseline/px4/src/modules/mavlink/mavlink/message_definitions/v1.0/common.xml,DEFINED_IN_ENTRYPOINT_CLOSURE,STATIC_REFERENCE_FOUND,1,1,1,baseline/px4/src/modules/mavlink/mavlink_mission.cpp:451|baseline/px4/src/modules/mavlink/mavlink_mission.cpp:456|baseline/px4/src/modules/mavlink/mavlink_mission.cpp:608,2667,PX4 src production-like C/C++ headers/sources; embedded MAVLink submodule/tests/examples excluded,NOT_RUN_NO_CAPTURE,,XML definition is not implementation support; static references are heuristic and do not prove reachability; no default runtime MAVLink capture was performed.
PX4,message,54,SAFETY_SET_ALLOWED_AREA,development.xml|uAvionix.xml,baseline/px4/src/modules/mavlink/mavlink/message_definitions/v1.0/common.xml,DEFINED_IN_ENTRYPOINT_CLOSURE,NO_REFERENCE_FOUND_BY_HEURISTIC_SCAN,0,0,0,,2667,PX4 src production-like C/C++ headers/sources; embedded MAVLink submodule/tests/examples excluded,NOT_RUN_NO_CAPTURE,,XML definition is not implementation support; static references are heuristic and do not prove reachability; no default runtime MAVLink capture was performed.
PX4,message,55,SAFETY_ALLOWED_AREA,development.xml|uAvionix.xml,baseline/px4/src/modules/mavlink/mavlink/message_definitions/v1.0/common.xml,DEFINED_IN_ENTRYPOINT_CLOSURE,NO_REFERENCE_FOUND_BY_HEURISTIC_SCAN,0,0,0,,2667,PX4 src production-like C/C++ headers/sources; embedded MAVLink submodule/tests/examples excluded,NOT_RUN_NO_CAPTURE,,XML definition is not implementation support; static references are heuristic and do not prove reachability; no default runtime MAVLink capture was performed.
PX4,message,61,ATTITUDE_QUATERNION_COV,development.xml|uAvionix.xml,baseline/px4/src/modules/mavlink/mavlink/message_definitions/v1.0/common.xml,DEFINED_IN_ENTRYPOINT_CLOSURE,NO_REFERENCE_FOUND_BY_HEURISTIC_SCAN,0,0,0,,2667,PX4 src production-like C/C++ headers/sources; embedded MAVLink submodule/tests/examples excluded,NOT_RUN_NO_CAPTURE,,XML definition is not implementation support; static references are heuristic and do not prove reachability; no default runtime MAVLink capture was performed.
PX4,message,62,NAV_CONTROLLER_OUTPUT,development.xml|uAvionix.xml,baseline/px4/src/modules/mavlink/mavlink/message_definitions/v1.0/common.xml,DEFINED_IN_ENTRYPOINT_CLOSURE,STATIC_REFERENCE_FOUND,2,0,1,baseline/px4/src/modules/mavlink/streams/NAV_CONTROLLER_OUTPUT.hpp:47|baseline/px4/src/modules/mavlink/streams/NAV_CONTROLLER_OUTPUT.hpp:77|baseline/px4/src/modules/mavlink/streams/NAV_CONTROLLER_OUTPUT.hpp:88,2667,PX4 src production-like C/C++ headers/sources; embedded MAVLink submodule/tests/examples excluded,NOT_RUN_NO_CAPTURE,,XML definition is not implementation support; static references are heuristic and do not prove reachability; no default runtime MAVLink capture was performed.
PX4,message,63,GLOBAL_POSITION_INT_COV,development.xml|uAvionix.xml,baseline/px4/src/modules/mavlink/mavlink/message_definitions/v1.0/common.xml,DEFINED_IN_ENTRYPOINT_CLOSURE,NO_REFERENCE_FOUND_BY_HEURISTIC_SCAN,0,0,0,,2667,PX4 src production-like C/C++ headers/sources; embedded MAVLink submodule/tests/examples excluded,NOT_RUN_NO_CAPTURE,,XML definition is not implementation support; static references are heuristic and do not prove reachability; no default runtime MAVLink capture was performed.
PX4,message,64,LOCAL_POSITION_NED_COV,development.xml|uAvionix.xml,baseline/px4/src/modules/mavlink/mavlink/message_definitions/v1.0/common.xml,DEFINED_IN_ENTRYPOINT_CLOSURE,NO_REFERENCE_FOUND_BY_HEURISTIC_SCAN,0,0,0,,2667,PX4 src production-like C/C++ headers/sources; embedded MAVLink submodule/tests/examples excluded,NOT_RUN_NO_CAPTURE,,XML definition is not implementation support; static references are heuristic and do not prove reachability; no default runtime MAVLink capture was performed.
PX4,message,65,RC_CHANNELS,development.xml|uAvionix.xml,baseline/px4/src/modules/mavlink/mavlink/message_definitions/v1.0/common.xml,DEFINED_IN_ENTRYPOINT_CLOSURE,STATIC_REFERENCE_FOUND,2,2,2,baseline/px4/src/modules/mavlink/streams/RC_CHANNELS.hpp:45|baseline/px4/src/modules/mavlink/streams/RC_CHANNELS.hpp:66|baseline/px4/src/modules/mavlink/streams/RC_CHANNELS.hpp:90|baseline/px4/src/modules/simulation/simulator_mavlink/SimulatorMavlink.cpp:378|baseline/px4/src/modules/simulation/simulator_mavlink/SimulatorMavlink.cpp:920|baseline/px4/src/modules/simulation/simulator_mavlink/SimulatorMavlink.cpp:921,2667,PX4 src production-like C/C++ headers/sources; embedded MAVLink submodule/tests/examples excluded,NOT_RUN_NO_CAPTURE,,XML definition is not implementation support; static references are heuristic and do not prove reachability; no default runtime MAVLink capture was performed.
PX4,message,66,REQUEST_DATA_STREAM,development.xml|uAvionix.xml,baseline/px4/src/modules/mavlink/mavlink/message_definitions/v1.0/common.xml,DEFINED_IN_ENTRYPOINT_CLOSURE,NO_REFERENCE_FOUND_BY_HEURISTIC_SCAN,0,0,0,,2667,PX4 src production-like C/C++ headers/sources; embedded MAVLink submodule/tests/examples excluded,NOT_RUN_NO_CAPTURE,,XML definition is not implementation support; static references are heuristic and do not prove reachability; no default runtime MAVLink capture was performed.
PX4,message,67,DATA_STREAM,development.xml|uAvionix.xml,baseline/px4/src/modules/mavlink/mavlink/message_definitions/v1.0/common.xml,DEFINED_IN_ENTRYPOINT_CLOSURE,NO_REFERENCE_FOUND_BY_HEURISTIC_SCAN,0,0,0,,2667,PX4 src production-like C/C++ headers/sources; embedded MAVLink submodule/tests/examples excluded,NOT_RUN_NO_CAPTURE,,XML definition is not implementation support; static references are heuristic and do not prove reachability; no default runtime MAVLink capture was performed.
PX4,message,69,MANUAL_CONTROL,development.xml|uAvionix.xml,baseline/px4/src/modules/mavlink/mavlink/message_definitions/v1.0/common.xml,DEFINED_IN_ENTRYPOINT_CLOSURE,STATIC_REFERENCE_FOUND,2,2,2,baseline/px4/src/modules/mavlink/mavlink_receiver.cpp:196|baseline/px4/src/modules/mavlink/mavlink_receiver.cpp:2093|baseline/px4/src/modules/mavlink/mavlink_receiver.cpp:2094|baseline/px4/src/modules/mavlink/streams/MANUAL_CONTROL.hpp:119|baseline/px4/src/modules/mavlink/streams/MANUAL_CONTROL.hpp:46|baseline/px4/src/modules/mavlink/streams/MANUAL_CONTROL.hpp:68,2667,PX4 src production-like C/C++ headers/sources; embedded MAVLink submodule/tests/examples excluded,NOT_RUN_NO_CAPTURE,,XML definition is not implementation support; static references are heuristic and do not prove reachability; no default runtime MAVLink capture was performed.
PX4,message,70,RC_CHANNELS_OVERRIDE,development.xml|uAvionix.xml,baseline/px4/src/modules/mavlink/mavlink/message_definitions/v1.0/common.xml,DEFINED_IN_ENTRYPOINT_CLOSURE,STATIC_REFERENCE_FOUND,0,2,1,baseline/px4/src/modules/mavlink/mavlink_receiver.cpp:200|baseline/px4/src/modules/mavlink/mavlink_receiver.cpp:2006|baseline/px4/src/modules/mavlink/mavlink_receiver.cpp:2007,2667,PX4 src production-like C/C++ headers/sources; embedded MAVLink submodule/tests/examples excluded,NOT_RUN_NO_CAPTURE,,XML definition is not implementation support; static references are heuristic and do not prove reachability; no default runtime MAVLink capture was performed.
PX4,message,73,MISSION_ITEM_INT,development.xml|uAvionix.xml,baseline/px4/src/modules/mavlink/mavlink/message_definitions/v1.0/common.xml,DEFINED_IN_ENTRYPOINT_CLOSURE,STATIC_REFERENCE_FOUND,1,1,9,baseline/px4/src/modules/mavlink/mavlink_mission.cpp:1415|baseline/px4/src/modules/mavlink/mavlink_mission.cpp:1416|baseline/px4/src/modules/mavlink/mavlink_mission.cpp:1563|baseline/px4/src/modules/mavlink/mavlink_mission.cpp:1564|baseline/px4/src/modules/mavlink/mavlink_mission.cpp:1681|baseline/px4/src/modules/mavlink/mavlink_mission.cpp:1682|baseline/px4/src/modules/mavlink/mavlink_mission.cpp:1739|baseline/px4/src/modules/mavlink/mavlink_mission.cpp:1740|baseline/px4/src/modules/mavlink/mavlink_mission.cpp:368|baseline/px4/src/modules/mavlink/mavlink_mission.cpp:376|baseline/px4/src/modules/mavlink/mavlink_mission.cpp:620,2667,PX4 src production-like C/C++ headers/sources; embedded MAVLink submodule/tests/examples excluded,NOT_RUN_NO_CAPTURE,,XML definition is not implementation support; static references are heuristic and do not prove reachability; no default runtime MAVLink capture was performed.
PX4,message,74,VFR_HUD,development.xml|uAvionix.xml,baseline/px4/src/modules/mavlink/mavlink/message_definitions/v1.0/common.xml,DEFINED_IN_ENTRYPOINT_CLOSURE,STATIC_REFERENCE_FOUND,2,0,1,baseline/px4/src/modules/mavlink/streams/VFR_HUD.hpp:136|baseline/px4/src/modules/mavlink/streams/VFR_HUD.hpp:49|baseline/px4/src/modules/mavlink/streams/VFR_HUD.hpp:89,2667,PX4 src production-like C/C++ headers/sources; embedded MAVLink submodule/tests/examples excluded,NOT_RUN_NO_CAPTURE,,XML definition is not implementation support; static references are heuristic and do not prove reachability; no default runtime MAVLink capture was performed.
PX4,message,75,COMMAND_INT,development.xml|uAvionix.xml,baseline/px4/src/modules/mavlink/mavlink/message_definitions/v1.0/common.xml,DEFINED_IN_ENTRYPOINT_CLOSURE,STATIC_REFERENCE_FOUND,0,2,1,baseline/px4/src/modules/mavlink/mavlink_receiver.cpp:144|baseline/px4/src/modules/mavlink/mavlink_receiver.cpp:507|baseline/px4/src/modules/mavlink/mavlink_receiver.cpp:508,2667,PX4 src production-like C/C++ headers/sources; embedded MAVLink submodule/tests/examples excluded,NOT_RUN_NO_CAPTURE,,XML definition is not implementation support; static references are heuristic and do not prove reachability; no default runtime MAVLink capture was performed.
PX4,message,76,COMMAND_LONG,development.xml|uAvionix.xml,baseline/px4/src/modules/mavlink/mavlink/message_definitions/v1.0/common.xml,DEFINED_IN_ENTRYPOINT_CLOSURE,STATIC_REFERENCE_FOUND,7,2,6,baseline/px4/src/modules/mavlink/mavlink_command_sender.cpp:199|baseline/px4/src/modules/mavlink/mavlink_command_sender.cpp:220|baseline/px4/src/modules/mavlink/mavlink_command_sender.cpp:79|baseline/px4/src/modules/mavlink/mavlink_command_sender.cpp:91|baseline/px4/src/modules/mavlink/mavlink_command_sender.h:105|baseline/px4/src/modules/mavlink/mavlink_main.cpp:2661|baseline/px4/src/modules/mavlink/mavlink_main.cpp:2674|baseline/px4/src/modules/mavlink/mavlink_receiver.cpp:140|baseline/px4/src/modules/mavlink/mavlink_receiver.cpp:465|baseline/px4/src/modules/mavlink/mavlink_receiver.cpp:466|baseline/px4/src/modules/mavlink/streams/CAMERA_TRIGGER.hpp:110|baseline/px4/src/modules/mavlink/streams/CAMERA_TRIGGER.hpp:124|baseline/px4/src/modules/mavlink/streams/COMMAND_LONG.hpp:45|baseline/px4/src/modules/simulation/simulator_mavlink/SimulatorMavlink.cpp:1075|baseline/px4/src/modules/simulation/simulator_mavlink/SimulatorMavlink.cpp:1080,2667,PX4 src production-like C/C++ headers/sources; embedded MAVLink submodule/tests/examples excluded,NOT_RUN_NO_CAPTURE,,XML definition is not implementation support; static references are heuristic and do not prove reachability; no default runtime MAVLink capture was performed.
PX4,message,77,COMMAND_ACK,development.xml|uAvionix.xml,baseline/px4/src/modules/mavlink/mavlink/message_definitions/v1.0/common.xml,DEFINED_IN_ENTRYPOINT_CLOSURE,STATIC_REFERENCE_FOUND,2,2,4,baseline/px4/src/modules/mavlink/mavlink_command_sender.cpp:120|baseline/px4/src/modules/mavlink/mavlink_command_sender.h:83|baseline/px4/src/modules/mavlink/mavlink_main.cpp:2700|baseline/px4/src/modules/mavlink/mavlink_main.cpp:2725|baseline/px4/src/modules/mavlink/mavlink_main.cpp:2729|baseline/px4/src/modules/mavlink/mavlink_receiver.cpp:148|baseline/px4/src/modules/mavlink/mavlink_receiver.cpp:801|baseline/px4/src/modules/mavlink/mavlink_receiver.cpp:802,2667,PX4 src production-like C/C++ headers/sources; embedded MAVLink submodule/tests/examples excluded,NOT_RUN_NO_CAPTURE,,XML definition is not implementation support; static references are heuristic and do not prove reachability; no default runtime MAVLink capture was performed.
PX4,message,80,COMMAND_CANCEL,development.xml|uAvionix.xml,baseline/px4/src/modules/mavlink/mavlink/message_definitions/v1.0/common.xml,DEFINED_IN_ENTRYPOINT_CLOSURE,NO_REFERENCE_FOUND_BY_HEURISTIC_SCAN,0,0,0,,2667,PX4 src production-like C/C++ headers/sources; embedded MAVLink submodule/tests/examples excluded,NOT_RUN_NO_CAPTURE,,XML definition is not implementation support; static references are heuristic and do not prove reachability; no default runtime MAVLink capture was performed.
PX4,message,81,MANUAL_SETPOINT,development.xml|uAvionix.xml,baseline/px4/src/modules/mavlink/mavlink/message_definitions/v1.0/common.xml,DEFINED_IN_ENTRYPOINT_CLOSURE,NO_REFERENCE_FOUND_BY_HEURISTIC_SCAN,0,0,0,,2667,PX4 src production-like C/C++ headers/sources; embedded MAVLink submodule/tests/examples excluded,NOT_RUN_NO_CAPTURE,,XML definition is not implementation support; static references are heuristic and do not prove reachability; no default runtime MAVLink capture was performed.
PX4,message,82,SET_ATTITUDE_TARGET,development.xml|uAvionix.xml,baseline/px4/src/modules/mavlink/mavlink/message_definitions/v1.0/common.xml,DEFINED_IN_ENTRYPOINT_CLOSURE,STATIC_REFERENCE_FOUND,0,2,1,baseline/px4/src/modules/mavlink/mavlink_receiver.cpp:1618|baseline/px4/src/modules/mavlink/mavlink_receiver.cpp:1619|baseline/px4/src/modules/mavlink/mavlink_receiver.cpp:176,2667,PX4 src production-like C/C++ headers/sources; embedded MAVLink submodule/tests/examples excluded,NOT_RUN_NO_CAPTURE,,XML definition is not implementation support; static references are heuristic and do not prove reachability; no default runtime MAVLink capture was performed.
PX4,message,83,ATTITUDE_TARGET,development.xml|uAvionix.xml,baseline/px4/src/modules/mavlink/mavlink/message_definitions/v1.0/common.xml,DEFINED_IN_ENTRYPOINT_CLOSURE,STATIC_REFERENCE_FOUND,2,0,1,baseline/px4/src/modules/mavlink/streams/ATTITUDE_TARGET.hpp:46|baseline/px4/src/modules/mavlink/streams/ATTITUDE_TARGET.hpp:82|baseline/px4/src/modules/mavlink/streams/ATTITUDE_TARGET.hpp:96,2667,PX4 src production-like C/C++ headers/sources; embedded MAVLink submodule/tests/examples excluded,NOT_RUN_NO_CAPTURE,,XML definition is not implementation support; static references are heuristic and do not prove reachability; no default runtime MAVLink capture was performed.
PX4,message,84,SET_POSITION_TARGET_LOCAL_NED,development.xml|uAvionix.xml,baseline/px4/src/modules/mavlink/mavlink/message_definitions/v1.0/common.xml,DEFINED_IN_ENTRYPOINT_CLOSURE,STATIC_REFERENCE_FOUND,0,2,1,baseline/px4/src/modules/mavlink/mavlink_receiver.cpp:1036|baseline/px4/src/modules/mavlink/mavlink_receiver.cpp:1037|baseline/px4/src/modules/mavlink/mavlink_receiver.cpp:168,2667,PX4 src production-like C/C++ headers/sources; embedded MAVLink submodule/tests/examples excluded,NOT_RUN_NO_CAPTURE,,XML definition is not implementation support; static references are heuristic and do not prove reachability; no default runtime MAVLink capture was performed.
PX4,message,85,POSITION_TARGET_LOCAL_NED,development.xml|uAvionix.xml,baseline/px4/src/modules/mavlink/mavlink/message_definitions/v1.0/common.xml,DEFINED_IN_ENTRYPOINT_CLOSURE,STATIC_REFERENCE_FOUND,2,0,1,baseline/px4/src/modules/mavlink/streams/POSITION_TARGET_LOCAL_NED.hpp:131|baseline/px4/src/modules/mavlink/streams/POSITION_TARGET_LOCAL_NED.hpp:45|baseline/px4/src/modules/mavlink/streams/POSITION_TARGET_LOCAL_NED.hpp:65,2667,PX4 src production-like C/C++ headers/sources; embedded MAVLink submodule/tests/examples excluded,NOT_RUN_NO_CAPTURE,,XML definition is not implementation support; static references are heuristic and do not prove reachability; no default runtime MAVLink capture was performed.
PX4,message,86,SET_POSITION_TARGET_GLOBAL_INT,development.xml|uAvionix.xml,baseline/px4/src/modules/mavlink/mavlink/message_definitions/v1.0/common.xml,DEFINED_IN_ENTRYPOINT_CLOSURE,STATIC_REFERENCE_FOUND,0,2,1,baseline/px4/src/modules/mavlink/mavlink_receiver.cpp:1156|baseline/px4/src/modules/mavlink/mavlink_receiver.cpp:1157|baseline/px4/src/modules/mavlink/mavlink_receiver.cpp:172,2667,PX4 src production-like C/C++ headers/sources; embedded MAVLink submodule/tests/examples excluded,NOT_RUN_NO_CAPTURE,,XML definition is not implementation support; static references are heuristic and do not prove reachability; no default runtime MAVLink capture was performed.
PX4,message,87,POSITION_TARGET_GLOBAL_INT,development.xml|uAvionix.xml,baseline/px4/src/modules/mavlink/mavlink/message_definitions/v1.0/common.xml,DEFINED_IN_ENTRYPOINT_CLOSURE,STATIC_REFERENCE_FOUND,2,0,1,baseline/px4/src/modules/mavlink/streams/POSITION_TARGET_GLOBAL_INT.hpp:104|baseline/px4/src/modules/mavlink/streams/POSITION_TARGET_GLOBAL_INT.hpp:47|baseline/px4/src/modules/mavlink/streams/POSITION_TARGET_GLOBAL_INT.hpp:78,2667,PX4 src production-like C/C++ headers/sources; embedded MAVLink submodule/tests/examples excluded,NOT_RUN_NO_CAPTURE,,XML definition is not implementation support; static references are heuristic and do not prove reachability; no default runtime MAVLink capture was performed.
PX4,message,89,LOCAL_POSITION_NED_SYSTEM_GLOBAL_OFFSET,development.xml|uAvionix.xml,baseline/px4/src/modules/mavlink/mavlink/message_definitions/v1.0/common.xml,DEFINED_IN_ENTRYPOINT_CLOSURE,NO_REFERENCE_FOUND_BY_HEURISTIC_SCAN,0,0,0,,2667,PX4 src production-like C/C++ headers/sources; embedded MAVLink submodule/tests/examples excluded,NOT_RUN_NO_CAPTURE,,XML definition is not implementation support; static references are heuristic and do not prove reachability; no default runtime MAVLink capture was performed.
PX4,message,90,HIL_STATE,development.xml|uAvionix.xml,baseline/px4/src/modules/mavlink/mavlink/message_definitions/v1.0/common.xml,DEFINED_IN_ENTRYPOINT_CLOSURE,NO_REFERENCE_FOUND_BY_HEURISTIC_SCAN,0,0,0,,2667,PX4 src production-like C/C++ headers/sources; embedded MAVLink submodule/tests/examples excluded,NOT_RUN_NO_CAPTURE,,XML definition is not implementation support; static references are heuristic and do not prove reachability; no default runtime MAVLink capture was performed.
PX4,message,91,HIL_CONTROLS,development.xml|uAvionix.xml,baseline/px4/src/modules/mavlink/mavlink/message_definitions/v1.0/common.xml,DEFINED_IN_ENTRYPOINT_CLOSURE,NO_REFERENCE_FOUND_BY_HEURISTIC_SCAN,0,0,0,,2667,PX4 src production-like C/C++ headers/sources; embedded MAVLink submodule/tests/examples excluded,NOT_RUN_NO_CAPTURE,,XML definition is not implementation support; static references are heuristic and do not prove reachability; no default runtime MAVLink capture was performed.
PX4,message,92,HIL_RC_INPUTS_RAW,development.xml|uAvionix.xml,baseline/px4/src/modules/mavlink/mavlink/message_definitions/v1.0/common.xml,DEFINED_IN_ENTRYPOINT_CLOSURE,NO_REFERENCE_FOUND_BY_HEURISTIC_SCAN,0,0,0,,2667,PX4 src production-like C/C++ headers/sources; embedded MAVLink submodule/tests/examples excluded,NOT_RUN_NO_CAPTURE,,XML definition is not implementation support; static references are heuristic and do not prove reachability; no default runtime MAVLink capture was performed.
PX4,message,93,HIL_ACTUATOR_CONTROLS,development.xml|uAvionix.xml,baseline/px4/src/modules/mavlink/mavlink/message_definitions/v1.0/common.xml,DEFINED_IN_ENTRYPOINT_CLOSURE,STATIC_REFERENCE_FOUND,3,0,7,baseline/px4/src/modules/mavlink/streams/HIL_ACTUATOR_CONTROLS.hpp:116|baseline/px4/src/modules/mavlink/streams/HIL_ACTUATOR_CONTROLS.hpp:47|baseline/px4/src/modules/mavlink/streams/HIL_ACTUATOR_CONTROLS.hpp:72|baseline/px4/src/modules/simulation/simulator_mavlink/SimulatorMavlink.cpp:116|baseline/px4/src/modules/simulation/simulator_mavlink/SimulatorMavlink.cpp:118|baseline/px4/src/modules/simulation/simulator_mavlink/SimulatorMavlink.cpp:139|baseline/px4/src/modules/simulation/simulator_mavlink/SimulatorMavlink.cpp:175|baseline/px4/src/modules/simulation/simulator_mavlink/SimulatorMavlink.cpp:179|baseline/px4/src/modules/simulation/simulator_mavlink/SimulatorMavlink.hpp:241|baseline/px4/src/modules/simulation/simulator_mavlink/SimulatorMavlink.hpp:247,2667,PX4 src production-like C/C++ headers/sources; embedded MAVLink submodule/tests/examples excluded,NOT_RUN_NO_CAPTURE,,XML definition is not implementation support; static references are heuristic and do not prove reachability; no default runtime MAVLink capture was performed.
PX4,message,100,OPTICAL_FLOW,development.xml|uAvionix.xml,baseline/px4/src/modules/mavlink/mavlink/message_definitions/v1.0/common.xml,DEFINED_IN_ENTRYPOINT_CLOSURE,NO_REFERENCE_FOUND_BY_HEURISTIC_SCAN,0,0,0,,2667,PX4 src production-like C/C++ headers/sources; embedded MAVLink submodule/tests/examples excluded,NOT_RUN_NO_CAPTURE,,XML definition is not implementation support; static references are heuristic and do not prove reachability; no default runtime MAVLink capture was performed.
PX4,message,101,GLOBAL_VISION_POSITION_ESTIMATE,development.xml|uAvionix.xml,baseline/px4/src/modules/mavlink/mavlink/message_definitions/v1.0/common.xml,DEFINED_IN_ENTRYPOINT_CLOSURE,NO_REFERENCE_FOUND_BY_HEURISTIC_SCAN,0,0,0,,2667,PX4 src production-like C/C++ headers/sources; embedded MAVLink submodule/tests/examples excluded,NOT_RUN_NO_CAPTURE,,XML definition is not implementation support; static references are heuristic and do not prove reachability; no default runtime MAVLink capture was performed.
PX4,message,102,VISION_POSITION_ESTIMATE,development.xml|uAvionix.xml,baseline/px4/src/modules/mavlink/mavlink/message_definitions/v1.0/common.xml,DEFINED_IN_ENTRYPOINT_CLOSURE,STATIC_REFERENCE_FOUND,0,4,2,baseline/px4/src/modules/mavlink/mavlink_receiver.cpp:1313|baseline/px4/src/modules/mavlink/mavlink_receiver.cpp:1314|baseline/px4/src/modules/mavlink/mavlink_receiver.cpp:180|baseline/px4/src/modules/simulation/simulator_mavlink/SimulatorMavlink.cpp:366|baseline/px4/src/modules/simulation/simulator_mavlink/SimulatorMavlink.cpp:957|baseline/px4/src/modules/simulation/simulator_mavlink/SimulatorMavlink.cpp:958,2667,PX4 src production-like C/C++ headers/sources; embedded MAVLink submodule/tests/examples excluded,NOT_RUN_NO_CAPTURE,,XML definition is not implementation support; static references are heuristic and do not prove reachability; no default runtime MAVLink capture was performed.
PX4,message,103,VISION_SPEED_ESTIMATE,development.xml|uAvionix.xml,baseline/px4/src/modules/mavlink/mavlink/message_definitions/v1.0/common.xml,DEFINED_IN_ENTRYPOINT_CLOSURE,NO_REFERENCE_FOUND_BY_HEURISTIC_SCAN,0,0,0,,2667,PX4 src production-like C/C++ headers/sources; embedded MAVLink submodule/tests/examples excluded,NOT_RUN_NO_CAPTURE,,XML definition is not implementation support; static references are heuristic and do not prove reachability; no default runtime MAVLink capture was performed.
PX4,message,104,VICON_POSITION_ESTIMATE,development.xml|uAvionix.xml,baseline/px4/src/modules/mavlink/mavlink/message_definitions/v1.0/common.xml,DEFINED_IN_ENTRYPOINT_CLOSURE,NO_REFERENCE_FOUND_BY_HEURISTIC_SCAN,0,0,0,,2667,PX4 src production-like C/C++ headers/sources; embedded MAVLink submodule/tests/examples excluded,NOT_RUN_NO_CAPTURE,,XML definition is not implementation support; static references are heuristic and do not prove reachability; no default runtime MAVLink capture was performed.
PX4,message,105,HIGHRES_IMU,development.xml|uAvionix.xml,baseline/px4/src/modules/mavlink/mavlink/message_definitions/v1.0/common.xml,DEFINED_IN_ENTRYPOINT_CLOSURE,STATIC_REFERENCE_FOUND,2,0,1,baseline/px4/src/modules/mavlink/streams/HIGHRES_IMU.hpp:181|baseline/px4/src/modules/mavlink/streams/HIGHRES_IMU.hpp:199|baseline/px4/src/modules/mavlink/streams/HIGHRES_IMU.hpp:53,2667,PX4 src production-like C/C++ headers/sources; embedded MAVLink submodule/tests/examples excluded,NOT_RUN_NO_CAPTURE,,XML definition is not implementation support; static references are heuristic and do not prove reachability; no default runtime MAVLink capture was performed.
PX4,message,106,OPTICAL_FLOW_RAD,development.xml|uAvionix.xml,baseline/px4/src/modules/mavlink/mavlink/message_definitions/v1.0/common.xml,DEFINED_IN_ENTRYPOINT_CLOSURE,STATIC_REFERENCE_FOUND,2,2,2,baseline/px4/src/modules/mavlink/mavlink_receiver.cpp:152|baseline/px4/src/modules/mavlink/mavlink_receiver.cpp:840|baseline/px4/src/modules/mavlink/mavlink_receiver.cpp:841|baseline/px4/src/modules/mavlink/streams/OPTICAL_FLOW_RAD.hpp:45|baseline/px4/src/modules/mavlink/streams/OPTICAL_FLOW_RAD.hpp:66|baseline/px4/src/modules/mavlink/streams/OPTICAL_FLOW_RAD.hpp:87,2667,PX4 src production-like C/C++ headers/sources; embedded MAVLink submodule/tests/examples excluded,NOT_RUN_NO_CAPTURE,,XML definition is not implementation support; static references are heuristic and do not prove reachability; no default runtime MAVLink capture was performed.
PX4,message,107,HIL_SENSOR,development.xml|uAvionix.xml,baseline/px4/src/modules/mavlink/mavlink/message_definitions/v1.0/common.xml,DEFINED_IN_ENTRYPOINT_CLOSURE,STATIC_REFERENCE_FOUND,0,4,4,baseline/px4/src/modules/mavlink/mavlink_receiver.cpp:2312|baseline/px4/src/modules/mavlink/mavlink_receiver.cpp:2313|baseline/px4/src/modules/mavlink/mavlink_receiver.cpp:350|baseline/px4/src/modules/simulation/simulator_mavlink/SimulatorMavlink.cpp:189|baseline/px4/src/modules/simulation/simulator_mavlink/SimulatorMavlink.cpp:354|baseline/px4/src/modules/simulation/simulator_mavlink/SimulatorMavlink.cpp:505|baseline/px4/src/modules/simulation/simulator_mavlink/SimulatorMavlink.cpp:506|baseline/px4/src/modules/simulation/simulator_mavlink/SimulatorMavlink.hpp:243,2667,PX4 src production-like C/C++ headers/sources; embedded MAVLink submodule/tests/examples excluded,NOT_RUN_NO_CAPTURE,,XML definition is not implementation support; static references are heuristic and do not prove reachability; no default runtime MAVLink capture was performed.
PX4,message,108,SIM_STATE,development.xml|uAvionix.xml,baseline/px4/src/modules/mavlink/mavlink/message_definitions/v1.0/common.xml,DEFINED_IN_ENTRYPOINT_CLOSURE,NO_REFERENCE_FOUND_BY_HEURISTIC_SCAN,0,0,0,,2667,PX4 src production-like C/C++ headers/sources; embedded MAVLink submodule/tests/examples excluded,NOT_RUN_NO_CAPTURE,,XML definition is not implementation support; static references are heuristic and do not prove reachability; no default runtime MAVLink capture was performed.
PX4,message,109,RADIO_STATUS,development.xml|uAvionix.xml,baseline/px4/src/modules/mavlink/mavlink/message_definitions/v1.0/common.xml,DEFINED_IN_ENTRYPOINT_CLOSURE,STATIC_REFERENCE_FOUND,0,2,1,baseline/px4/src/modules/mavlink/mavlink_receiver.cpp:1707|baseline/px4/src/modules/mavlink/mavlink_receiver.cpp:1708|baseline/px4/src/modules/mavlink/mavlink_receiver.cpp:192,2667,PX4 src production-like C/C++ headers/sources; embedded MAVLink submodule/tests/examples excluded,NOT_RUN_NO_CAPTURE,,XML definition is not implementation support; static references are heuristic and do not prove reachability; no default runtime MAVLink capture was performed.
PX4,message,110,FILE_TRANSFER_PROTOCOL,development.xml|uAvionix.xml,baseline/px4/src/modules/mavlink/mavlink/message_definitions/v1.0/common.xml,DEFINED_IN_ENTRYPOINT_CLOSURE,STATIC_REFERENCE_FOUND,2,1,8,baseline/px4/src/modules/mavlink/mavlink_ftp.cpp:100|baseline/px4/src/modules/mavlink/mavlink_ftp.cpp:101|baseline/px4/src/modules/mavlink/mavlink_ftp.cpp:1037|baseline/px4/src/modules/mavlink/mavlink_ftp.cpp:116|baseline/px4/src/modules/mavlink/mavlink_ftp.cpp:141|baseline/px4/src/modules/mavlink/mavlink_ftp.cpp:147|baseline/px4/src/modules/mavlink/mavlink_ftp.cpp:284|baseline/px4/src/modules/mavlink/mavlink_ftp.cpp:302|baseline/px4/src/modules/mavlink/mavlink_ftp.cpp:99|baseline/px4/src/modules/mavlink/mavlink_ftp.h:124|baseline/px4/src/modules/mavlink/mavlink_ftp.h:125,2667,PX4 src production-like C/C++ headers/sources; embedded MAVLink submodule/tests/examples excluded,NOT_RUN_NO_CAPTURE,,XML definition is not implementation support; static references are heuristic and do not prove reachability; no default runtime MAVLink capture was performed.
PX4,message,111,TIMESYNC,development.xml|uAvionix.xml,baseline/px4/src/modules/mavlink/mavlink/message_definitions/v1.0/common.xml,DEFINED_IN_ENTRYPOINT_CLOSURE,STATIC_REFERENCE_FOUND,3,2,3,baseline/px4/src/modules/mavlink/mavlink_timesync.cpp:55|baseline/px4/src/modules/mavlink/mavlink_timesync.cpp:57|baseline/px4/src/modules/mavlink/mavlink_timesync.cpp:58|baseline/px4/src/modules/mavlink/mavlink_timesync.cpp:64|baseline/px4/src/modules/mavlink/mavlink_timesync.cpp:69|baseline/px4/src/modules/mavlink/streams/TIMESYNC.hpp:45|baseline/px4/src/modules/mavlink/streams/TIMESYNC.hpp:60|baseline/px4/src/modules/mavlink/streams/TIMESYNC.hpp:65,2667,PX4 src production-like C/C++ headers/sources; embedded MAVLink submodule/tests/examples excluded,NOT_RUN_NO_CAPTURE,,XML definition is not implementation support; static references are heuristic and do not prove reachability; no default runtime MAVLink capture was performed.
PX4,message,112,CAMERA_TRIGGER,development.xml|uAvionix.xml,baseline/px4/src/modules/mavlink/mavlink/message_definitions/v1.0/common.xml,DEFINED_IN_ENTRYPOINT_CLOSURE,STATIC_REFERENCE_FOUND,2,0,1,baseline/px4/src/modules/mavlink/streams/CAMERA_TRIGGER.hpp:46|baseline/px4/src/modules/mavlink/streams/CAMERA_TRIGGER.hpp:84|baseline/px4/src/modules/mavlink/streams/CAMERA_TRIGGER.hpp:87,2667,PX4 src production-like C/C++ headers/sources; embedded MAVLink submodule/tests/examples excluded,NOT_RUN_NO_CAPTURE,,XML definition is not implementation support; static references are heuristic and do not prove reachability; no default runtime MAVLink capture was performed.
PX4,message,113,HIL_GPS,development.xml|uAvionix.xml,baseline/px4/src/modules/mavlink/mavlink/message_definitions/v1.0/common.xml,DEFINED_IN_ENTRYPOINT_CLOSURE,STATIC_REFERENCE_FOUND,0,4,2,baseline/px4/src/modules/mavlink/mavlink_receiver.cpp:2428|baseline/px4/src/modules/mavlink/mavlink_receiver.cpp:2429|baseline/px4/src/modules/mavlink/mavlink_receiver.cpp:370|baseline/px4/src/modules/simulation/simulator_mavlink/SimulatorMavlink.cpp:374|baseline/px4/src/modules/simulation/simulator_mavlink/SimulatorMavlink.cpp:410|baseline/px4/src/modules/simulation/simulator_mavlink/SimulatorMavlink.cpp:411,2667,PX4 src production-like C/C++ headers/sources; embedded MAVLink submodule/tests/examples excluded,NOT_RUN_NO_CAPTURE,,XML definition is not implementation support; static references are heuristic and do not prove reachability; no default runtime MAVLink capture was performed.
PX4,message,114,HIL_OPTICAL_FLOW,development.xml|uAvionix.xml,baseline/px4/src/modules/mavlink/mavlink/message_definitions/v1.0/common.xml,DEFINED_IN_ENTRYPOINT_CLOSURE,STATIC_REFERENCE_FOUND,0,4,2,baseline/px4/src/modules/mavlink/mavlink_receiver.cpp:358|baseline/px4/src/modules/mavlink/mavlink_receiver.cpp:886|baseline/px4/src/modules/mavlink/mavlink_receiver.cpp:887|baseline/px4/src/modules/simulation/simulator_mavlink/SimulatorMavlink.cpp:358|baseline/px4/src/modules/simulation/simulator_mavlink/SimulatorMavlink.cpp:875|baseline/px4/src/modules/simulation/simulator_mavlink/SimulatorMavlink.cpp:876,2667,PX4 src production-like C/C++ headers/sources; embedded MAVLink submodule/tests/examples excluded,NOT_RUN_NO_CAPTURE,,XML definition is not implementation support; static references are heuristic and do not prove reachability; no default runtime MAVLink capture was performed.
PX4,message,115,HIL_STATE_QUATERNION,development.xml|uAvionix.xml,baseline/px4/src/modules/mavlink/mavlink/message_definitions/v1.0/common.xml,DEFINED_IN_ENTRYPOINT_CLOSURE,STATIC_REFERENCE_FOUND,2,4,4,baseline/px4/src/modules/mavlink/mavlink_receiver.cpp:2625|baseline/px4/src/modules/mavlink/mavlink_receiver.cpp:2626|baseline/px4/src/modules/mavlink/mavlink_receiver.cpp:354|baseline/px4/src/modules/mavlink/streams/HIL_STATE_QUATERNION.hpp:105|baseline/px4/src/modules/mavlink/streams/HIL_STATE_QUATERNION.hpp:43|baseline/px4/src/modules/mavlink/streams/HIL_STATE_QUATERNION.hpp:80|baseline/px4/src/modules/simulation/simulator_mavlink/SimulatorMavlink.cpp:1078|baseline/px4/src/modules/simulation/simulator_mavlink/SimulatorMavlink.cpp:386|baseline/px4/src/modules/simulation/simulator_mavlink/SimulatorMavlink.cpp:553|baseline/px4/src/modules/simulation/simulator_mavlink/SimulatorMavlink.cpp:554,2667,PX4 src production-like C/C++ headers/sources; embedded MAVLink submodule/tests/examples excluded,NOT_RUN_NO_CAPTURE,,XML definition is not implementation support; static references are heuristic and do not prove reachability; no default runtime MAVLink capture was performed.
PX4,message,116,SCALED_IMU2,development.xml|uAvionix.xml,baseline/px4/src/modules/mavlink/mavlink/message_definitions/v1.0/common.xml,DEFINED_IN_ENTRYPOINT_CLOSURE,STATIC_REFERENCE_FOUND,2,0,1,baseline/px4/src/modules/mavlink/streams/SCALED_IMU2.hpp:136|baseline/px4/src/modules/mavlink/streams/SCALED_IMU2.hpp:50|baseline/px4/src/modules/mavlink/streams/SCALED_IMU2.hpp:74,2667,PX4 src production-like C/C++ headers/sources; embedded MAVLink submodule/tests/examples excluded,NOT_RUN_NO_CAPTURE,,XML definition is not implementation support; static references are heuristic and do not prove reachability; no default runtime MAVLink capture was performed.
PX4,message,117,LOG_REQUEST_LIST,development.xml|uAvionix.xml,baseline/px4/src/modules/mavlink/mavlink/message_definitions/v1.0/common.xml,DEFINED_IN_ENTRYPOINT_CLOSURE,STATIC_REFERENCE_FOUND,0,2,1,baseline/px4/src/modules/mavlink/mavlink_log_handler.cpp:259|baseline/px4/src/modules/mavlink/mavlink_log_handler.cpp:260|baseline/px4/src/modules/mavlink/mavlink_log_handler.cpp:97,2667,PX4 src production-like C/C++ headers/sources; embedded MAVLink submodule/tests/examples excluded,NOT_RUN_NO_CAPTURE,,XML definition is not implementation support; static references are heuristic and do not prove reachability; no default runtime MAVLink capture was performed.
PX4,message,118,LOG_ENTRY,development.xml|uAvionix.xml,baseline/px4/src/modules/mavlink/mavlink/message_definitions/v1.0/common.xml,DEFINED_IN_ENTRYPOINT_CLOSURE,STATIC_REFERENCE_FOUND,1,0,2,baseline/px4/src/modules/mavlink/mavlink_log_handler.cpp:183|baseline/px4/src/modules/mavlink/mavlink_log_handler.cpp:472|baseline/px4/src/modules/mavlink/mavlink_log_handler.cpp:478,2667,PX4 src production-like C/C++ headers/sources; embedded MAVLink submodule/tests/examples excluded,NOT_RUN_NO_CAPTURE,,XML definition is not implementation support; static references are heuristic and do not prove reachability; no default runtime MAVLink capture was performed.
PX4,message,119,LOG_REQUEST_DATA,development.xml|uAvionix.xml,baseline/px4/src/modules/mavlink/mavlink/message_definitions/v1.0/common.xml,DEFINED_IN_ENTRYPOINT_CLOSURE,STATIC_REFERENCE_FOUND,0,2,1,baseline/px4/src/modules/mavlink/mavlink_log_handler.cpp:101|baseline/px4/src/modules/mavlink/mavlink_log_handler.cpp:282|baseline/px4/src/modules/mavlink/mavlink_log_handler.cpp:283,2667,PX4 src production-like C/C++ headers/sources; embedded MAVLink submodule/tests/examples excluded,NOT_RUN_NO_CAPTURE,,XML definition is not implementation support; static references are heuristic and do not prove reachability; no default runtime MAVLink capture was performed.
PX4,message,120,LOG_DATA,development.xml|uAvionix.xml,baseline/px4/src/modules/mavlink/mavlink/message_definitions/v1.0/common.xml,DEFINED_IN_ENTRYPOINT_CLOSURE,STATIC_REFERENCE_FOUND,1,0,1,baseline/px4/src/modules/mavlink/mavlink_log_handler.cpp:224|baseline/px4/src/modules/mavlink/mavlink_log_handler.cpp:242,2667,PX4 src production-like C/C++ headers/sources; embedded MAVLink submodule/tests/examples excluded,NOT_RUN_NO_CAPTURE,,XML definition is not implementation support; static references are heuristic and do not prove reachability; no default runtime MAVLink capture was performed.
PX4,message,121,LOG_ERASE,development.xml|uAvionix.xml,baseline/px4/src/modules/mavlink/mavlink/message_definitions/v1.0/common.xml,DEFINED_IN_ENTRYPOINT_CLOSURE,STATIC_REFERENCE_FOUND,0,1,0,baseline/px4/src/modules/mavlink/mavlink_log_handler.cpp:109,2667,PX4 src production-like C/C++ headers/sources; embedded MAVLink submodule/tests/examples excluded,NOT_RUN_NO_CAPTURE,,XML definition is not implementation support; static references are heuristic and do not prove reachability; no default runtime MAVLink capture was performed.
PX4,message,122,LOG_REQUEST_END,development.xml|uAvionix.xml,baseline/px4/src/modules/mavlink/mavlink/message_definitions/v1.0/common.xml,DEFINED_IN_ENTRYPOINT_CLOSURE,STATIC_REFERENCE_FOUND,0,1,0,baseline/px4/src/modules/mavlink/mavlink_log_handler.cpp:105,2667,PX4 src production-like C/C++ headers/sources; embedded MAVLink submodule/tests/examples excluded,NOT_RUN_NO_CAPTURE,,XML definition is not implementation support; static references are heuristic and do not prove reachability; no default runtime MAVLink capture was performed.
PX4,message,123,GPS_INJECT_DATA,development.xml|uAvionix.xml,baseline/px4/src/modules/mavlink/mavlink/message_definitions/v1.0/common.xml,DEFINED_IN_ENTRYPOINT_CLOSURE,NO_REFERENCE_FOUND_BY_HEURISTIC_SCAN,0,0,0,,2667,PX4 src production-like C/C++ headers/sources; embedded MAVLink submodule/tests/examples excluded,NOT_RUN_NO_CAPTURE,,XML definition is not implementation support; static references are heuristic and do not prove reachability; no default runtime MAVLink capture was performed.
PX4,message,124,GPS2_RAW,development.xml|uAvionix.xml,baseline/px4/src/modules/mavlink/mavlink/message_definitions/v1.0/common.xml,DEFINED_IN_ENTRYPOINT_CLOSURE,STATIC_REFERENCE_FOUND,3,0,1,baseline/px4/src/modules/mavlink/streams/GPS2_RAW.hpp:106|baseline/px4/src/modules/mavlink/streams/GPS2_RAW.hpp:118|baseline/px4/src/modules/mavlink/streams/GPS2_RAW.hpp:47|baseline/px4/src/modules/mavlink/streams/GPS2_RAW.hpp:67,2667,PX4 src production-like C/C++ headers/sources; embedded MAVLink submodule/tests/examples excluded,NOT_RUN_NO_CAPTURE,,XML definition is not implementation support; static references are heuristic and do not prove reachability; no default runtime MAVLink capture was performed.
PX4,message,125,POWER_STATUS,development.xml|uAvionix.xml,baseline/px4/src/modules/mavlink/mavlink/message_definitions/v1.0/common.xml,DEFINED_IN_ENTRYPOINT_CLOSURE,NO_REFERENCE_FOUND_BY_HEURISTIC_SCAN,0,0,0,,2667,PX4 src production-like C/C++ headers/sources; embedded MAVLink submodule/tests/examples excluded,NOT_RUN_NO_CAPTURE,,XML definition is not implementation support; static references are heuristic and do not prove reachability; no default runtime MAVLink capture was performed.
PX4,message,126,SERIAL_CONTROL,development.xml|uAvionix.xml,baseline/px4/src/modules/mavlink/mavlink/message_definitions/v1.0/common.xml,DEFINED_IN_ENTRYPOINT_CLOSURE,STATIC_REFERENCE_FOUND,1,2,2,baseline/px4/src/modules/mavlink/mavlink_main.cpp:2573|baseline/px4/src/modules/mavlink/mavlink_main.cpp:2593|baseline/px4/src/modules/mavlink/mavlink_receiver.cpp:1842|baseline/px4/src/modules/mavlink/mavlink_receiver.cpp:1843|baseline/px4/src/modules/mavlink/mavlink_receiver.cpp:236,2667,PX4 src production-like C/C++ headers/sources; embedded MAVLink submodule/tests/examples excluded,NOT_RUN_NO_CAPTURE,,XML definition is not implementation support; static references are heuristic and do not prove reachability; no default runtime MAVLink capture was performed.
PX4,message,127,GPS_RTK,development.xml|uAvionix.xml,baseline/px4/src/modules/mavlink/mavlink/message_definitions/v1.0/common.xml,DEFINED_IN_ENTRYPOINT_CLOSURE,NO_REFERENCE_FOUND_BY_HEURISTIC_SCAN,0,0,0,,2667,PX4 src production-like C/C++ headers/sources; embedded MAVLink submodule/tests/examples excluded,NOT_RUN_NO_CAPTURE,,XML definition is not implementation support; static references are heuristic and do not prove reachability; no default runtime MAVLink capture was performed.
PX4,message,128,GPS2_RTK,development.xml|uAvionix.xml,baseline/px4/src/modules/mavlink/mavlink/message_definitions/v1.0/common.xml,DEFINED_IN_ENTRYPOINT_CLOSURE,NO_REFERENCE_FOUND_BY_HEURISTIC_SCAN,0,0,0,,2667,PX4 src production-like C/C++ headers/sources; embedded MAVLink submodule/tests/examples excluded,NOT_RUN_NO_CAPTURE,,XML definition is not implementation support; static references are heuristic and do not prove reachability; no default runtime MAVLink capture was performed.
PX4,message,129,SCALED_IMU3,development.xml|uAvionix.xml,baseline/px4/src/modules/mavlink/mavlink/message_definitions/v1.0/common.xml,DEFINED_IN_ENTRYPOINT_CLOSURE,STATIC_REFERENCE_FOUND,2,0,1,baseline/px4/src/modules/mavlink/streams/SCALED_IMU3.hpp:136|baseline/px4/src/modules/mavlink/streams/SCALED_IMU3.hpp:50|baseline/px4/src/modules/mavlink/streams/SCALED_IMU3.hpp:74,2667,PX4 src production-like C/C++ headers/sources; embedded MAVLink submodule/tests/examples excluded,NOT_RUN_NO_CAPTURE,,XML definition is not implementation support; static references are heuristic and do not prove reachability; no default runtime MAVLink capture was performed.
PX4,message,130,DATA_TRANSMISSION_HANDSHAKE,development.xml|uAvionix.xml,baseline/px4/src/modules/mavlink/mavlink/message_definitions/v1.0/common.xml,DEFINED_IN_ENTRYPOINT_CLOSURE,NO_REFERENCE_FOUND_BY_HEURISTIC_SCAN,0,0,0,,2667,PX4 src production-like C/C++ headers/sources; embedded MAVLink submodule/tests/examples excluded,NOT_RUN_NO_CAPTURE,,XML definition is not implementation support; static references are heuristic and do not prove reachability; no default runtime MAVLink capture was performed.
PX4,message,131,ENCAPSULATED_DATA,development.xml|uAvionix.xml,baseline/px4/src/modules/mavlink/mavlink/message_definitions/v1.0/common.xml,DEFINED_IN_ENTRYPOINT_CLOSURE,NO_REFERENCE_FOUND_BY_HEURISTIC_SCAN,0,0,0,,2667,PX4 src production-like C/C++ headers/sources; embedded MAVLink submodule/tests/examples excluded,NOT_RUN_NO_CAPTURE,,XML definition is not implementation support; static references are heuristic and do not prove reachability; no default runtime MAVLink capture was performed.
PX4,message,132,DISTANCE_SENSOR,development.xml|uAvionix.xml,baseline/px4/src/modules/mavlink/mavlink/message_definitions/v1.0/common.xml,DEFINED_IN_ENTRYPOINT_CLOSURE,STATIC_REFERENCE_FOUND,2,4,5,baseline/px4/src/modules/mavlink/mavlink_receiver.cpp:208|baseline/px4/src/modules/mavlink/mavlink_receiver.cpp:961|baseline/px4/src/modules/mavlink/mavlink_receiver.cpp:962|baseline/px4/src/modules/mavlink/streams/DISTANCE_SENSOR.hpp:114|baseline/px4/src/modules/mavlink/streams/DISTANCE_SENSOR.hpp:46|baseline/px4/src/modules/mavlink/streams/DISTANCE_SENSOR.hpp:69|baseline/px4/src/modules/simulation/simulator_mavlink/SimulatorMavlink.cpp:1520|baseline/px4/src/modules/simulation/simulator_mavlink/SimulatorMavlink.cpp:370|baseline/px4/src/modules/simulation/simulator_mavlink/SimulatorMavlink.cpp:403|baseline/px4/src/modules/simulation/simulator_mavlink/SimulatorMavlink.cpp:404|baseline/px4/src/modules/simulation/simulator_mavlink/SimulatorMavlink.hpp:162,2667,PX4 src production-like C/C++ headers/sources; embedded MAVLink submodule/tests/examples excluded,NOT_RUN_NO_CAPTURE,,XML definition is not implementation support; static references are heuristic and do not prove reachability; no default runtime MAVLink capture was performed.
PX4,message,133,TERRAIN_REQUEST,development.xml|uAvionix.xml,baseline/px4/src/modules/mavlink/mavlink/message_definitions/v1.0/common.xml,DEFINED_IN_ENTRYPOINT_CLOSURE,NO_REFERENCE_FOUND_BY_HEURISTIC_SCAN,0,0,0,,2667,PX4 src production-like C/C++ headers/sources; embedded MAVLink submodule/tests/examples excluded,NOT_RUN_NO_CAPTURE,,XML definition is not implementation support; static references are heuristic and do not prove reachability; no default runtime MAVLink capture was performed.
PX4,message,134,TERRAIN_DATA,development.xml|uAvionix.xml,baseline/px4/src/modules/mavlink/mavlink/message_definitions/v1.0/common.xml,DEFINED_IN_ENTRYPOINT_CLOSURE,NO_REFERENCE_FOUND_BY_HEURISTIC_SCAN,0,0,0,,2667,PX4 src production-like C/C++ headers/sources; embedded MAVLink submodule/tests/examples excluded,NOT_RUN_NO_CAPTURE,,XML definition is not implementation support; static references are heuristic and do not prove reachability; no default runtime MAVLink capture was performed.
PX4,message,135,TERRAIN_CHECK,development.xml|uAvionix.xml,baseline/px4/src/modules/mavlink/mavlink/message_definitions/v1.0/common.xml,DEFINED_IN_ENTRYPOINT_CLOSURE,NO_REFERENCE_FOUND_BY_HEURISTIC_SCAN,0,0,0,,2667,PX4 src production-like C/C++ headers/sources; embedded MAVLink submodule/tests/examples excluded,NOT_RUN_NO_CAPTURE,,XML definition is not implementation support; static references are heuristic and do not prove reachability; no default runtime MAVLink capture was performed.
PX4,message,136,TERRAIN_REPORT,development.xml|uAvionix.xml,baseline/px4/src/modules/mavlink/mavlink/message_definitions/v1.0/common.xml,DEFINED_IN_ENTRYPOINT_CLOSURE,NO_REFERENCE_FOUND_BY_HEURISTIC_SCAN,0,0,0,,2667,PX4 src production-like C/C++ headers/sources; embedded MAVLink submodule/tests/examples excluded,NOT_RUN_NO_CAPTURE,,XML definition is not implementation support; static references are heuristic and do not prove reachability; no default runtime MAVLink capture was performed.
PX4,message,137,SCALED_PRESSURE2,development.xml|uAvionix.xml,baseline/px4/src/modules/mavlink/mavlink/message_definitions/v1.0/common.xml,DEFINED_IN_ENTRYPOINT_CLOSURE,STATIC_REFERENCE_FOUND,2,0,1,baseline/px4/src/modules/mavlink/streams/SCALED_PRESSURE2.hpp:46|baseline/px4/src/modules/mavlink/streams/SCALED_PRESSURE2.hpp:69|baseline/px4/src/modules/mavlink/streams/SCALED_PRESSURE2.hpp:90,2667,PX4 src production-like C/C++ headers/sources; embedded MAVLink submodule/tests/examples excluded,NOT_RUN_NO_CAPTURE,,XML definition is not implementation support; static references are heuristic and do not prove reachability; no default runtime MAVLink capture was performed.
PX4,message,138,ATT_POS_MOCAP,development.xml|uAvionix.xml,baseline/px4/src/modules/mavlink/mavlink/message_definitions/v1.0/common.xml,DEFINED_IN_ENTRYPOINT_CLOSURE,STATIC_REFERENCE_FOUND,0,2,1,baseline/px4/src/modules/mavlink/mavlink_receiver.cpp:164|baseline/px4/src/modules/mavlink/mavlink_receiver.cpp:998|baseline/px4/src/modules/mavlink/mavlink_receiver.cpp:999,2667,PX4 src production-like C/C++ headers/sources; embedded MAVLink submodule/tests/examples excluded,NOT_RUN_NO_CAPTURE,,XML definition is not implementation support; static references are heuristic and do not prove reachability; no default runtime MAVLink capture was performed.
PX4,message,139,SET_ACTUATOR_CONTROL_TARGET,development.xml|uAvionix.xml,baseline/px4/src/modules/mavlink/mavlink/message_definitions/v1.0/common.xml,DEFINED_IN_ENTRYPOINT_CLOSURE,NO_REFERENCE_FOUND_BY_HEURISTIC_SCAN,0,0,0,,2667,PX4 src production-like C/C++ headers/sources; embedded MAVLink submodule/tests/examples excluded,NOT_RUN_NO_CAPTURE,,XML definition is not implementation support; static references are heuristic and do not prove reachability; no default runtime MAVLink capture was performed.
PX4,message,140,ACTUATOR_CONTROL_TARGET,development.xml|uAvionix.xml,baseline/px4/src/modules/mavlink/mavlink/message_definitions/v1.0/common.xml,DEFINED_IN_ENTRYPOINT_CLOSURE,NO_REFERENCE_FOUND_BY_HEURISTIC_SCAN,0,0,0,,2667,PX4 src production-like C/C++ headers/sources; embedded MAVLink submodule/tests/examples excluded,NOT_RUN_NO_CAPTURE,,XML definition is not implementation support; static references are heuristic and do not prove reachability; no default runtime MAVLink capture was performed.
PX4,message,141,ALTITUDE,development.xml|uAvionix.xml,baseline/px4/src/modules/mavlink/mavlink/message_definitions/v1.0/common.xml,DEFINED_IN_ENTRYPOINT_CLOSURE,STATIC_REFERENCE_FOUND,2,0,1,baseline/px4/src/modules/mavlink/streams/ALTITUDE.hpp:128|baseline/px4/src/modules/mavlink/streams/ALTITUDE.hpp:48|baseline/px4/src/modules/mavlink/streams/ALTITUDE.hpp:67,2667,PX4 src production-like C/C++ headers/sources; embedded MAVLink submodule/tests/examples excluded,NOT_RUN_NO_CAPTURE,,XML definition is not implementation support; static references are heuristic and do not prove reachability; no default runtime MAVLink capture was performed.
PX4,message,142,RESOURCE_REQUEST,development.xml|uAvionix.xml,baseline/px4/src/modules/mavlink/mavlink/message_definitions/v1.0/common.xml,DEFINED_IN_ENTRYPOINT_CLOSURE,NO_REFERENCE_FOUND_BY_HEURISTIC_SCAN,0,0,0,,2667,PX4 src production-like C/C++ headers/sources; embedded MAVLink submodule/tests/examples excluded,NOT_RUN_NO_CAPTURE,,XML definition is not implementation support; static references are heuristic and do not prove reachability; no default runtime MAVLink capture was performed.
PX4,message,143,SCALED_PRESSURE3,development.xml|uAvionix.xml,baseline/px4/src/modules/mavlink/mavlink/message_definitions/v1.0/common.xml,DEFINED_IN_ENTRYPOINT_CLOSURE,STATIC_REFERENCE_FOUND,2,0,1,baseline/px4/src/modules/mavlink/streams/SCALED_PRESSURE3.hpp:46|baseline/px4/src/modules/mavlink/streams/SCALED_PRESSURE3.hpp:69|baseline/px4/src/modules/mavlink/streams/SCALED_PRESSURE3.hpp:90,2667,PX4 src production-like C/C++ headers/sources; embedded MAVLink submodule/tests/examples excluded,NOT_RUN_NO_CAPTURE,,XML definition is not implementation support; static references are heuristic and do not prove reachability; no default runtime MAVLink capture was performed.
PX4,message,144,FOLLOW_TARGET,development.xml|uAvionix.xml,baseline/px4/src/modules/mavlink/mavlink/message_definitions/v1.0/common.xml,DEFINED_IN_ENTRYPOINT_CLOSURE,STATIC_REFERENCE_FOUND,0,2,1,baseline/px4/src/modules/mavlink/mavlink_receiver.cpp:212|baseline/px4/src/modules/mavlink/mavlink_receiver.cpp:2486|baseline/px4/src/modules/mavlink/mavlink_receiver.cpp:2487,2667,PX4 src production-like C/C++ headers/sources; embedded MAVLink submodule/tests/examples excluded,NOT_RUN_NO_CAPTURE,,XML definition is not implementation support; static references are heuristic and do not prove reachability; no default runtime MAVLink capture was performed.
PX4,message,146,CONTROL_SYSTEM_STATE,development.xml|uAvionix.xml,baseline/px4/src/modules/mavlink/mavlink/message_definitions/v1.0/common.xml,DEFINED_IN_ENTRYPOINT_CLOSURE,NO_REFERENCE_FOUND_BY_HEURISTIC_SCAN,0,0,0,,2667,PX4 src production-like C/C++ headers/sources; embedded MAVLink submodule/tests/examples excluded,NOT_RUN_NO_CAPTURE,,XML definition is not implementation support; static references are heuristic and do not prove reachability; no default runtime MAVLink capture was performed.
PX4,message,147,BATTERY_STATUS,development.xml|uAvionix.xml,baseline/px4/src/modules/mavlink/mavlink/message_definitions/v1.0/common.xml,DEFINED_IN_ENTRYPOINT_CLOSURE,STATIC_REFERENCE_FOUND,2,2,2,baseline/px4/src/modules/mavlink/mavlink_receiver.cpp:1801|baseline/px4/src/modules/mavlink/mavlink_receiver.cpp:1802|baseline/px4/src/modules/mavlink/mavlink_receiver.cpp:232|baseline/px4/src/modules/mavlink/streams/BATTERY_STATUS.hpp:187|baseline/px4/src/modules/mavlink/streams/BATTERY_STATUS.hpp:45|baseline/px4/src/modules/mavlink/streams/BATTERY_STATUS.hpp:70,2667,PX4 src production-like C/C++ headers/sources; embedded MAVLink submodule/tests/examples excluded,NOT_RUN_NO_CAPTURE,,XML definition is not implementation support; static references are heuristic and do not prove reachability; no default runtime MAVLink capture was performed.
PX4,message,148,AUTOPILOT_VERSION,development.xml|uAvionix.xml,baseline/px4/src/modules/mavlink/mavlink/message_definitions/v1.0/standard.xml,DEFINED_IN_ENTRYPOINT_CLOSURE,STATIC_REFERENCE_FOUND,2,1,1,baseline/px4/src/modules/mavlink/mavlink_main.cpp:1059|baseline/px4/src/modules/mavlink/mavlink_main.cpp:1131|baseline/px4/src/modules/mavlink/mavlink_receiver.cpp:570|baseline/px4/src/modules/mavlink/streams/AUTOPILOT_VERSION.hpp:43,2667,PX4 src production-like C/C++ headers/sources; embedded MAVLink submodule/tests/examples excluded,NOT_RUN_NO_CAPTURE,,XML definition is not implementation support; static references are heuristic and do not prove reachability; no default runtime MAVLink capture was performed.
PX4,message,149,LANDING_TARGET,development.xml|uAvionix.xml,baseline/px4/src/modules/mavlink/mavlink/message_definitions/v1.0/common.xml,DEFINED_IN_ENTRYPOINT_CLOSURE,STATIC_REFERENCE_FOUND,2,4,3,baseline/px4/src/modules/mavlink/mavlink_receiver.cpp:216|baseline/px4/src/modules/mavlink/mavlink_receiver.cpp:2505|baseline/px4/src/modules/mavlink/mavlink_receiver.cpp:2506|baseline/px4/src/modules/mavlink/streams/LANDING_TARGET.hpp:45|baseline/px4/src/modules/mavlink/streams/LANDING_TARGET.hpp:66|baseline/px4/src/modules/mavlink/streams/LANDING_TARGET.hpp:75|baseline/px4/src/modules/simulation/simulator_mavlink/SimulatorMavlink.cpp:382|baseline/px4/src/modules/simulation/simulator_mavlink/SimulatorMavlink.cpp:644|baseline/px4/src/modules/simulation/simulator_mavlink/SimulatorMavlink.cpp:645,2667,PX4 src production-like C/C++ headers/sources; embedded MAVLink submodule/tests/examples excluded,NOT_RUN_NO_CAPTURE,,XML definition is not implementation support; static references are heuristic and do not prove reachability; no default runtime MAVLink capture was performed.
PX4,message,162,FENCE_STATUS,development.xml|uAvionix.xml,baseline/px4/src/modules/mavlink/mavlink/message_definitions/v1.0/common.xml,DEFINED_IN_ENTRYPOINT_CLOSURE,NO_REFERENCE_FOUND_BY_HEURISTIC_SCAN,0,0,0,,2667,PX4 src production-like C/C++ headers/sources; embedded MAVLink submodule/tests/examples excluded,NOT_RUN_NO_CAPTURE,,XML definition is not implementation support; static references are heuristic and do not prove reachability; no default runtime MAVLink capture was performed.
PX4,message,192,MAG_CAL_REPORT,development.xml|uAvionix.xml,baseline/px4/src/modules/mavlink/mavlink/message_definitions/v1.0/common.xml,DEFINED_IN_ENTRYPOINT_CLOSURE,STATIC_REFERENCE_FOUND,2,0,1,baseline/px4/src/modules/mavlink/streams/MAG_CAL_REPORT.hpp:103|baseline/px4/src/modules/mavlink/streams/MAG_CAL_REPORT.hpp:48|baseline/px4/src/modules/mavlink/streams/MAG_CAL_REPORT.hpp:79,2667,PX4 src production-like C/C++ headers/sources; embedded MAVLink submodule/tests/examples excluded,NOT_RUN_NO_CAPTURE,,XML definition is not implementation support; static references are heuristic and do not prove reachability; no default runtime MAVLink capture was performed.
PX4,message,225,EFI_STATUS,development.xml|uAvionix.xml,baseline/px4/src/modules/mavlink/mavlink/message_definitions/v1.0/common.xml,DEFINED_IN_ENTRYPOINT_CLOSURE,STATIC_REFERENCE_FOUND,3,0,1,baseline/px4/src/modules/mavlink/streams/EFI_STATUS.hpp:45|baseline/px4/src/modules/mavlink/streams/EFI_STATUS.hpp:52|baseline/px4/src/modules/mavlink/streams/EFI_STATUS.hpp:66|baseline/px4/src/modules/mavlink/streams/EFI_STATUS.hpp:87,2667,PX4 src production-like C/C++ headers/sources; embedded MAVLink submodule/tests/examples excluded,NOT_RUN_NO_CAPTURE,,XML definition is not implementation support; static references are heuristic and do not prove reachability; no default runtime MAVLink capture was performed.
PX4,message,230,ESTIMATOR_STATUS,development.xml|uAvionix.xml,baseline/px4/src/modules/mavlink/mavlink/message_definitions/v1.0/common.xml,DEFINED_IN_ENTRYPOINT_CLOSURE,STATIC_REFERENCE_FOUND,2,0,1,baseline/px4/src/modules/mavlink/streams/ESTIMATOR_STATUS.hpp:46|baseline/px4/src/modules/mavlink/streams/ESTIMATOR_STATUS.hpp:78|baseline/px4/src/modules/mavlink/streams/ESTIMATOR_STATUS.hpp:89,2667,PX4 src production-like C/C++ headers/sources; embedded MAVLink submodule/tests/examples excluded,NOT_RUN_NO_CAPTURE,,XML definition is not implementation support; static references are heuristic and do not prove reachability; no default runtime MAVLink capture was performed.
PX4,message,231,WIND_COV,development.xml|uAvionix.xml,baseline/px4/src/modules/mavlink/mavlink/message_definitions/v1.0/common.xml,DEFINED_IN_ENTRYPOINT_CLOSURE,STATIC_REFERENCE_FOUND,2,0,1,baseline/px4/src/modules/mavlink/streams/WIND_COV.hpp:46|baseline/px4/src/modules/mavlink/streams/WIND_COV.hpp:67|baseline/px4/src/modules/mavlink/streams/WIND_COV.hpp:85,2667,PX4 src production-like C/C++ headers/sources; embedded MAVLink submodule/tests/examples excluded,NOT_RUN_NO_CAPTURE,,XML definition is not implementation support; static references are heuristic and do not prove reachability; no default runtime MAVLink capture was performed.
PX4,message,232,GPS_INPUT,development.xml|uAvionix.xml,baseline/px4/src/modules/mavlink/mavlink/message_definitions/v1.0/common.xml,DEFINED_IN_ENTRYPOINT_CLOSURE,NO_REFERENCE_FOUND_BY_HEURISTIC_SCAN,0,0,0,,2667,PX4 src production-like C/C++ headers/sources; embedded MAVLink submodule/tests/examples excluded,NOT_RUN_NO_CAPTURE,,XML definition is not implementation support; static references are heuristic and do not prove reachability; no default runtime MAVLink capture was performed.
PX4,message,233,GPS_RTCM_DATA,development.xml|uAvionix.xml,baseline/px4/src/modules/mavlink/mavlink/message_definitions/v1.0/common.xml,DEFINED_IN_ENTRYPOINT_CLOSURE,STATIC_REFERENCE_FOUND,2,2,2,baseline/px4/src/modules/mavlink/mavlink_receiver.cpp:228|baseline/px4/src/modules/mavlink/mavlink_receiver.cpp:2605|baseline/px4/src/modules/mavlink/mavlink_receiver.cpp:2606|baseline/px4/src/modules/mavlink/streams/GPS_RTCM_DATA.hpp:45|baseline/px4/src/modules/mavlink/streams/GPS_RTCM_DATA.hpp:66|baseline/px4/src/modules/mavlink/streams/GPS_RTCM_DATA.hpp:72,2667,PX4 src production-like C/C++ headers/sources; embedded MAVLink submodule/tests/examples excluded,NOT_RUN_NO_CAPTURE,,XML definition is not implementation support; static references are heuristic and do not prove reachability; no default runtime MAVLink capture was performed.
PX4,message,234,HIGH_LATENCY,development.xml|uAvionix.xml,baseline/px4/src/modules/mavlink/mavlink/message_definitions/v1.0/common.xml,DEFINED_IN_ENTRYPOINT_CLOSURE,NO_REFERENCE_FOUND_BY_HEURISTIC_SCAN,0,0,0,,2667,PX4 src production-like C/C++ headers/sources; embedded MAVLink submodule/tests/examples excluded,NOT_RUN_NO_CAPTURE,,XML definition is not implementation support; static references are heuristic and do not prove reachability; no default runtime MAVLink capture was performed.
PX4,message,235,HIGH_LATENCY2,development.xml|uAvionix.xml,baseline/px4/src/modules/mavlink/mavlink/message_definitions/v1.0/common.xml,DEFINED_IN_ENTRYPOINT_CLOSURE,STATIC_REFERENCE_FOUND,2,0,16,baseline/px4/src/modules/mavlink/mavlink_main.cpp:2404|baseline/px4/src/modules/mavlink/streams/HIGH_LATENCY2.hpp:113|baseline/px4/src/modules/mavlink/streams/HIGH_LATENCY2.hpp:211|baseline/px4/src/modules/mavlink/streams/HIGH_LATENCY2.hpp:248|baseline/px4/src/modules/mavlink/streams/HIGH_LATENCY2.hpp:263|baseline/px4/src/modules/mavlink/streams/HIGH_LATENCY2.hpp:277|baseline/px4/src/modules/mavlink/streams/HIGH_LATENCY2.hpp:297|baseline/px4/src/modules/mavlink/streams/HIGH_LATENCY2.hpp:330|baseline/px4/src/modules/mavlink/streams/HIGH_LATENCY2.hpp:344|baseline/px4/src/modules/mavlink/streams/HIGH_LATENCY2.hpp:360|baseline/px4/src/modules/mavlink/streams/HIGH_LATENCY2.hpp:386|baseline/px4/src/modules/mavlink/streams/HIGH_LATENCY2.hpp:401|baseline/px4/src/modules/mavlink/streams/HIGH_LATENCY2.hpp:413|baseline/px4/src/modules/mavlink/streams/HIGH_LATENCY2.hpp:428|baseline/px4/src/modules/mavlink/streams/HIGH_LATENCY2.hpp:471|baseline/px4/src/modules/mavlink/streams/HIGH_LATENCY2.hpp:495|baseline/px4/src/modules/mavlink/streams/HIGH_LATENCY2.hpp:623|baseline/px4/src/modules/mavlink/streams/HIGH_LATENCY2.hpp:70,2667,PX4 src production-like C/C++ headers/sources; embedded MAVLink submodule/tests/examples excluded,NOT_RUN_NO_CAPTURE,,XML definition is not implementation support; static references are heuristic and do not prove reachability; no default runtime MAVLink capture was performed.
PX4,message,241,VIBRATION,development.xml|uAvionix.xml,baseline/px4/src/modules/mavlink/mavlink/message_definitions/v1.0/common.xml,DEFINED_IN_ENTRYPOINT_CLOSURE,STATIC_REFERENCE_FOUND,2,0,1,baseline/px4/src/modules/mavlink/streams/VIBRATION.hpp:120|baseline/px4/src/modules/mavlink/streams/VIBRATION.hpp:46|baseline/px4/src/modules/mavlink/streams/VIBRATION.hpp:69,2667,PX4 src production-like C/C++ headers/sources; embedded MAVLink submodule/tests/examples excluded,NOT_RUN_NO_CAPTURE,,XML definition is not implementation support; static references are heuristic and do not prove reachability; no default runtime MAVLink capture was performed.
PX4,message,242,HOME_POSITION,development.xml|uAvionix.xml,baseline/px4/src/modules/mavlink/mavlink/message_definitions/v1.0/common.xml,DEFINED_IN_ENTRYPOINT_CLOSURE,STATIC_REFERENCE_FOUND,2,1,1,baseline/px4/src/modules/mavlink/mavlink_receiver.cpp:576|baseline/px4/src/modules/mavlink/streams/HOME_POSITION.hpp:45|baseline/px4/src/modules/mavlink/streams/HOME_POSITION.hpp:68|baseline/px4/src/modules/mavlink/streams/HOME_POSITION.hpp:87,2667,PX4 src production-like C/C++ headers/sources; embedded MAVLink submodule/tests/examples excluded,NOT_RUN_NO_CAPTURE,,XML definition is not implementation support; static references are heuristic and do not prove reachability; no default runtime MAVLink capture was performed.
PX4,message,243,SET_HOME_POSITION,development.xml|uAvionix.xml,baseline/px4/src/modules/mavlink/mavlink/message_definitions/v1.0/common.xml,DEFINED_IN_ENTRYPOINT_CLOSURE,NO_REFERENCE_FOUND_BY_HEURISTIC_SCAN,0,0,0,,2667,PX4 src production-like C/C++ headers/sources; embedded MAVLink submodule/tests/examples excluded,NOT_RUN_NO_CAPTURE,,XML definition is not implementation support; static references are heuristic and do not prove reachability; no default runtime MAVLink capture was performed.
PX4,message,244,MESSAGE_INTERVAL,development.xml|uAvionix.xml,baseline/px4/src/modules/mavlink/mavlink/message_definitions/v1.0/common.xml,DEFINED_IN_ENTRYPOINT_CLOSURE,STATIC_REFERENCE_FOUND,1,1,0,baseline/px4/src/modules/mavlink/mavlink_receiver.cpp:2306|baseline/px4/src/modules/mavlink/mavlink_receiver.cpp:597,2667,PX4 src production-like C/C++ headers/sources; embedded MAVLink submodule/tests/examples excluded,NOT_RUN_NO_CAPTURE,,XML definition is not implementation support; static references are heuristic and do not prove reachability; no default runtime MAVLink capture was performed.
PX4,message,245,EXTENDED_SYS_STATE,development.xml|uAvionix.xml,baseline/px4/src/modules/mavlink/mavlink/message_definitions/v1.0/common.xml,DEFINED_IN_ENTRYPOINT_CLOSURE,STATIC_REFERENCE_FOUND,2,0,1,baseline/px4/src/modules/mavlink/streams/EXTENDED_SYS_STATE.hpp:124|baseline/px4/src/modules/mavlink/streams/EXTENDED_SYS_STATE.hpp:48|baseline/px4/src/modules/mavlink/streams/EXTENDED_SYS_STATE.hpp:69,2667,PX4 src production-like C/C++ headers/sources; embedded MAVLink submodule/tests/examples excluded,NOT_RUN_NO_CAPTURE,,XML definition is not implementation support; static references are heuristic and do not prove reachability; no default runtime MAVLink capture was performed.
PX4,message,246,ADSB_VEHICLE,development.xml|uAvionix.xml,baseline/px4/src/modules/mavlink/mavlink/message_definitions/v1.0/common.xml,DEFINED_IN_ENTRYPOINT_CLOSURE,STATIC_REFERENCE_FOUND,2,2,2,baseline/px4/src/modules/mavlink/mavlink_receiver.cpp:224|baseline/px4/src/modules/mavlink/mavlink_receiver.cpp:2563|baseline/px4/src/modules/mavlink/mavlink_receiver.cpp:2564|baseline/px4/src/modules/mavlink/streams/ADSB_VEHICLE.hpp:102|baseline/px4/src/modules/mavlink/streams/ADSB_VEHICLE.hpp:45|baseline/px4/src/modules/mavlink/streams/ADSB_VEHICLE.hpp:74,2667,PX4 src production-like C/C++ headers/sources; embedded MAVLink submodule/tests/examples excluded,NOT_RUN_NO_CAPTURE,,XML definition is not implementation support; static references are heuristic and do not prove reachability; no default runtime MAVLink capture was performed.
PX4,message,247,COLLISION,development.xml|uAvionix.xml,baseline/px4/src/modules/mavlink/mavlink/message_definitions/v1.0/common.xml,DEFINED_IN_ENTRYPOINT_CLOSURE,NO_REFERENCE_FOUND_BY_HEURISTIC_SCAN,0,0,0,,2667,PX4 src production-like C/C++ headers/sources; embedded MAVLink submodule/tests/examples excluded,NOT_RUN_NO_CAPTURE,,XML definition is not implementation support; static references are heuristic and do not prove reachability; no default runtime MAVLink capture was performed.
PX4,message,248,V2_EXTENSION,development.xml|uAvionix.xml,baseline/px4/src/modules/mavlink/mavlink/message_definitions/v1.0/common.xml,DEFINED_IN_ENTRYPOINT_CLOSURE,NO_REFERENCE_FOUND_BY_HEURISTIC_SCAN,0,0,0,,2667,PX4 src production-like C/C++ headers/sources; embedded MAVLink submodule/tests/examples excluded,NOT_RUN_NO_CAPTURE,,XML definition is not implementation support; static references are heuristic and do not prove reachability; no default runtime MAVLink capture was performed.
PX4,message,249,MEMORY_VECT,development.xml|uAvionix.xml,baseline/px4/src/modules/mavlink/mavlink/message_definitions/v1.0/common.xml,DEFINED_IN_ENTRYPOINT_CLOSURE,NO_REFERENCE_FOUND_BY_HEURISTIC_SCAN,0,0,0,,2667,PX4 src production-like C/C++ headers/sources; embedded MAVLink submodule/tests/examples excluded,NOT_RUN_NO_CAPTURE,,XML definition is not implementation support; static references are heuristic and do not prove reachability; no default runtime MAVLink capture was performed.
PX4,message,250,DEBUG_VECT,development.xml|uAvionix.xml,baseline/px4/src/modules/mavlink/mavlink/message_definitions/v1.0/common.xml,DEFINED_IN_ENTRYPOINT_CLOSURE,STATIC_REFERENCE_FOUND,2,2,2,baseline/px4/src/modules/mavlink/mavlink_receiver.cpp:2799|baseline/px4/src/modules/mavlink/mavlink_receiver.cpp:2800|baseline/px4/src/modules/mavlink/mavlink_receiver.cpp:298|baseline/px4/src/modules/mavlink/streams/DEBUG_VECT.hpp:45|baseline/px4/src/modules/mavlink/streams/DEBUG_VECT.hpp:65|baseline/px4/src/modules/mavlink/streams/DEBUG_VECT.hpp:73,2667,PX4 src production-like C/C++ headers/sources; embedded MAVLink submodule/tests/examples excluded,NOT_RUN_NO_CAPTURE,,XML definition is not implementation support; static references are heuristic and do not prove reachability; no default runtime MAVLink capture was performed.
PX4,message,251,NAMED_VALUE_FLOAT,development.xml|uAvionix.xml,baseline/px4/src/modules/mavlink/mavlink/message_definitions/v1.0/common.xml,DEFINED_IN_ENTRYPOINT_CLOSURE,STATIC_REFERENCE_FOUND,2,2,2,baseline/px4/src/modules/mavlink/mavlink_receiver.cpp:2752|baseline/px4/src/modules/mavlink/mavlink_receiver.cpp:2753|baseline/px4/src/modules/mavlink/mavlink_receiver.cpp:286|baseline/px4/src/modules/mavlink/streams/NAMED_VALUE_FLOAT.hpp:45|baseline/px4/src/modules/mavlink/streams/NAMED_VALUE_FLOAT.hpp:65|baseline/px4/src/modules/mavlink/streams/NAMED_VALUE_FLOAT.hpp:72,2667,PX4 src production-like C/C++ headers/sources; embedded MAVLink submodule/tests/examples excluded,NOT_RUN_NO_CAPTURE,,XML definition is not implementation support; static references are heuristic and do not prove reachability; no default runtime MAVLink capture was performed.
PX4,message,252,NAMED_VALUE_INT,development.xml|uAvionix.xml,baseline/px4/src/modules/mavlink/mavlink/message_definitions/v1.0/common.xml,DEFINED_IN_ENTRYPOINT_CLOSURE,STATIC_REFERENCE_FOUND,0,2,1,baseline/px4/src/modules/mavlink/mavlink_receiver.cpp:2768|baseline/px4/src/modules/mavlink/mavlink_receiver.cpp:2769|baseline/px4/src/modules/mavlink/mavlink_receiver.cpp:290,2667,PX4 src production-like C/C++ headers/sources; embedded MAVLink submodule/tests/examples excluded,NOT_RUN_NO_CAPTURE,,XML definition is not implementation support; static references are heuristic and do not prove reachability; no default runtime MAVLink capture was performed.
PX4,message,253,STATUSTEXT,development.xml|uAvionix.xml,baseline/px4/src/modules/mavlink/mavlink/message_definitions/v1.0/common.xml,DEFINED_IN_ENTRYPOINT_CLOSURE,STATIC_REFERENCE_FOUND,2,2,20,baseline/px4/src/modules/mavlink/MavlinkStatustextHandler.cpp:37|baseline/px4/src/modules/mavlink/MavlinkStatustextHandler.cpp:54|baseline/px4/src/modules/mavlink/MavlinkStatustextHandler.hpp:43|baseline/px4/src/modules/mavlink/MavlinkStatustextHandler.hpp:44|baseline/px4/src/modules/mavlink/MavlinkStatustextHandlerTest.cpp:111|baseline/px4/src/modules/mavlink/MavlinkStatustextHandlerTest.cpp:112|baseline/px4/src/modules/mavlink/MavlinkStatustextHandlerTest.cpp:113|baseline/px4/src/modules/mavlink/MavlinkStatustextHandlerTest.cpp:145|baseline/px4/src/modules/mavlink/MavlinkStatustextHandlerTest.cpp:156|baseline/px4/src/modules/mavlink/MavlinkStatustextHandlerTest.cpp:179|baseline/px4/src/modules/mavlink/MavlinkStatustextHandlerTest.cpp:200|baseline/px4/src/modules/mavlink/MavlinkStatustextHandlerTest.cpp:201|baseline/px4/src/modules/mavlink/MavlinkStatustextHandlerTest.cpp:235|baseline/px4/src/modules/mavlink/MavlinkStatustextHandlerTest.cpp:247|baseline/px4/src/modules/mavlink/MavlinkStatustextHandlerTest.cpp:48|baseline/px4/src/modules/mavlink/MavlinkStatustextHandlerTest.cpp:58|baseline/px4/src/modules/mavlink/MavlinkStatustextHandlerTest.cpp:73|baseline/px4/src/modules/mavlink/MavlinkStatustextHandlerTest.cpp:74|baseline/px4/src/modules/mavlink/mavlink_receiver.cpp:268|baseline/px4/src/modules/mavlink/mavlink_receiver.cpp:2897|baseline/px4/src/modules/mavlink/mavlink_receiver.cpp:2898|baseline/px4/src/modules/mavlink/streams/STATUSTEXT.hpp:108|baseline/px4/src/modules/mavlink/streams/STATUSTEXT.hpp:47|baseline/px4/src/modules/mavlink/streams/STATUSTEXT.hpp:88,2667,PX4 src production-like C/C++ headers/sources; embedded MAVLink submodule/tests/examples excluded,NOT_RUN_NO_CAPTURE,,XML definition is not implementation support; static references are heuristic and do not prove reachability; no default runtime MAVLink capture was performed.
PX4,message,254,DEBUG,development.xml|uAvionix.xml,baseline/px4/src/modules/mavlink/mavlink/message_definitions/v1.0/common.xml,DEFINED_IN_ENTRYPOINT_CLOSURE,STATIC_REFERENCE_FOUND,2,2,2,baseline/px4/src/modules/mavlink/mavlink_receiver.cpp:2784|baseline/px4/src/modules/mavlink/mavlink_receiver.cpp:2785|baseline/px4/src/modules/mavlink/mavlink_receiver.cpp:294|baseline/px4/src/modules/mavlink/streams/DEBUG.hpp:45|baseline/px4/src/modules/mavlink/streams/DEBUG.hpp:65|baseline/px4/src/modules/mavlink/streams/DEBUG.hpp:70,2667,PX4 src production-like C/C++ headers/sources; embedded MAVLink submodule/tests/examples excluded,NOT_RUN_NO_CAPTURE,,XML definition is not implementation support; static references are heuristic and do not prove reachability; no default runtime MAVLink capture was performed.
PX4,message,256,SETUP_SIGNING,development.xml|uAvionix.xml,baseline/px4/src/modules/mavlink/mavlink/message_definitions/v1.0/common.xml,DEFINED_IN_ENTRYPOINT_CLOSURE,NO_REFERENCE_FOUND_BY_HEURISTIC_SCAN,0,0,0,,2667,PX4 src production-like C/C++ headers/sources; embedded MAVLink submodule/tests/examples excluded,NOT_RUN_NO_CAPTURE,,XML definition is not implementation support; static references are heuristic and do not prove reachability; no default runtime MAVLink capture was performed.
PX4,message,257,BUTTON_CHANGE,development.xml|uAvionix.xml,baseline/px4/src/modules/mavlink/mavlink/message_definitions/v1.0/common.xml,DEFINED_IN_ENTRYPOINT_CLOSURE,NO_REFERENCE_FOUND_BY_HEURISTIC_SCAN,0,0,0,,2667,PX4 src production-like C/C++ headers/sources; embedded MAVLink submodule/tests/examples excluded,NOT_RUN_NO_CAPTURE,,XML definition is not implementation support; static references are heuristic and do not prove reachability; no default runtime MAVLink capture was performed.
PX4,message,258,PLAY_TUNE,development.xml|uAvionix.xml,baseline/px4/src/modules/mavlink/mavlink/message_definitions/v1.0/common.xml,DEFINED_IN_ENTRYPOINT_CLOSURE,STATIC_REFERENCE_FOUND,0,2,1,baseline/px4/src/modules/mavlink/mavlink_receiver.cpp:1892|baseline/px4/src/modules/mavlink/mavlink_receiver.cpp:1893|baseline/px4/src/modules/mavlink/mavlink_receiver.cpp:244,2667,PX4 src production-like C/C++ headers/sources; embedded MAVLink submodule/tests/examples excluded,NOT_RUN_NO_CAPTURE,,XML definition is not implementation support; static references are heuristic and do not prove reachability; no default runtime MAVLink capture was performed.
PX4,message,259,CAMERA_INFORMATION,development.xml|uAvionix.xml,baseline/px4/src/modules/mavlink/mavlink/message_definitions/v1.0/common.xml,DEFINED_IN_ENTRYPOINT_CLOSURE,NO_REFERENCE_FOUND_BY_HEURISTIC_SCAN,0,0,0,,2667,PX4 src production-like C/C++ headers/sources; embedded MAVLink submodule/tests/examples excluded,NOT_RUN_NO_CAPTURE,,XML definition is not implementation support; static references are heuristic and do not prove reachability; no default runtime MAVLink capture was performed.
PX4,message,260,CAMERA_SETTINGS,development.xml|uAvionix.xml,baseline/px4/src/modules/mavlink/mavlink/message_definitions/v1.0/common.xml,DEFINED_IN_ENTRYPOINT_CLOSURE,NO_REFERENCE_FOUND_BY_HEURISTIC_SCAN,0,0,0,,2667,PX4 src production-like C/C++ headers/sources; embedded MAVLink submodule/tests/examples excluded,NOT_RUN_NO_CAPTURE,,XML definition is not implementation support; static references are heuristic and do not prove reachability; no default runtime MAVLink capture was performed.
PX4,message,261,STORAGE_INFORMATION,development.xml|uAvionix.xml,baseline/px4/src/modules/mavlink/mavlink/message_definitions/v1.0/common.xml,DEFINED_IN_ENTRYPOINT_CLOSURE,STATIC_REFERENCE_FOUND,2,1,1,baseline/px4/src/modules/mavlink/mavlink_receiver.cpp:582|baseline/px4/src/modules/mavlink/streams/STORAGE_INFORMATION.hpp:107|baseline/px4/src/modules/mavlink/streams/STORAGE_INFORMATION.hpp:52|baseline/px4/src/modules/mavlink/streams/STORAGE_INFORMATION.hpp:75,2667,PX4 src production-like C/C++ headers/sources; embedded MAVLink submodule/tests/examples excluded,NOT_RUN_NO_CAPTURE,,XML definition is not implementation support; static references are heuristic and do not prove reachability; no default runtime MAVLink capture was performed.
PX4,message,262,CAMERA_CAPTURE_STATUS,development.xml|uAvionix.xml,baseline/px4/src/modules/mavlink/mavlink/message_definitions/v1.0/common.xml,DEFINED_IN_ENTRYPOINT_CLOSURE,NO_REFERENCE_FOUND_BY_HEURISTIC_SCAN,0,0,0,,2667,PX4 src production-like C/C++ headers/sources; embedded MAVLink submodule/tests/examples excluded,NOT_RUN_NO_CAPTURE,,XML definition is not implementation support; static references are heuristic and do not prove reachability; no default runtime MAVLink capture was performed.
PX4,message,263,CAMERA_IMAGE_CAPTURED,development.xml|uAvionix.xml,baseline/px4/src/modules/mavlink/mavlink/message_definitions/v1.0/common.xml,DEFINED_IN_ENTRYPOINT_CLOSURE,STATIC_REFERENCE_FOUND,2,0,1,baseline/px4/src/modules/mavlink/streams/CAMERA_IMAGE_CAPTURED.hpp:45|baseline/px4/src/modules/mavlink/streams/CAMERA_IMAGE_CAPTURED.hpp:67|baseline/px4/src/modules/mavlink/streams/CAMERA_IMAGE_CAPTURED.hpp:84,2667,PX4 src production-like C/C++ headers/sources; embedded MAVLink submodule/tests/examples excluded,NOT_RUN_NO_CAPTURE,,XML definition is not implementation support; static references are heuristic and do not prove reachability; no default runtime MAVLink capture was performed.
PX4,message,264,FLIGHT_INFORMATION,development.xml|uAvionix.xml,baseline/px4/src/modules/mavlink/mavlink/message_definitions/v1.0/common.xml,DEFINED_IN_ENTRYPOINT_CLOSURE,STATIC_REFERENCE_FOUND,2,1,1,baseline/px4/src/modules/mavlink/mavlink_receiver.cpp:579|baseline/px4/src/modules/mavlink/streams/FLIGHT_INFORMATION.hpp:45|baseline/px4/src/modules/mavlink/streams/FLIGHT_INFORMATION.hpp:69|baseline/px4/src/modules/mavlink/streams/FLIGHT_INFORMATION.hpp:80,2667,PX4 src production-like C/C++ headers/sources; embedded MAVLink submodule/tests/examples excluded,NOT_RUN_NO_CAPTURE,,XML definition is not implementation support; static references are heuristic and do not prove reachability; no default runtime MAVLink capture was performed.
PX4,message,265,MOUNT_ORIENTATION,development.xml|uAvionix.xml,baseline/px4/src/modules/mavlink/mavlink/message_definitions/v1.0/common.xml,DEFINED_IN_ENTRYPOINT_CLOSURE,STATIC_REFERENCE_FOUND,2,0,1,baseline/px4/src/modules/mavlink/streams/MOUNT_ORIENTATION.hpp:46|baseline/px4/src/modules/mavlink/streams/MOUNT_ORIENTATION.hpp:67|baseline/px4/src/modules/mavlink/streams/MOUNT_ORIENTATION.hpp:78,2667,PX4 src production-like C/C++ headers/sources; embedded MAVLink submodule/tests/examples excluded,NOT_RUN_NO_CAPTURE,,XML definition is not implementation support; static references are heuristic and do not prove reachability; no default runtime MAVLink capture was performed.
PX4,message,266,LOGGING_DATA,development.xml|uAvionix.xml,baseline/px4/src/modules/mavlink/mavlink/message_definitions/v1.0/common.xml,DEFINED_IN_ENTRYPOINT_CLOSURE,STATIC_REFERENCE_FOUND,1,0,1,baseline/px4/src/modules/mavlink/mavlink_ulog.cpp:165|baseline/px4/src/modules/mavlink/mavlink_ulog.cpp:172,2667,PX4 src production-like C/C++ headers/sources; embedded MAVLink submodule/tests/examples excluded,NOT_RUN_NO_CAPTURE,,XML definition is not implementation support; static references are heuristic and do not prove reachability; no default runtime MAVLink capture was performed.
PX4,message,267,LOGGING_DATA_ACKED,development.xml|uAvionix.xml,baseline/px4/src/modules/mavlink/mavlink/message_definitions/v1.0/common.xml,DEFINED_IN_ENTRYPOINT_CLOSURE,STATIC_REFERENCE_FOUND,2,0,2,baseline/px4/src/modules/mavlink/mavlink_ulog.cpp:118|baseline/px4/src/modules/mavlink/mavlink_ulog.cpp:125|baseline/px4/src/modules/mavlink/mavlink_ulog.cpp:155|baseline/px4/src/modules/mavlink/mavlink_ulog.cpp:162,2667,PX4 src production-like C/C++ headers/sources; embedded MAVLink submodule/tests/examples excluded,NOT_RUN_NO_CAPTURE,,XML definition is not implementation support; static references are heuristic and do not prove reachability; no default runtime MAVLink capture was performed.
PX4,message,268,LOGGING_ACK,development.xml|uAvionix.xml,baseline/px4/src/modules/mavlink/mavlink/message_definitions/v1.0/common.xml,DEFINED_IN_ENTRYPOINT_CLOSURE,STATIC_REFERENCE_FOUND,0,2,3,baseline/px4/src/modules/mavlink/mavlink_receiver.cpp:1879|baseline/px4/src/modules/mavlink/mavlink_receiver.cpp:1880|baseline/px4/src/modules/mavlink/mavlink_receiver.cpp:240|baseline/px4/src/modules/mavlink/mavlink_ulog.cpp:245|baseline/px4/src/modules/mavlink/mavlink_ulog.h:96,2667,PX4 src production-like C/C++ headers/sources; embedded MAVLink submodule/tests/examples excluded,NOT_RUN_NO_CAPTURE,,XML definition is not implementation support; static references are heuristic and do not prove reachability; no default runtime MAVLink capture was performed.
PX4,message,269,VIDEO_STREAM_INFORMATION,development.xml|uAvionix.xml,baseline/px4/src/modules/mavlink/mavlink/message_definitions/v1.0/common.xml,DEFINED_IN_ENTRYPOINT_CLOSURE,NO_REFERENCE_FOUND_BY_HEURISTIC_SCAN,0,0,0,,2667,PX4 src production-like C/C++ headers/sources; embedded MAVLink submodule/tests/examples excluded,NOT_RUN_NO_CAPTURE,,XML definition is not implementation support; static references are heuristic and do not prove reachability; no default runtime MAVLink capture was performed.
PX4,message,270,VIDEO_STREAM_STATUS,development.xml|uAvionix.xml,baseline/px4/src/modules/mavlink/mavlink/message_definitions/v1.0/common.xml,DEFINED_IN_ENTRYPOINT_CLOSURE,NO_REFERENCE_FOUND_BY_HEURISTIC_SCAN,0,0,0,,2667,PX4 src production-like C/C++ headers/sources; embedded MAVLink submodule/tests/examples excluded,NOT_RUN_NO_CAPTURE,,XML definition is not implementation support; static references are heuristic and do not prove reachability; no default runtime MAVLink capture was performed.
PX4,message,271,CAMERA_FOV_STATUS,development.xml|uAvionix.xml,baseline/px4/src/modules/mavlink/mavlink/message_definitions/v1.0/common.xml,DEFINED_IN_ENTRYPOINT_CLOSURE,NO_REFERENCE_FOUND_BY_HEURISTIC_SCAN,0,0,0,,2667,PX4 src production-like C/C++ headers/sources; embedded MAVLink submodule/tests/examples excluded,NOT_RUN_NO_CAPTURE,,XML definition is not implementation support; static references are heuristic and do not prove reachability; no default runtime MAVLink capture was performed.
PX4,message,275,CAMERA_TRACKING_IMAGE_STATUS,development.xml|uAvionix.xml,baseline/px4/src/modules/mavlink/mavlink/message_definitions/v1.0/common.xml,DEFINED_IN_ENTRYPOINT_CLOSURE,NO_REFERENCE_FOUND_BY_HEURISTIC_SCAN,0,0,0,,2667,PX4 src production-like C/C++ headers/sources; embedded MAVLink submodule/tests/examples excluded,NOT_RUN_NO_CAPTURE,,XML definition is not implementation support; static references are heuristic and do not prove reachability; no default runtime MAVLink capture was performed.
PX4,message,276,CAMERA_TRACKING_GEO_STATUS,development.xml|uAvionix.xml,baseline/px4/src/modules/mavlink/mavlink/message_definitions/v1.0/common.xml,DEFINED_IN_ENTRYPOINT_CLOSURE,NO_REFERENCE_FOUND_BY_HEURISTIC_SCAN,0,0,0,,2667,PX4 src production-like C/C++ headers/sources; embedded MAVLink submodule/tests/examples excluded,NOT_RUN_NO_CAPTURE,,XML definition is not implementation support; static references are heuristic and do not prove reachability; no default runtime MAVLink capture was performed.
PX4,message,277,CAMERA_THERMAL_RANGE,development.xml|uAvionix.xml,baseline/px4/src/modules/mavlink/mavlink/message_definitions/v1.0/common.xml,DEFINED_IN_ENTRYPOINT_CLOSURE,NO_REFERENCE_FOUND_BY_HEURISTIC_SCAN,0,0,0,,2667,PX4 src production-like C/C++ headers/sources; embedded MAVLink submodule/tests/examples excluded,NOT_RUN_NO_CAPTURE,,XML definition is not implementation support; static references are heuristic and do not prove reachability; no default runtime MAVLink capture was performed.
PX4,message,280,GIMBAL_MANAGER_INFORMATION,development.xml|uAvionix.xml,baseline/px4/src/modules/mavlink/mavlink/message_definitions/v1.0/common.xml,DEFINED_IN_ENTRYPOINT_CLOSURE,STATIC_REFERENCE_FOUND,2,0,1,baseline/px4/src/modules/mavlink/streams/GIMBAL_MANAGER_INFORMATION.hpp:45|baseline/px4/src/modules/mavlink/streams/GIMBAL_MANAGER_INFORMATION.hpp:70|baseline/px4/src/modules/mavlink/streams/GIMBAL_MANAGER_INFORMATION.hpp:82,2667,PX4 src production-like C/C++ headers/sources; embedded MAVLink submodule/tests/examples excluded,NOT_RUN_NO_CAPTURE,,XML definition is not implementation support; static references are heuristic and do not prove reachability; no default runtime MAVLink capture was performed.
PX4,message,281,GIMBAL_MANAGER_STATUS,development.xml|uAvionix.xml,baseline/px4/src/modules/mavlink/mavlink/message_definitions/v1.0/common.xml,DEFINED_IN_ENTRYPOINT_CLOSURE,STATIC_REFERENCE_FOUND,2,0,1,baseline/px4/src/modules/mavlink/streams/GIMBAL_MANAGER_STATUS.hpp:45|baseline/px4/src/modules/mavlink/streams/GIMBAL_MANAGER_STATUS.hpp:69|baseline/px4/src/modules/mavlink/streams/GIMBAL_MANAGER_STATUS.hpp:79,2667,PX4 src production-like C/C++ headers/sources; embedded MAVLink submodule/tests/examples excluded,NOT_RUN_NO_CAPTURE,,XML definition is not implementation support; static references are heuristic and do not prove reachability; no default runtime MAVLink capture was performed.
PX4,message,282,GIMBAL_MANAGER_SET_ATTITUDE,development.xml|uAvionix.xml,baseline/px4/src/modules/mavlink/mavlink/message_definitions/v1.0/common.xml,DEFINED_IN_ENTRYPOINT_CLOSURE,STATIC_REFERENCE_FOUND,0,3,1,baseline/px4/src/modules/mavlink/mavlink_receiver.cpp:2975|baseline/px4/src/modules/mavlink/mavlink_receiver.cpp:2976|baseline/px4/src/modules/mavlink/mavlink_receiver.cpp:307|baseline/px4/src/modules/mavlink/mavlink_receiver.cpp:417,2667,PX4 src production-like C/C++ headers/sources; embedded MAVLink submodule/tests/examples excluded,NOT_RUN_NO_CAPTURE,,XML definition is not implementation support; static references are heuristic and do not prove reachability; no default runtime MAVLink capture was performed.
PX4,message,283,GIMBAL_DEVICE_INFORMATION,development.xml|uAvionix.xml,baseline/px4/src/modules/mavlink/mavlink/message_definitions/v1.0/common.xml,DEFINED_IN_ENTRYPOINT_CLOSURE,STATIC_REFERENCE_FOUND,2,3,3,baseline/px4/src/modules/mavlink/mavlink_main.cpp:1030|baseline/px4/src/modules/mavlink/mavlink_receiver.cpp:3001|baseline/px4/src/modules/mavlink/mavlink_receiver.cpp:3002|baseline/px4/src/modules/mavlink/mavlink_receiver.cpp:315|baseline/px4/src/modules/mavlink/mavlink_receiver.cpp:425|baseline/px4/src/modules/mavlink/streams/GIMBAL_DEVICE_INFORMATION.hpp:45|baseline/px4/src/modules/mavlink/streams/GIMBAL_DEVICE_INFORMATION.hpp:70|baseline/px4/src/modules/mavlink/streams/GIMBAL_DEVICE_INFORMATION.hpp:88,2667,PX4 src production-like C/C++ headers/sources; embedded MAVLink submodule/tests/examples excluded,NOT_RUN_NO_CAPTURE,,XML definition is not implementation support; static references are heuristic and do not prove reachability; no default runtime MAVLink capture was performed.
PX4,message,284,GIMBAL_DEVICE_SET_ATTITUDE,development.xml|uAvionix.xml,baseline/px4/src/modules/mavlink/mavlink/message_definitions/v1.0/common.xml,DEFINED_IN_ENTRYPOINT_CLOSURE,STATIC_REFERENCE_FOUND,2,0,1,baseline/px4/src/modules/mavlink/streams/GIMBAL_DEVICE_SET_ATTITUDE.hpp:45|baseline/px4/src/modules/mavlink/streams/GIMBAL_DEVICE_SET_ATTITUDE.hpp:69|baseline/px4/src/modules/mavlink/streams/GIMBAL_DEVICE_SET_ATTITUDE.hpp:85,2667,PX4 src production-like C/C++ headers/sources; embedded MAVLink submodule/tests/examples excluded,NOT_RUN_NO_CAPTURE,,XML definition is not implementation support; static references are heuristic and do not prove reachability; no default runtime MAVLink capture was performed.
PX4,message,285,GIMBAL_DEVICE_ATTITUDE_STATUS,development.xml|uAvionix.xml,baseline/px4/src/modules/mavlink/mavlink/message_definitions/v1.0/common.xml,DEFINED_IN_ENTRYPOINT_CLOSURE,STATIC_REFERENCE_FOUND,2,3,3,baseline/px4/src/modules/mavlink/mavlink_main.cpp:1027|baseline/px4/src/modules/mavlink/mavlink_receiver.cpp:3040|baseline/px4/src/modules/mavlink/mavlink_receiver.cpp:3041|baseline/px4/src/modules/mavlink/mavlink_receiver.cpp:323|baseline/px4/src/modules/mavlink/mavlink_receiver.cpp:429|baseline/px4/src/modules/mavlink/streams/GIMBAL_DEVICE_ATTITUDE_STATUS.hpp:101|baseline/px4/src/modules/mavlink/streams/GIMBAL_DEVICE_ATTITUDE_STATUS.hpp:45|baseline/px4/src/modules/mavlink/streams/GIMBAL_DEVICE_ATTITUDE_STATUS.hpp:77,2667,PX4 src production-like C/C++ headers/sources; embedded MAVLink submodule/tests/examples excluded,NOT_RUN_NO_CAPTURE,,XML definition is not implementation support; static references are heuristic and do not prove reachability; no default runtime MAVLink capture was performed.
PX4,message,286,AUTOPILOT_STATE_FOR_GIMBAL_DEVICE,development.xml|uAvionix.xml,baseline/px4/src/modules/mavlink/mavlink/message_definitions/v1.0/common.xml,DEFINED_IN_ENTRYPOINT_CLOSURE,STATIC_REFERENCE_FOUND,2,0,1,baseline/px4/src/modules/mavlink/streams/AUTOPILOT_STATE_FOR_GIMBAL_DEVICE.hpp:143|baseline/px4/src/modules/mavlink/streams/AUTOPILOT_STATE_FOR_GIMBAL_DEVICE.hpp:50|baseline/px4/src/modules/mavlink/streams/AUTOPILOT_STATE_FOR_GIMBAL_DEVICE.hpp:80,2667,PX4 src production-like C/C++ headers/sources; embedded MAVLink submodule/tests/examples excluded,NOT_RUN_NO_CAPTURE,,XML definition is not implementation support; static references are heuristic and do not prove reachability; no default runtime MAVLink capture was performed.
PX4,message,287,GIMBAL_MANAGER_SET_PITCHYAW,development.xml|uAvionix.xml,baseline/px4/src/modules/mavlink/mavlink/message_definitions/v1.0/common.xml,DEFINED_IN_ENTRYPOINT_CLOSURE,NO_REFERENCE_FOUND_BY_HEURISTIC_SCAN,0,0,0,,2667,PX4 src production-like C/C++ headers/sources; embedded MAVLink submodule/tests/examples excluded,NOT_RUN_NO_CAPTURE,,XML definition is not implementation support; static references are heuristic and do not prove reachability; no default runtime MAVLink capture was performed.
PX4,message,288,GIMBAL_MANAGER_SET_MANUAL_CONTROL,development.xml|uAvionix.xml,baseline/px4/src/modules/mavlink/mavlink/message_definitions/v1.0/common.xml,DEFINED_IN_ENTRYPOINT_CLOSURE,STATIC_REFERENCE_FOUND,0,3,1,baseline/px4/src/modules/mavlink/mavlink_receiver.cpp:2952|baseline/px4/src/modules/mavlink/mavlink_receiver.cpp:2953|baseline/px4/src/modules/mavlink/mavlink_receiver.cpp:311|baseline/px4/src/modules/mavlink/mavlink_receiver.cpp:421,2667,PX4 src production-like C/C++ headers/sources; embedded MAVLink submodule/tests/examples excluded,NOT_RUN_NO_CAPTURE,,XML definition is not implementation support; static references are heuristic and do not prove reachability; no default runtime MAVLink capture was performed.
PX4,message,290,ESC_INFO,development.xml|uAvionix.xml,baseline/px4/src/modules/mavlink/mavlink/message_definitions/v1.0/common.xml,DEFINED_IN_ENTRYPOINT_CLOSURE,STATIC_REFERENCE_FOUND,2,0,1,baseline/px4/src/modules/mavlink/streams/ESC_INFO.hpp:45|baseline/px4/src/modules/mavlink/streams/ESC_INFO.hpp:68|baseline/px4/src/modules/mavlink/streams/ESC_INFO.hpp:89,2667,PX4 src production-like C/C++ headers/sources; embedded MAVLink submodule/tests/examples excluded,NOT_RUN_NO_CAPTURE,,XML definition is not implementation support; static references are heuristic and do not prove reachability; no default runtime MAVLink capture was performed.
PX4,message,291,ESC_STATUS,development.xml|uAvionix.xml,baseline/px4/src/modules/mavlink/mavlink/message_definitions/v1.0/common.xml,DEFINED_IN_ENTRYPOINT_CLOSURE,STATIC_REFERENCE_FOUND,2,0,1,baseline/px4/src/modules/mavlink/streams/ESC_STATUS.hpp:45|baseline/px4/src/modules/mavlink/streams/ESC_STATUS.hpp:68|baseline/px4/src/modules/mavlink/streams/ESC_STATUS.hpp:85,2667,PX4 src production-like C/C++ headers/sources; embedded MAVLink submodule/tests/examples excluded,NOT_RUN_NO_CAPTURE,,XML definition is not implementation support; static references are heuristic and do not prove reachability; no default runtime MAVLink capture was performed.
PX4,message,295,AIRSPEED,development.xml,baseline/px4/src/modules/mavlink/mavlink/message_definitions/v1.0/development.xml,DEFINED_IN_ENTRYPOINT_CLOSURE,NO_REFERENCE_FOUND_BY_HEURISTIC_SCAN,0,0,0,,2667,PX4 src production-like C/C++ headers/sources; embedded MAVLink submodule/tests/examples excluded,NOT_RUN_NO_CAPTURE,,XML definition is not implementation support; static references are heuristic and do not prove reachability; no default runtime MAVLink capture was performed.
PX4,message,296,GLOBAL_POSITION,development.xml,baseline/px4/src/modules/mavlink/mavlink/message_definitions/v1.0/development.xml,DEFINED_IN_ENTRYPOINT_CLOSURE,STATIC_REFERENCE_FOUND,2,0,3,baseline/px4/src/modules/mavlink/mavlink_messages.cpp:78|baseline/px4/src/modules/mavlink/mavlink_messages.cpp:80|baseline/px4/src/modules/mavlink/streams/GLOBAL_POSITION.hpp:47|baseline/px4/src/modules/mavlink/streams/GLOBAL_POSITION.hpp:68|baseline/px4/src/modules/mavlink/streams/GLOBAL_POSITION.hpp:96,2667,PX4 src production-like C/C++ headers/sources; embedded MAVLink submodule/tests/examples excluded,NOT_RUN_NO_CAPTURE,,XML definition is not implementation support; static references are heuristic and do not prove reachability; no default runtime MAVLink capture was performed.
PX4,message,299,WIFI_CONFIG_AP,development.xml|uAvionix.xml,baseline/px4/src/modules/mavlink/mavlink/message_definitions/v1.0/common.xml,DEFINED_IN_ENTRYPOINT_CLOSURE,NO_REFERENCE_FOUND_BY_HEURISTIC_SCAN,0,0,0,,2667,PX4 src production-like C/C++ headers/sources; embedded MAVLink submodule/tests/examples excluded,NOT_RUN_NO_CAPTURE,,XML definition is not implementation support; static references are heuristic and do not prove reachability; no default runtime MAVLink capture was performed.
PX4,message,300,PROTOCOL_VERSION,development.xml|uAvionix.xml,baseline/px4/src/modules/mavlink/mavlink/message_definitions/v1.0/minimal.xml,DEFINED_IN_ENTRYPOINT_CLOSURE,STATIC_REFERENCE_FOUND,2,1,1,baseline/px4/src/modules/mavlink/mavlink_main.cpp:1141|baseline/px4/src/modules/mavlink/mavlink_main.cpp:1151|baseline/px4/src/modules/mavlink/mavlink_receiver.cpp:573|baseline/px4/src/modules/mavlink/streams/PROTOCOL_VERSION.hpp:43,2667,PX4 src production-like C/C++ headers/sources; embedded MAVLink submodule/tests/examples excluded,NOT_RUN_NO_CAPTURE,,XML definition is not implementation support; static references are heuristic and do not prove reachability; no default runtime MAVLink capture was performed.
PX4,message,301,AIS_VESSEL,development.xml|uAvionix.xml,baseline/px4/src/modules/mavlink/mavlink/message_definitions/v1.0/common.xml,DEFINED_IN_ENTRYPOINT_CLOSURE,NO_REFERENCE_FOUND_BY_HEURISTIC_SCAN,0,0,0,,2667,PX4 src production-like C/C++ headers/sources; embedded MAVLink submodule/tests/examples excluded,NOT_RUN_NO_CAPTURE,,XML definition is not implementation support; static references are heuristic and do not prove reachability; no default runtime MAVLink capture was performed.
PX4,message,310,UAVCAN_NODE_STATUS,development.xml|uAvionix.xml,baseline/px4/src/modules/mavlink/mavlink/message_definitions/v1.0/common.xml,DEFINED_IN_ENTRYPOINT_CLOSURE,NO_REFERENCE_FOUND_BY_HEURISTIC_SCAN,0,0,0,,2667,PX4 src production-like C/C++ headers/sources; embedded MAVLink submodule/tests/examples excluded,NOT_RUN_NO_CAPTURE,,XML definition is not implementation support; static references are heuristic and do not prove reachability; no default runtime MAVLink capture was performed.
PX4,message,311,UAVCAN_NODE_INFO,development.xml|uAvionix.xml,baseline/px4/src/modules/mavlink/mavlink/message_definitions/v1.0/common.xml,DEFINED_IN_ENTRYPOINT_CLOSURE,NO_REFERENCE_FOUND_BY_HEURISTIC_SCAN,0,0,0,,2667,PX4 src production-like C/C++ headers/sources; embedded MAVLink submodule/tests/examples excluded,NOT_RUN_NO_CAPTURE,,XML definition is not implementation support; static references are heuristic and do not prove reachability; no default runtime MAVLink capture was performed.
PX4,message,320,PARAM_EXT_REQUEST_READ,development.xml|uAvionix.xml,baseline/px4/src/modules/mavlink/mavlink/message_definitions/v1.0/common.xml,DEFINED_IN_ENTRYPOINT_CLOSURE,NO_REFERENCE_FOUND_BY_HEURISTIC_SCAN,0,0,0,,2667,PX4 src production-like C/C++ headers/sources; embedded MAVLink submodule/tests/examples excluded,NOT_RUN_NO_CAPTURE,,XML definition is not implementation support; static references are heuristic and do not prove reachability; no default runtime MAVLink capture was performed.
PX4,message,321,PARAM_EXT_REQUEST_LIST,development.xml|uAvionix.xml,baseline/px4/src/modules/mavlink/mavlink/message_definitions/v1.0/common.xml,DEFINED_IN_ENTRYPOINT_CLOSURE,NO_REFERENCE_FOUND_BY_HEURISTIC_SCAN,0,0,0,,2667,PX4 src production-like C/C++ headers/sources; embedded MAVLink submodule/tests/examples excluded,NOT_RUN_NO_CAPTURE,,XML definition is not implementation support; static references are heuristic and do not prove reachability; no default runtime MAVLink capture was performed.
PX4,message,322,PARAM_EXT_VALUE,development.xml|uAvionix.xml,baseline/px4/src/modules/mavlink/mavlink/message_definitions/v1.0/common.xml,DEFINED_IN_ENTRYPOINT_CLOSURE,NO_REFERENCE_FOUND_BY_HEURISTIC_SCAN,0,0,0,,2667,PX4 src production-like C/C++ headers/sources; embedded MAVLink submodule/tests/examples excluded,NOT_RUN_NO_CAPTURE,,XML definition is not implementation support; static references are heuristic and do not prove reachability; no default runtime MAVLink capture was performed.
PX4,message,323,PARAM_EXT_SET,development.xml|uAvionix.xml,baseline/px4/src/modules/mavlink/mavlink/message_definitions/v1.0/common.xml,DEFINED_IN_ENTRYPOINT_CLOSURE,NO_REFERENCE_FOUND_BY_HEURISTIC_SCAN,0,0,0,,2667,PX4 src production-like C/C++ headers/sources; embedded MAVLink submodule/tests/examples excluded,NOT_RUN_NO_CAPTURE,,XML definition is not implementation support; static references are heuristic and do not prove reachability; no default runtime MAVLink capture was performed.
PX4,message,324,PARAM_EXT_ACK,development.xml|uAvionix.xml,baseline/px4/src/modules/mavlink/mavlink/message_definitions/v1.0/common.xml,DEFINED_IN_ENTRYPOINT_CLOSURE,NO_REFERENCE_FOUND_BY_HEURISTIC_SCAN,0,0,0,,2667,PX4 src production-like C/C++ headers/sources; embedded MAVLink submodule/tests/examples excluded,NOT_RUN_NO_CAPTURE,,XML definition is not implementation support; static references are heuristic and do not prove reachability; no default runtime MAVLink capture was performed.
PX4,message,330,OBSTACLE_DISTANCE,development.xml|uAvionix.xml,baseline/px4/src/modules/mavlink/mavlink/message_definitions/v1.0/common.xml,DEFINED_IN_ENTRYPOINT_CLOSURE,STATIC_REFERENCE_FOUND,2,2,2,baseline/px4/src/modules/mavlink/mavlink_receiver.cpp:1950|baseline/px4/src/modules/mavlink/mavlink_receiver.cpp:1951|baseline/px4/src/modules/mavlink/mavlink_receiver.cpp:252|baseline/px4/src/modules/mavlink/streams/OBSTACLE_DISTANCE.hpp:45|baseline/px4/src/modules/mavlink/streams/OBSTACLE_DISTANCE.hpp:66|baseline/px4/src/modules/mavlink/streams/OBSTACLE_DISTANCE.hpp:78,2667,PX4 src production-like C/C++ headers/sources; embedded MAVLink submodule/tests/examples excluded,NOT_RUN_NO_CAPTURE,,XML definition is not implementation support; static references are heuristic and do not prove reachability; no default runtime MAVLink capture was performed.
PX4,message,331,ODOMETRY,development.xml|uAvionix.xml,baseline/px4/src/modules/mavlink/mavlink/message_definitions/v1.0/common.xml,DEFINED_IN_ENTRYPOINT_CLOSURE,STATIC_REFERENCE_FOUND,2,4,3,baseline/px4/src/modules/mavlink/mavlink_receiver.cpp:1351|baseline/px4/src/modules/mavlink/mavlink_receiver.cpp:1352|baseline/px4/src/modules/mavlink/mavlink_receiver.cpp:184|baseline/px4/src/modules/mavlink/streams/ODOMETRY.hpp:144|baseline/px4/src/modules/mavlink/streams/ODOMETRY.hpp:45|baseline/px4/src/modules/mavlink/streams/ODOMETRY.hpp:65|baseline/px4/src/modules/simulation/simulator_mavlink/SimulatorMavlink.cpp:362|baseline/px4/src/modules/simulation/simulator_mavlink/SimulatorMavlink.cpp:665|baseline/px4/src/modules/simulation/simulator_mavlink/SimulatorMavlink.cpp:666,2667,PX4 src production-like C/C++ headers/sources; embedded MAVLink submodule/tests/examples excluded,NOT_RUN_NO_CAPTURE,,XML definition is not implementation support; static references are heuristic and do not prove reachability; no default runtime MAVLink capture was performed.
PX4,message,332,TRAJECTORY_REPRESENTATION_WAYPOINTS,development.xml|uAvionix.xml,baseline/px4/src/modules/mavlink/mavlink/message_definitions/v1.0/common.xml,DEFINED_IN_ENTRYPOINT_CLOSURE,NO_REFERENCE_FOUND_BY_HEURISTIC_SCAN,0,0,0,,2667,PX4 src production-like C/C++ headers/sources; embedded MAVLink submodule/tests/examples excluded,NOT_RUN_NO_CAPTURE,,XML definition is not implementation support; static references are heuristic and do not prove reachability; no default runtime MAVLink capture was performed.
PX4,message,333,TRAJECTORY_REPRESENTATION_BEZIER,development.xml|uAvionix.xml,baseline/px4/src/modules/mavlink/mavlink/message_definitions/v1.0/common.xml,DEFINED_IN_ENTRYPOINT_CLOSURE,NO_REFERENCE_FOUND_BY_HEURISTIC_SCAN,0,0,0,,2667,PX4 src production-like C/C++ headers/sources; embedded MAVLink submodule/tests/examples excluded,NOT_RUN_NO_CAPTURE,,XML definition is not implementation support; static references are heuristic and do not prove reachability; no default runtime MAVLink capture was performed.
PX4,message,334,CELLULAR_STATUS,development.xml|uAvionix.xml,baseline/px4/src/modules/mavlink/mavlink/message_definitions/v1.0/common.xml,DEFINED_IN_ENTRYPOINT_CLOSURE,STATIC_REFERENCE_FOUND,0,2,1,baseline/px4/src/modules/mavlink/mavlink_receiver.cpp:220|baseline/px4/src/modules/mavlink/mavlink_receiver.cpp:2543|baseline/px4/src/modules/mavlink/mavlink_receiver.cpp:2544,2667,PX4 src production-like C/C++ headers/sources; embedded MAVLink submodule/tests/examples excluded,NOT_RUN_NO_CAPTURE,,XML definition is not implementation support; static references are heuristic and do not prove reachability; no default runtime MAVLink capture was performed.
PX4,message,335,ISBD_LINK_STATUS,development.xml|uAvionix.xml,baseline/px4/src/modules/mavlink/mavlink/message_definitions/v1.0/common.xml,DEFINED_IN_ENTRYPOINT_CLOSURE,NO_REFERENCE_FOUND_BY_HEURISTIC_SCAN,0,0,0,,2667,PX4 src production-like C/C++ headers/sources; embedded MAVLink submodule/tests/examples excluded,NOT_RUN_NO_CAPTURE,,XML definition is not implementation support; static references are heuristic and do not prove reachability; no default runtime MAVLink capture was performed.
PX4,message,336,CELLULAR_CONFIG,development.xml|uAvionix.xml,baseline/px4/src/modules/mavlink/mavlink/message_definitions/v1.0/common.xml,DEFINED_IN_ENTRYPOINT_CLOSURE,NO_REFERENCE_FOUND_BY_HEURISTIC_SCAN,0,0,0,,2667,PX4 src production-like C/C++ headers/sources; embedded MAVLink submodule/tests/examples excluded,NOT_RUN_NO_CAPTURE,,XML definition is not implementation support; static references are heuristic and do not prove reachability; no default runtime MAVLink capture was performed.
PX4,message,339,RAW_RPM,development.xml|uAvionix.xml,baseline/px4/src/modules/mavlink/mavlink/message_definitions/v1.0/common.xml,DEFINED_IN_ENTRYPOINT_CLOSURE,STATIC_REFERENCE_FOUND,2,2,2,baseline/px4/src/modules/mavlink/streams/RAW_RPM.hpp:45|baseline/px4/src/modules/mavlink/streams/RAW_RPM.hpp:68|baseline/px4/src/modules/mavlink/streams/RAW_RPM.hpp:73|baseline/px4/src/modules/simulation/simulator_mavlink/SimulatorMavlink.cpp:390|baseline/px4/src/modules/simulation/simulator_mavlink/SimulatorMavlink.cpp:391|baseline/px4/src/modules/simulation/simulator_mavlink/SimulatorMavlink.cpp:392,2667,PX4 src production-like C/C++ headers/sources; embedded MAVLink submodule/tests/examples excluded,NOT_RUN_NO_CAPTURE,,XML definition is not implementation support; static references are heuristic and do not prove reachability; no default runtime MAVLink capture was performed.
PX4,message,340,UTM_GLOBAL_POSITION,development.xml|uAvionix.xml,baseline/px4/src/modules/mavlink/mavlink/message_definitions/v1.0/common.xml,DEFINED_IN_ENTRYPOINT_CLOSURE,STATIC_REFERENCE_FOUND,2,0,1,baseline/px4/src/modules/mavlink/streams/UTM_GLOBAL_POSITION.hpp:184|baseline/px4/src/modules/mavlink/streams/UTM_GLOBAL_POSITION.hpp:49|baseline/px4/src/modules/mavlink/streams/UTM_GLOBAL_POSITION.hpp:75,2667,PX4 src production-like C/C++ headers/sources; embedded MAVLink submodule/tests/examples excluded,NOT_RUN_NO_CAPTURE,,XML definition is not implementation support; static references are heuristic and do not prove reachability; no default runtime MAVLink capture was performed.
PX4,message,345,PARAM_ERROR,development.xml|uAvionix.xml,baseline/px4/src/modules/mavlink/mavlink/message_definitions/v1.0/common.xml,DEFINED_IN_ENTRYPOINT_CLOSURE,NO_REFERENCE_FOUND_BY_HEURISTIC_SCAN,0,0,0,,2667,PX4 src production-like C/C++ headers/sources; embedded MAVLink submodule/tests/examples excluded,NOT_RUN_NO_CAPTURE,,XML definition is not implementation support; static references are heuristic and do not prove reachability; no default runtime MAVLink capture was performed.
PX4,message,350,DEBUG_FLOAT_ARRAY,development.xml|uAvionix.xml,baseline/px4/src/modules/mavlink/mavlink/message_definitions/v1.0/common.xml,DEFINED_IN_ENTRYPOINT_CLOSURE,STATIC_REFERENCE_FOUND,2,2,2,baseline/px4/src/modules/mavlink/mavlink_receiver.cpp:2817|baseline/px4/src/modules/mavlink/mavlink_receiver.cpp:2818|baseline/px4/src/modules/mavlink/mavlink_receiver.cpp:302|baseline/px4/src/modules/mavlink/streams/DEBUG_FLOAT_ARRAY.hpp:45|baseline/px4/src/modules/mavlink/streams/DEBUG_FLOAT_ARRAY.hpp:65|baseline/px4/src/modules/mavlink/streams/DEBUG_FLOAT_ARRAY.hpp:76,2667,PX4 src production-like C/C++ headers/sources; embedded MAVLink submodule/tests/examples excluded,NOT_RUN_NO_CAPTURE,,XML definition is not implementation support; static references are heuristic and do not prove reachability; no default runtime MAVLink capture was performed.
PX4,message,354,SET_VELOCITY_LIMITS,development.xml,baseline/px4/src/modules/mavlink/mavlink/message_definitions/v1.0/development.xml,DEFINED_IN_ENTRYPOINT_CLOSURE,STATIC_REFERENCE_FOUND,0,2,5,baseline/px4/src/modules/mavlink/mavlink_receiver.cpp:1295|baseline/px4/src/modules/mavlink/mavlink_receiver.cpp:1298|baseline/px4/src/modules/mavlink/mavlink_receiver.cpp:1299|baseline/px4/src/modules/mavlink/mavlink_receiver.cpp:1308|baseline/px4/src/modules/mavlink/mavlink_receiver.cpp:327|baseline/px4/src/modules/mavlink/mavlink_receiver.cpp:329|baseline/px4/src/modules/mavlink/mavlink_receiver.h:203,2667,PX4 src production-like C/C++ headers/sources; embedded MAVLink submodule/tests/examples excluded,NOT_RUN_NO_CAPTURE,,XML definition is not implementation support; static references are heuristic and do not prove reachability; no default runtime MAVLink capture was performed.
PX4,message,355,VELOCITY_LIMITS,development.xml,baseline/px4/src/modules/mavlink/mavlink/message_definitions/v1.0/development.xml,DEFINED_IN_ENTRYPOINT_CLOSURE,NO_REFERENCE_FOUND_BY_HEURISTIC_SCAN,0,0,0,,2667,PX4 src production-like C/C++ headers/sources; embedded MAVLink submodule/tests/examples excluded,NOT_RUN_NO_CAPTURE,,XML definition is not implementation support; static references are heuristic and do not prove reachability; no default runtime MAVLink capture was performed.
PX4,message,360,ORBIT_EXECUTION_STATUS,development.xml|uAvionix.xml,baseline/px4/src/modules/mavlink/mavlink/message_definitions/v1.0/common.xml,DEFINED_IN_ENTRYPOINT_CLOSURE,STATIC_REFERENCE_FOUND,2,0,1,baseline/px4/src/modules/mavlink/streams/ORBIT_EXECUTION_STATUS.hpp:45|baseline/px4/src/modules/mavlink/streams/ORBIT_EXECUTION_STATUS.hpp:67|baseline/px4/src/modules/mavlink/streams/ORBIT_EXECUTION_STATUS.hpp:76,2667,PX4 src production-like C/C++ headers/sources; embedded MAVLink submodule/tests/examples excluded,NOT_RUN_NO_CAPTURE,,XML definition is not implementation support; static references are heuristic and do not prove reachability; no default runtime MAVLink capture was performed.
PX4,message,361,FIGURE_EIGHT_EXECUTION_STATUS,development.xml,baseline/px4/src/modules/mavlink/mavlink/message_definitions/v1.0/development.xml,DEFINED_IN_ENTRYPOINT_CLOSURE,STATIC_REFERENCE_FOUND,2,0,15,baseline/px4/src/modules/mavlink/mavlink_main.cpp:1464|baseline/px4/src/modules/mavlink/mavlink_main.cpp:1466|baseline/px4/src/modules/mavlink/mavlink_main.cpp:1536|baseline/px4/src/modules/mavlink/mavlink_main.cpp:1538|baseline/px4/src/modules/mavlink/mavlink_main.cpp:1602|baseline/px4/src/modules/mavlink/mavlink_main.cpp:1604|baseline/px4/src/modules/mavlink/mavlink_main.cpp:1706|baseline/px4/src/modules/mavlink/mavlink_main.cpp:1708|baseline/px4/src/modules/mavlink/mavlink_main.cpp:1795|baseline/px4/src/modules/mavlink/mavlink_main.cpp:1797|baseline/px4/src/modules/mavlink/mavlink_main.cpp:1849|baseline/px4/src/modules/mavlink/mavlink_main.cpp:1851|baseline/px4/src/modules/mavlink/mavlink_messages.cpp:128|baseline/px4/src/modules/mavlink/mavlink_messages.cpp:130|baseline/px4/src/modules/mavlink/streams/FIGURE_EIGHT_EXECUTION_STATUS.hpp:47|baseline/px4/src/modules/mavlink/streams/FIGURE_EIGHT_EXECUTION_STATUS.hpp:68|baseline/px4/src/modules/mavlink/streams/FIGURE_EIGHT_EXECUTION_STATUS.hpp:79,2667,PX4 src production-like C/C++ headers/sources; embedded MAVLink submodule/tests/examples excluded,NOT_RUN_NO_CAPTURE,,XML definition is not implementation support; static references are heuristic and do not prove reachability; no default runtime MAVLink capture was performed.
PX4,message,369,BATTERY_STATUS_V2,development.xml,baseline/px4/src/modules/mavlink/mavlink/message_definitions/v1.0/development.xml,DEFINED_IN_ENTRYPOINT_CLOSURE,NO_REFERENCE_FOUND_BY_HEURISTIC_SCAN,0,0,0,,2667,PX4 src production-like C/C++ headers/sources; embedded MAVLink submodule/tests/examples excluded,NOT_RUN_NO_CAPTURE,,XML definition is not implementation support; static references are heuristic and do not prove reachability; no default runtime MAVLink capture was performed.
PX4,message,370,SMART_BATTERY_INFO,development.xml|uAvionix.xml,baseline/px4/src/modules/mavlink/mavlink/message_definitions/v1.0/common.xml,DEFINED_IN_ENTRYPOINT_CLOSURE,NO_REFERENCE_FOUND_BY_HEURISTIC_SCAN,0,0,0,,2667,PX4 src production-like C/C++ headers/sources; embedded MAVLink submodule/tests/examples excluded,NOT_RUN_NO_CAPTURE,,XML definition is not implementation support; static references are heuristic and do not prove reachability; no default runtime MAVLink capture was performed.
PX4,message,371,FUEL_STATUS,development.xml|uAvionix.xml,baseline/px4/src/modules/mavlink/mavlink/message_definitions/v1.0/common.xml,DEFINED_IN_ENTRYPOINT_CLOSURE,STATIC_REFERENCE_FOUND,2,0,13,baseline/px4/src/modules/mavlink/mavlink_main.cpp:1467|baseline/px4/src/modules/mavlink/mavlink_main.cpp:1469|baseline/px4/src/modules/mavlink/mavlink_main.cpp:1539|baseline/px4/src/modules/mavlink/mavlink_main.cpp:1541|baseline/px4/src/modules/mavlink/mavlink_main.cpp:1605|baseline/px4/src/modules/mavlink/mavlink_main.cpp:1607|baseline/px4/src/modules/mavlink/mavlink_main.cpp:1709|baseline/px4/src/modules/mavlink/mavlink_main.cpp:1711|baseline/px4/src/modules/mavlink/mavlink_main.cpp:1798|baseline/px4/src/modules/mavlink/mavlink_main.cpp:1800|baseline/px4/src/modules/mavlink/mavlink_messages.cpp:131|baseline/px4/src/modules/mavlink/mavlink_messages.cpp:133|baseline/px4/src/modules/mavlink/streams/FUEL_STATUS.hpp:45|baseline/px4/src/modules/mavlink/streams/FUEL_STATUS.hpp:65|baseline/px4/src/modules/mavlink/streams/FUEL_STATUS.hpp:76,2667,PX4 src production-like C/C++ headers/sources; embedded MAVLink submodule/tests/examples excluded,NOT_RUN_NO_CAPTURE,,XML definition is not implementation support; static references are heuristic and do not prove reachability; no default runtime MAVLink capture was performed.
PX4,message,372,BATTERY_INFO,development.xml|uAvionix.xml,baseline/px4/src/modules/mavlink/mavlink/message_definitions/v1.0/common.xml,DEFINED_IN_ENTRYPOINT_CLOSURE,STATIC_REFERENCE_FOUND,2,0,1,baseline/px4/src/modules/mavlink/streams/BATTERY_INFO.hpp:128|baseline/px4/src/modules/mavlink/streams/BATTERY_INFO.hpp:46|baseline/px4/src/modules/mavlink/streams/BATTERY_INFO.hpp:83,2667,PX4 src production-like C/C++ headers/sources; embedded MAVLink submodule/tests/examples excluded,NOT_RUN_NO_CAPTURE,,XML definition is not implementation support; static references are heuristic and do not prove reachability; no default runtime MAVLink capture was performed.
PX4,message,373,GENERATOR_STATUS,development.xml|uAvionix.xml,baseline/px4/src/modules/mavlink/mavlink/message_definitions/v1.0/common.xml,DEFINED_IN_ENTRYPOINT_CLOSURE,STATIC_REFERENCE_FOUND,0,2,1,baseline/px4/src/modules/mavlink/mavlink_receiver.cpp:264|baseline/px4/src/modules/mavlink/mavlink_receiver.cpp:2872|baseline/px4/src/modules/mavlink/mavlink_receiver.cpp:2873,2667,PX4 src production-like C/C++ headers/sources; embedded MAVLink submodule/tests/examples excluded,NOT_RUN_NO_CAPTURE,,XML definition is not implementation support; static references are heuristic and do not prove reachability; no default runtime MAVLink capture was performed.
PX4,message,375,ACTUATOR_OUTPUT_STATUS,development.xml|uAvionix.xml,baseline/px4/src/modules/mavlink/mavlink/message_definitions/v1.0/common.xml,DEFINED_IN_ENTRYPOINT_CLOSURE,STATIC_REFERENCE_FOUND,2,0,1,baseline/px4/src/modules/mavlink/streams/ACTUATOR_OUTPUT_STATUS.hpp:45|baseline/px4/src/modules/mavlink/streams/ACTUATOR_OUTPUT_STATUS.hpp:65|baseline/px4/src/modules/mavlink/streams/ACTUATOR_OUTPUT_STATUS.hpp:77,2667,PX4 src production-like C/C++ headers/sources; embedded MAVLink submodule/tests/examples excluded,NOT_RUN_NO_CAPTURE,,XML definition is not implementation support; static references are heuristic and do not prove reachability; no default runtime MAVLink capture was performed.
PX4,message,380,TIME_ESTIMATE_TO_TARGET,development.xml|uAvionix.xml,baseline/px4/src/modules/mavlink/mavlink/message_definitions/v1.0/common.xml,DEFINED_IN_ENTRYPOINT_CLOSURE,STATIC_REFERENCE_FOUND,2,0,1,baseline/px4/src/modules/mavlink/streams/TIME_ESTIMATE_TO_TARGET.hpp:45|baseline/px4/src/modules/mavlink/streams/TIME_ESTIMATE_TO_TARGET.hpp:66|baseline/px4/src/modules/mavlink/streams/TIME_ESTIMATE_TO_TARGET.hpp:75,2667,PX4 src production-like C/C++ headers/sources; embedded MAVLink submodule/tests/examples excluded,NOT_RUN_NO_CAPTURE,,XML definition is not implementation support; static references are heuristic and do not prove reachability; no default runtime MAVLink capture was performed.
PX4,message,385,TUNNEL,development.xml|uAvionix.xml,baseline/px4/src/modules/mavlink/mavlink/message_definitions/v1.0/common.xml,DEFINED_IN_ENTRYPOINT_CLOSURE,STATIC_REFERENCE_FOUND,0,2,1,baseline/px4/src/modules/mavlink/mavlink_receiver.cpp:1977|baseline/px4/src/modules/mavlink/mavlink_receiver.cpp:1978|baseline/px4/src/modules/mavlink/mavlink_receiver.cpp:256,2667,PX4 src production-like C/C++ headers/sources; embedded MAVLink submodule/tests/examples excluded,NOT_RUN_NO_CAPTURE,,XML definition is not implementation support; static references are heuristic and do not prove reachability; no default runtime MAVLink capture was performed.
PX4,message,386,CAN_FRAME,development.xml|uAvionix.xml,baseline/px4/src/modules/mavlink/mavlink/message_definitions/v1.0/common.xml,DEFINED_IN_ENTRYPOINT_CLOSURE,NO_REFERENCE_FOUND_BY_HEURISTIC_SCAN,0,0,0,,2667,PX4 src production-like C/C++ headers/sources; embedded MAVLink submodule/tests/examples excluded,NOT_RUN_NO_CAPTURE,,XML definition is not implementation support; static references are heuristic and do not prove reachability; no default runtime MAVLink capture was performed.
PX4,message,387,CANFD_FRAME,development.xml|uAvionix.xml,baseline/px4/src/modules/mavlink/mavlink/message_definitions/v1.0/common.xml,DEFINED_IN_ENTRYPOINT_CLOSURE,NO_REFERENCE_FOUND_BY_HEURISTIC_SCAN,0,0,0,,2667,PX4 src production-like C/C++ headers/sources; embedded MAVLink submodule/tests/examples excluded,NOT_RUN_NO_CAPTURE,,XML definition is not implementation support; static references are heuristic and do not prove reachability; no default runtime MAVLink capture was performed.
PX4,message,388,CAN_FILTER_MODIFY,development.xml|uAvionix.xml,baseline/px4/src/modules/mavlink/mavlink/message_definitions/v1.0/common.xml,DEFINED_IN_ENTRYPOINT_CLOSURE,NO_REFERENCE_FOUND_BY_HEURISTIC_SCAN,0,0,0,,2667,PX4 src production-like C/C++ headers/sources; embedded MAVLink submodule/tests/examples excluded,NOT_RUN_NO_CAPTURE,,XML definition is not implementation support; static references are heuristic and do not prove reachability; no default runtime MAVLink capture was performed.
PX4,message,390,ONBOARD_COMPUTER_STATUS,development.xml|uAvionix.xml,baseline/px4/src/modules/mavlink/mavlink/message_definitions/v1.0/common.xml,DEFINED_IN_ENTRYPOINT_CLOSURE,STATIC_REFERENCE_FOUND,0,2,2,baseline/px4/src/modules/mavlink/mavlink_main.cpp:476|baseline/px4/src/modules/mavlink/mavlink_receiver.cpp:260|baseline/px4/src/modules/mavlink/mavlink_receiver.cpp:2838|baseline/px4/src/modules/mavlink/mavlink_receiver.cpp:2839,2667,PX4 src production-like C/C++ headers/sources; embedded MAVLink submodule/tests/examples excluded,NOT_RUN_NO_CAPTURE,,XML definition is not implementation support; static references are heuristic and do not prove reachability; no default runtime MAVLink capture was performed.
PX4,message,395,COMPONENT_INFORMATION,development.xml|uAvionix.xml,baseline/px4/src/modules/mavlink/mavlink/message_definitions/v1.0/common.xml,DEFINED_IN_ENTRYPOINT_CLOSURE,STATIC_REFERENCE_FOUND,2,0,1,baseline/px4/src/modules/mavlink/streams/COMPONENT_INFORMATION.hpp:51|baseline/px4/src/modules/mavlink/streams/COMPONENT_INFORMATION.hpp:64|baseline/px4/src/modules/mavlink/streams/COMPONENT_INFORMATION.hpp:72,2667,PX4 src production-like C/C++ headers/sources; embedded MAVLink submodule/tests/examples excluded,NOT_RUN_NO_CAPTURE,,XML definition is not implementation support; static references are heuristic and do not prove reachability; no default runtime MAVLink capture was performed.
PX4,message,396,COMPONENT_INFORMATION_BASIC,development.xml|uAvionix.xml,baseline/px4/src/modules/mavlink/mavlink/message_definitions/v1.0/common.xml,DEFINED_IN_ENTRYPOINT_CLOSURE,NO_REFERENCE_FOUND_BY_HEURISTIC_SCAN,0,0,0,,2667,PX4 src production-like C/C++ headers/sources; embedded MAVLink submodule/tests/examples excluded,NOT_RUN_NO_CAPTURE,,XML definition is not implementation support; static references are heuristic and do not prove reachability; no default runtime MAVLink capture was performed.
PX4,message,397,COMPONENT_METADATA,development.xml|uAvionix.xml,baseline/px4/src/modules/mavlink/mavlink/message_definitions/v1.0/common.xml,DEFINED_IN_ENTRYPOINT_CLOSURE,STATIC_REFERENCE_FOUND,2,0,1,baseline/px4/src/modules/mavlink/streams/COMPONENT_METADATA.hpp:51|baseline/px4/src/modules/mavlink/streams/COMPONENT_METADATA.hpp:64|baseline/px4/src/modules/mavlink/streams/COMPONENT_METADATA.hpp:72,2667,PX4 src production-like C/C++ headers/sources; embedded MAVLink submodule/tests/examples excluded,NOT_RUN_NO_CAPTURE,,XML definition is not implementation support; static references are heuristic and do not prove reachability; no default runtime MAVLink capture was performed.
PX4,message,400,PLAY_TUNE_V2,development.xml|uAvionix.xml,baseline/px4/src/modules/mavlink/mavlink/message_definitions/v1.0/common.xml,DEFINED_IN_ENTRYPOINT_CLOSURE,STATIC_REFERENCE_FOUND,0,2,1,baseline/px4/src/modules/mavlink/mavlink_receiver.cpp:1908|baseline/px4/src/modules/mavlink/mavlink_receiver.cpp:1909|baseline/px4/src/modules/mavlink/mavlink_receiver.cpp:248,2667,PX4 src production-like C/C++ headers/sources; embedded MAVLink submodule/tests/examples excluded,NOT_RUN_NO_CAPTURE,,XML definition is not implementation support; static references are heuristic and do not prove reachability; no default runtime MAVLink capture was performed.
PX4,message,401,SUPPORTED_TUNES,development.xml|uAvionix.xml,baseline/px4/src/modules/mavlink/mavlink/message_definitions/v1.0/common.xml,DEFINED_IN_ENTRYPOINT_CLOSURE,NO_REFERENCE_FOUND_BY_HEURISTIC_SCAN,0,0,0,,2667,PX4 src production-like C/C++ headers/sources; embedded MAVLink submodule/tests/examples excluded,NOT_RUN_NO_CAPTURE,,XML definition is not implementation support; static references are heuristic and do not prove reachability; no default runtime MAVLink capture was performed.
PX4,message,410,EVENT,development.xml|uAvionix.xml,baseline/px4/src/modules/mavlink/mavlink/message_definitions/v1.0/common.xml,DEFINED_IN_ENTRYPOINT_CLOSURE,STATIC_REFERENCE_FOUND,1,2,6,baseline/px4/src/lib/events/libevents/libs/cpp/common/event_type.h:11|baseline/px4/src/lib/events/libevents/libs/cpp/common/event_type.h:12|baseline/px4/src/lib/events/libevents/libs/cpp/protocol/receive.h:28|baseline/px4/src/lib/events/libevents/libs/cpp/protocol/receive.h:4|baseline/px4/src/lib/events/libevents/libs/cpp/protocol/receive.h:46|baseline/px4/src/lib/events/libevents/libs/cpp/protocol/receive.h:63|baseline/px4/src/lib/events/libevents/libs/cpp/protocol/receive.h:64|baseline/px4/src/modules/mavlink/mavlink_events.cpp:212|baseline/px4/src/modules/mavlink/mavlink_events.cpp:221,2667,PX4 src production-like C/C++ headers/sources; embedded MAVLink submodule/tests/examples excluded,NOT_RUN_NO_CAPTURE,,XML definition is not implementation support; static references are heuristic and do not prove reachability; no default runtime MAVLink capture was performed.
PX4,message,411,CURRENT_EVENT_SEQUENCE,development.xml|uAvionix.xml,baseline/px4/src/modules/mavlink/mavlink/message_definitions/v1.0/common.xml,DEFINED_IN_ENTRYPOINT_CLOSURE,STATIC_REFERENCE_FOUND,1,2,3,baseline/px4/src/lib/events/libevents/libs/cpp/protocol/receive.h:160|baseline/px4/src/lib/events/libevents/libs/cpp/protocol/receive.h:161|baseline/px4/src/lib/events/libevents/libs/cpp/protocol/receive.h:223|baseline/px4/src/lib/events/libevents/libs/cpp/protocol/receive.h:47|baseline/px4/src/modules/mavlink/mavlink_events.cpp:239|baseline/px4/src/modules/mavlink/mavlink_events.cpp:242,2667,PX4 src production-like C/C++ headers/sources; embedded MAVLink submodule/tests/examples excluded,NOT_RUN_NO_CAPTURE,,XML definition is not implementation support; static references are heuristic and do not prove reachability; no default runtime MAVLink capture was performed.
PX4,message,412,REQUEST_EVENT,development.xml|uAvionix.xml,baseline/px4/src/modules/mavlink/mavlink/message_definitions/v1.0/common.xml,DEFINED_IN_ENTRYPOINT_CLOSURE,STATIC_REFERENCE_FOUND,0,2,3,baseline/px4/src/lib/events/libevents/libs/cpp/protocol/receive.h:144|baseline/px4/src/lib/events/libevents/libs/cpp/protocol/receive.h:27|baseline/px4/src/modules/mavlink/mavlink_events.cpp:185|baseline/px4/src/modules/mavlink/mavlink_events.cpp:186|baseline/px4/src/modules/mavlink/mavlink_receiver.cpp:319,2667,PX4 src production-like C/C++ headers/sources; embedded MAVLink submodule/tests/examples excluded,NOT_RUN_NO_CAPTURE,,XML definition is not implementation support; static references are heuristic and do not prove reachability; no default runtime MAVLink capture was performed.
PX4,message,413,RESPONSE_EVENT_ERROR,development.xml|uAvionix.xml,baseline/px4/src/modules/mavlink/mavlink/message_definitions/v1.0/common.xml,DEFINED_IN_ENTRYPOINT_CLOSURE,STATIC_REFERENCE_FOUND,1,2,2,baseline/px4/src/lib/events/libevents/libs/cpp/protocol/receive.h:181|baseline/px4/src/lib/events/libevents/libs/cpp/protocol/receive.h:182|baseline/px4/src/lib/events/libevents/libs/cpp/protocol/receive.h:48|baseline/px4/src/modules/mavlink/mavlink_events.cpp:197|baseline/px4/src/modules/mavlink/mavlink_events.cpp:204,2667,PX4 src production-like C/C++ headers/sources; embedded MAVLink submodule/tests/examples excluded,NOT_RUN_NO_CAPTURE,,XML definition is not implementation support; static references are heuristic and do not prove reachability; no default runtime MAVLink capture was performed.
PX4,message,414,GROUP_START,development.xml,baseline/px4/src/modules/mavlink/mavlink/message_definitions/v1.0/development.xml,DEFINED_IN_ENTRYPOINT_CLOSURE,NO_REFERENCE_FOUND_BY_HEURISTIC_SCAN,0,0,0,,2667,PX4 src production-like C/C++ headers/sources; embedded MAVLink submodule/tests/examples excluded,NOT_RUN_NO_CAPTURE,,XML definition is not implementation support; static references are heuristic and do not prove reachability; no default runtime MAVLink capture was performed.
PX4,message,415,GROUP_END,development.xml,baseline/px4/src/modules/mavlink/mavlink/message_definitions/v1.0/development.xml,DEFINED_IN_ENTRYPOINT_CLOSURE,NO_REFERENCE_FOUND_BY_HEURISTIC_SCAN,0,0,0,,2667,PX4 src production-like C/C++ headers/sources; embedded MAVLink submodule/tests/examples excluded,NOT_RUN_NO_CAPTURE,,XML definition is not implementation support; static references are heuristic and do not prove reachability; no default runtime MAVLink capture was performed.
PX4,message,420,RADIO_RC_CHANNELS,development.xml,baseline/px4/src/modules/mavlink/mavlink/message_definitions/v1.0/development.xml,DEFINED_IN_ENTRYPOINT_CLOSURE,NO_REFERENCE_FOUND_BY_HEURISTIC_SCAN,0,0,0,,2667,PX4 src production-like C/C++ headers/sources; embedded MAVLink submodule/tests/examples excluded,NOT_RUN_NO_CAPTURE,,XML definition is not implementation support; static references are heuristic and do not prove reachability; no default runtime MAVLink capture was performed.
PX4,message,435,AVAILABLE_MODES,development.xml|uAvionix.xml,baseline/px4/src/modules/mavlink/mavlink/message_definitions/v1.0/common.xml,DEFINED_IN_ENTRYPOINT_CLOSURE,STATIC_REFERENCE_FOUND,2,0,2,baseline/px4/src/modules/mavlink/mavlink_messages.cpp:135|baseline/px4/src/modules/mavlink/streams/AVAILABLE_MODES.hpp:133|baseline/px4/src/modules/mavlink/streams/AVAILABLE_MODES.hpp:50|baseline/px4/src/modules/mavlink/streams/AVAILABLE_MODES.hpp:90,2667,PX4 src production-like C/C++ headers/sources; embedded MAVLink submodule/tests/examples excluded,NOT_RUN_NO_CAPTURE,,XML definition is not implementation support; static references are heuristic and do not prove reachability; no default runtime MAVLink capture was performed.
PX4,message,436,CURRENT_MODE,development.xml|uAvionix.xml,baseline/px4/src/modules/mavlink/mavlink/message_definitions/v1.0/common.xml,DEFINED_IN_ENTRYPOINT_CLOSURE,STATIC_REFERENCE_FOUND,2,0,1,baseline/px4/src/modules/mavlink/streams/CURRENT_MODE.hpp:46|baseline/px4/src/modules/mavlink/streams/CURRENT_MODE.hpp:66|baseline/px4/src/modules/mavlink/streams/CURRENT_MODE.hpp:71,2667,PX4 src production-like C/C++ headers/sources; embedded MAVLink submodule/tests/examples excluded,NOT_RUN_NO_CAPTURE,,XML definition is not implementation support; static references are heuristic and do not prove reachability; no default runtime MAVLink capture was performed.
PX4,message,437,AVAILABLE_MODES_MONITOR,development.xml|uAvionix.xml,baseline/px4/src/modules/mavlink/mavlink/message_definitions/v1.0/common.xml,DEFINED_IN_ENTRYPOINT_CLOSURE,STATIC_REFERENCE_FOUND,1,0,1,baseline/px4/src/modules/mavlink/streams/AVAILABLE_MODES.hpp:245|baseline/px4/src/modules/mavlink/streams/AVAILABLE_MODES.hpp:247,2667,PX4 src production-like C/C++ headers/sources; embedded MAVLink submodule/tests/examples excluded,NOT_RUN_NO_CAPTURE,,XML definition is not implementation support; static references are heuristic and do not prove reachability; no default runtime MAVLink capture was performed.
PX4,message,440,ILLUMINATOR_STATUS,development.xml|uAvionix.xml,baseline/px4/src/modules/mavlink/mavlink/message_definitions/v1.0/common.xml,DEFINED_IN_ENTRYPOINT_CLOSURE,NO_REFERENCE_FOUND_BY_HEURISTIC_SCAN,0,0,0,,2667,PX4 src production-like C/C++ headers/sources; embedded MAVLink submodule/tests/examples excluded,NOT_RUN_NO_CAPTURE,,XML definition is not implementation support; static references are heuristic and do not prove reachability; no default runtime MAVLink capture was performed.
PX4,message,441,GNSS_INTEGRITY,development.xml,baseline/px4/src/modules/mavlink/mavlink/message_definitions/v1.0/development.xml,DEFINED_IN_ENTRYPOINT_CLOSURE,STATIC_REFERENCE_FOUND,2,0,2,baseline/px4/src/modules/mavlink/mavlink_messages.cpp:82|baseline/px4/src/modules/mavlink/streams/GNSS_INTEGRITY.hpp:105|baseline/px4/src/modules/mavlink/streams/GNSS_INTEGRITY.hpp:50|baseline/px4/src/modules/mavlink/streams/GNSS_INTEGRITY.hpp:73,2667,PX4 src production-like C/C++ headers/sources; embedded MAVLink submodule/tests/examples excluded,NOT_RUN_NO_CAPTURE,,XML definition is not implementation support; static references are heuristic and do not prove reachability; no default runtime MAVLink capture was performed.
PX4,message,510,TARGET_ABSOLUTE,development.xml,baseline/px4/src/modules/mavlink/mavlink/message_definitions/v1.0/development.xml,DEFINED_IN_ENTRYPOINT_CLOSURE,NO_REFERENCE_FOUND_BY_HEURISTIC_SCAN,0,0,0,,2667,PX4 src production-like C/C++ headers/sources; embedded MAVLink submodule/tests/examples excluded,NOT_RUN_NO_CAPTURE,,XML definition is not implementation support; static references are heuristic and do not prove reachability; no default runtime MAVLink capture was performed.
PX4,message,511,TARGET_RELATIVE,development.xml,baseline/px4/src/modules/mavlink/mavlink/message_definitions/v1.0/development.xml,DEFINED_IN_ENTRYPOINT_CLOSURE,NO_REFERENCE_FOUND_BY_HEURISTIC_SCAN,0,0,0,,2667,PX4 src production-like C/C++ headers/sources; embedded MAVLink submodule/tests/examples excluded,NOT_RUN_NO_CAPTURE,,XML definition is not implementation support; static references are heuristic and do not prove reachability; no default runtime MAVLink capture was performed.
PX4,message,512,CONTROL_STATUS,development.xml,baseline/px4/src/modules/mavlink/mavlink/message_definitions/v1.0/development.xml,DEFINED_IN_ENTRYPOINT_CLOSURE,NO_REFERENCE_FOUND_BY_HEURISTIC_SCAN,0,0,0,,2667,PX4 src production-like C/C++ headers/sources; embedded MAVLink submodule/tests/examples excluded,NOT_RUN_NO_CAPTURE,,XML definition is not implementation support; static references are heuristic and do not prove reachability; no default runtime MAVLink capture was performed.
PX4,message,9000,WHEEL_DISTANCE,development.xml|uAvionix.xml,baseline/px4/src/modules/mavlink/mavlink/message_definitions/v1.0/common.xml,DEFINED_IN_ENTRYPOINT_CLOSURE,NO_REFERENCE_FOUND_BY_HEURISTIC_SCAN,0,0,0,,2667,PX4 src production-like C/C++ headers/sources; embedded MAVLink submodule/tests/examples excluded,NOT_RUN_NO_CAPTURE,,XML definition is not implementation support; static references are heuristic and do not prove reachability; no default runtime MAVLink capture was performed.
PX4,message,9005,WINCH_STATUS,development.xml|uAvionix.xml,baseline/px4/src/modules/mavlink/mavlink/message_definitions/v1.0/common.xml,DEFINED_IN_ENTRYPOINT_CLOSURE,NO_REFERENCE_FOUND_BY_HEURISTIC_SCAN,0,0,0,,2667,PX4 src production-like C/C++ headers/sources; embedded MAVLink submodule/tests/examples excluded,NOT_RUN_NO_CAPTURE,,XML definition is not implementation support; static references are heuristic and do not prove reachability; no default runtime MAVLink capture was performed.
PX4,message,10001,UAVIONIX_ADSB_OUT_CFG,uAvionix.xml,baseline/px4/src/modules/mavlink/mavlink/message_definitions/v1.0/uAvionix.xml,DEFINED_IN_ENTRYPOINT_CLOSURE,STATIC_REFERENCE_FOUND,2,0,1,baseline/px4/src/modules/mavlink/streams/UAVIONIX_ADSB_OUT_CFG.hpp:127|baseline/px4/src/modules/mavlink/streams/UAVIONIX_ADSB_OUT_CFG.hpp:141|baseline/px4/src/modules/mavlink/streams/UAVIONIX_ADSB_OUT_CFG.hpp:45,2667,PX4 src production-like C/C++ headers/sources; embedded MAVLink submodule/tests/examples excluded,NOT_RUN_NO_CAPTURE,,XML definition is not implementation support; static references are heuristic and do not prove reachability; no default runtime MAVLink capture was performed.
PX4,message,10002,UAVIONIX_ADSB_OUT_DYNAMIC,uAvionix.xml,baseline/px4/src/modules/mavlink/mavlink/message_definitions/v1.0/uAvionix.xml,DEFINED_IN_ENTRYPOINT_CLOSURE,STATIC_REFERENCE_FOUND,2,0,1,baseline/px4/src/modules/mavlink/streams/UAVIONIX_ADSB_OUT_DYNAMIC.hpp:110|baseline/px4/src/modules/mavlink/streams/UAVIONIX_ADSB_OUT_DYNAMIC.hpp:48|baseline/px4/src/modules/mavlink/streams/UAVIONIX_ADSB_OUT_DYNAMIC.hpp:87,2667,PX4 src production-like C/C++ headers/sources; embedded MAVLink submodule/tests/examples excluded,NOT_RUN_NO_CAPTURE,,XML definition is not implementation support; static references are heuristic and do not prove reachability; no default runtime MAVLink capture was performed.
PX4,message,10003,UAVIONIX_ADSB_TRANSCEIVER_HEALTH_REPORT,uAvionix.xml,baseline/px4/src/modules/mavlink/mavlink/message_definitions/v1.0/uAvionix.xml,DEFINED_IN_ENTRYPOINT_CLOSURE,NO_REFERENCE_FOUND_BY_HEURISTIC_SCAN,0,0,0,,2667,PX4 src production-like C/C++ headers/sources; embedded MAVLink submodule/tests/examples excluded,NOT_RUN_NO_CAPTURE,,XML definition is not implementation support; static references are heuristic and do not prove reachability; no default runtime MAVLink capture was performed.
PX4,message,10004,UAVIONIX_ADSB_OUT_CFG_REGISTRATION,uAvionix.xml,baseline/px4/src/modules/mavlink/mavlink/message_definitions/v1.0/uAvionix.xml,DEFINED_IN_ENTRYPOINT_CLOSURE,NO_REFERENCE_FOUND_BY_HEURISTIC_SCAN,0,0,0,,2667,PX4 src production-like C/C++ headers/sources; embedded MAVLink submodule/tests/examples excluded,NOT_RUN_NO_CAPTURE,,XML definition is not implementation support; static references are heuristic and do not prove reachability; no default runtime MAVLink capture was performed.
PX4,message,10005,UAVIONIX_ADSB_OUT_CFG_FLIGHTID,uAvionix.xml,baseline/px4/src/modules/mavlink/mavlink/message_definitions/v1.0/uAvionix.xml,DEFINED_IN_ENTRYPOINT_CLOSURE,NO_REFERENCE_FOUND_BY_HEURISTIC_SCAN,0,0,0,,2667,PX4 src production-like C/C++ headers/sources; embedded MAVLink submodule/tests/examples excluded,NOT_RUN_NO_CAPTURE,,XML definition is not implementation support; static references are heuristic and do not prove reachability; no default runtime MAVLink capture was performed.
PX4,message,10006,UAVIONIX_ADSB_GET,uAvionix.xml,baseline/px4/src/modules/mavlink/mavlink/message_definitions/v1.0/uAvionix.xml,DEFINED_IN_ENTRYPOINT_CLOSURE,NO_REFERENCE_FOUND_BY_HEURISTIC_SCAN,0,0,0,,2667,PX4 src production-like C/C++ headers/sources; embedded MAVLink submodule/tests/examples excluded,NOT_RUN_NO_CAPTURE,,XML definition is not implementation support; static references are heuristic and do not prove reachability; no default runtime MAVLink capture was performed.
PX4,message,10007,UAVIONIX_ADSB_OUT_CONTROL,uAvionix.xml,baseline/px4/src/modules/mavlink/mavlink/message_definitions/v1.0/uAvionix.xml,DEFINED_IN_ENTRYPOINT_CLOSURE,NO_REFERENCE_FOUND_BY_HEURISTIC_SCAN,0,0,0,,2667,PX4 src production-like C/C++ headers/sources; embedded MAVLink submodule/tests/examples excluded,NOT_RUN_NO_CAPTURE,,XML definition is not implementation support; static references are heuristic and do not prove reachability; no default runtime MAVLink capture was performed.
PX4,message,10008,UAVIONIX_ADSB_OUT_STATUS,uAvionix.xml,baseline/px4/src/modules/mavlink/mavlink/message_definitions/v1.0/uAvionix.xml,DEFINED_IN_ENTRYPOINT_CLOSURE,NO_REFERENCE_FOUND_BY_HEURISTIC_SCAN,0,0,0,,2667,PX4 src production-like C/C++ headers/sources; embedded MAVLink submodule/tests/examples excluded,NOT_RUN_NO_CAPTURE,,XML definition is not implementation support; static references are heuristic and do not prove reachability; no default runtime MAVLink capture was performed.
PX4,message,12900,OPEN_DRONE_ID_BASIC_ID,development.xml|uAvionix.xml,baseline/px4/src/modules/mavlink/mavlink/message_definitions/v1.0/common.xml,DEFINED_IN_ENTRYPOINT_CLOSURE,STATIC_REFERENCE_FOUND,2,0,1,baseline/px4/src/modules/mavlink/streams/OPEN_DRONE_ID_BASIC_ID.hpp:46|baseline/px4/src/modules/mavlink/streams/OPEN_DRONE_ID_BASIC_ID.hpp:69|baseline/px4/src/modules/mavlink/streams/OPEN_DRONE_ID_BASIC_ID.hpp:85,2667,PX4 src production-like C/C++ headers/sources; embedded MAVLink submodule/tests/examples excluded,NOT_RUN_NO_CAPTURE,,XML definition is not implementation support; static references are heuristic and do not prove reachability; no default runtime MAVLink capture was performed.
PX4,message,12901,OPEN_DRONE_ID_LOCATION,development.xml|uAvionix.xml,baseline/px4/src/modules/mavlink/mavlink/message_definitions/v1.0/common.xml,DEFINED_IN_ENTRYPOINT_CLOSURE,STATIC_REFERENCE_FOUND,2,0,1,baseline/px4/src/modules/mavlink/streams/OPEN_DRONE_ID_LOCATION.hpp:213|baseline/px4/src/modules/mavlink/streams/OPEN_DRONE_ID_LOCATION.hpp:50|baseline/px4/src/modules/mavlink/streams/OPEN_DRONE_ID_LOCATION.hpp:72,2667,PX4 src production-like C/C++ headers/sources; embedded MAVLink submodule/tests/examples excluded,NOT_RUN_NO_CAPTURE,,XML definition is not implementation support; static references are heuristic and do not prove reachability; no default runtime MAVLink capture was performed.
PX4,message,12902,OPEN_DRONE_ID_AUTHENTICATION,development.xml|uAvionix.xml,baseline/px4/src/modules/mavlink/mavlink/message_definitions/v1.0/common.xml,DEFINED_IN_ENTRYPOINT_CLOSURE,NO_REFERENCE_FOUND_BY_HEURISTIC_SCAN,0,0,0,,2667,PX4 src production-like C/C++ headers/sources; embedded MAVLink submodule/tests/examples excluded,NOT_RUN_NO_CAPTURE,,XML definition is not implementation support; static references are heuristic and do not prove reachability; no default runtime MAVLink capture was performed.
PX4,message,12903,OPEN_DRONE_ID_SELF_ID,development.xml|uAvionix.xml,baseline/px4/src/modules/mavlink/mavlink/message_definitions/v1.0/common.xml,DEFINED_IN_ENTRYPOINT_CLOSURE,STATIC_REFERENCE_FOUND,0,2,1,baseline/px4/src/modules/mavlink/mavlink_receiver.cpp:276|baseline/px4/src/modules/mavlink/mavlink_receiver.cpp:3083|baseline/px4/src/modules/mavlink/mavlink_receiver.cpp:3084,2667,PX4 src production-like C/C++ headers/sources; embedded MAVLink submodule/tests/examples excluded,NOT_RUN_NO_CAPTURE,,XML definition is not implementation support; static references are heuristic and do not prove reachability; no default runtime MAVLink capture was performed.
PX4,message,12904,OPEN_DRONE_ID_SYSTEM,development.xml|uAvionix.xml,baseline/px4/src/modules/mavlink/mavlink/message_definitions/v1.0/common.xml,DEFINED_IN_ENTRYPOINT_CLOSURE,STATIC_REFERENCE_FOUND,2,2,2,baseline/px4/src/modules/mavlink/mavlink_receiver.cpp:280|baseline/px4/src/modules/mavlink/mavlink_receiver.cpp:3100|baseline/px4/src/modules/mavlink/mavlink_receiver.cpp:3101|baseline/px4/src/modules/mavlink/streams/OPEN_DRONE_ID_SYSTEM.hpp:46|baseline/px4/src/modules/mavlink/streams/OPEN_DRONE_ID_SYSTEM.hpp:75|baseline/px4/src/modules/mavlink/streams/OPEN_DRONE_ID_SYSTEM.hpp:96,2667,PX4 src production-like C/C++ headers/sources; embedded MAVLink submodule/tests/examples excluded,NOT_RUN_NO_CAPTURE,,XML definition is not implementation support; static references are heuristic and do not prove reachability; no default runtime MAVLink capture was performed.
PX4,message,12905,OPEN_DRONE_ID_OPERATOR_ID,development.xml|uAvionix.xml,baseline/px4/src/modules/mavlink/mavlink/message_definitions/v1.0/common.xml,DEFINED_IN_ENTRYPOINT_CLOSURE,STATIC_REFERENCE_FOUND,0,2,1,baseline/px4/src/modules/mavlink/mavlink_receiver.cpp:272|baseline/px4/src/modules/mavlink/mavlink_receiver.cpp:3067|baseline/px4/src/modules/mavlink/mavlink_receiver.cpp:3068,2667,PX4 src production-like C/C++ headers/sources; embedded MAVLink submodule/tests/examples excluded,NOT_RUN_NO_CAPTURE,,XML definition is not implementation support; static references are heuristic and do not prove reachability; no default runtime MAVLink capture was performed.
PX4,message,12915,OPEN_DRONE_ID_MESSAGE_PACK,development.xml|uAvionix.xml,baseline/px4/src/modules/mavlink/mavlink/message_definitions/v1.0/common.xml,DEFINED_IN_ENTRYPOINT_CLOSURE,NO_REFERENCE_FOUND_BY_HEURISTIC_SCAN,0,0,0,,2667,PX4 src production-like C/C++ headers/sources; embedded MAVLink submodule/tests/examples excluded,NOT_RUN_NO_CAPTURE,,XML definition is not implementation support; static references are heuristic and do not prove reachability; no default runtime MAVLink capture was performed.
PX4,message,12918,OPEN_DRONE_ID_ARM_STATUS,development.xml|uAvionix.xml,baseline/px4/src/modules/mavlink/mavlink/message_definitions/v1.0/common.xml,DEFINED_IN_ENTRYPOINT_CLOSURE,STATIC_REFERENCE_FOUND,2,0,1,baseline/px4/src/modules/mavlink/streams/OPEN_DRONE_ID_ARM_STATUS.hpp:53|baseline/px4/src/modules/mavlink/streams/OPEN_DRONE_ID_ARM_STATUS.hpp:79|baseline/px4/src/modules/mavlink/streams/OPEN_DRONE_ID_ARM_STATUS.hpp:89,2667,PX4 src production-like C/C++ headers/sources; embedded MAVLink submodule/tests/examples excluded,NOT_RUN_NO_CAPTURE,,XML definition is not implementation support; static references are heuristic and do not prove reachability; no default runtime MAVLink capture was performed.
PX4,message,12919,OPEN_DRONE_ID_SYSTEM_UPDATE,development.xml|uAvionix.xml,baseline/px4/src/modules/mavlink/mavlink/message_definitions/v1.0/common.xml,DEFINED_IN_ENTRYPOINT_CLOSURE,NO_REFERENCE_FOUND_BY_HEURISTIC_SCAN,0,0,0,,2667,PX4 src production-like C/C++ headers/sources; embedded MAVLink submodule/tests/examples excluded,NOT_RUN_NO_CAPTURE,,XML definition is not implementation support; static references are heuristic and do not prove reachability; no default runtime MAVLink capture was performed.
PX4,message,12920,HYGROMETER_SENSOR,development.xml|uAvionix.xml,baseline/px4/src/modules/mavlink/mavlink/message_definitions/v1.0/common.xml,DEFINED_IN_ENTRYPOINT_CLOSURE,STATIC_REFERENCE_FOUND,2,0,1,baseline/px4/src/modules/mavlink/streams/HYGROMETER_SENSOR.hpp:46|baseline/px4/src/modules/mavlink/streams/HYGROMETER_SENSOR.hpp:70|baseline/px4/src/modules/mavlink/streams/HYGROMETER_SENSOR.hpp:75,2667,PX4 src production-like C/C++ headers/sources; embedded MAVLink submodule/tests/examples excluded,NOT_RUN_NO_CAPTURE,,XML definition is not implementation support; static references are heuristic and do not prove reachability; no default runtime MAVLink capture was performed.
PX4,command,16,MAV_CMD_NAV_WAYPOINT,development.xml|uAvionix.xml,baseline/px4/src/modules/mavlink/mavlink/message_definitions/v1.0/common.xml,DEFINED_IN_ENTRYPOINT_CLOSURE,STATIC_REFERENCE_FOUND,0,1,0,baseline/px4/src/modules/mavlink/mavlink_mission.cpp:1439,2667,PX4 src production-like C/C++ headers/sources; embedded MAVLink submodule/tests/examples excluded,NOT_RUN_NO_CAPTURE,,XML definition is not implementation support; static references are heuristic and do not prove reachability; no default runtime MAVLink capture was performed.
PX4,command,17,MAV_CMD_NAV_LOITER_UNLIM,development.xml|uAvionix.xml,baseline/px4/src/modules/mavlink/mavlink/message_definitions/v1.0/common.xml,DEFINED_IN_ENTRYPOINT_CLOSURE,STATIC_REFERENCE_FOUND,0,1,0,baseline/px4/src/modules/mavlink/mavlink_mission.cpp:1446,2667,PX4 src production-like C/C++ headers/sources; embedded MAVLink submodule/tests/examples excluded,NOT_RUN_NO_CAPTURE,,XML definition is not implementation support; static references are heuristic and do not prove reachability; no default runtime MAVLink capture was performed.
PX4,command,18,MAV_CMD_NAV_LOITER_TURNS,development.xml|uAvionix.xml,baseline/px4/src/modules/mavlink/mavlink/message_definitions/v1.0/common.xml,DEFINED_IN_ENTRYPOINT_CLOSURE,NO_REFERENCE_FOUND_BY_HEURISTIC_SCAN,0,0,0,,2667,PX4 src production-like C/C++ headers/sources; embedded MAVLink submodule/tests/examples excluded,NOT_RUN_NO_CAPTURE,,XML definition is not implementation support; static references are heuristic and do not prove reachability; no default runtime MAVLink capture was performed.
PX4,command,19,MAV_CMD_NAV_LOITER_TIME,development.xml|uAvionix.xml,baseline/px4/src/modules/mavlink/mavlink/message_definitions/v1.0/common.xml,DEFINED_IN_ENTRYPOINT_CLOSURE,STATIC_REFERENCE_FOUND,0,1,0,baseline/px4/src/modules/mavlink/mavlink_mission.cpp:1452,2667,PX4 src production-like C/C++ headers/sources; embedded MAVLink submodule/tests/examples excluded,NOT_RUN_NO_CAPTURE,,XML definition is not implementation support; static references are heuristic and do not prove reachability; no default runtime MAVLink capture was performed.
PX4,command,20,MAV_CMD_NAV_RETURN_TO_LAUNCH,development.xml|uAvionix.xml,baseline/px4/src/modules/mavlink/mavlink/message_definitions/v1.0/common.xml,DEFINED_IN_ENTRYPOINT_CLOSURE,STATIC_REFERENCE_FOUND,0,1,0,baseline/px4/src/modules/mavlink/mavlink_mission.cpp:1624,2667,PX4 src production-like C/C++ headers/sources; embedded MAVLink submodule/tests/examples excluded,NOT_RUN_NO_CAPTURE,,XML definition is not implementation support; static references are heuristic and do not prove reachability; no default runtime MAVLink capture was performed.
PX4,command,21,MAV_CMD_NAV_LAND,development.xml|uAvionix.xml,baseline/px4/src/modules/mavlink/mavlink/message_definitions/v1.0/common.xml,DEFINED_IN_ENTRYPOINT_CLOSURE,STATIC_REFERENCE_FOUND,0,1,1,baseline/px4/src/modules/mavlink/mavlink_mission.cpp:1169|baseline/px4/src/modules/mavlink/mavlink_mission.cpp:1463,2667,PX4 src production-like C/C++ headers/sources; embedded MAVLink submodule/tests/examples excluded,NOT_RUN_NO_CAPTURE,,XML definition is not implementation support; static references are heuristic and do not prove reachability; no default runtime MAVLink capture was performed.
PX4,command,22,MAV_CMD_NAV_TAKEOFF,development.xml|uAvionix.xml,baseline/px4/src/modules/mavlink/mavlink/message_definitions/v1.0/common.xml,DEFINED_IN_ENTRYPOINT_CLOSURE,STATIC_REFERENCE_FOUND,0,1,0,baseline/px4/src/modules/mavlink/mavlink_mission.cpp:1470,2667,PX4 src production-like C/C++ headers/sources; embedded MAVLink submodule/tests/examples excluded,NOT_RUN_NO_CAPTURE,,XML definition is not implementation support; static references are heuristic and do not prove reachability; no default runtime MAVLink capture was performed.
PX4,command,23,MAV_CMD_NAV_LAND_LOCAL,development.xml|uAvionix.xml,baseline/px4/src/modules/mavlink/mavlink/message_definitions/v1.0/common.xml,DEFINED_IN_ENTRYPOINT_CLOSURE,NO_REFERENCE_FOUND_BY_HEURISTIC_SCAN,0,0,0,,2667,PX4 src production-like C/C++ headers/sources; embedded MAVLink submodule/tests/examples excluded,NOT_RUN_NO_CAPTURE,,XML definition is not implementation support; static references are heuristic and do not prove reachability; no default runtime MAVLink capture was performed.
PX4,command,24,MAV_CMD_NAV_TAKEOFF_LOCAL,development.xml|uAvionix.xml,baseline/px4/src/modules/mavlink/mavlink/message_definitions/v1.0/common.xml,DEFINED_IN_ENTRYPOINT_CLOSURE,NO_REFERENCE_FOUND_BY_HEURISTIC_SCAN,0,0,0,,2667,PX4 src production-like C/C++ headers/sources; embedded MAVLink submodule/tests/examples excluded,NOT_RUN_NO_CAPTURE,,XML definition is not implementation support; static references are heuristic and do not prove reachability; no default runtime MAVLink capture was performed.
PX4,command,25,MAV_CMD_NAV_FOLLOW,development.xml|uAvionix.xml,baseline/px4/src/modules/mavlink/mavlink/message_definitions/v1.0/common.xml,DEFINED_IN_ENTRYPOINT_CLOSURE,NO_REFERENCE_FOUND_BY_HEURISTIC_SCAN,0,0,0,,2667,PX4 src production-like C/C++ headers/sources; embedded MAVLink submodule/tests/examples excluded,NOT_RUN_NO_CAPTURE,,XML definition is not implementation support; static references are heuristic and do not prove reachability; no default runtime MAVLink capture was performed.
PX4,command,30,MAV_CMD_NAV_CONTINUE_AND_CHANGE_ALT,development.xml|uAvionix.xml,baseline/px4/src/modules/mavlink/mavlink/message_definitions/v1.0/common.xml,DEFINED_IN_ENTRYPOINT_CLOSURE,NO_REFERENCE_FOUND_BY_HEURISTIC_SCAN,0,0,0,,2667,PX4 src production-like C/C++ headers/sources; embedded MAVLink submodule/tests/examples excluded,NOT_RUN_NO_CAPTURE,,XML definition is not implementation support; static references are heuristic and do not prove reachability; no default runtime MAVLink capture was performed.
PX4,command,31,MAV_CMD_NAV_LOITER_TO_ALT,development.xml|uAvionix.xml,baseline/px4/src/modules/mavlink/mavlink/message_definitions/v1.0/common.xml,DEFINED_IN_ENTRYPOINT_CLOSURE,STATIC_REFERENCE_FOUND,0,1,0,baseline/px4/src/modules/mavlink/mavlink_mission.cpp:1476,2667,PX4 src production-like C/C++ headers/sources; embedded MAVLink submodule/tests/examples excluded,NOT_RUN_NO_CAPTURE,,XML definition is not implementation support; static references are heuristic and do not prove reachability; no default runtime MAVLink capture was performed.
PX4,command,32,MAV_CMD_DO_FOLLOW,development.xml|uAvionix.xml,baseline/px4/src/modules/mavlink/mavlink/message_definitions/v1.0/common.xml,DEFINED_IN_ENTRYPOINT_CLOSURE,NO_REFERENCE_FOUND_BY_HEURISTIC_SCAN,0,0,0,,2667,PX4 src production-like C/C++ headers/sources; embedded MAVLink submodule/tests/examples excluded,NOT_RUN_NO_CAPTURE,,XML definition is not implementation support; static references are heuristic and do not prove reachability; no default runtime MAVLink capture was performed.
PX4,command,33,MAV_CMD_DO_FOLLOW_REPOSITION,development.xml|uAvionix.xml,baseline/px4/src/modules/mavlink/mavlink/message_definitions/v1.0/common.xml,DEFINED_IN_ENTRYPOINT_CLOSURE,NO_REFERENCE_FOUND_BY_HEURISTIC_SCAN,0,0,0,,2667,PX4 src production-like C/C++ headers/sources; embedded MAVLink submodule/tests/examples excluded,NOT_RUN_NO_CAPTURE,,XML definition is not implementation support; static references are heuristic and do not prove reachability; no default runtime MAVLink capture was performed.
PX4,command,34,MAV_CMD_DO_ORBIT,development.xml|uAvionix.xml,baseline/px4/src/modules/mavlink/mavlink/message_definitions/v1.0/common.xml,DEFINED_IN_ENTRYPOINT_CLOSURE,NO_REFERENCE_FOUND_BY_HEURISTIC_SCAN,0,0,0,,2667,PX4 src production-like C/C++ headers/sources; embedded MAVLink submodule/tests/examples excluded,NOT_RUN_NO_CAPTURE,,XML definition is not implementation support; static references are heuristic and do not prove reachability; no default runtime MAVLink capture was performed.
PX4,command,35,MAV_CMD_DO_FIGURE_EIGHT,development.xml,baseline/px4/src/modules/mavlink/mavlink/message_definitions/v1.0/development.xml,DEFINED_IN_ENTRYPOINT_CLOSURE,NO_REFERENCE_FOUND_BY_HEURISTIC_SCAN,0,0,0,,2667,PX4 src production-like C/C++ headers/sources; embedded MAVLink submodule/tests/examples excluded,NOT_RUN_NO_CAPTURE,,XML definition is not implementation support; static references are heuristic and do not prove reachability; no default runtime MAVLink capture was performed.
PX4,command,80,MAV_CMD_NAV_ROI,development.xml|uAvionix.xml,baseline/px4/src/modules/mavlink/mavlink/message_definitions/v1.0/common.xml,DEFINED_IN_ENTRYPOINT_CLOSURE,STATIC_REFERENCE_FOUND,0,2,0,baseline/px4/src/modules/mavlink/mavlink_mission.cpp:1483|baseline/px4/src/modules/mavlink/mavlink_mission.cpp:1583,2667,PX4 src production-like C/C++ headers/sources; embedded MAVLink submodule/tests/examples excluded,NOT_RUN_NO_CAPTURE,,XML definition is not implementation support; static references are heuristic and do not prove reachability; no default runtime MAVLink capture was performed.
PX4,command,81,MAV_CMD_NAV_PATHPLANNING,development.xml|uAvionix.xml,baseline/px4/src/modules/mavlink/mavlink/message_definitions/v1.0/common.xml,DEFINED_IN_ENTRYPOINT_CLOSURE,NO_REFERENCE_FOUND_BY_HEURISTIC_SCAN,0,0,0,,2667,PX4 src production-like C/C++ headers/sources; embedded MAVLink submodule/tests/examples excluded,NOT_RUN_NO_CAPTURE,,XML definition is not implementation support; static references are heuristic and do not prove reachability; no default runtime MAVLink capture was performed.
PX4,command,82,MAV_CMD_NAV_SPLINE_WAYPOINT,development.xml|uAvionix.xml,baseline/px4/src/modules/mavlink/mavlink/message_definitions/v1.0/common.xml,DEFINED_IN_ENTRYPOINT_CLOSURE,NO_REFERENCE_FOUND_BY_HEURISTIC_SCAN,0,0,0,,2667,PX4 src production-like C/C++ headers/sources; embedded MAVLink submodule/tests/examples excluded,NOT_RUN_NO_CAPTURE,,XML definition is not implementation support; static references are heuristic and do not prove reachability; no default runtime MAVLink capture was performed.
PX4,command,84,MAV_CMD_NAV_VTOL_TAKEOFF,development.xml|uAvionix.xml,baseline/px4/src/modules/mavlink/mavlink/message_definitions/v1.0/common.xml,DEFINED_IN_ENTRYPOINT_CLOSURE,STATIC_REFERENCE_FOUND,0,2,0,baseline/px4/src/modules/mavlink/mavlink_mission.cpp:1506|baseline/px4/src/modules/mavlink/mavlink_mission.cpp:1804,2667,PX4 src production-like C/C++ headers/sources; embedded MAVLink submodule/tests/examples excluded,NOT_RUN_NO_CAPTURE,,XML definition is not implementation support; static references are heuristic and do not prove reachability; no default runtime MAVLink capture was performed.
PX4,command,85,MAV_CMD_NAV_VTOL_LAND,development.xml|uAvionix.xml,baseline/px4/src/modules/mavlink/mavlink/message_definitions/v1.0/common.xml,DEFINED_IN_ENTRYPOINT_CLOSURE,STATIC_REFERENCE_FOUND,0,2,1,baseline/px4/src/modules/mavlink/mavlink_mission.cpp:1169|baseline/px4/src/modules/mavlink/mavlink_mission.cpp:1507|baseline/px4/src/modules/mavlink/mavlink_mission.cpp:1805,2667,PX4 src production-like C/C++ headers/sources; embedded MAVLink submodule/tests/examples excluded,NOT_RUN_NO_CAPTURE,,XML definition is not implementation support; static references are heuristic and do not prove reachability; no default runtime MAVLink capture was performed.
PX4,command,92,MAV_CMD_NAV_GUIDED_ENABLE,development.xml|uAvionix.xml,baseline/px4/src/modules/mavlink/mavlink/message_definitions/v1.0/common.xml,DEFINED_IN_ENTRYPOINT_CLOSURE,NO_REFERENCE_FOUND_BY_HEURISTIC_SCAN,0,0,0,,2667,PX4 src production-like C/C++ headers/sources; embedded MAVLink submodule/tests/examples excluded,NOT_RUN_NO_CAPTURE,,XML definition is not implementation support; static references are heuristic and do not prove reachability; no default runtime MAVLink capture was performed.
PX4,command,93,MAV_CMD_NAV_DELAY,development.xml|uAvionix.xml,baseline/px4/src/modules/mavlink/mavlink/message_definitions/v1.0/common.xml,DEFINED_IN_ENTRYPOINT_CLOSURE,STATIC_REFERENCE_FOUND,0,1,0,baseline/px4/src/modules/mavlink/mavlink_mission.cpp:1623,2667,PX4 src production-like C/C++ headers/sources; embedded MAVLink submodule/tests/examples excluded,NOT_RUN_NO_CAPTURE,,XML definition is not implementation support; static references are heuristic and do not prove reachability; no default runtime MAVLink capture was performed.
PX4,command,94,MAV_CMD_NAV_PAYLOAD_PLACE,development.xml|uAvionix.xml,baseline/px4/src/modules/mavlink/mavlink/message_definitions/v1.0/common.xml,DEFINED_IN_ENTRYPOINT_CLOSURE,NO_REFERENCE_FOUND_BY_HEURISTIC_SCAN,0,0,0,,2667,PX4 src production-like C/C++ headers/sources; embedded MAVLink submodule/tests/examples excluded,NOT_RUN_NO_CAPTURE,,XML definition is not implementation support; static references are heuristic and do not prove reachability; no default runtime MAVLink capture was performed.
PX4,command,95,MAV_CMD_NAV_LAST,development.xml|uAvionix.xml,baseline/px4/src/modules/mavlink/mavlink/message_definitions/v1.0/common.xml,DEFINED_IN_ENTRYPOINT_CLOSURE,NO_REFERENCE_FOUND_BY_HEURISTIC_SCAN,0,0,0,,2667,PX4 src production-like C/C++ headers/sources; embedded MAVLink submodule/tests/examples excluded,NOT_RUN_NO_CAPTURE,,XML definition is not implementation support; static references are heuristic and do not prove reachability; no default runtime MAVLink capture was performed.
PX4,command,112,MAV_CMD_CONDITION_DELAY,development.xml|uAvionix.xml,baseline/px4/src/modules/mavlink/mavlink/message_definitions/v1.0/common.xml,DEFINED_IN_ENTRYPOINT_CLOSURE,STATIC_REFERENCE_FOUND,0,1,0,baseline/px4/src/modules/mavlink/mavlink_mission.cpp:1627,2667,PX4 src production-like C/C++ headers/sources; embedded MAVLink submodule/tests/examples excluded,NOT_RUN_NO_CAPTURE,,XML definition is not implementation support; static references are heuristic and do not prove reachability; no default runtime MAVLink capture was performed.
PX4,command,113,MAV_CMD_CONDITION_CHANGE_ALT,development.xml|uAvionix.xml,baseline/px4/src/modules/mavlink/mavlink/message_definitions/v1.0/common.xml,DEFINED_IN_ENTRYPOINT_CLOSURE,NO_REFERENCE_FOUND_BY_HEURISTIC_SCAN,0,0,0,,2667,PX4 src production-like C/C++ headers/sources; embedded MAVLink submodule/tests/examples excluded,NOT_RUN_NO_CAPTURE,,XML definition is not implementation support; static references are heuristic and do not prove reachability; no default runtime MAVLink capture was performed.
PX4,command,114,MAV_CMD_CONDITION_DISTANCE,development.xml|uAvionix.xml,baseline/px4/src/modules/mavlink/mavlink/message_definitions/v1.0/common.xml,DEFINED_IN_ENTRYPOINT_CLOSURE,STATIC_REFERENCE_FOUND,0,1,0,baseline/px4/src/modules/mavlink/mavlink_mission.cpp:1628,2667,PX4 src production-like C/C++ headers/sources; embedded MAVLink submodule/tests/examples excluded,NOT_RUN_NO_CAPTURE,,XML definition is not implementation support; static references are heuristic and do not prove reachability; no default runtime MAVLink capture was performed.
PX4,command,115,MAV_CMD_CONDITION_YAW,development.xml|uAvionix.xml,baseline/px4/src/modules/mavlink/mavlink/message_definitions/v1.0/common.xml,DEFINED_IN_ENTRYPOINT_CLOSURE,NO_REFERENCE_FOUND_BY_HEURISTIC_SCAN,0,0,0,,2667,PX4 src production-like C/C++ headers/sources; embedded MAVLink submodule/tests/examples excluded,NOT_RUN_NO_CAPTURE,,XML definition is not implementation support; static references are heuristic and do not prove reachability; no default runtime MAVLink capture was performed.
PX4,command,159,MAV_CMD_CONDITION_LAST,development.xml|uAvionix.xml,baseline/px4/src/modules/mavlink/mavlink/message_definitions/v1.0/common.xml,DEFINED_IN_ENTRYPOINT_CLOSURE,NO_REFERENCE_FOUND_BY_HEURISTIC_SCAN,0,0,0,,2667,PX4 src production-like C/C++ headers/sources; embedded MAVLink submodule/tests/examples excluded,NOT_RUN_NO_CAPTURE,,XML definition is not implementation support; static references are heuristic and do not prove reachability; no default runtime MAVLink capture was performed.
PX4,command,176,MAV_CMD_DO_SET_MODE,development.xml|uAvionix.xml,baseline/px4/src/modules/mavlink/mavlink/message_definitions/v1.0/common.xml,DEFINED_IN_ENTRYPOINT_CLOSURE,STATIC_REFERENCE_FOUND,1,0,1,baseline/px4/src/modules/commander/Commander.cpp:85|baseline/px4/src/modules/mavlink/mavlink_receiver.cpp:616,2667,PX4 src production-like C/C++ headers/sources; embedded MAVLink submodule/tests/examples excluded,NOT_RUN_NO_CAPTURE,,XML definition is not implementation support; static references are heuristic and do not prove reachability; no default runtime MAVLink capture was performed.
PX4,command,177,MAV_CMD_DO_JUMP,development.xml|uAvionix.xml,baseline/px4/src/modules/mavlink/mavlink/message_definitions/v1.0/common.xml,DEFINED_IN_ENTRYPOINT_CLOSURE,STATIC_REFERENCE_FOUND,0,1,0,baseline/px4/src/modules/mavlink/mavlink_mission.cpp:1576,2667,PX4 src production-like C/C++ headers/sources; embedded MAVLink submodule/tests/examples excluded,NOT_RUN_NO_CAPTURE,,XML definition is not implementation support; static references are heuristic and do not prove reachability; no default runtime MAVLink capture was performed.
PX4,command,178,MAV_CMD_DO_CHANGE_SPEED,development.xml|uAvionix.xml,baseline/px4/src/modules/mavlink/mavlink/message_definitions/v1.0/common.xml,DEFINED_IN_ENTRYPOINT_CLOSURE,STATIC_REFERENCE_FOUND,0,1,0,baseline/px4/src/modules/mavlink/mavlink_mission.cpp:1602,2667,PX4 src production-like C/C++ headers/sources; embedded MAVLink submodule/tests/examples excluded,NOT_RUN_NO_CAPTURE,,XML definition is not implementation support; static references are heuristic and do not prove reachability; no default runtime MAVLink capture was performed.
PX4,command,179,MAV_CMD_DO_SET_HOME,development.xml|uAvionix.xml,baseline/px4/src/modules/mavlink/mavlink/message_definitions/v1.0/common.xml,DEFINED_IN_ENTRYPOINT_CLOSURE,STATIC_REFERENCE_FOUND,0,1,0,baseline/px4/src/modules/mavlink/mavlink_mission.cpp:1603,2667,PX4 src production-like C/C++ headers/sources; embedded MAVLink submodule/tests/examples excluded,NOT_RUN_NO_CAPTURE,,XML definition is not implementation support; static references are heuristic and do not prove reachability; no default runtime MAVLink capture was performed.
PX4,command,180,MAV_CMD_DO_SET_PARAMETER,development.xml|uAvionix.xml,baseline/px4/src/modules/mavlink/mavlink/message_definitions/v1.0/common.xml,DEFINED_IN_ENTRYPOINT_CLOSURE,NO_REFERENCE_FOUND_BY_HEURISTIC_SCAN,0,0,0,,2667,PX4 src production-like C/C++ headers/sources; embedded MAVLink submodule/tests/examples excluded,NOT_RUN_NO_CAPTURE,,XML definition is not implementation support; static references are heuristic and do not prove reachability; no default runtime MAVLink capture was performed.
PX4,command,181,MAV_CMD_DO_SET_RELAY,development.xml|uAvionix.xml,baseline/px4/src/modules/mavlink/mavlink/message_definitions/v1.0/common.xml,DEFINED_IN_ENTRYPOINT_CLOSURE,NO_REFERENCE_FOUND_BY_HEURISTIC_SCAN,0,0,0,,2667,PX4 src production-like C/C++ headers/sources; embedded MAVLink submodule/tests/examples excluded,NOT_RUN_NO_CAPTURE,,XML definition is not implementation support; static references are heuristic and do not prove reachability; no default runtime MAVLink capture was performed.
PX4,command,182,MAV_CMD_DO_REPEAT_RELAY,development.xml|uAvionix.xml,baseline/px4/src/modules/mavlink/mavlink/message_definitions/v1.0/common.xml,DEFINED_IN_ENTRYPOINT_CLOSURE,NO_REFERENCE_FOUND_BY_HEURISTIC_SCAN,0,0,0,,2667,PX4 src production-like C/C++ headers/sources; embedded MAVLink submodule/tests/examples excluded,NOT_RUN_NO_CAPTURE,,XML definition is not implementation support; static references are heuristic and do not prove reachability; no default runtime MAVLink capture was performed.
PX4,command,183,MAV_CMD_DO_SET_SERVO,development.xml|uAvionix.xml,baseline/px4/src/modules/mavlink/mavlink/message_definitions/v1.0/common.xml,DEFINED_IN_ENTRYPOINT_CLOSURE,NO_REFERENCE_FOUND_BY_HEURISTIC_SCAN,0,0,0,,2667,PX4 src production-like C/C++ headers/sources; embedded MAVLink submodule/tests/examples excluded,NOT_RUN_NO_CAPTURE,,XML definition is not implementation support; static references are heuristic and do not prove reachability; no default runtime MAVLink capture was performed.
PX4,command,184,MAV_CMD_DO_REPEAT_SERVO,development.xml|uAvionix.xml,baseline/px4/src/modules/mavlink/mavlink/message_definitions/v1.0/common.xml,DEFINED_IN_ENTRYPOINT_CLOSURE,NO_REFERENCE_FOUND_BY_HEURISTIC_SCAN,0,0,0,,2667,PX4 src production-like C/C++ headers/sources; embedded MAVLink submodule/tests/examples excluded,NOT_RUN_NO_CAPTURE,,XML definition is not implementation support; static references are heuristic and do not prove reachability; no default runtime MAVLink capture was performed.
PX4,command,185,MAV_CMD_DO_FLIGHTTERMINATION,development.xml|uAvionix.xml,baseline/px4/src/modules/mavlink/mavlink/message_definitions/v1.0/common.xml,DEFINED_IN_ENTRYPOINT_CLOSURE,NO_REFERENCE_FOUND_BY_HEURISTIC_SCAN,0,0,0,,2667,PX4 src production-like C/C++ headers/sources; embedded MAVLink submodule/tests/examples excluded,NOT_RUN_NO_CAPTURE,,XML definition is not implementation support; static references are heuristic and do not prove reachability; no default runtime MAVLink capture was performed.
PX4,command,186,MAV_CMD_DO_CHANGE_ALTITUDE,development.xml|uAvionix.xml,baseline/px4/src/modules/mavlink/mavlink/message_definitions/v1.0/common.xml,DEFINED_IN_ENTRYPOINT_CLOSURE,NO_REFERENCE_FOUND_BY_HEURISTIC_SCAN,0,0,0,,2667,PX4 src production-like C/C++ headers/sources; embedded MAVLink submodule/tests/examples excluded,NOT_RUN_NO_CAPTURE,,XML definition is not implementation support; static references are heuristic and do not prove reachability; no default runtime MAVLink capture was performed.
PX4,command,187,MAV_CMD_DO_SET_ACTUATOR,development.xml|uAvionix.xml,baseline/px4/src/modules/mavlink/mavlink/message_definitions/v1.0/common.xml,DEFINED_IN_ENTRYPOINT_CLOSURE,STATIC_REFERENCE_FOUND,0,1,0,baseline/px4/src/modules/mavlink/mavlink_mission.cpp:1629,2667,PX4 src production-like C/C++ headers/sources; embedded MAVLink submodule/tests/examples excluded,NOT_RUN_NO_CAPTURE,,XML definition is not implementation support; static references are heuristic and do not prove reachability; no default runtime MAVLink capture was performed.
PX4,command,188,MAV_CMD_DO_RETURN_PATH_START,development.xml|uAvionix.xml,baseline/px4/src/modules/mavlink/mavlink/message_definitions/v1.0/common.xml,DEFINED_IN_ENTRYPOINT_CLOSURE,NO_REFERENCE_FOUND_BY_HEURISTIC_SCAN,0,0,0,,2667,PX4 src production-like C/C++ headers/sources; embedded MAVLink submodule/tests/examples excluded,NOT_RUN_NO_CAPTURE,,XML definition is not implementation support; static references are heuristic and do not prove reachability; no default runtime MAVLink capture was performed.
PX4,command,189,MAV_CMD_DO_LAND_START,development.xml|uAvionix.xml,baseline/px4/src/modules/mavlink/mavlink/message_definitions/v1.0/common.xml,DEFINED_IN_ENTRYPOINT_CLOSURE,STATIC_REFERENCE_FOUND,0,1,1,baseline/px4/src/modules/mavlink/mavlink_mission.cpp:1164|baseline/px4/src/modules/mavlink/mavlink_mission.cpp:1604,2667,PX4 src production-like C/C++ headers/sources; embedded MAVLink submodule/tests/examples excluded,NOT_RUN_NO_CAPTURE,,XML definition is not implementation support; static references are heuristic and do not prove reachability; no default runtime MAVLink capture was performed.
PX4,command,190,MAV_CMD_DO_RALLY_LAND,development.xml|uAvionix.xml,baseline/px4/src/modules/mavlink/mavlink/message_definitions/v1.0/common.xml,DEFINED_IN_ENTRYPOINT_CLOSURE,NO_REFERENCE_FOUND_BY_HEURISTIC_SCAN,0,0,0,,2667,PX4 src production-like C/C++ headers/sources; embedded MAVLink submodule/tests/examples excluded,NOT_RUN_NO_CAPTURE,,XML definition is not implementation support; static references are heuristic and do not prove reachability; no default runtime MAVLink capture was performed.
PX4,command,191,MAV_CMD_DO_GO_AROUND,development.xml|uAvionix.xml,baseline/px4/src/modules/mavlink/mavlink/message_definitions/v1.0/common.xml,DEFINED_IN_ENTRYPOINT_CLOSURE,NO_REFERENCE_FOUND_BY_HEURISTIC_SCAN,0,0,0,,2667,PX4 src production-like C/C++ headers/sources; embedded MAVLink submodule/tests/examples excluded,NOT_RUN_NO_CAPTURE,,XML definition is not implementation support; static references are heuristic and do not prove reachability; no default runtime MAVLink capture was performed.
PX4,command,192,MAV_CMD_DO_REPOSITION,development.xml|uAvionix.xml,baseline/px4/src/modules/mavlink/mavlink/message_definitions/v1.0/common.xml,DEFINED_IN_ENTRYPOINT_CLOSURE,NO_REFERENCE_FOUND_BY_HEURISTIC_SCAN,0,0,0,,2667,PX4 src production-like C/C++ headers/sources; embedded MAVLink submodule/tests/examples excluded,NOT_RUN_NO_CAPTURE,,XML definition is not implementation support; static references are heuristic and do not prove reachability; no default runtime MAVLink capture was performed.
PX4,command,193,MAV_CMD_DO_PAUSE_CONTINUE,development.xml|uAvionix.xml,baseline/px4/src/modules/mavlink/mavlink/message_definitions/v1.0/common.xml,DEFINED_IN_ENTRYPOINT_CLOSURE,NO_REFERENCE_FOUND_BY_HEURISTIC_SCAN,0,0,0,,2667,PX4 src production-like C/C++ headers/sources; embedded MAVLink submodule/tests/examples excluded,NOT_RUN_NO_CAPTURE,,XML definition is not implementation support; static references are heuristic and do not prove reachability; no default runtime MAVLink capture was performed.
PX4,command,194,MAV_CMD_DO_SET_REVERSE,development.xml|uAvionix.xml,baseline/px4/src/modules/mavlink/mavlink/message_definitions/v1.0/common.xml,DEFINED_IN_ENTRYPOINT_CLOSURE,NO_REFERENCE_FOUND_BY_HEURISTIC_SCAN,0,0,0,,2667,PX4 src production-like C/C++ headers/sources; embedded MAVLink submodule/tests/examples excluded,NOT_RUN_NO_CAPTURE,,XML definition is not implementation support; static references are heuristic and do not prove reachability; no default runtime MAVLink capture was performed.
PX4,command,195,MAV_CMD_DO_SET_ROI_LOCATION,development.xml|uAvionix.xml,baseline/px4/src/modules/mavlink/mavlink/message_definitions/v1.0/common.xml,DEFINED_IN_ENTRYPOINT_CLOSURE,STATIC_REFERENCE_FOUND,0,1,0,baseline/px4/src/modules/mavlink/mavlink_mission.cpp:1501,2667,PX4 src production-like C/C++ headers/sources; embedded MAVLink submodule/tests/examples excluded,NOT_RUN_NO_CAPTURE,,XML definition is not implementation support; static references are heuristic and do not prove reachability; no default runtime MAVLink capture was performed.
PX4,command,196,MAV_CMD_DO_SET_ROI_WPNEXT_OFFSET,development.xml|uAvionix.xml,baseline/px4/src/modules/mavlink/mavlink/message_definitions/v1.0/common.xml,DEFINED_IN_ENTRYPOINT_CLOSURE,STATIC_REFERENCE_FOUND,0,1,0,baseline/px4/src/modules/mavlink/mavlink_mission.cpp:1625,2667,PX4 src production-like C/C++ headers/sources; embedded MAVLink submodule/tests/examples excluded,NOT_RUN_NO_CAPTURE,,XML definition is not implementation support; static references are heuristic and do not prove reachability; no default runtime MAVLink capture was performed.
PX4,command,197,MAV_CMD_DO_SET_ROI_NONE,development.xml|uAvionix.xml,baseline/px4/src/modules/mavlink/mavlink/message_definitions/v1.0/common.xml,DEFINED_IN_ENTRYPOINT_CLOSURE,STATIC_REFERENCE_FOUND,0,1,0,baseline/px4/src/modules/mavlink/mavlink_mission.cpp:1626,2667,PX4 src production-like C/C++ headers/sources; embedded MAVLink submodule/tests/examples excluded,NOT_RUN_NO_CAPTURE,,XML definition is not implementation support; static references are heuristic and do not prove reachability; no default runtime MAVLink capture was performed.
PX4,command,198,MAV_CMD_DO_SET_ROI_SYSID,development.xml|uAvionix.xml,baseline/px4/src/modules/mavlink/mavlink/message_definitions/v1.0/common.xml,DEFINED_IN_ENTRYPOINT_CLOSURE,NO_REFERENCE_FOUND_BY_HEURISTIC_SCAN,0,0,0,,2667,PX4 src production-like C/C++ headers/sources; embedded MAVLink submodule/tests/examples excluded,NOT_RUN_NO_CAPTURE,,XML definition is not implementation support; static references are heuristic and do not prove reachability; no default runtime MAVLink capture was performed.
PX4,command,200,MAV_CMD_DO_CONTROL_VIDEO,development.xml|uAvionix.xml,baseline/px4/src/modules/mavlink/mavlink/message_definitions/v1.0/common.xml,DEFINED_IN_ENTRYPOINT_CLOSURE,STATIC_REFERENCE_FOUND,0,1,0,baseline/px4/src/modules/mavlink/mavlink_mission.cpp:1616,2667,PX4 src production-like C/C++ headers/sources; embedded MAVLink submodule/tests/examples excluded,NOT_RUN_NO_CAPTURE,,XML definition is not implementation support; static references are heuristic and do not prove reachability; no default runtime MAVLink capture was performed.
PX4,command,201,MAV_CMD_DO_SET_ROI,development.xml|uAvionix.xml,baseline/px4/src/modules/mavlink/mavlink/message_definitions/v1.0/common.xml,DEFINED_IN_ENTRYPOINT_CLOSURE,STATIC_REFERENCE_FOUND,0,2,0,baseline/px4/src/modules/mavlink/mavlink_mission.cpp:1484|baseline/px4/src/modules/mavlink/mavlink_mission.cpp:1584,2667,PX4 src production-like C/C++ headers/sources; embedded MAVLink submodule/tests/examples excluded,NOT_RUN_NO_CAPTURE,,XML definition is not implementation support; static references are heuristic and do not prove reachability; no default runtime MAVLink capture was performed.
PX4,command,202,MAV_CMD_DO_DIGICAM_CONFIGURE,development.xml|uAvionix.xml,baseline/px4/src/modules/mavlink/mavlink/message_definitions/v1.0/common.xml,DEFINED_IN_ENTRYPOINT_CLOSURE,NO_REFERENCE_FOUND_BY_HEURISTIC_SCAN,0,0,0,,2667,PX4 src production-like C/C++ headers/sources; embedded MAVLink submodule/tests/examples excluded,NOT_RUN_NO_CAPTURE,,XML definition is not implementation support; static references are heuristic and do not prove reachability; no default runtime MAVLink capture was performed.
PX4,command,203,MAV_CMD_DO_DIGICAM_CONTROL,development.xml|uAvionix.xml,baseline/px4/src/modules/mavlink/mavlink/message_definitions/v1.0/common.xml,DEFINED_IN_ENTRYPOINT_CLOSURE,STATIC_REFERENCE_FOUND,1,1,2,baseline/px4/src/drivers/camera_trigger/camera_trigger.cpp:940|baseline/px4/src/modules/mavlink/mavlink_mission.cpp:1606|baseline/px4/src/modules/mavlink/streams/CAMERA_TRIGGER.hpp:114|baseline/px4/src/modules/mavlink/streams/CAMERA_TRIGGER.hpp:57,2667,PX4 src production-like C/C++ headers/sources; embedded MAVLink submodule/tests/examples excluded,NOT_RUN_NO_CAPTURE,,XML definition is not implementation support; static references are heuristic and do not prove reachability; no default runtime MAVLink capture was performed.
PX4,command,204,MAV_CMD_DO_MOUNT_CONFIGURE,development.xml|uAvionix.xml,baseline/px4/src/modules/mavlink/mavlink/message_definitions/v1.0/common.xml,DEFINED_IN_ENTRYPOINT_CLOSURE,STATIC_REFERENCE_FOUND,0,1,0,baseline/px4/src/modules/mavlink/mavlink_mission.cpp:1607,2667,PX4 src production-like C/C++ headers/sources; embedded MAVLink submodule/tests/examples excluded,NOT_RUN_NO_CAPTURE,,XML definition is not implementation support; static references are heuristic and do not prove reachability; no default runtime MAVLink capture was performed.
PX4,command,205,MAV_CMD_DO_MOUNT_CONTROL,development.xml|uAvionix.xml,baseline/px4/src/modules/mavlink/mavlink/message_definitions/v1.0/common.xml,DEFINED_IN_ENTRYPOINT_CLOSURE,STATIC_REFERENCE_FOUND,0,1,0,baseline/px4/src/modules/mavlink/mavlink_mission.cpp:1608,2667,PX4 src production-like C/C++ headers/sources; embedded MAVLink submodule/tests/examples excluded,NOT_RUN_NO_CAPTURE,,XML definition is not implementation support; static references are heuristic and do not prove reachability; no default runtime MAVLink capture was performed.
PX4,command,206,MAV_CMD_DO_SET_CAM_TRIGG_DIST,development.xml|uAvionix.xml,baseline/px4/src/modules/mavlink/mavlink/message_definitions/v1.0/common.xml,DEFINED_IN_ENTRYPOINT_CLOSURE,STATIC_REFERENCE_FOUND,0,1,1,baseline/px4/src/drivers/camera_trigger/camera_trigger.cpp:941|baseline/px4/src/modules/mavlink/mavlink_mission.cpp:1617,2667,PX4 src production-like C/C++ headers/sources; embedded MAVLink submodule/tests/examples excluded,NOT_RUN_NO_CAPTURE,,XML definition is not implementation support; static references are heuristic and do not prove reachability; no default runtime MAVLink capture was performed.
PX4,command,207,MAV_CMD_DO_FENCE_ENABLE,development.xml|uAvionix.xml,baseline/px4/src/modules/mavlink/mavlink/message_definitions/v1.0/common.xml,DEFINED_IN_ENTRYPOINT_CLOSURE,NO_REFERENCE_FOUND_BY_HEURISTIC_SCAN,0,0,0,,2667,PX4 src production-like C/C++ headers/sources; embedded MAVLink submodule/tests/examples excluded,NOT_RUN_NO_CAPTURE,,XML definition is not implementation support; static references are heuristic and do not prove reachability; no default runtime MAVLink capture was performed.
PX4,command,208,MAV_CMD_DO_PARACHUTE,development.xml|uAvionix.xml,baseline/px4/src/modules/mavlink/mavlink/message_definitions/v1.0/common.xml,DEFINED_IN_ENTRYPOINT_CLOSURE,NO_REFERENCE_FOUND_BY_HEURISTIC_SCAN,0,0,0,,2667,PX4 src production-like C/C++ headers/sources; embedded MAVLink submodule/tests/examples excluded,NOT_RUN_NO_CAPTURE,,XML definition is not implementation support; static references are heuristic and do not prove reachability; no default runtime MAVLink capture was performed.
PX4,command,209,MAV_CMD_DO_MOTOR_TEST,development.xml|uAvionix.xml,baseline/px4/src/modules/mavlink/mavlink/message_definitions/v1.0/common.xml,DEFINED_IN_ENTRYPOINT_CLOSURE,NO_REFERENCE_FOUND_BY_HEURISTIC_SCAN,0,0,0,,2667,PX4 src production-like C/C++ headers/sources; embedded MAVLink submodule/tests/examples excluded,NOT_RUN_NO_CAPTURE,,XML definition is not implementation support; static references are heuristic and do not prove reachability; no default runtime MAVLink capture was performed.
PX4,command,210,MAV_CMD_DO_INVERTED_FLIGHT,development.xml|uAvionix.xml,baseline/px4/src/modules/mavlink/mavlink/message_definitions/v1.0/common.xml,DEFINED_IN_ENTRYPOINT_CLOSURE,NO_REFERENCE_FOUND_BY_HEURISTIC_SCAN,0,0,0,,2667,PX4 src production-like C/C++ headers/sources; embedded MAVLink submodule/tests/examples excluded,NOT_RUN_NO_CAPTURE,,XML definition is not implementation support; static references are heuristic and do not prove reachability; no default runtime MAVLink capture was performed.
PX4,command,211,MAV_CMD_DO_GRIPPER,development.xml|uAvionix.xml,baseline/px4/src/modules/mavlink/mavlink/message_definitions/v1.0/common.xml,DEFINED_IN_ENTRYPOINT_CLOSURE,STATIC_REFERENCE_FOUND,0,1,0,baseline/px4/src/modules/mavlink/mavlink_mission.cpp:1597,2667,PX4 src production-like C/C++ headers/sources; embedded MAVLink submodule/tests/examples excluded,NOT_RUN_NO_CAPTURE,,XML definition is not implementation support; static references are heuristic and do not prove reachability; no default runtime MAVLink capture was performed.
PX4,command,212,MAV_CMD_DO_AUTOTUNE_ENABLE,development.xml|uAvionix.xml,baseline/px4/src/modules/mavlink/mavlink/message_definitions/v1.0/common.xml,DEFINED_IN_ENTRYPOINT_CLOSURE,STATIC_REFERENCE_FOUND,1,0,0,baseline/px4/src/modules/mavlink/mavlink_receiver.cpp:619,2667,PX4 src production-like C/C++ headers/sources; embedded MAVLink submodule/tests/examples excluded,NOT_RUN_NO_CAPTURE,,XML definition is not implementation support; static references are heuristic and do not prove reachability; no default runtime MAVLink capture was performed.
PX4,command,213,MAV_CMD_NAV_SET_YAW_SPEED,development.xml|uAvionix.xml,baseline/px4/src/modules/mavlink/mavlink/message_definitions/v1.0/common.xml,DEFINED_IN_ENTRYPOINT_CLOSURE,NO_REFERENCE_FOUND_BY_HEURISTIC_SCAN,0,0,0,,2667,PX4 src production-like C/C++ headers/sources; embedded MAVLink submodule/tests/examples excluded,NOT_RUN_NO_CAPTURE,,XML definition is not implementation support; static references are heuristic and do not prove reachability; no default runtime MAVLink capture was performed.
PX4,command,214,MAV_CMD_DO_SET_CAM_TRIGG_INTERVAL,development.xml|uAvionix.xml,baseline/px4/src/modules/mavlink/mavlink/message_definitions/v1.0/common.xml,DEFINED_IN_ENTRYPOINT_CLOSURE,STATIC_REFERENCE_FOUND,0,1,0,baseline/px4/src/modules/mavlink/mavlink_mission.cpp:1619,2667,PX4 src production-like C/C++ headers/sources; embedded MAVLink submodule/tests/examples excluded,NOT_RUN_NO_CAPTURE,,XML definition is not implementation support; static references are heuristic and do not prove reachability; no default runtime MAVLink capture was performed.
PX4,command,220,MAV_CMD_DO_MOUNT_CONTROL_QUAT,development.xml|uAvionix.xml,baseline/px4/src/modules/mavlink/mavlink/message_definitions/v1.0/common.xml,DEFINED_IN_ENTRYPOINT_CLOSURE,NO_REFERENCE_FOUND_BY_HEURISTIC_SCAN,0,0,0,,2667,PX4 src production-like C/C++ headers/sources; embedded MAVLink submodule/tests/examples excluded,NOT_RUN_NO_CAPTURE,,XML definition is not implementation support; static references are heuristic and do not prove reachability; no default runtime MAVLink capture was performed.
PX4,command,221,MAV_CMD_DO_GUIDED_MASTER,development.xml|uAvionix.xml,baseline/px4/src/modules/mavlink/mavlink/message_definitions/v1.0/common.xml,DEFINED_IN_ENTRYPOINT_CLOSURE,NO_REFERENCE_FOUND_BY_HEURISTIC_SCAN,0,0,0,,2667,PX4 src production-like C/C++ headers/sources; embedded MAVLink submodule/tests/examples excluded,NOT_RUN_NO_CAPTURE,,XML definition is not implementation support; static references are heuristic and do not prove reachability; no default runtime MAVLink capture was performed.
PX4,command,222,MAV_CMD_DO_GUIDED_LIMITS,development.xml|uAvionix.xml,baseline/px4/src/modules/mavlink/mavlink/message_definitions/v1.0/common.xml,DEFINED_IN_ENTRYPOINT_CLOSURE,NO_REFERENCE_FOUND_BY_HEURISTIC_SCAN,0,0,0,,2667,PX4 src production-like C/C++ headers/sources; embedded MAVLink submodule/tests/examples excluded,NOT_RUN_NO_CAPTURE,,XML definition is not implementation support; static references are heuristic and do not prove reachability; no default runtime MAVLink capture was performed.
PX4,command,223,MAV_CMD_DO_ENGINE_CONTROL,development.xml|uAvionix.xml,baseline/px4/src/modules/mavlink/mavlink/message_definitions/v1.0/common.xml,DEFINED_IN_ENTRYPOINT_CLOSURE,NO_REFERENCE_FOUND_BY_HEURISTIC_SCAN,0,0,0,,2667,PX4 src production-like C/C++ headers/sources; embedded MAVLink submodule/tests/examples excluded,NOT_RUN_NO_CAPTURE,,XML definition is not implementation support; static references are heuristic and do not prove reachability; no default runtime MAVLink capture was performed.
PX4,command,224,MAV_CMD_DO_SET_MISSION_CURRENT,development.xml|uAvionix.xml,baseline/px4/src/modules/mavlink/mavlink/message_definitions/v1.0/common.xml,DEFINED_IN_ENTRYPOINT_CLOSURE,NO_REFERENCE_FOUND_BY_HEURISTIC_SCAN,0,0,0,,2667,PX4 src production-like C/C++ headers/sources; embedded MAVLink submodule/tests/examples excluded,NOT_RUN_NO_CAPTURE,,XML definition is not implementation support; static references are heuristic and do not prove reachability; no default runtime MAVLink capture was performed.
PX4,command,240,MAV_CMD_DO_LAST,development.xml|uAvionix.xml,baseline/px4/src/modules/mavlink/mavlink/message_definitions/v1.0/common.xml,DEFINED_IN_ENTRYPOINT_CLOSURE,NO_REFERENCE_FOUND_BY_HEURISTIC_SCAN,0,0,0,,2667,PX4 src production-like C/C++ headers/sources; embedded MAVLink submodule/tests/examples excluded,NOT_RUN_NO_CAPTURE,,XML definition is not implementation support; static references are heuristic and do not prove reachability; no default runtime MAVLink capture was performed.
PX4,command,241,MAV_CMD_PREFLIGHT_CALIBRATION,development.xml|uAvionix.xml,baseline/px4/src/modules/mavlink/mavlink/message_definitions/v1.0/common.xml,DEFINED_IN_ENTRYPOINT_CLOSURE,NO_REFERENCE_FOUND_BY_HEURISTIC_SCAN,0,0,0,,2667,PX4 src production-like C/C++ headers/sources; embedded MAVLink submodule/tests/examples excluded,NOT_RUN_NO_CAPTURE,,XML definition is not implementation support; static references are heuristic and do not prove reachability; no default runtime MAVLink capture was performed.
PX4,command,242,MAV_CMD_PREFLIGHT_SET_SENSOR_OFFSETS,development.xml|uAvionix.xml,baseline/px4/src/modules/mavlink/mavlink/message_definitions/v1.0/common.xml,DEFINED_IN_ENTRYPOINT_CLOSURE,NO_REFERENCE_FOUND_BY_HEURISTIC_SCAN,0,0,0,,2667,PX4 src production-like C/C++ headers/sources; embedded MAVLink submodule/tests/examples excluded,NOT_RUN_NO_CAPTURE,,XML definition is not implementation support; static references are heuristic and do not prove reachability; no default runtime MAVLink capture was performed.
PX4,command,243,MAV_CMD_PREFLIGHT_UAVCAN,development.xml|uAvionix.xml,baseline/px4/src/modules/mavlink/mavlink/message_definitions/v1.0/common.xml,DEFINED_IN_ENTRYPOINT_CLOSURE,NO_REFERENCE_FOUND_BY_HEURISTIC_SCAN,0,0,0,,2667,PX4 src production-like C/C++ headers/sources; embedded MAVLink submodule/tests/examples excluded,NOT_RUN_NO_CAPTURE,,XML definition is not implementation support; static references are heuristic and do not prove reachability; no default runtime MAVLink capture was performed.
PX4,command,245,MAV_CMD_PREFLIGHT_STORAGE,development.xml|uAvionix.xml,baseline/px4/src/modules/mavlink/mavlink/message_definitions/v1.0/common.xml,DEFINED_IN_ENTRYPOINT_CLOSURE,NO_REFERENCE_FOUND_BY_HEURISTIC_SCAN,0,0,0,,2667,PX4 src production-like C/C++ headers/sources; embedded MAVLink submodule/tests/examples excluded,NOT_RUN_NO_CAPTURE,,XML definition is not implementation support; static references are heuristic and do not prove reachability; no default runtime MAVLink capture was performed.
PX4,command,246,MAV_CMD_PREFLIGHT_REBOOT_SHUTDOWN,development.xml|uAvionix.xml,baseline/px4/src/modules/mavlink/mavlink/message_definitions/v1.0/common.xml,DEFINED_IN_ENTRYPOINT_CLOSURE,STATIC_REFERENCE_FOUND,0,0,2,baseline/px4/src/drivers/cdcacm_autostart/cdcacm_autostart.cpp:373|baseline/px4/src/drivers/cdcacm_autostart/cdcacm_autostart.cpp:386,2667,PX4 src production-like C/C++ headers/sources; embedded MAVLink submodule/tests/examples excluded,NOT_RUN_NO_CAPTURE,,XML definition is not implementation support; static references are heuristic and do not prove reachability; no default runtime MAVLink capture was performed.
PX4,command,247,MAV_CMD_DO_UPGRADE,development.xml,baseline/px4/src/modules/mavlink/mavlink/message_definitions/v1.0/development.xml,DEFINED_IN_ENTRYPOINT_CLOSURE,NO_REFERENCE_FOUND_BY_HEURISTIC_SCAN,0,0,0,,2667,PX4 src production-like C/C++ headers/sources; embedded MAVLink submodule/tests/examples excluded,NOT_RUN_NO_CAPTURE,,XML definition is not implementation support; static references are heuristic and do not prove reachability; no default runtime MAVLink capture was performed.
PX4,command,252,MAV_CMD_OVERRIDE_GOTO,development.xml|uAvionix.xml,baseline/px4/src/modules/mavlink/mavlink/message_definitions/v1.0/common.xml,DEFINED_IN_ENTRYPOINT_CLOSURE,NO_REFERENCE_FOUND_BY_HEURISTIC_SCAN,0,0,0,,2667,PX4 src production-like C/C++ headers/sources; embedded MAVLink submodule/tests/examples excluded,NOT_RUN_NO_CAPTURE,,XML definition is not implementation support; static references are heuristic and do not prove reachability; no default runtime MAVLink capture was performed.
PX4,command,260,MAV_CMD_OBLIQUE_SURVEY,development.xml|uAvionix.xml,baseline/px4/src/modules/mavlink/mavlink/message_definitions/v1.0/common.xml,DEFINED_IN_ENTRYPOINT_CLOSURE,STATIC_REFERENCE_FOUND,0,1,1,baseline/px4/src/drivers/camera_trigger/camera_trigger.cpp:942|baseline/px4/src/modules/mavlink/mavlink_mission.cpp:1618,2667,PX4 src production-like C/C++ headers/sources; embedded MAVLink submodule/tests/examples excluded,NOT_RUN_NO_CAPTURE,,XML definition is not implementation support; static references are heuristic and do not prove reachability; no default runtime MAVLink capture was performed.
PX4,command,262,MAV_CMD_DO_SET_STANDARD_MODE,development.xml|uAvionix.xml,baseline/px4/src/modules/mavlink/mavlink/message_definitions/v1.0/common.xml,DEFINED_IN_ENTRYPOINT_CLOSURE,NO_REFERENCE_FOUND_BY_HEURISTIC_SCAN,0,0,0,,2667,PX4 src production-like C/C++ headers/sources; embedded MAVLink submodule/tests/examples excluded,NOT_RUN_NO_CAPTURE,,XML definition is not implementation support; static references are heuristic and do not prove reachability; no default runtime MAVLink capture was performed.
PX4,command,300,MAV_CMD_MISSION_START,development.xml|uAvionix.xml,baseline/px4/src/modules/mavlink/mavlink/message_definitions/v1.0/common.xml,DEFINED_IN_ENTRYPOINT_CLOSURE,NO_REFERENCE_FOUND_BY_HEURISTIC_SCAN,0,0,0,,2667,PX4 src production-like C/C++ headers/sources; embedded MAVLink submodule/tests/examples excluded,NOT_RUN_NO_CAPTURE,,XML definition is not implementation support; static references are heuristic and do not prove reachability; no default runtime MAVLink capture was performed.
PX4,command,309,MAV_CMD_ACTUATOR_GROUP_TEST,development.xml,baseline/px4/src/modules/mavlink/mavlink/message_definitions/v1.0/development.xml,DEFINED_IN_ENTRYPOINT_CLOSURE,NO_REFERENCE_FOUND_BY_HEURISTIC_SCAN,0,0,0,,2667,PX4 src production-like C/C++ headers/sources; embedded MAVLink submodule/tests/examples excluded,NOT_RUN_NO_CAPTURE,,XML definition is not implementation support; static references are heuristic and do not prove reachability; no default runtime MAVLink capture was performed.
PX4,command,310,MAV_CMD_ACTUATOR_TEST,development.xml|uAvionix.xml,baseline/px4/src/modules/mavlink/mavlink/message_definitions/v1.0/common.xml,DEFINED_IN_ENTRYPOINT_CLOSURE,NO_REFERENCE_FOUND_BY_HEURISTIC_SCAN,0,0,0,,2667,PX4 src production-like C/C++ headers/sources; embedded MAVLink submodule/tests/examples excluded,NOT_RUN_NO_CAPTURE,,XML definition is not implementation support; static references are heuristic and do not prove reachability; no default runtime MAVLink capture was performed.
PX4,command,311,MAV_CMD_CONFIGURE_ACTUATOR,development.xml|uAvionix.xml,baseline/px4/src/modules/mavlink/mavlink/message_definitions/v1.0/common.xml,DEFINED_IN_ENTRYPOINT_CLOSURE,NO_REFERENCE_FOUND_BY_HEURISTIC_SCAN,0,0,0,,2667,PX4 src production-like C/C++ headers/sources; embedded MAVLink submodule/tests/examples excluded,NOT_RUN_NO_CAPTURE,,XML definition is not implementation support; static references are heuristic and do not prove reachability; no default runtime MAVLink capture was performed.
PX4,command,400,MAV_CMD_COMPONENT_ARM_DISARM,development.xml|uAvionix.xml,baseline/px4/src/modules/mavlink/mavlink/message_definitions/v1.0/common.xml,DEFINED_IN_ENTRYPOINT_CLOSURE,STATIC_REFERENCE_FOUND,0,2,1,baseline/px4/src/modules/commander/Commander.cpp:85|baseline/px4/src/modules/mavlink/mavlink_mission.cpp:1536|baseline/px4/src/modules/mavlink/mavlink_mission.cpp:1630,2667,PX4 src production-like C/C++ headers/sources; embedded MAVLink submodule/tests/examples excluded,NOT_RUN_NO_CAPTURE,,XML definition is not implementation support; static references are heuristic and do not prove reachability; no default runtime MAVLink capture was performed.
PX4,command,401,MAV_CMD_RUN_PREARM_CHECKS,development.xml|uAvionix.xml,baseline/px4/src/modules/mavlink/mavlink/message_definitions/v1.0/common.xml,DEFINED_IN_ENTRYPOINT_CLOSURE,NO_REFERENCE_FOUND_BY_HEURISTIC_SCAN,0,0,0,,2667,PX4 src production-like C/C++ headers/sources; embedded MAVLink submodule/tests/examples excluded,NOT_RUN_NO_CAPTURE,,XML definition is not implementation support; static references are heuristic and do not prove reachability; no default runtime MAVLink capture was performed.
PX4,command,405,MAV_CMD_ILLUMINATOR_ON_OFF,development.xml|uAvionix.xml,baseline/px4/src/modules/mavlink/mavlink/message_definitions/v1.0/common.xml,DEFINED_IN_ENTRYPOINT_CLOSURE,NO_REFERENCE_FOUND_BY_HEURISTIC_SCAN,0,0,0,,2667,PX4 src production-like C/C++ headers/sources; embedded MAVLink submodule/tests/examples excluded,NOT_RUN_NO_CAPTURE,,XML definition is not implementation support; static references are heuristic and do not prove reachability; no default runtime MAVLink capture was performed.
PX4,command,406,MAV_CMD_DO_ILLUMINATOR_CONFIGURE,development.xml|uAvionix.xml,baseline/px4/src/modules/mavlink/mavlink/message_definitions/v1.0/common.xml,DEFINED_IN_ENTRYPOINT_CLOSURE,NO_REFERENCE_FOUND_BY_HEURISTIC_SCAN,0,0,0,,2667,PX4 src production-like C/C++ headers/sources; embedded MAVLink submodule/tests/examples excluded,NOT_RUN_NO_CAPTURE,,XML definition is not implementation support; static references are heuristic and do not prove reachability; no default runtime MAVLink capture was performed.
PX4,command,410,MAV_CMD_GET_HOME_POSITION,development.xml|uAvionix.xml,baseline/px4/src/modules/mavlink/mavlink/message_definitions/v1.0/common.xml,DEFINED_IN_ENTRYPOINT_CLOSURE,STATIC_REFERENCE_FOUND,1,0,0,baseline/px4/src/modules/mavlink/mavlink_receiver.cpp:575,2667,PX4 src production-like C/C++ headers/sources; embedded MAVLink submodule/tests/examples excluded,NOT_RUN_NO_CAPTURE,,XML definition is not implementation support; static references are heuristic and do not prove reachability; no default runtime MAVLink capture was performed.
PX4,command,420,MAV_CMD_INJECT_FAILURE,development.xml|uAvionix.xml,baseline/px4/src/modules/mavlink/mavlink/message_definitions/v1.0/common.xml,DEFINED_IN_ENTRYPOINT_CLOSURE,STATIC_REFERENCE_FOUND,1,0,0,baseline/px4/src/modules/mavlink/mavlink_receiver.cpp:606,2667,PX4 src production-like C/C++ headers/sources; embedded MAVLink submodule/tests/examples excluded,NOT_RUN_NO_CAPTURE,,XML definition is not implementation support; static references are heuristic and do not prove reachability; no default runtime MAVLink capture was performed.
PX4,command,500,MAV_CMD_START_RX_PAIR,development.xml|uAvionix.xml,baseline/px4/src/modules/mavlink/mavlink/message_definitions/v1.0/common.xml,DEFINED_IN_ENTRYPOINT_CLOSURE,NO_REFERENCE_FOUND_BY_HEURISTIC_SCAN,0,0,0,,2667,PX4 src production-like C/C++ headers/sources; embedded MAVLink submodule/tests/examples excluded,NOT_RUN_NO_CAPTURE,,XML definition is not implementation support; static references are heuristic and do not prove reachability; no default runtime MAVLink capture was performed.
PX4,command,510,MAV_CMD_GET_MESSAGE_INTERVAL,development.xml|uAvionix.xml,baseline/px4/src/modules/mavlink/mavlink/message_definitions/v1.0/common.xml,DEFINED_IN_ENTRYPOINT_CLOSURE,STATIC_REFERENCE_FOUND,1,0,0,baseline/px4/src/modules/mavlink/mavlink_receiver.cpp:590,2667,PX4 src production-like C/C++ headers/sources; embedded MAVLink submodule/tests/examples excluded,NOT_RUN_NO_CAPTURE,,XML definition is not implementation support; static references are heuristic and do not prove reachability; no default runtime MAVLink capture was performed.
PX4,command,511,MAV_CMD_SET_MESSAGE_INTERVAL,development.xml|uAvionix.xml,baseline/px4/src/modules/mavlink/mavlink/message_definitions/v1.0/common.xml,DEFINED_IN_ENTRYPOINT_CLOSURE,STATIC_REFERENCE_FOUND,2,0,0,baseline/px4/src/modules/mavlink/mavlink_receiver.cpp:584|baseline/px4/src/modules/simulation/simulator_mavlink/SimulatorMavlink.cpp:1077,2667,PX4 src production-like C/C++ headers/sources; embedded MAVLink submodule/tests/examples excluded,NOT_RUN_NO_CAPTURE,,XML definition is not implementation support; static references are heuristic and do not prove reachability; no default runtime MAVLink capture was performed.
PX4,command,512,MAV_CMD_REQUEST_MESSAGE,development.xml|uAvionix.xml,baseline/px4/src/modules/mavlink/mavlink/message_definitions/v1.0/common.xml,DEFINED_IN_ENTRYPOINT_CLOSURE,STATIC_REFERENCE_FOUND,1,0,0,baseline/px4/src/modules/mavlink/mavlink_receiver.cpp:593,2667,PX4 src production-like C/C++ headers/sources; embedded MAVLink submodule/tests/examples excluded,NOT_RUN_NO_CAPTURE,,XML definition is not implementation support; static references are heuristic and do not prove reachability; no default runtime MAVLink capture was performed.
PX4,command,519,MAV_CMD_REQUEST_PROTOCOL_VERSION,development.xml|uAvionix.xml,baseline/px4/src/modules/mavlink/mavlink/message_definitions/v1.0/common.xml,DEFINED_IN_ENTRYPOINT_CLOSURE,STATIC_REFERENCE_FOUND,1,1,0,baseline/px4/src/modules/mavlink/mavlink_receiver.cpp:447|baseline/px4/src/modules/mavlink/mavlink_receiver.cpp:572,2667,PX4 src production-like C/C++ headers/sources; embedded MAVLink submodule/tests/examples excluded,NOT_RUN_NO_CAPTURE,,XML definition is not implementation support; static references are heuristic and do not prove reachability; no default runtime MAVLink capture was performed.
PX4,command,520,MAV_CMD_REQUEST_AUTOPILOT_CAPABILITIES,development.xml|uAvionix.xml,baseline/px4/src/modules/mavlink/mavlink/message_definitions/v1.0/common.xml,DEFINED_IN_ENTRYPOINT_CLOSURE,STATIC_REFERENCE_FOUND,1,1,0,baseline/px4/src/modules/mavlink/mavlink_receiver.cpp:446|baseline/px4/src/modules/mavlink/mavlink_receiver.cpp:569,2667,PX4 src production-like C/C++ headers/sources; embedded MAVLink submodule/tests/examples excluded,NOT_RUN_NO_CAPTURE,,XML definition is not implementation support; static references are heuristic and do not prove reachability; no default runtime MAVLink capture was performed.
PX4,command,521,MAV_CMD_REQUEST_CAMERA_INFORMATION,development.xml|uAvionix.xml,baseline/px4/src/modules/mavlink/mavlink/message_definitions/v1.0/common.xml,DEFINED_IN_ENTRYPOINT_CLOSURE,NO_REFERENCE_FOUND_BY_HEURISTIC_SCAN,0,0,0,,2667,PX4 src production-like C/C++ headers/sources; embedded MAVLink submodule/tests/examples excluded,NOT_RUN_NO_CAPTURE,,XML definition is not implementation support; static references are heuristic and do not prove reachability; no default runtime MAVLink capture was performed.
PX4,command,522,MAV_CMD_REQUEST_CAMERA_SETTINGS,development.xml|uAvionix.xml,baseline/px4/src/modules/mavlink/mavlink/message_definitions/v1.0/common.xml,DEFINED_IN_ENTRYPOINT_CLOSURE,NO_REFERENCE_FOUND_BY_HEURISTIC_SCAN,0,0,0,,2667,PX4 src production-like C/C++ headers/sources; embedded MAVLink submodule/tests/examples excluded,NOT_RUN_NO_CAPTURE,,XML definition is not implementation support; static references are heuristic and do not prove reachability; no default runtime MAVLink capture was performed.
PX4,command,525,MAV_CMD_REQUEST_STORAGE_INFORMATION,development.xml|uAvionix.xml,baseline/px4/src/modules/mavlink/mavlink/message_definitions/v1.0/common.xml,DEFINED_IN_ENTRYPOINT_CLOSURE,STATIC_REFERENCE_FOUND,1,0,0,baseline/px4/src/modules/mavlink/mavlink_receiver.cpp:581,2667,PX4 src production-like C/C++ headers/sources; embedded MAVLink submodule/tests/examples excluded,NOT_RUN_NO_CAPTURE,,XML definition is not implementation support; static references are heuristic and do not prove reachability; no default runtime MAVLink capture was performed.
PX4,command,526,MAV_CMD_STORAGE_FORMAT,development.xml|uAvionix.xml,baseline/px4/src/modules/mavlink/mavlink/message_definitions/v1.0/common.xml,DEFINED_IN_ENTRYPOINT_CLOSURE,NO_REFERENCE_FOUND_BY_HEURISTIC_SCAN,0,0,0,,2667,PX4 src production-like C/C++ headers/sources; embedded MAVLink submodule/tests/examples excluded,NOT_RUN_NO_CAPTURE,,XML definition is not implementation support; static references are heuristic and do not prove reachability; no default runtime MAVLink capture was performed.
PX4,command,527,MAV_CMD_REQUEST_CAMERA_CAPTURE_STATUS,development.xml|uAvionix.xml,baseline/px4/src/modules/mavlink/mavlink/message_definitions/v1.0/common.xml,DEFINED_IN_ENTRYPOINT_CLOSURE,NO_REFERENCE_FOUND_BY_HEURISTIC_SCAN,0,0,0,,2667,PX4 src production-like C/C++ headers/sources; embedded MAVLink submodule/tests/examples excluded,NOT_RUN_NO_CAPTURE,,XML definition is not implementation support; static references are heuristic and do not prove reachability; no default runtime MAVLink capture was performed.
PX4,command,528,MAV_CMD_REQUEST_FLIGHT_INFORMATION,development.xml|uAvionix.xml,baseline/px4/src/modules/mavlink/mavlink/message_definitions/v1.0/common.xml,DEFINED_IN_ENTRYPOINT_CLOSURE,STATIC_REFERENCE_FOUND,1,0,0,baseline/px4/src/modules/mavlink/mavlink_receiver.cpp:578,2667,PX4 src production-like C/C++ headers/sources; embedded MAVLink submodule/tests/examples excluded,NOT_RUN_NO_CAPTURE,,XML definition is not implementation support; static references are heuristic and do not prove reachability; no default runtime MAVLink capture was performed.
PX4,command,529,MAV_CMD_RESET_CAMERA_SETTINGS,development.xml|uAvionix.xml,baseline/px4/src/modules/mavlink/mavlink/message_definitions/v1.0/common.xml,DEFINED_IN_ENTRYPOINT_CLOSURE,NO_REFERENCE_FOUND_BY_HEURISTIC_SCAN,0,0,0,,2667,PX4 src production-like C/C++ headers/sources; embedded MAVLink submodule/tests/examples excluded,NOT_RUN_NO_CAPTURE,,XML definition is not implementation support; static references are heuristic and do not prove reachability; no default runtime MAVLink capture was performed.
PX4,command,530,MAV_CMD_SET_CAMERA_MODE,development.xml|uAvionix.xml,baseline/px4/src/modules/mavlink/mavlink/message_definitions/v1.0/common.xml,DEFINED_IN_ENTRYPOINT_CLOSURE,STATIC_REFERENCE_FOUND,0,1,0,baseline/px4/src/modules/mavlink/mavlink_mission.cpp:1620,2667,PX4 src production-like C/C++ headers/sources; embedded MAVLink submodule/tests/examples excluded,NOT_RUN_NO_CAPTURE,,XML definition is not implementation support; static references are heuristic and do not prove reachability; no default runtime MAVLink capture was performed.
PX4,command,531,MAV_CMD_SET_CAMERA_ZOOM,development.xml|uAvionix.xml,baseline/px4/src/modules/mavlink/mavlink/message_definitions/v1.0/common.xml,DEFINED_IN_ENTRYPOINT_CLOSURE,NO_REFERENCE_FOUND_BY_HEURISTIC_SCAN,0,0,0,,2667,PX4 src production-like C/C++ headers/sources; embedded MAVLink submodule/tests/examples excluded,NOT_RUN_NO_CAPTURE,,XML definition is not implementation support; static references are heuristic and do not prove reachability; no default runtime MAVLink capture was performed.
PX4,command,532,MAV_CMD_SET_CAMERA_FOCUS,development.xml|uAvionix.xml,baseline/px4/src/modules/mavlink/mavlink/message_definitions/v1.0/common.xml,DEFINED_IN_ENTRYPOINT_CLOSURE,NO_REFERENCE_FOUND_BY_HEURISTIC_SCAN,0,0,0,,2667,PX4 src production-like C/C++ headers/sources; embedded MAVLink submodule/tests/examples excluded,NOT_RUN_NO_CAPTURE,,XML definition is not implementation support; static references are heuristic and do not prove reachability; no default runtime MAVLink capture was performed.
PX4,command,533,MAV_CMD_SET_STORAGE_USAGE,development.xml|uAvionix.xml,baseline/px4/src/modules/mavlink/mavlink/message_definitions/v1.0/common.xml,DEFINED_IN_ENTRYPOINT_CLOSURE,NO_REFERENCE_FOUND_BY_HEURISTIC_SCAN,0,0,0,,2667,PX4 src production-like C/C++ headers/sources; embedded MAVLink submodule/tests/examples excluded,NOT_RUN_NO_CAPTURE,,XML definition is not implementation support; static references are heuristic and do not prove reachability; no default runtime MAVLink capture was performed.
PX4,command,534,MAV_CMD_SET_CAMERA_SOURCE,development.xml|uAvionix.xml,baseline/px4/src/modules/mavlink/mavlink/message_definitions/v1.0/common.xml,DEFINED_IN_ENTRYPOINT_CLOSURE,STATIC_REFERENCE_FOUND,0,1,0,baseline/px4/src/modules/mavlink/mavlink_mission.cpp:1621,2667,PX4 src production-like C/C++ headers/sources; embedded MAVLink submodule/tests/examples excluded,NOT_RUN_NO_CAPTURE,,XML definition is not implementation support; static references are heuristic and do not prove reachability; no default runtime MAVLink capture was performed.
PX4,command,600,MAV_CMD_JUMP_TAG,development.xml|uAvionix.xml,baseline/px4/src/modules/mavlink/mavlink/message_definitions/v1.0/common.xml,DEFINED_IN_ENTRYPOINT_CLOSURE,NO_REFERENCE_FOUND_BY_HEURISTIC_SCAN,0,0,0,,2667,PX4 src production-like C/C++ headers/sources; embedded MAVLink submodule/tests/examples excluded,NOT_RUN_NO_CAPTURE,,XML definition is not implementation support; static references are heuristic and do not prove reachability; no default runtime MAVLink capture was performed.
PX4,command,601,MAV_CMD_DO_JUMP_TAG,development.xml|uAvionix.xml,baseline/px4/src/modules/mavlink/mavlink/message_definitions/v1.0/common.xml,DEFINED_IN_ENTRYPOINT_CLOSURE,NO_REFERENCE_FOUND_BY_HEURISTIC_SCAN,0,0,0,,2667,PX4 src production-like C/C++ headers/sources; embedded MAVLink submodule/tests/examples excluded,NOT_RUN_NO_CAPTURE,,XML definition is not implementation support; static references are heuristic and do not prove reachability; no default runtime MAVLink capture was performed.
PX4,command,610,MAV_CMD_DO_SET_SYS_CMP_ID,development.xml,baseline/px4/src/modules/mavlink/mavlink/message_definitions/v1.0/development.xml,DEFINED_IN_ENTRYPOINT_CLOSURE,NO_REFERENCE_FOUND_BY_HEURISTIC_SCAN,0,0,0,,2667,PX4 src production-like C/C++ headers/sources; embedded MAVLink submodule/tests/examples excluded,NOT_RUN_NO_CAPTURE,,XML definition is not implementation support; static references are heuristic and do not prove reachability; no default runtime MAVLink capture was performed.
PX4,command,611,MAV_CMD_DO_SET_GLOBAL_ORIGIN,development.xml,baseline/px4/src/modules/mavlink/mavlink/message_definitions/v1.0/development.xml,DEFINED_IN_ENTRYPOINT_CLOSURE,NO_REFERENCE_FOUND_BY_HEURISTIC_SCAN,0,0,0,,2667,PX4 src production-like C/C++ headers/sources; embedded MAVLink submodule/tests/examples excluded,NOT_RUN_NO_CAPTURE,,XML definition is not implementation support; static references are heuristic and do not prove reachability; no default runtime MAVLink capture was performed.
PX4,command,620,MAV_CMD_EXTERNAL_ATTITUDE_ESTIMATE,development.xml,baseline/px4/src/modules/mavlink/mavlink/message_definitions/v1.0/development.xml,DEFINED_IN_ENTRYPOINT_CLOSURE,NO_REFERENCE_FOUND_BY_HEURISTIC_SCAN,0,0,0,,2667,PX4 src production-like C/C++ headers/sources; embedded MAVLink submodule/tests/examples excluded,NOT_RUN_NO_CAPTURE,,XML definition is not implementation support; static references are heuristic and do not prove reachability; no default runtime MAVLink capture was performed.
PX4,command,1000,MAV_CMD_DO_GIMBAL_MANAGER_PITCHYAW,development.xml|uAvionix.xml,baseline/px4/src/modules/mavlink/mavlink/message_definitions/v1.0/common.xml,DEFINED_IN_ENTRYPOINT_CLOSURE,NO_REFERENCE_FOUND_BY_HEURISTIC_SCAN,0,0,0,,2667,PX4 src production-like C/C++ headers/sources; embedded MAVLink submodule/tests/examples excluded,NOT_RUN_NO_CAPTURE,,XML definition is not implementation support; static references are heuristic and do not prove reachability; no default runtime MAVLink capture was performed.
PX4,command,1001,MAV_CMD_DO_GIMBAL_MANAGER_CONFIGURE,development.xml|uAvionix.xml,baseline/px4/src/modules/mavlink/mavlink/message_definitions/v1.0/common.xml,DEFINED_IN_ENTRYPOINT_CLOSURE,NO_REFERENCE_FOUND_BY_HEURISTIC_SCAN,0,0,0,,2667,PX4 src production-like C/C++ headers/sources; embedded MAVLink submodule/tests/examples excluded,NOT_RUN_NO_CAPTURE,,XML definition is not implementation support; static references are heuristic and do not prove reachability; no default runtime MAVLink capture was performed.
PX4,command,2000,MAV_CMD_IMAGE_START_CAPTURE,development.xml|uAvionix.xml,baseline/px4/src/modules/mavlink/mavlink/message_definitions/v1.0/common.xml,DEFINED_IN_ENTRYPOINT_CLOSURE,STATIC_REFERENCE_FOUND,1,1,0,baseline/px4/src/modules/mavlink/mavlink_mission.cpp:1612|baseline/px4/src/modules/mavlink/streams/CAMERA_TRIGGER.hpp:101,2667,PX4 src production-like C/C++ headers/sources; embedded MAVLink submodule/tests/examples excluded,NOT_RUN_NO_CAPTURE,,XML definition is not implementation support; static references are heuristic and do not prove reachability; no default runtime MAVLink capture was performed.
PX4,command,2001,MAV_CMD_IMAGE_STOP_CAPTURE,development.xml|uAvionix.xml,baseline/px4/src/modules/mavlink/mavlink/message_definitions/v1.0/common.xml,DEFINED_IN_ENTRYPOINT_CLOSURE,STATIC_REFERENCE_FOUND,0,1,0,baseline/px4/src/modules/mavlink/mavlink_mission.cpp:1613,2667,PX4 src production-like C/C++ headers/sources; embedded MAVLink submodule/tests/examples excluded,NOT_RUN_NO_CAPTURE,,XML definition is not implementation support; static references are heuristic and do not prove reachability; no default runtime MAVLink capture was performed.
PX4,command,2002,MAV_CMD_REQUEST_CAMERA_IMAGE_CAPTURE,development.xml|uAvionix.xml,baseline/px4/src/modules/mavlink/mavlink/message_definitions/v1.0/common.xml,DEFINED_IN_ENTRYPOINT_CLOSURE,NO_REFERENCE_FOUND_BY_HEURISTIC_SCAN,0,0,0,,2667,PX4 src production-like C/C++ headers/sources; embedded MAVLink submodule/tests/examples excluded,NOT_RUN_NO_CAPTURE,,XML definition is not implementation support; static references are heuristic and do not prove reachability; no default runtime MAVLink capture was performed.
PX4,command,2003,MAV_CMD_DO_TRIGGER_CONTROL,development.xml|uAvionix.xml,baseline/px4/src/modules/mavlink/mavlink/message_definitions/v1.0/common.xml,DEFINED_IN_ENTRYPOINT_CLOSURE,STATIC_REFERENCE_FOUND,0,1,1,baseline/px4/src/drivers/camera_trigger/camera_trigger.cpp:939|baseline/px4/src/modules/mavlink/mavlink_mission.cpp:1605,2667,PX4 src production-like C/C++ headers/sources; embedded MAVLink submodule/tests/examples excluded,NOT_RUN_NO_CAPTURE,,XML definition is not implementation support; static references are heuristic and do not prove reachability; no default runtime MAVLink capture was performed.
PX4,command,2004,MAV_CMD_CAMERA_TRACK_POINT,development.xml|uAvionix.xml,baseline/px4/src/modules/mavlink/mavlink/message_definitions/v1.0/common.xml,DEFINED_IN_ENTRYPOINT_CLOSURE,NO_REFERENCE_FOUND_BY_HEURISTIC_SCAN,0,0,0,,2667,PX4 src production-like C/C++ headers/sources; embedded MAVLink submodule/tests/examples excluded,NOT_RUN_NO_CAPTURE,,XML definition is not implementation support; static references are heuristic and do not prove reachability; no default runtime MAVLink capture was performed.
PX4,command,2005,MAV_CMD_CAMERA_TRACK_RECTANGLE,development.xml|uAvionix.xml,baseline/px4/src/modules/mavlink/mavlink/message_definitions/v1.0/common.xml,DEFINED_IN_ENTRYPOINT_CLOSURE,NO_REFERENCE_FOUND_BY_HEURISTIC_SCAN,0,0,0,,2667,PX4 src production-like C/C++ headers/sources; embedded MAVLink submodule/tests/examples excluded,NOT_RUN_NO_CAPTURE,,XML definition is not implementation support; static references are heuristic and do not prove reachability; no default runtime MAVLink capture was performed.
PX4,command,2010,MAV_CMD_CAMERA_STOP_TRACKING,development.xml|uAvionix.xml,baseline/px4/src/modules/mavlink/mavlink/message_definitions/v1.0/common.xml,DEFINED_IN_ENTRYPOINT_CLOSURE,NO_REFERENCE_FOUND_BY_HEURISTIC_SCAN,0,0,0,,2667,PX4 src production-like C/C++ headers/sources; embedded MAVLink submodule/tests/examples excluded,NOT_RUN_NO_CAPTURE,,XML definition is not implementation support; static references are heuristic and do not prove reachability; no default runtime MAVLink capture was performed.
PX4,command,2020,MAV_CMD_CAMERA_START_MTI,development.xml,baseline/px4/src/modules/mavlink/mavlink/message_definitions/v1.0/development.xml,DEFINED_IN_ENTRYPOINT_CLOSURE,NO_REFERENCE_FOUND_BY_HEURISTIC_SCAN,0,0,0,,2667,PX4 src production-like C/C++ headers/sources; embedded MAVLink submodule/tests/examples excluded,NOT_RUN_NO_CAPTURE,,XML definition is not implementation support; static references are heuristic and do not prove reachability; no default runtime MAVLink capture was performed.
PX4,command,2021,MAV_CMD_CAMERA_STOP_MTI,development.xml,baseline/px4/src/modules/mavlink/mavlink/message_definitions/v1.0/development.xml,DEFINED_IN_ENTRYPOINT_CLOSURE,NO_REFERENCE_FOUND_BY_HEURISTIC_SCAN,0,0,0,,2667,PX4 src production-like C/C++ headers/sources; embedded MAVLink submodule/tests/examples excluded,NOT_RUN_NO_CAPTURE,,XML definition is not implementation support; static references are heuristic and do not prove reachability; no default runtime MAVLink capture was performed.
PX4,command,2500,MAV_CMD_VIDEO_START_CAPTURE,development.xml|uAvionix.xml,baseline/px4/src/modules/mavlink/mavlink/message_definitions/v1.0/common.xml,DEFINED_IN_ENTRYPOINT_CLOSURE,STATIC_REFERENCE_FOUND,0,1,0,baseline/px4/src/modules/mavlink/mavlink_mission.cpp:1614,2667,PX4 src production-like C/C++ headers/sources; embedded MAVLink submodule/tests/examples excluded,NOT_RUN_NO_CAPTURE,,XML definition is not implementation support; static references are heuristic and do not prove reachability; no default runtime MAVLink capture was performed.
PX4,command,2501,MAV_CMD_VIDEO_STOP_CAPTURE,development.xml|uAvionix.xml,baseline/px4/src/modules/mavlink/mavlink/message_definitions/v1.0/common.xml,DEFINED_IN_ENTRYPOINT_CLOSURE,STATIC_REFERENCE_FOUND,0,1,0,baseline/px4/src/modules/mavlink/mavlink_mission.cpp:1615,2667,PX4 src production-like C/C++ headers/sources; embedded MAVLink submodule/tests/examples excluded,NOT_RUN_NO_CAPTURE,,XML definition is not implementation support; static references are heuristic and do not prove reachability; no default runtime MAVLink capture was performed.
PX4,command,2502,MAV_CMD_VIDEO_START_STREAMING,development.xml|uAvionix.xml,baseline/px4/src/modules/mavlink/mavlink/message_definitions/v1.0/common.xml,DEFINED_IN_ENTRYPOINT_CLOSURE,NO_REFERENCE_FOUND_BY_HEURISTIC_SCAN,0,0,0,,2667,PX4 src production-like C/C++ headers/sources; embedded MAVLink submodule/tests/examples excluded,NOT_RUN_NO_CAPTURE,,XML definition is not implementation support; static references are heuristic and do not prove reachability; no default runtime MAVLink capture was performed.
PX4,command,2503,MAV_CMD_VIDEO_STOP_STREAMING,development.xml|uAvionix.xml,baseline/px4/src/modules/mavlink/mavlink/message_definitions/v1.0/common.xml,DEFINED_IN_ENTRYPOINT_CLOSURE,NO_REFERENCE_FOUND_BY_HEURISTIC_SCAN,0,0,0,,2667,PX4 src production-like C/C++ headers/sources; embedded MAVLink submodule/tests/examples excluded,NOT_RUN_NO_CAPTURE,,XML definition is not implementation support; static references are heuristic and do not prove reachability; no default runtime MAVLink capture was performed.
PX4,command,2504,MAV_CMD_REQUEST_VIDEO_STREAM_INFORMATION,development.xml|uAvionix.xml,baseline/px4/src/modules/mavlink/mavlink/message_definitions/v1.0/common.xml,DEFINED_IN_ENTRYPOINT_CLOSURE,NO_REFERENCE_FOUND_BY_HEURISTIC_SCAN,0,0,0,,2667,PX4 src production-like C/C++ headers/sources; embedded MAVLink submodule/tests/examples excluded,NOT_RUN_NO_CAPTURE,,XML definition is not implementation support; static references are heuristic and do not prove reachability; no default runtime MAVLink capture was performed.
PX4,command,2505,MAV_CMD_REQUEST_VIDEO_STREAM_STATUS,development.xml|uAvionix.xml,baseline/px4/src/modules/mavlink/mavlink/message_definitions/v1.0/common.xml,DEFINED_IN_ENTRYPOINT_CLOSURE,NO_REFERENCE_FOUND_BY_HEURISTIC_SCAN,0,0,0,,2667,PX4 src production-like C/C++ headers/sources; embedded MAVLink submodule/tests/examples excluded,NOT_RUN_NO_CAPTURE,,XML definition is not implementation support; static references are heuristic and do not prove reachability; no default runtime MAVLink capture was performed.
PX4,command,2510,MAV_CMD_LOGGING_START,development.xml|uAvionix.xml,baseline/px4/src/modules/mavlink/mavlink/message_definitions/v1.0/common.xml,DEFINED_IN_ENTRYPOINT_CLOSURE,STATIC_REFERENCE_FOUND,1,0,0,baseline/px4/src/modules/mavlink/mavlink_receiver.cpp:732,2667,PX4 src production-like C/C++ headers/sources; embedded MAVLink submodule/tests/examples excluded,NOT_RUN_NO_CAPTURE,,XML definition is not implementation support; static references are heuristic and do not prove reachability; no default runtime MAVLink capture was performed.
PX4,command,2511,MAV_CMD_LOGGING_STOP,development.xml|uAvionix.xml,baseline/px4/src/modules/mavlink/mavlink/message_definitions/v1.0/common.xml,DEFINED_IN_ENTRYPOINT_CLOSURE,NO_REFERENCE_FOUND_BY_HEURISTIC_SCAN,0,0,0,,2667,PX4 src production-like C/C++ headers/sources; embedded MAVLink submodule/tests/examples excluded,NOT_RUN_NO_CAPTURE,,XML definition is not implementation support; static references are heuristic and do not prove reachability; no default runtime MAVLink capture was performed.
PX4,command,2520,MAV_CMD_AIRFRAME_CONFIGURATION,development.xml|uAvionix.xml,baseline/px4/src/modules/mavlink/mavlink/message_definitions/v1.0/common.xml,DEFINED_IN_ENTRYPOINT_CLOSURE,NO_REFERENCE_FOUND_BY_HEURISTIC_SCAN,0,0,0,,2667,PX4 src production-like C/C++ headers/sources; embedded MAVLink submodule/tests/examples excluded,NOT_RUN_NO_CAPTURE,,XML definition is not implementation support; static references are heuristic and do not prove reachability; no default runtime MAVLink capture was performed.
PX4,command,2600,MAV_CMD_CONTROL_HIGH_LATENCY,development.xml|uAvionix.xml,baseline/px4/src/modules/mavlink/mavlink/message_definitions/v1.0/common.xml,DEFINED_IN_ENTRYPOINT_CLOSURE,NO_REFERENCE_FOUND_BY_HEURISTIC_SCAN,0,0,0,,2667,PX4 src production-like C/C++ headers/sources; embedded MAVLink submodule/tests/examples excluded,NOT_RUN_NO_CAPTURE,,XML definition is not implementation support; static references are heuristic and do not prove reachability; no default runtime MAVLink capture was performed.
PX4,command,2800,MAV_CMD_PANORAMA_CREATE,development.xml|uAvionix.xml,baseline/px4/src/modules/mavlink/mavlink/message_definitions/v1.0/common.xml,DEFINED_IN_ENTRYPOINT_CLOSURE,NO_REFERENCE_FOUND_BY_HEURISTIC_SCAN,0,0,0,,2667,PX4 src production-like C/C++ headers/sources; embedded MAVLink submodule/tests/examples excluded,NOT_RUN_NO_CAPTURE,,XML definition is not implementation support; static references are heuristic and do not prove reachability; no default runtime MAVLink capture was performed.
PX4,command,3000,MAV_CMD_DO_VTOL_TRANSITION,development.xml|uAvionix.xml,baseline/px4/src/modules/mavlink/mavlink/message_definitions/v1.0/common.xml,DEFINED_IN_ENTRYPOINT_CLOSURE,STATIC_REFERENCE_FOUND,0,1,0,baseline/px4/src/modules/mavlink/mavlink_mission.cpp:1622,2667,PX4 src production-like C/C++ headers/sources; embedded MAVLink submodule/tests/examples excluded,NOT_RUN_NO_CAPTURE,,XML definition is not implementation support; static references are heuristic and do not prove reachability; no default runtime MAVLink capture was performed.
PX4,command,3001,MAV_CMD_ARM_AUTHORIZATION_REQUEST,development.xml|uAvionix.xml,baseline/px4/src/modules/mavlink/mavlink/message_definitions/v1.0/common.xml,DEFINED_IN_ENTRYPOINT_CLOSURE,NO_REFERENCE_FOUND_BY_HEURISTIC_SCAN,0,0,0,,2667,PX4 src production-like C/C++ headers/sources; embedded MAVLink submodule/tests/examples excluded,NOT_RUN_NO_CAPTURE,,XML definition is not implementation support; static references are heuristic and do not prove reachability; no default runtime MAVLink capture was performed.
PX4,command,4000,MAV_CMD_SET_GUIDED_SUBMODE_STANDARD,development.xml|uAvionix.xml,baseline/px4/src/modules/mavlink/mavlink/message_definitions/v1.0/common.xml,DEFINED_IN_ENTRYPOINT_CLOSURE,NO_REFERENCE_FOUND_BY_HEURISTIC_SCAN,0,0,0,,2667,PX4 src production-like C/C++ headers/sources; embedded MAVLink submodule/tests/examples excluded,NOT_RUN_NO_CAPTURE,,XML definition is not implementation support; static references are heuristic and do not prove reachability; no default runtime MAVLink capture was performed.
PX4,command,4001,MAV_CMD_SET_GUIDED_SUBMODE_CIRCLE,development.xml|uAvionix.xml,baseline/px4/src/modules/mavlink/mavlink/message_definitions/v1.0/common.xml,DEFINED_IN_ENTRYPOINT_CLOSURE,NO_REFERENCE_FOUND_BY_HEURISTIC_SCAN,0,0,0,,2667,PX4 src production-like C/C++ headers/sources; embedded MAVLink submodule/tests/examples excluded,NOT_RUN_NO_CAPTURE,,XML definition is not implementation support; static references are heuristic and do not prove reachability; no default runtime MAVLink capture was performed.
PX4,command,4501,MAV_CMD_CONDITION_GATE,development.xml|uAvionix.xml,baseline/px4/src/modules/mavlink/mavlink/message_definitions/v1.0/common.xml,DEFINED_IN_ENTRYPOINT_CLOSURE,STATIC_REFERENCE_FOUND,0,1,0,baseline/px4/src/modules/mavlink/mavlink_mission.cpp:1512,2667,PX4 src production-like C/C++ headers/sources; embedded MAVLink submodule/tests/examples excluded,NOT_RUN_NO_CAPTURE,,XML definition is not implementation support; static references are heuristic and do not prove reachability; no default runtime MAVLink capture was performed.
PX4,command,5000,MAV_CMD_NAV_FENCE_RETURN_POINT,development.xml|uAvionix.xml,baseline/px4/src/modules/mavlink/mavlink/message_definitions/v1.0/common.xml,DEFINED_IN_ENTRYPOINT_CLOSURE,STATIC_REFERENCE_FOUND,0,2,0,baseline/px4/src/modules/mavlink/mavlink_mission.cpp:1516|baseline/px4/src/modules/mavlink/mavlink_mission.cpp:1809,2667,PX4 src production-like C/C++ headers/sources; embedded MAVLink submodule/tests/examples excluded,NOT_RUN_NO_CAPTURE,,XML definition is not implementation support; static references are heuristic and do not prove reachability; no default runtime MAVLink capture was performed.
PX4,command,5001,MAV_CMD_NAV_FENCE_POLYGON_VERTEX_INCLUSION,development.xml|uAvionix.xml,baseline/px4/src/modules/mavlink/mavlink/message_definitions/v1.0/common.xml,DEFINED_IN_ENTRYPOINT_CLOSURE,STATIC_REFERENCE_FOUND,0,2,3,baseline/px4/src/modules/mavlink/mavlink_mission.cpp:1150|baseline/px4/src/modules/mavlink/mavlink_mission.cpp:1195|baseline/px4/src/modules/mavlink/mavlink_mission.cpp:1520|baseline/px4/src/modules/mavlink/mavlink_mission.cpp:1812|baseline/px4/src/modules/mavlink/mavlink_mission.cpp:341,2667,PX4 src production-like C/C++ headers/sources; embedded MAVLink submodule/tests/examples excluded,NOT_RUN_NO_CAPTURE,,XML definition is not implementation support; static references are heuristic and do not prove reachability; no default runtime MAVLink capture was performed.
PX4,command,5002,MAV_CMD_NAV_FENCE_POLYGON_VERTEX_EXCLUSION,development.xml|uAvionix.xml,baseline/px4/src/modules/mavlink/mavlink/message_definitions/v1.0/common.xml,DEFINED_IN_ENTRYPOINT_CLOSURE,STATIC_REFERENCE_FOUND,0,2,3,baseline/px4/src/modules/mavlink/mavlink_mission.cpp:1151|baseline/px4/src/modules/mavlink/mavlink_mission.cpp:1196|baseline/px4/src/modules/mavlink/mavlink_mission.cpp:1521|baseline/px4/src/modules/mavlink/mavlink_mission.cpp:1813|baseline/px4/src/modules/mavlink/mavlink_mission.cpp:342,2667,PX4 src production-like C/C++ headers/sources; embedded MAVLink submodule/tests/examples excluded,NOT_RUN_NO_CAPTURE,,XML definition is not implementation support; static references are heuristic and do not prove reachability; no default runtime MAVLink capture was performed.
PX4,command,5003,MAV_CMD_NAV_FENCE_CIRCLE_INCLUSION,development.xml|uAvionix.xml,baseline/px4/src/modules/mavlink/mavlink/message_definitions/v1.0/common.xml,DEFINED_IN_ENTRYPOINT_CLOSURE,STATIC_REFERENCE_FOUND,0,2,1,baseline/px4/src/modules/mavlink/mavlink_mission.cpp:1152|baseline/px4/src/modules/mavlink/mavlink_mission.cpp:1526|baseline/px4/src/modules/mavlink/mavlink_mission.cpp:1817,2667,PX4 src production-like C/C++ headers/sources; embedded MAVLink submodule/tests/examples excluded,NOT_RUN_NO_CAPTURE,,XML definition is not implementation support; static references are heuristic and do not prove reachability; no default runtime MAVLink capture was performed.
PX4,command,5004,MAV_CMD_NAV_FENCE_CIRCLE_EXCLUSION,development.xml|uAvionix.xml,baseline/px4/src/modules/mavlink/mavlink/message_definitions/v1.0/common.xml,DEFINED_IN_ENTRYPOINT_CLOSURE,STATIC_REFERENCE_FOUND,0,2,1,baseline/px4/src/modules/mavlink/mavlink_mission.cpp:1153|baseline/px4/src/modules/mavlink/mavlink_mission.cpp:1527|baseline/px4/src/modules/mavlink/mavlink_mission.cpp:1818,2667,PX4 src production-like C/C++ headers/sources; embedded MAVLink submodule/tests/examples excluded,NOT_RUN_NO_CAPTURE,,XML definition is not implementation support; static references are heuristic and do not prove reachability; no default runtime MAVLink capture was performed.
PX4,command,5100,MAV_CMD_NAV_RALLY_POINT,development.xml|uAvionix.xml,baseline/px4/src/modules/mavlink/mavlink/message_definitions/v1.0/common.xml,DEFINED_IN_ENTRYPOINT_CLOSURE,STATIC_REFERENCE_FOUND,0,2,1,baseline/px4/src/modules/mavlink/mavlink_mission.cpp:1154|baseline/px4/src/modules/mavlink/mavlink_mission.cpp:1532|baseline/px4/src/modules/mavlink/mavlink_mission.cpp:1822,2667,PX4 src production-like C/C++ headers/sources; embedded MAVLink submodule/tests/examples excluded,NOT_RUN_NO_CAPTURE,,XML definition is not implementation support; static references are heuristic and do not prove reachability; no default runtime MAVLink capture was performed.
PX4,command,5200,MAV_CMD_UAVCAN_GET_NODE_INFO,development.xml|uAvionix.xml,baseline/px4/src/modules/mavlink/mavlink/message_definitions/v1.0/common.xml,DEFINED_IN_ENTRYPOINT_CLOSURE,NO_REFERENCE_FOUND_BY_HEURISTIC_SCAN,0,0,0,,2667,PX4 src production-like C/C++ headers/sources; embedded MAVLink submodule/tests/examples excluded,NOT_RUN_NO_CAPTURE,,XML definition is not implementation support; static references are heuristic and do not prove reachability; no default runtime MAVLink capture was performed.
PX4,command,5300,MAV_CMD_DO_SET_SAFETY_SWITCH_STATE,development.xml|uAvionix.xml,baseline/px4/src/modules/mavlink/mavlink/message_definitions/v1.0/common.xml,DEFINED_IN_ENTRYPOINT_CLOSURE,NO_REFERENCE_FOUND_BY_HEURISTIC_SCAN,0,0,0,,2667,PX4 src production-like C/C++ headers/sources; embedded MAVLink submodule/tests/examples excluded,NOT_RUN_NO_CAPTURE,,XML definition is not implementation support; static references are heuristic and do not prove reachability; no default runtime MAVLink capture was performed.
PX4,command,10001,MAV_CMD_DO_ADSB_OUT_IDENT,development.xml|uAvionix.xml,baseline/px4/src/modules/mavlink/mavlink/message_definitions/v1.0/common.xml,DEFINED_IN_ENTRYPOINT_CLOSURE,NO_REFERENCE_FOUND_BY_HEURISTIC_SCAN,0,0,0,,2667,PX4 src production-like C/C++ headers/sources; embedded MAVLink submodule/tests/examples excluded,NOT_RUN_NO_CAPTURE,,XML definition is not implementation support; static references are heuristic and do not prove reachability; no default runtime MAVLink capture was performed.
PX4,command,12900,MAV_CMD_ODID_SET_EMERGENCY,development.xml,baseline/px4/src/modules/mavlink/mavlink/message_definitions/v1.0/development.xml,DEFINED_IN_ENTRYPOINT_CLOSURE,NO_REFERENCE_FOUND_BY_HEURISTIC_SCAN,0,0,0,,2667,PX4 src production-like C/C++ headers/sources; embedded MAVLink submodule/tests/examples excluded,NOT_RUN_NO_CAPTURE,,XML definition is not implementation support; static references are heuristic and do not prove reachability; no default runtime MAVLink capture was performed.
PX4,command,30001,MAV_CMD_PAYLOAD_PREPARE_DEPLOY,development.xml|uAvionix.xml,baseline/px4/src/modules/mavlink/mavlink/message_definitions/v1.0/common.xml,DEFINED_IN_ENTRYPOINT_CLOSURE,NO_REFERENCE_FOUND_BY_HEURISTIC_SCAN,0,0,0,,2667,PX4 src production-like C/C++ headers/sources; embedded MAVLink submodule/tests/examples excluded,NOT_RUN_NO_CAPTURE,,XML definition is not implementation support; static references are heuristic and do not prove reachability; no default runtime MAVLink capture was performed.
PX4,command,30002,MAV_CMD_PAYLOAD_CONTROL_DEPLOY,development.xml|uAvionix.xml,baseline/px4/src/modules/mavlink/mavlink/message_definitions/v1.0/common.xml,DEFINED_IN_ENTRYPOINT_CLOSURE,NO_REFERENCE_FOUND_BY_HEURISTIC_SCAN,0,0,0,,2667,PX4 src production-like C/C++ headers/sources; embedded MAVLink submodule/tests/examples excluded,NOT_RUN_NO_CAPTURE,,XML definition is not implementation support; static references are heuristic and do not prove reachability; no default runtime MAVLink capture was performed.
PX4,command,31000,MAV_CMD_WAYPOINT_USER_1,development.xml|uAvionix.xml,baseline/px4/src/modules/mavlink/mavlink/message_definitions/v1.0/common.xml,DEFINED_IN_ENTRYPOINT_CLOSURE,NO_REFERENCE_FOUND_BY_HEURISTIC_SCAN,0,0,0,,2667,PX4 src production-like C/C++ headers/sources; embedded MAVLink submodule/tests/examples excluded,NOT_RUN_NO_CAPTURE,,XML definition is not implementation support; static references are heuristic and do not prove reachability; no default runtime MAVLink capture was performed.
PX4,command,31001,MAV_CMD_WAYPOINT_USER_2,development.xml|uAvionix.xml,baseline/px4/src/modules/mavlink/mavlink/message_definitions/v1.0/common.xml,DEFINED_IN_ENTRYPOINT_CLOSURE,NO_REFERENCE_FOUND_BY_HEURISTIC_SCAN,0,0,0,,2667,PX4 src production-like C/C++ headers/sources; embedded MAVLink submodule/tests/examples excluded,NOT_RUN_NO_CAPTURE,,XML definition is not implementation support; static references are heuristic and do not prove reachability; no default runtime MAVLink capture was performed.
PX4,command,31002,MAV_CMD_WAYPOINT_USER_3,development.xml|uAvionix.xml,baseline/px4/src/modules/mavlink/mavlink/message_definitions/v1.0/common.xml,DEFINED_IN_ENTRYPOINT_CLOSURE,NO_REFERENCE_FOUND_BY_HEURISTIC_SCAN,0,0,0,,2667,PX4 src production-like C/C++ headers/sources; embedded MAVLink submodule/tests/examples excluded,NOT_RUN_NO_CAPTURE,,XML definition is not implementation support; static references are heuristic and do not prove reachability; no default runtime MAVLink capture was performed.
PX4,command,31003,MAV_CMD_WAYPOINT_USER_4,development.xml|uAvionix.xml,baseline/px4/src/modules/mavlink/mavlink/message_definitions/v1.0/common.xml,DEFINED_IN_ENTRYPOINT_CLOSURE,NO_REFERENCE_FOUND_BY_HEURISTIC_SCAN,0,0,0,,2667,PX4 src production-like C/C++ headers/sources; embedded MAVLink submodule/tests/examples excluded,NOT_RUN_NO_CAPTURE,,XML definition is not implementation support; static references are heuristic and do not prove reachability; no default runtime MAVLink capture was performed.
PX4,command,31004,MAV_CMD_WAYPOINT_USER_5,development.xml|uAvionix.xml,baseline/px4/src/modules/mavlink/mavlink/message_definitions/v1.0/common.xml,DEFINED_IN_ENTRYPOINT_CLOSURE,NO_REFERENCE_FOUND_BY_HEURISTIC_SCAN,0,0,0,,2667,PX4 src production-like C/C++ headers/sources; embedded MAVLink submodule/tests/examples excluded,NOT_RUN_NO_CAPTURE,,XML definition is not implementation support; static references are heuristic and do not prove reachability; no default runtime MAVLink capture was performed.
PX4,command,31005,MAV_CMD_SPATIAL_USER_1,development.xml|uAvionix.xml,baseline/px4/src/modules/mavlink/mavlink/message_definitions/v1.0/common.xml,DEFINED_IN_ENTRYPOINT_CLOSURE,NO_REFERENCE_FOUND_BY_HEURISTIC_SCAN,0,0,0,,2667,PX4 src production-like C/C++ headers/sources; embedded MAVLink submodule/tests/examples excluded,NOT_RUN_NO_CAPTURE,,XML definition is not implementation support; static references are heuristic and do not prove reachability; no default runtime MAVLink capture was performed.
PX4,command,31006,MAV_CMD_SPATIAL_USER_2,development.xml|uAvionix.xml,baseline/px4/src/modules/mavlink/mavlink/message_definitions/v1.0/common.xml,DEFINED_IN_ENTRYPOINT_CLOSURE,NO_REFERENCE_FOUND_BY_HEURISTIC_SCAN,0,0,0,,2667,PX4 src production-like C/C++ headers/sources; embedded MAVLink submodule/tests/examples excluded,NOT_RUN_NO_CAPTURE,,XML definition is not implementation support; static references are heuristic and do not prove reachability; no default runtime MAVLink capture was performed.
PX4,command,31007,MAV_CMD_SPATIAL_USER_3,development.xml|uAvionix.xml,baseline/px4/src/modules/mavlink/mavlink/message_definitions/v1.0/common.xml,DEFINED_IN_ENTRYPOINT_CLOSURE,NO_REFERENCE_FOUND_BY_HEURISTIC_SCAN,0,0,0,,2667,PX4 src production-like C/C++ headers/sources; embedded MAVLink submodule/tests/examples excluded,NOT_RUN_NO_CAPTURE,,XML definition is not implementation support; static references are heuristic and do not prove reachability; no default runtime MAVLink capture was performed.
PX4,command,31008,MAV_CMD_SPATIAL_USER_4,development.xml|uAvionix.xml,baseline/px4/src/modules/mavlink/mavlink/message_definitions/v1.0/common.xml,DEFINED_IN_ENTRYPOINT_CLOSURE,NO_REFERENCE_FOUND_BY_HEURISTIC_SCAN,0,0,0,,2667,PX4 src production-like C/C++ headers/sources; embedded MAVLink submodule/tests/examples excluded,NOT_RUN_NO_CAPTURE,,XML definition is not implementation support; static references are heuristic and do not prove reachability; no default runtime MAVLink capture was performed.
PX4,command,31009,MAV_CMD_SPATIAL_USER_5,development.xml|uAvionix.xml,baseline/px4/src/modules/mavlink/mavlink/message_definitions/v1.0/common.xml,DEFINED_IN_ENTRYPOINT_CLOSURE,NO_REFERENCE_FOUND_BY_HEURISTIC_SCAN,0,0,0,,2667,PX4 src production-like C/C++ headers/sources; embedded MAVLink submodule/tests/examples excluded,NOT_RUN_NO_CAPTURE,,XML definition is not implementation support; static references are heuristic and do not prove reachability; no default runtime MAVLink capture was performed.
PX4,command,31010,MAV_CMD_USER_1,development.xml|uAvionix.xml,baseline/px4/src/modules/mavlink/mavlink/message_definitions/v1.0/common.xml,DEFINED_IN_ENTRYPOINT_CLOSURE,NO_REFERENCE_FOUND_BY_HEURISTIC_SCAN,0,0,0,,2667,PX4 src production-like C/C++ headers/sources; embedded MAVLink submodule/tests/examples excluded,NOT_RUN_NO_CAPTURE,,XML definition is not implementation support; static references are heuristic and do not prove reachability; no default runtime MAVLink capture was performed.
PX4,command,31011,MAV_CMD_USER_2,development.xml|uAvionix.xml,baseline/px4/src/modules/mavlink/mavlink/message_definitions/v1.0/common.xml,DEFINED_IN_ENTRYPOINT_CLOSURE,NO_REFERENCE_FOUND_BY_HEURISTIC_SCAN,0,0,0,,2667,PX4 src production-like C/C++ headers/sources; embedded MAVLink submodule/tests/examples excluded,NOT_RUN_NO_CAPTURE,,XML definition is not implementation support; static references are heuristic and do not prove reachability; no default runtime MAVLink capture was performed.
PX4,command,31012,MAV_CMD_USER_3,development.xml|uAvionix.xml,baseline/px4/src/modules/mavlink/mavlink/message_definitions/v1.0/common.xml,DEFINED_IN_ENTRYPOINT_CLOSURE,NO_REFERENCE_FOUND_BY_HEURISTIC_SCAN,0,0,0,,2667,PX4 src production-like C/C++ headers/sources; embedded MAVLink submodule/tests/examples excluded,NOT_RUN_NO_CAPTURE,,XML definition is not implementation support; static references are heuristic and do not prove reachability; no default runtime MAVLink capture was performed.
PX4,command,31013,MAV_CMD_USER_4,development.xml|uAvionix.xml,baseline/px4/src/modules/mavlink/mavlink/message_definitions/v1.0/common.xml,DEFINED_IN_ENTRYPOINT_CLOSURE,NO_REFERENCE_FOUND_BY_HEURISTIC_SCAN,0,0,0,,2667,PX4 src production-like C/C++ headers/sources; embedded MAVLink submodule/tests/examples excluded,NOT_RUN_NO_CAPTURE,,XML definition is not implementation support; static references are heuristic and do not prove reachability; no default runtime MAVLink capture was performed.
PX4,command,31014,MAV_CMD_USER_5,development.xml|uAvionix.xml,baseline/px4/src/modules/mavlink/mavlink/message_definitions/v1.0/common.xml,DEFINED_IN_ENTRYPOINT_CLOSURE,NO_REFERENCE_FOUND_BY_HEURISTIC_SCAN,0,0,0,,2667,PX4 src production-like C/C++ headers/sources; embedded MAVLink submodule/tests/examples excluded,NOT_RUN_NO_CAPTURE,,XML definition is not implementation support; static references are heuristic and do not prove reachability; no default runtime MAVLink capture was performed.
PX4,command,32000,MAV_CMD_CAN_FORWARD,development.xml|uAvionix.xml,baseline/px4/src/modules/mavlink/mavlink/message_definitions/v1.0/common.xml,DEFINED_IN_ENTRYPOINT_CLOSURE,NO_REFERENCE_FOUND_BY_HEURISTIC_SCAN,0,0,0,,2667,PX4 src production-like C/C++ headers/sources; embedded MAVLink submodule/tests/examples excluded,NOT_RUN_NO_CAPTURE,,XML definition is not implementation support; static references are heuristic and do not prove reachability; no default runtime MAVLink capture was performed.
PX4,command,32100,MAV_CMD_REQUEST_OPERATOR_CONTROL,development.xml,baseline/px4/src/modules/mavlink/mavlink/message_definitions/v1.0/development.xml,DEFINED_IN_ENTRYPOINT_CLOSURE,NO_REFERENCE_FOUND_BY_HEURISTIC_SCAN,0,0,0,,2667,PX4 src production-like C/C++ headers/sources; embedded MAVLink submodule/tests/examples excluded,NOT_RUN_NO_CAPTURE,,XML definition is not implementation support; static references are heuristic and do not prove reachability; no default runtime MAVLink capture was performed.
PX4,command,42006,MAV_CMD_FIXED_MAG_CAL_YAW,development.xml|uAvionix.xml,baseline/px4/src/modules/mavlink/mavlink/message_definitions/v1.0/common.xml,DEFINED_IN_ENTRYPOINT_CLOSURE,NO_REFERENCE_FOUND_BY_HEURISTIC_SCAN,0,0,0,,2667,PX4 src production-like C/C++ headers/sources; embedded MAVLink submodule/tests/examples excluded,NOT_RUN_NO_CAPTURE,,XML definition is not implementation support; static references are heuristic and do not prove reachability; no default runtime MAVLink capture was performed.
PX4,command,42600,MAV_CMD_DO_WINCH,development.xml|uAvionix.xml,baseline/px4/src/modules/mavlink/mavlink/message_definitions/v1.0/common.xml,DEFINED_IN_ENTRYPOINT_CLOSURE,STATIC_REFERENCE_FOUND,0,1,0,baseline/px4/src/modules/mavlink/mavlink_mission.cpp:1596,2667,PX4 src production-like C/C++ headers/sources; embedded MAVLink submodule/tests/examples excluded,NOT_RUN_NO_CAPTURE,,XML definition is not implementation support; static references are heuristic and do not prove reachability; no default runtime MAVLink capture was performed.
PX4,command,43003,MAV_CMD_EXTERNAL_POSITION_ESTIMATE,development.xml|uAvionix.xml,baseline/px4/src/modules/mavlink/mavlink/message_definitions/v1.0/common.xml,DEFINED_IN_ENTRYPOINT_CLOSURE,NO_REFERENCE_FOUND_BY_HEURISTIC_SCAN,0,0,0,,2667,PX4 src production-like C/C++ headers/sources; embedded MAVLink submodule/tests/examples excluded,NOT_RUN_NO_CAPTURE,,XML definition is not implementation support; static references are heuristic and do not prove reachability; no default runtime MAVLink capture was performed.
PX4,command,43004,MAV_CMD_EXTERNAL_WIND_ESTIMATE,development.xml,baseline/px4/src/modules/mavlink/mavlink/message_definitions/v1.0/development.xml,DEFINED_IN_ENTRYPOINT_CLOSURE,NO_REFERENCE_FOUND_BY_HEURISTIC_SCAN,0,0,0,,2667,PX4 src production-like C/C++ headers/sources; embedded MAVLink submodule/tests/examples excluded,NOT_RUN_NO_CAPTURE,,XML definition is not implementation support; static references are heuristic and do not prove reachability; no default runtime MAVLink capture was performed.
