system,input_class,artifact_name,association_occurrences,policies,artifact_raw_variants,artifact_source_files,current_identity_status,current_name,current_match_confidence,current_alias_evidence,current_alias_note_zh,current_source_locations,current_source_location_confidence,current_type,current_default_raw_catalog,current_default,current_default_evidence_status,current_default_evidence_source,current_default_evidence_note_zh,current_minimum,current_maximum,current_increment,current_units,current_reboot_required,current_build_inclusion_status,current_mavlink_parameter_transport,current_runtime_value,current_runtime_profile,current_runtime_capture,runtime_write_change_verification,current_command_id,command_id_consistency,current_command_origin,identity_limit_zh,implementation_satisfaction
ArduPilot,InputC,Flight_Mode,36,A.ALT_HOLD1|A.ALT_HOLD2|A.AUTO1|A.BRAKE1|A.CHUTE1|A.CIRCLE1|A.CIRCLE2|A.CIRCLE3|A.CIRCLE4|A.CIRCLE5|A.CIRCLE6|A.CIRCLE7|A.DRIFT1|A.FLIP1|A.FLIP2|A.FLIP3|A.FLIPGeneral|A.GPS.FS1|A.GPS.FS2|A.GUIDED1|A.LAND1|A.LAND2|A.LOITER1|A.RC.FS1|A.RC.FS2|A.RTL1|A.RTL2|A.RTL3|A.RTL4|A.SPORT1,"Flight_Mode,1 || Flight_Mode,11 || Flight_Mode,13 || Flight_Mode,14 || Flight_Mode,17 || Flight_Mode,2 || Flight_Mode,3 || Flight_Mode,4 || Flight_Mode,5 || Flight_Mode,6 || Flight_Mode,7 || Flight_Mode,9",baseline/pgfuzz/ArduPilot/policies/A.ALT_HOLD1/cmds.txt|baseline/pgfuzz/ArduPilot/policies/A.ALT_HOLD2/cmds.txt|baseline/pgfuzz/ArduPilot/policies/A.AUTO1/cmds.txt|baseline/pgfuzz/ArduPilot/policies/A.BRAKE1/cmds.txt|baseline/pgfuzz/ArduPilot/policies/A.CHUTE/cmds.txt|baseline/pgfuzz/ArduPilot/policies/A.CIRCLE1/cmds.txt|baseline/pgfuzz/ArduPilot/policies/A.CIRCLE2/cmds.txt|baseline/pgfuzz/ArduPilot/policies/A.CIRCLE3/cmds.txt|baseline/pgfuzz/ArduPilot/policies/A.CIRCLE4_6/cmds.txt|baseline/pgfuzz/ArduPilot/policies/A.CIRCLE7/cmds.txt|baseline/pgfuzz/ArduPilot/policies/A.DRIFT1/cmds.txt|baseline/pgfuzz/ArduPilot/policies/A.FLIP1/cmds.txt|baseline/pgfuzz/ArduPilot/policies/A.FLIP2/cmds.txt|baseline/pgfuzz/ArduPilot/policies/A.FLIP3/cmds.txt|baseline/pgfuzz/ArduPilot/policies/A.FLIP4/cmds.txt|baseline/pgfuzz/ArduPilot/policies/A.GPS.FS1/cmds.txt|baseline/pgfuzz/ArduPilot/policies/A.GPS.FS2/cmds.txt|baseline/pgfuzz/ArduPilot/policies/A.GUIDED1/cmds.txt|baseline/pgfuzz/ArduPilot/policies/A.LAND1/cmds.txt|baseline/pgfuzz/ArduPilot/policies/A.LAND2/cmds.txt|baseline/pgfuzz/ArduPilot/policies/A.LOITER1/cmds.txt|baseline/pgfuzz/ArduPilot/policies/A.RC.FS1/cmds.txt|baseline/pgfuzz/ArduPilot/policies/A.RC.FS2/cmds.txt|baseline/pgfuzz/ArduPilot/policies/A.RTL1/cmds.txt|baseline/pgfuzz/ArduPilot/policies/A.RTL2/cmds.txt|baseline/pgfuzz/ArduPilot/policies/A.RTL3/cmds.txt|baseline/pgfuzz/ArduPilot/policies/A.RTL4/cmds.txt|baseline/pgfuzz/ArduPilot/policies/A.SPORT1/cmds.txt,SPECIAL_CONTROL_INPUT,Flight_Mode,MODELLED_SPECIAL_INPUT,,,,,,,,UNKNOWN,,当前目录没有可用默认值证据。,,,,,,,,,,,NOT_TESTED,,NOT_APPLICABLE,,这是 PGFuzz 自定义输入编码；后续必须绑定到当前模式或遥控接收路径，不能把数字直接当当前枚举。,NOT_ASSESSED
ArduPilot,InputC,MAV_CMD_BATTERY_RESET,2,A.AUTO1|A.CIRCLE7,"MAV_CMD_BATTERY_RESET,42651",baseline/pgfuzz/ArduPilot/policies/A.AUTO1/cmds.txt|baseline/pgfuzz/ArduPilot/policies/A.CIRCLE7/cmds.txt,COMMAND_XML_DEFINITION_FOUND,MAV_CMD_BATTERY_RESET,EXACT_NAME_XML_DEFINITION,,,,,,,,UNKNOWN,,当前目录没有可用默认值证据。,,,,,,,,,,,NOT_TESTED,42651,MATCH,baseline/ardupilot/modules/mavlink/message_definitions/v1.0/ardupilotmega.xml:261,只确认协议 XML 定义；未由此证明当前飞控构建接受、执行或影响该性质。,NOT_ASSESSED
ArduPilot,InputC,MAV_CMD_COMPONENT_ARM_DISARM,22,A.ALT_HOLD1|A.ALT_HOLD2|A.BRAKE1|A.CHUTE1|A.DRIFT1|A.FLIP1|A.FLIP2|A.FLIP3|A.FLIPGeneral|A.GPS.FS1|A.GPS.FS2|A.GUIDED1|A.LAND1|A.LAND2|A.LOITER1|A.RC.FS1|A.RC.FS2|A.RTL1|A.RTL2|A.RTL3|A.RTL4|A.SPORT1,"MAV_CMD_COMPONENT_ARM_DISARM,400",baseline/pgfuzz/ArduPilot/policies/A.ALT_HOLD1/cmds.txt|baseline/pgfuzz/ArduPilot/policies/A.ALT_HOLD2/cmds.txt|baseline/pgfuzz/ArduPilot/policies/A.BRAKE1/cmds.txt|baseline/pgfuzz/ArduPilot/policies/A.CHUTE/cmds.txt|baseline/pgfuzz/ArduPilot/policies/A.DRIFT1/cmds.txt|baseline/pgfuzz/ArduPilot/policies/A.FLIP1/cmds.txt|baseline/pgfuzz/ArduPilot/policies/A.FLIP2/cmds.txt|baseline/pgfuzz/ArduPilot/policies/A.FLIP3/cmds.txt|baseline/pgfuzz/ArduPilot/policies/A.FLIP4/cmds.txt|baseline/pgfuzz/ArduPilot/policies/A.GPS.FS1/cmds.txt|baseline/pgfuzz/ArduPilot/policies/A.GPS.FS2/cmds.txt|baseline/pgfuzz/ArduPilot/policies/A.GUIDED1/cmds.txt|baseline/pgfuzz/ArduPilot/policies/A.LAND1/cmds.txt|baseline/pgfuzz/ArduPilot/policies/A.LAND2/cmds.txt|baseline/pgfuzz/ArduPilot/policies/A.LOITER1/cmds.txt|baseline/pgfuzz/ArduPilot/policies/A.RC.FS1/cmds.txt|baseline/pgfuzz/ArduPilot/policies/A.RC.FS2/cmds.txt|baseline/pgfuzz/ArduPilot/policies/A.RTL1/cmds.txt|baseline/pgfuzz/ArduPilot/policies/A.RTL2/cmds.txt|baseline/pgfuzz/ArduPilot/policies/A.RTL3/cmds.txt|baseline/pgfuzz/ArduPilot/policies/A.RTL4/cmds.txt|baseline/pgfuzz/ArduPilot/policies/A.SPORT1/cmds.txt,COMMAND_XML_DEFINITION_FOUND,MAV_CMD_COMPONENT_ARM_DISARM,EXACT_NAME_XML_DEFINITION,,,,,,,,UNKNOWN,,当前目录没有可用默认值证据。,,,,,,,,,,,NOT_TESTED,400,MATCH,baseline/ardupilot/modules/mavlink/message_definitions/v1.0/common.xml:1938,只确认协议 XML 定义；未由此证明当前飞控构建接受、执行或影响该性质。,NOT_ASSESSED
ArduPilot,InputC,MAV_CMD_CONDITION_DELAY,22,A.ALT_HOLD1|A.ALT_HOLD2|A.BRAKE1|A.CHUTE1|A.DRIFT1|A.FLIP1|A.FLIP2|A.FLIP3|A.FLIPGeneral|A.GPS.FS1|A.GPS.FS2|A.GUIDED1|A.LAND1|A.LAND2|A.LOITER1|A.RC.FS1|A.RC.FS2|A.RTL1|A.RTL2|A.RTL3|A.RTL4|A.SPORT1,"MAV_CMD_CONDITION_DELAY,112",baseline/pgfuzz/ArduPilot/policies/A.ALT_HOLD1/cmds.txt|baseline/pgfuzz/ArduPilot/policies/A.ALT_HOLD2/cmds.txt|baseline/pgfuzz/ArduPilot/policies/A.BRAKE1/cmds.txt|baseline/pgfuzz/ArduPilot/policies/A.CHUTE/cmds.txt|baseline/pgfuzz/ArduPilot/policies/A.DRIFT1/cmds.txt|baseline/pgfuzz/ArduPilot/policies/A.FLIP1/cmds.txt|baseline/pgfuzz/ArduPilot/policies/A.FLIP2/cmds.txt|baseline/pgfuzz/ArduPilot/policies/A.FLIP3/cmds.txt|baseline/pgfuzz/ArduPilot/policies/A.FLIP4/cmds.txt|baseline/pgfuzz/ArduPilot/policies/A.GPS.FS1/cmds.txt|baseline/pgfuzz/ArduPilot/policies/A.GPS.FS2/cmds.txt|baseline/pgfuzz/ArduPilot/policies/A.GUIDED1/cmds.txt|baseline/pgfuzz/ArduPilot/policies/A.LAND1/cmds.txt|baseline/pgfuzz/ArduPilot/policies/A.LAND2/cmds.txt|baseline/pgfuzz/ArduPilot/policies/A.LOITER1/cmds.txt|baseline/pgfuzz/ArduPilot/policies/A.RC.FS1/cmds.txt|baseline/pgfuzz/ArduPilot/policies/A.RC.FS2/cmds.txt|baseline/pgfuzz/ArduPilot/policies/A.RTL1/cmds.txt|baseline/pgfuzz/ArduPilot/policies/A.RTL2/cmds.txt|baseline/pgfuzz/ArduPilot/policies/A.RTL3/cmds.txt|baseline/pgfuzz/ArduPilot/policies/A.RTL4/cmds.txt|baseline/pgfuzz/ArduPilot/policies/A.SPORT1/cmds.txt,COMMAND_XML_DEFINITION_FOUND,MAV_CMD_CONDITION_DELAY,EXACT_NAME_XML_DEFINITION,,,,,,,,UNKNOWN,,当前目录没有可用默认值证据。,,,,,,,,,,,NOT_TESTED,112,MATCH,baseline/ardupilot/modules/mavlink/message_definitions/v1.0/common.xml:1288,只确认协议 XML 定义；未由此证明当前飞控构建接受、执行或影响该性质。,NOT_ASSESSED
ArduPilot,InputC,MAV_CMD_CONDITION_DISTANCE,22,A.ALT_HOLD1|A.ALT_HOLD2|A.BRAKE1|A.CHUTE1|A.DRIFT1|A.FLIP1|A.FLIP2|A.FLIP3|A.FLIPGeneral|A.GPS.FS1|A.GPS.FS2|A.GUIDED1|A.LAND1|A.LAND2|A.LOITER1|A.RC.FS1|A.RC.FS2|A.RTL1|A.RTL2|A.RTL3|A.RTL4|A.SPORT1,"MAV_CMD_CONDITION_DISTANCE,114",baseline/pgfuzz/ArduPilot/policies/A.ALT_HOLD1/cmds.txt|baseline/pgfuzz/ArduPilot/policies/A.ALT_HOLD2/cmds.txt|baseline/pgfuzz/ArduPilot/policies/A.BRAKE1/cmds.txt|baseline/pgfuzz/ArduPilot/policies/A.CHUTE/cmds.txt|baseline/pgfuzz/ArduPilot/policies/A.DRIFT1/cmds.txt|baseline/pgfuzz/ArduPilot/policies/A.FLIP1/cmds.txt|baseline/pgfuzz/ArduPilot/policies/A.FLIP2/cmds.txt|baseline/pgfuzz/ArduPilot/policies/A.FLIP3/cmds.txt|baseline/pgfuzz/ArduPilot/policies/A.FLIP4/cmds.txt|baseline/pgfuzz/ArduPilot/policies/A.GPS.FS1/cmds.txt|baseline/pgfuzz/ArduPilot/policies/A.GPS.FS2/cmds.txt|baseline/pgfuzz/ArduPilot/policies/A.GUIDED1/cmds.txt|baseline/pgfuzz/ArduPilot/policies/A.LAND1/cmds.txt|baseline/pgfuzz/ArduPilot/policies/A.LAND2/cmds.txt|baseline/pgfuzz/ArduPilot/policies/A.LOITER1/cmds.txt|baseline/pgfuzz/ArduPilot/policies/A.RC.FS1/cmds.txt|baseline/pgfuzz/ArduPilot/policies/A.RC.FS2/cmds.txt|baseline/pgfuzz/ArduPilot/policies/A.RTL1/cmds.txt|baseline/pgfuzz/ArduPilot/policies/A.RTL2/cmds.txt|baseline/pgfuzz/ArduPilot/policies/A.RTL3/cmds.txt|baseline/pgfuzz/ArduPilot/policies/A.RTL4/cmds.txt|baseline/pgfuzz/ArduPilot/policies/A.SPORT1/cmds.txt,COMMAND_XML_DEFINITION_FOUND,MAV_CMD_CONDITION_DISTANCE,EXACT_NAME_XML_DEFINITION,,,,,,,,UNKNOWN,,当前目录没有可用默认值证据。,,,,,,,,,,,NOT_TESTED,114,MATCH,baseline/ardupilot/modules/mavlink/message_definitions/v1.0/common.xml:1308,只确认协议 XML 定义；未由此证明当前飞控构建接受、执行或影响该性质。,NOT_ASSESSED
ArduPilot,InputC,MAV_CMD_CONDITION_YAW,22,A.ALT_HOLD1|A.ALT_HOLD2|A.BRAKE1|A.CHUTE1|A.DRIFT1|A.FLIP1|A.FLIP2|A.FLIP3|A.FLIPGeneral|A.GPS.FS1|A.GPS.FS2|A.GUIDED1|A.LAND1|A.LAND2|A.LOITER1|A.RC.FS1|A.RC.FS2|A.RTL1|A.RTL2|A.RTL3|A.RTL4|A.SPORT1,"MAV_CMD_CONDITION_YAW,115",baseline/pgfuzz/ArduPilot/policies/A.ALT_HOLD1/cmds.txt|baseline/pgfuzz/ArduPilot/policies/A.ALT_HOLD2/cmds.txt|baseline/pgfuzz/ArduPilot/policies/A.BRAKE1/cmds.txt|baseline/pgfuzz/ArduPilot/policies/A.CHUTE/cmds.txt|baseline/pgfuzz/ArduPilot/policies/A.DRIFT1/cmds.txt|baseline/pgfuzz/ArduPilot/policies/A.FLIP1/cmds.txt|baseline/pgfuzz/ArduPilot/policies/A.FLIP2/cmds.txt|baseline/pgfuzz/ArduPilot/policies/A.FLIP3/cmds.txt|baseline/pgfuzz/ArduPilot/policies/A.FLIP4/cmds.txt|baseline/pgfuzz/ArduPilot/policies/A.GPS.FS1/cmds.txt|baseline/pgfuzz/ArduPilot/policies/A.GPS.FS2/cmds.txt|baseline/pgfuzz/ArduPilot/policies/A.GUIDED1/cmds.txt|baseline/pgfuzz/ArduPilot/policies/A.LAND1/cmds.txt|baseline/pgfuzz/ArduPilot/policies/A.LAND2/cmds.txt|baseline/pgfuzz/ArduPilot/policies/A.LOITER1/cmds.txt|baseline/pgfuzz/ArduPilot/policies/A.RC.FS1/cmds.txt|baseline/pgfuzz/ArduPilot/policies/A.RC.FS2/cmds.txt|baseline/pgfuzz/ArduPilot/policies/A.RTL1/cmds.txt|baseline/pgfuzz/ArduPilot/policies/A.RTL2/cmds.txt|baseline/pgfuzz/ArduPilot/policies/A.RTL3/cmds.txt|baseline/pgfuzz/ArduPilot/policies/A.RTL4/cmds.txt|baseline/pgfuzz/ArduPilot/policies/A.SPORT1/cmds.txt,COMMAND_XML_DEFINITION_FOUND,MAV_CMD_CONDITION_YAW,EXACT_NAME_XML_DEFINITION,,,,,,,,UNKNOWN,,当前目录没有可用默认值证据。,,,,,,,,,,,NOT_TESTED,115,MATCH,baseline/ardupilot/modules/mavlink/message_definitions/v1.0/common.xml:1318,只确认协议 XML 定义；未由此证明当前飞控构建接受、执行或影响该性质。,NOT_ASSESSED
ArduPilot,InputC,MAV_CMD_DEBUG_TRAP,2,A.AUTO1|A.CIRCLE7,"MAV_CMD_DEBUG_TRAP,42651",baseline/pgfuzz/ArduPilot/policies/A.AUTO1/cmds.txt|baseline/pgfuzz/ArduPilot/policies/A.CIRCLE7/cmds.txt,COMMAND_XML_DEFINITION_FOUND,MAV_CMD_DEBUG_TRAP,EXACT_NAME_XML_DEFINITION,,,,,,,,UNKNOWN,,当前目录没有可用默认值证据。,,,,,,,,,,,NOT_TESTED,42700,MISMATCH_OR_MULTIPLE,baseline/ardupilot/modules/mavlink/message_definitions/v1.0/ardupilotmega.xml:266,只确认协议 XML 定义；未由此证明当前飞控构建接受、执行或影响该性质。,NOT_ASSESSED
ArduPilot,InputC,MAV_CMD_DO_ACCEPT_MAG_CAL,30,A.ALT_HOLD1|A.ALT_HOLD2|A.AUTO1|A.BRAKE1|A.CHUTE1|A.CIRCLE1|A.CIRCLE2|A.CIRCLE3|A.CIRCLE4|A.CIRCLE5|A.CIRCLE6|A.CIRCLE7|A.DRIFT1|A.FLIP1|A.FLIP2|A.FLIP3|A.FLIPGeneral|A.GPS.FS1|A.GPS.FS2|A.GUIDED1|A.LAND1|A.LAND2|A.LOITER1|A.RC.FS1|A.RC.FS2|A.RTL1|A.RTL2|A.RTL3|A.RTL4|A.SPORT1,"MAV_CMD_DO_ACCEPT_MAG_CAL,42425",baseline/pgfuzz/ArduPilot/policies/A.ALT_HOLD1/cmds.txt|baseline/pgfuzz/ArduPilot/policies/A.ALT_HOLD2/cmds.txt|baseline/pgfuzz/ArduPilot/policies/A.AUTO1/cmds.txt|baseline/pgfuzz/ArduPilot/policies/A.BRAKE1/cmds.txt|baseline/pgfuzz/ArduPilot/policies/A.CHUTE/cmds.txt|baseline/pgfuzz/ArduPilot/policies/A.CIRCLE1/cmds.txt|baseline/pgfuzz/ArduPilot/policies/A.CIRCLE2/cmds.txt|baseline/pgfuzz/ArduPilot/policies/A.CIRCLE3/cmds.txt|baseline/pgfuzz/ArduPilot/policies/A.CIRCLE4_6/cmds.txt|baseline/pgfuzz/ArduPilot/policies/A.CIRCLE7/cmds.txt|baseline/pgfuzz/ArduPilot/policies/A.DRIFT1/cmds.txt|baseline/pgfuzz/ArduPilot/policies/A.FLIP1/cmds.txt|baseline/pgfuzz/ArduPilot/policies/A.FLIP2/cmds.txt|baseline/pgfuzz/ArduPilot/policies/A.FLIP3/cmds.txt|baseline/pgfuzz/ArduPilot/policies/A.FLIP4/cmds.txt|baseline/pgfuzz/ArduPilot/policies/A.GPS.FS1/cmds.txt|baseline/pgfuzz/ArduPilot/policies/A.GPS.FS2/cmds.txt|baseline/pgfuzz/ArduPilot/policies/A.GUIDED1/cmds.txt|baseline/pgfuzz/ArduPilot/policies/A.LAND1/cmds.txt|baseline/pgfuzz/ArduPilot/policies/A.LAND2/cmds.txt|baseline/pgfuzz/ArduPilot/policies/A.LOITER1/cmds.txt|baseline/pgfuzz/ArduPilot/policies/A.RC.FS1/cmds.txt|baseline/pgfuzz/ArduPilot/policies/A.RC.FS2/cmds.txt|baseline/pgfuzz/ArduPilot/policies/A.RTL1/cmds.txt|baseline/pgfuzz/ArduPilot/policies/A.RTL2/cmds.txt|baseline/pgfuzz/ArduPilot/policies/A.RTL3/cmds.txt|baseline/pgfuzz/ArduPilot/policies/A.RTL4/cmds.txt|baseline/pgfuzz/ArduPilot/policies/A.SPORT1/cmds.txt,COMMAND_XML_DEFINITION_FOUND,MAV_CMD_DO_ACCEPT_MAG_CAL,EXACT_NAME_XML_DEFINITION,,,,,,,,UNKNOWN,,当前目录没有可用默认值证据。,,,,,,,,,,,NOT_TESTED,42425,MATCH,baseline/ardupilot/modules/mavlink/message_definitions/v1.0/ardupilotmega.xml:160,只确认协议 XML 定义；未由此证明当前飞控构建接受、执行或影响该性质。,NOT_ASSESSED
ArduPilot,InputC,MAV_CMD_DO_AUTOTUNE_ENABLE,22,A.ALT_HOLD1|A.ALT_HOLD2|A.BRAKE1|A.CHUTE1|A.DRIFT1|A.FLIP1|A.FLIP2|A.FLIP3|A.FLIPGeneral|A.GPS.FS1|A.GPS.FS2|A.GUIDED1|A.LAND1|A.LAND2|A.LOITER1|A.RC.FS1|A.RC.FS2|A.RTL1|A.RTL2|A.RTL3|A.RTL4|A.SPORT1,"MAV_CMD_DO_AUTOTUNE_ENABLE,212",baseline/pgfuzz/ArduPilot/policies/A.ALT_HOLD1/cmds.txt|baseline/pgfuzz/ArduPilot/policies/A.ALT_HOLD2/cmds.txt|baseline/pgfuzz/ArduPilot/policies/A.BRAKE1/cmds.txt|baseline/pgfuzz/ArduPilot/policies/A.CHUTE/cmds.txt|baseline/pgfuzz/ArduPilot/policies/A.DRIFT1/cmds.txt|baseline/pgfuzz/ArduPilot/policies/A.FLIP1/cmds.txt|baseline/pgfuzz/ArduPilot/policies/A.FLIP2/cmds.txt|baseline/pgfuzz/ArduPilot/policies/A.FLIP3/cmds.txt|baseline/pgfuzz/ArduPilot/policies/A.FLIP4/cmds.txt|baseline/pgfuzz/ArduPilot/policies/A.GPS.FS1/cmds.txt|baseline/pgfuzz/ArduPilot/policies/A.GPS.FS2/cmds.txt|baseline/pgfuzz/ArduPilot/policies/A.GUIDED1/cmds.txt|baseline/pgfuzz/ArduPilot/policies/A.LAND1/cmds.txt|baseline/pgfuzz/ArduPilot/policies/A.LAND2/cmds.txt|baseline/pgfuzz/ArduPilot/policies/A.LOITER1/cmds.txt|baseline/pgfuzz/ArduPilot/policies/A.RC.FS1/cmds.txt|baseline/pgfuzz/ArduPilot/policies/A.RC.FS2/cmds.txt|baseline/pgfuzz/ArduPilot/policies/A.RTL1/cmds.txt|baseline/pgfuzz/ArduPilot/policies/A.RTL2/cmds.txt|baseline/pgfuzz/ArduPilot/policies/A.RTL3/cmds.txt|baseline/pgfuzz/ArduPilot/policies/A.RTL4/cmds.txt|baseline/pgfuzz/ArduPilot/policies/A.SPORT1/cmds.txt,COMMAND_XML_DEFINITION_FOUND,MAV_CMD_DO_AUTOTUNE_ENABLE,EXACT_NAME_XML_DEFINITION,,,,,,,,UNKNOWN,,当前目录没有可用默认值证据。,,,,,,,,,,,NOT_TESTED,212,MATCH,baseline/ardupilot/modules/mavlink/message_definitions/v1.0/common.xml:1724,只确认协议 XML 定义；未由此证明当前飞控构建接受、执行或影响该性质。,NOT_ASSESSED
ArduPilot,InputC,MAV_CMD_DO_CANCEL_MAG_CAL,30,A.ALT_HOLD1|A.ALT_HOLD2|A.AUTO1|A.BRAKE1|A.CHUTE1|A.CIRCLE1|A.CIRCLE2|A.CIRCLE3|A.CIRCLE4|A.CIRCLE5|A.CIRCLE6|A.CIRCLE7|A.DRIFT1|A.FLIP1|A.FLIP2|A.FLIP3|A.FLIPGeneral|A.GPS.FS1|A.GPS.FS2|A.GUIDED1|A.LAND1|A.LAND2|A.LOITER1|A.RC.FS1|A.RC.FS2|A.RTL1|A.RTL2|A.RTL3|A.RTL4|A.SPORT1,"MAV_CMD_DO_CANCEL_MAG_CAL,42426",baseline/pgfuzz/ArduPilot/policies/A.ALT_HOLD1/cmds.txt|baseline/pgfuzz/ArduPilot/policies/A.ALT_HOLD2/cmds.txt|baseline/pgfuzz/ArduPilot/policies/A.AUTO1/cmds.txt|baseline/pgfuzz/ArduPilot/policies/A.BRAKE1/cmds.txt|baseline/pgfuzz/ArduPilot/policies/A.CHUTE/cmds.txt|baseline/pgfuzz/ArduPilot/policies/A.CIRCLE1/cmds.txt|baseline/pgfuzz/ArduPilot/policies/A.CIRCLE2/cmds.txt|baseline/pgfuzz/ArduPilot/policies/A.CIRCLE3/cmds.txt|baseline/pgfuzz/ArduPilot/policies/A.CIRCLE4_6/cmds.txt|baseline/pgfuzz/ArduPilot/policies/A.CIRCLE7/cmds.txt|baseline/pgfuzz/ArduPilot/policies/A.DRIFT1/cmds.txt|baseline/pgfuzz/ArduPilot/policies/A.FLIP1/cmds.txt|baseline/pgfuzz/ArduPilot/policies/A.FLIP2/cmds.txt|baseline/pgfuzz/ArduPilot/policies/A.FLIP3/cmds.txt|baseline/pgfuzz/ArduPilot/policies/A.FLIP4/cmds.txt|baseline/pgfuzz/ArduPilot/policies/A.GPS.FS1/cmds.txt|baseline/pgfuzz/ArduPilot/policies/A.GPS.FS2/cmds.txt|baseline/pgfuzz/ArduPilot/policies/A.GUIDED1/cmds.txt|baseline/pgfuzz/ArduPilot/policies/A.LAND1/cmds.txt|baseline/pgfuzz/ArduPilot/policies/A.LAND2/cmds.txt|baseline/pgfuzz/ArduPilot/policies/A.LOITER1/cmds.txt|baseline/pgfuzz/ArduPilot/policies/A.RC.FS1/cmds.txt|baseline/pgfuzz/ArduPilot/policies/A.RC.FS2/cmds.txt|baseline/pgfuzz/ArduPilot/policies/A.RTL1/cmds.txt|baseline/pgfuzz/ArduPilot/policies/A.RTL2/cmds.txt|baseline/pgfuzz/ArduPilot/policies/A.RTL3/cmds.txt|baseline/pgfuzz/ArduPilot/policies/A.RTL4/cmds.txt|baseline/pgfuzz/ArduPilot/policies/A.SPORT1/cmds.txt,COMMAND_XML_DEFINITION_FOUND,MAV_CMD_DO_CANCEL_MAG_CAL,EXACT_NAME_XML_DEFINITION,,,,,,,,UNKNOWN,,当前目录没有可用默认值证据。,,,,,,,,,,,NOT_TESTED,42426,MATCH,baseline/ardupilot/modules/mavlink/message_definitions/v1.0/ardupilotmega.xml:170,只确认协议 XML 定义；未由此证明当前飞控构建接受、执行或影响该性质。,NOT_ASSESSED
ArduPilot,InputC,MAV_CMD_DO_CHANGE_SPEED,22,A.ALT_HOLD1|A.ALT_HOLD2|A.BRAKE1|A.CHUTE1|A.DRIFT1|A.FLIP1|A.FLIP2|A.FLIP3|A.FLIPGeneral|A.GPS.FS1|A.GPS.FS2|A.GUIDED1|A.LAND1|A.LAND2|A.LOITER1|A.RC.FS1|A.RC.FS2|A.RTL1|A.RTL2|A.RTL3|A.RTL4|A.SPORT1,"MAV_CMD_DO_CHANGE_SPEED,178",baseline/pgfuzz/ArduPilot/policies/A.ALT_HOLD1/cmds.txt|baseline/pgfuzz/ArduPilot/policies/A.ALT_HOLD2/cmds.txt|baseline/pgfuzz/ArduPilot/policies/A.BRAKE1/cmds.txt|baseline/pgfuzz/ArduPilot/policies/A.CHUTE/cmds.txt|baseline/pgfuzz/ArduPilot/policies/A.DRIFT1/cmds.txt|baseline/pgfuzz/ArduPilot/policies/A.FLIP1/cmds.txt|baseline/pgfuzz/ArduPilot/policies/A.FLIP2/cmds.txt|baseline/pgfuzz/ArduPilot/policies/A.FLIP3/cmds.txt|baseline/pgfuzz/ArduPilot/policies/A.FLIP4/cmds.txt|baseline/pgfuzz/ArduPilot/policies/A.GPS.FS1/cmds.txt|baseline/pgfuzz/ArduPilot/policies/A.GPS.FS2/cmds.txt|baseline/pgfuzz/ArduPilot/policies/A.GUIDED1/cmds.txt|baseline/pgfuzz/ArduPilot/policies/A.LAND1/cmds.txt|baseline/pgfuzz/ArduPilot/policies/A.LAND2/cmds.txt|baseline/pgfuzz/ArduPilot/policies/A.LOITER1/cmds.txt|baseline/pgfuzz/ArduPilot/policies/A.RC.FS1/cmds.txt|baseline/pgfuzz/ArduPilot/policies/A.RC.FS2/cmds.txt|baseline/pgfuzz/ArduPilot/policies/A.RTL1/cmds.txt|baseline/pgfuzz/ArduPilot/policies/A.RTL2/cmds.txt|baseline/pgfuzz/ArduPilot/policies/A.RTL3/cmds.txt|baseline/pgfuzz/ArduPilot/policies/A.RTL4/cmds.txt|baseline/pgfuzz/ArduPilot/policies/A.SPORT1/cmds.txt,COMMAND_XML_DEFINITION_FOUND,MAV_CMD_DO_CHANGE_SPEED,EXACT_NAME_XML_DEFINITION,,,,,,,,UNKNOWN,,当前目录没有可用默认值证据。,,,,,,,,,,,NOT_TESTED,178,MATCH,baseline/ardupilot/modules/mavlink/message_definitions/v1.0/common.xml:1358,只确认协议 XML 定义；未由此证明当前飞控构建接受、执行或影响该性质。,NOT_ASSESSED
ArduPilot,InputC,MAV_CMD_DO_DIGICAM_CONFIGURE,22,A.ALT_HOLD1|A.ALT_HOLD2|A.BRAKE1|A.CHUTE1|A.DRIFT1|A.FLIP1|A.FLIP2|A.FLIP3|A.FLIPGeneral|A.GPS.FS1|A.GPS.FS2|A.GUIDED1|A.LAND1|A.LAND2|A.LOITER1|A.RC.FS1|A.RC.FS2|A.RTL1|A.RTL2|A.RTL3|A.RTL4|A.SPORT1,"MAV_CMD_DO_DIGICAM_CONFIGURE,202",baseline/pgfuzz/ArduPilot/policies/A.ALT_HOLD1/cmds.txt|baseline/pgfuzz/ArduPilot/policies/A.ALT_HOLD2/cmds.txt|baseline/pgfuzz/ArduPilot/policies/A.BRAKE1/cmds.txt|baseline/pgfuzz/ArduPilot/policies/A.CHUTE/cmds.txt|baseline/pgfuzz/ArduPilot/policies/A.DRIFT1/cmds.txt|baseline/pgfuzz/ArduPilot/policies/A.FLIP1/cmds.txt|baseline/pgfuzz/ArduPilot/policies/A.FLIP2/cmds.txt|baseline/pgfuzz/ArduPilot/policies/A.FLIP3/cmds.txt|baseline/pgfuzz/ArduPilot/policies/A.FLIP4/cmds.txt|baseline/pgfuzz/ArduPilot/policies/A.GPS.FS1/cmds.txt|baseline/pgfuzz/ArduPilot/policies/A.GPS.FS2/cmds.txt|baseline/pgfuzz/ArduPilot/policies/A.GUIDED1/cmds.txt|baseline/pgfuzz/ArduPilot/policies/A.LAND1/cmds.txt|baseline/pgfuzz/ArduPilot/policies/A.LAND2/cmds.txt|baseline/pgfuzz/ArduPilot/policies/A.LOITER1/cmds.txt|baseline/pgfuzz/ArduPilot/policies/A.RC.FS1/cmds.txt|baseline/pgfuzz/ArduPilot/policies/A.RC.FS2/cmds.txt|baseline/pgfuzz/ArduPilot/policies/A.RTL1/cmds.txt|baseline/pgfuzz/ArduPilot/policies/A.RTL2/cmds.txt|baseline/pgfuzz/ArduPilot/policies/A.RTL3/cmds.txt|baseline/pgfuzz/ArduPilot/policies/A.RTL4/cmds.txt|baseline/pgfuzz/ArduPilot/policies/A.SPORT1/cmds.txt,COMMAND_XML_DEFINITION_FOUND,MAV_CMD_DO_DIGICAM_CONFIGURE,EXACT_NAME_XML_DEFINITION,,,,,,,,UNKNOWN,,当前目录没有可用默认值证据。,,,,,,,,,,,NOT_TESTED,202,MATCH,baseline/ardupilot/modules/mavlink/message_definitions/v1.0/common.xml:1614,只确认协议 XML 定义；未由此证明当前飞控构建接受、执行或影响该性质。,NOT_ASSESSED
ArduPilot,InputC,MAV_CMD_DO_DIGICAM_CONTROL,22,A.ALT_HOLD1|A.ALT_HOLD2|A.BRAKE1|A.CHUTE1|A.DRIFT1|A.FLIP1|A.FLIP2|A.FLIP3|A.FLIPGeneral|A.GPS.FS1|A.GPS.FS2|A.GUIDED1|A.LAND1|A.LAND2|A.LOITER1|A.RC.FS1|A.RC.FS2|A.RTL1|A.RTL2|A.RTL3|A.RTL4|A.SPORT1,"MAV_CMD_DO_DIGICAM_CONTROL,203",baseline/pgfuzz/ArduPilot/policies/A.ALT_HOLD1/cmds.txt|baseline/pgfuzz/ArduPilot/policies/A.ALT_HOLD2/cmds.txt|baseline/pgfuzz/ArduPilot/policies/A.BRAKE1/cmds.txt|baseline/pgfuzz/ArduPilot/policies/A.CHUTE/cmds.txt|baseline/pgfuzz/ArduPilot/policies/A.DRIFT1/cmds.txt|baseline/pgfuzz/ArduPilot/policies/A.FLIP1/cmds.txt|baseline/pgfuzz/ArduPilot/policies/A.FLIP2/cmds.txt|baseline/pgfuzz/ArduPilot/policies/A.FLIP3/cmds.txt|baseline/pgfuzz/ArduPilot/policies/A.FLIP4/cmds.txt|baseline/pgfuzz/ArduPilot/policies/A.GPS.FS1/cmds.txt|baseline/pgfuzz/ArduPilot/policies/A.GPS.FS2/cmds.txt|baseline/pgfuzz/ArduPilot/policies/A.GUIDED1/cmds.txt|baseline/pgfuzz/ArduPilot/policies/A.LAND1/cmds.txt|baseline/pgfuzz/ArduPilot/policies/A.LAND2/cmds.txt|baseline/pgfuzz/ArduPilot/policies/A.LOITER1/cmds.txt|baseline/pgfuzz/ArduPilot/policies/A.RC.FS1/cmds.txt|baseline/pgfuzz/ArduPilot/policies/A.RC.FS2/cmds.txt|baseline/pgfuzz/ArduPilot/policies/A.RTL1/cmds.txt|baseline/pgfuzz/ArduPilot/policies/A.RTL2/cmds.txt|baseline/pgfuzz/ArduPilot/policies/A.RTL3/cmds.txt|baseline/pgfuzz/ArduPilot/policies/A.RTL4/cmds.txt|baseline/pgfuzz/ArduPilot/policies/A.SPORT1/cmds.txt,COMMAND_XML_DEFINITION_FOUND,MAV_CMD_DO_DIGICAM_CONTROL,EXACT_NAME_XML_DEFINITION,,,,,,,,UNKNOWN,,当前目录没有可用默认值证据。,,,,,,,,,,,NOT_TESTED,203,MATCH,baseline/ardupilot/modules/mavlink/message_definitions/v1.0/common.xml:1624,只确认协议 XML 定义；未由此证明当前飞控构建接受、执行或影响该性质。,NOT_ASSESSED
ArduPilot,InputC,MAV_CMD_DO_GRIPPER,22,A.ALT_HOLD1|A.ALT_HOLD2|A.BRAKE1|A.CHUTE1|A.DRIFT1|A.FLIP1|A.FLIP2|A.FLIP3|A.FLIPGeneral|A.GPS.FS1|A.GPS.FS2|A.GUIDED1|A.LAND1|A.LAND2|A.LOITER1|A.RC.FS1|A.RC.FS2|A.RTL1|A.RTL2|A.RTL3|A.RTL4|A.SPORT1,"MAV_CMD_DO_GRIPPER,211",baseline/pgfuzz/ArduPilot/policies/A.ALT_HOLD1/cmds.txt|baseline/pgfuzz/ArduPilot/policies/A.ALT_HOLD2/cmds.txt|baseline/pgfuzz/ArduPilot/policies/A.BRAKE1/cmds.txt|baseline/pgfuzz/ArduPilot/policies/A.CHUTE/cmds.txt|baseline/pgfuzz/ArduPilot/policies/A.DRIFT1/cmds.txt|baseline/pgfuzz/ArduPilot/policies/A.FLIP1/cmds.txt|baseline/pgfuzz/ArduPilot/policies/A.FLIP2/cmds.txt|baseline/pgfuzz/ArduPilot/policies/A.FLIP3/cmds.txt|baseline/pgfuzz/ArduPilot/policies/A.FLIP4/cmds.txt|baseline/pgfuzz/ArduPilot/policies/A.GPS.FS1/cmds.txt|baseline/pgfuzz/ArduPilot/policies/A.GPS.FS2/cmds.txt|baseline/pgfuzz/ArduPilot/policies/A.GUIDED1/cmds.txt|baseline/pgfuzz/ArduPilot/policies/A.LAND1/cmds.txt|baseline/pgfuzz/ArduPilot/policies/A.LAND2/cmds.txt|baseline/pgfuzz/ArduPilot/policies/A.LOITER1/cmds.txt|baseline/pgfuzz/ArduPilot/policies/A.RC.FS1/cmds.txt|baseline/pgfuzz/ArduPilot/policies/A.RC.FS2/cmds.txt|baseline/pgfuzz/ArduPilot/policies/A.RTL1/cmds.txt|baseline/pgfuzz/ArduPilot/policies/A.RTL2/cmds.txt|baseline/pgfuzz/ArduPilot/policies/A.RTL3/cmds.txt|baseline/pgfuzz/ArduPilot/policies/A.RTL4/cmds.txt|baseline/pgfuzz/ArduPilot/policies/A.SPORT1/cmds.txt,COMMAND_XML_DEFINITION_FOUND,MAV_CMD_DO_GRIPPER,EXACT_NAME_XML_DEFINITION,,,,,,,,UNKNOWN,,当前目录没有可用默认值证据。,,,,,,,,,,,NOT_TESTED,211,MATCH,baseline/ardupilot/modules/mavlink/message_definitions/v1.0/common.xml:1714,只确认协议 XML 定义；未由此证明当前飞控构建接受、执行或影响该性质。,NOT_ASSESSED
ArduPilot,InputC,MAV_CMD_DO_GUIDED_LIMITS,22,A.ALT_HOLD1|A.ALT_HOLD2|A.BRAKE1|A.CHUTE1|A.DRIFT1|A.FLIP1|A.FLIP2|A.FLIP3|A.FLIPGeneral|A.GPS.FS1|A.GPS.FS2|A.GUIDED1|A.LAND1|A.LAND2|A.LOITER1|A.RC.FS1|A.RC.FS2|A.RTL1|A.RTL2|A.RTL3|A.RTL4|A.SPORT1,"MAV_CMD_DO_GUIDED_LIMITS,222",baseline/pgfuzz/ArduPilot/policies/A.ALT_HOLD1/cmds.txt|baseline/pgfuzz/ArduPilot/policies/A.ALT_HOLD2/cmds.txt|baseline/pgfuzz/ArduPilot/policies/A.BRAKE1/cmds.txt|baseline/pgfuzz/ArduPilot/policies/A.CHUTE/cmds.txt|baseline/pgfuzz/ArduPilot/policies/A.DRIFT1/cmds.txt|baseline/pgfuzz/ArduPilot/policies/A.FLIP1/cmds.txt|baseline/pgfuzz/ArduPilot/policies/A.FLIP2/cmds.txt|baseline/pgfuzz/ArduPilot/policies/A.FLIP3/cmds.txt|baseline/pgfuzz/ArduPilot/policies/A.FLIP4/cmds.txt|baseline/pgfuzz/ArduPilot/policies/A.GPS.FS1/cmds.txt|baseline/pgfuzz/ArduPilot/policies/A.GPS.FS2/cmds.txt|baseline/pgfuzz/ArduPilot/policies/A.GUIDED1/cmds.txt|baseline/pgfuzz/ArduPilot/policies/A.LAND1/cmds.txt|baseline/pgfuzz/ArduPilot/policies/A.LAND2/cmds.txt|baseline/pgfuzz/ArduPilot/policies/A.LOITER1/cmds.txt|baseline/pgfuzz/ArduPilot/policies/A.RC.FS1/cmds.txt|baseline/pgfuzz/ArduPilot/policies/A.RC.FS2/cmds.txt|baseline/pgfuzz/ArduPilot/policies/A.RTL1/cmds.txt|baseline/pgfuzz/ArduPilot/policies/A.RTL2/cmds.txt|baseline/pgfuzz/ArduPilot/policies/A.RTL3/cmds.txt|baseline/pgfuzz/ArduPilot/policies/A.RTL4/cmds.txt|baseline/pgfuzz/ArduPilot/policies/A.SPORT1/cmds.txt,COMMAND_XML_DEFINITION_FOUND,MAV_CMD_DO_GUIDED_LIMITS,EXACT_NAME_XML_DEFINITION,,,,,,,,UNKNOWN,,当前目录没有可用默认值证据。,,,,,,,,,,,NOT_TESTED,222,MATCH,baseline/ardupilot/modules/mavlink/message_definitions/v1.0/common.xml:1775,只确认协议 XML 定义；未由此证明当前飞控构建接受、执行或影响该性质。,NOT_ASSESSED
ArduPilot,InputC,MAV_CMD_DO_JUMP,22,A.ALT_HOLD1|A.ALT_HOLD2|A.BRAKE1|A.CHUTE1|A.DRIFT1|A.FLIP1|A.FLIP2|A.FLIP3|A.FLIPGeneral|A.GPS.FS1|A.GPS.FS2|A.GUIDED1|A.LAND1|A.LAND2|A.LOITER1|A.RC.FS1|A.RC.FS2|A.RTL1|A.RTL2|A.RTL3|A.RTL4|A.SPORT1,"MAV_CMD_DO_JUMP,177",baseline/pgfuzz/ArduPilot/policies/A.ALT_HOLD1/cmds.txt|baseline/pgfuzz/ArduPilot/policies/A.ALT_HOLD2/cmds.txt|baseline/pgfuzz/ArduPilot/policies/A.BRAKE1/cmds.txt|baseline/pgfuzz/ArduPilot/policies/A.CHUTE/cmds.txt|baseline/pgfuzz/ArduPilot/policies/A.DRIFT1/cmds.txt|baseline/pgfuzz/ArduPilot/policies/A.FLIP1/cmds.txt|baseline/pgfuzz/ArduPilot/policies/A.FLIP2/cmds.txt|baseline/pgfuzz/ArduPilot/policies/A.FLIP3/cmds.txt|baseline/pgfuzz/ArduPilot/policies/A.FLIP4/cmds.txt|baseline/pgfuzz/ArduPilot/policies/A.GPS.FS1/cmds.txt|baseline/pgfuzz/ArduPilot/policies/A.GPS.FS2/cmds.txt|baseline/pgfuzz/ArduPilot/policies/A.GUIDED1/cmds.txt|baseline/pgfuzz/ArduPilot/policies/A.LAND1/cmds.txt|baseline/pgfuzz/ArduPilot/policies/A.LAND2/cmds.txt|baseline/pgfuzz/ArduPilot/policies/A.LOITER1/cmds.txt|baseline/pgfuzz/ArduPilot/policies/A.RC.FS1/cmds.txt|baseline/pgfuzz/ArduPilot/policies/A.RC.FS2/cmds.txt|baseline/pgfuzz/ArduPilot/policies/A.RTL1/cmds.txt|baseline/pgfuzz/ArduPilot/policies/A.RTL2/cmds.txt|baseline/pgfuzz/ArduPilot/policies/A.RTL3/cmds.txt|baseline/pgfuzz/ArduPilot/policies/A.RTL4/cmds.txt|baseline/pgfuzz/ArduPilot/policies/A.SPORT1/cmds.txt,COMMAND_XML_DEFINITION_FOUND,MAV_CMD_DO_JUMP,EXACT_NAME_XML_DEFINITION,,,,,,,,UNKNOWN,,当前目录没有可用默认值证据。,,,,,,,,,,,NOT_TESTED,177,MATCH,baseline/ardupilot/modules/mavlink/message_definitions/v1.0/common.xml:1348,只确认协议 XML 定义；未由此证明当前飞控构建接受、执行或影响该性质。,NOT_ASSESSED
ArduPilot,InputC,MAV_CMD_DO_MOUNT_CONTROL,24,A.ALT_HOLD1|A.ALT_HOLD2|A.AUTO1|A.BRAKE1|A.CHUTE1|A.CIRCLE7|A.DRIFT1|A.FLIP1|A.FLIP2|A.FLIP3|A.FLIPGeneral|A.GPS.FS1|A.GPS.FS2|A.GUIDED1|A.LAND1|A.LAND2|A.LOITER1|A.RC.FS1|A.RC.FS2|A.RTL1|A.RTL2|A.RTL3|A.RTL4|A.SPORT1,"MAV_CMD_DO_MOUNT_CONTROL,205",baseline/pgfuzz/ArduPilot/policies/A.ALT_HOLD1/cmds.txt|baseline/pgfuzz/ArduPilot/policies/A.ALT_HOLD2/cmds.txt|baseline/pgfuzz/ArduPilot/policies/A.AUTO1/cmds.txt|baseline/pgfuzz/ArduPilot/policies/A.BRAKE1/cmds.txt|baseline/pgfuzz/ArduPilot/policies/A.CHUTE/cmds.txt|baseline/pgfuzz/ArduPilot/policies/A.CIRCLE7/cmds.txt|baseline/pgfuzz/ArduPilot/policies/A.DRIFT1/cmds.txt|baseline/pgfuzz/ArduPilot/policies/A.FLIP1/cmds.txt|baseline/pgfuzz/ArduPilot/policies/A.FLIP2/cmds.txt|baseline/pgfuzz/ArduPilot/policies/A.FLIP3/cmds.txt|baseline/pgfuzz/ArduPilot/policies/A.FLIP4/cmds.txt|baseline/pgfuzz/ArduPilot/policies/A.GPS.FS1/cmds.txt|baseline/pgfuzz/ArduPilot/policies/A.GPS.FS2/cmds.txt|baseline/pgfuzz/ArduPilot/policies/A.GUIDED1/cmds.txt|baseline/pgfuzz/ArduPilot/policies/A.LAND1/cmds.txt|baseline/pgfuzz/ArduPilot/policies/A.LAND2/cmds.txt|baseline/pgfuzz/ArduPilot/policies/A.LOITER1/cmds.txt|baseline/pgfuzz/ArduPilot/policies/A.RC.FS1/cmds.txt|baseline/pgfuzz/ArduPilot/policies/A.RC.FS2/cmds.txt|baseline/pgfuzz/ArduPilot/policies/A.RTL1/cmds.txt|baseline/pgfuzz/ArduPilot/policies/A.RTL2/cmds.txt|baseline/pgfuzz/ArduPilot/policies/A.RTL3/cmds.txt|baseline/pgfuzz/ArduPilot/policies/A.RTL4/cmds.txt|baseline/pgfuzz/ArduPilot/policies/A.SPORT1/cmds.txt,COMMAND_XML_DEFINITION_FOUND,MAV_CMD_DO_MOUNT_CONTROL,EXACT_NAME_XML_DEFINITION,,,,,,,,UNKNOWN,,当前目录没有可用默认值证据。,,,,,,,,,,,NOT_TESTED,205,MATCH,baseline/ardupilot/modules/mavlink/message_definitions/v1.0/common.xml:1647,只确认协议 XML 定义；未由此证明当前飞控构建接受、执行或影响该性质。,NOT_ASSESSED
ArduPilot,InputC,MAV_CMD_DO_PARACHUTE,36,A.ALT_HOLD1|A.ALT_HOLD2|A.BRAKE1|A.CHUTE1|A.DRIFT1|A.FLIP1|A.FLIP2|A.FLIP3|A.FLIPGeneral|A.GPS.FS1|A.GPS.FS2|A.GUIDED1|A.LAND1|A.LAND2|A.LOITER1|A.RC.FS1|A.RC.FS2|A.RTL1|A.RTL2|A.RTL3|A.RTL4|A.SPORT1,"MAV_CMD_DO_PARACHUTE,208",baseline/pgfuzz/ArduPilot/policies/A.ALT_HOLD1/cmds.txt|baseline/pgfuzz/ArduPilot/policies/A.ALT_HOLD2/cmds.txt|baseline/pgfuzz/ArduPilot/policies/A.BRAKE1/cmds.txt|baseline/pgfuzz/ArduPilot/policies/A.CHUTE/cmds.txt|baseline/pgfuzz/ArduPilot/policies/A.DRIFT1/cmds.txt|baseline/pgfuzz/ArduPilot/policies/A.FLIP1/cmds.txt|baseline/pgfuzz/ArduPilot/policies/A.FLIP2/cmds.txt|baseline/pgfuzz/ArduPilot/policies/A.FLIP3/cmds.txt|baseline/pgfuzz/ArduPilot/policies/A.FLIP4/cmds.txt|baseline/pgfuzz/ArduPilot/policies/A.GPS.FS1/cmds.txt|baseline/pgfuzz/ArduPilot/policies/A.GPS.FS2/cmds.txt|baseline/pgfuzz/ArduPilot/policies/A.GUIDED1/cmds.txt|baseline/pgfuzz/ArduPilot/policies/A.LAND1/cmds.txt|baseline/pgfuzz/ArduPilot/policies/A.LAND2/cmds.txt|baseline/pgfuzz/ArduPilot/policies/A.LOITER1/cmds.txt|baseline/pgfuzz/ArduPilot/policies/A.RC.FS1/cmds.txt|baseline/pgfuzz/ArduPilot/policies/A.RC.FS2/cmds.txt|baseline/pgfuzz/ArduPilot/policies/A.RTL1/cmds.txt|baseline/pgfuzz/ArduPilot/policies/A.RTL2/cmds.txt|baseline/pgfuzz/ArduPilot/policies/A.RTL3/cmds.txt|baseline/pgfuzz/ArduPilot/policies/A.RTL4/cmds.txt|baseline/pgfuzz/ArduPilot/policies/A.SPORT1/cmds.txt,COMMAND_XML_DEFINITION_FOUND,MAV_CMD_DO_PARACHUTE,EXACT_NAME_XML_DEFINITION,,,,,,,,UNKNOWN,,当前目录没有可用默认值证据。,,,,,,,,,,,NOT_TESTED,208,MATCH,baseline/ardupilot/modules/mavlink/message_definitions/v1.0/common.xml:1684,只确认协议 XML 定义；未由此证明当前飞控构建接受、执行或影响该性质。,NOT_ASSESSED
ArduPilot,InputC,MAV_CMD_DO_PAUSE_CONTINUE,22,A.ALT_HOLD1|A.ALT_HOLD2|A.BRAKE1|A.CHUTE1|A.DRIFT1|A.FLIP1|A.FLIP2|A.FLIP3|A.FLIPGeneral|A.GPS.FS1|A.GPS.FS2|A.GUIDED1|A.LAND1|A.LAND2|A.LOITER1|A.RC.FS1|A.RC.FS2|A.RTL1|A.RTL2|A.RTL3|A.RTL4|A.SPORT1,"MAV_CMD_DO_PAUSE_CONTINUE,193",baseline/pgfuzz/ArduPilot/policies/A.ALT_HOLD1/cmds.txt|baseline/pgfuzz/ArduPilot/policies/A.ALT_HOLD2/cmds.txt|baseline/pgfuzz/ArduPilot/policies/A.BRAKE1/cmds.txt|baseline/pgfuzz/ArduPilot/policies/A.CHUTE/cmds.txt|baseline/pgfuzz/ArduPilot/policies/A.DRIFT1/cmds.txt|baseline/pgfuzz/ArduPilot/policies/A.FLIP1/cmds.txt|baseline/pgfuzz/ArduPilot/policies/A.FLIP2/cmds.txt|baseline/pgfuzz/ArduPilot/policies/A.FLIP3/cmds.txt|baseline/pgfuzz/ArduPilot/policies/A.FLIP4/cmds.txt|baseline/pgfuzz/ArduPilot/policies/A.GPS.FS1/cmds.txt|baseline/pgfuzz/ArduPilot/policies/A.GPS.FS2/cmds.txt|baseline/pgfuzz/ArduPilot/policies/A.GUIDED1/cmds.txt|baseline/pgfuzz/ArduPilot/policies/A.LAND1/cmds.txt|baseline/pgfuzz/ArduPilot/policies/A.LAND2/cmds.txt|baseline/pgfuzz/ArduPilot/policies/A.LOITER1/cmds.txt|baseline/pgfuzz/ArduPilot/policies/A.RC.FS1/cmds.txt|baseline/pgfuzz/ArduPilot/policies/A.RC.FS2/cmds.txt|baseline/pgfuzz/ArduPilot/policies/A.RTL1/cmds.txt|baseline/pgfuzz/ArduPilot/policies/A.RTL2/cmds.txt|baseline/pgfuzz/ArduPilot/policies/A.RTL3/cmds.txt|baseline/pgfuzz/ArduPilot/policies/A.RTL4/cmds.txt|baseline/pgfuzz/ArduPilot/policies/A.SPORT1/cmds.txt,COMMAND_XML_DEFINITION_FOUND,MAV_CMD_DO_PAUSE_CONTINUE,EXACT_NAME_XML_DEFINITION,,,,,,,,UNKNOWN,,当前目录没有可用默认值证据。,,,,,,,,,,,NOT_TESTED,193,MATCH,baseline/ardupilot/modules/mavlink/message_definitions/v1.0/common.xml:1538,只确认协议 XML 定义；未由此证明当前飞控构建接受、执行或影响该性质。,NOT_ASSESSED
ArduPilot,InputC,MAV_CMD_DO_REPEAT_RELAY,22,A.ALT_HOLD1|A.ALT_HOLD2|A.BRAKE1|A.CHUTE1|A.DRIFT1|A.FLIP1|A.FLIP2|A.FLIP3|A.FLIPGeneral|A.GPS.FS1|A.GPS.FS2|A.GUIDED1|A.LAND1|A.LAND2|A.LOITER1|A.RC.FS1|A.RC.FS2|A.RTL1|A.RTL2|A.RTL3|A.RTL4|A.SPORT1,"MAV_CMD_DO_REPEAT_RELAY,182",baseline/pgfuzz/ArduPilot/policies/A.ALT_HOLD1/cmds.txt|baseline/pgfuzz/ArduPilot/policies/A.ALT_HOLD2/cmds.txt|baseline/pgfuzz/ArduPilot/policies/A.BRAKE1/cmds.txt|baseline/pgfuzz/ArduPilot/policies/A.CHUTE/cmds.txt|baseline/pgfuzz/ArduPilot/policies/A.DRIFT1/cmds.txt|baseline/pgfuzz/ArduPilot/policies/A.FLIP1/cmds.txt|baseline/pgfuzz/ArduPilot/policies/A.FLIP2/cmds.txt|baseline/pgfuzz/ArduPilot/policies/A.FLIP3/cmds.txt|baseline/pgfuzz/ArduPilot/policies/A.FLIP4/cmds.txt|baseline/pgfuzz/ArduPilot/policies/A.GPS.FS1/cmds.txt|baseline/pgfuzz/ArduPilot/policies/A.GPS.FS2/cmds.txt|baseline/pgfuzz/ArduPilot/policies/A.GUIDED1/cmds.txt|baseline/pgfuzz/ArduPilot/policies/A.LAND1/cmds.txt|baseline/pgfuzz/ArduPilot/policies/A.LAND2/cmds.txt|baseline/pgfuzz/ArduPilot/policies/A.LOITER1/cmds.txt|baseline/pgfuzz/ArduPilot/policies/A.RC.FS1/cmds.txt|baseline/pgfuzz/ArduPilot/policies/A.RC.FS2/cmds.txt|baseline/pgfuzz/ArduPilot/policies/A.RTL1/cmds.txt|baseline/pgfuzz/ArduPilot/policies/A.RTL2/cmds.txt|baseline/pgfuzz/ArduPilot/policies/A.RTL3/cmds.txt|baseline/pgfuzz/ArduPilot/policies/A.RTL4/cmds.txt|baseline/pgfuzz/ArduPilot/policies/A.SPORT1/cmds.txt,COMMAND_XML_DEFINITION_FOUND,MAV_CMD_DO_REPEAT_RELAY,EXACT_NAME_XML_DEFINITION,,,,,,,,UNKNOWN,,当前目录没有可用默认值证据。,,,,,,,,,,,NOT_TESTED,182,MATCH,baseline/ardupilot/modules/mavlink/message_definitions/v1.0/common.xml:1404,只确认协议 XML 定义；未由此证明当前飞控构建接受、执行或影响该性质。,NOT_ASSESSED
ArduPilot,InputC,MAV_CMD_DO_REPEAT_SERVO,22,A.ALT_HOLD1|A.ALT_HOLD2|A.BRAKE1|A.CHUTE1|A.DRIFT1|A.FLIP1|A.FLIP2|A.FLIP3|A.FLIPGeneral|A.GPS.FS1|A.GPS.FS2|A.GUIDED1|A.LAND1|A.LAND2|A.LOITER1|A.RC.FS1|A.RC.FS2|A.RTL1|A.RTL2|A.RTL3|A.RTL4|A.SPORT1,"MAV_CMD_DO_REPEAT_SERVO,184",baseline/pgfuzz/ArduPilot/policies/A.ALT_HOLD1/cmds.txt|baseline/pgfuzz/ArduPilot/policies/A.ALT_HOLD2/cmds.txt|baseline/pgfuzz/ArduPilot/policies/A.BRAKE1/cmds.txt|baseline/pgfuzz/ArduPilot/policies/A.CHUTE/cmds.txt|baseline/pgfuzz/ArduPilot/policies/A.DRIFT1/cmds.txt|baseline/pgfuzz/ArduPilot/policies/A.FLIP1/cmds.txt|baseline/pgfuzz/ArduPilot/policies/A.FLIP2/cmds.txt|baseline/pgfuzz/ArduPilot/policies/A.FLIP3/cmds.txt|baseline/pgfuzz/ArduPilot/policies/A.FLIP4/cmds.txt|baseline/pgfuzz/ArduPilot/policies/A.GPS.FS1/cmds.txt|baseline/pgfuzz/ArduPilot/policies/A.GPS.FS2/cmds.txt|baseline/pgfuzz/ArduPilot/policies/A.GUIDED1/cmds.txt|baseline/pgfuzz/ArduPilot/policies/A.LAND1/cmds.txt|baseline/pgfuzz/ArduPilot/policies/A.LAND2/cmds.txt|baseline/pgfuzz/ArduPilot/policies/A.LOITER1/cmds.txt|baseline/pgfuzz/ArduPilot/policies/A.RC.FS1/cmds.txt|baseline/pgfuzz/ArduPilot/policies/A.RC.FS2/cmds.txt|baseline/pgfuzz/ArduPilot/policies/A.RTL1/cmds.txt|baseline/pgfuzz/ArduPilot/policies/A.RTL2/cmds.txt|baseline/pgfuzz/ArduPilot/policies/A.RTL3/cmds.txt|baseline/pgfuzz/ArduPilot/policies/A.RTL4/cmds.txt|baseline/pgfuzz/ArduPilot/policies/A.SPORT1/cmds.txt,COMMAND_XML_DEFINITION_FOUND,MAV_CMD_DO_REPEAT_SERVO,EXACT_NAME_XML_DEFINITION,,,,,,,,UNKNOWN,,当前目录没有可用默认值证据。,,,,,,,,,,,NOT_TESTED,184,MATCH,baseline/ardupilot/modules/mavlink/message_definitions/v1.0/common.xml:1424,只确认协议 XML 定义；未由此证明当前飞控构建接受、执行或影响该性质。,NOT_ASSESSED
ArduPilot,InputC,MAV_CMD_DO_REPOSITION,22,A.ALT_HOLD1|A.ALT_HOLD2|A.BRAKE1|A.CHUTE1|A.DRIFT1|A.FLIP1|A.FLIP2|A.FLIP3|A.FLIPGeneral|A.GPS.FS1|A.GPS.FS2|A.GUIDED1|A.LAND1|A.LAND2|A.LOITER1|A.RC.FS1|A.RC.FS2|A.RTL1|A.RTL2|A.RTL3|A.RTL4|A.SPORT1,"MAV_CMD_DO_REPOSITION,192",baseline/pgfuzz/ArduPilot/policies/A.ALT_HOLD1/cmds.txt|baseline/pgfuzz/ArduPilot/policies/A.ALT_HOLD2/cmds.txt|baseline/pgfuzz/ArduPilot/policies/A.BRAKE1/cmds.txt|baseline/pgfuzz/ArduPilot/policies/A.CHUTE/cmds.txt|baseline/pgfuzz/ArduPilot/policies/A.DRIFT1/cmds.txt|baseline/pgfuzz/ArduPilot/policies/A.FLIP1/cmds.txt|baseline/pgfuzz/ArduPilot/policies/A.FLIP2/cmds.txt|baseline/pgfuzz/ArduPilot/policies/A.FLIP3/cmds.txt|baseline/pgfuzz/ArduPilot/policies/A.FLIP4/cmds.txt|baseline/pgfuzz/ArduPilot/policies/A.GPS.FS1/cmds.txt|baseline/pgfuzz/ArduPilot/policies/A.GPS.FS2/cmds.txt|baseline/pgfuzz/ArduPilot/policies/A.GUIDED1/cmds.txt|baseline/pgfuzz/ArduPilot/policies/A.LAND1/cmds.txt|baseline/pgfuzz/ArduPilot/policies/A.LAND2/cmds.txt|baseline/pgfuzz/ArduPilot/policies/A.LOITER1/cmds.txt|baseline/pgfuzz/ArduPilot/policies/A.RC.FS1/cmds.txt|baseline/pgfuzz/ArduPilot/policies/A.RC.FS2/cmds.txt|baseline/pgfuzz/ArduPilot/policies/A.RTL1/cmds.txt|baseline/pgfuzz/ArduPilot/policies/A.RTL2/cmds.txt|baseline/pgfuzz/ArduPilot/policies/A.RTL3/cmds.txt|baseline/pgfuzz/ArduPilot/policies/A.RTL4/cmds.txt|baseline/pgfuzz/ArduPilot/policies/A.SPORT1/cmds.txt,COMMAND_XML_DEFINITION_FOUND,MAV_CMD_DO_REPOSITION,EXACT_NAME_XML_DEFINITION,,,,,,,,UNKNOWN,,当前目录没有可用默认值证据。,,,,,,,,,,,NOT_TESTED,192,MATCH,baseline/ardupilot/modules/mavlink/message_definitions/v1.0/common.xml:1528,只确认协议 XML 定义；未由此证明当前飞控构建接受、执行或影响该性质。,NOT_ASSESSED
ArduPilot,InputC,MAV_CMD_DO_SEND_BANNER,24,A.ALT_HOLD1|A.ALT_HOLD2|A.AUTO1|A.BRAKE1|A.CHUTE1|A.CIRCLE7|A.DRIFT1|A.FLIP1|A.FLIP2|A.FLIP3|A.FLIPGeneral|A.GPS.FS1|A.GPS.FS2|A.GUIDED1|A.LAND1|A.LAND2|A.LOITER1|A.RC.FS1|A.RC.FS2|A.RTL1|A.RTL2|A.RTL3|A.RTL4|A.SPORT1,"MAV_CMD_DO_SEND_BANNER,42428",baseline/pgfuzz/ArduPilot/policies/A.ALT_HOLD1/cmds.txt|baseline/pgfuzz/ArduPilot/policies/A.ALT_HOLD2/cmds.txt|baseline/pgfuzz/ArduPilot/policies/A.AUTO1/cmds.txt|baseline/pgfuzz/ArduPilot/policies/A.BRAKE1/cmds.txt|baseline/pgfuzz/ArduPilot/policies/A.CHUTE/cmds.txt|baseline/pgfuzz/ArduPilot/policies/A.CIRCLE7/cmds.txt|baseline/pgfuzz/ArduPilot/policies/A.DRIFT1/cmds.txt|baseline/pgfuzz/ArduPilot/policies/A.FLIP1/cmds.txt|baseline/pgfuzz/ArduPilot/policies/A.FLIP2/cmds.txt|baseline/pgfuzz/ArduPilot/policies/A.FLIP3/cmds.txt|baseline/pgfuzz/ArduPilot/policies/A.FLIP4/cmds.txt|baseline/pgfuzz/ArduPilot/policies/A.GPS.FS1/cmds.txt|baseline/pgfuzz/ArduPilot/policies/A.GPS.FS2/cmds.txt|baseline/pgfuzz/ArduPilot/policies/A.GUIDED1/cmds.txt|baseline/pgfuzz/ArduPilot/policies/A.LAND1/cmds.txt|baseline/pgfuzz/ArduPilot/policies/A.LAND2/cmds.txt|baseline/pgfuzz/ArduPilot/policies/A.LOITER1/cmds.txt|baseline/pgfuzz/ArduPilot/policies/A.RC.FS1/cmds.txt|baseline/pgfuzz/ArduPilot/policies/A.RC.FS2/cmds.txt|baseline/pgfuzz/ArduPilot/policies/A.RTL1/cmds.txt|baseline/pgfuzz/ArduPilot/policies/A.RTL2/cmds.txt|baseline/pgfuzz/ArduPilot/policies/A.RTL3/cmds.txt|baseline/pgfuzz/ArduPilot/policies/A.RTL4/cmds.txt|baseline/pgfuzz/ArduPilot/policies/A.SPORT1/cmds.txt,COMMAND_XML_DEFINITION_FOUND,MAV_CMD_DO_SEND_BANNER,EXACT_NAME_XML_DEFINITION,,,,,,,,UNKNOWN,,当前目录没有可用默认值证据。,,,,,,,,,,,NOT_TESTED,42428,MATCH,baseline/ardupilot/modules/mavlink/message_definitions/v1.0/ardupilotmega.xml:190,只确认协议 XML 定义；未由此证明当前飞控构建接受、执行或影响该性质。,NOT_ASSESSED
ArduPilot,InputC,MAV_CMD_DO_SET_CAM_TRIGG_DIST,22,A.ALT_HOLD1|A.ALT_HOLD2|A.BRAKE1|A.CHUTE1|A.DRIFT1|A.FLIP1|A.FLIP2|A.FLIP3|A.FLIPGeneral|A.GPS.FS1|A.GPS.FS2|A.GUIDED1|A.LAND1|A.LAND2|A.LOITER1|A.RC.FS1|A.RC.FS2|A.RTL1|A.RTL2|A.RTL3|A.RTL4|A.SPORT1,"MAV_CMD_DO_SET_CAM_TRIGG_DIST,206",baseline/pgfuzz/ArduPilot/policies/A.ALT_HOLD1/cmds.txt|baseline/pgfuzz/ArduPilot/policies/A.ALT_HOLD2/cmds.txt|baseline/pgfuzz/ArduPilot/policies/A.BRAKE1/cmds.txt|baseline/pgfuzz/ArduPilot/policies/A.CHUTE/cmds.txt|baseline/pgfuzz/ArduPilot/policies/A.DRIFT1/cmds.txt|baseline/pgfuzz/ArduPilot/policies/A.FLIP1/cmds.txt|baseline/pgfuzz/ArduPilot/policies/A.FLIP2/cmds.txt|baseline/pgfuzz/ArduPilot/policies/A.FLIP3/cmds.txt|baseline/pgfuzz/ArduPilot/policies/A.FLIP4/cmds.txt|baseline/pgfuzz/ArduPilot/policies/A.GPS.FS1/cmds.txt|baseline/pgfuzz/ArduPilot/policies/A.GPS.FS2/cmds.txt|baseline/pgfuzz/ArduPilot/policies/A.GUIDED1/cmds.txt|baseline/pgfuzz/ArduPilot/policies/A.LAND1/cmds.txt|baseline/pgfuzz/ArduPilot/policies/A.LAND2/cmds.txt|baseline/pgfuzz/ArduPilot/policies/A.LOITER1/cmds.txt|baseline/pgfuzz/ArduPilot/policies/A.RC.FS1/cmds.txt|baseline/pgfuzz/ArduPilot/policies/A.RC.FS2/cmds.txt|baseline/pgfuzz/ArduPilot/policies/A.RTL1/cmds.txt|baseline/pgfuzz/ArduPilot/policies/A.RTL2/cmds.txt|baseline/pgfuzz/ArduPilot/policies/A.RTL3/cmds.txt|baseline/pgfuzz/ArduPilot/policies/A.RTL4/cmds.txt|baseline/pgfuzz/ArduPilot/policies/A.SPORT1/cmds.txt,COMMAND_XML_DEFINITION_FOUND,MAV_CMD_DO_SET_CAM_TRIGG_DIST,EXACT_NAME_XML_DEFINITION,,,,,,,,UNKNOWN,,当前目录没有可用默认值证据。,,,,,,,,,,,NOT_TESTED,206,MATCH,baseline/ardupilot/modules/mavlink/message_definitions/v1.0/common.xml:1658,只确认协议 XML 定义；未由此证明当前飞控构建接受、执行或影响该性质。,NOT_ASSESSED
ArduPilot,InputC,MAV_CMD_DO_SET_HOME,22,A.ALT_HOLD1|A.ALT_HOLD2|A.BRAKE1|A.CHUTE1|A.DRIFT1|A.FLIP1|A.FLIP2|A.FLIP3|A.FLIPGeneral|A.GPS.FS1|A.GPS.FS2|A.GUIDED1|A.LAND1|A.LAND2|A.LOITER1|A.RC.FS1|A.RC.FS2|A.RTL1|A.RTL2|A.RTL3|A.RTL4|A.SPORT1,"MAV_CMD_DO_SET_HOME,179",baseline/pgfuzz/ArduPilot/policies/A.ALT_HOLD1/cmds.txt|baseline/pgfuzz/ArduPilot/policies/A.ALT_HOLD2/cmds.txt|baseline/pgfuzz/ArduPilot/policies/A.BRAKE1/cmds.txt|baseline/pgfuzz/ArduPilot/policies/A.CHUTE/cmds.txt|baseline/pgfuzz/ArduPilot/policies/A.DRIFT1/cmds.txt|baseline/pgfuzz/ArduPilot/policies/A.FLIP1/cmds.txt|baseline/pgfuzz/ArduPilot/policies/A.FLIP2/cmds.txt|baseline/pgfuzz/ArduPilot/policies/A.FLIP3/cmds.txt|baseline/pgfuzz/ArduPilot/policies/A.FLIP4/cmds.txt|baseline/pgfuzz/ArduPilot/policies/A.GPS.FS1/cmds.txt|baseline/pgfuzz/ArduPilot/policies/A.GPS.FS2/cmds.txt|baseline/pgfuzz/ArduPilot/policies/A.GUIDED1/cmds.txt|baseline/pgfuzz/ArduPilot/policies/A.LAND1/cmds.txt|baseline/pgfuzz/ArduPilot/policies/A.LAND2/cmds.txt|baseline/pgfuzz/ArduPilot/policies/A.LOITER1/cmds.txt|baseline/pgfuzz/ArduPilot/policies/A.RC.FS1/cmds.txt|baseline/pgfuzz/ArduPilot/policies/A.RC.FS2/cmds.txt|baseline/pgfuzz/ArduPilot/policies/A.RTL1/cmds.txt|baseline/pgfuzz/ArduPilot/policies/A.RTL2/cmds.txt|baseline/pgfuzz/ArduPilot/policies/A.RTL3/cmds.txt|baseline/pgfuzz/ArduPilot/policies/A.RTL4/cmds.txt|baseline/pgfuzz/ArduPilot/policies/A.SPORT1/cmds.txt,COMMAND_XML_DEFINITION_FOUND,MAV_CMD_DO_SET_HOME,EXACT_NAME_XML_DEFINITION,,,,,,,,UNKNOWN,,当前目录没有可用默认值证据。,,,,,,,,,,,NOT_TESTED,179,MATCH,baseline/ardupilot/modules/mavlink/message_definitions/v1.0/common.xml:1368,只确认协议 XML 定义；未由此证明当前飞控构建接受、执行或影响该性质。,NOT_ASSESSED
ArduPilot,InputC,MAV_CMD_DO_SET_MODE,22,A.ALT_HOLD1|A.ALT_HOLD2|A.BRAKE1|A.CHUTE1|A.DRIFT1|A.FLIP1|A.FLIP2|A.FLIP3|A.FLIPGeneral|A.GPS.FS1|A.GPS.FS2|A.GUIDED1|A.LAND1|A.LAND2|A.LOITER1|A.RC.FS1|A.RC.FS2|A.RTL1|A.RTL2|A.RTL3|A.RTL4|A.SPORT1,"MAV_CMD_DO_SET_MODE,176",baseline/pgfuzz/ArduPilot/policies/A.ALT_HOLD1/cmds.txt|baseline/pgfuzz/ArduPilot/policies/A.ALT_HOLD2/cmds.txt|baseline/pgfuzz/ArduPilot/policies/A.BRAKE1/cmds.txt|baseline/pgfuzz/ArduPilot/policies/A.CHUTE/cmds.txt|baseline/pgfuzz/ArduPilot/policies/A.DRIFT1/cmds.txt|baseline/pgfuzz/ArduPilot/policies/A.FLIP1/cmds.txt|baseline/pgfuzz/ArduPilot/policies/A.FLIP2/cmds.txt|baseline/pgfuzz/ArduPilot/policies/A.FLIP3/cmds.txt|baseline/pgfuzz/ArduPilot/policies/A.FLIP4/cmds.txt|baseline/pgfuzz/ArduPilot/policies/A.GPS.FS1/cmds.txt|baseline/pgfuzz/ArduPilot/policies/A.GPS.FS2/cmds.txt|baseline/pgfuzz/ArduPilot/policies/A.GUIDED1/cmds.txt|baseline/pgfuzz/ArduPilot/policies/A.LAND1/cmds.txt|baseline/pgfuzz/ArduPilot/policies/A.LAND2/cmds.txt|baseline/pgfuzz/ArduPilot/policies/A.LOITER1/cmds.txt|baseline/pgfuzz/ArduPilot/policies/A.RC.FS1/cmds.txt|baseline/pgfuzz/ArduPilot/policies/A.RC.FS2/cmds.txt|baseline/pgfuzz/ArduPilot/policies/A.RTL1/cmds.txt|baseline/pgfuzz/ArduPilot/policies/A.RTL2/cmds.txt|baseline/pgfuzz/ArduPilot/policies/A.RTL3/cmds.txt|baseline/pgfuzz/ArduPilot/policies/A.RTL4/cmds.txt|baseline/pgfuzz/ArduPilot/policies/A.SPORT1/cmds.txt,COMMAND_XML_DEFINITION_FOUND,MAV_CMD_DO_SET_MODE,EXACT_NAME_XML_DEFINITION,,,,,,,,UNKNOWN,,当前目录没有可用默认值证据。,,,,,,,,,,,NOT_TESTED,176,MATCH,baseline/ardupilot/modules/mavlink/message_definitions/v1.0/common.xml:1338,只确认协议 XML 定义；未由此证明当前飞控构建接受、执行或影响该性质。,NOT_ASSESSED
ArduPilot,InputC,MAV_CMD_DO_SET_RELAY,22,A.ALT_HOLD1|A.ALT_HOLD2|A.BRAKE1|A.CHUTE1|A.DRIFT1|A.FLIP1|A.FLIP2|A.FLIP3|A.FLIPGeneral|A.GPS.FS1|A.GPS.FS2|A.GUIDED1|A.LAND1|A.LAND2|A.LOITER1|A.RC.FS1|A.RC.FS2|A.RTL1|A.RTL2|A.RTL3|A.RTL4|A.SPORT1,"MAV_CMD_DO_SET_RELAY,181",baseline/pgfuzz/ArduPilot/policies/A.ALT_HOLD1/cmds.txt|baseline/pgfuzz/ArduPilot/policies/A.ALT_HOLD2/cmds.txt|baseline/pgfuzz/ArduPilot/policies/A.BRAKE1/cmds.txt|baseline/pgfuzz/ArduPilot/policies/A.CHUTE/cmds.txt|baseline/pgfuzz/ArduPilot/policies/A.DRIFT1/cmds.txt|baseline/pgfuzz/ArduPilot/policies/A.FLIP1/cmds.txt|baseline/pgfuzz/ArduPilot/policies/A.FLIP2/cmds.txt|baseline/pgfuzz/ArduPilot/policies/A.FLIP3/cmds.txt|baseline/pgfuzz/ArduPilot/policies/A.FLIP4/cmds.txt|baseline/pgfuzz/ArduPilot/policies/A.GPS.FS1/cmds.txt|baseline/pgfuzz/ArduPilot/policies/A.GPS.FS2/cmds.txt|baseline/pgfuzz/ArduPilot/policies/A.GUIDED1/cmds.txt|baseline/pgfuzz/ArduPilot/policies/A.LAND1/cmds.txt|baseline/pgfuzz/ArduPilot/policies/A.LAND2/cmds.txt|baseline/pgfuzz/ArduPilot/policies/A.LOITER1/cmds.txt|baseline/pgfuzz/ArduPilot/policies/A.RC.FS1/cmds.txt|baseline/pgfuzz/ArduPilot/policies/A.RC.FS2/cmds.txt|baseline/pgfuzz/ArduPilot/policies/A.RTL1/cmds.txt|baseline/pgfuzz/ArduPilot/policies/A.RTL2/cmds.txt|baseline/pgfuzz/ArduPilot/policies/A.RTL3/cmds.txt|baseline/pgfuzz/ArduPilot/policies/A.RTL4/cmds.txt|baseline/pgfuzz/ArduPilot/policies/A.SPORT1/cmds.txt,COMMAND_XML_DEFINITION_FOUND,MAV_CMD_DO_SET_RELAY,EXACT_NAME_XML_DEFINITION,,,,,,,,UNKNOWN,,当前目录没有可用默认值证据。,,,,,,,,,,,NOT_TESTED,181,MATCH,baseline/ardupilot/modules/mavlink/message_definitions/v1.0/common.xml:1394,只确认协议 XML 定义；未由此证明当前飞控构建接受、执行或影响该性质。,NOT_ASSESSED
ArduPilot,InputC,MAV_CMD_DO_SET_ROI,24,A.ALT_HOLD1|A.ALT_HOLD2|A.AUTO1|A.BRAKE1|A.CHUTE1|A.CIRCLE7|A.DRIFT1|A.FLIP1|A.FLIP2|A.FLIP3|A.FLIPGeneral|A.GPS.FS1|A.GPS.FS2|A.GUIDED1|A.LAND1|A.LAND2|A.LOITER1|A.RC.FS1|A.RC.FS2|A.RTL1|A.RTL2|A.RTL3|A.RTL4|A.SPORT1,"MAV_CMD_DO_SET_ROI,201",baseline/pgfuzz/ArduPilot/policies/A.ALT_HOLD1/cmds.txt|baseline/pgfuzz/ArduPilot/policies/A.ALT_HOLD2/cmds.txt|baseline/pgfuzz/ArduPilot/policies/A.AUTO1/cmds.txt|baseline/pgfuzz/ArduPilot/policies/A.BRAKE1/cmds.txt|baseline/pgfuzz/ArduPilot/policies/A.CHUTE/cmds.txt|baseline/pgfuzz/ArduPilot/policies/A.CIRCLE7/cmds.txt|baseline/pgfuzz/ArduPilot/policies/A.DRIFT1/cmds.txt|baseline/pgfuzz/ArduPilot/policies/A.FLIP1/cmds.txt|baseline/pgfuzz/ArduPilot/policies/A.FLIP2/cmds.txt|baseline/pgfuzz/ArduPilot/policies/A.FLIP3/cmds.txt|baseline/pgfuzz/ArduPilot/policies/A.FLIP4/cmds.txt|baseline/pgfuzz/ArduPilot/policies/A.GPS.FS1/cmds.txt|baseline/pgfuzz/ArduPilot/policies/A.GPS.FS2/cmds.txt|baseline/pgfuzz/ArduPilot/policies/A.GUIDED1/cmds.txt|baseline/pgfuzz/ArduPilot/policies/A.LAND1/cmds.txt|baseline/pgfuzz/ArduPilot/policies/A.LAND2/cmds.txt|baseline/pgfuzz/ArduPilot/policies/A.LOITER1/cmds.txt|baseline/pgfuzz/ArduPilot/policies/A.RC.FS1/cmds.txt|baseline/pgfuzz/ArduPilot/policies/A.RC.FS2/cmds.txt|baseline/pgfuzz/ArduPilot/policies/A.RTL1/cmds.txt|baseline/pgfuzz/ArduPilot/policies/A.RTL2/cmds.txt|baseline/pgfuzz/ArduPilot/policies/A.RTL3/cmds.txt|baseline/pgfuzz/ArduPilot/policies/A.RTL4/cmds.txt|baseline/pgfuzz/ArduPilot/policies/A.SPORT1/cmds.txt,COMMAND_XML_DEFINITION_FOUND,MAV_CMD_DO_SET_ROI,EXACT_NAME_XML_DEFINITION,,,,,,,,UNKNOWN,,当前目录没有可用默认值证据。,,,,,,,,,,,NOT_TESTED,201,MATCH,baseline/ardupilot/modules/mavlink/message_definitions/v1.0/common.xml:1602,只确认协议 XML 定义；未由此证明当前飞控构建接受、执行或影响该性质。,NOT_ASSESSED
ArduPilot,InputC,MAV_CMD_DO_SET_SERVO,22,A.ALT_HOLD1|A.ALT_HOLD2|A.BRAKE1|A.CHUTE1|A.DRIFT1|A.FLIP1|A.FLIP2|A.FLIP3|A.FLIPGeneral|A.GPS.FS1|A.GPS.FS2|A.GUIDED1|A.LAND1|A.LAND2|A.LOITER1|A.RC.FS1|A.RC.FS2|A.RTL1|A.RTL2|A.RTL3|A.RTL4|A.SPORT1,"MAV_CMD_DO_SET_SERVO,183",baseline/pgfuzz/ArduPilot/policies/A.ALT_HOLD1/cmds.txt|baseline/pgfuzz/ArduPilot/policies/A.ALT_HOLD2/cmds.txt|baseline/pgfuzz/ArduPilot/policies/A.BRAKE1/cmds.txt|baseline/pgfuzz/ArduPilot/policies/A.CHUTE/cmds.txt|baseline/pgfuzz/ArduPilot/policies/A.DRIFT1/cmds.txt|baseline/pgfuzz/ArduPilot/policies/A.FLIP1/cmds.txt|baseline/pgfuzz/ArduPilot/policies/A.FLIP2/cmds.txt|baseline/pgfuzz/ArduPilot/policies/A.FLIP3/cmds.txt|baseline/pgfuzz/ArduPilot/policies/A.FLIP4/cmds.txt|baseline/pgfuzz/ArduPilot/policies/A.GPS.FS1/cmds.txt|baseline/pgfuzz/ArduPilot/policies/A.GPS.FS2/cmds.txt|baseline/pgfuzz/ArduPilot/policies/A.GUIDED1/cmds.txt|baseline/pgfuzz/ArduPilot/policies/A.LAND1/cmds.txt|baseline/pgfuzz/ArduPilot/policies/A.LAND2/cmds.txt|baseline/pgfuzz/ArduPilot/policies/A.LOITER1/cmds.txt|baseline/pgfuzz/ArduPilot/policies/A.RC.FS1/cmds.txt|baseline/pgfuzz/ArduPilot/policies/A.RC.FS2/cmds.txt|baseline/pgfuzz/ArduPilot/policies/A.RTL1/cmds.txt|baseline/pgfuzz/ArduPilot/policies/A.RTL2/cmds.txt|baseline/pgfuzz/ArduPilot/policies/A.RTL3/cmds.txt|baseline/pgfuzz/ArduPilot/policies/A.RTL4/cmds.txt|baseline/pgfuzz/ArduPilot/policies/A.SPORT1/cmds.txt,COMMAND_XML_DEFINITION_FOUND,MAV_CMD_DO_SET_SERVO,EXACT_NAME_XML_DEFINITION,,,,,,,,UNKNOWN,,当前目录没有可用默认值证据。,,,,,,,,,,,NOT_TESTED,183,MATCH,baseline/ardupilot/modules/mavlink/message_definitions/v1.0/common.xml:1414,只确认协议 XML 定义；未由此证明当前飞控构建接受、执行或影响该性质。,NOT_ASSESSED
ArduPilot,InputC,MAV_CMD_DO_START_MAG_CAL,30,A.ALT_HOLD1|A.ALT_HOLD2|A.AUTO1|A.BRAKE1|A.CHUTE1|A.CIRCLE1|A.CIRCLE2|A.CIRCLE3|A.CIRCLE4|A.CIRCLE5|A.CIRCLE6|A.CIRCLE7|A.DRIFT1|A.FLIP1|A.FLIP2|A.FLIP3|A.FLIPGeneral|A.GPS.FS1|A.GPS.FS2|A.GUIDED1|A.LAND1|A.LAND2|A.LOITER1|A.RC.FS1|A.RC.FS2|A.RTL1|A.RTL2|A.RTL3|A.RTL4|A.SPORT1,"MAV_CMD_DO_START_MAG_CAL,42424",baseline/pgfuzz/ArduPilot/policies/A.ALT_HOLD1/cmds.txt|baseline/pgfuzz/ArduPilot/policies/A.ALT_HOLD2/cmds.txt|baseline/pgfuzz/ArduPilot/policies/A.AUTO1/cmds.txt|baseline/pgfuzz/ArduPilot/policies/A.BRAKE1/cmds.txt|baseline/pgfuzz/ArduPilot/policies/A.CHUTE/cmds.txt|baseline/pgfuzz/ArduPilot/policies/A.CIRCLE1/cmds.txt|baseline/pgfuzz/ArduPilot/policies/A.CIRCLE2/cmds.txt|baseline/pgfuzz/ArduPilot/policies/A.CIRCLE3/cmds.txt|baseline/pgfuzz/ArduPilot/policies/A.CIRCLE4_6/cmds.txt|baseline/pgfuzz/ArduPilot/policies/A.CIRCLE7/cmds.txt|baseline/pgfuzz/ArduPilot/policies/A.DRIFT1/cmds.txt|baseline/pgfuzz/ArduPilot/policies/A.FLIP1/cmds.txt|baseline/pgfuzz/ArduPilot/policies/A.FLIP2/cmds.txt|baseline/pgfuzz/ArduPilot/policies/A.FLIP3/cmds.txt|baseline/pgfuzz/ArduPilot/policies/A.FLIP4/cmds.txt|baseline/pgfuzz/ArduPilot/policies/A.GPS.FS1/cmds.txt|baseline/pgfuzz/ArduPilot/policies/A.GPS.FS2/cmds.txt|baseline/pgfuzz/ArduPilot/policies/A.GUIDED1/cmds.txt|baseline/pgfuzz/ArduPilot/policies/A.LAND1/cmds.txt|baseline/pgfuzz/ArduPilot/policies/A.LAND2/cmds.txt|baseline/pgfuzz/ArduPilot/policies/A.LOITER1/cmds.txt|baseline/pgfuzz/ArduPilot/policies/A.RC.FS1/cmds.txt|baseline/pgfuzz/ArduPilot/policies/A.RC.FS2/cmds.txt|baseline/pgfuzz/ArduPilot/policies/A.RTL1/cmds.txt|baseline/pgfuzz/ArduPilot/policies/A.RTL2/cmds.txt|baseline/pgfuzz/ArduPilot/policies/A.RTL3/cmds.txt|baseline/pgfuzz/ArduPilot/policies/A.RTL4/cmds.txt|baseline/pgfuzz/ArduPilot/policies/A.SPORT1/cmds.txt,COMMAND_XML_DEFINITION_FOUND,MAV_CMD_DO_START_MAG_CAL,EXACT_NAME_XML_DEFINITION,,,,,,,,UNKNOWN,,当前目录没有可用默认值证据。,,,,,,,,,,,NOT_TESTED,42424,MATCH,baseline/ardupilot/modules/mavlink/message_definitions/v1.0/ardupilotmega.xml:150,只确认协议 XML 定义；未由此证明当前飞控构建接受、执行或影响该性质。,NOT_ASSESSED
ArduPilot,InputC,MAV_CMD_DO_WINCH,2,A.AUTO1|A.CIRCLE7,"MAV_CMD_DO_WINCH,42600",baseline/pgfuzz/ArduPilot/policies/A.AUTO1/cmds.txt|baseline/pgfuzz/ArduPilot/policies/A.CIRCLE7/cmds.txt,COMMAND_XML_DEFINITION_FOUND,MAV_CMD_DO_WINCH,EXACT_NAME_XML_DEFINITION,,,,,,,,UNKNOWN,,当前目录没有可用默认值证据。,,,,,,,,,,,NOT_TESTED,42600,MATCH,baseline/ardupilot/modules/mavlink/message_definitions/v1.0/common.xml:2462,只确认协议 XML 定义；未由此证明当前飞控构建接受、执行或影响该性质。,NOT_ASSESSED
ArduPilot,InputC,MAV_CMD_FIXED_MAG_CAL,22,A.ALT_HOLD1|A.ALT_HOLD2|A.BRAKE1|A.CHUTE1|A.DRIFT1|A.FLIP1|A.FLIP2|A.FLIP3|A.FLIPGeneral|A.GPS.FS1|A.GPS.FS2|A.GUIDED1|A.LAND1|A.LAND2|A.LOITER1|A.RC.FS1|A.RC.FS2|A.RTL1|A.RTL2|A.RTL3|A.RTL4|A.SPORT1,"MAV_CMD_FIXED_MAG_CAL,42004",baseline/pgfuzz/ArduPilot/policies/A.ALT_HOLD1/cmds.txt|baseline/pgfuzz/ArduPilot/policies/A.ALT_HOLD2/cmds.txt|baseline/pgfuzz/ArduPilot/policies/A.BRAKE1/cmds.txt|baseline/pgfuzz/ArduPilot/policies/A.CHUTE/cmds.txt|baseline/pgfuzz/ArduPilot/policies/A.DRIFT1/cmds.txt|baseline/pgfuzz/ArduPilot/policies/A.FLIP1/cmds.txt|baseline/pgfuzz/ArduPilot/policies/A.FLIP2/cmds.txt|baseline/pgfuzz/ArduPilot/policies/A.FLIP3/cmds.txt|baseline/pgfuzz/ArduPilot/policies/A.FLIP4/cmds.txt|baseline/pgfuzz/ArduPilot/policies/A.GPS.FS1/cmds.txt|baseline/pgfuzz/ArduPilot/policies/A.GPS.FS2/cmds.txt|baseline/pgfuzz/ArduPilot/policies/A.GUIDED1/cmds.txt|baseline/pgfuzz/ArduPilot/policies/A.LAND1/cmds.txt|baseline/pgfuzz/ArduPilot/policies/A.LAND2/cmds.txt|baseline/pgfuzz/ArduPilot/policies/A.LOITER1/cmds.txt|baseline/pgfuzz/ArduPilot/policies/A.RC.FS1/cmds.txt|baseline/pgfuzz/ArduPilot/policies/A.RC.FS2/cmds.txt|baseline/pgfuzz/ArduPilot/policies/A.RTL1/cmds.txt|baseline/pgfuzz/ArduPilot/policies/A.RTL2/cmds.txt|baseline/pgfuzz/ArduPilot/policies/A.RTL3/cmds.txt|baseline/pgfuzz/ArduPilot/policies/A.RTL4/cmds.txt|baseline/pgfuzz/ArduPilot/policies/A.SPORT1/cmds.txt,COMMAND_XML_DEFINITION_FOUND,MAV_CMD_FIXED_MAG_CAL,EXACT_NAME_XML_DEFINITION,,,,,,,,UNKNOWN,,当前目录没有可用默认值证据。,,,,,,,,,,,NOT_TESTED,42004,MATCH,baseline/ardupilot/modules/mavlink/message_definitions/v1.0/ardupilotmega.xml:118,只确认协议 XML 定义；未由此证明当前飞控构建接受、执行或影响该性质。,NOT_ASSESSED
ArduPilot,InputC,MAV_CMD_FIXED_MAG_CAL_FIELD,22,A.ALT_HOLD1|A.ALT_HOLD2|A.BRAKE1|A.CHUTE1|A.DRIFT1|A.FLIP1|A.FLIP2|A.FLIP3|A.FLIPGeneral|A.GPS.FS1|A.GPS.FS2|A.GUIDED1|A.LAND1|A.LAND2|A.LOITER1|A.RC.FS1|A.RC.FS2|A.RTL1|A.RTL2|A.RTL3|A.RTL4|A.SPORT1,"MAV_CMD_FIXED_MAG_CAL_FIELD,42005",baseline/pgfuzz/ArduPilot/policies/A.ALT_HOLD1/cmds.txt|baseline/pgfuzz/ArduPilot/policies/A.ALT_HOLD2/cmds.txt|baseline/pgfuzz/ArduPilot/policies/A.BRAKE1/cmds.txt|baseline/pgfuzz/ArduPilot/policies/A.CHUTE/cmds.txt|baseline/pgfuzz/ArduPilot/policies/A.DRIFT1/cmds.txt|baseline/pgfuzz/ArduPilot/policies/A.FLIP1/cmds.txt|baseline/pgfuzz/ArduPilot/policies/A.FLIP2/cmds.txt|baseline/pgfuzz/ArduPilot/policies/A.FLIP3/cmds.txt|baseline/pgfuzz/ArduPilot/policies/A.FLIP4/cmds.txt|baseline/pgfuzz/ArduPilot/policies/A.GPS.FS1/cmds.txt|baseline/pgfuzz/ArduPilot/policies/A.GPS.FS2/cmds.txt|baseline/pgfuzz/ArduPilot/policies/A.GUIDED1/cmds.txt|baseline/pgfuzz/ArduPilot/policies/A.LAND1/cmds.txt|baseline/pgfuzz/ArduPilot/policies/A.LAND2/cmds.txt|baseline/pgfuzz/ArduPilot/policies/A.LOITER1/cmds.txt|baseline/pgfuzz/ArduPilot/policies/A.RC.FS1/cmds.txt|baseline/pgfuzz/ArduPilot/policies/A.RC.FS2/cmds.txt|baseline/pgfuzz/ArduPilot/policies/A.RTL1/cmds.txt|baseline/pgfuzz/ArduPilot/policies/A.RTL2/cmds.txt|baseline/pgfuzz/ArduPilot/policies/A.RTL3/cmds.txt|baseline/pgfuzz/ArduPilot/policies/A.RTL4/cmds.txt|baseline/pgfuzz/ArduPilot/policies/A.SPORT1/cmds.txt,COMMAND_XML_DEFINITION_FOUND,MAV_CMD_FIXED_MAG_CAL_FIELD,EXACT_NAME_XML_DEFINITION,,,,,,,,UNKNOWN,,当前目录没有可用默认值证据。,,,,,,,,,,,NOT_TESTED,42005,MATCH,baseline/ardupilot/modules/mavlink/message_definitions/v1.0/ardupilotmega.xml:129,只确认协议 XML 定义；未由此证明当前飞控构建接受、执行或影响该性质。,NOT_ASSESSED
ArduPilot,InputC,MAV_CMD_FIXED_MAG_CAL_YAW,22,A.ALT_HOLD1|A.ALT_HOLD2|A.BRAKE1|A.CHUTE1|A.DRIFT1|A.FLIP1|A.FLIP2|A.FLIP3|A.FLIPGeneral|A.GPS.FS1|A.GPS.FS2|A.GUIDED1|A.LAND1|A.LAND2|A.LOITER1|A.RC.FS1|A.RC.FS2|A.RTL1|A.RTL2|A.RTL3|A.RTL4|A.SPORT1,"MAV_CMD_FIXED_MAG_CAL_YAW,42006",baseline/pgfuzz/ArduPilot/policies/A.ALT_HOLD1/cmds.txt|baseline/pgfuzz/ArduPilot/policies/A.ALT_HOLD2/cmds.txt|baseline/pgfuzz/ArduPilot/policies/A.BRAKE1/cmds.txt|baseline/pgfuzz/ArduPilot/policies/A.CHUTE/cmds.txt|baseline/pgfuzz/ArduPilot/policies/A.DRIFT1/cmds.txt|baseline/pgfuzz/ArduPilot/policies/A.FLIP1/cmds.txt|baseline/pgfuzz/ArduPilot/policies/A.FLIP2/cmds.txt|baseline/pgfuzz/ArduPilot/policies/A.FLIP3/cmds.txt|baseline/pgfuzz/ArduPilot/policies/A.FLIP4/cmds.txt|baseline/pgfuzz/ArduPilot/policies/A.GPS.FS1/cmds.txt|baseline/pgfuzz/ArduPilot/policies/A.GPS.FS2/cmds.txt|baseline/pgfuzz/ArduPilot/policies/A.GUIDED1/cmds.txt|baseline/pgfuzz/ArduPilot/policies/A.LAND1/cmds.txt|baseline/pgfuzz/ArduPilot/policies/A.LAND2/cmds.txt|baseline/pgfuzz/ArduPilot/policies/A.LOITER1/cmds.txt|baseline/pgfuzz/ArduPilot/policies/A.RC.FS1/cmds.txt|baseline/pgfuzz/ArduPilot/policies/A.RC.FS2/cmds.txt|baseline/pgfuzz/ArduPilot/policies/A.RTL1/cmds.txt|baseline/pgfuzz/ArduPilot/policies/A.RTL2/cmds.txt|baseline/pgfuzz/ArduPilot/policies/A.RTL3/cmds.txt|baseline/pgfuzz/ArduPilot/policies/A.RTL4/cmds.txt|baseline/pgfuzz/ArduPilot/policies/A.SPORT1/cmds.txt,COMMAND_XML_DEFINITION_FOUND,MAV_CMD_FIXED_MAG_CAL_YAW,EXACT_NAME_XML_DEFINITION,,,,,,,,UNKNOWN,,当前目录没有可用默认值证据。,,,,,,,,,,,NOT_TESTED,42006,MATCH,baseline/ardupilot/modules/mavlink/message_definitions/v1.0/common.xml:2452,只确认协议 XML 定义；未由此证明当前飞控构建接受、执行或影响该性质。,NOT_ASSESSED
ArduPilot,InputC,MAV_CMD_FLASH_BOOTLOADER,2,A.AUTO1|A.CIRCLE7,"MAV_CMD_FLASH_BOOTLOADER,42650",baseline/pgfuzz/ArduPilot/policies/A.AUTO1/cmds.txt|baseline/pgfuzz/ArduPilot/policies/A.CIRCLE7/cmds.txt,COMMAND_XML_DEFINITION_FOUND,MAV_CMD_FLASH_BOOTLOADER,EXACT_NAME_XML_DEFINITION,,,,,,,,UNKNOWN,,当前目录没有可用默认值证据。,,,,,,,,,,,NOT_TESTED,42650,MATCH,baseline/ardupilot/modules/mavlink/message_definitions/v1.0/ardupilotmega.xml:251,只确认协议 XML 定义；未由此证明当前飞控构建接受、执行或影响该性质。,NOT_ASSESSED
ArduPilot,InputC,MAV_CMD_GIMBAL_AXIS_CALIBRATION_STATUS,2,A.AUTO1|A.CIRCLE7,"MAV_CMD_GIMBAL_AXIS_CALIBRATION_STATUS,42502",baseline/pgfuzz/ArduPilot/policies/A.AUTO1/cmds.txt|baseline/pgfuzz/ArduPilot/policies/A.CIRCLE7/cmds.txt,COMMAND_XML_DEFINITION_FOUND,MAV_CMD_GIMBAL_AXIS_CALIBRATION_STATUS,EXACT_NAME_XML_DEFINITION,,,,,,,,UNKNOWN,,当前目录没有可用默认值证据。,,,,,,,,,,,NOT_TESTED,42502,MATCH,baseline/ardupilot/modules/mavlink/message_definitions/v1.0/ardupilotmega.xml:220,只确认协议 XML 定义；未由此证明当前飞控构建接受、执行或影响该性质。,NOT_ASSESSED
ArduPilot,InputC,MAV_CMD_GIMBAL_FULL_RESET,2,A.AUTO1|A.CIRCLE7,"MAV_CMD_GIMBAL_FULL_RESET,42505",baseline/pgfuzz/ArduPilot/policies/A.AUTO1/cmds.txt|baseline/pgfuzz/ArduPilot/policies/A.CIRCLE7/cmds.txt,COMMAND_XML_DEFINITION_FOUND,MAV_CMD_GIMBAL_FULL_RESET,EXACT_NAME_XML_DEFINITION,,,,,,,,UNKNOWN,,当前目录没有可用默认值证据。,,,,,,,,,,,NOT_TESTED,42505,MATCH,baseline/ardupilot/modules/mavlink/message_definitions/v1.0/ardupilotmega.xml:240,只确认协议 XML 定义；未由此证明当前飞控构建接受、执行或影响该性质。,NOT_ASSESSED
ArduPilot,InputC,MAV_CMD_GIMBAL_REQUEST_AXIS_CALIBRATION,2,A.AUTO1|A.CIRCLE7,"MAV_CMD_GIMBAL_REQUEST_AXIS_CALIBRATION,42503",baseline/pgfuzz/ArduPilot/policies/A.AUTO1/cmds.txt|baseline/pgfuzz/ArduPilot/policies/A.CIRCLE7/cmds.txt,COMMAND_XML_DEFINITION_FOUND,MAV_CMD_GIMBAL_REQUEST_AXIS_CALIBRATION,EXACT_NAME_XML_DEFINITION,,,,,,,,UNKNOWN,,当前目录没有可用默认值证据。,,,,,,,,,,,NOT_TESTED,42503,MATCH,baseline/ardupilot/modules/mavlink/message_definitions/v1.0/ardupilotmega.xml:230,只确认协议 XML 定义；未由此证明当前飞控构建接受、执行或影响该性质。,NOT_ASSESSED
ArduPilot,InputC,MAV_CMD_GIMBAL_RESET,24,A.ALT_HOLD1|A.ALT_HOLD2|A.AUTO1|A.BRAKE1|A.CHUTE1|A.CIRCLE7|A.DRIFT1|A.FLIP1|A.FLIP2|A.FLIP3|A.FLIPGeneral|A.GPS.FS1|A.GPS.FS2|A.GUIDED1|A.LAND1|A.LAND2|A.LOITER1|A.RC.FS1|A.RC.FS2|A.RTL1|A.RTL2|A.RTL3|A.RTL4|A.SPORT1,"MAV_CMD_GIMBAL_RESET,42501",baseline/pgfuzz/ArduPilot/policies/A.ALT_HOLD1/cmds.txt|baseline/pgfuzz/ArduPilot/policies/A.ALT_HOLD2/cmds.txt|baseline/pgfuzz/ArduPilot/policies/A.AUTO1/cmds.txt|baseline/pgfuzz/ArduPilot/policies/A.BRAKE1/cmds.txt|baseline/pgfuzz/ArduPilot/policies/A.CHUTE/cmds.txt|baseline/pgfuzz/ArduPilot/policies/A.CIRCLE7/cmds.txt|baseline/pgfuzz/ArduPilot/policies/A.DRIFT1/cmds.txt|baseline/pgfuzz/ArduPilot/policies/A.FLIP1/cmds.txt|baseline/pgfuzz/ArduPilot/policies/A.FLIP2/cmds.txt|baseline/pgfuzz/ArduPilot/policies/A.FLIP3/cmds.txt|baseline/pgfuzz/ArduPilot/policies/A.FLIP4/cmds.txt|baseline/pgfuzz/ArduPilot/policies/A.GPS.FS1/cmds.txt|baseline/pgfuzz/ArduPilot/policies/A.GPS.FS2/cmds.txt|baseline/pgfuzz/ArduPilot/policies/A.GUIDED1/cmds.txt|baseline/pgfuzz/ArduPilot/policies/A.LAND1/cmds.txt|baseline/pgfuzz/ArduPilot/policies/A.LAND2/cmds.txt|baseline/pgfuzz/ArduPilot/policies/A.LOITER1/cmds.txt|baseline/pgfuzz/ArduPilot/policies/A.RC.FS1/cmds.txt|baseline/pgfuzz/ArduPilot/policies/A.RC.FS2/cmds.txt|baseline/pgfuzz/ArduPilot/policies/A.RTL1/cmds.txt|baseline/pgfuzz/ArduPilot/policies/A.RTL2/cmds.txt|baseline/pgfuzz/ArduPilot/policies/A.RTL3/cmds.txt|baseline/pgfuzz/ArduPilot/policies/A.RTL4/cmds.txt|baseline/pgfuzz/ArduPilot/policies/A.SPORT1/cmds.txt,COMMAND_XML_DEFINITION_FOUND,MAV_CMD_GIMBAL_RESET,EXACT_NAME_XML_DEFINITION,,,,,,,,UNKNOWN,,当前目录没有可用默认值证据。,,,,,,,,,,,NOT_TESTED,42501,MATCH,baseline/ardupilot/modules/mavlink/message_definitions/v1.0/ardupilotmega.xml:210,只确认协议 XML 定义；未由此证明当前飞控构建接受、执行或影响该性质。,NOT_ASSESSED
ArduPilot,InputC,MAV_CMD_MISSION_START,22,A.ALT_HOLD1|A.ALT_HOLD2|A.BRAKE1|A.CHUTE1|A.DRIFT1|A.FLIP1|A.FLIP2|A.FLIP3|A.FLIPGeneral|A.GPS.FS1|A.GPS.FS2|A.GUIDED1|A.LAND1|A.LAND2|A.LOITER1|A.RC.FS1|A.RC.FS2|A.RTL1|A.RTL2|A.RTL3|A.RTL4|A.SPORT1,"MAV_CMD_MISSION_START,300",baseline/pgfuzz/ArduPilot/policies/A.ALT_HOLD1/cmds.txt|baseline/pgfuzz/ArduPilot/policies/A.ALT_HOLD2/cmds.txt|baseline/pgfuzz/ArduPilot/policies/A.BRAKE1/cmds.txt|baseline/pgfuzz/ArduPilot/policies/A.CHUTE/cmds.txt|baseline/pgfuzz/ArduPilot/policies/A.DRIFT1/cmds.txt|baseline/pgfuzz/ArduPilot/policies/A.FLIP1/cmds.txt|baseline/pgfuzz/ArduPilot/policies/A.FLIP2/cmds.txt|baseline/pgfuzz/ArduPilot/policies/A.FLIP3/cmds.txt|baseline/pgfuzz/ArduPilot/policies/A.FLIP4/cmds.txt|baseline/pgfuzz/ArduPilot/policies/A.GPS.FS1/cmds.txt|baseline/pgfuzz/ArduPilot/policies/A.GPS.FS2/cmds.txt|baseline/pgfuzz/ArduPilot/policies/A.GUIDED1/cmds.txt|baseline/pgfuzz/ArduPilot/policies/A.LAND1/cmds.txt|baseline/pgfuzz/ArduPilot/policies/A.LAND2/cmds.txt|baseline/pgfuzz/ArduPilot/policies/A.LOITER1/cmds.txt|baseline/pgfuzz/ArduPilot/policies/A.RC.FS1/cmds.txt|baseline/pgfuzz/ArduPilot/policies/A.RC.FS2/cmds.txt|baseline/pgfuzz/ArduPilot/policies/A.RTL1/cmds.txt|baseline/pgfuzz/ArduPilot/policies/A.RTL2/cmds.txt|baseline/pgfuzz/ArduPilot/policies/A.RTL3/cmds.txt|baseline/pgfuzz/ArduPilot/policies/A.RTL4/cmds.txt|baseline/pgfuzz/ArduPilot/policies/A.SPORT1/cmds.txt,COMMAND_XML_DEFINITION_FOUND,MAV_CMD_MISSION_START,EXACT_NAME_XML_DEFINITION,,,,,,,,UNKNOWN,,当前目录没有可用默认值证据。,,,,,,,,,,,NOT_TESTED,300,MATCH,baseline/ardupilot/modules/mavlink/message_definitions/v1.0/common.xml:1913,只确认协议 XML 定义；未由此证明当前飞控构建接受、执行或影响该性质。,NOT_ASSESSED
ArduPilot,InputC,MAV_CMD_NAV_ALTITUDE_WAIT,22,A.ALT_HOLD1|A.ALT_HOLD2|A.BRAKE1|A.CHUTE1|A.DRIFT1|A.FLIP1|A.FLIP2|A.FLIP3|A.FLIPGeneral|A.GPS.FS1|A.GPS.FS2|A.GUIDED1|A.LAND1|A.LAND2|A.LOITER1|A.RC.FS1|A.RC.FS2|A.RTL1|A.RTL2|A.RTL3|A.RTL4|A.SPORT1,"MAV_CMD_NAV_ALTITUDE_WAIT,83",baseline/pgfuzz/ArduPilot/policies/A.ALT_HOLD1/cmds.txt|baseline/pgfuzz/ArduPilot/policies/A.ALT_HOLD2/cmds.txt|baseline/pgfuzz/ArduPilot/policies/A.BRAKE1/cmds.txt|baseline/pgfuzz/ArduPilot/policies/A.CHUTE/cmds.txt|baseline/pgfuzz/ArduPilot/policies/A.DRIFT1/cmds.txt|baseline/pgfuzz/ArduPilot/policies/A.FLIP1/cmds.txt|baseline/pgfuzz/ArduPilot/policies/A.FLIP2/cmds.txt|baseline/pgfuzz/ArduPilot/policies/A.FLIP3/cmds.txt|baseline/pgfuzz/ArduPilot/policies/A.FLIP4/cmds.txt|baseline/pgfuzz/ArduPilot/policies/A.GPS.FS1/cmds.txt|baseline/pgfuzz/ArduPilot/policies/A.GPS.FS2/cmds.txt|baseline/pgfuzz/ArduPilot/policies/A.GUIDED1/cmds.txt|baseline/pgfuzz/ArduPilot/policies/A.LAND1/cmds.txt|baseline/pgfuzz/ArduPilot/policies/A.LAND2/cmds.txt|baseline/pgfuzz/ArduPilot/policies/A.LOITER1/cmds.txt|baseline/pgfuzz/ArduPilot/policies/A.RC.FS1/cmds.txt|baseline/pgfuzz/ArduPilot/policies/A.RC.FS2/cmds.txt|baseline/pgfuzz/ArduPilot/policies/A.RTL1/cmds.txt|baseline/pgfuzz/ArduPilot/policies/A.RTL2/cmds.txt|baseline/pgfuzz/ArduPilot/policies/A.RTL3/cmds.txt|baseline/pgfuzz/ArduPilot/policies/A.RTL4/cmds.txt|baseline/pgfuzz/ArduPilot/policies/A.SPORT1/cmds.txt,COMMAND_XML_DEFINITION_FOUND,MAV_CMD_NAV_ALTITUDE_WAIT,EXACT_NAME_XML_DEFINITION,,,,,,,,UNKNOWN,,当前目录没有可用默认值证据。,,,,,,,,,,,NOT_TESTED,83,MATCH,baseline/ardupilot/modules/mavlink/message_definitions/v1.0/ardupilotmega.xml:67,只确认协议 XML 定义；未由此证明当前飞控构建接受、执行或影响该性质。,NOT_ASSESSED
ArduPilot,InputC,MAV_CMD_NAV_GUIDED_ENABLE,22,A.ALT_HOLD1|A.ALT_HOLD2|A.BRAKE1|A.CHUTE1|A.DRIFT1|A.FLIP1|A.FLIP2|A.FLIP3|A.FLIPGeneral|A.GPS.FS1|A.GPS.FS2|A.GUIDED1|A.LAND1|A.LAND2|A.LOITER1|A.RC.FS1|A.RC.FS2|A.RTL1|A.RTL2|A.RTL3|A.RTL4|A.SPORT1,"MAV_CMD_NAV_GUIDED_ENABLE,92",baseline/pgfuzz/ArduPilot/policies/A.ALT_HOLD1/cmds.txt|baseline/pgfuzz/ArduPilot/policies/A.ALT_HOLD2/cmds.txt|baseline/pgfuzz/ArduPilot/policies/A.BRAKE1/cmds.txt|baseline/pgfuzz/ArduPilot/policies/A.CHUTE/cmds.txt|baseline/pgfuzz/ArduPilot/policies/A.DRIFT1/cmds.txt|baseline/pgfuzz/ArduPilot/policies/A.FLIP1/cmds.txt|baseline/pgfuzz/ArduPilot/policies/A.FLIP2/cmds.txt|baseline/pgfuzz/ArduPilot/policies/A.FLIP3/cmds.txt|baseline/pgfuzz/ArduPilot/policies/A.FLIP4/cmds.txt|baseline/pgfuzz/ArduPilot/policies/A.GPS.FS1/cmds.txt|baseline/pgfuzz/ArduPilot/policies/A.GPS.FS2/cmds.txt|baseline/pgfuzz/ArduPilot/policies/A.GUIDED1/cmds.txt|baseline/pgfuzz/ArduPilot/policies/A.LAND1/cmds.txt|baseline/pgfuzz/ArduPilot/policies/A.LAND2/cmds.txt|baseline/pgfuzz/ArduPilot/policies/A.LOITER1/cmds.txt|baseline/pgfuzz/ArduPilot/policies/A.RC.FS1/cmds.txt|baseline/pgfuzz/ArduPilot/policies/A.RC.FS2/cmds.txt|baseline/pgfuzz/ArduPilot/policies/A.RTL1/cmds.txt|baseline/pgfuzz/ArduPilot/policies/A.RTL2/cmds.txt|baseline/pgfuzz/ArduPilot/policies/A.RTL3/cmds.txt|baseline/pgfuzz/ArduPilot/policies/A.RTL4/cmds.txt|baseline/pgfuzz/ArduPilot/policies/A.SPORT1/cmds.txt,COMMAND_XML_DEFINITION_FOUND,MAV_CMD_NAV_GUIDED_ENABLE,EXACT_NAME_XML_DEFINITION,,,,,,,,UNKNOWN,,当前目录没有可用默认值证据。,,,,,,,,,,,NOT_TESTED,92,MATCH,baseline/ardupilot/modules/mavlink/message_definitions/v1.0/common.xml:1248,只确认协议 XML 定义；未由此证明当前飞控构建接受、执行或影响该性质。,NOT_ASSESSED
ArduPilot,InputC,MAV_CMD_NAV_LAND,24,A.ALT_HOLD1|A.ALT_HOLD2|A.AUTO1|A.BRAKE1|A.CHUTE1|A.CIRCLE7|A.DRIFT1|A.FLIP1|A.FLIP2|A.FLIP3|A.FLIPGeneral|A.GPS.FS1|A.GPS.FS2|A.GUIDED1|A.LAND1|A.LAND2|A.LOITER1|A.RC.FS1|A.RC.FS2|A.RTL1|A.RTL2|A.RTL3|A.RTL4|A.SPORT1,"MAV_CMD_NAV_LAND,21",baseline/pgfuzz/ArduPilot/policies/A.ALT_HOLD1/cmds.txt|baseline/pgfuzz/ArduPilot/policies/A.ALT_HOLD2/cmds.txt|baseline/pgfuzz/ArduPilot/policies/A.AUTO1/cmds.txt|baseline/pgfuzz/ArduPilot/policies/A.BRAKE1/cmds.txt|baseline/pgfuzz/ArduPilot/policies/A.CHUTE/cmds.txt|baseline/pgfuzz/ArduPilot/policies/A.CIRCLE7/cmds.txt|baseline/pgfuzz/ArduPilot/policies/A.DRIFT1/cmds.txt|baseline/pgfuzz/ArduPilot/policies/A.FLIP1/cmds.txt|baseline/pgfuzz/ArduPilot/policies/A.FLIP2/cmds.txt|baseline/pgfuzz/ArduPilot/policies/A.FLIP3/cmds.txt|baseline/pgfuzz/ArduPilot/policies/A.FLIP4/cmds.txt|baseline/pgfuzz/ArduPilot/policies/A.GPS.FS1/cmds.txt|baseline/pgfuzz/ArduPilot/policies/A.GPS.FS2/cmds.txt|baseline/pgfuzz/ArduPilot/policies/A.GUIDED1/cmds.txt|baseline/pgfuzz/ArduPilot/policies/A.LAND1/cmds.txt|baseline/pgfuzz/ArduPilot/policies/A.LAND2/cmds.txt|baseline/pgfuzz/ArduPilot/policies/A.LOITER1/cmds.txt|baseline/pgfuzz/ArduPilot/policies/A.RC.FS1/cmds.txt|baseline/pgfuzz/ArduPilot/policies/A.RC.FS2/cmds.txt|baseline/pgfuzz/ArduPilot/policies/A.RTL1/cmds.txt|baseline/pgfuzz/ArduPilot/policies/A.RTL2/cmds.txt|baseline/pgfuzz/ArduPilot/policies/A.RTL3/cmds.txt|baseline/pgfuzz/ArduPilot/policies/A.RTL4/cmds.txt|baseline/pgfuzz/ArduPilot/policies/A.SPORT1/cmds.txt,COMMAND_XML_DEFINITION_FOUND,MAV_CMD_NAV_LAND,EXACT_NAME_XML_DEFINITION,,,,,,,,UNKNOWN,,当前目录没有可用默认值证据。,,,,,,,,,,,NOT_TESTED,21,MATCH,baseline/ardupilot/modules/mavlink/message_definitions/v1.0/common.xml:1062,只确认协议 XML 定义；未由此证明当前飞控构建接受、执行或影响该性质。,NOT_ASSESSED
ArduPilot,InputC,MAV_CMD_NAV_LOITER_TIME,22,A.ALT_HOLD1|A.ALT_HOLD2|A.BRAKE1|A.CHUTE1|A.DRIFT1|A.FLIP1|A.FLIP2|A.FLIP3|A.FLIPGeneral|A.GPS.FS1|A.GPS.FS2|A.GUIDED1|A.LAND1|A.LAND2|A.LOITER1|A.RC.FS1|A.RC.FS2|A.RTL1|A.RTL2|A.RTL3|A.RTL4|A.SPORT1,"MAV_CMD_NAV_LOITER_TIME,19",baseline/pgfuzz/ArduPilot/policies/A.ALT_HOLD1/cmds.txt|baseline/pgfuzz/ArduPilot/policies/A.ALT_HOLD2/cmds.txt|baseline/pgfuzz/ArduPilot/policies/A.BRAKE1/cmds.txt|baseline/pgfuzz/ArduPilot/policies/A.CHUTE/cmds.txt|baseline/pgfuzz/ArduPilot/policies/A.DRIFT1/cmds.txt|baseline/pgfuzz/ArduPilot/policies/A.FLIP1/cmds.txt|baseline/pgfuzz/ArduPilot/policies/A.FLIP2/cmds.txt|baseline/pgfuzz/ArduPilot/policies/A.FLIP3/cmds.txt|baseline/pgfuzz/ArduPilot/policies/A.FLIP4/cmds.txt|baseline/pgfuzz/ArduPilot/policies/A.GPS.FS1/cmds.txt|baseline/pgfuzz/ArduPilot/policies/A.GPS.FS2/cmds.txt|baseline/pgfuzz/ArduPilot/policies/A.GUIDED1/cmds.txt|baseline/pgfuzz/ArduPilot/policies/A.LAND1/cmds.txt|baseline/pgfuzz/ArduPilot/policies/A.LAND2/cmds.txt|baseline/pgfuzz/ArduPilot/policies/A.LOITER1/cmds.txt|baseline/pgfuzz/ArduPilot/policies/A.RC.FS1/cmds.txt|baseline/pgfuzz/ArduPilot/policies/A.RC.FS2/cmds.txt|baseline/pgfuzz/ArduPilot/policies/A.RTL1/cmds.txt|baseline/pgfuzz/ArduPilot/policies/A.RTL2/cmds.txt|baseline/pgfuzz/ArduPilot/policies/A.RTL3/cmds.txt|baseline/pgfuzz/ArduPilot/policies/A.RTL4/cmds.txt|baseline/pgfuzz/ArduPilot/policies/A.SPORT1/cmds.txt,COMMAND_XML_DEFINITION_FOUND,MAV_CMD_NAV_LOITER_TIME,EXACT_NAME_XML_DEFINITION,,,,,,,,UNKNOWN,,当前目录没有可用默认值证据。,,,,,,,,,,,NOT_TESTED,19,MATCH,baseline/ardupilot/modules/mavlink/message_definitions/v1.0/common.xml:1042,只确认协议 XML 定义；未由此证明当前飞控构建接受、执行或影响该性质。,NOT_ASSESSED
ArduPilot,InputC,MAV_CMD_NAV_LOITER_TURNS,22,A.ALT_HOLD1|A.ALT_HOLD2|A.BRAKE1|A.CHUTE1|A.DRIFT1|A.FLIP1|A.FLIP2|A.FLIP3|A.FLIPGeneral|A.GPS.FS1|A.GPS.FS2|A.GUIDED1|A.LAND1|A.LAND2|A.LOITER1|A.RC.FS1|A.RC.FS2|A.RTL1|A.RTL2|A.RTL3|A.RTL4|A.SPORT1,"MAV_CMD_NAV_LOITER_TURNS,18",baseline/pgfuzz/ArduPilot/policies/A.ALT_HOLD1/cmds.txt|baseline/pgfuzz/ArduPilot/policies/A.ALT_HOLD2/cmds.txt|baseline/pgfuzz/ArduPilot/policies/A.BRAKE1/cmds.txt|baseline/pgfuzz/ArduPilot/policies/A.CHUTE/cmds.txt|baseline/pgfuzz/ArduPilot/policies/A.DRIFT1/cmds.txt|baseline/pgfuzz/ArduPilot/policies/A.FLIP1/cmds.txt|baseline/pgfuzz/ArduPilot/policies/A.FLIP2/cmds.txt|baseline/pgfuzz/ArduPilot/policies/A.FLIP3/cmds.txt|baseline/pgfuzz/ArduPilot/policies/A.FLIP4/cmds.txt|baseline/pgfuzz/ArduPilot/policies/A.GPS.FS1/cmds.txt|baseline/pgfuzz/ArduPilot/policies/A.GPS.FS2/cmds.txt|baseline/pgfuzz/ArduPilot/policies/A.GUIDED1/cmds.txt|baseline/pgfuzz/ArduPilot/policies/A.LAND1/cmds.txt|baseline/pgfuzz/ArduPilot/policies/A.LAND2/cmds.txt|baseline/pgfuzz/ArduPilot/policies/A.LOITER1/cmds.txt|baseline/pgfuzz/ArduPilot/policies/A.RC.FS1/cmds.txt|baseline/pgfuzz/ArduPilot/policies/A.RC.FS2/cmds.txt|baseline/pgfuzz/ArduPilot/policies/A.RTL1/cmds.txt|baseline/pgfuzz/ArduPilot/policies/A.RTL2/cmds.txt|baseline/pgfuzz/ArduPilot/policies/A.RTL3/cmds.txt|baseline/pgfuzz/ArduPilot/policies/A.RTL4/cmds.txt|baseline/pgfuzz/ArduPilot/policies/A.SPORT1/cmds.txt,COMMAND_XML_DEFINITION_FOUND,MAV_CMD_NAV_LOITER_TURNS,EXACT_NAME_XML_DEFINITION,,,,,,,,UNKNOWN,,当前目录没有可用默认值证据。,,,,,,,,,,,NOT_TESTED,18,MATCH,baseline/ardupilot/modules/mavlink/message_definitions/v1.0/common.xml:1032,只确认协议 XML 定义；未由此证明当前飞控构建接受、执行或影响该性质。,NOT_ASSESSED
ArduPilot,InputC,MAV_CMD_NAV_RETURN_TO_LAUNCH,30,A.ALT_HOLD1|A.ALT_HOLD2|A.AUTO1|A.BRAKE1|A.CHUTE1|A.CIRCLE1|A.CIRCLE2|A.CIRCLE3|A.CIRCLE4|A.CIRCLE5|A.CIRCLE6|A.CIRCLE7|A.DRIFT1|A.FLIP1|A.FLIP2|A.FLIP3|A.FLIPGeneral|A.GPS.FS1|A.GPS.FS2|A.GUIDED1|A.LAND1|A.LAND2|A.LOITER1|A.RC.FS1|A.RC.FS2|A.RTL1|A.RTL2|A.RTL3|A.RTL4|A.SPORT1,"MAV_CMD_NAV_RETURN_TO_LAUNCH,20",baseline/pgfuzz/ArduPilot/policies/A.ALT_HOLD1/cmds.txt|baseline/pgfuzz/ArduPilot/policies/A.ALT_HOLD2/cmds.txt|baseline/pgfuzz/ArduPilot/policies/A.AUTO1/cmds.txt|baseline/pgfuzz/ArduPilot/policies/A.BRAKE1/cmds.txt|baseline/pgfuzz/ArduPilot/policies/A.CHUTE/cmds.txt|baseline/pgfuzz/ArduPilot/policies/A.CIRCLE1/cmds.txt|baseline/pgfuzz/ArduPilot/policies/A.CIRCLE2/cmds.txt|baseline/pgfuzz/ArduPilot/policies/A.CIRCLE3/cmds.txt|baseline/pgfuzz/ArduPilot/policies/A.CIRCLE4_6/cmds.txt|baseline/pgfuzz/ArduPilot/policies/A.CIRCLE7/cmds.txt|baseline/pgfuzz/ArduPilot/policies/A.DRIFT1/cmds.txt|baseline/pgfuzz/ArduPilot/policies/A.FLIP1/cmds.txt|baseline/pgfuzz/ArduPilot/policies/A.FLIP2/cmds.txt|baseline/pgfuzz/ArduPilot/policies/A.FLIP3/cmds.txt|baseline/pgfuzz/ArduPilot/policies/A.FLIP4/cmds.txt|baseline/pgfuzz/ArduPilot/policies/A.GPS.FS1/cmds.txt|baseline/pgfuzz/ArduPilot/policies/A.GPS.FS2/cmds.txt|baseline/pgfuzz/ArduPilot/policies/A.GUIDED1/cmds.txt|baseline/pgfuzz/ArduPilot/policies/A.LAND1/cmds.txt|baseline/pgfuzz/ArduPilot/policies/A.LAND2/cmds.txt|baseline/pgfuzz/ArduPilot/policies/A.LOITER1/cmds.txt|baseline/pgfuzz/ArduPilot/policies/A.RC.FS1/cmds.txt|baseline/pgfuzz/ArduPilot/policies/A.RC.FS2/cmds.txt|baseline/pgfuzz/ArduPilot/policies/A.RTL1/cmds.txt|baseline/pgfuzz/ArduPilot/policies/A.RTL2/cmds.txt|baseline/pgfuzz/ArduPilot/policies/A.RTL3/cmds.txt|baseline/pgfuzz/ArduPilot/policies/A.RTL4/cmds.txt|baseline/pgfuzz/ArduPilot/policies/A.SPORT1/cmds.txt,COMMAND_XML_DEFINITION_FOUND,MAV_CMD_NAV_RETURN_TO_LAUNCH,EXACT_NAME_XML_DEFINITION,,,,,,,,UNKNOWN,,当前目录没有可用默认值证据。,,,,,,,,,,,NOT_TESTED,20,MATCH,baseline/ardupilot/modules/mavlink/message_definitions/v1.0/common.xml:1052,只确认协议 XML 定义；未由此证明当前飞控构建接受、执行或影响该性质。,NOT_ASSESSED
ArduPilot,InputC,MAV_CMD_NAV_SPLINE_WAYPOINT,22,A.ALT_HOLD1|A.ALT_HOLD2|A.BRAKE1|A.CHUTE1|A.DRIFT1|A.FLIP1|A.FLIP2|A.FLIP3|A.FLIPGeneral|A.GPS.FS1|A.GPS.FS2|A.GUIDED1|A.LAND1|A.LAND2|A.LOITER1|A.RC.FS1|A.RC.FS2|A.RTL1|A.RTL2|A.RTL3|A.RTL4|A.SPORT1,"MAV_CMD_NAV_SPLINE_WAYPOINT,82",baseline/pgfuzz/ArduPilot/policies/A.ALT_HOLD1/cmds.txt|baseline/pgfuzz/ArduPilot/policies/A.ALT_HOLD2/cmds.txt|baseline/pgfuzz/ArduPilot/policies/A.BRAKE1/cmds.txt|baseline/pgfuzz/ArduPilot/policies/A.CHUTE/cmds.txt|baseline/pgfuzz/ArduPilot/policies/A.DRIFT1/cmds.txt|baseline/pgfuzz/ArduPilot/policies/A.FLIP1/cmds.txt|baseline/pgfuzz/ArduPilot/policies/A.FLIP2/cmds.txt|baseline/pgfuzz/ArduPilot/policies/A.FLIP3/cmds.txt|baseline/pgfuzz/ArduPilot/policies/A.FLIP4/cmds.txt|baseline/pgfuzz/ArduPilot/policies/A.GPS.FS1/cmds.txt|baseline/pgfuzz/ArduPilot/policies/A.GPS.FS2/cmds.txt|baseline/pgfuzz/ArduPilot/policies/A.GUIDED1/cmds.txt|baseline/pgfuzz/ArduPilot/policies/A.LAND1/cmds.txt|baseline/pgfuzz/ArduPilot/policies/A.LAND2/cmds.txt|baseline/pgfuzz/ArduPilot/policies/A.LOITER1/cmds.txt|baseline/pgfuzz/ArduPilot/policies/A.RC.FS1/cmds.txt|baseline/pgfuzz/ArduPilot/policies/A.RC.FS2/cmds.txt|baseline/pgfuzz/ArduPilot/policies/A.RTL1/cmds.txt|baseline/pgfuzz/ArduPilot/policies/A.RTL2/cmds.txt|baseline/pgfuzz/ArduPilot/policies/A.RTL3/cmds.txt|baseline/pgfuzz/ArduPilot/policies/A.RTL4/cmds.txt|baseline/pgfuzz/ArduPilot/policies/A.SPORT1/cmds.txt,COMMAND_XML_DEFINITION_FOUND,MAV_CMD_NAV_SPLINE_WAYPOINT,EXACT_NAME_XML_DEFINITION,,,,,,,,UNKNOWN,,当前目录没有可用默认值证据。,,,,,,,,,,,NOT_TESTED,82,MATCH,baseline/ardupilot/modules/mavlink/message_definitions/v1.0/common.xml:1214,只确认协议 XML 定义；未由此证明当前飞控构建接受、执行或影响该性质。,NOT_ASSESSED
ArduPilot,InputC,MAV_CMD_NAV_TAKEOFF,24,A.ALT_HOLD1|A.ALT_HOLD2|A.AUTO1|A.BRAKE1|A.CHUTE1|A.CIRCLE7|A.DRIFT1|A.FLIP1|A.FLIP2|A.FLIP3|A.FLIPGeneral|A.GPS.FS1|A.GPS.FS2|A.GUIDED1|A.LAND1|A.LAND2|A.LOITER1|A.RC.FS1|A.RC.FS2|A.RTL1|A.RTL2|A.RTL3|A.RTL4|A.SPORT1,"MAV_CMD_NAV_TAKEOFF,22",baseline/pgfuzz/ArduPilot/policies/A.ALT_HOLD1/cmds.txt|baseline/pgfuzz/ArduPilot/policies/A.ALT_HOLD2/cmds.txt|baseline/pgfuzz/ArduPilot/policies/A.AUTO1/cmds.txt|baseline/pgfuzz/ArduPilot/policies/A.BRAKE1/cmds.txt|baseline/pgfuzz/ArduPilot/policies/A.CHUTE/cmds.txt|baseline/pgfuzz/ArduPilot/policies/A.CIRCLE7/cmds.txt|baseline/pgfuzz/ArduPilot/policies/A.DRIFT1/cmds.txt|baseline/pgfuzz/ArduPilot/policies/A.FLIP1/cmds.txt|baseline/pgfuzz/ArduPilot/policies/A.FLIP2/cmds.txt|baseline/pgfuzz/ArduPilot/policies/A.FLIP3/cmds.txt|baseline/pgfuzz/ArduPilot/policies/A.FLIP4/cmds.txt|baseline/pgfuzz/ArduPilot/policies/A.GPS.FS1/cmds.txt|baseline/pgfuzz/ArduPilot/policies/A.GPS.FS2/cmds.txt|baseline/pgfuzz/ArduPilot/policies/A.GUIDED1/cmds.txt|baseline/pgfuzz/ArduPilot/policies/A.LAND1/cmds.txt|baseline/pgfuzz/ArduPilot/policies/A.LAND2/cmds.txt|baseline/pgfuzz/ArduPilot/policies/A.LOITER1/cmds.txt|baseline/pgfuzz/ArduPilot/policies/A.RC.FS1/cmds.txt|baseline/pgfuzz/ArduPilot/policies/A.RC.FS2/cmds.txt|baseline/pgfuzz/ArduPilot/policies/A.RTL1/cmds.txt|baseline/pgfuzz/ArduPilot/policies/A.RTL2/cmds.txt|baseline/pgfuzz/ArduPilot/policies/A.RTL3/cmds.txt|baseline/pgfuzz/ArduPilot/policies/A.RTL4/cmds.txt|baseline/pgfuzz/ArduPilot/policies/A.SPORT1/cmds.txt,COMMAND_XML_DEFINITION_FOUND,MAV_CMD_NAV_TAKEOFF,EXACT_NAME_XML_DEFINITION,,,,,,,,UNKNOWN,,当前目录没有可用默认值证据。,,,,,,,,,,,NOT_TESTED,22,MATCH,baseline/ardupilot/modules/mavlink/message_definitions/v1.0/common.xml:1072,只确认协议 XML 定义；未由此证明当前飞控构建接受、执行或影响该性质。,NOT_ASSESSED
ArduPilot,InputC,MAV_CMD_NAV_WAYPOINT,22,A.ALT_HOLD1|A.ALT_HOLD2|A.BRAKE1|A.CHUTE1|A.DRIFT1|A.FLIP1|A.FLIP2|A.FLIP3|A.FLIPGeneral|A.GPS.FS1|A.GPS.FS2|A.GUIDED1|A.LAND1|A.LAND2|A.LOITER1|A.RC.FS1|A.RC.FS2|A.RTL1|A.RTL2|A.RTL3|A.RTL4|A.SPORT1,"MAV_CMD_NAV_WAYPOINT,16",baseline/pgfuzz/ArduPilot/policies/A.ALT_HOLD1/cmds.txt|baseline/pgfuzz/ArduPilot/policies/A.ALT_HOLD2/cmds.txt|baseline/pgfuzz/ArduPilot/policies/A.BRAKE1/cmds.txt|baseline/pgfuzz/ArduPilot/policies/A.CHUTE/cmds.txt|baseline/pgfuzz/ArduPilot/policies/A.DRIFT1/cmds.txt|baseline/pgfuzz/ArduPilot/policies/A.FLIP1/cmds.txt|baseline/pgfuzz/ArduPilot/policies/A.FLIP2/cmds.txt|baseline/pgfuzz/ArduPilot/policies/A.FLIP3/cmds.txt|baseline/pgfuzz/ArduPilot/policies/A.FLIP4/cmds.txt|baseline/pgfuzz/ArduPilot/policies/A.GPS.FS1/cmds.txt|baseline/pgfuzz/ArduPilot/policies/A.GPS.FS2/cmds.txt|baseline/pgfuzz/ArduPilot/policies/A.GUIDED1/cmds.txt|baseline/pgfuzz/ArduPilot/policies/A.LAND1/cmds.txt|baseline/pgfuzz/ArduPilot/policies/A.LAND2/cmds.txt|baseline/pgfuzz/ArduPilot/policies/A.LOITER1/cmds.txt|baseline/pgfuzz/ArduPilot/policies/A.RC.FS1/cmds.txt|baseline/pgfuzz/ArduPilot/policies/A.RC.FS2/cmds.txt|baseline/pgfuzz/ArduPilot/policies/A.RTL1/cmds.txt|baseline/pgfuzz/ArduPilot/policies/A.RTL2/cmds.txt|baseline/pgfuzz/ArduPilot/policies/A.RTL3/cmds.txt|baseline/pgfuzz/ArduPilot/policies/A.RTL4/cmds.txt|baseline/pgfuzz/ArduPilot/policies/A.SPORT1/cmds.txt,COMMAND_XML_DEFINITION_FOUND,MAV_CMD_NAV_WAYPOINT,EXACT_NAME_XML_DEFINITION,,,,,,,,UNKNOWN,,当前目录没有可用默认值证据。,,,,,,,,,,,NOT_TESTED,16,MATCH,baseline/ardupilot/modules/mavlink/message_definitions/v1.0/common.xml:1012,只确认协议 XML 定义；未由此证明当前飞控构建接受、执行或影响该性质。,NOT_ASSESSED
ArduPilot,InputC,MAV_CMD_POWER_OFF_INITIATED,22,A.ALT_HOLD1|A.ALT_HOLD2|A.BRAKE1|A.CHUTE1|A.DRIFT1|A.FLIP1|A.FLIP2|A.FLIP3|A.FLIPGeneral|A.GPS.FS1|A.GPS.FS2|A.GUIDED1|A.LAND1|A.LAND2|A.LOITER1|A.RC.FS1|A.RC.FS2|A.RTL1|A.RTL2|A.RTL3|A.RTL4|A.SPORT1,"MAV_CMD_POWER_OFF_INITIATED,42000",baseline/pgfuzz/ArduPilot/policies/A.ALT_HOLD1/cmds.txt|baseline/pgfuzz/ArduPilot/policies/A.ALT_HOLD2/cmds.txt|baseline/pgfuzz/ArduPilot/policies/A.BRAKE1/cmds.txt|baseline/pgfuzz/ArduPilot/policies/A.CHUTE/cmds.txt|baseline/pgfuzz/ArduPilot/policies/A.DRIFT1/cmds.txt|baseline/pgfuzz/ArduPilot/policies/A.FLIP1/cmds.txt|baseline/pgfuzz/ArduPilot/policies/A.FLIP2/cmds.txt|baseline/pgfuzz/ArduPilot/policies/A.FLIP3/cmds.txt|baseline/pgfuzz/ArduPilot/policies/A.FLIP4/cmds.txt|baseline/pgfuzz/ArduPilot/policies/A.GPS.FS1/cmds.txt|baseline/pgfuzz/ArduPilot/policies/A.GPS.FS2/cmds.txt|baseline/pgfuzz/ArduPilot/policies/A.GUIDED1/cmds.txt|baseline/pgfuzz/ArduPilot/policies/A.LAND1/cmds.txt|baseline/pgfuzz/ArduPilot/policies/A.LAND2/cmds.txt|baseline/pgfuzz/ArduPilot/policies/A.LOITER1/cmds.txt|baseline/pgfuzz/ArduPilot/policies/A.RC.FS1/cmds.txt|baseline/pgfuzz/ArduPilot/policies/A.RC.FS2/cmds.txt|baseline/pgfuzz/ArduPilot/policies/A.RTL1/cmds.txt|baseline/pgfuzz/ArduPilot/policies/A.RTL2/cmds.txt|baseline/pgfuzz/ArduPilot/policies/A.RTL3/cmds.txt|baseline/pgfuzz/ArduPilot/policies/A.RTL4/cmds.txt|baseline/pgfuzz/ArduPilot/policies/A.SPORT1/cmds.txt,COMMAND_XML_DEFINITION_FOUND,MAV_CMD_POWER_OFF_INITIATED,EXACT_NAME_XML_DEFINITION,,,,,,,,UNKNOWN,,当前目录没有可用默认值证据。,,,,,,,,,,,NOT_TESTED,42000,MATCH,baseline/ardupilot/modules/mavlink/message_definitions/v1.0/ardupilotmega.xml:77,只确认协议 XML 定义；未由此证明当前飞控构建接受、执行或影响该性质。,NOT_ASSESSED
ArduPilot,InputC,MAV_CMD_SCRIPTING,2,A.AUTO1|A.CIRCLE7,"MAV_CMD_SCRIPTING,42701",baseline/pgfuzz/ArduPilot/policies/A.AUTO1/cmds.txt|baseline/pgfuzz/ArduPilot/policies/A.CIRCLE7/cmds.txt,COMMAND_XML_DEFINITION_FOUND,MAV_CMD_SCRIPTING,EXACT_NAME_XML_DEFINITION,,,,,,,,UNKNOWN,,当前目录没有可用默认值证据。,,,,,,,,,,,NOT_TESTED,42701,MATCH,baseline/ardupilot/modules/mavlink/message_definitions/v1.0/ardupilotmega.xml:276,只确认协议 XML 定义；未由此证明当前飞控构建接受、执行或影响该性质。,NOT_ASSESSED
ArduPilot,InputC,MAV_CMD_SET_FACTORY_TEST_MODE,24,A.ALT_HOLD1|A.ALT_HOLD2|A.AUTO1|A.BRAKE1|A.CHUTE1|A.CIRCLE7|A.DRIFT1|A.FLIP1|A.FLIP2|A.FLIP3|A.FLIPGeneral|A.GPS.FS1|A.GPS.FS2|A.GUIDED1|A.LAND1|A.LAND2|A.LOITER1|A.RC.FS1|A.RC.FS2|A.RTL1|A.RTL2|A.RTL3|A.RTL4|A.SPORT1,"MAV_CMD_SET_FACTORY_TEST_MODE,42427",baseline/pgfuzz/ArduPilot/policies/A.ALT_HOLD1/cmds.txt|baseline/pgfuzz/ArduPilot/policies/A.ALT_HOLD2/cmds.txt|baseline/pgfuzz/ArduPilot/policies/A.AUTO1/cmds.txt|baseline/pgfuzz/ArduPilot/policies/A.BRAKE1/cmds.txt|baseline/pgfuzz/ArduPilot/policies/A.CHUTE/cmds.txt|baseline/pgfuzz/ArduPilot/policies/A.CIRCLE7/cmds.txt|baseline/pgfuzz/ArduPilot/policies/A.DRIFT1/cmds.txt|baseline/pgfuzz/ArduPilot/policies/A.FLIP1/cmds.txt|baseline/pgfuzz/ArduPilot/policies/A.FLIP2/cmds.txt|baseline/pgfuzz/ArduPilot/policies/A.FLIP3/cmds.txt|baseline/pgfuzz/ArduPilot/policies/A.FLIP4/cmds.txt|baseline/pgfuzz/ArduPilot/policies/A.GPS.FS1/cmds.txt|baseline/pgfuzz/ArduPilot/policies/A.GPS.FS2/cmds.txt|baseline/pgfuzz/ArduPilot/policies/A.GUIDED1/cmds.txt|baseline/pgfuzz/ArduPilot/policies/A.LAND1/cmds.txt|baseline/pgfuzz/ArduPilot/policies/A.LAND2/cmds.txt|baseline/pgfuzz/ArduPilot/policies/A.LOITER1/cmds.txt|baseline/pgfuzz/ArduPilot/policies/A.RC.FS1/cmds.txt|baseline/pgfuzz/ArduPilot/policies/A.RC.FS2/cmds.txt|baseline/pgfuzz/ArduPilot/policies/A.RTL1/cmds.txt|baseline/pgfuzz/ArduPilot/policies/A.RTL2/cmds.txt|baseline/pgfuzz/ArduPilot/policies/A.RTL3/cmds.txt|baseline/pgfuzz/ArduPilot/policies/A.RTL4/cmds.txt|baseline/pgfuzz/ArduPilot/policies/A.SPORT1/cmds.txt,COMMAND_XML_DEFINITION_FOUND,MAV_CMD_SET_FACTORY_TEST_MODE,EXACT_NAME_XML_DEFINITION,,,,,,,,UNKNOWN,,当前目录没有可用默认值证据。,,,,,,,,,,,NOT_TESTED,42427,MATCH,baseline/ardupilot/modules/mavlink/message_definitions/v1.0/ardupilotmega.xml:200,只确认协议 XML 定义；未由此证明当前飞控构建接受、执行或影响该性质。,NOT_ASSESSED
ArduPilot,InputC,MAV_CMD_SOLO_BTN_FLY_CLICK,22,A.ALT_HOLD1|A.ALT_HOLD2|A.BRAKE1|A.CHUTE1|A.DRIFT1|A.FLIP1|A.FLIP2|A.FLIP3|A.FLIPGeneral|A.GPS.FS1|A.GPS.FS2|A.GUIDED1|A.LAND1|A.LAND2|A.LOITER1|A.RC.FS1|A.RC.FS2|A.RTL1|A.RTL2|A.RTL3|A.RTL4|A.SPORT1,"MAV_CMD_SOLO_BTN_FLY_CLICK,42001",baseline/pgfuzz/ArduPilot/policies/A.ALT_HOLD1/cmds.txt|baseline/pgfuzz/ArduPilot/policies/A.ALT_HOLD2/cmds.txt|baseline/pgfuzz/ArduPilot/policies/A.BRAKE1/cmds.txt|baseline/pgfuzz/ArduPilot/policies/A.CHUTE/cmds.txt|baseline/pgfuzz/ArduPilot/policies/A.DRIFT1/cmds.txt|baseline/pgfuzz/ArduPilot/policies/A.FLIP1/cmds.txt|baseline/pgfuzz/ArduPilot/policies/A.FLIP2/cmds.txt|baseline/pgfuzz/ArduPilot/policies/A.FLIP3/cmds.txt|baseline/pgfuzz/ArduPilot/policies/A.FLIP4/cmds.txt|baseline/pgfuzz/ArduPilot/policies/A.GPS.FS1/cmds.txt|baseline/pgfuzz/ArduPilot/policies/A.GPS.FS2/cmds.txt|baseline/pgfuzz/ArduPilot/policies/A.GUIDED1/cmds.txt|baseline/pgfuzz/ArduPilot/policies/A.LAND1/cmds.txt|baseline/pgfuzz/ArduPilot/policies/A.LAND2/cmds.txt|baseline/pgfuzz/ArduPilot/policies/A.LOITER1/cmds.txt|baseline/pgfuzz/ArduPilot/policies/A.RC.FS1/cmds.txt|baseline/pgfuzz/ArduPilot/policies/A.RC.FS2/cmds.txt|baseline/pgfuzz/ArduPilot/policies/A.RTL1/cmds.txt|baseline/pgfuzz/ArduPilot/policies/A.RTL2/cmds.txt|baseline/pgfuzz/ArduPilot/policies/A.RTL3/cmds.txt|baseline/pgfuzz/ArduPilot/policies/A.RTL4/cmds.txt|baseline/pgfuzz/ArduPilot/policies/A.SPORT1/cmds.txt,COMMAND_XML_DEFINITION_FOUND,MAV_CMD_SOLO_BTN_FLY_CLICK,EXACT_NAME_XML_DEFINITION,,,,,,,,UNKNOWN,,当前目录没有可用默认值证据。,,,,,,,,,,,NOT_TESTED,42001,MATCH,baseline/ardupilot/modules/mavlink/message_definitions/v1.0/ardupilotmega.xml:88,只确认协议 XML 定义；未由此证明当前飞控构建接受、执行或影响该性质。,NOT_ASSESSED
ArduPilot,InputC,MAV_CMD_SOLO_BTN_FLY_HOLD,24,A.ALT_HOLD1|A.ALT_HOLD2|A.AUTO1|A.BRAKE1|A.CHUTE1|A.CIRCLE7|A.DRIFT1|A.FLIP1|A.FLIP2|A.FLIP3|A.FLIPGeneral|A.GPS.FS1|A.GPS.FS2|A.GUIDED1|A.LAND1|A.LAND2|A.LOITER1|A.RC.FS1|A.RC.FS2|A.RTL1|A.RTL2|A.RTL3|A.RTL4|A.SPORT1,"MAV_CMD_SOLO_BTN_FLY_HOLD,42002",baseline/pgfuzz/ArduPilot/policies/A.ALT_HOLD1/cmds.txt|baseline/pgfuzz/ArduPilot/policies/A.ALT_HOLD2/cmds.txt|baseline/pgfuzz/ArduPilot/policies/A.AUTO1/cmds.txt|baseline/pgfuzz/ArduPilot/policies/A.BRAKE1/cmds.txt|baseline/pgfuzz/ArduPilot/policies/A.CHUTE/cmds.txt|baseline/pgfuzz/ArduPilot/policies/A.CIRCLE7/cmds.txt|baseline/pgfuzz/ArduPilot/policies/A.DRIFT1/cmds.txt|baseline/pgfuzz/ArduPilot/policies/A.FLIP1/cmds.txt|baseline/pgfuzz/ArduPilot/policies/A.FLIP2/cmds.txt|baseline/pgfuzz/ArduPilot/policies/A.FLIP3/cmds.txt|baseline/pgfuzz/ArduPilot/policies/A.FLIP4/cmds.txt|baseline/pgfuzz/ArduPilot/policies/A.GPS.FS1/cmds.txt|baseline/pgfuzz/ArduPilot/policies/A.GPS.FS2/cmds.txt|baseline/pgfuzz/ArduPilot/policies/A.GUIDED1/cmds.txt|baseline/pgfuzz/ArduPilot/policies/A.LAND1/cmds.txt|baseline/pgfuzz/ArduPilot/policies/A.LAND2/cmds.txt|baseline/pgfuzz/ArduPilot/policies/A.LOITER1/cmds.txt|baseline/pgfuzz/ArduPilot/policies/A.RC.FS1/cmds.txt|baseline/pgfuzz/ArduPilot/policies/A.RC.FS2/cmds.txt|baseline/pgfuzz/ArduPilot/policies/A.RTL1/cmds.txt|baseline/pgfuzz/ArduPilot/policies/A.RTL2/cmds.txt|baseline/pgfuzz/ArduPilot/policies/A.RTL3/cmds.txt|baseline/pgfuzz/ArduPilot/policies/A.RTL4/cmds.txt|baseline/pgfuzz/ArduPilot/policies/A.SPORT1/cmds.txt,COMMAND_XML_DEFINITION_FOUND,MAV_CMD_SOLO_BTN_FLY_HOLD,EXACT_NAME_XML_DEFINITION,,,,,,,,UNKNOWN,,当前目录没有可用默认值证据。,,,,,,,,,,,NOT_TESTED,42002,MATCH,baseline/ardupilot/modules/mavlink/message_definitions/v1.0/ardupilotmega.xml:98,只确认协议 XML 定义；未由此证明当前飞控构建接受、执行或影响该性质。,NOT_ASSESSED
ArduPilot,InputC,MAV_CMD_SOLO_BTN_PAUSE_CLICK,22,A.ALT_HOLD1|A.ALT_HOLD2|A.BRAKE1|A.CHUTE1|A.DRIFT1|A.FLIP1|A.FLIP2|A.FLIP3|A.FLIPGeneral|A.GPS.FS1|A.GPS.FS2|A.GUIDED1|A.LAND1|A.LAND2|A.LOITER1|A.RC.FS1|A.RC.FS2|A.RTL1|A.RTL2|A.RTL3|A.RTL4|A.SPORT1,"MAV_CMD_SOLO_BTN_PAUSE_CLICK,42003",baseline/pgfuzz/ArduPilot/policies/A.ALT_HOLD1/cmds.txt|baseline/pgfuzz/ArduPilot/policies/A.ALT_HOLD2/cmds.txt|baseline/pgfuzz/ArduPilot/policies/A.BRAKE1/cmds.txt|baseline/pgfuzz/ArduPilot/policies/A.CHUTE/cmds.txt|baseline/pgfuzz/ArduPilot/policies/A.DRIFT1/cmds.txt|baseline/pgfuzz/ArduPilot/policies/A.FLIP1/cmds.txt|baseline/pgfuzz/ArduPilot/policies/A.FLIP2/cmds.txt|baseline/pgfuzz/ArduPilot/policies/A.FLIP3/cmds.txt|baseline/pgfuzz/ArduPilot/policies/A.FLIP4/cmds.txt|baseline/pgfuzz/ArduPilot/policies/A.GPS.FS1/cmds.txt|baseline/pgfuzz/ArduPilot/policies/A.GPS.FS2/cmds.txt|baseline/pgfuzz/ArduPilot/policies/A.GUIDED1/cmds.txt|baseline/pgfuzz/ArduPilot/policies/A.LAND1/cmds.txt|baseline/pgfuzz/ArduPilot/policies/A.LAND2/cmds.txt|baseline/pgfuzz/ArduPilot/policies/A.LOITER1/cmds.txt|baseline/pgfuzz/ArduPilot/policies/A.RC.FS1/cmds.txt|baseline/pgfuzz/ArduPilot/policies/A.RC.FS2/cmds.txt|baseline/pgfuzz/ArduPilot/policies/A.RTL1/cmds.txt|baseline/pgfuzz/ArduPilot/policies/A.RTL2/cmds.txt|baseline/pgfuzz/ArduPilot/policies/A.RTL3/cmds.txt|baseline/pgfuzz/ArduPilot/policies/A.RTL4/cmds.txt|baseline/pgfuzz/ArduPilot/policies/A.SPORT1/cmds.txt,COMMAND_XML_DEFINITION_FOUND,MAV_CMD_SOLO_BTN_PAUSE_CLICK,EXACT_NAME_XML_DEFINITION,,,,,,,,UNKNOWN,,当前目录没有可用默认值证据。,,,,,,,,,,,NOT_TESTED,42003,MATCH,baseline/ardupilot/modules/mavlink/message_definitions/v1.0/ardupilotmega.xml:108,只确认协议 XML 定义；未由此证明当前飞控构建接受、执行或影响该性质。,NOT_ASSESSED
ArduPilot,InputC,RC1,30,A.ALT_HOLD1|A.ALT_HOLD2|A.AUTO1|A.BRAKE1|A.CHUTE1|A.CIRCLE1|A.CIRCLE2|A.CIRCLE3|A.CIRCLE4|A.CIRCLE5|A.CIRCLE6|A.CIRCLE7|A.DRIFT1|A.FLIP1|A.FLIP2|A.FLIP3|A.FLIPGeneral|A.GPS.FS1|A.GPS.FS2|A.GUIDED1|A.LAND1|A.LAND2|A.LOITER1|A.RC.FS1|A.RC.FS2|A.RTL1|A.RTL2|A.RTL3|A.RTL4|A.SPORT1,"RC1,0",baseline/pgfuzz/ArduPilot/policies/A.ALT_HOLD1/cmds.txt|baseline/pgfuzz/ArduPilot/policies/A.ALT_HOLD2/cmds.txt|baseline/pgfuzz/ArduPilot/policies/A.AUTO1/cmds.txt|baseline/pgfuzz/ArduPilot/policies/A.BRAKE1/cmds.txt|baseline/pgfuzz/ArduPilot/policies/A.CHUTE/cmds.txt|baseline/pgfuzz/ArduPilot/policies/A.CIRCLE1/cmds.txt|baseline/pgfuzz/ArduPilot/policies/A.CIRCLE2/cmds.txt|baseline/pgfuzz/ArduPilot/policies/A.CIRCLE3/cmds.txt|baseline/pgfuzz/ArduPilot/policies/A.CIRCLE4_6/cmds.txt|baseline/pgfuzz/ArduPilot/policies/A.CIRCLE7/cmds.txt|baseline/pgfuzz/ArduPilot/policies/A.DRIFT1/cmds.txt|baseline/pgfuzz/ArduPilot/policies/A.FLIP1/cmds.txt|baseline/pgfuzz/ArduPilot/policies/A.FLIP2/cmds.txt|baseline/pgfuzz/ArduPilot/policies/A.FLIP3/cmds.txt|baseline/pgfuzz/ArduPilot/policies/A.FLIP4/cmds.txt|baseline/pgfuzz/ArduPilot/policies/A.GPS.FS1/cmds.txt|baseline/pgfuzz/ArduPilot/policies/A.GPS.FS2/cmds.txt|baseline/pgfuzz/ArduPilot/policies/A.GUIDED1/cmds.txt|baseline/pgfuzz/ArduPilot/policies/A.LAND1/cmds.txt|baseline/pgfuzz/ArduPilot/policies/A.LAND2/cmds.txt|baseline/pgfuzz/ArduPilot/policies/A.LOITER1/cmds.txt|baseline/pgfuzz/ArduPilot/policies/A.RC.FS1/cmds.txt|baseline/pgfuzz/ArduPilot/policies/A.RC.FS2/cmds.txt|baseline/pgfuzz/ArduPilot/policies/A.RTL1/cmds.txt|baseline/pgfuzz/ArduPilot/policies/A.RTL2/cmds.txt|baseline/pgfuzz/ArduPilot/policies/A.RTL3/cmds.txt|baseline/pgfuzz/ArduPilot/policies/A.RTL4/cmds.txt|baseline/pgfuzz/ArduPilot/policies/A.SPORT1/cmds.txt,SPECIAL_CONTROL_INPUT,RC1,MODELLED_SPECIAL_INPUT,,,,,,,,UNKNOWN,,当前目录没有可用默认值证据。,,,,,,,,,,,NOT_TESTED,,NOT_APPLICABLE,,这是 PGFuzz 自定义输入编码；后续必须绑定到当前模式或遥控接收路径，不能把数字直接当当前枚举。,NOT_ASSESSED
ArduPilot,InputC,RC2,30,A.ALT_HOLD1|A.ALT_HOLD2|A.AUTO1|A.BRAKE1|A.CHUTE1|A.CIRCLE1|A.CIRCLE2|A.CIRCLE3|A.CIRCLE4|A.CIRCLE5|A.CIRCLE6|A.CIRCLE7|A.DRIFT1|A.FLIP1|A.FLIP2|A.FLIP3|A.FLIPGeneral|A.GPS.FS1|A.GPS.FS2|A.GUIDED1|A.LAND1|A.LAND2|A.LOITER1|A.RC.FS1|A.RC.FS2|A.RTL1|A.RTL2|A.RTL3|A.RTL4|A.SPORT1,"RC2,0",baseline/pgfuzz/ArduPilot/policies/A.ALT_HOLD1/cmds.txt|baseline/pgfuzz/ArduPilot/policies/A.ALT_HOLD2/cmds.txt|baseline/pgfuzz/ArduPilot/policies/A.AUTO1/cmds.txt|baseline/pgfuzz/ArduPilot/policies/A.BRAKE1/cmds.txt|baseline/pgfuzz/ArduPilot/policies/A.CHUTE/cmds.txt|baseline/pgfuzz/ArduPilot/policies/A.CIRCLE1/cmds.txt|baseline/pgfuzz/ArduPilot/policies/A.CIRCLE2/cmds.txt|baseline/pgfuzz/ArduPilot/policies/A.CIRCLE3/cmds.txt|baseline/pgfuzz/ArduPilot/policies/A.CIRCLE4_6/cmds.txt|baseline/pgfuzz/ArduPilot/policies/A.CIRCLE7/cmds.txt|baseline/pgfuzz/ArduPilot/policies/A.DRIFT1/cmds.txt|baseline/pgfuzz/ArduPilot/policies/A.FLIP1/cmds.txt|baseline/pgfuzz/ArduPilot/policies/A.FLIP2/cmds.txt|baseline/pgfuzz/ArduPilot/policies/A.FLIP3/cmds.txt|baseline/pgfuzz/ArduPilot/policies/A.FLIP4/cmds.txt|baseline/pgfuzz/ArduPilot/policies/A.GPS.FS1/cmds.txt|baseline/pgfuzz/ArduPilot/policies/A.GPS.FS2/cmds.txt|baseline/pgfuzz/ArduPilot/policies/A.GUIDED1/cmds.txt|baseline/pgfuzz/ArduPilot/policies/A.LAND1/cmds.txt|baseline/pgfuzz/ArduPilot/policies/A.LAND2/cmds.txt|baseline/pgfuzz/ArduPilot/policies/A.LOITER1/cmds.txt|baseline/pgfuzz/ArduPilot/policies/A.RC.FS1/cmds.txt|baseline/pgfuzz/ArduPilot/policies/A.RC.FS2/cmds.txt|baseline/pgfuzz/ArduPilot/policies/A.RTL1/cmds.txt|baseline/pgfuzz/ArduPilot/policies/A.RTL2/cmds.txt|baseline/pgfuzz/ArduPilot/policies/A.RTL3/cmds.txt|baseline/pgfuzz/ArduPilot/policies/A.RTL4/cmds.txt|baseline/pgfuzz/ArduPilot/policies/A.SPORT1/cmds.txt,SPECIAL_CONTROL_INPUT,RC2,MODELLED_SPECIAL_INPUT,,,,,,,,UNKNOWN,,当前目录没有可用默认值证据。,,,,,,,,,,,NOT_TESTED,,NOT_APPLICABLE,,这是 PGFuzz 自定义输入编码；后续必须绑定到当前模式或遥控接收路径，不能把数字直接当当前枚举。,NOT_ASSESSED
ArduPilot,InputC,RC3,30,A.ALT_HOLD1|A.ALT_HOLD2|A.AUTO1|A.BRAKE1|A.CHUTE1|A.CIRCLE1|A.CIRCLE2|A.CIRCLE3|A.CIRCLE4|A.CIRCLE5|A.CIRCLE6|A.CIRCLE7|A.DRIFT1|A.FLIP1|A.FLIP2|A.FLIP3|A.FLIPGeneral|A.GPS.FS1|A.GPS.FS2|A.GUIDED1|A.LAND1|A.LAND2|A.LOITER1|A.RC.FS1|A.RC.FS2|A.RTL1|A.RTL2|A.RTL3|A.RTL4|A.SPORT1,"RC3,0",baseline/pgfuzz/ArduPilot/policies/A.ALT_HOLD1/cmds.txt|baseline/pgfuzz/ArduPilot/policies/A.ALT_HOLD2/cmds.txt|baseline/pgfuzz/ArduPilot/policies/A.AUTO1/cmds.txt|baseline/pgfuzz/ArduPilot/policies/A.BRAKE1/cmds.txt|baseline/pgfuzz/ArduPilot/policies/A.CHUTE/cmds.txt|baseline/pgfuzz/ArduPilot/policies/A.CIRCLE1/cmds.txt|baseline/pgfuzz/ArduPilot/policies/A.CIRCLE2/cmds.txt|baseline/pgfuzz/ArduPilot/policies/A.CIRCLE3/cmds.txt|baseline/pgfuzz/ArduPilot/policies/A.CIRCLE4_6/cmds.txt|baseline/pgfuzz/ArduPilot/policies/A.CIRCLE7/cmds.txt|baseline/pgfuzz/ArduPilot/policies/A.DRIFT1/cmds.txt|baseline/pgfuzz/ArduPilot/policies/A.FLIP1/cmds.txt|baseline/pgfuzz/ArduPilot/policies/A.FLIP2/cmds.txt|baseline/pgfuzz/ArduPilot/policies/A.FLIP3/cmds.txt|baseline/pgfuzz/ArduPilot/policies/A.FLIP4/cmds.txt|baseline/pgfuzz/ArduPilot/policies/A.GPS.FS1/cmds.txt|baseline/pgfuzz/ArduPilot/policies/A.GPS.FS2/cmds.txt|baseline/pgfuzz/ArduPilot/policies/A.GUIDED1/cmds.txt|baseline/pgfuzz/ArduPilot/policies/A.LAND1/cmds.txt|baseline/pgfuzz/ArduPilot/policies/A.LAND2/cmds.txt|baseline/pgfuzz/ArduPilot/policies/A.LOITER1/cmds.txt|baseline/pgfuzz/ArduPilot/policies/A.RC.FS1/cmds.txt|baseline/pgfuzz/ArduPilot/policies/A.RC.FS2/cmds.txt|baseline/pgfuzz/ArduPilot/policies/A.RTL1/cmds.txt|baseline/pgfuzz/ArduPilot/policies/A.RTL2/cmds.txt|baseline/pgfuzz/ArduPilot/policies/A.RTL3/cmds.txt|baseline/pgfuzz/ArduPilot/policies/A.RTL4/cmds.txt|baseline/pgfuzz/ArduPilot/policies/A.SPORT1/cmds.txt,SPECIAL_CONTROL_INPUT,RC3,MODELLED_SPECIAL_INPUT,,,,,,,,UNKNOWN,,当前目录没有可用默认值证据。,,,,,,,,,,,NOT_TESTED,,NOT_APPLICABLE,,这是 PGFuzz 自定义输入编码；后续必须绑定到当前模式或遥控接收路径，不能把数字直接当当前枚举。,NOT_ASSESSED
ArduPilot,InputC,RC4,30,A.ALT_HOLD1|A.ALT_HOLD2|A.AUTO1|A.BRAKE1|A.CHUTE1|A.CIRCLE1|A.CIRCLE2|A.CIRCLE3|A.CIRCLE4|A.CIRCLE5|A.CIRCLE6|A.CIRCLE7|A.DRIFT1|A.FLIP1|A.FLIP2|A.FLIP3|A.FLIPGeneral|A.GPS.FS1|A.GPS.FS2|A.GUIDED1|A.LAND1|A.LAND2|A.LOITER1|A.RC.FS1|A.RC.FS2|A.RTL1|A.RTL2|A.RTL3|A.RTL4|A.SPORT1,"RC4,0",baseline/pgfuzz/ArduPilot/policies/A.ALT_HOLD1/cmds.txt|baseline/pgfuzz/ArduPilot/policies/A.ALT_HOLD2/cmds.txt|baseline/pgfuzz/ArduPilot/policies/A.AUTO1/cmds.txt|baseline/pgfuzz/ArduPilot/policies/A.BRAKE1/cmds.txt|baseline/pgfuzz/ArduPilot/policies/A.CHUTE/cmds.txt|baseline/pgfuzz/ArduPilot/policies/A.CIRCLE1/cmds.txt|baseline/pgfuzz/ArduPilot/policies/A.CIRCLE2/cmds.txt|baseline/pgfuzz/ArduPilot/policies/A.CIRCLE3/cmds.txt|baseline/pgfuzz/ArduPilot/policies/A.CIRCLE4_6/cmds.txt|baseline/pgfuzz/ArduPilot/policies/A.CIRCLE7/cmds.txt|baseline/pgfuzz/ArduPilot/policies/A.DRIFT1/cmds.txt|baseline/pgfuzz/ArduPilot/policies/A.FLIP1/cmds.txt|baseline/pgfuzz/ArduPilot/policies/A.FLIP2/cmds.txt|baseline/pgfuzz/ArduPilot/policies/A.FLIP3/cmds.txt|baseline/pgfuzz/ArduPilot/policies/A.FLIP4/cmds.txt|baseline/pgfuzz/ArduPilot/policies/A.GPS.FS1/cmds.txt|baseline/pgfuzz/ArduPilot/policies/A.GPS.FS2/cmds.txt|baseline/pgfuzz/ArduPilot/policies/A.GUIDED1/cmds.txt|baseline/pgfuzz/ArduPilot/policies/A.LAND1/cmds.txt|baseline/pgfuzz/ArduPilot/policies/A.LAND2/cmds.txt|baseline/pgfuzz/ArduPilot/policies/A.LOITER1/cmds.txt|baseline/pgfuzz/ArduPilot/policies/A.RC.FS1/cmds.txt|baseline/pgfuzz/ArduPilot/policies/A.RC.FS2/cmds.txt|baseline/pgfuzz/ArduPilot/policies/A.RTL1/cmds.txt|baseline/pgfuzz/ArduPilot/policies/A.RTL2/cmds.txt|baseline/pgfuzz/ArduPilot/policies/A.RTL3/cmds.txt|baseline/pgfuzz/ArduPilot/policies/A.RTL4/cmds.txt|baseline/pgfuzz/ArduPilot/policies/A.SPORT1/cmds.txt,SPECIAL_CONTROL_INPUT,RC4,MODELLED_SPECIAL_INPUT,,,,,,,,UNKNOWN,,当前目录没有可用默认值证据。,,,,,,,,,,,NOT_TESTED,,NOT_APPLICABLE,,这是 PGFuzz 自定义输入编码；后续必须绑定到当前模式或遥控接收路径，不能把数字直接当当前枚举。,NOT_ASSESSED
ArduPilot,InputE,SIM_ACC2_BIAS_X,18,A.ALT_HOLD1|A.ALT_HOLD2|A.CHUTE1|A.FLIP1|A.FLIP2|A.FLIP3|A.FLIPGeneral|A.GUIDED1|A.LAND1|A.LAND2|A.LOITER1|A.RC.FS1|A.RC.FS2|A.RTL1|A.RTL2|A.RTL3|A.RTL4|A.SPORT1,SIM_ACC2_BIAS_X,baseline/pgfuzz/ArduPilot/policies/A.ALT_HOLD1/envs.txt|baseline/pgfuzz/ArduPilot/policies/A.ALT_HOLD2/envs.txt|baseline/pgfuzz/ArduPilot/policies/A.CHUTE/envs.txt|baseline/pgfuzz/ArduPilot/policies/A.FLIP1/envs.txt|baseline/pgfuzz/ArduPilot/policies/A.FLIP2/envs.txt|baseline/pgfuzz/ArduPilot/policies/A.FLIP3/envs.txt|baseline/pgfuzz/ArduPilot/policies/A.FLIP4/envs.txt|baseline/pgfuzz/ArduPilot/policies/A.GUIDED1/envs.txt|baseline/pgfuzz/ArduPilot/policies/A.LAND1/envs.txt|baseline/pgfuzz/ArduPilot/policies/A.LAND2/envs.txt|baseline/pgfuzz/ArduPilot/policies/A.LOITER1/envs.txt|baseline/pgfuzz/ArduPilot/policies/A.RC.FS1/envs.txt|baseline/pgfuzz/ArduPilot/policies/A.RC.FS2/envs.txt|baseline/pgfuzz/ArduPilot/policies/A.RTL1/envs.txt|baseline/pgfuzz/ArduPilot/policies/A.RTL2/envs.txt|baseline/pgfuzz/ArduPilot/policies/A.RTL3/envs.txt|baseline/pgfuzz/ArduPilot/policies/A.RTL4/envs.txt|baseline/pgfuzz/ArduPilot/policies/A.SPORT1/envs.txt,EXACT_CURRENT_DEFINITION,SIM_ACC2_BIAS_X,EXACT_NAME_DEFINITION,,,,unresolved,not_exposed_by_param_metadata_parser,,,UNKNOWN,,当前目录没有可用默认值证据。,,,,,,confirmed_by_frozen_runtime_snapshot,observed_in_frozen_runtime_parameter_download,0.0,quad,ardupilot-copter-m6,NOT_TESTED,,NOT_APPLICABLE,,参数身份和定义位置已找到；这不证明它与该性质存在真实数据依赖，也未执行写入变更测试。,NOT_ASSESSED
ArduPilot,InputE,SIM_ACC2_BIAS_Y,18,A.ALT_HOLD1|A.ALT_HOLD2|A.CHUTE1|A.FLIP1|A.FLIP2|A.FLIP3|A.FLIPGeneral|A.GUIDED1|A.LAND1|A.LAND2|A.LOITER1|A.RC.FS1|A.RC.FS2|A.RTL1|A.RTL2|A.RTL3|A.RTL4|A.SPORT1,SIM_ACC2_BIAS_Y,baseline/pgfuzz/ArduPilot/policies/A.ALT_HOLD1/envs.txt|baseline/pgfuzz/ArduPilot/policies/A.ALT_HOLD2/envs.txt|baseline/pgfuzz/ArduPilot/policies/A.CHUTE/envs.txt|baseline/pgfuzz/ArduPilot/policies/A.FLIP1/envs.txt|baseline/pgfuzz/ArduPilot/policies/A.FLIP2/envs.txt|baseline/pgfuzz/ArduPilot/policies/A.FLIP3/envs.txt|baseline/pgfuzz/ArduPilot/policies/A.FLIP4/envs.txt|baseline/pgfuzz/ArduPilot/policies/A.GUIDED1/envs.txt|baseline/pgfuzz/ArduPilot/policies/A.LAND1/envs.txt|baseline/pgfuzz/ArduPilot/policies/A.LAND2/envs.txt|baseline/pgfuzz/ArduPilot/policies/A.LOITER1/envs.txt|baseline/pgfuzz/ArduPilot/policies/A.RC.FS1/envs.txt|baseline/pgfuzz/ArduPilot/policies/A.RC.FS2/envs.txt|baseline/pgfuzz/ArduPilot/policies/A.RTL1/envs.txt|baseline/pgfuzz/ArduPilot/policies/A.RTL2/envs.txt|baseline/pgfuzz/ArduPilot/policies/A.RTL3/envs.txt|baseline/pgfuzz/ArduPilot/policies/A.RTL4/envs.txt|baseline/pgfuzz/ArduPilot/policies/A.SPORT1/envs.txt,EXACT_CURRENT_DEFINITION,SIM_ACC2_BIAS_Y,EXACT_NAME_DEFINITION,,,,unresolved,not_exposed_by_param_metadata_parser,,,UNKNOWN,,当前目录没有可用默认值证据。,,,,,,confirmed_by_frozen_runtime_snapshot,observed_in_frozen_runtime_parameter_download,0.0,quad,ardupilot-copter-m6,NOT_TESTED,,NOT_APPLICABLE,,参数身份和定义位置已找到；这不证明它与该性质存在真实数据依赖，也未执行写入变更测试。,NOT_ASSESSED
ArduPilot,InputE,SIM_ACC2_BIAS_Z,18,A.ALT_HOLD1|A.ALT_HOLD2|A.CHUTE1|A.FLIP1|A.FLIP2|A.FLIP3|A.FLIPGeneral|A.GUIDED1|A.LAND1|A.LAND2|A.LOITER1|A.RC.FS1|A.RC.FS2|A.RTL1|A.RTL2|A.RTL3|A.RTL4|A.SPORT1,SIM_ACC2_BIAS_Z,baseline/pgfuzz/ArduPilot/policies/A.ALT_HOLD1/envs.txt|baseline/pgfuzz/ArduPilot/policies/A.ALT_HOLD2/envs.txt|baseline/pgfuzz/ArduPilot/policies/A.CHUTE/envs.txt|baseline/pgfuzz/ArduPilot/policies/A.FLIP1/envs.txt|baseline/pgfuzz/ArduPilot/policies/A.FLIP2/envs.txt|baseline/pgfuzz/ArduPilot/policies/A.FLIP3/envs.txt|baseline/pgfuzz/ArduPilot/policies/A.FLIP4/envs.txt|baseline/pgfuzz/ArduPilot/policies/A.GUIDED1/envs.txt|baseline/pgfuzz/ArduPilot/policies/A.LAND1/envs.txt|baseline/pgfuzz/ArduPilot/policies/A.LAND2/envs.txt|baseline/pgfuzz/ArduPilot/policies/A.LOITER1/envs.txt|baseline/pgfuzz/ArduPilot/policies/A.RC.FS1/envs.txt|baseline/pgfuzz/ArduPilot/policies/A.RC.FS2/envs.txt|baseline/pgfuzz/ArduPilot/policies/A.RTL1/envs.txt|baseline/pgfuzz/ArduPilot/policies/A.RTL2/envs.txt|baseline/pgfuzz/ArduPilot/policies/A.RTL3/envs.txt|baseline/pgfuzz/ArduPilot/policies/A.RTL4/envs.txt|baseline/pgfuzz/ArduPilot/policies/A.SPORT1/envs.txt,EXACT_CURRENT_DEFINITION,SIM_ACC2_BIAS_Z,EXACT_NAME_DEFINITION,,,,unresolved,not_exposed_by_param_metadata_parser,,,UNKNOWN,,当前目录没有可用默认值证据。,,,,,,confirmed_by_frozen_runtime_snapshot,observed_in_frozen_runtime_parameter_download,0.0,quad,ardupilot-copter-m6,NOT_TESTED,,NOT_APPLICABLE,,参数身份和定义位置已找到；这不证明它与该性质存在真实数据依赖，也未执行写入变更测试。,NOT_ASSESSED
ArduPilot,InputE,SIM_ACCEL_FAIL,27,A.ALT_HOLD1|A.ALT_HOLD2|A.AUTO1|A.BRAKE1|A.CHUTE1|A.CIRCLE1|A.CIRCLE2|A.CIRCLE3|A.CIRCLE4|A.CIRCLE5|A.CIRCLE6|A.CIRCLE7|A.FLIP1|A.FLIP2|A.FLIP3|A.FLIPGeneral|A.GUIDED1|A.LAND1|A.LAND2|A.LOITER1|A.RC.FS1|A.RC.FS2|A.RTL1|A.RTL2|A.RTL3|A.RTL4|A.SPORT1,SIM_ACCEL_FAIL,baseline/pgfuzz/ArduPilot/policies/A.ALT_HOLD1/envs.txt|baseline/pgfuzz/ArduPilot/policies/A.ALT_HOLD2/envs.txt|baseline/pgfuzz/ArduPilot/policies/A.AUTO1/envs.txt|baseline/pgfuzz/ArduPilot/policies/A.BRAKE1/envs.txt|baseline/pgfuzz/ArduPilot/policies/A.CHUTE/envs.txt|baseline/pgfuzz/ArduPilot/policies/A.CIRCLE1/envs.txt|baseline/pgfuzz/ArduPilot/policies/A.CIRCLE2/envs.txt|baseline/pgfuzz/ArduPilot/policies/A.CIRCLE3/envs.txt|baseline/pgfuzz/ArduPilot/policies/A.CIRCLE4_6/envs.txt|baseline/pgfuzz/ArduPilot/policies/A.CIRCLE7/envs.txt|baseline/pgfuzz/ArduPilot/policies/A.FLIP1/envs.txt|baseline/pgfuzz/ArduPilot/policies/A.FLIP2/envs.txt|baseline/pgfuzz/ArduPilot/policies/A.FLIP3/envs.txt|baseline/pgfuzz/ArduPilot/policies/A.FLIP4/envs.txt|baseline/pgfuzz/ArduPilot/policies/A.GUIDED1/envs.txt|baseline/pgfuzz/ArduPilot/policies/A.LAND1/envs.txt|baseline/pgfuzz/ArduPilot/policies/A.LAND2/envs.txt|baseline/pgfuzz/ArduPilot/policies/A.LOITER1/envs.txt|baseline/pgfuzz/ArduPilot/policies/A.RC.FS1/envs.txt|baseline/pgfuzz/ArduPilot/policies/A.RC.FS2/envs.txt|baseline/pgfuzz/ArduPilot/policies/A.RTL1/envs.txt|baseline/pgfuzz/ArduPilot/policies/A.RTL2/envs.txt|baseline/pgfuzz/ArduPilot/policies/A.RTL3/envs.txt|baseline/pgfuzz/ArduPilot/policies/A.RTL4/envs.txt|baseline/pgfuzz/ArduPilot/policies/A.SPORT1/envs.txt,RENAMED_CURRENT_DEFINITION,SIM_ACCEL1_FAIL,CURATED_INSTANCE1_MIGRATION_MODELLED,current instance-qualified SITL parameter family,当前参数显式区分传感器实例；映射到第一实例有名称和参数族证据，但未发现逐项历史迁移记录。,baseline/ardupilot/libraries/SITL/SITL.cpp:1074,exact_metadata_unique,not_exposed_by_param_metadata_parser,,,UNKNOWN,baseline/ardupilot/libraries/SITL/SITL.cpp:1074,当前目录没有可用默认值证据。,,,,,,confirmed_by_frozen_runtime_snapshot,observed_in_frozen_runtime_parameter_download,0.0,quad,ardupilot-copter-m6,NOT_TESTED,,NOT_APPLICABLE,,参数身份和定义位置已找到；这不证明它与该性质存在真实数据依赖，也未执行写入变更测试。,NOT_ASSESSED
ArduPilot,InputE,SIM_ACC_BIAS_X,25,A.ALT_HOLD1|A.ALT_HOLD2|A.AUTO1|A.BRAKE1|A.CHUTE1|A.CIRCLE3|A.CIRCLE4|A.CIRCLE5|A.CIRCLE6|A.CIRCLE7|A.FLIP1|A.FLIP2|A.FLIP3|A.FLIPGeneral|A.GUIDED1|A.LAND1|A.LAND2|A.LOITER1|A.RC.FS1|A.RC.FS2|A.RTL1|A.RTL2|A.RTL3|A.RTL4|A.SPORT1,SIM_ACC_BIAS_X,baseline/pgfuzz/ArduPilot/policies/A.ALT_HOLD1/envs.txt|baseline/pgfuzz/ArduPilot/policies/A.ALT_HOLD2/envs.txt|baseline/pgfuzz/ArduPilot/policies/A.AUTO1/envs.txt|baseline/pgfuzz/ArduPilot/policies/A.BRAKE1/envs.txt|baseline/pgfuzz/ArduPilot/policies/A.CHUTE/envs.txt|baseline/pgfuzz/ArduPilot/policies/A.CIRCLE3/envs.txt|baseline/pgfuzz/ArduPilot/policies/A.CIRCLE4_6/envs.txt|baseline/pgfuzz/ArduPilot/policies/A.CIRCLE7/envs.txt|baseline/pgfuzz/ArduPilot/policies/A.FLIP1/envs.txt|baseline/pgfuzz/ArduPilot/policies/A.FLIP2/envs.txt|baseline/pgfuzz/ArduPilot/policies/A.FLIP3/envs.txt|baseline/pgfuzz/ArduPilot/policies/A.FLIP4/envs.txt|baseline/pgfuzz/ArduPilot/policies/A.GUIDED1/envs.txt|baseline/pgfuzz/ArduPilot/policies/A.LAND1/envs.txt|baseline/pgfuzz/ArduPilot/policies/A.LAND2/envs.txt|baseline/pgfuzz/ArduPilot/policies/A.LOITER1/envs.txt|baseline/pgfuzz/ArduPilot/policies/A.RC.FS1/envs.txt|baseline/pgfuzz/ArduPilot/policies/A.RC.FS2/envs.txt|baseline/pgfuzz/ArduPilot/policies/A.RTL1/envs.txt|baseline/pgfuzz/ArduPilot/policies/A.RTL2/envs.txt|baseline/pgfuzz/ArduPilot/policies/A.RTL3/envs.txt|baseline/pgfuzz/ArduPilot/policies/A.RTL4/envs.txt|baseline/pgfuzz/ArduPilot/policies/A.SPORT1/envs.txt,RENAMED_CURRENT_DEFINITION,SIM_ACC1_BIAS_X,CURATED_INSTANCE1_MIGRATION_MODELLED,current instance-qualified SITL parameter family,当前参数显式区分传感器实例；映射到第一实例有名称和参数族证据，但未发现逐项历史迁移记录。,,unresolved,not_exposed_by_param_metadata_parser,,,UNKNOWN,,当前目录没有可用默认值证据。,,,,,,confirmed_by_frozen_runtime_snapshot,observed_in_frozen_runtime_parameter_download,0.0,quad,ardupilot-copter-m6,NOT_TESTED,,NOT_APPLICABLE,,参数身份和定义位置已找到；这不证明它与该性质存在真实数据依赖，也未执行写入变更测试。,NOT_ASSESSED
ArduPilot,InputE,SIM_ACC_BIAS_Y,19,A.ALT_HOLD1|A.ALT_HOLD2|A.BRAKE1|A.CHUTE1|A.FLIP1|A.FLIP2|A.FLIP3|A.FLIPGeneral|A.GUIDED1|A.LAND1|A.LAND2|A.LOITER1|A.RC.FS1|A.RC.FS2|A.RTL1|A.RTL2|A.RTL3|A.RTL4|A.SPORT1,SIM_ACC_BIAS_Y,baseline/pgfuzz/ArduPilot/policies/A.ALT_HOLD1/envs.txt|baseline/pgfuzz/ArduPilot/policies/A.ALT_HOLD2/envs.txt|baseline/pgfuzz/ArduPilot/policies/A.BRAKE1/envs.txt|baseline/pgfuzz/ArduPilot/policies/A.CHUTE/envs.txt|baseline/pgfuzz/ArduPilot/policies/A.FLIP1/envs.txt|baseline/pgfuzz/ArduPilot/policies/A.FLIP2/envs.txt|baseline/pgfuzz/ArduPilot/policies/A.FLIP3/envs.txt|baseline/pgfuzz/ArduPilot/policies/A.FLIP4/envs.txt|baseline/pgfuzz/ArduPilot/policies/A.GUIDED1/envs.txt|baseline/pgfuzz/ArduPilot/policies/A.LAND1/envs.txt|baseline/pgfuzz/ArduPilot/policies/A.LAND2/envs.txt|baseline/pgfuzz/ArduPilot/policies/A.LOITER1/envs.txt|baseline/pgfuzz/ArduPilot/policies/A.RC.FS1/envs.txt|baseline/pgfuzz/ArduPilot/policies/A.RC.FS2/envs.txt|baseline/pgfuzz/ArduPilot/policies/A.RTL1/envs.txt|baseline/pgfuzz/ArduPilot/policies/A.RTL2/envs.txt|baseline/pgfuzz/ArduPilot/policies/A.RTL3/envs.txt|baseline/pgfuzz/ArduPilot/policies/A.RTL4/envs.txt|baseline/pgfuzz/ArduPilot/policies/A.SPORT1/envs.txt,RENAMED_CURRENT_DEFINITION,SIM_ACC1_BIAS_Y,CURATED_INSTANCE1_MIGRATION_MODELLED,current instance-qualified SITL parameter family,当前参数显式区分传感器实例；映射到第一实例有名称和参数族证据，但未发现逐项历史迁移记录。,,unresolved,not_exposed_by_param_metadata_parser,,,UNKNOWN,,当前目录没有可用默认值证据。,,,,,,confirmed_by_frozen_runtime_snapshot,observed_in_frozen_runtime_parameter_download,0.0,quad,ardupilot-copter-m6,NOT_TESTED,,NOT_APPLICABLE,,参数身份和定义位置已找到；这不证明它与该性质存在真实数据依赖，也未执行写入变更测试。,NOT_ASSESSED
ArduPilot,InputE,SIM_ACC_BIAS_Z,19,A.ALT_HOLD1|A.ALT_HOLD2|A.BRAKE1|A.CHUTE1|A.FLIP1|A.FLIP2|A.FLIP3|A.FLIPGeneral|A.GUIDED1|A.LAND1|A.LAND2|A.LOITER1|A.RC.FS1|A.RC.FS2|A.RTL1|A.RTL2|A.RTL3|A.RTL4|A.SPORT1,SIM_ACC_BIAS_Z,baseline/pgfuzz/ArduPilot/policies/A.ALT_HOLD1/envs.txt|baseline/pgfuzz/ArduPilot/policies/A.ALT_HOLD2/envs.txt|baseline/pgfuzz/ArduPilot/policies/A.BRAKE1/envs.txt|baseline/pgfuzz/ArduPilot/policies/A.CHUTE/envs.txt|baseline/pgfuzz/ArduPilot/policies/A.FLIP1/envs.txt|baseline/pgfuzz/ArduPilot/policies/A.FLIP2/envs.txt|baseline/pgfuzz/ArduPilot/policies/A.FLIP3/envs.txt|baseline/pgfuzz/ArduPilot/policies/A.FLIP4/envs.txt|baseline/pgfuzz/ArduPilot/policies/A.GUIDED1/envs.txt|baseline/pgfuzz/ArduPilot/policies/A.LAND1/envs.txt|baseline/pgfuzz/ArduPilot/policies/A.LAND2/envs.txt|baseline/pgfuzz/ArduPilot/policies/A.LOITER1/envs.txt|baseline/pgfuzz/ArduPilot/policies/A.RC.FS1/envs.txt|baseline/pgfuzz/ArduPilot/policies/A.RC.FS2/envs.txt|baseline/pgfuzz/ArduPilot/policies/A.RTL1/envs.txt|baseline/pgfuzz/ArduPilot/policies/A.RTL2/envs.txt|baseline/pgfuzz/ArduPilot/policies/A.RTL3/envs.txt|baseline/pgfuzz/ArduPilot/policies/A.RTL4/envs.txt|baseline/pgfuzz/ArduPilot/policies/A.SPORT1/envs.txt,RENAMED_CURRENT_DEFINITION,SIM_ACC1_BIAS_Z,CURATED_INSTANCE1_MIGRATION_MODELLED,current instance-qualified SITL parameter family,当前参数显式区分传感器实例；映射到第一实例有名称和参数族证据，但未发现逐项历史迁移记录。,,unresolved,not_exposed_by_param_metadata_parser,,,UNKNOWN,,当前目录没有可用默认值证据。,,,,,,confirmed_by_frozen_runtime_snapshot,observed_in_frozen_runtime_parameter_download,0.0,quad,ardupilot-copter-m6,NOT_TESTED,,NOT_APPLICABLE,,参数身份和定义位置已找到；这不证明它与该性质存在真实数据依赖，也未执行写入变更测试。,NOT_ASSESSED
ArduPilot,InputE,SIM_ACC_RND,26,A.ALT_HOLD1|A.ALT_HOLD2|A.AUTO1|A.CHUTE1|A.CIRCLE1|A.CIRCLE2|A.CIRCLE3|A.CIRCLE4|A.CIRCLE5|A.CIRCLE6|A.CIRCLE7|A.FLIP1|A.FLIP2|A.FLIP3|A.FLIPGeneral|A.GUIDED1|A.LAND1|A.LAND2|A.LOITER1|A.RC.FS1|A.RC.FS2|A.RTL1|A.RTL2|A.RTL3|A.RTL4|A.SPORT1,SIM_ACC_RND,baseline/pgfuzz/ArduPilot/policies/A.ALT_HOLD1/envs.txt|baseline/pgfuzz/ArduPilot/policies/A.ALT_HOLD2/envs.txt|baseline/pgfuzz/ArduPilot/policies/A.AUTO1/envs.txt|baseline/pgfuzz/ArduPilot/policies/A.CHUTE/envs.txt|baseline/pgfuzz/ArduPilot/policies/A.CIRCLE1/envs.txt|baseline/pgfuzz/ArduPilot/policies/A.CIRCLE2/envs.txt|baseline/pgfuzz/ArduPilot/policies/A.CIRCLE3/envs.txt|baseline/pgfuzz/ArduPilot/policies/A.CIRCLE4_6/envs.txt|baseline/pgfuzz/ArduPilot/policies/A.CIRCLE7/envs.txt|baseline/pgfuzz/ArduPilot/policies/A.FLIP1/envs.txt|baseline/pgfuzz/ArduPilot/policies/A.FLIP2/envs.txt|baseline/pgfuzz/ArduPilot/policies/A.FLIP3/envs.txt|baseline/pgfuzz/ArduPilot/policies/A.FLIP4/envs.txt|baseline/pgfuzz/ArduPilot/policies/A.GUIDED1/envs.txt|baseline/pgfuzz/ArduPilot/policies/A.LAND1/envs.txt|baseline/pgfuzz/ArduPilot/policies/A.LAND2/envs.txt|baseline/pgfuzz/ArduPilot/policies/A.LOITER1/envs.txt|baseline/pgfuzz/ArduPilot/policies/A.RC.FS1/envs.txt|baseline/pgfuzz/ArduPilot/policies/A.RC.FS2/envs.txt|baseline/pgfuzz/ArduPilot/policies/A.RTL1/envs.txt|baseline/pgfuzz/ArduPilot/policies/A.RTL2/envs.txt|baseline/pgfuzz/ArduPilot/policies/A.RTL3/envs.txt|baseline/pgfuzz/ArduPilot/policies/A.RTL4/envs.txt|baseline/pgfuzz/ArduPilot/policies/A.SPORT1/envs.txt,RENAMED_CURRENT_DEFINITION,SIM_ACC1_RND,CURATED_INSTANCE1_MIGRATION_MODELLED,current instance-qualified SITL parameter family,当前参数显式区分传感器实例；映射到第一实例有名称和参数族证据，但未发现逐项历史迁移记录。,baseline/ardupilot/libraries/SITL/SITL.cpp:1037,exact_metadata_unique,not_exposed_by_param_metadata_parser,,,UNKNOWN,baseline/ardupilot/libraries/SITL/SITL.cpp:1037,当前目录没有可用默认值证据。,,,,,,confirmed_by_frozen_runtime_snapshot,observed_in_frozen_runtime_parameter_download,0.0,quad,ardupilot-copter-m6,NOT_TESTED,,NOT_APPLICABLE,,参数身份和定义位置已找到；这不证明它与该性质存在真实数据依赖，也未执行写入变更测试。,NOT_ASSESSED
ArduPilot,InputE,SIM_ADSB_ALT,18,A.ALT_HOLD1|A.ALT_HOLD2|A.CHUTE1|A.FLIP1|A.FLIP2|A.FLIP3|A.FLIPGeneral|A.GUIDED1|A.LAND1|A.LAND2|A.LOITER1|A.RC.FS1|A.RC.FS2|A.RTL1|A.RTL2|A.RTL3|A.RTL4|A.SPORT1,SIM_ADSB_ALT,baseline/pgfuzz/ArduPilot/policies/A.ALT_HOLD1/envs.txt|baseline/pgfuzz/ArduPilot/policies/A.ALT_HOLD2/envs.txt|baseline/pgfuzz/ArduPilot/policies/A.CHUTE/envs.txt|baseline/pgfuzz/ArduPilot/policies/A.FLIP1/envs.txt|baseline/pgfuzz/ArduPilot/policies/A.FLIP2/envs.txt|baseline/pgfuzz/ArduPilot/policies/A.FLIP3/envs.txt|baseline/pgfuzz/ArduPilot/policies/A.FLIP4/envs.txt|baseline/pgfuzz/ArduPilot/policies/A.GUIDED1/envs.txt|baseline/pgfuzz/ArduPilot/policies/A.LAND1/envs.txt|baseline/pgfuzz/ArduPilot/policies/A.LAND2/envs.txt|baseline/pgfuzz/ArduPilot/policies/A.LOITER1/envs.txt|baseline/pgfuzz/ArduPilot/policies/A.RC.FS1/envs.txt|baseline/pgfuzz/ArduPilot/policies/A.RC.FS2/envs.txt|baseline/pgfuzz/ArduPilot/policies/A.RTL1/envs.txt|baseline/pgfuzz/ArduPilot/policies/A.RTL2/envs.txt|baseline/pgfuzz/ArduPilot/policies/A.RTL3/envs.txt|baseline/pgfuzz/ArduPilot/policies/A.RTL4/envs.txt|baseline/pgfuzz/ArduPilot/policies/A.SPORT1/envs.txt,EXACT_CURRENT_DEFINITION,SIM_ADSB_ALT,EXACT_NAME_DEFINITION,,,baseline/ardupilot/libraries/SITL/SITL.cpp:203,exact_metadata_unique,not_exposed_by_param_metadata_parser,,,UNKNOWN,baseline/ardupilot/libraries/SITL/SITL.cpp:203,当前目录没有可用默认值证据。,,,,m,,confirmed_by_frozen_runtime_snapshot,observed_in_frozen_runtime_parameter_download,1000.0,quad,ardupilot-copter-m6,NOT_TESTED,,NOT_APPLICABLE,,参数身份和定义位置已找到；这不证明它与该性质存在真实数据依赖，也未执行写入变更测试。,NOT_ASSESSED
ArduPilot,InputE,SIM_ADSB_RADIUS,18,A.ALT_HOLD1|A.ALT_HOLD2|A.CHUTE1|A.FLIP1|A.FLIP2|A.FLIP3|A.FLIPGeneral|A.GUIDED1|A.LAND1|A.LAND2|A.LOITER1|A.RC.FS1|A.RC.FS2|A.RTL1|A.RTL2|A.RTL3|A.RTL4|A.SPORT1,SIM_ADSB_RADIUS,baseline/pgfuzz/ArduPilot/policies/A.ALT_HOLD1/envs.txt|baseline/pgfuzz/ArduPilot/policies/A.ALT_HOLD2/envs.txt|baseline/pgfuzz/ArduPilot/policies/A.CHUTE/envs.txt|baseline/pgfuzz/ArduPilot/policies/A.FLIP1/envs.txt|baseline/pgfuzz/ArduPilot/policies/A.FLIP2/envs.txt|baseline/pgfuzz/ArduPilot/policies/A.FLIP3/envs.txt|baseline/pgfuzz/ArduPilot/policies/A.FLIP4/envs.txt|baseline/pgfuzz/ArduPilot/policies/A.GUIDED1/envs.txt|baseline/pgfuzz/ArduPilot/policies/A.LAND1/envs.txt|baseline/pgfuzz/ArduPilot/policies/A.LAND2/envs.txt|baseline/pgfuzz/ArduPilot/policies/A.LOITER1/envs.txt|baseline/pgfuzz/ArduPilot/policies/A.RC.FS1/envs.txt|baseline/pgfuzz/ArduPilot/policies/A.RC.FS2/envs.txt|baseline/pgfuzz/ArduPilot/policies/A.RTL1/envs.txt|baseline/pgfuzz/ArduPilot/policies/A.RTL2/envs.txt|baseline/pgfuzz/ArduPilot/policies/A.RTL3/envs.txt|baseline/pgfuzz/ArduPilot/policies/A.RTL4/envs.txt|baseline/pgfuzz/ArduPilot/policies/A.SPORT1/envs.txt,EXACT_CURRENT_DEFINITION,SIM_ADSB_RADIUS,EXACT_NAME_DEFINITION,,,baseline/ardupilot/libraries/SITL/SITL.cpp:198,exact_metadata_unique,not_exposed_by_param_metadata_parser,,,UNKNOWN,baseline/ardupilot/libraries/SITL/SITL.cpp:198,当前目录没有可用默认值证据。,,,,m,,confirmed_by_frozen_runtime_snapshot,observed_in_frozen_runtime_parameter_download,10000.0,quad,ardupilot-copter-m6,NOT_TESTED,,NOT_APPLICABLE,,参数身份和定义位置已找到；这不证明它与该性质存在真实数据依赖，也未执行写入变更测试。,NOT_ASSESSED
ArduPilot,InputE,SIM_ARSPD2_FAILP,5,A.BRAKE1|A.GUIDED1|A.LOITER1|A.RTL2|A.RTL3,SIM_ARSPD2_FAILP,baseline/pgfuzz/ArduPilot/policies/A.BRAKE1/envs.txt|baseline/pgfuzz/ArduPilot/policies/A.GUIDED1/envs.txt|baseline/pgfuzz/ArduPilot/policies/A.LOITER1/envs.txt|baseline/pgfuzz/ArduPilot/policies/A.RTL2/envs.txt|baseline/pgfuzz/ArduPilot/policies/A.RTL3/envs.txt,EXACT_CURRENT_DEFINITION,SIM_ARSPD2_FAILP,EXACT_NAME_DEFINITION,,,baseline/ardupilot/libraries/SITL/SITL_Airspeed.cpp:26,exact_metadata_unique,not_exposed_by_param_metadata_parser,,,UNKNOWN,baseline/ardupilot/libraries/SITL/SITL_Airspeed.cpp:26,当前目录没有可用默认值证据。,,,,Pa,,confirmed_by_frozen_runtime_snapshot,observed_in_frozen_runtime_parameter_download,0.0,quad,ardupilot-copter-m6,NOT_TESTED,,NOT_APPLICABLE,,参数身份和定义位置已找到；这不证明它与该性质存在真实数据依赖，也未执行写入变更测试。,NOT_ASSESSED
ArduPilot,InputE,SIM_ARSPD2_PITOT,5,A.BRAKE1|A.GUIDED1|A.LOITER1|A.RTL2|A.RTL3,SIM_ARSPD2_PITOT,baseline/pgfuzz/ArduPilot/policies/A.BRAKE1/envs.txt|baseline/pgfuzz/ArduPilot/policies/A.GUIDED1/envs.txt|baseline/pgfuzz/ArduPilot/policies/A.LOITER1/envs.txt|baseline/pgfuzz/ArduPilot/policies/A.RTL2/envs.txt|baseline/pgfuzz/ArduPilot/policies/A.RTL3/envs.txt,EXACT_CURRENT_DEFINITION,SIM_ARSPD2_PITOT,EXACT_NAME_DEFINITION,,,baseline/ardupilot/libraries/SITL/SITL_Airspeed.cpp:32,exact_metadata_unique,not_exposed_by_param_metadata_parser,,,UNKNOWN,baseline/ardupilot/libraries/SITL/SITL_Airspeed.cpp:32,当前目录没有可用默认值证据。,,,,Pa,,confirmed_by_frozen_runtime_snapshot,observed_in_frozen_runtime_parameter_download,0.0,quad,ardupilot-copter-m6,NOT_TESTED,,NOT_APPLICABLE,,参数身份和定义位置已找到；这不证明它与该性质存在真实数据依赖，也未执行写入变更测试。,NOT_ASSESSED
ArduPilot,InputE,SIM_ARSPD_FAIL,5,A.BRAKE1|A.GUIDED1|A.LOITER1|A.RTL2|A.RTL3,SIM_ARSPD_FAIL,baseline/pgfuzz/ArduPilot/policies/A.BRAKE1/envs.txt|baseline/pgfuzz/ArduPilot/policies/A.GUIDED1/envs.txt|baseline/pgfuzz/ArduPilot/policies/A.LOITER1/envs.txt|baseline/pgfuzz/ArduPilot/policies/A.RTL2/envs.txt|baseline/pgfuzz/ArduPilot/policies/A.RTL3/envs.txt,EXACT_CURRENT_DEFINITION,SIM_ARSPD_FAIL,EXACT_NAME_DEFINITION,,,baseline/ardupilot/libraries/SITL/SITL_Airspeed.cpp:20,exact_metadata_unique,not_exposed_by_param_metadata_parser,,,UNKNOWN,baseline/ardupilot/libraries/SITL/SITL_Airspeed.cpp:20,当前目录没有可用默认值证据。,,,,,,confirmed_by_frozen_runtime_snapshot,observed_in_frozen_runtime_parameter_download,0.0,quad,ardupilot-copter-m6,NOT_TESTED,,NOT_APPLICABLE,,参数身份和定义位置已找到；这不证明它与该性质存在真实数据依赖，也未执行写入变更测试。,NOT_ASSESSED
ArduPilot,InputE,SIM_ARSPD_FAIL_P,5,A.BRAKE1|A.GUIDED1|A.LOITER1|A.RTL2|A.RTL3,SIM_ARSPD_FAIL_P,baseline/pgfuzz/ArduPilot/policies/A.BRAKE1/envs.txt|baseline/pgfuzz/ArduPilot/policies/A.GUIDED1/envs.txt|baseline/pgfuzz/ArduPilot/policies/A.LOITER1/envs.txt|baseline/pgfuzz/ArduPilot/policies/A.RTL2/envs.txt|baseline/pgfuzz/ArduPilot/policies/A.RTL3/envs.txt,RENAMED_CURRENT_DEFINITION,SIM_ARSPD_FAILP,CURATED_INSTANCE1_MIGRATION_MODELLED,current instance-qualified SITL parameter family,当前参数显式区分传感器实例；映射到第一实例有名称和参数族证据，但未发现逐项历史迁移记录。,baseline/ardupilot/libraries/SITL/SITL_Airspeed.cpp:26,exact_metadata_unique,not_exposed_by_param_metadata_parser,,,UNKNOWN,baseline/ardupilot/libraries/SITL/SITL_Airspeed.cpp:26,当前目录没有可用默认值证据。,,,,Pa,,confirmed_by_frozen_runtime_snapshot,observed_in_frozen_runtime_parameter_download,0.0,quad,ardupilot-copter-m6,NOT_TESTED,,NOT_APPLICABLE,,参数身份和定义位置已找到；这不证明它与该性质存在真实数据依赖，也未执行写入变更测试。,NOT_ASSESSED
ArduPilot,InputE,SIM_ARSPD_PITOT,5,A.BRAKE1|A.GUIDED1|A.LOITER1|A.RTL2|A.RTL3,SIM_ARSPD_PITOT,baseline/pgfuzz/ArduPilot/policies/A.BRAKE1/envs.txt|baseline/pgfuzz/ArduPilot/policies/A.GUIDED1/envs.txt|baseline/pgfuzz/ArduPilot/policies/A.LOITER1/envs.txt|baseline/pgfuzz/ArduPilot/policies/A.RTL2/envs.txt|baseline/pgfuzz/ArduPilot/policies/A.RTL3/envs.txt,EXACT_CURRENT_DEFINITION,SIM_ARSPD_PITOT,EXACT_NAME_DEFINITION,,,baseline/ardupilot/libraries/SITL/SITL_Airspeed.cpp:32,exact_metadata_unique,not_exposed_by_param_metadata_parser,,,UNKNOWN,baseline/ardupilot/libraries/SITL/SITL_Airspeed.cpp:32,当前目录没有可用默认值证据。,,,,Pa,,confirmed_by_frozen_runtime_snapshot,observed_in_frozen_runtime_parameter_download,0.0,quad,ardupilot-copter-m6,NOT_TESTED,,NOT_APPLICABLE,,参数身份和定义位置已找到；这不证明它与该性质存在真实数据依赖，也未执行写入变更测试。,NOT_ASSESSED
ArduPilot,InputE,SIM_ARSPD_RND,5,A.BRAKE1|A.GUIDED1|A.LOITER1|A.RTL2|A.RTL3,SIM_ARSPD_RND,baseline/pgfuzz/ArduPilot/policies/A.BRAKE1/envs.txt|baseline/pgfuzz/ArduPilot/policies/A.GUIDED1/envs.txt|baseline/pgfuzz/ArduPilot/policies/A.LOITER1/envs.txt|baseline/pgfuzz/ArduPilot/policies/A.RTL2/envs.txt|baseline/pgfuzz/ArduPilot/policies/A.RTL3/envs.txt,EXACT_CURRENT_DEFINITION,SIM_ARSPD_RND,EXACT_NAME_DEFINITION,,,baseline/ardupilot/libraries/SITL/SITL_Airspeed.cpp:8,exact_metadata_unique,not_exposed_by_param_metadata_parser,,,UNKNOWN,baseline/ardupilot/libraries/SITL/SITL_Airspeed.cpp:8,当前目录没有可用默认值证据。,,,,Pa,,confirmed_by_frozen_runtime_snapshot,observed_in_frozen_runtime_parameter_download,2.0,quad,ardupilot-copter-m6,NOT_TESTED,,NOT_APPLICABLE,,参数身份和定义位置已找到；这不证明它与该性质存在真实数据依赖，也未执行写入变更测试。,NOT_ASSESSED
ArduPilot,InputE,SIM_ARSPD_SIGN,5,A.BRAKE1|A.GUIDED1|A.LOITER1|A.RTL2|A.RTL3,SIM_ARSPD_SIGN,baseline/pgfuzz/ArduPilot/policies/A.BRAKE1/envs.txt|baseline/pgfuzz/ArduPilot/policies/A.GUIDED1/envs.txt|baseline/pgfuzz/ArduPilot/policies/A.LOITER1/envs.txt|baseline/pgfuzz/ArduPilot/policies/A.RTL2/envs.txt|baseline/pgfuzz/ArduPilot/policies/A.RTL3/envs.txt,EXACT_CURRENT_DEFINITION,SIM_ARSPD_SIGN,EXACT_NAME_DEFINITION,,,baseline/ardupilot/libraries/SITL/SITL_Airspeed.cpp:38,exact_metadata_unique,not_exposed_by_param_metadata_parser,,,UNKNOWN,baseline/ardupilot/libraries/SITL/SITL_Airspeed.cpp:38,当前目录没有可用默认值证据。,,,,,,confirmed_by_frozen_runtime_snapshot,observed_in_frozen_runtime_parameter_download,0,quad,ardupilot-copter-m6,NOT_TESTED,,NOT_APPLICABLE,,参数身份和定义位置已找到；这不证明它与该性质存在真实数据依赖，也未执行写入变更测试。,NOT_ASSESSED
ArduPilot,InputE,SIM_BARO_DELAY,5,A.BRAKE1|A.GUIDED1|A.LOITER1|A.RTL2|A.RTL3,SIM_BARO_DELAY,baseline/pgfuzz/ArduPilot/policies/A.BRAKE1/envs.txt|baseline/pgfuzz/ArduPilot/policies/A.GUIDED1/envs.txt|baseline/pgfuzz/ArduPilot/policies/A.LOITER1/envs.txt|baseline/pgfuzz/ArduPilot/policies/A.RTL2/envs.txt|baseline/pgfuzz/ArduPilot/policies/A.RTL3/envs.txt,EXACT_CURRENT_DEFINITION,SIM_BARO_DELAY,EXACT_NAME_DEFINITION,,,baseline/ardupilot/libraries/SITL/SITL_Baro.cpp:37,exact_metadata_unique,not_exposed_by_param_metadata_parser,,,UNKNOWN,baseline/ardupilot/libraries/SITL/SITL_Baro.cpp:37,当前目录没有可用默认值证据。,,,,ms,,confirmed_by_frozen_runtime_snapshot,observed_in_frozen_runtime_parameter_download,0,quad,ardupilot-copter-m6,NOT_TESTED,,NOT_APPLICABLE,,参数身份和定义位置已找到；这不证明它与该性质存在真实数据依赖，也未执行写入变更测试。,NOT_ASSESSED
ArduPilot,InputE,SIM_BARO_DISABLE,21,A.ALT_HOLD1|A.ALT_HOLD2|A.AUTO1|A.BRAKE1|A.CHUTE1|A.CIRCLE7|A.FLIP1|A.FLIP2|A.FLIP3|A.FLIPGeneral|A.GUIDED1|A.LAND1|A.LAND2|A.LOITER1|A.RC.FS1|A.RC.FS2|A.RTL1|A.RTL2|A.RTL3|A.RTL4|A.SPORT1,SIM_BARO_DISABLE,baseline/pgfuzz/ArduPilot/policies/A.ALT_HOLD1/envs.txt|baseline/pgfuzz/ArduPilot/policies/A.ALT_HOLD2/envs.txt|baseline/pgfuzz/ArduPilot/policies/A.AUTO1/envs.txt|baseline/pgfuzz/ArduPilot/policies/A.BRAKE1/envs.txt|baseline/pgfuzz/ArduPilot/policies/A.CHUTE/envs.txt|baseline/pgfuzz/ArduPilot/policies/A.CIRCLE7/envs.txt|baseline/pgfuzz/ArduPilot/policies/A.FLIP1/envs.txt|baseline/pgfuzz/ArduPilot/policies/A.FLIP2/envs.txt|baseline/pgfuzz/ArduPilot/policies/A.FLIP3/envs.txt|baseline/pgfuzz/ArduPilot/policies/A.FLIP4/envs.txt|baseline/pgfuzz/ArduPilot/policies/A.GUIDED1/envs.txt|baseline/pgfuzz/ArduPilot/policies/A.LAND1/envs.txt|baseline/pgfuzz/ArduPilot/policies/A.LAND2/envs.txt|baseline/pgfuzz/ArduPilot/policies/A.LOITER1/envs.txt|baseline/pgfuzz/ArduPilot/policies/A.RC.FS1/envs.txt|baseline/pgfuzz/ArduPilot/policies/A.RC.FS2/envs.txt|baseline/pgfuzz/ArduPilot/policies/A.RTL1/envs.txt|baseline/pgfuzz/ArduPilot/policies/A.RTL2/envs.txt|baseline/pgfuzz/ArduPilot/policies/A.RTL3/envs.txt|baseline/pgfuzz/ArduPilot/policies/A.RTL4/envs.txt|baseline/pgfuzz/ArduPilot/policies/A.SPORT1/envs.txt,EXACT_CURRENT_DEFINITION,SIM_BARO_DISABLE,EXACT_NAME_DEFINITION,,,baseline/ardupilot/libraries/SITL/SITL_Baro.cpp:20,exact_metadata_unique,not_exposed_by_param_metadata_parser,,,UNKNOWN,baseline/ardupilot/libraries/SITL/SITL_Baro.cpp:20,当前目录没有可用默认值证据。,,,,,,confirmed_by_frozen_runtime_snapshot,observed_in_frozen_runtime_parameter_download,0,quad,ardupilot-copter-m6,NOT_TESTED,,NOT_APPLICABLE,,参数身份和定义位置已找到；这不证明它与该性质存在真实数据依赖，也未执行写入变更测试。,NOT_ASSESSED
ArduPilot,InputE,SIM_BARO_DRIFT,18,A.ALT_HOLD1|A.ALT_HOLD2|A.CHUTE1|A.FLIP1|A.FLIP2|A.FLIP3|A.FLIPGeneral|A.GUIDED1|A.LAND1|A.LAND2|A.LOITER1|A.RC.FS1|A.RC.FS2|A.RTL1|A.RTL2|A.RTL3|A.RTL4|A.SPORT1,SIM_BARO_DRIFT,baseline/pgfuzz/ArduPilot/policies/A.ALT_HOLD1/envs.txt|baseline/pgfuzz/ArduPilot/policies/A.ALT_HOLD2/envs.txt|baseline/pgfuzz/ArduPilot/policies/A.CHUTE/envs.txt|baseline/pgfuzz/ArduPilot/policies/A.FLIP1/envs.txt|baseline/pgfuzz/ArduPilot/policies/A.FLIP2/envs.txt|baseline/pgfuzz/ArduPilot/policies/A.FLIP3/envs.txt|baseline/pgfuzz/ArduPilot/policies/A.FLIP4/envs.txt|baseline/pgfuzz/ArduPilot/policies/A.GUIDED1/envs.txt|baseline/pgfuzz/ArduPilot/policies/A.LAND1/envs.txt|baseline/pgfuzz/ArduPilot/policies/A.LAND2/envs.txt|baseline/pgfuzz/ArduPilot/policies/A.LOITER1/envs.txt|baseline/pgfuzz/ArduPilot/policies/A.RC.FS1/envs.txt|baseline/pgfuzz/ArduPilot/policies/A.RC.FS2/envs.txt|baseline/pgfuzz/ArduPilot/policies/A.RTL1/envs.txt|baseline/pgfuzz/ArduPilot/policies/A.RTL2/envs.txt|baseline/pgfuzz/ArduPilot/policies/A.RTL3/envs.txt|baseline/pgfuzz/ArduPilot/policies/A.RTL4/envs.txt|baseline/pgfuzz/ArduPilot/policies/A.SPORT1/envs.txt,EXACT_CURRENT_DEFINITION,SIM_BARO_DRIFT,EXACT_NAME_DEFINITION,,,baseline/ardupilot/libraries/SITL/SITL_Baro.cpp:14,exact_metadata_unique,not_exposed_by_param_metadata_parser,,,UNKNOWN,baseline/ardupilot/libraries/SITL/SITL_Baro.cpp:14,当前目录没有可用默认值证据。,,,,m/s,,confirmed_by_frozen_runtime_snapshot,observed_in_frozen_runtime_parameter_download,0.0,quad,ardupilot-copter-m6,NOT_TESTED,,NOT_APPLICABLE,,参数身份和定义位置已找到；这不证明它与该性质存在真实数据依赖，也未执行写入变更测试。,NOT_ASSESSED
ArduPilot,InputE,SIM_BARO_GLITCH,20,A.ALT_HOLD1|A.ALT_HOLD2|A.AUTO1|A.CHUTE1|A.CIRCLE7|A.FLIP1|A.FLIP2|A.FLIP3|A.FLIPGeneral|A.GUIDED1|A.LAND1|A.LAND2|A.LOITER1|A.RC.FS1|A.RC.FS2|A.RTL1|A.RTL2|A.RTL3|A.RTL4|A.SPORT1,SIM_BARO_GLITCH,baseline/pgfuzz/ArduPilot/policies/A.ALT_HOLD1/envs.txt|baseline/pgfuzz/ArduPilot/policies/A.ALT_HOLD2/envs.txt|baseline/pgfuzz/ArduPilot/policies/A.AUTO1/envs.txt|baseline/pgfuzz/ArduPilot/policies/A.CHUTE/envs.txt|baseline/pgfuzz/ArduPilot/policies/A.CIRCLE7/envs.txt|baseline/pgfuzz/ArduPilot/policies/A.FLIP1/envs.txt|baseline/pgfuzz/ArduPilot/policies/A.FLIP2/envs.txt|baseline/pgfuzz/ArduPilot/policies/A.FLIP3/envs.txt|baseline/pgfuzz/ArduPilot/policies/A.FLIP4/envs.txt|baseline/pgfuzz/ArduPilot/policies/A.GUIDED1/envs.txt|baseline/pgfuzz/ArduPilot/policies/A.LAND1/envs.txt|baseline/pgfuzz/ArduPilot/policies/A.LAND2/envs.txt|baseline/pgfuzz/ArduPilot/policies/A.LOITER1/envs.txt|baseline/pgfuzz/ArduPilot/policies/A.RC.FS1/envs.txt|baseline/pgfuzz/ArduPilot/policies/A.RC.FS2/envs.txt|baseline/pgfuzz/ArduPilot/policies/A.RTL1/envs.txt|baseline/pgfuzz/ArduPilot/policies/A.RTL2/envs.txt|baseline/pgfuzz/ArduPilot/policies/A.RTL3/envs.txt|baseline/pgfuzz/ArduPilot/policies/A.RTL4/envs.txt|baseline/pgfuzz/ArduPilot/policies/A.SPORT1/envs.txt,EXACT_CURRENT_DEFINITION,SIM_BARO_GLITCH,EXACT_NAME_DEFINITION,,,baseline/ardupilot/libraries/SITL/SITL_Baro.cpp:26,exact_metadata_unique,not_exposed_by_param_metadata_parser,,,UNKNOWN,baseline/ardupilot/libraries/SITL/SITL_Baro.cpp:26,当前目录没有可用默认值证据。,,,,m,,confirmed_by_frozen_runtime_snapshot,observed_in_frozen_runtime_parameter_download,0.0,quad,ardupilot-copter-m6,NOT_TESTED,,NOT_APPLICABLE,,参数身份和定义位置已找到；这不证明它与该性质存在真实数据依赖，也未执行写入变更测试。,NOT_ASSESSED
ArduPilot,InputE,SIM_BARO_RND,20,A.ALT_HOLD1|A.ALT_HOLD2|A.AUTO1|A.CHUTE1|A.CIRCLE7|A.FLIP1|A.FLIP2|A.FLIP3|A.FLIPGeneral|A.GUIDED1|A.LAND1|A.LAND2|A.LOITER1|A.RC.FS1|A.RC.FS2|A.RTL1|A.RTL2|A.RTL3|A.RTL4|A.SPORT1,SIM_BARO_RND,baseline/pgfuzz/ArduPilot/policies/A.ALT_HOLD1/envs.txt|baseline/pgfuzz/ArduPilot/policies/A.ALT_HOLD2/envs.txt|baseline/pgfuzz/ArduPilot/policies/A.AUTO1/envs.txt|baseline/pgfuzz/ArduPilot/policies/A.CHUTE/envs.txt|baseline/pgfuzz/ArduPilot/policies/A.CIRCLE7/envs.txt|baseline/pgfuzz/ArduPilot/policies/A.FLIP1/envs.txt|baseline/pgfuzz/ArduPilot/policies/A.FLIP2/envs.txt|baseline/pgfuzz/ArduPilot/policies/A.FLIP3/envs.txt|baseline/pgfuzz/ArduPilot/policies/A.FLIP4/envs.txt|baseline/pgfuzz/ArduPilot/policies/A.GUIDED1/envs.txt|baseline/pgfuzz/ArduPilot/policies/A.LAND1/envs.txt|baseline/pgfuzz/ArduPilot/policies/A.LAND2/envs.txt|baseline/pgfuzz/ArduPilot/policies/A.LOITER1/envs.txt|baseline/pgfuzz/ArduPilot/policies/A.RC.FS1/envs.txt|baseline/pgfuzz/ArduPilot/policies/A.RC.FS2/envs.txt|baseline/pgfuzz/ArduPilot/policies/A.RTL1/envs.txt|baseline/pgfuzz/ArduPilot/policies/A.RTL2/envs.txt|baseline/pgfuzz/ArduPilot/policies/A.RTL3/envs.txt|baseline/pgfuzz/ArduPilot/policies/A.RTL4/envs.txt|baseline/pgfuzz/ArduPilot/policies/A.SPORT1/envs.txt,EXACT_CURRENT_DEFINITION,SIM_BARO_RND,EXACT_NAME_DEFINITION,,,baseline/ardupilot/libraries/SITL/SITL_Baro.cpp:8,exact_metadata_unique,not_exposed_by_param_metadata_parser,,,UNKNOWN,baseline/ardupilot/libraries/SITL/SITL_Baro.cpp:8,当前目录没有可用默认值证据。,,,,m,,confirmed_by_frozen_runtime_snapshot,observed_in_frozen_runtime_parameter_download,0.0,quad,ardupilot-copter-m6,NOT_TESTED,,NOT_APPLICABLE,,参数身份和定义位置已找到；这不证明它与该性质存在真实数据依赖，也未执行写入变更测试。,NOT_ASSESSED
ArduPilot,InputE,SIM_BATT_VOLTAGE,19,A.ALT_HOLD1|A.ALT_HOLD2|A.BRAKE1|A.CHUTE1|A.FLIP1|A.FLIP2|A.FLIP3|A.FLIPGeneral|A.GUIDED1|A.LAND1|A.LAND2|A.LOITER1|A.RC.FS1|A.RC.FS2|A.RTL1|A.RTL2|A.RTL3|A.RTL4|A.SPORT1,SIM_BATT_VOLTAGE,baseline/pgfuzz/ArduPilot/policies/A.ALT_HOLD1/envs.txt|baseline/pgfuzz/ArduPilot/policies/A.ALT_HOLD2/envs.txt|baseline/pgfuzz/ArduPilot/policies/A.BRAKE1/envs.txt|baseline/pgfuzz/ArduPilot/policies/A.CHUTE/envs.txt|baseline/pgfuzz/ArduPilot/policies/A.FLIP1/envs.txt|baseline/pgfuzz/ArduPilot/policies/A.FLIP2/envs.txt|baseline/pgfuzz/ArduPilot/policies/A.FLIP3/envs.txt|baseline/pgfuzz/ArduPilot/policies/A.FLIP4/envs.txt|baseline/pgfuzz/ArduPilot/policies/A.GUIDED1/envs.txt|baseline/pgfuzz/ArduPilot/policies/A.LAND1/envs.txt|baseline/pgfuzz/ArduPilot/policies/A.LAND2/envs.txt|baseline/pgfuzz/ArduPilot/policies/A.LOITER1/envs.txt|baseline/pgfuzz/ArduPilot/policies/A.RC.FS1/envs.txt|baseline/pgfuzz/ArduPilot/policies/A.RC.FS2/envs.txt|baseline/pgfuzz/ArduPilot/policies/A.RTL1/envs.txt|baseline/pgfuzz/ArduPilot/policies/A.RTL2/envs.txt|baseline/pgfuzz/ArduPilot/policies/A.RTL3/envs.txt|baseline/pgfuzz/ArduPilot/policies/A.RTL4/envs.txt|baseline/pgfuzz/ArduPilot/policies/A.SPORT1/envs.txt,EXACT_CURRENT_DEFINITION,SIM_BATT_VOLTAGE,EXACT_NAME_DEFINITION,,,baseline/ardupilot/libraries/SITL/SITL.cpp:115,exact_metadata_unique,not_exposed_by_param_metadata_parser,,,UNKNOWN,baseline/ardupilot/libraries/SITL/SITL.cpp:115,当前目录没有可用默认值证据。,,,,V,,confirmed_by_frozen_runtime_snapshot,observed_in_frozen_runtime_parameter_download,12.600000381469727,quad,ardupilot-copter-m6,NOT_TESTED,,NOT_APPLICABLE,,参数身份和定义位置已找到；这不证明它与该性质存在真实数据依赖，也未执行写入变更测试。,NOT_ASSESSED
ArduPilot,InputE,SIM_BAUDLIMIT_EN,27,A.ALT_HOLD1|A.ALT_HOLD2|A.AUTO1|A.BRAKE1|A.CHUTE1|A.CIRCLE1|A.CIRCLE2|A.CIRCLE3|A.CIRCLE4|A.CIRCLE5|A.CIRCLE6|A.CIRCLE7|A.FLIP1|A.FLIP2|A.FLIP3|A.FLIPGeneral|A.GUIDED1|A.LAND1|A.LAND2|A.LOITER1|A.RC.FS1|A.RC.FS2|A.RTL1|A.RTL2|A.RTL3|A.RTL4|A.SPORT1,SIM_BAUDLIMIT_EN,baseline/pgfuzz/ArduPilot/policies/A.ALT_HOLD1/envs.txt|baseline/pgfuzz/ArduPilot/policies/A.ALT_HOLD2/envs.txt|baseline/pgfuzz/ArduPilot/policies/A.AUTO1/envs.txt|baseline/pgfuzz/ArduPilot/policies/A.BRAKE1/envs.txt|baseline/pgfuzz/ArduPilot/policies/A.CHUTE/envs.txt|baseline/pgfuzz/ArduPilot/policies/A.CIRCLE1/envs.txt|baseline/pgfuzz/ArduPilot/policies/A.CIRCLE2/envs.txt|baseline/pgfuzz/ArduPilot/policies/A.CIRCLE3/envs.txt|baseline/pgfuzz/ArduPilot/policies/A.CIRCLE4_6/envs.txt|baseline/pgfuzz/ArduPilot/policies/A.CIRCLE7/envs.txt|baseline/pgfuzz/ArduPilot/policies/A.FLIP1/envs.txt|baseline/pgfuzz/ArduPilot/policies/A.FLIP2/envs.txt|baseline/pgfuzz/ArduPilot/policies/A.FLIP3/envs.txt|baseline/pgfuzz/ArduPilot/policies/A.FLIP4/envs.txt|baseline/pgfuzz/ArduPilot/policies/A.GUIDED1/envs.txt|baseline/pgfuzz/ArduPilot/policies/A.LAND1/envs.txt|baseline/pgfuzz/ArduPilot/policies/A.LAND2/envs.txt|baseline/pgfuzz/ArduPilot/policies/A.LOITER1/envs.txt|baseline/pgfuzz/ArduPilot/policies/A.RC.FS1/envs.txt|baseline/pgfuzz/ArduPilot/policies/A.RC.FS2/envs.txt|baseline/pgfuzz/ArduPilot/policies/A.RTL1/envs.txt|baseline/pgfuzz/ArduPilot/policies/A.RTL2/envs.txt|baseline/pgfuzz/ArduPilot/policies/A.RTL3/envs.txt|baseline/pgfuzz/ArduPilot/policies/A.RTL4/envs.txt|baseline/pgfuzz/ArduPilot/policies/A.SPORT1/envs.txt,EXACT_CURRENT_DEFINITION,SIM_BAUDLIMIT_EN,EXACT_NAME_DEFINITION,,,baseline/ardupilot/libraries/SITL/SITL.cpp:332,exact_metadata_unique,not_exposed_by_param_metadata_parser,,,UNKNOWN,baseline/ardupilot/libraries/SITL/SITL.cpp:332,当前目录没有可用默认值证据。,,,,,,confirmed_by_frozen_runtime_snapshot,observed_in_frozen_runtime_parameter_download,0,quad,ardupilot-copter-m6,NOT_TESTED,,NOT_APPLICABLE,,参数身份和定义位置已找到；这不证明它与该性质存在真实数据依赖，也未执行写入变更测试。,NOT_ASSESSED
ArduPilot,InputE,SIM_BZ_ENABLE,19,A.ALT_HOLD1|A.ALT_HOLD2|A.BRAKE1|A.CHUTE1|A.FLIP1|A.FLIP2|A.FLIP3|A.FLIPGeneral|A.GUIDED1|A.LAND1|A.LAND2|A.LOITER1|A.RC.FS1|A.RC.FS2|A.RTL1|A.RTL2|A.RTL3|A.RTL4|A.SPORT1,SIM_BZ_ENABLE,baseline/pgfuzz/ArduPilot/policies/A.ALT_HOLD1/envs.txt|baseline/pgfuzz/ArduPilot/policies/A.ALT_HOLD2/envs.txt|baseline/pgfuzz/ArduPilot/policies/A.BRAKE1/envs.txt|baseline/pgfuzz/ArduPilot/policies/A.CHUTE/envs.txt|baseline/pgfuzz/ArduPilot/policies/A.FLIP1/envs.txt|baseline/pgfuzz/ArduPilot/policies/A.FLIP2/envs.txt|baseline/pgfuzz/ArduPilot/policies/A.FLIP3/envs.txt|baseline/pgfuzz/ArduPilot/policies/A.FLIP4/envs.txt|baseline/pgfuzz/ArduPilot/policies/A.GUIDED1/envs.txt|baseline/pgfuzz/ArduPilot/policies/A.LAND1/envs.txt|baseline/pgfuzz/ArduPilot/policies/A.LAND2/envs.txt|baseline/pgfuzz/ArduPilot/policies/A.LOITER1/envs.txt|baseline/pgfuzz/ArduPilot/policies/A.RC.FS1/envs.txt|baseline/pgfuzz/ArduPilot/policies/A.RC.FS2/envs.txt|baseline/pgfuzz/ArduPilot/policies/A.RTL1/envs.txt|baseline/pgfuzz/ArduPilot/policies/A.RTL2/envs.txt|baseline/pgfuzz/ArduPilot/policies/A.RTL3/envs.txt|baseline/pgfuzz/ArduPilot/policies/A.RTL4/envs.txt|baseline/pgfuzz/ArduPilot/policies/A.SPORT1/envs.txt,EXACT_CURRENT_DEFINITION,SIM_BZ_ENABLE,EXACT_NAME_DEFINITION,,,baseline/ardupilot/libraries/SITL/SIM_Buzzer.cpp:48,exact_metadata_unique,not_exposed_by_param_metadata_parser,0),0,SOURCE_METADATA_LITERAL_OR_EXPRESSION,baseline/ardupilot/libraries/SITL/SIM_Buzzer.cpp:48,保存参数目录解析出的字面值或未求值源码表达式；它不是运行值，宏表达式不能冒充已求值数值。,,,,,,not_compile_option_resolved,protocol_capable_runtime_presence_not_observed,,,,NOT_TESTED,,NOT_APPLICABLE,,参数身份和定义位置已找到；这不证明它与该性质存在真实数据依赖，也未执行写入变更测试。,NOT_ASSESSED
ArduPilot,InputE,SIM_BZ_PIN,18,A.ALT_HOLD1|A.ALT_HOLD2|A.CHUTE1|A.FLIP1|A.FLIP2|A.FLIP3|A.FLIPGeneral|A.GUIDED1|A.LAND1|A.LAND2|A.LOITER1|A.RC.FS1|A.RC.FS2|A.RTL1|A.RTL2|A.RTL3|A.RTL4|A.SPORT1,SIM_BZ_PIN,baseline/pgfuzz/ArduPilot/policies/A.ALT_HOLD1/envs.txt|baseline/pgfuzz/ArduPilot/policies/A.ALT_HOLD2/envs.txt|baseline/pgfuzz/ArduPilot/policies/A.CHUTE/envs.txt|baseline/pgfuzz/ArduPilot/policies/A.FLIP1/envs.txt|baseline/pgfuzz/ArduPilot/policies/A.FLIP2/envs.txt|baseline/pgfuzz/ArduPilot/policies/A.FLIP3/envs.txt|baseline/pgfuzz/ArduPilot/policies/A.FLIP4/envs.txt|baseline/pgfuzz/ArduPilot/policies/A.GUIDED1/envs.txt|baseline/pgfuzz/ArduPilot/policies/A.LAND1/envs.txt|baseline/pgfuzz/ArduPilot/policies/A.LAND2/envs.txt|baseline/pgfuzz/ArduPilot/policies/A.LOITER1/envs.txt|baseline/pgfuzz/ArduPilot/policies/A.RC.FS1/envs.txt|baseline/pgfuzz/ArduPilot/policies/A.RC.FS2/envs.txt|baseline/pgfuzz/ArduPilot/policies/A.RTL1/envs.txt|baseline/pgfuzz/ArduPilot/policies/A.RTL2/envs.txt|baseline/pgfuzz/ArduPilot/policies/A.RTL3/envs.txt|baseline/pgfuzz/ArduPilot/policies/A.RTL4/envs.txt|baseline/pgfuzz/ArduPilot/policies/A.SPORT1/envs.txt,EXACT_CURRENT_DEFINITION,SIM_BZ_PIN,EXACT_NAME_DEFINITION,,,baseline/ardupilot/libraries/SITL/SIM_Buzzer.cpp:55,exact_metadata_unique,not_exposed_by_param_metadata_parser,-1),-1,SOURCE_METADATA_LITERAL_OR_EXPRESSION,baseline/ardupilot/libraries/SITL/SIM_Buzzer.cpp:55,保存参数目录解析出的字面值或未求值源码表达式；它不是运行值，宏表达式不能冒充已求值数值。,0,15,,,,not_compile_option_resolved,protocol_capable_runtime_presence_not_observed,,,,NOT_TESTED,,NOT_APPLICABLE,,参数身份和定义位置已找到；这不证明它与该性质存在真实数据依赖，也未执行写入变更测试。,NOT_ASSESSED
ArduPilot,InputE,SIM_DRIFT_SPEED,27,A.ALT_HOLD1|A.ALT_HOLD2|A.AUTO1|A.BRAKE1|A.CHUTE1|A.CIRCLE1|A.CIRCLE2|A.CIRCLE3|A.CIRCLE4|A.CIRCLE5|A.CIRCLE6|A.CIRCLE7|A.FLIP1|A.FLIP2|A.FLIP3|A.FLIPGeneral|A.GUIDED1|A.LAND1|A.LAND2|A.LOITER1|A.RC.FS1|A.RC.FS2|A.RTL1|A.RTL2|A.RTL3|A.RTL4|A.SPORT1,SIM_DRIFT_SPEED,baseline/pgfuzz/ArduPilot/policies/A.ALT_HOLD1/envs.txt|baseline/pgfuzz/ArduPilot/policies/A.ALT_HOLD2/envs.txt|baseline/pgfuzz/ArduPilot/policies/A.AUTO1/envs.txt|baseline/pgfuzz/ArduPilot/policies/A.BRAKE1/envs.txt|baseline/pgfuzz/ArduPilot/policies/A.CHUTE/envs.txt|baseline/pgfuzz/ArduPilot/policies/A.CIRCLE1/envs.txt|baseline/pgfuzz/ArduPilot/policies/A.CIRCLE2/envs.txt|baseline/pgfuzz/ArduPilot/policies/A.CIRCLE3/envs.txt|baseline/pgfuzz/ArduPilot/policies/A.CIRCLE4_6/envs.txt|baseline/pgfuzz/ArduPilot/policies/A.CIRCLE7/envs.txt|baseline/pgfuzz/ArduPilot/policies/A.FLIP1/envs.txt|baseline/pgfuzz/ArduPilot/policies/A.FLIP2/envs.txt|baseline/pgfuzz/ArduPilot/policies/A.FLIP3/envs.txt|baseline/pgfuzz/ArduPilot/policies/A.FLIP4/envs.txt|baseline/pgfuzz/ArduPilot/policies/A.GUIDED1/envs.txt|baseline/pgfuzz/ArduPilot/policies/A.LAND1/envs.txt|baseline/pgfuzz/ArduPilot/policies/A.LAND2/envs.txt|baseline/pgfuzz/ArduPilot/policies/A.LOITER1/envs.txt|baseline/pgfuzz/ArduPilot/policies/A.RC.FS1/envs.txt|baseline/pgfuzz/ArduPilot/policies/A.RC.FS2/envs.txt|baseline/pgfuzz/ArduPilot/policies/A.RTL1/envs.txt|baseline/pgfuzz/ArduPilot/policies/A.RTL2/envs.txt|baseline/pgfuzz/ArduPilot/policies/A.RTL3/envs.txt|baseline/pgfuzz/ArduPilot/policies/A.RTL4/envs.txt|baseline/pgfuzz/ArduPilot/policies/A.SPORT1/envs.txt,EXACT_CURRENT_DEFINITION,SIM_DRIFT_SPEED,EXACT_NAME_DEFINITION,,,baseline/ardupilot/libraries/SITL/SITL.cpp:70,exact_metadata_unique,not_exposed_by_param_metadata_parser,,,UNKNOWN,baseline/ardupilot/libraries/SITL/SITL.cpp:70,当前目录没有可用默认值证据。,,,,,,confirmed_by_frozen_runtime_snapshot,observed_in_frozen_runtime_parameter_download,0.05000000074505806,quad,ardupilot-copter-m6,NOT_TESTED,,NOT_APPLICABLE,,参数身份和定义位置已找到；这不证明它与该性质存在真实数据依赖，也未执行写入变更测试。,NOT_ASSESSED
ArduPilot,InputE,SIM_DRIFT_TIME,24,A.ALT_HOLD1|A.ALT_HOLD2|A.AUTO1|A.CHUTE1|A.CIRCLE3|A.CIRCLE4|A.CIRCLE5|A.CIRCLE6|A.CIRCLE7|A.FLIP1|A.FLIP2|A.FLIP3|A.FLIPGeneral|A.GUIDED1|A.LAND1|A.LAND2|A.LOITER1|A.RC.FS1|A.RC.FS2|A.RTL1|A.RTL2|A.RTL3|A.RTL4|A.SPORT1,SIM_DRIFT_TIME,baseline/pgfuzz/ArduPilot/policies/A.ALT_HOLD1/envs.txt|baseline/pgfuzz/ArduPilot/policies/A.ALT_HOLD2/envs.txt|baseline/pgfuzz/ArduPilot/policies/A.AUTO1/envs.txt|baseline/pgfuzz/ArduPilot/policies/A.CHUTE/envs.txt|baseline/pgfuzz/ArduPilot/policies/A.CIRCLE3/envs.txt|baseline/pgfuzz/ArduPilot/policies/A.CIRCLE4_6/envs.txt|baseline/pgfuzz/ArduPilot/policies/A.CIRCLE7/envs.txt|baseline/pgfuzz/ArduPilot/policies/A.FLIP1/envs.txt|baseline/pgfuzz/ArduPilot/policies/A.FLIP2/envs.txt|baseline/pgfuzz/ArduPilot/policies/A.FLIP3/envs.txt|baseline/pgfuzz/ArduPilot/policies/A.FLIP4/envs.txt|baseline/pgfuzz/ArduPilot/policies/A.GUIDED1/envs.txt|baseline/pgfuzz/ArduPilot/policies/A.LAND1/envs.txt|baseline/pgfuzz/ArduPilot/policies/A.LAND2/envs.txt|baseline/pgfuzz/ArduPilot/policies/A.LOITER1/envs.txt|baseline/pgfuzz/ArduPilot/policies/A.RC.FS1/envs.txt|baseline/pgfuzz/ArduPilot/policies/A.RC.FS2/envs.txt|baseline/pgfuzz/ArduPilot/policies/A.RTL1/envs.txt|baseline/pgfuzz/ArduPilot/policies/A.RTL2/envs.txt|baseline/pgfuzz/ArduPilot/policies/A.RTL3/envs.txt|baseline/pgfuzz/ArduPilot/policies/A.RTL4/envs.txt|baseline/pgfuzz/ArduPilot/policies/A.SPORT1/envs.txt,EXACT_CURRENT_DEFINITION,SIM_DRIFT_TIME,EXACT_NAME_DEFINITION,,,baseline/ardupilot/libraries/SITL/SITL.cpp:74,exact_metadata_unique,not_exposed_by_param_metadata_parser,,,UNKNOWN,baseline/ardupilot/libraries/SITL/SITL.cpp:74,当前目录没有可用默认值证据。,,,,,,confirmed_by_frozen_runtime_snapshot,observed_in_frozen_runtime_parameter_download,5.0,quad,ardupilot-copter-m6,NOT_TESTED,,NOT_APPLICABLE,,参数身份和定义位置已找到；这不证明它与该性质存在真实数据依赖，也未执行写入变更测试。,NOT_ASSESSED
ArduPilot,InputE,SIM_ENGINE_FAIL,18,A.ALT_HOLD1|A.ALT_HOLD2|A.CHUTE1|A.FLIP1|A.FLIP2|A.FLIP3|A.FLIPGeneral|A.GUIDED1|A.LAND1|A.LAND2|A.LOITER1|A.RC.FS1|A.RC.FS2|A.RTL1|A.RTL2|A.RTL3|A.RTL4|A.SPORT1,SIM_ENGINE_FAIL,baseline/pgfuzz/ArduPilot/policies/A.ALT_HOLD1/envs.txt|baseline/pgfuzz/ArduPilot/policies/A.ALT_HOLD2/envs.txt|baseline/pgfuzz/ArduPilot/policies/A.CHUTE/envs.txt|baseline/pgfuzz/ArduPilot/policies/A.FLIP1/envs.txt|baseline/pgfuzz/ArduPilot/policies/A.FLIP2/envs.txt|baseline/pgfuzz/ArduPilot/policies/A.FLIP3/envs.txt|baseline/pgfuzz/ArduPilot/policies/A.FLIP4/envs.txt|baseline/pgfuzz/ArduPilot/policies/A.GUIDED1/envs.txt|baseline/pgfuzz/ArduPilot/policies/A.LAND1/envs.txt|baseline/pgfuzz/ArduPilot/policies/A.LAND2/envs.txt|baseline/pgfuzz/ArduPilot/policies/A.LOITER1/envs.txt|baseline/pgfuzz/ArduPilot/policies/A.RC.FS1/envs.txt|baseline/pgfuzz/ArduPilot/policies/A.RC.FS2/envs.txt|baseline/pgfuzz/ArduPilot/policies/A.RTL1/envs.txt|baseline/pgfuzz/ArduPilot/policies/A.RTL2/envs.txt|baseline/pgfuzz/ArduPilot/policies/A.RTL3/envs.txt|baseline/pgfuzz/ArduPilot/policies/A.RTL4/envs.txt|baseline/pgfuzz/ArduPilot/policies/A.SPORT1/envs.txt,EXACT_CURRENT_DEFINITION,SIM_ENGINE_FAIL,EXACT_NAME_DEFINITION,,,baseline/ardupilot/libraries/SITL/SITL.cpp:237,exact_metadata_unique,not_exposed_by_param_metadata_parser,,,UNKNOWN,baseline/ardupilot/libraries/SITL/SITL.cpp:237,当前目录没有可用默认值证据。,,,,,,confirmed_by_frozen_runtime_snapshot,observed_in_frozen_runtime_parameter_download,0,quad,ardupilot-copter-m6,NOT_TESTED,,NOT_APPLICABLE,,参数身份和定义位置已找到；这不证明它与该性质存在真实数据依赖，也未执行写入变更测试。,NOT_ASSESSED
ArduPilot,InputE,SIM_ENGINE_MUL,26,A.ALT_HOLD1|A.ALT_HOLD2|A.AUTO1|A.CHUTE1|A.CIRCLE1|A.CIRCLE2|A.CIRCLE3|A.CIRCLE4|A.CIRCLE5|A.CIRCLE6|A.CIRCLE7|A.FLIP1|A.FLIP2|A.FLIP3|A.FLIPGeneral|A.GUIDED1|A.LAND1|A.LAND2|A.LOITER1|A.RC.FS1|A.RC.FS2|A.RTL1|A.RTL2|A.RTL3|A.RTL4|A.SPORT1,SIM_ENGINE_MUL,baseline/pgfuzz/ArduPilot/policies/A.ALT_HOLD1/envs.txt|baseline/pgfuzz/ArduPilot/policies/A.ALT_HOLD2/envs.txt|baseline/pgfuzz/ArduPilot/policies/A.AUTO1/envs.txt|baseline/pgfuzz/ArduPilot/policies/A.CHUTE/envs.txt|baseline/pgfuzz/ArduPilot/policies/A.CIRCLE1/envs.txt|baseline/pgfuzz/ArduPilot/policies/A.CIRCLE2/envs.txt|baseline/pgfuzz/ArduPilot/policies/A.CIRCLE3/envs.txt|baseline/pgfuzz/ArduPilot/policies/A.CIRCLE4_6/envs.txt|baseline/pgfuzz/ArduPilot/policies/A.CIRCLE7/envs.txt|baseline/pgfuzz/ArduPilot/policies/A.FLIP1/envs.txt|baseline/pgfuzz/ArduPilot/policies/A.FLIP2/envs.txt|baseline/pgfuzz/ArduPilot/policies/A.FLIP3/envs.txt|baseline/pgfuzz/ArduPilot/policies/A.FLIP4/envs.txt|baseline/pgfuzz/ArduPilot/policies/A.GUIDED1/envs.txt|baseline/pgfuzz/ArduPilot/policies/A.LAND1/envs.txt|baseline/pgfuzz/ArduPilot/policies/A.LAND2/envs.txt|baseline/pgfuzz/ArduPilot/policies/A.LOITER1/envs.txt|baseline/pgfuzz/ArduPilot/policies/A.RC.FS1/envs.txt|baseline/pgfuzz/ArduPilot/policies/A.RC.FS2/envs.txt|baseline/pgfuzz/ArduPilot/policies/A.RTL1/envs.txt|baseline/pgfuzz/ArduPilot/policies/A.RTL2/envs.txt|baseline/pgfuzz/ArduPilot/policies/A.RTL3/envs.txt|baseline/pgfuzz/ArduPilot/policies/A.RTL4/envs.txt|baseline/pgfuzz/ArduPilot/policies/A.SPORT1/envs.txt,EXACT_CURRENT_DEFINITION,SIM_ENGINE_MUL,EXACT_NAME_DEFINITION,,,baseline/ardupilot/libraries/SITL/SITL.cpp:78,exact_metadata_unique,not_exposed_by_param_metadata_parser,,,UNKNOWN,baseline/ardupilot/libraries/SITL/SITL.cpp:78,当前目录没有可用默认值证据。,0,1,,,,confirmed_by_frozen_runtime_snapshot,observed_in_frozen_runtime_parameter_download,0.0,quad,ardupilot-copter-m6,NOT_TESTED,,NOT_APPLICABLE,,参数身份和定义位置已找到；这不证明它与该性质存在真实数据依赖，也未执行写入变更测试。,NOT_ASSESSED
ArduPilot,InputE,SIM_FLOAT_EXCEPT,26,A.ALT_HOLD1|A.ALT_HOLD2|A.AUTO1|A.CHUTE1|A.CIRCLE1|A.CIRCLE2|A.CIRCLE3|A.CIRCLE4|A.CIRCLE5|A.CIRCLE6|A.CIRCLE7|A.FLIP1|A.FLIP2|A.FLIP3|A.FLIPGeneral|A.GUIDED1|A.LAND1|A.LAND2|A.LOITER1|A.RC.FS1|A.RC.FS2|A.RTL1|A.RTL2|A.RTL3|A.RTL4|A.SPORT1,SIM_FLOAT_EXCEPT,baseline/pgfuzz/ArduPilot/policies/A.ALT_HOLD1/envs.txt|baseline/pgfuzz/ArduPilot/policies/A.ALT_HOLD2/envs.txt|baseline/pgfuzz/ArduPilot/policies/A.AUTO1/envs.txt|baseline/pgfuzz/ArduPilot/policies/A.CHUTE/envs.txt|baseline/pgfuzz/ArduPilot/policies/A.CIRCLE1/envs.txt|baseline/pgfuzz/ArduPilot/policies/A.CIRCLE2/envs.txt|baseline/pgfuzz/ArduPilot/policies/A.CIRCLE3/envs.txt|baseline/pgfuzz/ArduPilot/policies/A.CIRCLE4_6/envs.txt|baseline/pgfuzz/ArduPilot/policies/A.CIRCLE7/envs.txt|baseline/pgfuzz/ArduPilot/policies/A.FLIP1/envs.txt|baseline/pgfuzz/ArduPilot/policies/A.FLIP2/envs.txt|baseline/pgfuzz/ArduPilot/policies/A.FLIP3/envs.txt|baseline/pgfuzz/ArduPilot/policies/A.FLIP4/envs.txt|baseline/pgfuzz/ArduPilot/policies/A.GUIDED1/envs.txt|baseline/pgfuzz/ArduPilot/policies/A.LAND1/envs.txt|baseline/pgfuzz/ArduPilot/policies/A.LAND2/envs.txt|baseline/pgfuzz/ArduPilot/policies/A.LOITER1/envs.txt|baseline/pgfuzz/ArduPilot/policies/A.RC.FS1/envs.txt|baseline/pgfuzz/ArduPilot/policies/A.RC.FS2/envs.txt|baseline/pgfuzz/ArduPilot/policies/A.RTL1/envs.txt|baseline/pgfuzz/ArduPilot/policies/A.RTL2/envs.txt|baseline/pgfuzz/ArduPilot/policies/A.RTL3/envs.txt|baseline/pgfuzz/ArduPilot/policies/A.RTL4/envs.txt|baseline/pgfuzz/ArduPilot/policies/A.SPORT1/envs.txt,EXACT_CURRENT_DEFINITION,SIM_FLOAT_EXCEPT,EXACT_NAME_DEFINITION,,,baseline/ardupilot/libraries/SITL/SITL.cpp:142,exact_metadata_unique,not_exposed_by_param_metadata_parser,,,UNKNOWN,baseline/ardupilot/libraries/SITL/SITL.cpp:142,当前目录没有可用默认值证据。,,,,,,confirmed_by_frozen_runtime_snapshot,observed_in_frozen_runtime_parameter_download,1,quad,ardupilot-copter-m6,NOT_TESTED,,NOT_APPLICABLE,,参数身份和定义位置已找到；这不证明它与该性质存在真实数据依赖，也未执行写入变更测试。,NOT_ASSESSED
ArduPilot,InputE,SIM_FLOW_DELAY,26,A.ALT_HOLD1|A.ALT_HOLD2|A.AUTO1|A.CHUTE1|A.CIRCLE1|A.CIRCLE2|A.CIRCLE3|A.CIRCLE4|A.CIRCLE5|A.CIRCLE6|A.CIRCLE7|A.FLIP1|A.FLIP2|A.FLIP3|A.FLIPGeneral|A.GUIDED1|A.LAND1|A.LAND2|A.LOITER1|A.RC.FS1|A.RC.FS2|A.RTL1|A.RTL2|A.RTL3|A.RTL4|A.SPORT1,SIM_FLOW_DELAY,baseline/pgfuzz/ArduPilot/policies/A.ALT_HOLD1/envs.txt|baseline/pgfuzz/ArduPilot/policies/A.ALT_HOLD2/envs.txt|baseline/pgfuzz/ArduPilot/policies/A.AUTO1/envs.txt|baseline/pgfuzz/ArduPilot/policies/A.CHUTE/envs.txt|baseline/pgfuzz/ArduPilot/policies/A.CIRCLE1/envs.txt|baseline/pgfuzz/ArduPilot/policies/A.CIRCLE2/envs.txt|baseline/pgfuzz/ArduPilot/policies/A.CIRCLE3/envs.txt|baseline/pgfuzz/ArduPilot/policies/A.CIRCLE4_6/envs.txt|baseline/pgfuzz/ArduPilot/policies/A.CIRCLE7/envs.txt|baseline/pgfuzz/ArduPilot/policies/A.FLIP1/envs.txt|baseline/pgfuzz/ArduPilot/policies/A.FLIP2/envs.txt|baseline/pgfuzz/ArduPilot/policies/A.FLIP3/envs.txt|baseline/pgfuzz/ArduPilot/policies/A.FLIP4/envs.txt|baseline/pgfuzz/ArduPilot/policies/A.GUIDED1/envs.txt|baseline/pgfuzz/ArduPilot/policies/A.LAND1/envs.txt|baseline/pgfuzz/ArduPilot/policies/A.LAND2/envs.txt|baseline/pgfuzz/ArduPilot/policies/A.LOITER1/envs.txt|baseline/pgfuzz/ArduPilot/policies/A.RC.FS1/envs.txt|baseline/pgfuzz/ArduPilot/policies/A.RC.FS2/envs.txt|baseline/pgfuzz/ArduPilot/policies/A.RTL1/envs.txt|baseline/pgfuzz/ArduPilot/policies/A.RTL2/envs.txt|baseline/pgfuzz/ArduPilot/policies/A.RTL3/envs.txt|baseline/pgfuzz/ArduPilot/policies/A.RTL4/envs.txt|baseline/pgfuzz/ArduPilot/policies/A.SPORT1/envs.txt,EXACT_CURRENT_DEFINITION,SIM_FLOW_DELAY,EXACT_NAME_DEFINITION,,,baseline/ardupilot/libraries/SITL/SITL.cpp:189,exact_metadata_unique,not_exposed_by_param_metadata_parser,,,UNKNOWN,baseline/ardupilot/libraries/SITL/SITL.cpp:189,当前目录没有可用默认值证据。,,,,ms,,confirmed_by_frozen_runtime_snapshot,observed_in_frozen_runtime_parameter_download,0,quad,ardupilot-copter-m6,NOT_TESTED,,NOT_APPLICABLE,,参数身份和定义位置已找到；这不证明它与该性质存在真实数据依赖，也未执行写入变更测试。,NOT_ASSESSED
ArduPilot,InputE,SIM_FLOW_ENABLE,26,A.ALT_HOLD1|A.ALT_HOLD2|A.AUTO1|A.CHUTE1|A.CIRCLE1|A.CIRCLE2|A.CIRCLE3|A.CIRCLE4|A.CIRCLE5|A.CIRCLE6|A.CIRCLE7|A.FLIP1|A.FLIP2|A.FLIP3|A.FLIPGeneral|A.GUIDED1|A.LAND1|A.LAND2|A.LOITER1|A.RC.FS1|A.RC.FS2|A.RTL1|A.RTL2|A.RTL3|A.RTL4|A.SPORT1,SIM_FLOW_ENABLE,baseline/pgfuzz/ArduPilot/policies/A.ALT_HOLD1/envs.txt|baseline/pgfuzz/ArduPilot/policies/A.ALT_HOLD2/envs.txt|baseline/pgfuzz/ArduPilot/policies/A.AUTO1/envs.txt|baseline/pgfuzz/ArduPilot/policies/A.CHUTE/envs.txt|baseline/pgfuzz/ArduPilot/policies/A.CIRCLE1/envs.txt|baseline/pgfuzz/ArduPilot/policies/A.CIRCLE2/envs.txt|baseline/pgfuzz/ArduPilot/policies/A.CIRCLE3/envs.txt|baseline/pgfuzz/ArduPilot/policies/A.CIRCLE4_6/envs.txt|baseline/pgfuzz/ArduPilot/policies/A.CIRCLE7/envs.txt|baseline/pgfuzz/ArduPilot/policies/A.FLIP1/envs.txt|baseline/pgfuzz/ArduPilot/policies/A.FLIP2/envs.txt|baseline/pgfuzz/ArduPilot/policies/A.FLIP3/envs.txt|baseline/pgfuzz/ArduPilot/policies/A.FLIP4/envs.txt|baseline/pgfuzz/ArduPilot/policies/A.GUIDED1/envs.txt|baseline/pgfuzz/ArduPilot/policies/A.LAND1/envs.txt|baseline/pgfuzz/ArduPilot/policies/A.LAND2/envs.txt|baseline/pgfuzz/ArduPilot/policies/A.LOITER1/envs.txt|baseline/pgfuzz/ArduPilot/policies/A.RC.FS1/envs.txt|baseline/pgfuzz/ArduPilot/policies/A.RC.FS2/envs.txt|baseline/pgfuzz/ArduPilot/policies/A.RTL1/envs.txt|baseline/pgfuzz/ArduPilot/policies/A.RTL2/envs.txt|baseline/pgfuzz/ArduPilot/policies/A.RTL3/envs.txt|baseline/pgfuzz/ArduPilot/policies/A.RTL4/envs.txt|baseline/pgfuzz/ArduPilot/policies/A.SPORT1/envs.txt,EXACT_CURRENT_DEFINITION,SIM_FLOW_ENABLE,EXACT_NAME_DEFINITION,,,baseline/ardupilot/libraries/SITL/SITL.cpp:174,exact_metadata_unique,not_exposed_by_param_metadata_parser,,,UNKNOWN,baseline/ardupilot/libraries/SITL/SITL.cpp:174,当前目录没有可用默认值证据。,,,,,,confirmed_by_frozen_runtime_snapshot,observed_in_frozen_runtime_parameter_download,0,quad,ardupilot-copter-m6,NOT_TESTED,,NOT_APPLICABLE,,参数身份和定义位置已找到；这不证明它与该性质存在真实数据依赖，也未执行写入变更测试。,NOT_ASSESSED
ArduPilot,InputE,SIM_FLOW_POS_X,26,A.ALT_HOLD1|A.ALT_HOLD2|A.AUTO1|A.CHUTE1|A.CIRCLE1|A.CIRCLE2|A.CIRCLE3|A.CIRCLE4|A.CIRCLE5|A.CIRCLE6|A.CIRCLE7|A.FLIP1|A.FLIP2|A.FLIP3|A.FLIPGeneral|A.GUIDED1|A.LAND1|A.LAND2|A.LOITER1|A.RC.FS1|A.RC.FS2|A.RTL1|A.RTL2|A.RTL3|A.RTL4|A.SPORT1,SIM_FLOW_POS_X,baseline/pgfuzz/ArduPilot/policies/A.ALT_HOLD1/envs.txt|baseline/pgfuzz/ArduPilot/policies/A.ALT_HOLD2/envs.txt|baseline/pgfuzz/ArduPilot/policies/A.AUTO1/envs.txt|baseline/pgfuzz/ArduPilot/policies/A.CHUTE/envs.txt|baseline/pgfuzz/ArduPilot/policies/A.CIRCLE1/envs.txt|baseline/pgfuzz/ArduPilot/policies/A.CIRCLE2/envs.txt|baseline/pgfuzz/ArduPilot/policies/A.CIRCLE3/envs.txt|baseline/pgfuzz/ArduPilot/policies/A.CIRCLE4_6/envs.txt|baseline/pgfuzz/ArduPilot/policies/A.CIRCLE7/envs.txt|baseline/pgfuzz/ArduPilot/policies/A.FLIP1/envs.txt|baseline/pgfuzz/ArduPilot/policies/A.FLIP2/envs.txt|baseline/pgfuzz/ArduPilot/policies/A.FLIP3/envs.txt|baseline/pgfuzz/ArduPilot/policies/A.FLIP4/envs.txt|baseline/pgfuzz/ArduPilot/policies/A.GUIDED1/envs.txt|baseline/pgfuzz/ArduPilot/policies/A.LAND1/envs.txt|baseline/pgfuzz/ArduPilot/policies/A.LAND2/envs.txt|baseline/pgfuzz/ArduPilot/policies/A.LOITER1/envs.txt|baseline/pgfuzz/ArduPilot/policies/A.RC.FS1/envs.txt|baseline/pgfuzz/ArduPilot/policies/A.RC.FS2/envs.txt|baseline/pgfuzz/ArduPilot/policies/A.RTL1/envs.txt|baseline/pgfuzz/ArduPilot/policies/A.RTL2/envs.txt|baseline/pgfuzz/ArduPilot/policies/A.RTL3/envs.txt|baseline/pgfuzz/ArduPilot/policies/A.RTL4/envs.txt|baseline/pgfuzz/ArduPilot/policies/A.SPORT1/envs.txt,EXACT_CURRENT_DEFINITION,SIM_FLOW_POS_X,EXACT_NAME_DEFINITION,,,baseline/ardupilot/libraries/AP_RangeFinder/AP_RangeFinder_Params.cpp:159|baseline/ardupilot/libraries/AP_InertialSensor/AP_InertialSensor_Params.cpp:68|baseline/ardupilot/libraries/SITL/SIM_Vicon.cpp:33|baseline/ardupilot/libraries/AP_GPS/AP_GPS_Params.cpp:49,exact_metadata_multiple,not_exposed_by_param_metadata_parser,,,UNKNOWN,baseline/ardupilot/libraries/AP_RangeFinder/AP_RangeFinder_Params.cpp:159|baseline/ardupilot/libraries/AP_InertialSensor/AP_InertialSensor_Params.cpp:68|baseline/ardupilot/libraries/SITL/SIM_Vicon.cpp:33|baseline/ardupilot/libraries/AP_GPS/AP_GPS_Params.cpp:49,当前目录没有可用默认值证据。,,,,m,,confirmed_by_frozen_runtime_snapshot,observed_in_frozen_runtime_parameter_download,0.0,quad,ardupilot-copter-m6,NOT_TESTED,,NOT_APPLICABLE,,参数身份和定义位置已找到；这不证明它与该性质存在真实数据依赖，也未执行写入变更测试。,NOT_ASSESSED
ArduPilot,InputE,SIM_FLOW_POS_Y,26,A.ALT_HOLD1|A.ALT_HOLD2|A.AUTO1|A.CHUTE1|A.CIRCLE1|A.CIRCLE2|A.CIRCLE3|A.CIRCLE4|A.CIRCLE5|A.CIRCLE6|A.CIRCLE7|A.FLIP1|A.FLIP2|A.FLIP3|A.FLIPGeneral|A.GUIDED1|A.LAND1|A.LAND2|A.LOITER1|A.RC.FS1|A.RC.FS2|A.RTL1|A.RTL2|A.RTL3|A.RTL4|A.SPORT1,SIM_FLOW_POS_Y,baseline/pgfuzz/ArduPilot/policies/A.ALT_HOLD1/envs.txt|baseline/pgfuzz/ArduPilot/policies/A.ALT_HOLD2/envs.txt|baseline/pgfuzz/ArduPilot/policies/A.AUTO1/envs.txt|baseline/pgfuzz/ArduPilot/policies/A.CHUTE/envs.txt|baseline/pgfuzz/ArduPilot/policies/A.CIRCLE1/envs.txt|baseline/pgfuzz/ArduPilot/policies/A.CIRCLE2/envs.txt|baseline/pgfuzz/ArduPilot/policies/A.CIRCLE3/envs.txt|baseline/pgfuzz/ArduPilot/policies/A.CIRCLE4_6/envs.txt|baseline/pgfuzz/ArduPilot/policies/A.CIRCLE7/envs.txt|baseline/pgfuzz/ArduPilot/policies/A.FLIP1/envs.txt|baseline/pgfuzz/ArduPilot/policies/A.FLIP2/envs.txt|baseline/pgfuzz/ArduPilot/policies/A.FLIP3/envs.txt|baseline/pgfuzz/ArduPilot/policies/A.FLIP4/envs.txt|baseline/pgfuzz/ArduPilot/policies/A.GUIDED1/envs.txt|baseline/pgfuzz/ArduPilot/policies/A.LAND1/envs.txt|baseline/pgfuzz/ArduPilot/policies/A.LAND2/envs.txt|baseline/pgfuzz/ArduPilot/policies/A.LOITER1/envs.txt|baseline/pgfuzz/ArduPilot/policies/A.RC.FS1/envs.txt|baseline/pgfuzz/ArduPilot/policies/A.RC.FS2/envs.txt|baseline/pgfuzz/ArduPilot/policies/A.RTL1/envs.txt|baseline/pgfuzz/ArduPilot/policies/A.RTL2/envs.txt|baseline/pgfuzz/ArduPilot/policies/A.RTL3/envs.txt|baseline/pgfuzz/ArduPilot/policies/A.RTL4/envs.txt|baseline/pgfuzz/ArduPilot/policies/A.SPORT1/envs.txt,EXACT_CURRENT_DEFINITION,SIM_FLOW_POS_Y,EXACT_NAME_DEFINITION,,,baseline/ardupilot/libraries/AP_RangeFinder/AP_RangeFinder_Params.cpp:167|baseline/ardupilot/libraries/AP_InertialSensor/AP_InertialSensor_Params.cpp:76|baseline/ardupilot/libraries/SITL/SIM_Vicon.cpp:40|baseline/ardupilot/libraries/AP_GPS/AP_GPS_Params.cpp:57,exact_metadata_multiple,not_exposed_by_param_metadata_parser,,,UNKNOWN,baseline/ardupilot/libraries/AP_RangeFinder/AP_RangeFinder_Params.cpp:167|baseline/ardupilot/libraries/AP_InertialSensor/AP_InertialSensor_Params.cpp:76|baseline/ardupilot/libraries/SITL/SIM_Vicon.cpp:40|baseline/ardupilot/libraries/AP_GPS/AP_GPS_Params.cpp:57,当前目录没有可用默认值证据。,,,,m,,confirmed_by_frozen_runtime_snapshot,observed_in_frozen_runtime_parameter_download,0.0,quad,ardupilot-copter-m6,NOT_TESTED,,NOT_APPLICABLE,,参数身份和定义位置已找到；这不证明它与该性质存在真实数据依赖，也未执行写入变更测试。,NOT_ASSESSED
ArduPilot,InputE,SIM_FLOW_POS_Z,26,A.ALT_HOLD1|A.ALT_HOLD2|A.AUTO1|A.CHUTE1|A.CIRCLE1|A.CIRCLE2|A.CIRCLE3|A.CIRCLE4|A.CIRCLE5|A.CIRCLE6|A.CIRCLE7|A.FLIP1|A.FLIP2|A.FLIP3|A.FLIPGeneral|A.GUIDED1|A.LAND1|A.LAND2|A.LOITER1|A.RC.FS1|A.RC.FS2|A.RTL1|A.RTL2|A.RTL3|A.RTL4|A.SPORT1,SIM_FLOW_POS_Z,baseline/pgfuzz/ArduPilot/policies/A.ALT_HOLD1/envs.txt|baseline/pgfuzz/ArduPilot/policies/A.ALT_HOLD2/envs.txt|baseline/pgfuzz/ArduPilot/policies/A.AUTO1/envs.txt|baseline/pgfuzz/ArduPilot/policies/A.CHUTE/envs.txt|baseline/pgfuzz/ArduPilot/policies/A.CIRCLE1/envs.txt|baseline/pgfuzz/ArduPilot/policies/A.CIRCLE2/envs.txt|baseline/pgfuzz/ArduPilot/policies/A.CIRCLE3/envs.txt|baseline/pgfuzz/ArduPilot/policies/A.CIRCLE4_6/envs.txt|baseline/pgfuzz/ArduPilot/policies/A.CIRCLE7/envs.txt|baseline/pgfuzz/ArduPilot/policies/A.FLIP1/envs.txt|baseline/pgfuzz/ArduPilot/policies/A.FLIP2/envs.txt|baseline/pgfuzz/ArduPilot/policies/A.FLIP3/envs.txt|baseline/pgfuzz/ArduPilot/policies/A.FLIP4/envs.txt|baseline/pgfuzz/ArduPilot/policies/A.GUIDED1/envs.txt|baseline/pgfuzz/ArduPilot/policies/A.LAND1/envs.txt|baseline/pgfuzz/ArduPilot/policies/A.LAND2/envs.txt|baseline/pgfuzz/ArduPilot/policies/A.LOITER1/envs.txt|baseline/pgfuzz/ArduPilot/policies/A.RC.FS1/envs.txt|baseline/pgfuzz/ArduPilot/policies/A.RC.FS2/envs.txt|baseline/pgfuzz/ArduPilot/policies/A.RTL1/envs.txt|baseline/pgfuzz/ArduPilot/policies/A.RTL2/envs.txt|baseline/pgfuzz/ArduPilot/policies/A.RTL3/envs.txt|baseline/pgfuzz/ArduPilot/policies/A.RTL4/envs.txt|baseline/pgfuzz/ArduPilot/policies/A.SPORT1/envs.txt,EXACT_CURRENT_DEFINITION,SIM_FLOW_POS_Z,EXACT_NAME_DEFINITION,,,baseline/ardupilot/libraries/AP_RangeFinder/AP_RangeFinder_Params.cpp:175|baseline/ardupilot/libraries/AP_InertialSensor/AP_InertialSensor_Params.cpp:84|baseline/ardupilot/libraries/SITL/SIM_Vicon.cpp:47|baseline/ardupilot/libraries/AP_GPS/AP_GPS_Params.cpp:65,exact_metadata_multiple,not_exposed_by_param_metadata_parser,,,UNKNOWN,baseline/ardupilot/libraries/AP_RangeFinder/AP_RangeFinder_Params.cpp:175|baseline/ardupilot/libraries/AP_InertialSensor/AP_InertialSensor_Params.cpp:84|baseline/ardupilot/libraries/SITL/SIM_Vicon.cpp:47|baseline/ardupilot/libraries/AP_GPS/AP_GPS_Params.cpp:65,当前目录没有可用默认值证据。,,,,m,,confirmed_by_frozen_runtime_snapshot,observed_in_frozen_runtime_parameter_download,0.0,quad,ardupilot-copter-m6,NOT_TESTED,,NOT_APPLICABLE,,参数身份和定义位置已找到；这不证明它与该性质存在真实数据依赖，也未执行写入变更测试。,NOT_ASSESSED
ArduPilot,InputE,SIM_FLOW_RATE,26,A.ALT_HOLD1|A.ALT_HOLD2|A.AUTO1|A.CHUTE1|A.CIRCLE1|A.CIRCLE2|A.CIRCLE3|A.CIRCLE4|A.CIRCLE5|A.CIRCLE6|A.CIRCLE7|A.FLIP1|A.FLIP2|A.FLIP3|A.FLIPGeneral|A.GUIDED1|A.LAND1|A.LAND2|A.LOITER1|A.RC.FS1|A.RC.FS2|A.RTL1|A.RTL2|A.RTL3|A.RTL4|A.SPORT1,SIM_FLOW_RATE,baseline/pgfuzz/ArduPilot/policies/A.ALT_HOLD1/envs.txt|baseline/pgfuzz/ArduPilot/policies/A.ALT_HOLD2/envs.txt|baseline/pgfuzz/ArduPilot/policies/A.AUTO1/envs.txt|baseline/pgfuzz/ArduPilot/policies/A.CHUTE/envs.txt|baseline/pgfuzz/ArduPilot/policies/A.CIRCLE1/envs.txt|baseline/pgfuzz/ArduPilot/policies/A.CIRCLE2/envs.txt|baseline/pgfuzz/ArduPilot/policies/A.CIRCLE3/envs.txt|baseline/pgfuzz/ArduPilot/policies/A.CIRCLE4_6/envs.txt|baseline/pgfuzz/ArduPilot/policies/A.CIRCLE7/envs.txt|baseline/pgfuzz/ArduPilot/policies/A.FLIP1/envs.txt|baseline/pgfuzz/ArduPilot/policies/A.FLIP2/envs.txt|baseline/pgfuzz/ArduPilot/policies/A.FLIP3/envs.txt|baseline/pgfuzz/ArduPilot/policies/A.FLIP4/envs.txt|baseline/pgfuzz/ArduPilot/policies/A.GUIDED1/envs.txt|baseline/pgfuzz/ArduPilot/policies/A.LAND1/envs.txt|baseline/pgfuzz/ArduPilot/policies/A.LAND2/envs.txt|baseline/pgfuzz/ArduPilot/policies/A.LOITER1/envs.txt|baseline/pgfuzz/ArduPilot/policies/A.RC.FS1/envs.txt|baseline/pgfuzz/ArduPilot/policies/A.RC.FS2/envs.txt|baseline/pgfuzz/ArduPilot/policies/A.RTL1/envs.txt|baseline/pgfuzz/ArduPilot/policies/A.RTL2/envs.txt|baseline/pgfuzz/ArduPilot/policies/A.RTL3/envs.txt|baseline/pgfuzz/ArduPilot/policies/A.RTL4/envs.txt|baseline/pgfuzz/ArduPilot/policies/A.SPORT1/envs.txt,EXACT_CURRENT_DEFINITION,SIM_FLOW_RATE,EXACT_NAME_DEFINITION,,,baseline/ardupilot/libraries/SITL/SITL.cpp:184,exact_metadata_unique,not_exposed_by_param_metadata_parser,,,UNKNOWN,baseline/ardupilot/libraries/SITL/SITL.cpp:184,当前目录没有可用默认值证据。,,,,Hz,,confirmed_by_frozen_runtime_snapshot,observed_in_frozen_runtime_parameter_download,10,quad,ardupilot-copter-m6,NOT_TESTED,,NOT_APPLICABLE,,参数身份和定义位置已找到；这不证明它与该性质存在真实数据依赖，也未执行写入变更测试。,NOT_ASSESSED
ArduPilot,InputE,SIM_FLOW_RND,26,A.ALT_HOLD1|A.ALT_HOLD2|A.AUTO1|A.CHUTE1|A.CIRCLE1|A.CIRCLE2|A.CIRCLE3|A.CIRCLE4|A.CIRCLE5|A.CIRCLE6|A.CIRCLE7|A.FLIP1|A.FLIP2|A.FLIP3|A.FLIPGeneral|A.GUIDED1|A.LAND1|A.LAND2|A.LOITER1|A.RC.FS1|A.RC.FS2|A.RTL1|A.RTL2|A.RTL3|A.RTL4|A.SPORT1,SIM_FLOW_RND,baseline/pgfuzz/ArduPilot/policies/A.ALT_HOLD1/envs.txt|baseline/pgfuzz/ArduPilot/policies/A.ALT_HOLD2/envs.txt|baseline/pgfuzz/ArduPilot/policies/A.AUTO1/envs.txt|baseline/pgfuzz/ArduPilot/policies/A.CHUTE/envs.txt|baseline/pgfuzz/ArduPilot/policies/A.CIRCLE1/envs.txt|baseline/pgfuzz/ArduPilot/policies/A.CIRCLE2/envs.txt|baseline/pgfuzz/ArduPilot/policies/A.CIRCLE3/envs.txt|baseline/pgfuzz/ArduPilot/policies/A.CIRCLE4_6/envs.txt|baseline/pgfuzz/ArduPilot/policies/A.CIRCLE7/envs.txt|baseline/pgfuzz/ArduPilot/policies/A.FLIP1/envs.txt|baseline/pgfuzz/ArduPilot/policies/A.FLIP2/envs.txt|baseline/pgfuzz/ArduPilot/policies/A.FLIP3/envs.txt|baseline/pgfuzz/ArduPilot/policies/A.FLIP4/envs.txt|baseline/pgfuzz/ArduPilot/policies/A.GUIDED1/envs.txt|baseline/pgfuzz/ArduPilot/policies/A.LAND1/envs.txt|baseline/pgfuzz/ArduPilot/policies/A.LAND2/envs.txt|baseline/pgfuzz/ArduPilot/policies/A.LOITER1/envs.txt|baseline/pgfuzz/ArduPilot/policies/A.RC.FS1/envs.txt|baseline/pgfuzz/ArduPilot/policies/A.RC.FS2/envs.txt|baseline/pgfuzz/ArduPilot/policies/A.RTL1/envs.txt|baseline/pgfuzz/ArduPilot/policies/A.RTL2/envs.txt|baseline/pgfuzz/ArduPilot/policies/A.RTL3/envs.txt|baseline/pgfuzz/ArduPilot/policies/A.RTL4/envs.txt|baseline/pgfuzz/ArduPilot/policies/A.SPORT1/envs.txt,EXACT_CURRENT_DEFINITION,SIM_FLOW_RND,EXACT_NAME_DEFINITION,,,baseline/ardupilot/libraries/SITL/SITL.cpp:362,exact_metadata_unique,not_exposed_by_param_metadata_parser,,,UNKNOWN,baseline/ardupilot/libraries/SITL/SITL.cpp:362,当前目录没有可用默认值证据。,,,,rad/s,,confirmed_by_frozen_runtime_snapshot,observed_in_frozen_runtime_parameter_download,0.05000000074505806,quad,ardupilot-copter-m6,NOT_TESTED,,NOT_APPLICABLE,,参数身份和定义位置已找到；这不证明它与该性质存在真实数据依赖，也未执行写入变更测试。,NOT_ASSESSED
ArduPilot,InputE,SIM_GND_BEHAV,20,A.ALT_HOLD1|A.ALT_HOLD2|A.AUTO1|A.CHUTE1|A.CIRCLE7|A.FLIP1|A.FLIP2|A.FLIP3|A.FLIPGeneral|A.GUIDED1|A.LAND1|A.LAND2|A.LOITER1|A.RC.FS1|A.RC.FS2|A.RTL1|A.RTL2|A.RTL3|A.RTL4|A.SPORT1,SIM_GND_BEHAV,baseline/pgfuzz/ArduPilot/policies/A.ALT_HOLD1/envs.txt|baseline/pgfuzz/ArduPilot/policies/A.ALT_HOLD2/envs.txt|baseline/pgfuzz/ArduPilot/policies/A.AUTO1/envs.txt|baseline/pgfuzz/ArduPilot/policies/A.CHUTE/envs.txt|baseline/pgfuzz/ArduPilot/policies/A.CIRCLE7/envs.txt|baseline/pgfuzz/ArduPilot/policies/A.FLIP1/envs.txt|baseline/pgfuzz/ArduPilot/policies/A.FLIP2/envs.txt|baseline/pgfuzz/ArduPilot/policies/A.FLIP3/envs.txt|baseline/pgfuzz/ArduPilot/policies/A.FLIP4/envs.txt|baseline/pgfuzz/ArduPilot/policies/A.GUIDED1/envs.txt|baseline/pgfuzz/ArduPilot/policies/A.LAND1/envs.txt|baseline/pgfuzz/ArduPilot/policies/A.LAND2/envs.txt|baseline/pgfuzz/ArduPilot/policies/A.LOITER1/envs.txt|baseline/pgfuzz/ArduPilot/policies/A.RC.FS1/envs.txt|baseline/pgfuzz/ArduPilot/policies/A.RC.FS2/envs.txt|baseline/pgfuzz/ArduPilot/policies/A.RTL1/envs.txt|baseline/pgfuzz/ArduPilot/policies/A.RTL2/envs.txt|baseline/pgfuzz/ArduPilot/policies/A.RTL3/envs.txt|baseline/pgfuzz/ArduPilot/policies/A.RTL4/envs.txt|baseline/pgfuzz/ArduPilot/policies/A.SPORT1/envs.txt,EXACT_CURRENT_DEFINITION,SIM_GND_BEHAV,EXACT_NAME_DEFINITION,,,baseline/ardupilot/libraries/SITL/SITL.cpp:389,exact_metadata_unique,not_exposed_by_param_metadata_parser,,,UNKNOWN,baseline/ardupilot/libraries/SITL/SITL.cpp:389,当前目录没有可用默认值证据。,,,,,,confirmed_by_frozen_runtime_snapshot,observed_in_frozen_runtime_parameter_download,-1,quad,ardupilot-copter-m6,NOT_TESTED,,NOT_APPLICABLE,,参数身份和定义位置已找到；这不证明它与该性质存在真实数据依赖，也未执行写入变更测试。,NOT_ASSESSED
ArduPilot,InputE,SIM_GPS_ALT_OFS,18,A.ALT_HOLD1|A.ALT_HOLD2|A.CHUTE1|A.FLIP1|A.FLIP2|A.FLIP3|A.FLIPGeneral|A.GUIDED1|A.LAND1|A.LAND2|A.LOITER1|A.RC.FS1|A.RC.FS2|A.RTL1|A.RTL2|A.RTL3|A.RTL4|A.SPORT1,SIM_GPS_ALT_OFS,baseline/pgfuzz/ArduPilot/policies/A.ALT_HOLD1/envs.txt|baseline/pgfuzz/ArduPilot/policies/A.ALT_HOLD2/envs.txt|baseline/pgfuzz/ArduPilot/policies/A.CHUTE/envs.txt|baseline/pgfuzz/ArduPilot/policies/A.FLIP1/envs.txt|baseline/pgfuzz/ArduPilot/policies/A.FLIP2/envs.txt|baseline/pgfuzz/ArduPilot/policies/A.FLIP3/envs.txt|baseline/pgfuzz/ArduPilot/policies/A.FLIP4/envs.txt|baseline/pgfuzz/ArduPilot/policies/A.GUIDED1/envs.txt|baseline/pgfuzz/ArduPilot/policies/A.LAND1/envs.txt|baseline/pgfuzz/ArduPilot/policies/A.LAND2/envs.txt|baseline/pgfuzz/ArduPilot/policies/A.LOITER1/envs.txt|baseline/pgfuzz/ArduPilot/policies/A.RC.FS1/envs.txt|baseline/pgfuzz/ArduPilot/policies/A.RC.FS2/envs.txt|baseline/pgfuzz/ArduPilot/policies/A.RTL1/envs.txt|baseline/pgfuzz/ArduPilot/policies/A.RTL2/envs.txt|baseline/pgfuzz/ArduPilot/policies/A.RTL3/envs.txt|baseline/pgfuzz/ArduPilot/policies/A.RTL4/envs.txt|baseline/pgfuzz/ArduPilot/policies/A.SPORT1/envs.txt,RENAMED_CURRENT_DEFINITION,SIM_GPS1_ALT_OFS,CURATED_INSTANCE1_MIGRATION_MODELLED,current instance-qualified SITL parameter family,当前参数显式区分传感器实例；映射到第一实例有名称和参数族证据，但未发现逐项历史迁移记录。,baseline/ardupilot/libraries/SITL/SIM_GPS.cpp:111,exact_metadata_unique,not_exposed_by_param_metadata_parser,,,UNKNOWN,baseline/ardupilot/libraries/SITL/SIM_GPS.cpp:111,当前目录没有可用默认值证据。,,,,m,,confirmed_by_frozen_runtime_snapshot,observed_in_frozen_runtime_parameter_download,0,quad,ardupilot-copter-m6,NOT_TESTED,,NOT_APPLICABLE,,参数身份和定义位置已找到；这不证明它与该性质存在真实数据依赖，也未执行写入变更测试。,NOT_ASSESSED
ArduPilot,InputE,SIM_GPS_BYTELOSS,18,A.ALT_HOLD1|A.ALT_HOLD2|A.CHUTE1|A.FLIP1|A.FLIP2|A.FLIP3|A.FLIPGeneral|A.GUIDED1|A.LAND1|A.LAND2|A.LOITER1|A.RC.FS1|A.RC.FS2|A.RTL1|A.RTL2|A.RTL3|A.RTL4|A.SPORT1,SIM_GPS_BYTELOSS,baseline/pgfuzz/ArduPilot/policies/A.ALT_HOLD1/envs.txt|baseline/pgfuzz/ArduPilot/policies/A.ALT_HOLD2/envs.txt|baseline/pgfuzz/ArduPilot/policies/A.CHUTE/envs.txt|baseline/pgfuzz/ArduPilot/policies/A.FLIP1/envs.txt|baseline/pgfuzz/ArduPilot/policies/A.FLIP2/envs.txt|baseline/pgfuzz/ArduPilot/policies/A.FLIP3/envs.txt|baseline/pgfuzz/ArduPilot/policies/A.FLIP4/envs.txt|baseline/pgfuzz/ArduPilot/policies/A.GUIDED1/envs.txt|baseline/pgfuzz/ArduPilot/policies/A.LAND1/envs.txt|baseline/pgfuzz/ArduPilot/policies/A.LAND2/envs.txt|baseline/pgfuzz/ArduPilot/policies/A.LOITER1/envs.txt|baseline/pgfuzz/ArduPilot/policies/A.RC.FS1/envs.txt|baseline/pgfuzz/ArduPilot/policies/A.RC.FS2/envs.txt|baseline/pgfuzz/ArduPilot/policies/A.RTL1/envs.txt|baseline/pgfuzz/ArduPilot/policies/A.RTL2/envs.txt|baseline/pgfuzz/ArduPilot/policies/A.RTL3/envs.txt|baseline/pgfuzz/ArduPilot/policies/A.RTL4/envs.txt|baseline/pgfuzz/ArduPilot/policies/A.SPORT1/envs.txt,RENAMED_CURRENT_DEFINITION,SIM_GPS1_BYTELOS,CURATED_INSTANCE1_MIGRATION_MODELLED,current instance-qualified SITL parameter family,当前参数显式区分传感器实例；映射到第一实例有名称和参数族证据，但未发现逐项历史迁移记录。,baseline/ardupilot/libraries/SITL/SIM_GPS.cpp:58,exact_metadata_unique,not_exposed_by_param_metadata_parser,,,UNKNOWN,baseline/ardupilot/libraries/SITL/SIM_GPS.cpp:58,当前目录没有可用默认值证据。,,,,%,,confirmed_by_frozen_runtime_snapshot,observed_in_frozen_runtime_parameter_download,0.0,quad,ardupilot-copter-m6,NOT_TESTED,,NOT_APPLICABLE,,参数身份和定义位置已找到；这不证明它与该性质存在真实数据依赖，也未执行写入变更测试。,NOT_ASSESSED
ArduPilot,InputE,SIM_GPS_DRIFTALT,18,A.ALT_HOLD1|A.ALT_HOLD2|A.CHUTE1|A.FLIP1|A.FLIP2|A.FLIP3|A.FLIPGeneral|A.GUIDED1|A.LAND1|A.LAND2|A.LOITER1|A.RC.FS1|A.RC.FS2|A.RTL1|A.RTL2|A.RTL3|A.RTL4|A.SPORT1,SIM_GPS_DRIFTALT,baseline/pgfuzz/ArduPilot/policies/A.ALT_HOLD1/envs.txt|baseline/pgfuzz/ArduPilot/policies/A.ALT_HOLD2/envs.txt|baseline/pgfuzz/ArduPilot/policies/A.CHUTE/envs.txt|baseline/pgfuzz/ArduPilot/policies/A.FLIP1/envs.txt|baseline/pgfuzz/ArduPilot/policies/A.FLIP2/envs.txt|baseline/pgfuzz/ArduPilot/policies/A.FLIP3/envs.txt|baseline/pgfuzz/ArduPilot/policies/A.FLIP4/envs.txt|baseline/pgfuzz/ArduPilot/policies/A.GUIDED1/envs.txt|baseline/pgfuzz/ArduPilot/policies/A.LAND1/envs.txt|baseline/pgfuzz/ArduPilot/policies/A.LAND2/envs.txt|baseline/pgfuzz/ArduPilot/policies/A.LOITER1/envs.txt|baseline/pgfuzz/ArduPilot/policies/A.RC.FS1/envs.txt|baseline/pgfuzz/ArduPilot/policies/A.RC.FS2/envs.txt|baseline/pgfuzz/ArduPilot/policies/A.RTL1/envs.txt|baseline/pgfuzz/ArduPilot/policies/A.RTL2/envs.txt|baseline/pgfuzz/ArduPilot/policies/A.RTL3/envs.txt|baseline/pgfuzz/ArduPilot/policies/A.RTL4/envs.txt|baseline/pgfuzz/ArduPilot/policies/A.SPORT1/envs.txt,RENAMED_CURRENT_DEFINITION,SIM_GPS1_DRFTALT,CURATED_INSTANCE1_MIGRATION_MODELLED,current instance-qualified SITL parameter family,当前参数显式区分传感器实例；映射到第一实例有名称和参数族证据，但未发现逐项历史迁移记录。,baseline/ardupilot/libraries/SITL/SIM_GPS.cpp:83,exact_metadata_unique,not_exposed_by_param_metadata_parser,,,UNKNOWN,baseline/ardupilot/libraries/SITL/SIM_GPS.cpp:83,当前目录没有可用默认值证据。,,,,m,,confirmed_by_frozen_runtime_snapshot,observed_in_frozen_runtime_parameter_download,0.0,quad,ardupilot-copter-m6,NOT_TESTED,,NOT_APPLICABLE,,参数身份和定义位置已找到；这不证明它与该性质存在真实数据依赖，也未执行写入变更测试。,NOT_ASSESSED
ArduPilot,InputE,SIM_GPS_GLITCH_Z,18,A.ALT_HOLD1|A.ALT_HOLD2|A.CHUTE1|A.FLIP1|A.FLIP2|A.FLIP3|A.FLIPGeneral|A.GUIDED1|A.LAND1|A.LAND2|A.LOITER1|A.RC.FS1|A.RC.FS2|A.RTL1|A.RTL2|A.RTL3|A.RTL4|A.SPORT1,SIM_GPS_GLITCH_Z,baseline/pgfuzz/ArduPilot/policies/A.ALT_HOLD1/envs.txt|baseline/pgfuzz/ArduPilot/policies/A.ALT_HOLD2/envs.txt|baseline/pgfuzz/ArduPilot/policies/A.CHUTE/envs.txt|baseline/pgfuzz/ArduPilot/policies/A.FLIP1/envs.txt|baseline/pgfuzz/ArduPilot/policies/A.FLIP2/envs.txt|baseline/pgfuzz/ArduPilot/policies/A.FLIP3/envs.txt|baseline/pgfuzz/ArduPilot/policies/A.FLIP4/envs.txt|baseline/pgfuzz/ArduPilot/policies/A.GUIDED1/envs.txt|baseline/pgfuzz/ArduPilot/policies/A.LAND1/envs.txt|baseline/pgfuzz/ArduPilot/policies/A.LAND2/envs.txt|baseline/pgfuzz/ArduPilot/policies/A.LOITER1/envs.txt|baseline/pgfuzz/ArduPilot/policies/A.RC.FS1/envs.txt|baseline/pgfuzz/ArduPilot/policies/A.RC.FS2/envs.txt|baseline/pgfuzz/ArduPilot/policies/A.RTL1/envs.txt|baseline/pgfuzz/ArduPilot/policies/A.RTL2/envs.txt|baseline/pgfuzz/ArduPilot/policies/A.RTL3/envs.txt|baseline/pgfuzz/ArduPilot/policies/A.RTL4/envs.txt|baseline/pgfuzz/ArduPilot/policies/A.SPORT1/envs.txt,RENAMED_CURRENT_DEFINITION,SIM_GPS1_GLTCH_Z,CURATED_INSTANCE1_MIGRATION_MODELLED,current instance-qualified SITL parameter family,当前参数显式区分传感器实例；映射到第一实例有名称和参数族证据，但未发现逐项历史迁移记录。,,unresolved,not_exposed_by_param_metadata_parser,,,UNKNOWN,,当前目录没有可用默认值证据。,,,,,,confirmed_by_frozen_runtime_snapshot,observed_in_frozen_runtime_parameter_download,0.0,quad,ardupilot-copter-m6,NOT_TESTED,,NOT_APPLICABLE,,参数身份和定义位置已找到；这不证明它与该性质存在真实数据依赖，也未执行写入变更测试。,NOT_ASSESSED
ArduPilot,InputE,SIM_GPS_HDG,18,A.ALT_HOLD1|A.ALT_HOLD2|A.CHUTE1|A.FLIP1|A.FLIP2|A.FLIP3|A.FLIPGeneral|A.GUIDED1|A.LAND1|A.LAND2|A.LOITER1|A.RC.FS1|A.RC.FS2|A.RTL1|A.RTL2|A.RTL3|A.RTL4|A.SPORT1,SIM_GPS_HDG,baseline/pgfuzz/ArduPilot/policies/A.ALT_HOLD1/envs.txt|baseline/pgfuzz/ArduPilot/policies/A.ALT_HOLD2/envs.txt|baseline/pgfuzz/ArduPilot/policies/A.CHUTE/envs.txt|baseline/pgfuzz/ArduPilot/policies/A.FLIP1/envs.txt|baseline/pgfuzz/ArduPilot/policies/A.FLIP2/envs.txt|baseline/pgfuzz/ArduPilot/policies/A.FLIP3/envs.txt|baseline/pgfuzz/ArduPilot/policies/A.FLIP4/envs.txt|baseline/pgfuzz/ArduPilot/policies/A.GUIDED1/envs.txt|baseline/pgfuzz/ArduPilot/policies/A.LAND1/envs.txt|baseline/pgfuzz/ArduPilot/policies/A.LAND2/envs.txt|baseline/pgfuzz/ArduPilot/policies/A.LOITER1/envs.txt|baseline/pgfuzz/ArduPilot/policies/A.RC.FS1/envs.txt|baseline/pgfuzz/ArduPilot/policies/A.RC.FS2/envs.txt|baseline/pgfuzz/ArduPilot/policies/A.RTL1/envs.txt|baseline/pgfuzz/ArduPilot/policies/A.RTL2/envs.txt|baseline/pgfuzz/ArduPilot/policies/A.RTL3/envs.txt|baseline/pgfuzz/ArduPilot/policies/A.RTL4/envs.txt|baseline/pgfuzz/ArduPilot/policies/A.SPORT1/envs.txt,RENAMED_CURRENT_DEFINITION,SIM_GPS1_HDG,CURATED_INSTANCE1_MIGRATION_MODELLED,current instance-qualified SITL parameter family,当前参数显式区分传感器实例；映射到第一实例有名称和参数族证据，但未发现逐项历史迁移记录。,baseline/ardupilot/libraries/SITL/SIM_GPS.cpp:117,exact_metadata_unique,not_exposed_by_param_metadata_parser,,,UNKNOWN,baseline/ardupilot/libraries/SITL/SIM_GPS.cpp:117,当前目录没有可用默认值证据。,,,,,,confirmed_by_frozen_runtime_snapshot,observed_in_frozen_runtime_parameter_download,0,quad,ardupilot-copter-m6,NOT_TESTED,,NOT_APPLICABLE,,参数身份和定义位置已找到；这不证明它与该性质存在真实数据依赖，也未执行写入变更测试。,NOT_ASSESSED
ArduPilot,InputE,SIM_GPS_LOCKTIME,18,A.ALT_HOLD1|A.ALT_HOLD2|A.CHUTE1|A.FLIP1|A.FLIP2|A.FLIP3|A.FLIPGeneral|A.GUIDED1|A.LAND1|A.LAND2|A.LOITER1|A.RC.FS1|A.RC.FS2|A.RTL1|A.RTL2|A.RTL3|A.RTL4|A.SPORT1,SIM_GPS_LOCKTIME,baseline/pgfuzz/ArduPilot/policies/A.ALT_HOLD1/envs.txt|baseline/pgfuzz/ArduPilot/policies/A.ALT_HOLD2/envs.txt|baseline/pgfuzz/ArduPilot/policies/A.CHUTE/envs.txt|baseline/pgfuzz/ArduPilot/policies/A.FLIP1/envs.txt|baseline/pgfuzz/ArduPilot/policies/A.FLIP2/envs.txt|baseline/pgfuzz/ArduPilot/policies/A.FLIP3/envs.txt|baseline/pgfuzz/ArduPilot/policies/A.FLIP4/envs.txt|baseline/pgfuzz/ArduPilot/policies/A.GUIDED1/envs.txt|baseline/pgfuzz/ArduPilot/policies/A.LAND1/envs.txt|baseline/pgfuzz/ArduPilot/policies/A.LAND2/envs.txt|baseline/pgfuzz/ArduPilot/policies/A.LOITER1/envs.txt|baseline/pgfuzz/ArduPilot/policies/A.RC.FS1/envs.txt|baseline/pgfuzz/ArduPilot/policies/A.RC.FS2/envs.txt|baseline/pgfuzz/ArduPilot/policies/A.RTL1/envs.txt|baseline/pgfuzz/ArduPilot/policies/A.RTL2/envs.txt|baseline/pgfuzz/ArduPilot/policies/A.RTL3/envs.txt|baseline/pgfuzz/ArduPilot/policies/A.RTL4/envs.txt|baseline/pgfuzz/ArduPilot/policies/A.SPORT1/envs.txt,RENAMED_CURRENT_DEFINITION,SIM_GPS1_LCKTIME,CURATED_INSTANCE1_MIGRATION_MODELLED,current instance-qualified SITL parameter family,当前参数显式区分传感器实例；映射到第一实例有名称和参数族证据，但未发现逐项历史迁移记录。,baseline/ardupilot/libraries/SITL/SIM_GPS.cpp:104,exact_metadata_unique,not_exposed_by_param_metadata_parser,,,UNKNOWN,baseline/ardupilot/libraries/SITL/SIM_GPS.cpp:104,当前目录没有可用默认值证据。,,,,s,,confirmed_by_frozen_runtime_snapshot,observed_in_frozen_runtime_parameter_download,0,quad,ardupilot-copter-m6,NOT_TESTED,,NOT_APPLICABLE,,参数身份和定义位置已找到；这不证明它与该性质存在真实数据依赖，也未执行写入变更测试。,NOT_ASSESSED
ArduPilot,InputE,SIM_GPS_NOISE,18,A.ALT_HOLD1|A.ALT_HOLD2|A.CHUTE1|A.FLIP1|A.FLIP2|A.FLIP3|A.FLIPGeneral|A.GUIDED1|A.LAND1|A.LAND2|A.LOITER1|A.RC.FS1|A.RC.FS2|A.RTL1|A.RTL2|A.RTL3|A.RTL4|A.SPORT1,SIM_GPS_NOISE,baseline/pgfuzz/ArduPilot/policies/A.ALT_HOLD1/envs.txt|baseline/pgfuzz/ArduPilot/policies/A.ALT_HOLD2/envs.txt|baseline/pgfuzz/ArduPilot/policies/A.CHUTE/envs.txt|baseline/pgfuzz/ArduPilot/policies/A.FLIP1/envs.txt|baseline/pgfuzz/ArduPilot/policies/A.FLIP2/envs.txt|baseline/pgfuzz/ArduPilot/policies/A.FLIP3/envs.txt|baseline/pgfuzz/ArduPilot/policies/A.FLIP4/envs.txt|baseline/pgfuzz/ArduPilot/policies/A.GUIDED1/envs.txt|baseline/pgfuzz/ArduPilot/policies/A.LAND1/envs.txt|baseline/pgfuzz/ArduPilot/policies/A.LAND2/envs.txt|baseline/pgfuzz/ArduPilot/policies/A.LOITER1/envs.txt|baseline/pgfuzz/ArduPilot/policies/A.RC.FS1/envs.txt|baseline/pgfuzz/ArduPilot/policies/A.RC.FS2/envs.txt|baseline/pgfuzz/ArduPilot/policies/A.RTL1/envs.txt|baseline/pgfuzz/ArduPilot/policies/A.RTL2/envs.txt|baseline/pgfuzz/ArduPilot/policies/A.RTL3/envs.txt|baseline/pgfuzz/ArduPilot/policies/A.RTL4/envs.txt|baseline/pgfuzz/ArduPilot/policies/A.SPORT1/envs.txt,RENAMED_CURRENT_DEFINITION,SIM_GPS1_NOISE,CURATED_INSTANCE1_MIGRATION_MODELLED,current instance-qualified SITL parameter family,当前参数显式区分传感器实例；映射到第一实例有名称和参数族证据，但未发现逐项历史迁移记录。,baseline/ardupilot/libraries/SITL/SIM_GPS.cpp:97,exact_metadata_unique,not_exposed_by_param_metadata_parser,,,UNKNOWN,baseline/ardupilot/libraries/SITL/SIM_GPS.cpp:97,当前目录没有可用默认值证据。,,,,m,,confirmed_by_frozen_runtime_snapshot,observed_in_frozen_runtime_parameter_download,0.0,quad,ardupilot-copter-m6,NOT_TESTED,,NOT_APPLICABLE,,参数身份和定义位置已找到；这不证明它与该性质存在真实数据依赖，也未执行写入变更测试。,NOT_ASSESSED
ArduPilot,InputE,SIM_GPS_NUMSATS,21,A.ALT_HOLD1|A.ALT_HOLD2|A.CHUTE1|A.DRIFT1|A.FLIP1|A.FLIP2|A.FLIP3|A.FLIPGeneral|A.GPS.FS1|A.GPS.FS2|A.GUIDED1|A.LAND1|A.LAND2|A.LOITER1|A.RC.FS1|A.RC.FS2|A.RTL1|A.RTL2|A.RTL3|A.RTL4|A.SPORT1,SIM_GPS_NUMSATS,baseline/pgfuzz/ArduPilot/policies/A.ALT_HOLD1/envs.txt|baseline/pgfuzz/ArduPilot/policies/A.ALT_HOLD2/envs.txt|baseline/pgfuzz/ArduPilot/policies/A.CHUTE/envs.txt|baseline/pgfuzz/ArduPilot/policies/A.DRIFT1/envs.txt|baseline/pgfuzz/ArduPilot/policies/A.FLIP1/envs.txt|baseline/pgfuzz/ArduPilot/policies/A.FLIP2/envs.txt|baseline/pgfuzz/ArduPilot/policies/A.FLIP3/envs.txt|baseline/pgfuzz/ArduPilot/policies/A.FLIP4/envs.txt|baseline/pgfuzz/ArduPilot/policies/A.GPS.FS1/envs.txt|baseline/pgfuzz/ArduPilot/policies/A.GPS.FS2/envs.txt|baseline/pgfuzz/ArduPilot/policies/A.GUIDED1/envs.txt|baseline/pgfuzz/ArduPilot/policies/A.LAND1/envs.txt|baseline/pgfuzz/ArduPilot/policies/A.LAND2/envs.txt|baseline/pgfuzz/ArduPilot/policies/A.LOITER1/envs.txt|baseline/pgfuzz/ArduPilot/policies/A.RC.FS1/envs.txt|baseline/pgfuzz/ArduPilot/policies/A.RC.FS2/envs.txt|baseline/pgfuzz/ArduPilot/policies/A.RTL1/envs.txt|baseline/pgfuzz/ArduPilot/policies/A.RTL2/envs.txt|baseline/pgfuzz/ArduPilot/policies/A.RTL3/envs.txt|baseline/pgfuzz/ArduPilot/policies/A.RTL4/envs.txt|baseline/pgfuzz/ArduPilot/policies/A.SPORT1/envs.txt,RENAMED_CURRENT_DEFINITION,SIM_GPS1_NUMSATS,CURATED_RENAME_EXACT,baseline/ardupilot/libraries/SITL/SIM_GPS.cpp:65,当前仿真参数显式区分第一 GPS 实例。,baseline/ardupilot/libraries/SITL/SIM_GPS.cpp:65,curated_alias_evidence,not_exposed_by_param_metadata_parser,,,UNKNOWN,baseline/ardupilot/libraries/SITL/SIM_GPS.cpp:65,当前目录没有可用默认值证据。,,,,,,confirmed_by_frozen_runtime_snapshot,observed_in_frozen_runtime_parameter_download,10,quad,ardupilot-copter-m6,NOT_TESTED,,NOT_APPLICABLE,,参数身份和定义位置已找到；这不证明它与该性质存在真实数据依赖，也未执行写入变更测试。,NOT_ASSESSED
ArduPilot,InputE,SIM_GPS_POS_X,22,A.ALT_HOLD1|A.ALT_HOLD2|A.BRAKE1|A.CHUTE1|A.DRIFT1|A.FLIP1|A.FLIP2|A.FLIP3|A.FLIPGeneral|A.GPS.FS1|A.GPS.FS2|A.GUIDED1|A.LAND1|A.LAND2|A.LOITER1|A.RC.FS1|A.RC.FS2|A.RTL1|A.RTL2|A.RTL3|A.RTL4|A.SPORT1,SIM_GPS_POS_X,baseline/pgfuzz/ArduPilot/policies/A.ALT_HOLD1/envs.txt|baseline/pgfuzz/ArduPilot/policies/A.ALT_HOLD2/envs.txt|baseline/pgfuzz/ArduPilot/policies/A.BRAKE1/envs.txt|baseline/pgfuzz/ArduPilot/policies/A.CHUTE/envs.txt|baseline/pgfuzz/ArduPilot/policies/A.DRIFT1/envs.txt|baseline/pgfuzz/ArduPilot/policies/A.FLIP1/envs.txt|baseline/pgfuzz/ArduPilot/policies/A.FLIP2/envs.txt|baseline/pgfuzz/ArduPilot/policies/A.FLIP3/envs.txt|baseline/pgfuzz/ArduPilot/policies/A.FLIP4/envs.txt|baseline/pgfuzz/ArduPilot/policies/A.GPS.FS1/envs.txt|baseline/pgfuzz/ArduPilot/policies/A.GPS.FS2/envs.txt|baseline/pgfuzz/ArduPilot/policies/A.GUIDED1/envs.txt|baseline/pgfuzz/ArduPilot/policies/A.LAND1/envs.txt|baseline/pgfuzz/ArduPilot/policies/A.LAND2/envs.txt|baseline/pgfuzz/ArduPilot/policies/A.LOITER1/envs.txt|baseline/pgfuzz/ArduPilot/policies/A.RC.FS1/envs.txt|baseline/pgfuzz/ArduPilot/policies/A.RC.FS2/envs.txt|baseline/pgfuzz/ArduPilot/policies/A.RTL1/envs.txt|baseline/pgfuzz/ArduPilot/policies/A.RTL2/envs.txt|baseline/pgfuzz/ArduPilot/policies/A.RTL3/envs.txt|baseline/pgfuzz/ArduPilot/policies/A.RTL4/envs.txt|baseline/pgfuzz/ArduPilot/policies/A.SPORT1/envs.txt,RENAMED_CURRENT_DEFINITION,SIM_GPS1_POS_X,CURATED_INSTANCE1_MIGRATION_MODELLED,current instance-qualified SITL parameter family,当前参数显式区分传感器实例；映射到第一实例有名称和参数族证据，但未发现逐项历史迁移记录。,baseline/ardupilot/libraries/AP_RangeFinder/AP_RangeFinder_Params.cpp:159|baseline/ardupilot/libraries/AP_InertialSensor/AP_InertialSensor_Params.cpp:68|baseline/ardupilot/libraries/SITL/SIM_Vicon.cpp:33|baseline/ardupilot/libraries/AP_GPS/AP_GPS_Params.cpp:49,exact_metadata_multiple,not_exposed_by_param_metadata_parser,,,UNKNOWN,baseline/ardupilot/libraries/AP_RangeFinder/AP_RangeFinder_Params.cpp:159|baseline/ardupilot/libraries/AP_InertialSensor/AP_InertialSensor_Params.cpp:68|baseline/ardupilot/libraries/SITL/SIM_Vicon.cpp:33|baseline/ardupilot/libraries/AP_GPS/AP_GPS_Params.cpp:49,当前目录没有可用默认值证据。,,,,m,,confirmed_by_frozen_runtime_snapshot,observed_in_frozen_runtime_parameter_download,0.0,quad,ardupilot-copter-m6,NOT_TESTED,,NOT_APPLICABLE,,参数身份和定义位置已找到；这不证明它与该性质存在真实数据依赖，也未执行写入变更测试。,NOT_ASSESSED
ArduPilot,InputE,SIM_GPS_POS_Y,22,A.ALT_HOLD1|A.ALT_HOLD2|A.BRAKE1|A.CHUTE1|A.DRIFT1|A.FLIP1|A.FLIP2|A.FLIP3|A.FLIPGeneral|A.GPS.FS1|A.GPS.FS2|A.GUIDED1|A.LAND1|A.LAND2|A.LOITER1|A.RC.FS1|A.RC.FS2|A.RTL1|A.RTL2|A.RTL3|A.RTL4|A.SPORT1,SIM_GPS_POS_Y,baseline/pgfuzz/ArduPilot/policies/A.ALT_HOLD1/envs.txt|baseline/pgfuzz/ArduPilot/policies/A.ALT_HOLD2/envs.txt|baseline/pgfuzz/ArduPilot/policies/A.BRAKE1/envs.txt|baseline/pgfuzz/ArduPilot/policies/A.CHUTE/envs.txt|baseline/pgfuzz/ArduPilot/policies/A.DRIFT1/envs.txt|baseline/pgfuzz/ArduPilot/policies/A.FLIP1/envs.txt|baseline/pgfuzz/ArduPilot/policies/A.FLIP2/envs.txt|baseline/pgfuzz/ArduPilot/policies/A.FLIP3/envs.txt|baseline/pgfuzz/ArduPilot/policies/A.FLIP4/envs.txt|baseline/pgfuzz/ArduPilot/policies/A.GPS.FS1/envs.txt|baseline/pgfuzz/ArduPilot/policies/A.GPS.FS2/envs.txt|baseline/pgfuzz/ArduPilot/policies/A.GUIDED1/envs.txt|baseline/pgfuzz/ArduPilot/policies/A.LAND1/envs.txt|baseline/pgfuzz/ArduPilot/policies/A.LAND2/envs.txt|baseline/pgfuzz/ArduPilot/policies/A.LOITER1/envs.txt|baseline/pgfuzz/ArduPilot/policies/A.RC.FS1/envs.txt|baseline/pgfuzz/ArduPilot/policies/A.RC.FS2/envs.txt|baseline/pgfuzz/ArduPilot/policies/A.RTL1/envs.txt|baseline/pgfuzz/ArduPilot/policies/A.RTL2/envs.txt|baseline/pgfuzz/ArduPilot/policies/A.RTL3/envs.txt|baseline/pgfuzz/ArduPilot/policies/A.RTL4/envs.txt|baseline/pgfuzz/ArduPilot/policies/A.SPORT1/envs.txt,RENAMED_CURRENT_DEFINITION,SIM_GPS1_POS_Y,CURATED_INSTANCE1_MIGRATION_MODELLED,current instance-qualified SITL parameter family,当前参数显式区分传感器实例；映射到第一实例有名称和参数族证据，但未发现逐项历史迁移记录。,baseline/ardupilot/libraries/AP_RangeFinder/AP_RangeFinder_Params.cpp:167|baseline/ardupilot/libraries/AP_InertialSensor/AP_InertialSensor_Params.cpp:76|baseline/ardupilot/libraries/SITL/SIM_Vicon.cpp:40|baseline/ardupilot/libraries/AP_GPS/AP_GPS_Params.cpp:57,exact_metadata_multiple,not_exposed_by_param_metadata_parser,,,UNKNOWN,baseline/ardupilot/libraries/AP_RangeFinder/AP_RangeFinder_Params.cpp:167|baseline/ardupilot/libraries/AP_InertialSensor/AP_InertialSensor_Params.cpp:76|baseline/ardupilot/libraries/SITL/SIM_Vicon.cpp:40|baseline/ardupilot/libraries/AP_GPS/AP_GPS_Params.cpp:57,当前目录没有可用默认值证据。,,,,m,,confirmed_by_frozen_runtime_snapshot,observed_in_frozen_runtime_parameter_download,0.0,quad,ardupilot-copter-m6,NOT_TESTED,,NOT_APPLICABLE,,参数身份和定义位置已找到；这不证明它与该性质存在真实数据依赖，也未执行写入变更测试。,NOT_ASSESSED
ArduPilot,InputE,SIM_GPS_POS_Z,18,A.ALT_HOLD1|A.ALT_HOLD2|A.CHUTE1|A.FLIP1|A.FLIP2|A.FLIP3|A.FLIPGeneral|A.GUIDED1|A.LAND1|A.LAND2|A.LOITER1|A.RC.FS1|A.RC.FS2|A.RTL1|A.RTL2|A.RTL3|A.RTL4|A.SPORT1,SIM_GPS_POS_Z,baseline/pgfuzz/ArduPilot/policies/A.ALT_HOLD1/envs.txt|baseline/pgfuzz/ArduPilot/policies/A.ALT_HOLD2/envs.txt|baseline/pgfuzz/ArduPilot/policies/A.CHUTE/envs.txt|baseline/pgfuzz/ArduPilot/policies/A.FLIP1/envs.txt|baseline/pgfuzz/ArduPilot/policies/A.FLIP2/envs.txt|baseline/pgfuzz/ArduPilot/policies/A.FLIP3/envs.txt|baseline/pgfuzz/ArduPilot/policies/A.FLIP4/envs.txt|baseline/pgfuzz/ArduPilot/policies/A.GUIDED1/envs.txt|baseline/pgfuzz/ArduPilot/policies/A.LAND1/envs.txt|baseline/pgfuzz/ArduPilot/policies/A.LAND2/envs.txt|baseline/pgfuzz/ArduPilot/policies/A.LOITER1/envs.txt|baseline/pgfuzz/ArduPilot/policies/A.RC.FS1/envs.txt|baseline/pgfuzz/ArduPilot/policies/A.RC.FS2/envs.txt|baseline/pgfuzz/ArduPilot/policies/A.RTL1/envs.txt|baseline/pgfuzz/ArduPilot/policies/A.RTL2/envs.txt|baseline/pgfuzz/ArduPilot/policies/A.RTL3/envs.txt|baseline/pgfuzz/ArduPilot/policies/A.RTL4/envs.txt|baseline/pgfuzz/ArduPilot/policies/A.SPORT1/envs.txt,RENAMED_CURRENT_DEFINITION,SIM_GPS1_POS_Z,CURATED_INSTANCE1_MIGRATION_MODELLED,current instance-qualified SITL parameter family,当前参数显式区分传感器实例；映射到第一实例有名称和参数族证据，但未发现逐项历史迁移记录。,baseline/ardupilot/libraries/AP_RangeFinder/AP_RangeFinder_Params.cpp:175|baseline/ardupilot/libraries/AP_InertialSensor/AP_InertialSensor_Params.cpp:84|baseline/ardupilot/libraries/SITL/SIM_Vicon.cpp:47|baseline/ardupilot/libraries/AP_GPS/AP_GPS_Params.cpp:65,exact_metadata_multiple,not_exposed_by_param_metadata_parser,,,UNKNOWN,baseline/ardupilot/libraries/AP_RangeFinder/AP_RangeFinder_Params.cpp:175|baseline/ardupilot/libraries/AP_InertialSensor/AP_InertialSensor_Params.cpp:84|baseline/ardupilot/libraries/SITL/SIM_Vicon.cpp:47|baseline/ardupilot/libraries/AP_GPS/AP_GPS_Params.cpp:65,当前目录没有可用默认值证据。,,,,m,,confirmed_by_frozen_runtime_snapshot,observed_in_frozen_runtime_parameter_download,0.0,quad,ardupilot-copter-m6,NOT_TESTED,,NOT_APPLICABLE,,参数身份和定义位置已找到；这不证明它与该性质存在真实数据依赖，也未执行写入变更测试。,NOT_ASSESSED
ArduPilot,InputE,SIM_GPS_TYPE,20,A.ALT_HOLD1|A.ALT_HOLD2|A.AUTO1|A.CHUTE1|A.CIRCLE7|A.FLIP1|A.FLIP2|A.FLIP3|A.FLIPGeneral|A.GUIDED1|A.LAND1|A.LAND2|A.LOITER1|A.RC.FS1|A.RC.FS2|A.RTL1|A.RTL2|A.RTL3|A.RTL4|A.SPORT1,SIM_GPS_TYPE,baseline/pgfuzz/ArduPilot/policies/A.ALT_HOLD1/envs.txt|baseline/pgfuzz/ArduPilot/policies/A.ALT_HOLD2/envs.txt|baseline/pgfuzz/ArduPilot/policies/A.AUTO1/envs.txt|baseline/pgfuzz/ArduPilot/policies/A.CHUTE/envs.txt|baseline/pgfuzz/ArduPilot/policies/A.CIRCLE7/envs.txt|baseline/pgfuzz/ArduPilot/policies/A.FLIP1/envs.txt|baseline/pgfuzz/ArduPilot/policies/A.FLIP2/envs.txt|baseline/pgfuzz/ArduPilot/policies/A.FLIP3/envs.txt|baseline/pgfuzz/ArduPilot/policies/A.FLIP4/envs.txt|baseline/pgfuzz/ArduPilot/policies/A.GUIDED1/envs.txt|baseline/pgfuzz/ArduPilot/policies/A.LAND1/envs.txt|baseline/pgfuzz/ArduPilot/policies/A.LAND2/envs.txt|baseline/pgfuzz/ArduPilot/policies/A.LOITER1/envs.txt|baseline/pgfuzz/ArduPilot/policies/A.RC.FS1/envs.txt|baseline/pgfuzz/ArduPilot/policies/A.RC.FS2/envs.txt|baseline/pgfuzz/ArduPilot/policies/A.RTL1/envs.txt|baseline/pgfuzz/ArduPilot/policies/A.RTL2/envs.txt|baseline/pgfuzz/ArduPilot/policies/A.RTL3/envs.txt|baseline/pgfuzz/ArduPilot/policies/A.RTL4/envs.txt|baseline/pgfuzz/ArduPilot/policies/A.SPORT1/envs.txt,RENAMED_CURRENT_DEFINITION,SIM_GPS1_TYPE,CURATED_INSTANCE1_MIGRATION_MODELLED,current instance-qualified SITL parameter family,当前参数显式区分传感器实例；映射到第一实例有名称和参数族证据，但未发现逐项历史迁移记录。,baseline/ardupilot/libraries/SITL/SIM_GPS.cpp:51,exact_metadata_unique,not_exposed_by_param_metadata_parser,,,UNKNOWN,baseline/ardupilot/libraries/SITL/SIM_GPS.cpp:51,当前目录没有可用默认值证据。,,,,,,confirmed_by_frozen_runtime_snapshot,observed_in_frozen_runtime_parameter_download,1,quad,ardupilot-copter-m6,NOT_TESTED,,NOT_APPLICABLE,,参数身份和定义位置已找到；这不证明它与该性质存在真实数据依赖，也未执行写入变更测试。,NOT_ASSESSED
ArduPilot,InputE,SIM_GRPE_ENABLE,20,A.ALT_HOLD1|A.ALT_HOLD2|A.AUTO1|A.CHUTE1|A.CIRCLE7|A.FLIP1|A.FLIP2|A.FLIP3|A.FLIPGeneral|A.GUIDED1|A.LAND1|A.LAND2|A.LOITER1|A.RC.FS1|A.RC.FS2|A.RTL1|A.RTL2|A.RTL3|A.RTL4|A.SPORT1,SIM_GRPE_ENABLE,baseline/pgfuzz/ArduPilot/policies/A.ALT_HOLD1/envs.txt|baseline/pgfuzz/ArduPilot/policies/A.ALT_HOLD2/envs.txt|baseline/pgfuzz/ArduPilot/policies/A.AUTO1/envs.txt|baseline/pgfuzz/ArduPilot/policies/A.CHUTE/envs.txt|baseline/pgfuzz/ArduPilot/policies/A.CIRCLE7/envs.txt|baseline/pgfuzz/ArduPilot/policies/A.FLIP1/envs.txt|baseline/pgfuzz/ArduPilot/policies/A.FLIP2/envs.txt|baseline/pgfuzz/ArduPilot/policies/A.FLIP3/envs.txt|baseline/pgfuzz/ArduPilot/policies/A.FLIP4/envs.txt|baseline/pgfuzz/ArduPilot/policies/A.GUIDED1/envs.txt|baseline/pgfuzz/ArduPilot/policies/A.LAND1/envs.txt|baseline/pgfuzz/ArduPilot/policies/A.LAND2/envs.txt|baseline/pgfuzz/ArduPilot/policies/A.LOITER1/envs.txt|baseline/pgfuzz/ArduPilot/policies/A.RC.FS1/envs.txt|baseline/pgfuzz/ArduPilot/policies/A.RC.FS2/envs.txt|baseline/pgfuzz/ArduPilot/policies/A.RTL1/envs.txt|baseline/pgfuzz/ArduPilot/policies/A.RTL2/envs.txt|baseline/pgfuzz/ArduPilot/policies/A.RTL3/envs.txt|baseline/pgfuzz/ArduPilot/policies/A.RTL4/envs.txt|baseline/pgfuzz/ArduPilot/policies/A.SPORT1/envs.txt,EXACT_CURRENT_DEFINITION,SIM_GRPE_ENABLE,EXACT_NAME_DEFINITION,,,baseline/ardupilot/libraries/SITL/SIM_Gripper_EPM.cpp:31|baseline/ardupilot/libraries/SITL/SIM_Gripper_Servo.cpp:31,exact_metadata_multiple,not_exposed_by_param_metadata_parser,,,UNKNOWN,baseline/ardupilot/libraries/SITL/SIM_Gripper_EPM.cpp:31|baseline/ardupilot/libraries/SITL/SIM_Gripper_Servo.cpp:31,当前目录没有可用默认值证据。,,,,,,confirmed_by_frozen_runtime_snapshot,observed_in_frozen_runtime_parameter_download,0,quad,ardupilot-copter-m6,NOT_TESTED,,NOT_APPLICABLE,,参数身份和定义位置已找到；这不证明它与该性质存在真实数据依赖，也未执行写入变更测试。,NOT_ASSESSED
ArduPilot,InputE,SIM_GRPE_PIN,20,A.ALT_HOLD1|A.ALT_HOLD2|A.AUTO1|A.CHUTE1|A.CIRCLE7|A.FLIP1|A.FLIP2|A.FLIP3|A.FLIPGeneral|A.GUIDED1|A.LAND1|A.LAND2|A.LOITER1|A.RC.FS1|A.RC.FS2|A.RTL1|A.RTL2|A.RTL3|A.RTL4|A.SPORT1,SIM_GRPE_PIN,baseline/pgfuzz/ArduPilot/policies/A.ALT_HOLD1/envs.txt|baseline/pgfuzz/ArduPilot/policies/A.ALT_HOLD2/envs.txt|baseline/pgfuzz/ArduPilot/policies/A.AUTO1/envs.txt|baseline/pgfuzz/ArduPilot/policies/A.CHUTE/envs.txt|baseline/pgfuzz/ArduPilot/policies/A.CIRCLE7/envs.txt|baseline/pgfuzz/ArduPilot/policies/A.FLIP1/envs.txt|baseline/pgfuzz/ArduPilot/policies/A.FLIP2/envs.txt|baseline/pgfuzz/ArduPilot/policies/A.FLIP3/envs.txt|baseline/pgfuzz/ArduPilot/policies/A.FLIP4/envs.txt|baseline/pgfuzz/ArduPilot/policies/A.GUIDED1/envs.txt|baseline/pgfuzz/ArduPilot/policies/A.LAND1/envs.txt|baseline/pgfuzz/ArduPilot/policies/A.LAND2/envs.txt|baseline/pgfuzz/ArduPilot/policies/A.LOITER1/envs.txt|baseline/pgfuzz/ArduPilot/policies/A.RC.FS1/envs.txt|baseline/pgfuzz/ArduPilot/policies/A.RC.FS2/envs.txt|baseline/pgfuzz/ArduPilot/policies/A.RTL1/envs.txt|baseline/pgfuzz/ArduPilot/policies/A.RTL2/envs.txt|baseline/pgfuzz/ArduPilot/policies/A.RTL3/envs.txt|baseline/pgfuzz/ArduPilot/policies/A.RTL4/envs.txt|baseline/pgfuzz/ArduPilot/policies/A.SPORT1/envs.txt,EXACT_CURRENT_DEFINITION,SIM_GRPE_PIN,EXACT_NAME_DEFINITION,,,baseline/ardupilot/libraries/SITL/SIM_Gripper_EPM.cpp:38,exact_metadata_unique,not_exposed_by_param_metadata_parser,,,UNKNOWN,baseline/ardupilot/libraries/SITL/SIM_Gripper_EPM.cpp:38,当前目录没有可用默认值证据。,0,15,,,,confirmed_by_frozen_runtime_snapshot,observed_in_frozen_runtime_parameter_download,-1,quad,ardupilot-copter-m6,NOT_TESTED,,NOT_APPLICABLE,,参数身份和定义位置已找到；这不证明它与该性质存在真实数据依赖，也未执行写入变更测试。,NOT_ASSESSED
ArduPilot,InputE,SIM_GRPS_ENABLE,9,A.ALT_HOLD2|A.AUTO1|A.CIRCLE7|A.FLIP1|A.FLIP2|A.FLIP3|A.FLIPGeneral|A.RC.FS1|A.RC.FS2,SIM_GRPS_ENABLE,baseline/pgfuzz/ArduPilot/policies/A.ALT_HOLD2/envs.txt|baseline/pgfuzz/ArduPilot/policies/A.AUTO1/envs.txt|baseline/pgfuzz/ArduPilot/policies/A.CIRCLE7/envs.txt|baseline/pgfuzz/ArduPilot/policies/A.FLIP1/envs.txt|baseline/pgfuzz/ArduPilot/policies/A.FLIP2/envs.txt|baseline/pgfuzz/ArduPilot/policies/A.FLIP3/envs.txt|baseline/pgfuzz/ArduPilot/policies/A.FLIP4/envs.txt|baseline/pgfuzz/ArduPilot/policies/A.RC.FS1/envs.txt|baseline/pgfuzz/ArduPilot/policies/A.RC.FS2/envs.txt,EXACT_CURRENT_DEFINITION,SIM_GRPS_ENABLE,EXACT_NAME_DEFINITION,,,baseline/ardupilot/libraries/SITL/SIM_Gripper_EPM.cpp:31|baseline/ardupilot/libraries/SITL/SIM_Gripper_Servo.cpp:31,exact_metadata_multiple,not_exposed_by_param_metadata_parser,,,UNKNOWN,baseline/ardupilot/libraries/SITL/SIM_Gripper_EPM.cpp:31|baseline/ardupilot/libraries/SITL/SIM_Gripper_Servo.cpp:31,当前目录没有可用默认值证据。,,,,,,confirmed_by_frozen_runtime_snapshot,observed_in_frozen_runtime_parameter_download,0,quad,ardupilot-copter-m6,NOT_TESTED,,NOT_APPLICABLE,,参数身份和定义位置已找到；这不证明它与该性质存在真实数据依赖，也未执行写入变更测试。,NOT_ASSESSED
ArduPilot,InputE,SIM_GYR_RND,17,A.AUTO1|A.BRAKE1|A.CIRCLE1|A.CIRCLE2|A.CIRCLE3|A.CIRCLE4|A.CIRCLE5|A.CIRCLE6|A.CIRCLE7|A.FLIP1|A.FLIP2|A.FLIP3|A.FLIPGeneral|A.GUIDED1|A.LOITER1|A.RTL2|A.RTL3,SIM_GYR_RND,baseline/pgfuzz/ArduPilot/policies/A.AUTO1/envs.txt|baseline/pgfuzz/ArduPilot/policies/A.BRAKE1/envs.txt|baseline/pgfuzz/ArduPilot/policies/A.CIRCLE1/envs.txt|baseline/pgfuzz/ArduPilot/policies/A.CIRCLE2/envs.txt|baseline/pgfuzz/ArduPilot/policies/A.CIRCLE3/envs.txt|baseline/pgfuzz/ArduPilot/policies/A.CIRCLE4_6/envs.txt|baseline/pgfuzz/ArduPilot/policies/A.CIRCLE7/envs.txt|baseline/pgfuzz/ArduPilot/policies/A.FLIP1/envs.txt|baseline/pgfuzz/ArduPilot/policies/A.FLIP2/envs.txt|baseline/pgfuzz/ArduPilot/policies/A.FLIP3/envs.txt|baseline/pgfuzz/ArduPilot/policies/A.FLIP4/envs.txt|baseline/pgfuzz/ArduPilot/policies/A.GUIDED1/envs.txt|baseline/pgfuzz/ArduPilot/policies/A.LOITER1/envs.txt|baseline/pgfuzz/ArduPilot/policies/A.RTL2/envs.txt|baseline/pgfuzz/ArduPilot/policies/A.RTL3/envs.txt,RENAMED_CURRENT_DEFINITION,SIM_GYR1_RND,CURATED_INSTANCE1_MIGRATION_MODELLED,current instance-qualified SITL parameter family,当前参数显式区分传感器实例；映射到第一实例有名称和参数族证据，但未发现逐项历史迁移记录。,baseline/ardupilot/libraries/SITL/SITL.cpp:1020,exact_metadata_unique,not_exposed_by_param_metadata_parser,,,UNKNOWN,baseline/ardupilot/libraries/SITL/SITL.cpp:1020,当前目录没有可用默认值证据。,,,,,,confirmed_by_frozen_runtime_snapshot,observed_in_frozen_runtime_parameter_download,0.0,quad,ardupilot-copter-m6,NOT_TESTED,,NOT_APPLICABLE,,参数身份和定义位置已找到；这不证明它与该性质存在真实数据依赖，也未执行写入变更测试。,NOT_ASSESSED
ArduPilot,InputE,SIM_GYR_SCALE_X,19,A.ALT_HOLD1|A.ALT_HOLD2|A.BRAKE1|A.CHUTE1|A.FLIP1|A.FLIP2|A.FLIP3|A.FLIPGeneral|A.GUIDED1|A.LAND1|A.LAND2|A.LOITER1|A.RC.FS1|A.RC.FS2|A.RTL1|A.RTL2|A.RTL3|A.RTL4|A.SPORT1,SIM_GYR_SCALE_X,baseline/pgfuzz/ArduPilot/policies/A.ALT_HOLD1/envs.txt|baseline/pgfuzz/ArduPilot/policies/A.ALT_HOLD2/envs.txt|baseline/pgfuzz/ArduPilot/policies/A.BRAKE1/envs.txt|baseline/pgfuzz/ArduPilot/policies/A.CHUTE/envs.txt|baseline/pgfuzz/ArduPilot/policies/A.FLIP1/envs.txt|baseline/pgfuzz/ArduPilot/policies/A.FLIP2/envs.txt|baseline/pgfuzz/ArduPilot/policies/A.FLIP3/envs.txt|baseline/pgfuzz/ArduPilot/policies/A.FLIP4/envs.txt|baseline/pgfuzz/ArduPilot/policies/A.GUIDED1/envs.txt|baseline/pgfuzz/ArduPilot/policies/A.LAND1/envs.txt|baseline/pgfuzz/ArduPilot/policies/A.LAND2/envs.txt|baseline/pgfuzz/ArduPilot/policies/A.LOITER1/envs.txt|baseline/pgfuzz/ArduPilot/policies/A.RC.FS1/envs.txt|baseline/pgfuzz/ArduPilot/policies/A.RC.FS2/envs.txt|baseline/pgfuzz/ArduPilot/policies/A.RTL1/envs.txt|baseline/pgfuzz/ArduPilot/policies/A.RTL2/envs.txt|baseline/pgfuzz/ArduPilot/policies/A.RTL3/envs.txt|baseline/pgfuzz/ArduPilot/policies/A.RTL4/envs.txt|baseline/pgfuzz/ArduPilot/policies/A.SPORT1/envs.txt,RENAMED_CURRENT_DEFINITION,SIM_GYR1_SCALE_X,CURATED_INSTANCE1_MIGRATION_MODELLED,current instance-qualified SITL parameter family,当前参数显式区分传感器实例；映射到第一实例有名称和参数族证据，但未发现逐项历史迁移记录。,,unresolved,not_exposed_by_param_metadata_parser,,,UNKNOWN,,当前目录没有可用默认值证据。,,,,,,confirmed_by_frozen_runtime_snapshot,observed_in_frozen_runtime_parameter_download,0.0,quad,ardupilot-copter-m6,NOT_TESTED,,NOT_APPLICABLE,,参数身份和定义位置已找到；这不证明它与该性质存在真实数据依赖，也未执行写入变更测试。,NOT_ASSESSED
ArduPilot,InputE,SIM_GYR_SCALE_Y,19,A.ALT_HOLD1|A.ALT_HOLD2|A.BRAKE1|A.CHUTE1|A.FLIP1|A.FLIP2|A.FLIP3|A.FLIPGeneral|A.GUIDED1|A.LAND1|A.LAND2|A.LOITER1|A.RC.FS1|A.RC.FS2|A.RTL1|A.RTL2|A.RTL3|A.RTL4|A.SPORT1,SIM_GYR_SCALE_Y,baseline/pgfuzz/ArduPilot/policies/A.ALT_HOLD1/envs.txt|baseline/pgfuzz/ArduPilot/policies/A.ALT_HOLD2/envs.txt|baseline/pgfuzz/ArduPilot/policies/A.BRAKE1/envs.txt|baseline/pgfuzz/ArduPilot/policies/A.CHUTE/envs.txt|baseline/pgfuzz/ArduPilot/policies/A.FLIP1/envs.txt|baseline/pgfuzz/ArduPilot/policies/A.FLIP2/envs.txt|baseline/pgfuzz/ArduPilot/policies/A.FLIP3/envs.txt|baseline/pgfuzz/ArduPilot/policies/A.FLIP4/envs.txt|baseline/pgfuzz/ArduPilot/policies/A.GUIDED1/envs.txt|baseline/pgfuzz/ArduPilot/policies/A.LAND1/envs.txt|baseline/pgfuzz/ArduPilot/policies/A.LAND2/envs.txt|baseline/pgfuzz/ArduPilot/policies/A.LOITER1/envs.txt|baseline/pgfuzz/ArduPilot/policies/A.RC.FS1/envs.txt|baseline/pgfuzz/ArduPilot/policies/A.RC.FS2/envs.txt|baseline/pgfuzz/ArduPilot/policies/A.RTL1/envs.txt|baseline/pgfuzz/ArduPilot/policies/A.RTL2/envs.txt|baseline/pgfuzz/ArduPilot/policies/A.RTL3/envs.txt|baseline/pgfuzz/ArduPilot/policies/A.RTL4/envs.txt|baseline/pgfuzz/ArduPilot/policies/A.SPORT1/envs.txt,RENAMED_CURRENT_DEFINITION,SIM_GYR1_SCALE_Y,CURATED_INSTANCE1_MIGRATION_MODELLED,current instance-qualified SITL parameter family,当前参数显式区分传感器实例；映射到第一实例有名称和参数族证据，但未发现逐项历史迁移记录。,,unresolved,not_exposed_by_param_metadata_parser,,,UNKNOWN,,当前目录没有可用默认值证据。,,,,,,confirmed_by_frozen_runtime_snapshot,observed_in_frozen_runtime_parameter_download,0.0,quad,ardupilot-copter-m6,NOT_TESTED,,NOT_APPLICABLE,,参数身份和定义位置已找到；这不证明它与该性质存在真实数据依赖，也未执行写入变更测试。,NOT_ASSESSED
ArduPilot,InputE,SIM_GYR_SCALE_Z,19,A.ALT_HOLD1|A.ALT_HOLD2|A.BRAKE1|A.CHUTE1|A.FLIP1|A.FLIP2|A.FLIP3|A.FLIPGeneral|A.GUIDED1|A.LAND1|A.LAND2|A.LOITER1|A.RC.FS1|A.RC.FS2|A.RTL1|A.RTL2|A.RTL3|A.RTL4|A.SPORT1,SIM_GYR_SCALE_Z,baseline/pgfuzz/ArduPilot/policies/A.ALT_HOLD1/envs.txt|baseline/pgfuzz/ArduPilot/policies/A.ALT_HOLD2/envs.txt|baseline/pgfuzz/ArduPilot/policies/A.BRAKE1/envs.txt|baseline/pgfuzz/ArduPilot/policies/A.CHUTE/envs.txt|baseline/pgfuzz/ArduPilot/policies/A.FLIP1/envs.txt|baseline/pgfuzz/ArduPilot/policies/A.FLIP2/envs.txt|baseline/pgfuzz/ArduPilot/policies/A.FLIP3/envs.txt|baseline/pgfuzz/ArduPilot/policies/A.FLIP4/envs.txt|baseline/pgfuzz/ArduPilot/policies/A.GUIDED1/envs.txt|baseline/pgfuzz/ArduPilot/policies/A.LAND1/envs.txt|baseline/pgfuzz/ArduPilot/policies/A.LAND2/envs.txt|baseline/pgfuzz/ArduPilot/policies/A.LOITER1/envs.txt|baseline/pgfuzz/ArduPilot/policies/A.RC.FS1/envs.txt|baseline/pgfuzz/ArduPilot/policies/A.RC.FS2/envs.txt|baseline/pgfuzz/ArduPilot/policies/A.RTL1/envs.txt|baseline/pgfuzz/ArduPilot/policies/A.RTL2/envs.txt|baseline/pgfuzz/ArduPilot/policies/A.RTL3/envs.txt|baseline/pgfuzz/ArduPilot/policies/A.RTL4/envs.txt|baseline/pgfuzz/ArduPilot/policies/A.SPORT1/envs.txt,RENAMED_CURRENT_DEFINITION,SIM_GYR1_SCALE_Z,CURATED_INSTANCE1_MIGRATION_MODELLED,current instance-qualified SITL parameter family,当前参数显式区分传感器实例；映射到第一实例有名称和参数族证据，但未发现逐项历史迁移记录。,,unresolved,not_exposed_by_param_metadata_parser,,,UNKNOWN,,当前目录没有可用默认值证据。,,,,,,confirmed_by_frozen_runtime_snapshot,observed_in_frozen_runtime_parameter_download,0.0,quad,ardupilot-copter-m6,NOT_TESTED,,NOT_APPLICABLE,,参数身份和定义位置已找到；这不证明它与该性质存在真实数据依赖，也未执行写入变更测试。,NOT_ASSESSED
ArduPilot,InputE,SIM_IMU_POS_X,27,A.ALT_HOLD1|A.ALT_HOLD2|A.AUTO1|A.BRAKE1|A.CHUTE1|A.CIRCLE1|A.CIRCLE2|A.CIRCLE3|A.CIRCLE4|A.CIRCLE5|A.CIRCLE6|A.CIRCLE7|A.FLIP1|A.FLIP2|A.FLIP3|A.FLIPGeneral|A.GUIDED1|A.LAND1|A.LAND2|A.LOITER1|A.RC.FS1|A.RC.FS2|A.RTL1|A.RTL2|A.RTL3|A.RTL4|A.SPORT1,SIM_IMU_POS_X,baseline/pgfuzz/ArduPilot/policies/A.ALT_HOLD1/envs.txt|baseline/pgfuzz/ArduPilot/policies/A.ALT_HOLD2/envs.txt|baseline/pgfuzz/ArduPilot/policies/A.AUTO1/envs.txt|baseline/pgfuzz/ArduPilot/policies/A.BRAKE1/envs.txt|baseline/pgfuzz/ArduPilot/policies/A.CHUTE/envs.txt|baseline/pgfuzz/ArduPilot/policies/A.CIRCLE1/envs.txt|baseline/pgfuzz/ArduPilot/policies/A.CIRCLE2/envs.txt|baseline/pgfuzz/ArduPilot/policies/A.CIRCLE3/envs.txt|baseline/pgfuzz/ArduPilot/policies/A.CIRCLE4_6/envs.txt|baseline/pgfuzz/ArduPilot/policies/A.CIRCLE7/envs.txt|baseline/pgfuzz/ArduPilot/policies/A.FLIP1/envs.txt|baseline/pgfuzz/ArduPilot/policies/A.FLIP2/envs.txt|baseline/pgfuzz/ArduPilot/policies/A.FLIP3/envs.txt|baseline/pgfuzz/ArduPilot/policies/A.FLIP4/envs.txt|baseline/pgfuzz/ArduPilot/policies/A.GUIDED1/envs.txt|baseline/pgfuzz/ArduPilot/policies/A.LAND1/envs.txt|baseline/pgfuzz/ArduPilot/policies/A.LAND2/envs.txt|baseline/pgfuzz/ArduPilot/policies/A.LOITER1/envs.txt|baseline/pgfuzz/ArduPilot/policies/A.RC.FS1/envs.txt|baseline/pgfuzz/ArduPilot/policies/A.RC.FS2/envs.txt|baseline/pgfuzz/ArduPilot/policies/A.RTL1/envs.txt|baseline/pgfuzz/ArduPilot/policies/A.RTL2/envs.txt|baseline/pgfuzz/ArduPilot/policies/A.RTL3/envs.txt|baseline/pgfuzz/ArduPilot/policies/A.RTL4/envs.txt|baseline/pgfuzz/ArduPilot/policies/A.SPORT1/envs.txt,EXACT_CURRENT_DEFINITION,SIM_IMU_POS_X,EXACT_NAME_DEFINITION,,,baseline/ardupilot/libraries/AP_RangeFinder/AP_RangeFinder_Params.cpp:159|baseline/ardupilot/libraries/AP_InertialSensor/AP_InertialSensor_Params.cpp:68|baseline/ardupilot/libraries/SITL/SIM_Vicon.cpp:33|baseline/ardupilot/libraries/AP_GPS/AP_GPS_Params.cpp:49,exact_metadata_multiple,not_exposed_by_param_metadata_parser,,,UNKNOWN,baseline/ardupilot/libraries/AP_RangeFinder/AP_RangeFinder_Params.cpp:159|baseline/ardupilot/libraries/AP_InertialSensor/AP_InertialSensor_Params.cpp:68|baseline/ardupilot/libraries/SITL/SIM_Vicon.cpp:33|baseline/ardupilot/libraries/AP_GPS/AP_GPS_Params.cpp:49,当前目录没有可用默认值证据。,,,,m,,confirmed_by_frozen_runtime_snapshot,observed_in_frozen_runtime_parameter_download,0.0,quad,ardupilot-copter-m6,NOT_TESTED,,NOT_APPLICABLE,,参数身份和定义位置已找到；这不证明它与该性质存在真实数据依赖，也未执行写入变更测试。,NOT_ASSESSED
ArduPilot,InputE,SIM_IMU_POS_Y,27,A.ALT_HOLD1|A.ALT_HOLD2|A.AUTO1|A.BRAKE1|A.CHUTE1|A.CIRCLE1|A.CIRCLE2|A.CIRCLE3|A.CIRCLE4|A.CIRCLE5|A.CIRCLE6|A.CIRCLE7|A.FLIP1|A.FLIP2|A.FLIP3|A.FLIPGeneral|A.GUIDED1|A.LAND1|A.LAND2|A.LOITER1|A.RC.FS1|A.RC.FS2|A.RTL1|A.RTL2|A.RTL3|A.RTL4|A.SPORT1,SIM_IMU_POS_Y,baseline/pgfuzz/ArduPilot/policies/A.ALT_HOLD1/envs.txt|baseline/pgfuzz/ArduPilot/policies/A.ALT_HOLD2/envs.txt|baseline/pgfuzz/ArduPilot/policies/A.AUTO1/envs.txt|baseline/pgfuzz/ArduPilot/policies/A.BRAKE1/envs.txt|baseline/pgfuzz/ArduPilot/policies/A.CHUTE/envs.txt|baseline/pgfuzz/ArduPilot/policies/A.CIRCLE1/envs.txt|baseline/pgfuzz/ArduPilot/policies/A.CIRCLE2/envs.txt|baseline/pgfuzz/ArduPilot/policies/A.CIRCLE3/envs.txt|baseline/pgfuzz/ArduPilot/policies/A.CIRCLE4_6/envs.txt|baseline/pgfuzz/ArduPilot/policies/A.CIRCLE7/envs.txt|baseline/pgfuzz/ArduPilot/policies/A.FLIP1/envs.txt|baseline/pgfuzz/ArduPilot/policies/A.FLIP2/envs.txt|baseline/pgfuzz/ArduPilot/policies/A.FLIP3/envs.txt|baseline/pgfuzz/ArduPilot/policies/A.FLIP4/envs.txt|baseline/pgfuzz/ArduPilot/policies/A.GUIDED1/envs.txt|baseline/pgfuzz/ArduPilot/policies/A.LAND1/envs.txt|baseline/pgfuzz/ArduPilot/policies/A.LAND2/envs.txt|baseline/pgfuzz/ArduPilot/policies/A.LOITER1/envs.txt|baseline/pgfuzz/ArduPilot/policies/A.RC.FS1/envs.txt|baseline/pgfuzz/ArduPilot/policies/A.RC.FS2/envs.txt|baseline/pgfuzz/ArduPilot/policies/A.RTL1/envs.txt|baseline/pgfuzz/ArduPilot/policies/A.RTL2/envs.txt|baseline/pgfuzz/ArduPilot/policies/A.RTL3/envs.txt|baseline/pgfuzz/ArduPilot/policies/A.RTL4/envs.txt|baseline/pgfuzz/ArduPilot/policies/A.SPORT1/envs.txt,EXACT_CURRENT_DEFINITION,SIM_IMU_POS_Y,EXACT_NAME_DEFINITION,,,baseline/ardupilot/libraries/AP_RangeFinder/AP_RangeFinder_Params.cpp:167|baseline/ardupilot/libraries/AP_InertialSensor/AP_InertialSensor_Params.cpp:76|baseline/ardupilot/libraries/SITL/SIM_Vicon.cpp:40|baseline/ardupilot/libraries/AP_GPS/AP_GPS_Params.cpp:57,exact_metadata_multiple,not_exposed_by_param_metadata_parser,,,UNKNOWN,baseline/ardupilot/libraries/AP_RangeFinder/AP_RangeFinder_Params.cpp:167|baseline/ardupilot/libraries/AP_InertialSensor/AP_InertialSensor_Params.cpp:76|baseline/ardupilot/libraries/SITL/SIM_Vicon.cpp:40|baseline/ardupilot/libraries/AP_GPS/AP_GPS_Params.cpp:57,当前目录没有可用默认值证据。,,,,m,,confirmed_by_frozen_runtime_snapshot,observed_in_frozen_runtime_parameter_download,0.0,quad,ardupilot-copter-m6,NOT_TESTED,,NOT_APPLICABLE,,参数身份和定义位置已找到；这不证明它与该性质存在真实数据依赖，也未执行写入变更测试。,NOT_ASSESSED
ArduPilot,InputE,SIM_IMU_POS_Z,27,A.ALT_HOLD1|A.ALT_HOLD2|A.AUTO1|A.BRAKE1|A.CHUTE1|A.CIRCLE1|A.CIRCLE2|A.CIRCLE3|A.CIRCLE4|A.CIRCLE5|A.CIRCLE6|A.CIRCLE7|A.FLIP1|A.FLIP2|A.FLIP3|A.FLIPGeneral|A.GUIDED1|A.LAND1|A.LAND2|A.LOITER1|A.RC.FS1|A.RC.FS2|A.RTL1|A.RTL2|A.RTL3|A.RTL4|A.SPORT1,SIM_IMU_POS_Z,baseline/pgfuzz/ArduPilot/policies/A.ALT_HOLD1/envs.txt|baseline/pgfuzz/ArduPilot/policies/A.ALT_HOLD2/envs.txt|baseline/pgfuzz/ArduPilot/policies/A.AUTO1/envs.txt|baseline/pgfuzz/ArduPilot/policies/A.BRAKE1/envs.txt|baseline/pgfuzz/ArduPilot/policies/A.CHUTE/envs.txt|baseline/pgfuzz/ArduPilot/policies/A.CIRCLE1/envs.txt|baseline/pgfuzz/ArduPilot/policies/A.CIRCLE2/envs.txt|baseline/pgfuzz/ArduPilot/policies/A.CIRCLE3/envs.txt|baseline/pgfuzz/ArduPilot/policies/A.CIRCLE4_6/envs.txt|baseline/pgfuzz/ArduPilot/policies/A.CIRCLE7/envs.txt|baseline/pgfuzz/ArduPilot/policies/A.FLIP1/envs.txt|baseline/pgfuzz/ArduPilot/policies/A.FLIP2/envs.txt|baseline/pgfuzz/ArduPilot/policies/A.FLIP3/envs.txt|baseline/pgfuzz/ArduPilot/policies/A.FLIP4/envs.txt|baseline/pgfuzz/ArduPilot/policies/A.GUIDED1/envs.txt|baseline/pgfuzz/ArduPilot/policies/A.LAND1/envs.txt|baseline/pgfuzz/ArduPilot/policies/A.LAND2/envs.txt|baseline/pgfuzz/ArduPilot/policies/A.LOITER1/envs.txt|baseline/pgfuzz/ArduPilot/policies/A.RC.FS1/envs.txt|baseline/pgfuzz/ArduPilot/policies/A.RC.FS2/envs.txt|baseline/pgfuzz/ArduPilot/policies/A.RTL1/envs.txt|baseline/pgfuzz/ArduPilot/policies/A.RTL2/envs.txt|baseline/pgfuzz/ArduPilot/policies/A.RTL3/envs.txt|baseline/pgfuzz/ArduPilot/policies/A.RTL4/envs.txt|baseline/pgfuzz/ArduPilot/policies/A.SPORT1/envs.txt,EXACT_CURRENT_DEFINITION,SIM_IMU_POS_Z,EXACT_NAME_DEFINITION,,,baseline/ardupilot/libraries/AP_RangeFinder/AP_RangeFinder_Params.cpp:175|baseline/ardupilot/libraries/AP_InertialSensor/AP_InertialSensor_Params.cpp:84|baseline/ardupilot/libraries/SITL/SIM_Vicon.cpp:47|baseline/ardupilot/libraries/AP_GPS/AP_GPS_Params.cpp:65,exact_metadata_multiple,not_exposed_by_param_metadata_parser,,,UNKNOWN,baseline/ardupilot/libraries/AP_RangeFinder/AP_RangeFinder_Params.cpp:175|baseline/ardupilot/libraries/AP_InertialSensor/AP_InertialSensor_Params.cpp:84|baseline/ardupilot/libraries/SITL/SIM_Vicon.cpp:47|baseline/ardupilot/libraries/AP_GPS/AP_GPS_Params.cpp:65,当前目录没有可用默认值证据。,,,,m,,confirmed_by_frozen_runtime_snapshot,observed_in_frozen_runtime_parameter_download,0.0,quad,ardupilot-copter-m6,NOT_TESTED,,NOT_APPLICABLE,,参数身份和定义位置已找到；这不证明它与该性质存在真实数据依赖，也未执行写入变更测试。,NOT_ASSESSED
ArduPilot,InputE,SIM_LOOP_DELAY,21,A.ALT_HOLD1|A.ALT_HOLD2|A.AUTO1|A.BRAKE1|A.CHUTE1|A.CIRCLE7|A.FLIP1|A.FLIP2|A.FLIP3|A.FLIPGeneral|A.GUIDED1|A.LAND1|A.LAND2|A.LOITER1|A.RC.FS1|A.RC.FS2|A.RTL1|A.RTL2|A.RTL3|A.RTL4|A.SPORT1,SIM_LOOP_DELAY,baseline/pgfuzz/ArduPilot/policies/A.ALT_HOLD1/envs.txt|baseline/pgfuzz/ArduPilot/policies/A.ALT_HOLD2/envs.txt|baseline/pgfuzz/ArduPilot/policies/A.AUTO1/envs.txt|baseline/pgfuzz/ArduPilot/policies/A.BRAKE1/envs.txt|baseline/pgfuzz/ArduPilot/policies/A.CHUTE/envs.txt|baseline/pgfuzz/ArduPilot/policies/A.CIRCLE7/envs.txt|baseline/pgfuzz/ArduPilot/policies/A.FLIP1/envs.txt|baseline/pgfuzz/ArduPilot/policies/A.FLIP2/envs.txt|baseline/pgfuzz/ArduPilot/policies/A.FLIP3/envs.txt|baseline/pgfuzz/ArduPilot/policies/A.FLIP4/envs.txt|baseline/pgfuzz/ArduPilot/policies/A.GUIDED1/envs.txt|baseline/pgfuzz/ArduPilot/policies/A.LAND1/envs.txt|baseline/pgfuzz/ArduPilot/policies/A.LAND2/envs.txt|baseline/pgfuzz/ArduPilot/policies/A.LOITER1/envs.txt|baseline/pgfuzz/ArduPilot/policies/A.RC.FS1/envs.txt|baseline/pgfuzz/ArduPilot/policies/A.RC.FS2/envs.txt|baseline/pgfuzz/ArduPilot/policies/A.RTL1/envs.txt|baseline/pgfuzz/ArduPilot/policies/A.RTL2/envs.txt|baseline/pgfuzz/ArduPilot/policies/A.RTL3/envs.txt|baseline/pgfuzz/ArduPilot/policies/A.RTL4/envs.txt|baseline/pgfuzz/ArduPilot/policies/A.SPORT1/envs.txt,EXACT_CURRENT_DEFINITION,SIM_LOOP_DELAY,EXACT_NAME_DEFINITION,,,baseline/ardupilot/libraries/SITL/SITL.cpp:459,exact_metadata_unique,not_exposed_by_param_metadata_parser,,,UNKNOWN,baseline/ardupilot/libraries/SITL/SITL.cpp:459,当前目录没有可用默认值证据。,,,,us,,confirmed_by_frozen_runtime_snapshot,observed_in_frozen_runtime_parameter_download,0,quad,ardupilot-copter-m6,NOT_TESTED,,NOT_APPLICABLE,,参数身份和定义位置已找到；这不证明它与该性质存在真实数据依赖，也未执行写入变更测试。,NOT_ASSESSED
ArduPilot,InputE,SIM_MAG_ALY_HGT,19,A.ALT_HOLD1|A.ALT_HOLD2|A.BRAKE1|A.CHUTE1|A.FLIP1|A.FLIP2|A.FLIP3|A.FLIPGeneral|A.GUIDED1|A.LAND1|A.LAND2|A.LOITER1|A.RC.FS1|A.RC.FS2|A.RTL1|A.RTL2|A.RTL3|A.RTL4|A.SPORT1,SIM_MAG_ALY_HGT,baseline/pgfuzz/ArduPilot/policies/A.ALT_HOLD1/envs.txt|baseline/pgfuzz/ArduPilot/policies/A.ALT_HOLD2/envs.txt|baseline/pgfuzz/ArduPilot/policies/A.BRAKE1/envs.txt|baseline/pgfuzz/ArduPilot/policies/A.CHUTE/envs.txt|baseline/pgfuzz/ArduPilot/policies/A.FLIP1/envs.txt|baseline/pgfuzz/ArduPilot/policies/A.FLIP2/envs.txt|baseline/pgfuzz/ArduPilot/policies/A.FLIP3/envs.txt|baseline/pgfuzz/ArduPilot/policies/A.FLIP4/envs.txt|baseline/pgfuzz/ArduPilot/policies/A.GUIDED1/envs.txt|baseline/pgfuzz/ArduPilot/policies/A.LAND1/envs.txt|baseline/pgfuzz/ArduPilot/policies/A.LAND2/envs.txt|baseline/pgfuzz/ArduPilot/policies/A.LOITER1/envs.txt|baseline/pgfuzz/ArduPilot/policies/A.RC.FS1/envs.txt|baseline/pgfuzz/ArduPilot/policies/A.RC.FS2/envs.txt|baseline/pgfuzz/ArduPilot/policies/A.RTL1/envs.txt|baseline/pgfuzz/ArduPilot/policies/A.RTL2/envs.txt|baseline/pgfuzz/ArduPilot/policies/A.RTL3/envs.txt|baseline/pgfuzz/ArduPilot/policies/A.RTL4/envs.txt|baseline/pgfuzz/ArduPilot/policies/A.SPORT1/envs.txt,EXACT_CURRENT_DEFINITION,SIM_MAG_ALY_HGT,EXACT_NAME_DEFINITION,,,baseline/ardupilot/libraries/SITL/SITL.cpp:768,exact_metadata_unique,not_exposed_by_param_metadata_parser,,,UNKNOWN,baseline/ardupilot/libraries/SITL/SITL.cpp:768,当前目录没有可用默认值证据。,,,,m,,confirmed_by_frozen_runtime_snapshot,observed_in_frozen_runtime_parameter_download,1.0,quad,ardupilot-copter-m6,NOT_TESTED,,NOT_APPLICABLE,,参数身份和定义位置已找到；这不证明它与该性质存在真实数据依赖，也未执行写入变更测试。,NOT_ASSESSED
ArduPilot,InputE,SIM_MAG_ALY_X,19,A.ALT_HOLD1|A.ALT_HOLD2|A.BRAKE1|A.CHUTE1|A.FLIP1|A.FLIP2|A.FLIP3|A.FLIPGeneral|A.GUIDED1|A.LAND1|A.LAND2|A.LOITER1|A.RC.FS1|A.RC.FS2|A.RTL1|A.RTL2|A.RTL3|A.RTL4|A.SPORT1,SIM_MAG_ALY_X,baseline/pgfuzz/ArduPilot/policies/A.ALT_HOLD1/envs.txt|baseline/pgfuzz/ArduPilot/policies/A.ALT_HOLD2/envs.txt|baseline/pgfuzz/ArduPilot/policies/A.BRAKE1/envs.txt|baseline/pgfuzz/ArduPilot/policies/A.CHUTE/envs.txt|baseline/pgfuzz/ArduPilot/policies/A.FLIP1/envs.txt|baseline/pgfuzz/ArduPilot/policies/A.FLIP2/envs.txt|baseline/pgfuzz/ArduPilot/policies/A.FLIP3/envs.txt|baseline/pgfuzz/ArduPilot/policies/A.FLIP4/envs.txt|baseline/pgfuzz/ArduPilot/policies/A.GUIDED1/envs.txt|baseline/pgfuzz/ArduPilot/policies/A.LAND1/envs.txt|baseline/pgfuzz/ArduPilot/policies/A.LAND2/envs.txt|baseline/pgfuzz/ArduPilot/policies/A.LOITER1/envs.txt|baseline/pgfuzz/ArduPilot/policies/A.RC.FS1/envs.txt|baseline/pgfuzz/ArduPilot/policies/A.RC.FS2/envs.txt|baseline/pgfuzz/ArduPilot/policies/A.RTL1/envs.txt|baseline/pgfuzz/ArduPilot/policies/A.RTL2/envs.txt|baseline/pgfuzz/ArduPilot/policies/A.RTL3/envs.txt|baseline/pgfuzz/ArduPilot/policies/A.RTL4/envs.txt|baseline/pgfuzz/ArduPilot/policies/A.SPORT1/envs.txt,EXACT_CURRENT_DEFINITION,SIM_MAG_ALY_X,EXACT_NAME_DEFINITION,,,,unresolved,not_exposed_by_param_metadata_parser,,,UNKNOWN,,当前目录没有可用默认值证据。,,,,mGauss,,confirmed_by_frozen_runtime_snapshot,observed_in_frozen_runtime_parameter_download,0.0,quad,ardupilot-copter-m6,NOT_TESTED,,NOT_APPLICABLE,,参数身份和定义位置已找到；这不证明它与该性质存在真实数据依赖，也未执行写入变更测试。,NOT_ASSESSED
ArduPilot,InputE,SIM_MAG_ALY_Y,19,A.ALT_HOLD1|A.ALT_HOLD2|A.BRAKE1|A.CHUTE1|A.FLIP1|A.FLIP2|A.FLIP3|A.FLIPGeneral|A.GUIDED1|A.LAND1|A.LAND2|A.LOITER1|A.RC.FS1|A.RC.FS2|A.RTL1|A.RTL2|A.RTL3|A.RTL4|A.SPORT1,SIM_MAG_ALY_Y,baseline/pgfuzz/ArduPilot/policies/A.ALT_HOLD1/envs.txt|baseline/pgfuzz/ArduPilot/policies/A.ALT_HOLD2/envs.txt|baseline/pgfuzz/ArduPilot/policies/A.BRAKE1/envs.txt|baseline/pgfuzz/ArduPilot/policies/A.CHUTE/envs.txt|baseline/pgfuzz/ArduPilot/policies/A.FLIP1/envs.txt|baseline/pgfuzz/ArduPilot/policies/A.FLIP2/envs.txt|baseline/pgfuzz/ArduPilot/policies/A.FLIP3/envs.txt|baseline/pgfuzz/ArduPilot/policies/A.FLIP4/envs.txt|baseline/pgfuzz/ArduPilot/policies/A.GUIDED1/envs.txt|baseline/pgfuzz/ArduPilot/policies/A.LAND1/envs.txt|baseline/pgfuzz/ArduPilot/policies/A.LAND2/envs.txt|baseline/pgfuzz/ArduPilot/policies/A.LOITER1/envs.txt|baseline/pgfuzz/ArduPilot/policies/A.RC.FS1/envs.txt|baseline/pgfuzz/ArduPilot/policies/A.RC.FS2/envs.txt|baseline/pgfuzz/ArduPilot/policies/A.RTL1/envs.txt|baseline/pgfuzz/ArduPilot/policies/A.RTL2/envs.txt|baseline/pgfuzz/ArduPilot/policies/A.RTL3/envs.txt|baseline/pgfuzz/ArduPilot/policies/A.RTL4/envs.txt|baseline/pgfuzz/ArduPilot/policies/A.SPORT1/envs.txt,EXACT_CURRENT_DEFINITION,SIM_MAG_ALY_Y,EXACT_NAME_DEFINITION,,,,unresolved,not_exposed_by_param_metadata_parser,,,UNKNOWN,,当前目录没有可用默认值证据。,,,,mGauss,,confirmed_by_frozen_runtime_snapshot,observed_in_frozen_runtime_parameter_download,0.0,quad,ardupilot-copter-m6,NOT_TESTED,,NOT_APPLICABLE,,参数身份和定义位置已找到；这不证明它与该性质存在真实数据依赖，也未执行写入变更测试。,NOT_ASSESSED
ArduPilot,InputE,SIM_MAG_ALY_Z,19,A.ALT_HOLD1|A.ALT_HOLD2|A.BRAKE1|A.CHUTE1|A.FLIP1|A.FLIP2|A.FLIP3|A.FLIPGeneral|A.GUIDED1|A.LAND1|A.LAND2|A.LOITER1|A.RC.FS1|A.RC.FS2|A.RTL1|A.RTL2|A.RTL3|A.RTL4|A.SPORT1,SIM_MAG_ALY_Z,baseline/pgfuzz/ArduPilot/policies/A.ALT_HOLD1/envs.txt|baseline/pgfuzz/ArduPilot/policies/A.ALT_HOLD2/envs.txt|baseline/pgfuzz/ArduPilot/policies/A.BRAKE1/envs.txt|baseline/pgfuzz/ArduPilot/policies/A.CHUTE/envs.txt|baseline/pgfuzz/ArduPilot/policies/A.FLIP1/envs.txt|baseline/pgfuzz/ArduPilot/policies/A.FLIP2/envs.txt|baseline/pgfuzz/ArduPilot/policies/A.FLIP3/envs.txt|baseline/pgfuzz/ArduPilot/policies/A.FLIP4/envs.txt|baseline/pgfuzz/ArduPilot/policies/A.GUIDED1/envs.txt|baseline/pgfuzz/ArduPilot/policies/A.LAND1/envs.txt|baseline/pgfuzz/ArduPilot/policies/A.LAND2/envs.txt|baseline/pgfuzz/ArduPilot/policies/A.LOITER1/envs.txt|baseline/pgfuzz/ArduPilot/policies/A.RC.FS1/envs.txt|baseline/pgfuzz/ArduPilot/policies/A.RC.FS2/envs.txt|baseline/pgfuzz/ArduPilot/policies/A.RTL1/envs.txt|baseline/pgfuzz/ArduPilot/policies/A.RTL2/envs.txt|baseline/pgfuzz/ArduPilot/policies/A.RTL3/envs.txt|baseline/pgfuzz/ArduPilot/policies/A.RTL4/envs.txt|baseline/pgfuzz/ArduPilot/policies/A.SPORT1/envs.txt,EXACT_CURRENT_DEFINITION,SIM_MAG_ALY_Z,EXACT_NAME_DEFINITION,,,,unresolved,not_exposed_by_param_metadata_parser,,,UNKNOWN,,当前目录没有可用默认值证据。,,,,mGauss,,confirmed_by_frozen_runtime_snapshot,observed_in_frozen_runtime_parameter_download,0.0,quad,ardupilot-copter-m6,NOT_TESTED,,NOT_APPLICABLE,,参数身份和定义位置已找到；这不证明它与该性质存在真实数据依赖，也未执行写入变更测试。,NOT_ASSESSED
ArduPilot,InputE,SIM_MAG_DELAY,19,A.ALT_HOLD1|A.ALT_HOLD2|A.BRAKE1|A.CHUTE1|A.FLIP1|A.FLIP2|A.FLIP3|A.FLIPGeneral|A.GUIDED1|A.LAND1|A.LAND2|A.LOITER1|A.RC.FS1|A.RC.FS2|A.RTL1|A.RTL2|A.RTL3|A.RTL4|A.SPORT1,SIM_MAG_DELAY,baseline/pgfuzz/ArduPilot/policies/A.ALT_HOLD1/envs.txt|baseline/pgfuzz/ArduPilot/policies/A.ALT_HOLD2/envs.txt|baseline/pgfuzz/ArduPilot/policies/A.BRAKE1/envs.txt|baseline/pgfuzz/ArduPilot/policies/A.CHUTE/envs.txt|baseline/pgfuzz/ArduPilot/policies/A.FLIP1/envs.txt|baseline/pgfuzz/ArduPilot/policies/A.FLIP2/envs.txt|baseline/pgfuzz/ArduPilot/policies/A.FLIP3/envs.txt|baseline/pgfuzz/ArduPilot/policies/A.FLIP4/envs.txt|baseline/pgfuzz/ArduPilot/policies/A.GUIDED1/envs.txt|baseline/pgfuzz/ArduPilot/policies/A.LAND1/envs.txt|baseline/pgfuzz/ArduPilot/policies/A.LAND2/envs.txt|baseline/pgfuzz/ArduPilot/policies/A.LOITER1/envs.txt|baseline/pgfuzz/ArduPilot/policies/A.RC.FS1/envs.txt|baseline/pgfuzz/ArduPilot/policies/A.RC.FS2/envs.txt|baseline/pgfuzz/ArduPilot/policies/A.RTL1/envs.txt|baseline/pgfuzz/ArduPilot/policies/A.RTL2/envs.txt|baseline/pgfuzz/ArduPilot/policies/A.RTL3/envs.txt|baseline/pgfuzz/ArduPilot/policies/A.RTL4/envs.txt|baseline/pgfuzz/ArduPilot/policies/A.SPORT1/envs.txt,EXACT_CURRENT_DEFINITION,SIM_MAG_DELAY,EXACT_NAME_DEFINITION,,,baseline/ardupilot/libraries/SITL/SITL.cpp:749,exact_metadata_unique,not_exposed_by_param_metadata_parser,,,UNKNOWN,baseline/ardupilot/libraries/SITL/SITL.cpp:749,当前目录没有可用默认值证据。,,,,ms,,confirmed_by_frozen_runtime_snapshot,observed_in_frozen_runtime_parameter_download,0,quad,ardupilot-copter-m6,NOT_TESTED,,NOT_APPLICABLE,,参数身份和定义位置已找到；这不证明它与该性质存在真实数据依赖，也未执行写入变更测试。,NOT_ASSESSED
ArduPilot,InputE,SIM_MAG_DIA_X,19,A.ALT_HOLD1|A.ALT_HOLD2|A.BRAKE1|A.CHUTE1|A.FLIP1|A.FLIP2|A.FLIP3|A.FLIPGeneral|A.GUIDED1|A.LAND1|A.LAND2|A.LOITER1|A.RC.FS1|A.RC.FS2|A.RTL1|A.RTL2|A.RTL3|A.RTL4|A.SPORT1,SIM_MAG_DIA_X,baseline/pgfuzz/ArduPilot/policies/A.ALT_HOLD1/envs.txt|baseline/pgfuzz/ArduPilot/policies/A.ALT_HOLD2/envs.txt|baseline/pgfuzz/ArduPilot/policies/A.BRAKE1/envs.txt|baseline/pgfuzz/ArduPilot/policies/A.CHUTE/envs.txt|baseline/pgfuzz/ArduPilot/policies/A.FLIP1/envs.txt|baseline/pgfuzz/ArduPilot/policies/A.FLIP2/envs.txt|baseline/pgfuzz/ArduPilot/policies/A.FLIP3/envs.txt|baseline/pgfuzz/ArduPilot/policies/A.FLIP4/envs.txt|baseline/pgfuzz/ArduPilot/policies/A.GUIDED1/envs.txt|baseline/pgfuzz/ArduPilot/policies/A.LAND1/envs.txt|baseline/pgfuzz/ArduPilot/policies/A.LAND2/envs.txt|baseline/pgfuzz/ArduPilot/policies/A.LOITER1/envs.txt|baseline/pgfuzz/ArduPilot/policies/A.RC.FS1/envs.txt|baseline/pgfuzz/ArduPilot/policies/A.RC.FS2/envs.txt|baseline/pgfuzz/ArduPilot/policies/A.RTL1/envs.txt|baseline/pgfuzz/ArduPilot/policies/A.RTL2/envs.txt|baseline/pgfuzz/ArduPilot/policies/A.RTL3/envs.txt|baseline/pgfuzz/ArduPilot/policies/A.RTL4/envs.txt|baseline/pgfuzz/ArduPilot/policies/A.SPORT1/envs.txt,RENAMED_CURRENT_DEFINITION,SIM_MAG1_DIA_X,CURATED_INSTANCE1_MIGRATION_MODELLED,current instance-qualified SITL parameter family,当前参数显式区分传感器实例；映射到第一实例有名称和参数族证据，但未发现逐项历史迁移记录。,baseline/ardupilot/libraries/SITL/SITL.cpp:774,exact_metadata_unique,not_exposed_by_param_metadata_parser,,,UNKNOWN,baseline/ardupilot/libraries/SITL/SITL.cpp:774,当前目录没有可用默认值证据。,,,,,,confirmed_by_frozen_runtime_snapshot,observed_in_frozen_runtime_parameter_download,0.0,quad,ardupilot-copter-m6,NOT_TESTED,,NOT_APPLICABLE,,参数身份和定义位置已找到；这不证明它与该性质存在真实数据依赖，也未执行写入变更测试。,NOT_ASSESSED
ArduPilot,InputE,SIM_MAG_DIA_Y,19,A.ALT_HOLD1|A.ALT_HOLD2|A.BRAKE1|A.CHUTE1|A.FLIP1|A.FLIP2|A.FLIP3|A.FLIPGeneral|A.GUIDED1|A.LAND1|A.LAND2|A.LOITER1|A.RC.FS1|A.RC.FS2|A.RTL1|A.RTL2|A.RTL3|A.RTL4|A.SPORT1,SIM_MAG_DIA_Y,baseline/pgfuzz/ArduPilot/policies/A.ALT_HOLD1/envs.txt|baseline/pgfuzz/ArduPilot/policies/A.ALT_HOLD2/envs.txt|baseline/pgfuzz/ArduPilot/policies/A.BRAKE1/envs.txt|baseline/pgfuzz/ArduPilot/policies/A.CHUTE/envs.txt|baseline/pgfuzz/ArduPilot/policies/A.FLIP1/envs.txt|baseline/pgfuzz/ArduPilot/policies/A.FLIP2/envs.txt|baseline/pgfuzz/ArduPilot/policies/A.FLIP3/envs.txt|baseline/pgfuzz/ArduPilot/policies/A.FLIP4/envs.txt|baseline/pgfuzz/ArduPilot/policies/A.GUIDED1/envs.txt|baseline/pgfuzz/ArduPilot/policies/A.LAND1/envs.txt|baseline/pgfuzz/ArduPilot/policies/A.LAND2/envs.txt|baseline/pgfuzz/ArduPilot/policies/A.LOITER1/envs.txt|baseline/pgfuzz/ArduPilot/policies/A.RC.FS1/envs.txt|baseline/pgfuzz/ArduPilot/policies/A.RC.FS2/envs.txt|baseline/pgfuzz/ArduPilot/policies/A.RTL1/envs.txt|baseline/pgfuzz/ArduPilot/policies/A.RTL2/envs.txt|baseline/pgfuzz/ArduPilot/policies/A.RTL3/envs.txt|baseline/pgfuzz/ArduPilot/policies/A.RTL4/envs.txt|baseline/pgfuzz/ArduPilot/policies/A.SPORT1/envs.txt,RENAMED_CURRENT_DEFINITION,SIM_MAG1_DIA_Y,CURATED_INSTANCE1_MIGRATION_MODELLED,current instance-qualified SITL parameter family,当前参数显式区分传感器实例；映射到第一实例有名称和参数族证据，但未发现逐项历史迁移记录。,baseline/ardupilot/libraries/SITL/SITL.cpp:779,exact_metadata_unique,not_exposed_by_param_metadata_parser,,,UNKNOWN,baseline/ardupilot/libraries/SITL/SITL.cpp:779,当前目录没有可用默认值证据。,,,,,,confirmed_by_frozen_runtime_snapshot,observed_in_frozen_runtime_parameter_download,0.0,quad,ardupilot-copter-m6,NOT_TESTED,,NOT_APPLICABLE,,参数身份和定义位置已找到；这不证明它与该性质存在真实数据依赖，也未执行写入变更测试。,NOT_ASSESSED
ArduPilot,InputE,SIM_MAG_DIA_Z,19,A.ALT_HOLD1|A.ALT_HOLD2|A.BRAKE1|A.CHUTE1|A.FLIP1|A.FLIP2|A.FLIP3|A.FLIPGeneral|A.GUIDED1|A.LAND1|A.LAND2|A.LOITER1|A.RC.FS1|A.RC.FS2|A.RTL1|A.RTL2|A.RTL3|A.RTL4|A.SPORT1,SIM_MAG_DIA_Z,baseline/pgfuzz/ArduPilot/policies/A.ALT_HOLD1/envs.txt|baseline/pgfuzz/ArduPilot/policies/A.ALT_HOLD2/envs.txt|baseline/pgfuzz/ArduPilot/policies/A.BRAKE1/envs.txt|baseline/pgfuzz/ArduPilot/policies/A.CHUTE/envs.txt|baseline/pgfuzz/ArduPilot/policies/A.FLIP1/envs.txt|baseline/pgfuzz/ArduPilot/policies/A.FLIP2/envs.txt|baseline/pgfuzz/ArduPilot/policies/A.FLIP3/envs.txt|baseline/pgfuzz/ArduPilot/policies/A.FLIP4/envs.txt|baseline/pgfuzz/ArduPilot/policies/A.GUIDED1/envs.txt|baseline/pgfuzz/ArduPilot/policies/A.LAND1/envs.txt|baseline/pgfuzz/ArduPilot/policies/A.LAND2/envs.txt|baseline/pgfuzz/ArduPilot/policies/A.LOITER1/envs.txt|baseline/pgfuzz/ArduPilot/policies/A.RC.FS1/envs.txt|baseline/pgfuzz/ArduPilot/policies/A.RC.FS2/envs.txt|baseline/pgfuzz/ArduPilot/policies/A.RTL1/envs.txt|baseline/pgfuzz/ArduPilot/policies/A.RTL2/envs.txt|baseline/pgfuzz/ArduPilot/policies/A.RTL3/envs.txt|baseline/pgfuzz/ArduPilot/policies/A.RTL4/envs.txt|baseline/pgfuzz/ArduPilot/policies/A.SPORT1/envs.txt,RENAMED_CURRENT_DEFINITION,SIM_MAG1_DIA_Z,CURATED_INSTANCE1_MIGRATION_MODELLED,current instance-qualified SITL parameter family,当前参数显式区分传感器实例；映射到第一实例有名称和参数族证据，但未发现逐项历史迁移记录。,baseline/ardupilot/libraries/SITL/SITL.cpp:784,exact_metadata_unique,not_exposed_by_param_metadata_parser,,,UNKNOWN,baseline/ardupilot/libraries/SITL/SITL.cpp:784,当前目录没有可用默认值证据。,,,,,,confirmed_by_frozen_runtime_snapshot,observed_in_frozen_runtime_parameter_download,0.0,quad,ardupilot-copter-m6,NOT_TESTED,,NOT_APPLICABLE,,参数身份和定义位置已找到；这不证明它与该性质存在真实数据依赖，也未执行写入变更测试。,NOT_ASSESSED
ArduPilot,InputE,SIM_MAG_ERROR,19,A.ALT_HOLD1|A.ALT_HOLD2|A.BRAKE1|A.CHUTE1|A.FLIP1|A.FLIP2|A.FLIP3|A.FLIPGeneral|A.GUIDED1|A.LAND1|A.LAND2|A.LOITER1|A.RC.FS1|A.RC.FS2|A.RTL1|A.RTL2|A.RTL3|A.RTL4|A.SPORT1,SIM_MAG_ERROR,baseline/pgfuzz/ArduPilot/policies/A.ALT_HOLD1/envs.txt|baseline/pgfuzz/ArduPilot/policies/A.ALT_HOLD2/envs.txt|baseline/pgfuzz/ArduPilot/policies/A.BRAKE1/envs.txt|baseline/pgfuzz/ArduPilot/policies/A.CHUTE/envs.txt|baseline/pgfuzz/ArduPilot/policies/A.FLIP1/envs.txt|baseline/pgfuzz/ArduPilot/policies/A.FLIP2/envs.txt|baseline/pgfuzz/ArduPilot/policies/A.FLIP3/envs.txt|baseline/pgfuzz/ArduPilot/policies/A.FLIP4/envs.txt|baseline/pgfuzz/ArduPilot/policies/A.GUIDED1/envs.txt|baseline/pgfuzz/ArduPilot/policies/A.LAND1/envs.txt|baseline/pgfuzz/ArduPilot/policies/A.LAND2/envs.txt|baseline/pgfuzz/ArduPilot/policies/A.LOITER1/envs.txt|baseline/pgfuzz/ArduPilot/policies/A.RC.FS1/envs.txt|baseline/pgfuzz/ArduPilot/policies/A.RC.FS2/envs.txt|baseline/pgfuzz/ArduPilot/policies/A.RTL1/envs.txt|baseline/pgfuzz/ArduPilot/policies/A.RTL2/envs.txt|baseline/pgfuzz/ArduPilot/policies/A.RTL3/envs.txt|baseline/pgfuzz/ArduPilot/policies/A.RTL4/envs.txt|baseline/pgfuzz/ArduPilot/policies/A.SPORT1/envs.txt,CURRENT_DEFINITION_NOT_FOUND,SIM_MAG_ERROR,UNRESOLVED,,,,,,,,UNKNOWN,,当前目录没有可用默认值证据。,,,,,,,,,,,NOT_TESTED,,NOT_APPLICABLE,,当前冻结参数目录中没有找到可信同名或重命名定义；没有使用字符串相似度猜测。,NOT_ASSESSED
ArduPilot,InputE,SIM_MAG_MOT_X,21,A.ALT_HOLD1|A.ALT_HOLD2|A.AUTO1|A.BRAKE1|A.CHUTE1|A.CIRCLE7|A.FLIP1|A.FLIP2|A.FLIP3|A.FLIPGeneral|A.GUIDED1|A.LAND1|A.LAND2|A.LOITER1|A.RC.FS1|A.RC.FS2|A.RTL1|A.RTL2|A.RTL3|A.RTL4|A.SPORT1,SIM_MAG_MOT_X,baseline/pgfuzz/ArduPilot/policies/A.ALT_HOLD1/envs.txt|baseline/pgfuzz/ArduPilot/policies/A.ALT_HOLD2/envs.txt|baseline/pgfuzz/ArduPilot/policies/A.AUTO1/envs.txt|baseline/pgfuzz/ArduPilot/policies/A.BRAKE1/envs.txt|baseline/pgfuzz/ArduPilot/policies/A.CHUTE/envs.txt|baseline/pgfuzz/ArduPilot/policies/A.CIRCLE7/envs.txt|baseline/pgfuzz/ArduPilot/policies/A.FLIP1/envs.txt|baseline/pgfuzz/ArduPilot/policies/A.FLIP2/envs.txt|baseline/pgfuzz/ArduPilot/policies/A.FLIP3/envs.txt|baseline/pgfuzz/ArduPilot/policies/A.FLIP4/envs.txt|baseline/pgfuzz/ArduPilot/policies/A.GUIDED1/envs.txt|baseline/pgfuzz/ArduPilot/policies/A.LAND1/envs.txt|baseline/pgfuzz/ArduPilot/policies/A.LAND2/envs.txt|baseline/pgfuzz/ArduPilot/policies/A.LOITER1/envs.txt|baseline/pgfuzz/ArduPilot/policies/A.RC.FS1/envs.txt|baseline/pgfuzz/ArduPilot/policies/A.RC.FS2/envs.txt|baseline/pgfuzz/ArduPilot/policies/A.RTL1/envs.txt|baseline/pgfuzz/ArduPilot/policies/A.RTL2/envs.txt|baseline/pgfuzz/ArduPilot/policies/A.RTL3/envs.txt|baseline/pgfuzz/ArduPilot/policies/A.RTL4/envs.txt|baseline/pgfuzz/ArduPilot/policies/A.SPORT1/envs.txt,EXACT_CURRENT_DEFINITION,SIM_MAG_MOT_X,EXACT_NAME_DEFINITION,,,baseline/ardupilot/libraries/AP_Compass/AP_Compass.cpp:151,exact_metadata_unique,not_exposed_by_param_metadata_parser,,,UNKNOWN,baseline/ardupilot/libraries/AP_Compass/AP_Compass.cpp:151,当前目录没有可用默认值证据。,,,,mGauss/A,,confirmed_by_frozen_runtime_snapshot,observed_in_frozen_runtime_parameter_download,0.0,quad,ardupilot-copter-m6,NOT_TESTED,,NOT_APPLICABLE,,参数身份和定义位置已找到；这不证明它与该性质存在真实数据依赖，也未执行写入变更测试。,NOT_ASSESSED
ArduPilot,InputE,SIM_MAG_MOT_Y,19,A.ALT_HOLD1|A.ALT_HOLD2|A.BRAKE1|A.CHUTE1|A.FLIP1|A.FLIP2|A.FLIP3|A.FLIPGeneral|A.GUIDED1|A.LAND1|A.LAND2|A.LOITER1|A.RC.FS1|A.RC.FS2|A.RTL1|A.RTL2|A.RTL3|A.RTL4|A.SPORT1,SIM_MAG_MOT_Y,baseline/pgfuzz/ArduPilot/policies/A.ALT_HOLD1/envs.txt|baseline/pgfuzz/ArduPilot/policies/A.ALT_HOLD2/envs.txt|baseline/pgfuzz/ArduPilot/policies/A.BRAKE1/envs.txt|baseline/pgfuzz/ArduPilot/policies/A.CHUTE/envs.txt|baseline/pgfuzz/ArduPilot/policies/A.FLIP1/envs.txt|baseline/pgfuzz/ArduPilot/policies/A.FLIP2/envs.txt|baseline/pgfuzz/ArduPilot/policies/A.FLIP3/envs.txt|baseline/pgfuzz/ArduPilot/policies/A.FLIP4/envs.txt|baseline/pgfuzz/ArduPilot/policies/A.GUIDED1/envs.txt|baseline/pgfuzz/ArduPilot/policies/A.LAND1/envs.txt|baseline/pgfuzz/ArduPilot/policies/A.LAND2/envs.txt|baseline/pgfuzz/ArduPilot/policies/A.LOITER1/envs.txt|baseline/pgfuzz/ArduPilot/policies/A.RC.FS1/envs.txt|baseline/pgfuzz/ArduPilot/policies/A.RC.FS2/envs.txt|baseline/pgfuzz/ArduPilot/policies/A.RTL1/envs.txt|baseline/pgfuzz/ArduPilot/policies/A.RTL2/envs.txt|baseline/pgfuzz/ArduPilot/policies/A.RTL3/envs.txt|baseline/pgfuzz/ArduPilot/policies/A.RTL4/envs.txt|baseline/pgfuzz/ArduPilot/policies/A.SPORT1/envs.txt,EXACT_CURRENT_DEFINITION,SIM_MAG_MOT_Y,EXACT_NAME_DEFINITION,,,baseline/ardupilot/libraries/AP_Compass/AP_Compass.cpp:160,exact_metadata_unique,not_exposed_by_param_metadata_parser,,,UNKNOWN,baseline/ardupilot/libraries/AP_Compass/AP_Compass.cpp:160,当前目录没有可用默认值证据。,,,,mGauss/A,,confirmed_by_frozen_runtime_snapshot,observed_in_frozen_runtime_parameter_download,0.0,quad,ardupilot-copter-m6,NOT_TESTED,,NOT_APPLICABLE,,参数身份和定义位置已找到；这不证明它与该性质存在真实数据依赖，也未执行写入变更测试。,NOT_ASSESSED
ArduPilot,InputE,SIM_MAG_MOT_Z,19,A.ALT_HOLD1|A.ALT_HOLD2|A.BRAKE1|A.CHUTE1|A.FLIP1|A.FLIP2|A.FLIP3|A.FLIPGeneral|A.GUIDED1|A.LAND1|A.LAND2|A.LOITER1|A.RC.FS1|A.RC.FS2|A.RTL1|A.RTL2|A.RTL3|A.RTL4|A.SPORT1,SIM_MAG_MOT_Z,baseline/pgfuzz/ArduPilot/policies/A.ALT_HOLD1/envs.txt|baseline/pgfuzz/ArduPilot/policies/A.ALT_HOLD2/envs.txt|baseline/pgfuzz/ArduPilot/policies/A.BRAKE1/envs.txt|baseline/pgfuzz/ArduPilot/policies/A.CHUTE/envs.txt|baseline/pgfuzz/ArduPilot/policies/A.FLIP1/envs.txt|baseline/pgfuzz/ArduPilot/policies/A.FLIP2/envs.txt|baseline/pgfuzz/ArduPilot/policies/A.FLIP3/envs.txt|baseline/pgfuzz/ArduPilot/policies/A.FLIP4/envs.txt|baseline/pgfuzz/ArduPilot/policies/A.GUIDED1/envs.txt|baseline/pgfuzz/ArduPilot/policies/A.LAND1/envs.txt|baseline/pgfuzz/ArduPilot/policies/A.LAND2/envs.txt|baseline/pgfuzz/ArduPilot/policies/A.LOITER1/envs.txt|baseline/pgfuzz/ArduPilot/policies/A.RC.FS1/envs.txt|baseline/pgfuzz/ArduPilot/policies/A.RC.FS2/envs.txt|baseline/pgfuzz/ArduPilot/policies/A.RTL1/envs.txt|baseline/pgfuzz/ArduPilot/policies/A.RTL2/envs.txt|baseline/pgfuzz/ArduPilot/policies/A.RTL3/envs.txt|baseline/pgfuzz/ArduPilot/policies/A.RTL4/envs.txt|baseline/pgfuzz/ArduPilot/policies/A.SPORT1/envs.txt,EXACT_CURRENT_DEFINITION,SIM_MAG_MOT_Z,EXACT_NAME_DEFINITION,,,baseline/ardupilot/libraries/AP_Compass/AP_Compass.cpp:169,exact_metadata_unique,not_exposed_by_param_metadata_parser,,,UNKNOWN,baseline/ardupilot/libraries/AP_Compass/AP_Compass.cpp:169,当前目录没有可用默认值证据。,,,,mGauss/A,,confirmed_by_frozen_runtime_snapshot,observed_in_frozen_runtime_parameter_download,0.0,quad,ardupilot-copter-m6,NOT_TESTED,,NOT_APPLICABLE,,参数身份和定义位置已找到；这不证明它与该性质存在真实数据依赖，也未执行写入变更测试。,NOT_ASSESSED
ArduPilot,InputE,SIM_MAG_ODI_X,21,A.ALT_HOLD1|A.ALT_HOLD2|A.AUTO1|A.BRAKE1|A.CHUTE1|A.CIRCLE7|A.FLIP1|A.FLIP2|A.FLIP3|A.FLIPGeneral|A.GUIDED1|A.LAND1|A.LAND2|A.LOITER1|A.RC.FS1|A.RC.FS2|A.RTL1|A.RTL2|A.RTL3|A.RTL4|A.SPORT1,SIM_MAG_ODI_X,baseline/pgfuzz/ArduPilot/policies/A.ALT_HOLD1/envs.txt|baseline/pgfuzz/ArduPilot/policies/A.ALT_HOLD2/envs.txt|baseline/pgfuzz/ArduPilot/policies/A.AUTO1/envs.txt|baseline/pgfuzz/ArduPilot/policies/A.BRAKE1/envs.txt|baseline/pgfuzz/ArduPilot/policies/A.CHUTE/envs.txt|baseline/pgfuzz/ArduPilot/policies/A.CIRCLE7/envs.txt|baseline/pgfuzz/ArduPilot/policies/A.FLIP1/envs.txt|baseline/pgfuzz/ArduPilot/policies/A.FLIP2/envs.txt|baseline/pgfuzz/ArduPilot/policies/A.FLIP3/envs.txt|baseline/pgfuzz/ArduPilot/policies/A.FLIP4/envs.txt|baseline/pgfuzz/ArduPilot/policies/A.GUIDED1/envs.txt|baseline/pgfuzz/ArduPilot/policies/A.LAND1/envs.txt|baseline/pgfuzz/ArduPilot/policies/A.LAND2/envs.txt|baseline/pgfuzz/ArduPilot/policies/A.LOITER1/envs.txt|baseline/pgfuzz/ArduPilot/policies/A.RC.FS1/envs.txt|baseline/pgfuzz/ArduPilot/policies/A.RC.FS2/envs.txt|baseline/pgfuzz/ArduPilot/policies/A.RTL1/envs.txt|baseline/pgfuzz/ArduPilot/policies/A.RTL2/envs.txt|baseline/pgfuzz/ArduPilot/policies/A.RTL3/envs.txt|baseline/pgfuzz/ArduPilot/policies/A.RTL4/envs.txt|baseline/pgfuzz/ArduPilot/policies/A.SPORT1/envs.txt,RENAMED_CURRENT_DEFINITION,SIM_MAG1_ODI_X,CURATED_INSTANCE1_MIGRATION_MODELLED,current instance-qualified SITL parameter family,当前参数显式区分传感器实例；映射到第一实例有名称和参数族证据，但未发现逐项历史迁移记录。,baseline/ardupilot/libraries/SITL/SITL.cpp:789,exact_metadata_unique,not_exposed_by_param_metadata_parser,,,UNKNOWN,baseline/ardupilot/libraries/SITL/SITL.cpp:789,当前目录没有可用默认值证据。,,,,,,confirmed_by_frozen_runtime_snapshot,observed_in_frozen_runtime_parameter_download,0.0,quad,ardupilot-copter-m6,NOT_TESTED,,NOT_APPLICABLE,,参数身份和定义位置已找到；这不证明它与该性质存在真实数据依赖，也未执行写入变更测试。,NOT_ASSESSED
ArduPilot,InputE,SIM_MAG_ODI_Y,19,A.ALT_HOLD1|A.ALT_HOLD2|A.BRAKE1|A.CHUTE1|A.FLIP1|A.FLIP2|A.FLIP3|A.FLIPGeneral|A.GUIDED1|A.LAND1|A.LAND2|A.LOITER1|A.RC.FS1|A.RC.FS2|A.RTL1|A.RTL2|A.RTL3|A.RTL4|A.SPORT1,SIM_MAG_ODI_Y,baseline/pgfuzz/ArduPilot/policies/A.ALT_HOLD1/envs.txt|baseline/pgfuzz/ArduPilot/policies/A.ALT_HOLD2/envs.txt|baseline/pgfuzz/ArduPilot/policies/A.BRAKE1/envs.txt|baseline/pgfuzz/ArduPilot/policies/A.CHUTE/envs.txt|baseline/pgfuzz/ArduPilot/policies/A.FLIP1/envs.txt|baseline/pgfuzz/ArduPilot/policies/A.FLIP2/envs.txt|baseline/pgfuzz/ArduPilot/policies/A.FLIP3/envs.txt|baseline/pgfuzz/ArduPilot/policies/A.FLIP4/envs.txt|baseline/pgfuzz/ArduPilot/policies/A.GUIDED1/envs.txt|baseline/pgfuzz/ArduPilot/policies/A.LAND1/envs.txt|baseline/pgfuzz/ArduPilot/policies/A.LAND2/envs.txt|baseline/pgfuzz/ArduPilot/policies/A.LOITER1/envs.txt|baseline/pgfuzz/ArduPilot/policies/A.RC.FS1/envs.txt|baseline/pgfuzz/ArduPilot/policies/A.RC.FS2/envs.txt|baseline/pgfuzz/ArduPilot/policies/A.RTL1/envs.txt|baseline/pgfuzz/ArduPilot/policies/A.RTL2/envs.txt|baseline/pgfuzz/ArduPilot/policies/A.RTL3/envs.txt|baseline/pgfuzz/ArduPilot/policies/A.RTL4/envs.txt|baseline/pgfuzz/ArduPilot/policies/A.SPORT1/envs.txt,RENAMED_CURRENT_DEFINITION,SIM_MAG1_ODI_Y,CURATED_INSTANCE1_MIGRATION_MODELLED,current instance-qualified SITL parameter family,当前参数显式区分传感器实例；映射到第一实例有名称和参数族证据，但未发现逐项历史迁移记录。,baseline/ardupilot/libraries/SITL/SITL.cpp:794,exact_metadata_unique,not_exposed_by_param_metadata_parser,,,UNKNOWN,baseline/ardupilot/libraries/SITL/SITL.cpp:794,当前目录没有可用默认值证据。,,,,,,confirmed_by_frozen_runtime_snapshot,observed_in_frozen_runtime_parameter_download,0.0,quad,ardupilot-copter-m6,NOT_TESTED,,NOT_APPLICABLE,,参数身份和定义位置已找到；这不证明它与该性质存在真实数据依赖，也未执行写入变更测试。,NOT_ASSESSED
ArduPilot,InputE,SIM_MAG_ODI_Z,19,A.ALT_HOLD1|A.ALT_HOLD2|A.BRAKE1|A.CHUTE1|A.FLIP1|A.FLIP2|A.FLIP3|A.FLIPGeneral|A.GUIDED1|A.LAND1|A.LAND2|A.LOITER1|A.RC.FS1|A.RC.FS2|A.RTL1|A.RTL2|A.RTL3|A.RTL4|A.SPORT1,SIM_MAG_ODI_Z,baseline/pgfuzz/ArduPilot/policies/A.ALT_HOLD1/envs.txt|baseline/pgfuzz/ArduPilot/policies/A.ALT_HOLD2/envs.txt|baseline/pgfuzz/ArduPilot/policies/A.BRAKE1/envs.txt|baseline/pgfuzz/ArduPilot/policies/A.CHUTE/envs.txt|baseline/pgfuzz/ArduPilot/policies/A.FLIP1/envs.txt|baseline/pgfuzz/ArduPilot/policies/A.FLIP2/envs.txt|baseline/pgfuzz/ArduPilot/policies/A.FLIP3/envs.txt|baseline/pgfuzz/ArduPilot/policies/A.FLIP4/envs.txt|baseline/pgfuzz/ArduPilot/policies/A.GUIDED1/envs.txt|baseline/pgfuzz/ArduPilot/policies/A.LAND1/envs.txt|baseline/pgfuzz/ArduPilot/policies/A.LAND2/envs.txt|baseline/pgfuzz/ArduPilot/policies/A.LOITER1/envs.txt|baseline/pgfuzz/ArduPilot/policies/A.RC.FS1/envs.txt|baseline/pgfuzz/ArduPilot/policies/A.RC.FS2/envs.txt|baseline/pgfuzz/ArduPilot/policies/A.RTL1/envs.txt|baseline/pgfuzz/ArduPilot/policies/A.RTL2/envs.txt|baseline/pgfuzz/ArduPilot/policies/A.RTL3/envs.txt|baseline/pgfuzz/ArduPilot/policies/A.RTL4/envs.txt|baseline/pgfuzz/ArduPilot/policies/A.SPORT1/envs.txt,RENAMED_CURRENT_DEFINITION,SIM_MAG1_ODI_Z,CURATED_INSTANCE1_MIGRATION_MODELLED,current instance-qualified SITL parameter family,当前参数显式区分传感器实例；映射到第一实例有名称和参数族证据，但未发现逐项历史迁移记录。,baseline/ardupilot/libraries/SITL/SITL.cpp:799,exact_metadata_unique,not_exposed_by_param_metadata_parser,,,UNKNOWN,baseline/ardupilot/libraries/SITL/SITL.cpp:799,当前目录没有可用默认值证据。,,,,,,confirmed_by_frozen_runtime_snapshot,observed_in_frozen_runtime_parameter_download,0.0,quad,ardupilot-copter-m6,NOT_TESTED,,NOT_APPLICABLE,,参数身份和定义位置已找到；这不证明它与该性质存在真实数据依赖，也未执行写入变更测试。,NOT_ASSESSED
ArduPilot,InputE,SIM_MAG_OFS_X,19,A.ALT_HOLD1|A.ALT_HOLD2|A.BRAKE1|A.CHUTE1|A.FLIP1|A.FLIP2|A.FLIP3|A.FLIPGeneral|A.GUIDED1|A.LAND1|A.LAND2|A.LOITER1|A.RC.FS1|A.RC.FS2|A.RTL1|A.RTL2|A.RTL3|A.RTL4|A.SPORT1,SIM_MAG_OFS_X,baseline/pgfuzz/ArduPilot/policies/A.ALT_HOLD1/envs.txt|baseline/pgfuzz/ArduPilot/policies/A.ALT_HOLD2/envs.txt|baseline/pgfuzz/ArduPilot/policies/A.BRAKE1/envs.txt|baseline/pgfuzz/ArduPilot/policies/A.CHUTE/envs.txt|baseline/pgfuzz/ArduPilot/policies/A.FLIP1/envs.txt|baseline/pgfuzz/ArduPilot/policies/A.FLIP2/envs.txt|baseline/pgfuzz/ArduPilot/policies/A.FLIP3/envs.txt|baseline/pgfuzz/ArduPilot/policies/A.FLIP4/envs.txt|baseline/pgfuzz/ArduPilot/policies/A.GUIDED1/envs.txt|baseline/pgfuzz/ArduPilot/policies/A.LAND1/envs.txt|baseline/pgfuzz/ArduPilot/policies/A.LAND2/envs.txt|baseline/pgfuzz/ArduPilot/policies/A.LOITER1/envs.txt|baseline/pgfuzz/ArduPilot/policies/A.RC.FS1/envs.txt|baseline/pgfuzz/ArduPilot/policies/A.RC.FS2/envs.txt|baseline/pgfuzz/ArduPilot/policies/A.RTL1/envs.txt|baseline/pgfuzz/ArduPilot/policies/A.RTL2/envs.txt|baseline/pgfuzz/ArduPilot/policies/A.RTL3/envs.txt|baseline/pgfuzz/ArduPilot/policies/A.RTL4/envs.txt|baseline/pgfuzz/ArduPilot/policies/A.SPORT1/envs.txt,RENAMED_CURRENT_DEFINITION,SIM_MAG1_OFS_X,CURATED_INSTANCE1_MIGRATION_MODELLED,current instance-qualified SITL parameter family,当前参数显式区分传感器实例；映射到第一实例有名称和参数族证据，但未发现逐项历史迁移记录。,baseline/ardupilot/libraries/AP_Compass/AP_Compass.cpp:79|baseline/ardupilot/libraries/AP_GPS/MovingBase.cpp:12,exact_metadata_multiple,not_exposed_by_param_metadata_parser,,,UNKNOWN,baseline/ardupilot/libraries/AP_Compass/AP_Compass.cpp:79|baseline/ardupilot/libraries/AP_GPS/MovingBase.cpp:12,当前目录没有可用默认值证据。,,,,,,confirmed_by_frozen_runtime_snapshot,observed_in_frozen_runtime_parameter_download,5.0,quad,ardupilot-copter-m6,NOT_TESTED,,NOT_APPLICABLE,,参数身份和定义位置已找到；这不证明它与该性质存在真实数据依赖，也未执行写入变更测试。,NOT_ASSESSED
ArduPilot,InputE,SIM_MAG_OFS_Y,21,A.ALT_HOLD1|A.ALT_HOLD2|A.AUTO1|A.BRAKE1|A.CHUTE1|A.CIRCLE7|A.FLIP1|A.FLIP2|A.FLIP3|A.FLIPGeneral|A.GUIDED1|A.LAND1|A.LAND2|A.LOITER1|A.RC.FS1|A.RC.FS2|A.RTL1|A.RTL2|A.RTL3|A.RTL4|A.SPORT1,SIM_MAG_OFS_Y,baseline/pgfuzz/ArduPilot/policies/A.ALT_HOLD1/envs.txt|baseline/pgfuzz/ArduPilot/policies/A.ALT_HOLD2/envs.txt|baseline/pgfuzz/ArduPilot/policies/A.AUTO1/envs.txt|baseline/pgfuzz/ArduPilot/policies/A.BRAKE1/envs.txt|baseline/pgfuzz/ArduPilot/policies/A.CHUTE/envs.txt|baseline/pgfuzz/ArduPilot/policies/A.CIRCLE7/envs.txt|baseline/pgfuzz/ArduPilot/policies/A.FLIP1/envs.txt|baseline/pgfuzz/ArduPilot/policies/A.FLIP2/envs.txt|baseline/pgfuzz/ArduPilot/policies/A.FLIP3/envs.txt|baseline/pgfuzz/ArduPilot/policies/A.FLIP4/envs.txt|baseline/pgfuzz/ArduPilot/policies/A.GUIDED1/envs.txt|baseline/pgfuzz/ArduPilot/policies/A.LAND1/envs.txt|baseline/pgfuzz/ArduPilot/policies/A.LAND2/envs.txt|baseline/pgfuzz/ArduPilot/policies/A.LOITER1/envs.txt|baseline/pgfuzz/ArduPilot/policies/A.RC.FS1/envs.txt|baseline/pgfuzz/ArduPilot/policies/A.RC.FS2/envs.txt|baseline/pgfuzz/ArduPilot/policies/A.RTL1/envs.txt|baseline/pgfuzz/ArduPilot/policies/A.RTL2/envs.txt|baseline/pgfuzz/ArduPilot/policies/A.RTL3/envs.txt|baseline/pgfuzz/ArduPilot/policies/A.RTL4/envs.txt|baseline/pgfuzz/ArduPilot/policies/A.SPORT1/envs.txt,RENAMED_CURRENT_DEFINITION,SIM_MAG1_OFS_Y,CURATED_INSTANCE1_MIGRATION_MODELLED,current instance-qualified SITL parameter family,当前参数显式区分传感器实例；映射到第一实例有名称和参数族证据，但未发现逐项历史迁移记录。,baseline/ardupilot/libraries/AP_Compass/AP_Compass.cpp:88|baseline/ardupilot/libraries/AP_GPS/MovingBase.cpp:20,exact_metadata_multiple,not_exposed_by_param_metadata_parser,,,UNKNOWN,baseline/ardupilot/libraries/AP_Compass/AP_Compass.cpp:88|baseline/ardupilot/libraries/AP_GPS/MovingBase.cpp:20,当前目录没有可用默认值证据。,,,,,,confirmed_by_frozen_runtime_snapshot,observed_in_frozen_runtime_parameter_download,13.0,quad,ardupilot-copter-m6,NOT_TESTED,,NOT_APPLICABLE,,参数身份和定义位置已找到；这不证明它与该性质存在真实数据依赖，也未执行写入变更测试。,NOT_ASSESSED
ArduPilot,InputE,SIM_MAG_OFS_Z,19,A.ALT_HOLD1|A.ALT_HOLD2|A.BRAKE1|A.CHUTE1|A.FLIP1|A.FLIP2|A.FLIP3|A.FLIPGeneral|A.GUIDED1|A.LAND1|A.LAND2|A.LOITER1|A.RC.FS1|A.RC.FS2|A.RTL1|A.RTL2|A.RTL3|A.RTL4|A.SPORT1,SIM_MAG_OFS_Z,baseline/pgfuzz/ArduPilot/policies/A.ALT_HOLD1/envs.txt|baseline/pgfuzz/ArduPilot/policies/A.ALT_HOLD2/envs.txt|baseline/pgfuzz/ArduPilot/policies/A.BRAKE1/envs.txt|baseline/pgfuzz/ArduPilot/policies/A.CHUTE/envs.txt|baseline/pgfuzz/ArduPilot/policies/A.FLIP1/envs.txt|baseline/pgfuzz/ArduPilot/policies/A.FLIP2/envs.txt|baseline/pgfuzz/ArduPilot/policies/A.FLIP3/envs.txt|baseline/pgfuzz/ArduPilot/policies/A.FLIP4/envs.txt|baseline/pgfuzz/ArduPilot/policies/A.GUIDED1/envs.txt|baseline/pgfuzz/ArduPilot/policies/A.LAND1/envs.txt|baseline/pgfuzz/ArduPilot/policies/A.LAND2/envs.txt|baseline/pgfuzz/ArduPilot/policies/A.LOITER1/envs.txt|baseline/pgfuzz/ArduPilot/policies/A.RC.FS1/envs.txt|baseline/pgfuzz/ArduPilot/policies/A.RC.FS2/envs.txt|baseline/pgfuzz/ArduPilot/policies/A.RTL1/envs.txt|baseline/pgfuzz/ArduPilot/policies/A.RTL2/envs.txt|baseline/pgfuzz/ArduPilot/policies/A.RTL3/envs.txt|baseline/pgfuzz/ArduPilot/policies/A.RTL4/envs.txt|baseline/pgfuzz/ArduPilot/policies/A.SPORT1/envs.txt,RENAMED_CURRENT_DEFINITION,SIM_MAG1_OFS_Z,CURATED_INSTANCE1_MIGRATION_MODELLED,current instance-qualified SITL parameter family,当前参数显式区分传感器实例；映射到第一实例有名称和参数族证据，但未发现逐项历史迁移记录。,baseline/ardupilot/libraries/AP_Compass/AP_Compass.cpp:97|baseline/ardupilot/libraries/AP_GPS/MovingBase.cpp:28,exact_metadata_multiple,not_exposed_by_param_metadata_parser,,,UNKNOWN,baseline/ardupilot/libraries/AP_Compass/AP_Compass.cpp:97|baseline/ardupilot/libraries/AP_GPS/MovingBase.cpp:28,当前目录没有可用默认值证据。,,,,,,confirmed_by_frozen_runtime_snapshot,observed_in_frozen_runtime_parameter_download,-18.0,quad,ardupilot-copter-m6,NOT_TESTED,,NOT_APPLICABLE,,参数身份和定义位置已找到；这不证明它与该性质存在真实数据依赖，也未执行写入变更测试。,NOT_ASSESSED
ArduPilot,InputE,SIM_MAG_ORIENT,19,A.ALT_HOLD1|A.ALT_HOLD2|A.BRAKE1|A.CHUTE1|A.FLIP1|A.FLIP2|A.FLIP3|A.FLIPGeneral|A.GUIDED1|A.LAND1|A.LAND2|A.LOITER1|A.RC.FS1|A.RC.FS2|A.RTL1|A.RTL2|A.RTL3|A.RTL4|A.SPORT1,SIM_MAG_ORIENT,baseline/pgfuzz/ArduPilot/policies/A.ALT_HOLD1/envs.txt|baseline/pgfuzz/ArduPilot/policies/A.ALT_HOLD2/envs.txt|baseline/pgfuzz/ArduPilot/policies/A.BRAKE1/envs.txt|baseline/pgfuzz/ArduPilot/policies/A.CHUTE/envs.txt|baseline/pgfuzz/ArduPilot/policies/A.FLIP1/envs.txt|baseline/pgfuzz/ArduPilot/policies/A.FLIP2/envs.txt|baseline/pgfuzz/ArduPilot/policies/A.FLIP3/envs.txt|baseline/pgfuzz/ArduPilot/policies/A.FLIP4/envs.txt|baseline/pgfuzz/ArduPilot/policies/A.GUIDED1/envs.txt|baseline/pgfuzz/ArduPilot/policies/A.LAND1/envs.txt|baseline/pgfuzz/ArduPilot/policies/A.LAND2/envs.txt|baseline/pgfuzz/ArduPilot/policies/A.LOITER1/envs.txt|baseline/pgfuzz/ArduPilot/policies/A.RC.FS1/envs.txt|baseline/pgfuzz/ArduPilot/policies/A.RC.FS2/envs.txt|baseline/pgfuzz/ArduPilot/policies/A.RTL1/envs.txt|baseline/pgfuzz/ArduPilot/policies/A.RTL2/envs.txt|baseline/pgfuzz/ArduPilot/policies/A.RTL3/envs.txt|baseline/pgfuzz/ArduPilot/policies/A.RTL4/envs.txt|baseline/pgfuzz/ArduPilot/policies/A.SPORT1/envs.txt,RENAMED_CURRENT_DEFINITION,SIM_MAG1_ORIENT,CURATED_INSTANCE1_MIGRATION_MODELLED,current instance-qualified SITL parameter family,当前参数显式区分传感器实例；映射到第一实例有名称和参数族证据，但未发现逐项历史迁移记录。,baseline/ardupilot/libraries/SITL/SITL.cpp:804,exact_metadata_unique,not_exposed_by_param_metadata_parser,,,UNKNOWN,baseline/ardupilot/libraries/SITL/SITL.cpp:804,当前目录没有可用默认值证据。,,,,,,confirmed_by_frozen_runtime_snapshot,observed_in_frozen_runtime_parameter_download,0,quad,ardupilot-copter-m6,NOT_TESTED,,NOT_APPLICABLE,,参数身份和定义位置已找到；这不证明它与该性质存在真实数据依赖，也未执行写入变更测试。,NOT_ASSESSED
ArduPilot,InputE,SIM_MAG_RND,19,A.ALT_HOLD1|A.ALT_HOLD2|A.BRAKE1|A.CHUTE1|A.FLIP1|A.FLIP2|A.FLIP3|A.FLIPGeneral|A.GUIDED1|A.LAND1|A.LAND2|A.LOITER1|A.RC.FS1|A.RC.FS2|A.RTL1|A.RTL2|A.RTL3|A.RTL4|A.SPORT1,SIM_MAG_RND,baseline/pgfuzz/ArduPilot/policies/A.ALT_HOLD1/envs.txt|baseline/pgfuzz/ArduPilot/policies/A.ALT_HOLD2/envs.txt|baseline/pgfuzz/ArduPilot/policies/A.BRAKE1/envs.txt|baseline/pgfuzz/ArduPilot/policies/A.CHUTE/envs.txt|baseline/pgfuzz/ArduPilot/policies/A.FLIP1/envs.txt|baseline/pgfuzz/ArduPilot/policies/A.FLIP2/envs.txt|baseline/pgfuzz/ArduPilot/policies/A.FLIP3/envs.txt|baseline/pgfuzz/ArduPilot/policies/A.FLIP4/envs.txt|baseline/pgfuzz/ArduPilot/policies/A.GUIDED1/envs.txt|baseline/pgfuzz/ArduPilot/policies/A.LAND1/envs.txt|baseline/pgfuzz/ArduPilot/policies/A.LAND2/envs.txt|baseline/pgfuzz/ArduPilot/policies/A.LOITER1/envs.txt|baseline/pgfuzz/ArduPilot/policies/A.RC.FS1/envs.txt|baseline/pgfuzz/ArduPilot/policies/A.RC.FS2/envs.txt|baseline/pgfuzz/ArduPilot/policies/A.RTL1/envs.txt|baseline/pgfuzz/ArduPilot/policies/A.RTL2/envs.txt|baseline/pgfuzz/ArduPilot/policies/A.RTL3/envs.txt|baseline/pgfuzz/ArduPilot/policies/A.RTL4/envs.txt|baseline/pgfuzz/ArduPilot/policies/A.SPORT1/envs.txt,EXACT_CURRENT_DEFINITION,SIM_MAG_RND,EXACT_NAME_DEFINITION,,,baseline/ardupilot/libraries/SITL/SITL.cpp:737,exact_metadata_unique,not_exposed_by_param_metadata_parser,,,UNKNOWN,baseline/ardupilot/libraries/SITL/SITL.cpp:737,当前目录没有可用默认值证据。,,,,,,confirmed_by_frozen_runtime_snapshot,observed_in_frozen_runtime_parameter_download,0.0,quad,ardupilot-copter-m6,NOT_TESTED,,NOT_APPLICABLE,,参数身份和定义位置已找到；这不证明它与该性质存在真实数据依赖，也未执行写入变更测试。,NOT_ASSESSED
ArduPilot,InputE,SIM_MAG_SCALING,19,A.ALT_HOLD1|A.ALT_HOLD2|A.BRAKE1|A.CHUTE1|A.FLIP1|A.FLIP2|A.FLIP3|A.FLIPGeneral|A.GUIDED1|A.LAND1|A.LAND2|A.LOITER1|A.RC.FS1|A.RC.FS2|A.RTL1|A.RTL2|A.RTL3|A.RTL4|A.SPORT1,SIM_MAG_SCALING,baseline/pgfuzz/ArduPilot/policies/A.ALT_HOLD1/envs.txt|baseline/pgfuzz/ArduPilot/policies/A.ALT_HOLD2/envs.txt|baseline/pgfuzz/ArduPilot/policies/A.BRAKE1/envs.txt|baseline/pgfuzz/ArduPilot/policies/A.CHUTE/envs.txt|baseline/pgfuzz/ArduPilot/policies/A.FLIP1/envs.txt|baseline/pgfuzz/ArduPilot/policies/A.FLIP2/envs.txt|baseline/pgfuzz/ArduPilot/policies/A.FLIP3/envs.txt|baseline/pgfuzz/ArduPilot/policies/A.FLIP4/envs.txt|baseline/pgfuzz/ArduPilot/policies/A.GUIDED1/envs.txt|baseline/pgfuzz/ArduPilot/policies/A.LAND1/envs.txt|baseline/pgfuzz/ArduPilot/policies/A.LAND2/envs.txt|baseline/pgfuzz/ArduPilot/policies/A.LOITER1/envs.txt|baseline/pgfuzz/ArduPilot/policies/A.RC.FS1/envs.txt|baseline/pgfuzz/ArduPilot/policies/A.RC.FS2/envs.txt|baseline/pgfuzz/ArduPilot/policies/A.RTL1/envs.txt|baseline/pgfuzz/ArduPilot/policies/A.RTL2/envs.txt|baseline/pgfuzz/ArduPilot/policies/A.RTL3/envs.txt|baseline/pgfuzz/ArduPilot/policies/A.RTL4/envs.txt|baseline/pgfuzz/ArduPilot/policies/A.SPORT1/envs.txt,RENAMED_CURRENT_DEFINITION,SIM_MAG1_SCALING,CURATED_INSTANCE1_MIGRATION_MODELLED,current instance-qualified SITL parameter family,当前参数显式区分传感器实例；映射到第一实例有名称和参数族证据，但未发现逐项历史迁移记录。,baseline/ardupilot/libraries/SITL/SITL.cpp:809,exact_metadata_unique,not_exposed_by_param_metadata_parser,,,UNKNOWN,baseline/ardupilot/libraries/SITL/SITL.cpp:809,当前目录没有可用默认值证据。,,,,,,confirmed_by_frozen_runtime_snapshot,observed_in_frozen_runtime_parameter_download,1.0,quad,ardupilot-copter-m6,NOT_TESTED,,NOT_APPLICABLE,,参数身份和定义位置已找到；这不证明它与该性质存在真实数据依赖，也未执行写入变更测试。,NOT_ASSESSED
ArduPilot,InputE,SIM_ODOM_ENABLE,19,A.ALT_HOLD1|A.ALT_HOLD2|A.BRAKE1|A.CHUTE1|A.FLIP1|A.FLIP2|A.FLIP3|A.FLIPGeneral|A.GUIDED1|A.LAND1|A.LAND2|A.LOITER1|A.RC.FS1|A.RC.FS2|A.RTL1|A.RTL2|A.RTL3|A.RTL4|A.SPORT1,SIM_ODOM_ENABLE,baseline/pgfuzz/ArduPilot/policies/A.ALT_HOLD1/envs.txt|baseline/pgfuzz/ArduPilot/policies/A.ALT_HOLD2/envs.txt|baseline/pgfuzz/ArduPilot/policies/A.BRAKE1/envs.txt|baseline/pgfuzz/ArduPilot/policies/A.CHUTE/envs.txt|baseline/pgfuzz/ArduPilot/policies/A.FLIP1/envs.txt|baseline/pgfuzz/ArduPilot/policies/A.FLIP2/envs.txt|baseline/pgfuzz/ArduPilot/policies/A.FLIP3/envs.txt|baseline/pgfuzz/ArduPilot/policies/A.FLIP4/envs.txt|baseline/pgfuzz/ArduPilot/policies/A.GUIDED1/envs.txt|baseline/pgfuzz/ArduPilot/policies/A.LAND1/envs.txt|baseline/pgfuzz/ArduPilot/policies/A.LAND2/envs.txt|baseline/pgfuzz/ArduPilot/policies/A.LOITER1/envs.txt|baseline/pgfuzz/ArduPilot/policies/A.RC.FS1/envs.txt|baseline/pgfuzz/ArduPilot/policies/A.RC.FS2/envs.txt|baseline/pgfuzz/ArduPilot/policies/A.RTL1/envs.txt|baseline/pgfuzz/ArduPilot/policies/A.RTL2/envs.txt|baseline/pgfuzz/ArduPilot/policies/A.RTL3/envs.txt|baseline/pgfuzz/ArduPilot/policies/A.RTL4/envs.txt|baseline/pgfuzz/ArduPilot/policies/A.SPORT1/envs.txt,EXACT_CURRENT_DEFINITION,SIM_ODOM_ENABLE,EXACT_NAME_DEFINITION,,,baseline/ardupilot/libraries/SITL/SITL.cpp:510,exact_metadata_unique,not_exposed_by_param_metadata_parser,,,UNKNOWN,baseline/ardupilot/libraries/SITL/SITL.cpp:510,当前目录没有可用默认值证据。,,,,,,confirmed_by_frozen_runtime_snapshot,observed_in_frozen_runtime_parameter_download,0,quad,ardupilot-copter-m6,NOT_TESTED,,NOT_APPLICABLE,,参数身份和定义位置已找到；这不证明它与该性质存在真实数据依赖，也未执行写入变更测试。,NOT_ASSESSED
ArduPilot,InputE,SIM_OPOS_ALT,19,A.ALT_HOLD1|A.ALT_HOLD2|A.BRAKE1|A.CHUTE1|A.FLIP1|A.FLIP2|A.FLIP3|A.FLIPGeneral|A.GUIDED1|A.LAND1|A.LAND2|A.LOITER1|A.RC.FS1|A.RC.FS2|A.RTL1|A.RTL2|A.RTL3|A.RTL4|A.SPORT1,SIM_OPOS_ALT,baseline/pgfuzz/ArduPilot/policies/A.ALT_HOLD1/envs.txt|baseline/pgfuzz/ArduPilot/policies/A.ALT_HOLD2/envs.txt|baseline/pgfuzz/ArduPilot/policies/A.BRAKE1/envs.txt|baseline/pgfuzz/ArduPilot/policies/A.CHUTE/envs.txt|baseline/pgfuzz/ArduPilot/policies/A.FLIP1/envs.txt|baseline/pgfuzz/ArduPilot/policies/A.FLIP2/envs.txt|baseline/pgfuzz/ArduPilot/policies/A.FLIP3/envs.txt|baseline/pgfuzz/ArduPilot/policies/A.FLIP4/envs.txt|baseline/pgfuzz/ArduPilot/policies/A.GUIDED1/envs.txt|baseline/pgfuzz/ArduPilot/policies/A.LAND1/envs.txt|baseline/pgfuzz/ArduPilot/policies/A.LAND2/envs.txt|baseline/pgfuzz/ArduPilot/policies/A.LOITER1/envs.txt|baseline/pgfuzz/ArduPilot/policies/A.RC.FS1/envs.txt|baseline/pgfuzz/ArduPilot/policies/A.RC.FS2/envs.txt|baseline/pgfuzz/ArduPilot/policies/A.RTL1/envs.txt|baseline/pgfuzz/ArduPilot/policies/A.RTL2/envs.txt|baseline/pgfuzz/ArduPilot/policies/A.RTL3/envs.txt|baseline/pgfuzz/ArduPilot/policies/A.RTL4/envs.txt|baseline/pgfuzz/ArduPilot/policies/A.SPORT1/envs.txt,EXACT_CURRENT_DEFINITION,SIM_OPOS_ALT,EXACT_NAME_DEFINITION,,,baseline/ardupilot/libraries/SITL/SITL.cpp:449,exact_metadata_unique,not_exposed_by_param_metadata_parser,,,UNKNOWN,baseline/ardupilot/libraries/SITL/SITL.cpp:449,当前目录没有可用默认值证据。,,,,,,confirmed_by_frozen_runtime_snapshot,observed_in_frozen_runtime_parameter_download,584.0,quad,ardupilot-copter-m6,NOT_TESTED,,NOT_APPLICABLE,,参数身份和定义位置已找到；这不证明它与该性质存在真实数据依赖，也未执行写入变更测试。,NOT_ASSESSED
ArduPilot,InputE,SIM_OPOS_HDG,5,A.BRAKE1|A.GUIDED1|A.LOITER1|A.RTL2|A.RTL3,SIM_OPOS_HDG,baseline/pgfuzz/ArduPilot/policies/A.BRAKE1/envs.txt|baseline/pgfuzz/ArduPilot/policies/A.GUIDED1/envs.txt|baseline/pgfuzz/ArduPilot/policies/A.LOITER1/envs.txt|baseline/pgfuzz/ArduPilot/policies/A.RTL2/envs.txt|baseline/pgfuzz/ArduPilot/policies/A.RTL3/envs.txt,EXACT_CURRENT_DEFINITION,SIM_OPOS_HDG,EXACT_NAME_DEFINITION,,,baseline/ardupilot/libraries/SITL/SITL.cpp:454,exact_metadata_unique,not_exposed_by_param_metadata_parser,,,UNKNOWN,baseline/ardupilot/libraries/SITL/SITL.cpp:454,当前目录没有可用默认值证据。,,,,,,confirmed_by_frozen_runtime_snapshot,observed_in_frozen_runtime_parameter_download,353.0,quad,ardupilot-copter-m6,NOT_TESTED,,NOT_APPLICABLE,,参数身份和定义位置已找到；这不证明它与该性质存在真实数据依赖，也未执行写入变更测试。,NOT_ASSESSED
ArduPilot,InputE,SIM_OPOS_LAT,5,A.BRAKE1|A.GUIDED1|A.LOITER1|A.RTL2|A.RTL3,SIM_OPOS_LAT,baseline/pgfuzz/ArduPilot/policies/A.BRAKE1/envs.txt|baseline/pgfuzz/ArduPilot/policies/A.GUIDED1/envs.txt|baseline/pgfuzz/ArduPilot/policies/A.LOITER1/envs.txt|baseline/pgfuzz/ArduPilot/policies/A.RTL2/envs.txt|baseline/pgfuzz/ArduPilot/policies/A.RTL3/envs.txt,EXACT_CURRENT_DEFINITION,SIM_OPOS_LAT,EXACT_NAME_DEFINITION,,,baseline/ardupilot/libraries/SITL/SITL.cpp:439,exact_metadata_unique,not_exposed_by_param_metadata_parser,,,UNKNOWN,baseline/ardupilot/libraries/SITL/SITL.cpp:439,当前目录没有可用默认值证据。,,,,,,confirmed_by_frozen_runtime_snapshot,observed_in_frozen_runtime_parameter_download,-35.36326217651367,quad,ardupilot-copter-m6,NOT_TESTED,,NOT_APPLICABLE,,参数身份和定义位置已找到；这不证明它与该性质存在真实数据依赖，也未执行写入变更测试。,NOT_ASSESSED
ArduPilot,InputE,SIM_PARA_ENABLE,7,A.AUTO1|A.BRAKE1|A.CIRCLE7|A.GUIDED1|A.LOITER1|A.RTL2|A.RTL3,SIM_PARA_ENABLE,baseline/pgfuzz/ArduPilot/policies/A.AUTO1/envs.txt|baseline/pgfuzz/ArduPilot/policies/A.BRAKE1/envs.txt|baseline/pgfuzz/ArduPilot/policies/A.CIRCLE7/envs.txt|baseline/pgfuzz/ArduPilot/policies/A.GUIDED1/envs.txt|baseline/pgfuzz/ArduPilot/policies/A.LOITER1/envs.txt|baseline/pgfuzz/ArduPilot/policies/A.RTL2/envs.txt|baseline/pgfuzz/ArduPilot/policies/A.RTL3/envs.txt,EXACT_CURRENT_DEFINITION,SIM_PARA_ENABLE,EXACT_NAME_DEFINITION,,,baseline/ardupilot/libraries/SITL/SIM_Parachute.cpp:29,exact_metadata_unique,not_exposed_by_param_metadata_parser,0),0,SOURCE_METADATA_LITERAL_OR_EXPRESSION,baseline/ardupilot/libraries/SITL/SIM_Parachute.cpp:29,保存参数目录解析出的字面值或未求值源码表达式；它不是运行值，宏表达式不能冒充已求值数值。,,,,,,confirmed_by_frozen_runtime_snapshot,observed_in_frozen_runtime_parameter_download,0,quad,ardupilot-copter-m6,NOT_TESTED,,NOT_APPLICABLE,,参数身份和定义位置已找到；这不证明它与该性质存在真实数据依赖，也未执行写入变更测试。,NOT_ASSESSED
ArduPilot,InputE,SIM_PARA_PIN,21,A.ALT_HOLD1|A.ALT_HOLD2|A.AUTO1|A.BRAKE1|A.CHUTE1|A.CIRCLE7|A.FLIP1|A.FLIP2|A.FLIP3|A.FLIPGeneral|A.GUIDED1|A.LAND1|A.LAND2|A.LOITER1|A.RC.FS1|A.RC.FS2|A.RTL1|A.RTL2|A.RTL3|A.RTL4|A.SPORT1,SIM_PARA_PIN,baseline/pgfuzz/ArduPilot/policies/A.ALT_HOLD1/envs.txt|baseline/pgfuzz/ArduPilot/policies/A.ALT_HOLD2/envs.txt|baseline/pgfuzz/ArduPilot/policies/A.AUTO1/envs.txt|baseline/pgfuzz/ArduPilot/policies/A.BRAKE1/envs.txt|baseline/pgfuzz/ArduPilot/policies/A.CHUTE/envs.txt|baseline/pgfuzz/ArduPilot/policies/A.CIRCLE7/envs.txt|baseline/pgfuzz/ArduPilot/policies/A.FLIP1/envs.txt|baseline/pgfuzz/ArduPilot/policies/A.FLIP2/envs.txt|baseline/pgfuzz/ArduPilot/policies/A.FLIP3/envs.txt|baseline/pgfuzz/ArduPilot/policies/A.FLIP4/envs.txt|baseline/pgfuzz/ArduPilot/policies/A.GUIDED1/envs.txt|baseline/pgfuzz/ArduPilot/policies/A.LAND1/envs.txt|baseline/pgfuzz/ArduPilot/policies/A.LAND2/envs.txt|baseline/pgfuzz/ArduPilot/policies/A.LOITER1/envs.txt|baseline/pgfuzz/ArduPilot/policies/A.RC.FS1/envs.txt|baseline/pgfuzz/ArduPilot/policies/A.RC.FS2/envs.txt|baseline/pgfuzz/ArduPilot/policies/A.RTL1/envs.txt|baseline/pgfuzz/ArduPilot/policies/A.RTL2/envs.txt|baseline/pgfuzz/ArduPilot/policies/A.RTL3/envs.txt|baseline/pgfuzz/ArduPilot/policies/A.RTL4/envs.txt|baseline/pgfuzz/ArduPilot/policies/A.SPORT1/envs.txt,EXACT_CURRENT_DEFINITION,SIM_PARA_PIN,EXACT_NAME_DEFINITION,,,baseline/ardupilot/libraries/SITL/SIM_Parachute.cpp:36,exact_metadata_unique,not_exposed_by_param_metadata_parser,-1),-1,SOURCE_METADATA_LITERAL_OR_EXPRESSION,baseline/ardupilot/libraries/SITL/SIM_Parachute.cpp:36,保存参数目录解析出的字面值或未求值源码表达式；它不是运行值，宏表达式不能冒充已求值数值。,0,15,,,,confirmed_by_frozen_runtime_snapshot,observed_in_frozen_runtime_parameter_download,-1,quad,ardupilot-copter-m6,NOT_TESTED,,NOT_APPLICABLE,,参数身份和定义位置已找到；这不证明它与该性质存在真实数据依赖，也未执行写入变更测试。,NOT_ASSESSED
ArduPilot,InputE,SIM_PIN_MASK,21,A.ALT_HOLD1|A.ALT_HOLD2|A.AUTO1|A.BRAKE1|A.CHUTE1|A.CIRCLE7|A.FLIP1|A.FLIP2|A.FLIP3|A.FLIPGeneral|A.GUIDED1|A.LAND1|A.LAND2|A.LOITER1|A.RC.FS1|A.RC.FS2|A.RTL1|A.RTL2|A.RTL3|A.RTL4|A.SPORT1,SIM_PIN_MASK,baseline/pgfuzz/ArduPilot/policies/A.ALT_HOLD1/envs.txt|baseline/pgfuzz/ArduPilot/policies/A.ALT_HOLD2/envs.txt|baseline/pgfuzz/ArduPilot/policies/A.AUTO1/envs.txt|baseline/pgfuzz/ArduPilot/policies/A.BRAKE1/envs.txt|baseline/pgfuzz/ArduPilot/policies/A.CHUTE/envs.txt|baseline/pgfuzz/ArduPilot/policies/A.CIRCLE7/envs.txt|baseline/pgfuzz/ArduPilot/policies/A.FLIP1/envs.txt|baseline/pgfuzz/ArduPilot/policies/A.FLIP2/envs.txt|baseline/pgfuzz/ArduPilot/policies/A.FLIP3/envs.txt|baseline/pgfuzz/ArduPilot/policies/A.FLIP4/envs.txt|baseline/pgfuzz/ArduPilot/policies/A.GUIDED1/envs.txt|baseline/pgfuzz/ArduPilot/policies/A.LAND1/envs.txt|baseline/pgfuzz/ArduPilot/policies/A.LAND2/envs.txt|baseline/pgfuzz/ArduPilot/policies/A.LOITER1/envs.txt|baseline/pgfuzz/ArduPilot/policies/A.RC.FS1/envs.txt|baseline/pgfuzz/ArduPilot/policies/A.RC.FS2/envs.txt|baseline/pgfuzz/ArduPilot/policies/A.RTL1/envs.txt|baseline/pgfuzz/ArduPilot/policies/A.RTL2/envs.txt|baseline/pgfuzz/ArduPilot/policies/A.RTL3/envs.txt|baseline/pgfuzz/ArduPilot/policies/A.RTL4/envs.txt|baseline/pgfuzz/ArduPilot/policies/A.SPORT1/envs.txt,EXACT_CURRENT_DEFINITION,SIM_PIN_MASK,EXACT_NAME_DEFINITION,,,baseline/ardupilot/libraries/SITL/SITL.cpp:208,exact_metadata_unique,not_exposed_by_param_metadata_parser,,,UNKNOWN,baseline/ardupilot/libraries/SITL/SITL.cpp:208,当前目录没有可用默认值证据。,,,,,,confirmed_by_frozen_runtime_snapshot,observed_in_frozen_runtime_parameter_download,0,quad,ardupilot-copter-m6,NOT_TESTED,,NOT_APPLICABLE,,参数身份和定义位置已找到；这不证明它与该性质存在真实数据依赖，也未执行写入变更测试。,NOT_ASSESSED
ArduPilot,InputE,SIM_PLD_ALT_LMT,21,A.ALT_HOLD1|A.ALT_HOLD2|A.AUTO1|A.BRAKE1|A.CHUTE1|A.CIRCLE7|A.FLIP1|A.FLIP2|A.FLIP3|A.FLIPGeneral|A.GUIDED1|A.LAND1|A.LAND2|A.LOITER1|A.RC.FS1|A.RC.FS2|A.RTL1|A.RTL2|A.RTL3|A.RTL4|A.SPORT1,SIM_PLD_ALT_LMT,baseline/pgfuzz/ArduPilot/policies/A.ALT_HOLD1/envs.txt|baseline/pgfuzz/ArduPilot/policies/A.ALT_HOLD2/envs.txt|baseline/pgfuzz/ArduPilot/policies/A.AUTO1/envs.txt|baseline/pgfuzz/ArduPilot/policies/A.BRAKE1/envs.txt|baseline/pgfuzz/ArduPilot/policies/A.CHUTE/envs.txt|baseline/pgfuzz/ArduPilot/policies/A.CIRCLE7/envs.txt|baseline/pgfuzz/ArduPilot/policies/A.FLIP1/envs.txt|baseline/pgfuzz/ArduPilot/policies/A.FLIP2/envs.txt|baseline/pgfuzz/ArduPilot/policies/A.FLIP3/envs.txt|baseline/pgfuzz/ArduPilot/policies/A.FLIP4/envs.txt|baseline/pgfuzz/ArduPilot/policies/A.GUIDED1/envs.txt|baseline/pgfuzz/ArduPilot/policies/A.LAND1/envs.txt|baseline/pgfuzz/ArduPilot/policies/A.LAND2/envs.txt|baseline/pgfuzz/ArduPilot/policies/A.LOITER1/envs.txt|baseline/pgfuzz/ArduPilot/policies/A.RC.FS1/envs.txt|baseline/pgfuzz/ArduPilot/policies/A.RC.FS2/envs.txt|baseline/pgfuzz/ArduPilot/policies/A.RTL1/envs.txt|baseline/pgfuzz/ArduPilot/policies/A.RTL2/envs.txt|baseline/pgfuzz/ArduPilot/policies/A.RTL3/envs.txt|baseline/pgfuzz/ArduPilot/policies/A.RTL4/envs.txt|baseline/pgfuzz/ArduPilot/policies/A.SPORT1/envs.txt,EXACT_CURRENT_DEFINITION,SIM_PLD_ALT_LMT,EXACT_NAME_DEFINITION,,,baseline/ardupilot/libraries/SITL/SIM_Precland.cpp:89,exact_metadata_unique,not_exposed_by_param_metadata_parser,,,UNKNOWN,baseline/ardupilot/libraries/SITL/SIM_Precland.cpp:89,当前目录没有可用默认值证据。,0,100,,m,,confirmed_by_frozen_runtime_snapshot,observed_in_frozen_runtime_parameter_download,15.0,quad,ardupilot-copter-m6,NOT_TESTED,,NOT_APPLICABLE,,参数身份和定义位置已找到；这不证明它与该性质存在真实数据依赖，也未执行写入变更测试。,NOT_ASSESSED
ArduPilot,InputE,SIM_PLD_DIST_LMT,21,A.ALT_HOLD1|A.ALT_HOLD2|A.AUTO1|A.BRAKE1|A.CHUTE1|A.CIRCLE7|A.FLIP1|A.FLIP2|A.FLIP3|A.FLIPGeneral|A.GUIDED1|A.LAND1|A.LAND2|A.LOITER1|A.RC.FS1|A.RC.FS2|A.RTL1|A.RTL2|A.RTL3|A.RTL4|A.SPORT1,SIM_PLD_DIST_LMT,baseline/pgfuzz/ArduPilot/policies/A.ALT_HOLD1/envs.txt|baseline/pgfuzz/ArduPilot/policies/A.ALT_HOLD2/envs.txt|baseline/pgfuzz/ArduPilot/policies/A.AUTO1/envs.txt|baseline/pgfuzz/ArduPilot/policies/A.BRAKE1/envs.txt|baseline/pgfuzz/ArduPilot/policies/A.CHUTE/envs.txt|baseline/pgfuzz/ArduPilot/policies/A.CIRCLE7/envs.txt|baseline/pgfuzz/ArduPilot/policies/A.FLIP1/envs.txt|baseline/pgfuzz/ArduPilot/policies/A.FLIP2/envs.txt|baseline/pgfuzz/ArduPilot/policies/A.FLIP3/envs.txt|baseline/pgfuzz/ArduPilot/policies/A.FLIP4/envs.txt|baseline/pgfuzz/ArduPilot/policies/A.GUIDED1/envs.txt|baseline/pgfuzz/ArduPilot/policies/A.LAND1/envs.txt|baseline/pgfuzz/ArduPilot/policies/A.LAND2/envs.txt|baseline/pgfuzz/ArduPilot/policies/A.LOITER1/envs.txt|baseline/pgfuzz/ArduPilot/policies/A.RC.FS1/envs.txt|baseline/pgfuzz/ArduPilot/policies/A.RC.FS2/envs.txt|baseline/pgfuzz/ArduPilot/policies/A.RTL1/envs.txt|baseline/pgfuzz/ArduPilot/policies/A.RTL2/envs.txt|baseline/pgfuzz/ArduPilot/policies/A.RTL3/envs.txt|baseline/pgfuzz/ArduPilot/policies/A.RTL4/envs.txt|baseline/pgfuzz/ArduPilot/policies/A.SPORT1/envs.txt,EXACT_CURRENT_DEFINITION,SIM_PLD_DIST_LMT,EXACT_NAME_DEFINITION,,,baseline/ardupilot/libraries/SITL/SIM_Precland.cpp:97,exact_metadata_unique,not_exposed_by_param_metadata_parser,,,UNKNOWN,baseline/ardupilot/libraries/SITL/SIM_Precland.cpp:97,当前目录没有可用默认值证据。,5,100,,m,,confirmed_by_frozen_runtime_snapshot,observed_in_frozen_runtime_parameter_download,10.0,quad,ardupilot-copter-m6,NOT_TESTED,,NOT_APPLICABLE,,参数身份和定义位置已找到；这不证明它与该性质存在真实数据依赖，也未执行写入变更测试。,NOT_ASSESSED
ArduPilot,InputE,SIM_PLD_ENABLE,7,A.AUTO1|A.BRAKE1|A.CIRCLE7|A.GUIDED1|A.LOITER1|A.RTL2|A.RTL3,SIM_PLD_ENABLE,baseline/pgfuzz/ArduPilot/policies/A.AUTO1/envs.txt|baseline/pgfuzz/ArduPilot/policies/A.BRAKE1/envs.txt|baseline/pgfuzz/ArduPilot/policies/A.CIRCLE7/envs.txt|baseline/pgfuzz/ArduPilot/policies/A.GUIDED1/envs.txt|baseline/pgfuzz/ArduPilot/policies/A.LOITER1/envs.txt|baseline/pgfuzz/ArduPilot/policies/A.RTL2/envs.txt|baseline/pgfuzz/ArduPilot/policies/A.RTL3/envs.txt,EXACT_CURRENT_DEFINITION,SIM_PLD_ENABLE,EXACT_NAME_DEFINITION,,,baseline/ardupilot/libraries/SITL/SIM_Precland.cpp:31,exact_metadata_unique,not_exposed_by_param_metadata_parser,,,UNKNOWN,baseline/ardupilot/libraries/SITL/SIM_Precland.cpp:31,当前目录没有可用默认值证据。,,,,,,confirmed_by_frozen_runtime_snapshot,observed_in_frozen_runtime_parameter_download,0,quad,ardupilot-copter-m6,NOT_TESTED,,NOT_APPLICABLE,,参数身份和定义位置已找到；这不证明它与该性质存在真实数据依赖，也未执行写入变更测试。,NOT_ASSESSED
ArduPilot,InputE,SIM_PLD_HEIGHT,21,A.ALT_HOLD1|A.ALT_HOLD2|A.AUTO1|A.BRAKE1|A.CHUTE1|A.CIRCLE7|A.FLIP1|A.FLIP2|A.FLIP3|A.FLIPGeneral|A.GUIDED1|A.LAND1|A.LAND2|A.LOITER1|A.RC.FS1|A.RC.FS2|A.RTL1|A.RTL2|A.RTL3|A.RTL4|A.SPORT1,SIM_PLD_HEIGHT,baseline/pgfuzz/ArduPilot/policies/A.ALT_HOLD1/envs.txt|baseline/pgfuzz/ArduPilot/policies/A.ALT_HOLD2/envs.txt|baseline/pgfuzz/ArduPilot/policies/A.AUTO1/envs.txt|baseline/pgfuzz/ArduPilot/policies/A.BRAKE1/envs.txt|baseline/pgfuzz/ArduPilot/policies/A.CHUTE/envs.txt|baseline/pgfuzz/ArduPilot/policies/A.CIRCLE7/envs.txt|baseline/pgfuzz/ArduPilot/policies/A.FLIP1/envs.txt|baseline/pgfuzz/ArduPilot/policies/A.FLIP2/envs.txt|baseline/pgfuzz/ArduPilot/policies/A.FLIP3/envs.txt|baseline/pgfuzz/ArduPilot/policies/A.FLIP4/envs.txt|baseline/pgfuzz/ArduPilot/policies/A.GUIDED1/envs.txt|baseline/pgfuzz/ArduPilot/policies/A.LAND1/envs.txt|baseline/pgfuzz/ArduPilot/policies/A.LAND2/envs.txt|baseline/pgfuzz/ArduPilot/policies/A.LOITER1/envs.txt|baseline/pgfuzz/ArduPilot/policies/A.RC.FS1/envs.txt|baseline/pgfuzz/ArduPilot/policies/A.RC.FS2/envs.txt|baseline/pgfuzz/ArduPilot/policies/A.RTL1/envs.txt|baseline/pgfuzz/ArduPilot/policies/A.RTL2/envs.txt|baseline/pgfuzz/ArduPilot/policies/A.RTL3/envs.txt|baseline/pgfuzz/ArduPilot/policies/A.RTL4/envs.txt|baseline/pgfuzz/ArduPilot/policies/A.SPORT1/envs.txt,EXACT_CURRENT_DEFINITION,SIM_PLD_HEIGHT,EXACT_NAME_DEFINITION,,,baseline/ardupilot/libraries/SITL/SIM_Precland.cpp:56,exact_metadata_unique,not_exposed_by_param_metadata_parser,,,UNKNOWN,baseline/ardupilot/libraries/SITL/SIM_Precland.cpp:56,当前目录没有可用默认值证据。,0,10000,1,m,,confirmed_by_frozen_runtime_snapshot,observed_in_frozen_runtime_parameter_download,0.0,quad,ardupilot-copter-m6,NOT_TESTED,,NOT_APPLICABLE,,参数身份和定义位置已找到；这不证明它与该性质存在真实数据依赖，也未执行写入变更测试。,NOT_ASSESSED
ArduPilot,InputE,SIM_PLD_LAT,21,A.ALT_HOLD1|A.ALT_HOLD2|A.AUTO1|A.BRAKE1|A.CHUTE1|A.CIRCLE7|A.FLIP1|A.FLIP2|A.FLIP3|A.FLIPGeneral|A.GUIDED1|A.LAND1|A.LAND2|A.LOITER1|A.RC.FS1|A.RC.FS2|A.RTL1|A.RTL2|A.RTL3|A.RTL4|A.SPORT1,SIM_PLD_LAT,baseline/pgfuzz/ArduPilot/policies/A.ALT_HOLD1/envs.txt|baseline/pgfuzz/ArduPilot/policies/A.ALT_HOLD2/envs.txt|baseline/pgfuzz/ArduPilot/policies/A.AUTO1/envs.txt|baseline/pgfuzz/ArduPilot/policies/A.BRAKE1/envs.txt|baseline/pgfuzz/ArduPilot/policies/A.CHUTE/envs.txt|baseline/pgfuzz/ArduPilot/policies/A.CIRCLE7/envs.txt|baseline/pgfuzz/ArduPilot/policies/A.FLIP1/envs.txt|baseline/pgfuzz/ArduPilot/policies/A.FLIP2/envs.txt|baseline/pgfuzz/ArduPilot/policies/A.FLIP3/envs.txt|baseline/pgfuzz/ArduPilot/policies/A.FLIP4/envs.txt|baseline/pgfuzz/ArduPilot/policies/A.GUIDED1/envs.txt|baseline/pgfuzz/ArduPilot/policies/A.LAND1/envs.txt|baseline/pgfuzz/ArduPilot/policies/A.LAND2/envs.txt|baseline/pgfuzz/ArduPilot/policies/A.LOITER1/envs.txt|baseline/pgfuzz/ArduPilot/policies/A.RC.FS1/envs.txt|baseline/pgfuzz/ArduPilot/policies/A.RC.FS2/envs.txt|baseline/pgfuzz/ArduPilot/policies/A.RTL1/envs.txt|baseline/pgfuzz/ArduPilot/policies/A.RTL2/envs.txt|baseline/pgfuzz/ArduPilot/policies/A.RTL3/envs.txt|baseline/pgfuzz/ArduPilot/policies/A.RTL4/envs.txt|baseline/pgfuzz/ArduPilot/policies/A.SPORT1/envs.txt,EXACT_CURRENT_DEFINITION,SIM_PLD_LAT,EXACT_NAME_DEFINITION,,,baseline/ardupilot/libraries/SITL/SIM_Precland.cpp:38,exact_metadata_unique,not_exposed_by_param_metadata_parser,,,UNKNOWN,baseline/ardupilot/libraries/SITL/SIM_Precland.cpp:38,当前目录没有可用默认值证据。,-90,90,0.000001,deg,,confirmed_by_frozen_runtime_snapshot,observed_in_frozen_runtime_parameter_download,-35.36326217651367,quad,ardupilot-copter-m6,NOT_TESTED,,NOT_APPLICABLE,,参数身份和定义位置已找到；这不证明它与该性质存在真实数据依赖，也未执行写入变更测试。,NOT_ASSESSED
ArduPilot,InputE,SIM_PLD_LON,21,A.ALT_HOLD1|A.ALT_HOLD2|A.AUTO1|A.BRAKE1|A.CHUTE1|A.CIRCLE7|A.FLIP1|A.FLIP2|A.FLIP3|A.FLIPGeneral|A.GUIDED1|A.LAND1|A.LAND2|A.LOITER1|A.RC.FS1|A.RC.FS2|A.RTL1|A.RTL2|A.RTL3|A.RTL4|A.SPORT1,SIM_PLD_LON,baseline/pgfuzz/ArduPilot/policies/A.ALT_HOLD1/envs.txt|baseline/pgfuzz/ArduPilot/policies/A.ALT_HOLD2/envs.txt|baseline/pgfuzz/ArduPilot/policies/A.AUTO1/envs.txt|baseline/pgfuzz/ArduPilot/policies/A.BRAKE1/envs.txt|baseline/pgfuzz/ArduPilot/policies/A.CHUTE/envs.txt|baseline/pgfuzz/ArduPilot/policies/A.CIRCLE7/envs.txt|baseline/pgfuzz/ArduPilot/policies/A.FLIP1/envs.txt|baseline/pgfuzz/ArduPilot/policies/A.FLIP2/envs.txt|baseline/pgfuzz/ArduPilot/policies/A.FLIP3/envs.txt|baseline/pgfuzz/ArduPilot/policies/A.FLIP4/envs.txt|baseline/pgfuzz/ArduPilot/policies/A.GUIDED1/envs.txt|baseline/pgfuzz/ArduPilot/policies/A.LAND1/envs.txt|baseline/pgfuzz/ArduPilot/policies/A.LAND2/envs.txt|baseline/pgfuzz/ArduPilot/policies/A.LOITER1/envs.txt|baseline/pgfuzz/ArduPilot/policies/A.RC.FS1/envs.txt|baseline/pgfuzz/ArduPilot/policies/A.RC.FS2/envs.txt|baseline/pgfuzz/ArduPilot/policies/A.RTL1/envs.txt|baseline/pgfuzz/ArduPilot/policies/A.RTL2/envs.txt|baseline/pgfuzz/ArduPilot/policies/A.RTL3/envs.txt|baseline/pgfuzz/ArduPilot/policies/A.RTL4/envs.txt|baseline/pgfuzz/ArduPilot/policies/A.SPORT1/envs.txt,EXACT_CURRENT_DEFINITION,SIM_PLD_LON,EXACT_NAME_DEFINITION,,,baseline/ardupilot/libraries/SITL/SIM_Precland.cpp:47,exact_metadata_unique,not_exposed_by_param_metadata_parser,,,UNKNOWN,baseline/ardupilot/libraries/SITL/SIM_Precland.cpp:47,当前目录没有可用默认值证据。,-180,180,0.000001,deg,,confirmed_by_frozen_runtime_snapshot,observed_in_frozen_runtime_parameter_download,149.1652374267578,quad,ardupilot-copter-m6,NOT_TESTED,,NOT_APPLICABLE,,参数身份和定义位置已找到；这不证明它与该性质存在真实数据依赖，也未执行写入变更测试。,NOT_ASSESSED
ArduPilot,InputE,SIM_PLD_RATE,21,A.ALT_HOLD1|A.ALT_HOLD2|A.AUTO1|A.BRAKE1|A.CHUTE1|A.CIRCLE7|A.FLIP1|A.FLIP2|A.FLIP3|A.FLIPGeneral|A.GUIDED1|A.LAND1|A.LAND2|A.LOITER1|A.RC.FS1|A.RC.FS2|A.RTL1|A.RTL2|A.RTL3|A.RTL4|A.SPORT1,SIM_PLD_RATE,baseline/pgfuzz/ArduPilot/policies/A.ALT_HOLD1/envs.txt|baseline/pgfuzz/ArduPilot/policies/A.ALT_HOLD2/envs.txt|baseline/pgfuzz/ArduPilot/policies/A.AUTO1/envs.txt|baseline/pgfuzz/ArduPilot/policies/A.BRAKE1/envs.txt|baseline/pgfuzz/ArduPilot/policies/A.CHUTE/envs.txt|baseline/pgfuzz/ArduPilot/policies/A.CIRCLE7/envs.txt|baseline/pgfuzz/ArduPilot/policies/A.FLIP1/envs.txt|baseline/pgfuzz/ArduPilot/policies/A.FLIP2/envs.txt|baseline/pgfuzz/ArduPilot/policies/A.FLIP3/envs.txt|baseline/pgfuzz/ArduPilot/policies/A.FLIP4/envs.txt|baseline/pgfuzz/ArduPilot/policies/A.GUIDED1/envs.txt|baseline/pgfuzz/ArduPilot/policies/A.LAND1/envs.txt|baseline/pgfuzz/ArduPilot/policies/A.LAND2/envs.txt|baseline/pgfuzz/ArduPilot/policies/A.LOITER1/envs.txt|baseline/pgfuzz/ArduPilot/policies/A.RC.FS1/envs.txt|baseline/pgfuzz/ArduPilot/policies/A.RC.FS2/envs.txt|baseline/pgfuzz/ArduPilot/policies/A.RTL1/envs.txt|baseline/pgfuzz/ArduPilot/policies/A.RTL2/envs.txt|baseline/pgfuzz/ArduPilot/policies/A.RTL3/envs.txt|baseline/pgfuzz/ArduPilot/policies/A.RTL4/envs.txt|baseline/pgfuzz/ArduPilot/policies/A.SPORT1/envs.txt,EXACT_CURRENT_DEFINITION,SIM_PLD_RATE,EXACT_NAME_DEFINITION,,,baseline/ardupilot/libraries/SITL/SIM_Precland.cpp:74,exact_metadata_unique,not_exposed_by_param_metadata_parser,,,UNKNOWN,baseline/ardupilot/libraries/SITL/SIM_Precland.cpp:74,当前目录没有可用默认值证据。,0,200,,Hz,,confirmed_by_frozen_runtime_snapshot,observed_in_frozen_runtime_parameter_download,100,quad,ardupilot-copter-m6,NOT_TESTED,,NOT_APPLICABLE,,参数身份和定义位置已找到；这不证明它与该性质存在真实数据依赖，也未执行写入变更测试。,NOT_ASSESSED
ArduPilot,InputE,SIM_PLD_TYPE,21,A.ALT_HOLD1|A.ALT_HOLD2|A.AUTO1|A.BRAKE1|A.CHUTE1|A.CIRCLE7|A.FLIP1|A.FLIP2|A.FLIP3|A.FLIPGeneral|A.GUIDED1|A.LAND1|A.LAND2|A.LOITER1|A.RC.FS1|A.RC.FS2|A.RTL1|A.RTL2|A.RTL3|A.RTL4|A.SPORT1,SIM_PLD_TYPE,baseline/pgfuzz/ArduPilot/policies/A.ALT_HOLD1/envs.txt|baseline/pgfuzz/ArduPilot/policies/A.ALT_HOLD2/envs.txt|baseline/pgfuzz/ArduPilot/policies/A.AUTO1/envs.txt|baseline/pgfuzz/ArduPilot/policies/A.BRAKE1/envs.txt|baseline/pgfuzz/ArduPilot/policies/A.CHUTE/envs.txt|baseline/pgfuzz/ArduPilot/policies/A.CIRCLE7/envs.txt|baseline/pgfuzz/ArduPilot/policies/A.FLIP1/envs.txt|baseline/pgfuzz/ArduPilot/policies/A.FLIP2/envs.txt|baseline/pgfuzz/ArduPilot/policies/A.FLIP3/envs.txt|baseline/pgfuzz/ArduPilot/policies/A.FLIP4/envs.txt|baseline/pgfuzz/ArduPilot/policies/A.GUIDED1/envs.txt|baseline/pgfuzz/ArduPilot/policies/A.LAND1/envs.txt|baseline/pgfuzz/ArduPilot/policies/A.LAND2/envs.txt|baseline/pgfuzz/ArduPilot/policies/A.LOITER1/envs.txt|baseline/pgfuzz/ArduPilot/policies/A.RC.FS1/envs.txt|baseline/pgfuzz/ArduPilot/policies/A.RC.FS2/envs.txt|baseline/pgfuzz/ArduPilot/policies/A.RTL1/envs.txt|baseline/pgfuzz/ArduPilot/policies/A.RTL2/envs.txt|baseline/pgfuzz/ArduPilot/policies/A.RTL3/envs.txt|baseline/pgfuzz/ArduPilot/policies/A.RTL4/envs.txt|baseline/pgfuzz/ArduPilot/policies/A.SPORT1/envs.txt,EXACT_CURRENT_DEFINITION,SIM_PLD_TYPE,EXACT_NAME_DEFINITION,,,baseline/ardupilot/libraries/SITL/SIM_Precland.cpp:82,exact_metadata_unique,not_exposed_by_param_metadata_parser,,,UNKNOWN,baseline/ardupilot/libraries/SITL/SIM_Precland.cpp:82,当前目录没有可用默认值证据。,,,,,,confirmed_by_frozen_runtime_snapshot,observed_in_frozen_runtime_parameter_download,0,quad,ardupilot-copter-m6,NOT_TESTED,,NOT_APPLICABLE,,参数身份和定义位置已找到；这不证明它与该性质存在真实数据依赖，也未执行写入变更测试。,NOT_ASSESSED
ArduPilot,InputE,SIM_PLD_YAW,21,A.ALT_HOLD1|A.ALT_HOLD2|A.AUTO1|A.BRAKE1|A.CHUTE1|A.CIRCLE7|A.FLIP1|A.FLIP2|A.FLIP3|A.FLIPGeneral|A.GUIDED1|A.LAND1|A.LAND2|A.LOITER1|A.RC.FS1|A.RC.FS2|A.RTL1|A.RTL2|A.RTL3|A.RTL4|A.SPORT1,SIM_PLD_YAW,baseline/pgfuzz/ArduPilot/policies/A.ALT_HOLD1/envs.txt|baseline/pgfuzz/ArduPilot/policies/A.ALT_HOLD2/envs.txt|baseline/pgfuzz/ArduPilot/policies/A.AUTO1/envs.txt|baseline/pgfuzz/ArduPilot/policies/A.BRAKE1/envs.txt|baseline/pgfuzz/ArduPilot/policies/A.CHUTE/envs.txt|baseline/pgfuzz/ArduPilot/policies/A.CIRCLE7/envs.txt|baseline/pgfuzz/ArduPilot/policies/A.FLIP1/envs.txt|baseline/pgfuzz/ArduPilot/policies/A.FLIP2/envs.txt|baseline/pgfuzz/ArduPilot/policies/A.FLIP3/envs.txt|baseline/pgfuzz/ArduPilot/policies/A.FLIP4/envs.txt|baseline/pgfuzz/ArduPilot/policies/A.GUIDED1/envs.txt|baseline/pgfuzz/ArduPilot/policies/A.LAND1/envs.txt|baseline/pgfuzz/ArduPilot/policies/A.LAND2/envs.txt|baseline/pgfuzz/ArduPilot/policies/A.LOITER1/envs.txt|baseline/pgfuzz/ArduPilot/policies/A.RC.FS1/envs.txt|baseline/pgfuzz/ArduPilot/policies/A.RC.FS2/envs.txt|baseline/pgfuzz/ArduPilot/policies/A.RTL1/envs.txt|baseline/pgfuzz/ArduPilot/policies/A.RTL2/envs.txt|baseline/pgfuzz/ArduPilot/policies/A.RTL3/envs.txt|baseline/pgfuzz/ArduPilot/policies/A.RTL4/envs.txt|baseline/pgfuzz/ArduPilot/policies/A.SPORT1/envs.txt,EXACT_CURRENT_DEFINITION,SIM_PLD_YAW,EXACT_NAME_DEFINITION,,,baseline/ardupilot/libraries/SITL/SIM_Precland.cpp:65,exact_metadata_unique,not_exposed_by_param_metadata_parser,,,UNKNOWN,baseline/ardupilot/libraries/SITL/SIM_Precland.cpp:65,当前目录没有可用默认值证据。,-180,+180,1,deg,,confirmed_by_frozen_runtime_snapshot,observed_in_frozen_runtime_parameter_download,353,quad,ardupilot-copter-m6,NOT_TESTED,,NOT_APPLICABLE,,参数身份和定义位置已找到；这不证明它与该性质存在真实数据依赖，也未执行写入变更测试。,NOT_ASSESSED
ArduPilot,InputE,SIM_RC_CHANCOUNT,26,A.ALT_HOLD1|A.ALT_HOLD2|A.AUTO1|A.CHUTE1|A.CIRCLE1|A.CIRCLE2|A.CIRCLE3|A.CIRCLE4|A.CIRCLE5|A.CIRCLE6|A.CIRCLE7|A.FLIP1|A.FLIP2|A.FLIP3|A.FLIPGeneral|A.GUIDED1|A.LAND1|A.LAND2|A.LOITER1|A.RC.FS1|A.RC.FS2|A.RTL1|A.RTL2|A.RTL3|A.RTL4|A.SPORT1,SIM_RC_CHANCOUNT,baseline/pgfuzz/ArduPilot/policies/A.ALT_HOLD1/envs.txt|baseline/pgfuzz/ArduPilot/policies/A.ALT_HOLD2/envs.txt|baseline/pgfuzz/ArduPilot/policies/A.AUTO1/envs.txt|baseline/pgfuzz/ArduPilot/policies/A.CHUTE/envs.txt|baseline/pgfuzz/ArduPilot/policies/A.CIRCLE1/envs.txt|baseline/pgfuzz/ArduPilot/policies/A.CIRCLE2/envs.txt|baseline/pgfuzz/ArduPilot/policies/A.CIRCLE3/envs.txt|baseline/pgfuzz/ArduPilot/policies/A.CIRCLE4_6/envs.txt|baseline/pgfuzz/ArduPilot/policies/A.CIRCLE7/envs.txt|baseline/pgfuzz/ArduPilot/policies/A.FLIP1/envs.txt|baseline/pgfuzz/ArduPilot/policies/A.FLIP2/envs.txt|baseline/pgfuzz/ArduPilot/policies/A.FLIP3/envs.txt|baseline/pgfuzz/ArduPilot/policies/A.FLIP4/envs.txt|baseline/pgfuzz/ArduPilot/policies/A.GUIDED1/envs.txt|baseline/pgfuzz/ArduPilot/policies/A.LAND1/envs.txt|baseline/pgfuzz/ArduPilot/policies/A.LAND2/envs.txt|baseline/pgfuzz/ArduPilot/policies/A.LOITER1/envs.txt|baseline/pgfuzz/ArduPilot/policies/A.RC.FS1/envs.txt|baseline/pgfuzz/ArduPilot/policies/A.RC.FS2/envs.txt|baseline/pgfuzz/ArduPilot/policies/A.RTL1/envs.txt|baseline/pgfuzz/ArduPilot/policies/A.RTL2/envs.txt|baseline/pgfuzz/ArduPilot/policies/A.RTL3/envs.txt|baseline/pgfuzz/ArduPilot/policies/A.RTL4/envs.txt|baseline/pgfuzz/ArduPilot/policies/A.SPORT1/envs.txt,EXACT_CURRENT_DEFINITION,SIM_RC_CHANCOUNT,EXACT_NAME_DEFINITION,,,baseline/ardupilot/libraries/SITL/SITL.cpp:301,exact_metadata_unique,not_exposed_by_param_metadata_parser,,,UNKNOWN,baseline/ardupilot/libraries/SITL/SITL.cpp:301,当前目录没有可用默认值证据。,,,,,,confirmed_by_frozen_runtime_snapshot,observed_in_frozen_runtime_parameter_download,16,quad,ardupilot-copter-m6,NOT_TESTED,,NOT_APPLICABLE,,参数身份和定义位置已找到；这不证明它与该性质存在真实数据依赖，也未执行写入变更测试。,NOT_ASSESSED
ArduPilot,InputE,SIM_RC_FAIL,26,A.ALT_HOLD1|A.ALT_HOLD2|A.AUTO1|A.CHUTE1|A.CIRCLE1|A.CIRCLE2|A.CIRCLE3|A.CIRCLE4|A.CIRCLE5|A.CIRCLE6|A.CIRCLE7|A.FLIP1|A.FLIP2|A.FLIP3|A.FLIPGeneral|A.GUIDED1|A.LAND1|A.LAND2|A.LOITER1|A.RC.FS1|A.RC.FS2|A.RTL1|A.RTL2|A.RTL3|A.RTL4|A.SPORT1,SIM_RC_FAIL,baseline/pgfuzz/ArduPilot/policies/A.ALT_HOLD1/envs.txt|baseline/pgfuzz/ArduPilot/policies/A.ALT_HOLD2/envs.txt|baseline/pgfuzz/ArduPilot/policies/A.AUTO1/envs.txt|baseline/pgfuzz/ArduPilot/policies/A.CHUTE/envs.txt|baseline/pgfuzz/ArduPilot/policies/A.CIRCLE1/envs.txt|baseline/pgfuzz/ArduPilot/policies/A.CIRCLE2/envs.txt|baseline/pgfuzz/ArduPilot/policies/A.CIRCLE3/envs.txt|baseline/pgfuzz/ArduPilot/policies/A.CIRCLE4_6/envs.txt|baseline/pgfuzz/ArduPilot/policies/A.CIRCLE7/envs.txt|baseline/pgfuzz/ArduPilot/policies/A.FLIP1/envs.txt|baseline/pgfuzz/ArduPilot/policies/A.FLIP2/envs.txt|baseline/pgfuzz/ArduPilot/policies/A.FLIP3/envs.txt|baseline/pgfuzz/ArduPilot/policies/A.FLIP4/envs.txt|baseline/pgfuzz/ArduPilot/policies/A.GUIDED1/envs.txt|baseline/pgfuzz/ArduPilot/policies/A.LAND1/envs.txt|baseline/pgfuzz/ArduPilot/policies/A.LAND2/envs.txt|baseline/pgfuzz/ArduPilot/policies/A.LOITER1/envs.txt|baseline/pgfuzz/ArduPilot/policies/A.RC.FS1/envs.txt|baseline/pgfuzz/ArduPilot/policies/A.RC.FS2/envs.txt|baseline/pgfuzz/ArduPilot/policies/A.RTL1/envs.txt|baseline/pgfuzz/ArduPilot/policies/A.RTL2/envs.txt|baseline/pgfuzz/ArduPilot/policies/A.RTL3/envs.txt|baseline/pgfuzz/ArduPilot/policies/A.RTL4/envs.txt|baseline/pgfuzz/ArduPilot/policies/A.SPORT1/envs.txt,EXACT_CURRENT_DEFINITION,SIM_RC_FAIL,EXACT_NAME_DEFINITION,,,baseline/ardupilot/libraries/SITL/SITL.cpp:136,exact_metadata_unique,not_exposed_by_param_metadata_parser,,,UNKNOWN,baseline/ardupilot/libraries/SITL/SITL.cpp:136,当前目录没有可用默认值证据。,,,,,,confirmed_by_frozen_runtime_snapshot,observed_in_frozen_runtime_parameter_download,0,quad,ardupilot-copter-m6,NOT_TESTED,,NOT_APPLICABLE,,参数身份和定义位置已找到；这不证明它与该性质存在真实数据依赖，也未执行写入变更测试。,NOT_ASSESSED
ArduPilot,InputE,SIM_SERVO_SPEED,26,A.ALT_HOLD1|A.ALT_HOLD2|A.AUTO1|A.CHUTE1|A.CIRCLE1|A.CIRCLE2|A.CIRCLE3|A.CIRCLE4|A.CIRCLE5|A.CIRCLE6|A.CIRCLE7|A.FLIP1|A.FLIP2|A.FLIP3|A.FLIPGeneral|A.GUIDED1|A.LAND1|A.LAND2|A.LOITER1|A.RC.FS1|A.RC.FS2|A.RTL1|A.RTL2|A.RTL3|A.RTL4|A.SPORT1,SIM_SERVO_SPEED,baseline/pgfuzz/ArduPilot/policies/A.ALT_HOLD1/envs.txt|baseline/pgfuzz/ArduPilot/policies/A.ALT_HOLD2/envs.txt|baseline/pgfuzz/ArduPilot/policies/A.AUTO1/envs.txt|baseline/pgfuzz/ArduPilot/policies/A.CHUTE/envs.txt|baseline/pgfuzz/ArduPilot/policies/A.CIRCLE1/envs.txt|baseline/pgfuzz/ArduPilot/policies/A.CIRCLE2/envs.txt|baseline/pgfuzz/ArduPilot/policies/A.CIRCLE3/envs.txt|baseline/pgfuzz/ArduPilot/policies/A.CIRCLE4_6/envs.txt|baseline/pgfuzz/ArduPilot/policies/A.CIRCLE7/envs.txt|baseline/pgfuzz/ArduPilot/policies/A.FLIP1/envs.txt|baseline/pgfuzz/ArduPilot/policies/A.FLIP2/envs.txt|baseline/pgfuzz/ArduPilot/policies/A.FLIP3/envs.txt|baseline/pgfuzz/ArduPilot/policies/A.FLIP4/envs.txt|baseline/pgfuzz/ArduPilot/policies/A.GUIDED1/envs.txt|baseline/pgfuzz/ArduPilot/policies/A.LAND1/envs.txt|baseline/pgfuzz/ArduPilot/policies/A.LAND2/envs.txt|baseline/pgfuzz/ArduPilot/policies/A.LOITER1/envs.txt|baseline/pgfuzz/ArduPilot/policies/A.RC.FS1/envs.txt|baseline/pgfuzz/ArduPilot/policies/A.RC.FS2/envs.txt|baseline/pgfuzz/ArduPilot/policies/A.RTL1/envs.txt|baseline/pgfuzz/ArduPilot/policies/A.RTL2/envs.txt|baseline/pgfuzz/ArduPilot/policies/A.RTL3/envs.txt|baseline/pgfuzz/ArduPilot/policies/A.RTL4/envs.txt|baseline/pgfuzz/ArduPilot/policies/A.SPORT1/envs.txt,EXACT_CURRENT_DEFINITION,SIM_SERVO_SPEED,EXACT_NAME_DEFINITION,,,baseline/ardupilot/libraries/SITL/ServoModel.cpp:28,exact_metadata_unique,not_exposed_by_param_metadata_parser,0.14),0.14,SOURCE_METADATA_LITERAL_OR_EXPRESSION,baseline/ardupilot/libraries/SITL/ServoModel.cpp:28,保存参数目录解析出的字面值或未求值源码表达式；它不是运行值，宏表达式不能冒充已求值数值。,,,,s,,confirmed_by_frozen_runtime_snapshot,observed_in_frozen_runtime_parameter_download,0.14000000059604645,quad,ardupilot-copter-m6,NOT_TESTED,,NOT_APPLICABLE,,参数身份和定义位置已找到；这不证明它与该性质存在真实数据依赖，也未执行写入变更测试。,NOT_ASSESSED
ArduPilot,InputE,SIM_SHOVE_TIME,26,A.ALT_HOLD1|A.ALT_HOLD2|A.AUTO1|A.CHUTE1|A.CIRCLE1|A.CIRCLE2|A.CIRCLE3|A.CIRCLE4|A.CIRCLE5|A.CIRCLE6|A.CIRCLE7|A.FLIP1|A.FLIP2|A.FLIP3|A.FLIPGeneral|A.GUIDED1|A.LAND1|A.LAND2|A.LOITER1|A.RC.FS1|A.RC.FS2|A.RTL1|A.RTL2|A.RTL3|A.RTL4|A.SPORT1,SIM_SHOVE_TIME,baseline/pgfuzz/ArduPilot/policies/A.ALT_HOLD1/envs.txt|baseline/pgfuzz/ArduPilot/policies/A.ALT_HOLD2/envs.txt|baseline/pgfuzz/ArduPilot/policies/A.AUTO1/envs.txt|baseline/pgfuzz/ArduPilot/policies/A.CHUTE/envs.txt|baseline/pgfuzz/ArduPilot/policies/A.CIRCLE1/envs.txt|baseline/pgfuzz/ArduPilot/policies/A.CIRCLE2/envs.txt|baseline/pgfuzz/ArduPilot/policies/A.CIRCLE3/envs.txt|baseline/pgfuzz/ArduPilot/policies/A.CIRCLE4_6/envs.txt|baseline/pgfuzz/ArduPilot/policies/A.CIRCLE7/envs.txt|baseline/pgfuzz/ArduPilot/policies/A.FLIP1/envs.txt|baseline/pgfuzz/ArduPilot/policies/A.FLIP2/envs.txt|baseline/pgfuzz/ArduPilot/policies/A.FLIP3/envs.txt|baseline/pgfuzz/ArduPilot/policies/A.FLIP4/envs.txt|baseline/pgfuzz/ArduPilot/policies/A.GUIDED1/envs.txt|baseline/pgfuzz/ArduPilot/policies/A.LAND1/envs.txt|baseline/pgfuzz/ArduPilot/policies/A.LAND2/envs.txt|baseline/pgfuzz/ArduPilot/policies/A.LOITER1/envs.txt|baseline/pgfuzz/ArduPilot/policies/A.RC.FS1/envs.txt|baseline/pgfuzz/ArduPilot/policies/A.RC.FS2/envs.txt|baseline/pgfuzz/ArduPilot/policies/A.RTL1/envs.txt|baseline/pgfuzz/ArduPilot/policies/A.RTL2/envs.txt|baseline/pgfuzz/ArduPilot/policies/A.RTL3/envs.txt|baseline/pgfuzz/ArduPilot/policies/A.RTL4/envs.txt|baseline/pgfuzz/ArduPilot/policies/A.SPORT1/envs.txt,EXACT_CURRENT_DEFINITION,SIM_SHOVE_TIME,EXACT_NAME_DEFINITION,,,baseline/ardupilot/libraries/SITL/SITL.cpp:356,exact_metadata_unique,not_exposed_by_param_metadata_parser,,,UNKNOWN,baseline/ardupilot/libraries/SITL/SITL.cpp:356,当前目录没有可用默认值证据。,,,,ms,,confirmed_by_frozen_runtime_snapshot,observed_in_frozen_runtime_parameter_download,0,quad,ardupilot-copter-m6,NOT_TESTED,,NOT_APPLICABLE,,参数身份和定义位置已找到；这不证明它与该性质存在真实数据依赖，也未执行写入变更测试。,NOT_ASSESSED
ArduPilot,InputE,SIM_SHOVE_X,26,A.ALT_HOLD1|A.ALT_HOLD2|A.AUTO1|A.CHUTE1|A.CIRCLE1|A.CIRCLE2|A.CIRCLE3|A.CIRCLE4|A.CIRCLE5|A.CIRCLE6|A.CIRCLE7|A.FLIP1|A.FLIP2|A.FLIP3|A.FLIPGeneral|A.GUIDED1|A.LAND1|A.LAND2|A.LOITER1|A.RC.FS1|A.RC.FS2|A.RTL1|A.RTL2|A.RTL3|A.RTL4|A.SPORT1,SIM_SHOVE_X,baseline/pgfuzz/ArduPilot/policies/A.ALT_HOLD1/envs.txt|baseline/pgfuzz/ArduPilot/policies/A.ALT_HOLD2/envs.txt|baseline/pgfuzz/ArduPilot/policies/A.AUTO1/envs.txt|baseline/pgfuzz/ArduPilot/policies/A.CHUTE/envs.txt|baseline/pgfuzz/ArduPilot/policies/A.CIRCLE1/envs.txt|baseline/pgfuzz/ArduPilot/policies/A.CIRCLE2/envs.txt|baseline/pgfuzz/ArduPilot/policies/A.CIRCLE3/envs.txt|baseline/pgfuzz/ArduPilot/policies/A.CIRCLE4_6/envs.txt|baseline/pgfuzz/ArduPilot/policies/A.CIRCLE7/envs.txt|baseline/pgfuzz/ArduPilot/policies/A.FLIP1/envs.txt|baseline/pgfuzz/ArduPilot/policies/A.FLIP2/envs.txt|baseline/pgfuzz/ArduPilot/policies/A.FLIP3/envs.txt|baseline/pgfuzz/ArduPilot/policies/A.FLIP4/envs.txt|baseline/pgfuzz/ArduPilot/policies/A.GUIDED1/envs.txt|baseline/pgfuzz/ArduPilot/policies/A.LAND1/envs.txt|baseline/pgfuzz/ArduPilot/policies/A.LAND2/envs.txt|baseline/pgfuzz/ArduPilot/policies/A.LOITER1/envs.txt|baseline/pgfuzz/ArduPilot/policies/A.RC.FS1/envs.txt|baseline/pgfuzz/ArduPilot/policies/A.RC.FS2/envs.txt|baseline/pgfuzz/ArduPilot/policies/A.RTL1/envs.txt|baseline/pgfuzz/ArduPilot/policies/A.RTL2/envs.txt|baseline/pgfuzz/ArduPilot/policies/A.RTL3/envs.txt|baseline/pgfuzz/ArduPilot/policies/A.RTL4/envs.txt|baseline/pgfuzz/ArduPilot/policies/A.SPORT1/envs.txt,EXACT_CURRENT_DEFINITION,SIM_SHOVE_X,EXACT_NAME_DEFINITION,,,baseline/ardupilot/libraries/SITL/SITL.cpp:341,exact_metadata_unique,not_exposed_by_param_metadata_parser,,,UNKNOWN,baseline/ardupilot/libraries/SITL/SITL.cpp:341,当前目录没有可用默认值证据。,,,,m/s/s,,confirmed_by_frozen_runtime_snapshot,observed_in_frozen_runtime_parameter_download,0.0,quad,ardupilot-copter-m6,NOT_TESTED,,NOT_APPLICABLE,,参数身份和定义位置已找到；这不证明它与该性质存在真实数据依赖，也未执行写入变更测试。,NOT_ASSESSED
ArduPilot,InputE,SIM_SHOVE_Y,26,A.ALT_HOLD1|A.ALT_HOLD2|A.AUTO1|A.CHUTE1|A.CIRCLE1|A.CIRCLE2|A.CIRCLE3|A.CIRCLE4|A.CIRCLE5|A.CIRCLE6|A.CIRCLE7|A.FLIP1|A.FLIP2|A.FLIP3|A.FLIPGeneral|A.GUIDED1|A.LAND1|A.LAND2|A.LOITER1|A.RC.FS1|A.RC.FS2|A.RTL1|A.RTL2|A.RTL3|A.RTL4|A.SPORT1,SIM_SHOVE_Y,baseline/pgfuzz/ArduPilot/policies/A.ALT_HOLD1/envs.txt|baseline/pgfuzz/ArduPilot/policies/A.ALT_HOLD2/envs.txt|baseline/pgfuzz/ArduPilot/policies/A.AUTO1/envs.txt|baseline/pgfuzz/ArduPilot/policies/A.CHUTE/envs.txt|baseline/pgfuzz/ArduPilot/policies/A.CIRCLE1/envs.txt|baseline/pgfuzz/ArduPilot/policies/A.CIRCLE2/envs.txt|baseline/pgfuzz/ArduPilot/policies/A.CIRCLE3/envs.txt|baseline/pgfuzz/ArduPilot/policies/A.CIRCLE4_6/envs.txt|baseline/pgfuzz/ArduPilot/policies/A.CIRCLE7/envs.txt|baseline/pgfuzz/ArduPilot/policies/A.FLIP1/envs.txt|baseline/pgfuzz/ArduPilot/policies/A.FLIP2/envs.txt|baseline/pgfuzz/ArduPilot/policies/A.FLIP3/envs.txt|baseline/pgfuzz/ArduPilot/policies/A.FLIP4/envs.txt|baseline/pgfuzz/ArduPilot/policies/A.GUIDED1/envs.txt|baseline/pgfuzz/ArduPilot/policies/A.LAND1/envs.txt|baseline/pgfuzz/ArduPilot/policies/A.LAND2/envs.txt|baseline/pgfuzz/ArduPilot/policies/A.LOITER1/envs.txt|baseline/pgfuzz/ArduPilot/policies/A.RC.FS1/envs.txt|baseline/pgfuzz/ArduPilot/policies/A.RC.FS2/envs.txt|baseline/pgfuzz/ArduPilot/policies/A.RTL1/envs.txt|baseline/pgfuzz/ArduPilot/policies/A.RTL2/envs.txt|baseline/pgfuzz/ArduPilot/policies/A.RTL3/envs.txt|baseline/pgfuzz/ArduPilot/policies/A.RTL4/envs.txt|baseline/pgfuzz/ArduPilot/policies/A.SPORT1/envs.txt,EXACT_CURRENT_DEFINITION,SIM_SHOVE_Y,EXACT_NAME_DEFINITION,,,baseline/ardupilot/libraries/SITL/SITL.cpp:346,exact_metadata_unique,not_exposed_by_param_metadata_parser,,,UNKNOWN,baseline/ardupilot/libraries/SITL/SITL.cpp:346,当前目录没有可用默认值证据。,,,,m/s/s,,confirmed_by_frozen_runtime_snapshot,observed_in_frozen_runtime_parameter_download,0.0,quad,ardupilot-copter-m6,NOT_TESTED,,NOT_APPLICABLE,,参数身份和定义位置已找到；这不证明它与该性质存在真实数据依赖，也未执行写入变更测试。,NOT_ASSESSED
ArduPilot,InputE,SIM_SHOVE_Z,27,A.ALT_HOLD1|A.ALT_HOLD2|A.AUTO1|A.BRAKE1|A.CHUTE1|A.CIRCLE1|A.CIRCLE2|A.CIRCLE3|A.CIRCLE4|A.CIRCLE5|A.CIRCLE6|A.CIRCLE7|A.FLIP1|A.FLIP2|A.FLIP3|A.FLIPGeneral|A.GUIDED1|A.LAND1|A.LAND2|A.LOITER1|A.RC.FS1|A.RC.FS2|A.RTL1|A.RTL2|A.RTL3|A.RTL4|A.SPORT1,SIM_SHOVE_Z,baseline/pgfuzz/ArduPilot/policies/A.ALT_HOLD1/envs.txt|baseline/pgfuzz/ArduPilot/policies/A.ALT_HOLD2/envs.txt|baseline/pgfuzz/ArduPilot/policies/A.AUTO1/envs.txt|baseline/pgfuzz/ArduPilot/policies/A.BRAKE1/envs.txt|baseline/pgfuzz/ArduPilot/policies/A.CHUTE/envs.txt|baseline/pgfuzz/ArduPilot/policies/A.CIRCLE1/envs.txt|baseline/pgfuzz/ArduPilot/policies/A.CIRCLE2/envs.txt|baseline/pgfuzz/ArduPilot/policies/A.CIRCLE3/envs.txt|baseline/pgfuzz/ArduPilot/policies/A.CIRCLE4_6/envs.txt|baseline/pgfuzz/ArduPilot/policies/A.CIRCLE7/envs.txt|baseline/pgfuzz/ArduPilot/policies/A.FLIP1/envs.txt|baseline/pgfuzz/ArduPilot/policies/A.FLIP2/envs.txt|baseline/pgfuzz/ArduPilot/policies/A.FLIP3/envs.txt|baseline/pgfuzz/ArduPilot/policies/A.FLIP4/envs.txt|baseline/pgfuzz/ArduPilot/policies/A.GUIDED1/envs.txt|baseline/pgfuzz/ArduPilot/policies/A.LAND1/envs.txt|baseline/pgfuzz/ArduPilot/policies/A.LAND2/envs.txt|baseline/pgfuzz/ArduPilot/policies/A.LOITER1/envs.txt|baseline/pgfuzz/ArduPilot/policies/A.RC.FS1/envs.txt|baseline/pgfuzz/ArduPilot/policies/A.RC.FS2/envs.txt|baseline/pgfuzz/ArduPilot/policies/A.RTL1/envs.txt|baseline/pgfuzz/ArduPilot/policies/A.RTL2/envs.txt|baseline/pgfuzz/ArduPilot/policies/A.RTL3/envs.txt|baseline/pgfuzz/ArduPilot/policies/A.RTL4/envs.txt|baseline/pgfuzz/ArduPilot/policies/A.SPORT1/envs.txt,EXACT_CURRENT_DEFINITION,SIM_SHOVE_Z,EXACT_NAME_DEFINITION,,,baseline/ardupilot/libraries/SITL/SITL.cpp:351,exact_metadata_unique,not_exposed_by_param_metadata_parser,,,UNKNOWN,baseline/ardupilot/libraries/SITL/SITL.cpp:351,当前目录没有可用默认值证据。,,,,m/s/s,,confirmed_by_frozen_runtime_snapshot,observed_in_frozen_runtime_parameter_download,0.0,quad,ardupilot-copter-m6,NOT_TESTED,,NOT_APPLICABLE,,参数身份和定义位置已找到；这不证明它与该性质存在真实数据依赖，也未执行写入变更测试。,NOT_ASSESSED
ArduPilot,InputE,SIM_SONAR_GLITCH,26,A.ALT_HOLD1|A.ALT_HOLD2|A.AUTO1|A.CHUTE1|A.CIRCLE1|A.CIRCLE2|A.CIRCLE3|A.CIRCLE4|A.CIRCLE5|A.CIRCLE6|A.CIRCLE7|A.FLIP1|A.FLIP2|A.FLIP3|A.FLIPGeneral|A.GUIDED1|A.LAND1|A.LAND2|A.LOITER1|A.RC.FS1|A.RC.FS2|A.RTL1|A.RTL2|A.RTL3|A.RTL4|A.SPORT1,SIM_SONAR_GLITCH,baseline/pgfuzz/ArduPilot/policies/A.ALT_HOLD1/envs.txt|baseline/pgfuzz/ArduPilot/policies/A.ALT_HOLD2/envs.txt|baseline/pgfuzz/ArduPilot/policies/A.AUTO1/envs.txt|baseline/pgfuzz/ArduPilot/policies/A.CHUTE/envs.txt|baseline/pgfuzz/ArduPilot/policies/A.CIRCLE1/envs.txt|baseline/pgfuzz/ArduPilot/policies/A.CIRCLE2/envs.txt|baseline/pgfuzz/ArduPilot/policies/A.CIRCLE3/envs.txt|baseline/pgfuzz/ArduPilot/policies/A.CIRCLE4_6/envs.txt|baseline/pgfuzz/ArduPilot/policies/A.CIRCLE7/envs.txt|baseline/pgfuzz/ArduPilot/policies/A.FLIP1/envs.txt|baseline/pgfuzz/ArduPilot/policies/A.FLIP2/envs.txt|baseline/pgfuzz/ArduPilot/policies/A.FLIP3/envs.txt|baseline/pgfuzz/ArduPilot/policies/A.FLIP4/envs.txt|baseline/pgfuzz/ArduPilot/policies/A.GUIDED1/envs.txt|baseline/pgfuzz/ArduPilot/policies/A.LAND1/envs.txt|baseline/pgfuzz/ArduPilot/policies/A.LAND2/envs.txt|baseline/pgfuzz/ArduPilot/policies/A.LOITER1/envs.txt|baseline/pgfuzz/ArduPilot/policies/A.RC.FS1/envs.txt|baseline/pgfuzz/ArduPilot/policies/A.RC.FS2/envs.txt|baseline/pgfuzz/ArduPilot/policies/A.RTL1/envs.txt|baseline/pgfuzz/ArduPilot/policies/A.RTL2/envs.txt|baseline/pgfuzz/ArduPilot/policies/A.RTL3/envs.txt|baseline/pgfuzz/ArduPilot/policies/A.RTL4/envs.txt|baseline/pgfuzz/ArduPilot/policies/A.SPORT1/envs.txt,EXACT_CURRENT_DEFINITION,SIM_SONAR_GLITCH,EXACT_NAME_DEFINITION,,,baseline/ardupilot/libraries/SITL/SITL.cpp:1535,exact_metadata_unique,not_exposed_by_param_metadata_parser,,,UNKNOWN,baseline/ardupilot/libraries/SITL/SITL.cpp:1535,当前目录没有可用默认值证据。,0,1,,,,confirmed_by_frozen_runtime_snapshot,observed_in_frozen_runtime_parameter_download,0.0,quad,ardupilot-copter-m6,NOT_TESTED,,NOT_APPLICABLE,,参数身份和定义位置已找到；这不证明它与该性质存在真实数据依赖，也未执行写入变更测试。,NOT_ASSESSED
ArduPilot,InputE,SIM_SONAR_POS_X,26,A.ALT_HOLD1|A.ALT_HOLD2|A.AUTO1|A.CHUTE1|A.CIRCLE1|A.CIRCLE2|A.CIRCLE3|A.CIRCLE4|A.CIRCLE5|A.CIRCLE6|A.CIRCLE7|A.FLIP1|A.FLIP2|A.FLIP3|A.FLIPGeneral|A.GUIDED1|A.LAND1|A.LAND2|A.LOITER1|A.RC.FS1|A.RC.FS2|A.RTL1|A.RTL2|A.RTL3|A.RTL4|A.SPORT1,SIM_SONAR_POS_X,baseline/pgfuzz/ArduPilot/policies/A.ALT_HOLD1/envs.txt|baseline/pgfuzz/ArduPilot/policies/A.ALT_HOLD2/envs.txt|baseline/pgfuzz/ArduPilot/policies/A.AUTO1/envs.txt|baseline/pgfuzz/ArduPilot/policies/A.CHUTE/envs.txt|baseline/pgfuzz/ArduPilot/policies/A.CIRCLE1/envs.txt|baseline/pgfuzz/ArduPilot/policies/A.CIRCLE2/envs.txt|baseline/pgfuzz/ArduPilot/policies/A.CIRCLE3/envs.txt|baseline/pgfuzz/ArduPilot/policies/A.CIRCLE4_6/envs.txt|baseline/pgfuzz/ArduPilot/policies/A.CIRCLE7/envs.txt|baseline/pgfuzz/ArduPilot/policies/A.FLIP1/envs.txt|baseline/pgfuzz/ArduPilot/policies/A.FLIP2/envs.txt|baseline/pgfuzz/ArduPilot/policies/A.FLIP3/envs.txt|baseline/pgfuzz/ArduPilot/policies/A.FLIP4/envs.txt|baseline/pgfuzz/ArduPilot/policies/A.GUIDED1/envs.txt|baseline/pgfuzz/ArduPilot/policies/A.LAND1/envs.txt|baseline/pgfuzz/ArduPilot/policies/A.LAND2/envs.txt|baseline/pgfuzz/ArduPilot/policies/A.LOITER1/envs.txt|baseline/pgfuzz/ArduPilot/policies/A.RC.FS1/envs.txt|baseline/pgfuzz/ArduPilot/policies/A.RC.FS2/envs.txt|baseline/pgfuzz/ArduPilot/policies/A.RTL1/envs.txt|baseline/pgfuzz/ArduPilot/policies/A.RTL2/envs.txt|baseline/pgfuzz/ArduPilot/policies/A.RTL3/envs.txt|baseline/pgfuzz/ArduPilot/policies/A.RTL4/envs.txt|baseline/pgfuzz/ArduPilot/policies/A.SPORT1/envs.txt,EXACT_CURRENT_DEFINITION,SIM_SONAR_POS_X,EXACT_NAME_DEFINITION,,,baseline/ardupilot/libraries/AP_RangeFinder/AP_RangeFinder_Params.cpp:159|baseline/ardupilot/libraries/AP_InertialSensor/AP_InertialSensor_Params.cpp:68|baseline/ardupilot/libraries/SITL/SIM_Vicon.cpp:33|baseline/ardupilot/libraries/AP_GPS/AP_GPS_Params.cpp:49,exact_metadata_multiple,not_exposed_by_param_metadata_parser,,,UNKNOWN,baseline/ardupilot/libraries/AP_RangeFinder/AP_RangeFinder_Params.cpp:159|baseline/ardupilot/libraries/AP_InertialSensor/AP_InertialSensor_Params.cpp:68|baseline/ardupilot/libraries/SITL/SIM_Vicon.cpp:33|baseline/ardupilot/libraries/AP_GPS/AP_GPS_Params.cpp:49,当前目录没有可用默认值证据。,,,,m,,confirmed_by_frozen_runtime_snapshot,observed_in_frozen_runtime_parameter_download,0.0,quad,ardupilot-copter-m6,NOT_TESTED,,NOT_APPLICABLE,,参数身份和定义位置已找到；这不证明它与该性质存在真实数据依赖，也未执行写入变更测试。,NOT_ASSESSED
ArduPilot,InputE,SIM_SONAR_POS_Y,26,A.ALT_HOLD1|A.ALT_HOLD2|A.AUTO1|A.CHUTE1|A.CIRCLE1|A.CIRCLE2|A.CIRCLE3|A.CIRCLE4|A.CIRCLE5|A.CIRCLE6|A.CIRCLE7|A.FLIP1|A.FLIP2|A.FLIP3|A.FLIPGeneral|A.GUIDED1|A.LAND1|A.LAND2|A.LOITER1|A.RC.FS1|A.RC.FS2|A.RTL1|A.RTL2|A.RTL3|A.RTL4|A.SPORT1,SIM_SONAR_POS_Y,baseline/pgfuzz/ArduPilot/policies/A.ALT_HOLD1/envs.txt|baseline/pgfuzz/ArduPilot/policies/A.ALT_HOLD2/envs.txt|baseline/pgfuzz/ArduPilot/policies/A.AUTO1/envs.txt|baseline/pgfuzz/ArduPilot/policies/A.CHUTE/envs.txt|baseline/pgfuzz/ArduPilot/policies/A.CIRCLE1/envs.txt|baseline/pgfuzz/ArduPilot/policies/A.CIRCLE2/envs.txt|baseline/pgfuzz/ArduPilot/policies/A.CIRCLE3/envs.txt|baseline/pgfuzz/ArduPilot/policies/A.CIRCLE4_6/envs.txt|baseline/pgfuzz/ArduPilot/policies/A.CIRCLE7/envs.txt|baseline/pgfuzz/ArduPilot/policies/A.FLIP1/envs.txt|baseline/pgfuzz/ArduPilot/policies/A.FLIP2/envs.txt|baseline/pgfuzz/ArduPilot/policies/A.FLIP3/envs.txt|baseline/pgfuzz/ArduPilot/policies/A.FLIP4/envs.txt|baseline/pgfuzz/ArduPilot/policies/A.GUIDED1/envs.txt|baseline/pgfuzz/ArduPilot/policies/A.LAND1/envs.txt|baseline/pgfuzz/ArduPilot/policies/A.LAND2/envs.txt|baseline/pgfuzz/ArduPilot/policies/A.LOITER1/envs.txt|baseline/pgfuzz/ArduPilot/policies/A.RC.FS1/envs.txt|baseline/pgfuzz/ArduPilot/policies/A.RC.FS2/envs.txt|baseline/pgfuzz/ArduPilot/policies/A.RTL1/envs.txt|baseline/pgfuzz/ArduPilot/policies/A.RTL2/envs.txt|baseline/pgfuzz/ArduPilot/policies/A.RTL3/envs.txt|baseline/pgfuzz/ArduPilot/policies/A.RTL4/envs.txt|baseline/pgfuzz/ArduPilot/policies/A.SPORT1/envs.txt,EXACT_CURRENT_DEFINITION,SIM_SONAR_POS_Y,EXACT_NAME_DEFINITION,,,baseline/ardupilot/libraries/AP_RangeFinder/AP_RangeFinder_Params.cpp:167|baseline/ardupilot/libraries/AP_InertialSensor/AP_InertialSensor_Params.cpp:76|baseline/ardupilot/libraries/SITL/SIM_Vicon.cpp:40|baseline/ardupilot/libraries/AP_GPS/AP_GPS_Params.cpp:57,exact_metadata_multiple,not_exposed_by_param_metadata_parser,,,UNKNOWN,baseline/ardupilot/libraries/AP_RangeFinder/AP_RangeFinder_Params.cpp:167|baseline/ardupilot/libraries/AP_InertialSensor/AP_InertialSensor_Params.cpp:76|baseline/ardupilot/libraries/SITL/SIM_Vicon.cpp:40|baseline/ardupilot/libraries/AP_GPS/AP_GPS_Params.cpp:57,当前目录没有可用默认值证据。,,,,m,,confirmed_by_frozen_runtime_snapshot,observed_in_frozen_runtime_parameter_download,0.0,quad,ardupilot-copter-m6,NOT_TESTED,,NOT_APPLICABLE,,参数身份和定义位置已找到；这不证明它与该性质存在真实数据依赖，也未执行写入变更测试。,NOT_ASSESSED
ArduPilot,InputE,SIM_SONAR_POS_Z,26,A.ALT_HOLD1|A.ALT_HOLD2|A.AUTO1|A.CHUTE1|A.CIRCLE1|A.CIRCLE2|A.CIRCLE3|A.CIRCLE4|A.CIRCLE5|A.CIRCLE6|A.CIRCLE7|A.FLIP1|A.FLIP2|A.FLIP3|A.FLIPGeneral|A.GUIDED1|A.LAND1|A.LAND2|A.LOITER1|A.RC.FS1|A.RC.FS2|A.RTL1|A.RTL2|A.RTL3|A.RTL4|A.SPORT1,SIM_SONAR_POS_Z,baseline/pgfuzz/ArduPilot/policies/A.ALT_HOLD1/envs.txt|baseline/pgfuzz/ArduPilot/policies/A.ALT_HOLD2/envs.txt|baseline/pgfuzz/ArduPilot/policies/A.AUTO1/envs.txt|baseline/pgfuzz/ArduPilot/policies/A.CHUTE/envs.txt|baseline/pgfuzz/ArduPilot/policies/A.CIRCLE1/envs.txt|baseline/pgfuzz/ArduPilot/policies/A.CIRCLE2/envs.txt|baseline/pgfuzz/ArduPilot/policies/A.CIRCLE3/envs.txt|baseline/pgfuzz/ArduPilot/policies/A.CIRCLE4_6/envs.txt|baseline/pgfuzz/ArduPilot/policies/A.CIRCLE7/envs.txt|baseline/pgfuzz/ArduPilot/policies/A.FLIP1/envs.txt|baseline/pgfuzz/ArduPilot/policies/A.FLIP2/envs.txt|baseline/pgfuzz/ArduPilot/policies/A.FLIP3/envs.txt|baseline/pgfuzz/ArduPilot/policies/A.FLIP4/envs.txt|baseline/pgfuzz/ArduPilot/policies/A.GUIDED1/envs.txt|baseline/pgfuzz/ArduPilot/policies/A.LAND1/envs.txt|baseline/pgfuzz/ArduPilot/policies/A.LAND2/envs.txt|baseline/pgfuzz/ArduPilot/policies/A.LOITER1/envs.txt|baseline/pgfuzz/ArduPilot/policies/A.RC.FS1/envs.txt|baseline/pgfuzz/ArduPilot/policies/A.RC.FS2/envs.txt|baseline/pgfuzz/ArduPilot/policies/A.RTL1/envs.txt|baseline/pgfuzz/ArduPilot/policies/A.RTL2/envs.txt|baseline/pgfuzz/ArduPilot/policies/A.RTL3/envs.txt|baseline/pgfuzz/ArduPilot/policies/A.RTL4/envs.txt|baseline/pgfuzz/ArduPilot/policies/A.SPORT1/envs.txt,EXACT_CURRENT_DEFINITION,SIM_SONAR_POS_Z,EXACT_NAME_DEFINITION,,,baseline/ardupilot/libraries/AP_RangeFinder/AP_RangeFinder_Params.cpp:175|baseline/ardupilot/libraries/AP_InertialSensor/AP_InertialSensor_Params.cpp:84|baseline/ardupilot/libraries/SITL/SIM_Vicon.cpp:47|baseline/ardupilot/libraries/AP_GPS/AP_GPS_Params.cpp:65,exact_metadata_multiple,not_exposed_by_param_metadata_parser,,,UNKNOWN,baseline/ardupilot/libraries/AP_RangeFinder/AP_RangeFinder_Params.cpp:175|baseline/ardupilot/libraries/AP_InertialSensor/AP_InertialSensor_Params.cpp:84|baseline/ardupilot/libraries/SITL/SIM_Vicon.cpp:47|baseline/ardupilot/libraries/AP_GPS/AP_GPS_Params.cpp:65,当前目录没有可用默认值证据。,,,,m,,confirmed_by_frozen_runtime_snapshot,observed_in_frozen_runtime_parameter_download,0.0,quad,ardupilot-copter-m6,NOT_TESTED,,NOT_APPLICABLE,,参数身份和定义位置已找到；这不证明它与该性质存在真实数据依赖，也未执行写入变更测试。,NOT_ASSESSED
ArduPilot,InputE,SIM_SONAR_RND,27,A.ALT_HOLD1|A.ALT_HOLD2|A.AUTO1|A.BRAKE1|A.CHUTE1|A.CIRCLE1|A.CIRCLE2|A.CIRCLE3|A.CIRCLE4|A.CIRCLE5|A.CIRCLE6|A.CIRCLE7|A.FLIP1|A.FLIP2|A.FLIP3|A.FLIPGeneral|A.GUIDED1|A.LAND1|A.LAND2|A.LOITER1|A.RC.FS1|A.RC.FS2|A.RTL1|A.RTL2|A.RTL3|A.RTL4|A.SPORT1,SIM_SONAR_RND,baseline/pgfuzz/ArduPilot/policies/A.ALT_HOLD1/envs.txt|baseline/pgfuzz/ArduPilot/policies/A.ALT_HOLD2/envs.txt|baseline/pgfuzz/ArduPilot/policies/A.AUTO1/envs.txt|baseline/pgfuzz/ArduPilot/policies/A.BRAKE1/envs.txt|baseline/pgfuzz/ArduPilot/policies/A.CHUTE/envs.txt|baseline/pgfuzz/ArduPilot/policies/A.CIRCLE1/envs.txt|baseline/pgfuzz/ArduPilot/policies/A.CIRCLE2/envs.txt|baseline/pgfuzz/ArduPilot/policies/A.CIRCLE3/envs.txt|baseline/pgfuzz/ArduPilot/policies/A.CIRCLE4_6/envs.txt|baseline/pgfuzz/ArduPilot/policies/A.CIRCLE7/envs.txt|baseline/pgfuzz/ArduPilot/policies/A.FLIP1/envs.txt|baseline/pgfuzz/ArduPilot/policies/A.FLIP2/envs.txt|baseline/pgfuzz/ArduPilot/policies/A.FLIP3/envs.txt|baseline/pgfuzz/ArduPilot/policies/A.FLIP4/envs.txt|baseline/pgfuzz/ArduPilot/policies/A.GUIDED1/envs.txt|baseline/pgfuzz/ArduPilot/policies/A.LAND1/envs.txt|baseline/pgfuzz/ArduPilot/policies/A.LAND2/envs.txt|baseline/pgfuzz/ArduPilot/policies/A.LOITER1/envs.txt|baseline/pgfuzz/ArduPilot/policies/A.RC.FS1/envs.txt|baseline/pgfuzz/ArduPilot/policies/A.RC.FS2/envs.txt|baseline/pgfuzz/ArduPilot/policies/A.RTL1/envs.txt|baseline/pgfuzz/ArduPilot/policies/A.RTL2/envs.txt|baseline/pgfuzz/ArduPilot/policies/A.RTL3/envs.txt|baseline/pgfuzz/ArduPilot/policies/A.RTL4/envs.txt|baseline/pgfuzz/ArduPilot/policies/A.SPORT1/envs.txt,EXACT_CURRENT_DEFINITION,SIM_SONAR_RND,EXACT_NAME_DEFINITION,,,baseline/ardupilot/libraries/SITL/SITL.cpp:1541,exact_metadata_unique,not_exposed_by_param_metadata_parser,,,UNKNOWN,baseline/ardupilot/libraries/SITL/SITL.cpp:1541,当前目录没有可用默认值证据。,,,,,,confirmed_by_frozen_runtime_snapshot,observed_in_frozen_runtime_parameter_download,0.0,quad,ardupilot-copter-m6,NOT_TESTED,,NOT_APPLICABLE,,参数身份和定义位置已找到；这不证明它与该性质存在真实数据依赖，也未执行写入变更测试。,NOT_ASSESSED
ArduPilot,InputE,SIM_SONAR_SCALE,26,A.ALT_HOLD1|A.ALT_HOLD2|A.AUTO1|A.CHUTE1|A.CIRCLE1|A.CIRCLE2|A.CIRCLE3|A.CIRCLE4|A.CIRCLE5|A.CIRCLE6|A.CIRCLE7|A.FLIP1|A.FLIP2|A.FLIP3|A.FLIPGeneral|A.GUIDED1|A.LAND1|A.LAND2|A.LOITER1|A.RC.FS1|A.RC.FS2|A.RTL1|A.RTL2|A.RTL3|A.RTL4|A.SPORT1,SIM_SONAR_SCALE,baseline/pgfuzz/ArduPilot/policies/A.ALT_HOLD1/envs.txt|baseline/pgfuzz/ArduPilot/policies/A.ALT_HOLD2/envs.txt|baseline/pgfuzz/ArduPilot/policies/A.AUTO1/envs.txt|baseline/pgfuzz/ArduPilot/policies/A.CHUTE/envs.txt|baseline/pgfuzz/ArduPilot/policies/A.CIRCLE1/envs.txt|baseline/pgfuzz/ArduPilot/policies/A.CIRCLE2/envs.txt|baseline/pgfuzz/ArduPilot/policies/A.CIRCLE3/envs.txt|baseline/pgfuzz/ArduPilot/policies/A.CIRCLE4_6/envs.txt|baseline/pgfuzz/ArduPilot/policies/A.CIRCLE7/envs.txt|baseline/pgfuzz/ArduPilot/policies/A.FLIP1/envs.txt|baseline/pgfuzz/ArduPilot/policies/A.FLIP2/envs.txt|baseline/pgfuzz/ArduPilot/policies/A.FLIP3/envs.txt|baseline/pgfuzz/ArduPilot/policies/A.FLIP4/envs.txt|baseline/pgfuzz/ArduPilot/policies/A.GUIDED1/envs.txt|baseline/pgfuzz/ArduPilot/policies/A.LAND1/envs.txt|baseline/pgfuzz/ArduPilot/policies/A.LAND2/envs.txt|baseline/pgfuzz/ArduPilot/policies/A.LOITER1/envs.txt|baseline/pgfuzz/ArduPilot/policies/A.RC.FS1/envs.txt|baseline/pgfuzz/ArduPilot/policies/A.RC.FS2/envs.txt|baseline/pgfuzz/ArduPilot/policies/A.RTL1/envs.txt|baseline/pgfuzz/ArduPilot/policies/A.RTL2/envs.txt|baseline/pgfuzz/ArduPilot/policies/A.RTL3/envs.txt|baseline/pgfuzz/ArduPilot/policies/A.RTL4/envs.txt|baseline/pgfuzz/ArduPilot/policies/A.SPORT1/envs.txt,EXACT_CURRENT_DEFINITION,SIM_SONAR_SCALE,EXACT_NAME_DEFINITION,,,baseline/ardupilot/libraries/SITL/SITL.cpp:1546,exact_metadata_unique,not_exposed_by_param_metadata_parser,,,UNKNOWN,baseline/ardupilot/libraries/SITL/SITL.cpp:1546,当前目录没有可用默认值证据。,,,,m/V,,confirmed_by_frozen_runtime_snapshot,observed_in_frozen_runtime_parameter_download,12.121199607849121,quad,ardupilot-copter-m6,NOT_TESTED,,NOT_APPLICABLE,,参数身份和定义位置已找到；这不证明它与该性质存在真实数据依赖，也未执行写入变更测试。,NOT_ASSESSED
ArduPilot,InputE,SIM_SPEEDUP,20,A.ALT_HOLD1|A.ALT_HOLD2|A.AUTO1|A.CHUTE1|A.CIRCLE7|A.FLIP1|A.FLIP2|A.FLIP3|A.FLIPGeneral|A.GUIDED1|A.LAND1|A.LAND2|A.LOITER1|A.RC.FS1|A.RC.FS2|A.RTL1|A.RTL2|A.RTL3|A.RTL4|A.SPORT1,SIM_SPEEDUP,baseline/pgfuzz/ArduPilot/policies/A.ALT_HOLD1/envs.txt|baseline/pgfuzz/ArduPilot/policies/A.ALT_HOLD2/envs.txt|baseline/pgfuzz/ArduPilot/policies/A.AUTO1/envs.txt|baseline/pgfuzz/ArduPilot/policies/A.CHUTE/envs.txt|baseline/pgfuzz/ArduPilot/policies/A.CIRCLE7/envs.txt|baseline/pgfuzz/ArduPilot/policies/A.FLIP1/envs.txt|baseline/pgfuzz/ArduPilot/policies/A.FLIP2/envs.txt|baseline/pgfuzz/ArduPilot/policies/A.FLIP3/envs.txt|baseline/pgfuzz/ArduPilot/policies/A.FLIP4/envs.txt|baseline/pgfuzz/ArduPilot/policies/A.GUIDED1/envs.txt|baseline/pgfuzz/ArduPilot/policies/A.LAND1/envs.txt|baseline/pgfuzz/ArduPilot/policies/A.LAND2/envs.txt|baseline/pgfuzz/ArduPilot/policies/A.LOITER1/envs.txt|baseline/pgfuzz/ArduPilot/policies/A.RC.FS1/envs.txt|baseline/pgfuzz/ArduPilot/policies/A.RC.FS2/envs.txt|baseline/pgfuzz/ArduPilot/policies/A.RTL1/envs.txt|baseline/pgfuzz/ArduPilot/policies/A.RTL2/envs.txt|baseline/pgfuzz/ArduPilot/policies/A.RTL3/envs.txt|baseline/pgfuzz/ArduPilot/policies/A.RTL4/envs.txt|baseline/pgfuzz/ArduPilot/policies/A.SPORT1/envs.txt,EXACT_CURRENT_DEFINITION,SIM_SPEEDUP,EXACT_NAME_DEFINITION,,,baseline/ardupilot/libraries/SITL/SITL.cpp:217,exact_metadata_unique,not_exposed_by_param_metadata_parser,,,UNKNOWN,baseline/ardupilot/libraries/SITL/SITL.cpp:217,当前目录没有可用默认值证据。,1,10,,,,confirmed_by_frozen_runtime_snapshot,observed_in_frozen_runtime_parameter_download,1.0,quad,ardupilot-copter-m6,NOT_TESTED,,NOT_APPLICABLE,,参数身份和定义位置已找到；这不证明它与该性质存在真实数据依赖，也未执行写入变更测试。,NOT_ASSESSED
ArduPilot,InputE,SIM_SPR_ENABLE,21,A.ALT_HOLD1|A.ALT_HOLD2|A.AUTO1|A.BRAKE1|A.CHUTE1|A.CIRCLE7|A.FLIP1|A.FLIP2|A.FLIP3|A.FLIPGeneral|A.GUIDED1|A.LAND1|A.LAND2|A.LOITER1|A.RC.FS1|A.RC.FS2|A.RTL1|A.RTL2|A.RTL3|A.RTL4|A.SPORT1,SIM_SPR_ENABLE,baseline/pgfuzz/ArduPilot/policies/A.ALT_HOLD1/envs.txt|baseline/pgfuzz/ArduPilot/policies/A.ALT_HOLD2/envs.txt|baseline/pgfuzz/ArduPilot/policies/A.AUTO1/envs.txt|baseline/pgfuzz/ArduPilot/policies/A.BRAKE1/envs.txt|baseline/pgfuzz/ArduPilot/policies/A.CHUTE/envs.txt|baseline/pgfuzz/ArduPilot/policies/A.CIRCLE7/envs.txt|baseline/pgfuzz/ArduPilot/policies/A.FLIP1/envs.txt|baseline/pgfuzz/ArduPilot/policies/A.FLIP2/envs.txt|baseline/pgfuzz/ArduPilot/policies/A.FLIP3/envs.txt|baseline/pgfuzz/ArduPilot/policies/A.FLIP4/envs.txt|baseline/pgfuzz/ArduPilot/policies/A.GUIDED1/envs.txt|baseline/pgfuzz/ArduPilot/policies/A.LAND1/envs.txt|baseline/pgfuzz/ArduPilot/policies/A.LAND2/envs.txt|baseline/pgfuzz/ArduPilot/policies/A.LOITER1/envs.txt|baseline/pgfuzz/ArduPilot/policies/A.RC.FS1/envs.txt|baseline/pgfuzz/ArduPilot/policies/A.RC.FS2/envs.txt|baseline/pgfuzz/ArduPilot/policies/A.RTL1/envs.txt|baseline/pgfuzz/ArduPilot/policies/A.RTL2/envs.txt|baseline/pgfuzz/ArduPilot/policies/A.RTL3/envs.txt|baseline/pgfuzz/ArduPilot/policies/A.RTL4/envs.txt|baseline/pgfuzz/ArduPilot/policies/A.SPORT1/envs.txt,EXACT_CURRENT_DEFINITION,SIM_SPR_ENABLE,EXACT_NAME_DEFINITION,,,baseline/ardupilot/libraries/SITL/SIM_Sprayer.cpp:30,exact_metadata_unique,not_exposed_by_param_metadata_parser,0),0,SOURCE_METADATA_LITERAL_OR_EXPRESSION,baseline/ardupilot/libraries/SITL/SIM_Sprayer.cpp:30,保存参数目录解析出的字面值或未求值源码表达式；它不是运行值，宏表达式不能冒充已求值数值。,,,,,,confirmed_by_frozen_runtime_snapshot,observed_in_frozen_runtime_parameter_download,0,quad,ardupilot-copter-m6,NOT_TESTED,,NOT_APPLICABLE,,参数身份和定义位置已找到；这不证明它与该性质存在真实数据依赖，也未执行写入变更测试。,NOT_ASSESSED
ArduPilot,InputE,SIM_SPR_PUMP,20,A.ALT_HOLD1|A.ALT_HOLD2|A.AUTO1|A.CHUTE1|A.CIRCLE7|A.FLIP1|A.FLIP2|A.FLIP3|A.FLIPGeneral|A.GUIDED1|A.LAND1|A.LAND2|A.LOITER1|A.RC.FS1|A.RC.FS2|A.RTL1|A.RTL2|A.RTL3|A.RTL4|A.SPORT1,SIM_SPR_PUMP,baseline/pgfuzz/ArduPilot/policies/A.ALT_HOLD1/envs.txt|baseline/pgfuzz/ArduPilot/policies/A.ALT_HOLD2/envs.txt|baseline/pgfuzz/ArduPilot/policies/A.AUTO1/envs.txt|baseline/pgfuzz/ArduPilot/policies/A.CHUTE/envs.txt|baseline/pgfuzz/ArduPilot/policies/A.CIRCLE7/envs.txt|baseline/pgfuzz/ArduPilot/policies/A.FLIP1/envs.txt|baseline/pgfuzz/ArduPilot/policies/A.FLIP2/envs.txt|baseline/pgfuzz/ArduPilot/policies/A.FLIP3/envs.txt|baseline/pgfuzz/ArduPilot/policies/A.FLIP4/envs.txt|baseline/pgfuzz/ArduPilot/policies/A.GUIDED1/envs.txt|baseline/pgfuzz/ArduPilot/policies/A.LAND1/envs.txt|baseline/pgfuzz/ArduPilot/policies/A.LAND2/envs.txt|baseline/pgfuzz/ArduPilot/policies/A.LOITER1/envs.txt|baseline/pgfuzz/ArduPilot/policies/A.RC.FS1/envs.txt|baseline/pgfuzz/ArduPilot/policies/A.RC.FS2/envs.txt|baseline/pgfuzz/ArduPilot/policies/A.RTL1/envs.txt|baseline/pgfuzz/ArduPilot/policies/A.RTL2/envs.txt|baseline/pgfuzz/ArduPilot/policies/A.RTL3/envs.txt|baseline/pgfuzz/ArduPilot/policies/A.RTL4/envs.txt|baseline/pgfuzz/ArduPilot/policies/A.SPORT1/envs.txt,EXACT_CURRENT_DEFINITION,SIM_SPR_PUMP,EXACT_NAME_DEFINITION,,,baseline/ardupilot/libraries/SITL/SIM_Sprayer.cpp:37,exact_metadata_unique,not_exposed_by_param_metadata_parser,-1),-1,SOURCE_METADATA_LITERAL_OR_EXPRESSION,baseline/ardupilot/libraries/SITL/SIM_Sprayer.cpp:37,保存参数目录解析出的字面值或未求值源码表达式；它不是运行值，宏表达式不能冒充已求值数值。,0,15,,,,confirmed_by_frozen_runtime_snapshot,observed_in_frozen_runtime_parameter_download,-1,quad,ardupilot-copter-m6,NOT_TESTED,,NOT_APPLICABLE,,参数身份和定义位置已找到；这不证明它与该性质存在真实数据依赖，也未执行写入变更测试。,NOT_ASSESSED
ArduPilot,InputE,SIM_SPR_SPIN,20,A.ALT_HOLD1|A.ALT_HOLD2|A.AUTO1|A.CHUTE1|A.CIRCLE7|A.FLIP1|A.FLIP2|A.FLIP3|A.FLIPGeneral|A.GUIDED1|A.LAND1|A.LAND2|A.LOITER1|A.RC.FS1|A.RC.FS2|A.RTL1|A.RTL2|A.RTL3|A.RTL4|A.SPORT1,SIM_SPR_SPIN,baseline/pgfuzz/ArduPilot/policies/A.ALT_HOLD1/envs.txt|baseline/pgfuzz/ArduPilot/policies/A.ALT_HOLD2/envs.txt|baseline/pgfuzz/ArduPilot/policies/A.AUTO1/envs.txt|baseline/pgfuzz/ArduPilot/policies/A.CHUTE/envs.txt|baseline/pgfuzz/ArduPilot/policies/A.CIRCLE7/envs.txt|baseline/pgfuzz/ArduPilot/policies/A.FLIP1/envs.txt|baseline/pgfuzz/ArduPilot/policies/A.FLIP2/envs.txt|baseline/pgfuzz/ArduPilot/policies/A.FLIP3/envs.txt|baseline/pgfuzz/ArduPilot/policies/A.FLIP4/envs.txt|baseline/pgfuzz/ArduPilot/policies/A.GUIDED1/envs.txt|baseline/pgfuzz/ArduPilot/policies/A.LAND1/envs.txt|baseline/pgfuzz/ArduPilot/policies/A.LAND2/envs.txt|baseline/pgfuzz/ArduPilot/policies/A.LOITER1/envs.txt|baseline/pgfuzz/ArduPilot/policies/A.RC.FS1/envs.txt|baseline/pgfuzz/ArduPilot/policies/A.RC.FS2/envs.txt|baseline/pgfuzz/ArduPilot/policies/A.RTL1/envs.txt|baseline/pgfuzz/ArduPilot/policies/A.RTL2/envs.txt|baseline/pgfuzz/ArduPilot/policies/A.RTL3/envs.txt|baseline/pgfuzz/ArduPilot/policies/A.RTL4/envs.txt|baseline/pgfuzz/ArduPilot/policies/A.SPORT1/envs.txt,EXACT_CURRENT_DEFINITION,SIM_SPR_SPIN,EXACT_NAME_DEFINITION,,,baseline/ardupilot/libraries/SITL/SIM_Sprayer.cpp:44,exact_metadata_unique,not_exposed_by_param_metadata_parser,-1),-1,SOURCE_METADATA_LITERAL_OR_EXPRESSION,baseline/ardupilot/libraries/SITL/SIM_Sprayer.cpp:44,保存参数目录解析出的字面值或未求值源码表达式；它不是运行值，宏表达式不能冒充已求值数值。,0,15,,,,confirmed_by_frozen_runtime_snapshot,observed_in_frozen_runtime_parameter_download,-1,quad,ardupilot-copter-m6,NOT_TESTED,,NOT_APPLICABLE,,参数身份和定义位置已找到；这不证明它与该性质存在真实数据依赖，也未执行写入变更测试。,NOT_ASSESSED
ArduPilot,InputE,SIM_TA_ENABLE,20,A.ALT_HOLD1|A.ALT_HOLD2|A.AUTO1|A.CHUTE1|A.CIRCLE7|A.FLIP1|A.FLIP2|A.FLIP3|A.FLIPGeneral|A.GUIDED1|A.LAND1|A.LAND2|A.LOITER1|A.RC.FS1|A.RC.FS2|A.RTL1|A.RTL2|A.RTL3|A.RTL4|A.SPORT1,SIM_TA_ENABLE,baseline/pgfuzz/ArduPilot/policies/A.ALT_HOLD1/envs.txt|baseline/pgfuzz/ArduPilot/policies/A.ALT_HOLD2/envs.txt|baseline/pgfuzz/ArduPilot/policies/A.AUTO1/envs.txt|baseline/pgfuzz/ArduPilot/policies/A.CHUTE/envs.txt|baseline/pgfuzz/ArduPilot/policies/A.CIRCLE7/envs.txt|baseline/pgfuzz/ArduPilot/policies/A.FLIP1/envs.txt|baseline/pgfuzz/ArduPilot/policies/A.FLIP2/envs.txt|baseline/pgfuzz/ArduPilot/policies/A.FLIP3/envs.txt|baseline/pgfuzz/ArduPilot/policies/A.FLIP4/envs.txt|baseline/pgfuzz/ArduPilot/policies/A.GUIDED1/envs.txt|baseline/pgfuzz/ArduPilot/policies/A.LAND1/envs.txt|baseline/pgfuzz/ArduPilot/policies/A.LAND2/envs.txt|baseline/pgfuzz/ArduPilot/policies/A.LOITER1/envs.txt|baseline/pgfuzz/ArduPilot/policies/A.RC.FS1/envs.txt|baseline/pgfuzz/ArduPilot/policies/A.RC.FS2/envs.txt|baseline/pgfuzz/ArduPilot/policies/A.RTL1/envs.txt|baseline/pgfuzz/ArduPilot/policies/A.RTL2/envs.txt|baseline/pgfuzz/ArduPilot/policies/A.RTL3/envs.txt|baseline/pgfuzz/ArduPilot/policies/A.RTL4/envs.txt|baseline/pgfuzz/ArduPilot/policies/A.SPORT1/envs.txt,EXACT_CURRENT_DEFINITION,SIM_TA_ENABLE,EXACT_NAME_DEFINITION,,,baseline/ardupilot/libraries/SITL/SIM_ToneAlarm.cpp:29,exact_metadata_unique,not_exposed_by_param_metadata_parser,,,UNKNOWN,baseline/ardupilot/libraries/SITL/SIM_ToneAlarm.cpp:29,当前目录没有可用默认值证据。,,,,,,confirmed_by_frozen_runtime_snapshot,observed_in_frozen_runtime_parameter_download,1,quad,ardupilot-copter-m6,NOT_TESTED,,NOT_APPLICABLE,,参数身份和定义位置已找到；这不证明它与该性质存在真实数据依赖，也未执行写入变更测试。,NOT_ASSESSED
ArduPilot,InputE,SIM_TEMP_FLIGHT,20,A.ALT_HOLD1|A.ALT_HOLD2|A.AUTO1|A.CHUTE1|A.CIRCLE7|A.FLIP1|A.FLIP2|A.FLIP3|A.FLIPGeneral|A.GUIDED1|A.LAND1|A.LAND2|A.LOITER1|A.RC.FS1|A.RC.FS2|A.RTL1|A.RTL2|A.RTL3|A.RTL4|A.SPORT1,SIM_TEMP_FLIGHT,baseline/pgfuzz/ArduPilot/policies/A.ALT_HOLD1/envs.txt|baseline/pgfuzz/ArduPilot/policies/A.ALT_HOLD2/envs.txt|baseline/pgfuzz/ArduPilot/policies/A.AUTO1/envs.txt|baseline/pgfuzz/ArduPilot/policies/A.CHUTE/envs.txt|baseline/pgfuzz/ArduPilot/policies/A.CIRCLE7/envs.txt|baseline/pgfuzz/ArduPilot/policies/A.FLIP1/envs.txt|baseline/pgfuzz/ArduPilot/policies/A.FLIP2/envs.txt|baseline/pgfuzz/ArduPilot/policies/A.FLIP3/envs.txt|baseline/pgfuzz/ArduPilot/policies/A.FLIP4/envs.txt|baseline/pgfuzz/ArduPilot/policies/A.GUIDED1/envs.txt|baseline/pgfuzz/ArduPilot/policies/A.LAND1/envs.txt|baseline/pgfuzz/ArduPilot/policies/A.LAND2/envs.txt|baseline/pgfuzz/ArduPilot/policies/A.LOITER1/envs.txt|baseline/pgfuzz/ArduPilot/policies/A.RC.FS1/envs.txt|baseline/pgfuzz/ArduPilot/policies/A.RC.FS2/envs.txt|baseline/pgfuzz/ArduPilot/policies/A.RTL1/envs.txt|baseline/pgfuzz/ArduPilot/policies/A.RTL2/envs.txt|baseline/pgfuzz/ArduPilot/policies/A.RTL3/envs.txt|baseline/pgfuzz/ArduPilot/policies/A.RTL4/envs.txt|baseline/pgfuzz/ArduPilot/policies/A.SPORT1/envs.txt,CURRENT_DEFINITION_NOT_FOUND,SIM_TEMP_FLIGHT,UNRESOLVED,,,,,,,,UNKNOWN,,当前目录没有可用默认值证据。,,,,,,,,,,,NOT_TESTED,,NOT_APPLICABLE,,当前冻结参数目录中没有找到可信同名或重命名定义；没有使用字符串相似度猜测。,NOT_ASSESSED
ArduPilot,InputE,SIM_TEMP_START,20,A.ALT_HOLD1|A.ALT_HOLD2|A.AUTO1|A.CHUTE1|A.CIRCLE7|A.FLIP1|A.FLIP2|A.FLIP3|A.FLIPGeneral|A.GUIDED1|A.LAND1|A.LAND2|A.LOITER1|A.RC.FS1|A.RC.FS2|A.RTL1|A.RTL2|A.RTL3|A.RTL4|A.SPORT1,SIM_TEMP_START,baseline/pgfuzz/ArduPilot/policies/A.ALT_HOLD1/envs.txt|baseline/pgfuzz/ArduPilot/policies/A.ALT_HOLD2/envs.txt|baseline/pgfuzz/ArduPilot/policies/A.AUTO1/envs.txt|baseline/pgfuzz/ArduPilot/policies/A.CHUTE/envs.txt|baseline/pgfuzz/ArduPilot/policies/A.CIRCLE7/envs.txt|baseline/pgfuzz/ArduPilot/policies/A.FLIP1/envs.txt|baseline/pgfuzz/ArduPilot/policies/A.FLIP2/envs.txt|baseline/pgfuzz/ArduPilot/policies/A.FLIP3/envs.txt|baseline/pgfuzz/ArduPilot/policies/A.FLIP4/envs.txt|baseline/pgfuzz/ArduPilot/policies/A.GUIDED1/envs.txt|baseline/pgfuzz/ArduPilot/policies/A.LAND1/envs.txt|baseline/pgfuzz/ArduPilot/policies/A.LAND2/envs.txt|baseline/pgfuzz/ArduPilot/policies/A.LOITER1/envs.txt|baseline/pgfuzz/ArduPilot/policies/A.RC.FS1/envs.txt|baseline/pgfuzz/ArduPilot/policies/A.RC.FS2/envs.txt|baseline/pgfuzz/ArduPilot/policies/A.RTL1/envs.txt|baseline/pgfuzz/ArduPilot/policies/A.RTL2/envs.txt|baseline/pgfuzz/ArduPilot/policies/A.RTL3/envs.txt|baseline/pgfuzz/ArduPilot/policies/A.RTL4/envs.txt|baseline/pgfuzz/ArduPilot/policies/A.SPORT1/envs.txt,EXACT_CURRENT_DEFINITION,SIM_TEMP_START,EXACT_NAME_DEFINITION,,,baseline/ardupilot/libraries/SITL/SITL.cpp:254,exact_metadata_unique,not_exposed_by_param_metadata_parser,,,UNKNOWN,baseline/ardupilot/libraries/SITL/SITL.cpp:254,当前目录没有可用默认值证据。,,,,degC,,confirmed_by_frozen_runtime_snapshot,observed_in_frozen_runtime_parameter_download,25.0,quad,ardupilot-copter-m6,NOT_TESTED,,NOT_APPLICABLE,,参数身份和定义位置已找到；这不证明它与该性质存在真实数据依赖，也未执行写入变更测试。,NOT_ASSESSED
ArduPilot,InputE,SIM_TERRAIN,21,A.ALT_HOLD1|A.ALT_HOLD2|A.AUTO1|A.BRAKE1|A.CHUTE1|A.CIRCLE7|A.FLIP1|A.FLIP2|A.FLIP3|A.FLIPGeneral|A.GUIDED1|A.LAND1|A.LAND2|A.LOITER1|A.RC.FS1|A.RC.FS2|A.RTL1|A.RTL2|A.RTL3|A.RTL4|A.SPORT1,SIM_TERRAIN,baseline/pgfuzz/ArduPilot/policies/A.ALT_HOLD1/envs.txt|baseline/pgfuzz/ArduPilot/policies/A.ALT_HOLD2/envs.txt|baseline/pgfuzz/ArduPilot/policies/A.AUTO1/envs.txt|baseline/pgfuzz/ArduPilot/policies/A.BRAKE1/envs.txt|baseline/pgfuzz/ArduPilot/policies/A.CHUTE/envs.txt|baseline/pgfuzz/ArduPilot/policies/A.CIRCLE7/envs.txt|baseline/pgfuzz/ArduPilot/policies/A.FLIP1/envs.txt|baseline/pgfuzz/ArduPilot/policies/A.FLIP2/envs.txt|baseline/pgfuzz/ArduPilot/policies/A.FLIP3/envs.txt|baseline/pgfuzz/ArduPilot/policies/A.FLIP4/envs.txt|baseline/pgfuzz/ArduPilot/policies/A.GUIDED1/envs.txt|baseline/pgfuzz/ArduPilot/policies/A.LAND1/envs.txt|baseline/pgfuzz/ArduPilot/policies/A.LAND2/envs.txt|baseline/pgfuzz/ArduPilot/policies/A.LOITER1/envs.txt|baseline/pgfuzz/ArduPilot/policies/A.RC.FS1/envs.txt|baseline/pgfuzz/ArduPilot/policies/A.RC.FS2/envs.txt|baseline/pgfuzz/ArduPilot/policies/A.RTL1/envs.txt|baseline/pgfuzz/ArduPilot/policies/A.RTL2/envs.txt|baseline/pgfuzz/ArduPilot/policies/A.RTL3/envs.txt|baseline/pgfuzz/ArduPilot/policies/A.RTL4/envs.txt|baseline/pgfuzz/ArduPilot/policies/A.SPORT1/envs.txt,EXACT_CURRENT_DEFINITION,SIM_TERRAIN,EXACT_NAME_DEFINITION,,,baseline/ardupilot/libraries/SITL/SITL.cpp:179,exact_metadata_unique,not_exposed_by_param_metadata_parser,,,UNKNOWN,baseline/ardupilot/libraries/SITL/SITL.cpp:179,当前目录没有可用默认值证据。,,,,,,confirmed_by_frozen_runtime_snapshot,observed_in_frozen_runtime_parameter_download,1,quad,ardupilot-copter-m6,NOT_TESTED,,NOT_APPLICABLE,,参数身份和定义位置已找到；这不证明它与该性质存在真实数据依赖，也未执行写入变更测试。,NOT_ASSESSED
ArduPilot,InputE,SIM_TIDE_DIR,21,A.ALT_HOLD1|A.ALT_HOLD2|A.AUTO1|A.BRAKE1|A.CHUTE1|A.CIRCLE7|A.FLIP1|A.FLIP2|A.FLIP3|A.FLIPGeneral|A.GUIDED1|A.LAND1|A.LAND2|A.LOITER1|A.RC.FS1|A.RC.FS2|A.RTL1|A.RTL2|A.RTL3|A.RTL4|A.SPORT1,SIM_TIDE_DIR,baseline/pgfuzz/ArduPilot/policies/A.ALT_HOLD1/envs.txt|baseline/pgfuzz/ArduPilot/policies/A.ALT_HOLD2/envs.txt|baseline/pgfuzz/ArduPilot/policies/A.AUTO1/envs.txt|baseline/pgfuzz/ArduPilot/policies/A.BRAKE1/envs.txt|baseline/pgfuzz/ArduPilot/policies/A.CHUTE/envs.txt|baseline/pgfuzz/ArduPilot/policies/A.CIRCLE7/envs.txt|baseline/pgfuzz/ArduPilot/policies/A.FLIP1/envs.txt|baseline/pgfuzz/ArduPilot/policies/A.FLIP2/envs.txt|baseline/pgfuzz/ArduPilot/policies/A.FLIP3/envs.txt|baseline/pgfuzz/ArduPilot/policies/A.FLIP4/envs.txt|baseline/pgfuzz/ArduPilot/policies/A.GUIDED1/envs.txt|baseline/pgfuzz/ArduPilot/policies/A.LAND1/envs.txt|baseline/pgfuzz/ArduPilot/policies/A.LAND2/envs.txt|baseline/pgfuzz/ArduPilot/policies/A.LOITER1/envs.txt|baseline/pgfuzz/ArduPilot/policies/A.RC.FS1/envs.txt|baseline/pgfuzz/ArduPilot/policies/A.RC.FS2/envs.txt|baseline/pgfuzz/ArduPilot/policies/A.RTL1/envs.txt|baseline/pgfuzz/ArduPilot/policies/A.RTL2/envs.txt|baseline/pgfuzz/ArduPilot/policies/A.RTL3/envs.txt|baseline/pgfuzz/ArduPilot/policies/A.RTL4/envs.txt|baseline/pgfuzz/ArduPilot/policies/A.SPORT1/envs.txt,EXACT_CURRENT_DEFINITION,SIM_TIDE_DIR,EXACT_NAME_DEFINITION,,,baseline/ardupilot/libraries/SITL/SITL.cpp:427,exact_metadata_unique,not_exposed_by_param_metadata_parser,,,UNKNOWN,baseline/ardupilot/libraries/SITL/SITL.cpp:427,当前目录没有可用默认值证据。,,,,deg,,confirmed_by_frozen_runtime_snapshot,observed_in_frozen_runtime_parameter_download,0.0,quad,ardupilot-copter-m6,NOT_TESTED,,NOT_APPLICABLE,,参数身份和定义位置已找到；这不证明它与该性质存在真实数据依赖，也未执行写入变更测试。,NOT_ASSESSED
ArduPilot,InputE,SIM_TIDE_SPEED,20,A.ALT_HOLD1|A.ALT_HOLD2|A.AUTO1|A.CHUTE1|A.CIRCLE7|A.FLIP1|A.FLIP2|A.FLIP3|A.FLIPGeneral|A.GUIDED1|A.LAND1|A.LAND2|A.LOITER1|A.RC.FS1|A.RC.FS2|A.RTL1|A.RTL2|A.RTL3|A.RTL4|A.SPORT1,SIM_TIDE_SPEED,baseline/pgfuzz/ArduPilot/policies/A.ALT_HOLD1/envs.txt|baseline/pgfuzz/ArduPilot/policies/A.ALT_HOLD2/envs.txt|baseline/pgfuzz/ArduPilot/policies/A.AUTO1/envs.txt|baseline/pgfuzz/ArduPilot/policies/A.CHUTE/envs.txt|baseline/pgfuzz/ArduPilot/policies/A.CIRCLE7/envs.txt|baseline/pgfuzz/ArduPilot/policies/A.FLIP1/envs.txt|baseline/pgfuzz/ArduPilot/policies/A.FLIP2/envs.txt|baseline/pgfuzz/ArduPilot/policies/A.FLIP3/envs.txt|baseline/pgfuzz/ArduPilot/policies/A.FLIP4/envs.txt|baseline/pgfuzz/ArduPilot/policies/A.GUIDED1/envs.txt|baseline/pgfuzz/ArduPilot/policies/A.LAND1/envs.txt|baseline/pgfuzz/ArduPilot/policies/A.LAND2/envs.txt|baseline/pgfuzz/ArduPilot/policies/A.LOITER1/envs.txt|baseline/pgfuzz/ArduPilot/policies/A.RC.FS1/envs.txt|baseline/pgfuzz/ArduPilot/policies/A.RC.FS2/envs.txt|baseline/pgfuzz/ArduPilot/policies/A.RTL1/envs.txt|baseline/pgfuzz/ArduPilot/policies/A.RTL2/envs.txt|baseline/pgfuzz/ArduPilot/policies/A.RTL3/envs.txt|baseline/pgfuzz/ArduPilot/policies/A.RTL4/envs.txt|baseline/pgfuzz/ArduPilot/policies/A.SPORT1/envs.txt,EXACT_CURRENT_DEFINITION,SIM_TIDE_SPEED,EXACT_NAME_DEFINITION,,,baseline/ardupilot/libraries/SITL/SITL.cpp:432,exact_metadata_unique,not_exposed_by_param_metadata_parser,,,UNKNOWN,baseline/ardupilot/libraries/SITL/SITL.cpp:432,当前目录没有可用默认值证据。,,,,m/s,,confirmed_by_frozen_runtime_snapshot,observed_in_frozen_runtime_parameter_download,0.0,quad,ardupilot-copter-m6,NOT_TESTED,,NOT_APPLICABLE,,参数身份和定义位置已找到；这不证明它与该性质存在真实数据依赖，也未执行写入变更测试。,NOT_ASSESSED
ArduPilot,InputE,SIM_TWIST_TIME,21,A.ALT_HOLD1|A.ALT_HOLD2|A.AUTO1|A.BRAKE1|A.CHUTE1|A.CIRCLE7|A.FLIP1|A.FLIP2|A.FLIP3|A.FLIPGeneral|A.GUIDED1|A.LAND1|A.LAND2|A.LOITER1|A.RC.FS1|A.RC.FS2|A.RTL1|A.RTL2|A.RTL3|A.RTL4|A.SPORT1,SIM_TWIST_TIME,baseline/pgfuzz/ArduPilot/policies/A.ALT_HOLD1/envs.txt|baseline/pgfuzz/ArduPilot/policies/A.ALT_HOLD2/envs.txt|baseline/pgfuzz/ArduPilot/policies/A.AUTO1/envs.txt|baseline/pgfuzz/ArduPilot/policies/A.BRAKE1/envs.txt|baseline/pgfuzz/ArduPilot/policies/A.CHUTE/envs.txt|baseline/pgfuzz/ArduPilot/policies/A.CIRCLE7/envs.txt|baseline/pgfuzz/ArduPilot/policies/A.FLIP1/envs.txt|baseline/pgfuzz/ArduPilot/policies/A.FLIP2/envs.txt|baseline/pgfuzz/ArduPilot/policies/A.FLIP3/envs.txt|baseline/pgfuzz/ArduPilot/policies/A.FLIP4/envs.txt|baseline/pgfuzz/ArduPilot/policies/A.GUIDED1/envs.txt|baseline/pgfuzz/ArduPilot/policies/A.LAND1/envs.txt|baseline/pgfuzz/ArduPilot/policies/A.LAND2/envs.txt|baseline/pgfuzz/ArduPilot/policies/A.LOITER1/envs.txt|baseline/pgfuzz/ArduPilot/policies/A.RC.FS1/envs.txt|baseline/pgfuzz/ArduPilot/policies/A.RC.FS2/envs.txt|baseline/pgfuzz/ArduPilot/policies/A.RTL1/envs.txt|baseline/pgfuzz/ArduPilot/policies/A.RTL2/envs.txt|baseline/pgfuzz/ArduPilot/policies/A.RTL3/envs.txt|baseline/pgfuzz/ArduPilot/policies/A.RTL4/envs.txt|baseline/pgfuzz/ArduPilot/policies/A.SPORT1/envs.txt,EXACT_CURRENT_DEFINITION,SIM_TWIST_TIME,EXACT_NAME_DEFINITION,,,baseline/ardupilot/libraries/SITL/SITL.cpp:383,exact_metadata_unique,not_exposed_by_param_metadata_parser,,,UNKNOWN,baseline/ardupilot/libraries/SITL/SITL.cpp:383,当前目录没有可用默认值证据。,,,,ms,,confirmed_by_frozen_runtime_snapshot,observed_in_frozen_runtime_parameter_download,0,quad,ardupilot-copter-m6,NOT_TESTED,,NOT_APPLICABLE,,参数身份和定义位置已找到；这不证明它与该性质存在真实数据依赖，也未执行写入变更测试。,NOT_ASSESSED
ArduPilot,InputE,SIM_TWIST_X,20,A.ALT_HOLD1|A.ALT_HOLD2|A.AUTO1|A.CHUTE1|A.CIRCLE7|A.FLIP1|A.FLIP2|A.FLIP3|A.FLIPGeneral|A.GUIDED1|A.LAND1|A.LAND2|A.LOITER1|A.RC.FS1|A.RC.FS2|A.RTL1|A.RTL2|A.RTL3|A.RTL4|A.SPORT1,SIM_TWIST_X,baseline/pgfuzz/ArduPilot/policies/A.ALT_HOLD1/envs.txt|baseline/pgfuzz/ArduPilot/policies/A.ALT_HOLD2/envs.txt|baseline/pgfuzz/ArduPilot/policies/A.AUTO1/envs.txt|baseline/pgfuzz/ArduPilot/policies/A.CHUTE/envs.txt|baseline/pgfuzz/ArduPilot/policies/A.CIRCLE7/envs.txt|baseline/pgfuzz/ArduPilot/policies/A.FLIP1/envs.txt|baseline/pgfuzz/ArduPilot/policies/A.FLIP2/envs.txt|baseline/pgfuzz/ArduPilot/policies/A.FLIP3/envs.txt|baseline/pgfuzz/ArduPilot/policies/A.FLIP4/envs.txt|baseline/pgfuzz/ArduPilot/policies/A.GUIDED1/envs.txt|baseline/pgfuzz/ArduPilot/policies/A.LAND1/envs.txt|baseline/pgfuzz/ArduPilot/policies/A.LAND2/envs.txt|baseline/pgfuzz/ArduPilot/policies/A.LOITER1/envs.txt|baseline/pgfuzz/ArduPilot/policies/A.RC.FS1/envs.txt|baseline/pgfuzz/ArduPilot/policies/A.RC.FS2/envs.txt|baseline/pgfuzz/ArduPilot/policies/A.RTL1/envs.txt|baseline/pgfuzz/ArduPilot/policies/A.RTL2/envs.txt|baseline/pgfuzz/ArduPilot/policies/A.RTL3/envs.txt|baseline/pgfuzz/ArduPilot/policies/A.RTL4/envs.txt|baseline/pgfuzz/ArduPilot/policies/A.SPORT1/envs.txt,EXACT_CURRENT_DEFINITION,SIM_TWIST_X,EXACT_NAME_DEFINITION,,,baseline/ardupilot/libraries/SITL/SITL.cpp:368,exact_metadata_unique,not_exposed_by_param_metadata_parser,,,UNKNOWN,baseline/ardupilot/libraries/SITL/SITL.cpp:368,当前目录没有可用默认值证据。,,,,rad/s/s,,confirmed_by_frozen_runtime_snapshot,observed_in_frozen_runtime_parameter_download,0.0,quad,ardupilot-copter-m6,NOT_TESTED,,NOT_APPLICABLE,,参数身份和定义位置已找到；这不证明它与该性质存在真实数据依赖，也未执行写入变更测试。,NOT_ASSESSED
ArduPilot,InputE,SIM_TWIST_Y,2,A.AUTO1|A.CIRCLE7,SIM_TWIST_Y,baseline/pgfuzz/ArduPilot/policies/A.AUTO1/envs.txt|baseline/pgfuzz/ArduPilot/policies/A.CIRCLE7/envs.txt,EXACT_CURRENT_DEFINITION,SIM_TWIST_Y,EXACT_NAME_DEFINITION,,,baseline/ardupilot/libraries/SITL/SITL.cpp:373,exact_metadata_unique,not_exposed_by_param_metadata_parser,,,UNKNOWN,baseline/ardupilot/libraries/SITL/SITL.cpp:373,当前目录没有可用默认值证据。,,,,rad/s/s,,confirmed_by_frozen_runtime_snapshot,observed_in_frozen_runtime_parameter_download,0.0,quad,ardupilot-copter-m6,NOT_TESTED,,NOT_APPLICABLE,,参数身份和定义位置已找到；这不证明它与该性质存在真实数据依赖，也未执行写入变更测试。,NOT_ASSESSED
ArduPilot,InputE,SIM_TWIST_Z,20,A.ALT_HOLD1|A.ALT_HOLD2|A.AUTO1|A.CHUTE1|A.CIRCLE7|A.FLIP1|A.FLIP2|A.FLIP3|A.FLIPGeneral|A.GUIDED1|A.LAND1|A.LAND2|A.LOITER1|A.RC.FS1|A.RC.FS2|A.RTL1|A.RTL2|A.RTL3|A.RTL4|A.SPORT1,SIM_TWIST_Z,baseline/pgfuzz/ArduPilot/policies/A.ALT_HOLD1/envs.txt|baseline/pgfuzz/ArduPilot/policies/A.ALT_HOLD2/envs.txt|baseline/pgfuzz/ArduPilot/policies/A.AUTO1/envs.txt|baseline/pgfuzz/ArduPilot/policies/A.CHUTE/envs.txt|baseline/pgfuzz/ArduPilot/policies/A.CIRCLE7/envs.txt|baseline/pgfuzz/ArduPilot/policies/A.FLIP1/envs.txt|baseline/pgfuzz/ArduPilot/policies/A.FLIP2/envs.txt|baseline/pgfuzz/ArduPilot/policies/A.FLIP3/envs.txt|baseline/pgfuzz/ArduPilot/policies/A.FLIP4/envs.txt|baseline/pgfuzz/ArduPilot/policies/A.GUIDED1/envs.txt|baseline/pgfuzz/ArduPilot/policies/A.LAND1/envs.txt|baseline/pgfuzz/ArduPilot/policies/A.LAND2/envs.txt|baseline/pgfuzz/ArduPilot/policies/A.LOITER1/envs.txt|baseline/pgfuzz/ArduPilot/policies/A.RC.FS1/envs.txt|baseline/pgfuzz/ArduPilot/policies/A.RC.FS2/envs.txt|baseline/pgfuzz/ArduPilot/policies/A.RTL1/envs.txt|baseline/pgfuzz/ArduPilot/policies/A.RTL2/envs.txt|baseline/pgfuzz/ArduPilot/policies/A.RTL3/envs.txt|baseline/pgfuzz/ArduPilot/policies/A.RTL4/envs.txt|baseline/pgfuzz/ArduPilot/policies/A.SPORT1/envs.txt,EXACT_CURRENT_DEFINITION,SIM_TWIST_Z,EXACT_NAME_DEFINITION,,,baseline/ardupilot/libraries/SITL/SITL.cpp:378,exact_metadata_unique,not_exposed_by_param_metadata_parser,,,UNKNOWN,baseline/ardupilot/libraries/SITL/SITL.cpp:378,当前目录没有可用默认值证据。,,,,rad/s/s,,confirmed_by_frozen_runtime_snapshot,observed_in_frozen_runtime_parameter_download,0.0,quad,ardupilot-copter-m6,NOT_TESTED,,NOT_APPLICABLE,,参数身份和定义位置已找到；这不证明它与该性质存在真实数据依赖，也未执行写入变更测试。,NOT_ASSESSED
ArduPilot,InputE,SIM_VIB_FREQ_X,20,A.ALT_HOLD1|A.ALT_HOLD2|A.AUTO1|A.CHUTE1|A.CIRCLE7|A.FLIP1|A.FLIP2|A.FLIP3|A.FLIPGeneral|A.GUIDED1|A.LAND1|A.LAND2|A.LOITER1|A.RC.FS1|A.RC.FS2|A.RTL1|A.RTL2|A.RTL3|A.RTL4|A.SPORT1,SIM_VIB_FREQ_X,baseline/pgfuzz/ArduPilot/policies/A.ALT_HOLD1/envs.txt|baseline/pgfuzz/ArduPilot/policies/A.ALT_HOLD2/envs.txt|baseline/pgfuzz/ArduPilot/policies/A.AUTO1/envs.txt|baseline/pgfuzz/ArduPilot/policies/A.CHUTE/envs.txt|baseline/pgfuzz/ArduPilot/policies/A.CIRCLE7/envs.txt|baseline/pgfuzz/ArduPilot/policies/A.FLIP1/envs.txt|baseline/pgfuzz/ArduPilot/policies/A.FLIP2/envs.txt|baseline/pgfuzz/ArduPilot/policies/A.FLIP3/envs.txt|baseline/pgfuzz/ArduPilot/policies/A.FLIP4/envs.txt|baseline/pgfuzz/ArduPilot/policies/A.GUIDED1/envs.txt|baseline/pgfuzz/ArduPilot/policies/A.LAND1/envs.txt|baseline/pgfuzz/ArduPilot/policies/A.LAND2/envs.txt|baseline/pgfuzz/ArduPilot/policies/A.LOITER1/envs.txt|baseline/pgfuzz/ArduPilot/policies/A.RC.FS1/envs.txt|baseline/pgfuzz/ArduPilot/policies/A.RC.FS2/envs.txt|baseline/pgfuzz/ArduPilot/policies/A.RTL1/envs.txt|baseline/pgfuzz/ArduPilot/policies/A.RTL2/envs.txt|baseline/pgfuzz/ArduPilot/policies/A.RTL3/envs.txt|baseline/pgfuzz/ArduPilot/policies/A.RTL4/envs.txt|baseline/pgfuzz/ArduPilot/policies/A.SPORT1/envs.txt,EXACT_CURRENT_DEFINITION,SIM_VIB_FREQ_X,EXACT_NAME_DEFINITION,,,,unresolved,not_exposed_by_param_metadata_parser,,,UNKNOWN,,当前目录没有可用默认值证据。,,,,Hz,,confirmed_by_frozen_runtime_snapshot,observed_in_frozen_runtime_parameter_download,0.0,quad,ardupilot-copter-m6,NOT_TESTED,,NOT_APPLICABLE,,参数身份和定义位置已找到；这不证明它与该性质存在真实数据依赖，也未执行写入变更测试。,NOT_ASSESSED
ArduPilot,InputE,SIM_VIB_FREQ_Y,20,A.ALT_HOLD1|A.ALT_HOLD2|A.AUTO1|A.CHUTE1|A.CIRCLE7|A.FLIP1|A.FLIP2|A.FLIP3|A.FLIPGeneral|A.GUIDED1|A.LAND1|A.LAND2|A.LOITER1|A.RC.FS1|A.RC.FS2|A.RTL1|A.RTL2|A.RTL3|A.RTL4|A.SPORT1,SIM_VIB_FREQ_Y,baseline/pgfuzz/ArduPilot/policies/A.ALT_HOLD1/envs.txt|baseline/pgfuzz/ArduPilot/policies/A.ALT_HOLD2/envs.txt|baseline/pgfuzz/ArduPilot/policies/A.AUTO1/envs.txt|baseline/pgfuzz/ArduPilot/policies/A.CHUTE/envs.txt|baseline/pgfuzz/ArduPilot/policies/A.CIRCLE7/envs.txt|baseline/pgfuzz/ArduPilot/policies/A.FLIP1/envs.txt|baseline/pgfuzz/ArduPilot/policies/A.FLIP2/envs.txt|baseline/pgfuzz/ArduPilot/policies/A.FLIP3/envs.txt|baseline/pgfuzz/ArduPilot/policies/A.FLIP4/envs.txt|baseline/pgfuzz/ArduPilot/policies/A.GUIDED1/envs.txt|baseline/pgfuzz/ArduPilot/policies/A.LAND1/envs.txt|baseline/pgfuzz/ArduPilot/policies/A.LAND2/envs.txt|baseline/pgfuzz/ArduPilot/policies/A.LOITER1/envs.txt|baseline/pgfuzz/ArduPilot/policies/A.RC.FS1/envs.txt|baseline/pgfuzz/ArduPilot/policies/A.RC.FS2/envs.txt|baseline/pgfuzz/ArduPilot/policies/A.RTL1/envs.txt|baseline/pgfuzz/ArduPilot/policies/A.RTL2/envs.txt|baseline/pgfuzz/ArduPilot/policies/A.RTL3/envs.txt|baseline/pgfuzz/ArduPilot/policies/A.RTL4/envs.txt|baseline/pgfuzz/ArduPilot/policies/A.SPORT1/envs.txt,EXACT_CURRENT_DEFINITION,SIM_VIB_FREQ_Y,EXACT_NAME_DEFINITION,,,,unresolved,not_exposed_by_param_metadata_parser,,,UNKNOWN,,当前目录没有可用默认值证据。,,,,Hz,,confirmed_by_frozen_runtime_snapshot,observed_in_frozen_runtime_parameter_download,0.0,quad,ardupilot-copter-m6,NOT_TESTED,,NOT_APPLICABLE,,参数身份和定义位置已找到；这不证明它与该性质存在真实数据依赖，也未执行写入变更测试。,NOT_ASSESSED
ArduPilot,InputE,SIM_VIB_FREQ_Z,20,A.ALT_HOLD1|A.ALT_HOLD2|A.AUTO1|A.CHUTE1|A.CIRCLE7|A.FLIP1|A.FLIP2|A.FLIP3|A.FLIPGeneral|A.GUIDED1|A.LAND1|A.LAND2|A.LOITER1|A.RC.FS1|A.RC.FS2|A.RTL1|A.RTL2|A.RTL3|A.RTL4|A.SPORT1,SIM_VIB_FREQ_Z,baseline/pgfuzz/ArduPilot/policies/A.ALT_HOLD1/envs.txt|baseline/pgfuzz/ArduPilot/policies/A.ALT_HOLD2/envs.txt|baseline/pgfuzz/ArduPilot/policies/A.AUTO1/envs.txt|baseline/pgfuzz/ArduPilot/policies/A.CHUTE/envs.txt|baseline/pgfuzz/ArduPilot/policies/A.CIRCLE7/envs.txt|baseline/pgfuzz/ArduPilot/policies/A.FLIP1/envs.txt|baseline/pgfuzz/ArduPilot/policies/A.FLIP2/envs.txt|baseline/pgfuzz/ArduPilot/policies/A.FLIP3/envs.txt|baseline/pgfuzz/ArduPilot/policies/A.FLIP4/envs.txt|baseline/pgfuzz/ArduPilot/policies/A.GUIDED1/envs.txt|baseline/pgfuzz/ArduPilot/policies/A.LAND1/envs.txt|baseline/pgfuzz/ArduPilot/policies/A.LAND2/envs.txt|baseline/pgfuzz/ArduPilot/policies/A.LOITER1/envs.txt|baseline/pgfuzz/ArduPilot/policies/A.RC.FS1/envs.txt|baseline/pgfuzz/ArduPilot/policies/A.RC.FS2/envs.txt|baseline/pgfuzz/ArduPilot/policies/A.RTL1/envs.txt|baseline/pgfuzz/ArduPilot/policies/A.RTL2/envs.txt|baseline/pgfuzz/ArduPilot/policies/A.RTL3/envs.txt|baseline/pgfuzz/ArduPilot/policies/A.RTL4/envs.txt|baseline/pgfuzz/ArduPilot/policies/A.SPORT1/envs.txt,EXACT_CURRENT_DEFINITION,SIM_VIB_FREQ_Z,EXACT_NAME_DEFINITION,,,,unresolved,not_exposed_by_param_metadata_parser,,,UNKNOWN,,当前目录没有可用默认值证据。,,,,Hz,,confirmed_by_frozen_runtime_snapshot,observed_in_frozen_runtime_parameter_download,0.0,quad,ardupilot-copter-m6,NOT_TESTED,,NOT_APPLICABLE,,参数身份和定义位置已找到；这不证明它与该性质存在真实数据依赖，也未执行写入变更测试。,NOT_ASSESSED
ArduPilot,InputE,SIM_VICON_HSTLEN,20,A.ALT_HOLD1|A.ALT_HOLD2|A.AUTO1|A.CHUTE1|A.CIRCLE7|A.FLIP1|A.FLIP2|A.FLIP3|A.FLIPGeneral|A.GUIDED1|A.LAND1|A.LAND2|A.LOITER1|A.RC.FS1|A.RC.FS2|A.RTL1|A.RTL2|A.RTL3|A.RTL4|A.SPORT1,SIM_VICON_HSTLEN,baseline/pgfuzz/ArduPilot/policies/A.ALT_HOLD1/envs.txt|baseline/pgfuzz/ArduPilot/policies/A.ALT_HOLD2/envs.txt|baseline/pgfuzz/ArduPilot/policies/A.AUTO1/envs.txt|baseline/pgfuzz/ArduPilot/policies/A.CHUTE/envs.txt|baseline/pgfuzz/ArduPilot/policies/A.CIRCLE7/envs.txt|baseline/pgfuzz/ArduPilot/policies/A.FLIP1/envs.txt|baseline/pgfuzz/ArduPilot/policies/A.FLIP2/envs.txt|baseline/pgfuzz/ArduPilot/policies/A.FLIP3/envs.txt|baseline/pgfuzz/ArduPilot/policies/A.FLIP4/envs.txt|baseline/pgfuzz/ArduPilot/policies/A.GUIDED1/envs.txt|baseline/pgfuzz/ArduPilot/policies/A.LAND1/envs.txt|baseline/pgfuzz/ArduPilot/policies/A.LAND2/envs.txt|baseline/pgfuzz/ArduPilot/policies/A.LOITER1/envs.txt|baseline/pgfuzz/ArduPilot/policies/A.RC.FS1/envs.txt|baseline/pgfuzz/ArduPilot/policies/A.RC.FS2/envs.txt|baseline/pgfuzz/ArduPilot/policies/A.RTL1/envs.txt|baseline/pgfuzz/ArduPilot/policies/A.RTL2/envs.txt|baseline/pgfuzz/ArduPilot/policies/A.RTL3/envs.txt|baseline/pgfuzz/ArduPilot/policies/A.RTL4/envs.txt|baseline/pgfuzz/ArduPilot/policies/A.SPORT1/envs.txt,CURRENT_DEFINITION_NOT_FOUND,SIM_VICON_HSTLEN,UNRESOLVED,,,,,,,,UNKNOWN,,当前目录没有可用默认值证据。,,,,,,,,,,,NOT_TESTED,,NOT_APPLICABLE,,当前冻结参数目录中没有找到可信同名或重命名定义；没有使用字符串相似度猜测。,NOT_ASSESSED
ArduPilot,InputE,SIM_WAVE_AMP,21,A.ALT_HOLD1|A.ALT_HOLD2|A.AUTO1|A.BRAKE1|A.CHUTE1|A.CIRCLE7|A.FLIP1|A.FLIP2|A.FLIP3|A.FLIPGeneral|A.GUIDED1|A.LAND1|A.LAND2|A.LOITER1|A.RC.FS1|A.RC.FS2|A.RTL1|A.RTL2|A.RTL3|A.RTL4|A.SPORT1,SIM_WAVE_AMP,baseline/pgfuzz/ArduPilot/policies/A.ALT_HOLD1/envs.txt|baseline/pgfuzz/ArduPilot/policies/A.ALT_HOLD2/envs.txt|baseline/pgfuzz/ArduPilot/policies/A.AUTO1/envs.txt|baseline/pgfuzz/ArduPilot/policies/A.BRAKE1/envs.txt|baseline/pgfuzz/ArduPilot/policies/A.CHUTE/envs.txt|baseline/pgfuzz/ArduPilot/policies/A.CIRCLE7/envs.txt|baseline/pgfuzz/ArduPilot/policies/A.FLIP1/envs.txt|baseline/pgfuzz/ArduPilot/policies/A.FLIP2/envs.txt|baseline/pgfuzz/ArduPilot/policies/A.FLIP3/envs.txt|baseline/pgfuzz/ArduPilot/policies/A.FLIP4/envs.txt|baseline/pgfuzz/ArduPilot/policies/A.GUIDED1/envs.txt|baseline/pgfuzz/ArduPilot/policies/A.LAND1/envs.txt|baseline/pgfuzz/ArduPilot/policies/A.LAND2/envs.txt|baseline/pgfuzz/ArduPilot/policies/A.LOITER1/envs.txt|baseline/pgfuzz/ArduPilot/policies/A.RC.FS1/envs.txt|baseline/pgfuzz/ArduPilot/policies/A.RC.FS2/envs.txt|baseline/pgfuzz/ArduPilot/policies/A.RTL1/envs.txt|baseline/pgfuzz/ArduPilot/policies/A.RTL2/envs.txt|baseline/pgfuzz/ArduPilot/policies/A.RTL3/envs.txt|baseline/pgfuzz/ArduPilot/policies/A.RTL4/envs.txt|baseline/pgfuzz/ArduPilot/policies/A.SPORT1/envs.txt,EXACT_CURRENT_DEFINITION,SIM_WAVE_AMP,EXACT_NAME_DEFINITION,,,baseline/ardupilot/libraries/SITL/SITL.cpp:412,exact_metadata_unique,not_exposed_by_param_metadata_parser,,,UNKNOWN,baseline/ardupilot/libraries/SITL/SITL.cpp:412,当前目录没有可用默认值证据。,,,,m,,confirmed_by_frozen_runtime_snapshot,observed_in_frozen_runtime_parameter_download,0.5,quad,ardupilot-copter-m6,NOT_TESTED,,NOT_APPLICABLE,,参数身份和定义位置已找到；这不证明它与该性质存在真实数据依赖，也未执行写入变更测试。,NOT_ASSESSED
ArduPilot,InputE,SIM_WAVE_DIR,21,A.ALT_HOLD1|A.ALT_HOLD2|A.AUTO1|A.BRAKE1|A.CHUTE1|A.CIRCLE7|A.FLIP1|A.FLIP2|A.FLIP3|A.FLIPGeneral|A.GUIDED1|A.LAND1|A.LAND2|A.LOITER1|A.RC.FS1|A.RC.FS2|A.RTL1|A.RTL2|A.RTL3|A.RTL4|A.SPORT1,SIM_WAVE_DIR,baseline/pgfuzz/ArduPilot/policies/A.ALT_HOLD1/envs.txt|baseline/pgfuzz/ArduPilot/policies/A.ALT_HOLD2/envs.txt|baseline/pgfuzz/ArduPilot/policies/A.AUTO1/envs.txt|baseline/pgfuzz/ArduPilot/policies/A.BRAKE1/envs.txt|baseline/pgfuzz/ArduPilot/policies/A.CHUTE/envs.txt|baseline/pgfuzz/ArduPilot/policies/A.CIRCLE7/envs.txt|baseline/pgfuzz/ArduPilot/policies/A.FLIP1/envs.txt|baseline/pgfuzz/ArduPilot/policies/A.FLIP2/envs.txt|baseline/pgfuzz/ArduPilot/policies/A.FLIP3/envs.txt|baseline/pgfuzz/ArduPilot/policies/A.FLIP4/envs.txt|baseline/pgfuzz/ArduPilot/policies/A.GUIDED1/envs.txt|baseline/pgfuzz/ArduPilot/policies/A.LAND1/envs.txt|baseline/pgfuzz/ArduPilot/policies/A.LAND2/envs.txt|baseline/pgfuzz/ArduPilot/policies/A.LOITER1/envs.txt|baseline/pgfuzz/ArduPilot/policies/A.RC.FS1/envs.txt|baseline/pgfuzz/ArduPilot/policies/A.RC.FS2/envs.txt|baseline/pgfuzz/ArduPilot/policies/A.RTL1/envs.txt|baseline/pgfuzz/ArduPilot/policies/A.RTL2/envs.txt|baseline/pgfuzz/ArduPilot/policies/A.RTL3/envs.txt|baseline/pgfuzz/ArduPilot/policies/A.RTL4/envs.txt|baseline/pgfuzz/ArduPilot/policies/A.SPORT1/envs.txt,EXACT_CURRENT_DEFINITION,SIM_WAVE_DIR,EXACT_NAME_DEFINITION,,,baseline/ardupilot/libraries/SITL/SITL.cpp:417,exact_metadata_unique,not_exposed_by_param_metadata_parser,,,UNKNOWN,baseline/ardupilot/libraries/SITL/SITL.cpp:417,当前目录没有可用默认值证据。,,,,deg,,confirmed_by_frozen_runtime_snapshot,observed_in_frozen_runtime_parameter_download,0.0,quad,ardupilot-copter-m6,NOT_TESTED,,NOT_APPLICABLE,,参数身份和定义位置已找到；这不证明它与该性质存在真实数据依赖，也未执行写入变更测试。,NOT_ASSESSED
ArduPilot,InputE,SIM_WAVE_ENABLE,20,A.ALT_HOLD1|A.ALT_HOLD2|A.AUTO1|A.CHUTE1|A.CIRCLE7|A.FLIP1|A.FLIP2|A.FLIP3|A.FLIPGeneral|A.GUIDED1|A.LAND1|A.LAND2|A.LOITER1|A.RC.FS1|A.RC.FS2|A.RTL1|A.RTL2|A.RTL3|A.RTL4|A.SPORT1,SIM_WAVE_ENABLE,baseline/pgfuzz/ArduPilot/policies/A.ALT_HOLD1/envs.txt|baseline/pgfuzz/ArduPilot/policies/A.ALT_HOLD2/envs.txt|baseline/pgfuzz/ArduPilot/policies/A.AUTO1/envs.txt|baseline/pgfuzz/ArduPilot/policies/A.CHUTE/envs.txt|baseline/pgfuzz/ArduPilot/policies/A.CIRCLE7/envs.txt|baseline/pgfuzz/ArduPilot/policies/A.FLIP1/envs.txt|baseline/pgfuzz/ArduPilot/policies/A.FLIP2/envs.txt|baseline/pgfuzz/ArduPilot/policies/A.FLIP3/envs.txt|baseline/pgfuzz/ArduPilot/policies/A.FLIP4/envs.txt|baseline/pgfuzz/ArduPilot/policies/A.GUIDED1/envs.txt|baseline/pgfuzz/ArduPilot/policies/A.LAND1/envs.txt|baseline/pgfuzz/ArduPilot/policies/A.LAND2/envs.txt|baseline/pgfuzz/ArduPilot/policies/A.LOITER1/envs.txt|baseline/pgfuzz/ArduPilot/policies/A.RC.FS1/envs.txt|baseline/pgfuzz/ArduPilot/policies/A.RC.FS2/envs.txt|baseline/pgfuzz/ArduPilot/policies/A.RTL1/envs.txt|baseline/pgfuzz/ArduPilot/policies/A.RTL2/envs.txt|baseline/pgfuzz/ArduPilot/policies/A.RTL3/envs.txt|baseline/pgfuzz/ArduPilot/policies/A.RTL4/envs.txt|baseline/pgfuzz/ArduPilot/policies/A.SPORT1/envs.txt,EXACT_CURRENT_DEFINITION,SIM_WAVE_ENABLE,EXACT_NAME_DEFINITION,,,baseline/ardupilot/libraries/SITL/SITL.cpp:402,exact_metadata_unique,not_exposed_by_param_metadata_parser,,,UNKNOWN,baseline/ardupilot/libraries/SITL/SITL.cpp:402,当前目录没有可用默认值证据。,,,,,,confirmed_by_frozen_runtime_snapshot,observed_in_frozen_runtime_parameter_download,0,quad,ardupilot-copter-m6,NOT_TESTED,,NOT_APPLICABLE,,参数身份和定义位置已找到；这不证明它与该性质存在真实数据依赖，也未执行写入变更测试。,NOT_ASSESSED
ArduPilot,InputE,SIM_WAVE_LENGTH,7,A.AUTO1|A.BRAKE1|A.CIRCLE7|A.GUIDED1|A.LOITER1|A.RTL2|A.RTL3,SIM_WAVE_LENGTH,baseline/pgfuzz/ArduPilot/policies/A.AUTO1/envs.txt|baseline/pgfuzz/ArduPilot/policies/A.BRAKE1/envs.txt|baseline/pgfuzz/ArduPilot/policies/A.CIRCLE7/envs.txt|baseline/pgfuzz/ArduPilot/policies/A.GUIDED1/envs.txt|baseline/pgfuzz/ArduPilot/policies/A.LOITER1/envs.txt|baseline/pgfuzz/ArduPilot/policies/A.RTL2/envs.txt|baseline/pgfuzz/ArduPilot/policies/A.RTL3/envs.txt,EXACT_CURRENT_DEFINITION,SIM_WAVE_LENGTH,EXACT_NAME_DEFINITION,,,baseline/ardupilot/libraries/SITL/SITL.cpp:407,exact_metadata_unique,not_exposed_by_param_metadata_parser,,,UNKNOWN,baseline/ardupilot/libraries/SITL/SITL.cpp:407,当前目录没有可用默认值证据。,,,,m,,confirmed_by_frozen_runtime_snapshot,observed_in_frozen_runtime_parameter_download,10.0,quad,ardupilot-copter-m6,NOT_TESTED,,NOT_APPLICABLE,,参数身份和定义位置已找到；这不证明它与该性质存在真实数据依赖，也未执行写入变更测试。,NOT_ASSESSED
ArduPilot,InputE,SIM_WAVE_SPEED,2,A.AUTO1|A.CIRCLE7,SIM_WAVE_SPEED,baseline/pgfuzz/ArduPilot/policies/A.AUTO1/envs.txt|baseline/pgfuzz/ArduPilot/policies/A.CIRCLE7/envs.txt,EXACT_CURRENT_DEFINITION,SIM_WAVE_SPEED,EXACT_NAME_DEFINITION,,,baseline/ardupilot/libraries/SITL/SITL.cpp:422,exact_metadata_unique,not_exposed_by_param_metadata_parser,,,UNKNOWN,baseline/ardupilot/libraries/SITL/SITL.cpp:422,当前目录没有可用默认值证据。,,,,m/s,,confirmed_by_frozen_runtime_snapshot,observed_in_frozen_runtime_parameter_download,0.5,quad,ardupilot-copter-m6,NOT_TESTED,,NOT_APPLICABLE,,参数身份和定义位置已找到；这不证明它与该性质存在真实数据依赖，也未执行写入变更测试。,NOT_ASSESSED
ArduPilot,InputE,SIM_WIND_DELAY,2,A.AUTO1|A.CIRCLE7,SIM_WIND_DELAY,baseline/pgfuzz/ArduPilot/policies/A.AUTO1/envs.txt|baseline/pgfuzz/ArduPilot/policies/A.CIRCLE7/envs.txt,CURRENT_DEFINITION_NOT_FOUND,SIM_WIND_DELAY,UNRESOLVED,,,,,,,,UNKNOWN,,当前目录没有可用默认值证据。,,,,,,,,,,,NOT_TESTED,,NOT_APPLICABLE,,当前冻结参数目录中没有找到可信同名或重命名定义；没有使用字符串相似度猜测。,NOT_ASSESSED
ArduPilot,InputE,SIM_WIND_DIR,21,A.ALT_HOLD1|A.ALT_HOLD2|A.AUTO1|A.BRAKE1|A.CHUTE1|A.CIRCLE7|A.FLIP1|A.FLIP2|A.FLIP3|A.FLIPGeneral|A.GUIDED1|A.LAND1|A.LAND2|A.LOITER1|A.RC.FS1|A.RC.FS2|A.RTL1|A.RTL2|A.RTL3|A.RTL4|A.SPORT1,SIM_WIND_DIR,baseline/pgfuzz/ArduPilot/policies/A.ALT_HOLD1/envs.txt|baseline/pgfuzz/ArduPilot/policies/A.ALT_HOLD2/envs.txt|baseline/pgfuzz/ArduPilot/policies/A.AUTO1/envs.txt|baseline/pgfuzz/ArduPilot/policies/A.BRAKE1/envs.txt|baseline/pgfuzz/ArduPilot/policies/A.CHUTE/envs.txt|baseline/pgfuzz/ArduPilot/policies/A.CIRCLE7/envs.txt|baseline/pgfuzz/ArduPilot/policies/A.FLIP1/envs.txt|baseline/pgfuzz/ArduPilot/policies/A.FLIP2/envs.txt|baseline/pgfuzz/ArduPilot/policies/A.FLIP3/envs.txt|baseline/pgfuzz/ArduPilot/policies/A.FLIP4/envs.txt|baseline/pgfuzz/ArduPilot/policies/A.GUIDED1/envs.txt|baseline/pgfuzz/ArduPilot/policies/A.LAND1/envs.txt|baseline/pgfuzz/ArduPilot/policies/A.LAND2/envs.txt|baseline/pgfuzz/ArduPilot/policies/A.LOITER1/envs.txt|baseline/pgfuzz/ArduPilot/policies/A.RC.FS1/envs.txt|baseline/pgfuzz/ArduPilot/policies/A.RC.FS2/envs.txt|baseline/pgfuzz/ArduPilot/policies/A.RTL1/envs.txt|baseline/pgfuzz/ArduPilot/policies/A.RTL2/envs.txt|baseline/pgfuzz/ArduPilot/policies/A.RTL3/envs.txt|baseline/pgfuzz/ArduPilot/policies/A.RTL4/envs.txt|baseline/pgfuzz/ArduPilot/policies/A.SPORT1/envs.txt,EXACT_CURRENT_DEFINITION,SIM_WIND_DIR,EXACT_NAME_DEFINITION,,,baseline/ardupilot/libraries/SITL/SITL.cpp:89,exact_metadata_unique,not_exposed_by_param_metadata_parser,,,UNKNOWN,baseline/ardupilot/libraries/SITL/SITL.cpp:89,当前目录没有可用默认值证据。,,,,deg,,confirmed_by_frozen_runtime_snapshot,observed_in_frozen_runtime_parameter_download,180.0,quad,ardupilot-copter-m6,NOT_TESTED,,NOT_APPLICABLE,,参数身份和定义位置已找到；这不证明它与该性质存在真实数据依赖，也未执行写入变更测试。,NOT_ASSESSED
ArduPilot,InputE,SIM_WIND_DIR_Z,20,A.ALT_HOLD1|A.ALT_HOLD2|A.AUTO1|A.CHUTE1|A.CIRCLE7|A.FLIP1|A.FLIP2|A.FLIP3|A.FLIPGeneral|A.GUIDED1|A.LAND1|A.LAND2|A.LOITER1|A.RC.FS1|A.RC.FS2|A.RTL1|A.RTL2|A.RTL3|A.RTL4|A.SPORT1,SIM_WIND_DIR_Z,baseline/pgfuzz/ArduPilot/policies/A.ALT_HOLD1/envs.txt|baseline/pgfuzz/ArduPilot/policies/A.ALT_HOLD2/envs.txt|baseline/pgfuzz/ArduPilot/policies/A.AUTO1/envs.txt|baseline/pgfuzz/ArduPilot/policies/A.CHUTE/envs.txt|baseline/pgfuzz/ArduPilot/policies/A.CIRCLE7/envs.txt|baseline/pgfuzz/ArduPilot/policies/A.FLIP1/envs.txt|baseline/pgfuzz/ArduPilot/policies/A.FLIP2/envs.txt|baseline/pgfuzz/ArduPilot/policies/A.FLIP3/envs.txt|baseline/pgfuzz/ArduPilot/policies/A.FLIP4/envs.txt|baseline/pgfuzz/ArduPilot/policies/A.GUIDED1/envs.txt|baseline/pgfuzz/ArduPilot/policies/A.LAND1/envs.txt|baseline/pgfuzz/ArduPilot/policies/A.LAND2/envs.txt|baseline/pgfuzz/ArduPilot/policies/A.LOITER1/envs.txt|baseline/pgfuzz/ArduPilot/policies/A.RC.FS1/envs.txt|baseline/pgfuzz/ArduPilot/policies/A.RC.FS2/envs.txt|baseline/pgfuzz/ArduPilot/policies/A.RTL1/envs.txt|baseline/pgfuzz/ArduPilot/policies/A.RTL2/envs.txt|baseline/pgfuzz/ArduPilot/policies/A.RTL3/envs.txt|baseline/pgfuzz/ArduPilot/policies/A.RTL4/envs.txt|baseline/pgfuzz/ArduPilot/policies/A.SPORT1/envs.txt,EXACT_CURRENT_DEFINITION,SIM_WIND_DIR_Z,EXACT_NAME_DEFINITION,,,baseline/ardupilot/libraries/SITL/SITL.cpp:278,exact_metadata_unique,not_exposed_by_param_metadata_parser,,,UNKNOWN,baseline/ardupilot/libraries/SITL/SITL.cpp:278,当前目录没有可用默认值证据。,,,,deg,,confirmed_by_frozen_runtime_snapshot,observed_in_frozen_runtime_parameter_download,0.0,quad,ardupilot-copter-m6,NOT_TESTED,,NOT_APPLICABLE,,参数身份和定义位置已找到；这不证明它与该性质存在真实数据依赖，也未执行写入变更测试。,NOT_ASSESSED
ArduPilot,InputE,SIM_WIND_SPD,23,A.ALT_HOLD1|A.ALT_HOLD2|A.AUTO1|A.BRAKE1|A.CHUTE1|A.CIRCLE1|A.CIRCLE2|A.CIRCLE7|A.FLIP1|A.FLIP2|A.FLIP3|A.FLIPGeneral|A.GUIDED1|A.LAND1|A.LAND2|A.LOITER1|A.RC.FS1|A.RC.FS2|A.RTL1|A.RTL2|A.RTL3|A.RTL4|A.SPORT1,SIM_WIND_SPD,baseline/pgfuzz/ArduPilot/policies/A.ALT_HOLD1/envs.txt|baseline/pgfuzz/ArduPilot/policies/A.ALT_HOLD2/envs.txt|baseline/pgfuzz/ArduPilot/policies/A.AUTO1/envs.txt|baseline/pgfuzz/ArduPilot/policies/A.BRAKE1/envs.txt|baseline/pgfuzz/ArduPilot/policies/A.CHUTE/envs.txt|baseline/pgfuzz/ArduPilot/policies/A.CIRCLE1/envs.txt|baseline/pgfuzz/ArduPilot/policies/A.CIRCLE2/envs.txt|baseline/pgfuzz/ArduPilot/policies/A.CIRCLE7/envs.txt|baseline/pgfuzz/ArduPilot/policies/A.FLIP1/envs.txt|baseline/pgfuzz/ArduPilot/policies/A.FLIP2/envs.txt|baseline/pgfuzz/ArduPilot/policies/A.FLIP3/envs.txt|baseline/pgfuzz/ArduPilot/policies/A.FLIP4/envs.txt|baseline/pgfuzz/ArduPilot/policies/A.GUIDED1/envs.txt|baseline/pgfuzz/ArduPilot/policies/A.LAND1/envs.txt|baseline/pgfuzz/ArduPilot/policies/A.LAND2/envs.txt|baseline/pgfuzz/ArduPilot/policies/A.LOITER1/envs.txt|baseline/pgfuzz/ArduPilot/policies/A.RC.FS1/envs.txt|baseline/pgfuzz/ArduPilot/policies/A.RC.FS2/envs.txt|baseline/pgfuzz/ArduPilot/policies/A.RTL1/envs.txt|baseline/pgfuzz/ArduPilot/policies/A.RTL2/envs.txt|baseline/pgfuzz/ArduPilot/policies/A.RTL3/envs.txt|baseline/pgfuzz/ArduPilot/policies/A.RTL4/envs.txt|baseline/pgfuzz/ArduPilot/policies/A.SPORT1/envs.txt,EXACT_CURRENT_DEFINITION,SIM_WIND_SPD,EXACT_NAME_DEFINITION,,,baseline/ardupilot/libraries/SITL/SITL.cpp:83,exact_metadata_unique,not_exposed_by_param_metadata_parser,,,UNKNOWN,baseline/ardupilot/libraries/SITL/SITL.cpp:83,当前目录没有可用默认值证据。,,,,m/s,,confirmed_by_frozen_runtime_snapshot,observed_in_frozen_runtime_parameter_download,0.0,quad,ardupilot-copter-m6,NOT_TESTED,,NOT_APPLICABLE,,参数身份和定义位置已找到；这不证明它与该性质存在真实数据依赖，也未执行写入变更测试。,NOT_ASSESSED
ArduPilot,InputE,SIM_WIND_T,19,A.ALT_HOLD1|A.ALT_HOLD2|A.BRAKE1|A.CHUTE1|A.FLIP1|A.FLIP2|A.FLIP3|A.FLIPGeneral|A.GUIDED1|A.LAND1|A.LAND2|A.LOITER1|A.RC.FS1|A.RC.FS2|A.RTL1|A.RTL2|A.RTL3|A.RTL4|A.SPORT1,SIM_WIND_T,baseline/pgfuzz/ArduPilot/policies/A.ALT_HOLD1/envs.txt|baseline/pgfuzz/ArduPilot/policies/A.ALT_HOLD2/envs.txt|baseline/pgfuzz/ArduPilot/policies/A.BRAKE1/envs.txt|baseline/pgfuzz/ArduPilot/policies/A.CHUTE/envs.txt|baseline/pgfuzz/ArduPilot/policies/A.FLIP1/envs.txt|baseline/pgfuzz/ArduPilot/policies/A.FLIP2/envs.txt|baseline/pgfuzz/ArduPilot/policies/A.FLIP3/envs.txt|baseline/pgfuzz/ArduPilot/policies/A.FLIP4/envs.txt|baseline/pgfuzz/ArduPilot/policies/A.GUIDED1/envs.txt|baseline/pgfuzz/ArduPilot/policies/A.LAND1/envs.txt|baseline/pgfuzz/ArduPilot/policies/A.LAND2/envs.txt|baseline/pgfuzz/ArduPilot/policies/A.LOITER1/envs.txt|baseline/pgfuzz/ArduPilot/policies/A.RC.FS1/envs.txt|baseline/pgfuzz/ArduPilot/policies/A.RC.FS2/envs.txt|baseline/pgfuzz/ArduPilot/policies/A.RTL1/envs.txt|baseline/pgfuzz/ArduPilot/policies/A.RTL2/envs.txt|baseline/pgfuzz/ArduPilot/policies/A.RTL3/envs.txt|baseline/pgfuzz/ArduPilot/policies/A.RTL4/envs.txt|baseline/pgfuzz/ArduPilot/policies/A.SPORT1/envs.txt,EXACT_CURRENT_DEFINITION,SIM_WIND_T,EXACT_NAME_DEFINITION,,,baseline/ardupilot/libraries/SITL/SITL.cpp:284,exact_metadata_unique,not_exposed_by_param_metadata_parser,,,UNKNOWN,baseline/ardupilot/libraries/SITL/SITL.cpp:284,当前目录没有可用默认值证据。,,,,,,confirmed_by_frozen_runtime_snapshot,observed_in_frozen_runtime_parameter_download,0,quad,ardupilot-copter-m6,NOT_TESTED,,NOT_APPLICABLE,,参数身份和定义位置已找到；这不证明它与该性质存在真实数据依赖，也未执行写入变更测试。,NOT_ASSESSED
ArduPilot,InputE,SIM_WIND_TURB,27,A.ALT_HOLD1|A.ALT_HOLD2|A.AUTO1|A.BRAKE1|A.CHUTE1|A.CIRCLE1|A.CIRCLE2|A.CIRCLE3|A.CIRCLE4|A.CIRCLE5|A.CIRCLE6|A.CIRCLE7|A.FLIP1|A.FLIP2|A.FLIP3|A.FLIPGeneral|A.GUIDED1|A.LAND1|A.LAND2|A.LOITER1|A.RC.FS1|A.RC.FS2|A.RTL1|A.RTL2|A.RTL3|A.RTL4|A.SPORT1,SIM_WIND_TURB,baseline/pgfuzz/ArduPilot/policies/A.ALT_HOLD1/envs.txt|baseline/pgfuzz/ArduPilot/policies/A.ALT_HOLD2/envs.txt|baseline/pgfuzz/ArduPilot/policies/A.AUTO1/envs.txt|baseline/pgfuzz/ArduPilot/policies/A.BRAKE1/envs.txt|baseline/pgfuzz/ArduPilot/policies/A.CHUTE/envs.txt|baseline/pgfuzz/ArduPilot/policies/A.CIRCLE1/envs.txt|baseline/pgfuzz/ArduPilot/policies/A.CIRCLE2/envs.txt|baseline/pgfuzz/ArduPilot/policies/A.CIRCLE3/envs.txt|baseline/pgfuzz/ArduPilot/policies/A.CIRCLE4_6/envs.txt|baseline/pgfuzz/ArduPilot/policies/A.CIRCLE7/envs.txt|baseline/pgfuzz/ArduPilot/policies/A.FLIP1/envs.txt|baseline/pgfuzz/ArduPilot/policies/A.FLIP2/envs.txt|baseline/pgfuzz/ArduPilot/policies/A.FLIP3/envs.txt|baseline/pgfuzz/ArduPilot/policies/A.FLIP4/envs.txt|baseline/pgfuzz/ArduPilot/policies/A.GUIDED1/envs.txt|baseline/pgfuzz/ArduPilot/policies/A.LAND1/envs.txt|baseline/pgfuzz/ArduPilot/policies/A.LAND2/envs.txt|baseline/pgfuzz/ArduPilot/policies/A.LOITER1/envs.txt|baseline/pgfuzz/ArduPilot/policies/A.RC.FS1/envs.txt|baseline/pgfuzz/ArduPilot/policies/A.RC.FS2/envs.txt|baseline/pgfuzz/ArduPilot/policies/A.RTL1/envs.txt|baseline/pgfuzz/ArduPilot/policies/A.RTL2/envs.txt|baseline/pgfuzz/ArduPilot/policies/A.RTL3/envs.txt|baseline/pgfuzz/ArduPilot/policies/A.RTL4/envs.txt|baseline/pgfuzz/ArduPilot/policies/A.SPORT1/envs.txt,EXACT_CURRENT_DEFINITION,SIM_WIND_TURB,EXACT_NAME_DEFINITION,,,baseline/ardupilot/libraries/SITL/SITL.cpp:96,exact_metadata_unique,not_exposed_by_param_metadata_parser,,,UNKNOWN,baseline/ardupilot/libraries/SITL/SITL.cpp:96,当前目录没有可用默认值证据。,,,,m/s,,confirmed_by_frozen_runtime_snapshot,observed_in_frozen_runtime_parameter_download,0.0,quad,ardupilot-copter-m6,NOT_TESTED,,NOT_APPLICABLE,,参数身份和定义位置已找到；这不证明它与该性质存在真实数据依赖，也未执行写入变更测试。,NOT_ASSESSED
ArduPilot,InputE,SIM_WIND_T_COEF,2,A.AUTO1|A.CIRCLE7,SIM_WIND_T_COEF,baseline/pgfuzz/ArduPilot/policies/A.AUTO1/envs.txt|baseline/pgfuzz/ArduPilot/policies/A.CIRCLE7/envs.txt,EXACT_CURRENT_DEFINITION,SIM_WIND_T_COEF,EXACT_NAME_DEFINITION,,,baseline/ardupilot/libraries/SITL/SITL.cpp:296,exact_metadata_unique,not_exposed_by_param_metadata_parser,,,UNKNOWN,baseline/ardupilot/libraries/SITL/SITL.cpp:296,当前目录没有可用默认值证据。,,,,,,confirmed_by_frozen_runtime_snapshot,observed_in_frozen_runtime_parameter_download,0.009999999776482582,quad,ardupilot-copter-m6,NOT_TESTED,,NOT_APPLICABLE,,参数身份和定义位置已找到；这不证明它与该性质存在真实数据依赖，也未执行写入变更测试。,NOT_ASSESSED
ArduPilot,InputE,SIM_WOW_PIN,20,A.ALT_HOLD1|A.ALT_HOLD2|A.AUTO1|A.CHUTE1|A.CIRCLE7|A.FLIP1|A.FLIP2|A.FLIP3|A.FLIPGeneral|A.GUIDED1|A.LAND1|A.LAND2|A.LOITER1|A.RC.FS1|A.RC.FS2|A.RTL1|A.RTL2|A.RTL3|A.RTL4|A.SPORT1,SIM_WOW_PIN,baseline/pgfuzz/ArduPilot/policies/A.ALT_HOLD1/envs.txt|baseline/pgfuzz/ArduPilot/policies/A.ALT_HOLD2/envs.txt|baseline/pgfuzz/ArduPilot/policies/A.AUTO1/envs.txt|baseline/pgfuzz/ArduPilot/policies/A.CHUTE/envs.txt|baseline/pgfuzz/ArduPilot/policies/A.CIRCLE7/envs.txt|baseline/pgfuzz/ArduPilot/policies/A.FLIP1/envs.txt|baseline/pgfuzz/ArduPilot/policies/A.FLIP2/envs.txt|baseline/pgfuzz/ArduPilot/policies/A.FLIP3/envs.txt|baseline/pgfuzz/ArduPilot/policies/A.FLIP4/envs.txt|baseline/pgfuzz/ArduPilot/policies/A.GUIDED1/envs.txt|baseline/pgfuzz/ArduPilot/policies/A.LAND1/envs.txt|baseline/pgfuzz/ArduPilot/policies/A.LAND2/envs.txt|baseline/pgfuzz/ArduPilot/policies/A.LOITER1/envs.txt|baseline/pgfuzz/ArduPilot/policies/A.RC.FS1/envs.txt|baseline/pgfuzz/ArduPilot/policies/A.RC.FS2/envs.txt|baseline/pgfuzz/ArduPilot/policies/A.RTL1/envs.txt|baseline/pgfuzz/ArduPilot/policies/A.RTL2/envs.txt|baseline/pgfuzz/ArduPilot/policies/A.RTL3/envs.txt|baseline/pgfuzz/ArduPilot/policies/A.RTL4/envs.txt|baseline/pgfuzz/ArduPilot/policies/A.SPORT1/envs.txt,EXACT_CURRENT_DEFINITION,SIM_WOW_PIN,EXACT_NAME_DEFINITION,,,baseline/ardupilot/libraries/SITL/SITL.cpp:315,exact_metadata_unique,not_exposed_by_param_metadata_parser,,,UNKNOWN,baseline/ardupilot/libraries/SITL/SITL.cpp:315,当前目录没有可用默认值证据。,,,,,,confirmed_by_frozen_runtime_snapshot,observed_in_frozen_runtime_parameter_download,-1,quad,ardupilot-copter-m6,NOT_TESTED,,NOT_APPLICABLE,,参数身份和定义位置已找到；这不证明它与该性质存在真实数据依赖，也未执行写入变更测试。,NOT_ASSESSED
ArduPilot,InputP,ACRO_BAL_ROLL,30,A.ALT_HOLD1|A.ALT_HOLD2|A.AUTO1|A.BRAKE1|A.CHUTE1|A.CIRCLE1|A.CIRCLE2|A.CIRCLE3|A.CIRCLE4|A.CIRCLE5|A.CIRCLE6|A.CIRCLE7|A.DRIFT1|A.FLIP1|A.FLIP2|A.FLIP3|A.FLIPGeneral|A.GPS.FS1|A.GPS.FS2|A.GUIDED1|A.LAND1|A.LAND2|A.LOITER1|A.RC.FS1|A.RC.FS2|A.RTL1|A.RTL2|A.RTL3|A.RTL4|A.SPORT1,"ACRO_BAL_ROLL,X,1,0,3,0.1",baseline/pgfuzz/ArduPilot/policies/A.ALT_HOLD1/parameters.txt|baseline/pgfuzz/ArduPilot/policies/A.ALT_HOLD2/parameters.txt|baseline/pgfuzz/ArduPilot/policies/A.AUTO1/parameters.txt|baseline/pgfuzz/ArduPilot/policies/A.BRAKE1/parameters.txt|baseline/pgfuzz/ArduPilot/policies/A.CHUTE/parameters.txt|baseline/pgfuzz/ArduPilot/policies/A.CIRCLE1/parameters.txt|baseline/pgfuzz/ArduPilot/policies/A.CIRCLE2/parameters.txt|baseline/pgfuzz/ArduPilot/policies/A.CIRCLE3/parameters.txt|baseline/pgfuzz/ArduPilot/policies/A.CIRCLE4_6/parameters.txt|baseline/pgfuzz/ArduPilot/policies/A.CIRCLE7/parameters.txt|baseline/pgfuzz/ArduPilot/policies/A.DRIFT1/parameters.txt|baseline/pgfuzz/ArduPilot/policies/A.FLIP1/parameters.txt|baseline/pgfuzz/ArduPilot/policies/A.FLIP2/parameters.txt|baseline/pgfuzz/ArduPilot/policies/A.FLIP3/parameters.txt|baseline/pgfuzz/ArduPilot/policies/A.FLIP4/parameters.txt|baseline/pgfuzz/ArduPilot/policies/A.GPS.FS1/parameters.txt|baseline/pgfuzz/ArduPilot/policies/A.GPS.FS2/parameters.txt|baseline/pgfuzz/ArduPilot/policies/A.GUIDED1/parameters.txt|baseline/pgfuzz/ArduPilot/policies/A.LAND1/parameters.txt|baseline/pgfuzz/ArduPilot/policies/A.LAND2/parameters.txt|baseline/pgfuzz/ArduPilot/policies/A.LOITER1/parameters.txt|baseline/pgfuzz/ArduPilot/policies/A.RC.FS1/parameters.txt|baseline/pgfuzz/ArduPilot/policies/A.RC.FS2/parameters.txt|baseline/pgfuzz/ArduPilot/policies/A.RTL1/parameters.txt|baseline/pgfuzz/ArduPilot/policies/A.RTL2/parameters.txt|baseline/pgfuzz/ArduPilot/policies/A.RTL3/parameters.txt|baseline/pgfuzz/ArduPilot/policies/A.RTL4/parameters.txt|baseline/pgfuzz/ArduPilot/policies/A.SPORT1/parameters.txt,EXACT_CURRENT_DEFINITION,ACRO_BAL_ROLL,EXACT_NAME_DEFINITION,,,baseline/ardupilot/ArduCopter/Parameters.cpp:300,exact_metadata_unique,not_exposed_by_param_metadata_parser,,,UNKNOWN,baseline/ardupilot/ArduCopter/Parameters.cpp:300,当前目录没有可用默认值证据。,0,3,0.1,,,confirmed_by_frozen_runtime_snapshot,observed_in_frozen_runtime_parameter_download,1.0,quad,ardupilot-copter-m6,NOT_TESTED,,NOT_APPLICABLE,,参数身份和定义位置已找到；这不证明它与该性质存在真实数据依赖，也未执行写入变更测试。,NOT_ASSESSED
ArduPilot,InputP,ACRO_RP_EXPO,30,A.ALT_HOLD1|A.ALT_HOLD2|A.AUTO1|A.BRAKE1|A.CHUTE1|A.CIRCLE1|A.CIRCLE2|A.CIRCLE3|A.CIRCLE4|A.CIRCLE5|A.CIRCLE6|A.CIRCLE7|A.DRIFT1|A.FLIP1|A.FLIP2|A.FLIP3|A.FLIPGeneral|A.GPS.FS1|A.GPS.FS2|A.GUIDED1|A.LAND1|A.LAND2|A.LOITER1|A.RC.FS1|A.RC.FS2|A.RTL1|A.RTL2|A.RTL3|A.RTL4|A.SPORT1,"ACRO_RP_EXPO,X,0.3,-0.5,1,0.1",baseline/pgfuzz/ArduPilot/policies/A.ALT_HOLD1/parameters.txt|baseline/pgfuzz/ArduPilot/policies/A.ALT_HOLD2/parameters.txt|baseline/pgfuzz/ArduPilot/policies/A.AUTO1/parameters.txt|baseline/pgfuzz/ArduPilot/policies/A.BRAKE1/parameters.txt|baseline/pgfuzz/ArduPilot/policies/A.CHUTE/parameters.txt|baseline/pgfuzz/ArduPilot/policies/A.CIRCLE1/parameters.txt|baseline/pgfuzz/ArduPilot/policies/A.CIRCLE2/parameters.txt|baseline/pgfuzz/ArduPilot/policies/A.CIRCLE3/parameters.txt|baseline/pgfuzz/ArduPilot/policies/A.CIRCLE4_6/parameters.txt|baseline/pgfuzz/ArduPilot/policies/A.CIRCLE7/parameters.txt|baseline/pgfuzz/ArduPilot/policies/A.DRIFT1/parameters.txt|baseline/pgfuzz/ArduPilot/policies/A.FLIP1/parameters.txt|baseline/pgfuzz/ArduPilot/policies/A.FLIP2/parameters.txt|baseline/pgfuzz/ArduPilot/policies/A.FLIP3/parameters.txt|baseline/pgfuzz/ArduPilot/policies/A.FLIP4/parameters.txt|baseline/pgfuzz/ArduPilot/policies/A.GPS.FS1/parameters.txt|baseline/pgfuzz/ArduPilot/policies/A.GPS.FS2/parameters.txt|baseline/pgfuzz/ArduPilot/policies/A.GUIDED1/parameters.txt|baseline/pgfuzz/ArduPilot/policies/A.LAND1/parameters.txt|baseline/pgfuzz/ArduPilot/policies/A.LAND2/parameters.txt|baseline/pgfuzz/ArduPilot/policies/A.LOITER1/parameters.txt|baseline/pgfuzz/ArduPilot/policies/A.RC.FS1/parameters.txt|baseline/pgfuzz/ArduPilot/policies/A.RC.FS2/parameters.txt|baseline/pgfuzz/ArduPilot/policies/A.RTL1/parameters.txt|baseline/pgfuzz/ArduPilot/policies/A.RTL2/parameters.txt|baseline/pgfuzz/ArduPilot/policies/A.RTL3/parameters.txt|baseline/pgfuzz/ArduPilot/policies/A.RTL4/parameters.txt|baseline/pgfuzz/ArduPilot/policies/A.SPORT1/parameters.txt,EXACT_CURRENT_DEFINITION,ACRO_RP_EXPO,EXACT_NAME_DEFINITION,,,baseline/ardupilot/ArduCopter/Parameters.cpp:909,exact_metadata_unique,not_exposed_by_param_metadata_parser,,,UNKNOWN,baseline/ardupilot/ArduCopter/Parameters.cpp:909,当前目录没有可用默认值证据。,-0.5,0.95,,,,confirmed_by_frozen_runtime_snapshot,observed_in_frozen_runtime_parameter_download,0.30000001192092896,quad,ardupilot-copter-m6,NOT_TESTED,,NOT_APPLICABLE,,参数身份和定义位置已找到；这不证明它与该性质存在真实数据依赖，也未执行写入变更测试。,NOT_ASSESSED
ArduPilot,InputP,ACRO_RP_P,30,A.ALT_HOLD1|A.ALT_HOLD2|A.AUTO1|A.BRAKE1|A.CHUTE1|A.CIRCLE1|A.CIRCLE2|A.CIRCLE3|A.CIRCLE4|A.CIRCLE5|A.CIRCLE6|A.CIRCLE7|A.DRIFT1|A.FLIP1|A.FLIP2|A.FLIP3|A.FLIPGeneral|A.GPS.FS1|A.GPS.FS2|A.GUIDED1|A.LAND1|A.LAND2|A.LOITER1|A.RC.FS1|A.RC.FS2|A.RTL1|A.RTL2|A.RTL3|A.RTL4|A.SPORT1,"ACRO_RP_P,X,4.5,1,10,X",baseline/pgfuzz/ArduPilot/policies/A.ALT_HOLD1/parameters.txt|baseline/pgfuzz/ArduPilot/policies/A.ALT_HOLD2/parameters.txt|baseline/pgfuzz/ArduPilot/policies/A.AUTO1/parameters.txt|baseline/pgfuzz/ArduPilot/policies/A.BRAKE1/parameters.txt|baseline/pgfuzz/ArduPilot/policies/A.CHUTE/parameters.txt|baseline/pgfuzz/ArduPilot/policies/A.CIRCLE1/parameters.txt|baseline/pgfuzz/ArduPilot/policies/A.CIRCLE2/parameters.txt|baseline/pgfuzz/ArduPilot/policies/A.CIRCLE3/parameters.txt|baseline/pgfuzz/ArduPilot/policies/A.CIRCLE4_6/parameters.txt|baseline/pgfuzz/ArduPilot/policies/A.CIRCLE7/parameters.txt|baseline/pgfuzz/ArduPilot/policies/A.DRIFT1/parameters.txt|baseline/pgfuzz/ArduPilot/policies/A.FLIP1/parameters.txt|baseline/pgfuzz/ArduPilot/policies/A.FLIP2/parameters.txt|baseline/pgfuzz/ArduPilot/policies/A.FLIP3/parameters.txt|baseline/pgfuzz/ArduPilot/policies/A.FLIP4/parameters.txt|baseline/pgfuzz/ArduPilot/policies/A.GPS.FS1/parameters.txt|baseline/pgfuzz/ArduPilot/policies/A.GPS.FS2/parameters.txt|baseline/pgfuzz/ArduPilot/policies/A.GUIDED1/parameters.txt|baseline/pgfuzz/ArduPilot/policies/A.LAND1/parameters.txt|baseline/pgfuzz/ArduPilot/policies/A.LAND2/parameters.txt|baseline/pgfuzz/ArduPilot/policies/A.LOITER1/parameters.txt|baseline/pgfuzz/ArduPilot/policies/A.RC.FS1/parameters.txt|baseline/pgfuzz/ArduPilot/policies/A.RC.FS2/parameters.txt|baseline/pgfuzz/ArduPilot/policies/A.RTL1/parameters.txt|baseline/pgfuzz/ArduPilot/policies/A.RTL2/parameters.txt|baseline/pgfuzz/ArduPilot/policies/A.RTL3/parameters.txt|baseline/pgfuzz/ArduPilot/policies/A.RTL4/parameters.txt|baseline/pgfuzz/ArduPilot/policies/A.SPORT1/parameters.txt,RENAMED_CURRENT_DEFINITION,ACRO_RP_RATE,CURATED_RENAME_EXACT,baseline/ardupilot/ArduCopter/Parameters.cpp:1387,当前参数元数据使用 ACRO_RP_RATE。,baseline/ardupilot/ArduCopter/Parameters.cpp:1387|baseline/ardupilot/ArduCopter/Parameters.cpp:902,curated_alias_evidence,not_exposed_by_param_metadata_parser,,,UNKNOWN,baseline/ardupilot/ArduCopter/Parameters.cpp:902,当前目录没有可用默认值证据。,1,1080,,deg/s,,confirmed_by_frozen_runtime_snapshot,observed_in_frozen_runtime_parameter_download,360.0,quad,ardupilot-copter-m6,NOT_TESTED,,NOT_APPLICABLE,,参数身份和定义位置已找到；这不证明它与该性质存在真实数据依赖，也未执行写入变更测试。,NOT_ASSESSED
ArduPilot,InputP,ACRO_THR_MID,30,A.ALT_HOLD1|A.ALT_HOLD2|A.AUTO1|A.BRAKE1|A.CHUTE1|A.CIRCLE1|A.CIRCLE2|A.CIRCLE3|A.CIRCLE4|A.CIRCLE5|A.CIRCLE6|A.CIRCLE7|A.DRIFT1|A.FLIP1|A.FLIP2|A.FLIP3|A.FLIPGeneral|A.GPS.FS1|A.GPS.FS2|A.GUIDED1|A.LAND1|A.LAND2|A.LOITER1|A.RC.FS1|A.RC.FS2|A.RTL1|A.RTL2|A.RTL3|A.RTL4|A.SPORT1,"ACRO_THR_MID,X,0,0,1,X",baseline/pgfuzz/ArduPilot/policies/A.ALT_HOLD1/parameters.txt|baseline/pgfuzz/ArduPilot/policies/A.ALT_HOLD2/parameters.txt|baseline/pgfuzz/ArduPilot/policies/A.AUTO1/parameters.txt|baseline/pgfuzz/ArduPilot/policies/A.BRAKE1/parameters.txt|baseline/pgfuzz/ArduPilot/policies/A.CHUTE/parameters.txt|baseline/pgfuzz/ArduPilot/policies/A.CIRCLE1/parameters.txt|baseline/pgfuzz/ArduPilot/policies/A.CIRCLE2/parameters.txt|baseline/pgfuzz/ArduPilot/policies/A.CIRCLE3/parameters.txt|baseline/pgfuzz/ArduPilot/policies/A.CIRCLE4_6/parameters.txt|baseline/pgfuzz/ArduPilot/policies/A.CIRCLE7/parameters.txt|baseline/pgfuzz/ArduPilot/policies/A.DRIFT1/parameters.txt|baseline/pgfuzz/ArduPilot/policies/A.FLIP1/parameters.txt|baseline/pgfuzz/ArduPilot/policies/A.FLIP2/parameters.txt|baseline/pgfuzz/ArduPilot/policies/A.FLIP3/parameters.txt|baseline/pgfuzz/ArduPilot/policies/A.FLIP4/parameters.txt|baseline/pgfuzz/ArduPilot/policies/A.GPS.FS1/parameters.txt|baseline/pgfuzz/ArduPilot/policies/A.GPS.FS2/parameters.txt|baseline/pgfuzz/ArduPilot/policies/A.GUIDED1/parameters.txt|baseline/pgfuzz/ArduPilot/policies/A.LAND1/parameters.txt|baseline/pgfuzz/ArduPilot/policies/A.LAND2/parameters.txt|baseline/pgfuzz/ArduPilot/policies/A.LOITER1/parameters.txt|baseline/pgfuzz/ArduPilot/policies/A.RC.FS1/parameters.txt|baseline/pgfuzz/ArduPilot/policies/A.RC.FS2/parameters.txt|baseline/pgfuzz/ArduPilot/policies/A.RTL1/parameters.txt|baseline/pgfuzz/ArduPilot/policies/A.RTL2/parameters.txt|baseline/pgfuzz/ArduPilot/policies/A.RTL3/parameters.txt|baseline/pgfuzz/ArduPilot/policies/A.RTL4/parameters.txt|baseline/pgfuzz/ArduPilot/policies/A.SPORT1/parameters.txt,EXACT_CURRENT_DEFINITION,ACRO_THR_MID,EXACT_NAME_DEFINITION,,,baseline/ardupilot/ArduCopter/Parameters.cpp:663,exact_metadata_unique,not_exposed_by_param_metadata_parser,,,UNKNOWN,baseline/ardupilot/ArduCopter/Parameters.cpp:663,当前目录没有可用默认值证据。,0,1,,,,confirmed_by_frozen_runtime_snapshot,observed_in_frozen_runtime_parameter_download,0.0,quad,ardupilot-copter-m6,NOT_TESTED,,NOT_APPLICABLE,,参数身份和定义位置已找到；这不证明它与该性质存在真实数据依赖，也未执行写入变更测试。,NOT_ASSESSED
ArduPilot,InputP,AHRS_TRIM_X,30,A.ALT_HOLD1|A.ALT_HOLD2|A.AUTO1|A.BRAKE1|A.CHUTE1|A.CIRCLE1|A.CIRCLE2|A.CIRCLE3|A.CIRCLE4|A.CIRCLE5|A.CIRCLE6|A.CIRCLE7|A.DRIFT1|A.FLIP1|A.FLIP2|A.FLIP3|A.FLIPGeneral|A.GPS.FS1|A.GPS.FS2|A.GUIDED1|A.LAND1|A.LAND2|A.LOITER1|A.RC.FS1|A.RC.FS2|A.RTL1|A.RTL2|A.RTL3|A.RTL4|A.SPORT1,"AHRS_TRIM_X,X,0,-0.1745,0.1745,0.01",baseline/pgfuzz/ArduPilot/policies/A.ALT_HOLD1/parameters.txt|baseline/pgfuzz/ArduPilot/policies/A.ALT_HOLD2/parameters.txt|baseline/pgfuzz/ArduPilot/policies/A.AUTO1/parameters.txt|baseline/pgfuzz/ArduPilot/policies/A.BRAKE1/parameters.txt|baseline/pgfuzz/ArduPilot/policies/A.CHUTE/parameters.txt|baseline/pgfuzz/ArduPilot/policies/A.CIRCLE1/parameters.txt|baseline/pgfuzz/ArduPilot/policies/A.CIRCLE2/parameters.txt|baseline/pgfuzz/ArduPilot/policies/A.CIRCLE3/parameters.txt|baseline/pgfuzz/ArduPilot/policies/A.CIRCLE4_6/parameters.txt|baseline/pgfuzz/ArduPilot/policies/A.CIRCLE7/parameters.txt|baseline/pgfuzz/ArduPilot/policies/A.DRIFT1/parameters.txt|baseline/pgfuzz/ArduPilot/policies/A.FLIP1/parameters.txt|baseline/pgfuzz/ArduPilot/policies/A.FLIP2/parameters.txt|baseline/pgfuzz/ArduPilot/policies/A.FLIP3/parameters.txt|baseline/pgfuzz/ArduPilot/policies/A.FLIP4/parameters.txt|baseline/pgfuzz/ArduPilot/policies/A.GPS.FS1/parameters.txt|baseline/pgfuzz/ArduPilot/policies/A.GPS.FS2/parameters.txt|baseline/pgfuzz/ArduPilot/policies/A.GUIDED1/parameters.txt|baseline/pgfuzz/ArduPilot/policies/A.LAND1/parameters.txt|baseline/pgfuzz/ArduPilot/policies/A.LAND2/parameters.txt|baseline/pgfuzz/ArduPilot/policies/A.LOITER1/parameters.txt|baseline/pgfuzz/ArduPilot/policies/A.RC.FS1/parameters.txt|baseline/pgfuzz/ArduPilot/policies/A.RC.FS2/parameters.txt|baseline/pgfuzz/ArduPilot/policies/A.RTL1/parameters.txt|baseline/pgfuzz/ArduPilot/policies/A.RTL2/parameters.txt|baseline/pgfuzz/ArduPilot/policies/A.RTL3/parameters.txt|baseline/pgfuzz/ArduPilot/policies/A.RTL4/parameters.txt|baseline/pgfuzz/ArduPilot/policies/A.SPORT1/parameters.txt,EXACT_CURRENT_DEFINITION,AHRS_TRIM_X,EXACT_NAME_DEFINITION,,,baseline/ardupilot/libraries/AP_AHRS/AP_AHRS.cpp:118,exact_metadata_unique,not_exposed_by_param_metadata_parser,,,UNKNOWN,baseline/ardupilot/libraries/AP_AHRS/AP_AHRS.cpp:118,当前目录没有可用默认值证据。,-0.1745,+0.1745,0.01,rad,,confirmed_by_frozen_runtime_snapshot,observed_in_frozen_runtime_parameter_download,0.0,quad,ardupilot-copter-m6,NOT_TESTED,,NOT_APPLICABLE,,参数身份和定义位置已找到；这不证明它与该性质存在真实数据依赖，也未执行写入变更测试。,NOT_ASSESSED
ArduPilot,InputP,ATC_ACCEL_R_MAX,30,A.ALT_HOLD1|A.ALT_HOLD2|A.AUTO1|A.BRAKE1|A.CHUTE1|A.CIRCLE1|A.CIRCLE2|A.CIRCLE3|A.CIRCLE4|A.CIRCLE5|A.CIRCLE6|A.CIRCLE7|A.DRIFT1|A.FLIP1|A.FLIP2|A.FLIP3|A.FLIPGeneral|A.GPS.FS1|A.GPS.FS2|A.GUIDED1|A.LAND1|A.LAND2|A.LOITER1|A.RC.FS1|A.RC.FS2|A.RTL1|A.RTL2|A.RTL3|A.RTL4|A.SPORT1,"ATC_ACCEL_R_MAX,X,110000,0,180000,1000",baseline/pgfuzz/ArduPilot/policies/A.ALT_HOLD1/parameters.txt|baseline/pgfuzz/ArduPilot/policies/A.ALT_HOLD2/parameters.txt|baseline/pgfuzz/ArduPilot/policies/A.AUTO1/parameters.txt|baseline/pgfuzz/ArduPilot/policies/A.BRAKE1/parameters.txt|baseline/pgfuzz/ArduPilot/policies/A.CHUTE/parameters.txt|baseline/pgfuzz/ArduPilot/policies/A.CIRCLE1/parameters.txt|baseline/pgfuzz/ArduPilot/policies/A.CIRCLE2/parameters.txt|baseline/pgfuzz/ArduPilot/policies/A.CIRCLE3/parameters.txt|baseline/pgfuzz/ArduPilot/policies/A.CIRCLE4_6/parameters.txt|baseline/pgfuzz/ArduPilot/policies/A.CIRCLE7/parameters.txt|baseline/pgfuzz/ArduPilot/policies/A.DRIFT1/parameters.txt|baseline/pgfuzz/ArduPilot/policies/A.FLIP1/parameters.txt|baseline/pgfuzz/ArduPilot/policies/A.FLIP2/parameters.txt|baseline/pgfuzz/ArduPilot/policies/A.FLIP3/parameters.txt|baseline/pgfuzz/ArduPilot/policies/A.FLIP4/parameters.txt|baseline/pgfuzz/ArduPilot/policies/A.GPS.FS1/parameters.txt|baseline/pgfuzz/ArduPilot/policies/A.GPS.FS2/parameters.txt|baseline/pgfuzz/ArduPilot/policies/A.GUIDED1/parameters.txt|baseline/pgfuzz/ArduPilot/policies/A.LAND1/parameters.txt|baseline/pgfuzz/ArduPilot/policies/A.LAND2/parameters.txt|baseline/pgfuzz/ArduPilot/policies/A.LOITER1/parameters.txt|baseline/pgfuzz/ArduPilot/policies/A.RC.FS1/parameters.txt|baseline/pgfuzz/ArduPilot/policies/A.RC.FS2/parameters.txt|baseline/pgfuzz/ArduPilot/policies/A.RTL1/parameters.txt|baseline/pgfuzz/ArduPilot/policies/A.RTL2/parameters.txt|baseline/pgfuzz/ArduPilot/policies/A.RTL3/parameters.txt|baseline/pgfuzz/ArduPilot/policies/A.RTL4/parameters.txt|baseline/pgfuzz/ArduPilot/policies/A.SPORT1/parameters.txt,RENAMED_CURRENT_DEFINITION,ATC_ACC_R_MAX,CURATED_RENAME_EXACT,baseline/ardupilot/libraries/AC_AttitudeControl/AC_AttitudeControl.cpp:49,当前姿态控制参数缩写为 ACC。,baseline/ardupilot/libraries/AC_AttitudeControl/AC_AttitudeControl.cpp:185|baseline/ardupilot/libraries/AC_AttitudeControl/AC_AttitudeControl.cpp:49,curated_alias_evidence,not_exposed_by_param_metadata_parser,AC_ATTITUDE_CONTROL_ACCEL_RP_MAX_DEFAULT_DEGSS),AC_ATTITUDE_CONTROL_ACCEL_RP_MAX_DEFAULT_DEGSS,SOURCE_METADATA_LITERAL_OR_EXPRESSION,baseline/ardupilot/libraries/AC_AttitudeControl/AC_AttitudeControl.cpp:185,保存参数目录解析出的字面值或未求值源码表达式；它不是运行值，宏表达式不能冒充已求值数值。,0,1800,10,deg/s/s,,confirmed_by_frozen_runtime_snapshot,observed_in_frozen_runtime_parameter_download,1100.0,quad,ardupilot-copter-m6,NOT_TESTED,,NOT_APPLICABLE,,参数身份和定义位置已找到；这不证明它与该性质存在真实数据依赖，也未执行写入变更测试。,NOT_ASSESSED
ArduPilot,InputP,ATC_ANGLE_BOOST,30,A.ALT_HOLD1|A.ALT_HOLD2|A.AUTO1|A.BRAKE1|A.CHUTE1|A.CIRCLE1|A.CIRCLE2|A.CIRCLE3|A.CIRCLE4|A.CIRCLE5|A.CIRCLE6|A.CIRCLE7|A.DRIFT1|A.FLIP1|A.FLIP2|A.FLIP3|A.FLIPGeneral|A.GPS.FS1|A.GPS.FS2|A.GUIDED1|A.LAND1|A.LAND2|A.LOITER1|A.RC.FS1|A.RC.FS2|A.RTL1|A.RTL2|A.RTL3|A.RTL4|A.SPORT1,"ATC_ANGLE_BOOST,X,1,0,1,1",baseline/pgfuzz/ArduPilot/policies/A.ALT_HOLD1/parameters.txt|baseline/pgfuzz/ArduPilot/policies/A.ALT_HOLD2/parameters.txt|baseline/pgfuzz/ArduPilot/policies/A.AUTO1/parameters.txt|baseline/pgfuzz/ArduPilot/policies/A.BRAKE1/parameters.txt|baseline/pgfuzz/ArduPilot/policies/A.CHUTE/parameters.txt|baseline/pgfuzz/ArduPilot/policies/A.CIRCLE1/parameters.txt|baseline/pgfuzz/ArduPilot/policies/A.CIRCLE2/parameters.txt|baseline/pgfuzz/ArduPilot/policies/A.CIRCLE3/parameters.txt|baseline/pgfuzz/ArduPilot/policies/A.CIRCLE4_6/parameters.txt|baseline/pgfuzz/ArduPilot/policies/A.CIRCLE7/parameters.txt|baseline/pgfuzz/ArduPilot/policies/A.DRIFT1/parameters.txt|baseline/pgfuzz/ArduPilot/policies/A.FLIP1/parameters.txt|baseline/pgfuzz/ArduPilot/policies/A.FLIP2/parameters.txt|baseline/pgfuzz/ArduPilot/policies/A.FLIP3/parameters.txt|baseline/pgfuzz/ArduPilot/policies/A.FLIP4/parameters.txt|baseline/pgfuzz/ArduPilot/policies/A.GPS.FS1/parameters.txt|baseline/pgfuzz/ArduPilot/policies/A.GPS.FS2/parameters.txt|baseline/pgfuzz/ArduPilot/policies/A.GUIDED1/parameters.txt|baseline/pgfuzz/ArduPilot/policies/A.LAND1/parameters.txt|baseline/pgfuzz/ArduPilot/policies/A.LAND2/parameters.txt|baseline/pgfuzz/ArduPilot/policies/A.LOITER1/parameters.txt|baseline/pgfuzz/ArduPilot/policies/A.RC.FS1/parameters.txt|baseline/pgfuzz/ArduPilot/policies/A.RC.FS2/parameters.txt|baseline/pgfuzz/ArduPilot/policies/A.RTL1/parameters.txt|baseline/pgfuzz/ArduPilot/policies/A.RTL2/parameters.txt|baseline/pgfuzz/ArduPilot/policies/A.RTL3/parameters.txt|baseline/pgfuzz/ArduPilot/policies/A.RTL4/parameters.txt|baseline/pgfuzz/ArduPilot/policies/A.SPORT1/parameters.txt,EXACT_CURRENT_DEFINITION,ATC_ANGLE_BOOST,EXACT_NAME_DEFINITION,,,baseline/ardupilot/libraries/AC_AttitudeControl/AC_AttitudeControl.cpp:55,exact_metadata_unique,not_exposed_by_param_metadata_parser,,,UNKNOWN,baseline/ardupilot/libraries/AC_AttitudeControl/AC_AttitudeControl.cpp:55,当前目录没有可用默认值证据。,,,,,,confirmed_by_frozen_runtime_snapshot,observed_in_frozen_runtime_parameter_download,1,quad,ardupilot-copter-m6,NOT_TESTED,,NOT_APPLICABLE,,参数身份和定义位置已找到；这不证明它与该性质存在真实数据依赖，也未执行写入变更测试。,NOT_ASSESSED
ArduPilot,InputP,ATC_ANG_LIM_TC,30,A.ALT_HOLD1|A.ALT_HOLD2|A.AUTO1|A.BRAKE1|A.CHUTE1|A.CIRCLE1|A.CIRCLE2|A.CIRCLE3|A.CIRCLE4|A.CIRCLE5|A.CIRCLE6|A.CIRCLE7|A.DRIFT1|A.FLIP1|A.FLIP2|A.FLIP3|A.FLIPGeneral|A.GPS.FS1|A.GPS.FS2|A.GUIDED1|A.LAND1|A.LAND2|A.LOITER1|A.RC.FS1|A.RC.FS2|A.RTL1|A.RTL2|A.RTL3|A.RTL4|A.SPORT1,"ATC_ANG_LIM_TC,X,1,0.5,10,X",baseline/pgfuzz/ArduPilot/policies/A.ALT_HOLD1/parameters.txt|baseline/pgfuzz/ArduPilot/policies/A.ALT_HOLD2/parameters.txt|baseline/pgfuzz/ArduPilot/policies/A.AUTO1/parameters.txt|baseline/pgfuzz/ArduPilot/policies/A.BRAKE1/parameters.txt|baseline/pgfuzz/ArduPilot/policies/A.CHUTE/parameters.txt|baseline/pgfuzz/ArduPilot/policies/A.CIRCLE1/parameters.txt|baseline/pgfuzz/ArduPilot/policies/A.CIRCLE2/parameters.txt|baseline/pgfuzz/ArduPilot/policies/A.CIRCLE3/parameters.txt|baseline/pgfuzz/ArduPilot/policies/A.CIRCLE4_6/parameters.txt|baseline/pgfuzz/ArduPilot/policies/A.CIRCLE7/parameters.txt|baseline/pgfuzz/ArduPilot/policies/A.DRIFT1/parameters.txt|baseline/pgfuzz/ArduPilot/policies/A.FLIP1/parameters.txt|baseline/pgfuzz/ArduPilot/policies/A.FLIP2/parameters.txt|baseline/pgfuzz/ArduPilot/policies/A.FLIP3/parameters.txt|baseline/pgfuzz/ArduPilot/policies/A.FLIP4/parameters.txt|baseline/pgfuzz/ArduPilot/policies/A.GPS.FS1/parameters.txt|baseline/pgfuzz/ArduPilot/policies/A.GPS.FS2/parameters.txt|baseline/pgfuzz/ArduPilot/policies/A.GUIDED1/parameters.txt|baseline/pgfuzz/ArduPilot/policies/A.LAND1/parameters.txt|baseline/pgfuzz/ArduPilot/policies/A.LAND2/parameters.txt|baseline/pgfuzz/ArduPilot/policies/A.LOITER1/parameters.txt|baseline/pgfuzz/ArduPilot/policies/A.RC.FS1/parameters.txt|baseline/pgfuzz/ArduPilot/policies/A.RC.FS2/parameters.txt|baseline/pgfuzz/ArduPilot/policies/A.RTL1/parameters.txt|baseline/pgfuzz/ArduPilot/policies/A.RTL2/parameters.txt|baseline/pgfuzz/ArduPilot/policies/A.RTL3/parameters.txt|baseline/pgfuzz/ArduPilot/policies/A.RTL4/parameters.txt|baseline/pgfuzz/ArduPilot/policies/A.SPORT1/parameters.txt,EXACT_CURRENT_DEFINITION,ATC_ANG_LIM_TC,EXACT_NAME_DEFINITION,,,baseline/ardupilot/libraries/AC_AttitudeControl/AC_AttitudeControl.cpp:89,exact_metadata_unique,not_exposed_by_param_metadata_parser,,,UNKNOWN,baseline/ardupilot/libraries/AC_AttitudeControl/AC_AttitudeControl.cpp:89,当前目录没有可用默认值证据。,0.5,10.0,,,,confirmed_by_frozen_runtime_snapshot,observed_in_frozen_runtime_parameter_download,1.0,quad,ardupilot-copter-m6,NOT_TESTED,,NOT_APPLICABLE,,参数身份和定义位置已找到；这不证明它与该性质存在真实数据依赖，也未执行写入变更测试。,NOT_ASSESSED
ArduPilot,InputP,ATC_ANG_RLL_P,30,A.ALT_HOLD1|A.ALT_HOLD2|A.AUTO1|A.BRAKE1|A.CHUTE1|A.CIRCLE1|A.CIRCLE2|A.CIRCLE3|A.CIRCLE4|A.CIRCLE5|A.CIRCLE6|A.CIRCLE7|A.DRIFT1|A.FLIP1|A.FLIP2|A.FLIP3|A.FLIPGeneral|A.GPS.FS1|A.GPS.FS2|A.GUIDED1|A.LAND1|A.LAND2|A.LOITER1|A.RC.FS1|A.RC.FS2|A.RTL1|A.RTL2|A.RTL3|A.RTL4|A.SPORT1,"ATC_ANG_RLL_P,X,4.5,0,12,X",baseline/pgfuzz/ArduPilot/policies/A.ALT_HOLD1/parameters.txt|baseline/pgfuzz/ArduPilot/policies/A.ALT_HOLD2/parameters.txt|baseline/pgfuzz/ArduPilot/policies/A.AUTO1/parameters.txt|baseline/pgfuzz/ArduPilot/policies/A.BRAKE1/parameters.txt|baseline/pgfuzz/ArduPilot/policies/A.CHUTE/parameters.txt|baseline/pgfuzz/ArduPilot/policies/A.CIRCLE1/parameters.txt|baseline/pgfuzz/ArduPilot/policies/A.CIRCLE2/parameters.txt|baseline/pgfuzz/ArduPilot/policies/A.CIRCLE3/parameters.txt|baseline/pgfuzz/ArduPilot/policies/A.CIRCLE4_6/parameters.txt|baseline/pgfuzz/ArduPilot/policies/A.CIRCLE7/parameters.txt|baseline/pgfuzz/ArduPilot/policies/A.DRIFT1/parameters.txt|baseline/pgfuzz/ArduPilot/policies/A.FLIP1/parameters.txt|baseline/pgfuzz/ArduPilot/policies/A.FLIP2/parameters.txt|baseline/pgfuzz/ArduPilot/policies/A.FLIP3/parameters.txt|baseline/pgfuzz/ArduPilot/policies/A.FLIP4/parameters.txt|baseline/pgfuzz/ArduPilot/policies/A.GPS.FS1/parameters.txt|baseline/pgfuzz/ArduPilot/policies/A.GPS.FS2/parameters.txt|baseline/pgfuzz/ArduPilot/policies/A.GUIDED1/parameters.txt|baseline/pgfuzz/ArduPilot/policies/A.LAND1/parameters.txt|baseline/pgfuzz/ArduPilot/policies/A.LAND2/parameters.txt|baseline/pgfuzz/ArduPilot/policies/A.LOITER1/parameters.txt|baseline/pgfuzz/ArduPilot/policies/A.RC.FS1/parameters.txt|baseline/pgfuzz/ArduPilot/policies/A.RC.FS2/parameters.txt|baseline/pgfuzz/ArduPilot/policies/A.RTL1/parameters.txt|baseline/pgfuzz/ArduPilot/policies/A.RTL2/parameters.txt|baseline/pgfuzz/ArduPilot/policies/A.RTL3/parameters.txt|baseline/pgfuzz/ArduPilot/policies/A.RTL4/parameters.txt|baseline/pgfuzz/ArduPilot/policies/A.SPORT1/parameters.txt,EXACT_CURRENT_DEFINITION,ATC_ANG_RLL_P,EXACT_NAME_DEFINITION,,,baseline/ardupilot/libraries/AC_AttitudeControl/AC_AttitudeControl.cpp:62,exact_metadata_unique,not_exposed_by_param_metadata_parser,,,UNKNOWN,baseline/ardupilot/libraries/AC_AttitudeControl/AC_AttitudeControl.cpp:62,当前目录没有可用默认值证据。,3.000,12.000,0.01,,,confirmed_by_frozen_runtime_snapshot,observed_in_frozen_runtime_parameter_download,4.5,quad,ardupilot-copter-m6,NOT_TESTED,,NOT_APPLICABLE,,参数身份和定义位置已找到；这不证明它与该性质存在真实数据依赖，也未执行写入变更测试。,NOT_ASSESSED
ArduPilot,InputP,ATC_RATE_R_MAX,30,A.ALT_HOLD1|A.ALT_HOLD2|A.AUTO1|A.BRAKE1|A.CHUTE1|A.CIRCLE1|A.CIRCLE2|A.CIRCLE3|A.CIRCLE4|A.CIRCLE5|A.CIRCLE6|A.CIRCLE7|A.DRIFT1|A.FLIP1|A.FLIP2|A.FLIP3|A.FLIPGeneral|A.GPS.FS1|A.GPS.FS2|A.GUIDED1|A.LAND1|A.LAND2|A.LOITER1|A.RC.FS1|A.RC.FS2|A.RTL1|A.RTL2|A.RTL3|A.RTL4|A.SPORT1,"ATC_RATE_R_MAX,X,0,0,1080,1",baseline/pgfuzz/ArduPilot/policies/A.ALT_HOLD1/parameters.txt|baseline/pgfuzz/ArduPilot/policies/A.ALT_HOLD2/parameters.txt|baseline/pgfuzz/ArduPilot/policies/A.AUTO1/parameters.txt|baseline/pgfuzz/ArduPilot/policies/A.BRAKE1/parameters.txt|baseline/pgfuzz/ArduPilot/policies/A.CHUTE/parameters.txt|baseline/pgfuzz/ArduPilot/policies/A.CIRCLE1/parameters.txt|baseline/pgfuzz/ArduPilot/policies/A.CIRCLE2/parameters.txt|baseline/pgfuzz/ArduPilot/policies/A.CIRCLE3/parameters.txt|baseline/pgfuzz/ArduPilot/policies/A.CIRCLE4_6/parameters.txt|baseline/pgfuzz/ArduPilot/policies/A.CIRCLE7/parameters.txt|baseline/pgfuzz/ArduPilot/policies/A.DRIFT1/parameters.txt|baseline/pgfuzz/ArduPilot/policies/A.FLIP1/parameters.txt|baseline/pgfuzz/ArduPilot/policies/A.FLIP2/parameters.txt|baseline/pgfuzz/ArduPilot/policies/A.FLIP3/parameters.txt|baseline/pgfuzz/ArduPilot/policies/A.FLIP4/parameters.txt|baseline/pgfuzz/ArduPilot/policies/A.GPS.FS1/parameters.txt|baseline/pgfuzz/ArduPilot/policies/A.GPS.FS2/parameters.txt|baseline/pgfuzz/ArduPilot/policies/A.GUIDED1/parameters.txt|baseline/pgfuzz/ArduPilot/policies/A.LAND1/parameters.txt|baseline/pgfuzz/ArduPilot/policies/A.LAND2/parameters.txt|baseline/pgfuzz/ArduPilot/policies/A.LOITER1/parameters.txt|baseline/pgfuzz/ArduPilot/policies/A.RC.FS1/parameters.txt|baseline/pgfuzz/ArduPilot/policies/A.RC.FS2/parameters.txt|baseline/pgfuzz/ArduPilot/policies/A.RTL1/parameters.txt|baseline/pgfuzz/ArduPilot/policies/A.RTL2/parameters.txt|baseline/pgfuzz/ArduPilot/policies/A.RTL3/parameters.txt|baseline/pgfuzz/ArduPilot/policies/A.RTL4/parameters.txt|baseline/pgfuzz/ArduPilot/policies/A.SPORT1/parameters.txt,EXACT_CURRENT_DEFINITION,ATC_RATE_R_MAX,EXACT_NAME_DEFINITION,,,baseline/ardupilot/libraries/AC_AttitudeControl/AC_AttitudeControl.cpp:96,exact_metadata_unique,not_exposed_by_param_metadata_parser,,,UNKNOWN,baseline/ardupilot/libraries/AC_AttitudeControl/AC_AttitudeControl.cpp:96,当前目录没有可用默认值证据。,0,1080,1,deg/s,,confirmed_by_frozen_runtime_snapshot,observed_in_frozen_runtime_parameter_download,0.0,quad,ardupilot-copter-m6,NOT_TESTED,,NOT_APPLICABLE,,参数身份和定义位置已找到；这不证明它与该性质存在真实数据依赖，也未执行写入变更测试。,NOT_ASSESSED
ArduPilot,InputP,ATC_RAT_RLL_D,60,A.ALT_HOLD1|A.ALT_HOLD2|A.AUTO1|A.BRAKE1|A.CHUTE1|A.CIRCLE1|A.CIRCLE2|A.CIRCLE3|A.CIRCLE4|A.CIRCLE5|A.CIRCLE6|A.CIRCLE7|A.DRIFT1|A.FLIP1|A.FLIP2|A.FLIP3|A.FLIPGeneral|A.GPS.FS1|A.GPS.FS2|A.GUIDED1|A.LAND1|A.LAND2|A.LOITER1|A.RC.FS1|A.RC.FS2|A.RTL1|A.RTL2|A.RTL3|A.RTL4|A.SPORT1,"ATC_RAT_RLL_D,X,0.0036,0,0.05,0.001 || ATC_RAT_RLL_D,X,0.0036,0.001,0.03,0.001",baseline/pgfuzz/ArduPilot/policies/A.ALT_HOLD1/parameters.txt|baseline/pgfuzz/ArduPilot/policies/A.ALT_HOLD2/parameters.txt|baseline/pgfuzz/ArduPilot/policies/A.AUTO1/parameters.txt|baseline/pgfuzz/ArduPilot/policies/A.BRAKE1/parameters.txt|baseline/pgfuzz/ArduPilot/policies/A.CHUTE/parameters.txt|baseline/pgfuzz/ArduPilot/policies/A.CIRCLE1/parameters.txt|baseline/pgfuzz/ArduPilot/policies/A.CIRCLE2/parameters.txt|baseline/pgfuzz/ArduPilot/policies/A.CIRCLE3/parameters.txt|baseline/pgfuzz/ArduPilot/policies/A.CIRCLE4_6/parameters.txt|baseline/pgfuzz/ArduPilot/policies/A.CIRCLE7/parameters.txt|baseline/pgfuzz/ArduPilot/policies/A.DRIFT1/parameters.txt|baseline/pgfuzz/ArduPilot/policies/A.FLIP1/parameters.txt|baseline/pgfuzz/ArduPilot/policies/A.FLIP2/parameters.txt|baseline/pgfuzz/ArduPilot/policies/A.FLIP3/parameters.txt|baseline/pgfuzz/ArduPilot/policies/A.FLIP4/parameters.txt|baseline/pgfuzz/ArduPilot/policies/A.GPS.FS1/parameters.txt|baseline/pgfuzz/ArduPilot/policies/A.GPS.FS2/parameters.txt|baseline/pgfuzz/ArduPilot/policies/A.GUIDED1/parameters.txt|baseline/pgfuzz/ArduPilot/policies/A.LAND1/parameters.txt|baseline/pgfuzz/ArduPilot/policies/A.LAND2/parameters.txt|baseline/pgfuzz/ArduPilot/policies/A.LOITER1/parameters.txt|baseline/pgfuzz/ArduPilot/policies/A.RC.FS1/parameters.txt|baseline/pgfuzz/ArduPilot/policies/A.RC.FS2/parameters.txt|baseline/pgfuzz/ArduPilot/policies/A.RTL1/parameters.txt|baseline/pgfuzz/ArduPilot/policies/A.RTL2/parameters.txt|baseline/pgfuzz/ArduPilot/policies/A.RTL3/parameters.txt|baseline/pgfuzz/ArduPilot/policies/A.RTL4/parameters.txt|baseline/pgfuzz/ArduPilot/policies/A.SPORT1/parameters.txt,EXACT_CURRENT_DEFINITION,ATC_RAT_RLL_D,EXACT_NAME_DEFINITION,,,baseline/ardupilot/libraries/AC_AttitudeControl/AC_AttitudeControl_Heli.cpp:48|baseline/ardupilot/libraries/AC_AttitudeControl/AC_AttitudeControl_Multi.cpp:35,exact_metadata_multiple,not_exposed_by_param_metadata_parser,,,UNKNOWN,baseline/ardupilot/libraries/AC_AttitudeControl/AC_AttitudeControl_Heli.cpp:48|baseline/ardupilot/libraries/AC_AttitudeControl/AC_AttitudeControl_Multi.cpp:35,当前目录没有可用默认值证据。,0.0,0.03,0.001,s^2/rad,,confirmed_by_frozen_runtime_snapshot,observed_in_frozen_runtime_parameter_download,0.003599999938160181,quad,ardupilot-copter-m6,NOT_TESTED,,NOT_APPLICABLE,,参数身份和定义位置已找到；这不证明它与该性质存在真实数据依赖，也未执行写入变更测试。,NOT_ASSESSED
ArduPilot,InputP,ATC_RAT_RLL_FF,30,A.ALT_HOLD1|A.ALT_HOLD2|A.AUTO1|A.BRAKE1|A.CHUTE1|A.CIRCLE1|A.CIRCLE2|A.CIRCLE3|A.CIRCLE4|A.CIRCLE5|A.CIRCLE6|A.CIRCLE7|A.DRIFT1|A.FLIP1|A.FLIP2|A.FLIP3|A.FLIPGeneral|A.GPS.FS1|A.GPS.FS2|A.GUIDED1|A.LAND1|A.LAND2|A.LOITER1|A.RC.FS1|A.RC.FS2|A.RTL1|A.RTL2|A.RTL3|A.RTL4|A.SPORT1,"ATC_RAT_RLL_FF,X,0,0,0.5,0.001",baseline/pgfuzz/ArduPilot/policies/A.ALT_HOLD1/parameters.txt|baseline/pgfuzz/ArduPilot/policies/A.ALT_HOLD2/parameters.txt|baseline/pgfuzz/ArduPilot/policies/A.AUTO1/parameters.txt|baseline/pgfuzz/ArduPilot/policies/A.BRAKE1/parameters.txt|baseline/pgfuzz/ArduPilot/policies/A.CHUTE/parameters.txt|baseline/pgfuzz/ArduPilot/policies/A.CIRCLE1/parameters.txt|baseline/pgfuzz/ArduPilot/policies/A.CIRCLE2/parameters.txt|baseline/pgfuzz/ArduPilot/policies/A.CIRCLE3/parameters.txt|baseline/pgfuzz/ArduPilot/policies/A.CIRCLE4_6/parameters.txt|baseline/pgfuzz/ArduPilot/policies/A.CIRCLE7/parameters.txt|baseline/pgfuzz/ArduPilot/policies/A.DRIFT1/parameters.txt|baseline/pgfuzz/ArduPilot/policies/A.FLIP1/parameters.txt|baseline/pgfuzz/ArduPilot/policies/A.FLIP2/parameters.txt|baseline/pgfuzz/ArduPilot/policies/A.FLIP3/parameters.txt|baseline/pgfuzz/ArduPilot/policies/A.FLIP4/parameters.txt|baseline/pgfuzz/ArduPilot/policies/A.GPS.FS1/parameters.txt|baseline/pgfuzz/ArduPilot/policies/A.GPS.FS2/parameters.txt|baseline/pgfuzz/ArduPilot/policies/A.GUIDED1/parameters.txt|baseline/pgfuzz/ArduPilot/policies/A.LAND1/parameters.txt|baseline/pgfuzz/ArduPilot/policies/A.LAND2/parameters.txt|baseline/pgfuzz/ArduPilot/policies/A.LOITER1/parameters.txt|baseline/pgfuzz/ArduPilot/policies/A.RC.FS1/parameters.txt|baseline/pgfuzz/ArduPilot/policies/A.RC.FS2/parameters.txt|baseline/pgfuzz/ArduPilot/policies/A.RTL1/parameters.txt|baseline/pgfuzz/ArduPilot/policies/A.RTL2/parameters.txt|baseline/pgfuzz/ArduPilot/policies/A.RTL3/parameters.txt|baseline/pgfuzz/ArduPilot/policies/A.RTL4/parameters.txt|baseline/pgfuzz/ArduPilot/policies/A.SPORT1/parameters.txt,EXACT_CURRENT_DEFINITION,ATC_RAT_RLL_FF,EXACT_NAME_DEFINITION,,,baseline/ardupilot/libraries/AC_AttitudeControl/AC_AttitudeControl_Heli.cpp:56|baseline/ardupilot/libraries/AC_AttitudeControl/AC_AttitudeControl_Multi.cpp:43,exact_metadata_multiple,not_exposed_by_param_metadata_parser,,,UNKNOWN,baseline/ardupilot/libraries/AC_AttitudeControl/AC_AttitudeControl_Heli.cpp:56|baseline/ardupilot/libraries/AC_AttitudeControl/AC_AttitudeControl_Multi.cpp:43,当前目录没有可用默认值证据。,0.05,0.5,0.001,s/rad,,confirmed_by_frozen_runtime_snapshot,observed_in_frozen_runtime_parameter_download,0.0,quad,ardupilot-copter-m6,NOT_TESTED,,NOT_APPLICABLE,,参数身份和定义位置已找到；这不证明它与该性质存在真实数据依赖，也未执行写入变更测试。,NOT_ASSESSED
ArduPilot,InputP,ATC_RAT_RLL_FLTD,60,A.ALT_HOLD1|A.ALT_HOLD2|A.AUTO1|A.BRAKE1|A.CHUTE1|A.CIRCLE1|A.CIRCLE2|A.CIRCLE3|A.CIRCLE4|A.CIRCLE5|A.CIRCLE6|A.CIRCLE7|A.DRIFT1|A.FLIP1|A.FLIP2|A.FLIP3|A.FLIPGeneral|A.GPS.FS1|A.GPS.FS2|A.GUIDED1|A.LAND1|A.LAND2|A.LOITER1|A.RC.FS1|A.RC.FS2|A.RTL1|A.RTL2|A.RTL3|A.RTL4|A.SPORT1,"ATC_RAT_RLL_FLTD,X,20,0,50,1 || ATC_RAT_RLL_FLTD,X,20,5,100,1",baseline/pgfuzz/ArduPilot/policies/A.ALT_HOLD1/parameters.txt|baseline/pgfuzz/ArduPilot/policies/A.ALT_HOLD2/parameters.txt|baseline/pgfuzz/ArduPilot/policies/A.AUTO1/parameters.txt|baseline/pgfuzz/ArduPilot/policies/A.BRAKE1/parameters.txt|baseline/pgfuzz/ArduPilot/policies/A.CHUTE/parameters.txt|baseline/pgfuzz/ArduPilot/policies/A.CIRCLE1/parameters.txt|baseline/pgfuzz/ArduPilot/policies/A.CIRCLE2/parameters.txt|baseline/pgfuzz/ArduPilot/policies/A.CIRCLE3/parameters.txt|baseline/pgfuzz/ArduPilot/policies/A.CIRCLE4_6/parameters.txt|baseline/pgfuzz/ArduPilot/policies/A.CIRCLE7/parameters.txt|baseline/pgfuzz/ArduPilot/policies/A.DRIFT1/parameters.txt|baseline/pgfuzz/ArduPilot/policies/A.FLIP1/parameters.txt|baseline/pgfuzz/ArduPilot/policies/A.FLIP2/parameters.txt|baseline/pgfuzz/ArduPilot/policies/A.FLIP3/parameters.txt|baseline/pgfuzz/ArduPilot/policies/A.FLIP4/parameters.txt|baseline/pgfuzz/ArduPilot/policies/A.GPS.FS1/parameters.txt|baseline/pgfuzz/ArduPilot/policies/A.GPS.FS2/parameters.txt|baseline/pgfuzz/ArduPilot/policies/A.GUIDED1/parameters.txt|baseline/pgfuzz/ArduPilot/policies/A.LAND1/parameters.txt|baseline/pgfuzz/ArduPilot/policies/A.LAND2/parameters.txt|baseline/pgfuzz/ArduPilot/policies/A.LOITER1/parameters.txt|baseline/pgfuzz/ArduPilot/policies/A.RC.FS1/parameters.txt|baseline/pgfuzz/ArduPilot/policies/A.RC.FS2/parameters.txt|baseline/pgfuzz/ArduPilot/policies/A.RTL1/parameters.txt|baseline/pgfuzz/ArduPilot/policies/A.RTL2/parameters.txt|baseline/pgfuzz/ArduPilot/policies/A.RTL3/parameters.txt|baseline/pgfuzz/ArduPilot/policies/A.RTL4/parameters.txt|baseline/pgfuzz/ArduPilot/policies/A.SPORT1/parameters.txt,EXACT_CURRENT_DEFINITION,ATC_RAT_RLL_FLTD,EXACT_NAME_DEFINITION,,,baseline/ardupilot/libraries/AC_AttitudeControl/AC_AttitudeControl_Heli.cpp:80|baseline/ardupilot/libraries/AC_AttitudeControl/AC_AttitudeControl_Multi.cpp:67|baseline/ardupilot/libraries/AC_CustomControl/AC_CustomControl_PID.cpp:86,exact_metadata_multiple,not_exposed_by_param_metadata_parser,,,UNKNOWN,baseline/ardupilot/libraries/AC_AttitudeControl/AC_AttitudeControl_Heli.cpp:80|baseline/ardupilot/libraries/AC_AttitudeControl/AC_AttitudeControl_Multi.cpp:67|baseline/ardupilot/libraries/AC_CustomControl/AC_CustomControl_PID.cpp:86,当前目录没有可用默认值证据。,0,50,1,Hz,,confirmed_by_frozen_runtime_snapshot,observed_in_frozen_runtime_parameter_download,20.0,quad,ardupilot-copter-m6,NOT_TESTED,,NOT_APPLICABLE,,参数身份和定义位置已找到；这不证明它与该性质存在真实数据依赖，也未执行写入变更测试。,NOT_ASSESSED
ArduPilot,InputP,ATC_RAT_RLL_FLTE,60,A.ALT_HOLD1|A.ALT_HOLD2|A.AUTO1|A.BRAKE1|A.CHUTE1|A.CIRCLE1|A.CIRCLE2|A.CIRCLE3|A.CIRCLE4|A.CIRCLE5|A.CIRCLE6|A.CIRCLE7|A.DRIFT1|A.FLIP1|A.FLIP2|A.FLIP3|A.FLIPGeneral|A.GPS.FS1|A.GPS.FS2|A.GUIDED1|A.LAND1|A.LAND2|A.LOITER1|A.RC.FS1|A.RC.FS2|A.RTL1|A.RTL2|A.RTL3|A.RTL4|A.SPORT1,"ATC_RAT_RLL_FLTE,X,0,0,100,1 || ATC_RAT_RLL_FLTE,X,0,5,50,1",baseline/pgfuzz/ArduPilot/policies/A.ALT_HOLD1/parameters.txt|baseline/pgfuzz/ArduPilot/policies/A.ALT_HOLD2/parameters.txt|baseline/pgfuzz/ArduPilot/policies/A.AUTO1/parameters.txt|baseline/pgfuzz/ArduPilot/policies/A.BRAKE1/parameters.txt|baseline/pgfuzz/ArduPilot/policies/A.CHUTE/parameters.txt|baseline/pgfuzz/ArduPilot/policies/A.CIRCLE1/parameters.txt|baseline/pgfuzz/ArduPilot/policies/A.CIRCLE2/parameters.txt|baseline/pgfuzz/ArduPilot/policies/A.CIRCLE3/parameters.txt|baseline/pgfuzz/ArduPilot/policies/A.CIRCLE4_6/parameters.txt|baseline/pgfuzz/ArduPilot/policies/A.CIRCLE7/parameters.txt|baseline/pgfuzz/ArduPilot/policies/A.DRIFT1/parameters.txt|baseline/pgfuzz/ArduPilot/policies/A.FLIP1/parameters.txt|baseline/pgfuzz/ArduPilot/policies/A.FLIP2/parameters.txt|baseline/pgfuzz/ArduPilot/policies/A.FLIP3/parameters.txt|baseline/pgfuzz/ArduPilot/policies/A.FLIP4/parameters.txt|baseline/pgfuzz/ArduPilot/policies/A.GPS.FS1/parameters.txt|baseline/pgfuzz/ArduPilot/policies/A.GPS.FS2/parameters.txt|baseline/pgfuzz/ArduPilot/policies/A.GUIDED1/parameters.txt|baseline/pgfuzz/ArduPilot/policies/A.LAND1/parameters.txt|baseline/pgfuzz/ArduPilot/policies/A.LAND2/parameters.txt|baseline/pgfuzz/ArduPilot/policies/A.LOITER1/parameters.txt|baseline/pgfuzz/ArduPilot/policies/A.RC.FS1/parameters.txt|baseline/pgfuzz/ArduPilot/policies/A.RC.FS2/parameters.txt|baseline/pgfuzz/ArduPilot/policies/A.RTL1/parameters.txt|baseline/pgfuzz/ArduPilot/policies/A.RTL2/parameters.txt|baseline/pgfuzz/ArduPilot/policies/A.RTL3/parameters.txt|baseline/pgfuzz/ArduPilot/policies/A.RTL4/parameters.txt|baseline/pgfuzz/ArduPilot/policies/A.SPORT1/parameters.txt,EXACT_CURRENT_DEFINITION,ATC_RAT_RLL_FLTE,EXACT_NAME_DEFINITION,,,baseline/ardupilot/libraries/AC_AttitudeControl/AC_AttitudeControl_Heli.cpp:72|baseline/ardupilot/libraries/AC_AttitudeControl/AC_AttitudeControl_Multi.cpp:59|baseline/ardupilot/libraries/AC_CustomControl/AC_CustomControl_PID.cpp:78,exact_metadata_multiple,not_exposed_by_param_metadata_parser,,,UNKNOWN,baseline/ardupilot/libraries/AC_AttitudeControl/AC_AttitudeControl_Heli.cpp:72|baseline/ardupilot/libraries/AC_AttitudeControl/AC_AttitudeControl_Multi.cpp:59|baseline/ardupilot/libraries/AC_CustomControl/AC_CustomControl_PID.cpp:78,当前目录没有可用默认值证据。,5,50,1,Hz,,confirmed_by_frozen_runtime_snapshot,observed_in_frozen_runtime_parameter_download,0.0,quad,ardupilot-copter-m6,NOT_TESTED,,NOT_APPLICABLE,,参数身份和定义位置已找到；这不证明它与该性质存在真实数据依赖，也未执行写入变更测试。,NOT_ASSESSED
ArduPilot,InputP,ATC_RAT_RLL_FLTT,60,A.ALT_HOLD1|A.ALT_HOLD2|A.AUTO1|A.BRAKE1|A.CHUTE1|A.CIRCLE1|A.CIRCLE2|A.CIRCLE3|A.CIRCLE4|A.CIRCLE5|A.CIRCLE6|A.CIRCLE7|A.DRIFT1|A.FLIP1|A.FLIP2|A.FLIP3|A.FLIPGeneral|A.GPS.FS1|A.GPS.FS2|A.GUIDED1|A.LAND1|A.LAND2|A.LOITER1|A.RC.FS1|A.RC.FS2|A.RTL1|A.RTL2|A.RTL3|A.RTL4|A.SPORT1,"ATC_RAT_RLL_FLTT,X,20,5,100,1 || ATC_RAT_RLL_FLTT,X,20,5,50,1",baseline/pgfuzz/ArduPilot/policies/A.ALT_HOLD1/parameters.txt|baseline/pgfuzz/ArduPilot/policies/A.ALT_HOLD2/parameters.txt|baseline/pgfuzz/ArduPilot/policies/A.AUTO1/parameters.txt|baseline/pgfuzz/ArduPilot/policies/A.BRAKE1/parameters.txt|baseline/pgfuzz/ArduPilot/policies/A.CHUTE/parameters.txt|baseline/pgfuzz/ArduPilot/policies/A.CIRCLE1/parameters.txt|baseline/pgfuzz/ArduPilot/policies/A.CIRCLE2/parameters.txt|baseline/pgfuzz/ArduPilot/policies/A.CIRCLE3/parameters.txt|baseline/pgfuzz/ArduPilot/policies/A.CIRCLE4_6/parameters.txt|baseline/pgfuzz/ArduPilot/policies/A.CIRCLE7/parameters.txt|baseline/pgfuzz/ArduPilot/policies/A.DRIFT1/parameters.txt|baseline/pgfuzz/ArduPilot/policies/A.FLIP1/parameters.txt|baseline/pgfuzz/ArduPilot/policies/A.FLIP2/parameters.txt|baseline/pgfuzz/ArduPilot/policies/A.FLIP3/parameters.txt|baseline/pgfuzz/ArduPilot/policies/A.FLIP4/parameters.txt|baseline/pgfuzz/ArduPilot/policies/A.GPS.FS1/parameters.txt|baseline/pgfuzz/ArduPilot/policies/A.GPS.FS2/parameters.txt|baseline/pgfuzz/ArduPilot/policies/A.GUIDED1/parameters.txt|baseline/pgfuzz/ArduPilot/policies/A.LAND1/parameters.txt|baseline/pgfuzz/ArduPilot/policies/A.LAND2/parameters.txt|baseline/pgfuzz/ArduPilot/policies/A.LOITER1/parameters.txt|baseline/pgfuzz/ArduPilot/policies/A.RC.FS1/parameters.txt|baseline/pgfuzz/ArduPilot/policies/A.RC.FS2/parameters.txt|baseline/pgfuzz/ArduPilot/policies/A.RTL1/parameters.txt|baseline/pgfuzz/ArduPilot/policies/A.RTL2/parameters.txt|baseline/pgfuzz/ArduPilot/policies/A.RTL3/parameters.txt|baseline/pgfuzz/ArduPilot/policies/A.RTL4/parameters.txt|baseline/pgfuzz/ArduPilot/policies/A.SPORT1/parameters.txt,EXACT_CURRENT_DEFINITION,ATC_RAT_RLL_FLTT,EXACT_NAME_DEFINITION,,,baseline/ardupilot/libraries/AC_AttitudeControl/AC_AttitudeControl_Heli.cpp:64|baseline/ardupilot/libraries/AC_AttitudeControl/AC_AttitudeControl_Multi.cpp:51|baseline/ardupilot/libraries/AC_CustomControl/AC_CustomControl_PID.cpp:70,exact_metadata_multiple,not_exposed_by_param_metadata_parser,,,UNKNOWN,baseline/ardupilot/libraries/AC_AttitudeControl/AC_AttitudeControl_Heli.cpp:64|baseline/ardupilot/libraries/AC_AttitudeControl/AC_AttitudeControl_Multi.cpp:51|baseline/ardupilot/libraries/AC_CustomControl/AC_CustomControl_PID.cpp:70,当前目录没有可用默认值证据。,5,50,1,Hz,,confirmed_by_frozen_runtime_snapshot,observed_in_frozen_runtime_parameter_download,20.0,quad,ardupilot-copter-m6,NOT_TESTED,,NOT_APPLICABLE,,参数身份和定义位置已找到；这不证明它与该性质存在真实数据依赖，也未执行写入变更测试。,NOT_ASSESSED
ArduPilot,InputP,ATC_RAT_RLL_I,60,A.ALT_HOLD1|A.ALT_HOLD2|A.AUTO1|A.BRAKE1|A.CHUTE1|A.CIRCLE1|A.CIRCLE2|A.CIRCLE3|A.CIRCLE4|A.CIRCLE5|A.CIRCLE6|A.CIRCLE7|A.DRIFT1|A.FLIP1|A.FLIP2|A.FLIP3|A.FLIPGeneral|A.GPS.FS1|A.GPS.FS2|A.GUIDED1|A.LAND1|A.LAND2|A.LOITER1|A.RC.FS1|A.RC.FS2|A.RTL1|A.RTL2|A.RTL3|A.RTL4|A.SPORT1,"ATC_RAT_RLL_I,X,0.135,0.01,0.6,0.01 || ATC_RAT_RLL_I,X,0.135,0.01,2,0.01",baseline/pgfuzz/ArduPilot/policies/A.ALT_HOLD1/parameters.txt|baseline/pgfuzz/ArduPilot/policies/A.ALT_HOLD2/parameters.txt|baseline/pgfuzz/ArduPilot/policies/A.AUTO1/parameters.txt|baseline/pgfuzz/ArduPilot/policies/A.BRAKE1/parameters.txt|baseline/pgfuzz/ArduPilot/policies/A.CHUTE/parameters.txt|baseline/pgfuzz/ArduPilot/policies/A.CIRCLE1/parameters.txt|baseline/pgfuzz/ArduPilot/policies/A.CIRCLE2/parameters.txt|baseline/pgfuzz/ArduPilot/policies/A.CIRCLE3/parameters.txt|baseline/pgfuzz/ArduPilot/policies/A.CIRCLE4_6/parameters.txt|baseline/pgfuzz/ArduPilot/policies/A.CIRCLE7/parameters.txt|baseline/pgfuzz/ArduPilot/policies/A.DRIFT1/parameters.txt|baseline/pgfuzz/ArduPilot/policies/A.FLIP1/parameters.txt|baseline/pgfuzz/ArduPilot/policies/A.FLIP2/parameters.txt|baseline/pgfuzz/ArduPilot/policies/A.FLIP3/parameters.txt|baseline/pgfuzz/ArduPilot/policies/A.FLIP4/parameters.txt|baseline/pgfuzz/ArduPilot/policies/A.GPS.FS1/parameters.txt|baseline/pgfuzz/ArduPilot/policies/A.GPS.FS2/parameters.txt|baseline/pgfuzz/ArduPilot/policies/A.GUIDED1/parameters.txt|baseline/pgfuzz/ArduPilot/policies/A.LAND1/parameters.txt|baseline/pgfuzz/ArduPilot/policies/A.LAND2/parameters.txt|baseline/pgfuzz/ArduPilot/policies/A.LOITER1/parameters.txt|baseline/pgfuzz/ArduPilot/policies/A.RC.FS1/parameters.txt|baseline/pgfuzz/ArduPilot/policies/A.RC.FS2/parameters.txt|baseline/pgfuzz/ArduPilot/policies/A.RTL1/parameters.txt|baseline/pgfuzz/ArduPilot/policies/A.RTL2/parameters.txt|baseline/pgfuzz/ArduPilot/policies/A.RTL3/parameters.txt|baseline/pgfuzz/ArduPilot/policies/A.RTL4/parameters.txt|baseline/pgfuzz/ArduPilot/policies/A.SPORT1/parameters.txt,EXACT_CURRENT_DEFINITION,ATC_RAT_RLL_I,EXACT_NAME_DEFINITION,,,baseline/ardupilot/libraries/AC_AttitudeControl/AC_AttitudeControl_Heli.cpp:27|baseline/ardupilot/libraries/AC_AttitudeControl/AC_AttitudeControl_Multi.cpp:20,exact_metadata_multiple,not_exposed_by_param_metadata_parser,,,UNKNOWN,baseline/ardupilot/libraries/AC_AttitudeControl/AC_AttitudeControl_Heli.cpp:27|baseline/ardupilot/libraries/AC_AttitudeControl/AC_AttitudeControl_Multi.cpp:20,当前目录没有可用默认值证据。,0.0,0.6,0.01,1/rad,,confirmed_by_frozen_runtime_snapshot,observed_in_frozen_runtime_parameter_download,0.13500000536441803,quad,ardupilot-copter-m6,NOT_TESTED,,NOT_APPLICABLE,,参数身份和定义位置已找到；这不证明它与该性质存在真实数据依赖，也未执行写入变更测试。,NOT_ASSESSED
ArduPilot,InputP,ATC_RAT_RLL_IMAX,60,A.ALT_HOLD1|A.ALT_HOLD2|A.AUTO1|A.BRAKE1|A.CHUTE1|A.CIRCLE1|A.CIRCLE2|A.CIRCLE3|A.CIRCLE4|A.CIRCLE5|A.CIRCLE6|A.CIRCLE7|A.DRIFT1|A.FLIP1|A.FLIP2|A.FLIP3|A.FLIPGeneral|A.GPS.FS1|A.GPS.FS2|A.GUIDED1|A.LAND1|A.LAND2|A.LOITER1|A.RC.FS1|A.RC.FS2|A.RTL1|A.RTL2|A.RTL3|A.RTL4|A.SPORT1,"ATC_RAT_RLL_IMAX,X,0.5,0,1,0.01",baseline/pgfuzz/ArduPilot/policies/A.ALT_HOLD1/parameters.txt|baseline/pgfuzz/ArduPilot/policies/A.ALT_HOLD2/parameters.txt|baseline/pgfuzz/ArduPilot/policies/A.AUTO1/parameters.txt|baseline/pgfuzz/ArduPilot/policies/A.BRAKE1/parameters.txt|baseline/pgfuzz/ArduPilot/policies/A.CHUTE/parameters.txt|baseline/pgfuzz/ArduPilot/policies/A.CIRCLE1/parameters.txt|baseline/pgfuzz/ArduPilot/policies/A.CIRCLE2/parameters.txt|baseline/pgfuzz/ArduPilot/policies/A.CIRCLE3/parameters.txt|baseline/pgfuzz/ArduPilot/policies/A.CIRCLE4_6/parameters.txt|baseline/pgfuzz/ArduPilot/policies/A.CIRCLE7/parameters.txt|baseline/pgfuzz/ArduPilot/policies/A.DRIFT1/parameters.txt|baseline/pgfuzz/ArduPilot/policies/A.FLIP1/parameters.txt|baseline/pgfuzz/ArduPilot/policies/A.FLIP2/parameters.txt|baseline/pgfuzz/ArduPilot/policies/A.FLIP3/parameters.txt|baseline/pgfuzz/ArduPilot/policies/A.FLIP4/parameters.txt|baseline/pgfuzz/ArduPilot/policies/A.GPS.FS1/parameters.txt|baseline/pgfuzz/ArduPilot/policies/A.GPS.FS2/parameters.txt|baseline/pgfuzz/ArduPilot/policies/A.GUIDED1/parameters.txt|baseline/pgfuzz/ArduPilot/policies/A.LAND1/parameters.txt|baseline/pgfuzz/ArduPilot/policies/A.LAND2/parameters.txt|baseline/pgfuzz/ArduPilot/policies/A.LOITER1/parameters.txt|baseline/pgfuzz/ArduPilot/policies/A.RC.FS1/parameters.txt|baseline/pgfuzz/ArduPilot/policies/A.RC.FS2/parameters.txt|baseline/pgfuzz/ArduPilot/policies/A.RTL1/parameters.txt|baseline/pgfuzz/ArduPilot/policies/A.RTL2/parameters.txt|baseline/pgfuzz/ArduPilot/policies/A.RTL3/parameters.txt|baseline/pgfuzz/ArduPilot/policies/A.RTL4/parameters.txt|baseline/pgfuzz/ArduPilot/policies/A.SPORT1/parameters.txt,EXACT_CURRENT_DEFINITION,ATC_RAT_RLL_IMAX,EXACT_NAME_DEFINITION,,,baseline/ardupilot/libraries/AC_AttitudeControl/AC_AttitudeControl_Heli.cpp:35|baseline/ardupilot/libraries/AC_AttitudeControl/AC_AttitudeControl_Multi.cpp:28|baseline/ardupilot/libraries/AC_AttitudeControl/AC_AttitudeControl_Sub.cpp:24|baseline/ardupilot/libraries/AC_CustomControl/AC_CustomControl_PID.cpp:49,exact_metadata_multiple,not_exposed_by_param_metadata_parser,,,UNKNOWN,baseline/ardupilot/libraries/AC_AttitudeControl/AC_AttitudeControl_Heli.cpp:35|baseline/ardupilot/libraries/AC_AttitudeControl/AC_AttitudeControl_Multi.cpp:28|baseline/ardupilot/libraries/AC_AttitudeControl/AC_AttitudeControl_Sub.cpp:24|baseline/ardupilot/libraries/AC_CustomControl/AC_CustomControl_PID.cpp:49,当前目录没有可用默认值证据。,0,1,0.01,,,confirmed_by_frozen_runtime_snapshot,observed_in_frozen_runtime_parameter_download,0.5,quad,ardupilot-copter-m6,NOT_TESTED,,NOT_APPLICABLE,,参数身份和定义位置已找到；这不证明它与该性质存在真实数据依赖，也未执行写入变更测试。,NOT_ASSESSED
ArduPilot,InputP,ATC_RAT_RLL_P,60,A.ALT_HOLD1|A.ALT_HOLD2|A.AUTO1|A.BRAKE1|A.CHUTE1|A.CIRCLE1|A.CIRCLE2|A.CIRCLE3|A.CIRCLE4|A.CIRCLE5|A.CIRCLE6|A.CIRCLE7|A.DRIFT1|A.FLIP1|A.FLIP2|A.FLIP3|A.FLIPGeneral|A.GPS.FS1|A.GPS.FS2|A.GUIDED1|A.LAND1|A.LAND2|A.LOITER1|A.RC.FS1|A.RC.FS2|A.RTL1|A.RTL2|A.RTL3|A.RTL4|A.SPORT1,"ATC_RAT_RLL_P,X,0.135,0.01,0.5,0.005 || ATC_RAT_RLL_P,X,0.135,0.08,0.35,0.005",baseline/pgfuzz/ArduPilot/policies/A.ALT_HOLD1/parameters.txt|baseline/pgfuzz/ArduPilot/policies/A.ALT_HOLD2/parameters.txt|baseline/pgfuzz/ArduPilot/policies/A.AUTO1/parameters.txt|baseline/pgfuzz/ArduPilot/policies/A.BRAKE1/parameters.txt|baseline/pgfuzz/ArduPilot/policies/A.CHUTE/parameters.txt|baseline/pgfuzz/ArduPilot/policies/A.CIRCLE1/parameters.txt|baseline/pgfuzz/ArduPilot/policies/A.CIRCLE2/parameters.txt|baseline/pgfuzz/ArduPilot/policies/A.CIRCLE3/parameters.txt|baseline/pgfuzz/ArduPilot/policies/A.CIRCLE4_6/parameters.txt|baseline/pgfuzz/ArduPilot/policies/A.CIRCLE7/parameters.txt|baseline/pgfuzz/ArduPilot/policies/A.DRIFT1/parameters.txt|baseline/pgfuzz/ArduPilot/policies/A.FLIP1/parameters.txt|baseline/pgfuzz/ArduPilot/policies/A.FLIP2/parameters.txt|baseline/pgfuzz/ArduPilot/policies/A.FLIP3/parameters.txt|baseline/pgfuzz/ArduPilot/policies/A.FLIP4/parameters.txt|baseline/pgfuzz/ArduPilot/policies/A.GPS.FS1/parameters.txt|baseline/pgfuzz/ArduPilot/policies/A.GPS.FS2/parameters.txt|baseline/pgfuzz/ArduPilot/policies/A.GUIDED1/parameters.txt|baseline/pgfuzz/ArduPilot/policies/A.LAND1/parameters.txt|baseline/pgfuzz/ArduPilot/policies/A.LAND2/parameters.txt|baseline/pgfuzz/ArduPilot/policies/A.LOITER1/parameters.txt|baseline/pgfuzz/ArduPilot/policies/A.RC.FS1/parameters.txt|baseline/pgfuzz/ArduPilot/policies/A.RC.FS2/parameters.txt|baseline/pgfuzz/ArduPilot/policies/A.RTL1/parameters.txt|baseline/pgfuzz/ArduPilot/policies/A.RTL2/parameters.txt|baseline/pgfuzz/ArduPilot/policies/A.RTL3/parameters.txt|baseline/pgfuzz/ArduPilot/policies/A.RTL4/parameters.txt|baseline/pgfuzz/ArduPilot/policies/A.SPORT1/parameters.txt,EXACT_CURRENT_DEFINITION,ATC_RAT_RLL_P,EXACT_NAME_DEFINITION,,,baseline/ardupilot/libraries/AC_AttitudeControl/AC_AttitudeControl_Heli.cpp:19|baseline/ardupilot/libraries/AC_AttitudeControl/AC_AttitudeControl_Multi.cpp:12,exact_metadata_multiple,not_exposed_by_param_metadata_parser,,,UNKNOWN,baseline/ardupilot/libraries/AC_AttitudeControl/AC_AttitudeControl_Heli.cpp:19|baseline/ardupilot/libraries/AC_AttitudeControl/AC_AttitudeControl_Multi.cpp:12,当前目录没有可用默认值证据。,0.0,0.35,0.005,s/rad,,confirmed_by_frozen_runtime_snapshot,observed_in_frozen_runtime_parameter_download,0.13500000536441803,quad,ardupilot-copter-m6,NOT_TESTED,,NOT_APPLICABLE,,参数身份和定义位置已找到；这不证明它与该性质存在真实数据依赖，也未执行写入变更测试。,NOT_ASSESSED
ArduPilot,InputP,ATC_THR_MIX_MAN,30,A.ALT_HOLD1|A.ALT_HOLD2|A.AUTO1|A.BRAKE1|A.CHUTE1|A.CIRCLE1|A.CIRCLE2|A.CIRCLE3|A.CIRCLE4|A.CIRCLE5|A.CIRCLE6|A.CIRCLE7|A.DRIFT1|A.FLIP1|A.FLIP2|A.FLIP3|A.FLIPGeneral|A.GPS.FS1|A.GPS.FS2|A.GUIDED1|A.LAND1|A.LAND2|A.LOITER1|A.RC.FS1|A.RC.FS2|A.RTL1|A.RTL2|A.RTL3|A.RTL4|A.SPORT1,"ATC_THR_MIX_MAN,X,0.1,0.1,0.9,X",baseline/pgfuzz/ArduPilot/policies/A.ALT_HOLD1/parameters.txt|baseline/pgfuzz/ArduPilot/policies/A.ALT_HOLD2/parameters.txt|baseline/pgfuzz/ArduPilot/policies/A.AUTO1/parameters.txt|baseline/pgfuzz/ArduPilot/policies/A.BRAKE1/parameters.txt|baseline/pgfuzz/ArduPilot/policies/A.CHUTE/parameters.txt|baseline/pgfuzz/ArduPilot/policies/A.CIRCLE1/parameters.txt|baseline/pgfuzz/ArduPilot/policies/A.CIRCLE2/parameters.txt|baseline/pgfuzz/ArduPilot/policies/A.CIRCLE3/parameters.txt|baseline/pgfuzz/ArduPilot/policies/A.CIRCLE4_6/parameters.txt|baseline/pgfuzz/ArduPilot/policies/A.CIRCLE7/parameters.txt|baseline/pgfuzz/ArduPilot/policies/A.DRIFT1/parameters.txt|baseline/pgfuzz/ArduPilot/policies/A.FLIP1/parameters.txt|baseline/pgfuzz/ArduPilot/policies/A.FLIP2/parameters.txt|baseline/pgfuzz/ArduPilot/policies/A.FLIP3/parameters.txt|baseline/pgfuzz/ArduPilot/policies/A.FLIP4/parameters.txt|baseline/pgfuzz/ArduPilot/policies/A.GPS.FS1/parameters.txt|baseline/pgfuzz/ArduPilot/policies/A.GPS.FS2/parameters.txt|baseline/pgfuzz/ArduPilot/policies/A.GUIDED1/parameters.txt|baseline/pgfuzz/ArduPilot/policies/A.LAND1/parameters.txt|baseline/pgfuzz/ArduPilot/policies/A.LAND2/parameters.txt|baseline/pgfuzz/ArduPilot/policies/A.LOITER1/parameters.txt|baseline/pgfuzz/ArduPilot/policies/A.RC.FS1/parameters.txt|baseline/pgfuzz/ArduPilot/policies/A.RC.FS2/parameters.txt|baseline/pgfuzz/ArduPilot/policies/A.RTL1/parameters.txt|baseline/pgfuzz/ArduPilot/policies/A.RTL2/parameters.txt|baseline/pgfuzz/ArduPilot/policies/A.RTL3/parameters.txt|baseline/pgfuzz/ArduPilot/policies/A.RTL4/parameters.txt|baseline/pgfuzz/ArduPilot/policies/A.SPORT1/parameters.txt,EXACT_CURRENT_DEFINITION,ATC_THR_MIX_MAN,EXACT_NAME_DEFINITION,,,baseline/ardupilot/libraries/AC_AttitudeControl/AC_AttitudeControl_Multi.cpp:321|baseline/ardupilot/libraries/AC_AttitudeControl/AC_AttitudeControl_Sub.cpp:303,exact_metadata_multiple,not_exposed_by_param_metadata_parser,AC_ATTITUDE_CONTROL_MAN_DEFAULT),AC_ATTITUDE_CONTROL_MAN_DEFAULT,SOURCE_METADATA_LITERAL_OR_EXPRESSION,baseline/ardupilot/libraries/AC_AttitudeControl/AC_AttitudeControl_Multi.cpp:321|baseline/ardupilot/libraries/AC_AttitudeControl/AC_AttitudeControl_Sub.cpp:303,保存参数目录解析出的字面值或未求值源码表达式；它不是运行值，宏表达式不能冒充已求值数值。,0.1,0.9,,,,confirmed_by_frozen_runtime_snapshot,observed_in_frozen_runtime_parameter_download,0.10000000149011612,quad,ardupilot-copter-m6,NOT_TESTED,,NOT_APPLICABLE,,参数身份和定义位置已找到；这不证明它与该性质存在真实数据依赖，也未执行写入变更测试。,NOT_ASSESSED
ArduPilot,InputP,ATC_THR_MIX_MAX,30,A.ALT_HOLD1|A.ALT_HOLD2|A.AUTO1|A.BRAKE1|A.CHUTE1|A.CIRCLE1|A.CIRCLE2|A.CIRCLE3|A.CIRCLE4|A.CIRCLE5|A.CIRCLE6|A.CIRCLE7|A.DRIFT1|A.FLIP1|A.FLIP2|A.FLIP3|A.FLIPGeneral|A.GPS.FS1|A.GPS.FS2|A.GUIDED1|A.LAND1|A.LAND2|A.LOITER1|A.RC.FS1|A.RC.FS2|A.RTL1|A.RTL2|A.RTL3|A.RTL4|A.SPORT1,"ATC_THR_MIX_MAX,X,0.5,0.5,0.9,X",baseline/pgfuzz/ArduPilot/policies/A.ALT_HOLD1/parameters.txt|baseline/pgfuzz/ArduPilot/policies/A.ALT_HOLD2/parameters.txt|baseline/pgfuzz/ArduPilot/policies/A.AUTO1/parameters.txt|baseline/pgfuzz/ArduPilot/policies/A.BRAKE1/parameters.txt|baseline/pgfuzz/ArduPilot/policies/A.CHUTE/parameters.txt|baseline/pgfuzz/ArduPilot/policies/A.CIRCLE1/parameters.txt|baseline/pgfuzz/ArduPilot/policies/A.CIRCLE2/parameters.txt|baseline/pgfuzz/ArduPilot/policies/A.CIRCLE3/parameters.txt|baseline/pgfuzz/ArduPilot/policies/A.CIRCLE4_6/parameters.txt|baseline/pgfuzz/ArduPilot/policies/A.CIRCLE7/parameters.txt|baseline/pgfuzz/ArduPilot/policies/A.DRIFT1/parameters.txt|baseline/pgfuzz/ArduPilot/policies/A.FLIP1/parameters.txt|baseline/pgfuzz/ArduPilot/policies/A.FLIP2/parameters.txt|baseline/pgfuzz/ArduPilot/policies/A.FLIP3/parameters.txt|baseline/pgfuzz/ArduPilot/policies/A.FLIP4/parameters.txt|baseline/pgfuzz/ArduPilot/policies/A.GPS.FS1/parameters.txt|baseline/pgfuzz/ArduPilot/policies/A.GPS.FS2/parameters.txt|baseline/pgfuzz/ArduPilot/policies/A.GUIDED1/parameters.txt|baseline/pgfuzz/ArduPilot/policies/A.LAND1/parameters.txt|baseline/pgfuzz/ArduPilot/policies/A.LAND2/parameters.txt|baseline/pgfuzz/ArduPilot/policies/A.LOITER1/parameters.txt|baseline/pgfuzz/ArduPilot/policies/A.RC.FS1/parameters.txt|baseline/pgfuzz/ArduPilot/policies/A.RC.FS2/parameters.txt|baseline/pgfuzz/ArduPilot/policies/A.RTL1/parameters.txt|baseline/pgfuzz/ArduPilot/policies/A.RTL2/parameters.txt|baseline/pgfuzz/ArduPilot/policies/A.RTL3/parameters.txt|baseline/pgfuzz/ArduPilot/policies/A.RTL4/parameters.txt|baseline/pgfuzz/ArduPilot/policies/A.SPORT1/parameters.txt,EXACT_CURRENT_DEFINITION,ATC_THR_MIX_MAX,EXACT_NAME_DEFINITION,,,baseline/ardupilot/libraries/AC_AttitudeControl/AC_AttitudeControl_Multi.cpp:314|baseline/ardupilot/libraries/AC_AttitudeControl/AC_AttitudeControl_Sub.cpp:296,exact_metadata_multiple,not_exposed_by_param_metadata_parser,AC_ATTITUDE_CONTROL_MAX_DEFAULT),AC_ATTITUDE_CONTROL_MAX_DEFAULT,SOURCE_METADATA_LITERAL_OR_EXPRESSION,baseline/ardupilot/libraries/AC_AttitudeControl/AC_AttitudeControl_Multi.cpp:314|baseline/ardupilot/libraries/AC_AttitudeControl/AC_AttitudeControl_Sub.cpp:296,保存参数目录解析出的字面值或未求值源码表达式；它不是运行值，宏表达式不能冒充已求值数值。,0.5,0.9,,,,confirmed_by_frozen_runtime_snapshot,observed_in_frozen_runtime_parameter_download,0.5,quad,ardupilot-copter-m6,NOT_TESTED,,NOT_APPLICABLE,,参数身份和定义位置已找到；这不证明它与该性质存在真实数据依赖，也未执行写入变更测试。,NOT_ASSESSED
ArduPilot,InputP,ATC_THR_MIX_MIN,30,A.ALT_HOLD1|A.ALT_HOLD2|A.AUTO1|A.BRAKE1|A.CHUTE1|A.CIRCLE1|A.CIRCLE2|A.CIRCLE3|A.CIRCLE4|A.CIRCLE5|A.CIRCLE6|A.CIRCLE7|A.DRIFT1|A.FLIP1|A.FLIP2|A.FLIP3|A.FLIPGeneral|A.GPS.FS1|A.GPS.FS2|A.GUIDED1|A.LAND1|A.LAND2|A.LOITER1|A.RC.FS1|A.RC.FS2|A.RTL1|A.RTL2|A.RTL3|A.RTL4|A.SPORT1,"ATC_THR_MIX_MIN,X,0.1,0.1,0.25,X",baseline/pgfuzz/ArduPilot/policies/A.ALT_HOLD1/parameters.txt|baseline/pgfuzz/ArduPilot/policies/A.ALT_HOLD2/parameters.txt|baseline/pgfuzz/ArduPilot/policies/A.AUTO1/parameters.txt|baseline/pgfuzz/ArduPilot/policies/A.BRAKE1/parameters.txt|baseline/pgfuzz/ArduPilot/policies/A.CHUTE/parameters.txt|baseline/pgfuzz/ArduPilot/policies/A.CIRCLE1/parameters.txt|baseline/pgfuzz/ArduPilot/policies/A.CIRCLE2/parameters.txt|baseline/pgfuzz/ArduPilot/policies/A.CIRCLE3/parameters.txt|baseline/pgfuzz/ArduPilot/policies/A.CIRCLE4_6/parameters.txt|baseline/pgfuzz/ArduPilot/policies/A.CIRCLE7/parameters.txt|baseline/pgfuzz/ArduPilot/policies/A.DRIFT1/parameters.txt|baseline/pgfuzz/ArduPilot/policies/A.FLIP1/parameters.txt|baseline/pgfuzz/ArduPilot/policies/A.FLIP2/parameters.txt|baseline/pgfuzz/ArduPilot/policies/A.FLIP3/parameters.txt|baseline/pgfuzz/ArduPilot/policies/A.FLIP4/parameters.txt|baseline/pgfuzz/ArduPilot/policies/A.GPS.FS1/parameters.txt|baseline/pgfuzz/ArduPilot/policies/A.GPS.FS2/parameters.txt|baseline/pgfuzz/ArduPilot/policies/A.GUIDED1/parameters.txt|baseline/pgfuzz/ArduPilot/policies/A.LAND1/parameters.txt|baseline/pgfuzz/ArduPilot/policies/A.LAND2/parameters.txt|baseline/pgfuzz/ArduPilot/policies/A.LOITER1/parameters.txt|baseline/pgfuzz/ArduPilot/policies/A.RC.FS1/parameters.txt|baseline/pgfuzz/ArduPilot/policies/A.RC.FS2/parameters.txt|baseline/pgfuzz/ArduPilot/policies/A.RTL1/parameters.txt|baseline/pgfuzz/ArduPilot/policies/A.RTL2/parameters.txt|baseline/pgfuzz/ArduPilot/policies/A.RTL3/parameters.txt|baseline/pgfuzz/ArduPilot/policies/A.RTL4/parameters.txt|baseline/pgfuzz/ArduPilot/policies/A.SPORT1/parameters.txt,EXACT_CURRENT_DEFINITION,ATC_THR_MIX_MIN,EXACT_NAME_DEFINITION,,,baseline/ardupilot/libraries/AC_AttitudeControl/AC_AttitudeControl_Multi.cpp:307|baseline/ardupilot/libraries/AC_AttitudeControl/AC_AttitudeControl_Sub.cpp:289,exact_metadata_multiple,not_exposed_by_param_metadata_parser,AC_ATTITUDE_CONTROL_MIN_DEFAULT),AC_ATTITUDE_CONTROL_MIN_DEFAULT,SOURCE_METADATA_LITERAL_OR_EXPRESSION,baseline/ardupilot/libraries/AC_AttitudeControl/AC_AttitudeControl_Multi.cpp:307|baseline/ardupilot/libraries/AC_AttitudeControl/AC_AttitudeControl_Sub.cpp:289,保存参数目录解析出的字面值或未求值源码表达式；它不是运行值，宏表达式不能冒充已求值数值。,0.1,0.25,,,,confirmed_by_frozen_runtime_snapshot,observed_in_frozen_runtime_parameter_download,0.10000000149011612,quad,ardupilot-copter-m6,NOT_TESTED,,NOT_APPLICABLE,,参数身份和定义位置已找到；这不证明它与该性质存在真实数据依赖，也未执行写入变更测试。,NOT_ASSESSED
ArduPilot,InputP,BCN_ALT,30,A.ALT_HOLD1|A.ALT_HOLD2|A.AUTO1|A.BRAKE1|A.CHUTE1|A.CIRCLE1|A.CIRCLE2|A.CIRCLE3|A.CIRCLE4|A.CIRCLE5|A.CIRCLE6|A.CIRCLE7|A.DRIFT1|A.FLIP1|A.FLIP2|A.FLIP3|A.FLIPGeneral|A.GPS.FS1|A.GPS.FS2|A.GUIDED1|A.LAND1|A.LAND2|A.LOITER1|A.RC.FS1|A.RC.FS2|A.RTL1|A.RTL2|A.RTL3|A.RTL4|A.SPORT1,"BCN_ALT,X,0,0,10000,1",baseline/pgfuzz/ArduPilot/policies/A.ALT_HOLD1/parameters.txt|baseline/pgfuzz/ArduPilot/policies/A.ALT_HOLD2/parameters.txt|baseline/pgfuzz/ArduPilot/policies/A.AUTO1/parameters.txt|baseline/pgfuzz/ArduPilot/policies/A.BRAKE1/parameters.txt|baseline/pgfuzz/ArduPilot/policies/A.CHUTE/parameters.txt|baseline/pgfuzz/ArduPilot/policies/A.CIRCLE1/parameters.txt|baseline/pgfuzz/ArduPilot/policies/A.CIRCLE2/parameters.txt|baseline/pgfuzz/ArduPilot/policies/A.CIRCLE3/parameters.txt|baseline/pgfuzz/ArduPilot/policies/A.CIRCLE4_6/parameters.txt|baseline/pgfuzz/ArduPilot/policies/A.CIRCLE7/parameters.txt|baseline/pgfuzz/ArduPilot/policies/A.DRIFT1/parameters.txt|baseline/pgfuzz/ArduPilot/policies/A.FLIP1/parameters.txt|baseline/pgfuzz/ArduPilot/policies/A.FLIP2/parameters.txt|baseline/pgfuzz/ArduPilot/policies/A.FLIP3/parameters.txt|baseline/pgfuzz/ArduPilot/policies/A.FLIP4/parameters.txt|baseline/pgfuzz/ArduPilot/policies/A.GPS.FS1/parameters.txt|baseline/pgfuzz/ArduPilot/policies/A.GPS.FS2/parameters.txt|baseline/pgfuzz/ArduPilot/policies/A.GUIDED1/parameters.txt|baseline/pgfuzz/ArduPilot/policies/A.LAND1/parameters.txt|baseline/pgfuzz/ArduPilot/policies/A.LAND2/parameters.txt|baseline/pgfuzz/ArduPilot/policies/A.LOITER1/parameters.txt|baseline/pgfuzz/ArduPilot/policies/A.RC.FS1/parameters.txt|baseline/pgfuzz/ArduPilot/policies/A.RC.FS2/parameters.txt|baseline/pgfuzz/ArduPilot/policies/A.RTL1/parameters.txt|baseline/pgfuzz/ArduPilot/policies/A.RTL2/parameters.txt|baseline/pgfuzz/ArduPilot/policies/A.RTL3/parameters.txt|baseline/pgfuzz/ArduPilot/policies/A.RTL4/parameters.txt|baseline/pgfuzz/ArduPilot/policies/A.SPORT1/parameters.txt,EXACT_CURRENT_DEFINITION,BCN_ALT,EXACT_NAME_DEFINITION,,,baseline/ardupilot/ArduPlane/mode_takeoff.cpp:9,exact_metadata_unique,not_exposed_by_param_metadata_parser,50),50,SOURCE_METADATA_LITERAL_OR_EXPRESSION,baseline/ardupilot/ArduPlane/mode_takeoff.cpp:9,保存参数目录解析出的字面值或未求值源码表达式；它不是运行值，宏表达式不能冒充已求值数值。,0,10000,1,m,,not_compile_option_resolved,protocol_capable_runtime_presence_not_observed,,,,NOT_TESTED,,NOT_APPLICABLE,,参数身份和定义位置已找到；这不证明它与该性质存在真实数据依赖，也未执行写入变更测试。,NOT_ASSESSED
ArduPilot,InputP,EK2_ALT_M_NSE,30,A.ALT_HOLD1|A.ALT_HOLD2|A.AUTO1|A.BRAKE1|A.CHUTE1|A.CIRCLE1|A.CIRCLE2|A.CIRCLE3|A.CIRCLE4|A.CIRCLE5|A.CIRCLE6|A.CIRCLE7|A.DRIFT1|A.FLIP1|A.FLIP2|A.FLIP3|A.FLIPGeneral|A.GPS.FS1|A.GPS.FS2|A.GUIDED1|A.LAND1|A.LAND2|A.LOITER1|A.RC.FS1|A.RC.FS2|A.RTL1|A.RTL2|A.RTL3|A.RTL4|A.SPORT1,"EK2_ALT_M_NSE,X,3,0.1,10,0.1",baseline/pgfuzz/ArduPilot/policies/A.ALT_HOLD1/parameters.txt|baseline/pgfuzz/ArduPilot/policies/A.ALT_HOLD2/parameters.txt|baseline/pgfuzz/ArduPilot/policies/A.AUTO1/parameters.txt|baseline/pgfuzz/ArduPilot/policies/A.BRAKE1/parameters.txt|baseline/pgfuzz/ArduPilot/policies/A.CHUTE/parameters.txt|baseline/pgfuzz/ArduPilot/policies/A.CIRCLE1/parameters.txt|baseline/pgfuzz/ArduPilot/policies/A.CIRCLE2/parameters.txt|baseline/pgfuzz/ArduPilot/policies/A.CIRCLE3/parameters.txt|baseline/pgfuzz/ArduPilot/policies/A.CIRCLE4_6/parameters.txt|baseline/pgfuzz/ArduPilot/policies/A.CIRCLE7/parameters.txt|baseline/pgfuzz/ArduPilot/policies/A.DRIFT1/parameters.txt|baseline/pgfuzz/ArduPilot/policies/A.FLIP1/parameters.txt|baseline/pgfuzz/ArduPilot/policies/A.FLIP2/parameters.txt|baseline/pgfuzz/ArduPilot/policies/A.FLIP3/parameters.txt|baseline/pgfuzz/ArduPilot/policies/A.FLIP4/parameters.txt|baseline/pgfuzz/ArduPilot/policies/A.GPS.FS1/parameters.txt|baseline/pgfuzz/ArduPilot/policies/A.GPS.FS2/parameters.txt|baseline/pgfuzz/ArduPilot/policies/A.GUIDED1/parameters.txt|baseline/pgfuzz/ArduPilot/policies/A.LAND1/parameters.txt|baseline/pgfuzz/ArduPilot/policies/A.LAND2/parameters.txt|baseline/pgfuzz/ArduPilot/policies/A.LOITER1/parameters.txt|baseline/pgfuzz/ArduPilot/policies/A.RC.FS1/parameters.txt|baseline/pgfuzz/ArduPilot/policies/A.RC.FS2/parameters.txt|baseline/pgfuzz/ArduPilot/policies/A.RTL1/parameters.txt|baseline/pgfuzz/ArduPilot/policies/A.RTL2/parameters.txt|baseline/pgfuzz/ArduPilot/policies/A.RTL3/parameters.txt|baseline/pgfuzz/ArduPilot/policies/A.RTL4/parameters.txt|baseline/pgfuzz/ArduPilot/policies/A.SPORT1/parameters.txt,EXACT_CURRENT_DEFINITION,EK2_ALT_M_NSE,EXACT_NAME_DEFINITION,,,baseline/ardupilot/libraries/AP_NavEKF2/AP_NavEKF2.cpp:214,exact_metadata_unique,not_exposed_by_param_metadata_parser,,,UNKNOWN,baseline/ardupilot/libraries/AP_NavEKF2/AP_NavEKF2.cpp:214,当前目录没有可用默认值证据。,0.1,10.0,0.1,m,,not_compile_option_resolved,protocol_capable_runtime_presence_not_observed,,,,NOT_TESTED,,NOT_APPLICABLE,,参数身份和定义位置已找到；这不证明它与该性质存在真实数据依赖，也未执行写入变更测试。,NOT_ASSESSED
ArduPilot,InputP,EK2_ALT_SOURCE,30,A.ALT_HOLD1|A.ALT_HOLD2|A.AUTO1|A.BRAKE1|A.CHUTE1|A.CIRCLE1|A.CIRCLE2|A.CIRCLE3|A.CIRCLE4|A.CIRCLE5|A.CIRCLE6|A.CIRCLE7|A.DRIFT1|A.FLIP1|A.FLIP2|A.FLIP3|A.FLIPGeneral|A.GPS.FS1|A.GPS.FS2|A.GUIDED1|A.LAND1|A.LAND2|A.LOITER1|A.RC.FS1|A.RC.FS2|A.RTL1|A.RTL2|A.RTL3|A.RTL4|A.SPORT1,"EK2_ALT_SOURCE,TRUE,0,0,3,1",baseline/pgfuzz/ArduPilot/policies/A.ALT_HOLD1/parameters.txt|baseline/pgfuzz/ArduPilot/policies/A.ALT_HOLD2/parameters.txt|baseline/pgfuzz/ArduPilot/policies/A.AUTO1/parameters.txt|baseline/pgfuzz/ArduPilot/policies/A.BRAKE1/parameters.txt|baseline/pgfuzz/ArduPilot/policies/A.CHUTE/parameters.txt|baseline/pgfuzz/ArduPilot/policies/A.CIRCLE1/parameters.txt|baseline/pgfuzz/ArduPilot/policies/A.CIRCLE2/parameters.txt|baseline/pgfuzz/ArduPilot/policies/A.CIRCLE3/parameters.txt|baseline/pgfuzz/ArduPilot/policies/A.CIRCLE4_6/parameters.txt|baseline/pgfuzz/ArduPilot/policies/A.CIRCLE7/parameters.txt|baseline/pgfuzz/ArduPilot/policies/A.DRIFT1/parameters.txt|baseline/pgfuzz/ArduPilot/policies/A.FLIP1/parameters.txt|baseline/pgfuzz/ArduPilot/policies/A.FLIP2/parameters.txt|baseline/pgfuzz/ArduPilot/policies/A.FLIP3/parameters.txt|baseline/pgfuzz/ArduPilot/policies/A.FLIP4/parameters.txt|baseline/pgfuzz/ArduPilot/policies/A.GPS.FS1/parameters.txt|baseline/pgfuzz/ArduPilot/policies/A.GPS.FS2/parameters.txt|baseline/pgfuzz/ArduPilot/policies/A.GUIDED1/parameters.txt|baseline/pgfuzz/ArduPilot/policies/A.LAND1/parameters.txt|baseline/pgfuzz/ArduPilot/policies/A.LAND2/parameters.txt|baseline/pgfuzz/ArduPilot/policies/A.LOITER1/parameters.txt|baseline/pgfuzz/ArduPilot/policies/A.RC.FS1/parameters.txt|baseline/pgfuzz/ArduPilot/policies/A.RC.FS2/parameters.txt|baseline/pgfuzz/ArduPilot/policies/A.RTL1/parameters.txt|baseline/pgfuzz/ArduPilot/policies/A.RTL2/parameters.txt|baseline/pgfuzz/ArduPilot/policies/A.RTL3/parameters.txt|baseline/pgfuzz/ArduPilot/policies/A.RTL4/parameters.txt|baseline/pgfuzz/ArduPilot/policies/A.SPORT1/parameters.txt,EXACT_CURRENT_DEFINITION,EK2_ALT_SOURCE,EXACT_NAME_DEFINITION,,,baseline/ardupilot/libraries/AP_NavEKF2/AP_NavEKF2.cpp:206,exact_metadata_unique,not_exposed_by_param_metadata_parser,,,UNKNOWN,baseline/ardupilot/libraries/AP_NavEKF2/AP_NavEKF2.cpp:206,当前目录没有可用默认值证据。,,,,,True,not_compile_option_resolved,protocol_capable_runtime_presence_not_observed,,,,NOT_TESTED,,NOT_APPLICABLE,,参数身份和定义位置已找到；这不证明它与该性质存在真实数据依赖，也未执行写入变更测试。,NOT_ASSESSED
ArduPilot,InputP,EK2_VELD_M_NSE,30,A.ALT_HOLD1|A.ALT_HOLD2|A.AUTO1|A.BRAKE1|A.CHUTE1|A.CIRCLE1|A.CIRCLE2|A.CIRCLE3|A.CIRCLE4|A.CIRCLE5|A.CIRCLE6|A.CIRCLE7|A.DRIFT1|A.FLIP1|A.FLIP2|A.FLIP3|A.FLIPGeneral|A.GPS.FS1|A.GPS.FS2|A.GUIDED1|A.LAND1|A.LAND2|A.LOITER1|A.RC.FS1|A.RC.FS2|A.RTL1|A.RTL2|A.RTL3|A.RTL4|A.SPORT1,"EK2_VELD_M_NSE,X,0.7,0.05,5,0.05",baseline/pgfuzz/ArduPilot/policies/A.ALT_HOLD1/parameters.txt|baseline/pgfuzz/ArduPilot/policies/A.ALT_HOLD2/parameters.txt|baseline/pgfuzz/ArduPilot/policies/A.AUTO1/parameters.txt|baseline/pgfuzz/ArduPilot/policies/A.BRAKE1/parameters.txt|baseline/pgfuzz/ArduPilot/policies/A.CHUTE/parameters.txt|baseline/pgfuzz/ArduPilot/policies/A.CIRCLE1/parameters.txt|baseline/pgfuzz/ArduPilot/policies/A.CIRCLE2/parameters.txt|baseline/pgfuzz/ArduPilot/policies/A.CIRCLE3/parameters.txt|baseline/pgfuzz/ArduPilot/policies/A.CIRCLE4_6/parameters.txt|baseline/pgfuzz/ArduPilot/policies/A.CIRCLE7/parameters.txt|baseline/pgfuzz/ArduPilot/policies/A.DRIFT1/parameters.txt|baseline/pgfuzz/ArduPilot/policies/A.FLIP1/parameters.txt|baseline/pgfuzz/ArduPilot/policies/A.FLIP2/parameters.txt|baseline/pgfuzz/ArduPilot/policies/A.FLIP3/parameters.txt|baseline/pgfuzz/ArduPilot/policies/A.FLIP4/parameters.txt|baseline/pgfuzz/ArduPilot/policies/A.GPS.FS1/parameters.txt|baseline/pgfuzz/ArduPilot/policies/A.GPS.FS2/parameters.txt|baseline/pgfuzz/ArduPilot/policies/A.GUIDED1/parameters.txt|baseline/pgfuzz/ArduPilot/policies/A.LAND1/parameters.txt|baseline/pgfuzz/ArduPilot/policies/A.LAND2/parameters.txt|baseline/pgfuzz/ArduPilot/policies/A.LOITER1/parameters.txt|baseline/pgfuzz/ArduPilot/policies/A.RC.FS1/parameters.txt|baseline/pgfuzz/ArduPilot/policies/A.RC.FS2/parameters.txt|baseline/pgfuzz/ArduPilot/policies/A.RTL1/parameters.txt|baseline/pgfuzz/ArduPilot/policies/A.RTL2/parameters.txt|baseline/pgfuzz/ArduPilot/policies/A.RTL3/parameters.txt|baseline/pgfuzz/ArduPilot/policies/A.RTL4/parameters.txt|baseline/pgfuzz/ArduPilot/policies/A.SPORT1/parameters.txt,EXACT_CURRENT_DEFINITION,EK2_VELD_M_NSE,EXACT_NAME_DEFINITION,,,baseline/ardupilot/libraries/AP_NavEKF2/AP_NavEKF2.cpp:159|baseline/ardupilot/libraries/AP_NavEKF3/AP_NavEKF3.cpp:186,exact_metadata_multiple,not_exposed_by_param_metadata_parser,,,UNKNOWN,baseline/ardupilot/libraries/AP_NavEKF2/AP_NavEKF2.cpp:159|baseline/ardupilot/libraries/AP_NavEKF3/AP_NavEKF3.cpp:186,当前目录没有可用默认值证据。,0.05,5.0,0.05,m/s,,not_compile_option_resolved,protocol_capable_runtime_presence_not_observed,,,,NOT_TESTED,,NOT_APPLICABLE,,参数身份和定义位置已找到；这不证明它与该性质存在真实数据依赖，也未执行写入变更测试。,NOT_ASSESSED
ArduPilot,InputP,EK2_WIND_PSCALE,30,A.ALT_HOLD1|A.ALT_HOLD2|A.AUTO1|A.BRAKE1|A.CHUTE1|A.CIRCLE1|A.CIRCLE2|A.CIRCLE3|A.CIRCLE4|A.CIRCLE5|A.CIRCLE6|A.CIRCLE7|A.DRIFT1|A.FLIP1|A.FLIP2|A.FLIP3|A.FLIPGeneral|A.GPS.FS1|A.GPS.FS2|A.GUIDED1|A.LAND1|A.LAND2|A.LOITER1|A.RC.FS1|A.RC.FS2|A.RTL1|A.RTL2|A.RTL3|A.RTL4|A.SPORT1,"EK2_WIND_PSCALE,X,0.5,0,1,0.1",baseline/pgfuzz/ArduPilot/policies/A.ALT_HOLD1/parameters.txt|baseline/pgfuzz/ArduPilot/policies/A.ALT_HOLD2/parameters.txt|baseline/pgfuzz/ArduPilot/policies/A.AUTO1/parameters.txt|baseline/pgfuzz/ArduPilot/policies/A.BRAKE1/parameters.txt|baseline/pgfuzz/ArduPilot/policies/A.CHUTE/parameters.txt|baseline/pgfuzz/ArduPilot/policies/A.CIRCLE1/parameters.txt|baseline/pgfuzz/ArduPilot/policies/A.CIRCLE2/parameters.txt|baseline/pgfuzz/ArduPilot/policies/A.CIRCLE3/parameters.txt|baseline/pgfuzz/ArduPilot/policies/A.CIRCLE4_6/parameters.txt|baseline/pgfuzz/ArduPilot/policies/A.CIRCLE7/parameters.txt|baseline/pgfuzz/ArduPilot/policies/A.DRIFT1/parameters.txt|baseline/pgfuzz/ArduPilot/policies/A.FLIP1/parameters.txt|baseline/pgfuzz/ArduPilot/policies/A.FLIP2/parameters.txt|baseline/pgfuzz/ArduPilot/policies/A.FLIP3/parameters.txt|baseline/pgfuzz/ArduPilot/policies/A.FLIP4/parameters.txt|baseline/pgfuzz/ArduPilot/policies/A.GPS.FS1/parameters.txt|baseline/pgfuzz/ArduPilot/policies/A.GPS.FS2/parameters.txt|baseline/pgfuzz/ArduPilot/policies/A.GUIDED1/parameters.txt|baseline/pgfuzz/ArduPilot/policies/A.LAND1/parameters.txt|baseline/pgfuzz/ArduPilot/policies/A.LAND2/parameters.txt|baseline/pgfuzz/ArduPilot/policies/A.LOITER1/parameters.txt|baseline/pgfuzz/ArduPilot/policies/A.RC.FS1/parameters.txt|baseline/pgfuzz/ArduPilot/policies/A.RC.FS2/parameters.txt|baseline/pgfuzz/ArduPilot/policies/A.RTL1/parameters.txt|baseline/pgfuzz/ArduPilot/policies/A.RTL2/parameters.txt|baseline/pgfuzz/ArduPilot/policies/A.RTL3/parameters.txt|baseline/pgfuzz/ArduPilot/policies/A.RTL4/parameters.txt|baseline/pgfuzz/ArduPilot/policies/A.SPORT1/parameters.txt,EXACT_CURRENT_DEFINITION,EK2_WIND_PSCALE,EXACT_NAME_DEFINITION,,,baseline/ardupilot/libraries/AP_NavEKF2/AP_NavEKF2.cpp:398|baseline/ardupilot/libraries/AP_NavEKF3/AP_NavEKF3.cpp:416,exact_metadata_multiple,not_exposed_by_param_metadata_parser,,,UNKNOWN,baseline/ardupilot/libraries/AP_NavEKF2/AP_NavEKF2.cpp:398|baseline/ardupilot/libraries/AP_NavEKF3/AP_NavEKF3.cpp:416,当前目录没有可用默认值证据。,0.0,1.0,0.1,,,not_compile_option_resolved,protocol_capable_runtime_presence_not_observed,,,,NOT_TESTED,,NOT_APPLICABLE,,参数身份和定义位置已找到；这不证明它与该性质存在真实数据依赖，也未执行写入变更测试。,NOT_ASSESSED
ArduPilot,InputP,EK3_ALT_M_NSE,30,A.ALT_HOLD1|A.ALT_HOLD2|A.AUTO1|A.BRAKE1|A.CHUTE1|A.CIRCLE1|A.CIRCLE2|A.CIRCLE3|A.CIRCLE4|A.CIRCLE5|A.CIRCLE6|A.CIRCLE7|A.DRIFT1|A.FLIP1|A.FLIP2|A.FLIP3|A.FLIPGeneral|A.GPS.FS1|A.GPS.FS2|A.GUIDED1|A.LAND1|A.LAND2|A.LOITER1|A.RC.FS1|A.RC.FS2|A.RTL1|A.RTL2|A.RTL3|A.RTL4|A.SPORT1,"EK3_ALT_M_NSE,X,3,0.1,10,0.1",baseline/pgfuzz/ArduPilot/policies/A.ALT_HOLD1/parameters.txt|baseline/pgfuzz/ArduPilot/policies/A.ALT_HOLD2/parameters.txt|baseline/pgfuzz/ArduPilot/policies/A.AUTO1/parameters.txt|baseline/pgfuzz/ArduPilot/policies/A.BRAKE1/parameters.txt|baseline/pgfuzz/ArduPilot/policies/A.CHUTE/parameters.txt|baseline/pgfuzz/ArduPilot/policies/A.CIRCLE1/parameters.txt|baseline/pgfuzz/ArduPilot/policies/A.CIRCLE2/parameters.txt|baseline/pgfuzz/ArduPilot/policies/A.CIRCLE3/parameters.txt|baseline/pgfuzz/ArduPilot/policies/A.CIRCLE4_6/parameters.txt|baseline/pgfuzz/ArduPilot/policies/A.CIRCLE7/parameters.txt|baseline/pgfuzz/ArduPilot/policies/A.DRIFT1/parameters.txt|baseline/pgfuzz/ArduPilot/policies/A.FLIP1/parameters.txt|baseline/pgfuzz/ArduPilot/policies/A.FLIP2/parameters.txt|baseline/pgfuzz/ArduPilot/policies/A.FLIP3/parameters.txt|baseline/pgfuzz/ArduPilot/policies/A.FLIP4/parameters.txt|baseline/pgfuzz/ArduPilot/policies/A.GPS.FS1/parameters.txt|baseline/pgfuzz/ArduPilot/policies/A.GPS.FS2/parameters.txt|baseline/pgfuzz/ArduPilot/policies/A.GUIDED1/parameters.txt|baseline/pgfuzz/ArduPilot/policies/A.LAND1/parameters.txt|baseline/pgfuzz/ArduPilot/policies/A.LAND2/parameters.txt|baseline/pgfuzz/ArduPilot/policies/A.LOITER1/parameters.txt|baseline/pgfuzz/ArduPilot/policies/A.RC.FS1/parameters.txt|baseline/pgfuzz/ArduPilot/policies/A.RC.FS2/parameters.txt|baseline/pgfuzz/ArduPilot/policies/A.RTL1/parameters.txt|baseline/pgfuzz/ArduPilot/policies/A.RTL2/parameters.txt|baseline/pgfuzz/ArduPilot/policies/A.RTL3/parameters.txt|baseline/pgfuzz/ArduPilot/policies/A.RTL4/parameters.txt|baseline/pgfuzz/ArduPilot/policies/A.SPORT1/parameters.txt,EXACT_CURRENT_DEFINITION,EK3_ALT_M_NSE,EXACT_NAME_DEFINITION,,,baseline/ardupilot/libraries/AP_NavEKF3/AP_NavEKF3.cpp:237,exact_metadata_unique,not_exposed_by_param_metadata_parser,,,UNKNOWN,baseline/ardupilot/libraries/AP_NavEKF3/AP_NavEKF3.cpp:237,当前目录没有可用默认值证据。,0.01,100.0,0.1,m,,confirmed_by_frozen_runtime_snapshot,observed_in_frozen_runtime_parameter_download,2.0,quad,ardupilot-copter-m6,NOT_TESTED,,NOT_APPLICABLE,,参数身份和定义位置已找到；这不证明它与该性质存在真实数据依赖，也未执行写入变更测试。,NOT_ASSESSED
ArduPilot,InputP,EK3_ALT_SOURCE,30,A.ALT_HOLD1|A.ALT_HOLD2|A.AUTO1|A.BRAKE1|A.CHUTE1|A.CIRCLE1|A.CIRCLE2|A.CIRCLE3|A.CIRCLE4|A.CIRCLE5|A.CIRCLE6|A.CIRCLE7|A.DRIFT1|A.FLIP1|A.FLIP2|A.FLIP3|A.FLIPGeneral|A.GPS.FS1|A.GPS.FS2|A.GUIDED1|A.LAND1|A.LAND2|A.LOITER1|A.RC.FS1|A.RC.FS2|A.RTL1|A.RTL2|A.RTL3|A.RTL4|A.SPORT1,"EK3_ALT_SOURCE,TRUE,0,0,3,1",baseline/pgfuzz/ArduPilot/policies/A.ALT_HOLD1/parameters.txt|baseline/pgfuzz/ArduPilot/policies/A.ALT_HOLD2/parameters.txt|baseline/pgfuzz/ArduPilot/policies/A.AUTO1/parameters.txt|baseline/pgfuzz/ArduPilot/policies/A.BRAKE1/parameters.txt|baseline/pgfuzz/ArduPilot/policies/A.CHUTE/parameters.txt|baseline/pgfuzz/ArduPilot/policies/A.CIRCLE1/parameters.txt|baseline/pgfuzz/ArduPilot/policies/A.CIRCLE2/parameters.txt|baseline/pgfuzz/ArduPilot/policies/A.CIRCLE3/parameters.txt|baseline/pgfuzz/ArduPilot/policies/A.CIRCLE4_6/parameters.txt|baseline/pgfuzz/ArduPilot/policies/A.CIRCLE7/parameters.txt|baseline/pgfuzz/ArduPilot/policies/A.DRIFT1/parameters.txt|baseline/pgfuzz/ArduPilot/policies/A.FLIP1/parameters.txt|baseline/pgfuzz/ArduPilot/policies/A.FLIP2/parameters.txt|baseline/pgfuzz/ArduPilot/policies/A.FLIP3/parameters.txt|baseline/pgfuzz/ArduPilot/policies/A.FLIP4/parameters.txt|baseline/pgfuzz/ArduPilot/policies/A.GPS.FS1/parameters.txt|baseline/pgfuzz/ArduPilot/policies/A.GPS.FS2/parameters.txt|baseline/pgfuzz/ArduPilot/policies/A.GUIDED1/parameters.txt|baseline/pgfuzz/ArduPilot/policies/A.LAND1/parameters.txt|baseline/pgfuzz/ArduPilot/policies/A.LAND2/parameters.txt|baseline/pgfuzz/ArduPilot/policies/A.LOITER1/parameters.txt|baseline/pgfuzz/ArduPilot/policies/A.RC.FS1/parameters.txt|baseline/pgfuzz/ArduPilot/policies/A.RC.FS2/parameters.txt|baseline/pgfuzz/ArduPilot/policies/A.RTL1/parameters.txt|baseline/pgfuzz/ArduPilot/policies/A.RTL2/parameters.txt|baseline/pgfuzz/ArduPilot/policies/A.RTL3/parameters.txt|baseline/pgfuzz/ArduPilot/policies/A.RTL4/parameters.txt|baseline/pgfuzz/ArduPilot/policies/A.SPORT1/parameters.txt,RENAMED_CURRENT_DEFINITION,EK3_SRC1_POSZ,CURATED_MIGRATION_MODELLED,baseline/ardupilot/libraries/AP_NavEKF3/AP_NavEKF3.cpp:1841,旧单一高度源参数迁移为 EKF3 第一源位置 Z 选择；语义范围发生变化。,baseline/ardupilot/libraries/AP_NavEKF3/AP_NavEKF3.cpp:1841,curated_alias_evidence,,,,UNKNOWN,,当前目录没有可用默认值证据。,,,,,,confirmed_by_frozen_runtime_snapshot,observed_in_frozen_runtime_parameter_download,1,quad,ardupilot-copter-m6,NOT_TESTED,,NOT_APPLICABLE,,参数更名证据已找到，但参数目录匹配位置与更名证据不在同一源码文件；为避免同后缀误配，默认值、范围、类型和单位留空。运行快照值仍单独保留。,NOT_ASSESSED
ArduPilot,InputP,EK3_WIND_PSCALE,30,A.ALT_HOLD1|A.ALT_HOLD2|A.AUTO1|A.BRAKE1|A.CHUTE1|A.CIRCLE1|A.CIRCLE2|A.CIRCLE3|A.CIRCLE4|A.CIRCLE5|A.CIRCLE6|A.CIRCLE7|A.DRIFT1|A.FLIP1|A.FLIP2|A.FLIP3|A.FLIPGeneral|A.GPS.FS1|A.GPS.FS2|A.GUIDED1|A.LAND1|A.LAND2|A.LOITER1|A.RC.FS1|A.RC.FS2|A.RTL1|A.RTL2|A.RTL3|A.RTL4|A.SPORT1,"EK3_WIND_PSCALE,X,0.5,0,1,0.1",baseline/pgfuzz/ArduPilot/policies/A.ALT_HOLD1/parameters.txt|baseline/pgfuzz/ArduPilot/policies/A.ALT_HOLD2/parameters.txt|baseline/pgfuzz/ArduPilot/policies/A.AUTO1/parameters.txt|baseline/pgfuzz/ArduPilot/policies/A.BRAKE1/parameters.txt|baseline/pgfuzz/ArduPilot/policies/A.CHUTE/parameters.txt|baseline/pgfuzz/ArduPilot/policies/A.CIRCLE1/parameters.txt|baseline/pgfuzz/ArduPilot/policies/A.CIRCLE2/parameters.txt|baseline/pgfuzz/ArduPilot/policies/A.CIRCLE3/parameters.txt|baseline/pgfuzz/ArduPilot/policies/A.CIRCLE4_6/parameters.txt|baseline/pgfuzz/ArduPilot/policies/A.CIRCLE7/parameters.txt|baseline/pgfuzz/ArduPilot/policies/A.DRIFT1/parameters.txt|baseline/pgfuzz/ArduPilot/policies/A.FLIP1/parameters.txt|baseline/pgfuzz/ArduPilot/policies/A.FLIP2/parameters.txt|baseline/pgfuzz/ArduPilot/policies/A.FLIP3/parameters.txt|baseline/pgfuzz/ArduPilot/policies/A.FLIP4/parameters.txt|baseline/pgfuzz/ArduPilot/policies/A.GPS.FS1/parameters.txt|baseline/pgfuzz/ArduPilot/policies/A.GPS.FS2/parameters.txt|baseline/pgfuzz/ArduPilot/policies/A.GUIDED1/parameters.txt|baseline/pgfuzz/ArduPilot/policies/A.LAND1/parameters.txt|baseline/pgfuzz/ArduPilot/policies/A.LAND2/parameters.txt|baseline/pgfuzz/ArduPilot/policies/A.LOITER1/parameters.txt|baseline/pgfuzz/ArduPilot/policies/A.RC.FS1/parameters.txt|baseline/pgfuzz/ArduPilot/policies/A.RC.FS2/parameters.txt|baseline/pgfuzz/ArduPilot/policies/A.RTL1/parameters.txt|baseline/pgfuzz/ArduPilot/policies/A.RTL2/parameters.txt|baseline/pgfuzz/ArduPilot/policies/A.RTL3/parameters.txt|baseline/pgfuzz/ArduPilot/policies/A.RTL4/parameters.txt|baseline/pgfuzz/ArduPilot/policies/A.SPORT1/parameters.txt,EXACT_CURRENT_DEFINITION,EK3_WIND_PSCALE,EXACT_NAME_DEFINITION,,,baseline/ardupilot/libraries/AP_NavEKF2/AP_NavEKF2.cpp:398|baseline/ardupilot/libraries/AP_NavEKF3/AP_NavEKF3.cpp:416,exact_metadata_multiple,not_exposed_by_param_metadata_parser,,,UNKNOWN,baseline/ardupilot/libraries/AP_NavEKF2/AP_NavEKF2.cpp:398|baseline/ardupilot/libraries/AP_NavEKF3/AP_NavEKF3.cpp:416,当前目录没有可用默认值证据。,0.0,2.0,0.1,,,confirmed_by_frozen_runtime_snapshot,observed_in_frozen_runtime_parameter_download,1.0,quad,ardupilot-copter-m6,NOT_TESTED,,NOT_APPLICABLE,,参数身份和定义位置已找到；这不证明它与该性质存在真实数据依赖，也未执行写入变更测试。,NOT_ASSESSED
ArduPilot,InputP,FENCE_ALT_MAX,30,A.ALT_HOLD1|A.ALT_HOLD2|A.AUTO1|A.BRAKE1|A.CHUTE1|A.CIRCLE1|A.CIRCLE2|A.CIRCLE3|A.CIRCLE4|A.CIRCLE5|A.CIRCLE6|A.CIRCLE7|A.DRIFT1|A.FLIP1|A.FLIP2|A.FLIP3|A.FLIPGeneral|A.GPS.FS1|A.GPS.FS2|A.GUIDED1|A.LAND1|A.LAND2|A.LOITER1|A.RC.FS1|A.RC.FS2|A.RTL1|A.RTL2|A.RTL3|A.RTL4|A.SPORT1,"FENCE_ALT_MAX,X,100,10,10000,1",baseline/pgfuzz/ArduPilot/policies/A.ALT_HOLD1/parameters.txt|baseline/pgfuzz/ArduPilot/policies/A.ALT_HOLD2/parameters.txt|baseline/pgfuzz/ArduPilot/policies/A.AUTO1/parameters.txt|baseline/pgfuzz/ArduPilot/policies/A.BRAKE1/parameters.txt|baseline/pgfuzz/ArduPilot/policies/A.CHUTE/parameters.txt|baseline/pgfuzz/ArduPilot/policies/A.CIRCLE1/parameters.txt|baseline/pgfuzz/ArduPilot/policies/A.CIRCLE2/parameters.txt|baseline/pgfuzz/ArduPilot/policies/A.CIRCLE3/parameters.txt|baseline/pgfuzz/ArduPilot/policies/A.CIRCLE4_6/parameters.txt|baseline/pgfuzz/ArduPilot/policies/A.CIRCLE7/parameters.txt|baseline/pgfuzz/ArduPilot/policies/A.DRIFT1/parameters.txt|baseline/pgfuzz/ArduPilot/policies/A.FLIP1/parameters.txt|baseline/pgfuzz/ArduPilot/policies/A.FLIP2/parameters.txt|baseline/pgfuzz/ArduPilot/policies/A.FLIP3/parameters.txt|baseline/pgfuzz/ArduPilot/policies/A.FLIP4/parameters.txt|baseline/pgfuzz/ArduPilot/policies/A.GPS.FS1/parameters.txt|baseline/pgfuzz/ArduPilot/policies/A.GPS.FS2/parameters.txt|baseline/pgfuzz/ArduPilot/policies/A.GUIDED1/parameters.txt|baseline/pgfuzz/ArduPilot/policies/A.LAND1/parameters.txt|baseline/pgfuzz/ArduPilot/policies/A.LAND2/parameters.txt|baseline/pgfuzz/ArduPilot/policies/A.LOITER1/parameters.txt|baseline/pgfuzz/ArduPilot/policies/A.RC.FS1/parameters.txt|baseline/pgfuzz/ArduPilot/policies/A.RC.FS2/parameters.txt|baseline/pgfuzz/ArduPilot/policies/A.RTL1/parameters.txt|baseline/pgfuzz/ArduPilot/policies/A.RTL2/parameters.txt|baseline/pgfuzz/ArduPilot/policies/A.RTL3/parameters.txt|baseline/pgfuzz/ArduPilot/policies/A.RTL4/parameters.txt|baseline/pgfuzz/ArduPilot/policies/A.SPORT1/parameters.txt,EXACT_CURRENT_DEFINITION,FENCE_ALT_MAX,EXACT_NAME_DEFINITION,,,baseline/ardupilot/libraries/AC_Fence/AC_Fence.cpp:77,exact_metadata_unique,not_exposed_by_param_metadata_parser,,,UNKNOWN,baseline/ardupilot/libraries/AC_Fence/AC_Fence.cpp:77,当前目录没有可用默认值证据。,10,1000,1,m,,confirmed_by_frozen_runtime_snapshot,observed_in_frozen_runtime_parameter_download,100.0,quad,ardupilot-copter-m6,NOT_TESTED,,NOT_APPLICABLE,,参数身份和定义位置已找到；这不证明它与该性质存在真实数据依赖，也未执行写入变更测试。,NOT_ASSESSED
ArduPilot,InputP,FS_EKF_ACTION,3,A.DRIFT1|A.GPS.FS1|A.GPS.FS2,"FS_EKF_ACTION,X,1,1,3,1",baseline/pgfuzz/ArduPilot/policies/A.DRIFT1/parameters.txt|baseline/pgfuzz/ArduPilot/policies/A.GPS.FS1/parameters.txt|baseline/pgfuzz/ArduPilot/policies/A.GPS.FS2/parameters.txt,EXACT_CURRENT_DEFINITION,FS_EKF_ACTION,EXACT_NAME_DEFINITION,,,baseline/ardupilot/ArduCopter/Parameters.cpp:268|baseline/ardupilot/Rover/Parameters.cpp:138,exact_metadata_multiple,not_exposed_by_param_metadata_parser,,1,CURATED_FROZEN_SOURCE_RESOLUTION,baseline/ardupilot/ArduCopter/config.h:112,默认宏为 FS_EKF_Action::LAND；该冻结枚举值对应 1，运行快照也为 1。,,,,,,confirmed_by_frozen_runtime_snapshot,observed_in_frozen_runtime_parameter_download,1,quad,ardupilot-copter-m6,NOT_TESTED,,NOT_APPLICABLE,,参数身份和定义位置已找到；这不证明它与该性质存在真实数据依赖，也未执行写入变更测试。,NOT_ASSESSED
ArduPilot,InputP,FS_THR_ENABLE,30,A.ALT_HOLD1|A.ALT_HOLD2|A.AUTO1|A.BRAKE1|A.CHUTE1|A.CIRCLE1|A.CIRCLE2|A.CIRCLE3|A.CIRCLE4|A.CIRCLE5|A.CIRCLE6|A.CIRCLE7|A.DRIFT1|A.FLIP1|A.FLIP2|A.FLIP3|A.FLIPGeneral|A.GPS.FS1|A.GPS.FS2|A.GUIDED1|A.LAND1|A.LAND2|A.LOITER1|A.RC.FS1|A.RC.FS2|A.RTL1|A.RTL2|A.RTL3|A.RTL4|A.SPORT1,"FS_THR_ENABLE,X,1,0,5,1.000",baseline/pgfuzz/ArduPilot/policies/A.ALT_HOLD1/parameters.txt|baseline/pgfuzz/ArduPilot/policies/A.ALT_HOLD2/parameters.txt|baseline/pgfuzz/ArduPilot/policies/A.AUTO1/parameters.txt|baseline/pgfuzz/ArduPilot/policies/A.BRAKE1/parameters.txt|baseline/pgfuzz/ArduPilot/policies/A.CHUTE/parameters.txt|baseline/pgfuzz/ArduPilot/policies/A.CIRCLE1/parameters.txt|baseline/pgfuzz/ArduPilot/policies/A.CIRCLE2/parameters.txt|baseline/pgfuzz/ArduPilot/policies/A.CIRCLE3/parameters.txt|baseline/pgfuzz/ArduPilot/policies/A.CIRCLE4_6/parameters.txt|baseline/pgfuzz/ArduPilot/policies/A.CIRCLE7/parameters.txt|baseline/pgfuzz/ArduPilot/policies/A.DRIFT1/parameters.txt|baseline/pgfuzz/ArduPilot/policies/A.FLIP1/parameters.txt|baseline/pgfuzz/ArduPilot/policies/A.FLIP2/parameters.txt|baseline/pgfuzz/ArduPilot/policies/A.FLIP3/parameters.txt|baseline/pgfuzz/ArduPilot/policies/A.FLIP4/parameters.txt|baseline/pgfuzz/ArduPilot/policies/A.GPS.FS1/parameters.txt|baseline/pgfuzz/ArduPilot/policies/A.GPS.FS2/parameters.txt|baseline/pgfuzz/ArduPilot/policies/A.GUIDED1/parameters.txt|baseline/pgfuzz/ArduPilot/policies/A.LAND1/parameters.txt|baseline/pgfuzz/ArduPilot/policies/A.LAND2/parameters.txt|baseline/pgfuzz/ArduPilot/policies/A.LOITER1/parameters.txt|baseline/pgfuzz/ArduPilot/policies/A.RC.FS1/parameters.txt|baseline/pgfuzz/ArduPilot/policies/A.RC.FS2/parameters.txt|baseline/pgfuzz/ArduPilot/policies/A.RTL1/parameters.txt|baseline/pgfuzz/ArduPilot/policies/A.RTL2/parameters.txt|baseline/pgfuzz/ArduPilot/policies/A.RTL3/parameters.txt|baseline/pgfuzz/ArduPilot/policies/A.RTL4/parameters.txt|baseline/pgfuzz/ArduPilot/policies/A.SPORT1/parameters.txt,EXACT_CURRENT_DEFINITION,FS_THR_ENABLE,EXACT_NAME_DEFINITION,,,baseline/ardupilot/ArduCopter/Parameters.cpp:125,exact_metadata_unique,not_exposed_by_param_metadata_parser,,,UNKNOWN,baseline/ardupilot/ArduCopter/Parameters.cpp:125,当前目录没有可用默认值证据。,,,,,,confirmed_by_frozen_runtime_snapshot,observed_in_frozen_runtime_parameter_download,1,quad,ardupilot-copter-m6,NOT_TESTED,,NOT_APPLICABLE,,参数身份和定义位置已找到；这不证明它与该性质存在真实数据依赖，也未执行写入变更测试。,NOT_ASSESSED
ArduPilot,InputP,FS_THR_VALUE,32,A.ALT_HOLD1|A.ALT_HOLD2|A.AUTO1|A.BRAKE1|A.CHUTE1|A.CIRCLE1|A.CIRCLE2|A.CIRCLE3|A.CIRCLE4|A.CIRCLE5|A.CIRCLE6|A.CIRCLE7|A.DRIFT1|A.FLIP1|A.FLIP2|A.FLIP3|A.FLIPGeneral|A.GPS.FS1|A.GPS.FS2|A.GUIDED1|A.LAND1|A.LAND2|A.LOITER1|A.RC.FS1|A.RC.FS2|A.RTL1|A.RTL2|A.RTL3|A.RTL4|A.SPORT1,"FS_THR_VALUE,X,920,910,1100,1 || FS_THR_VALUE,X,975,925,1100,1.000",baseline/pgfuzz/ArduPilot/policies/A.ALT_HOLD1/parameters.txt|baseline/pgfuzz/ArduPilot/policies/A.ALT_HOLD2/parameters.txt|baseline/pgfuzz/ArduPilot/policies/A.AUTO1/parameters.txt|baseline/pgfuzz/ArduPilot/policies/A.BRAKE1/parameters.txt|baseline/pgfuzz/ArduPilot/policies/A.CHUTE/parameters.txt|baseline/pgfuzz/ArduPilot/policies/A.CIRCLE1/parameters.txt|baseline/pgfuzz/ArduPilot/policies/A.CIRCLE2/parameters.txt|baseline/pgfuzz/ArduPilot/policies/A.CIRCLE3/parameters.txt|baseline/pgfuzz/ArduPilot/policies/A.CIRCLE4_6/parameters.txt|baseline/pgfuzz/ArduPilot/policies/A.CIRCLE7/parameters.txt|baseline/pgfuzz/ArduPilot/policies/A.DRIFT1/parameters.txt|baseline/pgfuzz/ArduPilot/policies/A.FLIP1/parameters.txt|baseline/pgfuzz/ArduPilot/policies/A.FLIP2/parameters.txt|baseline/pgfuzz/ArduPilot/policies/A.FLIP3/parameters.txt|baseline/pgfuzz/ArduPilot/policies/A.FLIP4/parameters.txt|baseline/pgfuzz/ArduPilot/policies/A.GPS.FS1/parameters.txt|baseline/pgfuzz/ArduPilot/policies/A.GPS.FS2/parameters.txt|baseline/pgfuzz/ArduPilot/policies/A.GUIDED1/parameters.txt|baseline/pgfuzz/ArduPilot/policies/A.LAND1/parameters.txt|baseline/pgfuzz/ArduPilot/policies/A.LAND2/parameters.txt|baseline/pgfuzz/ArduPilot/policies/A.LOITER1/parameters.txt|baseline/pgfuzz/ArduPilot/policies/A.RC.FS1/parameters.txt|baseline/pgfuzz/ArduPilot/policies/A.RC.FS2/parameters.txt|baseline/pgfuzz/ArduPilot/policies/A.RTL1/parameters.txt|baseline/pgfuzz/ArduPilot/policies/A.RTL2/parameters.txt|baseline/pgfuzz/ArduPilot/policies/A.RTL3/parameters.txt|baseline/pgfuzz/ArduPilot/policies/A.RTL4/parameters.txt|baseline/pgfuzz/ArduPilot/policies/A.SPORT1/parameters.txt,EXACT_CURRENT_DEFINITION,FS_THR_VALUE,EXACT_NAME_DEFINITION,,,baseline/ardupilot/ArduCopter/Parameters.cpp:132,exact_metadata_unique,not_exposed_by_param_metadata_parser,,975,CURATED_FROZEN_SOURCE_RESOLUTION,baseline/ardupilot/ArduCopter/config.h:316,FS_THR_VALUE_DEFAULT 在冻结源码中直接定义为 975 微秒 PWM。,910,1100,1,PWM,,confirmed_by_frozen_runtime_snapshot,observed_in_frozen_runtime_parameter_download,975,quad,ardupilot-copter-m6,NOT_TESTED,,NOT_APPLICABLE,,参数身份和定义位置已找到；这不证明它与该性质存在真实数据依赖，也未执行写入变更测试。,NOT_ASSESSED
ArduPilot,InputP,GND_ALT_OFFSET,60,A.ALT_HOLD1|A.ALT_HOLD2|A.AUTO1|A.BRAKE1|A.CHUTE1|A.CIRCLE1|A.CIRCLE2|A.CIRCLE3|A.CIRCLE4|A.CIRCLE5|A.CIRCLE6|A.CIRCLE7|A.DRIFT1|A.FLIP1|A.FLIP2|A.FLIP3|A.FLIPGeneral|A.GPS.FS1|A.GPS.FS2|A.GUIDED1|A.LAND1|A.LAND2|A.LOITER1|A.RC.FS1|A.RC.FS2|A.RTL1|A.RTL2|A.RTL3|A.RTL4|A.SPORT1,"GND_ALT_OFFSET,X,0,X,X,0.1",baseline/pgfuzz/ArduPilot/policies/A.ALT_HOLD1/parameters.txt|baseline/pgfuzz/ArduPilot/policies/A.ALT_HOLD2/parameters.txt|baseline/pgfuzz/ArduPilot/policies/A.AUTO1/parameters.txt|baseline/pgfuzz/ArduPilot/policies/A.BRAKE1/parameters.txt|baseline/pgfuzz/ArduPilot/policies/A.CHUTE/parameters.txt|baseline/pgfuzz/ArduPilot/policies/A.CIRCLE1/parameters.txt|baseline/pgfuzz/ArduPilot/policies/A.CIRCLE2/parameters.txt|baseline/pgfuzz/ArduPilot/policies/A.CIRCLE3/parameters.txt|baseline/pgfuzz/ArduPilot/policies/A.CIRCLE4_6/parameters.txt|baseline/pgfuzz/ArduPilot/policies/A.CIRCLE7/parameters.txt|baseline/pgfuzz/ArduPilot/policies/A.DRIFT1/parameters.txt|baseline/pgfuzz/ArduPilot/policies/A.FLIP1/parameters.txt|baseline/pgfuzz/ArduPilot/policies/A.FLIP2/parameters.txt|baseline/pgfuzz/ArduPilot/policies/A.FLIP3/parameters.txt|baseline/pgfuzz/ArduPilot/policies/A.FLIP4/parameters.txt|baseline/pgfuzz/ArduPilot/policies/A.GPS.FS1/parameters.txt|baseline/pgfuzz/ArduPilot/policies/A.GPS.FS2/parameters.txt|baseline/pgfuzz/ArduPilot/policies/A.GUIDED1/parameters.txt|baseline/pgfuzz/ArduPilot/policies/A.LAND1/parameters.txt|baseline/pgfuzz/ArduPilot/policies/A.LAND2/parameters.txt|baseline/pgfuzz/ArduPilot/policies/A.LOITER1/parameters.txt|baseline/pgfuzz/ArduPilot/policies/A.RC.FS1/parameters.txt|baseline/pgfuzz/ArduPilot/policies/A.RC.FS2/parameters.txt|baseline/pgfuzz/ArduPilot/policies/A.RTL1/parameters.txt|baseline/pgfuzz/ArduPilot/policies/A.RTL2/parameters.txt|baseline/pgfuzz/ArduPilot/policies/A.RTL3/parameters.txt|baseline/pgfuzz/ArduPilot/policies/A.RTL4/parameters.txt|baseline/pgfuzz/ArduPilot/policies/A.SPORT1/parameters.txt,RENAMED_CURRENT_DEFINITION,BARO_ALT_OFFSET,CURATED_MIGRATION_MODELLED,baseline/ardupilot/libraries/AP_Baro/AP_Baro.cpp:115,当前气压计参数组采用 BARO 前缀；未发现完整单项迁移证明。,baseline/ardupilot/libraries/AP_Baro/AP_Baro.cpp:115,curated_alias_evidence,,,,UNKNOWN,,当前目录没有可用默认值证据。,,,,,,confirmed_by_frozen_runtime_snapshot,observed_in_frozen_runtime_parameter_download,0.0,quad,ardupilot-copter-m6,NOT_TESTED,,NOT_APPLICABLE,,参数更名证据已找到，但参数目录匹配位置与更名证据不在同一源码文件；为避免同后缀误配，默认值、范围、类型和单位留空。运行快照值仍单独保留。,NOT_ASSESSED
ArduPilot,InputP,GND_PRIMARY,30,A.ALT_HOLD1|A.ALT_HOLD2|A.AUTO1|A.BRAKE1|A.CHUTE1|A.CIRCLE1|A.CIRCLE2|A.CIRCLE3|A.CIRCLE4|A.CIRCLE5|A.CIRCLE6|A.CIRCLE7|A.DRIFT1|A.FLIP1|A.FLIP2|A.FLIP3|A.FLIPGeneral|A.GPS.FS1|A.GPS.FS2|A.GUIDED1|A.LAND1|A.LAND2|A.LOITER1|A.RC.FS1|A.RC.FS2|A.RTL1|A.RTL2|A.RTL3|A.RTL4|A.SPORT1,"GND_PRIMARY,X,0,0,2,1",baseline/pgfuzz/ArduPilot/policies/A.ALT_HOLD1/parameters.txt|baseline/pgfuzz/ArduPilot/policies/A.ALT_HOLD2/parameters.txt|baseline/pgfuzz/ArduPilot/policies/A.AUTO1/parameters.txt|baseline/pgfuzz/ArduPilot/policies/A.BRAKE1/parameters.txt|baseline/pgfuzz/ArduPilot/policies/A.CHUTE/parameters.txt|baseline/pgfuzz/ArduPilot/policies/A.CIRCLE1/parameters.txt|baseline/pgfuzz/ArduPilot/policies/A.CIRCLE2/parameters.txt|baseline/pgfuzz/ArduPilot/policies/A.CIRCLE3/parameters.txt|baseline/pgfuzz/ArduPilot/policies/A.CIRCLE4_6/parameters.txt|baseline/pgfuzz/ArduPilot/policies/A.CIRCLE7/parameters.txt|baseline/pgfuzz/ArduPilot/policies/A.DRIFT1/parameters.txt|baseline/pgfuzz/ArduPilot/policies/A.FLIP1/parameters.txt|baseline/pgfuzz/ArduPilot/policies/A.FLIP2/parameters.txt|baseline/pgfuzz/ArduPilot/policies/A.FLIP3/parameters.txt|baseline/pgfuzz/ArduPilot/policies/A.FLIP4/parameters.txt|baseline/pgfuzz/ArduPilot/policies/A.GPS.FS1/parameters.txt|baseline/pgfuzz/ArduPilot/policies/A.GPS.FS2/parameters.txt|baseline/pgfuzz/ArduPilot/policies/A.GUIDED1/parameters.txt|baseline/pgfuzz/ArduPilot/policies/A.LAND1/parameters.txt|baseline/pgfuzz/ArduPilot/policies/A.LAND2/parameters.txt|baseline/pgfuzz/ArduPilot/policies/A.LOITER1/parameters.txt|baseline/pgfuzz/ArduPilot/policies/A.RC.FS1/parameters.txt|baseline/pgfuzz/ArduPilot/policies/A.RC.FS2/parameters.txt|baseline/pgfuzz/ArduPilot/policies/A.RTL1/parameters.txt|baseline/pgfuzz/ArduPilot/policies/A.RTL2/parameters.txt|baseline/pgfuzz/ArduPilot/policies/A.RTL3/parameters.txt|baseline/pgfuzz/ArduPilot/policies/A.RTL4/parameters.txt|baseline/pgfuzz/ArduPilot/policies/A.SPORT1/parameters.txt,RENAMED_CURRENT_DEFINITION,BARO_PRIMARY,CURATED_MIGRATION_MODELLED,baseline/ardupilot/libraries/AP_Baro/AP_Baro.cpp:123,当前主气压计参数采用 BARO 前缀。,baseline/ardupilot/libraries/AP_Baro/AP_Baro.cpp:123,curated_alias_evidence,,,,UNKNOWN,,当前目录没有可用默认值证据。,,,,,,confirmed_by_frozen_runtime_snapshot,observed_in_frozen_runtime_parameter_download,0,quad,ardupilot-copter-m6,NOT_TESTED,,NOT_APPLICABLE,,参数更名证据已找到，但参数目录匹配位置与更名证据不在同一源码文件；为避免同后缀误配，默认值、范围、类型和单位留空。运行快照值仍单独保留。,NOT_ASSESSED
ArduPilot,InputP,GND_TEMP,30,A.ALT_HOLD1|A.ALT_HOLD2|A.AUTO1|A.BRAKE1|A.CHUTE1|A.CIRCLE1|A.CIRCLE2|A.CIRCLE3|A.CIRCLE4|A.CIRCLE5|A.CIRCLE6|A.CIRCLE7|A.DRIFT1|A.FLIP1|A.FLIP2|A.FLIP3|A.FLIPGeneral|A.GPS.FS1|A.GPS.FS2|A.GUIDED1|A.LAND1|A.LAND2|A.LOITER1|A.RC.FS1|A.RC.FS2|A.RTL1|A.RTL2|A.RTL3|A.RTL4|A.SPORT1,"GND_TEMP,X,0,X,X,1",baseline/pgfuzz/ArduPilot/policies/A.ALT_HOLD1/parameters.txt|baseline/pgfuzz/ArduPilot/policies/A.ALT_HOLD2/parameters.txt|baseline/pgfuzz/ArduPilot/policies/A.AUTO1/parameters.txt|baseline/pgfuzz/ArduPilot/policies/A.BRAKE1/parameters.txt|baseline/pgfuzz/ArduPilot/policies/A.CHUTE/parameters.txt|baseline/pgfuzz/ArduPilot/policies/A.CIRCLE1/parameters.txt|baseline/pgfuzz/ArduPilot/policies/A.CIRCLE2/parameters.txt|baseline/pgfuzz/ArduPilot/policies/A.CIRCLE3/parameters.txt|baseline/pgfuzz/ArduPilot/policies/A.CIRCLE4_6/parameters.txt|baseline/pgfuzz/ArduPilot/policies/A.CIRCLE7/parameters.txt|baseline/pgfuzz/ArduPilot/policies/A.DRIFT1/parameters.txt|baseline/pgfuzz/ArduPilot/policies/A.FLIP1/parameters.txt|baseline/pgfuzz/ArduPilot/policies/A.FLIP2/parameters.txt|baseline/pgfuzz/ArduPilot/policies/A.FLIP3/parameters.txt|baseline/pgfuzz/ArduPilot/policies/A.FLIP4/parameters.txt|baseline/pgfuzz/ArduPilot/policies/A.GPS.FS1/parameters.txt|baseline/pgfuzz/ArduPilot/policies/A.GPS.FS2/parameters.txt|baseline/pgfuzz/ArduPilot/policies/A.GUIDED1/parameters.txt|baseline/pgfuzz/ArduPilot/policies/A.LAND1/parameters.txt|baseline/pgfuzz/ArduPilot/policies/A.LAND2/parameters.txt|baseline/pgfuzz/ArduPilot/policies/A.LOITER1/parameters.txt|baseline/pgfuzz/ArduPilot/policies/A.RC.FS1/parameters.txt|baseline/pgfuzz/ArduPilot/policies/A.RC.FS2/parameters.txt|baseline/pgfuzz/ArduPilot/policies/A.RTL1/parameters.txt|baseline/pgfuzz/ArduPilot/policies/A.RTL2/parameters.txt|baseline/pgfuzz/ArduPilot/policies/A.RTL3/parameters.txt|baseline/pgfuzz/ArduPilot/policies/A.RTL4/parameters.txt|baseline/pgfuzz/ArduPilot/policies/A.SPORT1/parameters.txt,RENAMED_CURRENT_DEFINITION,BARO_GND_TEMP,CURATED_MIGRATION_MODELLED,baseline/ardupilot/libraries/AP_Baro/AP_Baro.cpp:103,当前地面温度参数位于 BARO 参数组。,baseline/ardupilot/libraries/AP_Baro/AP_Baro.cpp:103,curated_alias_evidence,,,,UNKNOWN,,当前目录没有可用默认值证据。,,,,,,confirmed_by_frozen_runtime_snapshot,observed_in_frozen_runtime_parameter_download,0.0,quad,ardupilot-copter-m6,NOT_TESTED,,NOT_APPLICABLE,,参数更名证据已找到，但参数目录匹配位置与更名证据不在同一源码文件；为避免同后缀误配，默认值、范围、类型和单位留空。运行快照值仍单独保留。,NOT_ASSESSED
ArduPilot,InputP,GPS_POS1_Z,30,A.ALT_HOLD1|A.ALT_HOLD2|A.AUTO1|A.BRAKE1|A.CHUTE1|A.CIRCLE1|A.CIRCLE2|A.CIRCLE3|A.CIRCLE4|A.CIRCLE5|A.CIRCLE6|A.CIRCLE7|A.DRIFT1|A.FLIP1|A.FLIP2|A.FLIP3|A.FLIPGeneral|A.GPS.FS1|A.GPS.FS2|A.GUIDED1|A.LAND1|A.LAND2|A.LOITER1|A.RC.FS1|A.RC.FS2|A.RTL1|A.RTL2|A.RTL3|A.RTL4|A.SPORT1,"GPS_POS1_Z,X,0,-5,5,0.01",baseline/pgfuzz/ArduPilot/policies/A.ALT_HOLD1/parameters.txt|baseline/pgfuzz/ArduPilot/policies/A.ALT_HOLD2/parameters.txt|baseline/pgfuzz/ArduPilot/policies/A.AUTO1/parameters.txt|baseline/pgfuzz/ArduPilot/policies/A.BRAKE1/parameters.txt|baseline/pgfuzz/ArduPilot/policies/A.CHUTE/parameters.txt|baseline/pgfuzz/ArduPilot/policies/A.CIRCLE1/parameters.txt|baseline/pgfuzz/ArduPilot/policies/A.CIRCLE2/parameters.txt|baseline/pgfuzz/ArduPilot/policies/A.CIRCLE3/parameters.txt|baseline/pgfuzz/ArduPilot/policies/A.CIRCLE4_6/parameters.txt|baseline/pgfuzz/ArduPilot/policies/A.CIRCLE7/parameters.txt|baseline/pgfuzz/ArduPilot/policies/A.DRIFT1/parameters.txt|baseline/pgfuzz/ArduPilot/policies/A.FLIP1/parameters.txt|baseline/pgfuzz/ArduPilot/policies/A.FLIP2/parameters.txt|baseline/pgfuzz/ArduPilot/policies/A.FLIP3/parameters.txt|baseline/pgfuzz/ArduPilot/policies/A.FLIP4/parameters.txt|baseline/pgfuzz/ArduPilot/policies/A.GPS.FS1/parameters.txt|baseline/pgfuzz/ArduPilot/policies/A.GPS.FS2/parameters.txt|baseline/pgfuzz/ArduPilot/policies/A.GUIDED1/parameters.txt|baseline/pgfuzz/ArduPilot/policies/A.LAND1/parameters.txt|baseline/pgfuzz/ArduPilot/policies/A.LAND2/parameters.txt|baseline/pgfuzz/ArduPilot/policies/A.LOITER1/parameters.txt|baseline/pgfuzz/ArduPilot/policies/A.RC.FS1/parameters.txt|baseline/pgfuzz/ArduPilot/policies/A.RC.FS2/parameters.txt|baseline/pgfuzz/ArduPilot/policies/A.RTL1/parameters.txt|baseline/pgfuzz/ArduPilot/policies/A.RTL2/parameters.txt|baseline/pgfuzz/ArduPilot/policies/A.RTL3/parameters.txt|baseline/pgfuzz/ArduPilot/policies/A.RTL4/parameters.txt|baseline/pgfuzz/ArduPilot/policies/A.SPORT1/parameters.txt,RENAMED_CURRENT_DEFINITION,GPS1_POS_Z,CURATED_RENAME_EXACT,baseline/ardupilot/libraries/AP_GPS/AP_GPS.cpp:206,当前第一 GPS 天线 Z 偏移参数名调整。,baseline/ardupilot/libraries/AP_GPS/AP_GPS.cpp:206,curated_alias_evidence,,,,UNKNOWN,,当前目录没有可用默认值证据。,,,,,,confirmed_by_frozen_runtime_snapshot,observed_in_frozen_runtime_parameter_download,0.0,quad,ardupilot-copter-m6,NOT_TESTED,,NOT_APPLICABLE,,参数更名证据已找到，但参数目录匹配位置与更名证据不在同一源码文件；为避免同后缀误配，默认值、范围、类型和单位留空。运行快照值仍单独保留。,NOT_ASSESSED
ArduPilot,InputP,GPS_POS2_Z,30,A.ALT_HOLD1|A.ALT_HOLD2|A.AUTO1|A.BRAKE1|A.CHUTE1|A.CIRCLE1|A.CIRCLE2|A.CIRCLE3|A.CIRCLE4|A.CIRCLE5|A.CIRCLE6|A.CIRCLE7|A.DRIFT1|A.FLIP1|A.FLIP2|A.FLIP3|A.FLIPGeneral|A.GPS.FS1|A.GPS.FS2|A.GUIDED1|A.LAND1|A.LAND2|A.LOITER1|A.RC.FS1|A.RC.FS2|A.RTL1|A.RTL2|A.RTL3|A.RTL4|A.SPORT1,"GPS_POS2_Z,X,0,-5,5,0.01",baseline/pgfuzz/ArduPilot/policies/A.ALT_HOLD1/parameters.txt|baseline/pgfuzz/ArduPilot/policies/A.ALT_HOLD2/parameters.txt|baseline/pgfuzz/ArduPilot/policies/A.AUTO1/parameters.txt|baseline/pgfuzz/ArduPilot/policies/A.BRAKE1/parameters.txt|baseline/pgfuzz/ArduPilot/policies/A.CHUTE/parameters.txt|baseline/pgfuzz/ArduPilot/policies/A.CIRCLE1/parameters.txt|baseline/pgfuzz/ArduPilot/policies/A.CIRCLE2/parameters.txt|baseline/pgfuzz/ArduPilot/policies/A.CIRCLE3/parameters.txt|baseline/pgfuzz/ArduPilot/policies/A.CIRCLE4_6/parameters.txt|baseline/pgfuzz/ArduPilot/policies/A.CIRCLE7/parameters.txt|baseline/pgfuzz/ArduPilot/policies/A.DRIFT1/parameters.txt|baseline/pgfuzz/ArduPilot/policies/A.FLIP1/parameters.txt|baseline/pgfuzz/ArduPilot/policies/A.FLIP2/parameters.txt|baseline/pgfuzz/ArduPilot/policies/A.FLIP3/parameters.txt|baseline/pgfuzz/ArduPilot/policies/A.FLIP4/parameters.txt|baseline/pgfuzz/ArduPilot/policies/A.GPS.FS1/parameters.txt|baseline/pgfuzz/ArduPilot/policies/A.GPS.FS2/parameters.txt|baseline/pgfuzz/ArduPilot/policies/A.GUIDED1/parameters.txt|baseline/pgfuzz/ArduPilot/policies/A.LAND1/parameters.txt|baseline/pgfuzz/ArduPilot/policies/A.LAND2/parameters.txt|baseline/pgfuzz/ArduPilot/policies/A.LOITER1/parameters.txt|baseline/pgfuzz/ArduPilot/policies/A.RC.FS1/parameters.txt|baseline/pgfuzz/ArduPilot/policies/A.RC.FS2/parameters.txt|baseline/pgfuzz/ArduPilot/policies/A.RTL1/parameters.txt|baseline/pgfuzz/ArduPilot/policies/A.RTL2/parameters.txt|baseline/pgfuzz/ArduPilot/policies/A.RTL3/parameters.txt|baseline/pgfuzz/ArduPilot/policies/A.RTL4/parameters.txt|baseline/pgfuzz/ArduPilot/policies/A.SPORT1/parameters.txt,RENAMED_CURRENT_DEFINITION,GPS2_POS_Z,CURATED_RENAME_EXACT,baseline/ardupilot/libraries/AP_GPS/AP_GPS.cpp:271,当前第二 GPS 天线 Z 偏移参数名调整。,baseline/ardupilot/libraries/AP_GPS/AP_GPS.cpp:271,curated_alias_evidence,,,,UNKNOWN,,当前目录没有可用默认值证据。,,,,,,,,,,,NOT_TESTED,,NOT_APPLICABLE,,参数更名证据已找到，但参数目录匹配位置与更名证据不在同一源码文件；为避免同后缀误配，默认值、范围、类型和单位留空。运行快照值仍单独保留。,NOT_ASSESSED
ArduPilot,InputP,LAND_ALT_LOW,30,A.ALT_HOLD1|A.ALT_HOLD2|A.AUTO1|A.BRAKE1|A.CHUTE1|A.CIRCLE1|A.CIRCLE2|A.CIRCLE3|A.CIRCLE4|A.CIRCLE5|A.CIRCLE6|A.CIRCLE7|A.DRIFT1|A.FLIP1|A.FLIP2|A.FLIP3|A.FLIPGeneral|A.GPS.FS1|A.GPS.FS2|A.GUIDED1|A.LAND1|A.LAND2|A.LOITER1|A.RC.FS1|A.RC.FS2|A.RTL1|A.RTL2|A.RTL3|A.RTL4|A.SPORT1,"LAND_ALT_LOW,X,1000,100,10000,10",baseline/pgfuzz/ArduPilot/policies/A.ALT_HOLD1/parameters.txt|baseline/pgfuzz/ArduPilot/policies/A.ALT_HOLD2/parameters.txt|baseline/pgfuzz/ArduPilot/policies/A.AUTO1/parameters.txt|baseline/pgfuzz/ArduPilot/policies/A.BRAKE1/parameters.txt|baseline/pgfuzz/ArduPilot/policies/A.CHUTE/parameters.txt|baseline/pgfuzz/ArduPilot/policies/A.CIRCLE1/parameters.txt|baseline/pgfuzz/ArduPilot/policies/A.CIRCLE2/parameters.txt|baseline/pgfuzz/ArduPilot/policies/A.CIRCLE3/parameters.txt|baseline/pgfuzz/ArduPilot/policies/A.CIRCLE4_6/parameters.txt|baseline/pgfuzz/ArduPilot/policies/A.CIRCLE7/parameters.txt|baseline/pgfuzz/ArduPilot/policies/A.DRIFT1/parameters.txt|baseline/pgfuzz/ArduPilot/policies/A.FLIP1/parameters.txt|baseline/pgfuzz/ArduPilot/policies/A.FLIP2/parameters.txt|baseline/pgfuzz/ArduPilot/policies/A.FLIP3/parameters.txt|baseline/pgfuzz/ArduPilot/policies/A.FLIP4/parameters.txt|baseline/pgfuzz/ArduPilot/policies/A.GPS.FS1/parameters.txt|baseline/pgfuzz/ArduPilot/policies/A.GPS.FS2/parameters.txt|baseline/pgfuzz/ArduPilot/policies/A.GUIDED1/parameters.txt|baseline/pgfuzz/ArduPilot/policies/A.LAND1/parameters.txt|baseline/pgfuzz/ArduPilot/policies/A.LAND2/parameters.txt|baseline/pgfuzz/ArduPilot/policies/A.LOITER1/parameters.txt|baseline/pgfuzz/ArduPilot/policies/A.RC.FS1/parameters.txt|baseline/pgfuzz/ArduPilot/policies/A.RC.FS2/parameters.txt|baseline/pgfuzz/ArduPilot/policies/A.RTL1/parameters.txt|baseline/pgfuzz/ArduPilot/policies/A.RTL2/parameters.txt|baseline/pgfuzz/ArduPilot/policies/A.RTL3/parameters.txt|baseline/pgfuzz/ArduPilot/policies/A.RTL4/parameters.txt|baseline/pgfuzz/ArduPilot/policies/A.SPORT1/parameters.txt,RENAMED_CURRENT_DEFINITION,LAND_ALT_LOW_M,CURATED_RENAME_EXACT,baseline/ardupilot/ArduCopter/mode_land.cpp:53,当前名称增加米单位后缀。,baseline/ardupilot/ArduCopter/mode_land.cpp:24|baseline/ardupilot/ArduCopter/mode_land.cpp:53,curated_alias_evidence,not_exposed_by_param_metadata_parser,10),10,SOURCE_METADATA_LITERAL_OR_EXPRESSION,baseline/ardupilot/ArduCopter/mode_land.cpp:24,保存参数目录解析出的字面值或未求值源码表达式；它不是运行值，宏表达式不能冒充已求值数值。,1,100,0.1,m,,confirmed_by_frozen_runtime_snapshot,observed_in_frozen_runtime_parameter_download,10.0,quad,ardupilot-copter-m6,NOT_TESTED,,NOT_APPLICABLE,,参数身份和定义位置已找到；这不证明它与该性质存在真实数据依赖，也未执行写入变更测试。,NOT_ASSESSED
ArduPilot,InputP,LAND_SPEED,1,A.LAND2,"LAND_SPEED,X,50,30,200,10",baseline/pgfuzz/ArduPilot/policies/A.LAND2/parameters.txt,RENAMED_CURRENT_DEFINITION,LAND_SPD_MS,CURATED_RENAME_EXACT,baseline/ardupilot/ArduCopter/mode_land.cpp:6,当前名称明确为米每秒的着陆速度。,baseline/ardupilot/ArduCopter/mode_land.cpp:6,curated_alias_evidence,not_exposed_by_param_metadata_parser,LAND_SPD_MS_DEFAULT),0.5,CURATED_FROZEN_SOURCE_RESOLUTION,baseline/ardupilot/ArduCopter/config.h:331,LAND_SPD_MS_DEFAULT 在冻结源码中直接定义为 0.5 米/秒。,0.3,2,0.1,m/s,,confirmed_by_frozen_runtime_snapshot,observed_in_frozen_runtime_parameter_download,0.5,quad,ardupilot-copter-m6,NOT_TESTED,,NOT_APPLICABLE,,参数身份和定义位置已找到；这不证明它与该性质存在真实数据依赖，也未执行写入变更测试。,NOT_ASSESSED
ArduPilot,InputP,LAND_SPEED_HIGH,1,A.LAND1,"LAND_SPEED_HIGH,X,150,0,500,10",baseline/pgfuzz/ArduPilot/policies/A.LAND1/parameters.txt,RENAMED_CURRENT_DEFINITION,LAND_SPD_HIGH_MS,CURATED_RENAME_EXACT,baseline/ardupilot/ArduCopter/mode_land.cpp:15,当前名称明确为米每秒的高空着陆速度。,baseline/ardupilot/ArduCopter/mode_land.cpp:15,curated_alias_evidence,not_exposed_by_param_metadata_parser,0),0,CURATED_FROZEN_SOURCE_RESOLUTION,baseline/ardupilot/ArduCopter/mode_land.cpp:22,参数定义调用中的默认实参直接为 0 米/秒。,0,5,0.1,m/s,,confirmed_by_frozen_runtime_snapshot,observed_in_frozen_runtime_parameter_download,0.0,quad,ardupilot-copter-m6,NOT_TESTED,,NOT_APPLICABLE,,参数身份和定义位置已找到；这不证明它与该性质存在真实数据依赖，也未执行写入变更测试。,NOT_ASSESSED
ArduPilot,InputP,MOT_BOOST_SCALE,30,A.ALT_HOLD1|A.ALT_HOLD2|A.AUTO1|A.BRAKE1|A.CHUTE1|A.CIRCLE1|A.CIRCLE2|A.CIRCLE3|A.CIRCLE4|A.CIRCLE5|A.CIRCLE6|A.CIRCLE7|A.DRIFT1|A.FLIP1|A.FLIP2|A.FLIP3|A.FLIPGeneral|A.GPS.FS1|A.GPS.FS2|A.GUIDED1|A.LAND1|A.LAND2|A.LOITER1|A.RC.FS1|A.RC.FS2|A.RTL1|A.RTL2|A.RTL3|A.RTL4|A.SPORT1,"MOT_BOOST_SCALE,X,0,0,5,0.100",baseline/pgfuzz/ArduPilot/policies/A.ALT_HOLD1/parameters.txt|baseline/pgfuzz/ArduPilot/policies/A.ALT_HOLD2/parameters.txt|baseline/pgfuzz/ArduPilot/policies/A.AUTO1/parameters.txt|baseline/pgfuzz/ArduPilot/policies/A.BRAKE1/parameters.txt|baseline/pgfuzz/ArduPilot/policies/A.CHUTE/parameters.txt|baseline/pgfuzz/ArduPilot/policies/A.CIRCLE1/parameters.txt|baseline/pgfuzz/ArduPilot/policies/A.CIRCLE2/parameters.txt|baseline/pgfuzz/ArduPilot/policies/A.CIRCLE3/parameters.txt|baseline/pgfuzz/ArduPilot/policies/A.CIRCLE4_6/parameters.txt|baseline/pgfuzz/ArduPilot/policies/A.CIRCLE7/parameters.txt|baseline/pgfuzz/ArduPilot/policies/A.DRIFT1/parameters.txt|baseline/pgfuzz/ArduPilot/policies/A.FLIP1/parameters.txt|baseline/pgfuzz/ArduPilot/policies/A.FLIP2/parameters.txt|baseline/pgfuzz/ArduPilot/policies/A.FLIP3/parameters.txt|baseline/pgfuzz/ArduPilot/policies/A.FLIP4/parameters.txt|baseline/pgfuzz/ArduPilot/policies/A.GPS.FS1/parameters.txt|baseline/pgfuzz/ArduPilot/policies/A.GPS.FS2/parameters.txt|baseline/pgfuzz/ArduPilot/policies/A.GUIDED1/parameters.txt|baseline/pgfuzz/ArduPilot/policies/A.LAND1/parameters.txt|baseline/pgfuzz/ArduPilot/policies/A.LAND2/parameters.txt|baseline/pgfuzz/ArduPilot/policies/A.LOITER1/parameters.txt|baseline/pgfuzz/ArduPilot/policies/A.RC.FS1/parameters.txt|baseline/pgfuzz/ArduPilot/policies/A.RC.FS2/parameters.txt|baseline/pgfuzz/ArduPilot/policies/A.RTL1/parameters.txt|baseline/pgfuzz/ArduPilot/policies/A.RTL2/parameters.txt|baseline/pgfuzz/ArduPilot/policies/A.RTL3/parameters.txt|baseline/pgfuzz/ArduPilot/policies/A.RTL4/parameters.txt|baseline/pgfuzz/ArduPilot/policies/A.SPORT1/parameters.txt,EXACT_CURRENT_DEFINITION,MOT_BOOST_SCALE,EXACT_NAME_DEFINITION,,,baseline/ardupilot/libraries/AP_Motors/AP_MotorsMulticopter.cpp:186,exact_metadata_unique,not_exposed_by_param_metadata_parser,,,UNKNOWN,baseline/ardupilot/libraries/AP_Motors/AP_MotorsMulticopter.cpp:186,当前目录没有可用默认值证据。,0,5,0.1,,,confirmed_by_frozen_runtime_snapshot,observed_in_frozen_runtime_parameter_download,0.0,quad,ardupilot-copter-m6,NOT_TESTED,,NOT_APPLICABLE,,参数身份和定义位置已找到；这不证明它与该性质存在真实数据依赖，也未执行写入变更测试。,NOT_ASSESSED
ArduPilot,InputP,MOT_SLEW_DN_TIME,30,A.ALT_HOLD1|A.ALT_HOLD2|A.AUTO1|A.BRAKE1|A.CHUTE1|A.CIRCLE1|A.CIRCLE2|A.CIRCLE3|A.CIRCLE4|A.CIRCLE5|A.CIRCLE6|A.CIRCLE7|A.DRIFT1|A.FLIP1|A.FLIP2|A.FLIP3|A.FLIPGeneral|A.GPS.FS1|A.GPS.FS2|A.GUIDED1|A.LAND1|A.LAND2|A.LOITER1|A.RC.FS1|A.RC.FS2|A.RTL1|A.RTL2|A.RTL3|A.RTL4|A.SPORT1,"MOT_SLEW_DN_TIME,X,0,0,0.5,0.001",baseline/pgfuzz/ArduPilot/policies/A.ALT_HOLD1/parameters.txt|baseline/pgfuzz/ArduPilot/policies/A.ALT_HOLD2/parameters.txt|baseline/pgfuzz/ArduPilot/policies/A.AUTO1/parameters.txt|baseline/pgfuzz/ArduPilot/policies/A.BRAKE1/parameters.txt|baseline/pgfuzz/ArduPilot/policies/A.CHUTE/parameters.txt|baseline/pgfuzz/ArduPilot/policies/A.CIRCLE1/parameters.txt|baseline/pgfuzz/ArduPilot/policies/A.CIRCLE2/parameters.txt|baseline/pgfuzz/ArduPilot/policies/A.CIRCLE3/parameters.txt|baseline/pgfuzz/ArduPilot/policies/A.CIRCLE4_6/parameters.txt|baseline/pgfuzz/ArduPilot/policies/A.CIRCLE7/parameters.txt|baseline/pgfuzz/ArduPilot/policies/A.DRIFT1/parameters.txt|baseline/pgfuzz/ArduPilot/policies/A.FLIP1/parameters.txt|baseline/pgfuzz/ArduPilot/policies/A.FLIP2/parameters.txt|baseline/pgfuzz/ArduPilot/policies/A.FLIP3/parameters.txt|baseline/pgfuzz/ArduPilot/policies/A.FLIP4/parameters.txt|baseline/pgfuzz/ArduPilot/policies/A.GPS.FS1/parameters.txt|baseline/pgfuzz/ArduPilot/policies/A.GPS.FS2/parameters.txt|baseline/pgfuzz/ArduPilot/policies/A.GUIDED1/parameters.txt|baseline/pgfuzz/ArduPilot/policies/A.LAND1/parameters.txt|baseline/pgfuzz/ArduPilot/policies/A.LAND2/parameters.txt|baseline/pgfuzz/ArduPilot/policies/A.LOITER1/parameters.txt|baseline/pgfuzz/ArduPilot/policies/A.RC.FS1/parameters.txt|baseline/pgfuzz/ArduPilot/policies/A.RC.FS2/parameters.txt|baseline/pgfuzz/ArduPilot/policies/A.RTL1/parameters.txt|baseline/pgfuzz/ArduPilot/policies/A.RTL2/parameters.txt|baseline/pgfuzz/ArduPilot/policies/A.RTL3/parameters.txt|baseline/pgfuzz/ArduPilot/policies/A.RTL4/parameters.txt|baseline/pgfuzz/ArduPilot/policies/A.SPORT1/parameters.txt,EXACT_CURRENT_DEFINITION,MOT_SLEW_DN_TIME,EXACT_NAME_DEFINITION,,,baseline/ardupilot/libraries/AP_Motors/AP_MotorsMulticopter.cpp:214,exact_metadata_unique,not_exposed_by_param_metadata_parser,AP_MOTORS_SLEW_TIME_DEFAULT),AP_MOTORS_SLEW_TIME_DEFAULT,SOURCE_METADATA_LITERAL_OR_EXPRESSION,baseline/ardupilot/libraries/AP_Motors/AP_MotorsMulticopter.cpp:214,保存参数目录解析出的字面值或未求值源码表达式；它不是运行值，宏表达式不能冒充已求值数值。,0,0.5,0.001,s,,confirmed_by_frozen_runtime_snapshot,observed_in_frozen_runtime_parameter_download,0.0,quad,ardupilot-copter-m6,NOT_TESTED,,NOT_APPLICABLE,,参数身份和定义位置已找到；这不证明它与该性质存在真实数据依赖，也未执行写入变更测试。,NOT_ASSESSED
ArduPilot,InputP,MOT_SLEW_UP_TIME,30,A.ALT_HOLD1|A.ALT_HOLD2|A.AUTO1|A.BRAKE1|A.CHUTE1|A.CIRCLE1|A.CIRCLE2|A.CIRCLE3|A.CIRCLE4|A.CIRCLE5|A.CIRCLE6|A.CIRCLE7|A.DRIFT1|A.FLIP1|A.FLIP2|A.FLIP3|A.FLIPGeneral|A.GPS.FS1|A.GPS.FS2|A.GUIDED1|A.LAND1|A.LAND2|A.LOITER1|A.RC.FS1|A.RC.FS2|A.RTL1|A.RTL2|A.RTL3|A.RTL4|A.SPORT1,"MOT_SLEW_UP_TIME,X,0,0,0.5,0.001",baseline/pgfuzz/ArduPilot/policies/A.ALT_HOLD1/parameters.txt|baseline/pgfuzz/ArduPilot/policies/A.ALT_HOLD2/parameters.txt|baseline/pgfuzz/ArduPilot/policies/A.AUTO1/parameters.txt|baseline/pgfuzz/ArduPilot/policies/A.BRAKE1/parameters.txt|baseline/pgfuzz/ArduPilot/policies/A.CHUTE/parameters.txt|baseline/pgfuzz/ArduPilot/policies/A.CIRCLE1/parameters.txt|baseline/pgfuzz/ArduPilot/policies/A.CIRCLE2/parameters.txt|baseline/pgfuzz/ArduPilot/policies/A.CIRCLE3/parameters.txt|baseline/pgfuzz/ArduPilot/policies/A.CIRCLE4_6/parameters.txt|baseline/pgfuzz/ArduPilot/policies/A.CIRCLE7/parameters.txt|baseline/pgfuzz/ArduPilot/policies/A.DRIFT1/parameters.txt|baseline/pgfuzz/ArduPilot/policies/A.FLIP1/parameters.txt|baseline/pgfuzz/ArduPilot/policies/A.FLIP2/parameters.txt|baseline/pgfuzz/ArduPilot/policies/A.FLIP3/parameters.txt|baseline/pgfuzz/ArduPilot/policies/A.FLIP4/parameters.txt|baseline/pgfuzz/ArduPilot/policies/A.GPS.FS1/parameters.txt|baseline/pgfuzz/ArduPilot/policies/A.GPS.FS2/parameters.txt|baseline/pgfuzz/ArduPilot/policies/A.GUIDED1/parameters.txt|baseline/pgfuzz/ArduPilot/policies/A.LAND1/parameters.txt|baseline/pgfuzz/ArduPilot/policies/A.LAND2/parameters.txt|baseline/pgfuzz/ArduPilot/policies/A.LOITER1/parameters.txt|baseline/pgfuzz/ArduPilot/policies/A.RC.FS1/parameters.txt|baseline/pgfuzz/ArduPilot/policies/A.RC.FS2/parameters.txt|baseline/pgfuzz/ArduPilot/policies/A.RTL1/parameters.txt|baseline/pgfuzz/ArduPilot/policies/A.RTL2/parameters.txt|baseline/pgfuzz/ArduPilot/policies/A.RTL3/parameters.txt|baseline/pgfuzz/ArduPilot/policies/A.RTL4/parameters.txt|baseline/pgfuzz/ArduPilot/policies/A.SPORT1/parameters.txt,EXACT_CURRENT_DEFINITION,MOT_SLEW_UP_TIME,EXACT_NAME_DEFINITION,,,baseline/ardupilot/libraries/AP_Motors/AP_MotorsMulticopter.cpp:205,exact_metadata_unique,not_exposed_by_param_metadata_parser,AP_MOTORS_SLEW_TIME_DEFAULT),AP_MOTORS_SLEW_TIME_DEFAULT,SOURCE_METADATA_LITERAL_OR_EXPRESSION,baseline/ardupilot/libraries/AP_Motors/AP_MotorsMulticopter.cpp:205,保存参数目录解析出的字面值或未求值源码表达式；它不是运行值，宏表达式不能冒充已求值数值。,0,0.5,0.001,s,,confirmed_by_frozen_runtime_snapshot,observed_in_frozen_runtime_parameter_download,0.0,quad,ardupilot-copter-m6,NOT_TESTED,,NOT_APPLICABLE,,参数身份和定义位置已找到；这不证明它与该性质存在真实数据依赖，也未执行写入变更测试。,NOT_ASSESSED
ArduPilot,InputP,PILOT_ACCEL_Z,30,A.ALT_HOLD1|A.ALT_HOLD2|A.AUTO1|A.BRAKE1|A.CHUTE1|A.CIRCLE1|A.CIRCLE2|A.CIRCLE3|A.CIRCLE4|A.CIRCLE5|A.CIRCLE6|A.CIRCLE7|A.DRIFT1|A.FLIP1|A.FLIP2|A.FLIP3|A.FLIPGeneral|A.GPS.FS1|A.GPS.FS2|A.GUIDED1|A.LAND1|A.LAND2|A.LOITER1|A.RC.FS1|A.RC.FS2|A.RTL1|A.RTL2|A.RTL3|A.RTL4|A.SPORT1,"PILOT_ACCEL_Z,X,250,50,500,10",baseline/pgfuzz/ArduPilot/policies/A.ALT_HOLD1/parameters.txt|baseline/pgfuzz/ArduPilot/policies/A.ALT_HOLD2/parameters.txt|baseline/pgfuzz/ArduPilot/policies/A.AUTO1/parameters.txt|baseline/pgfuzz/ArduPilot/policies/A.BRAKE1/parameters.txt|baseline/pgfuzz/ArduPilot/policies/A.CHUTE/parameters.txt|baseline/pgfuzz/ArduPilot/policies/A.CIRCLE1/parameters.txt|baseline/pgfuzz/ArduPilot/policies/A.CIRCLE2/parameters.txt|baseline/pgfuzz/ArduPilot/policies/A.CIRCLE3/parameters.txt|baseline/pgfuzz/ArduPilot/policies/A.CIRCLE4_6/parameters.txt|baseline/pgfuzz/ArduPilot/policies/A.CIRCLE7/parameters.txt|baseline/pgfuzz/ArduPilot/policies/A.DRIFT1/parameters.txt|baseline/pgfuzz/ArduPilot/policies/A.FLIP1/parameters.txt|baseline/pgfuzz/ArduPilot/policies/A.FLIP2/parameters.txt|baseline/pgfuzz/ArduPilot/policies/A.FLIP3/parameters.txt|baseline/pgfuzz/ArduPilot/policies/A.FLIP4/parameters.txt|baseline/pgfuzz/ArduPilot/policies/A.GPS.FS1/parameters.txt|baseline/pgfuzz/ArduPilot/policies/A.GPS.FS2/parameters.txt|baseline/pgfuzz/ArduPilot/policies/A.GUIDED1/parameters.txt|baseline/pgfuzz/ArduPilot/policies/A.LAND1/parameters.txt|baseline/pgfuzz/ArduPilot/policies/A.LAND2/parameters.txt|baseline/pgfuzz/ArduPilot/policies/A.LOITER1/parameters.txt|baseline/pgfuzz/ArduPilot/policies/A.RC.FS1/parameters.txt|baseline/pgfuzz/ArduPilot/policies/A.RC.FS2/parameters.txt|baseline/pgfuzz/ArduPilot/policies/A.RTL1/parameters.txt|baseline/pgfuzz/ArduPilot/policies/A.RTL2/parameters.txt|baseline/pgfuzz/ArduPilot/policies/A.RTL3/parameters.txt|baseline/pgfuzz/ArduPilot/policies/A.RTL4/parameters.txt|baseline/pgfuzz/ArduPilot/policies/A.SPORT1/parameters.txt,RENAMED_CURRENT_DEFINITION,PILOT_ACC_Z,CURATED_RENAME_EXACT,baseline/ardupilot/ArduCopter/Parameters.cpp:1344,当前参数缩写为 ACC。,baseline/ardupilot/ArduCopter/Parameters.cpp:1133|baseline/ardupilot/ArduCopter/Parameters.cpp:1344,curated_alias_evidence,not_exposed_by_param_metadata_parser,,,UNKNOWN,baseline/ardupilot/ArduCopter/Parameters.cpp:1133,当前目录没有可用默认值证据。,0.5,5,0.1,m/s/s,,confirmed_by_frozen_runtime_snapshot,observed_in_frozen_runtime_parameter_download,2.5,quad,ardupilot-copter-m6,NOT_TESTED,,NOT_APPLICABLE,,参数身份和定义位置已找到；这不证明它与该性质存在真实数据依赖，也未执行写入变更测试。,NOT_ASSESSED
ArduPilot,InputP,PILOT_SPEED_UP,1,A.SPORT1,"PILOT_SPEED_UP,X,100,50,500,10",baseline/pgfuzz/ArduPilot/policies/A.SPORT1/parameters.txt,RENAMED_CURRENT_DEFINITION,PILOT_SPD_UP,CURATED_RENAME_EXACT,baseline/ardupilot/ArduCopter/Parameters.cpp:1142,当前参数缩短 SPEED 为 SPD。,baseline/ardupilot/ArduCopter/Parameters.cpp:1142,curated_alias_evidence,not_exposed_by_param_metadata_parser,,2.5,CURATED_FROZEN_SOURCE_RESOLUTION,baseline/ardupilot/ArduCopter/config.h:523,PILOT_SPD_UP_DEFAULT 在冻结源码中直接定义为 2.5 米/秒。,0.5,5,0.1,m/s,,confirmed_by_frozen_runtime_snapshot,observed_in_frozen_runtime_parameter_download,2.5,quad,ardupilot-copter-m6,NOT_TESTED,,NOT_APPLICABLE,,参数身份和定义位置已找到；这不证明它与该性质存在真实数据依赖，也未执行写入变更测试。,NOT_ASSESSED
ArduPilot,InputP,PILOT_THR_BHV,30,A.ALT_HOLD1|A.ALT_HOLD2|A.AUTO1|A.BRAKE1|A.CHUTE1|A.CIRCLE1|A.CIRCLE2|A.CIRCLE3|A.CIRCLE4|A.CIRCLE5|A.CIRCLE6|A.CIRCLE7|A.DRIFT1|A.FLIP1|A.FLIP2|A.FLIP3|A.FLIPGeneral|A.GPS.FS1|A.GPS.FS2|A.GUIDED1|A.LAND1|A.LAND2|A.LOITER1|A.RC.FS1|A.RC.FS2|A.RTL1|A.RTL2|A.RTL3|A.RTL4|A.SPORT1,"PILOT_THR_BHV,X,0,0,4,1.000",baseline/pgfuzz/ArduPilot/policies/A.ALT_HOLD1/parameters.txt|baseline/pgfuzz/ArduPilot/policies/A.ALT_HOLD2/parameters.txt|baseline/pgfuzz/ArduPilot/policies/A.AUTO1/parameters.txt|baseline/pgfuzz/ArduPilot/policies/A.BRAKE1/parameters.txt|baseline/pgfuzz/ArduPilot/policies/A.CHUTE/parameters.txt|baseline/pgfuzz/ArduPilot/policies/A.CIRCLE1/parameters.txt|baseline/pgfuzz/ArduPilot/policies/A.CIRCLE2/parameters.txt|baseline/pgfuzz/ArduPilot/policies/A.CIRCLE3/parameters.txt|baseline/pgfuzz/ArduPilot/policies/A.CIRCLE4_6/parameters.txt|baseline/pgfuzz/ArduPilot/policies/A.CIRCLE7/parameters.txt|baseline/pgfuzz/ArduPilot/policies/A.DRIFT1/parameters.txt|baseline/pgfuzz/ArduPilot/policies/A.FLIP1/parameters.txt|baseline/pgfuzz/ArduPilot/policies/A.FLIP2/parameters.txt|baseline/pgfuzz/ArduPilot/policies/A.FLIP3/parameters.txt|baseline/pgfuzz/ArduPilot/policies/A.FLIP4/parameters.txt|baseline/pgfuzz/ArduPilot/policies/A.GPS.FS1/parameters.txt|baseline/pgfuzz/ArduPilot/policies/A.GPS.FS2/parameters.txt|baseline/pgfuzz/ArduPilot/policies/A.GUIDED1/parameters.txt|baseline/pgfuzz/ArduPilot/policies/A.LAND1/parameters.txt|baseline/pgfuzz/ArduPilot/policies/A.LAND2/parameters.txt|baseline/pgfuzz/ArduPilot/policies/A.LOITER1/parameters.txt|baseline/pgfuzz/ArduPilot/policies/A.RC.FS1/parameters.txt|baseline/pgfuzz/ArduPilot/policies/A.RC.FS2/parameters.txt|baseline/pgfuzz/ArduPilot/policies/A.RTL1/parameters.txt|baseline/pgfuzz/ArduPilot/policies/A.RTL2/parameters.txt|baseline/pgfuzz/ArduPilot/policies/A.RTL3/parameters.txt|baseline/pgfuzz/ArduPilot/policies/A.RTL4/parameters.txt|baseline/pgfuzz/ArduPilot/policies/A.SPORT1/parameters.txt,EXACT_CURRENT_DEFINITION,PILOT_THR_BHV,EXACT_NAME_DEFINITION,,,baseline/ardupilot/ArduCopter/Parameters.cpp:54,exact_metadata_unique,not_exposed_by_param_metadata_parser,,,UNKNOWN,baseline/ardupilot/ArduCopter/Parameters.cpp:54,当前目录没有可用默认值证据。,,,,,,confirmed_by_frozen_runtime_snapshot,observed_in_frozen_runtime_parameter_download,0,quad,ardupilot-copter-m6,NOT_TESTED,,NOT_APPLICABLE,,参数身份和定义位置已找到；这不证明它与该性质存在真实数据依赖，也未执行写入变更测试。,NOT_ASSESSED
ArduPilot,InputP,PILOT_THR_FILT,60,A.ALT_HOLD1|A.ALT_HOLD2|A.AUTO1|A.BRAKE1|A.CHUTE1|A.CIRCLE1|A.CIRCLE2|A.CIRCLE3|A.CIRCLE4|A.CIRCLE5|A.CIRCLE6|A.CIRCLE7|A.DRIFT1|A.FLIP1|A.FLIP2|A.FLIP3|A.FLIPGeneral|A.GPS.FS1|A.GPS.FS2|A.GUIDED1|A.LAND1|A.LAND2|A.LOITER1|A.RC.FS1|A.RC.FS2|A.RTL1|A.RTL2|A.RTL3|A.RTL4|A.SPORT1,"PILOT_THR_FILT,X,0,0,10,0.5 || PILOT_THR_FILT,X,0,0,10,0.500",baseline/pgfuzz/ArduPilot/policies/A.ALT_HOLD1/parameters.txt|baseline/pgfuzz/ArduPilot/policies/A.ALT_HOLD2/parameters.txt|baseline/pgfuzz/ArduPilot/policies/A.AUTO1/parameters.txt|baseline/pgfuzz/ArduPilot/policies/A.BRAKE1/parameters.txt|baseline/pgfuzz/ArduPilot/policies/A.CHUTE/parameters.txt|baseline/pgfuzz/ArduPilot/policies/A.CIRCLE1/parameters.txt|baseline/pgfuzz/ArduPilot/policies/A.CIRCLE2/parameters.txt|baseline/pgfuzz/ArduPilot/policies/A.CIRCLE3/parameters.txt|baseline/pgfuzz/ArduPilot/policies/A.CIRCLE4_6/parameters.txt|baseline/pgfuzz/ArduPilot/policies/A.CIRCLE7/parameters.txt|baseline/pgfuzz/ArduPilot/policies/A.DRIFT1/parameters.txt|baseline/pgfuzz/ArduPilot/policies/A.FLIP1/parameters.txt|baseline/pgfuzz/ArduPilot/policies/A.FLIP2/parameters.txt|baseline/pgfuzz/ArduPilot/policies/A.FLIP3/parameters.txt|baseline/pgfuzz/ArduPilot/policies/A.FLIP4/parameters.txt|baseline/pgfuzz/ArduPilot/policies/A.GPS.FS1/parameters.txt|baseline/pgfuzz/ArduPilot/policies/A.GPS.FS2/parameters.txt|baseline/pgfuzz/ArduPilot/policies/A.GUIDED1/parameters.txt|baseline/pgfuzz/ArduPilot/policies/A.LAND1/parameters.txt|baseline/pgfuzz/ArduPilot/policies/A.LAND2/parameters.txt|baseline/pgfuzz/ArduPilot/policies/A.LOITER1/parameters.txt|baseline/pgfuzz/ArduPilot/policies/A.RC.FS1/parameters.txt|baseline/pgfuzz/ArduPilot/policies/A.RC.FS2/parameters.txt|baseline/pgfuzz/ArduPilot/policies/A.RTL1/parameters.txt|baseline/pgfuzz/ArduPilot/policies/A.RTL2/parameters.txt|baseline/pgfuzz/ArduPilot/policies/A.RTL3/parameters.txt|baseline/pgfuzz/ArduPilot/policies/A.RTL4/parameters.txt|baseline/pgfuzz/ArduPilot/policies/A.SPORT1/parameters.txt,EXACT_CURRENT_DEFINITION,PILOT_THR_FILT,EXACT_NAME_DEFINITION,,,baseline/ardupilot/ArduCopter/Parameters.cpp:45,exact_metadata_unique,not_exposed_by_param_metadata_parser,,,UNKNOWN,baseline/ardupilot/ArduCopter/Parameters.cpp:45,当前目录没有可用默认值证据。,0,10,0.5,Hz,,confirmed_by_frozen_runtime_snapshot,observed_in_frozen_runtime_parameter_download,0.0,quad,ardupilot-copter-m6,NOT_TESTED,,NOT_APPLICABLE,,参数身份和定义位置已找到；这不证明它与该性质存在真实数据依赖，也未执行写入变更测试。,NOT_ASSESSED
ArduPilot,InputP,PILOT_TKOFF_ALT,30,A.ALT_HOLD1|A.ALT_HOLD2|A.AUTO1|A.BRAKE1|A.CHUTE1|A.CIRCLE1|A.CIRCLE2|A.CIRCLE3|A.CIRCLE4|A.CIRCLE5|A.CIRCLE6|A.CIRCLE7|A.DRIFT1|A.FLIP1|A.FLIP2|A.FLIP3|A.FLIPGeneral|A.GPS.FS1|A.GPS.FS2|A.GUIDED1|A.LAND1|A.LAND2|A.LOITER1|A.RC.FS1|A.RC.FS2|A.RTL1|A.RTL2|A.RTL3|A.RTL4|A.SPORT1,"PILOT_TKOFF_ALT,X,0,0,1000,10",baseline/pgfuzz/ArduPilot/policies/A.ALT_HOLD1/parameters.txt|baseline/pgfuzz/ArduPilot/policies/A.ALT_HOLD2/parameters.txt|baseline/pgfuzz/ArduPilot/policies/A.AUTO1/parameters.txt|baseline/pgfuzz/ArduPilot/policies/A.BRAKE1/parameters.txt|baseline/pgfuzz/ArduPilot/policies/A.CHUTE/parameters.txt|baseline/pgfuzz/ArduPilot/policies/A.CIRCLE1/parameters.txt|baseline/pgfuzz/ArduPilot/policies/A.CIRCLE2/parameters.txt|baseline/pgfuzz/ArduPilot/policies/A.CIRCLE3/parameters.txt|baseline/pgfuzz/ArduPilot/policies/A.CIRCLE4_6/parameters.txt|baseline/pgfuzz/ArduPilot/policies/A.CIRCLE7/parameters.txt|baseline/pgfuzz/ArduPilot/policies/A.DRIFT1/parameters.txt|baseline/pgfuzz/ArduPilot/policies/A.FLIP1/parameters.txt|baseline/pgfuzz/ArduPilot/policies/A.FLIP2/parameters.txt|baseline/pgfuzz/ArduPilot/policies/A.FLIP3/parameters.txt|baseline/pgfuzz/ArduPilot/policies/A.FLIP4/parameters.txt|baseline/pgfuzz/ArduPilot/policies/A.GPS.FS1/parameters.txt|baseline/pgfuzz/ArduPilot/policies/A.GPS.FS2/parameters.txt|baseline/pgfuzz/ArduPilot/policies/A.GUIDED1/parameters.txt|baseline/pgfuzz/ArduPilot/policies/A.LAND1/parameters.txt|baseline/pgfuzz/ArduPilot/policies/A.LAND2/parameters.txt|baseline/pgfuzz/ArduPilot/policies/A.LOITER1/parameters.txt|baseline/pgfuzz/ArduPilot/policies/A.RC.FS1/parameters.txt|baseline/pgfuzz/ArduPilot/policies/A.RC.FS2/parameters.txt|baseline/pgfuzz/ArduPilot/policies/A.RTL1/parameters.txt|baseline/pgfuzz/ArduPilot/policies/A.RTL2/parameters.txt|baseline/pgfuzz/ArduPilot/policies/A.RTL3/parameters.txt|baseline/pgfuzz/ArduPilot/policies/A.RTL4/parameters.txt|baseline/pgfuzz/ArduPilot/policies/A.SPORT1/parameters.txt,RENAMED_CURRENT_DEFINITION,PILOT_TKO_ALT_M,CURATED_RENAME_EXACT,baseline/ardupilot/ArduCopter/Parameters.cpp:1344,当前名称增加米单位并调整起飞缩写。,baseline/ardupilot/ArduCopter/Parameters.cpp:1160|baseline/ardupilot/ArduCopter/Parameters.cpp:1344,curated_alias_evidence,not_exposed_by_param_metadata_parser,,,UNKNOWN,baseline/ardupilot/ArduCopter/Parameters.cpp:1160,当前目录没有可用默认值证据。,0.0,10.0,0.1,m,,confirmed_by_frozen_runtime_snapshot,observed_in_frozen_runtime_parameter_download,0.0,quad,ardupilot-copter-m6,NOT_TESTED,,NOT_APPLICABLE,,参数身份和定义位置已找到；这不证明它与该性质存在真实数据依赖，也未执行写入变更测试。,NOT_ASSESSED
ArduPilot,InputP,PSC_POSZ_P,30,A.ALT_HOLD1|A.ALT_HOLD2|A.AUTO1|A.BRAKE1|A.CHUTE1|A.CIRCLE1|A.CIRCLE2|A.CIRCLE3|A.CIRCLE4|A.CIRCLE5|A.CIRCLE6|A.CIRCLE7|A.DRIFT1|A.FLIP1|A.FLIP2|A.FLIP3|A.FLIPGeneral|A.GPS.FS1|A.GPS.FS2|A.GUIDED1|A.LAND1|A.LAND2|A.LOITER1|A.RC.FS1|A.RC.FS2|A.RTL1|A.RTL2|A.RTL3|A.RTL4|A.SPORT1,"PSC_POSZ_P,X,1,1,3,X",baseline/pgfuzz/ArduPilot/policies/A.ALT_HOLD1/parameters.txt|baseline/pgfuzz/ArduPilot/policies/A.ALT_HOLD2/parameters.txt|baseline/pgfuzz/ArduPilot/policies/A.AUTO1/parameters.txt|baseline/pgfuzz/ArduPilot/policies/A.BRAKE1/parameters.txt|baseline/pgfuzz/ArduPilot/policies/A.CHUTE/parameters.txt|baseline/pgfuzz/ArduPilot/policies/A.CIRCLE1/parameters.txt|baseline/pgfuzz/ArduPilot/policies/A.CIRCLE2/parameters.txt|baseline/pgfuzz/ArduPilot/policies/A.CIRCLE3/parameters.txt|baseline/pgfuzz/ArduPilot/policies/A.CIRCLE4_6/parameters.txt|baseline/pgfuzz/ArduPilot/policies/A.CIRCLE7/parameters.txt|baseline/pgfuzz/ArduPilot/policies/A.DRIFT1/parameters.txt|baseline/pgfuzz/ArduPilot/policies/A.FLIP1/parameters.txt|baseline/pgfuzz/ArduPilot/policies/A.FLIP2/parameters.txt|baseline/pgfuzz/ArduPilot/policies/A.FLIP3/parameters.txt|baseline/pgfuzz/ArduPilot/policies/A.FLIP4/parameters.txt|baseline/pgfuzz/ArduPilot/policies/A.GPS.FS1/parameters.txt|baseline/pgfuzz/ArduPilot/policies/A.GPS.FS2/parameters.txt|baseline/pgfuzz/ArduPilot/policies/A.GUIDED1/parameters.txt|baseline/pgfuzz/ArduPilot/policies/A.LAND1/parameters.txt|baseline/pgfuzz/ArduPilot/policies/A.LAND2/parameters.txt|baseline/pgfuzz/ArduPilot/policies/A.LOITER1/parameters.txt|baseline/pgfuzz/ArduPilot/policies/A.RC.FS1/parameters.txt|baseline/pgfuzz/ArduPilot/policies/A.RC.FS2/parameters.txt|baseline/pgfuzz/ArduPilot/policies/A.RTL1/parameters.txt|baseline/pgfuzz/ArduPilot/policies/A.RTL2/parameters.txt|baseline/pgfuzz/ArduPilot/policies/A.RTL3/parameters.txt|baseline/pgfuzz/ArduPilot/policies/A.RTL4/parameters.txt|baseline/pgfuzz/ArduPilot/policies/A.SPORT1/parameters.txt,RENAMED_CURRENT_DEFINITION,PSC_D_POS_P,CURATED_RENAME_EXACT,baseline/ardupilot/libraries/AC_AttitudeControl/AC_PosControl.cpp:96,当前源码注释明确记录以前名称为 POSZ_P。,baseline/ardupilot/libraries/AC_AttitudeControl/AC_PosControl.cpp:96,curated_alias_evidence,,,,UNKNOWN,,当前目录没有可用默认值证据。,,,,,,confirmed_by_frozen_runtime_snapshot,observed_in_frozen_runtime_parameter_download,1.0,quad,ardupilot-copter-m6,NOT_TESTED,,NOT_APPLICABLE,,参数更名证据已找到，但参数目录匹配位置与更名证据不在同一源码文件；为避免同后缀误配，默认值、范围、类型和单位留空。运行快照值仍单独保留。,NOT_ASSESSED
ArduPilot,InputP,RNGFND1_POS_Z,30,A.ALT_HOLD1|A.ALT_HOLD2|A.AUTO1|A.BRAKE1|A.CHUTE1|A.CIRCLE1|A.CIRCLE2|A.CIRCLE3|A.CIRCLE4|A.CIRCLE5|A.CIRCLE6|A.CIRCLE7|A.DRIFT1|A.FLIP1|A.FLIP2|A.FLIP3|A.FLIPGeneral|A.GPS.FS1|A.GPS.FS2|A.GUIDED1|A.LAND1|A.LAND2|A.LOITER1|A.RC.FS1|A.RC.FS2|A.RTL1|A.RTL2|A.RTL3|A.RTL4|A.SPORT1,"RNGFND1_POS_Z,X,0,-5,5,0.01",baseline/pgfuzz/ArduPilot/policies/A.ALT_HOLD1/parameters.txt|baseline/pgfuzz/ArduPilot/policies/A.ALT_HOLD2/parameters.txt|baseline/pgfuzz/ArduPilot/policies/A.AUTO1/parameters.txt|baseline/pgfuzz/ArduPilot/policies/A.BRAKE1/parameters.txt|baseline/pgfuzz/ArduPilot/policies/A.CHUTE/parameters.txt|baseline/pgfuzz/ArduPilot/policies/A.CIRCLE1/parameters.txt|baseline/pgfuzz/ArduPilot/policies/A.CIRCLE2/parameters.txt|baseline/pgfuzz/ArduPilot/policies/A.CIRCLE3/parameters.txt|baseline/pgfuzz/ArduPilot/policies/A.CIRCLE4_6/parameters.txt|baseline/pgfuzz/ArduPilot/policies/A.CIRCLE7/parameters.txt|baseline/pgfuzz/ArduPilot/policies/A.DRIFT1/parameters.txt|baseline/pgfuzz/ArduPilot/policies/A.FLIP1/parameters.txt|baseline/pgfuzz/ArduPilot/policies/A.FLIP2/parameters.txt|baseline/pgfuzz/ArduPilot/policies/A.FLIP3/parameters.txt|baseline/pgfuzz/ArduPilot/policies/A.FLIP4/parameters.txt|baseline/pgfuzz/ArduPilot/policies/A.GPS.FS1/parameters.txt|baseline/pgfuzz/ArduPilot/policies/A.GPS.FS2/parameters.txt|baseline/pgfuzz/ArduPilot/policies/A.GUIDED1/parameters.txt|baseline/pgfuzz/ArduPilot/policies/A.LAND1/parameters.txt|baseline/pgfuzz/ArduPilot/policies/A.LAND2/parameters.txt|baseline/pgfuzz/ArduPilot/policies/A.LOITER1/parameters.txt|baseline/pgfuzz/ArduPilot/policies/A.RC.FS1/parameters.txt|baseline/pgfuzz/ArduPilot/policies/A.RC.FS2/parameters.txt|baseline/pgfuzz/ArduPilot/policies/A.RTL1/parameters.txt|baseline/pgfuzz/ArduPilot/policies/A.RTL2/parameters.txt|baseline/pgfuzz/ArduPilot/policies/A.RTL3/parameters.txt|baseline/pgfuzz/ArduPilot/policies/A.RTL4/parameters.txt|baseline/pgfuzz/ArduPilot/policies/A.SPORT1/parameters.txt,EXACT_CURRENT_DEFINITION,RNGFND1_POS_Z,EXACT_NAME_DEFINITION,,,baseline/ardupilot/libraries/AP_RangeFinder/AP_RangeFinder_Params.cpp:175,exact_metadata_unique,not_exposed_by_param_metadata_parser,,,UNKNOWN,baseline/ardupilot/libraries/AP_RangeFinder/AP_RangeFinder_Params.cpp:175,当前目录没有可用默认值证据。,-5,5,0.01,m,,not_compile_option_resolved,protocol_capable_runtime_presence_not_observed,,,,NOT_TESTED,,NOT_APPLICABLE,,参数身份和定义位置已找到；这不证明它与该性质存在真实数据依赖，也未执行写入变更测试。,NOT_ASSESSED
ArduPilot,InputP,RNGFND_GAIN,30,A.ALT_HOLD1|A.ALT_HOLD2|A.AUTO1|A.BRAKE1|A.CHUTE1|A.CIRCLE1|A.CIRCLE2|A.CIRCLE3|A.CIRCLE4|A.CIRCLE5|A.CIRCLE6|A.CIRCLE7|A.DRIFT1|A.FLIP1|A.FLIP2|A.FLIP3|A.FLIPGeneral|A.GPS.FS1|A.GPS.FS2|A.GUIDED1|A.LAND1|A.LAND2|A.LOITER1|A.RC.FS1|A.RC.FS2|A.RTL1|A.RTL2|A.RTL3|A.RTL4|A.SPORT1,"RNGFND_GAIN,X,0.8,0.01,2,0.01",baseline/pgfuzz/ArduPilot/policies/A.ALT_HOLD1/parameters.txt|baseline/pgfuzz/ArduPilot/policies/A.ALT_HOLD2/parameters.txt|baseline/pgfuzz/ArduPilot/policies/A.AUTO1/parameters.txt|baseline/pgfuzz/ArduPilot/policies/A.BRAKE1/parameters.txt|baseline/pgfuzz/ArduPilot/policies/A.CHUTE/parameters.txt|baseline/pgfuzz/ArduPilot/policies/A.CIRCLE1/parameters.txt|baseline/pgfuzz/ArduPilot/policies/A.CIRCLE2/parameters.txt|baseline/pgfuzz/ArduPilot/policies/A.CIRCLE3/parameters.txt|baseline/pgfuzz/ArduPilot/policies/A.CIRCLE4_6/parameters.txt|baseline/pgfuzz/ArduPilot/policies/A.CIRCLE7/parameters.txt|baseline/pgfuzz/ArduPilot/policies/A.DRIFT1/parameters.txt|baseline/pgfuzz/ArduPilot/policies/A.FLIP1/parameters.txt|baseline/pgfuzz/ArduPilot/policies/A.FLIP2/parameters.txt|baseline/pgfuzz/ArduPilot/policies/A.FLIP3/parameters.txt|baseline/pgfuzz/ArduPilot/policies/A.FLIP4/parameters.txt|baseline/pgfuzz/ArduPilot/policies/A.GPS.FS1/parameters.txt|baseline/pgfuzz/ArduPilot/policies/A.GPS.FS2/parameters.txt|baseline/pgfuzz/ArduPilot/policies/A.GUIDED1/parameters.txt|baseline/pgfuzz/ArduPilot/policies/A.LAND1/parameters.txt|baseline/pgfuzz/ArduPilot/policies/A.LAND2/parameters.txt|baseline/pgfuzz/ArduPilot/policies/A.LOITER1/parameters.txt|baseline/pgfuzz/ArduPilot/policies/A.RC.FS1/parameters.txt|baseline/pgfuzz/ArduPilot/policies/A.RC.FS2/parameters.txt|baseline/pgfuzz/ArduPilot/policies/A.RTL1/parameters.txt|baseline/pgfuzz/ArduPilot/policies/A.RTL2/parameters.txt|baseline/pgfuzz/ArduPilot/policies/A.RTL3/parameters.txt|baseline/pgfuzz/ArduPilot/policies/A.RTL4/parameters.txt|baseline/pgfuzz/ArduPilot/policies/A.SPORT1/parameters.txt,CURRENT_DEFINITION_NOT_FOUND,RNGFND_GAIN,UNRESOLVED,,,,,,,,UNKNOWN,,当前目录没有可用默认值证据。,,,,,,,,,,,NOT_TESTED,,NOT_APPLICABLE,,当前只发现弃用槽位，没有可证明等价的现行参数。,NOT_ASSESSED
ArduPilot,InputP,RTL_ALT,30,A.ALT_HOLD1|A.ALT_HOLD2|A.AUTO1|A.BRAKE1|A.CHUTE1|A.CIRCLE1|A.CIRCLE2|A.CIRCLE3|A.CIRCLE4|A.CIRCLE5|A.CIRCLE6|A.CIRCLE7|A.DRIFT1|A.FLIP1|A.FLIP2|A.FLIP3|A.FLIPGeneral|A.GPS.FS1|A.GPS.FS2|A.GUIDED1|A.LAND1|A.LAND2|A.LOITER1|A.RC.FS1|A.RC.FS2|A.RTL1|A.RTL2|A.RTL3|A.RTL4|A.SPORT1,"RTL_ALT,X,1500,200,8000,1",baseline/pgfuzz/ArduPilot/policies/A.ALT_HOLD1/parameters.txt|baseline/pgfuzz/ArduPilot/policies/A.ALT_HOLD2/parameters.txt|baseline/pgfuzz/ArduPilot/policies/A.AUTO1/parameters.txt|baseline/pgfuzz/ArduPilot/policies/A.BRAKE1/parameters.txt|baseline/pgfuzz/ArduPilot/policies/A.CHUTE/parameters.txt|baseline/pgfuzz/ArduPilot/policies/A.CIRCLE1/parameters.txt|baseline/pgfuzz/ArduPilot/policies/A.CIRCLE2/parameters.txt|baseline/pgfuzz/ArduPilot/policies/A.CIRCLE3/parameters.txt|baseline/pgfuzz/ArduPilot/policies/A.CIRCLE4_6/parameters.txt|baseline/pgfuzz/ArduPilot/policies/A.CIRCLE7/parameters.txt|baseline/pgfuzz/ArduPilot/policies/A.DRIFT1/parameters.txt|baseline/pgfuzz/ArduPilot/policies/A.FLIP1/parameters.txt|baseline/pgfuzz/ArduPilot/policies/A.FLIP2/parameters.txt|baseline/pgfuzz/ArduPilot/policies/A.FLIP3/parameters.txt|baseline/pgfuzz/ArduPilot/policies/A.FLIP4/parameters.txt|baseline/pgfuzz/ArduPilot/policies/A.GPS.FS1/parameters.txt|baseline/pgfuzz/ArduPilot/policies/A.GPS.FS2/parameters.txt|baseline/pgfuzz/ArduPilot/policies/A.GUIDED1/parameters.txt|baseline/pgfuzz/ArduPilot/policies/A.LAND1/parameters.txt|baseline/pgfuzz/ArduPilot/policies/A.LAND2/parameters.txt|baseline/pgfuzz/ArduPilot/policies/A.LOITER1/parameters.txt|baseline/pgfuzz/ArduPilot/policies/A.RC.FS1/parameters.txt|baseline/pgfuzz/ArduPilot/policies/A.RC.FS2/parameters.txt|baseline/pgfuzz/ArduPilot/policies/A.RTL1/parameters.txt|baseline/pgfuzz/ArduPilot/policies/A.RTL2/parameters.txt|baseline/pgfuzz/ArduPilot/policies/A.RTL3/parameters.txt|baseline/pgfuzz/ArduPilot/policies/A.RTL4/parameters.txt|baseline/pgfuzz/ArduPilot/policies/A.SPORT1/parameters.txt,RENAMED_CURRENT_DEFINITION,RTL_ALT_M,CURATED_RENAME_EXACT,baseline/ardupilot/ArduCopter/mode_rtl.cpp:54,当前名称增加米单位后缀；旧值常用厘米，不能直接沿用数值。,baseline/ardupilot/ArduCopter/mode_rtl.cpp:54|baseline/ardupilot/ArduCopter/mode_rtl.cpp:8,curated_alias_evidence,not_exposed_by_param_metadata_parser,RTL_ALT_M_DEFAULT),15,CURATED_FROZEN_SOURCE_RESOLUTION,baseline/ardupilot/ArduCopter/config.h:428,RTL_ALT_M_DEFAULT 在冻结源码中直接定义为 15 米。,0.30,3000,0.1,m,,confirmed_by_frozen_runtime_snapshot,observed_in_frozen_runtime_parameter_download,15.0,quad,ardupilot-copter-m6,NOT_TESTED,,NOT_APPLICABLE,,参数身份和定义位置已找到；这不证明它与该性质存在真实数据依赖，也未执行写入变更测试。,NOT_ASSESSED
ArduPilot,InputP,RTL_ALT_FINAL,30,A.ALT_HOLD1|A.ALT_HOLD2|A.AUTO1|A.BRAKE1|A.CHUTE1|A.CIRCLE1|A.CIRCLE2|A.CIRCLE3|A.CIRCLE4|A.CIRCLE5|A.CIRCLE6|A.CIRCLE7|A.DRIFT1|A.FLIP1|A.FLIP2|A.FLIP3|A.FLIPGeneral|A.GPS.FS1|A.GPS.FS2|A.GUIDED1|A.LAND1|A.LAND2|A.LOITER1|A.RC.FS1|A.RC.FS2|A.RTL1|A.RTL2|A.RTL3|A.RTL4|A.SPORT1,"RTL_ALT_FINAL,X,0,0,1000,1",baseline/pgfuzz/ArduPilot/policies/A.ALT_HOLD1/parameters.txt|baseline/pgfuzz/ArduPilot/policies/A.ALT_HOLD2/parameters.txt|baseline/pgfuzz/ArduPilot/policies/A.AUTO1/parameters.txt|baseline/pgfuzz/ArduPilot/policies/A.BRAKE1/parameters.txt|baseline/pgfuzz/ArduPilot/policies/A.CHUTE/parameters.txt|baseline/pgfuzz/ArduPilot/policies/A.CIRCLE1/parameters.txt|baseline/pgfuzz/ArduPilot/policies/A.CIRCLE2/parameters.txt|baseline/pgfuzz/ArduPilot/policies/A.CIRCLE3/parameters.txt|baseline/pgfuzz/ArduPilot/policies/A.CIRCLE4_6/parameters.txt|baseline/pgfuzz/ArduPilot/policies/A.CIRCLE7/parameters.txt|baseline/pgfuzz/ArduPilot/policies/A.DRIFT1/parameters.txt|baseline/pgfuzz/ArduPilot/policies/A.FLIP1/parameters.txt|baseline/pgfuzz/ArduPilot/policies/A.FLIP2/parameters.txt|baseline/pgfuzz/ArduPilot/policies/A.FLIP3/parameters.txt|baseline/pgfuzz/ArduPilot/policies/A.FLIP4/parameters.txt|baseline/pgfuzz/ArduPilot/policies/A.GPS.FS1/parameters.txt|baseline/pgfuzz/ArduPilot/policies/A.GPS.FS2/parameters.txt|baseline/pgfuzz/ArduPilot/policies/A.GUIDED1/parameters.txt|baseline/pgfuzz/ArduPilot/policies/A.LAND1/parameters.txt|baseline/pgfuzz/ArduPilot/policies/A.LAND2/parameters.txt|baseline/pgfuzz/ArduPilot/policies/A.LOITER1/parameters.txt|baseline/pgfuzz/ArduPilot/policies/A.RC.FS1/parameters.txt|baseline/pgfuzz/ArduPilot/policies/A.RC.FS2/parameters.txt|baseline/pgfuzz/ArduPilot/policies/A.RTL1/parameters.txt|baseline/pgfuzz/ArduPilot/policies/A.RTL2/parameters.txt|baseline/pgfuzz/ArduPilot/policies/A.RTL3/parameters.txt|baseline/pgfuzz/ArduPilot/policies/A.RTL4/parameters.txt|baseline/pgfuzz/ArduPilot/policies/A.SPORT1/parameters.txt,RENAMED_CURRENT_DEFINITION,RTL_ALT_FINAL_M,CURATED_RENAME_EXACT,baseline/ardupilot/ArduCopter/mode_rtl.cpp:54,当前名称增加米单位后缀；旧值常用厘米。,baseline/ardupilot/ArduCopter/mode_rtl.cpp:17|baseline/ardupilot/ArduCopter/mode_rtl.cpp:54,curated_alias_evidence,not_exposed_by_param_metadata_parser,RTL_ALT_FINAL_M_DEFAULT),RTL_ALT_FINAL_M_DEFAULT,SOURCE_METADATA_LITERAL_OR_EXPRESSION,baseline/ardupilot/ArduCopter/mode_rtl.cpp:17,保存参数目录解析出的字面值或未求值源码表达式；它不是运行值，宏表达式不能冒充已求值数值。,0,10,0.1,m,,confirmed_by_frozen_runtime_snapshot,observed_in_frozen_runtime_parameter_download,0.0,quad,ardupilot-copter-m6,NOT_TESTED,,NOT_APPLICABLE,,参数身份和定义位置已找到；这不证明它与该性质存在真实数据依赖，也未执行写入变更测试。,NOT_ASSESSED
ArduPilot,InputP,SIM_FLOW_POS_Z,30,A.ALT_HOLD1|A.ALT_HOLD2|A.AUTO1|A.BRAKE1|A.CHUTE1|A.CIRCLE1|A.CIRCLE2|A.CIRCLE3|A.CIRCLE4|A.CIRCLE5|A.CIRCLE6|A.CIRCLE7|A.DRIFT1|A.FLIP1|A.FLIP2|A.FLIP3|A.FLIPGeneral|A.GPS.FS1|A.GPS.FS2|A.GUIDED1|A.LAND1|A.LAND2|A.LOITER1|A.RC.FS1|A.RC.FS2|A.RTL1|A.RTL2|A.RTL3|A.RTL4|A.SPORT1,"SIM_FLOW_POS_Z,X,0,X,X,X",baseline/pgfuzz/ArduPilot/policies/A.ALT_HOLD1/parameters.txt|baseline/pgfuzz/ArduPilot/policies/A.ALT_HOLD2/parameters.txt|baseline/pgfuzz/ArduPilot/policies/A.AUTO1/parameters.txt|baseline/pgfuzz/ArduPilot/policies/A.BRAKE1/parameters.txt|baseline/pgfuzz/ArduPilot/policies/A.CHUTE/parameters.txt|baseline/pgfuzz/ArduPilot/policies/A.CIRCLE1/parameters.txt|baseline/pgfuzz/ArduPilot/policies/A.CIRCLE2/parameters.txt|baseline/pgfuzz/ArduPilot/policies/A.CIRCLE3/parameters.txt|baseline/pgfuzz/ArduPilot/policies/A.CIRCLE4_6/parameters.txt|baseline/pgfuzz/ArduPilot/policies/A.CIRCLE7/parameters.txt|baseline/pgfuzz/ArduPilot/policies/A.DRIFT1/parameters.txt|baseline/pgfuzz/ArduPilot/policies/A.FLIP1/parameters.txt|baseline/pgfuzz/ArduPilot/policies/A.FLIP2/parameters.txt|baseline/pgfuzz/ArduPilot/policies/A.FLIP3/parameters.txt|baseline/pgfuzz/ArduPilot/policies/A.FLIP4/parameters.txt|baseline/pgfuzz/ArduPilot/policies/A.GPS.FS1/parameters.txt|baseline/pgfuzz/ArduPilot/policies/A.GPS.FS2/parameters.txt|baseline/pgfuzz/ArduPilot/policies/A.GUIDED1/parameters.txt|baseline/pgfuzz/ArduPilot/policies/A.LAND1/parameters.txt|baseline/pgfuzz/ArduPilot/policies/A.LAND2/parameters.txt|baseline/pgfuzz/ArduPilot/policies/A.LOITER1/parameters.txt|baseline/pgfuzz/ArduPilot/policies/A.RC.FS1/parameters.txt|baseline/pgfuzz/ArduPilot/policies/A.RC.FS2/parameters.txt|baseline/pgfuzz/ArduPilot/policies/A.RTL1/parameters.txt|baseline/pgfuzz/ArduPilot/policies/A.RTL2/parameters.txt|baseline/pgfuzz/ArduPilot/policies/A.RTL3/parameters.txt|baseline/pgfuzz/ArduPilot/policies/A.RTL4/parameters.txt|baseline/pgfuzz/ArduPilot/policies/A.SPORT1/parameters.txt,EXACT_CURRENT_DEFINITION,SIM_FLOW_POS_Z,EXACT_NAME_DEFINITION,,,baseline/ardupilot/libraries/AP_RangeFinder/AP_RangeFinder_Params.cpp:175|baseline/ardupilot/libraries/AP_InertialSensor/AP_InertialSensor_Params.cpp:84|baseline/ardupilot/libraries/SITL/SIM_Vicon.cpp:47|baseline/ardupilot/libraries/AP_GPS/AP_GPS_Params.cpp:65,exact_metadata_multiple,not_exposed_by_param_metadata_parser,,,UNKNOWN,baseline/ardupilot/libraries/AP_RangeFinder/AP_RangeFinder_Params.cpp:175|baseline/ardupilot/libraries/AP_InertialSensor/AP_InertialSensor_Params.cpp:84|baseline/ardupilot/libraries/SITL/SIM_Vicon.cpp:47|baseline/ardupilot/libraries/AP_GPS/AP_GPS_Params.cpp:65,当前目录没有可用默认值证据。,,,,m,,confirmed_by_frozen_runtime_snapshot,observed_in_frozen_runtime_parameter_download,0.0,quad,ardupilot-copter-m6,NOT_TESTED,,NOT_APPLICABLE,,参数身份和定义位置已找到；这不证明它与该性质存在真实数据依赖，也未执行写入变更测试。,NOT_ASSESSED
ArduPilot,InputP,VISO_POS_Z,30,A.ALT_HOLD1|A.ALT_HOLD2|A.AUTO1|A.BRAKE1|A.CHUTE1|A.CIRCLE1|A.CIRCLE2|A.CIRCLE3|A.CIRCLE4|A.CIRCLE5|A.CIRCLE6|A.CIRCLE7|A.DRIFT1|A.FLIP1|A.FLIP2|A.FLIP3|A.FLIPGeneral|A.GPS.FS1|A.GPS.FS2|A.GUIDED1|A.LAND1|A.LAND2|A.LOITER1|A.RC.FS1|A.RC.FS2|A.RTL1|A.RTL2|A.RTL3|A.RTL4|A.SPORT1,"VISO_POS_Z,X,0,-5,5,0.01",baseline/pgfuzz/ArduPilot/policies/A.ALT_HOLD1/parameters.txt|baseline/pgfuzz/ArduPilot/policies/A.ALT_HOLD2/parameters.txt|baseline/pgfuzz/ArduPilot/policies/A.AUTO1/parameters.txt|baseline/pgfuzz/ArduPilot/policies/A.BRAKE1/parameters.txt|baseline/pgfuzz/ArduPilot/policies/A.CHUTE/parameters.txt|baseline/pgfuzz/ArduPilot/policies/A.CIRCLE1/parameters.txt|baseline/pgfuzz/ArduPilot/policies/A.CIRCLE2/parameters.txt|baseline/pgfuzz/ArduPilot/policies/A.CIRCLE3/parameters.txt|baseline/pgfuzz/ArduPilot/policies/A.CIRCLE4_6/parameters.txt|baseline/pgfuzz/ArduPilot/policies/A.CIRCLE7/parameters.txt|baseline/pgfuzz/ArduPilot/policies/A.DRIFT1/parameters.txt|baseline/pgfuzz/ArduPilot/policies/A.FLIP1/parameters.txt|baseline/pgfuzz/ArduPilot/policies/A.FLIP2/parameters.txt|baseline/pgfuzz/ArduPilot/policies/A.FLIP3/parameters.txt|baseline/pgfuzz/ArduPilot/policies/A.FLIP4/parameters.txt|baseline/pgfuzz/ArduPilot/policies/A.GPS.FS1/parameters.txt|baseline/pgfuzz/ArduPilot/policies/A.GPS.FS2/parameters.txt|baseline/pgfuzz/ArduPilot/policies/A.GUIDED1/parameters.txt|baseline/pgfuzz/ArduPilot/policies/A.LAND1/parameters.txt|baseline/pgfuzz/ArduPilot/policies/A.LAND2/parameters.txt|baseline/pgfuzz/ArduPilot/policies/A.LOITER1/parameters.txt|baseline/pgfuzz/ArduPilot/policies/A.RC.FS1/parameters.txt|baseline/pgfuzz/ArduPilot/policies/A.RC.FS2/parameters.txt|baseline/pgfuzz/ArduPilot/policies/A.RTL1/parameters.txt|baseline/pgfuzz/ArduPilot/policies/A.RTL2/parameters.txt|baseline/pgfuzz/ArduPilot/policies/A.RTL3/parameters.txt|baseline/pgfuzz/ArduPilot/policies/A.RTL4/parameters.txt|baseline/pgfuzz/ArduPilot/policies/A.SPORT1/parameters.txt,EXACT_CURRENT_DEFINITION,VISO_POS_Z,EXACT_NAME_DEFINITION,,,baseline/ardupilot/libraries/AP_RangeFinder/AP_RangeFinder_Params.cpp:175|baseline/ardupilot/libraries/AP_InertialSensor/AP_InertialSensor_Params.cpp:84|baseline/ardupilot/libraries/AP_GPS/AP_GPS_Params.cpp:65,exact_metadata_multiple,not_exposed_by_param_metadata_parser,,,UNKNOWN,baseline/ardupilot/libraries/AP_RangeFinder/AP_RangeFinder_Params.cpp:175|baseline/ardupilot/libraries/AP_InertialSensor/AP_InertialSensor_Params.cpp:84|baseline/ardupilot/libraries/AP_GPS/AP_GPS_Params.cpp:65,当前目录没有可用默认值证据。,-5,5,0.01,m,,not_compile_option_resolved,protocol_capable_runtime_presence_not_observed,,,,NOT_TESTED,,NOT_APPLICABLE,,参数身份和定义位置已找到；这不证明它与该性质存在真实数据依赖，也未执行写入变更测试。,NOT_ASSESSED
ArduPilot,InputP,WP_NAVALT_MIN,30,A.ALT_HOLD1|A.ALT_HOLD2|A.AUTO1|A.BRAKE1|A.CHUTE1|A.CIRCLE1|A.CIRCLE2|A.CIRCLE3|A.CIRCLE4|A.CIRCLE5|A.CIRCLE6|A.CIRCLE7|A.DRIFT1|A.FLIP1|A.FLIP2|A.FLIP3|A.FLIPGeneral|A.GPS.FS1|A.GPS.FS2|A.GUIDED1|A.LAND1|A.LAND2|A.LOITER1|A.RC.FS1|A.RC.FS2|A.RTL1|A.RTL2|A.RTL3|A.RTL4|A.SPORT1,"WP_NAVALT_MIN,X,0,0,5,X",baseline/pgfuzz/ArduPilot/policies/A.ALT_HOLD1/parameters.txt|baseline/pgfuzz/ArduPilot/policies/A.ALT_HOLD2/parameters.txt|baseline/pgfuzz/ArduPilot/policies/A.AUTO1/parameters.txt|baseline/pgfuzz/ArduPilot/policies/A.BRAKE1/parameters.txt|baseline/pgfuzz/ArduPilot/policies/A.CHUTE/parameters.txt|baseline/pgfuzz/ArduPilot/policies/A.CIRCLE1/parameters.txt|baseline/pgfuzz/ArduPilot/policies/A.CIRCLE2/parameters.txt|baseline/pgfuzz/ArduPilot/policies/A.CIRCLE3/parameters.txt|baseline/pgfuzz/ArduPilot/policies/A.CIRCLE4_6/parameters.txt|baseline/pgfuzz/ArduPilot/policies/A.CIRCLE7/parameters.txt|baseline/pgfuzz/ArduPilot/policies/A.DRIFT1/parameters.txt|baseline/pgfuzz/ArduPilot/policies/A.FLIP1/parameters.txt|baseline/pgfuzz/ArduPilot/policies/A.FLIP2/parameters.txt|baseline/pgfuzz/ArduPilot/policies/A.FLIP3/parameters.txt|baseline/pgfuzz/ArduPilot/policies/A.FLIP4/parameters.txt|baseline/pgfuzz/ArduPilot/policies/A.GPS.FS1/parameters.txt|baseline/pgfuzz/ArduPilot/policies/A.GPS.FS2/parameters.txt|baseline/pgfuzz/ArduPilot/policies/A.GUIDED1/parameters.txt|baseline/pgfuzz/ArduPilot/policies/A.LAND1/parameters.txt|baseline/pgfuzz/ArduPilot/policies/A.LAND2/parameters.txt|baseline/pgfuzz/ArduPilot/policies/A.LOITER1/parameters.txt|baseline/pgfuzz/ArduPilot/policies/A.RC.FS1/parameters.txt|baseline/pgfuzz/ArduPilot/policies/A.RC.FS2/parameters.txt|baseline/pgfuzz/ArduPilot/policies/A.RTL1/parameters.txt|baseline/pgfuzz/ArduPilot/policies/A.RTL2/parameters.txt|baseline/pgfuzz/ArduPilot/policies/A.RTL3/parameters.txt|baseline/pgfuzz/ArduPilot/policies/A.RTL4/parameters.txt|baseline/pgfuzz/ArduPilot/policies/A.SPORT1/parameters.txt,EXACT_CURRENT_DEFINITION,WP_NAVALT_MIN,EXACT_NAME_DEFINITION,,,baseline/ardupilot/ArduCopter/Parameters.cpp:602,exact_metadata_unique,not_exposed_by_param_metadata_parser,,,UNKNOWN,baseline/ardupilot/ArduCopter/Parameters.cpp:602,当前目录没有可用默认值证据。,0,5,,m,,confirmed_by_frozen_runtime_snapshot,observed_in_frozen_runtime_parameter_download,0.0,quad,ardupilot-copter-m6,NOT_TESTED,,NOT_APPLICABLE,,参数身份和定义位置已找到；这不证明它与该性质存在真实数据依赖，也未执行写入变更测试。,NOT_ASSESSED
ArduPilot,PRECONDITION,CHUTE_ENABLED,1,A.CHUTE1,CHUTE_ENABLED 1,baseline/pgfuzz/ArduPilot/policies/A.CHUTE/preconditions.txt,EXACT_CURRENT_DEFINITION,CHUTE_ENABLED,EXACT_NAME_DEFINITION,,,baseline/ardupilot/libraries/AP_Parachute/AP_Parachute.cpp:19,exact_metadata_unique,not_exposed_by_param_metadata_parser,0,0,SOURCE_METADATA_LITERAL_OR_EXPRESSION,baseline/ardupilot/libraries/AP_Parachute/AP_Parachute.cpp:19,保存参数目录解析出的字面值或未求值源码表达式；它不是运行值，宏表达式不能冒充已求值数值。,,,,,,confirmed_by_frozen_runtime_snapshot,observed_in_frozen_runtime_parameter_download,0,quad,ardupilot-copter-m6,NOT_TESTED,,NOT_APPLICABLE,,参数身份和定义位置已找到；这不证明它与该性质存在真实数据依赖，也未执行写入变更测试。,NOT_ASSESSED
ArduPilot,PRECONDITION,CHUTE_TYPE,1,A.CHUTE1,CHUTE_TYPE 10,baseline/pgfuzz/ArduPilot/policies/A.CHUTE/preconditions.txt,EXACT_CURRENT_DEFINITION,CHUTE_TYPE,EXACT_NAME_DEFINITION,,,baseline/ardupilot/libraries/AP_Parachute/AP_Parachute.cpp:26,exact_metadata_unique,not_exposed_by_param_metadata_parser,AP_PARACHUTE_TRIGGER_TYPE_RELAY_0),AP_PARACHUTE_TRIGGER_TYPE_RELAY_0,SOURCE_METADATA_LITERAL_OR_EXPRESSION,baseline/ardupilot/libraries/AP_Parachute/AP_Parachute.cpp:26,保存参数目录解析出的字面值或未求值源码表达式；它不是运行值，宏表达式不能冒充已求值数值。,,,,,,not_compile_option_resolved,protocol_capable_runtime_presence_not_observed,,,,NOT_TESTED,,NOT_APPLICABLE,,参数身份和定义位置已找到；这不证明它与该性质存在真实数据依赖，也未执行写入变更测试。,NOT_ASSESSED
ArduPilot,PRECONDITION,SERVO9_FUNCTION,1,A.CHUTE1,SERVO9_FUNCTION 27,baseline/pgfuzz/ArduPilot/policies/A.CHUTE/preconditions.txt,EXACT_CURRENT_DEFINITION,SERVO9_FUNCTION,EXACT_NAME_DEFINITION,,,baseline/ardupilot/libraries/SRV_Channel/SRV_Channel.cpp:64,exact_metadata_unique,not_exposed_by_param_metadata_parser,0),0,SOURCE_METADATA_LITERAL_OR_EXPRESSION,baseline/ardupilot/libraries/SRV_Channel/SRV_Channel.cpp:64,保存参数目录解析出的字面值或未求值源码表达式；它不是运行值，宏表达式不能冒充已求值数值。,,,,,True,confirmed_by_frozen_runtime_snapshot,observed_in_frozen_runtime_parameter_download,0,quad,ardupilot-copter-m6,NOT_TESTED,,NOT_APPLICABLE,,参数身份和定义位置已找到；这不证明它与该性质存在真实数据依赖，也未执行写入变更测试。,NOT_ASSESSED
ArduPilot,PRECONDITION,SIM_PARA_ENABLE,1,A.CHUTE1,SIM_PARA_ENABLE 1,baseline/pgfuzz/ArduPilot/policies/A.CHUTE/preconditions.txt,EXACT_CURRENT_DEFINITION,SIM_PARA_ENABLE,EXACT_NAME_DEFINITION,,,baseline/ardupilot/libraries/SITL/SIM_Parachute.cpp:29,exact_metadata_unique,not_exposed_by_param_metadata_parser,0),0,SOURCE_METADATA_LITERAL_OR_EXPRESSION,baseline/ardupilot/libraries/SITL/SIM_Parachute.cpp:29,保存参数目录解析出的字面值或未求值源码表达式；它不是运行值，宏表达式不能冒充已求值数值。,,,,,,confirmed_by_frozen_runtime_snapshot,observed_in_frozen_runtime_parameter_download,0,quad,ardupilot-copter-m6,NOT_TESTED,,NOT_APPLICABLE,,参数身份和定义位置已找到；这不证明它与该性质存在真实数据依赖，也未执行写入变更测试。,NOT_ASSESSED
ArduPilot,PRECONDITION,SIM_PARA_PIN,1,A.CHUTE1,SIM_PARA_PIN 9,baseline/pgfuzz/ArduPilot/policies/A.CHUTE/preconditions.txt,EXACT_CURRENT_DEFINITION,SIM_PARA_PIN,EXACT_NAME_DEFINITION,,,baseline/ardupilot/libraries/SITL/SIM_Parachute.cpp:36,exact_metadata_unique,not_exposed_by_param_metadata_parser,-1),-1,SOURCE_METADATA_LITERAL_OR_EXPRESSION,baseline/ardupilot/libraries/SITL/SIM_Parachute.cpp:36,保存参数目录解析出的字面值或未求值源码表达式；它不是运行值，宏表达式不能冒充已求值数值。,0,15,,,,confirmed_by_frozen_runtime_snapshot,observed_in_frozen_runtime_parameter_download,-1,quad,ardupilot-copter-m6,NOT_TESTED,,NOT_APPLICABLE,,参数身份和定义位置已找到；这不证明它与该性质存在真实数据依赖，也未执行写入变更测试。,NOT_ASSESSED
PX4,InputC,Flight_Mode,30,PX.ALTITUDE1|PX.GPS.FS1|PX.GPS.FS2|PX.GPS.FS3|PX.HOLD1|PX.HOLD2|PX.LAND1|PX.ORBIT1|PX.ORBIT2|PX.ORBIT3|PX.ORBIT4|PX.ORBIT5|PX.ORBIT6|PX.POSITION1|PX.RTL1|PX.RTL2|PX.RTL3|PX.RTL4|PX.RTL5|PX.TAKEOFF1|PX.TAKEOFF2,"Flight_Mode,11 || Flight_Mode,2 || Flight_Mode,3 || Flight_Mode,5 || Flight_Mode,6 || Flight_Mode,7",baseline/pgfuzz/PX4/policies/PX.ALTITUDE1/cmds.txt|baseline/pgfuzz/PX4/policies/PX.GPS.FS1/cmds.txt|baseline/pgfuzz/PX4/policies/PX.GPS.FS2/cmds.txt|baseline/pgfuzz/PX4/policies/PX.GPS.FS3/cmds.txt|baseline/pgfuzz/PX4/policies/PX.HOLD1/cmds.txt|baseline/pgfuzz/PX4/policies/PX.HOLD2/cmds.txt|baseline/pgfuzz/PX4/policies/PX.LAND1/cmds.txt|baseline/pgfuzz/PX4/policies/PX.ORBIT1/cmds.txt|baseline/pgfuzz/PX4/policies/PX.ORBIT2/cmds.txt|baseline/pgfuzz/PX4/policies/PX.ORBIT3/cmds.txt|baseline/pgfuzz/PX4/policies/PX.ORBIT4_5/cmds.txt|baseline/pgfuzz/PX4/policies/PX.ORBIT6/cmds.txt|baseline/pgfuzz/PX4/policies/PX.POSITION1/cmds.txt|baseline/pgfuzz/PX4/policies/PX.RTL1/cmds.txt|baseline/pgfuzz/PX4/policies/PX.RTL2/cmds.txt|baseline/pgfuzz/PX4/policies/PX.RTL3/cmds.txt|baseline/pgfuzz/PX4/policies/PX.RTL4/cmds.txt|baseline/pgfuzz/PX4/policies/PX.RTL5/cmds.txt|baseline/pgfuzz/PX4/policies/PX.TAKEOFF1/cmds.txt|baseline/pgfuzz/PX4/policies/PX.TAKEOFF2/cmds.txt,SPECIAL_CONTROL_INPUT,Flight_Mode,MODELLED_SPECIAL_INPUT,,,,,,,,UNKNOWN,,当前目录没有可用默认值证据。,,,,,,,,,,,NOT_TESTED,,NOT_APPLICABLE,,这是 PGFuzz 自定义输入编码；后续必须绑定到当前模式或遥控接收路径，不能把数字直接当当前枚举。,NOT_ASSESSED
PX4,InputC,MAV_CMD_COMPONENT_ARM_DISARM,15,PX.ALTITUDE1|PX.GPS.FS1|PX.GPS.FS2|PX.GPS.FS3|PX.HOLD1|PX.HOLD2|PX.LAND1|PX.POSITION1|PX.RTL1|PX.RTL2|PX.RTL3|PX.RTL4|PX.RTL5|PX.TAKEOFF1|PX.TAKEOFF2,"MAV_CMD_COMPONENT_ARM_DISARM,400",baseline/pgfuzz/PX4/policies/PX.ALTITUDE1/cmds.txt|baseline/pgfuzz/PX4/policies/PX.GPS.FS1/cmds.txt|baseline/pgfuzz/PX4/policies/PX.GPS.FS2/cmds.txt|baseline/pgfuzz/PX4/policies/PX.GPS.FS3/cmds.txt|baseline/pgfuzz/PX4/policies/PX.HOLD1/cmds.txt|baseline/pgfuzz/PX4/policies/PX.HOLD2/cmds.txt|baseline/pgfuzz/PX4/policies/PX.LAND1/cmds.txt|baseline/pgfuzz/PX4/policies/PX.POSITION1/cmds.txt|baseline/pgfuzz/PX4/policies/PX.RTL1/cmds.txt|baseline/pgfuzz/PX4/policies/PX.RTL2/cmds.txt|baseline/pgfuzz/PX4/policies/PX.RTL3/cmds.txt|baseline/pgfuzz/PX4/policies/PX.RTL4/cmds.txt|baseline/pgfuzz/PX4/policies/PX.RTL5/cmds.txt|baseline/pgfuzz/PX4/policies/PX.TAKEOFF1/cmds.txt|baseline/pgfuzz/PX4/policies/PX.TAKEOFF2/cmds.txt,COMMAND_XML_DEFINITION_FOUND,MAV_CMD_COMPONENT_ARM_DISARM,EXACT_NAME_XML_DEFINITION,,,,,,,,UNKNOWN,,当前目录没有可用默认值证据。,,,,,,,,,,,NOT_TESTED,400,MATCH,baseline/px4/src/modules/mavlink/mavlink/message_definitions/v1.0/common.xml:1983,只确认协议 XML 定义；未由此证明当前飞控构建接受、执行或影响该性质。,NOT_ASSESSED
PX4,InputC,MAV_CMD_CONDITION_DELAY,15,PX.ALTITUDE1|PX.GPS.FS1|PX.GPS.FS2|PX.GPS.FS3|PX.HOLD1|PX.HOLD2|PX.LAND1|PX.POSITION1|PX.RTL1|PX.RTL2|PX.RTL3|PX.RTL4|PX.RTL5|PX.TAKEOFF1|PX.TAKEOFF2,"MAV_CMD_CONDITION_DELAY,112",baseline/pgfuzz/PX4/policies/PX.ALTITUDE1/cmds.txt|baseline/pgfuzz/PX4/policies/PX.GPS.FS1/cmds.txt|baseline/pgfuzz/PX4/policies/PX.GPS.FS2/cmds.txt|baseline/pgfuzz/PX4/policies/PX.GPS.FS3/cmds.txt|baseline/pgfuzz/PX4/policies/PX.HOLD1/cmds.txt|baseline/pgfuzz/PX4/policies/PX.HOLD2/cmds.txt|baseline/pgfuzz/PX4/policies/PX.LAND1/cmds.txt|baseline/pgfuzz/PX4/policies/PX.POSITION1/cmds.txt|baseline/pgfuzz/PX4/policies/PX.RTL1/cmds.txt|baseline/pgfuzz/PX4/policies/PX.RTL2/cmds.txt|baseline/pgfuzz/PX4/policies/PX.RTL3/cmds.txt|baseline/pgfuzz/PX4/policies/PX.RTL4/cmds.txt|baseline/pgfuzz/PX4/policies/PX.RTL5/cmds.txt|baseline/pgfuzz/PX4/policies/PX.TAKEOFF1/cmds.txt|baseline/pgfuzz/PX4/policies/PX.TAKEOFF2/cmds.txt,COMMAND_XML_DEFINITION_FOUND,MAV_CMD_CONDITION_DELAY,EXACT_NAME_XML_DEFINITION,,,,,,,,UNKNOWN,,当前目录没有可用默认值证据。,,,,,,,,,,,NOT_TESTED,112,MATCH,baseline/px4/src/modules/mavlink/mavlink/message_definitions/v1.0/common.xml:1329,只确认协议 XML 定义；未由此证明当前飞控构建接受、执行或影响该性质。,NOT_ASSESSED
PX4,InputC,MAV_CMD_CONDITION_DISTANCE,15,PX.ALTITUDE1|PX.GPS.FS1|PX.GPS.FS2|PX.GPS.FS3|PX.HOLD1|PX.HOLD2|PX.LAND1|PX.POSITION1|PX.RTL1|PX.RTL2|PX.RTL3|PX.RTL4|PX.RTL5|PX.TAKEOFF1|PX.TAKEOFF2,"MAV_CMD_CONDITION_DISTANCE,114",baseline/pgfuzz/PX4/policies/PX.ALTITUDE1/cmds.txt|baseline/pgfuzz/PX4/policies/PX.GPS.FS1/cmds.txt|baseline/pgfuzz/PX4/policies/PX.GPS.FS2/cmds.txt|baseline/pgfuzz/PX4/policies/PX.GPS.FS3/cmds.txt|baseline/pgfuzz/PX4/policies/PX.HOLD1/cmds.txt|baseline/pgfuzz/PX4/policies/PX.HOLD2/cmds.txt|baseline/pgfuzz/PX4/policies/PX.LAND1/cmds.txt|baseline/pgfuzz/PX4/policies/PX.POSITION1/cmds.txt|baseline/pgfuzz/PX4/policies/PX.RTL1/cmds.txt|baseline/pgfuzz/PX4/policies/PX.RTL2/cmds.txt|baseline/pgfuzz/PX4/policies/PX.RTL3/cmds.txt|baseline/pgfuzz/PX4/policies/PX.RTL4/cmds.txt|baseline/pgfuzz/PX4/policies/PX.RTL5/cmds.txt|baseline/pgfuzz/PX4/policies/PX.TAKEOFF1/cmds.txt|baseline/pgfuzz/PX4/policies/PX.TAKEOFF2/cmds.txt,COMMAND_XML_DEFINITION_FOUND,MAV_CMD_CONDITION_DISTANCE,EXACT_NAME_XML_DEFINITION,,,,,,,,UNKNOWN,,当前目录没有可用默认值证据。,,,,,,,,,,,NOT_TESTED,114,MATCH,baseline/px4/src/modules/mavlink/mavlink/message_definitions/v1.0/common.xml:1349,只确认协议 XML 定义；未由此证明当前飞控构建接受、执行或影响该性质。,NOT_ASSESSED
PX4,InputC,MAV_CMD_CONDITION_YAW,15,PX.ALTITUDE1|PX.GPS.FS1|PX.GPS.FS2|PX.GPS.FS3|PX.HOLD1|PX.HOLD2|PX.LAND1|PX.POSITION1|PX.RTL1|PX.RTL2|PX.RTL3|PX.RTL4|PX.RTL5|PX.TAKEOFF1|PX.TAKEOFF2,"MAV_CMD_CONDITION_YAW,115",baseline/pgfuzz/PX4/policies/PX.ALTITUDE1/cmds.txt|baseline/pgfuzz/PX4/policies/PX.GPS.FS1/cmds.txt|baseline/pgfuzz/PX4/policies/PX.GPS.FS2/cmds.txt|baseline/pgfuzz/PX4/policies/PX.GPS.FS3/cmds.txt|baseline/pgfuzz/PX4/policies/PX.HOLD1/cmds.txt|baseline/pgfuzz/PX4/policies/PX.HOLD2/cmds.txt|baseline/pgfuzz/PX4/policies/PX.LAND1/cmds.txt|baseline/pgfuzz/PX4/policies/PX.POSITION1/cmds.txt|baseline/pgfuzz/PX4/policies/PX.RTL1/cmds.txt|baseline/pgfuzz/PX4/policies/PX.RTL2/cmds.txt|baseline/pgfuzz/PX4/policies/PX.RTL3/cmds.txt|baseline/pgfuzz/PX4/policies/PX.RTL4/cmds.txt|baseline/pgfuzz/PX4/policies/PX.RTL5/cmds.txt|baseline/pgfuzz/PX4/policies/PX.TAKEOFF1/cmds.txt|baseline/pgfuzz/PX4/policies/PX.TAKEOFF2/cmds.txt,COMMAND_XML_DEFINITION_FOUND,MAV_CMD_CONDITION_YAW,EXACT_NAME_XML_DEFINITION,,,,,,,,UNKNOWN,,当前目录没有可用默认值证据。,,,,,,,,,,,NOT_TESTED,115,MATCH,baseline/px4/src/modules/mavlink/mavlink/message_definitions/v1.0/common.xml:1359,只确认协议 XML 定义；未由此证明当前飞控构建接受、执行或影响该性质。,NOT_ASSESSED
PX4,InputC,MAV_CMD_DO_ACCEPT_MAG_CAL,21,PX.ALTITUDE1|PX.GPS.FS1|PX.GPS.FS2|PX.GPS.FS3|PX.HOLD1|PX.HOLD2|PX.LAND1|PX.ORBIT1|PX.ORBIT2|PX.ORBIT3|PX.ORBIT4|PX.ORBIT5|PX.ORBIT6|PX.POSITION1|PX.RTL1|PX.RTL2|PX.RTL3|PX.RTL4|PX.RTL5|PX.TAKEOFF1|PX.TAKEOFF2,"MAV_CMD_DO_ACCEPT_MAG_CAL,42425",baseline/pgfuzz/PX4/policies/PX.ALTITUDE1/cmds.txt|baseline/pgfuzz/PX4/policies/PX.GPS.FS1/cmds.txt|baseline/pgfuzz/PX4/policies/PX.GPS.FS2/cmds.txt|baseline/pgfuzz/PX4/policies/PX.GPS.FS3/cmds.txt|baseline/pgfuzz/PX4/policies/PX.HOLD1/cmds.txt|baseline/pgfuzz/PX4/policies/PX.HOLD2/cmds.txt|baseline/pgfuzz/PX4/policies/PX.LAND1/cmds.txt|baseline/pgfuzz/PX4/policies/PX.ORBIT1/cmds.txt|baseline/pgfuzz/PX4/policies/PX.ORBIT2/cmds.txt|baseline/pgfuzz/PX4/policies/PX.ORBIT3/cmds.txt|baseline/pgfuzz/PX4/policies/PX.ORBIT4_5/cmds.txt|baseline/pgfuzz/PX4/policies/PX.ORBIT6/cmds.txt|baseline/pgfuzz/PX4/policies/PX.POSITION1/cmds.txt|baseline/pgfuzz/PX4/policies/PX.RTL1/cmds.txt|baseline/pgfuzz/PX4/policies/PX.RTL2/cmds.txt|baseline/pgfuzz/PX4/policies/PX.RTL3/cmds.txt|baseline/pgfuzz/PX4/policies/PX.RTL4/cmds.txt|baseline/pgfuzz/PX4/policies/PX.RTL5/cmds.txt|baseline/pgfuzz/PX4/policies/PX.TAKEOFF1/cmds.txt|baseline/pgfuzz/PX4/policies/PX.TAKEOFF2/cmds.txt,COMMAND_XML_DEFINITION_NOT_FOUND,MAV_CMD_DO_ACCEPT_MAG_CAL,UNRESOLVED,,,,,,,,UNKNOWN,,当前目录没有可用默认值证据。,,,,,,,,,,,NOT_TESTED,,NOT_APPLICABLE,,当前固定 MAVLink XML 未找到同名命令；没有据此猜测替代命令。,NOT_ASSESSED
PX4,InputC,MAV_CMD_DO_AUTOTUNE_ENABLE,15,PX.ALTITUDE1|PX.GPS.FS1|PX.GPS.FS2|PX.GPS.FS3|PX.HOLD1|PX.HOLD2|PX.LAND1|PX.POSITION1|PX.RTL1|PX.RTL2|PX.RTL3|PX.RTL4|PX.RTL5|PX.TAKEOFF1|PX.TAKEOFF2,"MAV_CMD_DO_AUTOTUNE_ENABLE,212",baseline/pgfuzz/PX4/policies/PX.ALTITUDE1/cmds.txt|baseline/pgfuzz/PX4/policies/PX.GPS.FS1/cmds.txt|baseline/pgfuzz/PX4/policies/PX.GPS.FS2/cmds.txt|baseline/pgfuzz/PX4/policies/PX.GPS.FS3/cmds.txt|baseline/pgfuzz/PX4/policies/PX.HOLD1/cmds.txt|baseline/pgfuzz/PX4/policies/PX.HOLD2/cmds.txt|baseline/pgfuzz/PX4/policies/PX.LAND1/cmds.txt|baseline/pgfuzz/PX4/policies/PX.POSITION1/cmds.txt|baseline/pgfuzz/PX4/policies/PX.RTL1/cmds.txt|baseline/pgfuzz/PX4/policies/PX.RTL2/cmds.txt|baseline/pgfuzz/PX4/policies/PX.RTL3/cmds.txt|baseline/pgfuzz/PX4/policies/PX.RTL4/cmds.txt|baseline/pgfuzz/PX4/policies/PX.RTL5/cmds.txt|baseline/pgfuzz/PX4/policies/PX.TAKEOFF1/cmds.txt|baseline/pgfuzz/PX4/policies/PX.TAKEOFF2/cmds.txt,COMMAND_XML_DEFINITION_FOUND,MAV_CMD_DO_AUTOTUNE_ENABLE,EXACT_NAME_XML_DEFINITION,,,,,,,,UNKNOWN,,当前目录没有可用默认值证据。,,,,,,,,,,,NOT_TESTED,212,MATCH,baseline/px4/src/modules/mavlink/mavlink/message_definitions/v1.0/common.xml:1769,只确认协议 XML 定义；未由此证明当前飞控构建接受、执行或影响该性质。,NOT_ASSESSED
PX4,InputC,MAV_CMD_DO_CANCEL_MAG_CAL,21,PX.ALTITUDE1|PX.GPS.FS1|PX.GPS.FS2|PX.GPS.FS3|PX.HOLD1|PX.HOLD2|PX.LAND1|PX.ORBIT1|PX.ORBIT2|PX.ORBIT3|PX.ORBIT4|PX.ORBIT5|PX.ORBIT6|PX.POSITION1|PX.RTL1|PX.RTL2|PX.RTL3|PX.RTL4|PX.RTL5|PX.TAKEOFF1|PX.TAKEOFF2,"MAV_CMD_DO_CANCEL_MAG_CAL,42426",baseline/pgfuzz/PX4/policies/PX.ALTITUDE1/cmds.txt|baseline/pgfuzz/PX4/policies/PX.GPS.FS1/cmds.txt|baseline/pgfuzz/PX4/policies/PX.GPS.FS2/cmds.txt|baseline/pgfuzz/PX4/policies/PX.GPS.FS3/cmds.txt|baseline/pgfuzz/PX4/policies/PX.HOLD1/cmds.txt|baseline/pgfuzz/PX4/policies/PX.HOLD2/cmds.txt|baseline/pgfuzz/PX4/policies/PX.LAND1/cmds.txt|baseline/pgfuzz/PX4/policies/PX.ORBIT1/cmds.txt|baseline/pgfuzz/PX4/policies/PX.ORBIT2/cmds.txt|baseline/pgfuzz/PX4/policies/PX.ORBIT3/cmds.txt|baseline/pgfuzz/PX4/policies/PX.ORBIT4_5/cmds.txt|baseline/pgfuzz/PX4/policies/PX.ORBIT6/cmds.txt|baseline/pgfuzz/PX4/policies/PX.POSITION1/cmds.txt|baseline/pgfuzz/PX4/policies/PX.RTL1/cmds.txt|baseline/pgfuzz/PX4/policies/PX.RTL2/cmds.txt|baseline/pgfuzz/PX4/policies/PX.RTL3/cmds.txt|baseline/pgfuzz/PX4/policies/PX.RTL4/cmds.txt|baseline/pgfuzz/PX4/policies/PX.RTL5/cmds.txt|baseline/pgfuzz/PX4/policies/PX.TAKEOFF1/cmds.txt|baseline/pgfuzz/PX4/policies/PX.TAKEOFF2/cmds.txt,COMMAND_XML_DEFINITION_NOT_FOUND,MAV_CMD_DO_CANCEL_MAG_CAL,UNRESOLVED,,,,,,,,UNKNOWN,,当前目录没有可用默认值证据。,,,,,,,,,,,NOT_TESTED,,NOT_APPLICABLE,,当前固定 MAVLink XML 未找到同名命令；没有据此猜测替代命令。,NOT_ASSESSED
PX4,InputC,MAV_CMD_DO_CHANGE_SPEED,15,PX.ALTITUDE1|PX.GPS.FS1|PX.GPS.FS2|PX.GPS.FS3|PX.HOLD1|PX.HOLD2|PX.LAND1|PX.POSITION1|PX.RTL1|PX.RTL2|PX.RTL3|PX.RTL4|PX.RTL5|PX.TAKEOFF1|PX.TAKEOFF2,"MAV_CMD_DO_CHANGE_SPEED,178",baseline/pgfuzz/PX4/policies/PX.ALTITUDE1/cmds.txt|baseline/pgfuzz/PX4/policies/PX.GPS.FS1/cmds.txt|baseline/pgfuzz/PX4/policies/PX.GPS.FS2/cmds.txt|baseline/pgfuzz/PX4/policies/PX.GPS.FS3/cmds.txt|baseline/pgfuzz/PX4/policies/PX.HOLD1/cmds.txt|baseline/pgfuzz/PX4/policies/PX.HOLD2/cmds.txt|baseline/pgfuzz/PX4/policies/PX.LAND1/cmds.txt|baseline/pgfuzz/PX4/policies/PX.POSITION1/cmds.txt|baseline/pgfuzz/PX4/policies/PX.RTL1/cmds.txt|baseline/pgfuzz/PX4/policies/PX.RTL2/cmds.txt|baseline/pgfuzz/PX4/policies/PX.RTL3/cmds.txt|baseline/pgfuzz/PX4/policies/PX.RTL4/cmds.txt|baseline/pgfuzz/PX4/policies/PX.RTL5/cmds.txt|baseline/pgfuzz/PX4/policies/PX.TAKEOFF1/cmds.txt|baseline/pgfuzz/PX4/policies/PX.TAKEOFF2/cmds.txt,COMMAND_XML_DEFINITION_FOUND,MAV_CMD_DO_CHANGE_SPEED,EXACT_NAME_XML_DEFINITION,,,,,,,,UNKNOWN,,当前目录没有可用默认值证据。,,,,,,,,,,,NOT_TESTED,178,MATCH,baseline/px4/src/modules/mavlink/mavlink/message_definitions/v1.0/common.xml:1399,只确认协议 XML 定义；未由此证明当前飞控构建接受、执行或影响该性质。,NOT_ASSESSED
PX4,InputC,MAV_CMD_DO_DIGICAM_CONFIGURE,15,PX.ALTITUDE1|PX.GPS.FS1|PX.GPS.FS2|PX.GPS.FS3|PX.HOLD1|PX.HOLD2|PX.LAND1|PX.POSITION1|PX.RTL1|PX.RTL2|PX.RTL3|PX.RTL4|PX.RTL5|PX.TAKEOFF1|PX.TAKEOFF2,"MAV_CMD_DO_DIGICAM_CONFIGURE,202",baseline/pgfuzz/PX4/policies/PX.ALTITUDE1/cmds.txt|baseline/pgfuzz/PX4/policies/PX.GPS.FS1/cmds.txt|baseline/pgfuzz/PX4/policies/PX.GPS.FS2/cmds.txt|baseline/pgfuzz/PX4/policies/PX.GPS.FS3/cmds.txt|baseline/pgfuzz/PX4/policies/PX.HOLD1/cmds.txt|baseline/pgfuzz/PX4/policies/PX.HOLD2/cmds.txt|baseline/pgfuzz/PX4/policies/PX.LAND1/cmds.txt|baseline/pgfuzz/PX4/policies/PX.POSITION1/cmds.txt|baseline/pgfuzz/PX4/policies/PX.RTL1/cmds.txt|baseline/pgfuzz/PX4/policies/PX.RTL2/cmds.txt|baseline/pgfuzz/PX4/policies/PX.RTL3/cmds.txt|baseline/pgfuzz/PX4/policies/PX.RTL4/cmds.txt|baseline/pgfuzz/PX4/policies/PX.RTL5/cmds.txt|baseline/pgfuzz/PX4/policies/PX.TAKEOFF1/cmds.txt|baseline/pgfuzz/PX4/policies/PX.TAKEOFF2/cmds.txt,COMMAND_XML_DEFINITION_FOUND,MAV_CMD_DO_DIGICAM_CONFIGURE,EXACT_NAME_XML_DEFINITION,,,,,,,,UNKNOWN,,当前目录没有可用默认值证据。,,,,,,,,,,,NOT_TESTED,202,MATCH,baseline/px4/src/modules/mavlink/mavlink/message_definitions/v1.0/common.xml:1659,只确认协议 XML 定义；未由此证明当前飞控构建接受、执行或影响该性质。,NOT_ASSESSED
PX4,InputC,MAV_CMD_DO_DIGICAM_CONTROL,15,PX.ALTITUDE1|PX.GPS.FS1|PX.GPS.FS2|PX.GPS.FS3|PX.HOLD1|PX.HOLD2|PX.LAND1|PX.POSITION1|PX.RTL1|PX.RTL2|PX.RTL3|PX.RTL4|PX.RTL5|PX.TAKEOFF1|PX.TAKEOFF2,"MAV_CMD_DO_DIGICAM_CONTROL,203",baseline/pgfuzz/PX4/policies/PX.ALTITUDE1/cmds.txt|baseline/pgfuzz/PX4/policies/PX.GPS.FS1/cmds.txt|baseline/pgfuzz/PX4/policies/PX.GPS.FS2/cmds.txt|baseline/pgfuzz/PX4/policies/PX.GPS.FS3/cmds.txt|baseline/pgfuzz/PX4/policies/PX.HOLD1/cmds.txt|baseline/pgfuzz/PX4/policies/PX.HOLD2/cmds.txt|baseline/pgfuzz/PX4/policies/PX.LAND1/cmds.txt|baseline/pgfuzz/PX4/policies/PX.POSITION1/cmds.txt|baseline/pgfuzz/PX4/policies/PX.RTL1/cmds.txt|baseline/pgfuzz/PX4/policies/PX.RTL2/cmds.txt|baseline/pgfuzz/PX4/policies/PX.RTL3/cmds.txt|baseline/pgfuzz/PX4/policies/PX.RTL4/cmds.txt|baseline/pgfuzz/PX4/policies/PX.RTL5/cmds.txt|baseline/pgfuzz/PX4/policies/PX.TAKEOFF1/cmds.txt|baseline/pgfuzz/PX4/policies/PX.TAKEOFF2/cmds.txt,COMMAND_XML_DEFINITION_FOUND,MAV_CMD_DO_DIGICAM_CONTROL,EXACT_NAME_XML_DEFINITION,,,,,,,,UNKNOWN,,当前目录没有可用默认值证据。,,,,,,,,,,,NOT_TESTED,203,MATCH,baseline/px4/src/modules/mavlink/mavlink/message_definitions/v1.0/common.xml:1669,只确认协议 XML 定义；未由此证明当前飞控构建接受、执行或影响该性质。,NOT_ASSESSED
PX4,InputC,MAV_CMD_DO_GRIPPER,15,PX.ALTITUDE1|PX.GPS.FS1|PX.GPS.FS2|PX.GPS.FS3|PX.HOLD1|PX.HOLD2|PX.LAND1|PX.POSITION1|PX.RTL1|PX.RTL2|PX.RTL3|PX.RTL4|PX.RTL5|PX.TAKEOFF1|PX.TAKEOFF2,"MAV_CMD_DO_GRIPPER,211",baseline/pgfuzz/PX4/policies/PX.ALTITUDE1/cmds.txt|baseline/pgfuzz/PX4/policies/PX.GPS.FS1/cmds.txt|baseline/pgfuzz/PX4/policies/PX.GPS.FS2/cmds.txt|baseline/pgfuzz/PX4/policies/PX.GPS.FS3/cmds.txt|baseline/pgfuzz/PX4/policies/PX.HOLD1/cmds.txt|baseline/pgfuzz/PX4/policies/PX.HOLD2/cmds.txt|baseline/pgfuzz/PX4/policies/PX.LAND1/cmds.txt|baseline/pgfuzz/PX4/policies/PX.POSITION1/cmds.txt|baseline/pgfuzz/PX4/policies/PX.RTL1/cmds.txt|baseline/pgfuzz/PX4/policies/PX.RTL2/cmds.txt|baseline/pgfuzz/PX4/policies/PX.RTL3/cmds.txt|baseline/pgfuzz/PX4/policies/PX.RTL4/cmds.txt|baseline/pgfuzz/PX4/policies/PX.RTL5/cmds.txt|baseline/pgfuzz/PX4/policies/PX.TAKEOFF1/cmds.txt|baseline/pgfuzz/PX4/policies/PX.TAKEOFF2/cmds.txt,COMMAND_XML_DEFINITION_FOUND,MAV_CMD_DO_GRIPPER,EXACT_NAME_XML_DEFINITION,,,,,,,,UNKNOWN,,当前目录没有可用默认值证据。,,,,,,,,,,,NOT_TESTED,211,MATCH,baseline/px4/src/modules/mavlink/mavlink/message_definitions/v1.0/common.xml:1759,只确认协议 XML 定义；未由此证明当前飞控构建接受、执行或影响该性质。,NOT_ASSESSED
PX4,InputC,MAV_CMD_DO_GUIDED_LIMITS,15,PX.ALTITUDE1|PX.GPS.FS1|PX.GPS.FS2|PX.GPS.FS3|PX.HOLD1|PX.HOLD2|PX.LAND1|PX.POSITION1|PX.RTL1|PX.RTL2|PX.RTL3|PX.RTL4|PX.RTL5|PX.TAKEOFF1|PX.TAKEOFF2,"MAV_CMD_DO_GUIDED_LIMITS,222",baseline/pgfuzz/PX4/policies/PX.ALTITUDE1/cmds.txt|baseline/pgfuzz/PX4/policies/PX.GPS.FS1/cmds.txt|baseline/pgfuzz/PX4/policies/PX.GPS.FS2/cmds.txt|baseline/pgfuzz/PX4/policies/PX.GPS.FS3/cmds.txt|baseline/pgfuzz/PX4/policies/PX.HOLD1/cmds.txt|baseline/pgfuzz/PX4/policies/PX.HOLD2/cmds.txt|baseline/pgfuzz/PX4/policies/PX.LAND1/cmds.txt|baseline/pgfuzz/PX4/policies/PX.POSITION1/cmds.txt|baseline/pgfuzz/PX4/policies/PX.RTL1/cmds.txt|baseline/pgfuzz/PX4/policies/PX.RTL2/cmds.txt|baseline/pgfuzz/PX4/policies/PX.RTL3/cmds.txt|baseline/pgfuzz/PX4/policies/PX.RTL4/cmds.txt|baseline/pgfuzz/PX4/policies/PX.RTL5/cmds.txt|baseline/pgfuzz/PX4/policies/PX.TAKEOFF1/cmds.txt|baseline/pgfuzz/PX4/policies/PX.TAKEOFF2/cmds.txt,COMMAND_XML_DEFINITION_FOUND,MAV_CMD_DO_GUIDED_LIMITS,EXACT_NAME_XML_DEFINITION,,,,,,,,UNKNOWN,,当前目录没有可用默认值证据。,,,,,,,,,,,NOT_TESTED,222,MATCH,baseline/px4/src/modules/mavlink/mavlink/message_definitions/v1.0/common.xml:1820,只确认协议 XML 定义；未由此证明当前飞控构建接受、执行或影响该性质。,NOT_ASSESSED
PX4,InputC,MAV_CMD_DO_JUMP,15,PX.ALTITUDE1|PX.GPS.FS1|PX.GPS.FS2|PX.GPS.FS3|PX.HOLD1|PX.HOLD2|PX.LAND1|PX.POSITION1|PX.RTL1|PX.RTL2|PX.RTL3|PX.RTL4|PX.RTL5|PX.TAKEOFF1|PX.TAKEOFF2,"MAV_CMD_DO_JUMP,177",baseline/pgfuzz/PX4/policies/PX.ALTITUDE1/cmds.txt|baseline/pgfuzz/PX4/policies/PX.GPS.FS1/cmds.txt|baseline/pgfuzz/PX4/policies/PX.GPS.FS2/cmds.txt|baseline/pgfuzz/PX4/policies/PX.GPS.FS3/cmds.txt|baseline/pgfuzz/PX4/policies/PX.HOLD1/cmds.txt|baseline/pgfuzz/PX4/policies/PX.HOLD2/cmds.txt|baseline/pgfuzz/PX4/policies/PX.LAND1/cmds.txt|baseline/pgfuzz/PX4/policies/PX.POSITION1/cmds.txt|baseline/pgfuzz/PX4/policies/PX.RTL1/cmds.txt|baseline/pgfuzz/PX4/policies/PX.RTL2/cmds.txt|baseline/pgfuzz/PX4/policies/PX.RTL3/cmds.txt|baseline/pgfuzz/PX4/policies/PX.RTL4/cmds.txt|baseline/pgfuzz/PX4/policies/PX.RTL5/cmds.txt|baseline/pgfuzz/PX4/policies/PX.TAKEOFF1/cmds.txt|baseline/pgfuzz/PX4/policies/PX.TAKEOFF2/cmds.txt,COMMAND_XML_DEFINITION_FOUND,MAV_CMD_DO_JUMP,EXACT_NAME_XML_DEFINITION,,,,,,,,UNKNOWN,,当前目录没有可用默认值证据。,,,,,,,,,,,NOT_TESTED,177,MATCH,baseline/px4/src/modules/mavlink/mavlink/message_definitions/v1.0/common.xml:1389,只确认协议 XML 定义；未由此证明当前飞控构建接受、执行或影响该性质。,NOT_ASSESSED
PX4,InputC,MAV_CMD_DO_MOUNT_CONTROL,15,PX.ALTITUDE1|PX.GPS.FS1|PX.GPS.FS2|PX.GPS.FS3|PX.HOLD1|PX.HOLD2|PX.LAND1|PX.POSITION1|PX.RTL1|PX.RTL2|PX.RTL3|PX.RTL4|PX.RTL5|PX.TAKEOFF1|PX.TAKEOFF2,"MAV_CMD_DO_MOUNT_CONTROL,205",baseline/pgfuzz/PX4/policies/PX.ALTITUDE1/cmds.txt|baseline/pgfuzz/PX4/policies/PX.GPS.FS1/cmds.txt|baseline/pgfuzz/PX4/policies/PX.GPS.FS2/cmds.txt|baseline/pgfuzz/PX4/policies/PX.GPS.FS3/cmds.txt|baseline/pgfuzz/PX4/policies/PX.HOLD1/cmds.txt|baseline/pgfuzz/PX4/policies/PX.HOLD2/cmds.txt|baseline/pgfuzz/PX4/policies/PX.LAND1/cmds.txt|baseline/pgfuzz/PX4/policies/PX.POSITION1/cmds.txt|baseline/pgfuzz/PX4/policies/PX.RTL1/cmds.txt|baseline/pgfuzz/PX4/policies/PX.RTL2/cmds.txt|baseline/pgfuzz/PX4/policies/PX.RTL3/cmds.txt|baseline/pgfuzz/PX4/policies/PX.RTL4/cmds.txt|baseline/pgfuzz/PX4/policies/PX.RTL5/cmds.txt|baseline/pgfuzz/PX4/policies/PX.TAKEOFF1/cmds.txt|baseline/pgfuzz/PX4/policies/PX.TAKEOFF2/cmds.txt,COMMAND_XML_DEFINITION_FOUND,MAV_CMD_DO_MOUNT_CONTROL,EXACT_NAME_XML_DEFINITION,,,,,,,,UNKNOWN,,当前目录没有可用默认值证据。,,,,,,,,,,,NOT_TESTED,205,MATCH,baseline/px4/src/modules/mavlink/mavlink/message_definitions/v1.0/common.xml:1692,只确认协议 XML 定义；未由此证明当前飞控构建接受、执行或影响该性质。,NOT_ASSESSED
PX4,InputC,MAV_CMD_DO_PARACHUTE,20,PX.ALTITUDE1|PX.GPS.FS1|PX.GPS.FS2|PX.GPS.FS3|PX.HOLD1|PX.HOLD2|PX.LAND1|PX.POSITION1|PX.RTL1|PX.RTL2|PX.RTL3|PX.RTL4|PX.RTL5|PX.TAKEOFF1|PX.TAKEOFF2,"MAV_CMD_DO_PARACHUTE,208",baseline/pgfuzz/PX4/policies/PX.ALTITUDE1/cmds.txt|baseline/pgfuzz/PX4/policies/PX.GPS.FS1/cmds.txt|baseline/pgfuzz/PX4/policies/PX.GPS.FS2/cmds.txt|baseline/pgfuzz/PX4/policies/PX.GPS.FS3/cmds.txt|baseline/pgfuzz/PX4/policies/PX.HOLD1/cmds.txt|baseline/pgfuzz/PX4/policies/PX.HOLD2/cmds.txt|baseline/pgfuzz/PX4/policies/PX.LAND1/cmds.txt|baseline/pgfuzz/PX4/policies/PX.POSITION1/cmds.txt|baseline/pgfuzz/PX4/policies/PX.RTL1/cmds.txt|baseline/pgfuzz/PX4/policies/PX.RTL2/cmds.txt|baseline/pgfuzz/PX4/policies/PX.RTL3/cmds.txt|baseline/pgfuzz/PX4/policies/PX.RTL4/cmds.txt|baseline/pgfuzz/PX4/policies/PX.RTL5/cmds.txt|baseline/pgfuzz/PX4/policies/PX.TAKEOFF1/cmds.txt|baseline/pgfuzz/PX4/policies/PX.TAKEOFF2/cmds.txt,COMMAND_XML_DEFINITION_FOUND,MAV_CMD_DO_PARACHUTE,EXACT_NAME_XML_DEFINITION,,,,,,,,UNKNOWN,,当前目录没有可用默认值证据。,,,,,,,,,,,NOT_TESTED,208,MATCH,baseline/px4/src/modules/mavlink/mavlink/message_definitions/v1.0/common.xml:1729,只确认协议 XML 定义；未由此证明当前飞控构建接受、执行或影响该性质。,NOT_ASSESSED
PX4,InputC,MAV_CMD_DO_PAUSE_CONTINUE,15,PX.ALTITUDE1|PX.GPS.FS1|PX.GPS.FS2|PX.GPS.FS3|PX.HOLD1|PX.HOLD2|PX.LAND1|PX.POSITION1|PX.RTL1|PX.RTL2|PX.RTL3|PX.RTL4|PX.RTL5|PX.TAKEOFF1|PX.TAKEOFF2,"MAV_CMD_DO_PAUSE_CONTINUE,193",baseline/pgfuzz/PX4/policies/PX.ALTITUDE1/cmds.txt|baseline/pgfuzz/PX4/policies/PX.GPS.FS1/cmds.txt|baseline/pgfuzz/PX4/policies/PX.GPS.FS2/cmds.txt|baseline/pgfuzz/PX4/policies/PX.GPS.FS3/cmds.txt|baseline/pgfuzz/PX4/policies/PX.HOLD1/cmds.txt|baseline/pgfuzz/PX4/policies/PX.HOLD2/cmds.txt|baseline/pgfuzz/PX4/policies/PX.LAND1/cmds.txt|baseline/pgfuzz/PX4/policies/PX.POSITION1/cmds.txt|baseline/pgfuzz/PX4/policies/PX.RTL1/cmds.txt|baseline/pgfuzz/PX4/policies/PX.RTL2/cmds.txt|baseline/pgfuzz/PX4/policies/PX.RTL3/cmds.txt|baseline/pgfuzz/PX4/policies/PX.RTL4/cmds.txt|baseline/pgfuzz/PX4/policies/PX.RTL5/cmds.txt|baseline/pgfuzz/PX4/policies/PX.TAKEOFF1/cmds.txt|baseline/pgfuzz/PX4/policies/PX.TAKEOFF2/cmds.txt,COMMAND_XML_DEFINITION_FOUND,MAV_CMD_DO_PAUSE_CONTINUE,EXACT_NAME_XML_DEFINITION,,,,,,,,UNKNOWN,,当前目录没有可用默认值证据。,,,,,,,,,,,NOT_TESTED,193,MATCH,baseline/px4/src/modules/mavlink/mavlink/message_definitions/v1.0/common.xml:1582,只确认协议 XML 定义；未由此证明当前飞控构建接受、执行或影响该性质。,NOT_ASSESSED
PX4,InputC,MAV_CMD_DO_REPEAT_RELAY,15,PX.ALTITUDE1|PX.GPS.FS1|PX.GPS.FS2|PX.GPS.FS3|PX.HOLD1|PX.HOLD2|PX.LAND1|PX.POSITION1|PX.RTL1|PX.RTL2|PX.RTL3|PX.RTL4|PX.RTL5|PX.TAKEOFF1|PX.TAKEOFF2,"MAV_CMD_DO_REPEAT_RELAY,182",baseline/pgfuzz/PX4/policies/PX.ALTITUDE1/cmds.txt|baseline/pgfuzz/PX4/policies/PX.GPS.FS1/cmds.txt|baseline/pgfuzz/PX4/policies/PX.GPS.FS2/cmds.txt|baseline/pgfuzz/PX4/policies/PX.GPS.FS3/cmds.txt|baseline/pgfuzz/PX4/policies/PX.HOLD1/cmds.txt|baseline/pgfuzz/PX4/policies/PX.HOLD2/cmds.txt|baseline/pgfuzz/PX4/policies/PX.LAND1/cmds.txt|baseline/pgfuzz/PX4/policies/PX.POSITION1/cmds.txt|baseline/pgfuzz/PX4/policies/PX.RTL1/cmds.txt|baseline/pgfuzz/PX4/policies/PX.RTL2/cmds.txt|baseline/pgfuzz/PX4/policies/PX.RTL3/cmds.txt|baseline/pgfuzz/PX4/policies/PX.RTL4/cmds.txt|baseline/pgfuzz/PX4/policies/PX.RTL5/cmds.txt|baseline/pgfuzz/PX4/policies/PX.TAKEOFF1/cmds.txt|baseline/pgfuzz/PX4/policies/PX.TAKEOFF2/cmds.txt,COMMAND_XML_DEFINITION_FOUND,MAV_CMD_DO_REPEAT_RELAY,EXACT_NAME_XML_DEFINITION,,,,,,,,UNKNOWN,,当前目录没有可用默认值证据。,,,,,,,,,,,NOT_TESTED,182,MATCH,baseline/px4/src/modules/mavlink/mavlink/message_definitions/v1.0/common.xml:1445,只确认协议 XML 定义；未由此证明当前飞控构建接受、执行或影响该性质。,NOT_ASSESSED
PX4,InputC,MAV_CMD_DO_REPEAT_SERVO,15,PX.ALTITUDE1|PX.GPS.FS1|PX.GPS.FS2|PX.GPS.FS3|PX.HOLD1|PX.HOLD2|PX.LAND1|PX.POSITION1|PX.RTL1|PX.RTL2|PX.RTL3|PX.RTL4|PX.RTL5|PX.TAKEOFF1|PX.TAKEOFF2,"MAV_CMD_DO_REPEAT_SERVO,184",baseline/pgfuzz/PX4/policies/PX.ALTITUDE1/cmds.txt|baseline/pgfuzz/PX4/policies/PX.GPS.FS1/cmds.txt|baseline/pgfuzz/PX4/policies/PX.GPS.FS2/cmds.txt|baseline/pgfuzz/PX4/policies/PX.GPS.FS3/cmds.txt|baseline/pgfuzz/PX4/policies/PX.HOLD1/cmds.txt|baseline/pgfuzz/PX4/policies/PX.HOLD2/cmds.txt|baseline/pgfuzz/PX4/policies/PX.LAND1/cmds.txt|baseline/pgfuzz/PX4/policies/PX.POSITION1/cmds.txt|baseline/pgfuzz/PX4/policies/PX.RTL1/cmds.txt|baseline/pgfuzz/PX4/policies/PX.RTL2/cmds.txt|baseline/pgfuzz/PX4/policies/PX.RTL3/cmds.txt|baseline/pgfuzz/PX4/policies/PX.RTL4/cmds.txt|baseline/pgfuzz/PX4/policies/PX.RTL5/cmds.txt|baseline/pgfuzz/PX4/policies/PX.TAKEOFF1/cmds.txt|baseline/pgfuzz/PX4/policies/PX.TAKEOFF2/cmds.txt,COMMAND_XML_DEFINITION_FOUND,MAV_CMD_DO_REPEAT_SERVO,EXACT_NAME_XML_DEFINITION,,,,,,,,UNKNOWN,,当前目录没有可用默认值证据。,,,,,,,,,,,NOT_TESTED,184,MATCH,baseline/px4/src/modules/mavlink/mavlink/message_definitions/v1.0/common.xml:1465,只确认协议 XML 定义；未由此证明当前飞控构建接受、执行或影响该性质。,NOT_ASSESSED
PX4,InputC,MAV_CMD_DO_REPOSITION,15,PX.ALTITUDE1|PX.GPS.FS1|PX.GPS.FS2|PX.GPS.FS3|PX.HOLD1|PX.HOLD2|PX.LAND1|PX.POSITION1|PX.RTL1|PX.RTL2|PX.RTL3|PX.RTL4|PX.RTL5|PX.TAKEOFF1|PX.TAKEOFF2,"MAV_CMD_DO_REPOSITION,192",baseline/pgfuzz/PX4/policies/PX.ALTITUDE1/cmds.txt|baseline/pgfuzz/PX4/policies/PX.GPS.FS1/cmds.txt|baseline/pgfuzz/PX4/policies/PX.GPS.FS2/cmds.txt|baseline/pgfuzz/PX4/policies/PX.GPS.FS3/cmds.txt|baseline/pgfuzz/PX4/policies/PX.HOLD1/cmds.txt|baseline/pgfuzz/PX4/policies/PX.HOLD2/cmds.txt|baseline/pgfuzz/PX4/policies/PX.LAND1/cmds.txt|baseline/pgfuzz/PX4/policies/PX.POSITION1/cmds.txt|baseline/pgfuzz/PX4/policies/PX.RTL1/cmds.txt|baseline/pgfuzz/PX4/policies/PX.RTL2/cmds.txt|baseline/pgfuzz/PX4/policies/PX.RTL3/cmds.txt|baseline/pgfuzz/PX4/policies/PX.RTL4/cmds.txt|baseline/pgfuzz/PX4/policies/PX.RTL5/cmds.txt|baseline/pgfuzz/PX4/policies/PX.TAKEOFF1/cmds.txt|baseline/pgfuzz/PX4/policies/PX.TAKEOFF2/cmds.txt,COMMAND_XML_DEFINITION_FOUND,MAV_CMD_DO_REPOSITION,EXACT_NAME_XML_DEFINITION,,,,,,,,UNKNOWN,,当前目录没有可用默认值证据。,,,,,,,,,,,NOT_TESTED,192,MATCH,baseline/px4/src/modules/mavlink/mavlink/message_definitions/v1.0/common.xml:1572,只确认协议 XML 定义；未由此证明当前飞控构建接受、执行或影响该性质。,NOT_ASSESSED
PX4,InputC,MAV_CMD_DO_SEND_BANNER,15,PX.ALTITUDE1|PX.GPS.FS1|PX.GPS.FS2|PX.GPS.FS3|PX.HOLD1|PX.HOLD2|PX.LAND1|PX.POSITION1|PX.RTL1|PX.RTL2|PX.RTL3|PX.RTL4|PX.RTL5|PX.TAKEOFF1|PX.TAKEOFF2,"MAV_CMD_DO_SEND_BANNER,42428",baseline/pgfuzz/PX4/policies/PX.ALTITUDE1/cmds.txt|baseline/pgfuzz/PX4/policies/PX.GPS.FS1/cmds.txt|baseline/pgfuzz/PX4/policies/PX.GPS.FS2/cmds.txt|baseline/pgfuzz/PX4/policies/PX.GPS.FS3/cmds.txt|baseline/pgfuzz/PX4/policies/PX.HOLD1/cmds.txt|baseline/pgfuzz/PX4/policies/PX.HOLD2/cmds.txt|baseline/pgfuzz/PX4/policies/PX.LAND1/cmds.txt|baseline/pgfuzz/PX4/policies/PX.POSITION1/cmds.txt|baseline/pgfuzz/PX4/policies/PX.RTL1/cmds.txt|baseline/pgfuzz/PX4/policies/PX.RTL2/cmds.txt|baseline/pgfuzz/PX4/policies/PX.RTL3/cmds.txt|baseline/pgfuzz/PX4/policies/PX.RTL4/cmds.txt|baseline/pgfuzz/PX4/policies/PX.RTL5/cmds.txt|baseline/pgfuzz/PX4/policies/PX.TAKEOFF1/cmds.txt|baseline/pgfuzz/PX4/policies/PX.TAKEOFF2/cmds.txt,COMMAND_XML_DEFINITION_NOT_FOUND,MAV_CMD_DO_SEND_BANNER,UNRESOLVED,,,,,,,,UNKNOWN,,当前目录没有可用默认值证据。,,,,,,,,,,,NOT_TESTED,,NOT_APPLICABLE,,当前固定 MAVLink XML 未找到同名命令；没有据此猜测替代命令。,NOT_ASSESSED
PX4,InputC,MAV_CMD_DO_SET_CAM_TRIGG_DIST,15,PX.ALTITUDE1|PX.GPS.FS1|PX.GPS.FS2|PX.GPS.FS3|PX.HOLD1|PX.HOLD2|PX.LAND1|PX.POSITION1|PX.RTL1|PX.RTL2|PX.RTL3|PX.RTL4|PX.RTL5|PX.TAKEOFF1|PX.TAKEOFF2,"MAV_CMD_DO_SET_CAM_TRIGG_DIST,206",baseline/pgfuzz/PX4/policies/PX.ALTITUDE1/cmds.txt|baseline/pgfuzz/PX4/policies/PX.GPS.FS1/cmds.txt|baseline/pgfuzz/PX4/policies/PX.GPS.FS2/cmds.txt|baseline/pgfuzz/PX4/policies/PX.GPS.FS3/cmds.txt|baseline/pgfuzz/PX4/policies/PX.HOLD1/cmds.txt|baseline/pgfuzz/PX4/policies/PX.HOLD2/cmds.txt|baseline/pgfuzz/PX4/policies/PX.LAND1/cmds.txt|baseline/pgfuzz/PX4/policies/PX.POSITION1/cmds.txt|baseline/pgfuzz/PX4/policies/PX.RTL1/cmds.txt|baseline/pgfuzz/PX4/policies/PX.RTL2/cmds.txt|baseline/pgfuzz/PX4/policies/PX.RTL3/cmds.txt|baseline/pgfuzz/PX4/policies/PX.RTL4/cmds.txt|baseline/pgfuzz/PX4/policies/PX.RTL5/cmds.txt|baseline/pgfuzz/PX4/policies/PX.TAKEOFF1/cmds.txt|baseline/pgfuzz/PX4/policies/PX.TAKEOFF2/cmds.txt,COMMAND_XML_DEFINITION_FOUND,MAV_CMD_DO_SET_CAM_TRIGG_DIST,EXACT_NAME_XML_DEFINITION,,,,,,,,UNKNOWN,,当前目录没有可用默认值证据。,,,,,,,,,,,NOT_TESTED,206,MATCH,baseline/px4/src/modules/mavlink/mavlink/message_definitions/v1.0/common.xml:1703,只确认协议 XML 定义；未由此证明当前飞控构建接受、执行或影响该性质。,NOT_ASSESSED
PX4,InputC,MAV_CMD_DO_SET_HOME,15,PX.ALTITUDE1|PX.GPS.FS1|PX.GPS.FS2|PX.GPS.FS3|PX.HOLD1|PX.HOLD2|PX.LAND1|PX.POSITION1|PX.RTL1|PX.RTL2|PX.RTL3|PX.RTL4|PX.RTL5|PX.TAKEOFF1|PX.TAKEOFF2,"MAV_CMD_DO_SET_HOME,179",baseline/pgfuzz/PX4/policies/PX.ALTITUDE1/cmds.txt|baseline/pgfuzz/PX4/policies/PX.GPS.FS1/cmds.txt|baseline/pgfuzz/PX4/policies/PX.GPS.FS2/cmds.txt|baseline/pgfuzz/PX4/policies/PX.GPS.FS3/cmds.txt|baseline/pgfuzz/PX4/policies/PX.HOLD1/cmds.txt|baseline/pgfuzz/PX4/policies/PX.HOLD2/cmds.txt|baseline/pgfuzz/PX4/policies/PX.LAND1/cmds.txt|baseline/pgfuzz/PX4/policies/PX.POSITION1/cmds.txt|baseline/pgfuzz/PX4/policies/PX.RTL1/cmds.txt|baseline/pgfuzz/PX4/policies/PX.RTL2/cmds.txt|baseline/pgfuzz/PX4/policies/PX.RTL3/cmds.txt|baseline/pgfuzz/PX4/policies/PX.RTL4/cmds.txt|baseline/pgfuzz/PX4/policies/PX.RTL5/cmds.txt|baseline/pgfuzz/PX4/policies/PX.TAKEOFF1/cmds.txt|baseline/pgfuzz/PX4/policies/PX.TAKEOFF2/cmds.txt,COMMAND_XML_DEFINITION_FOUND,MAV_CMD_DO_SET_HOME,EXACT_NAME_XML_DEFINITION,,,,,,,,UNKNOWN,,当前目录没有可用默认值证据。,,,,,,,,,,,NOT_TESTED,179,MATCH,baseline/px4/src/modules/mavlink/mavlink/message_definitions/v1.0/common.xml:1409,只确认协议 XML 定义；未由此证明当前飞控构建接受、执行或影响该性质。,NOT_ASSESSED
PX4,InputC,MAV_CMD_DO_SET_MODE,15,PX.ALTITUDE1|PX.GPS.FS1|PX.GPS.FS2|PX.GPS.FS3|PX.HOLD1|PX.HOLD2|PX.LAND1|PX.POSITION1|PX.RTL1|PX.RTL2|PX.RTL3|PX.RTL4|PX.RTL5|PX.TAKEOFF1|PX.TAKEOFF2,"MAV_CMD_DO_SET_MODE,176",baseline/pgfuzz/PX4/policies/PX.ALTITUDE1/cmds.txt|baseline/pgfuzz/PX4/policies/PX.GPS.FS1/cmds.txt|baseline/pgfuzz/PX4/policies/PX.GPS.FS2/cmds.txt|baseline/pgfuzz/PX4/policies/PX.GPS.FS3/cmds.txt|baseline/pgfuzz/PX4/policies/PX.HOLD1/cmds.txt|baseline/pgfuzz/PX4/policies/PX.HOLD2/cmds.txt|baseline/pgfuzz/PX4/policies/PX.LAND1/cmds.txt|baseline/pgfuzz/PX4/policies/PX.POSITION1/cmds.txt|baseline/pgfuzz/PX4/policies/PX.RTL1/cmds.txt|baseline/pgfuzz/PX4/policies/PX.RTL2/cmds.txt|baseline/pgfuzz/PX4/policies/PX.RTL3/cmds.txt|baseline/pgfuzz/PX4/policies/PX.RTL4/cmds.txt|baseline/pgfuzz/PX4/policies/PX.RTL5/cmds.txt|baseline/pgfuzz/PX4/policies/PX.TAKEOFF1/cmds.txt|baseline/pgfuzz/PX4/policies/PX.TAKEOFF2/cmds.txt,COMMAND_XML_DEFINITION_FOUND,MAV_CMD_DO_SET_MODE,EXACT_NAME_XML_DEFINITION,,,,,,,,UNKNOWN,,当前目录没有可用默认值证据。,,,,,,,,,,,NOT_TESTED,176,MATCH,baseline/px4/src/modules/mavlink/mavlink/message_definitions/v1.0/common.xml:1379,只确认协议 XML 定义；未由此证明当前飞控构建接受、执行或影响该性质。,NOT_ASSESSED
PX4,InputC,MAV_CMD_DO_SET_RELAY,15,PX.ALTITUDE1|PX.GPS.FS1|PX.GPS.FS2|PX.GPS.FS3|PX.HOLD1|PX.HOLD2|PX.LAND1|PX.POSITION1|PX.RTL1|PX.RTL2|PX.RTL3|PX.RTL4|PX.RTL5|PX.TAKEOFF1|PX.TAKEOFF2,"MAV_CMD_DO_SET_RELAY,181",baseline/pgfuzz/PX4/policies/PX.ALTITUDE1/cmds.txt|baseline/pgfuzz/PX4/policies/PX.GPS.FS1/cmds.txt|baseline/pgfuzz/PX4/policies/PX.GPS.FS2/cmds.txt|baseline/pgfuzz/PX4/policies/PX.GPS.FS3/cmds.txt|baseline/pgfuzz/PX4/policies/PX.HOLD1/cmds.txt|baseline/pgfuzz/PX4/policies/PX.HOLD2/cmds.txt|baseline/pgfuzz/PX4/policies/PX.LAND1/cmds.txt|baseline/pgfuzz/PX4/policies/PX.POSITION1/cmds.txt|baseline/pgfuzz/PX4/policies/PX.RTL1/cmds.txt|baseline/pgfuzz/PX4/policies/PX.RTL2/cmds.txt|baseline/pgfuzz/PX4/policies/PX.RTL3/cmds.txt|baseline/pgfuzz/PX4/policies/PX.RTL4/cmds.txt|baseline/pgfuzz/PX4/policies/PX.RTL5/cmds.txt|baseline/pgfuzz/PX4/policies/PX.TAKEOFF1/cmds.txt|baseline/pgfuzz/PX4/policies/PX.TAKEOFF2/cmds.txt,COMMAND_XML_DEFINITION_FOUND,MAV_CMD_DO_SET_RELAY,EXACT_NAME_XML_DEFINITION,,,,,,,,UNKNOWN,,当前目录没有可用默认值证据。,,,,,,,,,,,NOT_TESTED,181,MATCH,baseline/px4/src/modules/mavlink/mavlink/message_definitions/v1.0/common.xml:1435,只确认协议 XML 定义；未由此证明当前飞控构建接受、执行或影响该性质。,NOT_ASSESSED
PX4,InputC,MAV_CMD_DO_SET_ROI,15,PX.ALTITUDE1|PX.GPS.FS1|PX.GPS.FS2|PX.GPS.FS3|PX.HOLD1|PX.HOLD2|PX.LAND1|PX.POSITION1|PX.RTL1|PX.RTL2|PX.RTL3|PX.RTL4|PX.RTL5|PX.TAKEOFF1|PX.TAKEOFF2,"MAV_CMD_DO_SET_ROI,201",baseline/pgfuzz/PX4/policies/PX.ALTITUDE1/cmds.txt|baseline/pgfuzz/PX4/policies/PX.GPS.FS1/cmds.txt|baseline/pgfuzz/PX4/policies/PX.GPS.FS2/cmds.txt|baseline/pgfuzz/PX4/policies/PX.GPS.FS3/cmds.txt|baseline/pgfuzz/PX4/policies/PX.HOLD1/cmds.txt|baseline/pgfuzz/PX4/policies/PX.HOLD2/cmds.txt|baseline/pgfuzz/PX4/policies/PX.LAND1/cmds.txt|baseline/pgfuzz/PX4/policies/PX.POSITION1/cmds.txt|baseline/pgfuzz/PX4/policies/PX.RTL1/cmds.txt|baseline/pgfuzz/PX4/policies/PX.RTL2/cmds.txt|baseline/pgfuzz/PX4/policies/PX.RTL3/cmds.txt|baseline/pgfuzz/PX4/policies/PX.RTL4/cmds.txt|baseline/pgfuzz/PX4/policies/PX.RTL5/cmds.txt|baseline/pgfuzz/PX4/policies/PX.TAKEOFF1/cmds.txt|baseline/pgfuzz/PX4/policies/PX.TAKEOFF2/cmds.txt,COMMAND_XML_DEFINITION_FOUND,MAV_CMD_DO_SET_ROI,EXACT_NAME_XML_DEFINITION,,,,,,,,UNKNOWN,,当前目录没有可用默认值证据。,,,,,,,,,,,NOT_TESTED,201,MATCH,baseline/px4/src/modules/mavlink/mavlink/message_definitions/v1.0/common.xml:1647,只确认协议 XML 定义；未由此证明当前飞控构建接受、执行或影响该性质。,NOT_ASSESSED
PX4,InputC,MAV_CMD_DO_SET_SERVO,15,PX.ALTITUDE1|PX.GPS.FS1|PX.GPS.FS2|PX.GPS.FS3|PX.HOLD1|PX.HOLD2|PX.LAND1|PX.POSITION1|PX.RTL1|PX.RTL2|PX.RTL3|PX.RTL4|PX.RTL5|PX.TAKEOFF1|PX.TAKEOFF2,"MAV_CMD_DO_SET_SERVO,183",baseline/pgfuzz/PX4/policies/PX.ALTITUDE1/cmds.txt|baseline/pgfuzz/PX4/policies/PX.GPS.FS1/cmds.txt|baseline/pgfuzz/PX4/policies/PX.GPS.FS2/cmds.txt|baseline/pgfuzz/PX4/policies/PX.GPS.FS3/cmds.txt|baseline/pgfuzz/PX4/policies/PX.HOLD1/cmds.txt|baseline/pgfuzz/PX4/policies/PX.HOLD2/cmds.txt|baseline/pgfuzz/PX4/policies/PX.LAND1/cmds.txt|baseline/pgfuzz/PX4/policies/PX.POSITION1/cmds.txt|baseline/pgfuzz/PX4/policies/PX.RTL1/cmds.txt|baseline/pgfuzz/PX4/policies/PX.RTL2/cmds.txt|baseline/pgfuzz/PX4/policies/PX.RTL3/cmds.txt|baseline/pgfuzz/PX4/policies/PX.RTL4/cmds.txt|baseline/pgfuzz/PX4/policies/PX.RTL5/cmds.txt|baseline/pgfuzz/PX4/policies/PX.TAKEOFF1/cmds.txt|baseline/pgfuzz/PX4/policies/PX.TAKEOFF2/cmds.txt,COMMAND_XML_DEFINITION_FOUND,MAV_CMD_DO_SET_SERVO,EXACT_NAME_XML_DEFINITION,,,,,,,,UNKNOWN,,当前目录没有可用默认值证据。,,,,,,,,,,,NOT_TESTED,183,MATCH,baseline/px4/src/modules/mavlink/mavlink/message_definitions/v1.0/common.xml:1455,只确认协议 XML 定义；未由此证明当前飞控构建接受、执行或影响该性质。,NOT_ASSESSED
PX4,InputC,MAV_CMD_DO_START_MAG_CAL,21,PX.ALTITUDE1|PX.GPS.FS1|PX.GPS.FS2|PX.GPS.FS3|PX.HOLD1|PX.HOLD2|PX.LAND1|PX.ORBIT1|PX.ORBIT2|PX.ORBIT3|PX.ORBIT4|PX.ORBIT5|PX.ORBIT6|PX.POSITION1|PX.RTL1|PX.RTL2|PX.RTL3|PX.RTL4|PX.RTL5|PX.TAKEOFF1|PX.TAKEOFF2,"MAV_CMD_DO_START_MAG_CAL,42424",baseline/pgfuzz/PX4/policies/PX.ALTITUDE1/cmds.txt|baseline/pgfuzz/PX4/policies/PX.GPS.FS1/cmds.txt|baseline/pgfuzz/PX4/policies/PX.GPS.FS2/cmds.txt|baseline/pgfuzz/PX4/policies/PX.GPS.FS3/cmds.txt|baseline/pgfuzz/PX4/policies/PX.HOLD1/cmds.txt|baseline/pgfuzz/PX4/policies/PX.HOLD2/cmds.txt|baseline/pgfuzz/PX4/policies/PX.LAND1/cmds.txt|baseline/pgfuzz/PX4/policies/PX.ORBIT1/cmds.txt|baseline/pgfuzz/PX4/policies/PX.ORBIT2/cmds.txt|baseline/pgfuzz/PX4/policies/PX.ORBIT3/cmds.txt|baseline/pgfuzz/PX4/policies/PX.ORBIT4_5/cmds.txt|baseline/pgfuzz/PX4/policies/PX.ORBIT6/cmds.txt|baseline/pgfuzz/PX4/policies/PX.POSITION1/cmds.txt|baseline/pgfuzz/PX4/policies/PX.RTL1/cmds.txt|baseline/pgfuzz/PX4/policies/PX.RTL2/cmds.txt|baseline/pgfuzz/PX4/policies/PX.RTL3/cmds.txt|baseline/pgfuzz/PX4/policies/PX.RTL4/cmds.txt|baseline/pgfuzz/PX4/policies/PX.RTL5/cmds.txt|baseline/pgfuzz/PX4/policies/PX.TAKEOFF1/cmds.txt|baseline/pgfuzz/PX4/policies/PX.TAKEOFF2/cmds.txt,COMMAND_XML_DEFINITION_NOT_FOUND,MAV_CMD_DO_START_MAG_CAL,UNRESOLVED,,,,,,,,UNKNOWN,,当前目录没有可用默认值证据。,,,,,,,,,,,NOT_TESTED,,NOT_APPLICABLE,,当前固定 MAVLink XML 未找到同名命令；没有据此猜测替代命令。,NOT_ASSESSED
PX4,InputC,MAV_CMD_FIXED_MAG_CAL,15,PX.ALTITUDE1|PX.GPS.FS1|PX.GPS.FS2|PX.GPS.FS3|PX.HOLD1|PX.HOLD2|PX.LAND1|PX.POSITION1|PX.RTL1|PX.RTL2|PX.RTL3|PX.RTL4|PX.RTL5|PX.TAKEOFF1|PX.TAKEOFF2,"MAV_CMD_FIXED_MAG_CAL,42004",baseline/pgfuzz/PX4/policies/PX.ALTITUDE1/cmds.txt|baseline/pgfuzz/PX4/policies/PX.GPS.FS1/cmds.txt|baseline/pgfuzz/PX4/policies/PX.GPS.FS2/cmds.txt|baseline/pgfuzz/PX4/policies/PX.GPS.FS3/cmds.txt|baseline/pgfuzz/PX4/policies/PX.HOLD1/cmds.txt|baseline/pgfuzz/PX4/policies/PX.HOLD2/cmds.txt|baseline/pgfuzz/PX4/policies/PX.LAND1/cmds.txt|baseline/pgfuzz/PX4/policies/PX.POSITION1/cmds.txt|baseline/pgfuzz/PX4/policies/PX.RTL1/cmds.txt|baseline/pgfuzz/PX4/policies/PX.RTL2/cmds.txt|baseline/pgfuzz/PX4/policies/PX.RTL3/cmds.txt|baseline/pgfuzz/PX4/policies/PX.RTL4/cmds.txt|baseline/pgfuzz/PX4/policies/PX.RTL5/cmds.txt|baseline/pgfuzz/PX4/policies/PX.TAKEOFF1/cmds.txt|baseline/pgfuzz/PX4/policies/PX.TAKEOFF2/cmds.txt,COMMAND_XML_DEFINITION_NOT_FOUND,MAV_CMD_FIXED_MAG_CAL,UNRESOLVED,,,,,,,,UNKNOWN,,当前目录没有可用默认值证据。,,,,,,,,,,,NOT_TESTED,,NOT_APPLICABLE,,当前固定 MAVLink XML 未找到同名命令；没有据此猜测替代命令。,NOT_ASSESSED
PX4,InputC,MAV_CMD_FIXED_MAG_CAL_FIELD,15,PX.ALTITUDE1|PX.GPS.FS1|PX.GPS.FS2|PX.GPS.FS3|PX.HOLD1|PX.HOLD2|PX.LAND1|PX.POSITION1|PX.RTL1|PX.RTL2|PX.RTL3|PX.RTL4|PX.RTL5|PX.TAKEOFF1|PX.TAKEOFF2,"MAV_CMD_FIXED_MAG_CAL_FIELD,42005",baseline/pgfuzz/PX4/policies/PX.ALTITUDE1/cmds.txt|baseline/pgfuzz/PX4/policies/PX.GPS.FS1/cmds.txt|baseline/pgfuzz/PX4/policies/PX.GPS.FS2/cmds.txt|baseline/pgfuzz/PX4/policies/PX.GPS.FS3/cmds.txt|baseline/pgfuzz/PX4/policies/PX.HOLD1/cmds.txt|baseline/pgfuzz/PX4/policies/PX.HOLD2/cmds.txt|baseline/pgfuzz/PX4/policies/PX.LAND1/cmds.txt|baseline/pgfuzz/PX4/policies/PX.POSITION1/cmds.txt|baseline/pgfuzz/PX4/policies/PX.RTL1/cmds.txt|baseline/pgfuzz/PX4/policies/PX.RTL2/cmds.txt|baseline/pgfuzz/PX4/policies/PX.RTL3/cmds.txt|baseline/pgfuzz/PX4/policies/PX.RTL4/cmds.txt|baseline/pgfuzz/PX4/policies/PX.RTL5/cmds.txt|baseline/pgfuzz/PX4/policies/PX.TAKEOFF1/cmds.txt|baseline/pgfuzz/PX4/policies/PX.TAKEOFF2/cmds.txt,COMMAND_XML_DEFINITION_NOT_FOUND,MAV_CMD_FIXED_MAG_CAL_FIELD,UNRESOLVED,,,,,,,,UNKNOWN,,当前目录没有可用默认值证据。,,,,,,,,,,,NOT_TESTED,,NOT_APPLICABLE,,当前固定 MAVLink XML 未找到同名命令；没有据此猜测替代命令。,NOT_ASSESSED
PX4,InputC,MAV_CMD_FIXED_MAG_CAL_YAW,15,PX.ALTITUDE1|PX.GPS.FS1|PX.GPS.FS2|PX.GPS.FS3|PX.HOLD1|PX.HOLD2|PX.LAND1|PX.POSITION1|PX.RTL1|PX.RTL2|PX.RTL3|PX.RTL4|PX.RTL5|PX.TAKEOFF1|PX.TAKEOFF2,"MAV_CMD_FIXED_MAG_CAL_YAW,42006",baseline/pgfuzz/PX4/policies/PX.ALTITUDE1/cmds.txt|baseline/pgfuzz/PX4/policies/PX.GPS.FS1/cmds.txt|baseline/pgfuzz/PX4/policies/PX.GPS.FS2/cmds.txt|baseline/pgfuzz/PX4/policies/PX.GPS.FS3/cmds.txt|baseline/pgfuzz/PX4/policies/PX.HOLD1/cmds.txt|baseline/pgfuzz/PX4/policies/PX.HOLD2/cmds.txt|baseline/pgfuzz/PX4/policies/PX.LAND1/cmds.txt|baseline/pgfuzz/PX4/policies/PX.POSITION1/cmds.txt|baseline/pgfuzz/PX4/policies/PX.RTL1/cmds.txt|baseline/pgfuzz/PX4/policies/PX.RTL2/cmds.txt|baseline/pgfuzz/PX4/policies/PX.RTL3/cmds.txt|baseline/pgfuzz/PX4/policies/PX.RTL4/cmds.txt|baseline/pgfuzz/PX4/policies/PX.RTL5/cmds.txt|baseline/pgfuzz/PX4/policies/PX.TAKEOFF1/cmds.txt|baseline/pgfuzz/PX4/policies/PX.TAKEOFF2/cmds.txt,COMMAND_XML_DEFINITION_FOUND,MAV_CMD_FIXED_MAG_CAL_YAW,EXACT_NAME_XML_DEFINITION,,,,,,,,UNKNOWN,,当前目录没有可用默认值证据。,,,,,,,,,,,NOT_TESTED,42006,MATCH,baseline/px4/src/modules/mavlink/mavlink/message_definitions/v1.0/common.xml:2510,只确认协议 XML 定义；未由此证明当前飞控构建接受、执行或影响该性质。,NOT_ASSESSED
PX4,InputC,MAV_CMD_GIMBAL_RESET,15,PX.ALTITUDE1|PX.GPS.FS1|PX.GPS.FS2|PX.GPS.FS3|PX.HOLD1|PX.HOLD2|PX.LAND1|PX.POSITION1|PX.RTL1|PX.RTL2|PX.RTL3|PX.RTL4|PX.RTL5|PX.TAKEOFF1|PX.TAKEOFF2,"MAV_CMD_GIMBAL_RESET,42501",baseline/pgfuzz/PX4/policies/PX.ALTITUDE1/cmds.txt|baseline/pgfuzz/PX4/policies/PX.GPS.FS1/cmds.txt|baseline/pgfuzz/PX4/policies/PX.GPS.FS2/cmds.txt|baseline/pgfuzz/PX4/policies/PX.GPS.FS3/cmds.txt|baseline/pgfuzz/PX4/policies/PX.HOLD1/cmds.txt|baseline/pgfuzz/PX4/policies/PX.HOLD2/cmds.txt|baseline/pgfuzz/PX4/policies/PX.LAND1/cmds.txt|baseline/pgfuzz/PX4/policies/PX.POSITION1/cmds.txt|baseline/pgfuzz/PX4/policies/PX.RTL1/cmds.txt|baseline/pgfuzz/PX4/policies/PX.RTL2/cmds.txt|baseline/pgfuzz/PX4/policies/PX.RTL3/cmds.txt|baseline/pgfuzz/PX4/policies/PX.RTL4/cmds.txt|baseline/pgfuzz/PX4/policies/PX.RTL5/cmds.txt|baseline/pgfuzz/PX4/policies/PX.TAKEOFF1/cmds.txt|baseline/pgfuzz/PX4/policies/PX.TAKEOFF2/cmds.txt,COMMAND_XML_DEFINITION_NOT_FOUND,MAV_CMD_GIMBAL_RESET,UNRESOLVED,,,,,,,,UNKNOWN,,当前目录没有可用默认值证据。,,,,,,,,,,,NOT_TESTED,,NOT_APPLICABLE,,当前固定 MAVLink XML 未找到同名命令；没有据此猜测替代命令。,NOT_ASSESSED
PX4,InputC,MAV_CMD_MISSION_START,15,PX.ALTITUDE1|PX.GPS.FS1|PX.GPS.FS2|PX.GPS.FS3|PX.HOLD1|PX.HOLD2|PX.LAND1|PX.POSITION1|PX.RTL1|PX.RTL2|PX.RTL3|PX.RTL4|PX.RTL5|PX.TAKEOFF1|PX.TAKEOFF2,"MAV_CMD_MISSION_START,300",baseline/pgfuzz/PX4/policies/PX.ALTITUDE1/cmds.txt|baseline/pgfuzz/PX4/policies/PX.GPS.FS1/cmds.txt|baseline/pgfuzz/PX4/policies/PX.GPS.FS2/cmds.txt|baseline/pgfuzz/PX4/policies/PX.GPS.FS3/cmds.txt|baseline/pgfuzz/PX4/policies/PX.HOLD1/cmds.txt|baseline/pgfuzz/PX4/policies/PX.HOLD2/cmds.txt|baseline/pgfuzz/PX4/policies/PX.LAND1/cmds.txt|baseline/pgfuzz/PX4/policies/PX.POSITION1/cmds.txt|baseline/pgfuzz/PX4/policies/PX.RTL1/cmds.txt|baseline/pgfuzz/PX4/policies/PX.RTL2/cmds.txt|baseline/pgfuzz/PX4/policies/PX.RTL3/cmds.txt|baseline/pgfuzz/PX4/policies/PX.RTL4/cmds.txt|baseline/pgfuzz/PX4/policies/PX.RTL5/cmds.txt|baseline/pgfuzz/PX4/policies/PX.TAKEOFF1/cmds.txt|baseline/pgfuzz/PX4/policies/PX.TAKEOFF2/cmds.txt,COMMAND_XML_DEFINITION_FOUND,MAV_CMD_MISSION_START,EXACT_NAME_XML_DEFINITION,,,,,,,,UNKNOWN,,当前目录没有可用默认值证据。,,,,,,,,,,,NOT_TESTED,300,MATCH,baseline/px4/src/modules/mavlink/mavlink/message_definitions/v1.0/common.xml:1958,只确认协议 XML 定义；未由此证明当前飞控构建接受、执行或影响该性质。,NOT_ASSESSED
PX4,InputC,MAV_CMD_NAV_ALTITUDE_WAIT,15,PX.ALTITUDE1|PX.GPS.FS1|PX.GPS.FS2|PX.GPS.FS3|PX.HOLD1|PX.HOLD2|PX.LAND1|PX.POSITION1|PX.RTL1|PX.RTL2|PX.RTL3|PX.RTL4|PX.RTL5|PX.TAKEOFF1|PX.TAKEOFF2,"MAV_CMD_NAV_ALTITUDE_WAIT,83",baseline/pgfuzz/PX4/policies/PX.ALTITUDE1/cmds.txt|baseline/pgfuzz/PX4/policies/PX.GPS.FS1/cmds.txt|baseline/pgfuzz/PX4/policies/PX.GPS.FS2/cmds.txt|baseline/pgfuzz/PX4/policies/PX.GPS.FS3/cmds.txt|baseline/pgfuzz/PX4/policies/PX.HOLD1/cmds.txt|baseline/pgfuzz/PX4/policies/PX.HOLD2/cmds.txt|baseline/pgfuzz/PX4/policies/PX.LAND1/cmds.txt|baseline/pgfuzz/PX4/policies/PX.POSITION1/cmds.txt|baseline/pgfuzz/PX4/policies/PX.RTL1/cmds.txt|baseline/pgfuzz/PX4/policies/PX.RTL2/cmds.txt|baseline/pgfuzz/PX4/policies/PX.RTL3/cmds.txt|baseline/pgfuzz/PX4/policies/PX.RTL4/cmds.txt|baseline/pgfuzz/PX4/policies/PX.RTL5/cmds.txt|baseline/pgfuzz/PX4/policies/PX.TAKEOFF1/cmds.txt|baseline/pgfuzz/PX4/policies/PX.TAKEOFF2/cmds.txt,COMMAND_XML_DEFINITION_NOT_FOUND,MAV_CMD_NAV_ALTITUDE_WAIT,UNRESOLVED,,,,,,,,UNKNOWN,,当前目录没有可用默认值证据。,,,,,,,,,,,NOT_TESTED,,NOT_APPLICABLE,,当前固定 MAVLink XML 未找到同名命令；没有据此猜测替代命令。,NOT_ASSESSED
PX4,InputC,MAV_CMD_NAV_GUIDED_ENABLE,15,PX.ALTITUDE1|PX.GPS.FS1|PX.GPS.FS2|PX.GPS.FS3|PX.HOLD1|PX.HOLD2|PX.LAND1|PX.POSITION1|PX.RTL1|PX.RTL2|PX.RTL3|PX.RTL4|PX.RTL5|PX.TAKEOFF1|PX.TAKEOFF2,"MAV_CMD_NAV_GUIDED_ENABLE,92",baseline/pgfuzz/PX4/policies/PX.ALTITUDE1/cmds.txt|baseline/pgfuzz/PX4/policies/PX.GPS.FS1/cmds.txt|baseline/pgfuzz/PX4/policies/PX.GPS.FS2/cmds.txt|baseline/pgfuzz/PX4/policies/PX.GPS.FS3/cmds.txt|baseline/pgfuzz/PX4/policies/PX.HOLD1/cmds.txt|baseline/pgfuzz/PX4/policies/PX.HOLD2/cmds.txt|baseline/pgfuzz/PX4/policies/PX.LAND1/cmds.txt|baseline/pgfuzz/PX4/policies/PX.POSITION1/cmds.txt|baseline/pgfuzz/PX4/policies/PX.RTL1/cmds.txt|baseline/pgfuzz/PX4/policies/PX.RTL2/cmds.txt|baseline/pgfuzz/PX4/policies/PX.RTL3/cmds.txt|baseline/pgfuzz/PX4/policies/PX.RTL4/cmds.txt|baseline/pgfuzz/PX4/policies/PX.RTL5/cmds.txt|baseline/pgfuzz/PX4/policies/PX.TAKEOFF1/cmds.txt|baseline/pgfuzz/PX4/policies/PX.TAKEOFF2/cmds.txt,COMMAND_XML_DEFINITION_FOUND,MAV_CMD_NAV_GUIDED_ENABLE,EXACT_NAME_XML_DEFINITION,,,,,,,,UNKNOWN,,当前目录没有可用默认值证据。,,,,,,,,,,,NOT_TESTED,92,MATCH,baseline/px4/src/modules/mavlink/mavlink/message_definitions/v1.0/common.xml:1289,只确认协议 XML 定义；未由此证明当前飞控构建接受、执行或影响该性质。,NOT_ASSESSED
PX4,InputC,MAV_CMD_NAV_LAND,15,PX.ALTITUDE1|PX.GPS.FS1|PX.GPS.FS2|PX.GPS.FS3|PX.HOLD1|PX.HOLD2|PX.LAND1|PX.POSITION1|PX.RTL1|PX.RTL2|PX.RTL3|PX.RTL4|PX.RTL5|PX.TAKEOFF1|PX.TAKEOFF2,"MAV_CMD_NAV_LAND,21",baseline/pgfuzz/PX4/policies/PX.ALTITUDE1/cmds.txt|baseline/pgfuzz/PX4/policies/PX.GPS.FS1/cmds.txt|baseline/pgfuzz/PX4/policies/PX.GPS.FS2/cmds.txt|baseline/pgfuzz/PX4/policies/PX.GPS.FS3/cmds.txt|baseline/pgfuzz/PX4/policies/PX.HOLD1/cmds.txt|baseline/pgfuzz/PX4/policies/PX.HOLD2/cmds.txt|baseline/pgfuzz/PX4/policies/PX.LAND1/cmds.txt|baseline/pgfuzz/PX4/policies/PX.POSITION1/cmds.txt|baseline/pgfuzz/PX4/policies/PX.RTL1/cmds.txt|baseline/pgfuzz/PX4/policies/PX.RTL2/cmds.txt|baseline/pgfuzz/PX4/policies/PX.RTL3/cmds.txt|baseline/pgfuzz/PX4/policies/PX.RTL4/cmds.txt|baseline/pgfuzz/PX4/policies/PX.RTL5/cmds.txt|baseline/pgfuzz/PX4/policies/PX.TAKEOFF1/cmds.txt|baseline/pgfuzz/PX4/policies/PX.TAKEOFF2/cmds.txt,COMMAND_XML_DEFINITION_FOUND,MAV_CMD_NAV_LAND,EXACT_NAME_XML_DEFINITION,,,,,,,,UNKNOWN,,当前目录没有可用默认值证据。,,,,,,,,,,,NOT_TESTED,21,MATCH,baseline/px4/src/modules/mavlink/mavlink/message_definitions/v1.0/common.xml:1134,只确认协议 XML 定义；未由此证明当前飞控构建接受、执行或影响该性质。,NOT_ASSESSED
PX4,InputC,MAV_CMD_NAV_LOITER_TIME,15,PX.ALTITUDE1|PX.GPS.FS1|PX.GPS.FS2|PX.GPS.FS3|PX.HOLD1|PX.HOLD2|PX.LAND1|PX.POSITION1|PX.RTL1|PX.RTL2|PX.RTL3|PX.RTL4|PX.RTL5|PX.TAKEOFF1|PX.TAKEOFF2,"MAV_CMD_NAV_LOITER_TIME,19",baseline/pgfuzz/PX4/policies/PX.ALTITUDE1/cmds.txt|baseline/pgfuzz/PX4/policies/PX.GPS.FS1/cmds.txt|baseline/pgfuzz/PX4/policies/PX.GPS.FS2/cmds.txt|baseline/pgfuzz/PX4/policies/PX.GPS.FS3/cmds.txt|baseline/pgfuzz/PX4/policies/PX.HOLD1/cmds.txt|baseline/pgfuzz/PX4/policies/PX.HOLD2/cmds.txt|baseline/pgfuzz/PX4/policies/PX.LAND1/cmds.txt|baseline/pgfuzz/PX4/policies/PX.POSITION1/cmds.txt|baseline/pgfuzz/PX4/policies/PX.RTL1/cmds.txt|baseline/pgfuzz/PX4/policies/PX.RTL2/cmds.txt|baseline/pgfuzz/PX4/policies/PX.RTL3/cmds.txt|baseline/pgfuzz/PX4/policies/PX.RTL4/cmds.txt|baseline/pgfuzz/PX4/policies/PX.RTL5/cmds.txt|baseline/pgfuzz/PX4/policies/PX.TAKEOFF1/cmds.txt|baseline/pgfuzz/PX4/policies/PX.TAKEOFF2/cmds.txt,COMMAND_XML_DEFINITION_FOUND,MAV_CMD_NAV_LOITER_TIME,EXACT_NAME_XML_DEFINITION,,,,,,,,UNKNOWN,,当前目录没有可用默认值证据。,,,,,,,,,,,NOT_TESTED,19,MATCH,baseline/px4/src/modules/mavlink/mavlink/message_definitions/v1.0/common.xml:1114,只确认协议 XML 定义；未由此证明当前飞控构建接受、执行或影响该性质。,NOT_ASSESSED
PX4,InputC,MAV_CMD_NAV_LOITER_TURNS,15,PX.ALTITUDE1|PX.GPS.FS1|PX.GPS.FS2|PX.GPS.FS3|PX.HOLD1|PX.HOLD2|PX.LAND1|PX.POSITION1|PX.RTL1|PX.RTL2|PX.RTL3|PX.RTL4|PX.RTL5|PX.TAKEOFF1|PX.TAKEOFF2,"MAV_CMD_NAV_LOITER_TURNS,18",baseline/pgfuzz/PX4/policies/PX.ALTITUDE1/cmds.txt|baseline/pgfuzz/PX4/policies/PX.GPS.FS1/cmds.txt|baseline/pgfuzz/PX4/policies/PX.GPS.FS2/cmds.txt|baseline/pgfuzz/PX4/policies/PX.GPS.FS3/cmds.txt|baseline/pgfuzz/PX4/policies/PX.HOLD1/cmds.txt|baseline/pgfuzz/PX4/policies/PX.HOLD2/cmds.txt|baseline/pgfuzz/PX4/policies/PX.LAND1/cmds.txt|baseline/pgfuzz/PX4/policies/PX.POSITION1/cmds.txt|baseline/pgfuzz/PX4/policies/PX.RTL1/cmds.txt|baseline/pgfuzz/PX4/policies/PX.RTL2/cmds.txt|baseline/pgfuzz/PX4/policies/PX.RTL3/cmds.txt|baseline/pgfuzz/PX4/policies/PX.RTL4/cmds.txt|baseline/pgfuzz/PX4/policies/PX.RTL5/cmds.txt|baseline/pgfuzz/PX4/policies/PX.TAKEOFF1/cmds.txt|baseline/pgfuzz/PX4/policies/PX.TAKEOFF2/cmds.txt,COMMAND_XML_DEFINITION_FOUND,MAV_CMD_NAV_LOITER_TURNS,EXACT_NAME_XML_DEFINITION,,,,,,,,UNKNOWN,,当前目录没有可用默认值证据。,,,,,,,,,,,NOT_TESTED,18,MATCH,baseline/px4/src/modules/mavlink/mavlink/message_definitions/v1.0/common.xml:1104,只确认协议 XML 定义；未由此证明当前飞控构建接受、执行或影响该性质。,NOT_ASSESSED
PX4,InputC,MAV_CMD_NAV_RETURN_TO_LAUNCH,21,PX.ALTITUDE1|PX.GPS.FS1|PX.GPS.FS2|PX.GPS.FS3|PX.HOLD1|PX.HOLD2|PX.LAND1|PX.ORBIT1|PX.ORBIT2|PX.ORBIT3|PX.ORBIT4|PX.ORBIT5|PX.ORBIT6|PX.POSITION1|PX.RTL1|PX.RTL2|PX.RTL3|PX.RTL4|PX.RTL5|PX.TAKEOFF1|PX.TAKEOFF2,"MAV_CMD_NAV_RETURN_TO_LAUNCH,20",baseline/pgfuzz/PX4/policies/PX.ALTITUDE1/cmds.txt|baseline/pgfuzz/PX4/policies/PX.GPS.FS1/cmds.txt|baseline/pgfuzz/PX4/policies/PX.GPS.FS2/cmds.txt|baseline/pgfuzz/PX4/policies/PX.GPS.FS3/cmds.txt|baseline/pgfuzz/PX4/policies/PX.HOLD1/cmds.txt|baseline/pgfuzz/PX4/policies/PX.HOLD2/cmds.txt|baseline/pgfuzz/PX4/policies/PX.LAND1/cmds.txt|baseline/pgfuzz/PX4/policies/PX.ORBIT1/cmds.txt|baseline/pgfuzz/PX4/policies/PX.ORBIT2/cmds.txt|baseline/pgfuzz/PX4/policies/PX.ORBIT3/cmds.txt|baseline/pgfuzz/PX4/policies/PX.ORBIT4_5/cmds.txt|baseline/pgfuzz/PX4/policies/PX.ORBIT6/cmds.txt|baseline/pgfuzz/PX4/policies/PX.POSITION1/cmds.txt|baseline/pgfuzz/PX4/policies/PX.RTL1/cmds.txt|baseline/pgfuzz/PX4/policies/PX.RTL2/cmds.txt|baseline/pgfuzz/PX4/policies/PX.RTL3/cmds.txt|baseline/pgfuzz/PX4/policies/PX.RTL4/cmds.txt|baseline/pgfuzz/PX4/policies/PX.RTL5/cmds.txt|baseline/pgfuzz/PX4/policies/PX.TAKEOFF1/cmds.txt|baseline/pgfuzz/PX4/policies/PX.TAKEOFF2/cmds.txt,COMMAND_XML_DEFINITION_FOUND,MAV_CMD_NAV_RETURN_TO_LAUNCH,EXACT_NAME_XML_DEFINITION,,,,,,,,UNKNOWN,,当前目录没有可用默认值证据。,,,,,,,,,,,NOT_TESTED,20,MATCH,baseline/px4/src/modules/mavlink/mavlink/message_definitions/v1.0/common.xml:1124,只确认协议 XML 定义；未由此证明当前飞控构建接受、执行或影响该性质。,NOT_ASSESSED
PX4,InputC,MAV_CMD_NAV_SPLINE_WAYPOINT,15,PX.ALTITUDE1|PX.GPS.FS1|PX.GPS.FS2|PX.GPS.FS3|PX.HOLD1|PX.HOLD2|PX.LAND1|PX.POSITION1|PX.RTL1|PX.RTL2|PX.RTL3|PX.RTL4|PX.RTL5|PX.TAKEOFF1|PX.TAKEOFF2,"MAV_CMD_NAV_SPLINE_WAYPOINT,82",baseline/pgfuzz/PX4/policies/PX.ALTITUDE1/cmds.txt|baseline/pgfuzz/PX4/policies/PX.GPS.FS1/cmds.txt|baseline/pgfuzz/PX4/policies/PX.GPS.FS2/cmds.txt|baseline/pgfuzz/PX4/policies/PX.GPS.FS3/cmds.txt|baseline/pgfuzz/PX4/policies/PX.HOLD1/cmds.txt|baseline/pgfuzz/PX4/policies/PX.HOLD2/cmds.txt|baseline/pgfuzz/PX4/policies/PX.LAND1/cmds.txt|baseline/pgfuzz/PX4/policies/PX.POSITION1/cmds.txt|baseline/pgfuzz/PX4/policies/PX.RTL1/cmds.txt|baseline/pgfuzz/PX4/policies/PX.RTL2/cmds.txt|baseline/pgfuzz/PX4/policies/PX.RTL3/cmds.txt|baseline/pgfuzz/PX4/policies/PX.RTL4/cmds.txt|baseline/pgfuzz/PX4/policies/PX.RTL5/cmds.txt|baseline/pgfuzz/PX4/policies/PX.TAKEOFF1/cmds.txt|baseline/pgfuzz/PX4/policies/PX.TAKEOFF2/cmds.txt,COMMAND_XML_DEFINITION_FOUND,MAV_CMD_NAV_SPLINE_WAYPOINT,EXACT_NAME_XML_DEFINITION,,,,,,,,UNKNOWN,,当前目录没有可用默认值证据。,,,,,,,,,,,NOT_TESTED,82,MATCH,baseline/px4/src/modules/mavlink/mavlink/message_definitions/v1.0/common.xml:1255,只确认协议 XML 定义；未由此证明当前飞控构建接受、执行或影响该性质。,NOT_ASSESSED
PX4,InputC,MAV_CMD_NAV_TAKEOFF,15,PX.ALTITUDE1|PX.GPS.FS1|PX.GPS.FS2|PX.GPS.FS3|PX.HOLD1|PX.HOLD2|PX.LAND1|PX.POSITION1|PX.RTL1|PX.RTL2|PX.RTL3|PX.RTL4|PX.RTL5|PX.TAKEOFF1|PX.TAKEOFF2,"MAV_CMD_NAV_TAKEOFF,22",baseline/pgfuzz/PX4/policies/PX.ALTITUDE1/cmds.txt|baseline/pgfuzz/PX4/policies/PX.GPS.FS1/cmds.txt|baseline/pgfuzz/PX4/policies/PX.GPS.FS2/cmds.txt|baseline/pgfuzz/PX4/policies/PX.GPS.FS3/cmds.txt|baseline/pgfuzz/PX4/policies/PX.HOLD1/cmds.txt|baseline/pgfuzz/PX4/policies/PX.HOLD2/cmds.txt|baseline/pgfuzz/PX4/policies/PX.LAND1/cmds.txt|baseline/pgfuzz/PX4/policies/PX.POSITION1/cmds.txt|baseline/pgfuzz/PX4/policies/PX.RTL1/cmds.txt|baseline/pgfuzz/PX4/policies/PX.RTL2/cmds.txt|baseline/pgfuzz/PX4/policies/PX.RTL3/cmds.txt|baseline/pgfuzz/PX4/policies/PX.RTL4/cmds.txt|baseline/pgfuzz/PX4/policies/PX.RTL5/cmds.txt|baseline/pgfuzz/PX4/policies/PX.TAKEOFF1/cmds.txt|baseline/pgfuzz/PX4/policies/PX.TAKEOFF2/cmds.txt,COMMAND_XML_DEFINITION_FOUND,MAV_CMD_NAV_TAKEOFF,EXACT_NAME_XML_DEFINITION,,,,,,,,UNKNOWN,,当前目录没有可用默认值证据。,,,,,,,,,,,NOT_TESTED,22,MATCH,baseline/px4/src/modules/mavlink/mavlink/message_definitions/v1.0/common.xml:1144,只确认协议 XML 定义；未由此证明当前飞控构建接受、执行或影响该性质。,NOT_ASSESSED
PX4,InputC,MAV_CMD_NAV_WAYPOINT,15,PX.ALTITUDE1|PX.GPS.FS1|PX.GPS.FS2|PX.GPS.FS3|PX.HOLD1|PX.HOLD2|PX.LAND1|PX.POSITION1|PX.RTL1|PX.RTL2|PX.RTL3|PX.RTL4|PX.RTL5|PX.TAKEOFF1|PX.TAKEOFF2,"MAV_CMD_NAV_WAYPOINT,16",baseline/pgfuzz/PX4/policies/PX.ALTITUDE1/cmds.txt|baseline/pgfuzz/PX4/policies/PX.GPS.FS1/cmds.txt|baseline/pgfuzz/PX4/policies/PX.GPS.FS2/cmds.txt|baseline/pgfuzz/PX4/policies/PX.GPS.FS3/cmds.txt|baseline/pgfuzz/PX4/policies/PX.HOLD1/cmds.txt|baseline/pgfuzz/PX4/policies/PX.HOLD2/cmds.txt|baseline/pgfuzz/PX4/policies/PX.LAND1/cmds.txt|baseline/pgfuzz/PX4/policies/PX.POSITION1/cmds.txt|baseline/pgfuzz/PX4/policies/PX.RTL1/cmds.txt|baseline/pgfuzz/PX4/policies/PX.RTL2/cmds.txt|baseline/pgfuzz/PX4/policies/PX.RTL3/cmds.txt|baseline/pgfuzz/PX4/policies/PX.RTL4/cmds.txt|baseline/pgfuzz/PX4/policies/PX.RTL5/cmds.txt|baseline/pgfuzz/PX4/policies/PX.TAKEOFF1/cmds.txt|baseline/pgfuzz/PX4/policies/PX.TAKEOFF2/cmds.txt,COMMAND_XML_DEFINITION_FOUND,MAV_CMD_NAV_WAYPOINT,EXACT_NAME_XML_DEFINITION,,,,,,,,UNKNOWN,,当前目录没有可用默认值证据。,,,,,,,,,,,NOT_TESTED,16,MATCH,baseline/px4/src/modules/mavlink/mavlink/message_definitions/v1.0/common.xml:1084,只确认协议 XML 定义；未由此证明当前飞控构建接受、执行或影响该性质。,NOT_ASSESSED
PX4,InputC,MAV_CMD_POWER_OFF_INITIATED,15,PX.ALTITUDE1|PX.GPS.FS1|PX.GPS.FS2|PX.GPS.FS3|PX.HOLD1|PX.HOLD2|PX.LAND1|PX.POSITION1|PX.RTL1|PX.RTL2|PX.RTL3|PX.RTL4|PX.RTL5|PX.TAKEOFF1|PX.TAKEOFF2,"MAV_CMD_POWER_OFF_INITIATED,42000",baseline/pgfuzz/PX4/policies/PX.ALTITUDE1/cmds.txt|baseline/pgfuzz/PX4/policies/PX.GPS.FS1/cmds.txt|baseline/pgfuzz/PX4/policies/PX.GPS.FS2/cmds.txt|baseline/pgfuzz/PX4/policies/PX.GPS.FS3/cmds.txt|baseline/pgfuzz/PX4/policies/PX.HOLD1/cmds.txt|baseline/pgfuzz/PX4/policies/PX.HOLD2/cmds.txt|baseline/pgfuzz/PX4/policies/PX.LAND1/cmds.txt|baseline/pgfuzz/PX4/policies/PX.POSITION1/cmds.txt|baseline/pgfuzz/PX4/policies/PX.RTL1/cmds.txt|baseline/pgfuzz/PX4/policies/PX.RTL2/cmds.txt|baseline/pgfuzz/PX4/policies/PX.RTL3/cmds.txt|baseline/pgfuzz/PX4/policies/PX.RTL4/cmds.txt|baseline/pgfuzz/PX4/policies/PX.RTL5/cmds.txt|baseline/pgfuzz/PX4/policies/PX.TAKEOFF1/cmds.txt|baseline/pgfuzz/PX4/policies/PX.TAKEOFF2/cmds.txt,COMMAND_XML_DEFINITION_NOT_FOUND,MAV_CMD_POWER_OFF_INITIATED,UNRESOLVED,,,,,,,,UNKNOWN,,当前目录没有可用默认值证据。,,,,,,,,,,,NOT_TESTED,,NOT_APPLICABLE,,当前固定 MAVLink XML 未找到同名命令；没有据此猜测替代命令。,NOT_ASSESSED
PX4,InputC,MAV_CMD_SET_FACTORY_TEST_MODE,15,PX.ALTITUDE1|PX.GPS.FS1|PX.GPS.FS2|PX.GPS.FS3|PX.HOLD1|PX.HOLD2|PX.LAND1|PX.POSITION1|PX.RTL1|PX.RTL2|PX.RTL3|PX.RTL4|PX.RTL5|PX.TAKEOFF1|PX.TAKEOFF2,"MAV_CMD_SET_FACTORY_TEST_MODE,42427",baseline/pgfuzz/PX4/policies/PX.ALTITUDE1/cmds.txt|baseline/pgfuzz/PX4/policies/PX.GPS.FS1/cmds.txt|baseline/pgfuzz/PX4/policies/PX.GPS.FS2/cmds.txt|baseline/pgfuzz/PX4/policies/PX.GPS.FS3/cmds.txt|baseline/pgfuzz/PX4/policies/PX.HOLD1/cmds.txt|baseline/pgfuzz/PX4/policies/PX.HOLD2/cmds.txt|baseline/pgfuzz/PX4/policies/PX.LAND1/cmds.txt|baseline/pgfuzz/PX4/policies/PX.POSITION1/cmds.txt|baseline/pgfuzz/PX4/policies/PX.RTL1/cmds.txt|baseline/pgfuzz/PX4/policies/PX.RTL2/cmds.txt|baseline/pgfuzz/PX4/policies/PX.RTL3/cmds.txt|baseline/pgfuzz/PX4/policies/PX.RTL4/cmds.txt|baseline/pgfuzz/PX4/policies/PX.RTL5/cmds.txt|baseline/pgfuzz/PX4/policies/PX.TAKEOFF1/cmds.txt|baseline/pgfuzz/PX4/policies/PX.TAKEOFF2/cmds.txt,COMMAND_XML_DEFINITION_NOT_FOUND,MAV_CMD_SET_FACTORY_TEST_MODE,UNRESOLVED,,,,,,,,UNKNOWN,,当前目录没有可用默认值证据。,,,,,,,,,,,NOT_TESTED,,NOT_APPLICABLE,,当前固定 MAVLink XML 未找到同名命令；没有据此猜测替代命令。,NOT_ASSESSED
PX4,InputC,MAV_CMD_SOLO_BTN_FLY_CLICK,15,PX.ALTITUDE1|PX.GPS.FS1|PX.GPS.FS2|PX.GPS.FS3|PX.HOLD1|PX.HOLD2|PX.LAND1|PX.POSITION1|PX.RTL1|PX.RTL2|PX.RTL3|PX.RTL4|PX.RTL5|PX.TAKEOFF1|PX.TAKEOFF2,"MAV_CMD_SOLO_BTN_FLY_CLICK,42001",baseline/pgfuzz/PX4/policies/PX.ALTITUDE1/cmds.txt|baseline/pgfuzz/PX4/policies/PX.GPS.FS1/cmds.txt|baseline/pgfuzz/PX4/policies/PX.GPS.FS2/cmds.txt|baseline/pgfuzz/PX4/policies/PX.GPS.FS3/cmds.txt|baseline/pgfuzz/PX4/policies/PX.HOLD1/cmds.txt|baseline/pgfuzz/PX4/policies/PX.HOLD2/cmds.txt|baseline/pgfuzz/PX4/policies/PX.LAND1/cmds.txt|baseline/pgfuzz/PX4/policies/PX.POSITION1/cmds.txt|baseline/pgfuzz/PX4/policies/PX.RTL1/cmds.txt|baseline/pgfuzz/PX4/policies/PX.RTL2/cmds.txt|baseline/pgfuzz/PX4/policies/PX.RTL3/cmds.txt|baseline/pgfuzz/PX4/policies/PX.RTL4/cmds.txt|baseline/pgfuzz/PX4/policies/PX.RTL5/cmds.txt|baseline/pgfuzz/PX4/policies/PX.TAKEOFF1/cmds.txt|baseline/pgfuzz/PX4/policies/PX.TAKEOFF2/cmds.txt,COMMAND_XML_DEFINITION_NOT_FOUND,MAV_CMD_SOLO_BTN_FLY_CLICK,UNRESOLVED,,,,,,,,UNKNOWN,,当前目录没有可用默认值证据。,,,,,,,,,,,NOT_TESTED,,NOT_APPLICABLE,,当前固定 MAVLink XML 未找到同名命令；没有据此猜测替代命令。,NOT_ASSESSED
PX4,InputC,MAV_CMD_SOLO_BTN_FLY_HOLD,15,PX.ALTITUDE1|PX.GPS.FS1|PX.GPS.FS2|PX.GPS.FS3|PX.HOLD1|PX.HOLD2|PX.LAND1|PX.POSITION1|PX.RTL1|PX.RTL2|PX.RTL3|PX.RTL4|PX.RTL5|PX.TAKEOFF1|PX.TAKEOFF2,"MAV_CMD_SOLO_BTN_FLY_HOLD,42002",baseline/pgfuzz/PX4/policies/PX.ALTITUDE1/cmds.txt|baseline/pgfuzz/PX4/policies/PX.GPS.FS1/cmds.txt|baseline/pgfuzz/PX4/policies/PX.GPS.FS2/cmds.txt|baseline/pgfuzz/PX4/policies/PX.GPS.FS3/cmds.txt|baseline/pgfuzz/PX4/policies/PX.HOLD1/cmds.txt|baseline/pgfuzz/PX4/policies/PX.HOLD2/cmds.txt|baseline/pgfuzz/PX4/policies/PX.LAND1/cmds.txt|baseline/pgfuzz/PX4/policies/PX.POSITION1/cmds.txt|baseline/pgfuzz/PX4/policies/PX.RTL1/cmds.txt|baseline/pgfuzz/PX4/policies/PX.RTL2/cmds.txt|baseline/pgfuzz/PX4/policies/PX.RTL3/cmds.txt|baseline/pgfuzz/PX4/policies/PX.RTL4/cmds.txt|baseline/pgfuzz/PX4/policies/PX.RTL5/cmds.txt|baseline/pgfuzz/PX4/policies/PX.TAKEOFF1/cmds.txt|baseline/pgfuzz/PX4/policies/PX.TAKEOFF2/cmds.txt,COMMAND_XML_DEFINITION_NOT_FOUND,MAV_CMD_SOLO_BTN_FLY_HOLD,UNRESOLVED,,,,,,,,UNKNOWN,,当前目录没有可用默认值证据。,,,,,,,,,,,NOT_TESTED,,NOT_APPLICABLE,,当前固定 MAVLink XML 未找到同名命令；没有据此猜测替代命令。,NOT_ASSESSED
PX4,InputC,MAV_CMD_SOLO_BTN_PAUSE_CLICK,15,PX.ALTITUDE1|PX.GPS.FS1|PX.GPS.FS2|PX.GPS.FS3|PX.HOLD1|PX.HOLD2|PX.LAND1|PX.POSITION1|PX.RTL1|PX.RTL2|PX.RTL3|PX.RTL4|PX.RTL5|PX.TAKEOFF1|PX.TAKEOFF2,"MAV_CMD_SOLO_BTN_PAUSE_CLICK,42003",baseline/pgfuzz/PX4/policies/PX.ALTITUDE1/cmds.txt|baseline/pgfuzz/PX4/policies/PX.GPS.FS1/cmds.txt|baseline/pgfuzz/PX4/policies/PX.GPS.FS2/cmds.txt|baseline/pgfuzz/PX4/policies/PX.GPS.FS3/cmds.txt|baseline/pgfuzz/PX4/policies/PX.HOLD1/cmds.txt|baseline/pgfuzz/PX4/policies/PX.HOLD2/cmds.txt|baseline/pgfuzz/PX4/policies/PX.LAND1/cmds.txt|baseline/pgfuzz/PX4/policies/PX.POSITION1/cmds.txt|baseline/pgfuzz/PX4/policies/PX.RTL1/cmds.txt|baseline/pgfuzz/PX4/policies/PX.RTL2/cmds.txt|baseline/pgfuzz/PX4/policies/PX.RTL3/cmds.txt|baseline/pgfuzz/PX4/policies/PX.RTL4/cmds.txt|baseline/pgfuzz/PX4/policies/PX.RTL5/cmds.txt|baseline/pgfuzz/PX4/policies/PX.TAKEOFF1/cmds.txt|baseline/pgfuzz/PX4/policies/PX.TAKEOFF2/cmds.txt,COMMAND_XML_DEFINITION_NOT_FOUND,MAV_CMD_SOLO_BTN_PAUSE_CLICK,UNRESOLVED,,,,,,,,UNKNOWN,,当前目录没有可用默认值证据。,,,,,,,,,,,NOT_TESTED,,NOT_APPLICABLE,,当前固定 MAVLink XML 未找到同名命令；没有据此猜测替代命令。,NOT_ASSESSED
PX4,InputC,RC1,21,PX.ALTITUDE1|PX.GPS.FS1|PX.GPS.FS2|PX.GPS.FS3|PX.HOLD1|PX.HOLD2|PX.LAND1|PX.ORBIT1|PX.ORBIT2|PX.ORBIT3|PX.ORBIT4|PX.ORBIT5|PX.ORBIT6|PX.POSITION1|PX.RTL1|PX.RTL2|PX.RTL3|PX.RTL4|PX.RTL5|PX.TAKEOFF1|PX.TAKEOFF2,"RC1,0",baseline/pgfuzz/PX4/policies/PX.ALTITUDE1/cmds.txt|baseline/pgfuzz/PX4/policies/PX.GPS.FS1/cmds.txt|baseline/pgfuzz/PX4/policies/PX.GPS.FS2/cmds.txt|baseline/pgfuzz/PX4/policies/PX.GPS.FS3/cmds.txt|baseline/pgfuzz/PX4/policies/PX.HOLD1/cmds.txt|baseline/pgfuzz/PX4/policies/PX.HOLD2/cmds.txt|baseline/pgfuzz/PX4/policies/PX.LAND1/cmds.txt|baseline/pgfuzz/PX4/policies/PX.ORBIT1/cmds.txt|baseline/pgfuzz/PX4/policies/PX.ORBIT2/cmds.txt|baseline/pgfuzz/PX4/policies/PX.ORBIT3/cmds.txt|baseline/pgfuzz/PX4/policies/PX.ORBIT4_5/cmds.txt|baseline/pgfuzz/PX4/policies/PX.ORBIT6/cmds.txt|baseline/pgfuzz/PX4/policies/PX.POSITION1/cmds.txt|baseline/pgfuzz/PX4/policies/PX.RTL1/cmds.txt|baseline/pgfuzz/PX4/policies/PX.RTL2/cmds.txt|baseline/pgfuzz/PX4/policies/PX.RTL3/cmds.txt|baseline/pgfuzz/PX4/policies/PX.RTL4/cmds.txt|baseline/pgfuzz/PX4/policies/PX.RTL5/cmds.txt|baseline/pgfuzz/PX4/policies/PX.TAKEOFF1/cmds.txt|baseline/pgfuzz/PX4/policies/PX.TAKEOFF2/cmds.txt,SPECIAL_CONTROL_INPUT,RC1,MODELLED_SPECIAL_INPUT,,,,,,,,UNKNOWN,,当前目录没有可用默认值证据。,,,,,,,,,,,NOT_TESTED,,NOT_APPLICABLE,,这是 PGFuzz 自定义输入编码；后续必须绑定到当前模式或遥控接收路径，不能把数字直接当当前枚举。,NOT_ASSESSED
PX4,InputC,RC2,21,PX.ALTITUDE1|PX.GPS.FS1|PX.GPS.FS2|PX.GPS.FS3|PX.HOLD1|PX.HOLD2|PX.LAND1|PX.ORBIT1|PX.ORBIT2|PX.ORBIT3|PX.ORBIT4|PX.ORBIT5|PX.ORBIT6|PX.POSITION1|PX.RTL1|PX.RTL2|PX.RTL3|PX.RTL4|PX.RTL5|PX.TAKEOFF1|PX.TAKEOFF2,"RC2,0",baseline/pgfuzz/PX4/policies/PX.ALTITUDE1/cmds.txt|baseline/pgfuzz/PX4/policies/PX.GPS.FS1/cmds.txt|baseline/pgfuzz/PX4/policies/PX.GPS.FS2/cmds.txt|baseline/pgfuzz/PX4/policies/PX.GPS.FS3/cmds.txt|baseline/pgfuzz/PX4/policies/PX.HOLD1/cmds.txt|baseline/pgfuzz/PX4/policies/PX.HOLD2/cmds.txt|baseline/pgfuzz/PX4/policies/PX.LAND1/cmds.txt|baseline/pgfuzz/PX4/policies/PX.ORBIT1/cmds.txt|baseline/pgfuzz/PX4/policies/PX.ORBIT2/cmds.txt|baseline/pgfuzz/PX4/policies/PX.ORBIT3/cmds.txt|baseline/pgfuzz/PX4/policies/PX.ORBIT4_5/cmds.txt|baseline/pgfuzz/PX4/policies/PX.ORBIT6/cmds.txt|baseline/pgfuzz/PX4/policies/PX.POSITION1/cmds.txt|baseline/pgfuzz/PX4/policies/PX.RTL1/cmds.txt|baseline/pgfuzz/PX4/policies/PX.RTL2/cmds.txt|baseline/pgfuzz/PX4/policies/PX.RTL3/cmds.txt|baseline/pgfuzz/PX4/policies/PX.RTL4/cmds.txt|baseline/pgfuzz/PX4/policies/PX.RTL5/cmds.txt|baseline/pgfuzz/PX4/policies/PX.TAKEOFF1/cmds.txt|baseline/pgfuzz/PX4/policies/PX.TAKEOFF2/cmds.txt,SPECIAL_CONTROL_INPUT,RC2,MODELLED_SPECIAL_INPUT,,,,,,,,UNKNOWN,,当前目录没有可用默认值证据。,,,,,,,,,,,NOT_TESTED,,NOT_APPLICABLE,,这是 PGFuzz 自定义输入编码；后续必须绑定到当前模式或遥控接收路径，不能把数字直接当当前枚举。,NOT_ASSESSED
PX4,InputC,RC3,21,PX.ALTITUDE1|PX.GPS.FS1|PX.GPS.FS2|PX.GPS.FS3|PX.HOLD1|PX.HOLD2|PX.LAND1|PX.ORBIT1|PX.ORBIT2|PX.ORBIT3|PX.ORBIT4|PX.ORBIT5|PX.ORBIT6|PX.POSITION1|PX.RTL1|PX.RTL2|PX.RTL3|PX.RTL4|PX.RTL5|PX.TAKEOFF1|PX.TAKEOFF2,"RC3,0",baseline/pgfuzz/PX4/policies/PX.ALTITUDE1/cmds.txt|baseline/pgfuzz/PX4/policies/PX.GPS.FS1/cmds.txt|baseline/pgfuzz/PX4/policies/PX.GPS.FS2/cmds.txt|baseline/pgfuzz/PX4/policies/PX.GPS.FS3/cmds.txt|baseline/pgfuzz/PX4/policies/PX.HOLD1/cmds.txt|baseline/pgfuzz/PX4/policies/PX.HOLD2/cmds.txt|baseline/pgfuzz/PX4/policies/PX.LAND1/cmds.txt|baseline/pgfuzz/PX4/policies/PX.ORBIT1/cmds.txt|baseline/pgfuzz/PX4/policies/PX.ORBIT2/cmds.txt|baseline/pgfuzz/PX4/policies/PX.ORBIT3/cmds.txt|baseline/pgfuzz/PX4/policies/PX.ORBIT4_5/cmds.txt|baseline/pgfuzz/PX4/policies/PX.ORBIT6/cmds.txt|baseline/pgfuzz/PX4/policies/PX.POSITION1/cmds.txt|baseline/pgfuzz/PX4/policies/PX.RTL1/cmds.txt|baseline/pgfuzz/PX4/policies/PX.RTL2/cmds.txt|baseline/pgfuzz/PX4/policies/PX.RTL3/cmds.txt|baseline/pgfuzz/PX4/policies/PX.RTL4/cmds.txt|baseline/pgfuzz/PX4/policies/PX.RTL5/cmds.txt|baseline/pgfuzz/PX4/policies/PX.TAKEOFF1/cmds.txt|baseline/pgfuzz/PX4/policies/PX.TAKEOFF2/cmds.txt,SPECIAL_CONTROL_INPUT,RC3,MODELLED_SPECIAL_INPUT,,,,,,,,UNKNOWN,,当前目录没有可用默认值证据。,,,,,,,,,,,NOT_TESTED,,NOT_APPLICABLE,,这是 PGFuzz 自定义输入编码；后续必须绑定到当前模式或遥控接收路径，不能把数字直接当当前枚举。,NOT_ASSESSED
PX4,InputC,RC4,21,PX.ALTITUDE1|PX.GPS.FS1|PX.GPS.FS2|PX.GPS.FS3|PX.HOLD1|PX.HOLD2|PX.LAND1|PX.ORBIT1|PX.ORBIT2|PX.ORBIT3|PX.ORBIT4|PX.ORBIT5|PX.ORBIT6|PX.POSITION1|PX.RTL1|PX.RTL2|PX.RTL3|PX.RTL4|PX.RTL5|PX.TAKEOFF1|PX.TAKEOFF2,"RC4,0",baseline/pgfuzz/PX4/policies/PX.ALTITUDE1/cmds.txt|baseline/pgfuzz/PX4/policies/PX.GPS.FS1/cmds.txt|baseline/pgfuzz/PX4/policies/PX.GPS.FS2/cmds.txt|baseline/pgfuzz/PX4/policies/PX.GPS.FS3/cmds.txt|baseline/pgfuzz/PX4/policies/PX.HOLD1/cmds.txt|baseline/pgfuzz/PX4/policies/PX.HOLD2/cmds.txt|baseline/pgfuzz/PX4/policies/PX.LAND1/cmds.txt|baseline/pgfuzz/PX4/policies/PX.ORBIT1/cmds.txt|baseline/pgfuzz/PX4/policies/PX.ORBIT2/cmds.txt|baseline/pgfuzz/PX4/policies/PX.ORBIT3/cmds.txt|baseline/pgfuzz/PX4/policies/PX.ORBIT4_5/cmds.txt|baseline/pgfuzz/PX4/policies/PX.ORBIT6/cmds.txt|baseline/pgfuzz/PX4/policies/PX.POSITION1/cmds.txt|baseline/pgfuzz/PX4/policies/PX.RTL1/cmds.txt|baseline/pgfuzz/PX4/policies/PX.RTL2/cmds.txt|baseline/pgfuzz/PX4/policies/PX.RTL3/cmds.txt|baseline/pgfuzz/PX4/policies/PX.RTL4/cmds.txt|baseline/pgfuzz/PX4/policies/PX.RTL5/cmds.txt|baseline/pgfuzz/PX4/policies/PX.TAKEOFF1/cmds.txt|baseline/pgfuzz/PX4/policies/PX.TAKEOFF2/cmds.txt,SPECIAL_CONTROL_INPUT,RC4,MODELLED_SPECIAL_INPUT,,,,,,,,UNKNOWN,,当前目录没有可用默认值证据。,,,,,,,,,,,NOT_TESTED,,NOT_APPLICABLE,,这是 PGFuzz 自定义输入编码；后续必须绑定到当前模式或遥控接收路径，不能把数字直接当当前枚举。,NOT_ASSESSED
PX4,InputE,SIM_BARO_OFF_P,21,PX.ALTITUDE1|PX.GPS.FS1|PX.GPS.FS2|PX.GPS.FS3|PX.HOLD1|PX.HOLD2|PX.LAND1|PX.ORBIT1|PX.ORBIT2|PX.ORBIT3|PX.ORBIT4|PX.ORBIT5|PX.ORBIT6|PX.POSITION1|PX.RTL1|PX.RTL2|PX.RTL3|PX.RTL4|PX.RTL5|PX.TAKEOFF1|PX.TAKEOFF2,SIM_BARO_OFF_P,baseline/pgfuzz/PX4/policies/PX.ALTITUDE1/envs.txt|baseline/pgfuzz/PX4/policies/PX.GPS.FS1/envs.txt|baseline/pgfuzz/PX4/policies/PX.GPS.FS2/envs.txt|baseline/pgfuzz/PX4/policies/PX.GPS.FS3/envs.txt|baseline/pgfuzz/PX4/policies/PX.HOLD1/envs.txt|baseline/pgfuzz/PX4/policies/PX.HOLD2/envs.txt|baseline/pgfuzz/PX4/policies/PX.LAND1/envs.txt|baseline/pgfuzz/PX4/policies/PX.ORBIT1/envs.txt|baseline/pgfuzz/PX4/policies/PX.ORBIT2/envs.txt|baseline/pgfuzz/PX4/policies/PX.ORBIT3/envs.txt|baseline/pgfuzz/PX4/policies/PX.ORBIT4_5/envs.txt|baseline/pgfuzz/PX4/policies/PX.ORBIT6/envs.txt|baseline/pgfuzz/PX4/policies/PX.POSITION1/envs.txt|baseline/pgfuzz/PX4/policies/PX.RTL1/envs.txt|baseline/pgfuzz/PX4/policies/PX.RTL2/envs.txt|baseline/pgfuzz/PX4/policies/PX.RTL3/envs.txt|baseline/pgfuzz/PX4/policies/PX.RTL4/envs.txt|baseline/pgfuzz/PX4/policies/PX.RTL5/envs.txt|baseline/pgfuzz/PX4/policies/PX.TAKEOFF1/envs.txt|baseline/pgfuzz/PX4/policies/PX.TAKEOFF2/envs.txt,EXACT_CURRENT_DEFINITION,SIM_BARO_OFF_P,EXACT_NAME_DEFINITION,,,baseline/px4/src/modules/simulation/sensor_baro_sim/parameters.c:51,exact_definition_unique,Float,0.0,0.0,SOURCE_METADATA_LITERAL_OR_EXPRESSION,baseline/px4/src/modules/simulation/sensor_baro_sim/parameters.c:51,保存参数目录解析出的字面值或未求值源码表达式；它不是运行值，宏表达式不能冒充已求值数值。,,,,,,confirmed_by_frozen_runtime_snapshot,observed_in_frozen_runtime_parameter_download,0.0,px4_sitl_default sihsim_quadx internal headless SIH instance 42,PX4-M6-MC-SIHSIM-QUADX-I42-20260718,NOT_TESTED,,NOT_APPLICABLE,,参数身份和定义位置已找到；这不证明它与该性质存在真实数据依赖，也未执行写入变更测试。,NOT_ASSESSED
PX4,InputE,SIM_BARO_OFF_T,21,PX.ALTITUDE1|PX.GPS.FS1|PX.GPS.FS2|PX.GPS.FS3|PX.HOLD1|PX.HOLD2|PX.LAND1|PX.ORBIT1|PX.ORBIT2|PX.ORBIT3|PX.ORBIT4|PX.ORBIT5|PX.ORBIT6|PX.POSITION1|PX.RTL1|PX.RTL2|PX.RTL3|PX.RTL4|PX.RTL5|PX.TAKEOFF1|PX.TAKEOFF2,SIM_BARO_OFF_T,baseline/pgfuzz/PX4/policies/PX.ALTITUDE1/envs.txt|baseline/pgfuzz/PX4/policies/PX.GPS.FS1/envs.txt|baseline/pgfuzz/PX4/policies/PX.GPS.FS2/envs.txt|baseline/pgfuzz/PX4/policies/PX.GPS.FS3/envs.txt|baseline/pgfuzz/PX4/policies/PX.HOLD1/envs.txt|baseline/pgfuzz/PX4/policies/PX.HOLD2/envs.txt|baseline/pgfuzz/PX4/policies/PX.LAND1/envs.txt|baseline/pgfuzz/PX4/policies/PX.ORBIT1/envs.txt|baseline/pgfuzz/PX4/policies/PX.ORBIT2/envs.txt|baseline/pgfuzz/PX4/policies/PX.ORBIT3/envs.txt|baseline/pgfuzz/PX4/policies/PX.ORBIT4_5/envs.txt|baseline/pgfuzz/PX4/policies/PX.ORBIT6/envs.txt|baseline/pgfuzz/PX4/policies/PX.POSITION1/envs.txt|baseline/pgfuzz/PX4/policies/PX.RTL1/envs.txt|baseline/pgfuzz/PX4/policies/PX.RTL2/envs.txt|baseline/pgfuzz/PX4/policies/PX.RTL3/envs.txt|baseline/pgfuzz/PX4/policies/PX.RTL4/envs.txt|baseline/pgfuzz/PX4/policies/PX.RTL5/envs.txt|baseline/pgfuzz/PX4/policies/PX.TAKEOFF1/envs.txt|baseline/pgfuzz/PX4/policies/PX.TAKEOFF2/envs.txt,EXACT_CURRENT_DEFINITION,SIM_BARO_OFF_T,EXACT_NAME_DEFINITION,,,baseline/px4/src/modules/simulation/sensor_baro_sim/parameters.c:59,exact_definition_unique,Float,0.0,0.0,SOURCE_METADATA_LITERAL_OR_EXPRESSION,baseline/px4/src/modules/simulation/sensor_baro_sim/parameters.c:59,保存参数目录解析出的字面值或未求值源码表达式；它不是运行值，宏表达式不能冒充已求值数值。,,,,celcius,,confirmed_by_frozen_runtime_snapshot,observed_in_frozen_runtime_parameter_download,0.0,px4_sitl_default sihsim_quadx internal headless SIH instance 42,PX4-M6-MC-SIHSIM-QUADX-I42-20260718,NOT_TESTED,,NOT_APPLICABLE,,参数身份和定义位置已找到；这不证明它与该性质存在真实数据依赖，也未执行写入变更测试。,NOT_ASSESSED
PX4,InputE,SIM_BAT_DRAIN,21,PX.ALTITUDE1|PX.GPS.FS1|PX.GPS.FS2|PX.GPS.FS3|PX.HOLD1|PX.HOLD2|PX.LAND1|PX.ORBIT1|PX.ORBIT2|PX.ORBIT3|PX.ORBIT4|PX.ORBIT5|PX.ORBIT6|PX.POSITION1|PX.RTL1|PX.RTL2|PX.RTL3|PX.RTL4|PX.RTL5|PX.TAKEOFF1|PX.TAKEOFF2,SIM_BAT_DRAIN,baseline/pgfuzz/PX4/policies/PX.ALTITUDE1/envs.txt|baseline/pgfuzz/PX4/policies/PX.GPS.FS1/envs.txt|baseline/pgfuzz/PX4/policies/PX.GPS.FS2/envs.txt|baseline/pgfuzz/PX4/policies/PX.GPS.FS3/envs.txt|baseline/pgfuzz/PX4/policies/PX.HOLD1/envs.txt|baseline/pgfuzz/PX4/policies/PX.HOLD2/envs.txt|baseline/pgfuzz/PX4/policies/PX.LAND1/envs.txt|baseline/pgfuzz/PX4/policies/PX.ORBIT1/envs.txt|baseline/pgfuzz/PX4/policies/PX.ORBIT2/envs.txt|baseline/pgfuzz/PX4/policies/PX.ORBIT3/envs.txt|baseline/pgfuzz/PX4/policies/PX.ORBIT4_5/envs.txt|baseline/pgfuzz/PX4/policies/PX.ORBIT6/envs.txt|baseline/pgfuzz/PX4/policies/PX.POSITION1/envs.txt|baseline/pgfuzz/PX4/policies/PX.RTL1/envs.txt|baseline/pgfuzz/PX4/policies/PX.RTL2/envs.txt|baseline/pgfuzz/PX4/policies/PX.RTL3/envs.txt|baseline/pgfuzz/PX4/policies/PX.RTL4/envs.txt|baseline/pgfuzz/PX4/policies/PX.RTL5/envs.txt|baseline/pgfuzz/PX4/policies/PX.TAKEOFF1/envs.txt|baseline/pgfuzz/PX4/policies/PX.TAKEOFF2/envs.txt,EXACT_CURRENT_DEFINITION,SIM_BAT_DRAIN,EXACT_NAME_DEFINITION,,,baseline/px4/src/modules/simulation/battery_simulator/battery_simulator_params.c:56,exact_definition_unique,Float,60.0,60.0,SOURCE_METADATA_LITERAL_OR_EXPRESSION,baseline/px4/src/modules/simulation/battery_simulator/battery_simulator_params.c:56,保存参数目录解析出的字面值或未求值源码表达式；它不是运行值，宏表达式不能冒充已求值数值。,1.0,86400.0,1.0,s,,confirmed_by_frozen_runtime_snapshot,observed_in_frozen_runtime_parameter_download,60.0,px4_sitl_default sihsim_quadx internal headless SIH instance 42,PX4-M6-MC-SIHSIM-QUADX-I42-20260718,NOT_TESTED,,NOT_APPLICABLE,,参数身份和定义位置已找到；这不证明它与该性质存在真实数据依赖，也未执行写入变更测试。,NOT_ASSESSED
PX4,InputE,SIM_BAT_MIN_PCT,21,PX.ALTITUDE1|PX.GPS.FS1|PX.GPS.FS2|PX.GPS.FS3|PX.HOLD1|PX.HOLD2|PX.LAND1|PX.ORBIT1|PX.ORBIT2|PX.ORBIT3|PX.ORBIT4|PX.ORBIT5|PX.ORBIT6|PX.POSITION1|PX.RTL1|PX.RTL2|PX.RTL3|PX.RTL4|PX.RTL5|PX.TAKEOFF1|PX.TAKEOFF2,SIM_BAT_MIN_PCT,baseline/pgfuzz/PX4/policies/PX.ALTITUDE1/envs.txt|baseline/pgfuzz/PX4/policies/PX.GPS.FS1/envs.txt|baseline/pgfuzz/PX4/policies/PX.GPS.FS2/envs.txt|baseline/pgfuzz/PX4/policies/PX.GPS.FS3/envs.txt|baseline/pgfuzz/PX4/policies/PX.HOLD1/envs.txt|baseline/pgfuzz/PX4/policies/PX.HOLD2/envs.txt|baseline/pgfuzz/PX4/policies/PX.LAND1/envs.txt|baseline/pgfuzz/PX4/policies/PX.ORBIT1/envs.txt|baseline/pgfuzz/PX4/policies/PX.ORBIT2/envs.txt|baseline/pgfuzz/PX4/policies/PX.ORBIT3/envs.txt|baseline/pgfuzz/PX4/policies/PX.ORBIT4_5/envs.txt|baseline/pgfuzz/PX4/policies/PX.ORBIT6/envs.txt|baseline/pgfuzz/PX4/policies/PX.POSITION1/envs.txt|baseline/pgfuzz/PX4/policies/PX.RTL1/envs.txt|baseline/pgfuzz/PX4/policies/PX.RTL2/envs.txt|baseline/pgfuzz/PX4/policies/PX.RTL3/envs.txt|baseline/pgfuzz/PX4/policies/PX.RTL4/envs.txt|baseline/pgfuzz/PX4/policies/PX.RTL5/envs.txt|baseline/pgfuzz/PX4/policies/PX.TAKEOFF1/envs.txt|baseline/pgfuzz/PX4/policies/PX.TAKEOFF2/envs.txt,EXACT_CURRENT_DEFINITION,SIM_BAT_MIN_PCT,EXACT_NAME_DEFINITION,,,baseline/px4/src/modules/simulation/battery_simulator/battery_simulator_params.c:71,exact_definition_unique,Float,50.0,50.0,SOURCE_METADATA_LITERAL_OR_EXPRESSION,baseline/px4/src/modules/simulation/battery_simulator/battery_simulator_params.c:71,保存参数目录解析出的字面值或未求值源码表达式；它不是运行值，宏表达式不能冒充已求值数值。,0.0,100.0,0.1,%,,confirmed_by_frozen_runtime_snapshot,observed_in_frozen_runtime_parameter_download,50.0,px4_sitl_default sihsim_quadx internal headless SIH instance 42,PX4-M6-MC-SIHSIM-QUADX-I42-20260718,NOT_TESTED,,NOT_APPLICABLE,,参数身份和定义位置已找到；这不证明它与该性质存在真实数据依赖，也未执行写入变更测试。,NOT_ASSESSED
PX4,InputE,SIM_GPS_USED,21,PX.ALTITUDE1|PX.GPS.FS1|PX.GPS.FS2|PX.GPS.FS3|PX.HOLD1|PX.HOLD2|PX.LAND1|PX.ORBIT1|PX.ORBIT2|PX.ORBIT3|PX.ORBIT4|PX.ORBIT5|PX.ORBIT6|PX.POSITION1|PX.RTL1|PX.RTL2|PX.RTL3|PX.RTL4|PX.RTL5|PX.TAKEOFF1|PX.TAKEOFF2,SIM_GPS_USED,baseline/pgfuzz/PX4/policies/PX.ALTITUDE1/envs.txt|baseline/pgfuzz/PX4/policies/PX.GPS.FS1/envs.txt|baseline/pgfuzz/PX4/policies/PX.GPS.FS2/envs.txt|baseline/pgfuzz/PX4/policies/PX.GPS.FS3/envs.txt|baseline/pgfuzz/PX4/policies/PX.HOLD1/envs.txt|baseline/pgfuzz/PX4/policies/PX.HOLD2/envs.txt|baseline/pgfuzz/PX4/policies/PX.LAND1/envs.txt|baseline/pgfuzz/PX4/policies/PX.ORBIT1/envs.txt|baseline/pgfuzz/PX4/policies/PX.ORBIT2/envs.txt|baseline/pgfuzz/PX4/policies/PX.ORBIT3/envs.txt|baseline/pgfuzz/PX4/policies/PX.ORBIT4_5/envs.txt|baseline/pgfuzz/PX4/policies/PX.ORBIT6/envs.txt|baseline/pgfuzz/PX4/policies/PX.POSITION1/envs.txt|baseline/pgfuzz/PX4/policies/PX.RTL1/envs.txt|baseline/pgfuzz/PX4/policies/PX.RTL2/envs.txt|baseline/pgfuzz/PX4/policies/PX.RTL3/envs.txt|baseline/pgfuzz/PX4/policies/PX.RTL4/envs.txt|baseline/pgfuzz/PX4/policies/PX.RTL5/envs.txt|baseline/pgfuzz/PX4/policies/PX.TAKEOFF1/envs.txt|baseline/pgfuzz/PX4/policies/PX.TAKEOFF2/envs.txt,EXACT_CURRENT_DEFINITION,SIM_GPS_USED,EXACT_NAME_DEFINITION,,,baseline/px4/src/modules/simulation/sensor_gps_sim/parameters.c:52,exact_definition_unique,Int32,10,10,SOURCE_METADATA_LITERAL_OR_EXPRESSION,baseline/px4/src/modules/simulation/sensor_gps_sim/parameters.c:52,保存参数目录解析出的字面值或未求值源码表达式；它不是运行值，宏表达式不能冒充已求值数值。,0,50,,,,confirmed_by_frozen_runtime_snapshot,observed_in_frozen_runtime_parameter_download,10,px4_sitl_default sihsim_quadx internal headless SIH instance 42,PX4-M6-MC-SIHSIM-QUADX-I42-20260718,NOT_TESTED,,NOT_APPLICABLE,,参数身份和定义位置已找到；这不证明它与该性质存在真实数据依赖，也未执行写入变更测试。,NOT_ASSESSED
PX4,InputE,SIM_IGN_HOME_ALT,21,PX.ALTITUDE1|PX.GPS.FS1|PX.GPS.FS2|PX.GPS.FS3|PX.HOLD1|PX.HOLD2|PX.LAND1|PX.ORBIT1|PX.ORBIT2|PX.ORBIT3|PX.ORBIT4|PX.ORBIT5|PX.ORBIT6|PX.POSITION1|PX.RTL1|PX.RTL2|PX.RTL3|PX.RTL4|PX.RTL5|PX.TAKEOFF1|PX.TAKEOFF2,SIM_IGN_HOME_ALT,baseline/pgfuzz/PX4/policies/PX.ALTITUDE1/envs.txt|baseline/pgfuzz/PX4/policies/PX.GPS.FS1/envs.txt|baseline/pgfuzz/PX4/policies/PX.GPS.FS2/envs.txt|baseline/pgfuzz/PX4/policies/PX.GPS.FS3/envs.txt|baseline/pgfuzz/PX4/policies/PX.HOLD1/envs.txt|baseline/pgfuzz/PX4/policies/PX.HOLD2/envs.txt|baseline/pgfuzz/PX4/policies/PX.LAND1/envs.txt|baseline/pgfuzz/PX4/policies/PX.ORBIT1/envs.txt|baseline/pgfuzz/PX4/policies/PX.ORBIT2/envs.txt|baseline/pgfuzz/PX4/policies/PX.ORBIT3/envs.txt|baseline/pgfuzz/PX4/policies/PX.ORBIT4_5/envs.txt|baseline/pgfuzz/PX4/policies/PX.ORBIT6/envs.txt|baseline/pgfuzz/PX4/policies/PX.POSITION1/envs.txt|baseline/pgfuzz/PX4/policies/PX.RTL1/envs.txt|baseline/pgfuzz/PX4/policies/PX.RTL2/envs.txt|baseline/pgfuzz/PX4/policies/PX.RTL3/envs.txt|baseline/pgfuzz/PX4/policies/PX.RTL4/envs.txt|baseline/pgfuzz/PX4/policies/PX.RTL5/envs.txt|baseline/pgfuzz/PX4/policies/PX.TAKEOFF1/envs.txt|baseline/pgfuzz/PX4/policies/PX.TAKEOFF2/envs.txt,CURRENT_DEFINITION_NOT_FOUND,SIM_IGN_HOME_ALT,UNRESOLVED,,,,,,,,UNKNOWN,,当前目录没有可用默认值证据。,,,,,,,,,,,NOT_TESTED,,NOT_APPLICABLE,,当前冻结参数目录中没有找到可信同名或重命名定义；没有使用字符串相似度猜测。,NOT_ASSESSED
PX4,InputE,SIM_IGN_HOME_LAT,21,PX.ALTITUDE1|PX.GPS.FS1|PX.GPS.FS2|PX.GPS.FS3|PX.HOLD1|PX.HOLD2|PX.LAND1|PX.ORBIT1|PX.ORBIT2|PX.ORBIT3|PX.ORBIT4|PX.ORBIT5|PX.ORBIT6|PX.POSITION1|PX.RTL1|PX.RTL2|PX.RTL3|PX.RTL4|PX.RTL5|PX.TAKEOFF1|PX.TAKEOFF2,SIM_IGN_HOME_LAT,baseline/pgfuzz/PX4/policies/PX.ALTITUDE1/envs.txt|baseline/pgfuzz/PX4/policies/PX.GPS.FS1/envs.txt|baseline/pgfuzz/PX4/policies/PX.GPS.FS2/envs.txt|baseline/pgfuzz/PX4/policies/PX.GPS.FS3/envs.txt|baseline/pgfuzz/PX4/policies/PX.HOLD1/envs.txt|baseline/pgfuzz/PX4/policies/PX.HOLD2/envs.txt|baseline/pgfuzz/PX4/policies/PX.LAND1/envs.txt|baseline/pgfuzz/PX4/policies/PX.ORBIT1/envs.txt|baseline/pgfuzz/PX4/policies/PX.ORBIT2/envs.txt|baseline/pgfuzz/PX4/policies/PX.ORBIT3/envs.txt|baseline/pgfuzz/PX4/policies/PX.ORBIT4_5/envs.txt|baseline/pgfuzz/PX4/policies/PX.ORBIT6/envs.txt|baseline/pgfuzz/PX4/policies/PX.POSITION1/envs.txt|baseline/pgfuzz/PX4/policies/PX.RTL1/envs.txt|baseline/pgfuzz/PX4/policies/PX.RTL2/envs.txt|baseline/pgfuzz/PX4/policies/PX.RTL3/envs.txt|baseline/pgfuzz/PX4/policies/PX.RTL4/envs.txt|baseline/pgfuzz/PX4/policies/PX.RTL5/envs.txt|baseline/pgfuzz/PX4/policies/PX.TAKEOFF1/envs.txt|baseline/pgfuzz/PX4/policies/PX.TAKEOFF2/envs.txt,CURRENT_DEFINITION_NOT_FOUND,SIM_IGN_HOME_LAT,UNRESOLVED,,,,,,,,UNKNOWN,,当前目录没有可用默认值证据。,,,,,,,,,,,NOT_TESTED,,NOT_APPLICABLE,,当前冻结参数目录中没有找到可信同名或重命名定义；没有使用字符串相似度猜测。,NOT_ASSESSED
PX4,InputE,SIM_IGN_HOME_LON,21,PX.ALTITUDE1|PX.GPS.FS1|PX.GPS.FS2|PX.GPS.FS3|PX.HOLD1|PX.HOLD2|PX.LAND1|PX.ORBIT1|PX.ORBIT2|PX.ORBIT3|PX.ORBIT4|PX.ORBIT5|PX.ORBIT6|PX.POSITION1|PX.RTL1|PX.RTL2|PX.RTL3|PX.RTL4|PX.RTL5|PX.TAKEOFF1|PX.TAKEOFF2,SIM_IGN_HOME_LON,baseline/pgfuzz/PX4/policies/PX.ALTITUDE1/envs.txt|baseline/pgfuzz/PX4/policies/PX.GPS.FS1/envs.txt|baseline/pgfuzz/PX4/policies/PX.GPS.FS2/envs.txt|baseline/pgfuzz/PX4/policies/PX.GPS.FS3/envs.txt|baseline/pgfuzz/PX4/policies/PX.HOLD1/envs.txt|baseline/pgfuzz/PX4/policies/PX.HOLD2/envs.txt|baseline/pgfuzz/PX4/policies/PX.LAND1/envs.txt|baseline/pgfuzz/PX4/policies/PX.ORBIT1/envs.txt|baseline/pgfuzz/PX4/policies/PX.ORBIT2/envs.txt|baseline/pgfuzz/PX4/policies/PX.ORBIT3/envs.txt|baseline/pgfuzz/PX4/policies/PX.ORBIT4_5/envs.txt|baseline/pgfuzz/PX4/policies/PX.ORBIT6/envs.txt|baseline/pgfuzz/PX4/policies/PX.POSITION1/envs.txt|baseline/pgfuzz/PX4/policies/PX.RTL1/envs.txt|baseline/pgfuzz/PX4/policies/PX.RTL2/envs.txt|baseline/pgfuzz/PX4/policies/PX.RTL3/envs.txt|baseline/pgfuzz/PX4/policies/PX.RTL4/envs.txt|baseline/pgfuzz/PX4/policies/PX.RTL5/envs.txt|baseline/pgfuzz/PX4/policies/PX.TAKEOFF1/envs.txt|baseline/pgfuzz/PX4/policies/PX.TAKEOFF2/envs.txt,CURRENT_DEFINITION_NOT_FOUND,SIM_IGN_HOME_LON,UNRESOLVED,,,,,,,,UNKNOWN,,当前目录没有可用默认值证据。,,,,,,,,,,,NOT_TESTED,,NOT_APPLICABLE,,当前冻结参数目录中没有找到可信同名或重命名定义；没有使用字符串相似度猜测。,NOT_ASSESSED
PX4,InputE,SIM_MAG_OFFSET_X,21,PX.ALTITUDE1|PX.GPS.FS1|PX.GPS.FS2|PX.GPS.FS3|PX.HOLD1|PX.HOLD2|PX.LAND1|PX.ORBIT1|PX.ORBIT2|PX.ORBIT3|PX.ORBIT4|PX.ORBIT5|PX.ORBIT6|PX.POSITION1|PX.RTL1|PX.RTL2|PX.RTL3|PX.RTL4|PX.RTL5|PX.TAKEOFF1|PX.TAKEOFF2,SIM_MAG_OFFSET_X,baseline/pgfuzz/PX4/policies/PX.ALTITUDE1/envs.txt|baseline/pgfuzz/PX4/policies/PX.GPS.FS1/envs.txt|baseline/pgfuzz/PX4/policies/PX.GPS.FS2/envs.txt|baseline/pgfuzz/PX4/policies/PX.GPS.FS3/envs.txt|baseline/pgfuzz/PX4/policies/PX.HOLD1/envs.txt|baseline/pgfuzz/PX4/policies/PX.HOLD2/envs.txt|baseline/pgfuzz/PX4/policies/PX.LAND1/envs.txt|baseline/pgfuzz/PX4/policies/PX.ORBIT1/envs.txt|baseline/pgfuzz/PX4/policies/PX.ORBIT2/envs.txt|baseline/pgfuzz/PX4/policies/PX.ORBIT3/envs.txt|baseline/pgfuzz/PX4/policies/PX.ORBIT4_5/envs.txt|baseline/pgfuzz/PX4/policies/PX.ORBIT6/envs.txt|baseline/pgfuzz/PX4/policies/PX.POSITION1/envs.txt|baseline/pgfuzz/PX4/policies/PX.RTL1/envs.txt|baseline/pgfuzz/PX4/policies/PX.RTL2/envs.txt|baseline/pgfuzz/PX4/policies/PX.RTL3/envs.txt|baseline/pgfuzz/PX4/policies/PX.RTL4/envs.txt|baseline/pgfuzz/PX4/policies/PX.RTL5/envs.txt|baseline/pgfuzz/PX4/policies/PX.TAKEOFF1/envs.txt|baseline/pgfuzz/PX4/policies/PX.TAKEOFF2/envs.txt,EXACT_CURRENT_DEFINITION,SIM_MAG_OFFSET_X,EXACT_NAME_DEFINITION,,,baseline/px4/src/modules/simulation/sensor_mag_sim/parameters.c:51,exact_definition_unique,Float,0.0,0.0,SOURCE_METADATA_LITERAL_OR_EXPRESSION,baseline/px4/src/modules/simulation/sensor_mag_sim/parameters.c:51,保存参数目录解析出的字面值或未求值源码表达式；它不是运行值，宏表达式不能冒充已求值数值。,,,,gauss,,confirmed_by_frozen_runtime_snapshot,observed_in_frozen_runtime_parameter_download,0.0,px4_sitl_default sihsim_quadx internal headless SIH instance 42,PX4-M6-MC-SIHSIM-QUADX-I42-20260718,NOT_TESTED,,NOT_APPLICABLE,,参数身份和定义位置已找到；这不证明它与该性质存在真实数据依赖，也未执行写入变更测试。,NOT_ASSESSED
PX4,InputE,SIM_MAG_OFFSET_Y,21,PX.ALTITUDE1|PX.GPS.FS1|PX.GPS.FS2|PX.GPS.FS3|PX.HOLD1|PX.HOLD2|PX.LAND1|PX.ORBIT1|PX.ORBIT2|PX.ORBIT3|PX.ORBIT4|PX.ORBIT5|PX.ORBIT6|PX.POSITION1|PX.RTL1|PX.RTL2|PX.RTL3|PX.RTL4|PX.RTL5|PX.TAKEOFF1|PX.TAKEOFF2,SIM_MAG_OFFSET_Y,baseline/pgfuzz/PX4/policies/PX.ALTITUDE1/envs.txt|baseline/pgfuzz/PX4/policies/PX.GPS.FS1/envs.txt|baseline/pgfuzz/PX4/policies/PX.GPS.FS2/envs.txt|baseline/pgfuzz/PX4/policies/PX.GPS.FS3/envs.txt|baseline/pgfuzz/PX4/policies/PX.HOLD1/envs.txt|baseline/pgfuzz/PX4/policies/PX.HOLD2/envs.txt|baseline/pgfuzz/PX4/policies/PX.LAND1/envs.txt|baseline/pgfuzz/PX4/policies/PX.ORBIT1/envs.txt|baseline/pgfuzz/PX4/policies/PX.ORBIT2/envs.txt|baseline/pgfuzz/PX4/policies/PX.ORBIT3/envs.txt|baseline/pgfuzz/PX4/policies/PX.ORBIT4_5/envs.txt|baseline/pgfuzz/PX4/policies/PX.ORBIT6/envs.txt|baseline/pgfuzz/PX4/policies/PX.POSITION1/envs.txt|baseline/pgfuzz/PX4/policies/PX.RTL1/envs.txt|baseline/pgfuzz/PX4/policies/PX.RTL2/envs.txt|baseline/pgfuzz/PX4/policies/PX.RTL3/envs.txt|baseline/pgfuzz/PX4/policies/PX.RTL4/envs.txt|baseline/pgfuzz/PX4/policies/PX.RTL5/envs.txt|baseline/pgfuzz/PX4/policies/PX.TAKEOFF1/envs.txt|baseline/pgfuzz/PX4/policies/PX.TAKEOFF2/envs.txt,EXACT_CURRENT_DEFINITION,SIM_MAG_OFFSET_Y,EXACT_NAME_DEFINITION,,,baseline/px4/src/modules/simulation/sensor_mag_sim/parameters.c:59,exact_definition_unique,Float,0.0,0.0,SOURCE_METADATA_LITERAL_OR_EXPRESSION,baseline/px4/src/modules/simulation/sensor_mag_sim/parameters.c:59,保存参数目录解析出的字面值或未求值源码表达式；它不是运行值，宏表达式不能冒充已求值数值。,,,,gauss,,confirmed_by_frozen_runtime_snapshot,observed_in_frozen_runtime_parameter_download,0.0,px4_sitl_default sihsim_quadx internal headless SIH instance 42,PX4-M6-MC-SIHSIM-QUADX-I42-20260718,NOT_TESTED,,NOT_APPLICABLE,,参数身份和定义位置已找到；这不证明它与该性质存在真实数据依赖，也未执行写入变更测试。,NOT_ASSESSED
PX4,InputE,SIM_MAG_OFFSET_Z,21,PX.ALTITUDE1|PX.GPS.FS1|PX.GPS.FS2|PX.GPS.FS3|PX.HOLD1|PX.HOLD2|PX.LAND1|PX.ORBIT1|PX.ORBIT2|PX.ORBIT3|PX.ORBIT4|PX.ORBIT5|PX.ORBIT6|PX.POSITION1|PX.RTL1|PX.RTL2|PX.RTL3|PX.RTL4|PX.RTL5|PX.TAKEOFF1|PX.TAKEOFF2,SIM_MAG_OFFSET_Z,baseline/pgfuzz/PX4/policies/PX.ALTITUDE1/envs.txt|baseline/pgfuzz/PX4/policies/PX.GPS.FS1/envs.txt|baseline/pgfuzz/PX4/policies/PX.GPS.FS2/envs.txt|baseline/pgfuzz/PX4/policies/PX.GPS.FS3/envs.txt|baseline/pgfuzz/PX4/policies/PX.HOLD1/envs.txt|baseline/pgfuzz/PX4/policies/PX.HOLD2/envs.txt|baseline/pgfuzz/PX4/policies/PX.LAND1/envs.txt|baseline/pgfuzz/PX4/policies/PX.ORBIT1/envs.txt|baseline/pgfuzz/PX4/policies/PX.ORBIT2/envs.txt|baseline/pgfuzz/PX4/policies/PX.ORBIT3/envs.txt|baseline/pgfuzz/PX4/policies/PX.ORBIT4_5/envs.txt|baseline/pgfuzz/PX4/policies/PX.ORBIT6/envs.txt|baseline/pgfuzz/PX4/policies/PX.POSITION1/envs.txt|baseline/pgfuzz/PX4/policies/PX.RTL1/envs.txt|baseline/pgfuzz/PX4/policies/PX.RTL2/envs.txt|baseline/pgfuzz/PX4/policies/PX.RTL3/envs.txt|baseline/pgfuzz/PX4/policies/PX.RTL4/envs.txt|baseline/pgfuzz/PX4/policies/PX.RTL5/envs.txt|baseline/pgfuzz/PX4/policies/PX.TAKEOFF1/envs.txt|baseline/pgfuzz/PX4/policies/PX.TAKEOFF2/envs.txt,EXACT_CURRENT_DEFINITION,SIM_MAG_OFFSET_Z,EXACT_NAME_DEFINITION,,,baseline/px4/src/modules/simulation/sensor_mag_sim/parameters.c:67,exact_definition_unique,Float,0.0,0.0,SOURCE_METADATA_LITERAL_OR_EXPRESSION,baseline/px4/src/modules/simulation/sensor_mag_sim/parameters.c:67,保存参数目录解析出的字面值或未求值源码表达式；它不是运行值，宏表达式不能冒充已求值数值。,,,,gauss,,confirmed_by_frozen_runtime_snapshot,observed_in_frozen_runtime_parameter_download,0.0,px4_sitl_default sihsim_quadx internal headless SIH instance 42,PX4-M6-MC-SIHSIM-QUADX-I42-20260718,NOT_TESTED,,NOT_APPLICABLE,,参数身份和定义位置已找到；这不证明它与该性质存在真实数据依赖，也未执行写入变更测试。,NOT_ASSESSED
PX4,InputP,COM_FLTMODE1,21,PX.ALTITUDE1|PX.GPS.FS1|PX.GPS.FS2|PX.GPS.FS3|PX.HOLD1|PX.HOLD2|PX.LAND1|PX.ORBIT1|PX.ORBIT2|PX.ORBIT3|PX.ORBIT4|PX.ORBIT5|PX.ORBIT6|PX.POSITION1|PX.RTL1|PX.RTL2|PX.RTL3|PX.RTL4|PX.RTL5|PX.TAKEOFF1|PX.TAKEOFF2,"COM_FLTMODE1,X,-1,0,13,1",baseline/pgfuzz/PX4/policies/PX.ALTITUDE1/parameters.txt|baseline/pgfuzz/PX4/policies/PX.GPS.FS1/parameters.txt|baseline/pgfuzz/PX4/policies/PX.GPS.FS2/parameters.txt|baseline/pgfuzz/PX4/policies/PX.GPS.FS3/parameters.txt|baseline/pgfuzz/PX4/policies/PX.HOLD1/parameters.txt|baseline/pgfuzz/PX4/policies/PX.HOLD2/parameters.txt|baseline/pgfuzz/PX4/policies/PX.LAND1/parameters.txt|baseline/pgfuzz/PX4/policies/PX.ORBIT1/parameters.txt|baseline/pgfuzz/PX4/policies/PX.ORBIT2/parameters.txt|baseline/pgfuzz/PX4/policies/PX.ORBIT3/parameters.txt|baseline/pgfuzz/PX4/policies/PX.ORBIT4_5/parameters.txt|baseline/pgfuzz/PX4/policies/PX.ORBIT6/parameters.txt|baseline/pgfuzz/PX4/policies/PX.POSITION1/parameters.txt|baseline/pgfuzz/PX4/policies/PX.RTL1/parameters.txt|baseline/pgfuzz/PX4/policies/PX.RTL2/parameters.txt|baseline/pgfuzz/PX4/policies/PX.RTL3/parameters.txt|baseline/pgfuzz/PX4/policies/PX.RTL4/parameters.txt|baseline/pgfuzz/PX4/policies/PX.RTL5/parameters.txt|baseline/pgfuzz/PX4/policies/PX.TAKEOFF1/parameters.txt|baseline/pgfuzz/PX4/policies/PX.TAKEOFF2/parameters.txt,EXACT_CURRENT_DEFINITION,COM_FLTMODE1,EXACT_NAME_DEFINITION,,,baseline/px4/src/modules/commander/module.yaml:18,exact_definition_curated,enum,-1,-1,SOURCE_METADATA_LITERAL_OR_EXPRESSION,baseline/px4/src/modules/commander/module.yaml:18,保存参数目录解析出的字面值或未求值源码表达式；它不是运行值，宏表达式不能冒充已求值数值。,,,,,,confirmed_by_frozen_runtime_snapshot,observed_in_frozen_runtime_parameter_download,-1,px4_sitl_default sihsim_quadx internal headless SIH instance 42,PX4-M6-MC-SIHSIM-QUADX-I42-20260718,NOT_TESTED,,NOT_APPLICABLE,,参数身份和定义位置已找到；这不证明它与该性质存在真实数据依赖，也未执行写入变更测试。,NOT_ASSESSED
PX4,InputP,COM_POS_FS_DELAY,3,PX.GPS.FS1|PX.GPS.FS2|PX.GPS.FS3,"COM_POS_FS_DELAY,X,1,1,100,1",baseline/pgfuzz/PX4/policies/PX.GPS.FS1/parameters.txt|baseline/pgfuzz/PX4/policies/PX.GPS.FS2/parameters.txt|baseline/pgfuzz/PX4/policies/PX.GPS.FS3/parameters.txt,CURRENT_DEFINITION_NOT_FOUND,COM_POS_FS_DELAY,UNRESOLVED,,,,,,,,UNKNOWN,,当前目录没有可用默认值证据。,,,,,,,,,,,NOT_TESTED,,NOT_APPLICABLE,,该参数在 PX4 1.16 发行说明中已删除，不能自动用其他估计器超时参数替代。,NOT_ASSESSED
PX4,InputP,EKF2_BARO_NOISE,21,PX.ALTITUDE1|PX.GPS.FS1|PX.GPS.FS2|PX.GPS.FS3|PX.HOLD1|PX.HOLD2|PX.LAND1|PX.ORBIT1|PX.ORBIT2|PX.ORBIT3|PX.ORBIT4|PX.ORBIT5|PX.ORBIT6|PX.POSITION1|PX.RTL1|PX.RTL2|PX.RTL3|PX.RTL4|PX.RTL5|PX.TAKEOFF1|PX.TAKEOFF2,"EKF2_BARO_NOISE,X,3.5,0.01,15,1",baseline/pgfuzz/PX4/policies/PX.ALTITUDE1/parameters.txt|baseline/pgfuzz/PX4/policies/PX.GPS.FS1/parameters.txt|baseline/pgfuzz/PX4/policies/PX.GPS.FS2/parameters.txt|baseline/pgfuzz/PX4/policies/PX.GPS.FS3/parameters.txt|baseline/pgfuzz/PX4/policies/PX.HOLD1/parameters.txt|baseline/pgfuzz/PX4/policies/PX.HOLD2/parameters.txt|baseline/pgfuzz/PX4/policies/PX.LAND1/parameters.txt|baseline/pgfuzz/PX4/policies/PX.ORBIT1/parameters.txt|baseline/pgfuzz/PX4/policies/PX.ORBIT2/parameters.txt|baseline/pgfuzz/PX4/policies/PX.ORBIT3/parameters.txt|baseline/pgfuzz/PX4/policies/PX.ORBIT4_5/parameters.txt|baseline/pgfuzz/PX4/policies/PX.ORBIT6/parameters.txt|baseline/pgfuzz/PX4/policies/PX.POSITION1/parameters.txt|baseline/pgfuzz/PX4/policies/PX.RTL1/parameters.txt|baseline/pgfuzz/PX4/policies/PX.RTL2/parameters.txt|baseline/pgfuzz/PX4/policies/PX.RTL3/parameters.txt|baseline/pgfuzz/PX4/policies/PX.RTL4/parameters.txt|baseline/pgfuzz/PX4/policies/PX.RTL5/parameters.txt|baseline/pgfuzz/PX4/policies/PX.TAKEOFF1/parameters.txt|baseline/pgfuzz/PX4/policies/PX.TAKEOFF2/parameters.txt,EXACT_CURRENT_DEFINITION,EKF2_BARO_NOISE,EXACT_NAME_DEFINITION,,,baseline/px4/src/modules/ekf2/params_barometer.yaml:33,exact_definition_curated,float,3.5,3.5,SOURCE_METADATA_LITERAL_OR_EXPRESSION,baseline/px4/src/modules/ekf2/params_barometer.yaml:33,保存参数目录解析出的字面值或未求值源码表达式；它不是运行值，宏表达式不能冒充已求值数值。,0.01,15.0,,m,,confirmed_by_frozen_runtime_snapshot,observed_in_frozen_runtime_parameter_download,3.5,px4_sitl_default sihsim_quadx internal headless SIH instance 42,PX4-M6-MC-SIHSIM-QUADX-I42-20260718,NOT_TESTED,,NOT_APPLICABLE,,参数身份和定义位置已找到；这不证明它与该性质存在真实数据依赖，也未执行写入变更测试。,NOT_ASSESSED
PX4,InputP,EKF2_GPS_CTRL,21,PX.ALTITUDE1|PX.GPS.FS1|PX.GPS.FS2|PX.GPS.FS3|PX.HOLD1|PX.HOLD2|PX.LAND1|PX.ORBIT1|PX.ORBIT2|PX.ORBIT3|PX.ORBIT4|PX.ORBIT5|PX.ORBIT6|PX.POSITION1|PX.RTL1|PX.RTL2|PX.RTL3|PX.RTL4|PX.RTL5|PX.TAKEOFF1|PX.TAKEOFF2,"EKF2_GPS_CTRL,X,7,0,15,1",baseline/pgfuzz/PX4/policies/PX.ALTITUDE1/parameters.txt|baseline/pgfuzz/PX4/policies/PX.GPS.FS1/parameters.txt|baseline/pgfuzz/PX4/policies/PX.GPS.FS2/parameters.txt|baseline/pgfuzz/PX4/policies/PX.GPS.FS3/parameters.txt|baseline/pgfuzz/PX4/policies/PX.HOLD1/parameters.txt|baseline/pgfuzz/PX4/policies/PX.HOLD2/parameters.txt|baseline/pgfuzz/PX4/policies/PX.LAND1/parameters.txt|baseline/pgfuzz/PX4/policies/PX.ORBIT1/parameters.txt|baseline/pgfuzz/PX4/policies/PX.ORBIT2/parameters.txt|baseline/pgfuzz/PX4/policies/PX.ORBIT3/parameters.txt|baseline/pgfuzz/PX4/policies/PX.ORBIT4_5/parameters.txt|baseline/pgfuzz/PX4/policies/PX.ORBIT6/parameters.txt|baseline/pgfuzz/PX4/policies/PX.POSITION1/parameters.txt|baseline/pgfuzz/PX4/policies/PX.RTL1/parameters.txt|baseline/pgfuzz/PX4/policies/PX.RTL2/parameters.txt|baseline/pgfuzz/PX4/policies/PX.RTL3/parameters.txt|baseline/pgfuzz/PX4/policies/PX.RTL4/parameters.txt|baseline/pgfuzz/PX4/policies/PX.RTL5/parameters.txt|baseline/pgfuzz/PX4/policies/PX.TAKEOFF1/parameters.txt|baseline/pgfuzz/PX4/policies/PX.TAKEOFF2/parameters.txt,EXACT_CURRENT_DEFINITION,EKF2_GPS_CTRL,EXACT_NAME_DEFINITION,,,baseline/px4/src/modules/ekf2/params_gnss.yaml:5,exact_definition_curated,bitmask,7,7,SOURCE_METADATA_LITERAL_OR_EXPRESSION,baseline/px4/src/modules/ekf2/params_gnss.yaml:5,保存参数目录解析出的字面值或未求值源码表达式；它不是运行值，宏表达式不能冒充已求值数值。,0,15,,,,confirmed_by_frozen_runtime_snapshot,observed_in_frozen_runtime_parameter_download,7,px4_sitl_default sihsim_quadx internal headless SIH instance 42,PX4-M6-MC-SIHSIM-QUADX-I42-20260718,NOT_TESTED,,NOT_APPLICABLE,,参数身份和定义位置已找到；这不证明它与该性质存在真实数据依赖，也未执行写入变更测试。,NOT_ASSESSED
PX4,InputP,EKF2_RNG_A_HMAX,21,PX.ALTITUDE1|PX.GPS.FS1|PX.GPS.FS2|PX.GPS.FS3|PX.HOLD1|PX.HOLD2|PX.LAND1|PX.ORBIT1|PX.ORBIT2|PX.ORBIT3|PX.ORBIT4|PX.ORBIT5|PX.ORBIT6|PX.POSITION1|PX.RTL1|PX.RTL2|PX.RTL3|PX.RTL4|PX.RTL5|PX.TAKEOFF1|PX.TAKEOFF2,"EKF2_RNG_A_HMAX,X,5,1,10,1",baseline/pgfuzz/PX4/policies/PX.ALTITUDE1/parameters.txt|baseline/pgfuzz/PX4/policies/PX.GPS.FS1/parameters.txt|baseline/pgfuzz/PX4/policies/PX.GPS.FS2/parameters.txt|baseline/pgfuzz/PX4/policies/PX.GPS.FS3/parameters.txt|baseline/pgfuzz/PX4/policies/PX.HOLD1/parameters.txt|baseline/pgfuzz/PX4/policies/PX.HOLD2/parameters.txt|baseline/pgfuzz/PX4/policies/PX.LAND1/parameters.txt|baseline/pgfuzz/PX4/policies/PX.ORBIT1/parameters.txt|baseline/pgfuzz/PX4/policies/PX.ORBIT2/parameters.txt|baseline/pgfuzz/PX4/policies/PX.ORBIT3/parameters.txt|baseline/pgfuzz/PX4/policies/PX.ORBIT4_5/parameters.txt|baseline/pgfuzz/PX4/policies/PX.ORBIT6/parameters.txt|baseline/pgfuzz/PX4/policies/PX.POSITION1/parameters.txt|baseline/pgfuzz/PX4/policies/PX.RTL1/parameters.txt|baseline/pgfuzz/PX4/policies/PX.RTL2/parameters.txt|baseline/pgfuzz/PX4/policies/PX.RTL3/parameters.txt|baseline/pgfuzz/PX4/policies/PX.RTL4/parameters.txt|baseline/pgfuzz/PX4/policies/PX.RTL5/parameters.txt|baseline/pgfuzz/PX4/policies/PX.TAKEOFF1/parameters.txt|baseline/pgfuzz/PX4/policies/PX.TAKEOFF2/parameters.txt,EXACT_CURRENT_DEFINITION,EKF2_RNG_A_HMAX,EXACT_NAME_DEFINITION,,,baseline/px4/src/modules/ekf2/params_range_finder.yaml:75,exact_definition_curated,float,5.0,5.0,SOURCE_METADATA_LITERAL_OR_EXPRESSION,baseline/px4/src/modules/ekf2/params_range_finder.yaml:75,保存参数目录解析出的字面值或未求值源码表达式；它不是运行值，宏表达式不能冒充已求值数值。,1.0,10.0,,m,,confirmed_by_frozen_runtime_snapshot,observed_in_frozen_runtime_parameter_download,5.0,px4_sitl_default sihsim_quadx internal headless SIH instance 42,PX4-M6-MC-SIHSIM-QUADX-I42-20260718,NOT_TESTED,,NOT_APPLICABLE,,参数身份和定义位置已找到；这不证明它与该性质存在真实数据依赖，也未执行写入变更测试。,NOT_ASSESSED
PX4,InputP,EKF2_RNG_CTRL,21,PX.ALTITUDE1|PX.GPS.FS1|PX.GPS.FS2|PX.GPS.FS3|PX.HOLD1|PX.HOLD2|PX.LAND1|PX.ORBIT1|PX.ORBIT2|PX.ORBIT3|PX.ORBIT4|PX.ORBIT5|PX.ORBIT6|PX.POSITION1|PX.RTL1|PX.RTL2|PX.RTL3|PX.RTL4|PX.RTL5|PX.TAKEOFF1|PX.TAKEOFF2,"EKF2_RNG_CTRL,X,1,0,2,1",baseline/pgfuzz/PX4/policies/PX.ALTITUDE1/parameters.txt|baseline/pgfuzz/PX4/policies/PX.GPS.FS1/parameters.txt|baseline/pgfuzz/PX4/policies/PX.GPS.FS2/parameters.txt|baseline/pgfuzz/PX4/policies/PX.GPS.FS3/parameters.txt|baseline/pgfuzz/PX4/policies/PX.HOLD1/parameters.txt|baseline/pgfuzz/PX4/policies/PX.HOLD2/parameters.txt|baseline/pgfuzz/PX4/policies/PX.LAND1/parameters.txt|baseline/pgfuzz/PX4/policies/PX.ORBIT1/parameters.txt|baseline/pgfuzz/PX4/policies/PX.ORBIT2/parameters.txt|baseline/pgfuzz/PX4/policies/PX.ORBIT3/parameters.txt|baseline/pgfuzz/PX4/policies/PX.ORBIT4_5/parameters.txt|baseline/pgfuzz/PX4/policies/PX.ORBIT6/parameters.txt|baseline/pgfuzz/PX4/policies/PX.POSITION1/parameters.txt|baseline/pgfuzz/PX4/policies/PX.RTL1/parameters.txt|baseline/pgfuzz/PX4/policies/PX.RTL2/parameters.txt|baseline/pgfuzz/PX4/policies/PX.RTL3/parameters.txt|baseline/pgfuzz/PX4/policies/PX.RTL4/parameters.txt|baseline/pgfuzz/PX4/policies/PX.RTL5/parameters.txt|baseline/pgfuzz/PX4/policies/PX.TAKEOFF1/parameters.txt|baseline/pgfuzz/PX4/policies/PX.TAKEOFF2/parameters.txt,EXACT_CURRENT_DEFINITION,EKF2_RNG_CTRL,EXACT_NAME_DEFINITION,,,baseline/px4/src/modules/ekf2/params_range_finder.yaml:5,exact_definition_curated,enum,1,1,SOURCE_METADATA_LITERAL_OR_EXPRESSION,baseline/px4/src/modules/ekf2/params_range_finder.yaml:5,保存参数目录解析出的字面值或未求值源码表达式；它不是运行值，宏表达式不能冒充已求值数值。,,,,,,confirmed_by_frozen_runtime_snapshot,observed_in_frozen_runtime_parameter_download,1,px4_sitl_default sihsim_quadx internal headless SIH instance 42,PX4-M6-MC-SIHSIM-QUADX-I42-20260718,NOT_TESTED,,NOT_APPLICABLE,,参数身份和定义位置已找到；这不证明它与该性质存在真实数据依赖，也未执行写入变更测试。,NOT_ASSESSED
PX4,InputP,EKF2_TERR_NOISE,21,PX.ALTITUDE1|PX.GPS.FS1|PX.GPS.FS2|PX.GPS.FS3|PX.HOLD1|PX.HOLD2|PX.LAND1|PX.ORBIT1|PX.ORBIT2|PX.ORBIT3|PX.ORBIT4|PX.ORBIT5|PX.ORBIT6|PX.POSITION1|PX.RTL1|PX.RTL2|PX.RTL3|PX.RTL4|PX.RTL5|PX.TAKEOFF1|PX.TAKEOFF2,"EKF2_TERR_NOISE,X,5,0.5,X,1",baseline/pgfuzz/PX4/policies/PX.ALTITUDE1/parameters.txt|baseline/pgfuzz/PX4/policies/PX.GPS.FS1/parameters.txt|baseline/pgfuzz/PX4/policies/PX.GPS.FS2/parameters.txt|baseline/pgfuzz/PX4/policies/PX.GPS.FS3/parameters.txt|baseline/pgfuzz/PX4/policies/PX.HOLD1/parameters.txt|baseline/pgfuzz/PX4/policies/PX.HOLD2/parameters.txt|baseline/pgfuzz/PX4/policies/PX.LAND1/parameters.txt|baseline/pgfuzz/PX4/policies/PX.ORBIT1/parameters.txt|baseline/pgfuzz/PX4/policies/PX.ORBIT2/parameters.txt|baseline/pgfuzz/PX4/policies/PX.ORBIT3/parameters.txt|baseline/pgfuzz/PX4/policies/PX.ORBIT4_5/parameters.txt|baseline/pgfuzz/PX4/policies/PX.ORBIT6/parameters.txt|baseline/pgfuzz/PX4/policies/PX.POSITION1/parameters.txt|baseline/pgfuzz/PX4/policies/PX.RTL1/parameters.txt|baseline/pgfuzz/PX4/policies/PX.RTL2/parameters.txt|baseline/pgfuzz/PX4/policies/PX.RTL3/parameters.txt|baseline/pgfuzz/PX4/policies/PX.RTL4/parameters.txt|baseline/pgfuzz/PX4/policies/PX.RTL5/parameters.txt|baseline/pgfuzz/PX4/policies/PX.TAKEOFF1/parameters.txt|baseline/pgfuzz/PX4/policies/PX.TAKEOFF2/parameters.txt,EXACT_CURRENT_DEFINITION,EKF2_TERR_NOISE,EXACT_NAME_DEFINITION,,,baseline/px4/src/modules/ekf2/params_terrain.yaml:5,exact_definition_curated,float,5.0,5.0,SOURCE_METADATA_LITERAL_OR_EXPRESSION,baseline/px4/src/modules/ekf2/params_terrain.yaml:5,保存参数目录解析出的字面值或未求值源码表达式；它不是运行值，宏表达式不能冒充已求值数值。,0.5,,,m/s,,confirmed_by_frozen_runtime_snapshot,observed_in_frozen_runtime_parameter_download,5.0,px4_sitl_default sihsim_quadx internal headless SIH instance 42,PX4-M6-MC-SIHSIM-QUADX-I42-20260718,NOT_TESTED,,NOT_APPLICABLE,,参数身份和定义位置已找到；这不证明它与该性质存在真实数据依赖，也未执行写入变更测试。,NOT_ASSESSED
PX4,InputP,FLW_TGT_ALT_M,21,PX.ALTITUDE1|PX.GPS.FS1|PX.GPS.FS2|PX.GPS.FS3|PX.HOLD1|PX.HOLD2|PX.LAND1|PX.ORBIT1|PX.ORBIT2|PX.ORBIT3|PX.ORBIT4|PX.ORBIT5|PX.ORBIT6|PX.POSITION1|PX.RTL1|PX.RTL2|PX.RTL3|PX.RTL4|PX.RTL5|PX.TAKEOFF1|PX.TAKEOFF2,"FLW_TGT_ALT_M,X,0,0,2,1",baseline/pgfuzz/PX4/policies/PX.ALTITUDE1/parameters.txt|baseline/pgfuzz/PX4/policies/PX.GPS.FS1/parameters.txt|baseline/pgfuzz/PX4/policies/PX.GPS.FS2/parameters.txt|baseline/pgfuzz/PX4/policies/PX.GPS.FS3/parameters.txt|baseline/pgfuzz/PX4/policies/PX.HOLD1/parameters.txt|baseline/pgfuzz/PX4/policies/PX.HOLD2/parameters.txt|baseline/pgfuzz/PX4/policies/PX.LAND1/parameters.txt|baseline/pgfuzz/PX4/policies/PX.ORBIT1/parameters.txt|baseline/pgfuzz/PX4/policies/PX.ORBIT2/parameters.txt|baseline/pgfuzz/PX4/policies/PX.ORBIT3/parameters.txt|baseline/pgfuzz/PX4/policies/PX.ORBIT4_5/parameters.txt|baseline/pgfuzz/PX4/policies/PX.ORBIT6/parameters.txt|baseline/pgfuzz/PX4/policies/PX.POSITION1/parameters.txt|baseline/pgfuzz/PX4/policies/PX.RTL1/parameters.txt|baseline/pgfuzz/PX4/policies/PX.RTL2/parameters.txt|baseline/pgfuzz/PX4/policies/PX.RTL3/parameters.txt|baseline/pgfuzz/PX4/policies/PX.RTL4/parameters.txt|baseline/pgfuzz/PX4/policies/PX.RTL5/parameters.txt|baseline/pgfuzz/PX4/policies/PX.TAKEOFF1/parameters.txt|baseline/pgfuzz/PX4/policies/PX.TAKEOFF2/parameters.txt,EXACT_CURRENT_DEFINITION,FLW_TGT_ALT_M,EXACT_NAME_DEFINITION,,,baseline/px4/src/modules/flight_mode_manager/tasks/AutoFollowTarget/follow_target_params.c:106,exact_definition_unique,Int32,0,0,SOURCE_METADATA_LITERAL_OR_EXPRESSION,baseline/px4/src/modules/flight_mode_manager/tasks/AutoFollowTarget/follow_target_params.c:106,保存参数目录解析出的字面值或未求值源码表达式；它不是运行值，宏表达式不能冒充已求值数值。,,,,,,confirmed_by_frozen_runtime_snapshot,observed_in_frozen_runtime_parameter_download,0,px4_sitl_default sihsim_quadx internal headless SIH instance 42,PX4-M6-MC-SIHSIM-QUADX-I42-20260718,NOT_TESTED,,NOT_APPLICABLE,,参数身份和定义位置已找到；这不证明它与该性质存在真实数据依赖，也未执行写入变更测试。,NOT_ASSESSED
PX4,InputP,GF_ALTMODE,21,PX.ALTITUDE1|PX.GPS.FS1|PX.GPS.FS2|PX.GPS.FS3|PX.HOLD1|PX.HOLD2|PX.LAND1|PX.ORBIT1|PX.ORBIT2|PX.ORBIT3|PX.ORBIT4|PX.ORBIT5|PX.ORBIT6|PX.POSITION1|PX.RTL1|PX.RTL2|PX.RTL3|PX.RTL4|PX.RTL5|PX.TAKEOFF1|PX.TAKEOFF2,"GF_ALTMODE,X,0,0,1,1",baseline/pgfuzz/PX4/policies/PX.ALTITUDE1/parameters.txt|baseline/pgfuzz/PX4/policies/PX.GPS.FS1/parameters.txt|baseline/pgfuzz/PX4/policies/PX.GPS.FS2/parameters.txt|baseline/pgfuzz/PX4/policies/PX.GPS.FS3/parameters.txt|baseline/pgfuzz/PX4/policies/PX.HOLD1/parameters.txt|baseline/pgfuzz/PX4/policies/PX.HOLD2/parameters.txt|baseline/pgfuzz/PX4/policies/PX.LAND1/parameters.txt|baseline/pgfuzz/PX4/policies/PX.ORBIT1/parameters.txt|baseline/pgfuzz/PX4/policies/PX.ORBIT2/parameters.txt|baseline/pgfuzz/PX4/policies/PX.ORBIT3/parameters.txt|baseline/pgfuzz/PX4/policies/PX.ORBIT4_5/parameters.txt|baseline/pgfuzz/PX4/policies/PX.ORBIT6/parameters.txt|baseline/pgfuzz/PX4/policies/PX.POSITION1/parameters.txt|baseline/pgfuzz/PX4/policies/PX.RTL1/parameters.txt|baseline/pgfuzz/PX4/policies/PX.RTL2/parameters.txt|baseline/pgfuzz/PX4/policies/PX.RTL3/parameters.txt|baseline/pgfuzz/PX4/policies/PX.RTL4/parameters.txt|baseline/pgfuzz/PX4/policies/PX.RTL5/parameters.txt|baseline/pgfuzz/PX4/policies/PX.TAKEOFF1/parameters.txt|baseline/pgfuzz/PX4/policies/PX.TAKEOFF2/parameters.txt,CURRENT_DEFINITION_NOT_FOUND,GF_ALTMODE,UNRESOLVED,,,,,,,,UNKNOWN,,当前目录没有可用默认值证据。,,,,,,,,,,,NOT_TESTED,,NOT_APPLICABLE,,当前冻结参数目录中没有找到可信同名或重命名定义；没有使用字符串相似度猜测。,NOT_ASSESSED
PX4,InputP,LNDMC_ALT_GND,21,PX.ALTITUDE1|PX.GPS.FS1|PX.GPS.FS2|PX.GPS.FS3|PX.HOLD1|PX.HOLD2|PX.LAND1|PX.ORBIT1|PX.ORBIT2|PX.ORBIT3|PX.ORBIT4|PX.ORBIT5|PX.ORBIT6|PX.POSITION1|PX.RTL1|PX.RTL2|PX.RTL3|PX.RTL4|PX.RTL5|PX.TAKEOFF1|PX.TAKEOFF2,"LNDMC_ALT_GND,X,2,-1,X,1",baseline/pgfuzz/PX4/policies/PX.ALTITUDE1/parameters.txt|baseline/pgfuzz/PX4/policies/PX.GPS.FS1/parameters.txt|baseline/pgfuzz/PX4/policies/PX.GPS.FS2/parameters.txt|baseline/pgfuzz/PX4/policies/PX.GPS.FS3/parameters.txt|baseline/pgfuzz/PX4/policies/PX.HOLD1/parameters.txt|baseline/pgfuzz/PX4/policies/PX.HOLD2/parameters.txt|baseline/pgfuzz/PX4/policies/PX.LAND1/parameters.txt|baseline/pgfuzz/PX4/policies/PX.ORBIT1/parameters.txt|baseline/pgfuzz/PX4/policies/PX.ORBIT2/parameters.txt|baseline/pgfuzz/PX4/policies/PX.ORBIT3/parameters.txt|baseline/pgfuzz/PX4/policies/PX.ORBIT4_5/parameters.txt|baseline/pgfuzz/PX4/policies/PX.ORBIT6/parameters.txt|baseline/pgfuzz/PX4/policies/PX.POSITION1/parameters.txt|baseline/pgfuzz/PX4/policies/PX.RTL1/parameters.txt|baseline/pgfuzz/PX4/policies/PX.RTL2/parameters.txt|baseline/pgfuzz/PX4/policies/PX.RTL3/parameters.txt|baseline/pgfuzz/PX4/policies/PX.RTL4/parameters.txt|baseline/pgfuzz/PX4/policies/PX.RTL5/parameters.txt|baseline/pgfuzz/PX4/policies/PX.TAKEOFF1/parameters.txt|baseline/pgfuzz/PX4/policies/PX.TAKEOFF2/parameters.txt,EXACT_CURRENT_DEFINITION,LNDMC_ALT_GND,EXACT_NAME_DEFINITION,,,baseline/px4/src/modules/land_detector/land_detector_params_mc.c:102,exact_definition_unique,Float,2.0,2.0,SOURCE_METADATA_LITERAL_OR_EXPRESSION,baseline/px4/src/modules/land_detector/land_detector_params_mc.c:102,保存参数目录解析出的字面值或未求值源码表达式；它不是运行值，宏表达式不能冒充已求值数值。,-1.0,,,m,,confirmed_by_frozen_runtime_snapshot,observed_in_frozen_runtime_parameter_download,2.0,px4_sitl_default sihsim_quadx internal headless SIH instance 42,PX4-M6-MC-SIHSIM-QUADX-I42-20260718,NOT_TESTED,,NOT_APPLICABLE,,参数身份和定义位置已找到；这不证明它与该性质存在真实数据依赖，也未执行写入变更测试。,NOT_ASSESSED
PX4,InputP,LNDMC_ALT_MAX,21,PX.ALTITUDE1|PX.GPS.FS1|PX.GPS.FS2|PX.GPS.FS3|PX.HOLD1|PX.HOLD2|PX.LAND1|PX.ORBIT1|PX.ORBIT2|PX.ORBIT3|PX.ORBIT4|PX.ORBIT5|PX.ORBIT6|PX.POSITION1|PX.RTL1|PX.RTL2|PX.RTL3|PX.RTL4|PX.RTL5|PX.TAKEOFF1|PX.TAKEOFF2,"LNDMC_ALT_MAX,X,-1,-1,10000,1",baseline/pgfuzz/PX4/policies/PX.ALTITUDE1/parameters.txt|baseline/pgfuzz/PX4/policies/PX.GPS.FS1/parameters.txt|baseline/pgfuzz/PX4/policies/PX.GPS.FS2/parameters.txt|baseline/pgfuzz/PX4/policies/PX.GPS.FS3/parameters.txt|baseline/pgfuzz/PX4/policies/PX.HOLD1/parameters.txt|baseline/pgfuzz/PX4/policies/PX.HOLD2/parameters.txt|baseline/pgfuzz/PX4/policies/PX.LAND1/parameters.txt|baseline/pgfuzz/PX4/policies/PX.ORBIT1/parameters.txt|baseline/pgfuzz/PX4/policies/PX.ORBIT2/parameters.txt|baseline/pgfuzz/PX4/policies/PX.ORBIT3/parameters.txt|baseline/pgfuzz/PX4/policies/PX.ORBIT4_5/parameters.txt|baseline/pgfuzz/PX4/policies/PX.ORBIT6/parameters.txt|baseline/pgfuzz/PX4/policies/PX.POSITION1/parameters.txt|baseline/pgfuzz/PX4/policies/PX.RTL1/parameters.txt|baseline/pgfuzz/PX4/policies/PX.RTL2/parameters.txt|baseline/pgfuzz/PX4/policies/PX.RTL3/parameters.txt|baseline/pgfuzz/PX4/policies/PX.RTL4/parameters.txt|baseline/pgfuzz/PX4/policies/PX.RTL5/parameters.txt|baseline/pgfuzz/PX4/policies/PX.TAKEOFF1/parameters.txt|baseline/pgfuzz/PX4/policies/PX.TAKEOFF2/parameters.txt,CURRENT_DEFINITION_NOT_FOUND,LNDMC_ALT_MAX,UNRESOLVED,,,,,,,,UNKNOWN,,当前目录没有可用默认值证据。,,,,,,,,,,,NOT_TESTED,,NOT_APPLICABLE,,当前冻结参数目录中没有找到可信同名或重命名定义；没有使用字符串相似度猜测。,NOT_ASSESSED
PX4,InputP,LPE_BAR_Z,21,PX.ALTITUDE1|PX.GPS.FS1|PX.GPS.FS2|PX.GPS.FS3|PX.HOLD1|PX.HOLD2|PX.LAND1|PX.ORBIT1|PX.ORBIT2|PX.ORBIT3|PX.ORBIT4|PX.ORBIT5|PX.ORBIT6|PX.POSITION1|PX.RTL1|PX.RTL2|PX.RTL3|PX.RTL4|PX.RTL5|PX.TAKEOFF1|PX.TAKEOFF2,"LPE_BAR_Z,X,3,0.01,100,1",baseline/pgfuzz/PX4/policies/PX.ALTITUDE1/parameters.txt|baseline/pgfuzz/PX4/policies/PX.GPS.FS1/parameters.txt|baseline/pgfuzz/PX4/policies/PX.GPS.FS2/parameters.txt|baseline/pgfuzz/PX4/policies/PX.GPS.FS3/parameters.txt|baseline/pgfuzz/PX4/policies/PX.HOLD1/parameters.txt|baseline/pgfuzz/PX4/policies/PX.HOLD2/parameters.txt|baseline/pgfuzz/PX4/policies/PX.LAND1/parameters.txt|baseline/pgfuzz/PX4/policies/PX.ORBIT1/parameters.txt|baseline/pgfuzz/PX4/policies/PX.ORBIT2/parameters.txt|baseline/pgfuzz/PX4/policies/PX.ORBIT3/parameters.txt|baseline/pgfuzz/PX4/policies/PX.ORBIT4_5/parameters.txt|baseline/pgfuzz/PX4/policies/PX.ORBIT6/parameters.txt|baseline/pgfuzz/PX4/policies/PX.POSITION1/parameters.txt|baseline/pgfuzz/PX4/policies/PX.RTL1/parameters.txt|baseline/pgfuzz/PX4/policies/PX.RTL2/parameters.txt|baseline/pgfuzz/PX4/policies/PX.RTL3/parameters.txt|baseline/pgfuzz/PX4/policies/PX.RTL4/parameters.txt|baseline/pgfuzz/PX4/policies/PX.RTL5/parameters.txt|baseline/pgfuzz/PX4/policies/PX.TAKEOFF1/parameters.txt|baseline/pgfuzz/PX4/policies/PX.TAKEOFF2/parameters.txt,EXACT_CURRENT_DEFINITION,LPE_BAR_Z,EXACT_NAME_DEFINITION,,,baseline/px4/src/modules/local_position_estimator/params.c:145,exact_definition_unique,Float,3.0,3.0,SOURCE_METADATA_LITERAL_OR_EXPRESSION,baseline/px4/src/modules/local_position_estimator/params.c:145,保存参数目录解析出的字面值或未求值源码表达式；它不是运行值，宏表达式不能冒充已求值数值。,0.01,100.0,,m,,not_px4_sitl_module_list_resolved,protocol_capable_runtime_presence_not_observed,,,,NOT_TESTED,,NOT_APPLICABLE,,参数身份和定义位置已找到；这不证明它与该性质存在真实数据依赖，也未执行写入变更测试。,NOT_ASSESSED
PX4,InputP,LPE_FUSION,21,PX.ALTITUDE1|PX.GPS.FS1|PX.GPS.FS2|PX.GPS.FS3|PX.HOLD1|PX.HOLD2|PX.LAND1|PX.ORBIT1|PX.ORBIT2|PX.ORBIT3|PX.ORBIT4|PX.ORBIT5|PX.ORBIT6|PX.POSITION1|PX.RTL1|PX.RTL2|PX.RTL3|PX.RTL4|PX.RTL5|PX.TAKEOFF1|PX.TAKEOFF2,"LPE_FUSION,X,145,0,255,1",baseline/pgfuzz/PX4/policies/PX.ALTITUDE1/parameters.txt|baseline/pgfuzz/PX4/policies/PX.GPS.FS1/parameters.txt|baseline/pgfuzz/PX4/policies/PX.GPS.FS2/parameters.txt|baseline/pgfuzz/PX4/policies/PX.GPS.FS3/parameters.txt|baseline/pgfuzz/PX4/policies/PX.HOLD1/parameters.txt|baseline/pgfuzz/PX4/policies/PX.HOLD2/parameters.txt|baseline/pgfuzz/PX4/policies/PX.LAND1/parameters.txt|baseline/pgfuzz/PX4/policies/PX.ORBIT1/parameters.txt|baseline/pgfuzz/PX4/policies/PX.ORBIT2/parameters.txt|baseline/pgfuzz/PX4/policies/PX.ORBIT3/parameters.txt|baseline/pgfuzz/PX4/policies/PX.ORBIT4_5/parameters.txt|baseline/pgfuzz/PX4/policies/PX.ORBIT6/parameters.txt|baseline/pgfuzz/PX4/policies/PX.POSITION1/parameters.txt|baseline/pgfuzz/PX4/policies/PX.RTL1/parameters.txt|baseline/pgfuzz/PX4/policies/PX.RTL2/parameters.txt|baseline/pgfuzz/PX4/policies/PX.RTL3/parameters.txt|baseline/pgfuzz/PX4/policies/PX.RTL4/parameters.txt|baseline/pgfuzz/PX4/policies/PX.RTL5/parameters.txt|baseline/pgfuzz/PX4/policies/PX.TAKEOFF1/parameters.txt|baseline/pgfuzz/PX4/policies/PX.TAKEOFF2/parameters.txt,EXACT_CURRENT_DEFINITION,LPE_FUSION,EXACT_NAME_DEFINITION,,,baseline/px4/src/modules/local_position_estimator/params.c:473,exact_definition_unique,Int32,145,145,SOURCE_METADATA_LITERAL_OR_EXPRESSION,baseline/px4/src/modules/local_position_estimator/params.c:473,保存参数目录解析出的字面值或未求值源码表达式；它不是运行值，宏表达式不能冒充已求值数值。,0,255,,,,not_px4_sitl_module_list_resolved,protocol_capable_runtime_presence_not_observed,,,,NOT_TESTED,,NOT_APPLICABLE,,参数身份和定义位置已找到；这不证明它与该性质存在真实数据依赖，也未执行写入变更测试。,NOT_ASSESSED
PX4,InputP,LPE_Z_PUB,21,PX.ALTITUDE1|PX.GPS.FS1|PX.GPS.FS2|PX.GPS.FS3|PX.HOLD1|PX.HOLD2|PX.LAND1|PX.ORBIT1|PX.ORBIT2|PX.ORBIT3|PX.ORBIT4|PX.ORBIT5|PX.ORBIT6|PX.POSITION1|PX.RTL1|PX.RTL2|PX.RTL3|PX.RTL4|PX.RTL5|PX.TAKEOFF1|PX.TAKEOFF2,"LPE_Z_PUB,X,1,0.3,5,1",baseline/pgfuzz/PX4/policies/PX.ALTITUDE1/parameters.txt|baseline/pgfuzz/PX4/policies/PX.GPS.FS1/parameters.txt|baseline/pgfuzz/PX4/policies/PX.GPS.FS2/parameters.txt|baseline/pgfuzz/PX4/policies/PX.GPS.FS3/parameters.txt|baseline/pgfuzz/PX4/policies/PX.HOLD1/parameters.txt|baseline/pgfuzz/PX4/policies/PX.HOLD2/parameters.txt|baseline/pgfuzz/PX4/policies/PX.LAND1/parameters.txt|baseline/pgfuzz/PX4/policies/PX.ORBIT1/parameters.txt|baseline/pgfuzz/PX4/policies/PX.ORBIT2/parameters.txt|baseline/pgfuzz/PX4/policies/PX.ORBIT3/parameters.txt|baseline/pgfuzz/PX4/policies/PX.ORBIT4_5/parameters.txt|baseline/pgfuzz/PX4/policies/PX.ORBIT6/parameters.txt|baseline/pgfuzz/PX4/policies/PX.POSITION1/parameters.txt|baseline/pgfuzz/PX4/policies/PX.RTL1/parameters.txt|baseline/pgfuzz/PX4/policies/PX.RTL2/parameters.txt|baseline/pgfuzz/PX4/policies/PX.RTL3/parameters.txt|baseline/pgfuzz/PX4/policies/PX.RTL4/parameters.txt|baseline/pgfuzz/PX4/policies/PX.RTL5/parameters.txt|baseline/pgfuzz/PX4/policies/PX.TAKEOFF1/parameters.txt|baseline/pgfuzz/PX4/policies/PX.TAKEOFF2/parameters.txt,EXACT_CURRENT_DEFINITION,LPE_Z_PUB,EXACT_NAME_DEFINITION,,,baseline/px4/src/modules/local_position_estimator/params.c:411,exact_definition_unique,Float,1.0,1.0,SOURCE_METADATA_LITERAL_OR_EXPRESSION,baseline/px4/src/modules/local_position_estimator/params.c:411,保存参数目录解析出的字面值或未求值源码表达式；它不是运行值，宏表达式不能冒充已求值数值。,0.3,5.0,,m,,not_px4_sitl_module_list_resolved,protocol_capable_runtime_presence_not_observed,,,,NOT_TESTED,,NOT_APPLICABLE,,参数身份和定义位置已找到；这不证明它与该性质存在真实数据依赖，也未执行写入变更测试。,NOT_ASSESSED
PX4,InputP,MC_PITCHRATE_FF,21,PX.ALTITUDE1|PX.GPS.FS1|PX.GPS.FS2|PX.GPS.FS3|PX.HOLD1|PX.HOLD2|PX.LAND1|PX.ORBIT1|PX.ORBIT2|PX.ORBIT3|PX.ORBIT4|PX.ORBIT5|PX.ORBIT6|PX.POSITION1|PX.RTL1|PX.RTL2|PX.RTL3|PX.RTL4|PX.RTL5|PX.TAKEOFF1|PX.TAKEOFF2,"MC_PITCHRATE_FF,X,0,0,X,1",baseline/pgfuzz/PX4/policies/PX.ALTITUDE1/parameters.txt|baseline/pgfuzz/PX4/policies/PX.GPS.FS1/parameters.txt|baseline/pgfuzz/PX4/policies/PX.GPS.FS2/parameters.txt|baseline/pgfuzz/PX4/policies/PX.GPS.FS3/parameters.txt|baseline/pgfuzz/PX4/policies/PX.HOLD1/parameters.txt|baseline/pgfuzz/PX4/policies/PX.HOLD2/parameters.txt|baseline/pgfuzz/PX4/policies/PX.LAND1/parameters.txt|baseline/pgfuzz/PX4/policies/PX.ORBIT1/parameters.txt|baseline/pgfuzz/PX4/policies/PX.ORBIT2/parameters.txt|baseline/pgfuzz/PX4/policies/PX.ORBIT3/parameters.txt|baseline/pgfuzz/PX4/policies/PX.ORBIT4_5/parameters.txt|baseline/pgfuzz/PX4/policies/PX.ORBIT6/parameters.txt|baseline/pgfuzz/PX4/policies/PX.POSITION1/parameters.txt|baseline/pgfuzz/PX4/policies/PX.RTL1/parameters.txt|baseline/pgfuzz/PX4/policies/PX.RTL2/parameters.txt|baseline/pgfuzz/PX4/policies/PX.RTL3/parameters.txt|baseline/pgfuzz/PX4/policies/PX.RTL4/parameters.txt|baseline/pgfuzz/PX4/policies/PX.RTL5/parameters.txt|baseline/pgfuzz/PX4/policies/PX.TAKEOFF1/parameters.txt|baseline/pgfuzz/PX4/policies/PX.TAKEOFF2/parameters.txt,EXACT_CURRENT_DEFINITION,MC_PITCHRATE_FF,EXACT_NAME_DEFINITION,,,baseline/px4/src/modules/mc_rate_control/mc_rate_control_params.c:179,exact_definition_unique,Float,0.0,0.0,SOURCE_METADATA_LITERAL_OR_EXPRESSION,baseline/px4/src/modules/mc_rate_control/mc_rate_control_params.c:179,保存参数目录解析出的字面值或未求值源码表达式；它不是运行值，宏表达式不能冒充已求值数值。,0.0,,,,,confirmed_by_frozen_runtime_snapshot,observed_in_frozen_runtime_parameter_download,0.0,px4_sitl_default sihsim_quadx internal headless SIH instance 42,PX4-M6-MC-SIHSIM-QUADX-I42-20260718,NOT_TESTED,,NOT_APPLICABLE,,参数身份和定义位置已找到；这不证明它与该性质存在真实数据依赖，也未执行写入变更测试。,NOT_ASSESSED
PX4,InputP,MIS_LTRMIN_ALT,21,PX.ALTITUDE1|PX.GPS.FS1|PX.GPS.FS2|PX.GPS.FS3|PX.HOLD1|PX.HOLD2|PX.LAND1|PX.ORBIT1|PX.ORBIT2|PX.ORBIT3|PX.ORBIT4|PX.ORBIT5|PX.ORBIT6|PX.POSITION1|PX.RTL1|PX.RTL2|PX.RTL3|PX.RTL4|PX.RTL5|PX.TAKEOFF1|PX.TAKEOFF2,"MIS_LTRMIN_ALT,X,-1,-1,80,0.5",baseline/pgfuzz/PX4/policies/PX.ALTITUDE1/parameters.txt|baseline/pgfuzz/PX4/policies/PX.GPS.FS1/parameters.txt|baseline/pgfuzz/PX4/policies/PX.GPS.FS2/parameters.txt|baseline/pgfuzz/PX4/policies/PX.GPS.FS3/parameters.txt|baseline/pgfuzz/PX4/policies/PX.HOLD1/parameters.txt|baseline/pgfuzz/PX4/policies/PX.HOLD2/parameters.txt|baseline/pgfuzz/PX4/policies/PX.LAND1/parameters.txt|baseline/pgfuzz/PX4/policies/PX.ORBIT1/parameters.txt|baseline/pgfuzz/PX4/policies/PX.ORBIT2/parameters.txt|baseline/pgfuzz/PX4/policies/PX.ORBIT3/parameters.txt|baseline/pgfuzz/PX4/policies/PX.ORBIT4_5/parameters.txt|baseline/pgfuzz/PX4/policies/PX.ORBIT6/parameters.txt|baseline/pgfuzz/PX4/policies/PX.POSITION1/parameters.txt|baseline/pgfuzz/PX4/policies/PX.RTL1/parameters.txt|baseline/pgfuzz/PX4/policies/PX.RTL2/parameters.txt|baseline/pgfuzz/PX4/policies/PX.RTL3/parameters.txt|baseline/pgfuzz/PX4/policies/PX.RTL4/parameters.txt|baseline/pgfuzz/PX4/policies/PX.RTL5/parameters.txt|baseline/pgfuzz/PX4/policies/PX.TAKEOFF1/parameters.txt|baseline/pgfuzz/PX4/policies/PX.TAKEOFF2/parameters.txt,RENAMED_CURRENT_DEFINITION,NAV_MIN_LTR_ALT,CURATED_MIGRATION_MODELLED,baseline/px4/src/modules/navigator/navigator_params.c:178,当前 Navigator 有语义相近的最小盘旋高度参数；冻结仓库没有本地历史证明它是一对一重命名，因此只保留为建模迁移。,baseline/px4/src/modules/navigator/navigator_params.c:178|baseline/px4/src/modules/navigator/navigator_params.c:192,curated_alias_evidence,Float,-1.0,-1.0,SOURCE_METADATA_LITERAL_OR_EXPRESSION,baseline/px4/src/modules/navigator/navigator_params.c:192,保存参数目录解析出的字面值或未求值源码表达式；它不是运行值，宏表达式不能冒充已求值数值。,-1.0,,0.5,m,,confirmed_by_frozen_runtime_snapshot,observed_in_frozen_runtime_parameter_download,-1.0,px4_sitl_default sihsim_quadx internal headless SIH instance 42,PX4-M6-MC-SIHSIM-QUADX-I42-20260718,NOT_TESTED,,NOT_APPLICABLE,,参数身份和定义位置已找到；这不证明它与该性质存在真实数据依赖，也未执行写入变更测试。,NOT_ASSESSED
PX4,InputP,MIS_TAKEOFF_ALT,21,PX.ALTITUDE1|PX.GPS.FS1|PX.GPS.FS2|PX.GPS.FS3|PX.HOLD1|PX.HOLD2|PX.LAND1|PX.ORBIT1|PX.ORBIT2|PX.ORBIT3|PX.ORBIT4|PX.ORBIT5|PX.ORBIT6|PX.POSITION1|PX.RTL1|PX.RTL2|PX.RTL3|PX.RTL4|PX.RTL5|PX.TAKEOFF1|PX.TAKEOFF2,"MIS_TAKEOFF_ALT,X,2.5,0,80,0.5",baseline/pgfuzz/PX4/policies/PX.ALTITUDE1/parameters.txt|baseline/pgfuzz/PX4/policies/PX.GPS.FS1/parameters.txt|baseline/pgfuzz/PX4/policies/PX.GPS.FS2/parameters.txt|baseline/pgfuzz/PX4/policies/PX.GPS.FS3/parameters.txt|baseline/pgfuzz/PX4/policies/PX.HOLD1/parameters.txt|baseline/pgfuzz/PX4/policies/PX.HOLD2/parameters.txt|baseline/pgfuzz/PX4/policies/PX.LAND1/parameters.txt|baseline/pgfuzz/PX4/policies/PX.ORBIT1/parameters.txt|baseline/pgfuzz/PX4/policies/PX.ORBIT2/parameters.txt|baseline/pgfuzz/PX4/policies/PX.ORBIT3/parameters.txt|baseline/pgfuzz/PX4/policies/PX.ORBIT4_5/parameters.txt|baseline/pgfuzz/PX4/policies/PX.ORBIT6/parameters.txt|baseline/pgfuzz/PX4/policies/PX.POSITION1/parameters.txt|baseline/pgfuzz/PX4/policies/PX.RTL1/parameters.txt|baseline/pgfuzz/PX4/policies/PX.RTL2/parameters.txt|baseline/pgfuzz/PX4/policies/PX.RTL3/parameters.txt|baseline/pgfuzz/PX4/policies/PX.RTL4/parameters.txt|baseline/pgfuzz/PX4/policies/PX.RTL5/parameters.txt|baseline/pgfuzz/PX4/policies/PX.TAKEOFF1/parameters.txt|baseline/pgfuzz/PX4/policies/PX.TAKEOFF2/parameters.txt,EXACT_CURRENT_DEFINITION,MIS_TAKEOFF_ALT,EXACT_NAME_DEFINITION,,,baseline/px4/src/modules/navigator/mission_params.c:58,exact_definition_unique,Float,2.5,2.5,SOURCE_METADATA_LITERAL_OR_EXPRESSION,baseline/px4/src/modules/navigator/mission_params.c:58,保存参数目录解析出的字面值或未求值源码表达式；它不是运行值，宏表达式不能冒充已求值数值。,0.0,,0.5,m,,confirmed_by_frozen_runtime_snapshot,observed_in_frozen_runtime_parameter_download,2.5,px4_sitl_default sihsim_quadx internal headless SIH instance 42,PX4-M6-MC-SIHSIM-QUADX-I42-20260718,NOT_TESTED,,NOT_APPLICABLE,,参数身份和定义位置已找到；这不证明它与该性质存在真实数据依赖，也未执行写入变更测试。,NOT_ASSESSED
PX4,InputP,MPC_ALT_MODE,21,PX.ALTITUDE1|PX.GPS.FS1|PX.GPS.FS2|PX.GPS.FS3|PX.HOLD1|PX.HOLD2|PX.LAND1|PX.ORBIT1|PX.ORBIT2|PX.ORBIT3|PX.ORBIT4|PX.ORBIT5|PX.ORBIT6|PX.POSITION1|PX.RTL1|PX.RTL2|PX.RTL3|PX.RTL4|PX.RTL5|PX.TAKEOFF1|PX.TAKEOFF2,"MPC_ALT_MODE,X,0,0,2,1",baseline/pgfuzz/PX4/policies/PX.ALTITUDE1/parameters.txt|baseline/pgfuzz/PX4/policies/PX.GPS.FS1/parameters.txt|baseline/pgfuzz/PX4/policies/PX.GPS.FS2/parameters.txt|baseline/pgfuzz/PX4/policies/PX.GPS.FS3/parameters.txt|baseline/pgfuzz/PX4/policies/PX.HOLD1/parameters.txt|baseline/pgfuzz/PX4/policies/PX.HOLD2/parameters.txt|baseline/pgfuzz/PX4/policies/PX.LAND1/parameters.txt|baseline/pgfuzz/PX4/policies/PX.ORBIT1/parameters.txt|baseline/pgfuzz/PX4/policies/PX.ORBIT2/parameters.txt|baseline/pgfuzz/PX4/policies/PX.ORBIT3/parameters.txt|baseline/pgfuzz/PX4/policies/PX.ORBIT4_5/parameters.txt|baseline/pgfuzz/PX4/policies/PX.ORBIT6/parameters.txt|baseline/pgfuzz/PX4/policies/PX.POSITION1/parameters.txt|baseline/pgfuzz/PX4/policies/PX.RTL1/parameters.txt|baseline/pgfuzz/PX4/policies/PX.RTL2/parameters.txt|baseline/pgfuzz/PX4/policies/PX.RTL3/parameters.txt|baseline/pgfuzz/PX4/policies/PX.RTL4/parameters.txt|baseline/pgfuzz/PX4/policies/PX.RTL5/parameters.txt|baseline/pgfuzz/PX4/policies/PX.TAKEOFF1/parameters.txt|baseline/pgfuzz/PX4/policies/PX.TAKEOFF2/parameters.txt,EXACT_CURRENT_DEFINITION,MPC_ALT_MODE,EXACT_NAME_DEFINITION,,,baseline/px4/src/modules/mc_pos_control/multicopter_altitude_mode_params.c:91,exact_definition_unique,Int32,2,2,SOURCE_METADATA_LITERAL_OR_EXPRESSION,baseline/px4/src/modules/mc_pos_control/multicopter_altitude_mode_params.c:91,保存参数目录解析出的字面值或未求值源码表达式；它不是运行值，宏表达式不能冒充已求值数值。,0,2,,,,confirmed_by_frozen_runtime_snapshot,observed_in_frozen_runtime_parameter_download,2,px4_sitl_default sihsim_quadx internal headless SIH instance 42,PX4-M6-MC-SIHSIM-QUADX-I42-20260718,NOT_TESTED,,NOT_APPLICABLE,,参数身份和定义位置已找到；这不证明它与该性质存在真实数据依赖，也未执行写入变更测试。,NOT_ASSESSED
PX4,InputP,MPC_LAND_ALT1,21,PX.ALTITUDE1|PX.GPS.FS1|PX.GPS.FS2|PX.GPS.FS3|PX.HOLD1|PX.HOLD2|PX.LAND1|PX.ORBIT1|PX.ORBIT2|PX.ORBIT3|PX.ORBIT4|PX.ORBIT5|PX.ORBIT6|PX.POSITION1|PX.RTL1|PX.RTL2|PX.RTL3|PX.RTL4|PX.RTL5|PX.TAKEOFF1|PX.TAKEOFF2,"MPC_LAND_ALT1,X,10,0,122,1",baseline/pgfuzz/PX4/policies/PX.ALTITUDE1/parameters.txt|baseline/pgfuzz/PX4/policies/PX.GPS.FS1/parameters.txt|baseline/pgfuzz/PX4/policies/PX.GPS.FS2/parameters.txt|baseline/pgfuzz/PX4/policies/PX.GPS.FS3/parameters.txt|baseline/pgfuzz/PX4/policies/PX.HOLD1/parameters.txt|baseline/pgfuzz/PX4/policies/PX.HOLD2/parameters.txt|baseline/pgfuzz/PX4/policies/PX.LAND1/parameters.txt|baseline/pgfuzz/PX4/policies/PX.ORBIT1/parameters.txt|baseline/pgfuzz/PX4/policies/PX.ORBIT2/parameters.txt|baseline/pgfuzz/PX4/policies/PX.ORBIT3/parameters.txt|baseline/pgfuzz/PX4/policies/PX.ORBIT4_5/parameters.txt|baseline/pgfuzz/PX4/policies/PX.ORBIT6/parameters.txt|baseline/pgfuzz/PX4/policies/PX.POSITION1/parameters.txt|baseline/pgfuzz/PX4/policies/PX.RTL1/parameters.txt|baseline/pgfuzz/PX4/policies/PX.RTL2/parameters.txt|baseline/pgfuzz/PX4/policies/PX.RTL3/parameters.txt|baseline/pgfuzz/PX4/policies/PX.RTL4/parameters.txt|baseline/pgfuzz/PX4/policies/PX.RTL5/parameters.txt|baseline/pgfuzz/PX4/policies/PX.TAKEOFF1/parameters.txt|baseline/pgfuzz/PX4/policies/PX.TAKEOFF2/parameters.txt,EXACT_CURRENT_DEFINITION,MPC_LAND_ALT1,EXACT_NAME_DEFINITION,,,baseline/px4/src/modules/mc_pos_control/multicopter_takeoff_land_params.c:72,exact_definition_unique,Float,10.0,10.0,SOURCE_METADATA_LITERAL_OR_EXPRESSION,baseline/px4/src/modules/mc_pos_control/multicopter_takeoff_land_params.c:72,保存参数目录解析出的字面值或未求值源码表达式；它不是运行值，宏表达式不能冒充已求值数值。,0.0,122.0,,m,,confirmed_by_frozen_runtime_snapshot,observed_in_frozen_runtime_parameter_download,10.0,px4_sitl_default sihsim_quadx internal headless SIH instance 42,PX4-M6-MC-SIHSIM-QUADX-I42-20260718,NOT_TESTED,,NOT_APPLICABLE,,参数身份和定义位置已找到；这不证明它与该性质存在真实数据依赖，也未执行写入变更测试。,NOT_ASSESSED
PX4,InputP,MPC_LAND_ALT2,42,PX.ALTITUDE1|PX.GPS.FS1|PX.GPS.FS2|PX.GPS.FS3|PX.HOLD1|PX.HOLD2|PX.LAND1|PX.ORBIT1|PX.ORBIT2|PX.ORBIT3|PX.ORBIT4|PX.ORBIT5|PX.ORBIT6|PX.POSITION1|PX.RTL1|PX.RTL2|PX.RTL3|PX.RTL4|PX.RTL5|PX.TAKEOFF1|PX.TAKEOFF2,"MPC_LAND_ALT2,X,1,0,122,1 || MPC_LAND_ALT2,X,5,0,122,1",baseline/pgfuzz/PX4/policies/PX.ALTITUDE1/parameters.txt|baseline/pgfuzz/PX4/policies/PX.GPS.FS1/parameters.txt|baseline/pgfuzz/PX4/policies/PX.GPS.FS2/parameters.txt|baseline/pgfuzz/PX4/policies/PX.GPS.FS3/parameters.txt|baseline/pgfuzz/PX4/policies/PX.HOLD1/parameters.txt|baseline/pgfuzz/PX4/policies/PX.HOLD2/parameters.txt|baseline/pgfuzz/PX4/policies/PX.LAND1/parameters.txt|baseline/pgfuzz/PX4/policies/PX.ORBIT1/parameters.txt|baseline/pgfuzz/PX4/policies/PX.ORBIT2/parameters.txt|baseline/pgfuzz/PX4/policies/PX.ORBIT3/parameters.txt|baseline/pgfuzz/PX4/policies/PX.ORBIT4_5/parameters.txt|baseline/pgfuzz/PX4/policies/PX.ORBIT6/parameters.txt|baseline/pgfuzz/PX4/policies/PX.POSITION1/parameters.txt|baseline/pgfuzz/PX4/policies/PX.RTL1/parameters.txt|baseline/pgfuzz/PX4/policies/PX.RTL2/parameters.txt|baseline/pgfuzz/PX4/policies/PX.RTL3/parameters.txt|baseline/pgfuzz/PX4/policies/PX.RTL4/parameters.txt|baseline/pgfuzz/PX4/policies/PX.RTL5/parameters.txt|baseline/pgfuzz/PX4/policies/PX.TAKEOFF1/parameters.txt|baseline/pgfuzz/PX4/policies/PX.TAKEOFF2/parameters.txt,EXACT_CURRENT_DEFINITION,MPC_LAND_ALT2,EXACT_NAME_DEFINITION,,,baseline/px4/src/modules/mc_pos_control/multicopter_takeoff_land_params.c:87,exact_definition_unique,Float,5.0,5.0,SOURCE_METADATA_LITERAL_OR_EXPRESSION,baseline/px4/src/modules/mc_pos_control/multicopter_takeoff_land_params.c:87,保存参数目录解析出的字面值或未求值源码表达式；它不是运行值，宏表达式不能冒充已求值数值。,0.0,122.0,,m,,confirmed_by_frozen_runtime_snapshot,observed_in_frozen_runtime_parameter_download,5.0,px4_sitl_default sihsim_quadx internal headless SIH instance 42,PX4-M6-MC-SIHSIM-QUADX-I42-20260718,NOT_TESTED,,NOT_APPLICABLE,,参数身份和定义位置已找到；这不证明它与该性质存在真实数据依赖，也未执行写入变更测试。,NOT_ASSESSED
PX4,InputP,MPC_MAN_TILT_MAX,21,PX.ALTITUDE1|PX.GPS.FS1|PX.GPS.FS2|PX.GPS.FS3|PX.HOLD1|PX.HOLD2|PX.LAND1|PX.ORBIT1|PX.ORBIT2|PX.ORBIT3|PX.ORBIT4|PX.ORBIT5|PX.ORBIT6|PX.POSITION1|PX.RTL1|PX.RTL2|PX.RTL3|PX.RTL4|PX.RTL5|PX.TAKEOFF1|PX.TAKEOFF2,"MPC_MAN_TILT_MAX,X,35,0,90,1",baseline/pgfuzz/PX4/policies/PX.ALTITUDE1/parameters.txt|baseline/pgfuzz/PX4/policies/PX.GPS.FS1/parameters.txt|baseline/pgfuzz/PX4/policies/PX.GPS.FS2/parameters.txt|baseline/pgfuzz/PX4/policies/PX.GPS.FS3/parameters.txt|baseline/pgfuzz/PX4/policies/PX.HOLD1/parameters.txt|baseline/pgfuzz/PX4/policies/PX.HOLD2/parameters.txt|baseline/pgfuzz/PX4/policies/PX.LAND1/parameters.txt|baseline/pgfuzz/PX4/policies/PX.ORBIT1/parameters.txt|baseline/pgfuzz/PX4/policies/PX.ORBIT2/parameters.txt|baseline/pgfuzz/PX4/policies/PX.ORBIT3/parameters.txt|baseline/pgfuzz/PX4/policies/PX.ORBIT4_5/parameters.txt|baseline/pgfuzz/PX4/policies/PX.ORBIT6/parameters.txt|baseline/pgfuzz/PX4/policies/PX.POSITION1/parameters.txt|baseline/pgfuzz/PX4/policies/PX.RTL1/parameters.txt|baseline/pgfuzz/PX4/policies/PX.RTL2/parameters.txt|baseline/pgfuzz/PX4/policies/PX.RTL3/parameters.txt|baseline/pgfuzz/PX4/policies/PX.RTL4/parameters.txt|baseline/pgfuzz/PX4/policies/PX.RTL5/parameters.txt|baseline/pgfuzz/PX4/policies/PX.TAKEOFF1/parameters.txt|baseline/pgfuzz/PX4/policies/PX.TAKEOFF2/parameters.txt,EXACT_CURRENT_DEFINITION,MPC_MAN_TILT_MAX,EXACT_NAME_DEFINITION,,,baseline/px4/src/modules/mc_pos_control/multicopter_stabilized_mode_params.c:44,exact_definition_unique,Float,35.0,35.0,SOURCE_METADATA_LITERAL_OR_EXPRESSION,baseline/px4/src/modules/mc_pos_control/multicopter_stabilized_mode_params.c:44,保存参数目录解析出的字面值或未求值源码表达式；它不是运行值，宏表达式不能冒充已求值数值。,1.0,70.0,1.0,deg,,confirmed_by_frozen_runtime_snapshot,observed_in_frozen_runtime_parameter_download,35.0,px4_sitl_default sihsim_quadx internal headless SIH instance 42,PX4-M6-MC-SIHSIM-QUADX-I42-20260718,NOT_TESTED,,NOT_APPLICABLE,,参数身份和定义位置已找到；这不证明它与该性质存在真实数据依赖，也未执行写入变更测试。,NOT_ASSESSED
PX4,InputP,MPC_THR_HOVER,21,PX.ALTITUDE1|PX.GPS.FS1|PX.GPS.FS2|PX.GPS.FS3|PX.HOLD1|PX.HOLD2|PX.LAND1|PX.ORBIT1|PX.ORBIT2|PX.ORBIT3|PX.ORBIT4|PX.ORBIT5|PX.ORBIT6|PX.POSITION1|PX.RTL1|PX.RTL2|PX.RTL3|PX.RTL4|PX.RTL5|PX.TAKEOFF1|PX.TAKEOFF2,"MPC_THR_HOVER,X,0.5,0.1,0.8,0.01",baseline/pgfuzz/PX4/policies/PX.ALTITUDE1/parameters.txt|baseline/pgfuzz/PX4/policies/PX.GPS.FS1/parameters.txt|baseline/pgfuzz/PX4/policies/PX.GPS.FS2/parameters.txt|baseline/pgfuzz/PX4/policies/PX.GPS.FS3/parameters.txt|baseline/pgfuzz/PX4/policies/PX.HOLD1/parameters.txt|baseline/pgfuzz/PX4/policies/PX.HOLD2/parameters.txt|baseline/pgfuzz/PX4/policies/PX.LAND1/parameters.txt|baseline/pgfuzz/PX4/policies/PX.ORBIT1/parameters.txt|baseline/pgfuzz/PX4/policies/PX.ORBIT2/parameters.txt|baseline/pgfuzz/PX4/policies/PX.ORBIT3/parameters.txt|baseline/pgfuzz/PX4/policies/PX.ORBIT4_5/parameters.txt|baseline/pgfuzz/PX4/policies/PX.ORBIT6/parameters.txt|baseline/pgfuzz/PX4/policies/PX.POSITION1/parameters.txt|baseline/pgfuzz/PX4/policies/PX.RTL1/parameters.txt|baseline/pgfuzz/PX4/policies/PX.RTL2/parameters.txt|baseline/pgfuzz/PX4/policies/PX.RTL3/parameters.txt|baseline/pgfuzz/PX4/policies/PX.RTL4/parameters.txt|baseline/pgfuzz/PX4/policies/PX.RTL5/parameters.txt|baseline/pgfuzz/PX4/policies/PX.TAKEOFF1/parameters.txt|baseline/pgfuzz/PX4/policies/PX.TAKEOFF2/parameters.txt,EXACT_CURRENT_DEFINITION,MPC_THR_HOVER,EXACT_NAME_DEFINITION,,,baseline/px4/src/modules/mc_pos_control/multicopter_position_control_params.c:49,exact_definition_unique,Float,0.5,0.5,SOURCE_METADATA_LITERAL_OR_EXPRESSION,baseline/px4/src/modules/mc_pos_control/multicopter_position_control_params.c:49,保存参数目录解析出的字面值或未求值源码表达式；它不是运行值，宏表达式不能冒充已求值数值。,0.1,0.8,0.01,norm,,confirmed_by_frozen_runtime_snapshot,observed_in_frozen_runtime_parameter_download,0.5,px4_sitl_default sihsim_quadx internal headless SIH instance 42,PX4-M6-MC-SIHSIM-QUADX-I42-20260718,NOT_TESTED,,NOT_APPLICABLE,,参数身份和定义位置已找到；这不证明它与该性质存在真实数据依赖，也未执行写入变更测试。,NOT_ASSESSED
PX4,InputP,NAV_MC_ALT_RAD,21,PX.ALTITUDE1|PX.GPS.FS1|PX.GPS.FS2|PX.GPS.FS3|PX.HOLD1|PX.HOLD2|PX.LAND1|PX.ORBIT1|PX.ORBIT2|PX.ORBIT3|PX.ORBIT4|PX.ORBIT5|PX.ORBIT6|PX.POSITION1|PX.RTL1|PX.RTL2|PX.RTL3|PX.RTL4|PX.RTL5|PX.TAKEOFF1|PX.TAKEOFF2,"NAV_MC_ALT_RAD,X,0.8,0.05,200,0.5",baseline/pgfuzz/PX4/policies/PX.ALTITUDE1/parameters.txt|baseline/pgfuzz/PX4/policies/PX.GPS.FS1/parameters.txt|baseline/pgfuzz/PX4/policies/PX.GPS.FS2/parameters.txt|baseline/pgfuzz/PX4/policies/PX.GPS.FS3/parameters.txt|baseline/pgfuzz/PX4/policies/PX.HOLD1/parameters.txt|baseline/pgfuzz/PX4/policies/PX.HOLD2/parameters.txt|baseline/pgfuzz/PX4/policies/PX.LAND1/parameters.txt|baseline/pgfuzz/PX4/policies/PX.ORBIT1/parameters.txt|baseline/pgfuzz/PX4/policies/PX.ORBIT2/parameters.txt|baseline/pgfuzz/PX4/policies/PX.ORBIT3/parameters.txt|baseline/pgfuzz/PX4/policies/PX.ORBIT4_5/parameters.txt|baseline/pgfuzz/PX4/policies/PX.ORBIT6/parameters.txt|baseline/pgfuzz/PX4/policies/PX.POSITION1/parameters.txt|baseline/pgfuzz/PX4/policies/PX.RTL1/parameters.txt|baseline/pgfuzz/PX4/policies/PX.RTL2/parameters.txt|baseline/pgfuzz/PX4/policies/PX.RTL3/parameters.txt|baseline/pgfuzz/PX4/policies/PX.RTL4/parameters.txt|baseline/pgfuzz/PX4/policies/PX.RTL5/parameters.txt|baseline/pgfuzz/PX4/policies/PX.TAKEOFF1/parameters.txt|baseline/pgfuzz/PX4/policies/PX.TAKEOFF2/parameters.txt,EXACT_CURRENT_DEFINITION,NAV_MC_ALT_RAD,EXACT_NAME_DEFINITION,,,baseline/px4/src/modules/navigator/navigator_params.c:115,exact_definition_unique,Float,0.8,0.8,SOURCE_METADATA_LITERAL_OR_EXPRESSION,baseline/px4/src/modules/navigator/navigator_params.c:115,保存参数目录解析出的字面值或未求值源码表达式；它不是运行值，宏表达式不能冒充已求值数值。,0.05,200.0,0.5,m,,confirmed_by_frozen_runtime_snapshot,observed_in_frozen_runtime_parameter_download,0.800000011920929,px4_sitl_default sihsim_quadx internal headless SIH instance 42,PX4-M6-MC-SIHSIM-QUADX-I42-20260718,NOT_TESTED,,NOT_APPLICABLE,,参数身份和定义位置已找到；这不证明它与该性质存在真实数据依赖，也未执行写入变更测试。,NOT_ASSESSED
PX4,InputP,PLD_FAPPR_ALT,21,PX.ALTITUDE1|PX.GPS.FS1|PX.GPS.FS2|PX.GPS.FS3|PX.HOLD1|PX.HOLD2|PX.LAND1|PX.ORBIT1|PX.ORBIT2|PX.ORBIT3|PX.ORBIT4|PX.ORBIT5|PX.ORBIT6|PX.POSITION1|PX.RTL1|PX.RTL2|PX.RTL3|PX.RTL4|PX.RTL5|PX.TAKEOFF1|PX.TAKEOFF2,"PLD_FAPPR_ALT,X,0.1,0,10,0.1",baseline/pgfuzz/PX4/policies/PX.ALTITUDE1/parameters.txt|baseline/pgfuzz/PX4/policies/PX.GPS.FS1/parameters.txt|baseline/pgfuzz/PX4/policies/PX.GPS.FS2/parameters.txt|baseline/pgfuzz/PX4/policies/PX.GPS.FS3/parameters.txt|baseline/pgfuzz/PX4/policies/PX.HOLD1/parameters.txt|baseline/pgfuzz/PX4/policies/PX.HOLD2/parameters.txt|baseline/pgfuzz/PX4/policies/PX.LAND1/parameters.txt|baseline/pgfuzz/PX4/policies/PX.ORBIT1/parameters.txt|baseline/pgfuzz/PX4/policies/PX.ORBIT2/parameters.txt|baseline/pgfuzz/PX4/policies/PX.ORBIT3/parameters.txt|baseline/pgfuzz/PX4/policies/PX.ORBIT4_5/parameters.txt|baseline/pgfuzz/PX4/policies/PX.ORBIT6/parameters.txt|baseline/pgfuzz/PX4/policies/PX.POSITION1/parameters.txt|baseline/pgfuzz/PX4/policies/PX.RTL1/parameters.txt|baseline/pgfuzz/PX4/policies/PX.RTL2/parameters.txt|baseline/pgfuzz/PX4/policies/PX.RTL3/parameters.txt|baseline/pgfuzz/PX4/policies/PX.RTL4/parameters.txt|baseline/pgfuzz/PX4/policies/PX.RTL5/parameters.txt|baseline/pgfuzz/PX4/policies/PX.TAKEOFF1/parameters.txt|baseline/pgfuzz/PX4/policies/PX.TAKEOFF2/parameters.txt,EXACT_CURRENT_DEFINITION,PLD_FAPPR_ALT,EXACT_NAME_DEFINITION,,,baseline/px4/src/modules/navigator/precland_params.c:82,exact_definition_unique,Float,0.1,0.1,SOURCE_METADATA_LITERAL_OR_EXPRESSION,baseline/px4/src/modules/navigator/precland_params.c:82,保存参数目录解析出的字面值或未求值源码表达式；它不是运行值，宏表达式不能冒充已求值数值。,0.0,10.0,0.1,m,,confirmed_by_frozen_runtime_snapshot,observed_in_frozen_runtime_parameter_download,0.10000000149011612,px4_sitl_default sihsim_quadx internal headless SIH instance 42,PX4-M6-MC-SIHSIM-QUADX-I42-20260718,NOT_TESTED,,NOT_APPLICABLE,,参数身份和定义位置已找到；这不证明它与该性质存在真实数据依赖，也未执行写入变更测试。,NOT_ASSESSED
PX4,InputP,PLD_SRCH_ALT,21,PX.ALTITUDE1|PX.GPS.FS1|PX.GPS.FS2|PX.GPS.FS3|PX.HOLD1|PX.HOLD2|PX.LAND1|PX.ORBIT1|PX.ORBIT2|PX.ORBIT3|PX.ORBIT4|PX.ORBIT5|PX.ORBIT6|PX.POSITION1|PX.RTL1|PX.RTL2|PX.RTL3|PX.RTL4|PX.RTL5|PX.TAKEOFF1|PX.TAKEOFF2,"PLD_SRCH_ALT,X,10,0,100,0.1",baseline/pgfuzz/PX4/policies/PX.ALTITUDE1/parameters.txt|baseline/pgfuzz/PX4/policies/PX.GPS.FS1/parameters.txt|baseline/pgfuzz/PX4/policies/PX.GPS.FS2/parameters.txt|baseline/pgfuzz/PX4/policies/PX.GPS.FS3/parameters.txt|baseline/pgfuzz/PX4/policies/PX.HOLD1/parameters.txt|baseline/pgfuzz/PX4/policies/PX.HOLD2/parameters.txt|baseline/pgfuzz/PX4/policies/PX.LAND1/parameters.txt|baseline/pgfuzz/PX4/policies/PX.ORBIT1/parameters.txt|baseline/pgfuzz/PX4/policies/PX.ORBIT2/parameters.txt|baseline/pgfuzz/PX4/policies/PX.ORBIT3/parameters.txt|baseline/pgfuzz/PX4/policies/PX.ORBIT4_5/parameters.txt|baseline/pgfuzz/PX4/policies/PX.ORBIT6/parameters.txt|baseline/pgfuzz/PX4/policies/PX.POSITION1/parameters.txt|baseline/pgfuzz/PX4/policies/PX.RTL1/parameters.txt|baseline/pgfuzz/PX4/policies/PX.RTL2/parameters.txt|baseline/pgfuzz/PX4/policies/PX.RTL3/parameters.txt|baseline/pgfuzz/PX4/policies/PX.RTL4/parameters.txt|baseline/pgfuzz/PX4/policies/PX.RTL5/parameters.txt|baseline/pgfuzz/PX4/policies/PX.TAKEOFF1/parameters.txt|baseline/pgfuzz/PX4/policies/PX.TAKEOFF2/parameters.txt,EXACT_CURRENT_DEFINITION,PLD_SRCH_ALT,EXACT_NAME_DEFINITION,,,baseline/px4/src/modules/navigator/precland_params.c:96,exact_definition_unique,Float,10.0,10.0,SOURCE_METADATA_LITERAL_OR_EXPRESSION,baseline/px4/src/modules/navigator/precland_params.c:96,保存参数目录解析出的字面值或未求值源码表达式；它不是运行值，宏表达式不能冒充已求值数值。,0.0,100.0,0.1,m,,confirmed_by_frozen_runtime_snapshot,observed_in_frozen_runtime_parameter_download,10.0,px4_sitl_default sihsim_quadx internal headless SIH instance 42,PX4-M6-MC-SIHSIM-QUADX-I42-20260718,NOT_TESTED,,NOT_APPLICABLE,,参数身份和定义位置已找到；这不证明它与该性质存在真实数据依赖，也未执行写入变更测试。,NOT_ASSESSED
PX4,InputP,RTL_CONE_ANG,21,PX.ALTITUDE1|PX.GPS.FS1|PX.GPS.FS2|PX.GPS.FS3|PX.HOLD1|PX.HOLD2|PX.LAND1|PX.ORBIT1|PX.ORBIT2|PX.ORBIT3|PX.ORBIT4|PX.ORBIT5|PX.ORBIT6|PX.POSITION1|PX.RTL1|PX.RTL2|PX.RTL3|PX.RTL4|PX.RTL5|PX.TAKEOFF1|PX.TAKEOFF2,"RTL_CONE_ANG,X,45,0,90,1",baseline/pgfuzz/PX4/policies/PX.ALTITUDE1/parameters.txt|baseline/pgfuzz/PX4/policies/PX.GPS.FS1/parameters.txt|baseline/pgfuzz/PX4/policies/PX.GPS.FS2/parameters.txt|baseline/pgfuzz/PX4/policies/PX.GPS.FS3/parameters.txt|baseline/pgfuzz/PX4/policies/PX.HOLD1/parameters.txt|baseline/pgfuzz/PX4/policies/PX.HOLD2/parameters.txt|baseline/pgfuzz/PX4/policies/PX.LAND1/parameters.txt|baseline/pgfuzz/PX4/policies/PX.ORBIT1/parameters.txt|baseline/pgfuzz/PX4/policies/PX.ORBIT2/parameters.txt|baseline/pgfuzz/PX4/policies/PX.ORBIT3/parameters.txt|baseline/pgfuzz/PX4/policies/PX.ORBIT4_5/parameters.txt|baseline/pgfuzz/PX4/policies/PX.ORBIT6/parameters.txt|baseline/pgfuzz/PX4/policies/PX.POSITION1/parameters.txt|baseline/pgfuzz/PX4/policies/PX.RTL1/parameters.txt|baseline/pgfuzz/PX4/policies/PX.RTL2/parameters.txt|baseline/pgfuzz/PX4/policies/PX.RTL3/parameters.txt|baseline/pgfuzz/PX4/policies/PX.RTL4/parameters.txt|baseline/pgfuzz/PX4/policies/PX.RTL5/parameters.txt|baseline/pgfuzz/PX4/policies/PX.TAKEOFF1/parameters.txt|baseline/pgfuzz/PX4/policies/PX.TAKEOFF2/parameters.txt,EXACT_CURRENT_DEFINITION,RTL_CONE_ANG,EXACT_NAME_DEFINITION,,,baseline/px4/src/modules/navigator/rtl_params.c:137,exact_definition_unique,Int32,45,45,SOURCE_METADATA_LITERAL_OR_EXPRESSION,baseline/px4/src/modules/navigator/rtl_params.c:137,保存参数目录解析出的字面值或未求值源码表达式；它不是运行值，宏表达式不能冒充已求值数值。,0,90,,deg,,confirmed_by_frozen_runtime_snapshot,observed_in_frozen_runtime_parameter_download,45,px4_sitl_default sihsim_quadx internal headless SIH instance 42,PX4-M6-MC-SIHSIM-QUADX-I42-20260718,NOT_TESTED,,NOT_APPLICABLE,,参数身份和定义位置已找到；这不证明它与该性质存在真实数据依赖，也未执行写入变更测试。,NOT_ASSESSED
PX4,InputP,RTL_DESCEND_ALT,21,PX.ALTITUDE1|PX.GPS.FS1|PX.GPS.FS2|PX.GPS.FS3|PX.HOLD1|PX.HOLD2|PX.LAND1|PX.ORBIT1|PX.ORBIT2|PX.ORBIT3|PX.ORBIT4|PX.ORBIT5|PX.ORBIT6|PX.POSITION1|PX.RTL1|PX.RTL2|PX.RTL3|PX.RTL4|PX.RTL5|PX.TAKEOFF1|PX.TAKEOFF2,"RTL_DESCEND_ALT,X,30,2,100,0.5",baseline/pgfuzz/PX4/policies/PX.ALTITUDE1/parameters.txt|baseline/pgfuzz/PX4/policies/PX.GPS.FS1/parameters.txt|baseline/pgfuzz/PX4/policies/PX.GPS.FS2/parameters.txt|baseline/pgfuzz/PX4/policies/PX.GPS.FS3/parameters.txt|baseline/pgfuzz/PX4/policies/PX.HOLD1/parameters.txt|baseline/pgfuzz/PX4/policies/PX.HOLD2/parameters.txt|baseline/pgfuzz/PX4/policies/PX.LAND1/parameters.txt|baseline/pgfuzz/PX4/policies/PX.ORBIT1/parameters.txt|baseline/pgfuzz/PX4/policies/PX.ORBIT2/parameters.txt|baseline/pgfuzz/PX4/policies/PX.ORBIT3/parameters.txt|baseline/pgfuzz/PX4/policies/PX.ORBIT4_5/parameters.txt|baseline/pgfuzz/PX4/policies/PX.ORBIT6/parameters.txt|baseline/pgfuzz/PX4/policies/PX.POSITION1/parameters.txt|baseline/pgfuzz/PX4/policies/PX.RTL1/parameters.txt|baseline/pgfuzz/PX4/policies/PX.RTL2/parameters.txt|baseline/pgfuzz/PX4/policies/PX.RTL3/parameters.txt|baseline/pgfuzz/PX4/policies/PX.RTL4/parameters.txt|baseline/pgfuzz/PX4/policies/PX.RTL5/parameters.txt|baseline/pgfuzz/PX4/policies/PX.TAKEOFF1/parameters.txt|baseline/pgfuzz/PX4/policies/PX.TAKEOFF2/parameters.txt,EXACT_CURRENT_DEFINITION,RTL_DESCEND_ALT,EXACT_NAME_DEFINITION,,,baseline/px4/src/modules/navigator/rtl_params.c:75,exact_definition_unique,Float,30.0,30.0,SOURCE_METADATA_LITERAL_OR_EXPRESSION,baseline/px4/src/modules/navigator/rtl_params.c:75,保存参数目录解析出的字面值或未求值源码表达式；它不是运行值，宏表达式不能冒充已求值数值。,0.0,,0.5,m,,confirmed_by_frozen_runtime_snapshot,observed_in_frozen_runtime_parameter_download,10.0,px4_sitl_default sihsim_quadx internal headless SIH instance 42,PX4-M6-MC-SIHSIM-QUADX-I42-20260718,NOT_TESTED,,NOT_APPLICABLE,,参数身份和定义位置已找到；这不证明它与该性质存在真实数据依赖，也未执行写入变更测试。,NOT_ASSESSED
PX4,InputP,RTL_LOITER_RAD,21,PX.ALTITUDE1|PX.GPS.FS1|PX.GPS.FS2|PX.GPS.FS3|PX.HOLD1|PX.HOLD2|PX.LAND1|PX.ORBIT1|PX.ORBIT2|PX.ORBIT3|PX.ORBIT4|PX.ORBIT5|PX.ORBIT6|PX.POSITION1|PX.RTL1|PX.RTL2|PX.RTL3|PX.RTL4|PX.RTL5|PX.TAKEOFF1|PX.TAKEOFF2,"RTL_LOITER_RAD,X,80,25,1000,0.5",baseline/pgfuzz/PX4/policies/PX.ALTITUDE1/parameters.txt|baseline/pgfuzz/PX4/policies/PX.GPS.FS1/parameters.txt|baseline/pgfuzz/PX4/policies/PX.GPS.FS2/parameters.txt|baseline/pgfuzz/PX4/policies/PX.GPS.FS3/parameters.txt|baseline/pgfuzz/PX4/policies/PX.HOLD1/parameters.txt|baseline/pgfuzz/PX4/policies/PX.HOLD2/parameters.txt|baseline/pgfuzz/PX4/policies/PX.LAND1/parameters.txt|baseline/pgfuzz/PX4/policies/PX.ORBIT1/parameters.txt|baseline/pgfuzz/PX4/policies/PX.ORBIT2/parameters.txt|baseline/pgfuzz/PX4/policies/PX.ORBIT3/parameters.txt|baseline/pgfuzz/PX4/policies/PX.ORBIT4_5/parameters.txt|baseline/pgfuzz/PX4/policies/PX.ORBIT6/parameters.txt|baseline/pgfuzz/PX4/policies/PX.POSITION1/parameters.txt|baseline/pgfuzz/PX4/policies/PX.RTL1/parameters.txt|baseline/pgfuzz/PX4/policies/PX.RTL2/parameters.txt|baseline/pgfuzz/PX4/policies/PX.RTL3/parameters.txt|baseline/pgfuzz/PX4/policies/PX.RTL4/parameters.txt|baseline/pgfuzz/PX4/policies/PX.RTL5/parameters.txt|baseline/pgfuzz/PX4/policies/PX.TAKEOFF1/parameters.txt|baseline/pgfuzz/PX4/policies/PX.TAKEOFF2/parameters.txt,EXACT_CURRENT_DEFINITION,RTL_LOITER_RAD,EXACT_NAME_DEFINITION,,,baseline/px4/src/modules/navigator/rtl_params.c:163,exact_definition_unique,Float,80.0,80.0,SOURCE_METADATA_LITERAL_OR_EXPRESSION,baseline/px4/src/modules/navigator/rtl_params.c:163,保存参数目录解析出的字面值或未求值源码表达式；它不是运行值，宏表达式不能冒充已求值数值。,25.0,,0.5,m,,confirmed_by_frozen_runtime_snapshot,observed_in_frozen_runtime_parameter_download,80.0,px4_sitl_default sihsim_quadx internal headless SIH instance 42,PX4-M6-MC-SIHSIM-QUADX-I42-20260718,NOT_TESTED,,NOT_APPLICABLE,,参数身份和定义位置已找到；这不证明它与该性质存在真实数据依赖，也未执行写入变更测试。,NOT_ASSESSED
PX4,InputP,RTL_MIN_DIST,21,PX.ALTITUDE1|PX.GPS.FS1|PX.GPS.FS2|PX.GPS.FS3|PX.HOLD1|PX.HOLD2|PX.LAND1|PX.ORBIT1|PX.ORBIT2|PX.ORBIT3|PX.ORBIT4|PX.ORBIT5|PX.ORBIT6|PX.POSITION1|PX.RTL1|PX.RTL2|PX.RTL3|PX.RTL4|PX.RTL5|PX.TAKEOFF1|PX.TAKEOFF2,"RTL_MIN_DIST,X,10,0.5,100,0.5",baseline/pgfuzz/PX4/policies/PX.ALTITUDE1/parameters.txt|baseline/pgfuzz/PX4/policies/PX.GPS.FS1/parameters.txt|baseline/pgfuzz/PX4/policies/PX.GPS.FS2/parameters.txt|baseline/pgfuzz/PX4/policies/PX.GPS.FS3/parameters.txt|baseline/pgfuzz/PX4/policies/PX.HOLD1/parameters.txt|baseline/pgfuzz/PX4/policies/PX.HOLD2/parameters.txt|baseline/pgfuzz/PX4/policies/PX.LAND1/parameters.txt|baseline/pgfuzz/PX4/policies/PX.ORBIT1/parameters.txt|baseline/pgfuzz/PX4/policies/PX.ORBIT2/parameters.txt|baseline/pgfuzz/PX4/policies/PX.ORBIT3/parameters.txt|baseline/pgfuzz/PX4/policies/PX.ORBIT4_5/parameters.txt|baseline/pgfuzz/PX4/policies/PX.ORBIT6/parameters.txt|baseline/pgfuzz/PX4/policies/PX.POSITION1/parameters.txt|baseline/pgfuzz/PX4/policies/PX.RTL1/parameters.txt|baseline/pgfuzz/PX4/policies/PX.RTL2/parameters.txt|baseline/pgfuzz/PX4/policies/PX.RTL3/parameters.txt|baseline/pgfuzz/PX4/policies/PX.RTL4/parameters.txt|baseline/pgfuzz/PX4/policies/PX.RTL5/parameters.txt|baseline/pgfuzz/PX4/policies/PX.TAKEOFF1/parameters.txt|baseline/pgfuzz/PX4/policies/PX.TAKEOFF2/parameters.txt,EXACT_CURRENT_DEFINITION,RTL_MIN_DIST,EXACT_NAME_DEFINITION,,,baseline/px4/src/modules/navigator/rtl_params.c:104,exact_definition_unique,Float,10.0,10.0,SOURCE_METADATA_LITERAL_OR_EXPRESSION,baseline/px4/src/modules/navigator/rtl_params.c:104,保存参数目录解析出的字面值或未求值源码表达式；它不是运行值，宏表达式不能冒充已求值数值。,0.5,,0.5,m,,confirmed_by_frozen_runtime_snapshot,observed_in_frozen_runtime_parameter_download,10.0,px4_sitl_default sihsim_quadx internal headless SIH instance 42,PX4-M6-MC-SIHSIM-QUADX-I42-20260718,NOT_TESTED,,NOT_APPLICABLE,,参数身份和定义位置已找到；这不证明它与该性质存在真实数据依赖，也未执行写入变更测试。,NOT_ASSESSED
PX4,InputP,RTL_RETURN_ALT,21,PX.ALTITUDE1|PX.GPS.FS1|PX.GPS.FS2|PX.GPS.FS3|PX.HOLD1|PX.HOLD2|PX.LAND1|PX.ORBIT1|PX.ORBIT2|PX.ORBIT3|PX.ORBIT4|PX.ORBIT5|PX.ORBIT6|PX.POSITION1|PX.RTL1|PX.RTL2|PX.RTL3|PX.RTL4|PX.RTL5|PX.TAKEOFF1|PX.TAKEOFF2,"RTL_RETURN_ALT,X,60,0,150,0.5",baseline/pgfuzz/PX4/policies/PX.ALTITUDE1/parameters.txt|baseline/pgfuzz/PX4/policies/PX.GPS.FS1/parameters.txt|baseline/pgfuzz/PX4/policies/PX.GPS.FS2/parameters.txt|baseline/pgfuzz/PX4/policies/PX.GPS.FS3/parameters.txt|baseline/pgfuzz/PX4/policies/PX.HOLD1/parameters.txt|baseline/pgfuzz/PX4/policies/PX.HOLD2/parameters.txt|baseline/pgfuzz/PX4/policies/PX.LAND1/parameters.txt|baseline/pgfuzz/PX4/policies/PX.ORBIT1/parameters.txt|baseline/pgfuzz/PX4/policies/PX.ORBIT2/parameters.txt|baseline/pgfuzz/PX4/policies/PX.ORBIT3/parameters.txt|baseline/pgfuzz/PX4/policies/PX.ORBIT4_5/parameters.txt|baseline/pgfuzz/PX4/policies/PX.ORBIT6/parameters.txt|baseline/pgfuzz/PX4/policies/PX.POSITION1/parameters.txt|baseline/pgfuzz/PX4/policies/PX.RTL1/parameters.txt|baseline/pgfuzz/PX4/policies/PX.RTL2/parameters.txt|baseline/pgfuzz/PX4/policies/PX.RTL3/parameters.txt|baseline/pgfuzz/PX4/policies/PX.RTL4/parameters.txt|baseline/pgfuzz/PX4/policies/PX.RTL5/parameters.txt|baseline/pgfuzz/PX4/policies/PX.TAKEOFF1/parameters.txt|baseline/pgfuzz/PX4/policies/PX.TAKEOFF2/parameters.txt,EXACT_CURRENT_DEFINITION,RTL_RETURN_ALT,EXACT_NAME_DEFINITION,,,baseline/px4/src/modules/navigator/rtl_params.c:59,exact_definition_unique,Float,60.0,60.0,SOURCE_METADATA_LITERAL_OR_EXPRESSION,baseline/px4/src/modules/navigator/rtl_params.c:59,保存参数目录解析出的字面值或未求值源码表达式；它不是运行值，宏表达式不能冒充已求值数值。,0.0,,0.5,m,,confirmed_by_frozen_runtime_snapshot,observed_in_frozen_runtime_parameter_download,30.0,px4_sitl_default sihsim_quadx internal headless SIH instance 42,PX4-M6-MC-SIHSIM-QUADX-I42-20260718,NOT_TESTED,,NOT_APPLICABLE,,参数身份和定义位置已找到；这不证明它与该性质存在真实数据依赖，也未执行写入变更测试。,NOT_ASSESSED
