binding_id,system,term,binding_role,candidate_group,selection_note_zh,binding_kind,symbol,source_path,source_line,source_end_line,function_context,data_type,unit_coordinate,truth_condition_zh,validity_freshness_zh,confidence,confidence_reason_zh,mavlink_observability,mavlink_message_fields,observation_conversion_zh,observation_limit_zh,current_parameter_name,historical_current_relation,version_note_zh,implementation_satisfaction
ARD-TB-001,ArduPilot,Mode_t,PRIMARY_VALUE,Mode_t:primary,该行是其候选组的核心真值实体；只有该组被性质选择时才参与判真。,STATE_FIELD,Copter::flightmode->mode_number(),baseline/ardupilot/ArduCopter/Copter.h,388,388,,Mode::Number (uint8_t enum),,读取当前 flightmode 指针指向模式的 mode_number()。,按 HEARTBEAT 产生时间或内部主循环采样时间读取；模式切换确认应使用切换后的状态。,EXACT,当前模式字段及 Mode::Number 枚举有直接源码定义。,DIRECT,HEARTBEAT.custom_mode,ArduCopter 直接把 Mode::Number 数值写入 custom_mode。,消息到达时间不是模式实际切换时刻；应保存飞控发送时间序列和接收时间。,,NOT_APPLICABLE,,NOT_ASSESSED
ARD-TB-002,ArduPilot,Mode_t,SUPPORTING_EVIDENCE,Mode_t:primary,该行只说明形成、消费、关联或发送路径，不会单独改善主值的可观测性。,MAVLINK_ENCODER,GCS_Copter::custom_mode(),baseline/ardupilot/ArduCopter/GCS_MAVLink_Copter.cpp,62,62,GCS_Copter::custom_mode() const,uint32_t,,返回当前 flightmode->mode_number() 的整数编码。,,EXACT,编码函数直接读取当前模式。,DIRECT,HEARTBEAT.custom_mode,把 custom_mode 与当前 Mode::Number 枚举值比较。,,,NOT_APPLICABLE,,NOT_ASSESSED
ARD-TB-003,ArduPilot,ACRO,PRIMARY_VALUE,ACRO:primary,该行是其候选组的核心真值实体；只有该组被性质选择时才参与判真。,ENUM_CONSTANT,Mode::Number::ACRO,baseline/ardupilot/ArduCopter/mode.h,79,79,,uint8_t enum,,Mode_t == Mode::Number::ACRO。,,EXACT,当前 Copter 模式枚举有直接定义。,DIRECT,HEARTBEAT.custom_mode,把消息值与该枚举整数比较。,,,NOT_APPLICABLE,,NOT_ASSESSED
ARD-TB-004,ArduPilot,ALT_HOLD,PRIMARY_VALUE,ALT_HOLD:primary,该行是其候选组的核心真值实体；只有该组被性质选择时才参与判真。,ENUM_CONSTANT,Mode::Number::ALT_HOLD,baseline/ardupilot/ArduCopter/mode.h,80,80,,uint8_t enum,,Mode_t == Mode::Number::ALT_HOLD。,,EXACT,当前 Copter 模式枚举有直接定义。,DIRECT,HEARTBEAT.custom_mode,把消息值与该枚举整数比较。,,,NOT_APPLICABLE,,NOT_ASSESSED
ARD-TB-005,ArduPilot,AUTO,PRIMARY_VALUE,AUTO:primary,该行是其候选组的核心真值实体；只有该组被性质选择时才参与判真。,ENUM_CONSTANT,Mode::Number::AUTO,baseline/ardupilot/ArduCopter/mode.h,81,81,,uint8_t enum,,Mode_t == Mode::Number::AUTO。,,EXACT,当前 Copter 模式枚举有直接定义。,DIRECT,HEARTBEAT.custom_mode,把消息值与该枚举整数比较。,,,NOT_APPLICABLE,,NOT_ASSESSED
ARD-TB-006,ArduPilot,GUIDED,PRIMARY_VALUE,GUIDED:primary,该行是其候选组的核心真值实体；只有该组被性质选择时才参与判真。,ENUM_CONSTANT,Mode::Number::GUIDED,baseline/ardupilot/ArduCopter/mode.h,82,82,,uint8_t enum,,Mode_t == Mode::Number::GUIDED。,,EXACT,当前 Copter 模式枚举有直接定义。,DIRECT,HEARTBEAT.custom_mode,把消息值与该枚举整数比较。,,,NOT_APPLICABLE,,NOT_ASSESSED
ARD-TB-007,ArduPilot,LOITER,PRIMARY_VALUE,LOITER:primary,该行是其候选组的核心真值实体；只有该组被性质选择时才参与判真。,ENUM_CONSTANT,Mode::Number::LOITER,baseline/ardupilot/ArduCopter/mode.h,83,83,,uint8_t enum,,Mode_t == Mode::Number::LOITER。,,EXACT,当前 Copter 模式枚举有直接定义。,DIRECT,HEARTBEAT.custom_mode,把消息值与该枚举整数比较。,,,NOT_APPLICABLE,,NOT_ASSESSED
ARD-TB-008,ArduPilot,RTL,PRIMARY_VALUE,RTL:primary,该行是其候选组的核心真值实体；只有该组被性质选择时才参与判真。,ENUM_CONSTANT,Mode::Number::RTL,baseline/ardupilot/ArduCopter/mode.h,84,84,,uint8_t enum,,Mode_t == Mode::Number::RTL。,,EXACT,当前 Copter 模式枚举有直接定义。,DIRECT,HEARTBEAT.custom_mode,把消息值与该枚举整数比较。,,,NOT_APPLICABLE,,NOT_ASSESSED
ARD-TB-009,ArduPilot,CIRCLE,PRIMARY_VALUE,CIRCLE:primary,该行是其候选组的核心真值实体；只有该组被性质选择时才参与判真。,ENUM_CONSTANT,Mode::Number::CIRCLE,baseline/ardupilot/ArduCopter/mode.h,85,85,,uint8_t enum,,Mode_t == Mode::Number::CIRCLE。,,EXACT,当前 Copter 模式枚举有直接定义。,DIRECT,HEARTBEAT.custom_mode,把消息值与该枚举整数比较。,,,NOT_APPLICABLE,,NOT_ASSESSED
ARD-TB-010,ArduPilot,LAND,PRIMARY_VALUE,LAND:primary,该行是其候选组的核心真值实体；只有该组被性质选择时才参与判真。,ENUM_CONSTANT,Mode::Number::LAND,baseline/ardupilot/ArduCopter/mode.h,86,86,,uint8_t enum,,Mode_t == Mode::Number::LAND。,,EXACT,当前 Copter 模式枚举有直接定义。,DIRECT,HEARTBEAT.custom_mode,把消息值与该枚举整数比较。,,,NOT_APPLICABLE,,NOT_ASSESSED
ARD-TB-011,ArduPilot,DRIFT,PRIMARY_VALUE,DRIFT:primary,该行是其候选组的核心真值实体；只有该组被性质选择时才参与判真。,ENUM_CONSTANT,Mode::Number::DRIFT,baseline/ardupilot/ArduCopter/mode.h,87,87,,uint8_t enum,,Mode_t == Mode::Number::DRIFT。,,EXACT,当前 Copter 模式枚举有直接定义。,DIRECT,HEARTBEAT.custom_mode,把消息值与该枚举整数比较。,,,NOT_APPLICABLE,,NOT_ASSESSED
ARD-TB-012,ArduPilot,SPORT,PRIMARY_VALUE,SPORT:primary,该行是其候选组的核心真值实体；只有该组被性质选择时才参与判真。,ENUM_CONSTANT,Mode::Number::SPORT,baseline/ardupilot/ArduCopter/mode.h,88,88,,uint8_t enum,,Mode_t == Mode::Number::SPORT。,,EXACT,当前 Copter 模式枚举有直接定义。,DIRECT,HEARTBEAT.custom_mode,把消息值与该枚举整数比较。,,,NOT_APPLICABLE,,NOT_ASSESSED
ARD-TB-013,ArduPilot,FLIP,PRIMARY_VALUE,FLIP:primary,该行是其候选组的核心真值实体；只有该组被性质选择时才参与判真。,ENUM_CONSTANT,Mode::Number::FLIP,baseline/ardupilot/ArduCopter/mode.h,89,89,,uint8_t enum,,Mode_t == Mode::Number::FLIP。,,EXACT,当前 Copter 模式枚举有直接定义。,DIRECT,HEARTBEAT.custom_mode,把消息值与该枚举整数比较。,,,NOT_APPLICABLE,,NOT_ASSESSED
ARD-TB-014,ArduPilot,BRAKE,PRIMARY_VALUE,BRAKE:primary,该行是其候选组的核心真值实体；只有该组被性质选择时才参与判真。,ENUM_CONSTANT,Mode::Number::BRAKE,baseline/ardupilot/ArduCopter/mode.h,92,92,,uint8_t enum,,Mode_t == Mode::Number::BRAKE。,,EXACT,当前 Copter 模式枚举有直接定义。,DIRECT,HEARTBEAT.custom_mode,把消息值与该枚举整数比较。,,,NOT_APPLICABLE,,NOT_ASSESSED
ARD-TB-015,ArduPilot,Mode_t-1,PRIMARY_VALUE,Mode_t-1:primary,该行是其候选组的核心真值实体；只有该组被性质选择时才参与判真。,TRACE_PREVIOUS_SAMPLE,previous_accepted(Copter::flightmode->mode_number()),baseline/ardupilot/ArduCopter/Copter.h,388,388,,Mode::Number,枚举,取同一数据源、同一坐标系的前一个已接受有效样本。,只接受同一 sysid/compid 的有序心跳；模式切换期间保留发送/到达时间。,MODELLED,源码中不存在独立的 t-1 变量；必须由监视器保存历史。,DERIVED,HEARTBEAT.custom_mode,按发送端时间排序后保存前一有效样本；t-1 不是一秒前。,采样周期、丢包、重排和估计器重置会改变相邻样本语义。,,NOT_APPLICABLE,,NOT_ASSESSED
ARD-TB-016,ArduPilot,ALT_t,PRIMARY_VALUE,ALT_t:primary,该行是其候选组的核心真值实体；只有该组被性质选择时才参与判真。,STATE_FIELD,Copter::current_loc.alt,baseline/ardupilot/ArduCopter/Copter.h,469,469,Copter::read_inertia(),Location altitude (int32 centimetres internally),m above Home after conversion,使用 current_loc 的 ABOVE_HOME 高度并换算为米。,要求 AHRS 高度估计有效、Home/原点转换成功且样本新鲜。,MODELLED,当前字段明确，但论文 ALT 未统一规定坐标基准。,CONDITIONAL,"GLOBAL_POSITION_INT.relative_alt,time_boot_ms",relative_alt 从毫米除以 1000 得到米。,GLOBAL_POSITION_INT 不携带完整估计器有效性与重置计数。,,NOT_APPLICABLE,,NOT_ASSESSED
ARD-TB-017,ArduPilot,ALT_t,SUPPORTING_EVIDENCE,ALT_t:primary,该行只说明形成、消费、关联或发送路径，不会单独改善主值的可观测性。,SELECTION_GUARD,Copter::read_inertia() -> change_alt_frame(ABOVE_HOME) with ABOVE_HOME fallback,baseline/ardupilot/ArduCopter/inertia.cpp,37,37,Copter::read_inertia(),Location altitude-frame conversion,m above Home after origin-to-Home conversion or explicit fallback,第 27 行先写 ABOVE_ORIGIN；第 37--39 行再转换为 ABOVE_HOME，转换失败或尚无 Home 时显式回写 ABOVE_HOME。,get_relative_position_D_origin_float() 必须成功；还要记录 Home 是否已设置以及转换/回退分支。,EXACT,锚点位于 Home 帧转换与回退分支起点；没有把第 27 行的 ABOVE_ORIGIN 误写为 ABOVE_HOME。,CONDITIONAL,GLOBAL_POSITION_INT.relative_alt,,,,NOT_APPLICABLE,,NOT_ASSESSED
ARD-TB-018,ArduPilot,ALT_t-1,PRIMARY_VALUE,ALT_t-1:primary,该行是其候选组的核心真值实体；只有该组被性质选择时才参与判真。,TRACE_PREVIOUS_SAMPLE,previous_accepted(Copter::current_loc.alt),baseline/ardupilot/ArduCopter/Copter.h,469,469,,float after conversion,m above same reference,取同一数据源、同一坐标系的前一个已接受有效样本。,前后样本必须采用相同 Home/原点和缩放；拒绝跨 Home 重设或时间倒序。,MODELLED,源码中不存在独立的 t-1 变量；必须由监视器保存历史。,DERIVED,"GLOBAL_POSITION_INT.relative_alt,time_boot_ms",按发送端时间排序后保存前一有效样本；t-1 不是一秒前。,采样周期、丢包、重排和估计器重置会改变相邻样本语义。,,NOT_APPLICABLE,,NOT_ASSESSED
ARD-TB-019,ArduPilot,ALT_Baro,PRIMARY_VALUE,ALT_Baro:primary,该行是其候选组的核心真值实体；只有该组被性质选择时才参与判真。,STATE_FIELD,Copter::baro_alt_m,baseline/ardupilot/ArduCopter/Copter.h,461,461,Copter::read_barometer(),float,m above barometer reference/Home-oriented offset,读取 barometer.get_altitude() 更新后的 baro_alt_m。,同时要求 AP_Baro::healthy() 且本周期已更新。,MODELLED,字段明确，但其参考面不保证与融合 ALT_t 完全相同。,INSTRUMENTATION_REQUIRED,,,标准位置消息发送融合高度，不直接发送这个原始/前端气压计高度字段。,,NOT_APPLICABLE,,NOT_ASSESSED
ARD-TB-020,ArduPilot,ALT_Baro,SUPPORTING_EVIDENCE,ALT_Baro:primary,该行只说明形成、消费、关联或发送路径，不会单独改善主值的可观测性。,ASSIGNMENT,Copter::baro_alt_m = AP_Baro::get_altitude(),baseline/ardupilot/ArduCopter/sensors.cpp,8,8,Copter::read_barometer(),float,m above barometer reference/Home-oriented offset,每次读取气压计后，把 AP_Baro::get_altitude() 的结果写入 baro_alt_m。,必须与气压计更新周期和 healthy() 结果一起解释。,EXACT,当前赋值语句直接连接函数返回值与状态字段；高度基准仍由另一行建模说明。,INSTRUMENTATION_REQUIRED,,,标准 MAVLink 不直接发送 baro_alt_m。,,NOT_APPLICABLE,,NOT_ASSESSED
ARD-TB-021,ArduPilot,ALT_GPS,PRIMARY_VALUE,ALT_GPS:primary,该行是其候选组的核心真值实体；只有该组被性质选择时才参与判真。,FUNCTION_RETURN,AP_GPS::location().alt,baseline/ardupilot/libraries/AP_GPS/AP_GPS.h,328,328,,Location altitude (int32 centimetres),GPS Location altitude frame,读取主 GPS 最近定位的 Location.alt。,要求 GPS fix、时间戳和位置字段有效；必须统一到 ALT_t 的高度基准。,MODELLED,GPS 高度字段存在，但论文没有定义与融合高度的基准转换。,CONDITIONAL,"GPS_RAW_INT.alt,time_usec,fix_type",GPS_RAW_INT.alt 从毫米换算为米，并检查 fix_type。,AP_GPS::location() 读取动态主实例，但 GPS_RAW_INT 当前发送实例 0；单 GPS 或主实例为 0 时才直接对应。,,NOT_APPLICABLE,,NOT_ASSESSED
ARD-TB-022,ArduPilot,ALT_src,PRIMARY_VALUE,ALT_src:runtime_active,该行是其候选组的核心真值实体；只有该组被性质选择时才参与判真。,STATE_FIELD,AP_NavEKF3_core::activeHgtSource,baseline/ardupilot/libraries/AP_NavEKF3/AP_NavEKF3_core.h,1481,1481,,AP_NavEKF_Source::SourceZ enum,,读取当前 EKF3 核实际生效的高度源。,必须知道当前活动 EKF 核；参数配置源不等于运行时实际源。,MODELLED,运行字段明确，但当前活动估计器和多核选择需要上下文。,INSTRUMENTATION_REQUIRED,,,标准 MAVLink 没有直接发布 activeHgtSource。,,NOT_APPLICABLE,,NOT_ASSESSED
ARD-TB-023,ArduPilot,ALT_src,SUPPORTING_EVIDENCE,ALT_src:runtime_active,该行只说明形成、消费、关联或发送路径，不会单独改善主值的可观测性。,FUNCTION_RETURN,AP_NavEKF_Source::getActiveSourceSet(core_index),baseline/ardupilot/libraries/AP_NavEKF/AP_NavEKF_Source.h,66,68,AP_NavEKF_Source::getActiveSourceSet(uint8_t) const,uint8_t source-set index,0..2 selecting EK3 source set 1..3,根据当前 EKF 核索引读取正在使用的源集编号。,必须与同一 core_index 的 getPosZSource() 和 activeHgtSource 配对。,EXACT,当前内联访问器直接返回每个核的活动源集。,INSTRUMENTATION_REQUIRED,,,标准 MAVLink 不发布每个 EKF 核的活动源集。,,NOT_APPLICABLE,,NOT_ASSESSED
ARD-TB-024,ArduPilot,ALT_src,SUPPORTING_EVIDENCE,ALT_src:runtime_active,该行只说明形成、消费、关联或发送路径，不会单独改善主值的可观测性。,FUNCTION_RETURN,AP_NavEKF_Source::getPosZSource(core_index),baseline/ardupilot/libraries/AP_NavEKF/AP_NavEKF_Source.cpp,239,247,AP_NavEKF_Source::getPosZSource(uint8_t) const,SourceZ enum,,从活动源集读取垂直位置配置，并在没有气压计实例时把 BARO 配置退化为 NONE。,返回的是活动源集的配置选择；selectHeightForFusion() 仍可能按新鲜度和回退规则形成实际 activeHgtSource。,EXACT,活动源集到垂直位置配置的访问路径直接可证。,INSTRUMENTATION_REQUIRED,,,,,NOT_APPLICABLE,,NOT_ASSESSED
ARD-TB-025,ArduPilot,ALT_src,ALTERNATIVE_SEMANTICS,ALT_src:configured_source_set_1,配置源只是实际源的候选，不能替代 activeHgtSource。,PARAMETER_DEFINITION,AP_NavEKF_Source::_source_set[0].posz / EK3_SRC1_POSZ,baseline/ardupilot/libraries/AP_NavEKF/AP_NavEKF_Source.cpp,46,46,,AP_Int8 / SourceZ enum,"0:none, 1:barometer, 2:rangefinder, 3:GPS, 4:beacon, 6:external navigation",读取第一个 EKF3 源集配置的垂直位置源。,配置选择不等于当前运行核实际采用源；要与 activeHgtSource 联合解释。,MODELLED,配置参数身份和枚举直接可证，但论文 ALT_src 未区分配置源与实际源。,DIRECT,"PARAM_VALUE.param_id=EK3_SRC1_POSZ,param_value",按 SourceZ 枚举解码参数值。,参数可读只证明配置，不证明实际生效的高度源。,EK3_SRC1_POSZ,NOT_APPLICABLE,,NOT_ASSESSED
ARD-TB-026,ArduPilot,ALT_src,ALTERNATIVE_SEMANTICS,ALT_src:configured_source_sets_2_3,该行属于互斥替代解释；只有人工切换到本候选组后才参与判真。,PARAMETER_DEFINITION,AP_NavEKF_Source::_source_set[1].posz / EK3_SRC2_POSZ,baseline/ardupilot/libraries/AP_NavEKF/AP_NavEKF_Source.cpp,82,82,,AP_Int8 / SourceZ enum,,读取第 2 个 EKF3 源集配置的垂直位置源。,只有当该源集被选为 active source set 时才是配置候选；仍不等于 activeHgtSource。,MODELLED,当前配置定义可证，但它不是实际高度融合源。,DIRECT,"PARAM_VALUE.param_id=EK3_SRC2_POSZ,param_value",,只证明配置值。,EK3_SRC2_POSZ,NOT_APPLICABLE,,NOT_ASSESSED
ARD-TB-027,ArduPilot,ALT_src,ALTERNATIVE_SEMANTICS,ALT_src:configured_source_sets_2_3,该行属于互斥替代解释；只有人工切换到本候选组后才参与判真。,PARAMETER_DEFINITION,AP_NavEKF_Source::_source_set[2].posz / EK3_SRC3_POSZ,baseline/ardupilot/libraries/AP_NavEKF/AP_NavEKF_Source.cpp,119,119,,AP_Int8 / SourceZ enum,,读取第 3 个 EKF3 源集配置的垂直位置源。,只有当该源集被选为 active source set 时才是配置候选；仍不等于 activeHgtSource。,MODELLED,当前配置定义可证，但它不是实际高度融合源。,DIRECT,"PARAM_VALUE.param_id=EK3_SRC3_POSZ,param_value",,只证明配置值。,EK3_SRC3_POSZ,NOT_APPLICABLE,,NOT_ASSESSED
ARD-TB-028,ArduPilot,ALT_src,SUPPORTING_EVIDENCE,ALT_src:runtime_active,该行只说明形成、消费、关联或发送路径，不会单独改善主值的可观测性。,SELECTION_GUARD,NavEKF3_core::selectHeightForFusion() -> activeHgtSource,baseline/ardupilot/libraries/AP_NavEKF3/AP_NavEKF3_PosVelFusion.cpp,1268,1268,NavEKF3_core::selectHeightForFusion(),SourceZ selection and fallback assignments,,根据当前源集、传感器新鲜度和有效性选择 activeHgtSource，失效时可回退到 BARO。,需要同时保留 core_index、源集和 500 ms 新鲜度分支；500 ms 是当前实现条件，不是论文规范时限。,MODELLED,它证明运行时实际源的形成路径，不用于从控制流反推新性质。,INSTRUMENTATION_REQUIRED,,,,,NOT_APPLICABLE,,NOT_ASSESSED
ARD-TB-029,ArduPilot,Baro,PRIMARY_VALUE,Baro:health,该行是其候选组的核心真值实体；只有该组被性质选择时才参与判真。,FUNCTION_RETURN,AP_Baro::healthy(),baseline/ardupilot/libraries/AP_Baro/AP_Baro.h,58,58,,bool,,若把 Baro=on 解释为主气压计健康，则 healthy()==true。,该解释不等于气压计被 EKF 选为高度源。,MODELLED,论文没有说明 on 是健康、启用、存在数据还是被选中。,CONDITIONAL,SYS_STATUS.onboard_control_sensors_health,,健康位是汇总状态，无法证明当前高度源为气压计。,,NOT_APPLICABLE,,NOT_ASSESSED
ARD-TB-030,ArduPilot,Baro,SUPPORTING_EVIDENCE,Baro:health,该行只说明形成、消费、关联或发送路径，不会单独改善主值的可观测性。,MAVLINK_SENDER,SYS_STATUS pressure health uses AP_Baro::all_healthy(),baseline/ardupilot/libraries/GCS_MAVLink/GCS.cpp,491,491,GCS::update_sensor_status_flags(),aggregated sensor-health bit,,SYS_STATUS 的绝对压力健康位只有在所有气压计实例健康时置位。,主值 AP_Baro::healthy() 只检查主实例；所有实例健康与主实例健康不是同一个布尔条件。,EXACT,发送端明确调用 all_healthy()，因此只能作为主健康值的有条件外部代理。,CONDITIONAL,SYS_STATUS.onboard_control_sensors_health,,该位不能精确等价于 AP_Baro::healthy()，也不能证明气压计被选为高度源。,,NOT_APPLICABLE,,NOT_ASSESSED
ARD-TB-031,ArduPilot,Baro,ALTERNATIVE_SEMANTICS,Baro:source_enum,该行属于互斥替代解释；只有人工切换到本候选组后才参与判真。,ENUM_CONSTANT,AP_NavEKF_Source::SourceZ::BARO,baseline/ardupilot/libraries/AP_NavEKF/AP_NavEKF_Source.h,30,30,,SourceZ enum,,若把 Baro=on 解释为当前高度源，则 activeHgtSource==BARO。,,MODELLED,这是另一种合理解释，不能与传感器健康混为一谈。,INSTRUMENTATION_REQUIRED,,,,,NOT_APPLICABLE,,NOT_ASSESSED
ARD-TB-032,ArduPilot,Baro,SUPPORTING_EVIDENCE,Baro:source_enum,该行只说明形成、消费、关联或发送路径，不会单独改善主值的可观测性。,ASSIGNMENT,activeHgtSource = AP_NavEKF_Source::SourceZ::BARO,baseline/ardupilot/libraries/AP_NavEKF3/AP_NavEKF3_PosVelFusion.cpp,1315,1315,NavEKF3_core::selectHeightForFusion(),SourceZ assignment,,配置源为 BARO 或其他高度源失效回退时，运行字段可被赋为 BARO。,要区分直接选择分支与 fallback_to_baro 分支。,MODELLED,是枚举在运行选择函数中的形成证据，不代表传感器健康命题。,INSTRUMENTATION_REQUIRED,,,,,NOT_APPLICABLE,,NOT_ASSESSED
ARD-TB-033,ArduPilot,Pos_t,PRIMARY_VALUE,Pos_t:primary,该行是其候选组的核心真值实体；只有该组被性质选择时才参与判真。,STATE_FIELD,"Copter::current_loc.lat,current_loc.lng",baseline/ardupilot/ArduCopter/Copter.h,469,469,,int32 latitude/longitude,"degrees scaled by 1e7, WGS84",当前位置由 current_loc 的纬度和经度组成。,要求 position_ok() 且 AHRS 位置样本新鲜；相等判断必须给距离容差。,MODELLED,位置字段明确，但论文严格相等未给坐标容差。,CONDITIONAL,"GLOBAL_POSITION_INT.lat,lon,time_boot_ms",lat/lon 按 1e7 缩放恢复为度，比较时计算地表距离。,发送器忽略 get_location() 失败返回值并可能发送旧位置；消息不携带 position_ok() 或估计器重置状态。,,NOT_APPLICABLE,,NOT_ASSESSED
ARD-TB-034,ArduPilot,Pos_t-1,PRIMARY_VALUE,Pos_t-1:primary,该行是其候选组的核心真值实体；只有该组被性质选择时才参与判真。,TRACE_PREVIOUS_SAMPLE,"previous_accepted(Copter::current_loc.lat,lng)",baseline/ardupilot/ArduCopter/Copter.h,469,469,,position tuple,WGS84 degrees or derived metres,取同一数据源、同一坐标系的前一个已接受有效样本。,只比较同一坐标定义的连续有效样本；严格整数相等不能替代物理静止容差。,MODELLED,源码中不存在独立的 t-1 变量；必须由监视器保存历史。,DERIVED,"GLOBAL_POSITION_INT.lat,lon,time_boot_ms",按发送端时间排序后保存前一有效样本；t-1 不是一秒前。,采样周期、丢包、重排和估计器重置会改变相邻样本语义。,,NOT_APPLICABLE,,NOT_ASSESSED
ARD-TB-035,ArduPilot,home_position,PRIMARY_VALUE,home_position:home,该行是其候选组的核心真值实体；只有该组被性质选择时才参与判真。,FUNCTION_RETURN,AP_AHRS::get_home(),baseline/ardupilot/libraries/AP_AHRS/AP_AHRS.h,600,600,,const Location&,WGS84 lat/lon and Location altitude,Home 已设置时读取 AHRS 保存的 Home Location。,要求 home_is_set()；当前 RTL 目的地也可能是 rally point，不能自动把 return target 等同于 Home。,EXACT,Home 字段身份和发送函数有直接源码证据。,DIRECT,"HOME_POSITION.latitude,longitude,altitude,time_usec",纬经度除以 1e7，高度毫米除以 1000。,Home 是参考点，不保证是当前 RTL 选择的最终 return_target。,,NOT_APPLICABLE,,NOT_ASSESSED
ARD-TB-036,ArduPilot,home_position,SUPPORTING_EVIDENCE,home_position:home,该行只说明形成、消费、关联或发送路径，不会单独改善主值的可观测性。,STATE_FIELD,"AP_AHRS::_home, AP_AHRS::_home_is_set",baseline/ardupilot/libraries/AP_AHRS/AP_AHRS.h,857,857,AP_AHRS::get_home(); AP_AHRS::home_is_set(),Location plus bool,absolute Location frame after set_home conversion,只有 _home_is_set==true 时 _home 才是有效 Home。,Home 可被重设；比较轨迹时要保留设定事件和当前值。,EXACT,底层存储字段和有效位直接定义。,DIRECT,"HOME_POSITION.latitude,longitude,altitude,time_usec",,HOME_POSITION.time_usec 是消息发送时间，不是 Home 设定时间。,,NOT_APPLICABLE,,NOT_ASSESSED
ARD-TB-037,ArduPilot,home_position,SUPPORTING_EVIDENCE,home_position:home,该行只说明形成、消费、关联或发送路径，不会单独改善主值的可观测性。,ASSIGNMENT,AP_AHRS::set_home(): _home = tmp; _home_is_set = true,baseline/ardupilot/libraries/AP_AHRS/AP_AHRS.cpp,2027,2027,AP_AHRS::set_home(const Location&),Location assignment and validity latch,,输入位置校验并转成 ABSOLUTE 高度帧后写入 Home，再置有效位。,set_home() 失败时不得更新监视器中的 Home。,EXACT,当前赋值和帧转换路径直接可证。,CONDITIONAL,HOME_POSITION 更新序列,,外部仅能由值变化推断重设，没有精确设定时刻字段。,,NOT_APPLICABLE,,NOT_ASSESSED
ARD-TB-038,ArduPilot,home_position,SUPPORTING_EVIDENCE,home_position:home,该行只说明形成、消费、关联或发送路径，不会单独改善主值的可观测性。,MAVLINK_SENDER,GCS_MAVLINK::send_home_position(),baseline/ardupilot/libraries/GCS_MAVLink/GCS_Common.cpp,3107,3107,GCS_MAVLINK::send_home_position(),HOME_POSITION encoder,,home_is_set() 为真时发送 get_home() 的经纬度、高度和局部向量。,发送时间与 Home 设定时间分开保存。,EXACT,当前 MAVLink 编码函数直接读取 Home。,DIRECT,"HOME_POSITION.latitude,longitude,altitude,x,y,z,time_usec",,,,NOT_APPLICABLE,,NOT_ASSESSED
ARD-TB-039,ArduPilot,home_position,ALTERNATIVE_SEMANTICS,home_position:rtl_return_target,该行属于互斥替代解释；只有人工切换到本候选组后才参与判真。,STATE_FIELD,ModeRTL::rtl_path.return_target,baseline/ardupilot/ArduCopter/mode.h,1609,1609,ModeRTL::compute_return_target(),Location,WGS84 position with explicit Location altitude frame,若公式中 home_position 实际指 RTL 当前返航目标，则读取 rtl_path.return_target。,该目标由 Home 或 rally point 生成，高度帧还会被地形、围栏和最低返航高度调整。,MODELLED,它是当前 RTL 真正使用的返航目标，但论文词项名为 home_position，两者并非始终相等。,INSTRUMENTATION_REQUIRED,,,HOME_POSITION 只发送 Home，不发送可能为 rally point 的 rtl_path.return_target。,,NOT_APPLICABLE,,NOT_ASSESSED
ARD-TB-040,ArduPilot,home_position,SUPPORTING_EVIDENCE,home_position:rtl_return_target,该行只说明形成、消费、关联或发送路径，不会单独改善主值的可观测性。,ASSIGNMENT,ModeRTL::compute_return_target(): rally-or-Home assignment,baseline/ardupilot/ArduCopter/mode_rtl.cpp,467,475,ModeRTL::compute_return_target(),Location assignment,absolute WGS84 Location after frame conversion,启用 Rally 时选择最近 rally point 或 Home；未启用时直接复制 Home。,该赋值只形成当前 RTL 目标，后续还会调整高度参考面和安全高度。,EXACT,Home/rally 分支及 return_target 赋值直接可证。,INSTRUMENTATION_REQUIRED,,,,,NOT_APPLICABLE,,NOT_ASSESSED
ARD-TB-041,ArduPilot,GroundALT,PRIMARY_VALUE,GroundALT:untyped_unresolved,该行是其候选组的核心真值实体；只有该组被性质选择时才参与判真。,UNRESOLVED_ABSTRACTION,no type-compatible numeric GroundALT definition,,0,0,,undefined paper abstraction,,论文没有给 GroundALT 的数值类型、坐标参考面或容差，不能把布尔 landed 直接代入数值等式。,补充官方定义或明确把性质重写为 landed 布尔命题前不判真。,UNRESOLVED,当前可找到着陆状态和相对 Home 高度候选，但都不是已证明等价的数值 GroundALT。,UNRESOLVED,,,,,NOT_APPLICABLE,,NOT_ASSESSED
ARD-TB-042,ArduPilot,GroundALT,ALTERNATIVE_SEMANTICS,GroundALT:landed_state,该行属于互斥替代解释；只有人工切换到本候选组后才参与判真。,STATE_FIELD,Copter::ap.land_complete,baseline/ardupilot/ArduCopter/Copter.h,361,361,,bool,,若性质真实含义是触地，则使用 land_complete==true 作为语义代理，而不是高度精确相等。,这是着陆检测状态，不是数值高度。,MODELLED,论文 GroundALT 未定义；布尔着陆检测只可作为触地语义代理。,DIRECT,EXTENDED_SYS_STATE.landed_state,判断 landed_state==MAV_LANDED_STATE_ON_GROUND。,,,NOT_APPLICABLE,,NOT_ASSESSED
ARD-TB-043,ArduPilot,GroundALT,ALTERNATIVE_SEMANTICS,GroundALT:home_zero_height,该行属于互斥替代解释；只有人工切换到本候选组后才参与判真。,DERIVED_EXPRESSION,relative_altitude ~= 0,baseline/ardupilot/libraries/GCS_MAVLink/GCS_Common.cpp,6163,6163,,float after scaling,m above Home,若把地面定义为 Home 高度，只能在有来源的容差内判断 relative_alt 接近零。,,UNRESOLVED,一般地面不必等于 Home 高度，论文也未给容差。,DERIVED,GLOBAL_POSITION_INT.relative_alt,,,,NOT_APPLICABLE,,NOT_ASSESSED
ARD-TB-044,ArduPilot,Roll_t,PRIMARY_VALUE,Roll_t:primary,该行是其候选组的核心真值实体；只有该组被性质选择时才参与判真。,FUNCTION_RETURN,AP_AHRS::get_roll_rad(),baseline/ardupilot/libraries/AP_AHRS/AP_AHRS.h,636,636,,float,"radians, body attitude in navigation frame",读取 AP_AHRS::get_roll_rad() 返回的当前欧拉角。,要求姿态估计有效；角度比较必须处理 ±π 环绕。,EXACT,当前姿态访问器和 MAVLink 编码函数直接对应。,DIRECT,"ATTITUDE.roll,time_boot_ms",ATTITUDE 角度单位已经是弧度。,,,NOT_APPLICABLE,,NOT_ASSESSED
ARD-TB-045,ArduPilot,Pitch_t,PRIMARY_VALUE,Pitch_t:primary,该行是其候选组的核心真值实体；只有该组被性质选择时才参与判真。,FUNCTION_RETURN,AP_AHRS::get_pitch_rad(),baseline/ardupilot/libraries/AP_AHRS/AP_AHRS.h,637,637,,float,"radians, body attitude in navigation frame",读取 AP_AHRS::get_pitch_rad() 返回的当前欧拉角。,要求姿态估计有效；角度比较必须处理 ±π 环绕。,EXACT,当前姿态访问器和 MAVLink 编码函数直接对应。,DIRECT,"ATTITUDE.pitch,time_boot_ms",ATTITUDE 角度单位已经是弧度。,,,NOT_APPLICABLE,,NOT_ASSESSED
ARD-TB-046,ArduPilot,Yaw_t,PRIMARY_VALUE,Yaw_t:primary,该行是其候选组的核心真值实体；只有该组被性质选择时才参与判真。,FUNCTION_RETURN,AP_AHRS::get_yaw_rad(),baseline/ardupilot/libraries/AP_AHRS/AP_AHRS.h,638,638,,float,"radians, body attitude in navigation frame",读取 AP_AHRS::get_yaw_rad() 返回的当前欧拉角。,要求姿态估计有效；角度比较必须处理 ±π 环绕。,EXACT,当前姿态访问器和 MAVLink 编码函数直接对应。,DIRECT,"ATTITUDE.yaw,time_boot_ms",ATTITUDE 角度单位已经是弧度。,,,NOT_APPLICABLE,,NOT_ASSESSED
ARD-TB-047,ArduPilot,Yaw_t-1,PRIMARY_VALUE,Yaw_t-1:primary,该行是其候选组的核心真值实体；只有该组被性质选择时才参与判真。,TRACE_PREVIOUS_SAMPLE,previous_accepted(AP_AHRS::get_yaw_rad()),baseline/ardupilot/libraries/AP_AHRS/AP_AHRS.h,638,638,,float,radians,取同一数据源、同一坐标系的前一个已接受有效样本。,使用环形角差并拒绝时间倒序；t-1 是前一有效姿态样本。,MODELLED,源码中不存在独立的 t-1 变量；必须由监视器保存历史。,DERIVED,"ATTITUDE.yaw,time_boot_ms",按发送端时间排序后保存前一有效样本；t-1 不是一秒前。,采样周期、丢包、重排和估计器重置会改变相邻样本语义。,,NOT_APPLICABLE,,NOT_ASSESSED
ARD-TB-048,ArduPilot,Roll_original,PRIMARY_VALUE,Roll_original:primary,该行是其候选组的核心真值实体；只有该组被性质选择时才参与判真。,CLASS_MEMBER,ModeFlip::orig_attitude_euler_rad.x,baseline/ardupilot/ArduCopter/mode.h,981,981,ModeFlip::init(),float component of Vector3f,radians,读取 FLIP 初始化时保存的原始姿态对应分量。,只在同一次 FLIP 实例内有效；必须用 mode entry 关联键配对。,EXACT,保存成员和赋值位置均有当前源码证据。,INSTRUMENTATION_REQUIRED,,,标准 MAVLink 不发布这三个保存的原始目标值。,,NOT_APPLICABLE,,NOT_ASSESSED
ARD-TB-049,ArduPilot,Pitch_original,PRIMARY_VALUE,Pitch_original:primary,该行是其候选组的核心真值实体；只有该组被性质选择时才参与判真。,CLASS_MEMBER,ModeFlip::orig_attitude_euler_rad.y,baseline/ardupilot/ArduCopter/mode.h,981,981,ModeFlip::init(),float component of Vector3f,radians,读取 FLIP 初始化时保存的原始姿态对应分量。,只在同一次 FLIP 实例内有效；必须用 mode entry 关联键配对。,EXACT,保存成员和赋值位置均有当前源码证据。,INSTRUMENTATION_REQUIRED,,,标准 MAVLink 不发布这三个保存的原始目标值。,,NOT_APPLICABLE,,NOT_ASSESSED
ARD-TB-050,ArduPilot,Yaw_original,PRIMARY_VALUE,Yaw_original:primary,该行是其候选组的核心真值实体；只有该组被性质选择时才参与判真。,CLASS_MEMBER,ModeFlip::orig_attitude_euler_rad.z,baseline/ardupilot/ArduCopter/mode.h,981,981,ModeFlip::init(),float component of Vector3f,radians,读取 FLIP 初始化时保存的原始姿态对应分量。,只在同一次 FLIP 实例内有效；必须用 mode entry 关联键配对。,EXACT,保存成员和赋值位置均有当前源码证据。,INSTRUMENTATION_REQUIRED,,,标准 MAVLink 不发布这三个保存的原始目标值。,,NOT_APPLICABLE,,NOT_ASSESSED
ARD-TB-051,ArduPilot,Roll_rate,PRIMARY_VALUE,Roll_rate:control_request,该行是其候选组的核心真值实体；只有该组被性质选择时才参与判真。,CONTROL_SETPOINT,FLIP_ROTATION_RATE_RADS,baseline/ardupilot/ArduCopter/mode_flip.cpp,23,23,,float macro constant,rad/s (400 deg/s),若论文指控制请求，则 FLIP Start/Roll 阶段请求值为该常量乘方向。,必须区分控制请求和实际测量角速度。,MODELLED,400 deg/s 在当前控制请求中存在，但论文未说明是目标还是实际值。,INSTRUMENTATION_REQUIRED,,,ATTITUDE.rollspeed 是实际估计角速度，不是控制器请求。,,NOT_APPLICABLE,,NOT_ASSESSED
ARD-TB-052,ArduPilot,Roll_rate,ALTERNATIVE_SEMANTICS,Roll_rate:actual_rate,该行属于互斥替代解释；只有人工切换到本候选组后才参与判真。,FUNCTION_RETURN,AP_AHRS::get_gyro().x,baseline/ardupilot/libraries/AP_AHRS/AP_AHRS.h,93,93,,float,rad/s body x,若论文指实际横滚角速度，则读取漂移校正后的机体系 x 轴角速度。,,MODELLED,实际量可观测，但不应与 400 deg/s 控制请求混为一谈。,DIRECT,"ATTITUDE.rollspeed,time_boot_ms",,,,NOT_APPLICABLE,,NOT_ASSESSED
ARD-TB-053,ArduPilot,Roll_direction,PRIMARY_VALUE,Roll_direction:commanded_direction,该行是其候选组的核心真值实体；只有该组被性质选择时才参与判真。,CLASS_MEMBER,ModeFlip::roll_dir,baseline/ardupilot/ArduCopter/mode.h,995,995,,"int8_t (-1 left, +1 right)",,右翻滚当且仅当 roll_dir==1。,只在当前 FLIP 实例初始化后有效。,EXACT,成员注释和初始化分支直接定义方向。,INSTRUMENTATION_REQUIRED,,,,,NOT_APPLICABLE,,NOT_ASSESSED
ARD-TB-054,ArduPilot,Roll_direction,ALTERNATIVE_SEMANTICS,Roll_direction:actual_direction,该行属于互斥替代解释；只有人工切换到本候选组后才参与判真。,DERIVED_EXPRESSION,sign(AP_AHRS::get_gyro().x),baseline/ardupilot/libraries/AP_AHRS/AP_AHRS.h,93,93,,direction derived from float sign,body x angular-rate sign,若论文指实际横滚方向，则由漂移校正后的 x 轴角速度符号判定。,必须使用机体坐标系约定，并与内部 roll_dir 的左/右标记区分。,MODELLED,实际角速度可观测，但论文没有说 Roll_direction 是指令方向还是实际方向。,DIRECT,"ATTITUDE.rollspeed,time_boot_ms",,,,NOT_APPLICABLE,,NOT_ASSESSED
ARD-TB-055,ArduPilot,Roll_direction,SUPPORTING_EVIDENCE,Roll_direction:commanded_direction,该行只说明形成、消费、关联或发送路径，不会单独改善主值的可观测性。,ASSIGNMENT,ModeFlip::roll_dir = FLIP_ROLL_RIGHT or FLIP_ROLL_LEFT,baseline/ardupilot/ArduCopter/mode_flip.cpp,71,71,ModeFlip::init(bool),int8_t from RC roll control sign,,俯仰摇杆未选择翻转时，根据横滚 control_in 符号写入右翻或左翻常量。,只在 Flip 模式成功初始化后有效。,EXACT,方向常量和赋值分支直接可证。,INSTRUMENTATION_REQUIRED,,,,,NOT_APPLICABLE,,NOT_ASSESSED
ARD-TB-056,ArduPilot,Roll_direction,SUPPORTING_EVIDENCE,Roll_direction:commanded_direction,该行只说明形成、消费、关联或发送路径，不会单独改善主值的可观测性。,CONTROL_SETPOINT,FLIP_ROTATION_RATE_RADS * ModeFlip::roll_dir,baseline/ardupilot/ArduCopter/mode_flip.cpp,118,118,ModeFlip::run(),float roll-rate setpoint,rad/s body roll setpoint,Start/Roll 阶段把 roll_dir 乘以 400 deg/s 请求传给姿态控制器。,这是指令方向，不是实际角速度轨迹。,EXACT,控制器消费点直接使用 roll_dir。,INSTRUMENTATION_REQUIRED,,,,,NOT_APPLICABLE,,NOT_ASSESSED
ARD-TB-057,ArduPilot,FLIP1,PRIMARY_VALUE,FLIP1:primary,该行是其候选组的核心真值实体；只有该组被性质选择时才参与判真。,PAPER_PHASE_MODEL,ModeFlip::_state == FlipState::Start,baseline/ardupilot/ArduCopter/mode.h,984,984,,private FlipState enum,,把论文阶段标签近似解释为当前 FlipState::Start。,该对应是版本建模，不是论文证明的同名源码实体。,MODELLED,当前状态机有相似阶段，但论文 FLIP1/FLIP3 的身份未公开绑定。,INSTRUMENTATION_REQUIRED,,,,,NOT_APPLICABLE,,NOT_ASSESSED
ARD-TB-058,ArduPilot,FLIP3,PRIMARY_VALUE,FLIP3:primary,该行是其候选组的核心真值实体；只有该组被性质选择时才参与判真。,PAPER_PHASE_MODEL,ModeFlip::_state == FlipState::Recover,baseline/ardupilot/ArduCopter/mode.h,988,988,,private FlipState enum,,把论文阶段标签近似解释为当前 FlipState::Recover。,该对应是版本建模，不是论文证明的同名源码实体。,MODELLED,当前状态机有相似阶段，但论文 FLIP1/FLIP3 的身份未公开绑定。,INSTRUMENTATION_REQUIRED,,,,,NOT_APPLICABLE,,NOT_ASSESSED
ARD-TB-059,ArduPilot,Circle_radius_t,PRIMARY_VALUE,Circle_radius_t:primary,该行是其候选组的核心真值实体；只有该组被性质选择时才参与判真。,FUNCTION_RETURN,AC_Circle::get_radius_m(),baseline/ardupilot/libraries/AC_WPNav/AC_Circle.h,58,58,,float,m target radius,读取当前圆周控制器半径目标；内部 _radius_m 非正时回退到参数半径。,只在当前 CIRCLE 控制器实例初始化并更新时有效。,EXACT,访问器和内部 _radius_m 字段有直接源码定义。,INSTRUMENTATION_REQUIRED,,,当前 ArduPilot 没有标准 MAVLink 字段直接发布控制器目标半径。,,NOT_APPLICABLE,,NOT_ASSESSED
ARD-TB-060,ArduPilot,Circle_radius_t-1,PRIMARY_VALUE,Circle_radius_t-1:primary,该行是其候选组的核心真值实体；只有该组被性质选择时才参与判真。,TRACE_PREVIOUS_SAMPLE,previous_accepted(AC_Circle::get_radius_m()),baseline/ardupilot/libraries/AC_WPNav/AC_Circle.h,58,58,,float,m target radius,取同一数据源、同一坐标系的前一个已接受有效样本。,只比较同一 CIRCLE 实例的有序插桩样本；t-1 不是固定时间间隔。,MODELLED,源码中不存在独立的 t-1 变量；必须由监视器保存历史。,DERIVED,内部插桩样本,按发送端时间排序后保存前一有效样本；t-1 不是一秒前。,采样周期、丢包、重排和估计器重置会改变相邻样本语义。,,NOT_APPLICABLE,,NOT_ASSESSED
ARD-TB-061,ArduPilot,Circle_speed_t,PRIMARY_VALUE,Circle_speed_t:primary,该行是其候选组的核心真值实体；只有该组被性质选择时才参与判真。,FUNCTION_RETURN,AC_Circle::get_rate_current(),baseline/ardupilot/libraries/AC_WPNav/AC_Circle.h,73,73,,float,deg/s signed angular target rate,若论文 speed 指圆周角速度大小，则取 get_rate_current() 的绝对值。,必须明确它是控制目标角速度，不是由位置轨迹测得的实际线速度。,MODELLED,当前有符号目标角速度可定位，但论文没有说明 speed 的物理定义。,INSTRUMENTATION_REQUIRED,,,,,NOT_APPLICABLE,,NOT_ASSESSED
ARD-TB-062,ArduPilot,Circle_speed_t-1,PRIMARY_VALUE,Circle_speed_t-1:primary,该行是其候选组的核心真值实体；只有该组被性质选择时才参与判真。,TRACE_PREVIOUS_SAMPLE,previous_accepted(AC_Circle::get_rate_current()),baseline/ardupilot/libraries/AC_WPNav/AC_Circle.h,73,73,,float,deg/s angular target magnitude,取同一数据源、同一坐标系的前一个已接受有效样本。,前后样本必须都取相同的目标角速度定义及绝对值规则。,MODELLED,源码中不存在独立的 t-1 变量；必须由监视器保存历史。,DERIVED,内部插桩样本,按发送端时间排序后保存前一有效样本；t-1 不是一秒前。,采样周期、丢包、重排和估计器重置会改变相邻样本语义。,,NOT_APPLICABLE,,NOT_ASSESSED
ARD-TB-063,ArduPilot,Circle_direction_t,PRIMARY_VALUE,Circle_direction_t:primary,该行是其候选组的核心真值实体；只有该组被性质选择时才参与判真。,DERIVED_EXPRESSION,sign(AC_Circle::get_rate_current()),baseline/ardupilot/libraries/AC_WPNav/AC_Circle.h,73,73,,direction derived from float sign,,角速度大于零为顺时针，小于零为逆时针，等于零为停止。,只对当前 CIRCLE 控制目标成立。,EXACT,当前 set_rate_degs 注释直接定义正值顺时针、负值逆时针。,INSTRUMENTATION_REQUIRED,,,,,NOT_APPLICABLE,,NOT_ASSESSED
ARD-TB-064,ArduPilot,Circle_direction_t,SUPPORTING_EVIDENCE,Circle_direction_t:primary,该行只说明形成、消费、关联或发送路径，不会单独改善主值的可观测性。,ASSOCIATED_FIELD,AC_Circle::set_rate_degs() sign convention,baseline/ardupilot/libraries/AC_WPNav/AC_Circle.h,75,77,,documented sign convention,,正目标角速度表示顺时针，负目标角速度表示逆时针。,该约定描述控制目标方向，不证明飞行器实际运动方向。,EXACT,当前接口注释直接写明正负号方向。,INSTRUMENTATION_REQUIRED,,,,,NOT_APPLICABLE,,NOT_ASSESSED
ARD-TB-065,ArduPilot,Throttle_t,PRIMARY_VALUE,Throttle_t:primary,该行是其候选组的核心真值实体；只有该组被性质选择时才参与判真。,FUNCTION_RETURN,Copter::channel_throttle->get_radio_in(),baseline/ardupilot/libraries/RC_Channel/RC_Channel.h,96,96,RC_Channel::get_radio_in() const,int16_t raw PWM,microseconds/PWM,论文与 1500 比较时读取映射后的油门通道原始 PWM。,要求 RC 输入有效；通道编号由 RC_MAP 配置确定，不能固定假设物理通道号。,EXACT,当前通道指针和 get_radio_in() 访问器有直接证据。,CONDITIONAL,"RC_CHANNELS.chanN_raw,time_boot_ms",按当前 RC_MAP 找到 N；原始值无需与归一化 control_in 混用。,消息流必须启用，且失效/覆盖输入可能改变来源。,,NOT_APPLICABLE,,NOT_ASSESSED
ARD-TB-066,ArduPilot,RC_throttle_t,PRIMARY_VALUE,RC_throttle_t:primary,该行是其候选组的核心真值实体；只有该组被性质选择时才参与判真。,FUNCTION_RETURN,Copter::channel_throttle->get_radio_in(),baseline/ardupilot/libraries/RC_Channel/RC_Channel.h,96,96,RC_Channel::get_radio_in() const,int16_t raw PWM,microseconds/PWM,论文与 1500 比较时读取映射后的油门通道原始 PWM。,要求 RC 输入有效；通道编号由 RC_MAP 配置确定，不能固定假设物理通道号。,EXACT,当前通道指针和 get_radio_in() 访问器有直接证据。,CONDITIONAL,"RC_CHANNELS.chanN_raw,time_boot_ms",按当前 RC_MAP 找到 N；原始值无需与归一化 control_in 混用。,消息流必须启用，且失效/覆盖输入可能改变来源。,,NOT_APPLICABLE,,NOT_ASSESSED
ARD-TB-067,ArduPilot,RC_pitch,PRIMARY_VALUE,RC_pitch:primary,该行是其候选组的核心真值实体；只有该组被性质选择时才参与判真。,FUNCTION_RETURN,Copter::channel_pitch->get_radio_in(),baseline/ardupilot/libraries/RC_Channel/RC_Channel.h,96,96,RC_Channel::get_radio_in() const,int16_t raw PWM,microseconds/PWM,论文与 1500 比较时读取映射后的俯仰通道原始 PWM。,要求 RC 输入有效；通道编号由 RC_MAP 配置确定，不能固定假设物理通道号。,EXACT,当前通道指针和 get_radio_in() 访问器有直接证据。,CONDITIONAL,"RC_CHANNELS.chanN_raw,time_boot_ms",按当前 RC_MAP 找到 N；原始值无需与归一化 control_in 混用。,消息流必须启用，且失效/覆盖输入可能改变来源。,,NOT_APPLICABLE,,NOT_ASSESSED
ARD-TB-068,ArduPilot,RC_pitch_t,PRIMARY_VALUE,RC_pitch_t:primary,该行是其候选组的核心真值实体；只有该组被性质选择时才参与判真。,FUNCTION_RETURN,Copter::channel_pitch->get_radio_in(),baseline/ardupilot/libraries/RC_Channel/RC_Channel.h,96,96,RC_Channel::get_radio_in() const,int16_t raw PWM,microseconds/PWM,论文与 1500 比较时读取映射后的俯仰通道原始 PWM。,要求 RC 输入有效；通道编号由 RC_MAP 配置确定，不能固定假设物理通道号。,EXACT,当前通道指针和 get_radio_in() 访问器有直接证据。,CONDITIONAL,"RC_CHANNELS.chanN_raw,time_boot_ms",按当前 RC_MAP 找到 N；原始值无需与归一化 control_in 混用。,消息流必须启用，且失效/覆盖输入可能改变来源。,,NOT_APPLICABLE,,NOT_ASSESSED
ARD-TB-069,ArduPilot,RC_roll,PRIMARY_VALUE,RC_roll:primary,该行是其候选组的核心真值实体；只有该组被性质选择时才参与判真。,FUNCTION_RETURN,Copter::channel_roll->get_radio_in(),baseline/ardupilot/libraries/RC_Channel/RC_Channel.h,96,96,RC_Channel::get_radio_in() const,int16_t raw PWM,microseconds/PWM,论文与 1500 比较时读取映射后的横滚通道原始 PWM。,要求 RC 输入有效；通道编号由 RC_MAP 配置确定，不能固定假设物理通道号。,EXACT,当前通道指针和 get_radio_in() 访问器有直接证据。,CONDITIONAL,"RC_CHANNELS.chanN_raw,time_boot_ms",按当前 RC_MAP 找到 N；原始值无需与归一化 control_in 混用。,消息流必须启用，且失效/覆盖输入可能改变来源。,,NOT_APPLICABLE,,NOT_ASSESSED
ARD-TB-070,ArduPilot,RC_roll_t,PRIMARY_VALUE,RC_roll_t:primary,该行是其候选组的核心真值实体；只有该组被性质选择时才参与判真。,FUNCTION_RETURN,Copter::channel_roll->get_radio_in(),baseline/ardupilot/libraries/RC_Channel/RC_Channel.h,96,96,RC_Channel::get_radio_in() const,int16_t raw PWM,microseconds/PWM,论文与 1500 比较时读取映射后的横滚通道原始 PWM。,要求 RC 输入有效；通道编号由 RC_MAP 配置确定，不能固定假设物理通道号。,EXACT,当前通道指针和 get_radio_in() 访问器有直接证据。,CONDITIONAL,"RC_CHANNELS.chanN_raw,time_boot_ms",按当前 RC_MAP 找到 N；原始值无需与归一化 control_in 混用。,消息流必须启用，且失效/覆盖输入可能改变来源。,,NOT_APPLICABLE,,NOT_ASSESSED
ARD-TB-071,ArduPilot,RC_yaw_t,PRIMARY_VALUE,RC_yaw_t:primary,该行是其候选组的核心真值实体；只有该组被性质选择时才参与判真。,FUNCTION_RETURN,Copter::channel_yaw->get_radio_in(),baseline/ardupilot/libraries/RC_Channel/RC_Channel.h,96,96,RC_Channel::get_radio_in() const,int16_t raw PWM,microseconds/PWM,论文与 1500 比较时读取映射后的偏航通道原始 PWM。,要求 RC 输入有效；通道编号由 RC_MAP 配置确定，不能固定假设物理通道号。,EXACT,当前通道指针和 get_radio_in() 访问器有直接证据。,CONDITIONAL,"RC_CHANNELS.chanN_raw,time_boot_ms",按当前 RC_MAP 找到 N；原始值无需与归一化 control_in 混用。,消息流必须启用，且失效/覆盖输入可能改变来源。,,NOT_APPLICABLE,,NOT_ASSESSED
ARD-TB-072,ArduPilot,RC_roll,SUPPORTING_EVIDENCE,RC_roll:primary,该行只说明形成、消费、关联或发送路径，不会单独改善主值的可观测性。,ASSIGNMENT,Copter::channel_roll = &rc().get_roll_channel(),baseline/ardupilot/ArduCopter/radio.cpp,23,23,Copter::init_rc_in(),RC_Channel pointer assignment,,把逻辑横滚功能绑定到 RC_Channels 当前映射的通道对象，再由 get_radio_in() 读取原始值。,逻辑功能映射可由 RC_MAP 参数改变；必须在测试开始和参数更新后重新确认。,EXACT,当前逻辑通道指针形成赋值直接可证。,CONDITIONAL,PARAM_VALUE.param_id=RCMAP_ROLL 或当前 RC mapping; RC_CHANNELS.chanN_raw,,必须用当前参数确定 N，不能从指针声明猜测物理通道号。,,NOT_APPLICABLE,,NOT_ASSESSED
ARD-TB-073,ArduPilot,RC_roll_t,SUPPORTING_EVIDENCE,RC_roll_t:primary,该行只说明形成、消费、关联或发送路径，不会单独改善主值的可观测性。,ASSIGNMENT,Copter::channel_roll = &rc().get_roll_channel(),baseline/ardupilot/ArduCopter/radio.cpp,23,23,Copter::init_rc_in(),RC_Channel pointer assignment,,把逻辑横滚功能绑定到 RC_Channels 当前映射的通道对象，再由 get_radio_in() 读取原始值。,逻辑功能映射可由 RC_MAP 参数改变；必须在测试开始和参数更新后重新确认。,EXACT,当前逻辑通道指针形成赋值直接可证。,CONDITIONAL,PARAM_VALUE.param_id=RCMAP_ROLL 或当前 RC mapping; RC_CHANNELS.chanN_raw,,必须用当前参数确定 N，不能从指针声明猜测物理通道号。,,NOT_APPLICABLE,,NOT_ASSESSED
ARD-TB-074,ArduPilot,RC_pitch,SUPPORTING_EVIDENCE,RC_pitch:primary,该行只说明形成、消费、关联或发送路径，不会单独改善主值的可观测性。,ASSIGNMENT,Copter::channel_pitch = &rc().get_pitch_channel(),baseline/ardupilot/ArduCopter/radio.cpp,24,24,Copter::init_rc_in(),RC_Channel pointer assignment,,把逻辑俯仰功能绑定到 RC_Channels 当前映射的通道对象，再由 get_radio_in() 读取原始值。,逻辑功能映射可由 RC_MAP 参数改变；必须在测试开始和参数更新后重新确认。,EXACT,当前逻辑通道指针形成赋值直接可证。,CONDITIONAL,PARAM_VALUE.param_id=RCMAP_PITCH 或当前 RC mapping; RC_CHANNELS.chanN_raw,,必须用当前参数确定 N，不能从指针声明猜测物理通道号。,,NOT_APPLICABLE,,NOT_ASSESSED
ARD-TB-075,ArduPilot,RC_pitch_t,SUPPORTING_EVIDENCE,RC_pitch_t:primary,该行只说明形成、消费、关联或发送路径，不会单独改善主值的可观测性。,ASSIGNMENT,Copter::channel_pitch = &rc().get_pitch_channel(),baseline/ardupilot/ArduCopter/radio.cpp,24,24,Copter::init_rc_in(),RC_Channel pointer assignment,,把逻辑俯仰功能绑定到 RC_Channels 当前映射的通道对象，再由 get_radio_in() 读取原始值。,逻辑功能映射可由 RC_MAP 参数改变；必须在测试开始和参数更新后重新确认。,EXACT,当前逻辑通道指针形成赋值直接可证。,CONDITIONAL,PARAM_VALUE.param_id=RCMAP_PITCH 或当前 RC mapping; RC_CHANNELS.chanN_raw,,必须用当前参数确定 N，不能从指针声明猜测物理通道号。,,NOT_APPLICABLE,,NOT_ASSESSED
ARD-TB-076,ArduPilot,Throttle_t,SUPPORTING_EVIDENCE,Throttle_t:primary,该行只说明形成、消费、关联或发送路径，不会单独改善主值的可观测性。,ASSIGNMENT,Copter::channel_throttle = &rc().get_throttle_channel(),baseline/ardupilot/ArduCopter/radio.cpp,25,25,Copter::init_rc_in(),RC_Channel pointer assignment,,把逻辑油门功能绑定到 RC_Channels 当前映射的通道对象，再由 get_radio_in() 读取原始值。,逻辑功能映射可由 RC_MAP 参数改变；必须在测试开始和参数更新后重新确认。,EXACT,当前逻辑通道指针形成赋值直接可证。,CONDITIONAL,PARAM_VALUE.param_id=RCMAP_THROTTLE 或当前 RC mapping; RC_CHANNELS.chanN_raw,,必须用当前参数确定 N，不能从指针声明猜测物理通道号。,,NOT_APPLICABLE,,NOT_ASSESSED
ARD-TB-077,ArduPilot,RC_throttle_t,SUPPORTING_EVIDENCE,RC_throttle_t:primary,该行只说明形成、消费、关联或发送路径，不会单独改善主值的可观测性。,ASSIGNMENT,Copter::channel_throttle = &rc().get_throttle_channel(),baseline/ardupilot/ArduCopter/radio.cpp,25,25,Copter::init_rc_in(),RC_Channel pointer assignment,,把逻辑油门功能绑定到 RC_Channels 当前映射的通道对象，再由 get_radio_in() 读取原始值。,逻辑功能映射可由 RC_MAP 参数改变；必须在测试开始和参数更新后重新确认。,EXACT,当前逻辑通道指针形成赋值直接可证。,CONDITIONAL,PARAM_VALUE.param_id=RCMAP_THROTTLE 或当前 RC mapping; RC_CHANNELS.chanN_raw,,必须用当前参数确定 N，不能从指针声明猜测物理通道号。,,NOT_APPLICABLE,,NOT_ASSESSED
ARD-TB-078,ArduPilot,RC_yaw_t,SUPPORTING_EVIDENCE,RC_yaw_t:primary,该行只说明形成、消费、关联或发送路径，不会单独改善主值的可观测性。,ASSIGNMENT,Copter::channel_yaw = &rc().get_yaw_channel(),baseline/ardupilot/ArduCopter/radio.cpp,26,26,Copter::init_rc_in(),RC_Channel pointer assignment,,把逻辑偏航功能绑定到 RC_Channels 当前映射的通道对象，再由 get_radio_in() 读取原始值。,逻辑功能映射可由 RC_MAP 参数改变；必须在测试开始和参数更新后重新确认。,EXACT,当前逻辑通道指针形成赋值直接可证。,CONDITIONAL,PARAM_VALUE.param_id=RCMAP_YAW 或当前 RC mapping; RC_CHANNELS.chanN_raw,,必须用当前参数确定 N，不能从指针声明猜测物理通道号。,,NOT_APPLICABLE,,NOT_ASSESSED
ARD-TB-079,ArduPilot,RC_throttle_t-1,PRIMARY_VALUE,RC_throttle_t-1:primary,该行是其候选组的核心真值实体；只有该组被性质选择时才参与判真。,TRACE_PREVIOUS_SAMPLE,previous_accepted(channel_throttle->get_radio_in()),baseline/ardupilot/libraries/RC_Channel/RC_Channel.h,96,96,,int16_t,raw PWM,取同一数据源、同一坐标系的前一个已接受有效样本。,前后样本必须来自同一映射通道和来源；RC failsafe 样本不得当作正常输入。,MODELLED,源码中不存在独立的 t-1 变量；必须由监视器保存历史。,DERIVED,"RC_CHANNELS.chanN_raw,time_boot_ms",按发送端时间排序后保存前一有效样本；t-1 不是一秒前。,采样周期、丢包、重排和估计器重置会改变相邻样本语义。,,NOT_APPLICABLE,,NOT_ASSESSED
ARD-TB-080,ArduPilot,RC_pitch_t-1,PRIMARY_VALUE,RC_pitch_t-1:primary,该行是其候选组的核心真值实体；只有该组被性质选择时才参与判真。,TRACE_PREVIOUS_SAMPLE,previous_accepted(channel_pitch->get_radio_in()),baseline/ardupilot/libraries/RC_Channel/RC_Channel.h,96,96,,int16_t,raw PWM,取同一数据源、同一坐标系的前一个已接受有效样本。,前后样本必须来自同一映射通道和来源；RC failsafe 样本不得当作正常输入。,MODELLED,源码中不存在独立的 t-1 变量；必须由监视器保存历史。,DERIVED,"RC_CHANNELS.chanN_raw,time_boot_ms",按发送端时间排序后保存前一有效样本；t-1 不是一秒前。,采样周期、丢包、重排和估计器重置会改变相邻样本语义。,,NOT_APPLICABLE,,NOT_ASSESSED
ARD-TB-081,ArduPilot,RC_roll_t-1,PRIMARY_VALUE,RC_roll_t-1:primary,该行是其候选组的核心真值实体；只有该组被性质选择时才参与判真。,TRACE_PREVIOUS_SAMPLE,previous_accepted(channel_roll->get_radio_in()),baseline/ardupilot/libraries/RC_Channel/RC_Channel.h,96,96,,int16_t,raw PWM,取同一数据源、同一坐标系的前一个已接受有效样本。,前后样本必须来自同一映射通道和来源；RC failsafe 样本不得当作正常输入。,MODELLED,源码中不存在独立的 t-1 变量；必须由监视器保存历史。,DERIVED,"RC_CHANNELS.chanN_raw,time_boot_ms",按发送端时间排序后保存前一有效样本；t-1 不是一秒前。,采样周期、丢包、重排和估计器重置会改变相邻样本语义。,,NOT_APPLICABLE,,NOT_ASSESSED
ARD-TB-082,ArduPilot,RC_yaw_t-1,PRIMARY_VALUE,RC_yaw_t-1:primary,该行是其候选组的核心真值实体；只有该组被性质选择时才参与判真。,TRACE_PREVIOUS_SAMPLE,previous_accepted(channel_yaw->get_radio_in()),baseline/ardupilot/libraries/RC_Channel/RC_Channel.h,96,96,,int16_t,raw PWM,取同一数据源、同一坐标系的前一个已接受有效样本。,前后样本必须来自同一映射通道和来源；RC failsafe 样本不得当作正常输入。,MODELLED,源码中不存在独立的 t-1 变量；必须由监视器保存历史。,DERIVED,"RC_CHANNELS.chanN_raw,time_boot_ms",按发送端时间排序后保存前一有效样本；t-1 不是一秒前。,采样周期、丢包、重排和估计器重置会改变相邻样本语义。,,NOT_APPLICABLE,,NOT_ASSESSED
ARD-TB-083,ArduPilot,Armed,PRIMARY_VALUE,Armed:primary,该行是其候选组的核心真值实体；只有该组被性质选择时才参与判真。,FUNCTION_RETURN,AP_Motors::armed(),baseline/ardupilot/libraries/AP_Motors/AP_Motors_Class.h,117,117,,bool,,Armed=true 当且仅当 motors->armed()==true。,,EXACT,电机武装状态访问器直接返回内部 _armed。,DIRECT,HEARTBEAT.base_mode,检查 MAV_MODE_FLAG_SAFETY_ARMED 位是否存在。,,,NOT_APPLICABLE,,NOT_ASSESSED
ARD-TB-084,ArduPilot,Disarm,PRIMARY_VALUE,Disarm:primary,该行是其候选组的核心真值实体；只有该组被性质选择时才参与判真。,DERIVED_EXPRESSION,!AP_Motors::armed(),baseline/ardupilot/libraries/AP_Motors/AP_Motors_Class.h,117,117,,bool,,Disarm=on 当且仅当 motors->armed()==false。,,EXACT,是武装布尔状态的直接否定。,DIRECT,HEARTBEAT.base_mode,检查 MAV_MODE_FLAG_SAFETY_ARMED 位不存在。,,,NOT_APPLICABLE,,NOT_ASSESSED
ARD-TB-085,ArduPilot,RC_fail,PRIMARY_VALUE,RC_fail:primary,该行是其候选组的核心真值实体；只有该组被性质选择时才参与判真。,STATE_FIELD,Copter::failsafe.radio,baseline/ardupilot/ArduCopter/Copter.h,402,402,,1-bit boolean,,RC_fail=on 当且仅当 failsafe.radio==true。,低油门路径需连续三次低值；另有无输入超时路径。,EXACT,当前 Copter 的 radio failsafe 状态字段直接定义。,INSTRUMENTATION_REQUIRED,,,标准 MAVLink 没有一个稳定字段直接携带 failsafe.radio；文本告警只能条件性提示。,,NOT_APPLICABLE,,NOT_ASSESSED
ARD-TB-086,ArduPilot,GPS_fail,PRIMARY_VALUE,GPS_fail:unresolved_paper_semantics,该行是其候选组的核心真值实体；只有该组被性质选择时才参与判真。,SEMANTIC_CANDIDATE,Copter::failsafe.ekf,baseline/ardupilot/ArduCopter/Copter.h,404,404,,1-bit boolean,,只有把论文 GPS_fail 放宽为 EKF 位置估计故障时，才可候选使用 failsafe.ekf。,GPS 丢失不等于 EKF failsafe；其他定位源可继续提供位置。,UNRESOLVED,当前版本没有找到仅由 GPS 丢失定义的同等单一状态。,INSTRUMENTATION_REQUIRED,,,需要内部状态订阅；不能用 GPS_RAW_INT 缺失直接等价替换。,,NOT_APPLICABLE,,NOT_ASSESSED
ARD-TB-087,ArduPilot,GPS_fail,SUPPORTING_EVIDENCE,GPS_fail:unresolved_paper_semantics,该行只说明形成、消费、关联或发送路径，不会单独改善主值的可观测性。,ASSIGNMENT,Copter::failsafe_ekf_event/off_event(): failsafe.ekf = true/false,baseline/ardupilot/ArduCopter/ekf_check.cpp,169,226,Copter::failsafe_ekf_event(); Copter::failsafe_ekf_off_event(),bool state transitions,,EKF 方差/位置估计故障事件置位 failsafe.ekf，清除事件再复位。,该状态由 EKF 质量与模式要求形成，不是 GPS 消息丢失专用状态。,EXACT,置位和清除赋值直接可证，但只说明候选状态形成，不能解决论文 GPS_fail 语义。,INSTRUMENTATION_REQUIRED,,,,,NOT_APPLICABLE,,NOT_ASSESSED
ARD-TB-088,ArduPilot,GPS_fail,ALTERNATIVE_SEMANTICS,GPS_fail:fix_type_threshold,该行属于互斥替代解释；只有人工切换到本候选组后才参与判真。,FUNCTION_RETURN,AP_GPS::status(),baseline/ardupilot/libraries/AP_GPS/AP_GPS.h,290,290,,AP_GPS_FixType enum,,若论文把 GPS 故障定义为低于某个定位修复类型，则以 status() 与该最低枚举门限比较。,论文未给出最低 fix type 和持续时间；必须同时检查 GPS 实例与样本新鲜度。,MODELLED,传感器修复状态可精确定位，但 GPS_fail 的论文真值边界未定义。,CONDITIONAL,"GPS_RAW_INT.fix_type,time_usec,satellites_visible",,GPS 修复差不必然使融合位置无效；GPS_RAW_INT 当前发送实例 0，只有单 GPS 或主实例为 0 时才与 status() 一致。,,NOT_APPLICABLE,,NOT_ASSESSED
ARD-TB-089,ArduPilot,GPS_fail,SUPPORTING_EVIDENCE,GPS_fail:fix_type_threshold,该行只说明形成、消费、关联或发送路径，不会单独改善主值的可观测性。,ASSIGNMENT,AP_GPS::update_instance(): message timeout clears state and sets NONE/NO_GPS,baseline/ardupilot/libraries/AP_GPS/AP_GPS.cpp,887,905,AP_GPS::update_instance(uint8_t),GPS state reset and fix-type assignment,GPS_TIMEOUT_MS uses AP_HAL::millis(),当前实现超过 GPS_TIMEOUT_MS 未收到消息时清空该实例状态并设置 NONE 或 NO_GPS。,GPS_TIMEOUT_MS=4000 ms 是当前实现重检测条件，不是 PGFuzz 性质的官方时间要求；多实例分别计时。,EXACT,当前实例超时和状态赋值路径直接可证。,CONDITIONAL,"GPS_RAW_INT.time_usec,fix_type 到达序列",,观察端丢包与飞控内部未收到 GPS 不等价，不能只按 GCS 到达间隔复现内部超时。,,NOT_APPLICABLE,,NOT_ASSESSED
ARD-TB-090,ArduPilot,GPS_fail,ALTERNATIVE_SEMANTICS,GPS_fail:gps_glitching,该行属于互斥替代解释；只有人工切换到本候选组后才参与判真。,STATE_FIELD,Copter::ap.gps_glitching,baseline/ardupilot/ArduCopter/Copter.h,371,371,Copter::gpsglitch_check(),bool,,若论文所指是 GPS 异常已影响导航精度，则 ap.gps_glitching==true。,它表示影响导航的 glitch，不是“没有 GPS 消息”的同义词。,MODELLED,当前状态和赋值路径可证，但与论文 GPS_fail 的范围只是语义候选。,CONDITIONAL,STATUSTEXT.text='GPS Glitch or Compass error' 或 'Glitch cleared',,文本事件只在状态转换时发送，且文本同时包含 Compass error，不能作为持续布尔值的精确直接观测。,,NOT_APPLICABLE,,NOT_ASSESSED
ARD-TB-091,ArduPilot,GPS_fail,SUPPORTING_EVIDENCE,GPS_fail:gps_glitching,该行只说明形成、消费、关联或发送路径，不会单独改善主值的可观测性。,ASSIGNMENT,Copter::gpsglitch_check(): ap.gps_glitching = gps_glitching,baseline/ardupilot/ArduCopter/events.cpp,310,323,Copter::gpsglitch_check(),bool transition plus log/text event,,AHRS GPS_GLITCHING 状态变化时更新 Copter 锁存字段并发出开始/清除事件。,文本同时可能描述罗盘问题，只能把内部布尔赋值作为该候选的真值来源。,EXACT,当前赋值和转换事件直接可证。,CONDITIONAL,STATUSTEXT 或 EVENT 转换消息,,,,NOT_APPLICABLE,,NOT_ASSESSED
ARD-TB-092,ArduPilot,GPS_count,PRIMARY_VALUE,GPS_count:primary,该行是其候选组的核心真值实体；只有该组被性质选择时才参与判真。,FUNCTION_RETURN,AP_GPS::num_sats(),baseline/ardupilot/libraries/AP_GPS/AP_GPS.h,401,401,,uint8_t,satellite count,读取主 GPS 当前锁定卫星数量。,同时检查 GPS 实例、fix_type 和消息新鲜度。,EXACT,当前访问器直接返回 state[instance].num_sats。,CONDITIONAL,"GPS_RAW_INT.satellites_visible,time_usec,fix_type",,AP_GPS::num_sats() 读取动态主实例，GPS_RAW_INT 当前发送实例 0；单 GPS 或主实例为 0 时才能直接对应。,,NOT_APPLICABLE,,NOT_ASSESSED
ARD-TB-093,ArduPilot,Speed_vertical_t,PRIMARY_VALUE,Speed_vertical_t:primary,该行是其候选组的核心真值实体；只有该组被性质选择时才参与判真。,FUNCTION_RETURN,AP_AHRS::get_velocity_D(float&),baseline/ardupilot/libraries/AP_AHRS/AP_AHRS.h,308,308,,float,m/s NED down-positive,下降速度使用 +velD；上升速度使用 -velD，并要求返回 true。,要求速度估计有效；必须按性质阶段选择上升或下降符号。,MODELLED,速度字段明确，但论文没有定义正负方向和目标/实际量。,CONDITIONAL,"GLOBAL_POSITION_INT.vz,time_boot_ms",vz 从厘米/秒除以 100；NED 向下为正。,GLOBAL_POSITION_INT.vz 的发送路径读取 get_velocity_NED().z，并在失败时置零；不是 get_velocity_D() 返回通道的无条件直接发送。,,NOT_APPLICABLE,,NOT_ASSESSED
ARD-TB-094,ArduPilot,Parachute,PRIMARY_VALUE,Parachute:released_latched,该行是其候选组的核心真值实体；只有该组被性质选择时才参与判真。,FUNCTION_RETURN,AP_Parachute::released(),baseline/ardupilot/libraries/AP_Parachute/AP_Parachute.h,60,60,,bool,,若 Parachute=on 指实际释放状态，则 released()==true。,必须区分 release_initiated、release_in_progress 和 released。,EXACT,当前类分别保存发起、进行中和已释放三个状态。,INSTRUMENTATION_REQUIRED,,,标准 MAVLink 没有直接发布 AP_Parachute::_released。,,NOT_APPLICABLE,,NOT_ASSESSED
ARD-TB-095,ArduPilot,Parachute,ALTERNATIVE_SEMANTICS,Parachute:release_initiated_latched,该行属于互斥替代解释；只有人工切换到本候选组后才参与判真。,FUNCTION_RETURN,AP_Parachute::release_initiated(),baseline/ardupilot/libraries/AP_Parachute/AP_Parachute.h,63,63,,bool,,若 Parachute=on 指“释放序列已发起”，则 release_initiated()==true。,已发起可能仍在等待抑制引擎等条件，不等于降落伞已物理弹出。,MODELLED,论文只写 Parachute=on，未说是发起还是完成，因此与 released() 并列供人工选择。,INSTRUMENTATION_REQUIRED,,,标准 MAVLink 没有等价的 release_initiated 布尔字段。,,NOT_APPLICABLE,,NOT_ASSESSED
ARD-TB-096,ArduPilot,Parachute,SUPPORTING_EVIDENCE,Parachute:release_initiated_latched,该行只说明形成、消费、关联或发送路径，不会单独改善主值的可观测性。,ASSIGNMENT,AP_Parachute::release(): _release_initiated = true,baseline/ardupilot/libraries/AP_Parachute/AP_Parachute.cpp,122,122,AP_Parachute::release(),bool latch,,调用 release() 且通过前置检查后，锁存“释放已发起”。,发起时刻早于执行器动作，延迟取决于 _delay_ms。,EXACT,当前赋值语句直接可证。,INSTRUMENTATION_REQUIRED,,,,,NOT_APPLICABLE,,NOT_ASSESSED
ARD-TB-097,ArduPilot,Parachute,SUPPORTING_EVIDENCE,Parachute:released_latched,该行只说明形成、消费、关联或发送路径，不会单独改善主值的可观测性。,ASSIGNMENT,AP_Parachute::update(): servo release command,baseline/ardupilot/libraries/AP_Parachute/AP_Parachute.cpp,147,147,AP_Parachute::update(),servo PWM command,,释放类型为伺服且延迟满足后，向降落伞功能通道写入释放 PWM。,这是执行器命令，不等于伞具已经物理展开。,EXACT,锚点只声明该行实际执行的伺服命令，不再合并后续继电器和锁存赋值。,INSTRUMENTATION_REQUIRED,,,,,NOT_APPLICABLE,,NOT_ASSESSED
ARD-TB-098,ArduPilot,Parachute,SUPPORTING_EVIDENCE,Parachute:released_latched,该行只说明形成、消费、关联或发送路径，不会单独改善主值的可观测性。,ASSIGNMENT,"AP_Relay::set(PARACHUTE, true)",baseline/ardupilot/libraries/AP_Parachute/AP_Parachute.cpp,153,153,AP_Parachute::update(),relay command,,释放类型为继电器且实例存在时，向降落伞继电器功能写入 true。,这是继电器执行命令，不等于伞具已经物理展开。,EXACT,当前继电器调用位置直接可证。,INSTRUMENTATION_REQUIRED,,,,,NOT_APPLICABLE,,NOT_ASSESSED
ARD-TB-099,ArduPilot,Parachute,SUPPORTING_EVIDENCE,Parachute:released_latched,该行只说明形成、消费、关联或发送路径，不会单独改善主值的可观测性。,ASSIGNMENT,AP_Parachute::update(): _release_in_progress = true; _released = true,baseline/ardupilot/libraries/AP_Parachute/AP_Parachute.cpp,157,157,AP_Parachute::update(),two bool latches,,执行伺服或继电器分支后，把释放进行中和已释放锁存位置真。,_released 是进程生命周期内锁存的软件状态，仍不能证明物理伞具已经展开。,EXACT,第 157--158 行的两个直接赋值可证。,INSTRUMENTATION_REQUIRED,,,,,NOT_APPLICABLE,,NOT_ASSESSED
ARD-TB-100,ArduPilot,Waypoint,PRIMARY_VALUE,Waypoint:guided_unresolved,该行是其候选组的核心真值实体；只有该组被性质选择时才参与判真。,UNRESOLVED_ABSTRACTION,no exact current Guided 'waypoint empty' symbol,,0,0,,paper abstraction,,论文未定义是任务队列为空、Guided 目标不存在还是目标已经完成。,mission count 不能可靠表示 Guided 当前目标是否为空。,UNRESOLVED,当前 Guided 使用子模式、目标字段和更新时间，没有单一等价 empty 标志。,UNRESOLVED,,,,,NOT_APPLICABLE,,NOT_ASSESSED
ARD-TB-101,ArduPilot,Waypoint,ALTERNATIVE_SEMANTICS,Waypoint:mission_list_empty,该行属于互斥替代解释；只有人工切换到本候选组后才参与判真。,SEMANTIC_CANDIDATE,AP_Mission::present() / AP_Mission::_cmd_total > 1,baseline/ardupilot/libraries/AP_Mission/AP_Mission.h,538,538,,bool derived from uint16 command count,,若论文 Waypoint=empty 专指任务列表没有 Home 以外命令，则 present()==false。,这只回答任务列表是否有命令，不回答 Guided 模式是否拥有当前目标。,MODELLED,是可定位的“任务空”语义，但不能证明就是论文 Guided/Waypoint 抽象。,CONDITIONAL,MISSION_COUNT.count,结合当前 mission type 解释 count；注意内部 _cmd_total 计入索引 0 的 Home。,MISSION_COUNT 不描述 Guided 当前目标。,,NOT_APPLICABLE,,NOT_ASSESSED
ARD-TB-102,ArduPilot,Waypoint,ALTERNATIVE_SEMANTICS,Waypoint:guided_submode_target,该行属于互斥替代解释；只有人工切换到本候选组后才参与判真。,SEMANTIC_CANDIDATE,ModeGuided::guided_mode; ModeGuided::get_wp(Location&),baseline/ardupilot/ArduCopter/mode_guided.cpp,444,444,ModeGuided::get_wp(Location&) const,Guided SubMode plus bool return,,某些 Guided 子模式能返回当前位置目标；其他子模式返回 false。,false 可能表示子模式不使用 waypoint，不能统一解释为 Waypoint=empty。,MODELLED,比任务列表更接近 Guided 目标，但仍不是论文抽象的唯一定义。,INSTRUMENTATION_REQUIRED,,,,,NOT_APPLICABLE,,NOT_ASSESSED
ARD-TB-103,ArduPilot,k,PRIMARY_VALUE,k:primary,该行是其候选组的核心真值实体；只有该组被性质选择时才参与判真。,UNRESOLVED_BOUND,no current ArduPilot symbol,,0,0,,,,PGFuzz 论文经验上界或调度余量，当前没有可追溯数值。,,UNRESOLVED,论文没有公开该性质的完整测量操作数和数值；不得从循环次数猜秒数。,UNRESOLVED,,,,,NOT_APPLICABLE,,NOT_ASSESSED
ARD-TB-104,ArduPilot,RTL_ALT,PRIMARY_VALUE,RTL_ALT:primary,该行是其候选组的核心真值实体；只有该组被性质选择时才参与判真。,PARAMETER_DEFINITION,ModeRTL::altitude_m / RTL_ALT_M,baseline/ardupilot/ArduCopter/mode_rtl.cpp,8,8,,AP_Float,m above Home,当前运行参数值等于 PARAM 协议读取值。,在测试开始及参数变更后重新读取实际值；不得把默认值当作不可变运行值。,EXACT,当前参数名为 RTL_ALT_M；源码/元数据默认字段为 15；冻结 SITL 快照值为 15.0。,DIRECT,"PARAM_VALUE.param_id,param_value",按参数元数据单位解释 PARAM_VALUE.param_value；变更后重新读取确认。,本任务只验证过读取身份，未执行运行时写入与生效测试；是否需要重启及何时生效必须逐参数验证。,RTL_ALT_M,RENAMED_AND_SCALED_0.01,历史 RTL_ALT 厘米值迁移到 RTL_ALT_M 米值。,NOT_ASSESSED
ARD-TB-105,ArduPilot,LAND_SPEED_HIGH,PRIMARY_VALUE,LAND_SPEED_HIGH:primary,该行是其候选组的核心真值实体；只有该组被性质选择时才参与判真。,PARAMETER_DEFINITION,ModeLand::land_speed_high_ms / LAND_SPD_HIGH_MS,baseline/ardupilot/ArduCopter/mode_land.cpp,15,15,,AP_Float,m/s down-rate magnitude,当前运行参数值等于 PARAM 协议读取值。,在测试开始及参数变更后重新读取实际值；不得把默认值当作不可变运行值。,EXACT,当前参数名为 LAND_SPD_HIGH_MS；源码/元数据默认字段为 0；冻结 SITL 快照值为 0.0。,DIRECT,"PARAM_VALUE.param_id,param_value",按参数元数据单位解释 PARAM_VALUE.param_value；变更后重新读取确认。,本任务只验证过读取身份，未执行运行时写入与生效测试；是否需要重启及何时生效必须逐参数验证。,LAND_SPD_HIGH_MS,RENAMED_AND_SCALED_0.01,历史 LAND_SPEED_HIGH 厘米/秒迁移到 LAND_SPD_HIGH_MS 米/秒。,NOT_ASSESSED
ARD-TB-106,ArduPilot,LAND_SPEED,PRIMARY_VALUE,LAND_SPEED:primary,该行是其候选组的核心真值实体；只有该组被性质选择时才参与判真。,PARAMETER_DEFINITION,ModeLand::land_speed_ms / LAND_SPD_MS,baseline/ardupilot/ArduCopter/mode_land.cpp,6,6,,AP_Float,m/s down-rate magnitude,当前运行参数值等于 PARAM 协议读取值。,在测试开始及参数变更后重新读取实际值；不得把默认值当作不可变运行值。,EXACT,当前参数名为 LAND_SPD_MS；源码/元数据默认字段为 0.5；冻结 SITL 快照值为 0.5。,DIRECT,"PARAM_VALUE.param_id,param_value",按参数元数据单位解释 PARAM_VALUE.param_value；变更后重新读取确认。,本任务只验证过读取身份，未执行运行时写入与生效测试；是否需要重启及何时生效必须逐参数验证。,LAND_SPD_MS,RENAMED_AND_SCALED_0.01,历史 LAND_SPEED 厘米/秒迁移到 LAND_SPD_MS 米/秒。,NOT_ASSESSED
ARD-TB-107,ArduPilot,FS_EKF_ACTION,PRIMARY_VALUE,FS_EKF_ACTION:primary,该行是其候选组的核心真值实体；只有该组被性质选择时才参与判真。,PARAMETER_DEFINITION,Parameters::fs_ekf_action / FS_EKF_ACTION,baseline/ardupilot/ArduCopter/Parameters.cpp,268,268,,AP_Int8 enum,action enum,读取当前动作枚举；0 仅报告、1 着陆、2 定高、3 全模式着陆。,在测试开始及参数变更后重新读取实际值；不得把默认值当作不可变运行值。,EXACT,当前参数名为 FS_EKF_ACTION；源码/元数据默认字段为 1；冻结 SITL 快照值为 1。,DIRECT,"PARAM_VALUE.param_id,param_value",按参数元数据单位解释 PARAM_VALUE.param_value；变更后重新读取确认。,本任务只验证过读取身份，未执行运行时写入与生效测试；是否需要重启及何时生效必须逐参数验证。,FS_EKF_ACTION,EXACT_SAME_NAME,,NOT_ASSESSED
ARD-TB-108,ArduPilot,PILOT_SPEED_UP,PRIMARY_VALUE,PILOT_SPEED_UP:primary,该行是其候选组的核心真值实体；只有该组被性质选择时才参与判真。,PARAMETER_DEFINITION,ParametersG2::pilot_speed_up_ms / PILOT_SPD_UP,baseline/ardupilot/ArduCopter/Parameters.cpp,1142,1142,,AP_Float,m/s up-rate magnitude,当前运行参数值等于 PARAM 协议读取值。,在测试开始及参数变更后重新读取实际值；不得把默认值当作不可变运行值。,EXACT,当前参数名为 PILOT_SPD_UP；源码/元数据默认字段为 2.5；冻结 SITL 快照值为 2.5。,DIRECT,"PARAM_VALUE.param_id,param_value",按参数元数据单位解释 PARAM_VALUE.param_value；变更后重新读取确认。,本任务只验证过读取身份，未执行运行时写入与生效测试；是否需要重启及何时生效必须逐参数验证。,PILOT_SPD_UP,RENAMED_AND_SCALED_0.01,历史 PILOT_SPEED_UP 迁移到 PILOT_SPD_UP。,NOT_ASSESSED
ARD-TB-109,ArduPilot,FS_THR_VALUE,PRIMARY_VALUE,FS_THR_VALUE:primary,该行是其候选组的核心真值实体；只有该组被性质选择时才参与判真。,PARAMETER_DEFINITION,Parameters::failsafe_throttle_value / FS_THR_VALUE,baseline/ardupilot/ArduCopter/Parameters.cpp,132,132,,AP_Int16,raw PWM microseconds,读取当前低油门故障保护阈值；实际触发还需启用配置及消抖。,在测试开始及参数变更后重新读取实际值；不得把默认值当作不可变运行值。,EXACT,当前参数名为 FS_THR_VALUE；源码/元数据默认字段为 975；冻结 SITL 快照值为 975。,DIRECT,"PARAM_VALUE.param_id,param_value",按参数元数据单位解释 PARAM_VALUE.param_value；变更后重新读取确认。,本任务只验证过读取身份，未执行运行时写入与生效测试；是否需要重启及何时生效必须逐参数验证。,FS_THR_VALUE,EXACT_SAME_NAME,,NOT_ASSESSED
ARD-TB-110,ArduPilot,CHUTE_ALT_MIN,PRIMARY_VALUE,CHUTE_ALT_MIN:primary,该行是其候选组的核心真值实体；只有该组被性质选择时才参与判真。,PARAMETER_DEFINITION,AP_Parachute::_alt_min / CHUTE_ALT_MIN,baseline/ardupilot/libraries/AP_Parachute/AP_Parachute.cpp,52,52,,AP_Int16,m above Home,读取当前最低开伞高度；0 表示禁用高度检查。,在测试开始及参数变更后重新读取实际值；不得把默认值当作不可变运行值。,EXACT,当前参数名为 CHUTE_ALT_MIN；源码/元数据默认字段为 10；冻结 SITL 快照值为 未取得运行值。,DIRECT,"PARAM_VALUE.param_id,param_value",按参数元数据单位解释 PARAM_VALUE.param_value；变更后重新读取确认。,本任务只验证过读取身份，未执行运行时写入与生效测试；是否需要重启及何时生效必须逐参数验证。,CHUTE_ALT_MIN,EXACT_SAME_NAME,,NOT_ASSESSED
PX4-TB-001,PX4,Mode_t,PRIMARY_VALUE,Mode_t:primary,该行是其候选组的核心真值实体；只有该组被性质选择时才参与判真。,UORB_FIELD,vehicle_status.nav_state,baseline/px4/msg/versioned/VehicleStatus.msg,35,35,,uint8 enum,,读取 Commander 发布的当前实际导航状态 nav_state。,使用 vehicle_status.timestamp 和 nav_state_timestamp；不要用用户意图字段替代当前状态。,EXACT,当前活动模式字段和枚举值有直接消息定义。,DIRECT,HEARTBEAT.custom_mode,按 px4_custom_mode 的 main_mode/sub_mode 打包表解码。,PGFuzz 的小整数 Flight_Mode 不能直接作为当前 packed custom_mode。,,NOT_APPLICABLE,,NOT_ASSESSED
PX4-TB-002,PX4,Mode_t,SUPPORTING_EVIDENCE,Mode_t:primary,该行只说明形成、消费、关联或发送路径，不会单独改善主值的可观测性。,MAVLINK_ENCODER,get_px4_custom_mode(vehicle_status.nav_state),baseline/px4/src/modules/commander/px4_custom_mode.h,102,102,get_px4_custom_mode(uint8_t nav_state),uint32 packed custom_mode,,把 nav_state 转成 16 位保留、8 位主模式、8 位子模式的 32 位值。,,EXACT,当前 HEARTBEAT 发送路径直接调用该转换函数。,DIRECT,HEARTBEAT.custom_mode,,,,NOT_APPLICABLE,,NOT_ASSESSED
PX4-TB-003,PX4,ALTITUDE,PRIMARY_VALUE,ALTITUDE:primary,该行是其候选组的核心真值实体；只有该组被性质选择时才参与判真。,ENUM_CONSTANT,vehicle_status_s::NAVIGATION_STATE_ALTCTL,baseline/px4/msg/versioned/VehicleStatus.msg,37,37,,uint8 enum,,Mode_t == NAVIGATION_STATE_ALTCTL。,,EXACT,当前 VehicleStatus 导航状态枚举直接定义。,DIRECT,HEARTBEAT.custom_mode,解码当前 PX4 主/子模式后比较。,,,NOT_APPLICABLE,,NOT_ASSESSED
PX4-TB-004,PX4,POSITION,PRIMARY_VALUE,POSITION:primary,该行是其候选组的核心真值实体；只有该组被性质选择时才参与判真。,ENUM_CONSTANT,vehicle_status_s::NAVIGATION_STATE_POSCTL,baseline/px4/msg/versioned/VehicleStatus.msg,38,38,,uint8 enum,,Mode_t == NAVIGATION_STATE_POSCTL。,,EXACT,当前 VehicleStatus 导航状态枚举直接定义。,DIRECT,HEARTBEAT.custom_mode,解码当前 PX4 主/子模式后比较。,,,NOT_APPLICABLE,,NOT_ASSESSED
PX4-TB-005,PX4,HOLD,PRIMARY_VALUE,HOLD:primary,该行是其候选组的核心真值实体；只有该组被性质选择时才参与判真。,ENUM_CONSTANT,vehicle_status_s::NAVIGATION_STATE_AUTO_LOITER,baseline/px4/msg/versioned/VehicleStatus.msg,40,40,,uint8 enum,,Mode_t == NAVIGATION_STATE_AUTO_LOITER。,,EXACT,当前 VehicleStatus 导航状态枚举直接定义。,DIRECT,HEARTBEAT.custom_mode,解码当前 PX4 主/子模式后比较。,,,NOT_APPLICABLE,,NOT_ASSESSED
PX4-TB-006,PX4,RTL,PRIMARY_VALUE,RTL:primary,该行是其候选组的核心真值实体；只有该组被性质选择时才参与判真。,ENUM_CONSTANT,vehicle_status_s::NAVIGATION_STATE_AUTO_RTL,baseline/px4/msg/versioned/VehicleStatus.msg,41,41,,uint8 enum,,Mode_t == NAVIGATION_STATE_AUTO_RTL。,,EXACT,当前 VehicleStatus 导航状态枚举直接定义。,DIRECT,HEARTBEAT.custom_mode,解码当前 PX4 主/子模式后比较。,,,NOT_APPLICABLE,,NOT_ASSESSED
PX4-TB-007,PX4,LAND,PRIMARY_VALUE,LAND:primary,该行是其候选组的核心真值实体；只有该组被性质选择时才参与判真。,ENUM_CONSTANT,vehicle_status_s::NAVIGATION_STATE_AUTO_LAND,baseline/px4/msg/versioned/VehicleStatus.msg,54,54,,uint8 enum,,Mode_t == NAVIGATION_STATE_AUTO_LAND。,,EXACT,当前 VehicleStatus 导航状态枚举直接定义。,DIRECT,HEARTBEAT.custom_mode,解码当前 PX4 主/子模式后比较。,,,NOT_APPLICABLE,,NOT_ASSESSED
PX4-TB-008,PX4,ORBIT,PRIMARY_VALUE,ORBIT:primary,该行是其候选组的核心真值实体；只有该组被性质选择时才参与判真。,ENUM_CONSTANT,vehicle_status_s::NAVIGATION_STATE_ORBIT,baseline/px4/msg/versioned/VehicleStatus.msg,57,57,,uint8 enum,,Mode_t == NAVIGATION_STATE_ORBIT。,,EXACT,当前 VehicleStatus 导航状态枚举直接定义。,DIRECT,HEARTBEAT.custom_mode,解码当前 PX4 主/子模式后比较。,,,NOT_APPLICABLE,,NOT_ASSESSED
PX4-TB-009,PX4,ALT_t,PRIMARY_VALUE,ALT_t:global_amsl,该行是其候选组的核心真值实体；只有该组被性质选择时才参与判真。,UORB_FIELD,vehicle_global_position.alt,baseline/px4/msg/versioned/VehicleGlobalPosition.msg,15,15,,float32,m AMSL,读取 alt 且 alt_valid=true。,检查 timestamp、timestamp_sample、alt_valid 和 alt_reset_counter。,MODELLED,字段身份精确，但论文 ALT 没有统一说明 AMSL、相对 Home 或局部高度。,CONDITIONAL,"GLOBAL_POSITION_INT.alt,time_boot_ms",alt 从毫米除以 1000 得到 AMSL 米。,GLOBAL_POSITION_INT 不携带 gpos.alt_valid 或 alt_reset_counter；外部数值存在不等于估计器样本有效。,,NOT_APPLICABLE,,NOT_ASSESSED
PX4-TB-010,PX4,ALT_t,SUPPORTING_EVIDENCE,ALT_t:global_amsl,该行只说明形成、消费、关联或发送路径，不会单独改善主值的可观测性。,ASSIGNMENT,"EKF2::PublishGlobalPosition(): lla.altitude(), alt_valid, alt_reset_counter",baseline/px4/src/modules/ekf2/EKF2.cpp,1200,1212,EKF2::PublishGlobalPosition(uint64_t),vehicle_global_position altitude plus validity/reset metadata,m AMSL,由 EKF 的 WGS84 高度形成 alt，并分别发布垂直有效位和重置计数。,判真必须同时订阅 alt_valid、alt_reset_counter、timestamp 和 timestamp_sample。,EXACT,当前 uORB 高度、有效位和重置元数据形成路径直接可证。,INSTRUMENTATION_REQUIRED,,,标准 GLOBAL_POSITION_INT 只发送数值，不发送这些有效性和重置字段。,,NOT_APPLICABLE,,NOT_ASSESSED
PX4-TB-011,PX4,ALT_t,SUPPORTING_EVIDENCE,ALT_t:global_amsl,该行只说明形成、消费、关联或发送路径，不会单独改善主值的可观测性。,MAVLINK_SENDER,MavlinkStreamGlobalPositionInt::send(): msg.alt = gpos.alt * 1000,baseline/px4/src/modules/mavlink/streams/GLOBAL_POSITION_INT.hpp,87,87,MavlinkStreamGlobalPositionInt::send(),int32 millimetres,mm AMSL,将 gpos.alt 编码到 GLOBAL_POSITION_INT.alt。,发送函数没有把 gpos.alt_valid 和 alt_reset_counter 一同编码。,EXACT,uORB 到 MAVLink 数值编码直接可证。,CONDITIONAL,"GLOBAL_POSITION_INT.alt,time_boot_ms",,,,NOT_APPLICABLE,,NOT_ASSESSED
PX4-TB-012,PX4,ALT_t,ALTERNATIVE_SEMANTICS,ALT_t:relative_home,该行属于互斥替代解释；只有人工切换到本候选组后才参与判真。,DERIVED_EXPRESSION,vehicle_global_position.alt - home_position.alt,baseline/px4/src/modules/mavlink/streams/GLOBAL_POSITION_INT.hpp,77,77,,float32,m above Home,当 Home 高度有效时，用全球高度减 Home 高度。,要求 gpos.alt_valid、home.valid_alt 和同一时间基准。,MODELLED,只适用于明确要求相对 Home 高度的公式解释。,CONDITIONAL,"GLOBAL_POSITION_INT.relative_alt,time_boot_ms",relative_alt 从毫米除以 1000。,Home 无效时发送器把绝对 AMSL 高度写入 relative_alt；消息还缺少 gpos.alt_valid 和重置计数。,,NOT_APPLICABLE,,NOT_ASSESSED
PX4-TB-013,PX4,ALT_t,ALTERNATIVE_SEMANTICS,ALT_t:relative_rtl_destination,该行属于互斥替代解释；只有人工切换到本候选组后才参与判真。,DERIVED_EXPRESSION,vehicle_global_position.alt - selected RTL destination altitude,baseline/px4/src/modules/navigator/rtl.cpp,477,530,RTL::findRtlDestination(); RTL::calculate_return_alt_from_cone_half_angle(),float derived from current AMSL and selected destination AMSL,"m above Home, safe point, or mission landing destination",RTL_RETURN_ALT 的参考面是当前选定目的地，不一定是 Home；用当前 AMSL 减该目的地 AMSL 才能与参数比较。,必须保存本次 RTL 选择的 destination type、目的地高度、锥角分支和同一有效全球高度样本。,MODELLED,当前参数文档和目的地选择源码直接证明参考面，但论文 ALT_t 没有公开此迁移定义。,INSTRUMENTATION_REQUIRED,,,HOME_POSITION 不会发布 safe point 或 mission landing destination；需要内部订阅/插桩。,,NOT_APPLICABLE,,NOT_ASSESSED
PX4-TB-014,PX4,ALT_t,ALTERNATIVE_SEMANTICS,ALT_t:relative_takeoff_reference,该行属于互斥替代解释；只有人工切换到本候选组后才参与判真。,DERIVED_EXPRESSION,vehicle_global_position.alt - takeoff-reference altitude captured at command/activation,baseline/px4/src/modules/navigator/takeoff.cpp,188,199,Takeoff::set_takeoff_position(),trace-derived float,m above takeoff reference,默认起飞目标由当前 AMSL 加 MIS_TAKEOFF_ALT 形成；监视时应在同一起飞实例捕获参考高度后计算相对高度。,必须关联同一 TAKEOFF 命令/模式实例；若命令已提供绝对目标高度，则默认参数路径不适用。,MODELLED,当前默认目标形成路径可证，但监视参考高度需要事件关联。,DERIVED,"GLOBAL_POSITION_INT.alt,time_boot_ms; COMMAND_LONG/COMMAND_INT 起飞事件",,需要保存起飞实例起点；不能直接把 AMSL 数值与相对高度参数比较。,,NOT_APPLICABLE,,NOT_ASSESSED
PX4-TB-015,PX4,ALT_t,ALTERNATIVE_SEMANTICS,ALT_t:local_ned,该行属于互斥替代解释；只有人工切换到本候选组后才参与判真。,DERIVED_EXPRESSION,-vehicle_local_position.z,baseline/px4/msg/versioned/VehicleLocalPosition.msg,17,17,,float32,m above local NED origin,若性质只要求局部高度变化，则由 NED 坐标向下为正的 z 取负得到向上高度。,要求 z_valid=true，timestamp 新鲜且 z_reset_counter 未变；局部原点不等于 Home 或海拔零点。,MODELLED,字段与符号换算精确，但论文 ALT_t 没有固定高度参考面。,CONDITIONAL,"LOCAL_POSITION_NED.z,time_boot_ms",将 z 取负，并拒绝跨 z_reset_counter 的比较。,,,NOT_APPLICABLE,,NOT_ASSESSED
PX4-TB-016,PX4,ALT_t,ALTERNATIVE_SEMANTICS,ALT_t:distance_to_ground,该行属于互斥替代解释；只有人工切换到本候选组后才参与判真。,UORB_FIELD,vehicle_local_position.dist_bottom,baseline/px4/msg/versioned/VehicleLocalPosition.msg,61,61,,float32,m distance above bottom/ground surface,若 LAND 性质中 ALT_t 实际指离地高度，则读取 dist_bottom。,要求 dist_bottom_valid=true，timestamp 新鲜且 dist_bottom_reset_counter 未变；传感器来源由 bitfield 说明。,MODELLED,当前有明确离地距离字段，但论文 ALT_t 没有说明此处是融合高度还是离地高度。,CONDITIONAL,"DISTANCE_SENSOR.current_distance,time_boot_ms 或 ALTITUDE.altitude_bottom,time_usec",DISTANCE_SENSOR.current_distance 从厘米除以 100；ALTITUDE.altitude_bottom 已为米。,消息只在距离/地形估计有效且对应流已启用时可用。,,NOT_APPLICABLE,,NOT_ASSESSED
PX4-TB-017,PX4,ALT_t-1,PRIMARY_VALUE,ALT_t-1:global_amsl,该行是其候选组的核心真值实体；只有该组被性质选择时才参与判真。,TRACE_PREVIOUS_SAMPLE,previous_accepted(vehicle_global_position.alt),baseline/px4/msg/versioned/VehicleGlobalPosition.msg,15,15,,float32 or trace-derived float,m AMSL,取同一数据源、同一坐标系的前一个已接受有效样本。,前后样本必须使用与当前 ALT_t 相同的候选组、参考面和运行实例，并拒绝跨高度重置的比较。,MODELLED,源码中不存在独立的 t-1 变量；必须由监视器保存历史。,DERIVED,"GLOBAL_POSITION_INT.alt,time_boot_ms",按发送端时间排序后保存前一有效样本；t-1 不是一秒前。,采样周期、丢包、重排和估计器重置会改变相邻样本语义。,,NOT_APPLICABLE,,NOT_ASSESSED
PX4-TB-018,PX4,ALT_t-1,ALTERNATIVE_SEMANTICS,ALT_t-1:relative_home,该行属于互斥替代解释；只有人工切换到本候选组后才参与判真。,TRACE_PREVIOUS_SAMPLE,previous_accepted(vehicle_global_position.alt-home_position.alt),baseline/px4/src/modules/mavlink/streams/GLOBAL_POSITION_INT.hpp,77,77,,float32 or trace-derived float,m above Home,取同一数据源、同一坐标系的前一个已接受有效样本。,前后样本必须使用与当前 ALT_t 相同的候选组、参考面和运行实例，并拒绝跨高度重置的比较。,MODELLED,源码中不存在独立的 t-1 变量；必须由监视器保存历史。,DERIVED,"GLOBAL_POSITION_INT.relative_alt,time_boot_ms",按发送端时间排序后保存前一有效样本；t-1 不是一秒前。,采样周期、丢包、重排和估计器重置会改变相邻样本语义。,,NOT_APPLICABLE,,NOT_ASSESSED
PX4-TB-019,PX4,ALT_t-1,ALTERNATIVE_SEMANTICS,ALT_t-1:local_ned,该行属于互斥替代解释；只有人工切换到本候选组后才参与判真。,TRACE_PREVIOUS_SAMPLE,previous_accepted(-vehicle_local_position.z),baseline/px4/msg/versioned/VehicleLocalPosition.msg,17,17,,float32 or trace-derived float,m above local NED origin,取同一数据源、同一坐标系的前一个已接受有效样本。,前后样本必须使用与当前 ALT_t 相同的候选组、参考面和运行实例，并拒绝跨高度重置的比较。,MODELLED,源码中不存在独立的 t-1 变量；必须由监视器保存历史。,DERIVED,"LOCAL_POSITION_NED.z,time_boot_ms",按发送端时间排序后保存前一有效样本；t-1 不是一秒前。,采样周期、丢包、重排和估计器重置会改变相邻样本语义。,,NOT_APPLICABLE,,NOT_ASSESSED
PX4-TB-020,PX4,ALT_t-1,ALTERNATIVE_SEMANTICS,ALT_t-1:distance_to_ground,该行属于互斥替代解释；只有人工切换到本候选组后才参与判真。,TRACE_PREVIOUS_SAMPLE,previous_accepted(vehicle_local_position.dist_bottom),baseline/px4/msg/versioned/VehicleLocalPosition.msg,61,61,,float32 or trace-derived float,m distance to ground,取同一数据源、同一坐标系的前一个已接受有效样本。,前后样本必须使用与当前 ALT_t 相同的候选组、参考面和运行实例，并拒绝跨高度重置的比较。,MODELLED,源码中不存在独立的 t-1 变量；必须由监视器保存历史。,DERIVED,DISTANCE_SENSOR.current_distance 或 ALTITUDE.altitude_bottom,按发送端时间排序后保存前一有效样本；t-1 不是一秒前。,采样周期、丢包、重排和估计器重置会改变相邻样本语义。,,NOT_APPLICABLE,,NOT_ASSESSED
PX4-TB-021,PX4,ALT_t-1,ALTERNATIVE_SEMANTICS,ALT_t-1:relative_rtl_destination,该行属于互斥替代解释；只有人工切换到本候选组后才参与判真。,TRACE_PREVIOUS_SAMPLE,previous_accepted(current AMSL-selected RTL destination AMSL),baseline/px4/src/modules/navigator/rtl.cpp,477,477,,float32 or trace-derived float,m above selected RTL destination,取同一数据源、同一坐标系的前一个已接受有效样本。,前后样本必须使用与当前 ALT_t 相同的候选组、参考面和运行实例，并拒绝跨高度重置的比较。,MODELLED,源码中不存在独立的 t-1 变量；必须由监视器保存历史。,DERIVED,内部目的地加 GLOBAL_POSITION_INT.alt,按发送端时间排序后保存前一有效样本；t-1 不是一秒前。,采样周期、丢包、重排和估计器重置会改变相邻样本语义。,,NOT_APPLICABLE,,NOT_ASSESSED
PX4-TB-022,PX4,ALT_t-1,ALTERNATIVE_SEMANTICS,ALT_t-1:relative_takeoff_reference,该行属于互斥替代解释；只有人工切换到本候选组后才参与判真。,TRACE_PREVIOUS_SAMPLE,previous_accepted(current AMSL-captured takeoff reference AMSL),baseline/px4/src/modules/navigator/takeoff.cpp,188,188,,float32 or trace-derived float,m above takeoff reference,取同一数据源、同一坐标系的前一个已接受有效样本。,前后样本必须使用与当前 ALT_t 相同的候选组、参考面和运行实例，并拒绝跨高度重置的比较。,MODELLED,源码中不存在独立的 t-1 变量；必须由监视器保存历史。,DERIVED,轨迹捕获加 GLOBAL_POSITION_INT.alt,按发送端时间排序后保存前一有效样本；t-1 不是一秒前。,采样周期、丢包、重排和估计器重置会改变相邻样本语义。,,NOT_APPLICABLE,,NOT_ASSESSED
PX4-TB-023,PX4,Pos_t,PRIMARY_VALUE,Pos_t:global_wgs84,该行是其候选组的核心真值实体；只有该组被性质选择时才参与判真。,UORB_FIELD,"vehicle_global_position.lat,lon",baseline/px4/msg/versioned/VehicleGlobalPosition.msg,13,13,,float64 tuple,degrees WGS84,读取 lat/lon 且 lat_lon_valid=true。,检查 timestamp、lat_lon_valid 和 lat_lon_reset_counter。,MODELLED,字段精确；论文位置严格相等需要距离容差和重置处理。,DIRECT,"GLOBAL_POSITION_INT.lat,lon,time_boot_ms",经纬度除以 1e7；比较时换算为地表距离。,,,NOT_APPLICABLE,,NOT_ASSESSED
PX4-TB-024,PX4,Pos_t,ALTERNATIVE_SEMANTICS,Pos_t:local_ned,该行属于互斥替代解释；只有人工切换到本候选组后才参与判真。,UORB_FIELD,"vehicle_local_position.x,y",baseline/px4/msg/versioned/VehicleLocalPosition.msg,15,15,,float32 tuple,m local NED,读取 x/y 且 xy_valid=true。,前后比较必须保持同一局部原点且 xy_reset_counter 不变。,MODELLED,可用于局部位移，但局部原点不等于 Home。,CONDITIONAL,"LOCAL_POSITION_NED.x,y,time_boot_ms",,,,NOT_APPLICABLE,,NOT_ASSESSED
PX4-TB-025,PX4,Pos_t-1,PRIMARY_VALUE,Pos_t-1:global_wgs84,该行是其候选组的核心真值实体；只有该组被性质选择时才参与判真。,TRACE_PREVIOUS_SAMPLE,"previous_accepted(vehicle_global_position.lat,lon)",baseline/px4/msg/versioned/VehicleGlobalPosition.msg,13,13,,position tuple,WGS84 degrees,取同一数据源、同一坐标系的前一个已接受有效样本。,必须与当前 Pos_t 使用同一候选组；拒绝跨 xy/lat_lon reset counter 的样本。,MODELLED,源码中不存在独立的 t-1 变量；必须由监视器保存历史。,DERIVED,"GLOBAL_POSITION_INT.lat,lon,time_boot_ms",按发送端时间排序后保存前一有效样本；t-1 不是一秒前。,采样周期、丢包、重排和估计器重置会改变相邻样本语义。,,NOT_APPLICABLE,,NOT_ASSESSED
PX4-TB-026,PX4,Pos_t-1,ALTERNATIVE_SEMANTICS,Pos_t-1:local_ned,该行属于互斥替代解释；只有人工切换到本候选组后才参与判真。,TRACE_PREVIOUS_SAMPLE,"previous_accepted(vehicle_local_position.x,y)",baseline/px4/msg/versioned/VehicleLocalPosition.msg,15,15,,position tuple,m local NED,取同一数据源、同一坐标系的前一个已接受有效样本。,必须与当前 Pos_t 使用同一候选组；拒绝跨 xy/lat_lon reset counter 的样本。,MODELLED,源码中不存在独立的 t-1 变量；必须由监视器保存历史。,DERIVED,"LOCAL_POSITION_NED.x,y,time_boot_ms",按发送端时间排序后保存前一有效样本；t-1 不是一秒前。,采样周期、丢包、重排和估计器重置会改变相邻样本语义。,,NOT_APPLICABLE,,NOT_ASSESSED
PX4-TB-027,PX4,home_position,PRIMARY_VALUE,home_position:primary,该行是其候选组的核心真值实体；只有该组被性质选择时才参与判真。,UORB_FIELD,"home_position.lat,lon",baseline/px4/msg/versioned/HomePosition.msg,7,7,,float64 tuple,degrees WGS84,读取 Home 经纬度且 valid_hpos=true。,检查 timestamp、valid_hpos 和 update_count。,EXACT,Home 字段与 MAVLink HOME_POSITION 发送路径直接对应。,DIRECT,"HOME_POSITION.latitude,longitude,time_usec",纬经度除以 1e7；Home 并非所有 RTL 配置下唯一目的地。,,,NOT_APPLICABLE,,NOT_ASSESSED
PX4-TB-028,PX4,GroundALT,PRIMARY_VALUE,GroundALT:untyped_unresolved,该行是其候选组的核心真值实体；只有该组被性质选择时才参与判真。,UNRESOLVED_ABSTRACTION,no type-compatible numeric GroundALT definition,,0,0,,undefined paper abstraction,,论文没有给 GroundALT 的数值类型、参考面或容差，不能把 vehicle_land_detected.landed 布尔量代入高度等式。,补充数值地面参考定义或明确改写为 landed 布尔性质前不判真。,UNRESOLVED,当前 landed、Home AMSL 和 terrain AMSL 是互斥候选，均未被论文确认。,UNRESOLVED,,,,,NOT_APPLICABLE,,NOT_ASSESSED
PX4-TB-029,PX4,GroundALT,ALTERNATIVE_SEMANTICS,GroundALT:landed_state,该行属于互斥替代解释；只有人工切换到本候选组后才参与判真。,UORB_FIELD,vehicle_land_detected.landed,baseline/px4/msg/versioned/VehicleLandDetected.msg,8,8,,bool,,若真实含义是触地，使用 landed==true 作为语义代理。,这是触地检测，不是数值高度。,MODELLED,论文 GroundALT 未定义；触地状态比高度严格等式更接近自然语言。,DIRECT,EXTENDED_SYS_STATE.landed_state,判断 MAV_LANDED_STATE_ON_GROUND。,,,NOT_APPLICABLE,,NOT_ASSESSED
PX4-TB-030,PX4,GroundALT,ALTERNATIVE_SEMANTICS,GroundALT:home_amsl,该行属于互斥替代解释；只有人工切换到本候选组后才参与判真。,UORB_FIELD,home_position.alt,baseline/px4/msg/versioned/HomePosition.msg,9,9,,float32,m AMSL,若论文把 GroundALT 简化为 Home 点地面海拔，则读取 home_position.alt。,要求 valid_alt=true；Home 地面海拔不等于飞行器当前下方地形高度。,MODELLED,字段身份精确，但 GroundALT 的论文定义缺失，只能作为一种有条件的参考面解释。,DIRECT,"HOME_POSITION.altitude,time_usec",altitude 从毫米除以 1000 得到 AMSL 米。,,,NOT_APPLICABLE,,NOT_ASSESSED
PX4-TB-031,PX4,GroundALT,ALTERNATIVE_SEMANTICS,GroundALT:terrain_amsl,该行属于互斥替代解释；只有人工切换到本候选组后才参与判真。,UORB_FIELD,vehicle_global_position.terrain_alt,baseline/px4/msg/versioned/VehicleGlobalPosition.msg,30,30,,float32,m WGS84 terrain altitude,只有 terrain_alt_valid=true 时才可解释为飞行器下方地形高度。,,UNRESOLVED,论文没有说明 GroundALT 是否是地形高度，标准消息也不直接携带该字段。,INSTRUMENTATION_REQUIRED,,,,,NOT_APPLICABLE,,NOT_ASSESSED
PX4-TB-032,PX4,Yaw_t,PRIMARY_VALUE,Yaw_t:primary,该行是其候选组的核心真值实体；只有该组被性质选择时才参与判真。,UORB_FIELD,vehicle_local_position.heading,baseline/px4/msg/versioned/VehicleLocalPosition.msg,42,42,,float32,radians in NED tangent plane,读取 heading，并要求 heading_good_for_control。,检查 timestamp 和 heading_reset_counter；使用环形角差。,EXACT,当前航向字段和 MAVLink 编码直接对应；它不是 yawspeed。,DIRECT,"GLOBAL_POSITION_INT.hdg,time_boot_ms",hdg 从百分之一度转为角度/弧度并处理 0/360 环绕。,,,NOT_APPLICABLE,,NOT_ASSESSED
PX4-TB-033,PX4,Yaw_t-1,PRIMARY_VALUE,Yaw_t-1:primary,该行是其候选组的核心真值实体；只有该组被性质选择时才参与判真。,TRACE_PREVIOUS_SAMPLE,previous_accepted(vehicle_local_position.heading),baseline/px4/msg/versioned/VehicleLocalPosition.msg,42,42,,float32,radians,取同一数据源、同一坐标系的前一个已接受有效样本。,只接受 heading_reset_counter 未变化的有序有效样本，并用环形角差。,MODELLED,源码中不存在独立的 t-1 变量；必须由监视器保存历史。,DERIVED,"GLOBAL_POSITION_INT.hdg,time_boot_ms",按发送端时间排序后保存前一有效样本；t-1 不是一秒前。,采样周期、丢包、重排和估计器重置会改变相邻样本语义。,,NOT_APPLICABLE,,NOT_ASSESSED
PX4-TB-034,PX4,Speed_vertical_t,PRIMARY_VALUE,Speed_vertical_t:primary,该行是其候选组的核心真值实体；只有该组被性质选择时才参与判真。,UORB_FIELD,vehicle_local_position.vz,baseline/px4/msg/versioned/VehicleLocalPosition.msg,28,28,,float32,m/s NED down-positive,着陆下降速率取 +vz；起飞上升速率取 -vz；要求 v_z_valid。,检查 timestamp、v_z_valid 和 vz_reset_counter。,MODELLED,字段身份精确，但论文没有统一速度方向且参数是约束/目标而非实际值保证。,DIRECT,"GLOBAL_POSITION_INT.vz,time_boot_ms",MAVLink vz 从厘米/秒除以 100；上升时再取负号。,,,NOT_APPLICABLE,,NOT_ASSESSED
PX4-TB-035,PX4,Circle_radius_t,PRIMARY_VALUE,Circle_radius_t:target_radius,该行是其候选组的核心真值实体；只有该组被性质选择时才参与判真。,CLASS_MEMBER,FlightTaskOrbit::_orbit_radius,baseline/px4/src/modules/flight_mode_manager/tasks/Orbit/FlightTaskOrbit.hpp,119,119,,float,m target radius,读取内部无符号目标半径。,只在当前 ORBIT 任务实例激活时有效。,EXACT,当前 Orbit 类成员直接定义。,INSTRUMENTATION_REQUIRED,,,,,NOT_APPLICABLE,,NOT_ASSESSED
PX4-TB-036,PX4,Circle_radius_t,SUPPORTING_EVIDENCE,Circle_radius_t:target_radius,该行只说明形成、消费、关联或发送路径，不会单独改善主值的可观测性。,DERIVED_EXPRESSION,fabs(orbit_status.radius),baseline/px4/msg/OrbitStatus.msg,10,10,,float32,m,取发布的带符号半径绝对值。,按 orbit_status.timestamp/ORBIT_EXECUTION_STATUS.time_usec 检查新鲜度。,EXACT,发送端明确用速度符号乘内部半径。,DIRECT,"ORBIT_EXECUTION_STATUS.radius,time_usec",半径取绝对值；符号另用于旋转方向。,,,NOT_APPLICABLE,,NOT_ASSESSED
PX4-TB-037,PX4,Circle_radius_t-1,PRIMARY_VALUE,Circle_radius_t-1:primary,该行是其候选组的核心真值实体；只有该组被性质选择时才参与判真。,TRACE_PREVIOUS_SAMPLE,previous_accepted(fabs(orbit_status.radius)),baseline/px4/msg/OrbitStatus.msg,10,10,,float32,m,取同一数据源、同一坐标系的前一个已接受有效样本。,只接受同一 ORBIT 实例且发送时间递增的样本。,MODELLED,源码中不存在独立的 t-1 变量；必须由监视器保存历史。,DERIVED,"ORBIT_EXECUTION_STATUS.radius,time_usec",按发送端时间排序后保存前一有效样本；t-1 不是一秒前。,采样周期、丢包、重排和估计器重置会改变相邻样本语义。,,NOT_APPLICABLE,,NOT_ASSESSED
PX4-TB-038,PX4,Circle_direction_t,PRIMARY_VALUE,Circle_direction_t:target_encoded_direction,该行是其候选组的核心真值实体；只有该组被性质选择时才参与判真。,DERIVED_EXPRESSION,sign(orbit_status.radius),baseline/px4/src/modules/flight_mode_manager/tasks/Orbit/FlightTaskOrbit.cpp,138,138,,bool derived from float sign,,radius>0 表示顺时针，radius<0 表示逆时针。,消息必须属于当前 ORBIT 实例；发布端 signNoZero 在 _orbit_velocity==0 时仍编码正半径，因此正号只是目标/编码方向，不证明正在运动。,MODELLED,发布代码精确编码目标方向，但论文没有证明 direction 指目标编码而非实际运动方向。,DIRECT,ORBIT_EXECUTION_STATUS.radius,,,,NOT_APPLICABLE,,NOT_ASSESSED
PX4-TB-039,PX4,Circle_direction_t,SUPPORTING_EVIDENCE,Circle_direction_t:target_encoded_direction,该行只说明形成、消费、关联或发送路径，不会单独改善主值的可观测性。,DERIVED_EXPRESSION,sign(FlightTaskOrbit::_orbit_velocity),baseline/px4/src/modules/flight_mode_manager/tasks/Orbit/FlightTaskOrbit.hpp,118,118,,direction derived from float sign,signed target tangential velocity,内部目标圆周速度的符号决定旋转方向，并在发布 orbit_status.radius 时编码到半径符号。,只在当前 ORBIT 任务实例激活且 _orbit_velocity 非零时有方向意义。,EXACT,内部方向来源与对外带符号半径的编码路径直接可证。,INSTRUMENTATION_REQUIRED,,,直接读内部成员需要插桩；对外可优先使用上一行 ORBIT_EXECUTION_STATUS.radius 的符号。,,NOT_APPLICABLE,,NOT_ASSESSED
PX4-TB-040,PX4,Circle_direction_t,SUPPORTING_EVIDENCE,Circle_direction_t:target_encoded_direction,该行只说明形成、消费、关联或发送路径，不会单独改善主值的可观测性。,ASSIGNMENT,FlightTaskOrbit::applyCommandParameters(): command.param1 sign -> _orbit_velocity,baseline/px4/src/modules/flight_mode_manager/tasks/Orbit/FlightTaskOrbit.cpp,68,68,"FlightTaskOrbit::applyCommandParameters(const vehicle_command_s&, bool&)",signed float target velocity,param1 radius sign plus param2 m/s speed,ORBIT 命令 param1 的符号选方向，param2 提供速度大小，最后写入带符号 _orbit_velocity。,参数必须为有限数并通过半径范围检查。,EXACT,命令参数到内部目标的赋值路径直接可证。,CONDITIONAL,"COMMAND_LONG.command=MAV_CMD_DO_ORBIT,param1,param2; COMMAND_ACK",,发送值不等于飞控已接受，需关联 ACK 和后续 ORBIT_EXECUTION_STATUS。,,NOT_APPLICABLE,,NOT_ASSESSED
PX4-TB-041,PX4,Circle_direction_t,SUPPORTING_EVIDENCE,Circle_direction_t:target_encoded_direction,该行只说明形成、消费、关联或发送路径，不会单独改善主值的可观测性。,MAVLINK_SENDER,MavlinkStreamOrbitStatus::send(),baseline/px4/src/modules/mavlink/streams/ORBIT_EXECUTION_STATUS.hpp,70,70,MavlinkStreamOrbitStatus::send(),signed radius encoder,,将 orbit_status.radius 保持符号发送为 ORBIT_EXECUTION_STATUS.radius。,按 orbit_status.timestamp 关联当前 ORBIT 实例。,EXACT,uORB 字段到 MAVLink 字段的编码直接可证。,DIRECT,"ORBIT_EXECUTION_STATUS.radius,time_usec",,,,NOT_APPLICABLE,,NOT_ASSESSED
PX4-TB-042,PX4,Circle_direction_t,ALTERNATIVE_SEMANTICS,Circle_direction_t:actual_motion_direction,该行属于互斥替代解释；只有人工切换到本候选组后才参与判真。,DERIVED_EXPRESSION,"sign(cross_2d(position - orbit_center, horizontal_velocity))",baseline/px4/msg/versioned/VehicleLocalPosition.msg,26,26,,"direction derived from position, center and velocity",one common local tangent frame,若性质指实际飞行方向，则把位置到圆心的径向向量与水平速度做二维叉积，由符号判断旋转方向。,圆心、位置和速度必须转到同一坐标系，且速度大小高于有来源的噪声门限；论文未给门限。,MODELLED,这是实际运动方向的可观测派生定义，但论文不明确要目标还是实际方向。,DERIVED,"ORBIT_EXECUTION_STATUS.x,y; GLOBAL_POSITION_INT.lat,lon,vx,vy,time_boot_ms",,,,NOT_APPLICABLE,,NOT_ASSESSED
PX4-TB-043,PX4,Circle_speed_t,PRIMARY_VALUE,Circle_speed_t:target_tangential_speed,该行是其候选组的核心真值实体；只有该组被性质选择时才参与判真。,CLASS_MEMBER,fabs(FlightTaskOrbit::_orbit_velocity),baseline/px4/src/modules/flight_mode_manager/tasks/Orbit/FlightTaskOrbit.hpp,118,118,,float,m/s target tangential speed magnitude,若论文 speed 指内部目标圆周速度，则取 _orbit_velocity 绝对值。,只在 ORBIT 激活时有效，并保留方向符号供 direction 命题使用。,MODELLED,论文未区分目标速度和实际水平地速。,INSTRUMENTATION_REQUIRED,,,,,NOT_APPLICABLE,,NOT_ASSESSED
PX4-TB-044,PX4,Circle_speed_t,ALTERNATIVE_SEMANTICS,Circle_speed_t:actual_ground_speed,该行属于互斥替代解释；只有人工切换到本候选组后才参与判真。,DERIVED_EXPRESSION,"hypot(vehicle_local_position.vx, vehicle_local_position.vy)",baseline/px4/msg/versioned/VehicleLocalPosition.msg,26,26,,float32,m/s actual horizontal ground speed,若论文指实际速度，则由 vx、vy 计算水平速度大小。,要求 v_xy_valid 且前后样本未跨速度重置。,MODELLED,实际速度可派生，但不等于内部目标 _orbit_velocity。,DERIVED,"GLOBAL_POSITION_INT.vx,vy,time_boot_ms",vx、vy 从厘米/秒除以 100 后计算平方和开方。,,,NOT_APPLICABLE,,NOT_ASSESSED
PX4-TB-045,PX4,Circle_speed_t-1,PRIMARY_VALUE,Circle_speed_t-1:target_tangential_speed,该行是其候选组的核心真值实体；只有该组被性质选择时才参与判真。,TRACE_PREVIOUS_SAMPLE,previous_accepted(fabs(FlightTaskOrbit::_orbit_velocity)),baseline/px4/src/modules/flight_mode_manager/tasks/Orbit/FlightTaskOrbit.hpp,118,118,,float,m/s,取同一数据源、同一坐标系的前一个已接受有效样本。,前后必须与当前 Circle_speed_t 使用同一候选组；不能混用目标速度和实际地速。,MODELLED,源码中不存在独立的 t-1 变量；必须由监视器保存历史。,DERIVED,内部插桩,按发送端时间排序后保存前一有效样本；t-1 不是一秒前。,采样周期、丢包、重排和估计器重置会改变相邻样本语义。,,NOT_APPLICABLE,,NOT_ASSESSED
PX4-TB-046,PX4,Circle_speed_t-1,ALTERNATIVE_SEMANTICS,Circle_speed_t-1:actual_ground_speed,该行属于互斥替代解释；只有人工切换到本候选组后才参与判真。,TRACE_PREVIOUS_SAMPLE,"previous_accepted(hypot(vehicle_local_position.vx,vehicle_local_position.vy))",baseline/px4/msg/versioned/VehicleLocalPosition.msg,26,26,,float,m/s,取同一数据源、同一坐标系的前一个已接受有效样本。,前后必须与当前 Circle_speed_t 使用同一候选组；不能混用目标速度和实际地速。,MODELLED,源码中不存在独立的 t-1 变量；必须由监视器保存历史。,DERIVED,"GLOBAL_POSITION_INT.vx,vy,time_boot_ms",按发送端时间排序后保存前一有效样本；t-1 不是一秒前。,采样周期、丢包、重排和估计器重置会改变相邻样本语义。,,NOT_APPLICABLE,,NOT_ASSESSED
PX4-TB-047,PX4,RC_pitch,ALTERNATIVE_SEMANTICS,RC_pitch:normalized_manual_control,该行属于互斥替代解释；只有人工切换到本候选组后才参与判真。,UORB_FIELD,manual_control_setpoint.pitch,baseline/px4/msg/versioned/ManualControlSetpoint.msg,27,27,,"float32 normalized [-1,1]",,读取有效的标准化俯仰输入。,要求 valid=true、timestamp 新鲜，并保留 data_source。,MODELLED,当前控制使用标准化输入；论文 1500 是原始 PWM，二者需校准映射。,DIRECT,MANUAL_CONTROL 对应轴字段,不要把标准化零值直接写成原始 PWM 1500。,,,NOT_APPLICABLE,,NOT_ASSESSED
PX4-TB-048,PX4,RC_pitch,PRIMARY_VALUE,RC_pitch:raw_pwm,该行是其候选组的核心真值实体；只有该组被性质选择时才参与判真。,DERIVED_EXPRESSION,input_rc.values[RC_MAP_PITCH-1],baseline/px4/src/modules/rc_update/rc_update.cpp,440,440,RCUpdate::Run() raw-channel scaling loop,uint16 raw PWM,microseconds/PWM,论文与 1500 比较时使用当前 RC_MAP 选择的原始俯仰通道。,RC_MAP 必须有效；检查 rc_lost、rc_failsafe、timestamp_last_signal。,MODELLED,原始值可定位，但物理通道号、反向、校准和死区均为配置。,CONDITIONAL,"RC_CHANNELS.chanN_raw,time_boot_ms",N 由当前 RC_MAP 参数决定，不能固定假设 chan1/2/3。,,,NOT_APPLICABLE,,NOT_ASSESSED
PX4-TB-049,PX4,RC_pitch,SUPPORTING_EVIDENCE,RC_pitch:raw_pwm,该行只说明形成、消费、关联或发送路径，不会单独改善主值的可观测性。,ASSIGNMENT,RCUpdate::_rc.function[FUNCTION_PITCH] = RC_MAP_PITCH - 1,baseline/px4/src/modules/rc_update/rc_update.cpp,195,195,RCUpdate::update_rc_functions(),int8 channel-index mapping,,当前 RC_MAP_PITCH 参数减一得到俯仰功能对应的 values[] 索引。,参数值必须在有效通道范围内，并与当前 channel_count 联合检查。,EXACT,通道功能到原始数组索引的赋值直接可证。,DIRECT,"PARAM_VALUE.param_id=RC_MAP_PITCH,param_value",,,,NOT_APPLICABLE,,NOT_ASSESSED
PX4-TB-050,PX4,RC_roll,ALTERNATIVE_SEMANTICS,RC_roll:normalized_manual_control,该行属于互斥替代解释；只有人工切换到本候选组后才参与判真。,UORB_FIELD,manual_control_setpoint.roll,baseline/px4/msg/versioned/ManualControlSetpoint.msg,26,26,,"float32 normalized [-1,1]",,读取有效的标准化横滚输入。,要求 valid=true、timestamp 新鲜，并保留 data_source。,MODELLED,当前控制使用标准化输入；论文 1500 是原始 PWM，二者需校准映射。,DIRECT,MANUAL_CONTROL 对应轴字段,不要把标准化零值直接写成原始 PWM 1500。,,,NOT_APPLICABLE,,NOT_ASSESSED
PX4-TB-051,PX4,RC_roll,PRIMARY_VALUE,RC_roll:raw_pwm,该行是其候选组的核心真值实体；只有该组被性质选择时才参与判真。,DERIVED_EXPRESSION,input_rc.values[RC_MAP_ROLL-1],baseline/px4/src/modules/rc_update/rc_update.cpp,440,440,RCUpdate::Run() raw-channel scaling loop,uint16 raw PWM,microseconds/PWM,论文与 1500 比较时使用当前 RC_MAP 选择的原始横滚通道。,RC_MAP 必须有效；检查 rc_lost、rc_failsafe、timestamp_last_signal。,MODELLED,原始值可定位，但物理通道号、反向、校准和死区均为配置。,CONDITIONAL,"RC_CHANNELS.chanN_raw,time_boot_ms",N 由当前 RC_MAP 参数决定，不能固定假设 chan1/2/3。,,,NOT_APPLICABLE,,NOT_ASSESSED
PX4-TB-052,PX4,RC_roll,SUPPORTING_EVIDENCE,RC_roll:raw_pwm,该行只说明形成、消费、关联或发送路径，不会单独改善主值的可观测性。,ASSIGNMENT,RCUpdate::_rc.function[FUNCTION_ROLL] = RC_MAP_ROLL - 1,baseline/px4/src/modules/rc_update/rc_update.cpp,194,194,RCUpdate::update_rc_functions(),int8 channel-index mapping,,当前 RC_MAP_ROLL 参数减一得到横滚功能对应的 values[] 索引。,参数值必须在有效通道范围内，并与当前 channel_count 联合检查。,EXACT,通道功能到原始数组索引的赋值直接可证。,DIRECT,"PARAM_VALUE.param_id=RC_MAP_ROLL,param_value",,,,NOT_APPLICABLE,,NOT_ASSESSED
PX4-TB-053,PX4,Throttle_t,ALTERNATIVE_SEMANTICS,Throttle_t:normalized_manual_control,该行属于互斥替代解释；只有人工切换到本候选组后才参与判真。,UORB_FIELD,manual_control_setpoint.throttle,baseline/px4/msg/versioned/ManualControlSetpoint.msg,29,29,,"float32 normalized [-1,1]",,读取有效的标准化油门输入。,要求 valid=true、timestamp 新鲜，并保留 data_source。,MODELLED,当前控制使用标准化输入；论文 1500 是原始 PWM，二者需校准映射。,DIRECT,MANUAL_CONTROL 对应轴字段,不要把标准化零值直接写成原始 PWM 1500。,,,NOT_APPLICABLE,,NOT_ASSESSED
PX4-TB-054,PX4,Throttle_t,PRIMARY_VALUE,Throttle_t:raw_pwm,该行是其候选组的核心真值实体；只有该组被性质选择时才参与判真。,DERIVED_EXPRESSION,input_rc.values[RC_MAP_THROTTLE-1],baseline/px4/src/modules/rc_update/rc_update.cpp,440,440,RCUpdate::Run() raw-channel scaling loop,uint16 raw PWM,microseconds/PWM,论文与 1500 比较时使用当前 RC_MAP 选择的原始油门通道。,RC_MAP 必须有效；检查 rc_lost、rc_failsafe、timestamp_last_signal。,MODELLED,原始值可定位，但物理通道号、反向、校准和死区均为配置。,CONDITIONAL,"RC_CHANNELS.chanN_raw,time_boot_ms",N 由当前 RC_MAP 参数决定，不能固定假设 chan1/2/3。,,,NOT_APPLICABLE,,NOT_ASSESSED
PX4-TB-055,PX4,Throttle_t,SUPPORTING_EVIDENCE,Throttle_t:raw_pwm,该行只说明形成、消费、关联或发送路径，不会单独改善主值的可观测性。,ASSIGNMENT,RCUpdate::_rc.function[FUNCTION_THROTTLE] = RC_MAP_THROTTLE - 1,baseline/px4/src/modules/rc_update/rc_update.cpp,193,193,RCUpdate::update_rc_functions(),int8 channel-index mapping,,当前 RC_MAP_THROTTLE 参数减一得到油门功能对应的 values[] 索引。,参数值必须在有效通道范围内，并与当前 channel_count 联合检查。,EXACT,通道功能到原始数组索引的赋值直接可证。,DIRECT,"PARAM_VALUE.param_id=RC_MAP_THROTTLE,param_value",,,,NOT_APPLICABLE,,NOT_ASSESSED
PX4-TB-056,PX4,RC_pitch,SUPPORTING_EVIDENCE,RC_pitch:normalized_manual_control,该行只说明形成、消费、关联或发送路径，不会单独改善主值的可观测性。,ASSOCIATED_FIELD,manual_control_setpoint.data_source == SOURCE_RC,baseline/px4/msg/versioned/ManualControlSetpoint.msg,8,17,,uint8 source enum and field,,只有 data_source==SOURCE_RC 时，标准化轴值才代表物理 RC，而不是 MAVLink 手动控制源。,与同一条 manual_control_setpoint 的 valid、timestamp_sample 和轴字段配对。,EXACT,SOURCE_RC 枚举和 data_source 字段在当前消息定义中直接给出。,INSTRUMENTATION_REQUIRED,,,标准 MANUAL_CONTROL 消息不回传 PX4 内部 data_source 字段。,,NOT_APPLICABLE,,NOT_ASSESSED
PX4-TB-057,PX4,RC_roll,SUPPORTING_EVIDENCE,RC_roll:normalized_manual_control,该行只说明形成、消费、关联或发送路径，不会单独改善主值的可观测性。,ASSOCIATED_FIELD,manual_control_setpoint.data_source == SOURCE_RC,baseline/px4/msg/versioned/ManualControlSetpoint.msg,8,17,,uint8 source enum and field,,只有 data_source==SOURCE_RC 时，标准化轴值才代表物理 RC，而不是 MAVLink 手动控制源。,与同一条 manual_control_setpoint 的 valid、timestamp_sample 和轴字段配对。,EXACT,SOURCE_RC 枚举和 data_source 字段在当前消息定义中直接给出。,INSTRUMENTATION_REQUIRED,,,标准 MANUAL_CONTROL 消息不回传 PX4 内部 data_source 字段。,,NOT_APPLICABLE,,NOT_ASSESSED
PX4-TB-058,PX4,Throttle_t,SUPPORTING_EVIDENCE,Throttle_t:normalized_manual_control,该行只说明形成、消费、关联或发送路径，不会单独改善主值的可观测性。,ASSOCIATED_FIELD,manual_control_setpoint.data_source == SOURCE_RC,baseline/px4/msg/versioned/ManualControlSetpoint.msg,8,17,,uint8 source enum and field,,只有 data_source==SOURCE_RC 时，标准化轴值才代表物理 RC，而不是 MAVLink 手动控制源。,与同一条 manual_control_setpoint 的 valid、timestamp_sample 和轴字段配对。,EXACT,SOURCE_RC 枚举和 data_source 字段在当前消息定义中直接给出。,INSTRUMENTATION_REQUIRED,,,标准 MANUAL_CONTROL 消息不回传 PX4 内部 data_source 字段。,,NOT_APPLICABLE,,NOT_ASSESSED
PX4-TB-059,PX4,RC_t,ALTERNATIVE_SEMANTICS,RC_t:manual_control_availability,该行属于互斥替代解释；只有人工切换到本候选组后才参与判真。,UORB_FIELD,failsafe_flags.manual_control_signal_lost,baseline/px4/msg/FailsafeFlags.msg,39,39,,bool,,RC_t=off 当且仅当该标志为 true；RC_t=on 当且仅当为 false。,当前检查还依赖 manual_control_setpoint.valid、时间戳和 COM_RC_LOSS_T；若要表示物理 RC，还要求 data_source==SOURCE_RC。,EXACT,当前 failsafe 状态机使用的手动控制丢失字段直接定义。,CONDITIONAL,HIGH_LATENCY2.failure_flags & HL_FAILURE_FLAG_RC_RECEIVER,,只有 HIGH_LATENCY2 流已启用时才能读取；该位编码 manual_control_signal_lost，不证明丢失的一定是物理 RC。,,NOT_APPLICABLE,,NOT_ASSESSED
PX4-TB-060,PX4,RC_t,SUPPORTING_EVIDENCE,RC_t:manual_control_availability,该行只说明形成、消费、关联或发送路径，不会单独改善主值的可观测性。,ASSIGNMENT,manual_control_setpoint.valid && age <= COM_RC_LOSS_T,baseline/px4/src/modules/commander/HealthAndArmingChecks/checks/rcAndDataLinkCheck.cpp,48,48,RcAndDataLinkChecks::checkAndReport(),derived bool,,有效且未超过实际 COM_RC_LOSS_T 时视为 RC 可用。,必须读取当前参数值和飞控单调时间，不能用观察端固定超时替代。,EXACT,当前赋值条件直接定义 manual_control_signal_lost。,DERIVED,MANUAL_CONTROL或RC_CHANNELS到达序列，加 PARAM_VALUE(COM_RC_LOSS_T),,,,NOT_APPLICABLE,,NOT_ASSESSED
PX4-TB-061,PX4,RC_t,SUPPORTING_EVIDENCE,RC_t:manual_control_availability,该行只说明形成、消费、关联或发送路径，不会单独改善主值的可观测性。,MAVLINK_SENDER,HIGH_LATENCY2.failure_flags |= HL_FAILURE_FLAG_RC_RECEIVER,baseline/px4/src/modules/mavlink/streams/HIGH_LATENCY2.hpp,484,484,MavlinkStreamHighLatency2::write_failsafe_flags(),uint16 failure bitmask,,manual_control_signal_lost 为真时，把 RC_RECEIVER 故障位写入 HIGH_LATENCY2.failure_flags。,只有 HIGH_LATENCY2 流已发送且消息新鲜时可用。,EXACT,uORB failsafe 字段到 MAVLink 位的编码直接可证。,CONDITIONAL,HIGH_LATENCY2.failure_flags & HL_FAILURE_FLAG_RC_RECEIVER,,位名为 RC_RECEIVER，但源状态是更广义的 manual_control_signal_lost。,,NOT_APPLICABLE,,NOT_ASSESSED
PX4-TB-062,PX4,RC_t,PRIMARY_VALUE,RC_t:physical_receiver,该行是其候选组的核心真值实体；只有该组被性质选择时才参与判真。,SEMANTIC_CANDIDATE,!(input_rc.rc_lost || input_rc.rc_failsafe),baseline/px4/msg/InputRc.msg,29,29,,bool derived from receiver flags,,若 RC_t 只指底层接收器链路，则 rc_lost 和 rc_failsafe 均为 false 时候选为 on。,同时检查 timestamp_last_signal 与 input_source；部分接收器在链路丢失后仍发帧，因此两个标志都可能不完整。,MODELLED,底层链路字段直接可证，但当前 failsafe 真正使用的是上层 manual_control_signal_lost。,CONDITIONAL,"RC_CHANNELS.time_boot_ms,rssi,chanN_raw",,标准 RC_CHANNELS 没有完全等价发布 rc_lost 和 rc_failsafe 布尔位。,,NOT_APPLICABLE,,NOT_ASSESSED
PX4-TB-063,PX4,RC_t,SUPPORTING_EVIDENCE,RC_t:physical_receiver,该行只说明形成、消费、关联或发送路径，不会单独改善主值的可观测性。,ASSOCIATED_FIELD,input_rc.timestamp_last_signal,baseline/px4/msg/InputRc.msg,22,22,,uint64 boot-time timestamp,microseconds since system start,物理接收器候选必须确认最后一次有效信号时间仍新鲜。,阈值必须来自当前接收器/检查逻辑，不能用观察端任意秒数。,EXACT,当前消息直接定义最后有效接收时刻。,INSTRUMENTATION_REQUIRED,,,,,NOT_APPLICABLE,,NOT_ASSESSED
PX4-TB-064,PX4,RC_t,SUPPORTING_EVIDENCE,RC_t:physical_receiver,该行只说明形成、消费、关联或发送路径，不会单独改善主值的可观测性。,ASSOCIATED_FIELD,input_rc.input_source,baseline/px4/msg/InputRc.msg,36,36,,uint8 RC_INPUT_SOURCE enum,,确认 input_rc 来自哪一种物理接收器或 MAVLink 输入源。,物理 RC 解释需要排除 RC_INPUT_SOURCE_MAVLINK 等非接收器来源。,EXACT,输入来源字段和枚举直接定义。,INSTRUMENTATION_REQUIRED,,,,,NOT_APPLICABLE,,NOT_ASSESSED
PX4-TB-065,PX4,RC_t,SUPPORTING_EVIDENCE,RC_t:physical_receiver,该行只说明形成、消费、关联或发送路径，不会单独改善主值的可观测性。,ASSOCIATED_FIELD,input_rc.rc_lost,baseline/px4/msg/InputRc.msg,30,30,,bool receiver frame-loss state,,物理 RC 候选还要求 rc_lost==false；该位表示预期时间内未收到帧。,与 rc_failsafe、timestamp_last_signal 和 input_source 联合判定。,MODELLED,是物理接收器连接的直接字段，但不等于上层手动控制可用性。,CONDITIONAL,RC_CHANNELS 到达序列与 timestamp,,RC_CHANNELS 不直接携带 rc_lost 位。,,NOT_APPLICABLE,,NOT_ASSESSED
PX4-TB-066,PX4,Disarm,PRIMARY_VALUE,Disarm:vehicle_arming_state,该行是其候选组的核心真值实体；只有该组被性质选择时才参与判真。,UORB_FIELD,vehicle_status.arming_state == ARMING_STATE_DISARMED,baseline/px4/msg/versioned/VehicleStatus.msg,10,10,,uint8 enum comparison,,arming_state 等于 ARMING_STATE_DISARMED。,,EXACT,状态及枚举常量在同一当前消息定义。,DIRECT,HEARTBEAT.base_mode,MAV_MODE_FLAG_SAFETY_ARMED 位不存在。,,,NOT_APPLICABLE,,NOT_ASSESSED
PX4-TB-067,PX4,Disarm,SUPPORTING_EVIDENCE,Disarm:vehicle_arming_state,该行只说明形成、消费、关联或发送路径，不会单独改善主值的可观测性。,ENUM_CONSTANT,vehicle_status_s::ARMING_STATE_DISARMED,baseline/px4/msg/versioned/VehicleStatus.msg,11,11,,uint8 value 1,,Disarm 的主状态比较值为 ARMING_STATE_DISARMED。,,EXACT,枚举常量在当前消息定义中直接给出。,DIRECT,HEARTBEAT.base_mode,,,,NOT_APPLICABLE,,NOT_ASSESSED
PX4-TB-068,PX4,Disarm,SUPPORTING_EVIDENCE,Disarm:vehicle_arming_state,该行只说明形成、消费、关联或发送路径，不会单独改善主值的可观测性。,UORB_FIELD,actuator_armed.armed == false,baseline/px4/msg/ActuatorArmed.msg,3,3,,bool,,执行器武装字段为 false。,,EXACT,直接电机/执行器武装状态字段。,DIRECT,HEARTBEAT.base_mode,,,,NOT_APPLICABLE,,NOT_ASSESSED
PX4-TB-069,PX4,Command_t,PRIMARY_VALUE,Command_t:input_event,该行是其候选组的核心真值实体；只有该组被性质选择时才参与判真。,UORB_FIELD,vehicle_command.command,baseline/px4/msg/versioned/VehicleCommand.msg,190,190,,uint32 command ID,,读取当前 vehicle_command.command，并保存 timestamp、source_system 和 source_component。,收到命令不等于接受或执行；应关联 COMMAND_ACK 或后续模式状态。,MODELLED,命令字段身份精确，但论文 Command_t 没有说明是收到、接受还是开始执行；当前主组选择输入事件。,CONDITIONAL,COMMAND_LONG.command 或 COMMAND_INT.command,,,,NOT_APPLICABLE,,NOT_ASSESSED
PX4-TB-070,PX4,Command_t,SUPPORTING_EVIDENCE,Command_t:input_event,该行只说明形成、消费、关联或发送路径，不会单独改善主值的可观测性。,ASSOCIATED_FIELD,"vehicle_command.param1..param7,source_system,source_component",baseline/px4/msg/versioned/VehicleCommand.msg,183,196,,command envelope fields,,对 Command_t 的完整关联需保留 param1–7 和发送端身份；特别是 NAV_TAKEOFF 的 param7 携带绝对目标高度。,该行是命令上下文，不是 command ID 本身；必须与同一 timestamp 和 source 关联。,EXACT,字段结构与类型在当前 vehicle_command 消息中直接定义。,CONDITIONAL,"COMMAND_LONG.param1–param7,target_system,target_component 或 COMMAND_INT.x,y,z",,发出命令只证明输入；是否接受需另外关联 COMMAND_ACK。,,NOT_APPLICABLE,,NOT_ASSESSED
PX4-TB-071,PX4,Command_t,SUPPORTING_EVIDENCE,Command_t:input_event,该行只说明形成、消费、关联或发送路径，不会单独改善主值的可观测性。,ASSIGNMENT,MavlinkReceiver::handle_message_command_long(): COMMAND_LONG -> vehicle_command,baseline/px4/src/modules/mavlink/mavlink_receiver.cpp,484,500,MavlinkReceiver::handle_message_command_long(mavlink_message_t*),MAVLink command envelope to vehicle_command_s,,把外部 COMMAND_LONG 的 command、param1–7 和来源身份复制到 vehicle_command，再交给公共处理函数。,保留 from_external、source_system、source_component 和 timestamp；无效参数会在此前拒绝。,EXACT,COMMAND_LONG 的独立复制路径直接可证。,CONDITIONAL,COMMAND_LONG 输入记录,,这只是输入形成，不是接受或执行。,,NOT_APPLICABLE,,NOT_ASSESSED
PX4-TB-072,PX4,Command_t,SUPPORTING_EVIDENCE,Command_t:input_event,该行只说明形成、消费、关联或发送路径，不会单独改善主值的可观测性。,ASSIGNMENT,MavlinkReceiver::handle_message_command_int(): COMMAND_INT -> vehicle_command,baseline/px4/src/modules/mavlink/mavlink_receiver.cpp,520,545,MavlinkReceiver::handle_message_command_int(mavlink_message_t*),MAVLink command envelope to vehicle_command_s,,把 COMMAND_INT 参数、缩放后的 x/y、z、命令身份和来源复制到 vehicle_command。,INT32_MAX/NAN 特殊值和来源身份必须与原消息一起保存。,EXACT,COMMAND_INT 的独立复制路径直接可证。,CONDITIONAL,COMMAND_INT 输入记录,,这只是输入形成，不是接受或执行。,,NOT_APPLICABLE,,NOT_ASSESSED
PX4-TB-073,PX4,Command_t,SUPPORTING_EVIDENCE,Command_t:input_event,该行只说明形成、消费、关联或发送路径，不会单独改善主值的可观测性。,ASSIGNMENT,MavlinkReceiver::handle_message_command_both(): publish vehicle_command,baseline/px4/src/modules/mavlink/mavlink_receiver.cpp,548,753,MavlinkReceiver::handle_message_command_both<T>(...) ,templated common command path,,公共路径处理本地 microservice 后，在无需立即 ACK 时发布 vehicle_command。,某些命令在 MAVLink 模块内处理并只返回 ACK，不会发布同一 uORB 输入事件。,EXACT,公共处理和发布点直接可证。,CONDITIONAL,COMMAND_LONG/COMMAND_INT 输入记录,,只有实际到达 publish 分支的命令才形成 vehicle_command 事件。,,NOT_APPLICABLE,,NOT_ASSESSED
PX4-TB-074,PX4,Command_t,ALTERNATIVE_SEMANTICS,Command_t:accepted_event,只在公式把 Command_t 定义为“已接受命令”时选用。,COMMAND_ACCEPTANCE,Commander::handle_command(): VEHICLE_CMD_NAV_TAKEOFF acceptance,baseline/px4/src/modules/commander/Commander.cpp,1064,1064,Commander::handle_command(const vehicle_command_s&),vehicle_command_ack result,,TAKEOFF 命令只有在用户模式意图成功切到 AUTO_TAKEOFF 时才标记 ACCEPTED，否则可临时拒绝。,按命令来源、command ID 和 ACK timestamp 与输入事件关联。,EXACT,当前接受/拒绝分支直接可证。,DIRECT,"COMMAND_ACK.command,result,target_system,target_component",,,,NOT_APPLICABLE,,NOT_ASSESSED
PX4-TB-075,PX4,Command_t,SUPPORTING_EVIDENCE,Command_t:accepted_event,该行只说明形成、消费、关联或发送路径，不会单独改善主值的可观测性。,COMMAND_ACK,Commander::answer_command(): publish vehicle_command_ack,baseline/px4/src/modules/commander/Commander.cpp,2673,2673,"Commander::answer_command(const vehicle_command_s&, result)",vehicle_command_ack_s,,把命令 ID、结果和原发送端身份发布到 vehicle_command_ack。,使用 command、target system/component 和 timestamp 关联。,EXACT,ACK 形成赋值路径直接可证。,DIRECT,"COMMAND_ACK.command,result,target_system,target_component",,,,NOT_APPLICABLE,,NOT_ASSESSED
PX4-TB-076,PX4,Command_t,ALTERNATIVE_SEMANTICS,Command_t:execution_state,只在公式把 Command_t 定义为“正在执行起飞”时选用。,EXECUTION_STATE,vehicle_status.nav_state == NAVIGATION_STATE_AUTO_TAKEOFF,baseline/px4/src/modules/navigator/navigator_main.cpp,799,799,Navigator::run(),uint8 navigation state,,Navigator 在 AUTO_TAKEOFF 状态选择 Takeoff 导航模块。,这是执行阶段状态，可能晚于命令接收和 ACK。,EXACT,导航模式分支直接可证。,DIRECT,HEARTBEAT.custom_mode 解码为 AUTO_TAKEOFF,,,,NOT_APPLICABLE,,NOT_ASSESSED
PX4-TB-077,PX4,takeoff,PRIMARY_VALUE,takeoff:primary,该行是其候选组的核心真值实体；只有该组被性质选择时才参与判真。,ENUM_CONSTANT,vehicle_command_s::VEHICLE_CMD_NAV_TAKEOFF,baseline/px4/msg/versioned/VehicleCommand.msg,17,17,,uint16 value 22,,Command_t == VEHICLE_CMD_NAV_TAKEOFF。,,EXACT,当前命令枚举直接定义；Commander 有接收分支。,DIRECT,COMMAND_LONG.command=22或COMMAND_INT.command=22,,若命题指开始执行，还应检查 COMMAND_ACK 和 AUTO_TAKEOFF 状态。,,NOT_APPLICABLE,,NOT_ASSESSED
PX4-TB-078,PX4,Target_ALT,PRIMARY_VALUE,Target_ALT:amsl_navigator_setpoint,该行是其候选组的核心真值实体；只有该组被性质选择时才参与判真。,UORB_FIELD,position_setpoint_triplet.current.alt,baseline/px4/msg/PositionSetpoint.msg,24,24,,float32,m AMSL,current.valid=true 且 current.type 与 TAKEOFF/HOLD 上下文匹配时读取 alt。,必须保存 triplet.timestamp、current.timestamp、valid 和 type。,MODELLED,字段明确，但 Target_ALT 在 TAKEOFF 与 HOLD 的形成路径不同。,CONDITIONAL,"POSITION_TARGET_GLOBAL_INT.alt,time_boot_ms",,发送要求位置控制启用、triplet/current 有效且经纬度有限；消息不携带 current.type 和内部 timestamp。,,NOT_APPLICABLE,,NOT_ASSESSED
PX4-TB-079,PX4,Target_ALT,SUPPORTING_EVIDENCE,Target_ALT:amsl_navigator_setpoint,该行只说明形成、消费、关联或发送路径，不会单独改善主值的可观测性。,ASSOCIATED_FIELD,position_setpoint_triplet.current,baseline/px4/msg/PositionSetpointTriplet.msg,7,7,,PositionSetpoint current container,,Target_ALT 属于 current 容器，必须同时保留 current.valid、type 和 timestamp。,不得只读 alt 而忽略容器有效位和任务类型。,EXACT,嵌套容器身份在当前 uORB 消息中直接定义。,INSTRUMENTATION_REQUIRED,,,,,NOT_APPLICABLE,,NOT_ASSESSED
PX4-TB-080,PX4,Target_ALT,SUPPORTING_EVIDENCE,Target_ALT:amsl_navigator_setpoint,该行只说明形成、消费、关联或发送路径，不会单独改善主值的可观测性。,ASSIGNMENT,rep->current.alt = cmd.param7,baseline/px4/src/modules/navigator/navigator_main.cpp,636,636,Navigator::run(),float32,m AMSL,在接受的 NAV_TAKEOFF 命令路径中，目标高度等于 param7。,要求命令参数有限、目标记录有效并与同一命令关联。,EXACT,当前赋值语句直接绑定起飞命令目标高度。,CONDITIONAL,COMMAND_LONG.param7或COMMAND_INT.z,,测试端知道发送值，但飞控内部接受后的 setpoint 仍建议插桩确认。,,NOT_APPLICABLE,,NOT_ASSESSED
PX4-TB-081,PX4,Target_ALT,ALTERNATIVE_SEMANTICS,Target_ALT:relative_home,该行属于互斥替代解释；只有人工切换到本候选组后才参与判真。,DERIVED_EXPRESSION,position_setpoint_triplet.current.alt - home_position.alt,baseline/px4/src/modules/mavlink/streams/POSITION_TARGET_GLOBAL_INT.hpp,75,84,MavlinkStreamPositionTargetGlobalInt::send(),float derived from two AMSL altitudes,m above Home,HOLD 最小高度参数以 Home 为参考时，用当前目标 AMSL 减 Home AMSL 后与 NAV_MIN_LTR_ALT 比较。,要求 setpoint、Home 和消息有效且属于同一 HOLD 实例；还要记录多旋翼 braking 路径可能绕过最小高度逻辑。,MODELLED,当前参数元数据明确 Home 参考面，但历史性质和当前多旋翼路径不保证总使用该逻辑。,DERIVED,"POSITION_TARGET_GLOBAL_INT.alt,time_boot_ms; HOME_POSITION.altitude,time_usec",两字段统一为米 AMSL 后相减。,,,NOT_APPLICABLE,,NOT_ASSESSED
PX4-TB-082,PX4,Target_ALT,ALTERNATIVE_SEMANTICS,Target_ALT:relative_takeoff_reference,该行属于互斥替代解释；只有人工切换到本候选组后才参与判真。,DERIVED_EXPRESSION,position_setpoint_triplet.current.alt - captured takeoff-reference altitude,baseline/px4/src/modules/navigator/takeoff.cpp,188,199,Takeoff::set_takeoff_position(),trace-derived float,m above takeoff reference,默认起飞路径把当前 AMSL 加 MIS_TAKEOFF_ALT 作为目标；相对目标需减去同一起飞实例捕获的参考高度。,若输入命令已提供有限绝对目标高度，则默认参数等式不适用。,MODELLED,默认形成路径可证，但命令覆盖和事件关联使该等式不是无条件状态事实。,DERIVED,POSITION_TARGET_GLOBAL_INT.alt; GLOBAL_POSITION_INT.alt; TAKEOFF 关联事件,,必须捕获起飞参考高度并区分默认目标与命令显式目标。,,NOT_APPLICABLE,,NOT_ASSESSED
PX4-TB-083,PX4,GPS_loss,PRIMARY_VALUE,GPS_loss:primary,该行是其候选组的核心真值实体；只有该组被性质选择时才参与判真。,UORB_FIELD,"sensor_gps.timestamp,fix_type",baseline/px4/msg/SensorGps.msg,3,3,,uint64 time plus uint8 enum,,只能在另有来源的 freshness 阈值或最低 fix_type 规则下判定丢失。,论文没有给出 loss 超时和最低 fix_type，不能人工补值。,MODELLED,原始 GPS 状态可观测，但论文事件边界未定义。,DIRECT,"GPS_RAW_INT.time_usec,fix_type,satellites_visible",,,,NOT_APPLICABLE,,NOT_ASSESSED
PX4-TB-084,PX4,GPS_loss,SUPPORTING_EVIDENCE,GPS_loss:primary,该行只说明形成、消费、关联或发送路径，不会单独改善主值的可观测性。,ASSOCIATED_FIELD,sensor_gps.fix_type,baseline/px4/msg/SensorGps.msg,22,22,,uint8 fix enum,,GPS_loss 候选定义需保留修复类型，不能只看时间戳。,最低可接受 fix_type 和超时均未由论文给出。,MODELLED,字段身份精确，事件门限未定义。,DIRECT,"GPS_RAW_INT.fix_type,time_usec",,,,NOT_APPLICABLE,,NOT_ASSESSED
PX4-TB-085,PX4,GPS_fail,PRIMARY_VALUE,GPS_fail:global_position_invalid,该行是其候选组的核心真值实体；只有该组被性质选择时才参与判真。,UORB_FIELD,failsafe_flags.global_position_invalid,baseline/px4/msg/FailsafeFlags.msg,32,32,,bool,,候选解释：当前全球位置估计无效标志为 true。,该状态可能由 GNSS、视觉、光流等定位链共同决定，不是 GPS 专用故障。,MODELLED,这是当前最接近的 failsafe 状态，但与论文旧 GPS_fail 非完全等价。,INSTRUMENTATION_REQUIRED,,,标准 MAVLink 没有直接携带该 failsafe_flags 位。,,NOT_APPLICABLE,,NOT_ASSESSED
PX4-TB-086,PX4,GPS_fail,SUPPORTING_EVIDENCE,GPS_fail:global_position_invalid,该行只说明形成、消费、关联或发送路径，不会单独改善主值的可观测性。,ASSIGNMENT,global_position_invalid = !checkPosVelValidity(...) ,baseline/px4/src/modules/commander/HealthAndArmingChecks/checks/estimatorCheck.cpp,681,681,EstimatorChecks::setModeRequirementFlags(),bool,,按当前位置有效性、精度、新鲜度和迟滞逻辑计算。,,MODELLED,说明当前标志的真实形成路径，但不能证明等价于 GPS 专用故障。,CONDITIONAL,STATUSTEXT/EVENTS 仅可能提供条件性提示,,,,NOT_APPLICABLE,,NOT_ASSESSED
PX4-TB-087,PX4,k,PRIMARY_VALUE,k:primary,该行是其候选组的核心真值实体；只有该组被性质选择时才参与判真。,UNRESOLVED_BOUND,no current PX4 symbol,,0,0,,,,PGFuzz 未公开调度余量操作数和具体数值。,,UNRESOLVED,不得把循环次数、3 秒 sleep 或 t-1 猜成 k。,UNRESOLVED,,,,,NOT_APPLICABLE,,NOT_ASSESSED
PX4-TB-088,PX4,RTL_RETURN_ALT,PRIMARY_VALUE,RTL_RETURN_ALT:primary,该行是其候选组的核心真值实体；只有该组被性质选择时才参与判真。,PARAMETER_DEFINITION,RTL_RETURN_ALT,baseline/px4/src/modules/navigator/rtl_params.c,59,59,,float32,m above selected RTL destination,当前运行参数值等于 PARAM 协议读取值。,在测试开始及参数变更后重新读取实际值；不得把默认值当作不可变运行值。,EXACT,当前参数名为 RTL_RETURN_ALT；源码/元数据默认字段为 60.0；冻结 SITL 快照值为 30.0。,DIRECT,"PARAM_VALUE.param_id,param_value",按参数元数据单位解释 PARAM_VALUE.param_value；变更后重新读取确认。,本任务只验证过读取身份，未执行运行时写入与生效测试；是否需要重启及何时生效必须逐参数验证。,RTL_RETURN_ALT,EXACT_SAME_NAME,,NOT_ASSESSED
PX4-TB-089,PX4,RTL_DESCEND_ALT,PRIMARY_VALUE,RTL_DESCEND_ALT:primary,该行是其候选组的核心真值实体；只有该组被性质选择时才参与判真。,PARAMETER_DEFINITION,RTL_DESCEND_ALT,baseline/px4/src/modules/navigator/rtl_params.c,75,75,,float32,m above selected RTL destination,当前运行参数值等于 PARAM 协议读取值。,在测试开始及参数变更后重新读取实际值；不得把默认值当作不可变运行值。,EXACT,当前参数名为 RTL_DESCEND_ALT；源码/元数据默认字段为 30.0；冻结 SITL 快照值为 10.0。,DIRECT,"PARAM_VALUE.param_id,param_value",按参数元数据单位解释 PARAM_VALUE.param_value；变更后重新读取确认。,本任务只验证过读取身份，未执行运行时写入与生效测试；是否需要重启及何时生效必须逐参数验证。,RTL_DESCEND_ALT,EXACT_SAME_NAME,当前合法最小值为 0；论文公式写 -1 是公式冲突，不是绑定失败。,NOT_ASSESSED
PX4-TB-090,PX4,RTL_LAND_DELAY,PRIMARY_VALUE,RTL_LAND_DELAY:primary,该行是其候选组的核心真值实体；只有该组被性质选择时才参与判真。,PARAMETER_DEFINITION,RTL_LAND_DELAY,baseline/px4/src/modules/navigator/rtl_params.c,89,89,,float32,s,读取当前延迟；-1 明确定义为不着陆并在 RTL_DESCEND_ALT 盘旋。,在测试开始及参数变更后重新读取实际值；不得把默认值当作不可变运行值。,EXACT,当前参数名为 RTL_LAND_DELAY；源码/元数据默认字段为 0.0；冻结 SITL 快照值为 0.0。,DIRECT,"PARAM_VALUE.param_id,param_value",按参数元数据单位解释 PARAM_VALUE.param_value；变更后重新读取确认。,本任务只验证过读取身份，未执行运行时写入与生效测试；是否需要重启及何时生效必须逐参数验证。,RTL_LAND_DELAY,EXACT_SAME_NAME,,NOT_ASSESSED
PX4-TB-091,PX4,MPC_LAND_SPEED,PRIMARY_VALUE,MPC_LAND_SPEED:primary,该行是其候选组的核心真值实体；只有该组被性质选择时才参与判真。,PARAMETER_DEFINITION,MPC_LAND_SPEED,baseline/px4/src/modules/mc_pos_control/multicopter_takeoff_land_params.c,111,111,,float32,m/s down-rate magnitude,读取当前着陆下降速率配置；实际 setpoint 还会插值或使用 crawl 速率。,在测试开始及参数变更后重新读取实际值；不得把默认值当作不可变运行值。,EXACT,当前参数名为 MPC_LAND_SPEED；源码/元数据默认字段为 0.7；冻结 SITL 快照值为 0.699999988079071。,DIRECT,"PARAM_VALUE.param_id,param_value",按参数元数据单位解释 PARAM_VALUE.param_value；变更后重新读取确认。,本任务只验证过读取身份，未执行运行时写入与生效测试；是否需要重启及何时生效必须逐参数验证。,MPC_LAND_SPEED,EXACT_SAME_NAME,,NOT_ASSESSED
PX4-TB-092,PX4,MIS_LTRMIN_ALT,PRIMARY_VALUE,MIS_LTRMIN_ALT:primary,该行是其候选组的核心真值实体；只有该组被性质选择时才参与判真。,PARAMETER_DEFINITION,NAV_MIN_LTR_ALT,baseline/px4/src/modules/navigator/navigator_params.c,192,192,,float32,m above Home,读取当前语义后继 NAV_MIN_LTR_ALT；负值表示禁用。,在测试开始及参数变更后重新读取实际值；不得把默认值当作不可变运行值。,MODELLED,当前参数名为 NAV_MIN_LTR_ALT；源码/元数据默认字段为 -1.0；冻结 SITL 快照值为 -1.0。,DIRECT,"PARAM_VALUE.param_id,param_value",按参数元数据单位解释 PARAM_VALUE.param_value；变更后重新读取确认。,本任务只验证过读取身份，未执行运行时写入与生效测试；是否需要重启及何时生效必须逐参数验证。,NAV_MIN_LTR_ALT,SEMANTIC_SUCCESSOR_NOT_PROVEN_RENAME,旧 MIS_LTRMIN_ALT 当前不存在；源码语义相近，但没有本地历史证明一对一迁移。,NOT_ASSESSED
PX4-TB-093,PX4,MIS_TAKEOFF_ALT,PRIMARY_VALUE,MIS_TAKEOFF_ALT:primary,该行是其候选组的核心真值实体；只有该组被性质选择时才参与判真。,PARAMETER_DEFINITION,MIS_TAKEOFF_ALT,baseline/px4/src/modules/navigator/mission_params.c,58,58,,float32,m relative takeoff altitude,读取未另行指定目标时使用的默认相对起飞高度。,在测试开始及参数变更后重新读取实际值；不得把默认值当作不可变运行值。,EXACT,当前参数名为 MIS_TAKEOFF_ALT；源码/元数据默认字段为 2.5；冻结 SITL 快照值为 2.5。,DIRECT,"PARAM_VALUE.param_id,param_value",按参数元数据单位解释 PARAM_VALUE.param_value；变更后重新读取确认。,本任务只验证过读取身份，未执行运行时写入与生效测试；是否需要重启及何时生效必须逐参数验证。,MIS_TAKEOFF_ALT,EXACT_SAME_NAME,,NOT_ASSESSED
PX4-TB-094,PX4,MPC_TKO_SPEED,PRIMARY_VALUE,MPC_TKO_SPEED:primary,该行是其候选组的核心真值实体；只有该组被性质选择时才参与判真。,PARAMETER_DEFINITION,MPC_TKO_SPEED,baseline/px4/src/modules/mc_pos_control/multicopter_takeoff_land_params.c,57,57,,float32,m/s up-rate magnitude,读取当前起飞速度约束；不等于每个实际物理样本必须严格相等。,在测试开始及参数变更后重新读取实际值；不得把默认值当作不可变运行值。,EXACT,当前参数名为 MPC_TKO_SPEED；源码/元数据默认字段为 1.5；冻结 SITL 快照值为 1.5。,DIRECT,"PARAM_VALUE.param_id,param_value",按参数元数据单位解释 PARAM_VALUE.param_value；变更后重新读取确认。,本任务只验证过读取身份，未执行运行时写入与生效测试；是否需要重启及何时生效必须逐参数验证。,MPC_TKO_SPEED,EXACT_SAME_NAME,,NOT_ASSESSED
PX4-TB-095,PX4,RTL_RETURN_ALT,SUPPORTING_EVIDENCE,RTL_RETURN_ALT:primary,该行只说明形成、消费、关联或发送路径，不会单独改善主值的可观测性。,PARAMETER_HANDLE,RTL::_param_rtl_return_alt,baseline/px4/src/modules/navigator/rtl.h,236,236,,ParamFloat class member,,该成员是模块内的强类型参数句柄；定义行、句柄声明和真实 .get() 消费行分开保留。,参数更新后必须确认对应模块已处理 parameter_update；本任务未做写入生效实验。,EXACT,当前参数定义和模块成员为同一生成参数身份。,DIRECT,"PARAM_VALUE.param_id=RTL_RETURN_ALT,param_value",,PARAM_VALUE 显示当前存储/运行值，不单独证明该模块已在当前状态使用它。,RTL_RETURN_ALT,EXACT_SAME_NAME,,NOT_ASSESSED
PX4-TB-096,PX4,RTL_DESCEND_ALT,SUPPORTING_EVIDENCE,RTL_DESCEND_ALT:primary,该行只说明形成、消费、关联或发送路径，不会单独改善主值的可观测性。,PARAMETER_HANDLE,RtlDirect::_param_rtl_descend_alt,baseline/px4/src/modules/navigator/rtl_direct.h,176,176,,ParamFloat class member,,该成员是模块内的强类型参数句柄；定义行、句柄声明和真实 .get() 消费行分开保留。,参数更新后必须确认对应模块已处理 parameter_update；本任务未做写入生效实验。,EXACT,当前参数定义和模块成员为同一生成参数身份。,DIRECT,"PARAM_VALUE.param_id=RTL_DESCEND_ALT,param_value",,PARAM_VALUE 显示当前存储/运行值，不单独证明该模块已在当前状态使用它。,RTL_DESCEND_ALT,EXACT_SAME_NAME,,NOT_ASSESSED
PX4-TB-097,PX4,RTL_LAND_DELAY,SUPPORTING_EVIDENCE,RTL_LAND_DELAY:primary,该行只说明形成、消费、关联或发送路径，不会单独改善主值的可观测性。,PARAMETER_HANDLE,RtlDirect::_param_rtl_land_delay,baseline/px4/src/modules/navigator/rtl_direct.h,177,177,,ParamFloat class member,,该成员是模块内的强类型参数句柄；定义行、句柄声明和真实 .get() 消费行分开保留。,参数更新后必须确认对应模块已处理 parameter_update；本任务未做写入生效实验。,EXACT,当前参数定义和模块成员为同一生成参数身份。,DIRECT,"PARAM_VALUE.param_id=RTL_LAND_DELAY,param_value",,PARAM_VALUE 显示当前存储/运行值，不单独证明该模块已在当前状态使用它。,RTL_LAND_DELAY,EXACT_SAME_NAME,,NOT_ASSESSED
PX4-TB-098,PX4,MPC_LAND_SPEED,SUPPORTING_EVIDENCE,MPC_LAND_SPEED:primary,该行只说明形成、消费、关联或发送路径，不会单独改善主值的可观测性。,PARAMETER_HANDLE,FlightTaskAuto::_param_mpc_land_speed,baseline/px4/src/modules/flight_mode_manager/tasks/Auto/FlightTaskAuto.hpp,169,169,,ParamFloat class member,,该成员是模块内的强类型参数句柄；定义行、句柄声明和真实 .get() 消费行分开保留。,参数更新后必须确认对应模块已处理 parameter_update；本任务未做写入生效实验。,EXACT,当前参数定义和模块成员为同一生成参数身份。,DIRECT,"PARAM_VALUE.param_id=MPC_LAND_SPEED,param_value",,PARAM_VALUE 显示当前存储/运行值，不单独证明该模块已在当前状态使用它。,MPC_LAND_SPEED,EXACT_SAME_NAME,,NOT_ASSESSED
PX4-TB-099,PX4,MPC_TKO_SPEED,SUPPORTING_EVIDENCE,MPC_TKO_SPEED:primary,该行只说明形成、消费、关联或发送路径，不会单独改善主值的可观测性。,PARAMETER_HANDLE,FlightTaskAuto::_param_mpc_tko_speed,baseline/px4/src/modules/flight_mode_manager/tasks/Auto/FlightTaskAuto.hpp,178,178,,ParamFloat class member,,该成员是模块内的强类型参数句柄；定义行、句柄声明和真实 .get() 消费行分开保留。,参数更新后必须确认对应模块已处理 parameter_update；本任务未做写入生效实验。,EXACT,当前参数定义和模块成员为同一生成参数身份。,DIRECT,"PARAM_VALUE.param_id=MPC_TKO_SPEED,param_value",,PARAM_VALUE 显示当前存储/运行值，不单独证明该模块已在当前状态使用它。,MPC_TKO_SPEED,EXACT_SAME_NAME,,NOT_ASSESSED
PX4-TB-100,PX4,MIS_LTRMIN_ALT,SUPPORTING_EVIDENCE,MIS_LTRMIN_ALT:primary,该行只说明形成、消费、关联或发送路径，不会单独改善主值的可观测性。,PARAMETER_HANDLE,Navigator::_param_min_ltr_alt,baseline/px4/src/modules/navigator/navigator.h,437,437,,ParamFloat class member,,该成员是模块内的强类型参数句柄；定义行、句柄声明和真实 .get() 消费行分开保留。,参数更新后必须确认对应模块已处理 parameter_update；本任务未做写入生效实验。,MODELLED,当前成员身份可证，但旧 MIS_LTRMIN_ALT 到 NAV_MIN_LTR_ALT 仍只是语义后继候选。,DIRECT,"PARAM_VALUE.param_id=NAV_MIN_LTR_ALT,param_value",,PARAM_VALUE 显示当前存储/运行值，不单独证明该模块已在当前状态使用它。,NAV_MIN_LTR_ALT,SEMANTIC_SUCCESSOR_NOT_PROVEN_RENAME,,NOT_ASSESSED
PX4-TB-101,PX4,MIS_TAKEOFF_ALT,SUPPORTING_EVIDENCE,MIS_TAKEOFF_ALT:primary,该行只说明形成、消费、关联或发送路径，不会单独改善主值的可观测性。,PARAMETER_HANDLE,Navigator::_param_mis_takeoff_alt,baseline/px4/src/modules/navigator/navigator.h,442,442,,ParamFloat class member,,该成员是模块内的强类型参数句柄；定义行、句柄声明和真实 .get() 消费行分开保留。,参数更新后必须确认对应模块已处理 parameter_update；本任务未做写入生效实验。,EXACT,当前参数定义和模块成员为同一生成参数身份。,DIRECT,"PARAM_VALUE.param_id=MIS_TAKEOFF_ALT,param_value",,PARAM_VALUE 显示当前存储/运行值，不单独证明该模块已在当前状态使用它。,MIS_TAKEOFF_ALT,EXACT_SAME_NAME,,NOT_ASSESSED
PX4-TB-102,PX4,RTL_RETURN_ALT,SUPPORTING_EVIDENCE,RTL_RETURN_ALT:primary,该行只说明形成、消费、关联或发送路径，不会单独改善主值的可观测性。,PARAMETER_CONSUMER,_param_rtl_return_alt.get(),baseline/px4/src/modules/navigator/rtl.cpp,477,477,RTL::findRtlDestination(),runtime parameter value consumed by control/navigation logic,,该 .get() 或 getter 调用是当前参数值被使用的具体路径。,只在所列模式和分支执行时消费；不得由此控制流反推性质已满足。,EXACT,当前参数句柄的真实消费语句直接可证。,INSTRUMENTATION_REQUIRED,"PARAM_VALUE.param_id=RTL_RETURN_ALT,param_value",,PARAM_VALUE 只报告参数值；要证明当前运行确实进入该消费点，需要分支事件或内部插桩。,RTL_RETURN_ALT,NOT_APPLICABLE,,NOT_ASSESSED
PX4-TB-103,PX4,RTL_RETURN_ALT,SUPPORTING_EVIDENCE,RTL_RETURN_ALT:primary,该行只说明形成、消费、关联或发送路径，不会单独改善主值的可观测性。,PARAMETER_CONSUMER,_param_rtl_return_alt.get(),baseline/px4/src/modules/navigator/rtl.cpp,530,530,RTL::calculate_return_alt_from_cone_half_angle(),runtime parameter value consumed by control/navigation logic,,该 .get() 或 getter 调用是当前参数值被使用的具体路径。,只在所列模式和分支执行时消费；不得由此控制流反推性质已满足。,EXACT,当前参数句柄的真实消费语句直接可证。,INSTRUMENTATION_REQUIRED,"PARAM_VALUE.param_id=RTL_RETURN_ALT,param_value",,PARAM_VALUE 只报告参数值；要证明当前运行确实进入该消费点，需要分支事件或内部插桩。,RTL_RETURN_ALT,NOT_APPLICABLE,,NOT_ASSESSED
PX4-TB-104,PX4,RTL_DESCEND_ALT,SUPPORTING_EVIDENCE,RTL_DESCEND_ALT:primary,该行只说明形成、消费、关联或发送路径，不会单独改善主值的可观测性。,PARAMETER_CONSUMER,_param_rtl_descend_alt.get(),baseline/px4/src/modules/navigator/rtl_direct.cpp,587,587,RtlDirect::sanitizeLandApproach(),runtime parameter value consumed by control/navigation logic,,该 .get() 或 getter 调用是当前参数值被使用的具体路径。,只在所列模式和分支执行时消费；不得由此控制流反推性质已满足。,EXACT,当前参数句柄的真实消费语句直接可证。,INSTRUMENTATION_REQUIRED,"PARAM_VALUE.param_id=RTL_DESCEND_ALT,param_value",,PARAM_VALUE 只报告参数值；要证明当前运行确实进入该消费点，需要分支事件或内部插桩。,RTL_DESCEND_ALT,NOT_APPLICABLE,,NOT_ASSESSED
PX4-TB-105,PX4,RTL_LAND_DELAY,SUPPORTING_EVIDENCE,RTL_LAND_DELAY:primary,该行只说明形成、消费、关联或发送路径，不会单独改善主值的可观测性。,PARAMETER_CONSUMER,_param_rtl_land_delay.get(),baseline/px4/src/modules/navigator/rtl_direct.cpp,166,166,RtlDirect::_updateRtlState(),runtime parameter value consumed by control/navigation logic,,该 .get() 或 getter 调用是当前参数值被使用的具体路径。,只在所列模式和分支执行时消费；不得由此控制流反推性质已满足。,EXACT,当前参数句柄的真实消费语句直接可证。,INSTRUMENTATION_REQUIRED,"PARAM_VALUE.param_id=RTL_LAND_DELAY,param_value",,PARAM_VALUE 只报告参数值；要证明当前运行确实进入该消费点，需要分支事件或内部插桩。,RTL_LAND_DELAY,NOT_APPLICABLE,,NOT_ASSESSED
PX4-TB-106,PX4,RTL_LAND_DELAY,SUPPORTING_EVIDENCE,RTL_LAND_DELAY:primary,该行只说明形成、消费、关联或发送路径，不会单独改善主值的可观测性。,PARAMETER_CONSUMER,_param_rtl_land_delay.get(),baseline/px4/src/modules/navigator/rtl_direct.cpp,307,307,RtlDirect::set_rtl_item(),runtime parameter value consumed by control/navigation logic,,该 .get() 或 getter 调用是当前参数值被使用的具体路径。,只在所列模式和分支执行时消费；不得由此控制流反推性质已满足。,EXACT,当前参数句柄的真实消费语句直接可证。,INSTRUMENTATION_REQUIRED,"PARAM_VALUE.param_id=RTL_LAND_DELAY,param_value",,PARAM_VALUE 只报告参数值；要证明当前运行确实进入该消费点，需要分支事件或内部插桩。,RTL_LAND_DELAY,NOT_APPLICABLE,,NOT_ASSESSED
PX4-TB-107,PX4,RTL_LAND_DELAY,SUPPORTING_EVIDENCE,RTL_LAND_DELAY:primary,该行只说明形成、消费、关联或发送路径，不会单独改善主值的可观测性。,PARAMETER_CONSUMER,_param_rtl_land_delay.get() < -FLT_EPSILON,baseline/px4/src/modules/navigator/rtl_direct.cpp,309,309,RtlDirect::set_rtl_item(),runtime parameter value consumed by control/navigation logic,,该 .get() 或 getter 调用是当前参数值被使用的具体路径。,只在所列模式和分支执行时消费；不得由此控制流反推性质已满足。,EXACT,当前参数句柄的真实消费语句直接可证。,INSTRUMENTATION_REQUIRED,"PARAM_VALUE.param_id=RTL_LAND_DELAY,param_value",,PARAM_VALUE 只报告参数值；要证明当前运行确实进入该消费点，需要分支事件或内部插桩。,RTL_LAND_DELAY,NOT_APPLICABLE,,NOT_ASSESSED
PX4-TB-108,PX4,MPC_LAND_SPEED,SUPPORTING_EVIDENCE,MPC_LAND_SPEED:primary,该行只说明形成、消费、关联或发送路径，不会单独改善主值的可观测性。,PARAMETER_CONSUMER,_param_mpc_land_speed.get(),baseline/px4/src/modules/flight_mode_manager/tasks/Auto/FlightTaskAuto.cpp,234,234,FlightTaskAuto::_prepareLandSetpoints(),runtime parameter value consumed by control/navigation logic,,该 .get() 或 getter 调用是当前参数值被使用的具体路径。,只在所列模式和分支执行时消费；不得由此控制流反推性质已满足。,EXACT,当前参数句柄的真实消费语句直接可证。,INSTRUMENTATION_REQUIRED,"PARAM_VALUE.param_id=MPC_LAND_SPEED,param_value",,PARAM_VALUE 只报告参数值；要证明当前运行确实进入该消费点，需要分支事件或内部插桩。,MPC_LAND_SPEED,NOT_APPLICABLE,,NOT_ASSESSED
PX4-TB-109,PX4,MPC_LAND_SPEED,SUPPORTING_EVIDENCE,MPC_LAND_SPEED:primary,该行只说明形成、消费、关联或发送路径，不会单独改善主值的可观测性。,PARAMETER_CONSUMER,_param_mpc_land_speed.get(),baseline/px4/src/modules/flight_mode_manager/tasks/Descend/FlightTaskDescend.cpp,52,52,FlightTaskDescend::update(),runtime parameter value consumed by control/navigation logic,,该 .get() 或 getter 调用是当前参数值被使用的具体路径。,只在所列模式和分支执行时消费；不得由此控制流反推性质已满足。,EXACT,当前参数句柄的真实消费语句直接可证。,INSTRUMENTATION_REQUIRED,"PARAM_VALUE.param_id=MPC_LAND_SPEED,param_value",,PARAM_VALUE 只报告参数值；要证明当前运行确实进入该消费点，需要分支事件或内部插桩。,MPC_LAND_SPEED,NOT_APPLICABLE,,NOT_ASSESSED
PX4-TB-110,PX4,MPC_TKO_SPEED,SUPPORTING_EVIDENCE,MPC_TKO_SPEED:primary,该行只说明形成、消费、关联或发送路径，不会单独改善主值的可观测性。,PARAMETER_CONSUMER,_param_mpc_tko_speed.get(),baseline/px4/src/modules/flight_mode_manager/tasks/Auto/FlightTaskAuto.cpp,812,812,FlightTaskAuto::_updateTrajConstraints(),runtime parameter value consumed by control/navigation logic,,该 .get() 或 getter 调用是当前参数值被使用的具体路径。,只在所列模式和分支执行时消费；不得由此控制流反推性质已满足。,EXACT,当前参数句柄的真实消费语句直接可证。,INSTRUMENTATION_REQUIRED,"PARAM_VALUE.param_id=MPC_TKO_SPEED,param_value",,PARAM_VALUE 只报告参数值；要证明当前运行确实进入该消费点，需要分支事件或内部插桩。,MPC_TKO_SPEED,NOT_APPLICABLE,,NOT_ASSESSED
PX4-TB-111,PX4,MIS_TAKEOFF_ALT,SUPPORTING_EVIDENCE,MIS_TAKEOFF_ALT:primary,该行只说明形成、消费、关联或发送路径，不会单独改善主值的可观测性。,PARAMETER_CONSUMER,Navigator::get_param_mis_takeoff_alt(),baseline/px4/src/modules/navigator/takeoff.cpp,188,188,Takeoff::set_takeoff_position(),runtime parameter value consumed by control/navigation logic,,该 .get() 或 getter 调用是当前参数值被使用的具体路径。,只在所列模式和分支执行时消费；不得由此控制流反推性质已满足。,EXACT,当前参数句柄的真实消费语句直接可证。,INSTRUMENTATION_REQUIRED,"PARAM_VALUE.param_id=MIS_TAKEOFF_ALT,param_value",,PARAM_VALUE 只报告参数值；要证明当前运行确实进入该消费点，需要分支事件或内部插桩。,MIS_TAKEOFF_ALT,NOT_APPLICABLE,,NOT_ASSESSED
PX4-TB-112,PX4,MIS_LTRMIN_ALT,SUPPORTING_EVIDENCE,MIS_LTRMIN_ALT:primary,该行只说明形成、消费、关联或发送路径，不会单独改善主值的可观测性。,PARAMETER_CONSUMER,Navigator::get_loiter_min_alt(),baseline/px4/src/modules/navigator/mission_block.cpp,727,727,MissionBlock::setLoiterItemFromCurrentPosition(),runtime parameter value consumed by control/navigation logic,,该 .get() 或 getter 调用是当前参数值被使用的具体路径。,只在所列模式和分支执行时消费；不得由此控制流反推性质已满足。,MODELLED,当前消费路径可证，但旧 MIS_LTRMIN_ALT 到 NAV_MIN_LTR_ALT 的历史等价关系仍未证明。,INSTRUMENTATION_REQUIRED,"PARAM_VALUE.param_id=NAV_MIN_LTR_ALT,param_value",,PARAM_VALUE 只报告参数值；要证明当前运行确实进入该消费点，需要分支事件或内部插桩。,NAV_MIN_LTR_ALT,NOT_APPLICABLE,,NOT_ASSESSED
PX4-TB-113,PX4,COM_POS_FS_DELAY,PRIMARY_VALUE,COM_POS_FS_DELAY:primary,该行是其候选组的核心真值实体；只有该组被性质选择时才参与判真。,REMOVED_PARAMETER,COM_POS_FS_DELAY,baseline/px4/docs/en/releases/1.16.md,58,58,,removed seconds parameter,,当前没有可读取的同名运行参数值。,当前发行说明写明该位置丢失延迟参数已删除。,UNRESOLVED,没有可靠的一对一当前替代项，不能自动用 EKF2_NOAID_TOUT 等参数代替。,UNRESOLVED,,,,COM_POS_FS_DELAY,REMOVED_NO_EQUIVALENT,,NOT_ASSESSED
PX4-TB-114,PX4,COM_POS_FS_DELAY,ALTERNATIVE_SEMANTICS,COM_POS_FS_DELAY:ekf2_noaid_tout_non_equivalent,该行属于互斥替代解释；只有人工切换到本候选组后才参与判真。,NON_EQUIVALENT_CANDIDATE,EKF2_NOAID_TOUT,baseline/px4/src/modules/ekf2/module.yaml,76,76,,int32 microseconds parameter,us maximum inertial dead-reckoning time,只记录一个当前相关但不等价的超时：最后一次约束速度漂移的测量融合后，允许的最大惯性航推时间。,它是 EKF 水平导航有效性门限，不是旧 COM_POS_FS_DELAY 的 Commander 位置丢失动作延迟。,UNRESOLVED,发行说明只证明旧参数已删除，没有一对一替代证据；本行不能用于改写公式。,DIRECT,"PARAM_VALUE.param_id=EKF2_NOAID_TOUT,param_value","微秒除以 1,000,000 可转为秒，但只能解释 EKF2_NOAID_TOUT 自身。",禁止将它自动代入历史 COM_POS_FS_DELAY 公式。,EKF2_NOAID_TOUT,NON_EQUIVALENT_CANDIDATE,,NOT_ASSESSED
PX4-TB-115,PX4,COM_POS_FS_DELAY,ALTERNATIVE_SEMANTICS,COM_POS_FS_DELAY:com_pos_fs_eph_non_equivalent,该行属于互斥替代解释；只有人工切换到本候选组后才参与判真。,NON_EQUIVALENT_CANDIDATE,COM_POS_FS_EPH,baseline/px4/src/modules/commander/commander_params.c,538,538,,float32 accuracy threshold,m horizontal position uncertainty,当前多旋翼位置故障的另一种机制使用水平位置精度阈值；它不是时间延迟。,只在相应位置有效性检查和飞行阶段使用；负值禁用。,UNRESOLVED,它说明当前相关位置故障机制，但类型是距离阈值，不能用于改写历史 COM_POS_FS_DELAY 时间公式。,DIRECT,"PARAM_VALUE.param_id=COM_POS_FS_EPH,param_value",,禁止将距离阈值自动代入历史秒数上界。,COM_POS_FS_EPH,NON_EQUIVALENT_CANDIDATE,,NOT_ASSESSED
PX4-TB-116,PX4,COM_POS_FS_DELAY,ALTERNATIVE_SEMANTICS,COM_POS_FS_DELAY:com_pos_fs_eph_non_equivalent,该行属于互斥替代解释；只有人工切换到本候选组后才参与判真。,PARAMETER_CONSUMER,EstimatorChecks::setModeRequirementFlags(): _param_com_pos_fs_eph.get(),baseline/px4/src/modules/commander/HealthAndArmingChecks/checks/estimatorCheck.cpp,664,664,EstimatorChecks::setModeRequirementFlags(),float position-accuracy threshold comparison,m EPH threshold,读取 COM_POS_FS_EPH 形成当前位置精度失效阈值。,这是精度阈值消费，不是旧 Commander 延迟计时器。,UNRESOLVED,真实消费点可证，但与历史时间参数非等价。,INSTRUMENTATION_REQUIRED,"PARAM_VALUE.param_id=COM_POS_FS_EPH,param_value",,禁止把当前分支消费解释成历史 COM_POS_FS_DELAY 的计时起止。,COM_POS_FS_EPH,NON_EQUIVALENT_CANDIDATE,,NOT_ASSESSED
PX4-TB-117,PX4,COM_POS_FS_DELAY,ALTERNATIVE_SEMANTICS,COM_POS_FS_DELAY:ekf2_noaid_tout_non_equivalent,该行属于互斥替代解释；只有人工切换到本候选组后才参与判真。,PARAMETER_CONSUMER,Ekf::updateHorizontalDeadReckoningstatus(): _params.ekf2_noaid_tout,baseline/px4/src/modules/ekf2/EKF/ekf_helper.cpp,880,880,Ekf::updateHorizontalDeadReckoningstatus(),uint64 timeout comparison,microseconds since last horizontal aiding,EKF2_NOAID_TOUT 只用于判定水平惯性航推是否超时。,起点是 _time_last_horizontal_aiding，属于 EKF 内部单调时间；不是旧 Commander 故障动作延迟。,UNRESOLVED,实际消费路径可证，但这也进一步证明它与 COM_POS_FS_DELAY 非等价。,INSTRUMENTATION_REQUIRED,"PARAM_VALUE.param_id=EKF2_NOAID_TOUT,param_value",,禁止代入历史 COM_POS_FS_DELAY 公式。,EKF2_NOAID_TOUT,NON_EQUIVALENT_CANDIDATE,,NOT_ASSESSED
