Setting top to                           : /home/lqq/project/TAFuzz/baseline/ardupilot 
Setting out to                           : /tmp/rift-ardupilot-clang/build 
Autoconfiguration                        : enabled 
Checking for program 'python'            : /home/lqq/anaconda3/bin/python 
Checking for python version >= 3.9.0     : 3.12.7 
Setting board to                         : sitl 
Processing /home/lqq/project/TAFuzz/baseline/ardupilot/libraries/AP_HAL_SITL/hwdef/sitl/hwdef.dat
Writing hwdef setup in /tmp/rift-ardupilot-clang/build/sitl/hwdef.h
Using toolchain                          : native 
Checking for 'g++' (C++ compiler)        : not found 
Checking for 'clang++' (C++ compiler)    : /usr/bin/clang++-18 
Checking for 'gcc' (C compiler)          : not found 
Checking for 'clang' (C compiler)        : /usr/bin/clang-18 
Checking for c flags '-MMD'              : yes 
Checking for cxx flags '-MMD'            : yes 
CXX Compiler                             : clang++ 18.1.8 
Checking for need to link with librt     : not necessary 
Checking for feenableexcept              : yes 
Disabling SLP for clang++
Enabling -Werror                         : no 
Enabled OpenDroneID                      : no 
Enabled firmware ID checking             : no 
GPS Debug Logging                        : no 
Checking for HAVE_CMATH_ISFINITE         : yes 
Checking for HAVE_CMATH_ISINF            : yes 
Checking for HAVE_CMATH_ISNAN            : yes 
Checking for NEED_CMATH_ISFINITE_STD_NAMESPACE : yes 
Checking for NEED_CMATH_ISINF_STD_NAMESPACE    : yes 
Checking for NEED_CMATH_ISNAN_STD_NAMESPACE    : yes 
Checking for header endian.h                   : yes 
Checking for header byteswap.h                 : yes 
Checking for HAVE_MEMRCHR                      : yes 
Configured VSCode Intellisense:                : no 
DC_DSDL compiler in                            : /home/lqq/project/TAFuzz/baseline/ardupilot/modules/DroneCAN/dronecan_dsdlc 
Source is git repository                       : yes 
Update submodules                              : yes 
Checking for program 'git'                     : /usr/bin/git 
Littlefs                                       : disabled 
Checking for program 'size'                    : /usr/bin/size 
Benchmarks                                     : disabled 
Unit tests                                     : disabled 
Scripting                                      : maybe 
Scripting runtime checks                       : enabled 
Debug build                                    : disabled 
Coverage build                                 : disabled 
Consistent build                               : disabled 
Force 32-bit build                             : disabled 
Checking for program 'rsync'                   : /usr/bin/rsync 
Removing target_list file /tmp/rift-ardupilot-clang/build/sitl/target_list
Waf: Entering directory `/tmp/rift-ardupilot-clang/build/sitl'
Embedding file default_params/airsim-quadX.parm:Tools/autotest/default_params/airsim-quadX.parm
Embedding file default_params/airsim-rover.parm:Tools/autotest/default_params/airsim-rover.parm
Embedding file default_params/balancebot.parm:Tools/autotest/default_params/balancebot.parm
Embedding file default_params/blimp-motor.parm:Tools/autotest/default_params/blimp-motor.parm
Embedding file default_params/blimp.parm:Tools/autotest/default_params/blimp.parm
Embedding file default_params/copter-X.parm:Tools/autotest/default_params/copter-X.parm
Embedding file default_params/copter-beacon.parm:Tools/autotest/default_params/copter-beacon.parm
Embedding file default_params/copter-bfx.parm:Tools/autotest/default_params/copter-bfx.parm
Embedding file default_params/copter-coax.parm:Tools/autotest/default_params/copter-coax.parm
Embedding file default_params/copter-cwx.parm:Tools/autotest/default_params/copter-cwx.parm
Embedding file default_params/copter-deca-cwx.parm:Tools/autotest/default_params/copter-deca-cwx.parm
Embedding file default_params/copter-deca.parm:Tools/autotest/default_params/copter-deca.parm
Embedding file default_params/copter-djix.parm:Tools/autotest/default_params/copter-djix.parm
Embedding file default_params/copter-dodecahexa.parm:Tools/autotest/default_params/copter-dodecahexa.parm
Embedding file default_params/copter-dotriaconta_octaquad_x.parm:Tools/autotest/default_params/copter-dotriaconta_octaquad_x.parm
Embedding file default_params/copter-gimbal.parm:Tools/autotest/default_params/copter-gimbal.parm
Embedding file default_params/copter-gps-for-yaw-nmea.parm:Tools/autotest/default_params/copter-gps-for-yaw-nmea.parm
Embedding file default_params/copter-gps-for-yaw.parm:Tools/autotest/default_params/copter-gps-for-yaw.parm
Embedding file default_params/copter-heli-ddfptail.parm:Tools/autotest/default_params/copter-heli-ddfptail.parm
Embedding file default_params/copter-heli-ddvptail.parm:Tools/autotest/default_params/copter-heli-ddvptail.parm
Embedding file default_params/copter-heli-dual.parm:Tools/autotest/default_params/copter-heli-dual.parm
Embedding file default_params/copter-heli-gas.parm:Tools/autotest/default_params/copter-heli-gas.parm
Embedding file default_params/copter-heli.parm:Tools/autotest/default_params/copter-heli.parm
Embedding file default_params/copter-heliquad.parm:Tools/autotest/default_params/copter-heliquad.parm
Embedding file default_params/copter-hexa-cwx.parm:Tools/autotest/default_params/copter-hexa-cwx.parm
Embedding file default_params/copter-hexa-dji.parm:Tools/autotest/default_params/copter-hexa-dji.parm
Embedding file default_params/copter-hexa.parm:Tools/autotest/default_params/copter-hexa.parm
Embedding file default_params/copter-hexadeca_octa.parm:Tools/autotest/default_params/copter-hexadeca_octa.parm
Embedding file default_params/copter-hexadeca_octa_cwx.parm:Tools/autotest/default_params/copter-hexadeca_octa_cwx.parm
Embedding file default_params/copter-octa-cwx.parm:Tools/autotest/default_params/copter-octa-cwx.parm
Embedding file default_params/copter-octa-dji.parm:Tools/autotest/default_params/copter-octa-dji.parm
Embedding file default_params/copter-octa.parm:Tools/autotest/default_params/copter-octa.parm
Embedding file default_params/copter-octaquad-cor.parm:Tools/autotest/default_params/copter-octaquad-cor.parm
Embedding file default_params/copter-octaquad-cw-cor.parm:Tools/autotest/default_params/copter-octaquad-cw-cor.parm
Embedding file default_params/copter-octaquad-cwx.parm:Tools/autotest/default_params/copter-octaquad-cwx.parm
Embedding file default_params/copter-octaquad.parm:Tools/autotest/default_params/copter-octaquad.parm
Embedding file default_params/copter-optflow.parm:Tools/autotest/default_params/copter-optflow.parm
Embedding file default_params/copter-ppp-periph.parm:Tools/autotest/default_params/copter-ppp-periph.parm
Embedding file default_params/copter-ppp.parm:Tools/autotest/default_params/copter-ppp.parm
Embedding file default_params/copter-rangefinder.parm:Tools/autotest/default_params/copter-rangefinder.parm
Embedding file default_params/copter-single.parm:Tools/autotest/default_params/copter-single.parm
Embedding file default_params/copter-tri.parm:Tools/autotest/default_params/copter-tri.parm
Embedding file default_params/copter-vicon.parm:Tools/autotest/default_params/copter-vicon.parm
Embedding file default_params/copter-winch.parm:Tools/autotest/default_params/copter-winch.parm
Embedding file default_params/copter-wind-estimates.parm:Tools/autotest/default_params/copter-wind-estimates.parm
Embedding file default_params/copter-y6.parm:Tools/autotest/default_params/copter-y6.parm
Embedding file default_params/copter.parm:Tools/autotest/default_params/copter.parm
Embedding file default_params/firefly.parm:Tools/autotest/default_params/firefly.parm
Embedding file default_params/gazebo-iris.parm:Tools/autotest/default_params/gazebo-iris.parm
Embedding file default_params/gazebo-zephyr.parm:Tools/autotest/default_params/gazebo-zephyr.parm
Embedding file default_params/glider.parm:Tools/autotest/default_params/glider.parm
Embedding file default_params/motorboat.parm:Tools/autotest/default_params/motorboat.parm
Embedding file default_params/msposd.parm:Tools/autotest/default_params/msposd.parm
Embedding file default_params/periph-ppp.parm:Tools/autotest/default_params/periph-ppp.parm
Embedding file default_params/periph.parm:Tools/autotest/default_params/periph.parm
Embedding file default_params/plane-dspoilers.parm:Tools/autotest/default_params/plane-dspoilers.parm
Embedding file default_params/plane-elevons.parm:Tools/autotest/default_params/plane-elevons.parm
Embedding file default_params/plane-ice.parm:Tools/autotest/default_params/plane-ice.parm
Embedding file default_params/plane-jet.parm:Tools/autotest/default_params/plane-jet.parm
Embedding file default_params/plane-jsbsim.parm:Tools/autotest/default_params/plane-jsbsim.parm
Embedding file default_params/plane-redundant.parm:Tools/autotest/default_params/plane-redundant.parm
Embedding file default_params/plane-soaring.parm:Tools/autotest/default_params/plane-soaring.parm
Embedding file default_params/plane-tailsitter.parm:Tools/autotest/default_params/plane-tailsitter.parm
Embedding file default_params/plane-vtail.parm:Tools/autotest/default_params/plane-vtail.parm
Embedding file default_params/quad-can.parm:Tools/autotest/default_params/quad-can.parm
Embedding file default_params/quad-periph.parm:Tools/autotest/default_params/quad-periph.parm
Embedding file default_params/quadplane-can.parm:Tools/autotest/default_params/quadplane-can.parm
Embedding file default_params/quadplane-cl84.parm:Tools/autotest/default_params/quadplane-cl84.parm
Embedding file default_params/quadplane-copter_tailsitter.parm:Tools/autotest/default_params/quadplane-copter_tailsitter.parm
Embedding file default_params/quadplane-ice.parm:Tools/autotest/default_params/quadplane-ice.parm
Embedding file default_params/quadplane-periph.parm:Tools/autotest/default_params/quadplane-periph.parm
Embedding file default_params/quadplane-ppp-periph.parm:Tools/autotest/default_params/quadplane-ppp-periph.parm
Embedding file default_params/quadplane-ppp.parm:Tools/autotest/default_params/quadplane-ppp.parm
Embedding file default_params/quadplane-tilt.parm:Tools/autotest/default_params/quadplane-tilt.parm
Embedding file default_params/quadplane-tilthvec.parm:Tools/autotest/default_params/quadplane-tilthvec.parm
Embedding file default_params/quadplane-tilttri.parm:Tools/autotest/default_params/quadplane-tilttri.parm
Embedding file default_params/quadplane-tilttrivec.parm:Tools/autotest/default_params/quadplane-tilttrivec.parm
Embedding file default_params/quadplane-tri.parm:Tools/autotest/default_params/quadplane-tri.parm
Embedding file default_params/quadplane.parm:Tools/autotest/default_params/quadplane.parm
Embedding file default_params/rover-omni3mecanum.parm:Tools/autotest/default_params/rover-omni3mecanum.parm
Embedding file default_params/rover-skid.parm:Tools/autotest/default_params/rover-skid.parm
Embedding file default_params/rover-vectored.parm:Tools/autotest/default_params/rover-vectored.parm
Embedding file default_params/rover.parm:Tools/autotest/default_params/rover.parm
Embedding file default_params/sailboat-motor.parm:Tools/autotest/default_params/sailboat-motor.parm
Embedding file default_params/sailboat.parm:Tools/autotest/default_params/sailboat.parm
Embedding file default_params/stratoblimp.parm:Tools/autotest/default_params/stratoblimp.parm
Embedding file default_params/sub-6dof.parm:Tools/autotest/default_params/sub-6dof.parm
Embedding file default_params/sub-gps-for-yaw-nmea.parm:Tools/autotest/default_params/sub-gps-for-yaw-nmea.parm
Embedding file default_params/sub.parm:Tools/autotest/default_params/sub.parm
Embedding file default_params/tracker-gps-for-yaw.parm:Tools/autotest/default_params/tracker-gps-for-yaw.parm
Embedding file locations.txt:Tools/autotest/locations.txt
Embedding file models/Callisto.json:Tools/autotest/models/Callisto.json
Embedding file models/Callisto.parm:Tools/autotest/models/Callisto.parm
Embedding file models/freestyle.json:Tools/autotest/models/freestyle.json
Embedding file models/freestyle.parm:Tools/autotest/models/freestyle.parm
Embedding file models/heliquad.json:Tools/autotest/models/heliquad.json
Embedding file models/plane-3d.parm:Tools/autotest/models/plane-3d.parm
Embedding file models/plane.parm:Tools/autotest/models/plane.parm
Embedding file models/skywalker_2013.json:Tools/autotest/models/skywalker_2013.json
Embedding file models/xplane_heli.json:Tools/autotest/models/xplane_heli.json
Embedding file models/xplane_plane.json:Tools/autotest/models/xplane_plane.json
Embedding file vehicleinfo.json:Tools/autotest/pysim/vehicleinfo.json
[1/4] Compiling modules/littlefs/bd/lfs_filebd.c
[2/4] Compiling modules/littlefs/lfs_util.c
[3/4] Compiling modules/littlefs/lfs.c
[4/4] Linking /tmp/rift-ardupilot-clang/build/sitl/liblittlefs.a
[ 7/11] Compiling libraries/AP_Scripting/generator/src/main.c
[ 8/11] Processing mavgen: modules/mavlink/message_definitions/v1.0/all.xml modules/mavlink/pymavlink/generator/C/include_v2.0/checksum.h modules/mavlink/pymavlink/generator/C/include_v2.0/mavlink_conversions.h modules/mavlink/pymavlink/generator/C/include_v2.0/mavlink_get_info.h modules/mavlink/pymavlink/generator/C/include_v2.0/mavlink_helpers.h modules/mavlink/pymavlink/generator/C/include_v2.0/mavlink_sha256.h modules/mavlink/pymavlink/generator/C/include_v2.0/mavlink_types.h modules/mavlink/pymavlink/generator/C/include_v2.0/protocol.h modules/mavlink/pymavlink/__init__.py modules/mavlink/pymavlink/generator/__init__.py modules/mavlink/pymavlink/generator/mavcrc.py modules/mavlink/pymavlink/generator/mavgen.py modules/mavlink/pymavlink/generator/mavgen_ada.py modules/mavlink/pymavlink/generator/mavgen_c.py modules/mavlink/pymavlink/generator/mavgen_cpp11.py modules/mavlink/pymavlink/generator/mavgen_cs.py modules/mavlink/pymavlink/generator/mavgen_java.py modules/mavlink/pymavlink/generator/mavgen_javascript.py modules/mavlink/pymavlink/generator/mavgen_javascript_stable.py modules/mavlink/pymavlink/generator/mavgen_lua.py modules/mavlink/pymavlink/generator/mavgen_objc.py modules/mavlink/pymavlink/generator/mavgen_python.py modules/mavlink/pymavlink/generator/mavgen_spin2.py modules/mavlink/pymavlink/generator/mavgen_swift.py modules/mavlink/pymavlink/generator/mavgen_typescript.py modules/mavlink/pymavlink/generator/mavgen_wlua.py modules/mavlink/pymavlink/generator/mavparse.py modules/mavlink/pymavlink/generator/mavtemplate.py
[ 9/11] Processing dronecangen: modules/DroneCAN/DSDL/ardupilot modules/DroneCAN/DSDL/com modules/DroneCAN/DSDL/cuav modules/DroneCAN/DSDL/dronecan modules/DroneCAN/DSDL/mppt modules/DroneCAN/DSDL/tests modules/DroneCAN/DSDL/uavcan
[10/11] Creating /tmp/rift-ardupilot-clang/build/sitl/ap_version.h
Validation skipped for /home/lqq/project/TAFuzz/baseline/ardupilot/modules/mavlink/message_definitions/v1.0/all.xml.
Parsing /home/lqq/project/TAFuzz/baseline/ardupilot/modules/mavlink/message_definitions/v1.0/all.xml
Validation skipped for /home/lqq/project/TAFuzz/baseline/ardupilot/modules/mavlink/message_definitions/v1.0/ardupilotmega.xml.
Parsing /home/lqq/project/TAFuzz/baseline/ardupilot/modules/mavlink/message_definitions/v1.0/ardupilotmega.xml
Validation skipped for /home/lqq/project/TAFuzz/baseline/ardupilot/modules/mavlink/message_definitions/v1.0/ASLUAV.xml.
Parsing /home/lqq/project/TAFuzz/baseline/ardupilot/modules/mavlink/message_definitions/v1.0/ASLUAV.xml
Validation skipped for /home/lqq/project/TAFuzz/baseline/ardupilot/modules/mavlink/message_definitions/v1.0/common.xml.
Parsing /home/lqq/project/TAFuzz/baseline/ardupilot/modules/mavlink/message_definitions/v1.0/common.xml
CAMERA_TRACKING_STATUS_FLAGS_IDLE has invalid values (bitmask must have powers of 2)
Validation skipped for /home/lqq/project/TAFuzz/baseline/ardupilot/modules/mavlink/message_definitions/v1.0/development.xml.
Parsing /home/lqq/project/TAFuzz/baseline/ardupilot/modules/mavlink/message_definitions/v1.0/development.xml
Validation skipped for /home/lqq/project/TAFuzz/baseline/ardupilot/modules/mavlink/message_definitions/v1.0/icarous.xml.
Parsing /home/lqq/project/TAFuzz/baseline/ardupilot/modules/mavlink/message_definitions/v1.0/icarous.xml
Validation skipped for /home/lqq/project/TAFuzz/baseline/ardupilot/modules/mavlink/message_definitions/v1.0/minimal.xml.
Parsing /home/lqq/project/TAFuzz/baseline/ardupilot/modules/mavlink/message_definitions/v1.0/minimal.xml
Validation skipped for /home/lqq/project/TAFuzz/baseline/ardupilot/modules/mavlink/message_definitions/v1.0/python_array_test.xml.
Parsing /home/lqq/project/TAFuzz/baseline/ardupilot/modules/mavlink/message_definitions/v1.0/python_array_test.xml
Validation skipped for /home/lqq/project/TAFuzz/baseline/ardupilot/modules/mavlink/message_definitions/v1.0/standard.xml.
Parsing /home/lqq/project/TAFuzz/baseline/ardupilot/modules/mavlink/message_definitions/v1.0/standard.xml
MAV_BOOL_FALSE has invalid values (bitmask must have powers of 2)
Validation skipped for /home/lqq/project/TAFuzz/baseline/ardupilot/modules/mavlink/message_definitions/v1.0/test.xml.
Parsing /home/lqq/project/TAFuzz/baseline/ardupilot/modules/mavlink/message_definitions/v1.0/test.xml
Validation skipped for /home/lqq/project/TAFuzz/baseline/ardupilot/modules/mavlink/message_definitions/v1.0/ualberta.xml.
Parsing /home/lqq/project/TAFuzz/baseline/ardupilot/modules/mavlink/message_definitions/v1.0/ualberta.xml
Validation skipped for /home/lqq/project/TAFuzz/baseline/ardupilot/modules/mavlink/message_definitions/v1.0/uAvionix.xml.
Parsing /home/lqq/project/TAFuzz/baseline/ardupilot/modules/mavlink/message_definitions/v1.0/uAvionix.xml
Validation skipped for /home/lqq/project/TAFuzz/baseline/ardupilot/modules/mavlink/message_definitions/v1.0/loweheiser.xml.
Parsing /home/lqq/project/TAFuzz/baseline/ardupilot/modules/mavlink/message_definitions/v1.0/loweheiser.xml
Validation skipped for /home/lqq/project/TAFuzz/baseline/ardupilot/modules/mavlink/message_definitions/v1.0/storm32.xml.
Parsing /home/lqq/project/TAFuzz/baseline/ardupilot/modules/mavlink/message_definitions/v1.0/storm32.xml
Validation skipped for /home/lqq/project/TAFuzz/baseline/ardupilot/modules/mavlink/message_definitions/v1.0/AVSSUAS.xml.
Parsing /home/lqq/project/TAFuzz/baseline/ardupilot/modules/mavlink/message_definitions/v1.0/AVSSUAS.xml
Validation skipped for /home/lqq/project/TAFuzz/baseline/ardupilot/modules/mavlink/message_definitions/v1.0/cubepilot.xml.
Parsing /home/lqq/project/TAFuzz/baseline/ardupilot/modules/mavlink/message_definitions/v1.0/cubepilot.xml
Validation skipped for /home/lqq/project/TAFuzz/baseline/ardupilot/modules/mavlink/message_definitions/v1.0/csAirLink.xml.
Parsing /home/lqq/project/TAFuzz/baseline/ardupilot/modules/mavlink/message_definitions/v1.0/csAirLink.xml
Merged enum MAV_CMD
Merged enum MAV_CMD
Merged enum MAV_CMD
Merged enum MAV_CMD
Merged enum MAV_CMD
Merged enum MAV_CMD
Found 352 MAVLink message types in 17 XML files
Generating C implementation in directory /tmp/rift-ardupilot-clang/build/sitl/libraries/GCS_MAVLink/include/mavlink/v2.0/all
Generating C implementation in directory /tmp/rift-ardupilot-clang/build/sitl/libraries/GCS_MAVLink/include/mavlink/v2.0/ardupilotmega
Generating C implementation in directory /tmp/rift-ardupilot-clang/build/sitl/libraries/GCS_MAVLink/include/mavlink/v2.0/ASLUAV
Generating C implementation in directory /tmp/rift-ardupilot-clang/build/sitl/libraries/GCS_MAVLink/include/mavlink/v2.0/common
[11/11] Processing /tmp/rift-ardupilot-clang/build/sitl/libraries/AP_Scripting/lua_generated_bindings.cpp,/tmp/rift-ardupilot-clang/build/sitl/libraries/AP_Scripting/lua_generated_bindings.h: libraries/AP_Scripting/generator/description/bindings.desc /tmp/rift-ardupilot-clang/build/sitl/gen-bindings -> /tmp/rift-ardupilot-clang/build/sitl/libraries/AP_Scripting/lua_generated_bindings.cpp /tmp/rift-ardupilot-clang/build/sitl/libraries/AP_Scripting/lua_generated_bindings.h
Generating C implementation in directory /tmp/rift-ardupilot-clang/build/sitl/libraries/GCS_MAVLink/include/mavlink/v2.0/development
Generating C implementation in directory /tmp/rift-ardupilot-clang/build/sitl/libraries/GCS_MAVLink/include/mavlink/v2.0/icarous
Generating C implementation in directory /tmp/rift-ardupilot-clang/build/sitl/libraries/GCS_MAVLink/include/mavlink/v2.0/minimal
Generating C implementation in directory /tmp/rift-ardupilot-clang/build/sitl/libraries/GCS_MAVLink/include/mavlink/v2.0/python_array_test
Generating C implementation in directory /tmp/rift-ardupilot-clang/build/sitl/libraries/GCS_MAVLink/include/mavlink/v2.0/standard
Generating C implementation in directory /tmp/rift-ardupilot-clang/build/sitl/libraries/GCS_MAVLink/include/mavlink/v2.0/test
Generating C implementation in directory /tmp/rift-ardupilot-clang/build/sitl/libraries/GCS_MAVLink/include/mavlink/v2.0/ualberta
Generating C implementation in directory /tmp/rift-ardupilot-clang/build/sitl/libraries/GCS_MAVLink/include/mavlink/v2.0/uAvionix
Generating C implementation in directory /tmp/rift-ardupilot-clang/build/sitl/libraries/GCS_MAVLink/include/mavlink/v2.0/loweheiser
Generating C implementation in directory /tmp/rift-ardupilot-clang/build/sitl/libraries/GCS_MAVLink/include/mavlink/v2.0/storm32
Generating C implementation in directory /tmp/rift-ardupilot-clang/build/sitl/libraries/GCS_MAVLink/include/mavlink/v2.0/AVSSUAS
Generating C implementation in directory /tmp/rift-ardupilot-clang/build/sitl/libraries/GCS_MAVLink/include/mavlink/v2.0/cubepilot
Generating C implementation in directory /tmp/rift-ardupilot-clang/build/sitl/libraries/GCS_MAVLink/include/mavlink/v2.0/csAirLink
Copying fixed headers for protocol 2.0 to /tmp/rift-ardupilot-clang/build/sitl/libraries/GCS_MAVLink/include/mavlink/v2.0
expanding com.himark.servo.ServoCmd
expanding dronecan.remoteid.BasicID
expanding uavcan.equipment.ahrs.Solution
expanding uavcan.protocol.param.NumericValue
expanding com.hobbywing.esc.GetMajorConfig
expanding uavcan.equipment.device.Temperature
expanding uavcan.tunnel.SerialConfig
expanding uavcan.protocol.RestartNode
expanding com.volz.servo.ActuatorStatus
expanding dronecan.sensors.magnetometer.MagneticFieldStrengthHiRes
expanding uavcan.equipment.air_data.Sideslip
expanding uavcan.equipment.gnss.ECEFPositionVelocity
expanding com.hex.equipment.flow.Measurement
expanding com.tmotor.esc.PUSHSCI
expanding uavcan.equipment.air_data.StaticTemperature
expanding uavcan.protocol.Panic
expanding uavcan.protocol.file.Error
expanding ardupilot.equipment.proximity_sensor.Proximity
expanding dronecan.sensors.rpm.RPM
expanding uavcan.equipment.esc.Status
expanding com.hobbywing.esc.StatusMsg1
expanding dronecan.remoteid.System
expanding uavcan.equipment.hardpoint.Status
expanding uavcan.equipment.indication.LightsCommand
expanding uavcan.tunnel.Targetted
expanding uavcan.protocol.param.ExecuteOpcode
expanding com.hobbywing.esc.GetEscID
expanding com.xacti.GnssStatus
expanding uavcan.Timestamp
expanding uavcan.equipment.air_data.IndicatedAirspeed
expanding uavcan.equipment.esc.RPMCommand
expanding uavcan.protocol.enumeration.Begin
expanding ardupilot.equipment.power.BatteryCells
expanding cuav.equipment.power.CBAT
expanding uavcan.equipment.safety.ArmingStatus
expanding uavcan.navigation.GlobalNavigationSolution
expanding com.hobbywing.esc.SelfTest
expanding uavcan.equipment.gnss.Auxiliary
expanding uavcan.protocol.file.EntryType
expanding ardupilot.indication.Button
expanding com.hobbywing.esc.SetLED
expanding uavcan.protocol.SoftwareVersion
expanding uavcan.protocol.file.GetDirectoryEntryInfo
expanding com.hobbywing.esc.GetMaintenanceInformation
expanding uavcan.equipment.indication.SingleLightCommand
expanding uavcan.protocol.param.Value
expanding com.hobbywing.esc.StatusMsg2
expanding dronecan.remoteid.SecureCommand
expanding uavcan.equipment.gnss.RTCMStream
expanding uavcan.protocol.dynamic_node_id.Allocation
expanding ardupilot.equipment.power.BatteryTag
expanding dronecan.sensors.hygrometer.Hygrometer
expanding uavcan.equipment.ahrs.MagneticFieldStrength
expanding uavcan.equipment.gnss.Fix2
expanding com.hobbywing.esc.SetDirection
expanding uavcan.equipment.actuator.ArrayCommand
expanding uavcan.equipment.ice.FuelTankStatus
expanding uavcan.protocol.CANIfaceStats
expanding uavcan.protocol.file.Path
expanding ardupilot.equipment.power.BatteryContinuous
expanding dronecan.protocol.Stats
expanding uavcan.equipment.range_sensor.Measurement
expanding uavcan.protocol.dynamic_node_id.server.Discovery
expanding ardupilot.gnss.Status
expanding com.tmotor.esc.ParamGet
expanding uavcan.equipment.hardpoint.Command
expanding uavcan.equipment.ice.reciprocating.Status
expanding uavcan.protocol.param.GetSet
expanding ardupilot.equipment.power.BatteryInfoAux
expanding com.xacti.CopterAttStatus
expanding uavcan.equipment.actuator.Status
expanding uavcan.equipment.camera_gimbal.Mode
expanding uavcan.equipment.esc.StatusExtended
expanding uavcan.protocol.dynamic_node_id.server.Entry
expanding ardupilot.equipment.power.BatteryPeriodic
expanding com.xacti.GnssStatusReq
expanding dronecan.protocol.GlobalTime
expanding uavcan.equipment.air_data.RawAirData
expanding uavcan.protocol.param.Empty
expanding uavcan.protocol.file.BeginFirmwareUpdate
expanding com.hobbywing.esc.RawCommand
expanding com.xacti.GimbalControlData
expanding uavcan.CoarseOrientation
expanding uavcan.equipment.camera_gimbal.AngularCommand
expanding uavcan.protocol.DataTypeKind
expanding uavcan.protocol.file.GetInfo
expanding ardupilot.gnss.MovingBaselineData
expanding dronecan.remoteid.ArmStatus
expanding uavcan.equipment.air_data.AngleOfAttack
expanding uavcan.equipment.esc.RawCommand
expanding uavcan.protocol.GetDataTypeInfo
expanding com.hobbywing.esc.SetReportingFrequency
expanding dronecan.sensors.rc.RCInput
expanding uavcan.equipment.air_data.StaticPressure
expanding uavcan.equipment.power.CircuitStatus
expanding uavcan.protocol.AccessCommandShell
expanding uavcan.protocol.file.Write
expanding com.hobbywing.esc.SetID
expanding mppt.Stream
expanding uavcan.equipment.camera_gimbal.GEOPOICommand
expanding uavcan.tunnel.Broadcast
expanding uavcan.protocol.debug.LogLevel
expanding com.hobbywing.esc.SetAngle
expanding uavcan.equipment.ahrs.RawIMU
expanding uavcan.equipment.power.PrimaryPowerSupplyStatus
expanding uavcan.protocol.GlobalTimeSync
expanding uavcan.protocol.debug.LogMessage
expanding ardupilot.gnss.Heading
expanding dronecan.remoteid.OperatorID
expanding uavcan.equipment.air_data.TrueAirspeed
expanding uavcan.equipment.power.BatteryInfo
expanding uavcan.protocol.GetNodeInfo
expanding com.hobbywing.esc.SetThrottleSource
expanding dronecan.protocol.FlexDebug
expanding uavcan.protocol.HardwareVersion
expanding uavcan.protocol.debug.KeyValue
expanding ardupilot.indication.NotifyState
expanding dronecan.remoteid.SelfID
expanding uavcan.protocol.file.Read
expanding com.hobbywing.esc.SetBaud
expanding dronecan.remoteid.Location
expanding uavcan.equipment.ice.reciprocating.CylinderStatus
expanding uavcan.protocol.GetTransportStats
expanding ardupilot.gnss.RelPosHeading
expanding com.tmotor.esc.ParamCfg
expanding uavcan.equipment.gnss.Fix
expanding com.hobbywing.esc.StatusMsg3
expanding com.tmotor.esc.FocCtrl
expanding uavcan.equipment.actuator.Command
expanding uavcan.equipment.camera_gimbal.Status
expanding uavcan.tunnel.Call
expanding ardupilot.indication.SafetyState
expanding com.xacti.GimbalAttitudeStatus
expanding mppt.OutputEnable
expanding uavcan.protocol.NodeStatus
expanding uavcan.protocol.dynamic_node_id.server.RequestVote
expanding com.himark.servo.ServoInfo
expanding com.tmotor.esc.PUSHCAN
expanding uavcan.equipment.ahrs.MagneticFieldStrength2
expanding uavcan.equipment.indication.RGB565
expanding uavcan.tunnel.Protocol
expanding uavcan.protocol.file.Delete
expanding ardupilot.equipment.trafficmonitor.TrafficReport
expanding dronecan.protocol.CanStats
expanding uavcan.equipment.indication.BeepCommand
expanding uavcan.protocol.enumeration.Indication
expanding uavcan.protocol.dynamic_node_id.server.AppendEntries

No target_list file found, creating
Generating compile_commands.json
Build commands will be stored in /tmp/rift-ardupilot-clang/build/sitl/compile_commands.json
Generating compile_commands.json
Build commands will be stored in /tmp/rift-ardupilot-clang/build/sitl/compile_commands.json
[  12/1350] Compiling /tmp/rift-ardupilot-clang/build/sitl/modules/DroneCAN/libcanard/dsdlc_generated/src/uavcan.protocol.GetTransportStats_req.c
[  13/1350] Compiling /tmp/rift-ardupilot-clang/build/sitl/modules/DroneCAN/libcanard/dsdlc_generated/src/dronecan.remoteid.SecureCommand_req.c
[  14/1350] Compiling /tmp/rift-ardupilot-clang/build/sitl/modules/DroneCAN/libcanard/dsdlc_generated/src/com.hobbywing.esc.SetDirection_res.c
[  15/1350] Compiling /tmp/rift-ardupilot-clang/build/sitl/modules/DroneCAN/libcanard/dsdlc_generated/src/com.hex.equipment.flow.Measurement.c
[  16/1350] Compiling /tmp/rift-ardupilot-clang/build/sitl/modules/DroneCAN/libcanard/dsdlc_generated/src/ardupilot.equipment.trafficmonitor.TrafficReport.c
[  17/1350] Compiling /tmp/rift-ardupilot-clang/build/sitl/modules/DroneCAN/libcanard/dsdlc_generated/src/ardupilot.equipment.power.BatteryCells.c
[  18/1350] Compiling /tmp/rift-ardupilot-clang/build/sitl/modules/DroneCAN/libcanard/dsdlc_generated/src/uavcan.protocol.GetNodeInfo_req.c
[  19/1350] Compiling /tmp/rift-ardupilot-clang/build/sitl/modules/DroneCAN/libcanard/dsdlc_generated/src/uavcan.protocol.GetNodeInfo_res.c
[  20/1350] Compiling /tmp/rift-ardupilot-clang/build/sitl/modules/DroneCAN/libcanard/dsdlc_generated/src/ardupilot.equipment.power.BatteryInfoAux.c
[  21/1350] Compiling /tmp/rift-ardupilot-clang/build/sitl/modules/DroneCAN/libcanard/dsdlc_generated/src/dronecan.remoteid.OperatorID.c
[  22/1350] Compiling /tmp/rift-ardupilot-clang/build/sitl/modules/DroneCAN/libcanard/dsdlc_generated/src/uavcan.protocol.GetDataTypeInfo_req.c
[  23/1350] Compiling /tmp/rift-ardupilot-clang/build/sitl/modules/DroneCAN/libcanard/dsdlc_generated/src/uavcan.protocol.CANIfaceStats.c
[  24/1350] Compiling /tmp/rift-ardupilot-clang/build/sitl/modules/DroneCAN/libcanard/dsdlc_generated/src/uavcan.equipment.safety.ArmingStatus.c
[  25/1350] Compiling /tmp/rift-ardupilot-clang/build/sitl/modules/DroneCAN/libcanard/dsdlc_generated/src/uavcan.equipment.indication.BeepCommand.c
[  26/1350] Compiling /tmp/rift-ardupilot-clang/build/sitl/modules/DroneCAN/libcanard/dsdlc_generated/src/cuav.equipment.power.CBAT.c
[  27/1350] Compiling /tmp/rift-ardupilot-clang/build/sitl/modules/DroneCAN/libcanard/dsdlc_generated/src/uavcan.equipment.indication.LightsCommand.c
[  28/1350] Compiling /tmp/rift-ardupilot-clang/build/sitl/modules/DroneCAN/libcanard/dsdlc_generated/src/uavcan.equipment.ice.reciprocating.Status.c
[  29/1350] Compiling /tmp/rift-ardupilot-clang/build/sitl/modules/DroneCAN/libcanard/dsdlc_generated/src/uavcan.equipment.ice.reciprocating.CylinderStatus.c
[  30/1350] Compiling /tmp/rift-ardupilot-clang/build/sitl/modules/DroneCAN/libcanard/dsdlc_generated/src/com.xacti.GnssStatusReq.c
[  31/1350] Compiling /tmp/rift-ardupilot-clang/build/sitl/modules/DroneCAN/libcanard/dsdlc_generated/src/com.hobbywing.esc.SetAngle_req.c
[  32/1350] Compiling /tmp/rift-ardupilot-clang/build/sitl/modules/DroneCAN/libcanard/dsdlc_generated/src/uavcan.equipment.ice.FuelTankStatus.c
[  33/1350] Compiling /tmp/rift-ardupilot-clang/build/sitl/modules/DroneCAN/libcanard/dsdlc_generated/src/com.xacti.GnssStatus.c
[  34/1350] Compiling /tmp/rift-ardupilot-clang/build/sitl/modules/DroneCAN/libcanard/dsdlc_generated/src/uavcan.equipment.hardpoint.Command.c
[  35/1350] Compiling /tmp/rift-ardupilot-clang/build/sitl/modules/DroneCAN/libcanard/dsdlc_generated/src/uavcan.equipment.gnss.RTCMStream.c
[  36/1350] Compiling /tmp/rift-ardupilot-clang/build/sitl/modules/DroneCAN/libcanard/dsdlc_generated/src/uavcan.equipment.hardpoint.Status.c
[  37/1350] Compiling /tmp/rift-ardupilot-clang/build/sitl/modules/DroneCAN/libcanard/dsdlc_generated/src/com.xacti.GimbalControlData.c
[  38/1350] Compiling /tmp/rift-ardupilot-clang/build/sitl/modules/DroneCAN/libcanard/dsdlc_generated/src/com.hobbywing.esc.SelfTest_res.c
[  39/1350] Compiling /tmp/rift-ardupilot-clang/build/sitl/modules/DroneCAN/libcanard/dsdlc_generated/src/ardupilot.indication.Button.c
[  40/1350] Compiling /tmp/rift-ardupilot-clang/build/sitl/modules/DroneCAN/libcanard/dsdlc_generated/src/uavcan.equipment.gnss.Fix2.c
[  41/1350] Compiling /tmp/rift-ardupilot-clang/build/sitl/modules/DroneCAN/libcanard/dsdlc_generated/src/com.xacti.GimbalAttitudeStatus.c
[  42/1350] Compiling /tmp/rift-ardupilot-clang/build/sitl/modules/DroneCAN/libcanard/dsdlc_generated/src/uavcan.equipment.gnss.ECEFPositionVelocity.c
[  43/1350] Compiling /tmp/rift-ardupilot-clang/build/sitl/modules/DroneCAN/libcanard/dsdlc_generated/src/uavcan.equipment.gnss.Auxiliary.c
[  44/1350] Compiling /tmp/rift-ardupilot-clang/build/sitl/modules/DroneCAN/libcanard/dsdlc_generated/src/com.hobbywing.esc.SelfTest_req.c
[  45/1350] Compiling /tmp/rift-ardupilot-clang/build/sitl/modules/DroneCAN/libcanard/dsdlc_generated/src/com.xacti.CopterAttStatus.c
[  46/1350] Compiling /tmp/rift-ardupilot-clang/build/sitl/modules/DroneCAN/libcanard/dsdlc_generated/src/uavcan.equipment.esc.StatusExtended.c
[  47/1350] Compiling /tmp/rift-ardupilot-clang/build/sitl/modules/DroneCAN/libcanard/dsdlc_generated/src/uavcan.equipment.gnss.Fix.c
[  48/1350] Compiling /tmp/rift-ardupilot-clang/build/sitl/modules/DroneCAN/libcanard/dsdlc_generated/src/com.volz.servo.ActuatorStatus.c
[  49/1350] Compiling /tmp/rift-ardupilot-clang/build/sitl/modules/DroneCAN/libcanard/dsdlc_generated/src/uavcan.equipment.esc.RawCommand.c
[  50/1350] Compiling /tmp/rift-ardupilot-clang/build/sitl/modules/DroneCAN/libcanard/dsdlc_generated/src/uavcan.equipment.esc.RPMCommand.c
[  51/1350] Compiling /tmp/rift-ardupilot-clang/build/sitl/modules/DroneCAN/libcanard/dsdlc_generated/src/com.hobbywing.esc.RawCommand.c
[  52/1350] Compiling /tmp/rift-ardupilot-clang/build/sitl/modules/DroneCAN/libcanard/dsdlc_generated/src/com.tmotor.esc.ParamGet.c
[  53/1350] Compiling /tmp/rift-ardupilot-clang/build/sitl/modules/DroneCAN/libcanard/dsdlc_generated/src/ardupilot.equipment.power.BatteryTag.c
[  54/1350] Compiling /tmp/rift-ardupilot-clang/build/sitl/modules/DroneCAN/libcanard/dsdlc_generated/src/ardupilot.gnss.Status.c
[  55/1350] Compiling /tmp/rift-ardupilot-clang/build/sitl/modules/DroneCAN/libcanard/dsdlc_generated/src/ardupilot.equipment.power.BatteryContinuous.c
[  56/1350] Compiling /tmp/rift-ardupilot-clang/build/sitl/modules/DroneCAN/libcanard/dsdlc_generated/src/uavcan.equipment.camera_gimbal.Status.c
[  57/1350] Compiling /tmp/rift-ardupilot-clang/build/sitl/modules/DroneCAN/libcanard/dsdlc_generated/src/com.tmotor.esc.ParamCfg.c
[  58/1350] Compiling /tmp/rift-ardupilot-clang/build/sitl/modules/DroneCAN/libcanard/dsdlc_generated/src/uavcan.equipment.device.Temperature.c
[  59/1350] Compiling /tmp/rift-ardupilot-clang/build/sitl/modules/DroneCAN/libcanard/dsdlc_generated/src/uavcan.equipment.camera_gimbal.Mode.c
[  60/1350] Compiling /tmp/rift-ardupilot-clang/build/sitl/modules/DroneCAN/libcanard/dsdlc_generated/src/uavcan.equipment.camera_gimbal.GEOPOICommand.c
[  61/1350] Compiling /tmp/rift-ardupilot-clang/build/sitl/modules/DroneCAN/libcanard/dsdlc_generated/src/com.tmotor.esc.PUSHSCI.c
[  62/1350] Compiling /tmp/rift-ardupilot-clang/build/sitl/modules/DroneCAN/libcanard/dsdlc_generated/src/com.hobbywing.esc.GetMajorConfig_res.c
[  63/1350] Compiling /tmp/rift-ardupilot-clang/build/sitl/modules/DroneCAN/libcanard/dsdlc_generated/src/uavcan.equipment.camera_gimbal.AngularCommand.c
[  64/1350] Compiling /tmp/rift-ardupilot-clang/build/sitl/modules/DroneCAN/libcanard/dsdlc_generated/src/uavcan.equipment.air_data.TrueAirspeed.c
[  65/1350] Compiling /tmp/rift-ardupilot-clang/build/sitl/modules/DroneCAN/libcanard/dsdlc_generated/src/uavcan.tunnel.Targetted.c
[  66/1350] Compiling /tmp/rift-ardupilot-clang/build/sitl/modules/DroneCAN/libcanard/dsdlc_generated/src/uavcan.equipment.air_data.StaticTemperature.c
[  67/1350] Compiling /tmp/rift-ardupilot-clang/build/sitl/modules/DroneCAN/libcanard/dsdlc_generated/src/com.tmotor.esc.PUSHCAN.c
[  68/1350] Compiling /tmp/rift-ardupilot-clang/build/sitl/modules/DroneCAN/libcanard/dsdlc_generated/src/uavcan.tunnel.SerialConfig.c
[  69/1350] Compiling /tmp/rift-ardupilot-clang/build/sitl/modules/DroneCAN/libcanard/dsdlc_generated/src/uavcan.equipment.air_data.StaticPressure.c
[  70/1350] Compiling /tmp/rift-ardupilot-clang/build/sitl/modules/DroneCAN/libcanard/dsdlc_generated/src/com.hobbywing.esc.GetMajorConfig_req.c
[  71/1350] Compiling /tmp/rift-ardupilot-clang/build/sitl/modules/DroneCAN/libcanard/dsdlc_generated/src/com.tmotor.esc.FocCtrl.c
[  72/1350] Compiling /tmp/rift-ardupilot-clang/build/sitl/modules/DroneCAN/libcanard/dsdlc_generated/src/ardupilot.gnss.RelPosHeading.c
[  73/1350] Compiling /tmp/rift-ardupilot-clang/build/sitl/modules/DroneCAN/libcanard/dsdlc_generated/src/uavcan.tunnel.Call_res.c
[  74/1350] Compiling /tmp/rift-ardupilot-clang/build/sitl/modules/DroneCAN/libcanard/dsdlc_generated/src/uavcan.equipment.air_data.Sideslip.c
[  75/1350] Compiling /tmp/rift-ardupilot-clang/build/sitl/modules/DroneCAN/libcanard/dsdlc_generated/src/uavcan.tunnel.Protocol.c
[  76/1350] Compiling /tmp/rift-ardupilot-clang/build/sitl/modules/DroneCAN/libcanard/dsdlc_generated/src/uavcan.tunnel.Call_req.c
[  77/1350] Compiling /tmp/rift-ardupilot-clang/build/sitl/modules/DroneCAN/libcanard/dsdlc_generated/src/uavcan.equipment.air_data.RawAirData.c
[  78/1350] Compiling /tmp/rift-ardupilot-clang/build/sitl/modules/DroneCAN/libcanard/dsdlc_generated/src/uavcan.tunnel.Broadcast.c
[  79/1350] Compiling /tmp/rift-ardupilot-clang/build/sitl/modules/DroneCAN/libcanard/dsdlc_generated/src/com.hobbywing.esc.StatusMsg3.c
[  80/1350] Compiling /tmp/rift-ardupilot-clang/build/sitl/modules/DroneCAN/libcanard/dsdlc_generated/src/uavcan.protocol.param.Value.c
[  81/1350] Compiling /tmp/rift-ardupilot-clang/build/sitl/modules/DroneCAN/libcanard/dsdlc_generated/src/uavcan.equipment.air_data.IndicatedAirspeed.c
[  82/1350] Compiling /tmp/rift-ardupilot-clang/build/sitl/modules/DroneCAN/libcanard/dsdlc_generated/src/uavcan.protocol.param.NumericValue.c
[  83/1350] Compiling /tmp/rift-ardupilot-clang/build/sitl/modules/DroneCAN/libcanard/dsdlc_generated/src/uavcan.protocol.param.GetSet_req.c
[  84/1350] Compiling /tmp/rift-ardupilot-clang/build/sitl/modules/DroneCAN/libcanard/dsdlc_generated/src/com.hobbywing.esc.StatusMsg2.c
[  85/1350] Compiling /tmp/rift-ardupilot-clang/build/sitl/modules/DroneCAN/libcanard/dsdlc_generated/src/uavcan.equipment.air_data.AngleOfAttack.c
[  86/1350] Compiling /tmp/rift-ardupilot-clang/build/sitl/modules/DroneCAN/libcanard/dsdlc_generated/src/uavcan.protocol.param.GetSet_res.c
[  87/1350] Compiling /tmp/rift-ardupilot-clang/build/sitl/modules/DroneCAN/libcanard/dsdlc_generated/src/com.hobbywing.esc.GetMaintenanceInformation_res.c
[  88/1350] Compiling /tmp/rift-ardupilot-clang/build/sitl/modules/DroneCAN/libcanard/dsdlc_generated/src/uavcan.protocol.param.ExecuteOpcode_res.c
[  89/1350] Compiling /tmp/rift-ardupilot-clang/build/sitl/modules/DroneCAN/libcanard/dsdlc_generated/src/uavcan.protocol.param.ExecuteOpcode_req.c
[  90/1350] Compiling /tmp/rift-ardupilot-clang/build/sitl/modules/DroneCAN/libcanard/dsdlc_generated/src/uavcan.equipment.ahrs.Solution.c
[  91/1350] Compiling /tmp/rift-ardupilot-clang/build/sitl/modules/DroneCAN/libcanard/dsdlc_generated/src/uavcan.protocol.file.Write_res.c
[  92/1350] Compiling /tmp/rift-ardupilot-clang/build/sitl/modules/DroneCAN/libcanard/dsdlc_generated/src/uavcan.equipment.ahrs.RawIMU.c
[  93/1350] Compiling /tmp/rift-ardupilot-clang/build/sitl/modules/DroneCAN/libcanard/dsdlc_generated/src/com.hobbywing.esc.StatusMsg1.c
[  94/1350] Compiling /tmp/rift-ardupilot-clang/build/sitl/modules/DroneCAN/libcanard/dsdlc_generated/src/uavcan.protocol.param.Empty.c
[  95/1350] Compiling /tmp/rift-ardupilot-clang/build/sitl/modules/DroneCAN/libcanard/dsdlc_generated/src/uavcan.protocol.file.Read_res.c
[  96/1350] Compiling /tmp/rift-ardupilot-clang/build/sitl/modules/DroneCAN/libcanard/dsdlc_generated/src/uavcan.protocol.file.Write_req.c
[  97/1350] Compiling /tmp/rift-ardupilot-clang/build/sitl/modules/DroneCAN/libcanard/dsdlc_generated/src/uavcan.protocol.file.Read_req.c
[  98/1350] Compiling /tmp/rift-ardupilot-clang/build/sitl/modules/DroneCAN/libcanard/dsdlc_generated/src/uavcan.protocol.file.Path.c
[  99/1350] Compiling /tmp/rift-ardupilot-clang/build/sitl/modules/DroneCAN/libcanard/dsdlc_generated/src/uavcan.equipment.ahrs.MagneticFieldStrength.c
[ 100/1350] Compiling /tmp/rift-ardupilot-clang/build/sitl/modules/DroneCAN/libcanard/dsdlc_generated/src/uavcan.equipment.ahrs.MagneticFieldStrength2.c
[ 101/1350] Compiling /tmp/rift-ardupilot-clang/build/sitl/modules/DroneCAN/libcanard/dsdlc_generated/src/com.hobbywing.esc.SetThrottleSource_res.c
[ 102/1350] Compiling /tmp/rift-ardupilot-clang/build/sitl/modules/DroneCAN/libcanard/dsdlc_generated/src/ardupilot.gnss.MovingBaselineData.c
[ 103/1350] Compiling /tmp/rift-ardupilot-clang/build/sitl/modules/DroneCAN/libcanard/dsdlc_generated/src/uavcan.equipment.esc.Status.c
[ 104/1350] Compiling /tmp/rift-ardupilot-clang/build/sitl/modules/DroneCAN/libcanard/dsdlc_generated/src/ardupilot.equipment.power.BatteryPeriodic.c
[ 105/1350] Compiling /tmp/rift-ardupilot-clang/build/sitl/modules/DroneCAN/libcanard/dsdlc_generated/src/uavcan.protocol.file.GetInfo_req.c
[ 106/1350] Compiling /tmp/rift-ardupilot-clang/build/sitl/modules/DroneCAN/libcanard/dsdlc_generated/src/uavcan.equipment.actuator.Status.c
[ 107/1350] Compiling /tmp/rift-ardupilot-clang/build/sitl/modules/DroneCAN/libcanard/dsdlc_generated/src/uavcan.protocol.file.GetInfo_res.c
[ 108/1350] Compiling /tmp/rift-ardupilot-clang/build/sitl/modules/DroneCAN/libcanard/dsdlc_generated/src/uavcan.protocol.file.GetDirectoryEntryInfo_res.c
[ 109/1350] Compiling /tmp/rift-ardupilot-clang/build/sitl/modules/DroneCAN/libcanard/dsdlc_generated/src/uavcan.protocol.file.GetDirectoryEntryInfo_req.c
[ 110/1350] Compiling /tmp/rift-ardupilot-clang/build/sitl/modules/DroneCAN/libcanard/dsdlc_generated/src/uavcan.equipment.actuator.Command.c
[ 111/1350] Compiling /tmp/rift-ardupilot-clang/build/sitl/modules/DroneCAN/libcanard/dsdlc_generated/src/com.hobbywing.esc.SetThrottleSource_req.c
[ 112/1350] Compiling /tmp/rift-ardupilot-clang/build/sitl/modules/DroneCAN/libcanard/dsdlc_generated/src/uavcan.protocol.file.EntryType.c
[ 113/1350] Compiling /tmp/rift-ardupilot-clang/build/sitl/modules/DroneCAN/libcanard/dsdlc_generated/src/uavcan.equipment.actuator.ArrayCommand.c
[ 114/1350] Compiling /tmp/rift-ardupilot-clang/build/sitl/modules/DroneCAN/libcanard/dsdlc_generated/src/uavcan.protocol.file.Error.c
[ 115/1350] Compiling /tmp/rift-ardupilot-clang/build/sitl/modules/DroneCAN/libcanard/dsdlc_generated/src/uavcan.protocol.file.Delete_req.c
[ 116/1350] Compiling /tmp/rift-ardupilot-clang/build/sitl/modules/DroneCAN/libcanard/dsdlc_generated/src/uavcan.protocol.file.Delete_res.c
[ 117/1350] Compiling /tmp/rift-ardupilot-clang/build/sitl/modules/DroneCAN/libcanard/dsdlc_generated/src/com.hobbywing.esc.SetReportingFrequency_res.c
[ 118/1350] Compiling /tmp/rift-ardupilot-clang/build/sitl/modules/DroneCAN/libcanard/dsdlc_generated/src/uavcan.Timestamp.c
[ 119/1350] Compiling /tmp/rift-ardupilot-clang/build/sitl/modules/DroneCAN/libcanard/dsdlc_generated/src/uavcan.protocol.file.BeginFirmwareUpdate_res.c
[ 120/1350] Compiling /tmp/rift-ardupilot-clang/build/sitl/modules/DroneCAN/libcanard/dsdlc_generated/src/uavcan.protocol.file.BeginFirmwareUpdate_req.c
[ 121/1350] Compiling /tmp/rift-ardupilot-clang/build/sitl/modules/DroneCAN/libcanard/dsdlc_generated/src/uavcan.CoarseOrientation.c
[ 122/1350] Compiling /tmp/rift-ardupilot-clang/build/sitl/modules/DroneCAN/libcanard/dsdlc_generated/src/uavcan.protocol.enumeration.Indication.c
[ 123/1350] Compiling /tmp/rift-ardupilot-clang/build/sitl/modules/DroneCAN/libcanard/dsdlc_generated/src/uavcan.protocol.enumeration.Begin_res.c
[ 124/1350] Compiling /tmp/rift-ardupilot-clang/build/sitl/modules/DroneCAN/libcanard/dsdlc_generated/src/mppt.Stream.c
[ 125/1350] Compiling /tmp/rift-ardupilot-clang/build/sitl/modules/DroneCAN/libcanard/dsdlc_generated/src/com.hobbywing.esc.GetEscID.c
[ 126/1350] Compiling /tmp/rift-ardupilot-clang/build/sitl/modules/DroneCAN/libcanard/dsdlc_generated/src/com.hobbywing.esc.GetMaintenanceInformation_req.c
[ 127/1350] Compiling /tmp/rift-ardupilot-clang/build/sitl/modules/DroneCAN/libcanard/dsdlc_generated/src/uavcan.protocol.enumeration.Begin_req.c
[ 128/1350] Compiling /tmp/rift-ardupilot-clang/build/sitl/modules/DroneCAN/libcanard/dsdlc_generated/src/mppt.OutputEnable_res.c
[ 129/1350] Compiling /tmp/rift-ardupilot-clang/build/sitl/modules/DroneCAN/libcanard/dsdlc_generated/src/uavcan.protocol.dynamic_node_id.server.RequestVote_res.c
[ 130/1350] Compiling /tmp/rift-ardupilot-clang/build/sitl/modules/DroneCAN/libcanard/dsdlc_generated/src/uavcan.protocol.dynamic_node_id.server.Entry.c
[ 131/1350] Compiling /tmp/rift-ardupilot-clang/build/sitl/modules/DroneCAN/libcanard/dsdlc_generated/src/uavcan.protocol.dynamic_node_id.server.RequestVote_req.c
[ 132/1350] Compiling /tmp/rift-ardupilot-clang/build/sitl/modules/DroneCAN/libcanard/dsdlc_generated/src/mppt.OutputEnable_req.c
[ 133/1350] Compiling /tmp/rift-ardupilot-clang/build/sitl/modules/DroneCAN/libcanard/dsdlc_generated/src/com.hobbywing.esc.SetLED_res.c
[ 134/1350] Compiling /tmp/rift-ardupilot-clang/build/sitl/modules/DroneCAN/libcanard/dsdlc_generated/src/com.himark.servo.ServoInfo.c
[ 135/1350] Compiling /tmp/rift-ardupilot-clang/build/sitl/modules/DroneCAN/libcanard/dsdlc_generated/src/ardupilot.gnss.Heading.c
[ 136/1350] Compiling /tmp/rift-ardupilot-clang/build/sitl/modules/DroneCAN/libcanard/dsdlc_generated/src/uavcan.protocol.dynamic_node_id.server.AppendEntries_res.c
[ 137/1350] Compiling /tmp/rift-ardupilot-clang/build/sitl/modules/DroneCAN/libcanard/dsdlc_generated/src/dronecan.sensors.rpm.RPM.c
[ 138/1350] Compiling /tmp/rift-ardupilot-clang/build/sitl/modules/DroneCAN/libcanard/dsdlc_generated/src/uavcan.protocol.dynamic_node_id.server.Discovery.c
[ 139/1350] Compiling /tmp/rift-ardupilot-clang/build/sitl/modules/DroneCAN/libcanard/dsdlc_generated/src/uavcan.protocol.dynamic_node_id.server.AppendEntries_req.c
[ 140/1350] Compiling /tmp/rift-ardupilot-clang/build/sitl/modules/DroneCAN/libcanard/dsdlc_generated/src/uavcan.protocol.dynamic_node_id.Allocation.c
[ 141/1350] Compiling /tmp/rift-ardupilot-clang/build/sitl/modules/DroneCAN/libcanard/dsdlc_generated/src/dronecan.sensors.rc.RCInput.c
[ 142/1350] Compiling /tmp/rift-ardupilot-clang/build/sitl/modules/DroneCAN/libcanard/dsdlc_generated/src/com.hobbywing.esc.SetReportingFrequency_req.c
[ 143/1350] Compiling /tmp/rift-ardupilot-clang/build/sitl/modules/DroneCAN/libcanard/dsdlc_generated/src/com.hobbywing.esc.SetLED_req.c
[ 144/1350] Compiling /tmp/rift-ardupilot-clang/build/sitl/modules/DroneCAN/libcanard/dsdlc_generated/src/uavcan.protocol.debug.LogMessage.c
[ 145/1350] Compiling /tmp/rift-ardupilot-clang/build/sitl/modules/DroneCAN/libcanard/dsdlc_generated/src/dronecan.sensors.magnetometer.MagneticFieldStrengthHiRes.c
[ 146/1350] Compiling /tmp/rift-ardupilot-clang/build/sitl/modules/DroneCAN/libcanard/dsdlc_generated/src/uavcan.protocol.debug.KeyValue.c
[ 147/1350] Compiling /tmp/rift-ardupilot-clang/build/sitl/modules/DroneCAN/libcanard/dsdlc_generated/src/dronecan.sensors.hygrometer.Hygrometer.c
[ 148/1350] Compiling /tmp/rift-ardupilot-clang/build/sitl/modules/DroneCAN/libcanard/dsdlc_generated/src/com.hobbywing.esc.SetID_res.c
[ 149/1350] Compiling /tmp/rift-ardupilot-clang/build/sitl/modules/DroneCAN/libcanard/dsdlc_generated/src/com.himark.servo.ServoCmd.c
[ 150/1350] Compiling /tmp/rift-ardupilot-clang/build/sitl/modules/DroneCAN/libcanard/dsdlc_generated/src/uavcan.protocol.SoftwareVersion.c
[ 151/1350] Compiling /tmp/rift-ardupilot-clang/build/sitl/modules/DroneCAN/libcanard/dsdlc_generated/src/uavcan.protocol.RestartNode_res.c
[ 152/1350] Compiling /tmp/rift-ardupilot-clang/build/sitl/modules/DroneCAN/libcanard/dsdlc_generated/src/uavcan.protocol.RestartNode_req.c
[ 153/1350] Compiling /tmp/rift-ardupilot-clang/build/sitl/modules/DroneCAN/libcanard/dsdlc_generated/src/dronecan.remoteid.System.c
[ 154/1350] Compiling /tmp/rift-ardupilot-clang/build/sitl/modules/DroneCAN/libcanard/dsdlc_generated/src/uavcan.protocol.NodeStatus.c
[ 155/1350] Compiling /tmp/rift-ardupilot-clang/build/sitl/modules/DroneCAN/libcanard/dsdlc_generated/src/dronecan.remoteid.SelfID.c
[ 156/1350] Compiling /tmp/rift-ardupilot-clang/build/sitl/modules/DroneCAN/libcanard/dsdlc_generated/src/uavcan.protocol.HardwareVersion.c
[ 157/1350] Compiling /tmp/rift-ardupilot-clang/build/sitl/modules/DroneCAN/libcanard/dsdlc_generated/src/com.hobbywing.esc.SetID_req.c
[ 158/1350] Compiling /tmp/rift-ardupilot-clang/build/sitl/modules/DroneCAN/libcanard/dsdlc_generated/src/uavcan.protocol.Panic.c
[ 159/1350] Compiling /tmp/rift-ardupilot-clang/build/sitl/modules/DroneCAN/libcanard/dsdlc_generated/src/dronecan.remoteid.SecureCommand_res.c
[ 160/1350] Compiling /tmp/rift-ardupilot-clang/build/sitl/modules/DroneCAN/libcanard/dsdlc_generated/src/uavcan.protocol.GlobalTimeSync.c
[ 161/1350] Compiling /tmp/rift-ardupilot-clang/build/sitl/modules/DroneCAN/libcanard/dsdlc_generated/src/uavcan.protocol.debug.LogLevel.c
[ 162/1350] Compiling /tmp/rift-ardupilot-clang/build/sitl/modules/DroneCAN/libcanard/dsdlc_generated/src/uavcan.navigation.GlobalNavigationSolution.c
[ 163/1350] Compiling /tmp/rift-ardupilot-clang/build/sitl/modules/DroneCAN/libcanard/dsdlc_generated/src/ardupilot.equipment.proximity_sensor.Proximity.c
[ 164/1350] Compiling /tmp/rift-ardupilot-clang/build/sitl/modules/DroneCAN/libcanard/dsdlc_generated/src/uavcan.protocol.GetTransportStats_res.c
[ 165/1350] Compiling /tmp/rift-ardupilot-clang/build/sitl/modules/DroneCAN/libcanard/dsdlc_generated/src/ardupilot.indication.NotifyState.c
[ 166/1350] Compiling /tmp/rift-ardupilot-clang/build/sitl/modules/DroneCAN/libcanard/dsdlc_generated/src/uavcan.protocol.DataTypeKind.c
[ 167/1350] Compiling /tmp/rift-ardupilot-clang/build/sitl/modules/DroneCAN/libcanard/dsdlc_generated/src/ardupilot.indication.SafetyState.c
[ 168/1350] Compiling /tmp/rift-ardupilot-clang/build/sitl/modules/DroneCAN/libcanard/dsdlc_generated/src/com.hobbywing.esc.SetAngle_res.c
[ 169/1350] Compiling /tmp/rift-ardupilot-clang/build/sitl/modules/DroneCAN/libcanard/dsdlc_generated/src/dronecan.protocol.CanStats.c
[ 170/1350] Compiling /tmp/rift-ardupilot-clang/build/sitl/modules/DroneCAN/libcanard/dsdlc_generated/src/com.hobbywing.esc.SetBaud_res.c
[ 171/1350] Compiling /tmp/rift-ardupilot-clang/build/sitl/modules/DroneCAN/libcanard/dsdlc_generated/src/uavcan.equipment.indication.RGB565.c
[ 172/1350] Compiling /tmp/rift-ardupilot-clang/build/sitl/modules/DroneCAN/libcanard/dsdlc_generated/src/uavcan.equipment.indication.SingleLightCommand.c
[ 173/1350] Compiling /tmp/rift-ardupilot-clang/build/sitl/modules/DroneCAN/libcanard/dsdlc_generated/src/uavcan.protocol.GetDataTypeInfo_res.c
[ 174/1350] Compiling /tmp/rift-ardupilot-clang/build/sitl/modules/DroneCAN/libcanard/dsdlc_generated/src/com.hobbywing.esc.SetDirection_req.c
[ 175/1350] Compiling /tmp/rift-ardupilot-clang/build/sitl/modules/DroneCAN/libcanard/dsdlc_generated/src/dronecan.remoteid.ArmStatus.c
[ 176/1350] Compiling /tmp/rift-ardupilot-clang/build/sitl/modules/DroneCAN/libcanard/dsdlc_generated/src/dronecan.protocol.FlexDebug.c
[ 177/1350] Compiling /tmp/rift-ardupilot-clang/build/sitl/modules/DroneCAN/libcanard/dsdlc_generated/src/uavcan.equipment.power.BatteryInfo.c
[ 178/1350] Compiling /tmp/rift-ardupilot-clang/build/sitl/modules/DroneCAN/libcanard/dsdlc_generated/src/uavcan.protocol.AccessCommandShell_req.c
[ 179/1350] Compiling /tmp/rift-ardupilot-clang/build/sitl/modules/DroneCAN/libcanard/dsdlc_generated/src/uavcan.equipment.power.CircuitStatus.c
[ 180/1350] Compiling /tmp/rift-ardupilot-clang/build/sitl/modules/DroneCAN/libcanard/dsdlc_generated/src/com.hobbywing.esc.SetBaud_req.c
[ 181/1350] Compiling /tmp/rift-ardupilot-clang/build/sitl/modules/DroneCAN/libcanard/dsdlc_generated/src/dronecan.remoteid.Location.c
[ 182/1350] Compiling /tmp/rift-ardupilot-clang/build/sitl/modules/DroneCAN/libcanard/dsdlc_generated/src/uavcan.protocol.AccessCommandShell_res.c
[ 183/1350] Compiling /tmp/rift-ardupilot-clang/build/sitl/modules/DroneCAN/libcanard/dsdlc_generated/src/dronecan.protocol.GlobalTime.c
[ 184/1350] Compiling /tmp/rift-ardupilot-clang/build/sitl/modules/DroneCAN/libcanard/dsdlc_generated/src/uavcan.equipment.power.PrimaryPowerSupplyStatus.c
[ 185/1350] Compiling /tmp/rift-ardupilot-clang/build/sitl/modules/DroneCAN/libcanard/dsdlc_generated/src/dronecan.remoteid.BasicID.c
[ 186/1350] Compiling /tmp/rift-ardupilot-clang/build/sitl/modules/DroneCAN/libcanard/dsdlc_generated/src/uavcan.equipment.range_sensor.Measurement.c
[ 187/1350] Compiling /tmp/rift-ardupilot-clang/build/sitl/modules/DroneCAN/libcanard/dsdlc_generated/src/dronecan.protocol.Stats.c
[ 188/1350] Compiling libraries/AC_AttitudeControl/AC_PosControl_Logging.cpp
[ 189/1350] Compiling libraries/AC_AttitudeControl/AC_AttitudeControl_Sub.cpp
[ 190/1350] Compiling libraries/AC_AttitudeControl/AC_AttitudeControl_Logging.cpp
[ 191/1350] Compiling libraries/AC_AttitudeControl/AC_CommandModel.cpp
[ 192/1350] Compiling libraries/AC_AttitudeControl/AC_AttitudeControl_TS.cpp
[ 193/1350] Compiling libraries/AC_AttitudeControl/AC_AttitudeControl_Multi.cpp
[ 194/1350] Compiling libraries/AC_AttitudeControl/AC_AttitudeControl_Multi_6DoF.cpp
[ 195/1350] Compiling libraries/AC_AttitudeControl/AC_AttitudeControl_Heli.cpp
[ 196/1350] Compiling libraries/AC_AutoTune/AC_AutoTune_Heli.cpp
[ 197/1350] Compiling libraries/AC_AutoTune/AC_AutoTune_FreqResp.cpp
[ 198/1350] Compiling libraries/AC_Autorotation/RSC_Autorotation.cpp
[ 199/1350] Compiling libraries/AC_Autorotation/AC_Autorotation.cpp
[ 200/1350] Compiling libraries/AC_Avoidance/AP_OAPathPlanner.cpp
[ 201/1350] Compiling libraries/AC_Avoidance/AP_OAVisGraph.cpp
[ 202/1350] Compiling libraries/AC_Avoidance/AP_OADijkstra.cpp
[ 203/1350] Compiling libraries/AC_Avoidance/AC_Avoidance_Logging.cpp
[ 204/1350] Compiling libraries/AC_CustomControl/AC_CustomControl_Empty.cpp
[ 205/1350] Compiling libraries/AC_CustomControl/AC_CustomControl_PID.cpp
[ 206/1350] Compiling libraries/AC_CustomControl/AC_CustomControl.cpp
[ 207/1350] Compiling libraries/AC_InputManager/AC_InputManager.cpp
[ 208/1350] Compiling libraries/AC_InputManager/AC_InputManager_Heli.cpp
[ 209/1350] Compiling libraries/AC_PID/AC_PI_2D.cpp
[ 210/1350] Compiling libraries/AC_PID/AC_HELI_PID.cpp
[ 211/1350] Compiling libraries/AC_PID/AC_P_2D.cpp
[ 212/1350] Compiling libraries/AC_PID/AC_PID_Basic.cpp
[ 213/1350] Compiling libraries/AC_PID/AC_P.cpp
[ 214/1350] Compiling libraries/AC_PID/AC_P_1D.cpp
[ 215/1350] Compiling libraries/AC_PID/AC_PID_2D.cpp
[ 216/1350] Compiling libraries/AC_PID/AC_PI.cpp
[ 217/1350] Compiling libraries/AC_PID/AC_PID.cpp
[ 218/1350] Compiling libraries/AC_PrecLand/AC_PrecLand_SITL_Gazebo.cpp
[ 219/1350] Compiling libraries/AC_PrecLand/AC_PrecLand_SITL.cpp
[ 220/1350] Compiling libraries/AC_PrecLand/AC_PrecLand_IRLock.cpp
[ 221/1350] Compiling libraries/AC_PrecLand/AC_PrecLand_MAVLink.cpp
[ 222/1350] Compiling libraries/AC_PrecLand/AC_PrecLand_StateMachine.cpp
[ 223/1350] Compiling libraries/AC_PrecLand/PosVelEKF.cpp
[ 224/1350] Compiling libraries/AC_Sprayer/AC_Sprayer.cpp
[ 225/1350] Compiling libraries/AC_WPNav/AC_WPNav_OA.cpp
[ 226/1350] Compiling libraries/AP_ADC/AP_ADC_ADS1115.cpp
[ 227/1350] Compiling libraries/AP_ADSB/AP_ADSB_Backend.cpp
[ 228/1350] Compiling libraries/AP_ADSB/AP_ADSB_uAvionix_MAVLink.cpp
[ 229/1350] Compiling libraries/AP_ADSB/AP_ADSB_Sagetech.cpp
[ 230/1350] Compiling libraries/AP_ADSB/AP_ADSB_uAvionix_UCP.cpp
[ 231/1350] Compiling libraries/AP_AHRS/AP_AHRS_NavEKF3.cpp
[ 232/1350] Compiling libraries/AP_AHRS/AP_AHRS_View.cpp
[ 233/1350] Compiling libraries/AP_AHRS/AP_AHRS_SIM.cpp
[ 234/1350] Compiling libraries/AP_AHRS/AP_AHRS_NavEKF2.cpp
[ 235/1350] Compiling libraries/AP_AHRS/AP_AHRS_External.cpp
[ 236/1350] Compiling libraries/AP_AHRS/AP_AHRS_Logging.cpp
[ 237/1350] Compiling libraries/AP_AIS/AP_AIS_Vessel.cpp
[ 238/1350] Compiling libraries/AP_AccelCal/AP_AccelCal.cpp
[ 239/1350] Compiling libraries/AP_AccelCal/AccelCalibrator.cpp
[ 240/1350] Compiling libraries/AP_AdvancedFailsafe/AP_AdvancedFailsafe.cpp
[ 241/1350] Compiling libraries/AP_Airspeed/AP_Airspeed_DroneCAN.cpp
[ 242/1350] Compiling libraries/AP_Airspeed/AP_Airspeed_DLVR.cpp
[ 243/1350] Compiling libraries/AP_Airspeed/AP_Airspeed_MS4525.cpp
[ 244/1350] Compiling libraries/AP_Airspeed/AP_Airspeed_External.cpp
[ 245/1350] Compiling libraries/AP_Airspeed/AP_Airspeed_Backend.cpp
[ 246/1350] Compiling libraries/AP_Airspeed/AP_Airspeed_AUAV.cpp
[ 247/1350] Compiling libraries/AP_Airspeed/AP_Airspeed_ASP5033.cpp
[ 248/1350] Compiling libraries/AP_Airspeed/AP_Airspeed_Health.cpp
[ 249/1350] Compiling libraries/AP_Airspeed/AP_Airspeed_analog.cpp
[ 250/1350] Compiling libraries/AP_Airspeed/AP_Airspeed_MSP.cpp
[ 251/1350] Compiling libraries/AP_Airspeed/Airspeed_Calibration.cpp
[ 252/1350] Compiling libraries/AP_Airspeed/AP_Airspeed_SDP3X.cpp
[ 253/1350] Compiling libraries/AP_Airspeed/AP_Airspeed_MS5525.cpp
[ 254/1350] Compiling libraries/AP_Airspeed/AP_Airspeed_SITL.cpp
[ 255/1350] Compiling libraries/AP_Baro/AP_Baro_DroneCAN.cpp
[ 256/1350] Compiling libraries/AP_Baro/AP_Baro_SPL06.cpp
[ 257/1350] Compiling libraries/AP_Baro/AP_Baro_LPS2XH.cpp
[ 258/1350] Compiling libraries/AP_Baro/AP_Baro_atmosphere.cpp
[ 259/1350] Compiling libraries/AP_Baro/AP_Baro_DPS280.cpp
[ 260/1350] Compiling libraries/AP_Baro/AP_Baro_MS5611.cpp
[ 261/1350] Compiling libraries/AP_Baro/AP_Baro_Logging.cpp
[ 262/1350] Compiling libraries/AP_Baro/AP_Baro_ICM20789.cpp
[ 263/1350] Compiling libraries/AP_Baro/AP_Baro_FBM320.cpp
[ 264/1350] Compiling libraries/AP_Baro/AP_Baro_ICP101XX.cpp
[ 265/1350] Compiling libraries/AP_Baro/AP_Baro_HIL.cpp
[ 266/1350] Compiling libraries/AP_Baro/AP_Baro_Dummy.cpp
[ 267/1350] Compiling libraries/AP_Baro/AP_Baro_KellerLD.cpp
[ 268/1350] Compiling libraries/AP_Baro/AP_Baro_ExternalAHRS.cpp
[ 269/1350] Compiling libraries/AP_Baro/AP_Baro_AUAV.cpp
[ 270/1350] Compiling libraries/AP_Baro/AP_Baro_MSP.cpp
[ 271/1350] Compiling libraries/AP_Baro/AP_Baro_ICP201XX.cpp
[ 272/1350] Compiling libraries/AP_Baro/AP_Baro_Wind.cpp
[ 273/1350] Compiling libraries/AP_Baro/AP_Baro_BMP388.cpp
[ 274/1350] Compiling libraries/AP_Baro/AP_Baro_BMP280.cpp
[ 275/1350] Compiling libraries/AP_Baro/AP_Baro_BMP581.cpp
[ 276/1350] Compiling libraries/AP_Baro/AP_Baro_BMP085.cpp
[ 277/1350] Compiling libraries/AP_BattMonitor/AP_BattMonitor_Torqeedo.cpp
[ 278/1350] Compiling libraries/AP_BattMonitor/AP_BattMonitor_SMBus_Generic.cpp
[ 279/1350] Compiling libraries/AP_BattMonitor/AP_BattMonitor_INA2xx.cpp
[ 280/1350] Compiling libraries/AP_BattMonitor/AP_BattMonitor_EFI.cpp
[ 281/1350] Compiling libraries/AP_BattMonitor/AP_BattMonitor_SMBus_NeoDesign.cpp
[ 282/1350] Compiling libraries/AP_BattMonitor/AP_BattMonitor_SMBus.cpp
[ 283/1350] Compiling libraries/AP_BattMonitor/AP_BattMonitor_LTC2946.cpp
[ 284/1350] Compiling libraries/AP_BattMonitor/AP_BattMonitor_Logging.cpp
[ 285/1350] Compiling libraries/AP_BattMonitor/AP_BattMonitor_INA239.cpp
[ 286/1350] Compiling libraries/AP_BattMonitor/AP_BattMonitor_FuelLevel_PWM.cpp
[ 287/1350] Compiling libraries/AP_BattMonitor/AP_BattMonitor_ESC.cpp
[ 288/1350] Compiling libraries/AP_BattMonitor/AP_BattMonitor_INA3221.cpp
[ 289/1350] Compiling libraries/AP_BattMonitor/AP_BattMonitor_Generator.cpp
[ 290/1350] Compiling libraries/AP_BattMonitor/AP_BattMonitor_FuelFlow.cpp
[ 291/1350] Compiling libraries/AP_BattMonitor/AP_BattMonitor_FuelLevel_Analog.cpp
[ 292/1350] Compiling libraries/AP_BattMonitor/AP_BattMonitor_SMBus_Rotoye.cpp
[ 293/1350] Compiling libraries/AP_BattMonitor/AP_BattMonitor_Bebop.cpp
[ 294/1350] Compiling libraries/AP_BattMonitor/AP_BattMonitor_DroneCAN.cpp
[ 295/1350] Compiling libraries/AP_BattMonitor/AP_BattMonitor_Backend.cpp
[ 296/1350] Compiling libraries/AP_BattMonitor/AP_BattMonitor_AD7091R5.cpp
[ 297/1350] Compiling libraries/AP_BattMonitor/AP_BattMonitor_Analog.cpp
[ 298/1350] Compiling libraries/AP_BattMonitor/AP_BattMonitor_Sum.cpp
[ 299/1350] Compiling libraries/AP_BattMonitor/AP_BattMonitor_SMBus_SUI.cpp
[ 300/1350] Compiling libraries/AP_BattMonitor/AP_BattMonitor_Synthetic_Current.cpp
[ 301/1350] Compiling libraries/AP_BattMonitor/AP_BattMonitor_Scripting.cpp
[ 302/1350] Compiling libraries/AP_BattMonitor/AP_BattMonitor_SMBus_Solo.cpp
[ 303/1350] Compiling libraries/AP_BattMonitor/AP_BattMonitor_TIBQ76952.cpp
[ 304/1350] Compiling libraries/AP_Beacon/AP_Beacon_Backend.cpp
[ 305/1350] Compiling libraries/AP_Beacon/AP_Beacon.cpp
[ 306/1350] Compiling libraries/AP_Beacon/AP_Beacon_Marvelmind.cpp
[ 307/1350] Compiling libraries/AP_Beacon/AP_Beacon_SITL.cpp
[ 308/1350] Compiling libraries/AP_Beacon/AP_Beacon_Nooploop.cpp
[ 309/1350] Compiling libraries/AP_Beacon/AP_Beacon_Pozyx.cpp
[ 310/1350] Compiling libraries/AP_BoardConfig/IMU_heater.cpp
[ 311/1350] Compiling libraries/AP_BoardConfig/board_drivers.cpp
[ 312/1350] Compiling libraries/AP_Button/AP_Button.cpp
[ 313/1350] Compiling libraries/AP_CANManager/AP_SLCANIface.cpp
[ 314/1350] Compiling libraries/AP_CANManager/AP_MAVLinkCAN.cpp
[ 315/1350] Compiling libraries/AP_CANManager/AP_CANSensor.cpp
[ 316/1350] Compiling libraries/AP_CANManager/AP_CANManager_CANDriver_Params.cpp
[ 317/1350] Compiling libraries/AP_CANManager/AP_CANManager.cpp
[ 318/1350] Compiling libraries/AP_CANManager/AP_CANIfaceParams.cpp
[ 319/1350] Compiling libraries/AP_CSVReader/AP_CSVReader.cpp
[ 320/1350] Compiling libraries/AP_Camera/AP_Camera_Servo.cpp
[ 321/1350] Compiling libraries/AP_Camera/AP_RunCam.cpp
[ 322/1350] Compiling libraries/AP_Camera/AP_Camera_SoloGimbal.cpp
[ 323/1350] Compiling libraries/AP_Camera/AP_Camera_Mount.cpp
[ 324/1350] Compiling libraries/AP_Camera/AP_Camera_Scripting.cpp
[ 325/1350] Compiling libraries/AP_Camera/AP_Camera_Params.cpp
[ 326/1350] Compiling libraries/AP_Camera/AP_Camera_Relay.cpp
[ 327/1350] Compiling libraries/AP_Camera/AP_Camera_MAVLink.cpp
[ 328/1350] Compiling libraries/AP_Camera/AP_Camera_MAVLinkCamV2.cpp
[ 329/1350] Compiling libraries/AP_Camera/AP_Camera_Logging.cpp
[ 330/1350] Compiling libraries/AP_Camera/AP_Camera.cpp
[ 331/1350] Compiling libraries/AP_Camera/AP_Camera_Backend.cpp
[ 332/1350] Compiling libraries/AP_CheckFirmware/AP_CheckFirmware_secure_command.cpp
[ 333/1350] Compiling libraries/AP_CheckFirmware/AP_CheckFirmware.cpp
[ 334/1350] Compiling libraries/AP_CheckFirmware/monocypher.cpp
[ 335/1350] Compiling libraries/AP_Common/time.cpp
[ 336/1350] Compiling libraries/AP_Common/AP_ExpandingArray.cpp
[ 337/1350] Compiling libraries/AP_Common/ExpandingString.cpp
[ 338/1350] Compiling libraries/AP_Common/sorting.cpp
[ 339/1350] Compiling libraries/AP_Common/NMEA.cpp
[ 340/1350] Compiling libraries/AP_Common/AP_Common.cpp
[ 341/1350] Compiling libraries/AP_Common/AP_FWVersion.cpp
[ 342/1350] Compiling libraries/AP_Common/Location.cpp
[ 343/1350] Compiling libraries/AP_Common/float16.cpp
[ 344/1350] Compiling libraries/AP_Common/c++.cpp
[ 345/1350] Compiling libraries/AP_Compass/AP_Compass_MSP.cpp
[ 346/1350] Compiling libraries/AP_Compass/AP_Compass_DroneCAN.cpp
[ 347/1350] Compiling libraries/AP_Compass/AP_Compass_BMM150.cpp
[ 348/1350] Compiling libraries/AP_Compass/AP_Compass_AK09916.cpp
[ 349/1350] Compiling libraries/AP_Compass/AP_Compass_IIS2MDC.cpp
[ 350/1350] Compiling libraries/AP_Compass/AP_Compass_RM3100.cpp
[ 351/1350] Compiling libraries/AP_Compass/AP_Compass_Backend.cpp
[ 352/1350] Compiling libraries/AP_Compass/AP_Compass_Calibration.cpp
[ 353/1350] Compiling libraries/AP_Compass/AP_Compass_SITL.cpp
[ 354/1350] Compiling libraries/AP_Compass/AP_Compass_BMM350.cpp
[ 355/1350] Compiling libraries/AP_Compass/AP_Compass_AK8963.cpp
[ 356/1350] Compiling libraries/AP_Compass/AP_Compass_QMC5883P.cpp
[ 357/1350] Compiling libraries/AP_Compass/Compass_PerMotor.cpp
[ 358/1350] Compiling libraries/AP_Compass/CompassCalibrator.cpp
[ 359/1350] Compiling libraries/AP_Compass/Compass_learn.cpp
[ 360/1350] Compiling libraries/AP_Compass/AP_Compass_MMC3416.cpp
[ 361/1350] Compiling libraries/AP_Compass/AP_Compass_ExternalAHRS.cpp
[ 362/1350] Compiling libraries/AP_Compass/AP_Compass_IST8308.cpp
[ 363/1350] Compiling libraries/AP_Compass/AP_Compass_QMC5883L.cpp
[ 364/1350] Compiling libraries/AP_Compass/AP_Compass_MAG3110.cpp
[ 365/1350] Compiling libraries/AP_Compass/AP_Compass_MMC5xx3.cpp
[ 366/1350] Compiling libraries/AP_Compass/AP_Compass_LSM9DS1.cpp
[ 367/1350] Compiling libraries/AP_Compass/AP_Compass_HMC5843.cpp
[ 368/1350] Compiling libraries/AP_Compass/AP_Compass.cpp
[ 369/1350] Compiling libraries/AP_Compass/AP_Compass_IST8310.cpp
[ 370/1350] Compiling libraries/AP_Compass/AP_Compass_Logging.cpp
[ 371/1350] Compiling libraries/AP_Compass/AP_Compass_LIS3MDL.cpp
[ 372/1350] Compiling libraries/AP_Compass/AP_Compass_LSM303D.cpp
[ 373/1350] Compiling libraries/AP_CustomRotations/AP_CustomRotations_params.cpp
[ 374/1350] Compiling libraries/AP_CustomRotations/AP_CustomRotations.cpp
[ 375/1350] Compiling libraries/AP_DAL/AP_DAL_InertialSensor.cpp
[ 376/1350] Compiling libraries/AP_DAL/AP_DAL_GPS.cpp
[ 377/1350] Compiling libraries/AP_DAL/AP_DAL_Compass.cpp
[ 378/1350] Compiling libraries/AP_DAL/AP_DAL_Airspeed.cpp
[ 379/1350] Compiling libraries/AP_DAL/AP_DAL_Baro.cpp
[ 380/1350] Compiling libraries/AP_DDS/AP_DDS_UDP.cpp
[ 381/1350] Compiling libraries/AP_DDS/AP_DDS_Type_Conversions.cpp
[ 382/1350] Compiling libraries/AP_DDS/AP_DDS_Serial.cpp
[ 383/1350] Compiling libraries/AP_DDS/AP_DDS_ExternalControl.cpp
[ 384/1350] Compiling libraries/AP_DDS/AP_DDS_External_Odom.cpp
[ 385/1350] Compiling libraries/AP_DDS/AP_DDS_Client.cpp
[ 386/1350] Compiling libraries/AP_Declination/AP_Declination.cpp
[ 387/1350] Compiling libraries/AP_Declination/tables.cpp
[ 388/1350] Compiling libraries/AP_Devo_Telem/AP_Devo_Telem.cpp
[ 389/1350] Compiling libraries/AP_DroneCAN/AP_DroneCAN_serial.cpp
[ 390/1350] Compiling libraries/AP_DroneCAN/AP_DroneCAN_DNA_Server.cpp
[ 391/1350] Compiling libraries/AP_DroneCAN/AP_DroneCAN.cpp
[ 392/1350] Compiling libraries/AP_DroneCAN/AP_Canard_iface.cpp
[ 393/1350] Compiling libraries/AP_EFI/AP_EFI_Backend.cpp
[ 394/1350] Compiling libraries/AP_EFI/AP_EFI_Currawong_ECU.cpp
[ 395/1350] Compiling libraries/AP_EFI/AP_EFI_Serial_MS.cpp
[ 396/1350] Compiling libraries/AP_EFI/AP_EFI_ThrottleLinearisation.cpp
[ 397/1350] Compiling libraries/AP_EFI/AP_EFI.cpp
[ 398/1350] Compiling libraries/AP_EFI/AP_EFI_Serial_Hirth.cpp
[ 399/1350] Compiling libraries/AP_EFI/AP_EFI_Serial_Lutan.cpp
[ 400/1350] Compiling libraries/AP_EFI/AP_EFI_DroneCAN.cpp
[ 401/1350] Compiling libraries/AP_EFI/AP_EFI_Scripting.cpp
[ 402/1350] Compiling libraries/AP_EFI/AP_EFI_NWPMU.cpp
[ 403/1350] Compiling libraries/AP_EFI/AP_EFI_Loweheiser.cpp
[ 404/1350] Compiling libraries/AP_EFI/AP_EFI_MAV.cpp
[ 405/1350] Compiling libraries/AP_ESC_Telem/AP_ESC_Telem_SITL.cpp
[ 406/1350] Compiling libraries/AP_ESC_Telem/AP_ESC_Telem.cpp
[ 407/1350] Compiling libraries/AP_ExternalAHRS/AP_ExternalAHRS_SensAItion.cpp
[ 408/1350] Compiling libraries/AP_ExternalAHRS/AP_ExternalAHRS_backend.cpp
[ 409/1350] Compiling libraries/AP_ExternalAHRS/AP_ExternalAHRS_VectorNav.cpp
[ 410/1350] Compiling libraries/AP_ExternalAHRS/MicroStrain_common.cpp
[ 411/1350] Compiling libraries/AP_ExternalAHRS/AP_ExternalAHRS_MicroStrain7.cpp
[ 412/1350] Compiling libraries/AP_ExternalAHRS/AP_ExternalAHRS_SensAItion_Parser.cpp
[ 413/1350] Compiling libraries/AP_ExternalAHRS/AP_ExternalAHRS_MicroStrain5.cpp
[ 414/1350] Compiling libraries/AP_ExternalAHRS/AP_ExternalAHRS.cpp
[ 415/1350] Compiling libraries/AP_ExternalAHRS/AP_ExternalAHRS_GSOF.cpp
[ 416/1350] Compiling libraries/AP_ExternalControl/AP_ExternalControl.cpp
[ 417/1350] Compiling libraries/AP_FETtecOneWire/AP_FETtecOneWire.cpp
[ 418/1350] Compiling libraries/AP_Filesystem/AP_Filesystem_Sys.cpp
[ 419/1350] Compiling libraries/AP_Filesystem/posix_compat.cpp
[ 420/1350] Compiling libraries/AP_Filesystem/AP_Filesystem_ROMFS.cpp
[ 421/1350] Compiling libraries/AP_Filesystem/AP_Filesystem_Mission.cpp
[ 422/1350] Compiling libraries/AP_Filesystem/AP_Filesystem_FATFS.cpp
[ 423/1350] Compiling libraries/AP_Filesystem/AP_Filesystem_Param.cpp
[ 424/1350] Compiling libraries/AP_Filesystem/AP_Filesystem_backend.cpp
[ 425/1350] Compiling libraries/AP_Filesystem/AP_Filesystem_ESP32.cpp
[ 426/1350] Compiling libraries/AP_Filesystem/AP_Filesystem_FlashMemory_LittleFS.cpp
[ 427/1350] Compiling libraries/AP_Filesystem/AP_Filesystem.cpp
[ 428/1350] Compiling libraries/AP_FlashStorage/AP_FlashStorage.cpp
[ 429/1350] Compiling libraries/AP_Frsky_Telem/AP_Frsky_D.cpp
[ 430/1350] Compiling libraries/AP_Frsky_Telem/AP_Frsky_MAVliteMsgHandler.cpp
[ 431/1350] Compiling libraries/AP_Frsky_Telem/AP_Frsky_Backend.cpp
[ 432/1350] Compiling libraries/AP_Frsky_Telem/AP_Frsky_MAVlite_MAVliteToSPort.cpp
[ 433/1350] Compiling libraries/AP_Frsky_Telem/AP_Frsky_Telem.cpp
[ 434/1350] Compiling libraries/AP_Frsky_Telem/AP_Frsky_MAVlite_SPortToMAVlite.cpp
[ 435/1350] Compiling libraries/AP_Frsky_Telem/AP_Frsky_SPort.cpp
[ 436/1350] Compiling libraries/AP_Frsky_Telem/AP_Frsky_MAVlite_Message.cpp
[ 437/1350] Compiling libraries/AP_Frsky_Telem/AP_Frsky_Parameters.cpp
[ 438/1350] Compiling libraries/AP_GPS/MovingBase.cpp
[ 439/1350] Compiling libraries/AP_GPS/AP_GPS_Params.cpp
[ 440/1350] Compiling libraries/AP_GPS/AP_GPS_SBF.cpp
[ 441/1350] Compiling libraries/AP_GPS/RTCM3_Parser.cpp
[ 442/1350] Compiling libraries/AP_GPS/AP_GPS_SBP.cpp
[ 443/1350] Compiling libraries/AP_GPS/AP_GPS_UBLOX_CFGv2.cpp
[ 444/1350] Compiling libraries/AP_GPS/AP_GPS_SBP2.cpp
[ 445/1350] Compiling libraries/AP_GPS/AP_GPS_NOVA.cpp
[ 446/1350] Compiling libraries/AP_GPS/AP_GPS_SIRF.cpp
[ 447/1350] Compiling libraries/AP_GPS/GPS_Backend.cpp
[ 448/1350] Compiling libraries/AP_GPS/AP_GPS_SITL.cpp
[ 449/1350] Compiling libraries/AP_GPS/AP_GPS_UBLOX.cpp
[ 450/1350] Compiling libraries/AP_GPS/AP_GPS_NMEA.cpp
[ 451/1350] Compiling libraries/AP_GPS/AP_GPS_GSOF.cpp
[ 452/1350] Compiling libraries/AP_GPS/AP_GPS.cpp
[ 453/1350] Compiling libraries/AP_GPS/AP_GPS_MSP.cpp
[ 454/1350] Compiling libraries/AP_GPS/AP_GPS_MAV.cpp
[ 455/1350] Compiling libraries/AP_GPS/AP_GPS_ERB.cpp
[ 456/1350] Compiling libraries/AP_GPS/AP_GPS_ExternalAHRS.cpp
[ 457/1350] Compiling libraries/AP_GPS/AP_GPS_DroneCAN.cpp
[ 458/1350] Compiling libraries/AP_GPS/AP_GPS_Blended.cpp
[ 459/1350] Compiling libraries/AP_GSOF/AP_GSOF.cpp
[ 460/1350] Compiling libraries/AP_Generator/AP_Generator_Loweheiser.cpp
[ 461/1350] Compiling libraries/AP_Generator/AP_Generator_RichenPower.cpp
[ 462/1350] Compiling libraries/AP_Generator/AP_Generator.cpp
[ 463/1350] Compiling libraries/AP_Generator/AP_Generator_IE_FuelCell.cpp
[ 464/1350] Compiling libraries/AP_Generator/AP_Generator_Backend.cpp
[ 465/1350] Compiling libraries/AP_Generator/AP_Generator_IE_2400.cpp
[ 466/1350] Compiling libraries/AP_Generator/AP_Generator_Cortex.cpp
[ 467/1350] Compiling libraries/AP_Generator/AP_Generator_IE_650_800.cpp
[ 468/1350] Compiling libraries/AP_Gripper/AP_Gripper_EPM.cpp
[ 469/1350] Compiling libraries/AP_Gripper/AP_Gripper_Backend.cpp
[ 470/1350] Compiling libraries/AP_Gripper/AP_Gripper.cpp
[ 471/1350] Compiling libraries/AP_Gripper/AP_Gripper_Servo.cpp
[ 472/1350] Compiling libraries/AP_Hott_Telem/AP_Hott_Telem.cpp
[ 473/1350] Compiling libraries/AP_ICEngine/AP_ICEngine.cpp
[ 474/1350] Compiling libraries/AP_IOMCU/fw_uploader.cpp
[ 475/1350] Compiling libraries/AP_IOMCU/AP_IOMCU.cpp
[ 476/1350] Compiling libraries/AP_IRLock/AP_IRLock_I2C.cpp
[ 477/1350] Compiling libraries/AP_IRLock/AP_IRLock_SITL.cpp
[ 478/1350] Compiling libraries/AP_IRLock/AP_IRLock_SITL_Gazebo.cpp
[ 479/1350] Compiling libraries/AP_IRLock/AP_IRLock.cpp
[ 480/1350] Compiling libraries/AP_InertialSensor/AP_InertialSensor_LSM9DS1.cpp
[ 481/1350] Compiling libraries/AP_InertialSensor/AP_InertialSensor_LSM9DS0.cpp
[ 482/1350] Compiling libraries/AP_InertialSensor/AP_InertialSensor_ADIS16607.cpp
[ 483/1350] Compiling libraries/AP_InertialSensor/BatchSampler.cpp
[ 484/1350] Compiling libraries/AP_InertialSensor/AP_InertialSensor_LSM6DSV.cpp
[ 485/1350] Compiling libraries/AP_InertialSensor/AP_InertialSensor_BMI055.cpp
[ 486/1350] Compiling libraries/AP_InertialSensor/AP_InertialSensor_BMI270.cpp
[ 487/1350] Compiling libraries/AP_InertialSensor/AP_InertialSensor_ADIS1647x.cpp
[ 488/1350] Compiling libraries/AP_InertialSensor/AP_InertialSensor_ASM330.cpp
[ 489/1350] Compiling libraries/AP_InertialSensor/AuxiliaryBus.cpp
[ 490/1350] Compiling libraries/AP_InertialSensor/AP_InertialSensor_Logging.cpp
[ 491/1350] Compiling libraries/AP_InertialSensor/AP_InertialSensor_BMI088.cpp
[ 492/1350] Compiling libraries/AP_InertialSensor/AP_InertialSensor_SCHA63T.cpp
[ 493/1350] Compiling libraries/AP_InertialSensor/AP_InertialSensor_tempcal.cpp
[ 494/1350] Compiling libraries/AP_InertialSensor/AP_InertialSensor_SITL.cpp
[ 495/1350] Compiling libraries/AP_InertialSensor/AP_InertialSensor_ZeroOne_FPGA_SCH16T.cpp
[ 496/1350] Compiling libraries/AP_InertialSensor/AP_InertialSensor_Params.cpp
[ 497/1350] Compiling libraries/AP_InertialSensor/AP_InertialSensor_L3G4200D.cpp
[ 498/1350] Compiling libraries/AP_InertialSensor/AP_InertialSensor_BMI160.cpp
[ 499/1350] Compiling libraries/AP_InertialSensor/AP_InertialSensor_NONE.cpp
[ 500/1350] Compiling libraries/AP_InertialSensor/AP_InertialSensor_Invensensev2.cpp
[ 501/1350] Compiling libraries/AP_InertialSensor/AP_InertialSensor_ExternalAHRS.cpp
[ 502/1350] Compiling libraries/AP_InertialSensor/AP_InertialSensor_Invensense.cpp
[ 503/1350] Compiling libraries/AP_InternalError/AP_InternalError.cpp
[ 504/1350] Compiling libraries/AP_JSON/AP_JSON.cpp
[ 505/1350] Compiling libraries/AP_KDECAN/AP_KDECAN.cpp
[ 506/1350] Compiling libraries/AP_LTM_Telem/AP_LTM_Telem.cpp
[ 507/1350] Compiling libraries/AP_LightWareSerial/AP_LightWareSerial.cpp
[ 508/1350] Compiling libraries/AP_Logger/LogFile.cpp
[ 509/1350] Compiling libraries/AP_Logger/AP_Logger_Flash_JEDEC.cpp
[ 510/1350] Compiling libraries/AP_Logger/AP_Logger_MAVLinkLogTransfer.cpp
[ 511/1350] Compiling libraries/AP_Logger/AP_Logger_MAVLink.cpp
[ 512/1350] Compiling libraries/AP_Logger/AP_Logger_Block.cpp
[ 513/1350] Compiling libraries/AP_Logger/AP_Logger_W25NXX.cpp
[ 514/1350] Compiling libraries/AP_MSP/msp.cpp
[ 515/1350] Compiling libraries/AP_MSP/msp_sbuf.cpp
[ 516/1350] Compiling libraries/AP_MSP/AP_MSP_Telem_Generic.cpp
[ 517/1350] Compiling libraries/AP_MSP/AP_MSP_Telem_DJI.cpp
[ 518/1350] Compiling libraries/AP_MSP/AP_MSP_Telem_DisplayPort.cpp
[ 519/1350] Compiling libraries/AP_MSP/AP_MSP.cpp
[ 520/1350] Compiling libraries/AP_MSP/AP_MSP_Telem_Backend.cpp
[ 521/1350] Compiling libraries/AP_Math/SplineCurve.cpp
[ 522/1350] Compiling libraries/AP_Math/crc.cpp
[ 523/1350] Compiling libraries/AP_Math/chirp.cpp
[ 524/1350] Compiling libraries/AP_Math/matrix3.cpp
[ 525/1350] Compiling libraries/AP_Math/control.cpp
[ 526/1350] Compiling libraries/AP_Math/vector2.cpp
[ 527/1350] Compiling libraries/AP_Math/location.cpp
[ 528/1350] Compiling libraries/AP_Math/AP_Math.cpp
[ 529/1350] Compiling libraries/AP_Math/vector3.cpp
[ 530/1350] Compiling libraries/AP_Math/AP_GeodesicGrid.cpp
[ 531/1350] Compiling libraries/AP_Math/spline5.cpp
[ 532/1350] Compiling libraries/AP_Math/polygon.cpp
[ 533/1350] Compiling libraries/AP_Math/location_double.cpp
[ 534/1350] Compiling libraries/AP_Math/quaternion.cpp
[ 535/1350] Compiling libraries/AP_Math/polyfit.cpp
[ 536/1350] Compiling libraries/AP_Math/matrixN.cpp
[ 537/1350] Compiling libraries/AP_Math/matrix_alg.cpp
[ 538/1350] Compiling libraries/AP_Mission/AP_Mission_Commands.cpp
[ 539/1350] Compiling libraries/AP_Mission/AP_Mission_ChangeDetector.cpp
[ 540/1350] Compiling libraries/AP_Module/AP_Module.cpp
[ 541/1350] Compiling libraries/AP_Motors/AP_MotorsMatrix_Scripting_Dynamic.cpp
[ 542/1350] Compiling libraries/AP_Motors/AP_MotorsHeli_RSC.cpp
[ 543/1350] Compiling libraries/AP_Motors/AP_Motors_Class.cpp
[ 544/1350] Compiling libraries/AP_Motors/AP_MotorsSingle.cpp
[ 545/1350] Compiling libraries/AP_Motors/AP_MotorsMatrix_6DoF_Scripting.cpp
[ 546/1350] Compiling libraries/AP_Motors/AP_MotorsHeli.cpp
[ 547/1350] Compiling libraries/AP_Motors/AP_MotorsHeli_Single.cpp
[ 548/1350] Compiling libraries/AP_Motors/AP_MotorsHeli_Swash.cpp
[ 549/1350] Compiling libraries/AP_Motors/AP_Motors6DOF.cpp
[ 550/1350] Compiling libraries/AP_Motors/AP_MotorsCoax.cpp
[ 551/1350] Compiling libraries/AP_Motors/AP_MotorsTailsitter.cpp
[ 552/1350] Compiling libraries/AP_Motors/AP_MotorsHeli_Dual.cpp
[ 553/1350] Compiling libraries/AP_Motors/AP_MotorsHeli_Quad.cpp
[ 554/1350] Compiling libraries/AP_Mount/AP_Mount_Backend_Serial.cpp
[ 555/1350] Compiling libraries/AP_Mount/AP_Mount_Backend.cpp
[ 556/1350] Compiling libraries/AP_Mount/AP_Mount.cpp
[ 557/1350] Compiling libraries/AP_Mount/AP_Mount_CADDX.cpp
[ 558/1350] Compiling libraries/AP_Mount/SoloGimbalEKF.cpp
[ 559/1350] Compiling libraries/AP_Mount/AP_Mount_Alexmos.cpp
[ 560/1350] Compiling libraries/AP_Mount/AP_Mount_Params.cpp
[ 561/1350] Compiling libraries/AP_Mount/SoloGimbal_Parameters.cpp
[ 562/1350] Compiling libraries/AP_Mount/AP_Mount_Viewpro.cpp
[ 563/1350] Compiling libraries/AP_Mount/AP_Mount_MAVLink.cpp
[ 564/1350] Compiling libraries/AP_Mount/SoloGimbal.cpp
[ 565/1350] Compiling libraries/AP_Mount/AP_Mount_XFRobot.cpp
[ 566/1350] Compiling libraries/AP_Mount/AP_Mount_Xacti.cpp
[ 567/1350] Compiling libraries/AP_Mount/AP_Mount_Topotek.cpp
[ 568/1350] Compiling libraries/AP_Mount/AP_Mount_SoloGimbal.cpp
[ 569/1350] Compiling libraries/AP_Mount/AP_Mount_SToRM32.cpp
[ 570/1350] Compiling libraries/AP_Mount/AP_Mount_Siyi.cpp
[ 571/1350] Compiling libraries/AP_Mount/AP_Mount_Scripting.cpp
[ 572/1350] Compiling libraries/AP_Mount/AP_Mount_SToRM32_serial.cpp
[ 573/1350] Compiling libraries/AP_Mount/AP_Mount_Servo.cpp
[ 574/1350] Compiling libraries/AP_MultiHeap/MultiHeap_malloc.cpp
[ 575/1350] Compiling libraries/AP_MultiHeap/MultiHeap_chibios.cpp
[ 576/1350] Compiling libraries/AP_MultiHeap/AP_MultiHeap.cpp
[ 577/1350] Compiling libraries/AP_NMEA_Output/AP_NMEA_Output.cpp
[ 578/1350] Compiling libraries/AP_NavEKF/EKFGSF_Logging.cpp
[ 579/1350] Compiling libraries/AP_NavEKF/EKFGSF_yaw.cpp
[ 580/1350] Compiling libraries/AP_NavEKF/EKF_Buffer.cpp
[ 581/1350] Compiling libraries/AP_NavEKF/AP_NavEKF_core_common.cpp
[ 582/1350] Compiling libraries/AP_NavEKF/AP_NavEKF_Source.cpp
[ 583/1350] Compiling libraries/AP_NavEKF2/AP_NavEKF2_VehicleStatus.cpp
[ 584/1350] Compiling libraries/AP_NavEKF2/AP_NavEKF2_Measurements.cpp
[ 585/1350] Compiling libraries/AP_NavEKF2/AP_NavEKF2_core.cpp
[ 586/1350] Compiling libraries/AP_NavEKF2/AP_NavEKF2_RngBcnFusion.cpp
[ 587/1350] Compiling libraries/AP_NavEKF2/AP_NavEKF2_Outputs.cpp
[ 588/1350] Compiling libraries/AP_NavEKF2/AP_NavEKF2_PosVelFusion.cpp
[ 589/1350] Compiling libraries/AP_NavEKF2/AP_NavEKF2_Control.cpp
[ 590/1350] Compiling libraries/AP_NavEKF2/AP_NavEKF2_MagFusion.cpp
[ 591/1350] Compiling libraries/AP_NavEKF2/AP_NavEKF_GyroBias.cpp
[ 592/1350] Compiling libraries/AP_NavEKF2/AP_NavEKF2_Logging.cpp
[ 593/1350] Compiling libraries/AP_NavEKF2/AP_NavEKF2_AirDataFusion.cpp
[ 594/1350] Compiling libraries/AP_Networking/AP_Networking_Backend.cpp
[ 595/1350] Compiling libraries/AP_Networking/AP_Networking_macaddr.cpp
[ 596/1350] Compiling libraries/AP_Networking/AP_Networking_tests.cpp
[ 597/1350] Compiling libraries/AP_Networking/AP_Networking_port.cpp
[ 598/1350] Compiling libraries/AP_Networking/AP_Networking_SITL_TUN.cpp
[ 599/1350] Compiling libraries/AP_Networking/AP_Networking.cpp
[ 600/1350] Compiling libraries/AP_Networking/AP_Networking_address.cpp
[ 601/1350] Compiling libraries/AP_Networking/AP_Networking_ChibiOS.cpp
[ 602/1350] Compiling libraries/AP_Networking/AP_Networking_CAN.cpp
[ 603/1350] Compiling libraries/AP_Networking/AP_Networking_PPP.cpp
[ 604/1350] Compiling libraries/AP_Notify/ScriptingLED.cpp
[ 605/1350] Compiling libraries/AP_Notify/PixRacerLED.cpp
[ 606/1350] Compiling libraries/AP_Notify/NavigatorLED.cpp
[ 607/1350] Compiling libraries/AP_Notify/Led_Sysfs.cpp
[ 608/1350] Compiling libraries/AP_Notify/AP_Notify.cpp
[ 609/1350] Compiling libraries/AP_Notify/AP_BoardLED2.cpp
[ 610/1350] Compiling libraries/AP_Notify/AP_BoardLED.cpp
[ 611/1350] Compiling libraries/AP_Notify/RGBLed.cpp
[ 612/1350] Compiling libraries/AP_Notify/PCA9685LED_I2C.cpp
[ 613/1350] Compiling libraries/AP_Notify/OreoLED_I2C.cpp
[ 614/1350] Compiling libraries/AP_Notify/NeoPixel.cpp
[ 615/1350] Compiling libraries/AP_Notify/ToneAlarm.cpp
[ 616/1350] Compiling libraries/AP_Notify/MMLPlayer.cpp
[ 617/1350] Compiling libraries/AP_Notify/NCP5623.cpp
[ 618/1350] Compiling libraries/AP_Notify/SerialLED.cpp
[ 619/1350] Compiling libraries/AP_Notify/VRBoard_LED.cpp
[ 620/1350] Compiling libraries/AP_Notify/SITL_SFML_LED.cpp
[ 621/1350] Compiling libraries/AP_Notify/ToshibaLED_I2C.cpp
[ 622/1350] Compiling libraries/AP_Notify/RCOutputRGBLed.cpp
[ 623/1350] Compiling libraries/AP_Notify/GPIO_LED_1.cpp
[ 624/1350] Compiling libraries/AP_Notify/DroneCAN_RGB_LED.cpp
[ 625/1350] Compiling libraries/AP_Notify/DShotLED.cpp
[ 626/1350] Compiling libraries/AP_Notify/IS31FL3195.cpp
[ 627/1350] Compiling libraries/AP_Notify/LP5562.cpp
[ 628/1350] Compiling libraries/AP_Notify/ExternalLED.cpp
[ 629/1350] Compiling libraries/AP_Notify/ProfiLED.cpp
[ 630/1350] Compiling libraries/AP_Notify/Display_SSD1306_I2C.cpp
[ 631/1350] Compiling libraries/AP_Notify/Display_SH1106_I2C.cpp
[ 632/1350] Compiling libraries/AP_Notify/Buzzer.cpp
[ 633/1350] Compiling libraries/AP_Notify/Display_SITL.cpp
[ 634/1350] Compiling libraries/AP_Notify/DiscreteRGBLed.cpp
[ 635/1350] Compiling libraries/AP_Notify/DiscoLED.cpp
[ 636/1350] Compiling libraries/AP_Notify/Display.cpp
[ 637/1350] Compiling libraries/AP_OLC/AP_OLC.cpp
[ 638/1350] Compiling libraries/AP_OSD/AP_OSD_SITL.cpp
[ 639/1350] Compiling libraries/AP_OSD/AP_OSD_Backend.cpp
[ 640/1350] Compiling libraries/AP_OSD/AP_OSD_Setting.cpp
[ 641/1350] Compiling libraries/AP_OSD/AP_OSD_MSP_DisplayPort.cpp
[ 642/1350] Compiling libraries/AP_OSD/AP_OSD_MAX7456.cpp
[ 643/1350] Compiling libraries/AP_OSD/AP_OSD_MSP.cpp
[ 644/1350] Compiling libraries/AP_OSD/AP_OSD.cpp
[ 645/1350] Compiling libraries/AP_OpenDroneID/AP_OpenDroneID.cpp
[ 646/1350] Compiling libraries/AP_OpenDroneID/AP_OpenDroneID_DroneCAN.cpp
[ 647/1350] Compiling libraries/AP_OpticalFlow/AP_OpticalFlow_MSP.cpp
[ 648/1350] Compiling libraries/AP_OpticalFlow/AP_OpticalFlow_PX4Flow.cpp
[ 649/1350] Compiling libraries/AP_OpticalFlow/AP_OpticalFlow_UPFLOW.cpp
[ 650/1350] Compiling libraries/AP_OpticalFlow/AP_OpticalFlow_Pixart.cpp
[ 651/1350] Compiling libraries/AP_OpticalFlow/AP_OpticalFlow_SITL.cpp
[ 652/1350] Compiling libraries/AP_OpticalFlow/AP_OpticalFlow_Onboard.cpp
[ 653/1350] Compiling libraries/AP_OpticalFlow/AP_OpticalFlow_MAV.cpp
[ 654/1350] Compiling libraries/AP_OpticalFlow/AP_OpticalFlow.cpp
[ 655/1350] Compiling libraries/AP_OpticalFlow/AP_OpticalFlow_HereFlow.cpp
[ 656/1350] Compiling libraries/AP_OpticalFlow/AP_OpticalFlow_Calibrator.cpp
[ 657/1350] Compiling libraries/AP_OpticalFlow/AP_OpticalFlow_CXOF.cpp
[ 658/1350] Compiling libraries/AP_OpticalFlow/AP_OpticalFlow_Backend.cpp
[ 659/1350] Compiling libraries/AP_Parachute/AP_Parachute.cpp
[ 660/1350] Compiling libraries/AP_Param/AP_ParamT.cpp
[ 661/1350] Compiling libraries/AP_Param/AP_Param.cpp
[ 662/1350] Compiling libraries/AP_PiccoloCAN/AP_PiccoloCAN.cpp
[ 663/1350] Compiling libraries/AP_PiccoloCAN/AP_PiccoloCAN_Servo.cpp
[ 664/1350] Compiling libraries/AP_PiccoloCAN/AP_PiccoloCAN_ECU.cpp
[ 665/1350] Compiling libraries/AP_PiccoloCAN/AP_PiccoloCAN_Cortex.cpp
[ 666/1350] Compiling libraries/AP_PiccoloCAN/AP_PiccoloCAN_ESC.cpp
[ 667/1350] Compiling libraries/AP_Proximity/AP_Proximity_TeraRangerTower.cpp
[ 668/1350] Compiling libraries/AP_Proximity/AP_Proximity_RPLidarA2.cpp
[ 669/1350] Compiling libraries/AP_Proximity/AP_Proximity_LightWareSF40C.cpp
[ 670/1350] Compiling libraries/AP_Proximity/AP_Proximity_Boundary_3D.cpp
[ 671/1350] Compiling libraries/AP_Proximity/AP_Proximity_TeraRangerTowerEvo.cpp
[ 672/1350] Compiling libraries/AP_Proximity/AP_Proximity_Scripting.cpp
[ 673/1350] Compiling libraries/AP_Proximity/AP_Proximity_RangeFinder.cpp
[ 674/1350] Compiling libraries/AP_Proximity/AP_Proximity_SITL.cpp
[ 675/1350] Compiling libraries/AP_Proximity/AP_Proximity_Params.cpp
[ 676/1350] Compiling libraries/AP_Proximity/AP_Proximity_MAV.cpp
[ 677/1350] Compiling libraries/AP_Proximity/AP_Proximity_Cygbot_D1.cpp
[ 678/1350] Compiling libraries/AP_Proximity/AP_Proximity_MR72_CAN.cpp
[ 679/1350] Compiling libraries/AP_Proximity/AP_Proximity_LightWareSF45B.cpp
[ 680/1350] Compiling libraries/AP_Proximity/AP_Proximity_DroneCAN.cpp
[ 681/1350] Compiling libraries/AP_Proximity/AP_Proximity_LD06.cpp
[ 682/1350] Compiling libraries/AP_Proximity/AP_Proximity_Backend_Serial.cpp
[ 683/1350] Compiling libraries/AP_Proximity/AP_Proximity_Backend.cpp
[ 684/1350] Compiling libraries/AP_Proximity/AP_Proximity_AirSimSITL.cpp
[ 685/1350] Compiling libraries/AP_Proximity/AP_Proximity.cpp
[ 686/1350] Compiling libraries/AP_RAMTRON/AP_RAMTRON.cpp
[ 687/1350] Compiling libraries/AP_RCMapper/AP_RCMapper.cpp
[ 688/1350] Compiling libraries/AP_RCProtocol/AP_RCProtocol_IBUS.cpp
[ 689/1350] Compiling libraries/AP_RCProtocol/AP_RCProtocol_DroneCAN.cpp
[ 690/1350] Compiling libraries/AP_RCProtocol/AP_RCProtocol_Joystick_SFML.cpp
[ 691/1350] Compiling libraries/AP_RCProtocol/AP_RCProtocol_FDM.cpp
[ 692/1350] Compiling libraries/AP_RCProtocol/AP_RCProtocol_DSM.cpp
[ 693/1350] Compiling libraries/AP_RCProtocol/AP_RCProtocol_Emlid_RCIO.cpp
[ 694/1350] Compiling libraries/AP_RCProtocol/AP_RCProtocol_Backend.cpp
[ 695/1350] Compiling libraries/AP_RCProtocol/AP_RCProtocol_SBUS.cpp
[ 696/1350] Compiling libraries/AP_RCProtocol/AP_RCProtocol_IOMCU.cpp
[ 697/1350] Compiling libraries/AP_RCProtocol/AP_RCProtocol_SRXL.cpp
[ 698/1350] Compiling libraries/AP_RCProtocol/spm_srxl.cpp
[ 699/1350] Compiling libraries/AP_RCProtocol/AP_RCProtocol_SUMD.cpp
[ 700/1350] Compiling libraries/AP_RCProtocol/AP_RCProtocol_MAVLinkRadio.cpp
[ 701/1350] Compiling libraries/AP_RCProtocol/AP_RCProtocol_ST24.cpp
[ 702/1350] Compiling libraries/AP_RCProtocol/SoftSerial.cpp
[ 703/1350] Compiling libraries/AP_RCProtocol/AP_RCProtocol_PPMSum.cpp
[ 704/1350] Compiling libraries/AP_RCProtocol/AP_RCProtocol_Radio.cpp
[ 705/1350] Compiling libraries/AP_RCTelemetry/AP_Spektrum_Telem.cpp
[ 706/1350] Compiling libraries/AP_RCTelemetry/AP_GHST_Telem.cpp
[ 707/1350] Compiling libraries/AP_ROMFS/tinflate.cpp
[ 708/1350] Compiling libraries/AP_ROMFS/AP_ROMFS.cpp
[ 709/1350] Compiling libraries/AP_RPM/RPM_Generator.cpp
[ 710/1350] Compiling libraries/AP_RPM/RPM_Backend.cpp
[ 711/1350] Compiling libraries/AP_RPM/RPM_HarmonicNotch.cpp
[ 712/1350] Compiling libraries/AP_RPM/RPM_Pin.cpp
[ 713/1350] Compiling libraries/AP_RPM/RPM_SITL.cpp
[ 714/1350] Compiling libraries/AP_RPM/RPM_DroneCAN.cpp
[ 715/1350] Compiling libraries/AP_RPM/AP_RPM_Params.cpp
[ 716/1350] Compiling libraries/AP_RPM/AP_RPM.cpp
[ 717/1350] Compiling libraries/AP_RPM/RPM_EFI.cpp
[ 718/1350] Compiling libraries/AP_RPM/RPM_ESC_Telem.cpp
[ 719/1350] Compiling libraries/AP_RSSI/AP_RSSI.cpp
[ 720/1350] Compiling libraries/AP_RTC/AP_RTC.cpp
[ 721/1350] Compiling libraries/AP_RTC/JitterCorrection.cpp
[ 722/1350] Compiling libraries/AP_Radio/AP_Radio_cypress.cpp
[ 723/1350] Compiling libraries/AP_Radio/driver_bk2425.cpp
[ 724/1350] Compiling libraries/AP_Radio/AP_Radio_cc2500.cpp
[ 725/1350] Compiling libraries/AP_Radio/driver_cc2500.cpp
[ 726/1350] Compiling libraries/AP_Radio/AP_Radio_bk2425.cpp
[ 727/1350] Compiling libraries/AP_Radio/AP_Radio_backend.cpp
[ 728/1350] Compiling libraries/AP_Radio/AP_Radio.cpp
[ 729/1350] Compiling libraries/AP_RangeFinder/AP_RangeFinder_TeraRangerI2C.cpp
[ 730/1350] Compiling libraries/AP_RangeFinder/AP_RangeFinder_LightWare_GRF_I2C.cpp
[ 731/1350] Compiling libraries/AP_RangeFinder/AP_RangeFinder_LeddarVu8.cpp
[ 732/1350] Compiling libraries/AP_RangeFinder/AP_RangeFinder_HC_SR04.cpp
[ 733/1350] Compiling libraries/AP_RangeFinder/AP_RangeFinder_Benewake_TFS20L.cpp
[ 734/1350] Compiling libraries/AP_RangeFinder/AP_RangeFinder_Benewake.cpp
[ 735/1350] Compiling libraries/AP_RangeFinder/AP_RangeFinder_Bebop.cpp
[ 736/1350] Compiling libraries/AP_RangeFinder/AP_RangeFinder_Backend_Serial.cpp
[ 737/1350] Compiling libraries/AP_RangeFinder/AP_RangeFinder_Backend_CAN.cpp
[ 738/1350] Compiling libraries/AP_RangeFinder/AP_RangeFinder_Backend.cpp
[ 739/1350] Compiling libraries/AP_RangeFinder/AP_RangeFinder_BLPing.cpp
[ 740/1350] Compiling libraries/AP_RangeFinder/AP_RangeFinder_Benewake_TFMiniPlus.cpp
[ 741/1350] Compiling libraries/AP_RangeFinder/AP_RangeFinder_Ainstein_LR_D1.cpp
[ 742/1350] Compiling libraries/AP_RangeFinder/AP_RangeFinder_LightWareSerial.cpp
[ 743/1350] Compiling libraries/AP_RangeFinder/AP_RangeFinder_Lua.cpp
[ 744/1350] Compiling libraries/AP_RangeFinder/AP_RangeFinder_Benewake_CAN.cpp
[ 745/1350] Compiling libraries/AP_RangeFinder/AP_RangeFinder_Lanbao.cpp
[ 746/1350] Compiling libraries/AP_RangeFinder/AP_RangeFinder_Backend_I2C.cpp
[ 747/1350] Compiling libraries/AP_RangeFinder/AP_RangeFinder_BBB_PRU.cpp
[ 748/1350] Compiling libraries/AP_RangeFinder/AP_RangeFinder.cpp
[ 749/1350] Compiling libraries/AP_RangeFinder/AP_RangeFinder_PWM.cpp
[ 750/1350] Compiling libraries/AP_RangeFinder/AP_RangeFinder_SITL.cpp
[ 751/1350] Compiling libraries/AP_RangeFinder/AP_RangeFinder_TeraRanger_Serial.cpp
[ 752/1350] Compiling libraries/AP_RangeFinder/AP_RangeFinder_PulsedLightLRF.cpp
[ 753/1350] Compiling libraries/AP_RangeFinder/AP_RangeFinder_LightWare_GRF.cpp
[ 754/1350] Compiling libraries/AP_RangeFinder/AP_RangeFinder_LightWareI2C.cpp
[ 755/1350] Compiling libraries/AP_RangeFinder/AP_RangeFinder_NRA24_CAN.cpp
[ 756/1350] Compiling libraries/AP_RangeFinder/AP_RangeFinder_TOFSenseF_I2C.cpp
[ 757/1350] Compiling libraries/AP_RangeFinder/AP_RangeFinder_JRE_Serial.cpp
[ 758/1350] Compiling libraries/AP_RangeFinder/AP_RangeFinder_LeddarOne.cpp
[ 759/1350] Compiling libraries/AP_RangeFinder/AP_RangeFinder_NMEA.cpp
[ 760/1350] Compiling libraries/AP_RangeFinder/AP_RangeFinder_TOFSenseP_CAN.cpp
[ 761/1350] Compiling libraries/AP_RangeFinder/AP_RangeFinder_NoopLoop.cpp
[ 762/1350] Compiling libraries/AP_RangeFinder/AP_RangeFinder_Params.cpp
[ 763/1350] Compiling libraries/AP_RangeFinder/AP_RangeFinder_USD1_Serial.cpp
[ 764/1350] Compiling libraries/AP_RangeFinder/AP_RangeFinder_MaxsonarSerialLV.cpp
[ 765/1350] Compiling libraries/AP_RangeFinder/AP_RangeFinder_LightWare_GRF_Common.cpp
[ 766/1350] Compiling libraries/AP_RangeFinder/AP_RangeFinder_DTS6012M.cpp
[ 767/1350] Compiling libraries/AP_RangeFinder/AP_RangeFinder_RDS02UF.cpp
[ 768/1350] Compiling libraries/AP_RangeFinder/AP_RangeFinder_MAVLink.cpp
[ 769/1350] Compiling libraries/AP_RangeFinder/AP_RangeFinder_MaxsonarI2CXL.cpp
[ 770/1350] Compiling libraries/AP_RangeFinder/AP_RangeFinder_MSP.cpp
[ 771/1350] Compiling libraries/AP_RangeFinder/AP_RangeFinder_USD1_CAN.cpp
[ 772/1350] Compiling libraries/AP_RangeFinder/AP_RangeFinder_GYUS42v2.cpp
[ 773/1350] Compiling libraries/AP_RangeFinder/AP_RangeFinder_DroneCAN.cpp
[ 774/1350] Compiling libraries/AP_RangeFinder/AP_RangeFinder_analog.cpp
[ 775/1350] Compiling libraries/AP_RangeFinder/AP_RangeFinder_Wasp.cpp
[ 776/1350] Compiling libraries/AP_RangeFinder/AP_RangeFinder_VL53L0X.cpp
[ 777/1350] Compiling libraries/AP_RangeFinder/AP_RangeFinder_VL53L1X.cpp
[ 778/1350] Compiling libraries/AP_Relay/AP_Relay_Params.cpp
[ 779/1350] Compiling libraries/AP_RobotisServo/AP_RobotisServo.cpp
[ 780/1350] Compiling libraries/AP_SBusOut/AP_SBusOut.cpp
[ 781/1350] Compiling libraries/AP_Scheduler/PerfInfo.cpp
[ 782/1350] Compiling libraries/AP_SerialLED/AP_SerialLED.cpp
[ 783/1350] Compiling libraries/AP_SerialManager/AP_SerialManager_default_protocol_check.cpp
[ 784/1350] Compiling libraries/AP_SerialManager/AP_SerialManager.cpp
[ 785/1350] Compiling libraries/AP_ServoRelayEvents/AP_ServoRelayEvents.cpp
[ 786/1350] Compiling libraries/AP_Servo_Telem/AP_Servo_Telem.cpp
[ 787/1350] Compiling libraries/AP_SmartRTL/AP_SmartRTL.cpp
[ 788/1350] Compiling libraries/AP_Stats/AP_Stats.cpp
[ 789/1350] Compiling libraries/AP_SurfaceDistance/AP_SurfaceDistance.cpp
[ 790/1350] Compiling libraries/AP_TempCalibration/AP_TempCalibration.cpp
[ 791/1350] Compiling libraries/AP_TemperatureSensor/AP_TemperatureSensor_TSYS01.cpp
[ 792/1350] Compiling libraries/AP_TemperatureSensor/AP_TemperatureSensor_TSYS03.cpp
[ 793/1350] Compiling libraries/AP_TemperatureSensor/AP_TemperatureSensor_SHT3x.cpp
[ 794/1350] Compiling libraries/AP_TemperatureSensor/AP_TemperatureSensor_MLX90614.cpp
[ 795/1350] Compiling libraries/AP_TemperatureSensor/AP_TemperatureSensor_Backend.cpp
[ 796/1350] Compiling libraries/AP_TemperatureSensor/AP_TemperatureSensor_TMP119.cpp
[ 797/1350] Compiling libraries/AP_TemperatureSensor/AP_TemperatureSensor_MAX31865.cpp
[ 798/1350] Compiling libraries/AP_TemperatureSensor/AP_TemperatureSensor_DroneCAN.cpp
[ 799/1350] Compiling libraries/AP_TemperatureSensor/AP_TemperatureSensor_Params.cpp
[ 800/1350] Compiling libraries/AP_TemperatureSensor/AP_TemperatureSensor_Analog.cpp
[ 801/1350] Compiling libraries/AP_TemperatureSensor/AP_TemperatureSensor_MCP9600.cpp
[ 802/1350] Compiling libraries/AP_Terrain/TerrainUtil.cpp
[ 803/1350] Compiling libraries/AP_Terrain/TerrainMission.cpp
[ 804/1350] Compiling libraries/AP_Terrain/TerrainGCS.cpp
[ 805/1350] Compiling libraries/AP_Terrain/TerrainIO.cpp
[ 806/1350] Compiling libraries/AP_Torqeedo/AP_Torqeedo_Backend.cpp
[ 807/1350] Compiling libraries/AP_Torqeedo/AP_Torqeedo.cpp
[ 808/1350] Compiling libraries/AP_Torqeedo/AP_Torqeedo_Params.cpp
[ 809/1350] Compiling libraries/AP_Torqeedo/AP_Torqeedo_TQBus.cpp
[ 810/1350] Compiling libraries/AP_Tuning/AP_Tuning.cpp
[ 811/1350] Compiling libraries/AP_Vehicle/Parameters.cpp
[ 812/1350] Compiling libraries/AP_VideoTX/AP_VideoTX.cpp
[ 813/1350] Compiling libraries/AP_VideoTX/AP_SmartAudio.cpp
[ 814/1350] Compiling libraries/AP_VideoTX/AP_Tramp.cpp
[ 815/1350] Compiling libraries/AP_VisualOdom/AP_VisualOdom_MAV.cpp
[ 816/1350] Compiling libraries/AP_VisualOdom/AP_VisualOdom.cpp
[ 817/1350] Compiling libraries/AP_VisualOdom/AP_VisualOdom_Logging.cpp
[ 818/1350] Compiling libraries/AP_VisualOdom/AP_VisualOdom_Backend.cpp
[ 819/1350] Compiling libraries/AP_VisualOdom/AP_VisualOdom_IntelT265.cpp
[ 820/1350] Compiling libraries/AP_Volz_Protocol/AP_Volz_Protocol.cpp
[ 821/1350] Compiling libraries/AP_WheelEncoder/AP_WheelRateControl.cpp
[ 822/1350] Compiling libraries/AP_WheelEncoder/WheelEncoder_SITL_Quadrature.cpp
[ 823/1350] Compiling libraries/AP_WheelEncoder/AP_WheelEncoder.cpp
[ 824/1350] Compiling libraries/AP_WheelEncoder/WheelEncoder_Backend.cpp
[ 825/1350] Compiling libraries/AP_WheelEncoder/WheelEncoder_Quadrature.cpp
[ 826/1350] Compiling libraries/AP_Winch/AP_Winch_Backend.cpp
[ 827/1350] Compiling libraries/AP_Winch/AP_Winch_PWM.cpp
[ 828/1350] Compiling libraries/AP_Winch/AP_Winch_Daiwa.cpp
[ 829/1350] Compiling libraries/AP_Winch/AP_Winch.cpp
[ 830/1350] Compiling libraries/Filter/LowPassFilter2p.cpp
[ 831/1350] Compiling libraries/Filter/DerivativeFilter.cpp
[ 832/1350] Compiling libraries/Filter/AP_Filter.cpp
[ 833/1350] Compiling libraries/Filter/AP_NotchFilter_params.cpp
[ 834/1350] Compiling libraries/Filter/AP_Filter_params.cpp
[ 835/1350] Compiling libraries/Filter/NotchFilter.cpp
[ 836/1350] Compiling libraries/Filter/SlewLimiter.cpp
[ 837/1350] Compiling libraries/Filter/LowPassFilter.cpp
[ 838/1350] Compiling libraries/Filter/ModeFilter.cpp
[ 839/1350] Compiling libraries/GCS_MAVLink/MissionItemProtocol_Rally.cpp
[ 840/1350] Compiling libraries/GCS_MAVLink/MissionItemProtocol_Waypoints.cpp
[ 841/1350] Compiling libraries/GCS_MAVLink/GCS_DeviceOp.cpp
[ 842/1350] Compiling libraries/GCS_MAVLink/GCS_MAVLink.cpp
[ 843/1350] Compiling libraries/GCS_MAVLink/GCS_FTP.cpp
[ 844/1350] Compiling libraries/GCS_MAVLink/MissionItemProtocol.cpp
[ 845/1350] Compiling libraries/GCS_MAVLink/GCS_Param.cpp
[ 846/1350] Compiling libraries/GCS_MAVLink/MissionItemProtocol_Fence.cpp
[ 847/1350] Compiling libraries/GCS_MAVLink/GCS_serial_control.cpp
[ 848/1350] Compiling libraries/GCS_MAVLink/GCS_Signing.cpp
[ 849/1350] Compiling libraries/GCS_MAVLink/MAVLink_routing.cpp
[ 850/1350] Compiling libraries/GCS_MAVLink/GCS_ServoRelay.cpp
[ 851/1350] Compiling libraries/RC_Channel/RC_Channels.cpp
[ 852/1350] Compiling libraries/SRV_Channel/SRV_Channels.cpp
[ 853/1350] Compiling libraries/SRV_Channel/SRV_Channel.cpp
[ 854/1350] Compiling libraries/SRV_Channel/SRV_Channel_aux.cpp
[ 855/1350] Compiling libraries/AP_HAL/utility/utoa_invert.cpp
[ 856/1350] Compiling libraries/AP_HAL/utility/RingBuffer.cpp
[ 857/1350] Compiling libraries/AP_HAL/utility/replace.cpp
[ 858/1350] Compiling libraries/AP_HAL/system.cpp
[ 859/1350] Compiling libraries/AP_HAL/Util.cpp
[ 860/1350] Compiling libraries/AP_HAL/utility/DataRateLimit.cpp
[ 861/1350] Compiling libraries/AP_HAL/Semaphores.cpp
[ 862/1350] Compiling libraries/AP_HAL/RCOutput.cpp
[ 863/1350] Compiling libraries/AP_HAL/DSP.cpp
[ 864/1350] Compiling libraries/AP_HAL/UARTDriver.cpp
[ 865/1350] Compiling libraries/AP_HAL/Scheduler.cpp
[ 866/1350] Compiling libraries/AP_HAL/GPIO.cpp
[ 867/1350] Compiling libraries/AP_HAL/utility/RCOutput_Tap.cpp
[ 868/1350] Compiling libraries/AP_HAL/utility/BetterStream.cpp
[ 869/1350] Compiling libraries/AP_HAL/utility/RCOutput_Tap_Linux.cpp
[ 870/1350] Compiling libraries/AP_HAL/Storage.cpp
[ 871/1350] Compiling libraries/AP_HAL/Device.cpp
[ 872/1350] Compiling libraries/AP_HAL/utility/ftoa_engine.cpp
[ 873/1350] Compiling libraries/AP_HAL/HAL.cpp
[ 874/1350] Compiling libraries/AP_HAL/CANIface.cpp
[ 875/1350] Compiling libraries/AP_HAL/utility/packetise.cpp
[ 876/1350] Compiling libraries/AP_HAL/utility/Socket.cpp
[ 877/1350] Compiling libraries/AP_HAL/utility/print_vprintf.cpp
[ 878/1350] Compiling libraries/AP_HAL/utility/getopt_cpp.cpp
[ 879/1350] Compiling libraries/AP_HAL/utility/Socket_native.cpp
[ 880/1350] Compiling libraries/AP_HAL/utility/dsm.cpp
[ 881/1350] Compiling libraries/AP_HAL_Empty/UARTDriver.cpp
[ 882/1350] Compiling libraries/AP_HAL_Empty/RCOutput.cpp
[ 883/1350] Compiling libraries/AP_HAL_Empty/Storage.cpp
[ 884/1350] Compiling libraries/AP_HAL_Empty/RCInput.cpp
[ 885/1350] Compiling libraries/AP_HAL_Empty/AnalogIn.cpp
[ 886/1350] Compiling libraries/AP_HAL_Empty/GPIO.cpp
[ 887/1350] Compiling libraries/AP_HAL_Empty/Semaphores.cpp
[ 888/1350] Compiling libraries/AP_HAL_Empty/HAL_Empty_Class.cpp
[ 889/1350] Compiling libraries/AP_PiccoloCAN/piccolo_protocol/CortexDefines.c
[ 890/1350] Compiling libraries/AP_PiccoloCAN/piccolo_protocol/ServoProtocol.c
[ 891/1350] Compiling libraries/AP_PiccoloCAN/piccolo_protocol/CortexProtocol.c
[ 892/1350] Compiling libraries/AP_PiccoloCAN/piccolo_protocol/ESCVelocityProtocol.c
[ 893/1350] Compiling libraries/AP_PiccoloCAN/piccolo_protocol/fielddecode.c
[ 894/1350] Compiling libraries/AP_PiccoloCAN/piccolo_protocol/ECUSettings.c
[ 895/1350] Compiling libraries/AP_PiccoloCAN/piccolo_protocol/scaleddecode.c
[ 896/1350] Compiling libraries/AP_PiccoloCAN/piccolo_protocol/fieldencode.c
[ 897/1350] Compiling libraries/AP_PiccoloCAN/piccolo_protocol/scaledencode.c
[ 898/1350] Compiling libraries/AP_PiccoloCAN/piccolo_protocol/ServoDefines.c
[ 899/1350] Compiling libraries/AP_PiccoloCAN/piccolo_protocol/ESCDefines.c
[ 900/1350] Compiling libraries/AP_PiccoloCAN/piccolo_protocol/ServoPackets.c
[ 901/1350] Compiling libraries/AP_PiccoloCAN/piccolo_protocol/ESCPackets.c
[ 902/1350] Compiling libraries/AP_PiccoloCAN/piccolo_protocol/ServoCommands.c
[ 903/1350] Compiling libraries/AP_PiccoloCAN/piccolo_protocol/ESCCommands.c
[ 904/1350] Compiling libraries/AP_PiccoloCAN/piccolo_protocol/ECUPackets.c
[ 905/1350] Compiling libraries/AP_PiccoloCAN/piccolo_protocol/ECUProtocol.c
[ 906/1350] Compiling libraries/AP_PiccoloCAN/piccolo_protocol/ECUDefines.c
[ 907/1350] Compiling libraries/AP_PiccoloCAN/piccolo_protocol/CortexPackets.c
[ 908/1350] Compiling modules/DroneCAN/libcanard/canard.c
[ 909/1350] Compiling libraries/AP_HAL_SITL/system.cpp
[ 910/1350] Compiling libraries/AP_HAL_SITL/SITL_State_common.cpp
[ 911/1350] Compiling libraries/AP_HAL_SITL/ToneAlarm_SF.cpp
[ 912/1350] Compiling libraries/AP_HAL_SITL/DSP.cpp
[ 913/1350] Compiling libraries/AP_HAL_SITL/Semaphores.cpp
[ 914/1350] Compiling libraries/AP_HAL_SITL/RCInput.cpp
[ 915/1350] Compiling libraries/AP_HAL_SITL/UART_utils.cpp
[ 916/1350] Compiling libraries/AP_HAL_SITL/sitl_airspeed.cpp
[ 917/1350] Compiling libraries/AP_HAL_SITL/GPIO.cpp
[ 918/1350] Compiling libraries/AP_HAL_SITL/CAN_SocketCAN.cpp
[ 919/1350] Compiling libraries/AP_HAL_SITL/SITL_State.cpp
[ 920/1350] Compiling libraries/AP_HAL_SITL/CANSocketIface.cpp
[ 921/1350] Compiling libraries/AP_HAL_SITL/Scheduler.cpp
[ 922/1350] Compiling libraries/AP_HAL_SITL/HAL_SITL_Class.cpp
[ 923/1350] Compiling libraries/AP_HAL_SITL/I2CDevice.cpp
[ 924/1350] Compiling libraries/AP_HAL_SITL/SPIDevice.cpp
[ 925/1350] Compiling libraries/AP_HAL_SITL/sitl_rangefinder.cpp
[ 926/1350] Compiling libraries/AP_HAL_SITL/RCOutput.cpp
[ 927/1350] Compiling libraries/AP_HAL_SITL/AnalogIn.cpp
[ 928/1350] Compiling libraries/AP_HAL_SITL/Util.cpp
[ 929/1350] Compiling libraries/AP_HAL_SITL/CAN_Multicast.cpp
[ 930/1350] Compiling libraries/AP_HAL_SITL/SITL_Periph_State.cpp
[ 931/1350] Compiling libraries/SITL/SIM_QMC5883L.cpp
[ 932/1350] Compiling libraries/SITL/SIM_PS_LightWare_SF45B.cpp
[ 933/1350] Compiling libraries/SITL/SIM_Rover.cpp
[ 934/1350] Compiling libraries/SITL/SIM_INA3221.cpp
[ 935/1350] Compiling libraries/SITL/SIM_GPS_NMEA.cpp
[ 936/1350] Compiling libraries/SITL/SIM_GPIO_LED_2.cpp
[ 937/1350] Compiling libraries/SITL/SIM_GPIO_LED_RGB.cpp
[ 938/1350] Compiling libraries/SITL/SIM_FETtecOneWireESC.cpp
[ 939/1350] Compiling libraries/SITL/SIM_Frsky_D.cpp
[ 940/1350] Compiling libraries/SITL/SIM_EFI_MegaSquirt.cpp
[ 941/1350] Compiling libraries/SITL/SIM_Calibration.cpp
[ 942/1350] Compiling libraries/SITL/SIM_Blimp.cpp
[ 943/1350] Compiling libraries/SITL/SIM_BattMonitor_SMBus_Maxell.cpp
[ 944/1350] Compiling libraries/SITL/SIM_AirSim.cpp
[ 945/1350] Compiling libraries/SITL/SIM_Battery.cpp
[ 946/1350] Compiling libraries/SITL/SIM_AS5600.cpp
[ 947/1350] Compiling libraries/SITL/SIM_BattMonitor_SMBus.cpp
[ 948/1350] Compiling libraries/SITL/SIM_ADSB_Sagetech_MXS.cpp
[ 949/1350] Compiling libraries/SITL/SIM_AIS.cpp
[ 950/1350] Compiling libraries/SITL/SIM_Invensense_v3.cpp
[ 951/1350] Compiling libraries/SITL/SIM_CRRCSim.cpp
[ 952/1350] Compiling libraries/SITL/SIM_IntelligentEnergy24.cpp
[ 953/1350] Compiling libraries/SITL/SIM_JSBSim.cpp
[ 954/1350] Compiling libraries/SITL/SIM_MicroStrain.cpp
[ 955/1350] Compiling libraries/SITL/SIM_ADSB.cpp
[ 956/1350] Compiling libraries/SITL/SIM_PS_TeraRangerTower.cpp
[ 957/1350] Compiling libraries/SITL/SIM_ELRS.cpp
[ 958/1350] Compiling libraries/SITL/SIM_SerialProximitySensor.cpp
[ 959/1350] Compiling libraries/SITL/SIM_BattMonitor_SMBus_Rotoye.cpp
[ 960/1350] Compiling libraries/SITL/SIM_Beacon_NoopLoop.cpp
[ 961/1350] Compiling libraries/SITL/SIM_TFS20L.cpp
[ 962/1350] Compiling libraries/SITL/SIM_Frame.cpp
[ 963/1350] Compiling libraries/SITL/SIM_BattMonitor_SMBus_Generic.cpp
[ 964/1350] Compiling libraries/SITL/SIM_Buzzer.cpp
[ 965/1350] Compiling libraries/SITL/SIM_FlightAxis.cpp
[ 966/1350] Compiling libraries/SITL/SIM_GPIO_LED_3.cpp
[ 967/1350] Compiling libraries/SITL/SIM_Airspeed_DLVR.cpp
[ 968/1350] Compiling libraries/SITL/SIM_GPS_NOVA.cpp
[ 969/1350] Compiling libraries/SITL/SIM_ToneAlarm.cpp
[ 970/1350] Compiling libraries/SITL/SIM_GPS.cpp
[ 971/1350] Compiling libraries/SITL/SIM_GPS_FILE.cpp
[ 972/1350] Compiling libraries/SITL/SIM_GeneratorEngine.cpp
[ 973/1350] Compiling libraries/SITL/SIM_GPS_Trimble.cpp
[ 974/1350] Compiling libraries/SITL/SIM_RF_NMEA.cpp
[ 975/1350] Compiling libraries/SITL/SIM_ICEngine.cpp
[ 976/1350] Compiling libraries/SITL/SIM_GPS_UBLOX.cpp
[ 977/1350] Compiling libraries/SITL/SIM_PS_LD06.cpp
[ 978/1350] Compiling libraries/SITL/SIM_Helicopter.cpp
[ 979/1350] Compiling libraries/SITL/SIM_Precland.cpp
[ 980/1350] Compiling libraries/SITL/SIM_PS_RPLidar.cpp
[ 981/1350] Compiling libraries/SITL/SIM_Parachute.cpp
[ 982/1350] Compiling libraries/SITL/SIM_Motor.cpp
[ 983/1350] Compiling libraries/SITL/SIM_MS5XXX.cpp
[ 984/1350] Compiling libraries/SITL/SIM_LP5562.cpp
[ 985/1350] Compiling libraries/SITL/SIM_LED_n.cpp
[ 986/1350] Compiling libraries/SITL/SIM_RAMTRON_FM25V02.cpp
[ 987/1350] Compiling libraries/SITL/SIM_MAVLinkCamV2.cpp
[ 988/1350] Compiling libraries/SITL/SIM_MS5525.cpp
[ 989/1350] Compiling libraries/SITL/SIM_RF_DTS6012M.cpp
[ 990/1350] Compiling libraries/SITL/SIM_RF_JRE.cpp
[ 991/1350] Compiling libraries/SITL/SIM_RF_TeraRanger_Serial.cpp
[ 992/1350] Compiling libraries/SITL/SIM_RF_Ainstein_LR_D1_v19.cpp
[ 993/1350] Compiling libraries/SITL/SIM_MicroStrain7.cpp
[ 994/1350] Compiling libraries/SITL/SIM_RF_Benewake.cpp
[ 995/1350] Compiling libraries/SITL/SIM_JEDEC_MX25L3206E.cpp
[ 996/1350] Compiling libraries/SITL/SIM_RF_Ainstein_LR_D1.cpp
[ 997/1350] Compiling libraries/SITL/SIM_RF_USD1_v1.cpp
[ 998/1350] Compiling libraries/SITL/SIM_Frsky.cpp
[ 999/1350] Compiling libraries/SITL/SIM_RF_USD1_v0.cpp
[1000/1350] Compiling libraries/SITL/SIM_Glider.cpp
[1001/1350] Compiling libraries/SITL/SIM_MS5611.cpp
[1002/1350] Compiling libraries/SITL/SIM_QuadPlane.cpp
[1003/1350] Compiling libraries/SITL/SIM_RF_MaxsonarSerialLV.cpp
[1004/1350] Compiling libraries/SITL/SIM_RF_LightWareSerialBinary.cpp
[1005/1350] Compiling libraries/SITL/SIM_RF_RDS02UF.cpp
[1006/1350] Compiling libraries/SITL/SIM_RichenPower.cpp
[1007/1350] Compiling libraries/SITL/SIM_RF_MAVLink.cpp
[1008/1350] Compiling libraries/SITL/SIM_I2C.cpp
[1009/1350] Compiling libraries/SITL/SIM_RF_LightWare_GRF.cpp
[1010/1350] Compiling libraries/SITL/SIM_Scrimmage.cpp
[1011/1350] Compiling libraries/SITL/SIM_Sailboat.cpp
[1012/1350] Compiling libraries/SITL/SIM_SensAItion.cpp
[1013/1350] Compiling libraries/SITL/SIM_IntelligentEnergy.cpp
[1014/1350] Compiling libraries/SITL/SIM_Webots.cpp
[1015/1350] Compiling libraries/SITL/SIM_GPS_SBP_Common.cpp
[1016/1350] Compiling libraries/SITL/SIM_Viewpro.cpp
[1017/1350] Compiling libraries/SITL/SIM_Gripper_Servo.cpp
[1018/1350] Compiling libraries/SITL/SIM_SilentWings.cpp
[1019/1350] Compiling libraries/SITL/SIM_RF_Wasp.cpp
[1020/1350] Compiling libraries/SITL/SIM_Webots_Python.cpp
[1021/1350] Compiling libraries/SITL/SIM_last_letter.cpp
[1022/1350] Compiling libraries/SITL/SIM_SerialDevice.cpp
[1023/1350] Compiling libraries/SITL/SIM_RF_LightWareSerial.cpp
[1024/1350] Compiling libraries/SITL/SIM_AVT_CM62.cpp
[1025/1350] Compiling libraries/SITL/SIM_GPS_MSP.cpp
[1026/1350] Compiling libraries/SITL/SITL_Baro.cpp
[1027/1350] Compiling libraries/SITL/SIM_Vicon.cpp
[1028/1350] Compiling libraries/SITL/SIM_SingleCopter.cpp
[1029/1350] Compiling libraries/SITL/SIM_VectorNav.cpp
[1030/1350] Compiling libraries/SITL/SIM_ToshibaLED.cpp
[1031/1350] Compiling libraries/SITL/SIM_Topotek.cpp
[1032/1350] Compiling libraries/SITL/SIM_Temperature_TSYS03.cpp
[1033/1350] Compiling libraries/SITL/SIM_Submarine.cpp
[1034/1350] Compiling libraries/SITL/SIM_EFI_Hirth.cpp
[1035/1350] Compiling libraries/SITL/SIM_GPIO_LED_1.cpp
[1036/1350] Compiling libraries/SITL/SIM_TeraRangerI2C.cpp
[1037/1350] Compiling libraries/SITL/SIM_Temperature_TSYS01.cpp
[1038/1350] Compiling libraries/SITL/SIM_CRSF.cpp
[1039/1350] Compiling libraries/SITL/SIM_Sprayer.cpp
[1040/1350] Compiling libraries/SITL/SIM_Temperature_MCP9600.cpp
[1041/1350] Compiling libraries/SITL/SITL_Airspeed.cpp
[1042/1350] Compiling libraries/SITL/SIM_Siyi.cpp
[1043/1350] Compiling libraries/SITL/SIM_Volz.cpp
[1044/1350] Compiling libraries/SITL/SIM_Tracker.cpp
[1045/1350] Compiling libraries/SITL/SIM_Tether.cpp
[1046/1350] Compiling libraries/SITL/ServoModel.cpp
[1047/1350] Compiling libraries/SITL/SIM_Temperature_SHT3x.cpp
[1048/1350] Compiling libraries/SITL/SIM_StratoBlimp.cpp
[1049/1350] Compiling libraries/SITL/SIM_SlungPayload.cpp
[1050/1350] Compiling libraries/SITL/SIM_SoloGimbal.cpp
[1051/1350] Compiling libraries/SITL/SIM_Balloon.cpp
[1052/1350] Compiling libraries/SITL/SIM_Siyi_ZT30.cpp
[1053/1350] Compiling libraries/SITL/SIM_Ship.cpp
[1054/1350] Compiling libraries/SITL/SIM_SerialBeacon.cpp
[1055/1350] Compiling libraries/SITL/SIM_SerialRangeFinder.cpp
[1056/1350] Compiling libraries/SITL/SIM_SPI.cpp
[1057/1350] Compiling libraries/SITL/SIM_BalanceBot.cpp
[1058/1350] Compiling libraries/SITL/SIM_RGBLED.cpp
[1059/1350] Compiling libraries/SITL/SIM_RF_USD1.cpp
[1060/1350] Compiling libraries/SITL/SIM_RF_TOFSenseF_I2C.cpp
[1061/1350] Compiling libraries/SITL/SIM_RF_NoopLoop.cpp
[1062/1350] Compiling libraries/SITL/SIM_SMBusDevice.cpp
[1063/1350] Compiling libraries/SITL/SIM_Plane.cpp
[1064/1350] Compiling libraries/SITL/SIM_Multicopter.cpp
[1065/1350] Compiling libraries/SITL/SIM_MAVLinkGimbalv2.cpp
[1066/1350] Compiling libraries/SITL/SIM_Morse.cpp
[1067/1350] Compiling libraries/SITL/SIM_Loweheiser.cpp
[1068/1350] Compiling libraries/SITL/SIM_JSON_Master.cpp
[1069/1350] Compiling libraries/SITL/SIM_IS31FL3195.cpp
[1070/1350] Compiling libraries/SITL/SIM_LM2755.cpp
[1071/1350] Compiling libraries/SITL/SIM_JSON.cpp
[1072/1350] Compiling libraries/SITL/SIM_InertialLabs.cpp
[1073/1350] Compiling libraries/SITL/SIM_JEDEC.cpp
[1074/1350] Compiling libraries/SITL/SIM_RF_LightWare_GRF_I2C.cpp
[1075/1350] Compiling libraries/SITL/SIM_Gripper_EPM.cpp
[1076/1350] Compiling libraries/SITL/SIM_GPS_SBP2.cpp
[1077/1350] Compiling libraries/SITL/SIM_GPS_SBP.cpp
[1078/1350] Compiling libraries/SITL/SIM_RAMTRON.cpp
[1079/1350] Compiling libraries/SITL/SIM_RF_LightWareI2C_Legacy16Bit.cpp
[1080/1350] Compiling libraries/SITL/SIM_Gimbal.cpp
[1081/1350] Compiling libraries/SITL/SIM_I2CDevice.cpp
[1082/1350] Compiling libraries/SITL/SIM_RF_Lanbao.cpp
[1083/1350] Compiling libraries/SITL/SIM_RF_BLping.cpp
[1084/1350] Compiling libraries/SITL/SIM_GPS_SBF.cpp
[1085/1350] Compiling libraries/SITL/SIM_RF_LeddarOne.cpp
[1086/1350] Compiling libraries/SITL/SIM_RF_GYUS42v2.cpp
[1087/1350] Compiling libraries/SITL/SIM_Gazebo.cpp
[1088/1350] Compiling libraries/SITL/SIM_RF_Benewake_TFMiniPlus.cpp
[1089/1350] Compiling libraries/AP_Scripting/AP_Scripting_SerialDevice.cpp
[1090/1350] Compiling libraries/AP_Scripting/AP_Scripting.cpp
[1091/1350] Compiling libraries/AP_Scripting/AP_Scripting_SerialAccess.cpp
[1092/1350] Compiling libraries/AP_Scripting/AP_Scripting_CANSensor.cpp
[1093/1350] Compiling libraries/AP_Scripting/lua/src/lbaselib.c
[1094/1350] Compiling libraries/AP_Scripting/lua/src/lua.c
[1095/1350] Compiling libraries/AP_Scripting/lua/src/lmem.c
[1096/1350] Compiling libraries/AP_Scripting/lua/src/linit.c
[1097/1350] Compiling libraries/AP_Scripting/lua/src/lcorolib.c
[1098/1350] Compiling libraries/AP_Scripting/lua/src/lbitlib.c
[1099/1350] Compiling libraries/AP_Scripting/lua/src/loadlib.c
[1100/1350] Compiling libraries/AP_Scripting/lua/src/lapi.c
[1101/1350] Compiling libraries/AP_Scripting/lua/src/ldo.c
[1102/1350] Compiling libraries/AP_Scripting/lua/src/lauxlib.c
[1103/1350] Compiling libraries/AP_Scripting/lua/src/lmathlib.c
[1104/1350] Compiling libraries/AP_Scripting/lua/src/loslib.c
[1105/1350] Compiling libraries/AP_Scripting/lua/src/lundump.c
[1106/1350] Compiling libraries/AP_Scripting/lua/src/luac.c
[1107/1350] Compiling libraries/AP_Scripting/lua/src/lobject.c
[1108/1350] Compiling libraries/AP_Scripting/lua/src/lparser.c
[1109/1350] Compiling libraries/AP_Scripting/lua/src/llex.c
[1110/1350] Compiling libraries/AP_Scripting/lua/src/lopcodes.c
[1111/1350] Compiling libraries/AP_Scripting/lua/src/ldebug.c
[1112/1350] Compiling libraries/AP_Scripting/lua/src/lstring.c
[1113/1350] Compiling libraries/AP_Scripting/lua/src/ltm.c
[1114/1350] Compiling libraries/AP_Scripting/lua/src/liolib.c
[1115/1350] Compiling libraries/AP_Scripting/lua/src/lgc.c
[1116/1350] Compiling libraries/AP_Scripting/lua/src/lvm.c
[1117/1350] Compiling libraries/AP_Scripting/lua/src/lctype.c
[1118/1350] Compiling libraries/AP_Scripting/lua/src/ltable.c
[1119/1350] Compiling libraries/AP_Scripting/lua/src/lstrlib.c
[1120/1350] Compiling libraries/AP_Scripting/lua/src/lfunc.c
[1121/1350] Compiling libraries/AP_Scripting/lua/src/ldblib.c
[1122/1350] Compiling libraries/AP_Scripting/lua/src/ldump.c
[1123/1350] Compiling libraries/AP_Scripting/lua/src/lzio.c
[1124/1350] Compiling libraries/AP_Scripting/lua/src/lcode.c
[1125/1350] Compiling libraries/AP_Scripting/lua/src/ltablib.c
[1126/1350] Compiling libraries/AP_Scripting/lua/src/lutf8lib.c
[1127/1350] Compiling libraries/AP_Scripting/lua/src/lstate.c
[1128/1350] Compiling libraries/AP_ADSB/sagetech-sdk/icao2Buf.c
[1129/1350] Compiling libraries/AP_ADSB/sagetech-sdk/toVel.c
[1130/1350] Compiling libraries/AP_ADSB/sagetech-sdk/sgDecodeInstall.c
[1131/1350] Compiling libraries/AP_ADSB/sagetech-sdk/toAlt.c
[1132/1350] Compiling libraries/AP_ADSB/sagetech-sdk/toIcao.c
[1133/1350] Compiling libraries/AP_ADSB/sagetech-sdk/sgEncodeGPS.c
[1134/1350] Compiling libraries/AP_ADSB/sagetech-sdk/float2Buf.c
[1135/1350] Compiling libraries/AP_ADSB/sagetech-sdk/appendChecksum.c
[1136/1350] Compiling libraries/AP_ADSB/sagetech-sdk/sgDecodeFlightId.c
[1137/1350] Compiling libraries/AP_ADSB/sagetech-sdk/sgEncodeInstall.c
[1138/1350] Compiling libraries/AP_ADSB/sagetech-sdk/sgEncodeDataReq.c
[1139/1350] Compiling libraries/AP_ADSB/sagetech-sdk/toTOA.c
[1140/1350] Compiling libraries/AP_ADSB/sagetech-sdk/calcChecksum.c
[1141/1350] Compiling libraries/AP_ADSB/sagetech-sdk/sgDecodeSVR.c
[1142/1350] Compiling libraries/AP_ADSB/sagetech-sdk/toHeading2.c
[1143/1350] Compiling libraries/AP_ADSB/sagetech-sdk/sgDecodeAck.c
[1144/1350] Compiling libraries/AP_ADSB/sagetech-sdk/toInt32.c
[1145/1350] Compiling libraries/AP_ADSB/sagetech-sdk/toHeading.c
[1146/1350] Compiling libraries/AP_ADSB/sagetech-sdk/uint322Buf.c
[1147/1350] Compiling libraries/AP_ADSB/sagetech-sdk/sgEncodeOperating.c
[1148/1350] Compiling libraries/AP_ADSB/sagetech-sdk/toGS.c
[1149/1350] Compiling libraries/AP_ADSB/sagetech-sdk/sgEncodeFlightId.c
[1150/1350] Compiling libraries/AP_ADSB/sagetech-sdk/uint162Buf.c
[1151/1350] Compiling libraries/AP_ADSB/sagetech-sdk/sgEncodeTargetReq.c
[1152/1350] Compiling libraries/AP_ADSB/sagetech-sdk/toInt16.c
[1153/1350] Compiling libraries/AP_ADSB/sagetech-sdk/toUint32.c
[1154/1350] Compiling libraries/AP_ADSB/sagetech-sdk/sgDecodeMSR.c
[1155/1350] Compiling libraries/AP_ADSB/sagetech-sdk/charArray2Buf.c
[1156/1350] Compiling libraries/AP_ADSB/sagetech-sdk/toUint16.c
[1157/1350] Compiling libraries/AP_ADSB/sagetech-sdk/toLatLon.c
[1158/1350] Compiling libraries/AP_ADSB/sagetech-sdk/target.c
[1159/1350] Compiling libraries/AP_AHRS/AP_AHRS_Backend.cpp
[1160/1350] Compiling libraries/AP_AHRS/AP_AHRS.cpp
[1161/1350] Compiling libraries/AP_AHRS/AP_AHRS_DCM.cpp
[1162/1350] Compiling libraries/AP_Airspeed/AP_Airspeed_Params.cpp
[1163/1350] Compiling libraries/AP_Airspeed/AP_Airspeed_NMEA.cpp
[1164/1350] Compiling libraries/AP_Airspeed/AP_Airspeed.cpp
[1165/1350] Compiling libraries/AP_Baro/AP_Baro.cpp
[1166/1350] Compiling libraries/AP_Baro/AP_Baro_Backend.cpp
[1167/1350] Compiling libraries/AP_Baro/AP_Baro_SITL.cpp
[1168/1350] Compiling libraries/AP_BattMonitor/AP_BattMonitor.cpp
[1169/1350] Compiling libraries/AP_BattMonitor/AP_BattMonitor_Params.cpp
[1170/1350] Compiling libraries/AP_BoardConfig/AP_BoardConfig.cpp
[1171/1350] Compiling libraries/AP_HAL/SIMState.cpp
[1172/1350] Compiling libraries/AP_InertialSensor/FastRateBuffer.cpp
[1173/1350] Compiling libraries/AP_InertialSensor/AP_InertialSensor.cpp
[1174/1350] Compiling libraries/AP_InertialSensor/AP_InertialSensor_Backend.cpp
[1175/1350] Compiling libraries/AP_InertialSensor/AP_InertialSensor_Invensensev3.cpp
[1176/1350] Compiling libraries/AP_Math/SCurve.cpp
[1177/1350] Compiling libraries/AP_Mission/AP_Mission.cpp
[1178/1350] Compiling libraries/AP_DAL/AP_DAL_Beacon.cpp
[1179/1350] Compiling libraries/AP_DAL/AP_DAL_VisualOdom.cpp
[1180/1350] Compiling libraries/AP_DAL/AP_DAL_RangeFinder.cpp
[1181/1350] Compiling libraries/AP_DAL/AP_DAL.cpp
[1182/1350] Compiling libraries/AP_NavEKF2/AP_NavEKF2.cpp
[1183/1350] Compiling libraries/AP_NavEKF2/AP_NavEKF2_OptFlowFusion.cpp
[1184/1350] Compiling libraries/AP_NavEKF3/AP_NavEKF3_MagFusion.cpp
[1185/1350] Compiling libraries/AP_NavEKF3/AP_NavEKF3_Control.cpp
[1186/1350] Compiling libraries/AP_NavEKF3/AP_NavEKF3_Measurements.cpp
[1187/1350] Compiling libraries/AP_NavEKF3/AP_NavEKF3_core.cpp
[1188/1350] Compiling libraries/AP_NavEKF3/AP_NavEKF3_Logging.cpp
[1189/1350] Compiling libraries/AP_NavEKF3/AP_NavEKF3_VehicleStatus.cpp
[1190/1350] Compiling libraries/AP_NavEKF3/AP_NavEKF3_RngBcnFusion.cpp
[1191/1350] Compiling libraries/AP_NavEKF3/AP_NavEKF3.cpp
[1192/1350] Compiling libraries/AP_NavEKF3/AP_NavEKF3_Outputs.cpp
[1193/1350] Compiling libraries/AP_NavEKF3/AP_NavEKF3_AirDataFusion.cpp
[1194/1350] Compiling libraries/AP_NavEKF3/AP_NavEKF3_PosVelFusion.cpp
[1195/1350] Compiling libraries/AP_NavEKF3/AP_NavEKF3_GyroBias.cpp
[1196/1350] Compiling libraries/AP_NavEKF3/AP_NavEKF3_OptFlowFusion.cpp
[1197/1350] Compiling libraries/AP_Rally/AP_Rally.cpp
[1198/1350] Compiling libraries/AP_Scheduler/AP_Scheduler.cpp
[1199/1350] Compiling libraries/AP_Terrain/AP_Terrain.cpp
[1200/1350] Compiling libraries/AP_Vehicle/AP_Vehicle.cpp
[1201/1350] Compiling libraries/AP_Logger/AP_Logger.cpp
[1202/1350] Compiling libraries/AP_Logger/AP_Logger_Backend.cpp
[1203/1350] Compiling libraries/AP_Logger/LoggerMessageWriter.cpp
[1204/1350] Compiling libraries/AP_Logger/AP_Logger_File.cpp
[1205/1350] Compiling libraries/Filter/HarmonicNotchFilter.cpp
[1206/1350] Compiling libraries/GCS_MAVLink/GCS_Common.cpp
[1207/1350] Compiling libraries/GCS_MAVLink/GCS_MAVLink_Parameters.cpp
[1208/1350] Compiling libraries/GCS_MAVLink/GCS.cpp
[1209/1350] Compiling libraries/GCS_MAVLink/GCS_Dummy.cpp
[1210/1350] Compiling libraries/GCS_MAVLink/GCS_Fence.cpp
[1211/1350] Compiling libraries/RC_Channel/RC_Channel.cpp
[1212/1350] Compiling libraries/StorageManager/StorageManager.cpp
[1213/1350] Compiling libraries/AP_Frsky_Telem/AP_Frsky_SPort_Passthrough.cpp
[1214/1350] Compiling libraries/AP_IBus_Telem/AP_IBus_Telem.cpp
[1215/1350] Compiling libraries/AP_Relay/AP_Relay.cpp
[1216/1350] Compiling libraries/AP_RCProtocol/AP_RCProtocol_CRSF.cpp
[1217/1350] Compiling libraries/AP_RCProtocol/AP_RCProtocol_GHST.cpp
[1218/1350] Compiling libraries/AP_RCProtocol/AP_RCProtocol_FPort.cpp
[1219/1350] Compiling libraries/AP_RCProtocol/AP_RCProtocol.cpp
[1220/1350] Compiling libraries/AP_RCProtocol/AP_RCProtocol_FPort2.cpp
[1221/1350] Compiling libraries/AP_RCProtocol/AP_RCProtocol_SRXL2.cpp
[1222/1350] Compiling libraries/AP_RCProtocol/AP_RCProtocol_UDP.cpp
[1223/1350] Compiling libraries/AP_BLHeli/AP_BLHeli.cpp
[1224/1350] Compiling libraries/AP_Proximity/AP_Proximity_Utils.cpp
[1225/1350] Compiling libraries/AC_Fence/AC_Fence.cpp
[1226/1350] Compiling libraries/AC_Fence/AC_PolyFence_loader.cpp
[1227/1350] Compiling libraries/AC_Avoidance/AC_Avoid.cpp
[1228/1350] Compiling libraries/AC_Avoidance/AP_OADatabase.cpp
[1229/1350] Compiling libraries/AC_Avoidance/AP_OABendyRuler.cpp
[1230/1350] Compiling libraries/AP_LandingGear/AP_LandingGear.cpp
[1231/1350] Compiling libraries/AP_OSD/AP_OSD_Screen.cpp
[1232/1350] Compiling libraries/AP_OSD/AP_OSD_ParamScreen.cpp
[1233/1350] Compiling libraries/AP_OSD/AP_OSD_ParamSetting.cpp
[1234/1350] Compiling libraries/AP_Filesystem/AP_Filesystem_posix.cpp
[1235/1350] Compiling libraries/AP_ADSB/AP_ADSB_Sagetech_MXS.cpp
[1236/1350] Compiling libraries/AP_ADSB/AP_ADSB.cpp
[1237/1350] Compiling libraries/AP_ESC_Telem/AP_ESC_Telem_Backend.cpp
[1238/1350] Compiling libraries/AP_GyroFFT/AP_GyroFFT.cpp
[1239/1350] Compiling libraries/AP_RCTelemetry/AP_RCTelemetry.cpp
[1240/1350] Compiling libraries/AP_RCTelemetry/AP_CRSF_Telem.cpp
[1241/1350] Compiling libraries/AP_ExternalAHRS/AP_ExternalAHRS_InertialLabs.cpp
[1242/1350] Compiling libraries/AP_ExternalAHRS/AP_ExternalAHRS_SBG.cpp
[1243/1350] Compiling libraries/AP_TemperatureSensor/AP_TemperatureSensor.cpp
[1244/1350] Compiling libraries/AP_AIS/AP_AIS.cpp
[1245/1350] Compiling libraries/AP_Arming/AP_Arming.cpp
[1246/1350] Compiling libraries/AP_Follow/AP_Follow.cpp
[1247/1350] Compiling libraries/AC_AttitudeControl/AC_PosControl.cpp
[1248/1350] Compiling libraries/AC_AttitudeControl/AC_AttitudeControl.cpp
[1249/1350] Compiling libraries/AC_AttitudeControl/AC_WeatherVane.cpp
[1250/1350] Compiling libraries/AC_PrecLand/AC_PrecLand.cpp
[1251/1350] Compiling libraries/AC_WPNav/AC_Loiter.cpp
[1252/1350] Compiling libraries/AC_WPNav/AC_Circle.cpp
[1253/1350] Compiling libraries/AC_WPNav/AC_WPNav.cpp
[1254/1350] Compiling libraries/AP_Motors/AP_MotorsTri.cpp
[1255/1350] Compiling libraries/AP_Motors/AP_Motors_Thrust_Linearization.cpp
[1256/1350] Compiling libraries/AP_Motors/AP_MotorsMatrix.cpp
[1257/1350] Compiling libraries/AP_Motors/AP_MotorsMulticopter.cpp
[1258/1350] Compiling libraries/AP_Avoidance/AP_Avoidance.cpp
[1259/1350] Compiling libraries/AC_AutoTune/AC_AutoTune.cpp
[1260/1350] Compiling libraries/AC_AutoTune/AC_AutoTune_Multi.cpp
[1261/1350] Compiling libraries/AP_HAL_SITL/UARTDriver.cpp
[1262/1350] Compiling libraries/AP_HAL_SITL/Storage.cpp
[1263/1350] Compiling libraries/AP_HAL_SITL/SITL_cmdline.cpp
[1264/1350] Compiling libraries/SITL/SITL.cpp
[1265/1350] Compiling libraries/SITL/SIM_XPlane.cpp
[1266/1350] Compiling libraries/SITL/SIM_Aircraft.cpp
[1267/1350] Compiling libraries/SITL/SIM_DroneCANDevice.cpp
[1268/1350] Compiling libraries/AP_Scripting/lua_boxed_numerics.cpp
[1269/1350] Compiling libraries/AP_Scripting/lua_bindings.cpp
[1270/1350] Compiling libraries/AP_Scripting/lua_scripts.cpp
[1271/1350] Compiling /tmp/rift-ardupilot-clang/build/sitl/libraries/AP_Scripting/lua_generated_bindings.cpp
[1272/1350] Compiling libraries/AP_Scripting/AP_Scripting_helpers.cpp
[1273/1350] Compiling libraries/AP_Scripting/AP_Scripting_CRSFMenu.cpp
[1274/1350] Compiling ArduCopter/mode_poshold.cpp
[1275/1350] Compiling ArduCopter/radio.cpp
[1276/1350] Compiling ArduCopter/toy_mode.cpp
[1277/1350] Compiling ArduCopter/mode_follow.cpp
[1278/1350] Compiling ArduCopter/esc_calibration.cpp
[1279/1350] Compiling ArduCopter/inertia.cpp
[1280/1350] Compiling ArduCopter/RC_Channel_Copter.cpp
[1281/1350] Compiling ArduCopter/AP_ExternalControl_Copter.cpp
[1282/1350] Compiling ArduCopter/motor_test.cpp
[1283/1350] Compiling ArduCopter/standby.cpp
[1284/1350] Compiling ArduCopter/mode_avoid_adsb.cpp
[1285/1350] Compiling ArduCopter/AP_Rally.cpp
[1286/1350] Compiling ArduCopter/Attitude.cpp
[1287/1350] Compiling ArduCopter/system.cpp
[1288/1350] Compiling ArduCopter/mode_turtle.cpp
[1289/1350] Compiling ArduCopter/takeoff.cpp
[1290/1350] Compiling ArduCopter/landing_gear.cpp
[1291/1350] Compiling ArduCopter/mode_loiter.cpp
[1292/1350] Compiling ArduCopter/GCS_Copter.cpp
[1293/1350] Compiling ArduCopter/surface_tracking.cpp
[1294/1350] Linking /tmp/rift-ardupilot-clang/build/sitl/lib/libArduCopter_libs.a
[1295/1350] Compiling ArduCopter/failsafe.cpp
[1296/1350] Compiling ArduCopter/motors.cpp
[1297/1350] Compiling ArduCopter/mode_throw.cpp
[1298/1350] Compiling ArduCopter/mode_guided_custom.cpp
[1299/1350] Compiling ArduCopter/tuning.cpp
[1300/1350] Compiling ArduCopter/autoyaw.cpp
[1301/1350] Compiling ArduCopter/afs_copter.cpp
[1302/1350] Compiling ArduCopter/mode_stabilize.cpp
[1303/1350] Compiling ArduCopter/rate_thread.cpp
[1304/1350] Compiling ArduCopter/land_detector.cpp
[1305/1350] Compiling ArduCopter/mode_smart_rtl.cpp
[1306/1350] Compiling ArduCopter/mode.cpp
[1307/1350] Compiling ArduCopter/crash_check.cpp
[1308/1350] Compiling ArduCopter/mode_stabilize_heli.cpp
[1309/1350] Compiling ArduCopter/terrain.cpp
[1310/1350] Compiling ArduCopter/UserCode.cpp
[1311/1350] Compiling ArduCopter/mode_guided.cpp
[1312/1350] Compiling ArduCopter/navigation.cpp
[1313/1350] Compiling ArduCopter/mode_land.cpp
[1314/1350] Compiling ArduCopter/mode_rtl.cpp
[1315/1350] Compiling ArduCopter/GCS_MAVLink_Copter.cpp
[1316/1350] Compiling ArduCopter/mode_acro.cpp
[1317/1350] Compiling ArduCopter/compassmot.cpp
[1318/1350] Compiling ArduCopter/mode_circle.cpp
[1319/1350] Compiling ArduCopter/UserParameters.cpp
[1320/1350] Compiling ArduCopter/AP_State.cpp
[1321/1350] Compiling ArduCopter/mode_systemid.cpp
[1322/1350] Compiling ArduCopter/ekf_check.cpp
[1323/1350] Compiling ArduCopter/mode_acro_heli.cpp
[1324/1350] Compiling ArduCopter/mode_auto.cpp
[1325/1350] Compiling ArduCopter/mode_zigzag.cpp
[1326/1350] Compiling ArduCopter/heli.cpp
[1327/1350] Compiling ArduCopter/AP_Arming_Copter.cpp
[1328/1350] Compiling ArduCopter/Parameters.cpp
[1329/1350] Compiling ArduCopter/commands.cpp
[1330/1350] Compiling ArduCopter/fence.cpp
[1331/1350] Compiling ArduCopter/Log.cpp
[1332/1350] Compiling ArduCopter/mode_autotune.cpp
[1333/1350] Compiling ArduCopter/mode_drift.cpp
[1334/1350] Compiling ArduCopter/mode_althold.cpp
[1335/1350] Compiling ArduCopter/baro_ground_effect.cpp
[1336/1350] Compiling ArduCopter/events.cpp
[1337/1350] Compiling ArduCopter/takeoff_check.cpp
[1338/1350] Compiling ArduCopter/precision_landing.cpp
[1339/1350] Compiling ArduCopter/avoidance_adsb.cpp
[1340/1350] Compiling ArduCopter/mode_guided_nogps.cpp
[1341/1350] Compiling ArduCopter/mode_flowhold.cpp
[1342/1350] Compiling ArduCopter/mode_brake.cpp
[1343/1350] Compiling ArduCopter/mode_autorotate.cpp
[1344/1350] Compiling ArduCopter/mode_flip.cpp
[1345/1350] Compiling ArduCopter/mode_sport.cpp
[1346/1350] Compiling ArduCopter/Copter.cpp
[1347/1350] Compiling ArduCopter/avoidance.cpp
[1348/1350] Compiling ArduCopter/sensors.cpp
[1349/1350] Linking /tmp/rift-ardupilot-clang/build/sitl/bin/arducopter
[1350/1350] checking symbols /tmp/rift-ardupilot-clang/build/sitl/bin/arducopter
Waf: Leaving directory `/tmp/rift-ardupilot-clang/build/sitl'

BUILD SUMMARY
Build directory: /tmp/rift-ardupilot-clang/build/sitl
Target          Text (B)  Data (B)  BSS (B)  Total Flash Used (B)  Free Flash (B)  External Flash Used (B)
----------------------------------------------------------------------------------------------------------
bin/arducopter   4510907    215510   246688               4726417  Not Applicable  Not Applicable         

'copter' finished successfully (2m2.449s)
