url,probe_target,reachable,verification,detail,occurrence_count,occurrences
https://dicom.nema.org/medical/dicom/current/output/chtml/part08/chapter_9.html,https://dicom.nema.org/medical/dicom/current/output/chtml/part08/chapter_9.html,True,TLS_VERIFIED,HTTP 206,2,"[{""file"": ""_staging/transport_security_protocols/dicom/evidence.json"", ""json_pointer"": ""$.standards[0].url"", ""field"": ""url""}, {""file"": ""protocols/dicom/evidence_manifest.json"", ""json_pointer"": ""$.screening_records[0].record.standards[0].url"", ""field"": ""url""}]"
https://dicom.nema.org/medical/dicom/current/output/chtml/part08/chapter_9.html#sect_9.1.5,https://dicom.nema.org/medical/dicom/current/output/chtml/part08/chapter_9.html,True,TLS_VERIFIED,HTTP 206,4,"[{""file"": ""_staging/transport_security_protocols/dicom/proposals.json"", ""json_pointer"": ""$[0].standard_url"", ""field"": ""standard_url""}, {""file"": ""protocols/all_protocol_properties.json"", ""json_pointer"": ""$[61].standard_url"", ""field"": ""standard_url""}, {""file"": ""protocols/evidence_manifest.json"", ""json_pointer"": ""$.sources[61].standard_url"", ""field"": ""standard_url""}, {""file"": ""protocols/dicom/evidence_manifest.json"", ""json_pointer"": ""$.admitted_property_sources[0].standard_url"", ""field"": ""standard_url""}]"
https://docs.oasis-open.org/mqtt/mqtt/v5.0/mqtt-v5.0.html,https://docs.oasis-open.org/mqtt/mqtt/v5.0/mqtt-v5.0.html,True,TLS_VERIFIED,HTTP 200,2,"[{""file"": ""_staging/ietf_app_protocols/mqtt/evidence.json"", ""json_pointer"": ""$.standard.html_url"", ""field"": ""html_url""}, {""file"": ""protocols/mqtt/evidence_manifest.json"", ""json_pointer"": ""$.screening_records[0].record.standard.html_url"", ""field"": ""html_url""}]"
https://docs.oasis-open.org/mqtt/mqtt/v5.0/mqtt-v5.0.html#_Keep_Alive_1,https://docs.oasis-open.org/mqtt/mqtt/v5.0/mqtt-v5.0.html,True,TLS_VERIFIED,HTTP 200,8,"[{""file"": ""_staging/ietf_app_protocols/mqtt/proposals.json"", ""json_pointer"": ""$[0].standard_url"", ""field"": ""standard_url""}, {""file"": ""_staging/ietf_app_protocols/mqtt/proposals.json"", ""json_pointer"": ""$[1].standard_url"", ""field"": ""standard_url""}, {""file"": ""protocols/all_protocol_properties.json"", ""json_pointer"": ""$[7].standard_url"", ""field"": ""standard_url""}, {""file"": ""protocols/all_protocol_properties.json"", ""json_pointer"": ""$[8].standard_url"", ""field"": ""standard_url""}, {""file"": ""protocols/evidence_manifest.json"", ""json_pointer"": ""$.sources[7].standard_url"", ""field"": ""standard_url""}, {""file"": ""protocols/evidence_manifest.json"", ""json_pointer"": ""$.sources[8].standard_url"", ""field"": ""standard_url""}, {""file"": ""protocols/mqtt/evidence_manifest.json"", ""json_pointer"": ""$.admitted_property_sources[0].standard_url"", ""field"": ""standard_url""}, {""file"": ""protocols/mqtt/evidence_manifest.json"", ""json_pointer"": ""$.admitted_property_sources[1].standard_url"", ""field"": ""standard_url""}]"
https://docs.oasis-open.org/mqtt/mqtt/v5.0/mqtt-v5.0.html#_Message_delivery_retry,https://docs.oasis-open.org/mqtt/mqtt/v5.0/mqtt-v5.0.html,True,TLS_VERIFIED,HTTP 200,4,"[{""file"": ""_staging/ietf_app_protocols/mqtt/proposals.json"", ""json_pointer"": ""$[2].standard_url"", ""field"": ""standard_url""}, {""file"": ""protocols/all_protocol_properties.json"", ""json_pointer"": ""$[9].standard_url"", ""field"": ""standard_url""}, {""file"": ""protocols/evidence_manifest.json"", ""json_pointer"": ""$.sources[9].standard_url"", ""field"": ""standard_url""}, {""file"": ""protocols/mqtt/evidence_manifest.json"", ""json_pointer"": ""$.admitted_property_sources[2].standard_url"", ""field"": ""standard_url""}]"
https://doi.org/10.1145/3580598,https://doi.org/10.1145/3580598,True,DOI_REGISTERED_RESOLVER_BLOCKED,doi.org automated request was blocked; Crossref registry confirmed 10.1145/3580598,2,"[{""file"": ""evidence_manifest.yaml"", ""json_pointer"": ""$.sources[8].url"", ""field"": ""url""}, {""file"": ""protocols/sip/evidence_manifest.json"", ""json_pointer"": ""$.screening_records[0].record.sources[8].url"", ""field"": ""url""}]"
https://github.com/DCMTK/dcmtk/blob/7f8564cf11e5531689dd329523fb16023aeda3ed/dcmnet/apps/storescp.cc#L165-L175,https://github.com/DCMTK/dcmtk/blob/7f8564cf11e5531689dd329523fb16023aeda3ed/dcmnet/apps/storescp.cc,True,TLS_VERIFIED,HTTP 206,5,"[{""file"": ""_staging/transport_security_protocols/dicom/proposals.json"", ""json_pointer"": ""$[0].profile_source_url"", ""field"": ""profile_source_url""}, {""file"": ""_staging/transport_security_protocols/misc_mapping_overrides/audit_overrides.json"", ""json_pointer"": ""$.overrides[1].auxiliary_source_mappings[0].legacy_exact_url"", ""field"": ""legacy_exact_url""}, {""file"": ""protocols/all_protocol_properties.json"", ""json_pointer"": ""$[61].auxiliary_source_mappings[0].legacy_exact_url"", ""field"": ""legacy_exact_url""}, {""file"": ""protocols/evidence_manifest.json"", ""json_pointer"": ""$.sources[61].auxiliary_source_mappings[0].legacy_exact_url"", ""field"": ""legacy_exact_url""}, {""file"": ""protocols/dicom/evidence_manifest.json"", ""json_pointer"": ""$.admitted_property_sources[0].auxiliary_source_mappings[0].legacy_exact_url"", ""field"": ""legacy_exact_url""}]"
https://github.com/DCMTK/dcmtk/blob/7f8564cf11e5531689dd329523fb16023aeda3ed/dcmnet/apps/storescp.cc#L173,https://github.com/DCMTK/dcmtk/blob/7f8564cf11e5531689dd329523fb16023aeda3ed/dcmnet/apps/storescp.cc,True,TLS_VERIFIED,HTTP 206,5,"[{""file"": ""_staging/transport_security_protocols/misc_mapping_overrides/audit_overrides.json"", ""json_pointer"": ""$.overrides[1].auxiliary_source_mappings[0].url"", ""field"": ""url""}, {""file"": ""protocols/all_protocol_properties.json"", ""json_pointer"": ""$[61].auxiliary_source_mappings[0].url"", ""field"": ""url""}, {""file"": ""protocols/all_protocol_properties.json"", ""json_pointer"": ""$[61].auxiliary_source_verification[0].url"", ""field"": ""url""}, {""file"": ""protocols/evidence_manifest.json"", ""json_pointer"": ""$.sources[61].auxiliary_source_mappings[0].url"", ""field"": ""url""}, {""file"": ""protocols/dicom/evidence_manifest.json"", ""json_pointer"": ""$.admitted_property_sources[0].auxiliary_source_mappings[0].url"", ""field"": ""url""}]"
https://github.com/DCMTK/dcmtk/blob/7f8564cf11e5531689dd329523fb16023aeda3ed/dcmnet/apps/storescp.cc#L928-L940,https://github.com/DCMTK/dcmtk/blob/7f8564cf11e5531689dd329523fb16023aeda3ed/dcmnet/apps/storescp.cc,True,TLS_VERIFIED,HTTP 206,6,"[{""file"": ""_staging/transport_security_protocols/dicom/proposals.json"", ""json_pointer"": ""$[0].profile_use_source_url"", ""field"": ""profile_use_source_url""}, {""file"": ""_staging/transport_security_protocols/misc_mapping_overrides/audit_overrides.json"", ""json_pointer"": ""$.overrides[1].auxiliary_source_mappings[1].url"", ""field"": ""url""}, {""file"": ""protocols/all_protocol_properties.json"", ""json_pointer"": ""$[61].auxiliary_source_mappings[1].url"", ""field"": ""url""}, {""file"": ""protocols/all_protocol_properties.json"", ""json_pointer"": ""$[61].auxiliary_source_verification[1].url"", ""field"": ""url""}, {""file"": ""protocols/evidence_manifest.json"", ""json_pointer"": ""$.sources[61].auxiliary_source_mappings[1].url"", ""field"": ""url""}, {""file"": ""protocols/dicom/evidence_manifest.json"", ""json_pointer"": ""$.admitted_property_sources[0].auxiliary_source_mappings[1].url"", ""field"": ""url""}]"
https://github.com/DCMTK/dcmtk/blob/7f8564cf11e5531689dd329523fb16023aeda3ed/dcmnet/libsrc/dul.cc#L687-L707,https://github.com/DCMTK/dcmtk/blob/7f8564cf11e5531689dd329523fb16023aeda3ed/dcmnet/libsrc/dul.cc,True,TLS_VERIFIED,HTTP 206,4,"[{""file"": ""_staging/transport_security_protocols/dicom/proposals.json"", ""json_pointer"": ""$[0].source_url"", ""field"": ""source_url""}, {""file"": ""protocols/all_protocol_properties.json"", ""json_pointer"": ""$[61].source_url"", ""field"": ""source_url""}, {""file"": ""protocols/evidence_manifest.json"", ""json_pointer"": ""$.sources[61].source_url"", ""field"": ""source_url""}, {""file"": ""protocols/dicom/evidence_manifest.json"", ""json_pointer"": ""$.admitted_property_sources[0].source_url"", ""field"": ""source_url""}]"
https://github.com/DCMTK/dcmtk/blob/7f8564cf11e5531689dd329523fb16023aeda3ed/dcmnet/libsrc/dulfsm.cc#L1096-L1127,https://github.com/DCMTK/dcmtk/blob/7f8564cf11e5531689dd329523fb16023aeda3ed/dcmnet/libsrc/dulfsm.cc,True,TLS_VERIFIED,HTTP 206,5,"[{""file"": ""_staging/transport_security_protocols/dicom/proposals.json"", ""json_pointer"": ""$[0].fsm_action_source_url"", ""field"": ""fsm_action_source_url""}, {""file"": ""_staging/transport_security_protocols/misc_mapping_overrides/audit_overrides.json"", ""json_pointer"": ""$.overrides[1].auxiliary_source_mappings[2].legacy_exact_url"", ""field"": ""legacy_exact_url""}, {""file"": ""protocols/all_protocol_properties.json"", ""json_pointer"": ""$[61].auxiliary_source_mappings[2].legacy_exact_url"", ""field"": ""legacy_exact_url""}, {""file"": ""protocols/evidence_manifest.json"", ""json_pointer"": ""$.sources[61].auxiliary_source_mappings[2].legacy_exact_url"", ""field"": ""legacy_exact_url""}, {""file"": ""protocols/dicom/evidence_manifest.json"", ""json_pointer"": ""$.admitted_property_sources[0].auxiliary_source_mappings[2].legacy_exact_url"", ""field"": ""legacy_exact_url""}]"
https://github.com/DCMTK/dcmtk/blob/7f8564cf11e5531689dd329523fb16023aeda3ed/dcmnet/libsrc/dulfsm.cc#L1118-L1127,https://github.com/DCMTK/dcmtk/blob/7f8564cf11e5531689dd329523fb16023aeda3ed/dcmnet/libsrc/dulfsm.cc,True,TLS_VERIFIED,HTTP 206,5,"[{""file"": ""_staging/transport_security_protocols/misc_mapping_overrides/audit_overrides.json"", ""json_pointer"": ""$.overrides[1].auxiliary_source_mappings[2].url"", ""field"": ""url""}, {""file"": ""protocols/all_protocol_properties.json"", ""json_pointer"": ""$[61].auxiliary_source_mappings[2].url"", ""field"": ""url""}, {""file"": ""protocols/all_protocol_properties.json"", ""json_pointer"": ""$[61].auxiliary_source_verification[2].url"", ""field"": ""url""}, {""file"": ""protocols/evidence_manifest.json"", ""json_pointer"": ""$.sources[61].auxiliary_source_mappings[2].url"", ""field"": ""url""}, {""file"": ""protocols/dicom/evidence_manifest.json"", ""json_pointer"": ""$.admitted_property_sources[0].auxiliary_source_mappings[2].url"", ""field"": ""url""}]"
https://github.com/DCMTK/dcmtk/tree/7f8564cf11e5531689dd329523fb16023aeda3ed,https://github.com/DCMTK/dcmtk/tree/7f8564cf11e5531689dd329523fb16023aeda3ed,True,TLS_VERIFIED,HTTP 206,2,"[{""file"": ""_staging/transport_security_protocols/dicom/evidence.json"", ""json_pointer"": ""$.sources[0].url"", ""field"": ""url""}, {""file"": ""protocols/dicom/evidence_manifest.json"", ""json_pointer"": ""$.screening_records[0].record.sources[0].url"", ""field"": ""url""}]"
https://github.com/DoubangoTelecom/doubango/blob/7604ae6761534d2efdc862bc9961623abc98b9a5/tinySIP/src/transactions/tsip_transac_ict.c#L234,https://github.com/DoubangoTelecom/doubango/blob/7604ae6761534d2efdc862bc9961623abc98b9a5/tinySIP/src/transactions/tsip_transac_ict.c,True,TLS_VERIFIED,HTTP 206,5,"[{""file"": ""_staging/root_sip_extensions/sip/audit_overrides.json"", ""json_pointer"": ""$.overrides[25].auxiliary_source_mappings[0].url"", ""field"": ""url""}, {""file"": ""protocols/all_protocol_properties.json"", ""json_pointer"": ""$[60].auxiliary_source_mappings[0].url"", ""field"": ""url""}, {""file"": ""protocols/all_protocol_properties.json"", ""json_pointer"": ""$[60].auxiliary_source_verification[0].url"", ""field"": ""url""}, {""file"": ""protocols/evidence_manifest.json"", ""json_pointer"": ""$.sources[60].auxiliary_source_mappings[0].url"", ""field"": ""url""}, {""file"": ""protocols/sip/evidence_manifest.json"", ""json_pointer"": ""$.admitted_property_sources[22].auxiliary_source_mappings[0].url"", ""field"": ""url""}]"
https://github.com/DoubangoTelecom/doubango/blob/7604ae6761534d2efdc862bc9961623abc98b9a5/tinySIP/src/transactions/tsip_transac_ict.c#L619-L645,https://github.com/DoubangoTelecom/doubango/blob/7604ae6761534d2efdc862bc9961623abc98b9a5/tinySIP/src/transactions/tsip_transac_ict.c,True,TLS_VERIFIED,HTTP 206,1,"[{""file"": ""_staging/root_sip_extensions/sip/proposals.json"", ""json_pointer"": ""$[5].source_url"", ""field"": ""source_url""}]"
https://github.com/DoubangoTelecom/doubango/blob/7604ae6761534d2efdc862bc9961623abc98b9a5/tinySIP/src/transactions/tsip_transac_ict.c#L621,https://github.com/DoubangoTelecom/doubango/blob/7604ae6761534d2efdc862bc9961623abc98b9a5/tinySIP/src/transactions/tsip_transac_ict.c,True,TLS_VERIFIED,HTTP 206,4,"[{""file"": ""_staging/root_sip_extensions/sip/audit_overrides.json"", ""json_pointer"": ""$.overrides[25].source_url"", ""field"": ""source_url""}, {""file"": ""protocols/all_protocol_properties.json"", ""json_pointer"": ""$[60].source_url"", ""field"": ""source_url""}, {""file"": ""protocols/evidence_manifest.json"", ""json_pointer"": ""$.sources[60].source_url"", ""field"": ""source_url""}, {""file"": ""protocols/sip/evidence_manifest.json"", ""json_pointer"": ""$.admitted_property_sources[22].source_url"", ""field"": ""source_url""}]"
https://github.com/DoubangoTelecom/doubango/blob/7604ae6761534d2efdc862bc9961623abc98b9a5/tinySIP/src/transactions/tsip_transac_ict.c#L701,https://github.com/DoubangoTelecom/doubango/blob/7604ae6761534d2efdc862bc9961623abc98b9a5/tinySIP/src/transactions/tsip_transac_ict.c,True,TLS_VERIFIED,HTTP 206,5,"[{""file"": ""_staging/root_sip_extensions/sip/audit_overrides.json"", ""json_pointer"": ""$.overrides[25].auxiliary_source_mappings[1].url"", ""field"": ""url""}, {""file"": ""protocols/all_protocol_properties.json"", ""json_pointer"": ""$[60].auxiliary_source_mappings[1].url"", ""field"": ""url""}, {""file"": ""protocols/all_protocol_properties.json"", ""json_pointer"": ""$[60].auxiliary_source_verification[1].url"", ""field"": ""url""}, {""file"": ""protocols/evidence_manifest.json"", ""json_pointer"": ""$.sources[60].auxiliary_source_mappings[1].url"", ""field"": ""url""}, {""file"": ""protocols/sip/evidence_manifest.json"", ""json_pointer"": ""$.admitted_property_sources[22].auxiliary_source_mappings[1].url"", ""field"": ""url""}]"
https://github.com/DoubangoTelecom/doubango/blob/7604ae6761534d2efdc862bc9961623abc98b9a5/tinySIP/src/transactions/tsip_transac_ict.c#L712,https://github.com/DoubangoTelecom/doubango/blob/7604ae6761534d2efdc862bc9961623abc98b9a5/tinySIP/src/transactions/tsip_transac_ict.c,True,TLS_VERIFIED,HTTP 206,5,"[{""file"": ""_staging/root_sip_extensions/sip/audit_overrides.json"", ""json_pointer"": ""$.overrides[25].auxiliary_source_mappings[2].url"", ""field"": ""url""}, {""file"": ""protocols/all_protocol_properties.json"", ""json_pointer"": ""$[60].auxiliary_source_mappings[2].url"", ""field"": ""url""}, {""file"": ""protocols/all_protocol_properties.json"", ""json_pointer"": ""$[60].auxiliary_source_verification[2].url"", ""field"": ""url""}, {""file"": ""protocols/evidence_manifest.json"", ""json_pointer"": ""$.sources[60].auxiliary_source_mappings[2].url"", ""field"": ""url""}, {""file"": ""protocols/sip/evidence_manifest.json"", ""json_pointer"": ""$.admitted_property_sources[22].auxiliary_source_mappings[2].url"", ""field"": ""url""}]"
https://github.com/DoubangoTelecom/doubango/blob/7604ae6761534d2efdc862bc9961623abc98b9a5/tinySIP/src/transactions/tsip_transac_ict.c#L837,https://github.com/DoubangoTelecom/doubango/blob/7604ae6761534d2efdc862bc9961623abc98b9a5/tinySIP/src/transactions/tsip_transac_ict.c,True,TLS_VERIFIED,HTTP 206,5,"[{""file"": ""_staging/root_sip_extensions/sip/audit_overrides.json"", ""json_pointer"": ""$.overrides[25].auxiliary_source_mappings[3].url"", ""field"": ""url""}, {""file"": ""protocols/all_protocol_properties.json"", ""json_pointer"": ""$[60].auxiliary_source_mappings[3].url"", ""field"": ""url""}, {""file"": ""protocols/all_protocol_properties.json"", ""json_pointer"": ""$[60].auxiliary_source_verification[3].url"", ""field"": ""url""}, {""file"": ""protocols/evidence_manifest.json"", ""json_pointer"": ""$.sources[60].auxiliary_source_mappings[3].url"", ""field"": ""url""}, {""file"": ""protocols/sip/evidence_manifest.json"", ""json_pointer"": ""$.admitted_property_sources[22].auxiliary_source_mappings[3].url"", ""field"": ""url""}]"
https://github.com/DoubangoTelecom/doubango/blob/7604ae6761534d2efdc862bc9961623abc98b9a5/tinySIP/src/transactions/tsip_transac_ist.c#L233,https://github.com/DoubangoTelecom/doubango/blob/7604ae6761534d2efdc862bc9961623abc98b9a5/tinySIP/src/transactions/tsip_transac_ist.c,True,TLS_VERIFIED,HTTP 206,20,"[{""file"": ""_staging/root_sip_extensions/sip/audit_overrides.json"", ""json_pointer"": ""$.overrides[20].auxiliary_source_mappings[0].url"", ""field"": ""url""}, {""file"": ""_staging/root_sip_extensions/sip/audit_overrides.json"", ""json_pointer"": ""$.overrides[21].auxiliary_source_mappings[0].url"", ""field"": ""url""}, {""file"": ""_staging/root_sip_extensions/sip/audit_overrides.json"", ""json_pointer"": ""$.overrides[22].auxiliary_source_mappings[0].url"", ""field"": ""url""}, {""file"": ""_staging/root_sip_extensions/sip/audit_overrides.json"", ""json_pointer"": ""$.overrides[24].auxiliary_source_mappings[0].url"", ""field"": ""url""}, {""file"": ""protocols/all_protocol_properties.json"", ""json_pointer"": ""$[55].auxiliary_source_mappings[0].url"", ""field"": ""url""}, {""file"": ""protocols/all_protocol_properties.json"", ""json_pointer"": ""$[55].auxiliary_source_verification[0].url"", ""field"": ""url""}, {""file"": ""protocols/all_protocol_properties.json"", ""json_pointer"": ""$[56].auxiliary_source_mappings[0].url"", ""field"": ""url""}, {""file"": ""protocols/all_protocol_properties.json"", ""json_pointer"": ""$[56].auxiliary_source_verification[0].url"", ""field"": ""url""}, {""file"": ""protocols/all_protocol_properties.json"", ""json_pointer"": ""$[57].auxiliary_source_mappings[0].url"", ""field"": ""url""}, {""file"": ""protocols/all_protocol_properties.json"", ""json_pointer"": ""$[57].auxiliary_source_verification[0].url"", ""field"": ""url""}, {""file"": ""protocols/all_protocol_properties.json"", ""json_pointer"": ""$[59].auxiliary_source_mappings[0].url"", ""field"": ""url""}, {""file"": ""protocols/all_protocol_properties.json"", ""json_pointer"": ""$[59].auxiliary_source_verification[0].url"", ""field"": ""url""}, {""file"": ""protocols/evidence_manifest.json"", ""json_pointer"": ""$.sources[55].auxiliary_source_mappings[0].url"", ""field"": ""url""}, {""file"": ""protocols/evidence_manifest.json"", ""json_pointer"": ""$.sources[56].auxiliary_source_mappings[0].url"", ""field"": ""url""}, {""file"": ""protocols/evidence_manifest.json"", ""json_pointer"": ""$.sources[57].auxiliary_source_mappings[0].url"", ""field"": ""url""}, {""file"": ""protocols/evidence_manifest.json"", ""json_pointer"": ""$.sources[59].auxiliary_source_mappings[0].url"", ""field"": ""url""}, {""file"": ""protocols/sip/evidence_manifest.json"", ""json_pointer"": ""$.admitted_property_sources[17].auxiliary_source_mappings[0].url"", ""field"": ""url""}, {""file"": ""protocols/sip/evidence_manifest.json"", ""json_pointer"": ""$.admitted_property_sources[18].auxiliary_source_mappings[0].url"", ""field"": ""url""}, {""file"": ""protocols/sip/evidence_manifest.json"", ""json_pointer"": ""$.admitted_property_sources[19].auxiliary_source_mappings[0].url"", ""field"": ""url""}, {""file"": ""protocols/sip/evidence_manifest.json"", ""json_pointer"": ""$.admitted_property_sources[21].auxiliary_source_mappings[0].url"", ""field"": ""url""}]"
https://github.com/DoubangoTelecom/doubango/blob/7604ae6761534d2efdc862bc9961623abc98b9a5/tinySIP/src/transactions/tsip_transac_ist.c#L470-L509,https://github.com/DoubangoTelecom/doubango/blob/7604ae6761534d2efdc862bc9961623abc98b9a5/tinySIP/src/transactions/tsip_transac_ist.c,True,TLS_VERIFIED,HTTP 206,2,"[{""file"": ""_staging/root_sip_extensions/sip/proposals.json"", ""json_pointer"": ""$[0].source_url"", ""field"": ""source_url""}, {""file"": ""_staging/root_sip_extensions/sip/proposals.json"", ""json_pointer"": ""$[4].source_url"", ""field"": ""source_url""}]"
https://github.com/DoubangoTelecom/doubango/blob/7604ae6761534d2efdc862bc9961623abc98b9a5/tinySIP/src/transactions/tsip_transac_ist.c#L472,https://github.com/DoubangoTelecom/doubango/blob/7604ae6761534d2efdc862bc9961623abc98b9a5/tinySIP/src/transactions/tsip_transac_ist.c,True,TLS_VERIFIED,HTTP 206,18,"[{""file"": ""_staging/root_sip_extensions/sip/audit_overrides.json"", ""json_pointer"": ""$.overrides[20].source_url"", ""field"": ""source_url""}, {""file"": ""_staging/root_sip_extensions/sip/audit_overrides.json"", ""json_pointer"": ""$.overrides[21].auxiliary_source_mappings[1].url"", ""field"": ""url""}, {""file"": ""_staging/root_sip_extensions/sip/audit_overrides.json"", ""json_pointer"": ""$.overrides[22].auxiliary_source_mappings[1].url"", ""field"": ""url""}, {""file"": ""_staging/root_sip_extensions/sip/audit_overrides.json"", ""json_pointer"": ""$.overrides[24].source_url"", ""field"": ""source_url""}, {""file"": ""protocols/all_protocol_properties.json"", ""json_pointer"": ""$[55].source_url"", ""field"": ""source_url""}, {""file"": ""protocols/all_protocol_properties.json"", ""json_pointer"": ""$[56].auxiliary_source_mappings[1].url"", ""field"": ""url""}, {""file"": ""protocols/all_protocol_properties.json"", ""json_pointer"": ""$[56].auxiliary_source_verification[1].url"", ""field"": ""url""}, {""file"": ""protocols/all_protocol_properties.json"", ""json_pointer"": ""$[57].auxiliary_source_mappings[1].url"", ""field"": ""url""}, {""file"": ""protocols/all_protocol_properties.json"", ""json_pointer"": ""$[57].auxiliary_source_verification[1].url"", ""field"": ""url""}, {""file"": ""protocols/all_protocol_properties.json"", ""json_pointer"": ""$[59].source_url"", ""field"": ""source_url""}, {""file"": ""protocols/evidence_manifest.json"", ""json_pointer"": ""$.sources[55].source_url"", ""field"": ""source_url""}, {""file"": ""protocols/evidence_manifest.json"", ""json_pointer"": ""$.sources[56].auxiliary_source_mappings[1].url"", ""field"": ""url""}, {""file"": ""protocols/evidence_manifest.json"", ""json_pointer"": ""$.sources[57].auxiliary_source_mappings[1].url"", ""field"": ""url""}, {""file"": ""protocols/evidence_manifest.json"", ""json_pointer"": ""$.sources[59].source_url"", ""field"": ""source_url""}, {""file"": ""protocols/sip/evidence_manifest.json"", ""json_pointer"": ""$.admitted_property_sources[17].source_url"", ""field"": ""source_url""}, {""file"": ""protocols/sip/evidence_manifest.json"", ""json_pointer"": ""$.admitted_property_sources[18].auxiliary_source_mappings[1].url"", ""field"": ""url""}, {""file"": ""protocols/sip/evidence_manifest.json"", ""json_pointer"": ""$.admitted_property_sources[19].auxiliary_source_mappings[1].url"", ""field"": ""url""}, {""file"": ""protocols/sip/evidence_manifest.json"", ""json_pointer"": ""$.admitted_property_sources[21].source_url"", ""field"": ""source_url""}]"
https://github.com/DoubangoTelecom/doubango/blob/7604ae6761534d2efdc862bc9961623abc98b9a5/tinySIP/src/transactions/tsip_transac_ist.c#L646-L657,https://github.com/DoubangoTelecom/doubango/blob/7604ae6761534d2efdc862bc9961623abc98b9a5/tinySIP/src/transactions/tsip_transac_ist.c,True,TLS_VERIFIED,HTTP 206,2,"[{""file"": ""_staging/root_sip_extensions/sip/proposals.json"", ""json_pointer"": ""$[1].source_url"", ""field"": ""source_url""}, {""file"": ""_staging/root_sip_extensions/sip/proposals.json"", ""json_pointer"": ""$[2].source_url"", ""field"": ""source_url""}]"
https://github.com/DoubangoTelecom/doubango/blob/7604ae6761534d2efdc862bc9961623abc98b9a5/tinySIP/src/transactions/tsip_transac_ist.c#L646-L670,https://github.com/DoubangoTelecom/doubango/blob/7604ae6761534d2efdc862bc9961623abc98b9a5/tinySIP/src/transactions/tsip_transac_ist.c,True,TLS_VERIFIED,HTTP 206,1,"[{""file"": ""_staging/root_sip_extensions/sip/proposals.json"", ""json_pointer"": ""$[3].source_url"", ""field"": ""source_url""}]"
https://github.com/DoubangoTelecom/doubango/blob/7604ae6761534d2efdc862bc9961623abc98b9a5/tinySIP/src/transactions/tsip_transac_ist.c#L649,https://github.com/DoubangoTelecom/doubango/blob/7604ae6761534d2efdc862bc9961623abc98b9a5/tinySIP/src/transactions/tsip_transac_ist.c,True,TLS_VERIFIED,HTTP 206,18,"[{""file"": ""_staging/root_sip_extensions/sip/audit_overrides.json"", ""json_pointer"": ""$.overrides[20].auxiliary_source_mappings[1].url"", ""field"": ""url""}, {""file"": ""_staging/root_sip_extensions/sip/audit_overrides.json"", ""json_pointer"": ""$.overrides[21].source_url"", ""field"": ""source_url""}, {""file"": ""_staging/root_sip_extensions/sip/audit_overrides.json"", ""json_pointer"": ""$.overrides[22].source_url"", ""field"": ""source_url""}, {""file"": ""_staging/root_sip_extensions/sip/audit_overrides.json"", ""json_pointer"": ""$.overrides[23].auxiliary_source_mappings[0].url"", ""field"": ""url""}, {""file"": ""protocols/all_protocol_properties.json"", ""json_pointer"": ""$[55].auxiliary_source_mappings[1].url"", ""field"": ""url""}, {""file"": ""protocols/all_protocol_properties.json"", ""json_pointer"": ""$[55].auxiliary_source_verification[1].url"", ""field"": ""url""}, {""file"": ""protocols/all_protocol_properties.json"", ""json_pointer"": ""$[56].source_url"", ""field"": ""source_url""}, {""file"": ""protocols/all_protocol_properties.json"", ""json_pointer"": ""$[57].source_url"", ""field"": ""source_url""}, {""file"": ""protocols/all_protocol_properties.json"", ""json_pointer"": ""$[58].auxiliary_source_mappings[0].url"", ""field"": ""url""}, {""file"": ""protocols/all_protocol_properties.json"", ""json_pointer"": ""$[58].auxiliary_source_verification[0].url"", ""field"": ""url""}, {""file"": ""protocols/evidence_manifest.json"", ""json_pointer"": ""$.sources[55].auxiliary_source_mappings[1].url"", ""field"": ""url""}, {""file"": ""protocols/evidence_manifest.json"", ""json_pointer"": ""$.sources[56].source_url"", ""field"": ""source_url""}, {""file"": ""protocols/evidence_manifest.json"", ""json_pointer"": ""$.sources[57].source_url"", ""field"": ""source_url""}, {""file"": ""protocols/evidence_manifest.json"", ""json_pointer"": ""$.sources[58].auxiliary_source_mappings[0].url"", ""field"": ""url""}, {""file"": ""protocols/sip/evidence_manifest.json"", ""json_pointer"": ""$.admitted_property_sources[17].auxiliary_source_mappings[1].url"", ""field"": ""url""}, {""file"": ""protocols/sip/evidence_manifest.json"", ""json_pointer"": ""$.admitted_property_sources[18].source_url"", ""field"": ""source_url""}, {""file"": ""protocols/sip/evidence_manifest.json"", ""json_pointer"": ""$.admitted_property_sources[19].source_url"", ""field"": ""source_url""}, {""file"": ""protocols/sip/evidence_manifest.json"", ""json_pointer"": ""$.admitted_property_sources[20].auxiliary_source_mappings[0].url"", ""field"": ""url""}]"
https://github.com/DoubangoTelecom/doubango/blob/7604ae6761534d2efdc862bc9961623abc98b9a5/tinySIP/src/transactions/tsip_transac_ist.c#L664,https://github.com/DoubangoTelecom/doubango/blob/7604ae6761534d2efdc862bc9961623abc98b9a5/tinySIP/src/transactions/tsip_transac_ist.c,True,TLS_VERIFIED,HTTP 206,19,"[{""file"": ""_staging/root_sip_extensions/sip/audit_overrides.json"", ""json_pointer"": ""$.overrides[20].auxiliary_source_mappings[2].url"", ""field"": ""url""}, {""file"": ""_staging/root_sip_extensions/sip/audit_overrides.json"", ""json_pointer"": ""$.overrides[21].auxiliary_source_mappings[2].url"", ""field"": ""url""}, {""file"": ""_staging/root_sip_extensions/sip/audit_overrides.json"", ""json_pointer"": ""$.overrides[22].auxiliary_source_mappings[2].url"", ""field"": ""url""}, {""file"": ""_staging/root_sip_extensions/sip/audit_overrides.json"", ""json_pointer"": ""$.overrides[23].source_url"", ""field"": ""source_url""}, {""file"": ""protocols/all_protocol_properties.json"", ""json_pointer"": ""$[55].auxiliary_source_mappings[2].url"", ""field"": ""url""}, {""file"": ""protocols/all_protocol_properties.json"", ""json_pointer"": ""$[55].auxiliary_source_verification[2].url"", ""field"": ""url""}, {""file"": ""protocols/all_protocol_properties.json"", ""json_pointer"": ""$[56].auxiliary_source_mappings[2].url"", ""field"": ""url""}, {""file"": ""protocols/all_protocol_properties.json"", ""json_pointer"": ""$[56].auxiliary_source_verification[2].url"", ""field"": ""url""}, {""file"": ""protocols/all_protocol_properties.json"", ""json_pointer"": ""$[57].auxiliary_source_mappings[2].url"", ""field"": ""url""}, {""file"": ""protocols/all_protocol_properties.json"", ""json_pointer"": ""$[57].auxiliary_source_verification[2].url"", ""field"": ""url""}, {""file"": ""protocols/all_protocol_properties.json"", ""json_pointer"": ""$[58].source_url"", ""field"": ""source_url""}, {""file"": ""protocols/evidence_manifest.json"", ""json_pointer"": ""$.sources[55].auxiliary_source_mappings[2].url"", ""field"": ""url""}, {""file"": ""protocols/evidence_manifest.json"", ""json_pointer"": ""$.sources[56].auxiliary_source_mappings[2].url"", ""field"": ""url""}, {""file"": ""protocols/evidence_manifest.json"", ""json_pointer"": ""$.sources[57].auxiliary_source_mappings[2].url"", ""field"": ""url""}, {""file"": ""protocols/evidence_manifest.json"", ""json_pointer"": ""$.sources[58].source_url"", ""field"": ""source_url""}, {""file"": ""protocols/sip/evidence_manifest.json"", ""json_pointer"": ""$.admitted_property_sources[17].auxiliary_source_mappings[2].url"", ""field"": ""url""}, {""file"": ""protocols/sip/evidence_manifest.json"", ""json_pointer"": ""$.admitted_property_sources[18].auxiliary_source_mappings[2].url"", ""field"": ""url""}, {""file"": ""protocols/sip/evidence_manifest.json"", ""json_pointer"": ""$.admitted_property_sources[19].auxiliary_source_mappings[2].url"", ""field"": ""url""}, {""file"": ""protocols/sip/evidence_manifest.json"", ""json_pointer"": ""$.admitted_property_sources[20].source_url"", ""field"": ""source_url""}]"
https://github.com/DoubangoTelecom/doubango/blob/7604ae6761534d2efdc862bc9961623abc98b9a5/tinySIP/src/transactions/tsip_transac_ist.c#L675,https://github.com/DoubangoTelecom/doubango/blob/7604ae6761534d2efdc862bc9961623abc98b9a5/tinySIP/src/transactions/tsip_transac_ist.c,True,TLS_VERIFIED,HTTP 206,10,"[{""file"": ""_staging/root_sip_extensions/sip/audit_overrides.json"", ""json_pointer"": ""$.overrides[23].auxiliary_source_mappings[1].url"", ""field"": ""url""}, {""file"": ""_staging/root_sip_extensions/sip/audit_overrides.json"", ""json_pointer"": ""$.overrides[24].auxiliary_source_mappings[1].url"", ""field"": ""url""}, {""file"": ""protocols/all_protocol_properties.json"", ""json_pointer"": ""$[58].auxiliary_source_mappings[1].url"", ""field"": ""url""}, {""file"": ""protocols/all_protocol_properties.json"", ""json_pointer"": ""$[58].auxiliary_source_verification[1].url"", ""field"": ""url""}, {""file"": ""protocols/all_protocol_properties.json"", ""json_pointer"": ""$[59].auxiliary_source_mappings[1].url"", ""field"": ""url""}, {""file"": ""protocols/all_protocol_properties.json"", ""json_pointer"": ""$[59].auxiliary_source_verification[1].url"", ""field"": ""url""}, {""file"": ""protocols/evidence_manifest.json"", ""json_pointer"": ""$.sources[58].auxiliary_source_mappings[1].url"", ""field"": ""url""}, {""file"": ""protocols/evidence_manifest.json"", ""json_pointer"": ""$.sources[59].auxiliary_source_mappings[1].url"", ""field"": ""url""}, {""file"": ""protocols/sip/evidence_manifest.json"", ""json_pointer"": ""$.admitted_property_sources[20].auxiliary_source_mappings[1].url"", ""field"": ""url""}, {""file"": ""protocols/sip/evidence_manifest.json"", ""json_pointer"": ""$.admitted_property_sources[21].auxiliary_source_mappings[1].url"", ""field"": ""url""}]"
https://github.com/DoubangoTelecom/doubango/blob/7604ae6761534d2efdc862bc9961623abc98b9a5/tinySIP/src/transactions/tsip_transac_ist.c#L709,https://github.com/DoubangoTelecom/doubango/blob/7604ae6761534d2efdc862bc9961623abc98b9a5/tinySIP/src/transactions/tsip_transac_ist.c,True,TLS_VERIFIED,HTTP 206,5,"[{""file"": ""_staging/root_sip_extensions/sip/audit_overrides.json"", ""json_pointer"": ""$.overrides[24].auxiliary_source_mappings[2].url"", ""field"": ""url""}, {""file"": ""protocols/all_protocol_properties.json"", ""json_pointer"": ""$[59].auxiliary_source_mappings[2].url"", ""field"": ""url""}, {""file"": ""protocols/all_protocol_properties.json"", ""json_pointer"": ""$[59].auxiliary_source_verification[2].url"", ""field"": ""url""}, {""file"": ""protocols/evidence_manifest.json"", ""json_pointer"": ""$.sources[59].auxiliary_source_mappings[2].url"", ""field"": ""url""}, {""file"": ""protocols/sip/evidence_manifest.json"", ""json_pointer"": ""$.admitted_property_sources[21].auxiliary_source_mappings[2].url"", ""field"": ""url""}]"
https://github.com/DoubangoTelecom/doubango/blob/7604ae6761534d2efdc862bc9961623abc98b9a5/tinySIP/src/transactions/tsip_transac_ist.c#L747,https://github.com/DoubangoTelecom/doubango/blob/7604ae6761534d2efdc862bc9961623abc98b9a5/tinySIP/src/transactions/tsip_transac_ist.c,True,TLS_VERIFIED,HTTP 206,5,"[{""file"": ""_staging/root_sip_extensions/sip/audit_overrides.json"", ""json_pointer"": ""$.overrides[24].auxiliary_source_mappings[3].url"", ""field"": ""url""}, {""file"": ""protocols/all_protocol_properties.json"", ""json_pointer"": ""$[59].auxiliary_source_mappings[3].url"", ""field"": ""url""}, {""file"": ""protocols/all_protocol_properties.json"", ""json_pointer"": ""$[59].auxiliary_source_verification[3].url"", ""field"": ""url""}, {""file"": ""protocols/evidence_manifest.json"", ""json_pointer"": ""$.sources[59].auxiliary_source_mappings[3].url"", ""field"": ""url""}, {""file"": ""protocols/sip/evidence_manifest.json"", ""json_pointer"": ""$.admitted_property_sources[21].auxiliary_source_mappings[3].url"", ""field"": ""url""}]"
https://github.com/DoubangoTelecom/doubango/blob/7604ae6761534d2efdc862bc9961623abc98b9a5/tinySIP/src/tsip_timers.c#L102,https://github.com/DoubangoTelecom/doubango/blob/7604ae6761534d2efdc862bc9961623abc98b9a5/tinySIP/src/tsip_timers.c,True,TLS_VERIFIED,HTTP 206,10,"[{""file"": ""_staging/root_sip_extensions/sip/audit_overrides.json"", ""json_pointer"": ""$.overrides[21].auxiliary_source_mappings[4].url"", ""field"": ""url""}, {""file"": ""_staging/root_sip_extensions/sip/audit_overrides.json"", ""json_pointer"": ""$.overrides[22].auxiliary_source_mappings[4].url"", ""field"": ""url""}, {""file"": ""protocols/all_protocol_properties.json"", ""json_pointer"": ""$[56].auxiliary_source_mappings[4].url"", ""field"": ""url""}, {""file"": ""protocols/all_protocol_properties.json"", ""json_pointer"": ""$[56].auxiliary_source_verification[4].url"", ""field"": ""url""}, {""file"": ""protocols/all_protocol_properties.json"", ""json_pointer"": ""$[57].auxiliary_source_mappings[4].url"", ""field"": ""url""}, {""file"": ""protocols/all_protocol_properties.json"", ""json_pointer"": ""$[57].auxiliary_source_verification[4].url"", ""field"": ""url""}, {""file"": ""protocols/evidence_manifest.json"", ""json_pointer"": ""$.sources[56].auxiliary_source_mappings[4].url"", ""field"": ""url""}, {""file"": ""protocols/evidence_manifest.json"", ""json_pointer"": ""$.sources[57].auxiliary_source_mappings[4].url"", ""field"": ""url""}, {""file"": ""protocols/sip/evidence_manifest.json"", ""json_pointer"": ""$.admitted_property_sources[18].auxiliary_source_mappings[4].url"", ""field"": ""url""}, {""file"": ""protocols/sip/evidence_manifest.json"", ""json_pointer"": ""$.admitted_property_sources[19].auxiliary_source_mappings[4].url"", ""field"": ""url""}]"
https://github.com/DoubangoTelecom/doubango/blob/7604ae6761534d2efdc862bc9961623abc98b9a5/tinySIP/src/tsip_timers.c#L115,https://github.com/DoubangoTelecom/doubango/blob/7604ae6761534d2efdc862bc9961623abc98b9a5/tinySIP/src/tsip_timers.c,True,TLS_VERIFIED,HTTP 206,5,"[{""file"": ""_staging/root_sip_extensions/sip/audit_overrides.json"", ""json_pointer"": ""$.overrides[24].auxiliary_source_mappings[5].url"", ""field"": ""url""}, {""file"": ""protocols/all_protocol_properties.json"", ""json_pointer"": ""$[59].auxiliary_source_mappings[5].url"", ""field"": ""url""}, {""file"": ""protocols/all_protocol_properties.json"", ""json_pointer"": ""$[59].auxiliary_source_verification[5].url"", ""field"": ""url""}, {""file"": ""protocols/evidence_manifest.json"", ""json_pointer"": ""$.sources[59].auxiliary_source_mappings[5].url"", ""field"": ""url""}, {""file"": ""protocols/sip/evidence_manifest.json"", ""json_pointer"": ""$.admitted_property_sources[21].auxiliary_source_mappings[5].url"", ""field"": ""url""}]"
https://github.com/DoubangoTelecom/doubango/blob/7604ae6761534d2efdc862bc9961623abc98b9a5/tinySIP/src/tsip_timers.c#L116,https://github.com/DoubangoTelecom/doubango/blob/7604ae6761534d2efdc862bc9961623abc98b9a5/tinySIP/src/tsip_timers.c,True,TLS_VERIFIED,HTTP 206,5,"[{""file"": ""_staging/root_sip_extensions/sip/audit_overrides.json"", ""json_pointer"": ""$.overrides[25].auxiliary_source_mappings[5].url"", ""field"": ""url""}, {""file"": ""protocols/all_protocol_properties.json"", ""json_pointer"": ""$[60].auxiliary_source_mappings[5].url"", ""field"": ""url""}, {""file"": ""protocols/all_protocol_properties.json"", ""json_pointer"": ""$[60].auxiliary_source_verification[5].url"", ""field"": ""url""}, {""file"": ""protocols/evidence_manifest.json"", ""json_pointer"": ""$.sources[60].auxiliary_source_mappings[5].url"", ""field"": ""url""}, {""file"": ""protocols/sip/evidence_manifest.json"", ""json_pointer"": ""$.admitted_property_sources[22].auxiliary_source_mappings[5].url"", ""field"": ""url""}]"
https://github.com/DoubangoTelecom/doubango/blob/7604ae6761534d2efdc862bc9961623abc98b9a5/tinySIP/src/tsip_timers.c#L80,https://github.com/DoubangoTelecom/doubango/blob/7604ae6761534d2efdc862bc9961623abc98b9a5/tinySIP/src/tsip_timers.c,True,TLS_VERIFIED,HTTP 206,25,"[{""file"": ""_staging/root_sip_extensions/sip/audit_overrides.json"", ""json_pointer"": ""$.overrides[20].auxiliary_source_mappings[3].url"", ""field"": ""url""}, {""file"": ""_staging/root_sip_extensions/sip/audit_overrides.json"", ""json_pointer"": ""$.overrides[21].auxiliary_source_mappings[3].url"", ""field"": ""url""}, {""file"": ""_staging/root_sip_extensions/sip/audit_overrides.json"", ""json_pointer"": ""$.overrides[22].auxiliary_source_mappings[3].url"", ""field"": ""url""}, {""file"": ""_staging/root_sip_extensions/sip/audit_overrides.json"", ""json_pointer"": ""$.overrides[24].auxiliary_source_mappings[4].url"", ""field"": ""url""}, {""file"": ""_staging/root_sip_extensions/sip/audit_overrides.json"", ""json_pointer"": ""$.overrides[25].auxiliary_source_mappings[4].url"", ""field"": ""url""}, {""file"": ""protocols/all_protocol_properties.json"", ""json_pointer"": ""$[55].auxiliary_source_mappings[3].url"", ""field"": ""url""}, {""file"": ""protocols/all_protocol_properties.json"", ""json_pointer"": ""$[55].auxiliary_source_verification[3].url"", ""field"": ""url""}, {""file"": ""protocols/all_protocol_properties.json"", ""json_pointer"": ""$[56].auxiliary_source_mappings[3].url"", ""field"": ""url""}, {""file"": ""protocols/all_protocol_properties.json"", ""json_pointer"": ""$[56].auxiliary_source_verification[3].url"", ""field"": ""url""}, {""file"": ""protocols/all_protocol_properties.json"", ""json_pointer"": ""$[57].auxiliary_source_mappings[3].url"", ""field"": ""url""}, {""file"": ""protocols/all_protocol_properties.json"", ""json_pointer"": ""$[57].auxiliary_source_verification[3].url"", ""field"": ""url""}, {""file"": ""protocols/all_protocol_properties.json"", ""json_pointer"": ""$[59].auxiliary_source_mappings[4].url"", ""field"": ""url""}, {""file"": ""protocols/all_protocol_properties.json"", ""json_pointer"": ""$[59].auxiliary_source_verification[4].url"", ""field"": ""url""}, {""file"": ""protocols/all_protocol_properties.json"", ""json_pointer"": ""$[60].auxiliary_source_mappings[4].url"", ""field"": ""url""}, {""file"": ""protocols/all_protocol_properties.json"", ""json_pointer"": ""$[60].auxiliary_source_verification[4].url"", ""field"": ""url""}, {""file"": ""protocols/evidence_manifest.json"", ""json_pointer"": ""$.sources[55].auxiliary_source_mappings[3].url"", ""field"": ""url""}, {""file"": ""protocols/evidence_manifest.json"", ""json_pointer"": ""$.sources[56].auxiliary_source_mappings[3].url"", ""field"": ""url""}, {""file"": ""protocols/evidence_manifest.json"", ""json_pointer"": ""$.sources[57].auxiliary_source_mappings[3].url"", ""field"": ""url""}, {""file"": ""protocols/evidence_manifest.json"", ""json_pointer"": ""$.sources[59].auxiliary_source_mappings[4].url"", ""field"": ""url""}, {""file"": ""protocols/evidence_manifest.json"", ""json_pointer"": ""$.sources[60].auxiliary_source_mappings[4].url"", ""field"": ""url""}, {""file"": ""protocols/sip/evidence_manifest.json"", ""json_pointer"": ""$.admitted_property_sources[17].auxiliary_source_mappings[3].url"", ""field"": ""url""}, {""file"": ""protocols/sip/evidence_manifest.json"", ""json_pointer"": ""$.admitted_property_sources[18].auxiliary_source_mappings[3].url"", ""field"": ""url""}, {""file"": ""protocols/sip/evidence_manifest.json"", ""json_pointer"": ""$.admitted_property_sources[19].auxiliary_source_mappings[3].url"", ""field"": ""url""}, {""file"": ""protocols/sip/evidence_manifest.json"", ""json_pointer"": ""$.admitted_property_sources[21].auxiliary_source_mappings[4].url"", ""field"": ""url""}, {""file"": ""protocols/sip/evidence_manifest.json"", ""json_pointer"": ""$.admitted_property_sources[22].auxiliary_source_mappings[4].url"", ""field"": ""url""}]"
https://github.com/Exim/exim/blob/38903fb5b864ee99904d035337c66891604d9678/src/src/globals.c#L1325,https://github.com/Exim/exim/blob/38903fb5b864ee99904d035337c66891604d9678/src/src/globals.c,True,TLS_VERIFIED,HTTP 206,5,"[{""file"": ""_staging/ietf_app_protocols/smtp/proposals.json"", ""json_pointer"": ""$[6].auxiliary_source_mappings[3].url"", ""field"": ""url""}, {""file"": ""protocols/all_protocol_properties.json"", ""json_pointer"": ""$[37].auxiliary_source_mappings[3].url"", ""field"": ""url""}, {""file"": ""protocols/all_protocol_properties.json"", ""json_pointer"": ""$[37].auxiliary_source_verification[3].url"", ""field"": ""url""}, {""file"": ""protocols/evidence_manifest.json"", ""json_pointer"": ""$.sources[37].auxiliary_source_mappings[3].url"", ""field"": ""url""}, {""file"": ""protocols/smtp/evidence_manifest.json"", ""json_pointer"": ""$.admitted_property_sources[6].auxiliary_source_mappings[3].url"", ""field"": ""url""}]"
https://github.com/Exim/exim/blob/38903fb5b864ee99904d035337c66891604d9678/src/src/globals.c#L1325-L1326,https://github.com/Exim/exim/blob/38903fb5b864ee99904d035337c66891604d9678/src/src/globals.c,True,TLS_VERIFIED,HTTP 206,5,"[{""file"": ""_staging/ietf_app_protocols/smtp/proposals.json"", ""json_pointer"": ""$[6].auxiliary_source_mappings[2].url"", ""field"": ""url""}, {""file"": ""protocols/all_protocol_properties.json"", ""json_pointer"": ""$[37].auxiliary_source_mappings[2].url"", ""field"": ""url""}, {""file"": ""protocols/all_protocol_properties.json"", ""json_pointer"": ""$[37].auxiliary_source_verification[2].url"", ""field"": ""url""}, {""file"": ""protocols/evidence_manifest.json"", ""json_pointer"": ""$.sources[37].auxiliary_source_mappings[2].url"", ""field"": ""url""}, {""file"": ""protocols/smtp/evidence_manifest.json"", ""json_pointer"": ""$.admitted_property_sources[6].auxiliary_source_mappings[2].url"", ""field"": ""url""}]"
https://github.com/Exim/exim/blob/38903fb5b864ee99904d035337c66891604d9678/src/src/ip.c#L478-L524,https://github.com/Exim/exim/blob/38903fb5b864ee99904d035337c66891604d9678/src/src/ip.c,True,TLS_VERIFIED,HTTP 206,25,"[{""file"": ""_staging/ietf_app_protocols/smtp/proposals.json"", ""json_pointer"": ""$[0].auxiliary_source_mappings[1].url"", ""field"": ""url""}, {""file"": ""_staging/ietf_app_protocols/smtp/proposals.json"", ""json_pointer"": ""$[1].auxiliary_source_mappings[3].url"", ""field"": ""url""}, {""file"": ""_staging/ietf_app_protocols/smtp/proposals.json"", ""json_pointer"": ""$[2].auxiliary_source_mappings[3].url"", ""field"": ""url""}, {""file"": ""_staging/ietf_app_protocols/smtp/proposals.json"", ""json_pointer"": ""$[3].auxiliary_source_mappings[3].url"", ""field"": ""url""}, {""file"": ""_staging/ietf_app_protocols/smtp/proposals.json"", ""json_pointer"": ""$[5].auxiliary_source_mappings[1].url"", ""field"": ""url""}, {""file"": ""protocols/all_protocol_properties.json"", ""json_pointer"": ""$[31].auxiliary_source_mappings[1].url"", ""field"": ""url""}, {""file"": ""protocols/all_protocol_properties.json"", ""json_pointer"": ""$[31].auxiliary_source_verification[1].url"", ""field"": ""url""}, {""file"": ""protocols/all_protocol_properties.json"", ""json_pointer"": ""$[32].auxiliary_source_mappings[3].url"", ""field"": ""url""}, {""file"": ""protocols/all_protocol_properties.json"", ""json_pointer"": ""$[32].auxiliary_source_verification[3].url"", ""field"": ""url""}, {""file"": ""protocols/all_protocol_properties.json"", ""json_pointer"": ""$[33].auxiliary_source_mappings[3].url"", ""field"": ""url""}, {""file"": ""protocols/all_protocol_properties.json"", ""json_pointer"": ""$[33].auxiliary_source_verification[3].url"", ""field"": ""url""}, {""file"": ""protocols/all_protocol_properties.json"", ""json_pointer"": ""$[34].auxiliary_source_mappings[3].url"", ""field"": ""url""}, {""file"": ""protocols/all_protocol_properties.json"", ""json_pointer"": ""$[34].auxiliary_source_verification[3].url"", ""field"": ""url""}, {""file"": ""protocols/all_protocol_properties.json"", ""json_pointer"": ""$[36].auxiliary_source_mappings[1].url"", ""field"": ""url""}, {""file"": ""protocols/all_protocol_properties.json"", ""json_pointer"": ""$[36].auxiliary_source_verification[1].url"", ""field"": ""url""}, {""file"": ""protocols/evidence_manifest.json"", ""json_pointer"": ""$.sources[31].auxiliary_source_mappings[1].url"", ""field"": ""url""}, {""file"": ""protocols/evidence_manifest.json"", ""json_pointer"": ""$.sources[32].auxiliary_source_mappings[3].url"", ""field"": ""url""}, {""file"": ""protocols/evidence_manifest.json"", ""json_pointer"": ""$.sources[33].auxiliary_source_mappings[3].url"", ""field"": ""url""}, {""file"": ""protocols/evidence_manifest.json"", ""json_pointer"": ""$.sources[34].auxiliary_source_mappings[3].url"", ""field"": ""url""}, {""file"": ""protocols/evidence_manifest.json"", ""json_pointer"": ""$.sources[36].auxiliary_source_mappings[1].url"", ""field"": ""url""}, {""file"": ""protocols/smtp/evidence_manifest.json"", ""json_pointer"": ""$.admitted_property_sources[0].auxiliary_source_mappings[1].url"", ""field"": ""url""}, {""file"": ""protocols/smtp/evidence_manifest.json"", ""json_pointer"": ""$.admitted_property_sources[1].auxiliary_source_mappings[3].url"", ""field"": ""url""}, {""file"": ""protocols/smtp/evidence_manifest.json"", ""json_pointer"": ""$.admitted_property_sources[2].auxiliary_source_mappings[3].url"", ""field"": ""url""}, {""file"": ""protocols/smtp/evidence_manifest.json"", ""json_pointer"": ""$.admitted_property_sources[3].auxiliary_source_mappings[3].url"", ""field"": ""url""}, {""file"": ""protocols/smtp/evidence_manifest.json"", ""json_pointer"": ""$.admitted_property_sources[5].auxiliary_source_mappings[1].url"", ""field"": ""url""}]"
https://github.com/Exim/exim/blob/38903fb5b864ee99904d035337c66891604d9678/src/src/smtp_in.c#L1424-L1450,https://github.com/Exim/exim/blob/38903fb5b864ee99904d035337c66891604d9678/src/src/smtp_in.c,True,TLS_VERIFIED,HTTP 206,5,"[{""file"": ""_staging/ietf_app_protocols/smtp/proposals.json"", ""json_pointer"": ""$[6].auxiliary_source_mappings[0].url"", ""field"": ""url""}, {""file"": ""protocols/all_protocol_properties.json"", ""json_pointer"": ""$[37].auxiliary_source_mappings[0].url"", ""field"": ""url""}, {""file"": ""protocols/all_protocol_properties.json"", ""json_pointer"": ""$[37].auxiliary_source_verification[0].url"", ""field"": ""url""}, {""file"": ""protocols/evidence_manifest.json"", ""json_pointer"": ""$.sources[37].auxiliary_source_mappings[0].url"", ""field"": ""url""}, {""file"": ""protocols/smtp/evidence_manifest.json"", ""json_pointer"": ""$.admitted_property_sources[6].auxiliary_source_mappings[0].url"", ""field"": ""url""}]"
https://github.com/Exim/exim/blob/38903fb5b864ee99904d035337c66891604d9678/src/src/smtp_in.c#L416-L430,https://github.com/Exim/exim/blob/38903fb5b864ee99904d035337c66891604d9678/src/src/smtp_in.c,True,TLS_VERIFIED,HTTP 206,4,"[{""file"": ""_staging/ietf_app_protocols/smtp/proposals.json"", ""json_pointer"": ""$[6].source_url"", ""field"": ""source_url""}, {""file"": ""protocols/all_protocol_properties.json"", ""json_pointer"": ""$[37].source_url"", ""field"": ""source_url""}, {""file"": ""protocols/evidence_manifest.json"", ""json_pointer"": ""$.sources[37].source_url"", ""field"": ""source_url""}, {""file"": ""protocols/smtp/evidence_manifest.json"", ""json_pointer"": ""$.admitted_property_sources[6].source_url"", ""field"": ""source_url""}]"
https://github.com/Exim/exim/blob/38903fb5b864ee99904d035337c66891604d9678/src/src/smtp_in.c#L838-L850,https://github.com/Exim/exim/blob/38903fb5b864ee99904d035337c66891604d9678/src/src/smtp_in.c,True,TLS_VERIFIED,HTTP 206,5,"[{""file"": ""_staging/ietf_app_protocols/smtp/proposals.json"", ""json_pointer"": ""$[6].auxiliary_source_mappings[1].url"", ""field"": ""url""}, {""file"": ""protocols/all_protocol_properties.json"", ""json_pointer"": ""$[37].auxiliary_source_mappings[1].url"", ""field"": ""url""}, {""file"": ""protocols/all_protocol_properties.json"", ""json_pointer"": ""$[37].auxiliary_source_verification[1].url"", ""field"": ""url""}, {""file"": ""protocols/evidence_manifest.json"", ""json_pointer"": ""$.sources[37].auxiliary_source_mappings[1].url"", ""field"": ""url""}, {""file"": ""protocols/smtp/evidence_manifest.json"", ""json_pointer"": ""$.admitted_property_sources[6].auxiliary_source_mappings[1].url"", ""field"": ""url""}]"
https://github.com/Exim/exim/blob/38903fb5b864ee99904d035337c66891604d9678/src/src/smtp_out.c#L326-L349,https://github.com/Exim/exim/blob/38903fb5b864ee99904d035337c66891604d9678/src/src/smtp_out.c,True,TLS_VERIFIED,HTTP 206,14,"[{""file"": ""_staging/ietf_app_protocols/smtp/proposals.json"", ""json_pointer"": ""$[1].source_url"", ""field"": ""source_url""}, {""file"": ""_staging/ietf_app_protocols/smtp/proposals.json"", ""json_pointer"": ""$[2].auxiliary_source_mappings[1].url"", ""field"": ""url""}, {""file"": ""_staging/ietf_app_protocols/smtp/proposals.json"", ""json_pointer"": ""$[3].auxiliary_source_mappings[1].url"", ""field"": ""url""}, {""file"": ""protocols/all_protocol_properties.json"", ""json_pointer"": ""$[32].source_url"", ""field"": ""source_url""}, {""file"": ""protocols/all_protocol_properties.json"", ""json_pointer"": ""$[33].auxiliary_source_mappings[1].url"", ""field"": ""url""}, {""file"": ""protocols/all_protocol_properties.json"", ""json_pointer"": ""$[33].auxiliary_source_verification[1].url"", ""field"": ""url""}, {""file"": ""protocols/all_protocol_properties.json"", ""json_pointer"": ""$[34].auxiliary_source_mappings[1].url"", ""field"": ""url""}, {""file"": ""protocols/all_protocol_properties.json"", ""json_pointer"": ""$[34].auxiliary_source_verification[1].url"", ""field"": ""url""}, {""file"": ""protocols/evidence_manifest.json"", ""json_pointer"": ""$.sources[32].source_url"", ""field"": ""source_url""}, {""file"": ""protocols/evidence_manifest.json"", ""json_pointer"": ""$.sources[33].auxiliary_source_mappings[1].url"", ""field"": ""url""}, {""file"": ""protocols/evidence_manifest.json"", ""json_pointer"": ""$.sources[34].auxiliary_source_mappings[1].url"", ""field"": ""url""}, {""file"": ""protocols/smtp/evidence_manifest.json"", ""json_pointer"": ""$.admitted_property_sources[1].source_url"", ""field"": ""source_url""}, {""file"": ""protocols/smtp/evidence_manifest.json"", ""json_pointer"": ""$.admitted_property_sources[2].auxiliary_source_mappings[1].url"", ""field"": ""url""}, {""file"": ""protocols/smtp/evidence_manifest.json"", ""json_pointer"": ""$.admitted_property_sources[3].auxiliary_source_mappings[1].url"", ""field"": ""url""}]"
https://github.com/Exim/exim/blob/38903fb5b864ee99904d035337c66891604d9678/src/src/smtp_out.c#L457-L520,https://github.com/Exim/exim/blob/38903fb5b864ee99904d035337c66891604d9678/src/src/smtp_out.c,True,TLS_VERIFIED,HTTP 206,25,"[{""file"": ""_staging/ietf_app_protocols/smtp/proposals.json"", ""json_pointer"": ""$[0].auxiliary_source_mappings[0].url"", ""field"": ""url""}, {""file"": ""_staging/ietf_app_protocols/smtp/proposals.json"", ""json_pointer"": ""$[1].auxiliary_source_mappings[2].url"", ""field"": ""url""}, {""file"": ""_staging/ietf_app_protocols/smtp/proposals.json"", ""json_pointer"": ""$[2].auxiliary_source_mappings[2].url"", ""field"": ""url""}, {""file"": ""_staging/ietf_app_protocols/smtp/proposals.json"", ""json_pointer"": ""$[3].auxiliary_source_mappings[2].url"", ""field"": ""url""}, {""file"": ""_staging/ietf_app_protocols/smtp/proposals.json"", ""json_pointer"": ""$[5].auxiliary_source_mappings[0].url"", ""field"": ""url""}, {""file"": ""protocols/all_protocol_properties.json"", ""json_pointer"": ""$[31].auxiliary_source_mappings[0].url"", ""field"": ""url""}, {""file"": ""protocols/all_protocol_properties.json"", ""json_pointer"": ""$[31].auxiliary_source_verification[0].url"", ""field"": ""url""}, {""file"": ""protocols/all_protocol_properties.json"", ""json_pointer"": ""$[32].auxiliary_source_mappings[2].url"", ""field"": ""url""}, {""file"": ""protocols/all_protocol_properties.json"", ""json_pointer"": ""$[32].auxiliary_source_verification[2].url"", ""field"": ""url""}, {""file"": ""protocols/all_protocol_properties.json"", ""json_pointer"": ""$[33].auxiliary_source_mappings[2].url"", ""field"": ""url""}, {""file"": ""protocols/all_protocol_properties.json"", ""json_pointer"": ""$[33].auxiliary_source_verification[2].url"", ""field"": ""url""}, {""file"": ""protocols/all_protocol_properties.json"", ""json_pointer"": ""$[34].auxiliary_source_mappings[2].url"", ""field"": ""url""}, {""file"": ""protocols/all_protocol_properties.json"", ""json_pointer"": ""$[34].auxiliary_source_verification[2].url"", ""field"": ""url""}, {""file"": ""protocols/all_protocol_properties.json"", ""json_pointer"": ""$[36].auxiliary_source_mappings[0].url"", ""field"": ""url""}, {""file"": ""protocols/all_protocol_properties.json"", ""json_pointer"": ""$[36].auxiliary_source_verification[0].url"", ""field"": ""url""}, {""file"": ""protocols/evidence_manifest.json"", ""json_pointer"": ""$.sources[31].auxiliary_source_mappings[0].url"", ""field"": ""url""}, {""file"": ""protocols/evidence_manifest.json"", ""json_pointer"": ""$.sources[32].auxiliary_source_mappings[2].url"", ""field"": ""url""}, {""file"": ""protocols/evidence_manifest.json"", ""json_pointer"": ""$.sources[33].auxiliary_source_mappings[2].url"", ""field"": ""url""}, {""file"": ""protocols/evidence_manifest.json"", ""json_pointer"": ""$.sources[34].auxiliary_source_mappings[2].url"", ""field"": ""url""}, {""file"": ""protocols/evidence_manifest.json"", ""json_pointer"": ""$.sources[36].auxiliary_source_mappings[0].url"", ""field"": ""url""}, {""file"": ""protocols/smtp/evidence_manifest.json"", ""json_pointer"": ""$.admitted_property_sources[0].auxiliary_source_mappings[0].url"", ""field"": ""url""}, {""file"": ""protocols/smtp/evidence_manifest.json"", ""json_pointer"": ""$.admitted_property_sources[1].auxiliary_source_mappings[2].url"", ""field"": ""url""}, {""file"": ""protocols/smtp/evidence_manifest.json"", ""json_pointer"": ""$.admitted_property_sources[2].auxiliary_source_mappings[2].url"", ""field"": ""url""}, {""file"": ""protocols/smtp/evidence_manifest.json"", ""json_pointer"": ""$.admitted_property_sources[3].auxiliary_source_mappings[2].url"", ""field"": ""url""}, {""file"": ""protocols/smtp/evidence_manifest.json"", ""json_pointer"": ""$.admitted_property_sources[5].auxiliary_source_mappings[0].url"", ""field"": ""url""}]"
https://github.com/Exim/exim/blob/38903fb5b864ee99904d035337c66891604d9678/src/src/transport.c#L216-L306,https://github.com/Exim/exim/blob/38903fb5b864ee99904d035337c66891604d9678/src/src/transport.c,True,TLS_VERIFIED,HTTP 206,4,"[{""file"": ""_staging/ietf_app_protocols/smtp/proposals.json"", ""json_pointer"": ""$[4].source_url"", ""field"": ""source_url""}, {""file"": ""protocols/all_protocol_properties.json"", ""json_pointer"": ""$[35].source_url"", ""field"": ""source_url""}, {""file"": ""protocols/evidence_manifest.json"", ""json_pointer"": ""$.sources[35].source_url"", ""field"": ""source_url""}, {""file"": ""protocols/smtp/evidence_manifest.json"", ""json_pointer"": ""$.admitted_property_sources[4].source_url"", ""field"": ""source_url""}]"
https://github.com/Exim/exim/blob/38903fb5b864ee99904d035337c66891604d9678/src/src/transport.c#L425-L447,https://github.com/Exim/exim/blob/38903fb5b864ee99904d035337c66891604d9678/src/src/transport.c,True,TLS_VERIFIED,HTTP 206,5,"[{""file"": ""_staging/ietf_app_protocols/smtp/proposals.json"", ""json_pointer"": ""$[4].auxiliary_source_mappings[1].url"", ""field"": ""url""}, {""file"": ""protocols/all_protocol_properties.json"", ""json_pointer"": ""$[35].auxiliary_source_mappings[1].url"", ""field"": ""url""}, {""file"": ""protocols/all_protocol_properties.json"", ""json_pointer"": ""$[35].auxiliary_source_verification[1].url"", ""field"": ""url""}, {""file"": ""protocols/evidence_manifest.json"", ""json_pointer"": ""$.sources[35].auxiliary_source_mappings[1].url"", ""field"": ""url""}, {""file"": ""protocols/smtp/evidence_manifest.json"", ""json_pointer"": ""$.admitted_property_sources[4].auxiliary_source_mappings[1].url"", ""field"": ""url""}]"
https://github.com/Exim/exim/blob/38903fb5b864ee99904d035337c66891604d9678/src/src/transports/smtp.c#L1544-L1643,https://github.com/Exim/exim/blob/38903fb5b864ee99904d035337c66891604d9678/src/src/transports/smtp.c,True,TLS_VERIFIED,HTTP 206,4,"[{""file"": ""_staging/ietf_app_protocols/smtp/proposals.json"", ""json_pointer"": ""$[0].source_url"", ""field"": ""source_url""}, {""file"": ""protocols/all_protocol_properties.json"", ""json_pointer"": ""$[31].source_url"", ""field"": ""source_url""}, {""file"": ""protocols/evidence_manifest.json"", ""json_pointer"": ""$.sources[31].source_url"", ""field"": ""source_url""}, {""file"": ""protocols/smtp/evidence_manifest.json"", ""json_pointer"": ""$.admitted_property_sources[0].source_url"", ""field"": ""source_url""}]"
https://github.com/Exim/exim/blob/38903fb5b864ee99904d035337c66891604d9678/src/src/transports/smtp.c#L189-L225,https://github.com/Exim/exim/blob/38903fb5b864ee99904d035337c66891604d9678/src/src/transports/smtp.c,True,TLS_VERIFIED,HTTP 206,30,"[{""file"": ""_staging/ietf_app_protocols/smtp/proposals.json"", ""json_pointer"": ""$[0].auxiliary_source_mappings[3].url"", ""field"": ""url""}, {""file"": ""_staging/ietf_app_protocols/smtp/proposals.json"", ""json_pointer"": ""$[1].auxiliary_source_mappings[5].url"", ""field"": ""url""}, {""file"": ""_staging/ietf_app_protocols/smtp/proposals.json"", ""json_pointer"": ""$[2].auxiliary_source_mappings[4].url"", ""field"": ""url""}, {""file"": ""_staging/ietf_app_protocols/smtp/proposals.json"", ""json_pointer"": ""$[3].auxiliary_source_mappings[5].url"", ""field"": ""url""}, {""file"": ""_staging/ietf_app_protocols/smtp/proposals.json"", ""json_pointer"": ""$[4].auxiliary_source_mappings[2].url"", ""field"": ""url""}, {""file"": ""_staging/ietf_app_protocols/smtp/proposals.json"", ""json_pointer"": ""$[5].auxiliary_source_mappings[3].url"", ""field"": ""url""}, {""file"": ""protocols/all_protocol_properties.json"", ""json_pointer"": ""$[31].auxiliary_source_mappings[3].url"", ""field"": ""url""}, {""file"": ""protocols/all_protocol_properties.json"", ""json_pointer"": ""$[31].auxiliary_source_verification[3].url"", ""field"": ""url""}, {""file"": ""protocols/all_protocol_properties.json"", ""json_pointer"": ""$[32].auxiliary_source_mappings[5].url"", ""field"": ""url""}, {""file"": ""protocols/all_protocol_properties.json"", ""json_pointer"": ""$[32].auxiliary_source_verification[5].url"", ""field"": ""url""}, {""file"": ""protocols/all_protocol_properties.json"", ""json_pointer"": ""$[33].auxiliary_source_mappings[4].url"", ""field"": ""url""}, {""file"": ""protocols/all_protocol_properties.json"", ""json_pointer"": ""$[33].auxiliary_source_verification[4].url"", ""field"": ""url""}, {""file"": ""protocols/all_protocol_properties.json"", ""json_pointer"": ""$[34].auxiliary_source_mappings[5].url"", ""field"": ""url""}, {""file"": ""protocols/all_protocol_properties.json"", ""json_pointer"": ""$[34].auxiliary_source_verification[5].url"", ""field"": ""url""}, {""file"": ""protocols/all_protocol_properties.json"", ""json_pointer"": ""$[35].auxiliary_source_mappings[2].url"", ""field"": ""url""}, {""file"": ""protocols/all_protocol_properties.json"", ""json_pointer"": ""$[35].auxiliary_source_verification[2].url"", ""field"": ""url""}, {""file"": ""protocols/all_protocol_properties.json"", ""json_pointer"": ""$[36].auxiliary_source_mappings[3].url"", ""field"": ""url""}, {""file"": ""protocols/all_protocol_properties.json"", ""json_pointer"": ""$[36].auxiliary_source_verification[3].url"", ""field"": ""url""}, {""file"": ""protocols/evidence_manifest.json"", ""json_pointer"": ""$.sources[31].auxiliary_source_mappings[3].url"", ""field"": ""url""}, {""file"": ""protocols/evidence_manifest.json"", ""json_pointer"": ""$.sources[32].auxiliary_source_mappings[5].url"", ""field"": ""url""}, {""file"": ""protocols/evidence_manifest.json"", ""json_pointer"": ""$.sources[33].auxiliary_source_mappings[4].url"", ""field"": ""url""}, {""file"": ""protocols/evidence_manifest.json"", ""json_pointer"": ""$.sources[34].auxiliary_source_mappings[5].url"", ""field"": ""url""}, {""file"": ""protocols/evidence_manifest.json"", ""json_pointer"": ""$.sources[35].auxiliary_source_mappings[2].url"", ""field"": ""url""}, {""file"": ""protocols/evidence_manifest.json"", ""json_pointer"": ""$.sources[36].auxiliary_source_mappings[3].url"", ""field"": ""url""}, {""file"": ""protocols/smtp/evidence_manifest.json"", ""json_pointer"": ""$.admitted_property_sources[0].auxiliary_source_mappings[3].url"", ""field"": ""url""}, {""file"": ""protocols/smtp/evidence_manifest.json"", ""json_pointer"": ""$.admitted_property_sources[1].auxiliary_source_mappings[5].url"", ""field"": ""url""}, {""file"": ""protocols/smtp/evidence_manifest.json"", ""json_pointer"": ""$.admitted_property_sources[2].auxiliary_source_mappings[4].url"", ""field"": ""url""}, {""file"": ""protocols/smtp/evidence_manifest.json"", ""json_pointer"": ""$.admitted_property_sources[3].auxiliary_source_mappings[5].url"", ""field"": ""url""}, {""file"": ""protocols/smtp/evidence_manifest.json"", ""json_pointer"": ""$.admitted_property_sources[4].auxiliary_source_mappings[2].url"", ""field"": ""url""}, {""file"": ""protocols/smtp/evidence_manifest.json"", ""json_pointer"": ""$.admitted_property_sources[5].auxiliary_source_mappings[3].url"", ""field"": ""url""}]"
https://github.com/Exim/exim/blob/38903fb5b864ee99904d035337c66891604d9678/src/src/transports/smtp.c#L2340-L2406,https://github.com/Exim/exim/blob/38903fb5b864ee99904d035337c66891604d9678/src/src/transports/smtp.c,True,TLS_VERIFIED,HTTP 206,5,"[{""file"": ""_staging/ietf_app_protocols/smtp/proposals.json"", ""json_pointer"": ""$[1].auxiliary_source_mappings[1].url"", ""field"": ""url""}, {""file"": ""protocols/all_protocol_properties.json"", ""json_pointer"": ""$[32].auxiliary_source_mappings[1].url"", ""field"": ""url""}, {""file"": ""protocols/all_protocol_properties.json"", ""json_pointer"": ""$[32].auxiliary_source_verification[1].url"", ""field"": ""url""}, {""file"": ""protocols/evidence_manifest.json"", ""json_pointer"": ""$.sources[32].auxiliary_source_mappings[1].url"", ""field"": ""url""}, {""file"": ""protocols/smtp/evidence_manifest.json"", ""json_pointer"": ""$.admitted_property_sources[1].auxiliary_source_mappings[1].url"", ""field"": ""url""}]"
https://github.com/Exim/exim/blob/38903fb5b864ee99904d035337c66891604d9678/src/src/transports/smtp.c#L2440-L2480,https://github.com/Exim/exim/blob/38903fb5b864ee99904d035337c66891604d9678/src/src/transports/smtp.c,True,TLS_VERIFIED,HTTP 206,5,"[{""file"": ""_staging/ietf_app_protocols/smtp/proposals.json"", ""json_pointer"": ""$[2].auxiliary_source_mappings[0].url"", ""field"": ""url""}, {""file"": ""protocols/all_protocol_properties.json"", ""json_pointer"": ""$[33].auxiliary_source_mappings[0].url"", ""field"": ""url""}, {""file"": ""protocols/all_protocol_properties.json"", ""json_pointer"": ""$[33].auxiliary_source_verification[0].url"", ""field"": ""url""}, {""file"": ""protocols/evidence_manifest.json"", ""json_pointer"": ""$.sources[33].auxiliary_source_mappings[0].url"", ""field"": ""url""}, {""file"": ""protocols/smtp/evidence_manifest.json"", ""json_pointer"": ""$.admitted_property_sources[2].auxiliary_source_mappings[0].url"", ""field"": ""url""}]"
https://github.com/Exim/exim/blob/38903fb5b864ee99904d035337c66891604d9678/src/src/transports/smtp.c#L2659-L2665,https://github.com/Exim/exim/blob/38903fb5b864ee99904d035337c66891604d9678/src/src/transports/smtp.c,True,TLS_VERIFIED,HTTP 206,4,"[{""file"": ""_staging/ietf_app_protocols/smtp/proposals.json"", ""json_pointer"": ""$[3].source_url"", ""field"": ""source_url""}, {""file"": ""protocols/all_protocol_properties.json"", ""json_pointer"": ""$[34].source_url"", ""field"": ""source_url""}, {""file"": ""protocols/evidence_manifest.json"", ""json_pointer"": ""$.sources[34].source_url"", ""field"": ""source_url""}, {""file"": ""protocols/smtp/evidence_manifest.json"", ""json_pointer"": ""$.admitted_property_sources[3].source_url"", ""field"": ""source_url""}]"
https://github.com/Exim/exim/blob/38903fb5b864ee99904d035337c66891604d9678/src/src/transports/smtp.c#L2682-L2750,https://github.com/Exim/exim/blob/38903fb5b864ee99904d035337c66891604d9678/src/src/transports/smtp.c,True,TLS_VERIFIED,HTTP 206,5,"[{""file"": ""_staging/ietf_app_protocols/smtp/proposals.json"", ""json_pointer"": ""$[4].auxiliary_source_mappings[0].url"", ""field"": ""url""}, {""file"": ""protocols/all_protocol_properties.json"", ""json_pointer"": ""$[35].auxiliary_source_mappings[0].url"", ""field"": ""url""}, {""file"": ""protocols/all_protocol_properties.json"", ""json_pointer"": ""$[35].auxiliary_source_verification[0].url"", ""field"": ""url""}, {""file"": ""protocols/evidence_manifest.json"", ""json_pointer"": ""$.sources[35].auxiliary_source_mappings[0].url"", ""field"": ""url""}, {""file"": ""protocols/smtp/evidence_manifest.json"", ""json_pointer"": ""$.admitted_property_sources[4].auxiliary_source_mappings[0].url"", ""field"": ""url""}]"
https://github.com/Exim/exim/blob/38903fb5b864ee99904d035337c66891604d9678/src/src/transports/smtp.c#L2736-L2827,https://github.com/Exim/exim/blob/38903fb5b864ee99904d035337c66891604d9678/src/src/transports/smtp.c,True,TLS_VERIFIED,HTTP 206,4,"[{""file"": ""_staging/ietf_app_protocols/smtp/proposals.json"", ""json_pointer"": ""$[5].source_url"", ""field"": ""source_url""}, {""file"": ""protocols/all_protocol_properties.json"", ""json_pointer"": ""$[36].source_url"", ""field"": ""source_url""}, {""file"": ""protocols/evidence_manifest.json"", ""json_pointer"": ""$.sources[36].source_url"", ""field"": ""source_url""}, {""file"": ""protocols/smtp/evidence_manifest.json"", ""json_pointer"": ""$.admitted_property_sources[5].source_url"", ""field"": ""source_url""}]"
https://github.com/Exim/exim/blob/38903fb5b864ee99904d035337c66891604d9678/src/src/transports/smtp.c#L508-L525,https://github.com/Exim/exim/blob/38903fb5b864ee99904d035337c66891604d9678/src/src/transports/smtp.c,True,TLS_VERIFIED,HTTP 206,20,"[{""file"": ""_staging/ietf_app_protocols/smtp/proposals.json"", ""json_pointer"": ""$[0].auxiliary_source_mappings[2].url"", ""field"": ""url""}, {""file"": ""_staging/ietf_app_protocols/smtp/proposals.json"", ""json_pointer"": ""$[1].auxiliary_source_mappings[4].url"", ""field"": ""url""}, {""file"": ""_staging/ietf_app_protocols/smtp/proposals.json"", ""json_pointer"": ""$[3].auxiliary_source_mappings[4].url"", ""field"": ""url""}, {""file"": ""_staging/ietf_app_protocols/smtp/proposals.json"", ""json_pointer"": ""$[5].auxiliary_source_mappings[2].url"", ""field"": ""url""}, {""file"": ""protocols/all_protocol_properties.json"", ""json_pointer"": ""$[31].auxiliary_source_mappings[2].url"", ""field"": ""url""}, {""file"": ""protocols/all_protocol_properties.json"", ""json_pointer"": ""$[31].auxiliary_source_verification[2].url"", ""field"": ""url""}, {""file"": ""protocols/all_protocol_properties.json"", ""json_pointer"": ""$[32].auxiliary_source_mappings[4].url"", ""field"": ""url""}, {""file"": ""protocols/all_protocol_properties.json"", ""json_pointer"": ""$[32].auxiliary_source_verification[4].url"", ""field"": ""url""}, {""file"": ""protocols/all_protocol_properties.json"", ""json_pointer"": ""$[34].auxiliary_source_mappings[4].url"", ""field"": ""url""}, {""file"": ""protocols/all_protocol_properties.json"", ""json_pointer"": ""$[34].auxiliary_source_verification[4].url"", ""field"": ""url""}, {""file"": ""protocols/all_protocol_properties.json"", ""json_pointer"": ""$[36].auxiliary_source_mappings[2].url"", ""field"": ""url""}, {""file"": ""protocols/all_protocol_properties.json"", ""json_pointer"": ""$[36].auxiliary_source_verification[2].url"", ""field"": ""url""}, {""file"": ""protocols/evidence_manifest.json"", ""json_pointer"": ""$.sources[31].auxiliary_source_mappings[2].url"", ""field"": ""url""}, {""file"": ""protocols/evidence_manifest.json"", ""json_pointer"": ""$.sources[32].auxiliary_source_mappings[4].url"", ""field"": ""url""}, {""file"": ""protocols/evidence_manifest.json"", ""json_pointer"": ""$.sources[34].auxiliary_source_mappings[4].url"", ""field"": ""url""}, {""file"": ""protocols/evidence_manifest.json"", ""json_pointer"": ""$.sources[36].auxiliary_source_mappings[2].url"", ""field"": ""url""}, {""file"": ""protocols/smtp/evidence_manifest.json"", ""json_pointer"": ""$.admitted_property_sources[0].auxiliary_source_mappings[2].url"", ""field"": ""url""}, {""file"": ""protocols/smtp/evidence_manifest.json"", ""json_pointer"": ""$.admitted_property_sources[1].auxiliary_source_mappings[4].url"", ""field"": ""url""}, {""file"": ""protocols/smtp/evidence_manifest.json"", ""json_pointer"": ""$.admitted_property_sources[3].auxiliary_source_mappings[4].url"", ""field"": ""url""}, {""file"": ""protocols/smtp/evidence_manifest.json"", ""json_pointer"": ""$.admitted_property_sources[5].auxiliary_source_mappings[2].url"", ""field"": ""url""}]"
https://github.com/Exim/exim/blob/38903fb5b864ee99904d035337c66891604d9678/src/src/transports/smtp.c#L742-L782,https://github.com/Exim/exim/blob/38903fb5b864ee99904d035337c66891604d9678/src/src/transports/smtp.c,True,TLS_VERIFIED,HTTP 206,5,"[{""file"": ""_staging/ietf_app_protocols/smtp/proposals.json"", ""json_pointer"": ""$[1].auxiliary_source_mappings[0].url"", ""field"": ""url""}, {""file"": ""protocols/all_protocol_properties.json"", ""json_pointer"": ""$[32].auxiliary_source_mappings[0].url"", ""field"": ""url""}, {""file"": ""protocols/all_protocol_properties.json"", ""json_pointer"": ""$[32].auxiliary_source_verification[0].url"", ""field"": ""url""}, {""file"": ""protocols/evidence_manifest.json"", ""json_pointer"": ""$.sources[32].auxiliary_source_mappings[0].url"", ""field"": ""url""}, {""file"": ""protocols/smtp/evidence_manifest.json"", ""json_pointer"": ""$.admitted_property_sources[1].auxiliary_source_mappings[0].url"", ""field"": ""url""}]"
https://github.com/Exim/exim/blob/38903fb5b864ee99904d035337c66891604d9678/src/src/transports/smtp.c#L786-L825,https://github.com/Exim/exim/blob/38903fb5b864ee99904d035337c66891604d9678/src/src/transports/smtp.c,True,TLS_VERIFIED,HTTP 206,4,"[{""file"": ""_staging/ietf_app_protocols/smtp/proposals.json"", ""json_pointer"": ""$[2].source_url"", ""field"": ""source_url""}, {""file"": ""protocols/all_protocol_properties.json"", ""json_pointer"": ""$[33].source_url"", ""field"": ""source_url""}, {""file"": ""protocols/evidence_manifest.json"", ""json_pointer"": ""$.sources[33].source_url"", ""field"": ""source_url""}, {""file"": ""protocols/smtp/evidence_manifest.json"", ""json_pointer"": ""$.admitted_property_sources[2].source_url"", ""field"": ""source_url""}]"
https://github.com/Exim/exim/blob/38903fb5b864ee99904d035337c66891604d9678/src/src/transports/smtp.c#L911-L930,https://github.com/Exim/exim/blob/38903fb5b864ee99904d035337c66891604d9678/src/src/transports/smtp.c,True,TLS_VERIFIED,HTTP 206,5,"[{""file"": ""_staging/ietf_app_protocols/smtp/proposals.json"", ""json_pointer"": ""$[3].auxiliary_source_mappings[0].url"", ""field"": ""url""}, {""file"": ""protocols/all_protocol_properties.json"", ""json_pointer"": ""$[34].auxiliary_source_mappings[0].url"", ""field"": ""url""}, {""file"": ""protocols/all_protocol_properties.json"", ""json_pointer"": ""$[34].auxiliary_source_verification[0].url"", ""field"": ""url""}, {""file"": ""protocols/evidence_manifest.json"", ""json_pointer"": ""$.sources[34].auxiliary_source_mappings[0].url"", ""field"": ""url""}, {""file"": ""protocols/smtp/evidence_manifest.json"", ""json_pointer"": ""$.admitted_property_sources[3].auxiliary_source_mappings[0].url"", ""field"": ""url""}]"
https://github.com/Exim/exim/tree/38903fb5b864ee99904d035337c66891604d9678,https://github.com/Exim/exim/tree/38903fb5b864ee99904d035337c66891604d9678,True,TLS_VERIFIED,HTTP 206,2,"[{""file"": ""_staging/ietf_app_protocols/smtp/evidence.json"", ""json_pointer"": ""$.implementation.url"", ""field"": ""url""}, {""file"": ""protocols/smtp/evidence_manifest.json"", ""json_pointer"": ""$.screening_records[0].record.implementation.url"", ""field"": ""url""}]"
https://github.com/ProFuzzBench/ProFuzzBench/blob/8573ec81d68f2c1ffc8f5e605dfdd9c61fbeb074/subjects/DICOM/Dcmtk/Dockerfile#L75-L88,https://github.com/ProFuzzBench/ProFuzzBench/blob/8573ec81d68f2c1ffc8f5e605dfdd9c61fbeb074/subjects/DICOM/Dcmtk/Dockerfile,True,TLS_VERIFIED,HTTP 206,2,"[{""file"": ""_staging/transport_security_protocols/dicom/evidence.json"", ""json_pointer"": ""$.sources[1].url"", ""field"": ""url""}, {""file"": ""protocols/dicom/evidence_manifest.json"", ""json_pointer"": ""$.screening_records[0].record.sources[1].url"", ""field"": ""url""}]"
https://github.com/ProFuzzBench/ProFuzzBench/blob/8573ec81d68f2c1ffc8f5e605dfdd9c61fbeb074/subjects/DTLS/TinyDTLS/Dockerfile#L71-L87,https://github.com/ProFuzzBench/ProFuzzBench/blob/8573ec81d68f2c1ffc8f5e605dfdd9c61fbeb074/subjects/DTLS/TinyDTLS/Dockerfile,True,TLS_VERIFIED,HTTP 206,2,"[{""file"": ""_staging/transport_security_protocols/dtls/evidence.json"", ""json_pointer"": ""$.sources[2].url"", ""field"": ""url""}, {""file"": ""protocols/dtls/evidence_manifest.json"", ""json_pointer"": ""$.screening_records[0].record.sources[2].url"", ""field"": ""url""}]"
https://github.com/ProFuzzBench/ProFuzzBench/blob/8573ec81d68f2c1ffc8f5e605dfdd9c61fbeb074/subjects/SSH/OpenSSH/Dockerfile#L89-L111,https://github.com/ProFuzzBench/ProFuzzBench/blob/8573ec81d68f2c1ffc8f5e605dfdd9c61fbeb074/subjects/SSH/OpenSSH/Dockerfile,True,TLS_VERIFIED,HTTP 206,2,"[{""file"": ""_staging/transport_security_protocols/ssh/evidence.json"", ""json_pointer"": ""$.sources[1].url"", ""field"": ""url""}, {""file"": ""protocols/ssh/evidence_manifest.json"", ""json_pointer"": ""$.screening_records[0].record.sources[1].url"", ""field"": ""url""}]"
https://github.com/ProFuzzBench/ProFuzzBench/blob/8573ec81d68f2c1ffc8f5e605dfdd9c61fbeb074/subjects/TLS/OpenSSL/Dockerfile#L73-L88,https://github.com/ProFuzzBench/ProFuzzBench/blob/8573ec81d68f2c1ffc8f5e605dfdd9c61fbeb074/subjects/TLS/OpenSSL/Dockerfile,True,TLS_VERIFIED,HTTP 206,2,"[{""file"": ""_staging/transport_security_protocols/tls/evidence.json"", ""json_pointer"": ""$.sources[1].url"", ""field"": ""url""}, {""file"": ""protocols/tls/evidence_manifest.json"", ""json_pointer"": ""$.screening_records[0].record.sources[1].url"", ""field"": ""url""}]"
https://github.com/aflnet/aflnet,https://github.com/aflnet/aflnet,True,TLS_VERIFIED,HTTP 206,2,"[{""file"": ""evidence_manifest.yaml"", ""json_pointer"": ""$.sources[6].url"", ""field"": ""url""}, {""file"": ""protocols/sip/evidence_manifest.json"", ""json_pointer"": ""$.screening_records[0].record.sources[6].url"", ""field"": ""url""}]"
https://github.com/assist-project/tinydtls-fuzz/tree/06995d43e9eba892aa7db604b3879b5f91872328,https://github.com/assist-project/tinydtls-fuzz/tree/06995d43e9eba892aa7db604b3879b5f91872328,True,TLS_VERIFIED,HTTP 206,2,"[{""file"": ""_staging/transport_security_protocols/dtls/evidence.json"", ""json_pointer"": ""$.sources[1].url"", ""field"": ""url""}, {""file"": ""protocols/dtls/evidence_manifest.json"", ""json_pointer"": ""$.screening_records[0].record.sources[1].url"", ""field"": ""url""}]"
https://github.com/driftregion/iso14229,https://github.com/driftregion/iso14229,True,TLS_VERIFIED,HTTP 206,2,"[{""file"": ""_staging/industrial_protocols/can_uds/evidence.json"", ""json_pointer"": ""$.sources[1].url"", ""field"": ""url""}, {""file"": ""protocols/can_uds/evidence_manifest.json"", ""json_pointer"": ""$.screening_records[0].record.sources[1].url"", ""field"": ""url""}]"
https://github.com/driftregion/iso14229/blob/b0e92b14fcc384d42bfd01ecd7f745addb6bf761/src/config.h#L42-L43,https://github.com/driftregion/iso14229/blob/b0e92b14fcc384d42bfd01ecd7f745addb6bf761/src/config.h,True,TLS_VERIFIED,HTTP 206,5,"[{""file"": ""_staging/industrial_protocols/can_uds/proposals.json"", ""json_pointer"": ""$[2].auxiliary_source_mappings[0].url"", ""field"": ""url""}, {""file"": ""protocols/all_protocol_properties.json"", ""json_pointer"": ""$[77].auxiliary_source_mappings[0].url"", ""field"": ""url""}, {""file"": ""protocols/all_protocol_properties.json"", ""json_pointer"": ""$[77].auxiliary_source_verification[0].url"", ""field"": ""url""}, {""file"": ""protocols/evidence_manifest.json"", ""json_pointer"": ""$.sources[77].auxiliary_source_mappings[0].url"", ""field"": ""url""}, {""file"": ""protocols/can_uds/evidence_manifest.json"", ""json_pointer"": ""$.admitted_property_sources[2].auxiliary_source_mappings[0].url"", ""field"": ""url""}]"
https://github.com/driftregion/iso14229/blob/b0e92b14fcc384d42bfd01ecd7f745addb6bf761/src/config.h#L47-L48,https://github.com/driftregion/iso14229/blob/b0e92b14fcc384d42bfd01ecd7f745addb6bf761/src/config.h,True,TLS_VERIFIED,HTTP 206,5,"[{""file"": ""_staging/industrial_protocols/can_uds/proposals.json"", ""json_pointer"": ""$[3].auxiliary_source_mappings[0].url"", ""field"": ""url""}, {""file"": ""protocols/all_protocol_properties.json"", ""json_pointer"": ""$[78].auxiliary_source_mappings[0].url"", ""field"": ""url""}, {""file"": ""protocols/all_protocol_properties.json"", ""json_pointer"": ""$[78].auxiliary_source_verification[0].url"", ""field"": ""url""}, {""file"": ""protocols/evidence_manifest.json"", ""json_pointer"": ""$.sources[78].auxiliary_source_mappings[0].url"", ""field"": ""url""}, {""file"": ""protocols/can_uds/evidence_manifest.json"", ""json_pointer"": ""$.admitted_property_sources[3].auxiliary_source_mappings[0].url"", ""field"": ""url""}]"
https://github.com/driftregion/iso14229/blob/b0e92b14fcc384d42bfd01ecd7f745addb6bf761/src/config.h#L51-L53,https://github.com/driftregion/iso14229/blob/b0e92b14fcc384d42bfd01ecd7f745addb6bf761/src/config.h,True,TLS_VERIFIED,HTTP 206,5,"[{""file"": ""_staging/industrial_protocols/can_uds/proposals.json"", ""json_pointer"": ""$[4].auxiliary_source_mappings[3].url"", ""field"": ""url""}, {""file"": ""protocols/all_protocol_properties.json"", ""json_pointer"": ""$[79].auxiliary_source_mappings[3].url"", ""field"": ""url""}, {""file"": ""protocols/all_protocol_properties.json"", ""json_pointer"": ""$[79].auxiliary_source_verification[3].url"", ""field"": ""url""}, {""file"": ""protocols/evidence_manifest.json"", ""json_pointer"": ""$.sources[79].auxiliary_source_mappings[3].url"", ""field"": ""url""}, {""file"": ""protocols/can_uds/evidence_manifest.json"", ""json_pointer"": ""$.admitted_property_sources[4].auxiliary_source_mappings[3].url"", ""field"": ""url""}]"
https://github.com/driftregion/iso14229/blob/b0e92b14fcc384d42bfd01ecd7f745addb6bf761/src/server.c#L1304-L1321,https://github.com/driftregion/iso14229/blob/b0e92b14fcc384d42bfd01ecd7f745addb6bf761/src/server.c,True,TLS_VERIFIED,HTTP 206,5,"[{""file"": ""_staging/industrial_protocols/can_uds/proposals.json"", ""json_pointer"": ""$[4].auxiliary_source_mappings[1].url"", ""field"": ""url""}, {""file"": ""protocols/all_protocol_properties.json"", ""json_pointer"": ""$[79].auxiliary_source_mappings[1].url"", ""field"": ""url""}, {""file"": ""protocols/all_protocol_properties.json"", ""json_pointer"": ""$[79].auxiliary_source_verification[1].url"", ""field"": ""url""}, {""file"": ""protocols/evidence_manifest.json"", ""json_pointer"": ""$.sources[79].auxiliary_source_mappings[1].url"", ""field"": ""url""}, {""file"": ""protocols/can_uds/evidence_manifest.json"", ""json_pointer"": ""$.admitted_property_sources[4].auxiliary_source_mappings[1].url"", ""field"": ""url""}]"
https://github.com/driftregion/iso14229/blob/b0e92b14fcc384d42bfd01ecd7f745addb6bf761/src/server.c#L1564-L1579,https://github.com/driftregion/iso14229/blob/b0e92b14fcc384d42bfd01ecd7f745addb6bf761/src/server.c,True,TLS_VERIFIED,HTTP 206,15,"[{""file"": ""_staging/industrial_protocols/can_uds/proposals.json"", ""json_pointer"": ""$[2].auxiliary_source_mappings[3].url"", ""field"": ""url""}, {""file"": ""_staging/industrial_protocols/can_uds/proposals.json"", ""json_pointer"": ""$[3].auxiliary_source_mappings[2].url"", ""field"": ""url""}, {""file"": ""_staging/industrial_protocols/can_uds/proposals.json"", ""json_pointer"": ""$[4].auxiliary_source_mappings[2].url"", ""field"": ""url""}, {""file"": ""protocols/all_protocol_properties.json"", ""json_pointer"": ""$[77].auxiliary_source_mappings[3].url"", ""field"": ""url""}, {""file"": ""protocols/all_protocol_properties.json"", ""json_pointer"": ""$[77].auxiliary_source_verification[3].url"", ""field"": ""url""}, {""file"": ""protocols/all_protocol_properties.json"", ""json_pointer"": ""$[78].auxiliary_source_mappings[2].url"", ""field"": ""url""}, {""file"": ""protocols/all_protocol_properties.json"", ""json_pointer"": ""$[78].auxiliary_source_verification[2].url"", ""field"": ""url""}, {""file"": ""protocols/all_protocol_properties.json"", ""json_pointer"": ""$[79].auxiliary_source_mappings[2].url"", ""field"": ""url""}, {""file"": ""protocols/all_protocol_properties.json"", ""json_pointer"": ""$[79].auxiliary_source_verification[2].url"", ""field"": ""url""}, {""file"": ""protocols/evidence_manifest.json"", ""json_pointer"": ""$.sources[77].auxiliary_source_mappings[3].url"", ""field"": ""url""}, {""file"": ""protocols/evidence_manifest.json"", ""json_pointer"": ""$.sources[78].auxiliary_source_mappings[2].url"", ""field"": ""url""}, {""file"": ""protocols/evidence_manifest.json"", ""json_pointer"": ""$.sources[79].auxiliary_source_mappings[2].url"", ""field"": ""url""}, {""file"": ""protocols/can_uds/evidence_manifest.json"", ""json_pointer"": ""$.admitted_property_sources[2].auxiliary_source_mappings[3].url"", ""field"": ""url""}, {""file"": ""protocols/can_uds/evidence_manifest.json"", ""json_pointer"": ""$.admitted_property_sources[3].auxiliary_source_mappings[2].url"", ""field"": ""url""}, {""file"": ""protocols/can_uds/evidence_manifest.json"", ""json_pointer"": ""$.admitted_property_sources[4].auxiliary_source_mappings[2].url"", ""field"": ""url""}]"
https://github.com/driftregion/iso14229/blob/b0e92b14fcc384d42bfd01ecd7f745addb6bf761/src/server.c#L1581-L1588,https://github.com/driftregion/iso14229/blob/b0e92b14fcc384d42bfd01ecd7f745addb6bf761/src/server.c,True,TLS_VERIFIED,HTTP 206,4,"[{""file"": ""_staging/industrial_protocols/can_uds/proposals.json"", ""json_pointer"": ""$[4].source_url"", ""field"": ""source_url""}, {""file"": ""protocols/all_protocol_properties.json"", ""json_pointer"": ""$[79].source_url"", ""field"": ""source_url""}, {""file"": ""protocols/evidence_manifest.json"", ""json_pointer"": ""$.sources[79].source_url"", ""field"": ""source_url""}, {""file"": ""protocols/can_uds/evidence_manifest.json"", ""json_pointer"": ""$.admitted_property_sources[4].source_url"", ""field"": ""source_url""}]"
https://github.com/driftregion/iso14229/blob/b0e92b14fcc384d42bfd01ecd7f745addb6bf761/src/server.c#L1581-L1660,https://github.com/driftregion/iso14229/blob/b0e92b14fcc384d42bfd01ecd7f745addb6bf761/src/server.c,True,TLS_VERIFIED,HTTP 206,4,"[{""file"": ""_staging/industrial_protocols/can_uds/proposals.json"", ""json_pointer"": ""$[2].source_url"", ""field"": ""source_url""}, {""file"": ""protocols/all_protocol_properties.json"", ""json_pointer"": ""$[77].source_url"", ""field"": ""source_url""}, {""file"": ""protocols/evidence_manifest.json"", ""json_pointer"": ""$.sources[77].source_url"", ""field"": ""source_url""}, {""file"": ""protocols/can_uds/evidence_manifest.json"", ""json_pointer"": ""$.admitted_property_sources[2].source_url"", ""field"": ""source_url""}]"
https://github.com/driftregion/iso14229/blob/b0e92b14fcc384d42bfd01ecd7f745addb6bf761/src/server.c#L1598-L1638,https://github.com/driftregion/iso14229/blob/b0e92b14fcc384d42bfd01ecd7f745addb6bf761/src/server.c,True,TLS_VERIFIED,HTTP 206,4,"[{""file"": ""_staging/industrial_protocols/can_uds/proposals.json"", ""json_pointer"": ""$[3].source_url"", ""field"": ""source_url""}, {""file"": ""protocols/all_protocol_properties.json"", ""json_pointer"": ""$[78].source_url"", ""field"": ""source_url""}, {""file"": ""protocols/evidence_manifest.json"", ""json_pointer"": ""$.sources[78].source_url"", ""field"": ""source_url""}, {""file"": ""protocols/can_uds/evidence_manifest.json"", ""json_pointer"": ""$.admitted_property_sources[3].source_url"", ""field"": ""source_url""}]"
https://github.com/driftregion/iso14229/blob/b0e92b14fcc384d42bfd01ecd7f745addb6bf761/src/server.c#L1617-L1621,https://github.com/driftregion/iso14229/blob/b0e92b14fcc384d42bfd01ecd7f745addb6bf761/src/server.c,True,TLS_VERIFIED,HTTP 206,5,"[{""file"": ""_staging/industrial_protocols/can_uds/proposals.json"", ""json_pointer"": ""$[2].auxiliary_source_mappings[2].url"", ""field"": ""url""}, {""file"": ""protocols/all_protocol_properties.json"", ""json_pointer"": ""$[77].auxiliary_source_mappings[2].url"", ""field"": ""url""}, {""file"": ""protocols/all_protocol_properties.json"", ""json_pointer"": ""$[77].auxiliary_source_verification[2].url"", ""field"": ""url""}, {""file"": ""protocols/evidence_manifest.json"", ""json_pointer"": ""$.sources[77].auxiliary_source_mappings[2].url"", ""field"": ""url""}, {""file"": ""protocols/can_uds/evidence_manifest.json"", ""json_pointer"": ""$.admitted_property_sources[2].auxiliary_source_mappings[2].url"", ""field"": ""url""}]"
https://github.com/driftregion/iso14229/blob/b0e92b14fcc384d42bfd01ecd7f745addb6bf761/src/server.c#L38-L83,https://github.com/driftregion/iso14229/blob/b0e92b14fcc384d42bfd01ecd7f745addb6bf761/src/server.c,True,TLS_VERIFIED,HTTP 206,5,"[{""file"": ""_staging/industrial_protocols/can_uds/proposals.json"", ""json_pointer"": ""$[4].auxiliary_source_mappings[0].url"", ""field"": ""url""}, {""file"": ""protocols/all_protocol_properties.json"", ""json_pointer"": ""$[79].auxiliary_source_mappings[0].url"", ""field"": ""url""}, {""file"": ""protocols/all_protocol_properties.json"", ""json_pointer"": ""$[79].auxiliary_source_verification[0].url"", ""field"": ""url""}, {""file"": ""protocols/evidence_manifest.json"", ""json_pointer"": ""$.sources[79].auxiliary_source_mappings[0].url"", ""field"": ""url""}, {""file"": ""protocols/can_uds/evidence_manifest.json"", ""json_pointer"": ""$.admitted_property_sources[4].auxiliary_source_mappings[0].url"", ""field"": ""url""}]"
https://github.com/driftregion/iso14229/blob/b0e92b14fcc384d42bfd01ecd7f745addb6bf761/src/util.h#L13,https://github.com/driftregion/iso14229/blob/b0e92b14fcc384d42bfd01ecd7f745addb6bf761/src/util.h,True,TLS_VERIFIED,HTTP 206,15,"[{""file"": ""_staging/industrial_protocols/can_uds/proposals.json"", ""json_pointer"": ""$[2].auxiliary_source_mappings[1].url"", ""field"": ""url""}, {""file"": ""_staging/industrial_protocols/can_uds/proposals.json"", ""json_pointer"": ""$[3].auxiliary_source_mappings[1].url"", ""field"": ""url""}, {""file"": ""_staging/industrial_protocols/can_uds/proposals.json"", ""json_pointer"": ""$[4].auxiliary_source_mappings[4].url"", ""field"": ""url""}, {""file"": ""protocols/all_protocol_properties.json"", ""json_pointer"": ""$[77].auxiliary_source_mappings[1].url"", ""field"": ""url""}, {""file"": ""protocols/all_protocol_properties.json"", ""json_pointer"": ""$[77].auxiliary_source_verification[1].url"", ""field"": ""url""}, {""file"": ""protocols/all_protocol_properties.json"", ""json_pointer"": ""$[78].auxiliary_source_mappings[1].url"", ""field"": ""url""}, {""file"": ""protocols/all_protocol_properties.json"", ""json_pointer"": ""$[78].auxiliary_source_verification[1].url"", ""field"": ""url""}, {""file"": ""protocols/all_protocol_properties.json"", ""json_pointer"": ""$[79].auxiliary_source_mappings[4].url"", ""field"": ""url""}, {""file"": ""protocols/all_protocol_properties.json"", ""json_pointer"": ""$[79].auxiliary_source_verification[4].url"", ""field"": ""url""}, {""file"": ""protocols/evidence_manifest.json"", ""json_pointer"": ""$.sources[77].auxiliary_source_mappings[1].url"", ""field"": ""url""}, {""file"": ""protocols/evidence_manifest.json"", ""json_pointer"": ""$.sources[78].auxiliary_source_mappings[1].url"", ""field"": ""url""}, {""file"": ""protocols/evidence_manifest.json"", ""json_pointer"": ""$.sources[79].auxiliary_source_mappings[4].url"", ""field"": ""url""}, {""file"": ""protocols/can_uds/evidence_manifest.json"", ""json_pointer"": ""$.admitted_property_sources[2].auxiliary_source_mappings[1].url"", ""field"": ""url""}, {""file"": ""protocols/can_uds/evidence_manifest.json"", ""json_pointer"": ""$.admitted_property_sources[3].auxiliary_source_mappings[1].url"", ""field"": ""url""}, {""file"": ""protocols/can_uds/evidence_manifest.json"", ""json_pointer"": ""$.admitted_property_sources[4].auxiliary_source_mappings[4].url"", ""field"": ""url""}]"
https://github.com/eProsima/Fast-DDS,https://github.com/eProsima/Fast-DDS,True,TLS_VERIFIED,HTTP 206,2,"[{""file"": ""_staging/industrial_protocols/dds_rtps/evidence.json"", ""json_pointer"": ""$.sources[0].url"", ""field"": ""url""}, {""file"": ""protocols/dds_rtps/evidence_manifest.json"", ""json_pointer"": ""$.screening_records[0].record.sources[0].url"", ""field"": ""url""}]"
https://github.com/eProsima/Fast-DDS/blob/94940169442298e2736af79720ef05d89a1b2a7d/src/cpp/fastdds/publisher/DataWriterHistory.cpp#L148-L234,https://github.com/eProsima/Fast-DDS/blob/94940169442298e2736af79720ef05d89a1b2a7d/src/cpp/fastdds/publisher/DataWriterHistory.cpp,True,TLS_VERIFIED,HTTP 206,4,"[{""file"": ""_staging/industrial_protocols/dds_rtps/proposals.json"", ""json_pointer"": ""$[4].source_url"", ""field"": ""source_url""}, {""file"": ""protocols/all_protocol_properties.json"", ""json_pointer"": ""$[70].source_url"", ""field"": ""source_url""}, {""file"": ""protocols/evidence_manifest.json"", ""json_pointer"": ""$.sources[70].source_url"", ""field"": ""source_url""}, {""file"": ""protocols/dds_rtps/evidence_manifest.json"", ""json_pointer"": ""$.admitted_property_sources[0].source_url"", ""field"": ""source_url""}]"
https://github.com/eProsima/Fast-DDS/blob/94940169442298e2736af79720ef05d89a1b2a7d/src/cpp/fastdds/publisher/DataWriterHistory.hpp#L142-L170,https://github.com/eProsima/Fast-DDS/blob/94940169442298e2736af79720ef05d89a1b2a7d/src/cpp/fastdds/publisher/DataWriterHistory.hpp,True,TLS_VERIFIED,HTTP 206,5,"[{""file"": ""_staging/industrial_protocols/dds_rtps/proposals.json"", ""json_pointer"": ""$[4].auxiliary_source_mappings[1].url"", ""field"": ""url""}, {""file"": ""protocols/all_protocol_properties.json"", ""json_pointer"": ""$[70].auxiliary_source_mappings[1].url"", ""field"": ""url""}, {""file"": ""protocols/all_protocol_properties.json"", ""json_pointer"": ""$[70].auxiliary_source_verification[1].url"", ""field"": ""url""}, {""file"": ""protocols/evidence_manifest.json"", ""json_pointer"": ""$.sources[70].auxiliary_source_mappings[1].url"", ""field"": ""url""}, {""file"": ""protocols/dds_rtps/evidence_manifest.json"", ""json_pointer"": ""$.admitted_property_sources[0].auxiliary_source_mappings[1].url"", ""field"": ""url""}]"
https://github.com/eProsima/Fast-DDS/blob/94940169442298e2736af79720ef05d89a1b2a7d/src/cpp/fastdds/publisher/DataWriterImpl.cpp#L1003-L1107,https://github.com/eProsima/Fast-DDS/blob/94940169442298e2736af79720ef05d89a1b2a7d/src/cpp/fastdds/publisher/DataWriterImpl.cpp,True,TLS_VERIFIED,HTTP 206,5,"[{""file"": ""_staging/industrial_protocols/dds_rtps/proposals.json"", ""json_pointer"": ""$[4].auxiliary_source_mappings[0].url"", ""field"": ""url""}, {""file"": ""protocols/all_protocol_properties.json"", ""json_pointer"": ""$[70].auxiliary_source_mappings[0].url"", ""field"": ""url""}, {""file"": ""protocols/all_protocol_properties.json"", ""json_pointer"": ""$[70].auxiliary_source_verification[0].url"", ""field"": ""url""}, {""file"": ""protocols/evidence_manifest.json"", ""json_pointer"": ""$.sources[70].auxiliary_source_mappings[0].url"", ""field"": ""url""}, {""file"": ""protocols/dds_rtps/evidence_manifest.json"", ""json_pointer"": ""$.admitted_property_sources[0].auxiliary_source_mappings[0].url"", ""field"": ""url""}]"
https://github.com/eProsima/Fast-DDS/blob/94940169442298e2736af79720ef05d89a1b2a7d/src/cpp/rtps/builtin/discovery/participant/PDP.cpp#L1534-L1546,https://github.com/eProsima/Fast-DDS/blob/94940169442298e2736af79720ef05d89a1b2a7d/src/cpp/rtps/builtin/discovery/participant/PDP.cpp,True,TLS_VERIFIED,HTTP 206,4,"[{""file"": ""_staging/industrial_protocols/dds_rtps/proposals.json"", ""json_pointer"": ""$[2].source_url"", ""field"": ""source_url""}, {""file"": ""protocols/all_protocol_properties.json"", ""json_pointer"": ""$[71].source_url"", ""field"": ""source_url""}, {""file"": ""protocols/evidence_manifest.json"", ""json_pointer"": ""$.sources[71].source_url"", ""field"": ""source_url""}, {""file"": ""protocols/dds_rtps/evidence_manifest.json"", ""json_pointer"": ""$.admitted_property_sources[1].source_url"", ""field"": ""source_url""}]"
https://github.com/eProsima/Fast-DDS/blob/94940169442298e2736af79720ef05d89a1b2a7d/src/cpp/rtps/builtin/discovery/participant/PDP.cpp#L558-L574,https://github.com/eProsima/Fast-DDS/blob/94940169442298e2736af79720ef05d89a1b2a7d/src/cpp/rtps/builtin/discovery/participant/PDP.cpp,True,TLS_VERIFIED,HTTP 206,5,"[{""file"": ""_staging/industrial_protocols/dds_rtps/proposals.json"", ""json_pointer"": ""$[2].auxiliary_source_mappings[2].url"", ""field"": ""url""}, {""file"": ""protocols/all_protocol_properties.json"", ""json_pointer"": ""$[71].auxiliary_source_mappings[2].url"", ""field"": ""url""}, {""file"": ""protocols/all_protocol_properties.json"", ""json_pointer"": ""$[71].auxiliary_source_verification[2].url"", ""field"": ""url""}, {""file"": ""protocols/evidence_manifest.json"", ""json_pointer"": ""$.sources[71].auxiliary_source_mappings[2].url"", ""field"": ""url""}, {""file"": ""protocols/dds_rtps/evidence_manifest.json"", ""json_pointer"": ""$.admitted_property_sources[1].auxiliary_source_mappings[2].url"", ""field"": ""url""}]"
https://github.com/eProsima/Fast-DDS/blob/94940169442298e2736af79720ef05d89a1b2a7d/src/cpp/rtps/builtin/discovery/participant/PDP.cpp#L576-L692,https://github.com/eProsima/Fast-DDS/blob/94940169442298e2736af79720ef05d89a1b2a7d/src/cpp/rtps/builtin/discovery/participant/PDP.cpp,True,TLS_VERIFIED,HTTP 206,5,"[{""file"": ""_staging/industrial_protocols/dds_rtps/proposals.json"", ""json_pointer"": ""$[2].auxiliary_source_mappings[0].url"", ""field"": ""url""}, {""file"": ""protocols/all_protocol_properties.json"", ""json_pointer"": ""$[71].auxiliary_source_mappings[0].url"", ""field"": ""url""}, {""file"": ""protocols/all_protocol_properties.json"", ""json_pointer"": ""$[71].auxiliary_source_verification[0].url"", ""field"": ""url""}, {""file"": ""protocols/evidence_manifest.json"", ""json_pointer"": ""$.sources[71].auxiliary_source_mappings[0].url"", ""field"": ""url""}, {""file"": ""protocols/dds_rtps/evidence_manifest.json"", ""json_pointer"": ""$.admitted_property_sources[1].auxiliary_source_mappings[0].url"", ""field"": ""url""}]"
https://github.com/eProsima/Fast-DDS/blob/94940169442298e2736af79720ef05d89a1b2a7d/src/cpp/rtps/builtin/discovery/participant/PDP.cpp#L702-L708,https://github.com/eProsima/Fast-DDS/blob/94940169442298e2736af79720ef05d89a1b2a7d/src/cpp/rtps/builtin/discovery/participant/PDP.cpp,True,TLS_VERIFIED,HTTP 206,5,"[{""file"": ""_staging/industrial_protocols/dds_rtps/proposals.json"", ""json_pointer"": ""$[2].auxiliary_source_mappings[1].url"", ""field"": ""url""}, {""file"": ""protocols/all_protocol_properties.json"", ""json_pointer"": ""$[71].auxiliary_source_mappings[1].url"", ""field"": ""url""}, {""file"": ""protocols/all_protocol_properties.json"", ""json_pointer"": ""$[71].auxiliary_source_verification[1].url"", ""field"": ""url""}, {""file"": ""protocols/evidence_manifest.json"", ""json_pointer"": ""$.sources[71].auxiliary_source_mappings[1].url"", ""field"": ""url""}, {""file"": ""protocols/dds_rtps/evidence_manifest.json"", ""json_pointer"": ""$.admitted_property_sources[1].auxiliary_source_mappings[1].url"", ""field"": ""url""}]"
https://github.com/eProsima/Fast-DDS/blob/94940169442298e2736af79720ef05d89a1b2a7d/src/cpp/rtps/reader/BaseReader.cpp#L109-L112,https://github.com/eProsima/Fast-DDS/blob/94940169442298e2736af79720ef05d89a1b2a7d/src/cpp/rtps/reader/BaseReader.cpp,True,TLS_VERIFIED,HTTP 206,5,"[{""file"": ""_staging/industrial_protocols/dds_rtps/proposals.json"", ""json_pointer"": ""$[1].auxiliary_source_mappings[3].url"", ""field"": ""url""}, {""file"": ""protocols/all_protocol_properties.json"", ""json_pointer"": ""$[74].auxiliary_source_mappings[3].url"", ""field"": ""url""}, {""file"": ""protocols/all_protocol_properties.json"", ""json_pointer"": ""$[74].auxiliary_source_verification[3].url"", ""field"": ""url""}, {""file"": ""protocols/evidence_manifest.json"", ""json_pointer"": ""$.sources[74].auxiliary_source_mappings[3].url"", ""field"": ""url""}, {""file"": ""protocols/dds_rtps/evidence_manifest.json"", ""json_pointer"": ""$.admitted_property_sources[4].auxiliary_source_mappings[3].url"", ""field"": ""url""}]"
https://github.com/eProsima/Fast-DDS/blob/94940169442298e2736af79720ef05d89a1b2a7d/src/cpp/rtps/reader/StatefulReader.cpp#L381-L482,https://github.com/eProsima/Fast-DDS/blob/94940169442298e2736af79720ef05d89a1b2a7d/src/cpp/rtps/reader/StatefulReader.cpp,True,TLS_VERIFIED,HTTP 206,5,"[{""file"": ""_staging/industrial_protocols/dds_rtps/proposals.json"", ""json_pointer"": ""$[1].auxiliary_source_mappings[1].url"", ""field"": ""url""}, {""file"": ""protocols/all_protocol_properties.json"", ""json_pointer"": ""$[74].auxiliary_source_mappings[1].url"", ""field"": ""url""}, {""file"": ""protocols/all_protocol_properties.json"", ""json_pointer"": ""$[74].auxiliary_source_verification[1].url"", ""field"": ""url""}, {""file"": ""protocols/evidence_manifest.json"", ""json_pointer"": ""$.sources[74].auxiliary_source_mappings[1].url"", ""field"": ""url""}, {""file"": ""protocols/dds_rtps/evidence_manifest.json"", ""json_pointer"": ""$.admitted_property_sources[4].auxiliary_source_mappings[1].url"", ""field"": ""url""}]"
https://github.com/eProsima/Fast-DDS/blob/94940169442298e2736af79720ef05d89a1b2a7d/src/cpp/rtps/reader/WriterProxy.cpp#L170-L187,https://github.com/eProsima/Fast-DDS/blob/94940169442298e2736af79720ef05d89a1b2a7d/src/cpp/rtps/reader/WriterProxy.cpp,True,TLS_VERIFIED,HTTP 206,5,"[{""file"": ""_staging/industrial_protocols/dds_rtps/proposals.json"", ""json_pointer"": ""$[1].auxiliary_source_mappings[2].url"", ""field"": ""url""}, {""file"": ""protocols/all_protocol_properties.json"", ""json_pointer"": ""$[74].auxiliary_source_mappings[2].url"", ""field"": ""url""}, {""file"": ""protocols/all_protocol_properties.json"", ""json_pointer"": ""$[74].auxiliary_source_verification[2].url"", ""field"": ""url""}, {""file"": ""protocols/evidence_manifest.json"", ""json_pointer"": ""$.sources[74].auxiliary_source_mappings[2].url"", ""field"": ""url""}, {""file"": ""protocols/dds_rtps/evidence_manifest.json"", ""json_pointer"": ""$.admitted_property_sources[4].auxiliary_source_mappings[2].url"", ""field"": ""url""}]"
https://github.com/eProsima/Fast-DDS/blob/94940169442298e2736af79720ef05d89a1b2a7d/src/cpp/rtps/reader/WriterProxy.cpp#L535-L548,https://github.com/eProsima/Fast-DDS/blob/94940169442298e2736af79720ef05d89a1b2a7d/src/cpp/rtps/reader/WriterProxy.cpp,True,TLS_VERIFIED,HTTP 206,5,"[{""file"": ""_staging/industrial_protocols/dds_rtps/proposals.json"", ""json_pointer"": ""$[1].auxiliary_source_mappings[0].url"", ""field"": ""url""}, {""file"": ""protocols/all_protocol_properties.json"", ""json_pointer"": ""$[74].auxiliary_source_mappings[0].url"", ""field"": ""url""}, {""file"": ""protocols/all_protocol_properties.json"", ""json_pointer"": ""$[74].auxiliary_source_verification[0].url"", ""field"": ""url""}, {""file"": ""protocols/evidence_manifest.json"", ""json_pointer"": ""$.sources[74].auxiliary_source_mappings[0].url"", ""field"": ""url""}, {""file"": ""protocols/dds_rtps/evidence_manifest.json"", ""json_pointer"": ""$.admitted_property_sources[4].auxiliary_source_mappings[0].url"", ""field"": ""url""}]"
https://github.com/eProsima/Fast-DDS/blob/94940169442298e2736af79720ef05d89a1b2a7d/src/cpp/rtps/reader/WriterProxy.cpp#L550-L615,https://github.com/eProsima/Fast-DDS/blob/94940169442298e2736af79720ef05d89a1b2a7d/src/cpp/rtps/reader/WriterProxy.cpp,True,TLS_VERIFIED,HTTP 206,4,"[{""file"": ""_staging/industrial_protocols/dds_rtps/proposals.json"", ""json_pointer"": ""$[1].source_url"", ""field"": ""source_url""}, {""file"": ""protocols/all_protocol_properties.json"", ""json_pointer"": ""$[74].source_url"", ""field"": ""source_url""}, {""file"": ""protocols/evidence_manifest.json"", ""json_pointer"": ""$.sources[74].source_url"", ""field"": ""source_url""}, {""file"": ""protocols/dds_rtps/evidence_manifest.json"", ""json_pointer"": ""$.admitted_property_sources[4].source_url"", ""field"": ""source_url""}]"
https://github.com/eProsima/Fast-DDS/blob/94940169442298e2736af79720ef05d89a1b2a7d/src/cpp/rtps/writer/StatefulWriter.cpp#L1211-L1302,https://github.com/eProsima/Fast-DDS/blob/94940169442298e2736af79720ef05d89a1b2a7d/src/cpp/rtps/writer/StatefulWriter.cpp,True,TLS_VERIFIED,HTTP 206,5,"[{""file"": ""_staging/industrial_protocols/dds_rtps/proposals.json"", ""json_pointer"": ""$[0].auxiliary_source_mappings[2].url"", ""field"": ""url""}, {""file"": ""protocols/all_protocol_properties.json"", ""json_pointer"": ""$[73].auxiliary_source_mappings[2].url"", ""field"": ""url""}, {""file"": ""protocols/all_protocol_properties.json"", ""json_pointer"": ""$[73].auxiliary_source_verification[2].url"", ""field"": ""url""}, {""file"": ""protocols/evidence_manifest.json"", ""json_pointer"": ""$.sources[73].auxiliary_source_mappings[2].url"", ""field"": ""url""}, {""file"": ""protocols/dds_rtps/evidence_manifest.json"", ""json_pointer"": ""$.admitted_property_sources[3].auxiliary_source_mappings[2].url"", ""field"": ""url""}]"
https://github.com/eProsima/Fast-DDS/blob/94940169442298e2736af79720ef05d89a1b2a7d/src/cpp/rtps/writer/StatefulWriter.cpp#L1880-L1900,https://github.com/eProsima/Fast-DDS/blob/94940169442298e2736af79720ef05d89a1b2a7d/src/cpp/rtps/writer/StatefulWriter.cpp,True,TLS_VERIFIED,HTTP 206,5,"[{""file"": ""_staging/industrial_protocols/dds_rtps/proposals.json"", ""json_pointer"": ""$[0].auxiliary_source_mappings[0].url"", ""field"": ""url""}, {""file"": ""protocols/all_protocol_properties.json"", ""json_pointer"": ""$[73].auxiliary_source_mappings[0].url"", ""field"": ""url""}, {""file"": ""protocols/all_protocol_properties.json"", ""json_pointer"": ""$[73].auxiliary_source_verification[0].url"", ""field"": ""url""}, {""file"": ""protocols/evidence_manifest.json"", ""json_pointer"": ""$.sources[73].auxiliary_source_mappings[0].url"", ""field"": ""url""}, {""file"": ""protocols/dds_rtps/evidence_manifest.json"", ""json_pointer"": ""$.admitted_property_sources[3].auxiliary_source_mappings[0].url"", ""field"": ""url""}]"
https://github.com/eProsima/Fast-DDS/blob/94940169442298e2736af79720ef05d89a1b2a7d/src/cpp/rtps/writer/StatefulWriter.cpp#L1921-L1960,https://github.com/eProsima/Fast-DDS/blob/94940169442298e2736af79720ef05d89a1b2a7d/src/cpp/rtps/writer/StatefulWriter.cpp,True,TLS_VERIFIED,HTTP 206,4,"[{""file"": ""_staging/industrial_protocols/dds_rtps/proposals.json"", ""json_pointer"": ""$[0].source_url"", ""field"": ""source_url""}, {""file"": ""protocols/all_protocol_properties.json"", ""json_pointer"": ""$[73].source_url"", ""field"": ""source_url""}, {""file"": ""protocols/evidence_manifest.json"", ""json_pointer"": ""$.sources[73].source_url"", ""field"": ""source_url""}, {""file"": ""protocols/dds_rtps/evidence_manifest.json"", ""json_pointer"": ""$.admitted_property_sources[3].source_url"", ""field"": ""source_url""}]"
https://github.com/eProsima/Fast-DDS/blob/94940169442298e2736af79720ef05d89a1b2a7d/src/cpp/rtps/writer/StatefulWriter.cpp#L225-L232,https://github.com/eProsima/Fast-DDS/blob/94940169442298e2736af79720ef05d89a1b2a7d/src/cpp/rtps/writer/StatefulWriter.cpp,True,TLS_VERIFIED,HTTP 206,5,"[{""file"": ""_staging/industrial_protocols/dds_rtps/proposals.json"", ""json_pointer"": ""$[0].auxiliary_source_mappings[1].url"", ""field"": ""url""}, {""file"": ""protocols/all_protocol_properties.json"", ""json_pointer"": ""$[73].auxiliary_source_mappings[1].url"", ""field"": ""url""}, {""file"": ""protocols/all_protocol_properties.json"", ""json_pointer"": ""$[73].auxiliary_source_verification[1].url"", ""field"": ""url""}, {""file"": ""protocols/evidence_manifest.json"", ""json_pointer"": ""$.sources[73].auxiliary_source_mappings[1].url"", ""field"": ""url""}, {""file"": ""protocols/dds_rtps/evidence_manifest.json"", ""json_pointer"": ""$.admitted_property_sources[3].auxiliary_source_mappings[1].url"", ""field"": ""url""}]"
https://github.com/eProsima/Fast-DDS/blob/94940169442298e2736af79720ef05d89a1b2a7d/src/cpp/rtps/writer/StatefulWriter.cpp#L256-L315,https://github.com/eProsima/Fast-DDS/blob/94940169442298e2736af79720ef05d89a1b2a7d/src/cpp/rtps/writer/StatefulWriter.cpp,True,TLS_VERIFIED,HTTP 206,5,"[{""file"": ""_staging/industrial_protocols/dds_rtps/proposals.json"", ""json_pointer"": ""$[0].auxiliary_source_mappings[3].url"", ""field"": ""url""}, {""file"": ""protocols/all_protocol_properties.json"", ""json_pointer"": ""$[73].auxiliary_source_mappings[3].url"", ""field"": ""url""}, {""file"": ""protocols/all_protocol_properties.json"", ""json_pointer"": ""$[73].auxiliary_source_verification[3].url"", ""field"": ""url""}, {""file"": ""protocols/evidence_manifest.json"", ""json_pointer"": ""$.sources[73].auxiliary_source_mappings[3].url"", ""field"": ""url""}, {""file"": ""protocols/dds_rtps/evidence_manifest.json"", ""json_pointer"": ""$.admitted_property_sources[3].auxiliary_source_mappings[3].url"", ""field"": ""url""}]"
https://github.com/eclipse-cyclonedds/cyclonedds,https://github.com/eclipse-cyclonedds/cyclonedds,True,TLS_VERIFIED,HTTP 206,2,"[{""file"": ""_staging/industrial_protocols/dds_rtps/evidence.json"", ""json_pointer"": ""$.sources[1].url"", ""field"": ""url""}, {""file"": ""protocols/dds_rtps/evidence_manifest.json"", ""json_pointer"": ""$.screening_records[0].record.sources[1].url"", ""field"": ""url""}]"
https://github.com/eclipse-cyclonedds/cyclonedds/blob/2cdd114cbd18340c606573b4cc8dc20cc161ec5a/src/core/ddsi/src/q_ddsi_discovery.c#L638-L671,https://github.com/eclipse-cyclonedds/cyclonedds/blob/2cdd114cbd18340c606573b4cc8dc20cc161ec5a/src/core/ddsi/src/q_ddsi_discovery.c,True,TLS_VERIFIED,HTTP 206,5,"[{""file"": ""_staging/industrial_protocols/dds_rtps/proposals.json"", ""json_pointer"": ""$[3].auxiliary_source_mappings[1].url"", ""field"": ""url""}, {""file"": ""protocols/all_protocol_properties.json"", ""json_pointer"": ""$[72].auxiliary_source_mappings[1].url"", ""field"": ""url""}, {""file"": ""protocols/all_protocol_properties.json"", ""json_pointer"": ""$[72].auxiliary_source_verification[1].url"", ""field"": ""url""}, {""file"": ""protocols/evidence_manifest.json"", ""json_pointer"": ""$.sources[72].auxiliary_source_mappings[1].url"", ""field"": ""url""}, {""file"": ""protocols/dds_rtps/evidence_manifest.json"", ""json_pointer"": ""$.admitted_property_sources[2].auxiliary_source_mappings[1].url"", ""field"": ""url""}]"
https://github.com/eclipse-cyclonedds/cyclonedds/blob/2cdd114cbd18340c606573b4cc8dc20cc161ec5a/src/core/ddsi/src/q_ddsi_discovery.c#L723-L981,https://github.com/eclipse-cyclonedds/cyclonedds/blob/2cdd114cbd18340c606573b4cc8dc20cc161ec5a/src/core/ddsi/src/q_ddsi_discovery.c,True,TLS_VERIFIED,HTTP 206,5,"[{""file"": ""_staging/industrial_protocols/dds_rtps/proposals.json"", ""json_pointer"": ""$[3].auxiliary_source_mappings[0].url"", ""field"": ""url""}, {""file"": ""protocols/all_protocol_properties.json"", ""json_pointer"": ""$[72].auxiliary_source_mappings[0].url"", ""field"": ""url""}, {""file"": ""protocols/all_protocol_properties.json"", ""json_pointer"": ""$[72].auxiliary_source_verification[0].url"", ""field"": ""url""}, {""file"": ""protocols/evidence_manifest.json"", ""json_pointer"": ""$.sources[72].auxiliary_source_mappings[0].url"", ""field"": ""url""}, {""file"": ""protocols/dds_rtps/evidence_manifest.json"", ""json_pointer"": ""$.admitted_property_sources[2].auxiliary_source_mappings[0].url"", ""field"": ""url""}]"
https://github.com/eclipse-cyclonedds/cyclonedds/blob/2cdd114cbd18340c606573b4cc8dc20cc161ec5a/src/core/ddsi/src/q_lease.c#L218-L292,https://github.com/eclipse-cyclonedds/cyclonedds/blob/2cdd114cbd18340c606573b4cc8dc20cc161ec5a/src/core/ddsi/src/q_lease.c,True,TLS_VERIFIED,HTTP 206,4,"[{""file"": ""_staging/industrial_protocols/dds_rtps/proposals.json"", ""json_pointer"": ""$[3].source_url"", ""field"": ""source_url""}, {""file"": ""protocols/all_protocol_properties.json"", ""json_pointer"": ""$[72].source_url"", ""field"": ""source_url""}, {""file"": ""protocols/evidence_manifest.json"", ""json_pointer"": ""$.sources[72].source_url"", ""field"": ""source_url""}, {""file"": ""protocols/dds_rtps/evidence_manifest.json"", ""json_pointer"": ""$.admitted_property_sources[2].source_url"", ""field"": ""source_url""}]"
https://github.com/eclipse-cyclonedds/cyclonedds/blob/2cdd114cbd18340c606573b4cc8dc20cc161ec5a/src/core/ddsi/src/q_lease.c#L247-L281,https://github.com/eclipse-cyclonedds/cyclonedds/blob/2cdd114cbd18340c606573b4cc8dc20cc161ec5a/src/core/ddsi/src/q_lease.c,True,TLS_VERIFIED,HTTP 206,5,"[{""file"": ""_staging/industrial_protocols/dds_rtps/proposals.json"", ""json_pointer"": ""$[3].auxiliary_source_mappings[2].url"", ""field"": ""url""}, {""file"": ""protocols/all_protocol_properties.json"", ""json_pointer"": ""$[72].auxiliary_source_mappings[2].url"", ""field"": ""url""}, {""file"": ""protocols/all_protocol_properties.json"", ""json_pointer"": ""$[72].auxiliary_source_verification[2].url"", ""field"": ""url""}, {""file"": ""protocols/evidence_manifest.json"", ""json_pointer"": ""$.sources[72].auxiliary_source_mappings[2].url"", ""field"": ""url""}, {""file"": ""protocols/dds_rtps/evidence_manifest.json"", ""json_pointer"": ""$.admitted_property_sources[2].auxiliary_source_mappings[2].url"", ""field"": ""url""}]"
https://github.com/eclipse-mosquitto/mosquitto/blob/672ae3e57f8b4e086f6ce2dec836734cc38258c3/lib/handle_pubackcomp.c#L41-L168,https://github.com/eclipse-mosquitto/mosquitto/blob/672ae3e57f8b4e086f6ce2dec836734cc38258c3/lib/handle_pubackcomp.c,True,TLS_VERIFIED,HTTP 206,5,"[{""file"": ""_staging/ietf_app_protocols/mqtt/proposals.json"", ""json_pointer"": ""$[2].auxiliary_source_mappings[0].url"", ""field"": ""url""}, {""file"": ""protocols/all_protocol_properties.json"", ""json_pointer"": ""$[9].auxiliary_source_mappings[0].url"", ""field"": ""url""}, {""file"": ""protocols/all_protocol_properties.json"", ""json_pointer"": ""$[9].auxiliary_source_verification[0].url"", ""field"": ""url""}, {""file"": ""protocols/evidence_manifest.json"", ""json_pointer"": ""$.sources[9].auxiliary_source_mappings[0].url"", ""field"": ""url""}, {""file"": ""protocols/mqtt/evidence_manifest.json"", ""json_pointer"": ""$.admitted_property_sources[2].auxiliary_source_mappings[0].url"", ""field"": ""url""}]"
https://github.com/eclipse-mosquitto/mosquitto/blob/672ae3e57f8b4e086f6ce2dec836734cc38258c3/lib/handle_pubrec.c#L93-L125,https://github.com/eclipse-mosquitto/mosquitto/blob/672ae3e57f8b4e086f6ce2dec836734cc38258c3/lib/handle_pubrec.c,True,TLS_VERIFIED,HTTP 206,4,"[{""file"": ""_staging/ietf_app_protocols/mqtt/proposals.json"", ""json_pointer"": ""$[2].source_url"", ""field"": ""source_url""}, {""file"": ""protocols/all_protocol_properties.json"", ""json_pointer"": ""$[9].source_url"", ""field"": ""source_url""}, {""file"": ""protocols/evidence_manifest.json"", ""json_pointer"": ""$.sources[9].source_url"", ""field"": ""source_url""}, {""file"": ""protocols/mqtt/evidence_manifest.json"", ""json_pointer"": ""$.admitted_property_sources[2].source_url"", ""field"": ""source_url""}]"
https://github.com/eclipse-mosquitto/mosquitto/blob/672ae3e57f8b4e086f6ce2dec836734cc38258c3/lib/net_mosq.c#L214-L267,https://github.com/eclipse-mosquitto/mosquitto/blob/672ae3e57f8b4e086f6ce2dec836734cc38258c3/lib/net_mosq.c,True,TLS_VERIFIED,HTTP 206,10,"[{""file"": ""_staging/ietf_app_protocols/mqtt/proposals.json"", ""json_pointer"": ""$[0].auxiliary_source_mappings[1].url"", ""field"": ""url""}, {""file"": ""_staging/ietf_app_protocols/mqtt/proposals.json"", ""json_pointer"": ""$[1].auxiliary_source_mappings[1].url"", ""field"": ""url""}, {""file"": ""protocols/all_protocol_properties.json"", ""json_pointer"": ""$[7].auxiliary_source_mappings[1].url"", ""field"": ""url""}, {""file"": ""protocols/all_protocol_properties.json"", ""json_pointer"": ""$[7].auxiliary_source_verification[1].url"", ""field"": ""url""}, {""file"": ""protocols/all_protocol_properties.json"", ""json_pointer"": ""$[8].auxiliary_source_mappings[1].url"", ""field"": ""url""}, {""file"": ""protocols/all_protocol_properties.json"", ""json_pointer"": ""$[8].auxiliary_source_verification[1].url"", ""field"": ""url""}, {""file"": ""protocols/evidence_manifest.json"", ""json_pointer"": ""$.sources[7].auxiliary_source_mappings[1].url"", ""field"": ""url""}, {""file"": ""protocols/evidence_manifest.json"", ""json_pointer"": ""$.sources[8].auxiliary_source_mappings[1].url"", ""field"": ""url""}, {""file"": ""protocols/mqtt/evidence_manifest.json"", ""json_pointer"": ""$.admitted_property_sources[0].auxiliary_source_mappings[1].url"", ""field"": ""url""}, {""file"": ""protocols/mqtt/evidence_manifest.json"", ""json_pointer"": ""$.admitted_property_sources[1].auxiliary_source_mappings[1].url"", ""field"": ""url""}]"
https://github.com/eclipse-mosquitto/mosquitto/blob/672ae3e57f8b4e086f6ce2dec836734cc38258c3/lib/packet_mosq.c#L227-L358,https://github.com/eclipse-mosquitto/mosquitto/blob/672ae3e57f8b4e086f6ce2dec836734cc38258c3/lib/packet_mosq.c,True,TLS_VERIFIED,HTTP 206,4,"[{""file"": ""_staging/ietf_app_protocols/mqtt/proposals.json"", ""json_pointer"": ""$[0].source_url"", ""field"": ""source_url""}, {""file"": ""protocols/all_protocol_properties.json"", ""json_pointer"": ""$[7].source_url"", ""field"": ""source_url""}, {""file"": ""protocols/evidence_manifest.json"", ""json_pointer"": ""$.sources[7].source_url"", ""field"": ""source_url""}, {""file"": ""protocols/mqtt/evidence_manifest.json"", ""json_pointer"": ""$.admitted_property_sources[0].source_url"", ""field"": ""source_url""}]"
https://github.com/eclipse-mosquitto/mosquitto/blob/672ae3e57f8b4e086f6ce2dec836734cc38258c3/lib/packet_mosq.c#L361-L589,https://github.com/eclipse-mosquitto/mosquitto/blob/672ae3e57f8b4e086f6ce2dec836734cc38258c3/lib/packet_mosq.c,True,TLS_VERIFIED,HTTP 206,4,"[{""file"": ""_staging/ietf_app_protocols/mqtt/proposals.json"", ""json_pointer"": ""$[1].source_url"", ""field"": ""source_url""}, {""file"": ""protocols/all_protocol_properties.json"", ""json_pointer"": ""$[8].source_url"", ""field"": ""source_url""}, {""file"": ""protocols/evidence_manifest.json"", ""json_pointer"": ""$.sources[8].source_url"", ""field"": ""source_url""}, {""file"": ""protocols/mqtt/evidence_manifest.json"", ""json_pointer"": ""$.admitted_property_sources[1].source_url"", ""field"": ""source_url""}]"
https://github.com/eclipse-mosquitto/mosquitto/blob/672ae3e57f8b4e086f6ce2dec836734cc38258c3/lib/send_publish.c#L42-L134,https://github.com/eclipse-mosquitto/mosquitto/blob/672ae3e57f8b4e086f6ce2dec836734cc38258c3/lib/send_publish.c,True,TLS_VERIFIED,HTTP 206,5,"[{""file"": ""_staging/ietf_app_protocols/mqtt/proposals.json"", ""json_pointer"": ""$[2].auxiliary_source_mappings[1].url"", ""field"": ""url""}, {""file"": ""protocols/all_protocol_properties.json"", ""json_pointer"": ""$[9].auxiliary_source_mappings[1].url"", ""field"": ""url""}, {""file"": ""protocols/all_protocol_properties.json"", ""json_pointer"": ""$[9].auxiliary_source_verification[1].url"", ""field"": ""url""}, {""file"": ""protocols/evidence_manifest.json"", ""json_pointer"": ""$.sources[9].auxiliary_source_mappings[1].url"", ""field"": ""url""}, {""file"": ""protocols/mqtt/evidence_manifest.json"", ""json_pointer"": ""$.admitted_property_sources[2].auxiliary_source_mappings[1].url"", ""field"": ""url""}]"
https://github.com/eclipse-mosquitto/mosquitto/blob/672ae3e57f8b4e086f6ce2dec836734cc38258c3/lib/util_mosq.c#L62-L143,https://github.com/eclipse-mosquitto/mosquitto/blob/672ae3e57f8b4e086f6ce2dec836734cc38258c3/lib/util_mosq.c,True,TLS_VERIFIED,HTTP 206,5,"[{""file"": ""_staging/ietf_app_protocols/mqtt/proposals.json"", ""json_pointer"": ""$[0].auxiliary_source_mappings[0].url"", ""field"": ""url""}, {""file"": ""protocols/all_protocol_properties.json"", ""json_pointer"": ""$[7].auxiliary_source_mappings[0].url"", ""field"": ""url""}, {""file"": ""protocols/all_protocol_properties.json"", ""json_pointer"": ""$[7].auxiliary_source_verification[0].url"", ""field"": ""url""}, {""file"": ""protocols/evidence_manifest.json"", ""json_pointer"": ""$.sources[7].auxiliary_source_mappings[0].url"", ""field"": ""url""}, {""file"": ""protocols/mqtt/evidence_manifest.json"", ""json_pointer"": ""$.admitted_property_sources[0].auxiliary_source_mappings[0].url"", ""field"": ""url""}]"
https://github.com/eclipse-mosquitto/mosquitto/blob/672ae3e57f8b4e086f6ce2dec836734cc38258c3/src/keepalive.c#L127-L175,https://github.com/eclipse-mosquitto/mosquitto/blob/672ae3e57f8b4e086f6ce2dec836734cc38258c3/src/keepalive.c,True,TLS_VERIFIED,HTTP 206,5,"[{""file"": ""_staging/ietf_app_protocols/mqtt/proposals.json"", ""json_pointer"": ""$[1].auxiliary_source_mappings[0].url"", ""field"": ""url""}, {""file"": ""protocols/all_protocol_properties.json"", ""json_pointer"": ""$[8].auxiliary_source_mappings[0].url"", ""field"": ""url""}, {""file"": ""protocols/all_protocol_properties.json"", ""json_pointer"": ""$[8].auxiliary_source_verification[0].url"", ""field"": ""url""}, {""file"": ""protocols/evidence_manifest.json"", ""json_pointer"": ""$.sources[8].auxiliary_source_mappings[0].url"", ""field"": ""url""}, {""file"": ""protocols/mqtt/evidence_manifest.json"", ""json_pointer"": ""$.admitted_property_sources[1].auxiliary_source_mappings[0].url"", ""field"": ""url""}]"
https://github.com/eclipse-mosquitto/mosquitto/tree/672ae3e57f8b4e086f6ce2dec836734cc38258c3,https://github.com/eclipse-mosquitto/mosquitto/tree/672ae3e57f8b4e086f6ce2dec836734cc38258c3,True,TLS_VERIFIED,HTTP 206,2,"[{""file"": ""_staging/ietf_app_protocols/mqtt/evidence.json"", ""json_pointer"": ""$.implementation.tree_url"", ""field"": ""tree_url""}, {""file"": ""protocols/mqtt/evidence_manifest.json"", ""json_pointer"": ""$.screening_records[0].record.implementation.tree_url"", ""field"": ""tree_url""}]"
https://github.com/hfiref0x/LightFTP/blob/5980ea1a0ee0e5c3015275f93445626f8c25c83a/Source/fftp.conf#L1-L55,https://github.com/hfiref0x/LightFTP/blob/5980ea1a0ee0e5c3015275f93445626f8c25c83a/Source/fftp.conf,True,TLS_VERIFIED,HTTP 206,2,"[{""file"": ""_staging/ietf_app_protocols/ftp/evidence.json"", ""json_pointer"": ""$.implementation.source_files_reviewed[3].url"", ""field"": ""url""}, {""file"": ""protocols/ftp/evidence_manifest.json"", ""json_pointer"": ""$.screening_records[0].record.implementation.source_files_reviewed[3].url"", ""field"": ""url""}]"
https://github.com/hfiref0x/LightFTP/blob/5980ea1a0ee0e5c3015275f93445626f8c25c83a/Source/ftpserv.c#L1822-L1970,https://github.com/hfiref0x/LightFTP/blob/5980ea1a0ee0e5c3015275f93445626f8c25c83a/Source/ftpserv.c,True,TLS_VERIFIED,HTTP 206,2,"[{""file"": ""_staging/ietf_app_protocols/ftp/evidence.json"", ""json_pointer"": ""$.implementation.source_files_reviewed[2].url"", ""field"": ""url""}, {""file"": ""protocols/ftp/evidence_manifest.json"", ""json_pointer"": ""$.screening_records[0].record.implementation.source_files_reviewed[2].url"", ""field"": ""url""}]"
https://github.com/hfiref0x/LightFTP/blob/5980ea1a0ee0e5c3015275f93445626f8c25c83a/Source/ftpserv.h,https://github.com/hfiref0x/LightFTP/blob/5980ea1a0ee0e5c3015275f93445626f8c25c83a/Source/ftpserv.h,True,TLS_VERIFIED,HTTP 206,2,"[{""file"": ""_staging/ietf_app_protocols/ftp/evidence.json"", ""json_pointer"": ""$.implementation.source_files_reviewed[0].url"", ""field"": ""url""}, {""file"": ""protocols/ftp/evidence_manifest.json"", ""json_pointer"": ""$.screening_records[0].record.implementation.source_files_reviewed[0].url"", ""field"": ""url""}]"
https://github.com/hfiref0x/LightFTP/blob/5980ea1a0ee0e5c3015275f93445626f8c25c83a/Source/main.c#L91-L128,https://github.com/hfiref0x/LightFTP/blob/5980ea1a0ee0e5c3015275f93445626f8c25c83a/Source/main.c,True,TLS_VERIFIED,HTTP 206,2,"[{""file"": ""_staging/ietf_app_protocols/ftp/evidence.json"", ""json_pointer"": ""$.implementation.source_files_reviewed[1].url"", ""field"": ""url""}, {""file"": ""protocols/ftp/evidence_manifest.json"", ""json_pointer"": ""$.screening_records[0].record.implementation.source_files_reviewed[1].url"", ""field"": ""url""}]"
https://github.com/hfiref0x/LightFTP/tree/5980ea1a0ee0e5c3015275f93445626f8c25c83a,https://github.com/hfiref0x/LightFTP/tree/5980ea1a0ee0e5c3015275f93445626f8c25c83a,True,TLS_VERIFIED,HTTP 206,2,"[{""file"": ""_staging/ietf_app_protocols/ftp/evidence.json"", ""json_pointer"": ""$.implementation.url"", ""field"": ""url""}, {""file"": ""protocols/ftp/evidence_manifest.json"", ""json_pointer"": ""$.screening_records[0].record.implementation.url"", ""field"": ""url""}]"
https://github.com/imp/dnsmasq,https://github.com/imp/dnsmasq,True,TLS_VERIFIED,HTTP 206,2,"[{""file"": ""_staging/ietf_app_protocols/dns/evidence.json"", ""json_pointer"": ""$.implementation.mirror_evidence_url"", ""field"": ""mirror_evidence_url""}, {""file"": ""protocols/dns/evidence_manifest.json"", ""json_pointer"": ""$.screening_records[0].record.implementation.mirror_evidence_url"", ""field"": ""mirror_evidence_url""}]"
https://github.com/imp/dnsmasq/blob/b8f16556d36924cd8dc7663cb4129d7b1f3fc2be/src/cache.c,https://github.com/imp/dnsmasq/blob/b8f16556d36924cd8dc7663cb4129d7b1f3fc2be/src/cache.c,True,TLS_VERIFIED,HTTP 206,2,"[{""file"": ""_staging/ietf_app_protocols/dns/evidence.json"", ""json_pointer"": ""$.implementation.source_files_reviewed[2].url"", ""field"": ""url""}, {""file"": ""protocols/dns/evidence_manifest.json"", ""json_pointer"": ""$.screening_records[0].record.implementation.source_files_reviewed[2].url"", ""field"": ""url""}]"
https://github.com/imp/dnsmasq/blob/b8f16556d36924cd8dc7663cb4129d7b1f3fc2be/src/config.h#L17-L30,https://github.com/imp/dnsmasq/blob/b8f16556d36924cd8dc7663cb4129d7b1f3fc2be/src/config.h,True,TLS_VERIFIED,HTTP 206,2,"[{""file"": ""_staging/ietf_app_protocols/dns/evidence.json"", ""json_pointer"": ""$.implementation.source_files_reviewed[0].url"", ""field"": ""url""}, {""file"": ""protocols/dns/evidence_manifest.json"", ""json_pointer"": ""$.screening_records[0].record.implementation.source_files_reviewed[0].url"", ""field"": ""url""}]"
https://github.com/imp/dnsmasq/blob/b8f16556d36924cd8dc7663cb4129d7b1f3fc2be/src/dnsmasq.c#L1687-L1723,https://github.com/imp/dnsmasq/blob/b8f16556d36924cd8dc7663cb4129d7b1f3fc2be/src/dnsmasq.c,True,TLS_VERIFIED,HTTP 206,2,"[{""file"": ""_staging/ietf_app_protocols/dns/evidence.json"", ""json_pointer"": ""$.implementation.source_files_reviewed[4].url"", ""field"": ""url""}, {""file"": ""protocols/dns/evidence_manifest.json"", ""json_pointer"": ""$.screening_records[0].record.implementation.source_files_reviewed[4].url"", ""field"": ""url""}]"
https://github.com/imp/dnsmasq/blob/b8f16556d36924cd8dc7663cb4129d7b1f3fc2be/src/forward.c,https://github.com/imp/dnsmasq/blob/b8f16556d36924cd8dc7663cb4129d7b1f3fc2be/src/forward.c,True,TLS_VERIFIED,HTTP 206,2,"[{""file"": ""_staging/ietf_app_protocols/dns/evidence.json"", ""json_pointer"": ""$.implementation.source_files_reviewed[1].url"", ""field"": ""url""}, {""file"": ""protocols/dns/evidence_manifest.json"", ""json_pointer"": ""$.screening_records[0].record.implementation.source_files_reviewed[1].url"", ""field"": ""url""}]"
https://github.com/imp/dnsmasq/blob/b8f16556d36924cd8dc7663cb4129d7b1f3fc2be/src/option.c#L4376-L4398,https://github.com/imp/dnsmasq/blob/b8f16556d36924cd8dc7663cb4129d7b1f3fc2be/src/option.c,True,TLS_VERIFIED,HTTP 206,2,"[{""file"": ""_staging/ietf_app_protocols/dns/evidence.json"", ""json_pointer"": ""$.implementation.source_files_reviewed[5].url"", ""field"": ""url""}, {""file"": ""protocols/dns/evidence_manifest.json"", ""json_pointer"": ""$.screening_records[0].record.implementation.source_files_reviewed[5].url"", ""field"": ""url""}]"
https://github.com/imp/dnsmasq/blob/b8f16556d36924cd8dc7663cb4129d7b1f3fc2be/src/rfc1035.c,https://github.com/imp/dnsmasq/blob/b8f16556d36924cd8dc7663cb4129d7b1f3fc2be/src/rfc1035.c,True,TLS_VERIFIED,HTTP 206,2,"[{""file"": ""_staging/ietf_app_protocols/dns/evidence.json"", ""json_pointer"": ""$.implementation.source_files_reviewed[3].url"", ""field"": ""url""}, {""file"": ""protocols/dns/evidence_manifest.json"", ""json_pointer"": ""$.screening_records[0].record.implementation.source_files_reviewed[3].url"", ""field"": ""url""}]"
https://github.com/imp/dnsmasq/tree/b8f16556d36924cd8dc7663cb4129d7b1f3fc2be,https://github.com/imp/dnsmasq/tree/b8f16556d36924cd8dc7663cb4129d7b1f3fc2be,True,TLS_VERIFIED,HTTP 206,2,"[{""file"": ""_staging/ietf_app_protocols/dns/evidence.json"", ""json_pointer"": ""$.implementation.url"", ""field"": ""url""}, {""file"": ""protocols/dns/evidence_manifest.json"", ""json_pointer"": ""$.screening_records[0].record.implementation.url"", ""field"": ""url""}]"
https://github.com/kamailio/kamailio/blob/2648eb330b133a20f1398d59a28c53532106cad3/src/modules/tm/config.c#L36,https://github.com/kamailio/kamailio/blob/2648eb330b133a20f1398d59a28c53532106cad3/src/modules/tm/config.c,True,TLS_VERIFIED,HTTP 206,5,"[{""file"": ""_staging/root_sip_extensions/sip/audit_overrides.json"", ""json_pointer"": ""$.overrides[19].auxiliary_source_mappings[6].url"", ""field"": ""url""}, {""file"": ""protocols/all_protocol_properties.json"", ""json_pointer"": ""$[54].auxiliary_source_mappings[6].url"", ""field"": ""url""}, {""file"": ""protocols/all_protocol_properties.json"", ""json_pointer"": ""$[54].auxiliary_source_verification[6].url"", ""field"": ""url""}, {""file"": ""protocols/evidence_manifest.json"", ""json_pointer"": ""$.sources[54].auxiliary_source_mappings[6].url"", ""field"": ""url""}, {""file"": ""protocols/sip/evidence_manifest.json"", ""json_pointer"": ""$.admitted_property_sources[16].auxiliary_source_mappings[6].url"", ""field"": ""url""}]"
https://github.com/kamailio/kamailio/blob/2648eb330b133a20f1398d59a28c53532106cad3/src/modules/tm/config.h#L47,https://github.com/kamailio/kamailio/blob/2648eb330b133a20f1398d59a28c53532106cad3/src/modules/tm/config.h,True,TLS_VERIFIED,HTTP 206,5,"[{""file"": ""_staging/root_sip_extensions/sip/audit_overrides.json"", ""json_pointer"": ""$.overrides[19].auxiliary_source_mappings[4].url"", ""field"": ""url""}, {""file"": ""protocols/all_protocol_properties.json"", ""json_pointer"": ""$[54].auxiliary_source_mappings[4].url"", ""field"": ""url""}, {""file"": ""protocols/all_protocol_properties.json"", ""json_pointer"": ""$[54].auxiliary_source_verification[4].url"", ""field"": ""url""}, {""file"": ""protocols/evidence_manifest.json"", ""json_pointer"": ""$.sources[54].auxiliary_source_mappings[4].url"", ""field"": ""url""}, {""file"": ""protocols/sip/evidence_manifest.json"", ""json_pointer"": ""$.admitted_property_sources[16].auxiliary_source_mappings[4].url"", ""field"": ""url""}]"
https://github.com/kamailio/kamailio/blob/2648eb330b133a20f1398d59a28c53532106cad3/src/modules/tm/config.h#L61,https://github.com/kamailio/kamailio/blob/2648eb330b133a20f1398d59a28c53532106cad3/src/modules/tm/config.h,True,TLS_VERIFIED,HTTP 206,5,"[{""file"": ""_staging/root_sip_extensions/sip/audit_overrides.json"", ""json_pointer"": ""$.overrides[19].auxiliary_source_mappings[5].url"", ""field"": ""url""}, {""file"": ""protocols/all_protocol_properties.json"", ""json_pointer"": ""$[54].auxiliary_source_mappings[5].url"", ""field"": ""url""}, {""file"": ""protocols/all_protocol_properties.json"", ""json_pointer"": ""$[54].auxiliary_source_verification[5].url"", ""field"": ""url""}, {""file"": ""protocols/evidence_manifest.json"", ""json_pointer"": ""$.sources[54].auxiliary_source_mappings[5].url"", ""field"": ""url""}, {""file"": ""protocols/sip/evidence_manifest.json"", ""json_pointer"": ""$.admitted_property_sources[16].auxiliary_source_mappings[5].url"", ""field"": ""url""}]"
https://github.com/kamailio/kamailio/blob/2648eb330b133a20f1398d59a28c53532106cad3/src/modules/tm/t_lookup.c#L1185,https://github.com/kamailio/kamailio/blob/2648eb330b133a20f1398d59a28c53532106cad3/src/modules/tm/t_lookup.c,True,TLS_VERIFIED,HTTP 206,5,"[{""file"": ""_staging/root_sip_extensions/sip/audit_overrides.json"", ""json_pointer"": ""$.overrides[19].auxiliary_source_mappings[0].url"", ""field"": ""url""}, {""file"": ""protocols/all_protocol_properties.json"", ""json_pointer"": ""$[54].auxiliary_source_mappings[0].url"", ""field"": ""url""}, {""file"": ""protocols/all_protocol_properties.json"", ""json_pointer"": ""$[54].auxiliary_source_verification[0].url"", ""field"": ""url""}, {""file"": ""protocols/evidence_manifest.json"", ""json_pointer"": ""$.sources[54].auxiliary_source_mappings[0].url"", ""field"": ""url""}, {""file"": ""protocols/sip/evidence_manifest.json"", ""json_pointer"": ""$.admitted_property_sources[16].auxiliary_source_mappings[0].url"", ""field"": ""url""}]"
https://github.com/kamailio/kamailio/blob/2648eb330b133a20f1398d59a28c53532106cad3/src/modules/tm/t_reply.c#L2293,https://github.com/kamailio/kamailio/blob/2648eb330b133a20f1398d59a28c53532106cad3/src/modules/tm/t_reply.c,True,TLS_VERIFIED,HTTP 206,5,"[{""file"": ""_staging/root_sip_extensions/sip/audit_overrides.json"", ""json_pointer"": ""$.overrides[19].auxiliary_source_mappings[1].url"", ""field"": ""url""}, {""file"": ""protocols/all_protocol_properties.json"", ""json_pointer"": ""$[54].auxiliary_source_mappings[1].url"", ""field"": ""url""}, {""file"": ""protocols/all_protocol_properties.json"", ""json_pointer"": ""$[54].auxiliary_source_verification[1].url"", ""field"": ""url""}, {""file"": ""protocols/evidence_manifest.json"", ""json_pointer"": ""$.sources[54].auxiliary_source_mappings[1].url"", ""field"": ""url""}, {""file"": ""protocols/sip/evidence_manifest.json"", ""json_pointer"": ""$.admitted_property_sources[16].auxiliary_source_mappings[1].url"", ""field"": ""url""}]"
https://github.com/kamailio/kamailio/blob/2648eb330b133a20f1398d59a28c53532106cad3/src/modules/tm/timer.h#L159,https://github.com/kamailio/kamailio/blob/2648eb330b133a20f1398d59a28c53532106cad3/src/modules/tm/timer.h,True,TLS_VERIFIED,HTTP 206,4,"[{""file"": ""_staging/root_sip_extensions/sip/audit_overrides.json"", ""json_pointer"": ""$.overrides[19].source_url"", ""field"": ""source_url""}, {""file"": ""protocols/all_protocol_properties.json"", ""json_pointer"": ""$[54].source_url"", ""field"": ""source_url""}, {""file"": ""protocols/evidence_manifest.json"", ""json_pointer"": ""$.sources[54].source_url"", ""field"": ""source_url""}, {""file"": ""protocols/sip/evidence_manifest.json"", ""json_pointer"": ""$.admitted_property_sources[16].source_url"", ""field"": ""source_url""}]"
https://github.com/kamailio/kamailio/blob/2648eb330b133a20f1398d59a28c53532106cad3/src/modules/tm/timer.h#L171,https://github.com/kamailio/kamailio/blob/2648eb330b133a20f1398d59a28c53532106cad3/src/modules/tm/timer.h,True,TLS_VERIFIED,HTTP 206,1,"[{""file"": ""mitl_property_catalog.json"", ""json_pointer"": ""$[19].source_url"", ""field"": ""source_url""}]"
https://github.com/kamailio/kamailio/blob/2648eb330b133a20f1398d59a28c53532106cad3/src/modules/tm/timer.h#L247,https://github.com/kamailio/kamailio/blob/2648eb330b133a20f1398d59a28c53532106cad3/src/modules/tm/timer.h,True,TLS_VERIFIED,HTTP 206,5,"[{""file"": ""_staging/root_sip_extensions/sip/audit_overrides.json"", ""json_pointer"": ""$.overrides[19].auxiliary_source_mappings[2].url"", ""field"": ""url""}, {""file"": ""protocols/all_protocol_properties.json"", ""json_pointer"": ""$[54].auxiliary_source_mappings[2].url"", ""field"": ""url""}, {""file"": ""protocols/all_protocol_properties.json"", ""json_pointer"": ""$[54].auxiliary_source_verification[2].url"", ""field"": ""url""}, {""file"": ""protocols/evidence_manifest.json"", ""json_pointer"": ""$.sources[54].auxiliary_source_mappings[2].url"", ""field"": ""url""}, {""file"": ""protocols/sip/evidence_manifest.json"", ""json_pointer"": ""$.admitted_property_sources[16].auxiliary_source_mappings[2].url"", ""field"": ""url""}]"
https://github.com/kamailio/kamailio/blob/2648eb330b133a20f1398d59a28c53532106cad3/src/modules/tm/timer.h#L331,https://github.com/kamailio/kamailio/blob/2648eb330b133a20f1398d59a28c53532106cad3/src/modules/tm/timer.h,True,TLS_VERIFIED,HTTP 206,5,"[{""file"": ""_staging/root_sip_extensions/sip/audit_overrides.json"", ""json_pointer"": ""$.overrides[19].auxiliary_source_mappings[3].url"", ""field"": ""url""}, {""file"": ""protocols/all_protocol_properties.json"", ""json_pointer"": ""$[54].auxiliary_source_mappings[3].url"", ""field"": ""url""}, {""file"": ""protocols/all_protocol_properties.json"", ""json_pointer"": ""$[54].auxiliary_source_verification[3].url"", ""field"": ""url""}, {""file"": ""protocols/evidence_manifest.json"", ""json_pointer"": ""$.sources[54].auxiliary_source_mappings[3].url"", ""field"": ""url""}, {""file"": ""protocols/sip/evidence_manifest.json"", ""json_pointer"": ""$.admitted_property_sources[16].auxiliary_source_mappings[3].url"", ""field"": ""url""}]"
https://github.com/kamailio/kamailio/tree/2648eb330b133a20f1398d59a28c53532106cad3,https://github.com/kamailio/kamailio/tree/2648eb330b133a20f1398d59a28c53532106cad3,True,TLS_VERIFIED,HTTP 206,2,"[{""file"": ""evidence_manifest.yaml"", ""json_pointer"": ""$.sources[4].url"", ""field"": ""url""}, {""file"": ""protocols/sip/evidence_manifest.json"", ""json_pointer"": ""$.screening_records[0].record.sources[4].url"", ""field"": ""url""}]"
https://github.com/ngtcp2/ngtcp2/blob/fcb5cdaba44a8fb1c821319af306e3f38f18e738/examples/server.cc#L817-L827,https://github.com/ngtcp2/ngtcp2/blob/fcb5cdaba44a8fb1c821319af306e3f38f18e738/examples/server.cc,True,TLS_VERIFIED,HTTP 206,5,"[{""file"": ""_staging/transport_security_protocols/quic/proposals.json"", ""json_pointer"": ""$[3].auxiliary_source_mappings[0].url"", ""field"": ""url""}, {""file"": ""protocols/all_protocol_properties.json"", ""json_pointer"": ""$[20].auxiliary_source_mappings[0].url"", ""field"": ""url""}, {""file"": ""protocols/all_protocol_properties.json"", ""json_pointer"": ""$[20].auxiliary_source_verification[0].url"", ""field"": ""url""}, {""file"": ""protocols/evidence_manifest.json"", ""json_pointer"": ""$.sources[20].auxiliary_source_mappings[0].url"", ""field"": ""url""}, {""file"": ""protocols/quic/evidence_manifest.json"", ""json_pointer"": ""$.admitted_property_sources[1].auxiliary_source_mappings[0].url"", ""field"": ""url""}]"
https://github.com/ngtcp2/ngtcp2/blob/fcb5cdaba44a8fb1c821319af306e3f38f18e738/examples/server_base.h#L70-L80,https://github.com/ngtcp2/ngtcp2/blob/fcb5cdaba44a8fb1c821319af306e3f38f18e738/examples/server_base.h,True,TLS_VERIFIED,HTTP 206,4,"[{""file"": ""_staging/transport_security_protocols/quic/proposals.json"", ""json_pointer"": ""$[3].auxiliary_source_mappings[0].legacy_exact_url"", ""field"": ""legacy_exact_url""}, {""file"": ""protocols/all_protocol_properties.json"", ""json_pointer"": ""$[20].auxiliary_source_mappings[0].legacy_exact_url"", ""field"": ""legacy_exact_url""}, {""file"": ""protocols/evidence_manifest.json"", ""json_pointer"": ""$.sources[20].auxiliary_source_mappings[0].legacy_exact_url"", ""field"": ""legacy_exact_url""}, {""file"": ""protocols/quic/evidence_manifest.json"", ""json_pointer"": ""$.admitted_property_sources[1].auxiliary_source_mappings[0].legacy_exact_url"", ""field"": ""legacy_exact_url""}]"
https://github.com/ngtcp2/ngtcp2/blob/fcb5cdaba44a8fb1c821319af306e3f38f18e738/lib/includes/ngtcp2/ngtcp2.h#L1278-L1285,https://github.com/ngtcp2/ngtcp2/blob/fcb5cdaba44a8fb1c821319af306e3f38f18e738/lib/includes/ngtcp2/ngtcp2.h,True,TLS_VERIFIED,HTTP 206,15,"[{""file"": ""_staging/transport_security_protocols/quic/proposals.json"", ""json_pointer"": ""$[0].auxiliary_source_mappings[0].url"", ""field"": ""url""}, {""file"": ""_staging/transport_security_protocols/quic/proposals.json"", ""json_pointer"": ""$[5].auxiliary_source_mappings[3].url"", ""field"": ""url""}, {""file"": ""_staging/transport_security_protocols/quic/proposals.json"", ""json_pointer"": ""$[6].auxiliary_source_mappings[2].url"", ""field"": ""url""}, {""file"": ""protocols/all_protocol_properties.json"", ""json_pointer"": ""$[19].auxiliary_source_mappings[0].url"", ""field"": ""url""}, {""file"": ""protocols/all_protocol_properties.json"", ""json_pointer"": ""$[19].auxiliary_source_verification[0].url"", ""field"": ""url""}, {""file"": ""protocols/all_protocol_properties.json"", ""json_pointer"": ""$[21].auxiliary_source_mappings[2].url"", ""field"": ""url""}, {""file"": ""protocols/all_protocol_properties.json"", ""json_pointer"": ""$[21].auxiliary_source_verification[2].url"", ""field"": ""url""}, {""file"": ""protocols/all_protocol_properties.json"", ""json_pointer"": ""$[22].auxiliary_source_mappings[3].url"", ""field"": ""url""}, {""file"": ""protocols/all_protocol_properties.json"", ""json_pointer"": ""$[22].auxiliary_source_verification[3].url"", ""field"": ""url""}, {""file"": ""protocols/evidence_manifest.json"", ""json_pointer"": ""$.sources[19].auxiliary_source_mappings[0].url"", ""field"": ""url""}, {""file"": ""protocols/evidence_manifest.json"", ""json_pointer"": ""$.sources[21].auxiliary_source_mappings[2].url"", ""field"": ""url""}, {""file"": ""protocols/evidence_manifest.json"", ""json_pointer"": ""$.sources[22].auxiliary_source_mappings[3].url"", ""field"": ""url""}, {""file"": ""protocols/quic/evidence_manifest.json"", ""json_pointer"": ""$.admitted_property_sources[0].auxiliary_source_mappings[0].url"", ""field"": ""url""}, {""file"": ""protocols/quic/evidence_manifest.json"", ""json_pointer"": ""$.admitted_property_sources[2].auxiliary_source_mappings[2].url"", ""field"": ""url""}, {""file"": ""protocols/quic/evidence_manifest.json"", ""json_pointer"": ""$.admitted_property_sources[3].auxiliary_source_mappings[3].url"", ""field"": ""url""}]"
https://github.com/ngtcp2/ngtcp2/blob/fcb5cdaba44a8fb1c821319af306e3f38f18e738/lib/includes/ngtcp2/ngtcp2.h#L434-L439,https://github.com/ngtcp2/ngtcp2/blob/fcb5cdaba44a8fb1c821319af306e3f38f18e738/lib/includes/ngtcp2/ngtcp2.h,True,TLS_VERIFIED,HTTP 206,15,"[{""file"": ""_staging/transport_security_protocols/quic/proposals.json"", ""json_pointer"": ""$[1].auxiliary_source_mappings[0].url"", ""field"": ""url""}, {""file"": ""_staging/transport_security_protocols/quic/proposals.json"", ""json_pointer"": ""$[5].auxiliary_source_mappings[2].url"", ""field"": ""url""}, {""file"": ""_staging/transport_security_protocols/quic/proposals.json"", ""json_pointer"": ""$[6].auxiliary_source_mappings[1].url"", ""field"": ""url""}, {""file"": ""protocols/all_protocol_properties.json"", ""json_pointer"": ""$[21].auxiliary_source_mappings[1].url"", ""field"": ""url""}, {""file"": ""protocols/all_protocol_properties.json"", ""json_pointer"": ""$[21].auxiliary_source_verification[1].url"", ""field"": ""url""}, {""file"": ""protocols/all_protocol_properties.json"", ""json_pointer"": ""$[22].auxiliary_source_mappings[2].url"", ""field"": ""url""}, {""file"": ""protocols/all_protocol_properties.json"", ""json_pointer"": ""$[22].auxiliary_source_verification[2].url"", ""field"": ""url""}, {""file"": ""protocols/all_protocol_properties.json"", ""json_pointer"": ""$[23].auxiliary_source_mappings[0].url"", ""field"": ""url""}, {""file"": ""protocols/all_protocol_properties.json"", ""json_pointer"": ""$[23].auxiliary_source_verification[0].url"", ""field"": ""url""}, {""file"": ""protocols/evidence_manifest.json"", ""json_pointer"": ""$.sources[21].auxiliary_source_mappings[1].url"", ""field"": ""url""}, {""file"": ""protocols/evidence_manifest.json"", ""json_pointer"": ""$.sources[22].auxiliary_source_mappings[2].url"", ""field"": ""url""}, {""file"": ""protocols/evidence_manifest.json"", ""json_pointer"": ""$.sources[23].auxiliary_source_mappings[0].url"", ""field"": ""url""}, {""file"": ""protocols/quic/evidence_manifest.json"", ""json_pointer"": ""$.admitted_property_sources[2].auxiliary_source_mappings[1].url"", ""field"": ""url""}, {""file"": ""protocols/quic/evidence_manifest.json"", ""json_pointer"": ""$.admitted_property_sources[3].auxiliary_source_mappings[2].url"", ""field"": ""url""}, {""file"": ""protocols/quic/evidence_manifest.json"", ""json_pointer"": ""$.admitted_property_sources[4].auxiliary_source_mappings[0].url"", ""field"": ""url""}]"
https://github.com/ngtcp2/ngtcp2/blob/fcb5cdaba44a8fb1c821319af306e3f38f18e738/lib/ngtcp2_acktr.c#L340-L426,https://github.com/ngtcp2/ngtcp2/blob/fcb5cdaba44a8fb1c821319af306e3f38f18e738/lib/ngtcp2_acktr.c,True,TLS_VERIFIED,HTTP 206,5,"[{""file"": ""_staging/transport_security_protocols/quic/proposals.json"", ""json_pointer"": ""$[0].auxiliary_source_mappings[2].url"", ""field"": ""url""}, {""file"": ""protocols/all_protocol_properties.json"", ""json_pointer"": ""$[19].auxiliary_source_mappings[2].url"", ""field"": ""url""}, {""file"": ""protocols/all_protocol_properties.json"", ""json_pointer"": ""$[19].auxiliary_source_verification[2].url"", ""field"": ""url""}, {""file"": ""protocols/evidence_manifest.json"", ""json_pointer"": ""$.sources[19].auxiliary_source_mappings[2].url"", ""field"": ""url""}, {""file"": ""protocols/quic/evidence_manifest.json"", ""json_pointer"": ""$.admitted_property_sources[0].auxiliary_source_mappings[2].url"", ""field"": ""url""}]"
https://github.com/ngtcp2/ngtcp2/blob/fcb5cdaba44a8fb1c821319af306e3f38f18e738/lib/ngtcp2_cc.h#L34-L38,https://github.com/ngtcp2/ngtcp2/blob/fcb5cdaba44a8fb1c821319af306e3f38f18e738/lib/ngtcp2_cc.h,True,TLS_VERIFIED,HTTP 206,5,"[{""file"": ""_staging/transport_security_protocols/quic/proposals.json"", ""json_pointer"": ""$[5].auxiliary_source_mappings[0].url"", ""field"": ""url""}, {""file"": ""protocols/all_protocol_properties.json"", ""json_pointer"": ""$[22].auxiliary_source_mappings[0].url"", ""field"": ""url""}, {""file"": ""protocols/all_protocol_properties.json"", ""json_pointer"": ""$[22].auxiliary_source_verification[0].url"", ""field"": ""url""}, {""file"": ""protocols/evidence_manifest.json"", ""json_pointer"": ""$.sources[22].auxiliary_source_mappings[0].url"", ""field"": ""url""}, {""file"": ""protocols/quic/evidence_manifest.json"", ""json_pointer"": ""$.admitted_property_sources[3].auxiliary_source_mappings[0].url"", ""field"": ""url""}]"
https://github.com/ngtcp2/ngtcp2/blob/fcb5cdaba44a8fb1c821319af306e3f38f18e738/lib/ngtcp2_conn.c#L11281-L11297,https://github.com/ngtcp2/ngtcp2/blob/fcb5cdaba44a8fb1c821319af306e3f38f18e738/lib/ngtcp2_conn.c,True,TLS_VERIFIED,HTTP 206,4,"[{""file"": ""_staging/transport_security_protocols/quic/proposals.json"", ""json_pointer"": ""$[6].source_url"", ""field"": ""source_url""}, {""file"": ""protocols/all_protocol_properties.json"", ""json_pointer"": ""$[21].source_url"", ""field"": ""source_url""}, {""file"": ""protocols/evidence_manifest.json"", ""json_pointer"": ""$.sources[21].source_url"", ""field"": ""source_url""}, {""file"": ""protocols/quic/evidence_manifest.json"", ""json_pointer"": ""$.admitted_property_sources[2].source_url"", ""field"": ""source_url""}]"
https://github.com/ngtcp2/ngtcp2/blob/fcb5cdaba44a8fb1c821319af306e3f38f18e738/lib/ngtcp2_conn.c#L12688-L12749,https://github.com/ngtcp2/ngtcp2/blob/fcb5cdaba44a8fb1c821319af306e3f38f18e738/lib/ngtcp2_conn.c,True,TLS_VERIFIED,HTTP 206,5,"[{""file"": ""_staging/transport_security_protocols/quic/proposals.json"", ""json_pointer"": ""$[3].auxiliary_source_mappings[6].url"", ""field"": ""url""}, {""file"": ""protocols/all_protocol_properties.json"", ""json_pointer"": ""$[20].auxiliary_source_mappings[6].url"", ""field"": ""url""}, {""file"": ""protocols/all_protocol_properties.json"", ""json_pointer"": ""$[20].auxiliary_source_verification[6].url"", ""field"": ""url""}, {""file"": ""protocols/evidence_manifest.json"", ""json_pointer"": ""$.sources[20].auxiliary_source_mappings[6].url"", ""field"": ""url""}, {""file"": ""protocols/quic/evidence_manifest.json"", ""json_pointer"": ""$.admitted_property_sources[1].auxiliary_source_mappings[6].url"", ""field"": ""url""}]"
https://github.com/ngtcp2/ngtcp2/blob/fcb5cdaba44a8fb1c821319af306e3f38f18e738/lib/ngtcp2_conn.c#L13387-L13424,https://github.com/ngtcp2/ngtcp2/blob/fcb5cdaba44a8fb1c821319af306e3f38f18e738/lib/ngtcp2_conn.c,True,TLS_VERIFIED,HTTP 206,4,"[{""file"": ""_staging/transport_security_protocols/quic/proposals.json"", ""json_pointer"": ""$[2].source_url"", ""field"": ""source_url""}, {""file"": ""protocols/all_protocol_properties.json"", ""json_pointer"": ""$[24].source_url"", ""field"": ""source_url""}, {""file"": ""protocols/evidence_manifest.json"", ""json_pointer"": ""$.sources[24].source_url"", ""field"": ""source_url""}, {""file"": ""protocols/quic/evidence_manifest.json"", ""json_pointer"": ""$.admitted_property_sources[5].source_url"", ""field"": ""source_url""}]"
https://github.com/ngtcp2/ngtcp2/blob/fcb5cdaba44a8fb1c821319af306e3f38f18e738/lib/ngtcp2_conn.c#L13427-L13469,https://github.com/ngtcp2/ngtcp2/blob/fcb5cdaba44a8fb1c821319af306e3f38f18e738/lib/ngtcp2_conn.c,True,TLS_VERIFIED,HTTP 206,10,"[{""file"": ""_staging/transport_security_protocols/quic/proposals.json"", ""json_pointer"": ""$[1].auxiliary_source_mappings[1].url"", ""field"": ""url""}, {""file"": ""_staging/transport_security_protocols/quic/proposals.json"", ""json_pointer"": ""$[2].auxiliary_source_mappings[1].url"", ""field"": ""url""}, {""file"": ""protocols/all_protocol_properties.json"", ""json_pointer"": ""$[23].auxiliary_source_mappings[1].url"", ""field"": ""url""}, {""file"": ""protocols/all_protocol_properties.json"", ""json_pointer"": ""$[23].auxiliary_source_verification[1].url"", ""field"": ""url""}, {""file"": ""protocols/all_protocol_properties.json"", ""json_pointer"": ""$[24].auxiliary_source_mappings[1].url"", ""field"": ""url""}, {""file"": ""protocols/all_protocol_properties.json"", ""json_pointer"": ""$[24].auxiliary_source_verification[1].url"", ""field"": ""url""}, {""file"": ""protocols/evidence_manifest.json"", ""json_pointer"": ""$.sources[23].auxiliary_source_mappings[1].url"", ""field"": ""url""}, {""file"": ""protocols/evidence_manifest.json"", ""json_pointer"": ""$.sources[24].auxiliary_source_mappings[1].url"", ""field"": ""url""}, {""file"": ""protocols/quic/evidence_manifest.json"", ""json_pointer"": ""$.admitted_property_sources[4].auxiliary_source_mappings[1].url"", ""field"": ""url""}, {""file"": ""protocols/quic/evidence_manifest.json"", ""json_pointer"": ""$.admitted_property_sources[5].auxiliary_source_mappings[1].url"", ""field"": ""url""}]"
https://github.com/ngtcp2/ngtcp2/blob/fcb5cdaba44a8fb1c821319af306e3f38f18e738/lib/ngtcp2_conn.c#L13478-L13546,https://github.com/ngtcp2/ngtcp2/blob/fcb5cdaba44a8fb1c821319af306e3f38f18e738/lib/ngtcp2_conn.c,True,TLS_VERIFIED,HTTP 206,10,"[{""file"": ""_staging/transport_security_protocols/quic/proposals.json"", ""json_pointer"": ""$[1].auxiliary_source_mappings[2].url"", ""field"": ""url""}, {""file"": ""_staging/transport_security_protocols/quic/proposals.json"", ""json_pointer"": ""$[2].auxiliary_source_mappings[0].url"", ""field"": ""url""}, {""file"": ""protocols/all_protocol_properties.json"", ""json_pointer"": ""$[23].auxiliary_source_mappings[2].url"", ""field"": ""url""}, {""file"": ""protocols/all_protocol_properties.json"", ""json_pointer"": ""$[23].auxiliary_source_verification[2].url"", ""field"": ""url""}, {""file"": ""protocols/all_protocol_properties.json"", ""json_pointer"": ""$[24].auxiliary_source_mappings[0].url"", ""field"": ""url""}, {""file"": ""protocols/all_protocol_properties.json"", ""json_pointer"": ""$[24].auxiliary_source_verification[0].url"", ""field"": ""url""}, {""file"": ""protocols/evidence_manifest.json"", ""json_pointer"": ""$.sources[23].auxiliary_source_mappings[2].url"", ""field"": ""url""}, {""file"": ""protocols/evidence_manifest.json"", ""json_pointer"": ""$.sources[24].auxiliary_source_mappings[0].url"", ""field"": ""url""}, {""file"": ""protocols/quic/evidence_manifest.json"", ""json_pointer"": ""$.admitted_property_sources[4].auxiliary_source_mappings[2].url"", ""field"": ""url""}, {""file"": ""protocols/quic/evidence_manifest.json"", ""json_pointer"": ""$.admitted_property_sources[5].auxiliary_source_mappings[0].url"", ""field"": ""url""}]"
https://github.com/ngtcp2/ngtcp2/blob/fcb5cdaba44a8fb1c821319af306e3f38f18e738/lib/ngtcp2_conn.c#L14060-L14092,https://github.com/ngtcp2/ngtcp2/blob/fcb5cdaba44a8fb1c821319af306e3f38f18e738/lib/ngtcp2_conn.c,True,TLS_VERIFIED,HTTP 206,4,"[{""file"": ""_staging/transport_security_protocols/quic/proposals.json"", ""json_pointer"": ""$[3].source_url"", ""field"": ""source_url""}, {""file"": ""protocols/all_protocol_properties.json"", ""json_pointer"": ""$[20].source_url"", ""field"": ""source_url""}, {""file"": ""protocols/evidence_manifest.json"", ""json_pointer"": ""$.sources[20].source_url"", ""field"": ""source_url""}, {""file"": ""protocols/quic/evidence_manifest.json"", ""json_pointer"": ""$.admitted_property_sources[1].source_url"", ""field"": ""source_url""}]"
https://github.com/ngtcp2/ngtcp2/blob/fcb5cdaba44a8fb1c821319af306e3f38f18e738/lib/ngtcp2_conn.c#L1740-L1845,https://github.com/ngtcp2/ngtcp2/blob/fcb5cdaba44a8fb1c821319af306e3f38f18e738/lib/ngtcp2_conn.c,True,TLS_VERIFIED,HTTP 206,5,"[{""file"": ""_staging/transport_security_protocols/quic/proposals.json"", ""json_pointer"": ""$[3].auxiliary_source_mappings[3].url"", ""field"": ""url""}, {""file"": ""protocols/all_protocol_properties.json"", ""json_pointer"": ""$[20].auxiliary_source_mappings[3].url"", ""field"": ""url""}, {""file"": ""protocols/all_protocol_properties.json"", ""json_pointer"": ""$[20].auxiliary_source_verification[3].url"", ""field"": ""url""}, {""file"": ""protocols/evidence_manifest.json"", ""json_pointer"": ""$.sources[20].auxiliary_source_mappings[3].url"", ""field"": ""url""}, {""file"": ""protocols/quic/evidence_manifest.json"", ""json_pointer"": ""$.admitted_property_sources[1].auxiliary_source_mappings[3].url"", ""field"": ""url""}]"
https://github.com/ngtcp2/ngtcp2/blob/fcb5cdaba44a8fb1c821319af306e3f38f18e738/lib/ngtcp2_conn.c#L1847-L1855,https://github.com/ngtcp2/ngtcp2/blob/fcb5cdaba44a8fb1c821319af306e3f38f18e738/lib/ngtcp2_conn.c,True,TLS_VERIFIED,HTTP 206,4,"[{""file"": ""_staging/transport_security_protocols/quic/proposals.json"", ""json_pointer"": ""$[0].source_url"", ""field"": ""source_url""}, {""file"": ""protocols/all_protocol_properties.json"", ""json_pointer"": ""$[19].source_url"", ""field"": ""source_url""}, {""file"": ""protocols/evidence_manifest.json"", ""json_pointer"": ""$.sources[19].source_url"", ""field"": ""source_url""}, {""file"": ""protocols/quic/evidence_manifest.json"", ""json_pointer"": ""$.admitted_property_sources[0].source_url"", ""field"": ""source_url""}]"
https://github.com/ngtcp2/ngtcp2/blob/fcb5cdaba44a8fb1c821319af306e3f38f18e738/lib/ngtcp2_conn.c#L2158-L2161,https://github.com/ngtcp2/ngtcp2/blob/fcb5cdaba44a8fb1c821319af306e3f38f18e738/lib/ngtcp2_conn.c,True,TLS_VERIFIED,HTTP 206,5,"[{""file"": ""_staging/transport_security_protocols/quic/proposals.json"", ""json_pointer"": ""$[3].auxiliary_source_mappings[2].url"", ""field"": ""url""}, {""file"": ""protocols/all_protocol_properties.json"", ""json_pointer"": ""$[20].auxiliary_source_mappings[2].url"", ""field"": ""url""}, {""file"": ""protocols/all_protocol_properties.json"", ""json_pointer"": ""$[20].auxiliary_source_verification[2].url"", ""field"": ""url""}, {""file"": ""protocols/evidence_manifest.json"", ""json_pointer"": ""$.sources[20].auxiliary_source_mappings[2].url"", ""field"": ""url""}, {""file"": ""protocols/quic/evidence_manifest.json"", ""json_pointer"": ""$.admitted_property_sources[1].auxiliary_source_mappings[2].url"", ""field"": ""url""}]"
https://github.com/ngtcp2/ngtcp2/blob/fcb5cdaba44a8fb1c821319af306e3f38f18e738/lib/ngtcp2_conn.c#L2163-L2166,https://github.com/ngtcp2/ngtcp2/blob/fcb5cdaba44a8fb1c821319af306e3f38f18e738/lib/ngtcp2_conn.c,True,TLS_VERIFIED,HTTP 206,5,"[{""file"": ""_staging/transport_security_protocols/quic/proposals.json"", ""json_pointer"": ""$[3].auxiliary_source_mappings[1].url"", ""field"": ""url""}, {""file"": ""protocols/all_protocol_properties.json"", ""json_pointer"": ""$[20].auxiliary_source_mappings[1].url"", ""field"": ""url""}, {""file"": ""protocols/all_protocol_properties.json"", ""json_pointer"": ""$[20].auxiliary_source_verification[1].url"", ""field"": ""url""}, {""file"": ""protocols/evidence_manifest.json"", ""json_pointer"": ""$.sources[20].auxiliary_source_mappings[1].url"", ""field"": ""url""}, {""file"": ""protocols/quic/evidence_manifest.json"", ""json_pointer"": ""$.admitted_property_sources[1].auxiliary_source_mappings[1].url"", ""field"": ""url""}]"
https://github.com/ngtcp2/ngtcp2/blob/fcb5cdaba44a8fb1c821319af306e3f38f18e738/lib/ngtcp2_conn.c#L3455-L3474,https://github.com/ngtcp2/ngtcp2/blob/fcb5cdaba44a8fb1c821319af306e3f38f18e738/lib/ngtcp2_conn.c,True,TLS_VERIFIED,HTTP 206,5,"[{""file"": ""_staging/transport_security_protocols/quic/proposals.json"", ""json_pointer"": ""$[6].auxiliary_source_mappings[0].url"", ""field"": ""url""}, {""file"": ""protocols/all_protocol_properties.json"", ""json_pointer"": ""$[21].auxiliary_source_mappings[0].url"", ""field"": ""url""}, {""file"": ""protocols/all_protocol_properties.json"", ""json_pointer"": ""$[21].auxiliary_source_verification[0].url"", ""field"": ""url""}, {""file"": ""protocols/evidence_manifest.json"", ""json_pointer"": ""$.sources[21].auxiliary_source_mappings[0].url"", ""field"": ""url""}, {""file"": ""protocols/quic/evidence_manifest.json"", ""json_pointer"": ""$.admitted_property_sources[2].auxiliary_source_mappings[0].url"", ""field"": ""url""}]"
https://github.com/ngtcp2/ngtcp2/blob/fcb5cdaba44a8fb1c821319af306e3f38f18e738/lib/ngtcp2_conn.c#L5117-L5132,https://github.com/ngtcp2/ngtcp2/blob/fcb5cdaba44a8fb1c821319af306e3f38f18e738/lib/ngtcp2_conn.c,True,TLS_VERIFIED,HTTP 206,5,"[{""file"": ""_staging/transport_security_protocols/quic/proposals.json"", ""json_pointer"": ""$[4].auxiliary_source_mappings[3].url"", ""field"": ""url""}, {""file"": ""protocols/all_protocol_properties.json"", ""json_pointer"": ""$[25].auxiliary_source_mappings[3].url"", ""field"": ""url""}, {""file"": ""protocols/all_protocol_properties.json"", ""json_pointer"": ""$[25].auxiliary_source_verification[3].url"", ""field"": ""url""}, {""file"": ""protocols/evidence_manifest.json"", ""json_pointer"": ""$.sources[25].auxiliary_source_mappings[3].url"", ""field"": ""url""}, {""file"": ""protocols/quic/evidence_manifest.json"", ""json_pointer"": ""$.admitted_property_sources[6].auxiliary_source_mappings[3].url"", ""field"": ""url""}]"
https://github.com/ngtcp2/ngtcp2/blob/fcb5cdaba44a8fb1c821319af306e3f38f18e738/lib/ngtcp2_conn.c#L5203-L5232,https://github.com/ngtcp2/ngtcp2/blob/fcb5cdaba44a8fb1c821319af306e3f38f18e738/lib/ngtcp2_conn.c,True,TLS_VERIFIED,HTTP 206,5,"[{""file"": ""_staging/transport_security_protocols/quic/proposals.json"", ""json_pointer"": ""$[4].auxiliary_source_mappings[2].url"", ""field"": ""url""}, {""file"": ""protocols/all_protocol_properties.json"", ""json_pointer"": ""$[25].auxiliary_source_mappings[2].url"", ""field"": ""url""}, {""file"": ""protocols/all_protocol_properties.json"", ""json_pointer"": ""$[25].auxiliary_source_verification[2].url"", ""field"": ""url""}, {""file"": ""protocols/evidence_manifest.json"", ""json_pointer"": ""$.sources[25].auxiliary_source_mappings[2].url"", ""field"": ""url""}, {""file"": ""protocols/quic/evidence_manifest.json"", ""json_pointer"": ""$.admitted_property_sources[6].auxiliary_source_mappings[2].url"", ""field"": ""url""}]"
https://github.com/ngtcp2/ngtcp2/blob/fcb5cdaba44a8fb1c821319af306e3f38f18e738/lib/ngtcp2_conn.c#L6054-L6084,https://github.com/ngtcp2/ngtcp2/blob/fcb5cdaba44a8fb1c821319af306e3f38f18e738/lib/ngtcp2_conn.c,True,TLS_VERIFIED,HTTP 206,5,"[{""file"": ""_staging/transport_security_protocols/quic/proposals.json"", ""json_pointer"": ""$[3].auxiliary_source_mappings[4].url"", ""field"": ""url""}, {""file"": ""protocols/all_protocol_properties.json"", ""json_pointer"": ""$[20].auxiliary_source_mappings[4].url"", ""field"": ""url""}, {""file"": ""protocols/all_protocol_properties.json"", ""json_pointer"": ""$[20].auxiliary_source_verification[4].url"", ""field"": ""url""}, {""file"": ""protocols/evidence_manifest.json"", ""json_pointer"": ""$.sources[20].auxiliary_source_mappings[4].url"", ""field"": ""url""}, {""file"": ""protocols/quic/evidence_manifest.json"", ""json_pointer"": ""$.admitted_property_sources[1].auxiliary_source_mappings[4].url"", ""field"": ""url""}]"
https://github.com/ngtcp2/ngtcp2/blob/fcb5cdaba44a8fb1c821319af306e3f38f18e738/lib/ngtcp2_conn.c#L6161-L6268,https://github.com/ngtcp2/ngtcp2/blob/fcb5cdaba44a8fb1c821319af306e3f38f18e738/lib/ngtcp2_conn.c,True,TLS_VERIFIED,HTTP 206,5,"[{""file"": ""_staging/transport_security_protocols/quic/proposals.json"", ""json_pointer"": ""$[4].auxiliary_source_mappings[1].url"", ""field"": ""url""}, {""file"": ""protocols/all_protocol_properties.json"", ""json_pointer"": ""$[25].auxiliary_source_mappings[1].url"", ""field"": ""url""}, {""file"": ""protocols/all_protocol_properties.json"", ""json_pointer"": ""$[25].auxiliary_source_verification[1].url"", ""field"": ""url""}, {""file"": ""protocols/evidence_manifest.json"", ""json_pointer"": ""$.sources[25].auxiliary_source_mappings[1].url"", ""field"": ""url""}, {""file"": ""protocols/quic/evidence_manifest.json"", ""json_pointer"": ""$.admitted_property_sources[6].auxiliary_source_mappings[1].url"", ""field"": ""url""}]"
https://github.com/ngtcp2/ngtcp2/blob/fcb5cdaba44a8fb1c821319af306e3f38f18e738/lib/ngtcp2_conn.c#L6293-L6337,https://github.com/ngtcp2/ngtcp2/blob/fcb5cdaba44a8fb1c821319af306e3f38f18e738/lib/ngtcp2_conn.c,True,TLS_VERIFIED,HTTP 206,5,"[{""file"": ""_staging/transport_security_protocols/quic/proposals.json"", ""json_pointer"": ""$[0].auxiliary_source_mappings[1].url"", ""field"": ""url""}, {""file"": ""protocols/all_protocol_properties.json"", ""json_pointer"": ""$[19].auxiliary_source_mappings[1].url"", ""field"": ""url""}, {""file"": ""protocols/all_protocol_properties.json"", ""json_pointer"": ""$[19].auxiliary_source_verification[1].url"", ""field"": ""url""}, {""file"": ""protocols/evidence_manifest.json"", ""json_pointer"": ""$.sources[19].auxiliary_source_mappings[1].url"", ""field"": ""url""}, {""file"": ""protocols/quic/evidence_manifest.json"", ""json_pointer"": ""$.admitted_property_sources[0].auxiliary_source_mappings[1].url"", ""field"": ""url""}]"
https://github.com/ngtcp2/ngtcp2/blob/fcb5cdaba44a8fb1c821319af306e3f38f18e738/lib/ngtcp2_conn.c#L8046-L8074,https://github.com/ngtcp2/ngtcp2/blob/fcb5cdaba44a8fb1c821319af306e3f38f18e738/lib/ngtcp2_conn.c,True,TLS_VERIFIED,HTTP 206,5,"[{""file"": ""_staging/transport_security_protocols/quic/proposals.json"", ""json_pointer"": ""$[3].auxiliary_source_mappings[5].url"", ""field"": ""url""}, {""file"": ""protocols/all_protocol_properties.json"", ""json_pointer"": ""$[20].auxiliary_source_mappings[5].url"", ""field"": ""url""}, {""file"": ""protocols/all_protocol_properties.json"", ""json_pointer"": ""$[20].auxiliary_source_verification[5].url"", ""field"": ""url""}, {""file"": ""protocols/evidence_manifest.json"", ""json_pointer"": ""$.sources[20].auxiliary_source_mappings[5].url"", ""field"": ""url""}, {""file"": ""protocols/quic/evidence_manifest.json"", ""json_pointer"": ""$.admitted_property_sources[1].auxiliary_source_mappings[5].url"", ""field"": ""url""}]"
https://github.com/ngtcp2/ngtcp2/blob/fcb5cdaba44a8fb1c821319af306e3f38f18e738/lib/ngtcp2_conn.c#L954-L979,https://github.com/ngtcp2/ngtcp2/blob/fcb5cdaba44a8fb1c821319af306e3f38f18e738/lib/ngtcp2_conn.c,True,TLS_VERIFIED,HTTP 206,4,"[{""file"": ""_staging/transport_security_protocols/quic/proposals.json"", ""json_pointer"": ""$[1].source_url"", ""field"": ""source_url""}, {""file"": ""protocols/all_protocol_properties.json"", ""json_pointer"": ""$[23].source_url"", ""field"": ""source_url""}, {""file"": ""protocols/evidence_manifest.json"", ""json_pointer"": ""$.sources[23].source_url"", ""field"": ""source_url""}, {""file"": ""protocols/quic/evidence_manifest.json"", ""json_pointer"": ""$.admitted_property_sources[4].source_url"", ""field"": ""source_url""}]"
https://github.com/ngtcp2/ngtcp2/blob/fcb5cdaba44a8fb1c821319af306e3f38f18e738/lib/ngtcp2_conn.c#L995-L1012,https://github.com/ngtcp2/ngtcp2/blob/fcb5cdaba44a8fb1c821319af306e3f38f18e738/lib/ngtcp2_conn.c,True,TLS_VERIFIED,HTTP 206,4,"[{""file"": ""_staging/transport_security_protocols/quic/proposals.json"", ""json_pointer"": ""$[4].source_url"", ""field"": ""source_url""}, {""file"": ""protocols/all_protocol_properties.json"", ""json_pointer"": ""$[25].source_url"", ""field"": ""source_url""}, {""file"": ""protocols/evidence_manifest.json"", ""json_pointer"": ""$.sources[25].source_url"", ""field"": ""source_url""}, {""file"": ""protocols/quic/evidence_manifest.json"", ""json_pointer"": ""$.admitted_property_sources[6].source_url"", ""field"": ""source_url""}]"
https://github.com/ngtcp2/ngtcp2/blob/fcb5cdaba44a8fb1c821319af306e3f38f18e738/lib/ngtcp2_pv.c#L46-L68,https://github.com/ngtcp2/ngtcp2/blob/fcb5cdaba44a8fb1c821319af306e3f38f18e738/lib/ngtcp2_pv.c,True,TLS_VERIFIED,HTTP 206,5,"[{""file"": ""_staging/transport_security_protocols/quic/proposals.json"", ""json_pointer"": ""$[4].auxiliary_source_mappings[0].url"", ""field"": ""url""}, {""file"": ""protocols/all_protocol_properties.json"", ""json_pointer"": ""$[25].auxiliary_source_mappings[0].url"", ""field"": ""url""}, {""file"": ""protocols/all_protocol_properties.json"", ""json_pointer"": ""$[25].auxiliary_source_verification[0].url"", ""field"": ""url""}, {""file"": ""protocols/evidence_manifest.json"", ""json_pointer"": ""$.sources[25].auxiliary_source_mappings[0].url"", ""field"": ""url""}, {""file"": ""protocols/quic/evidence_manifest.json"", ""json_pointer"": ""$.admitted_property_sources[6].auxiliary_source_mappings[0].url"", ""field"": ""url""}]"
https://github.com/ngtcp2/ngtcp2/blob/fcb5cdaba44a8fb1c821319af306e3f38f18e738/lib/ngtcp2_rtb.c#L1045-L1085,https://github.com/ngtcp2/ngtcp2/blob/fcb5cdaba44a8fb1c821319af306e3f38f18e738/lib/ngtcp2_rtb.c,True,TLS_VERIFIED,HTTP 206,4,"[{""file"": ""_staging/transport_security_protocols/quic/proposals.json"", ""json_pointer"": ""$[5].source_url"", ""field"": ""source_url""}, {""file"": ""protocols/all_protocol_properties.json"", ""json_pointer"": ""$[22].source_url"", ""field"": ""source_url""}, {""file"": ""protocols/evidence_manifest.json"", ""json_pointer"": ""$.sources[22].source_url"", ""field"": ""source_url""}, {""file"": ""protocols/quic/evidence_manifest.json"", ""json_pointer"": ""$.admitted_property_sources[3].source_url"", ""field"": ""source_url""}]"
https://github.com/ngtcp2/ngtcp2/blob/fcb5cdaba44a8fb1c821319af306e3f38f18e738/lib/ngtcp2_rtb.c#L1162-L1185,https://github.com/ngtcp2/ngtcp2/blob/fcb5cdaba44a8fb1c821319af306e3f38f18e738/lib/ngtcp2_rtb.c,True,TLS_VERIFIED,HTTP 206,5,"[{""file"": ""_staging/transport_security_protocols/quic/proposals.json"", ""json_pointer"": ""$[5].auxiliary_source_mappings[1].url"", ""field"": ""url""}, {""file"": ""protocols/all_protocol_properties.json"", ""json_pointer"": ""$[22].auxiliary_source_mappings[1].url"", ""field"": ""url""}, {""file"": ""protocols/all_protocol_properties.json"", ""json_pointer"": ""$[22].auxiliary_source_verification[1].url"", ""field"": ""url""}, {""file"": ""protocols/evidence_manifest.json"", ""json_pointer"": ""$.sources[22].auxiliary_source_mappings[1].url"", ""field"": ""url""}, {""file"": ""protocols/quic/evidence_manifest.json"", ""json_pointer"": ""$.admitted_property_sources[3].auxiliary_source_mappings[1].url"", ""field"": ""url""}]"
https://github.com/ngtcp2/ngtcp2/tree/fcb5cdaba44a8fb1c821319af306e3f38f18e738,https://github.com/ngtcp2/ngtcp2/tree/fcb5cdaba44a8fb1c821319af306e3f38f18e738,True,TLS_VERIFIED,HTTP 206,2,"[{""file"": ""_staging/transport_security_protocols/quic/evidence.json"", ""json_pointer"": ""$.sources[0].url"", ""field"": ""url""}, {""file"": ""protocols/quic/evidence_manifest.json"", ""json_pointer"": ""$.screening_records[0].record.sources[0].url"", ""field"": ""url""}]"
https://github.com/obgm/libcoap/blob/7cf7465b784baded4de183290c547d582becfd28/include/coap3/coap_session_internal.h#L618-L628,https://github.com/obgm/libcoap/blob/7cf7465b784baded4de183290c547d582becfd28/include/coap3/coap_session_internal.h,True,TLS_VERIFIED,HTTP 206,5,"[{""file"": ""_staging/ietf_app_protocols/coap/proposals.json"", ""json_pointer"": ""$[3].auxiliary_source_mappings[0].url"", ""field"": ""url""}, {""file"": ""protocols/all_protocol_properties.json"", ""json_pointer"": ""$[5].auxiliary_source_mappings[0].url"", ""field"": ""url""}, {""file"": ""protocols/all_protocol_properties.json"", ""json_pointer"": ""$[5].auxiliary_source_verification[0].url"", ""field"": ""url""}, {""file"": ""protocols/evidence_manifest.json"", ""json_pointer"": ""$.sources[5].auxiliary_source_mappings[0].url"", ""field"": ""url""}, {""file"": ""protocols/coap/evidence_manifest.json"", ""json_pointer"": ""$.admitted_property_sources[5].auxiliary_source_mappings[0].url"", ""field"": ""url""}]"
https://github.com/obgm/libcoap/blob/7cf7465b784baded4de183290c547d582becfd28/include/coap3/coap_session_internal.h#L618-L628 additional COAP_MAX_TRANSMIT_SPAN constant definition,https://github.com/obgm/libcoap/blob/7cf7465b784baded4de183290c547d582becfd28/include/coap3/coap_session_internal.h,True,TLS_VERIFIED,HTTP 206,2,"[{""file"": ""_staging/ietf_app_protocols/coap/evidence.json"", ""json_pointer"": ""$.proposal_evidence[3].source_locators[2]"", ""field"": ""source_locators""}, {""file"": ""protocols/coap/evidence_manifest.json"", ""json_pointer"": ""$.screening_records[0].record.proposal_evidence[3].source_locators[2]"", ""field"": ""source_locators""}]"
https://github.com/obgm/libcoap/blob/7cf7465b784baded4de183290c547d582becfd28/src/coap_net.c#L1014-L1050,https://github.com/obgm/libcoap/blob/7cf7465b784baded4de183290c547d582becfd28/src/coap_net.c,True,TLS_VERIFIED,HTTP 206,4,"[{""file"": ""_staging/ietf_app_protocols/coap/proposals.json"", ""json_pointer"": ""$[5].source_url"", ""field"": ""source_url""}, {""file"": ""protocols/all_protocol_properties.json"", ""json_pointer"": ""$[1].source_url"", ""field"": ""source_url""}, {""file"": ""protocols/evidence_manifest.json"", ""json_pointer"": ""$.sources[1].source_url"", ""field"": ""source_url""}, {""file"": ""protocols/coap/evidence_manifest.json"", ""json_pointer"": ""$.admitted_property_sources[1].source_url"", ""field"": ""source_url""}]"
https://github.com/obgm/libcoap/blob/7cf7465b784baded4de183290c547d582becfd28/src/coap_net.c#L1123-L1180,https://github.com/obgm/libcoap/blob/7cf7465b784baded4de183290c547d582becfd28/src/coap_net.c,True,TLS_VERIFIED,HTTP 206,4,"[{""file"": ""_staging/ietf_app_protocols/coap/proposals.json"", ""json_pointer"": ""$[0].source_url"", ""field"": ""source_url""}, {""file"": ""protocols/all_protocol_properties.json"", ""json_pointer"": ""$[2].source_url"", ""field"": ""source_url""}, {""file"": ""protocols/evidence_manifest.json"", ""json_pointer"": ""$.sources[2].source_url"", ""field"": ""source_url""}, {""file"": ""protocols/coap/evidence_manifest.json"", ""json_pointer"": ""$.admitted_property_sources[2].source_url"", ""field"": ""source_url""}]"
https://github.com/obgm/libcoap/blob/7cf7465b784baded4de183290c547d582becfd28/src/coap_net.c#L1855-L1969,https://github.com/obgm/libcoap/blob/7cf7465b784baded4de183290c547d582becfd28/src/coap_net.c,True,TLS_VERIFIED,HTTP 206,4,"[{""file"": ""_staging/ietf_app_protocols/coap/proposals.json"", ""json_pointer"": ""$[3].source_url"", ""field"": ""source_url""}, {""file"": ""protocols/all_protocol_properties.json"", ""json_pointer"": ""$[5].source_url"", ""field"": ""source_url""}, {""file"": ""protocols/evidence_manifest.json"", ""json_pointer"": ""$.sources[5].source_url"", ""field"": ""source_url""}, {""file"": ""protocols/coap/evidence_manifest.json"", ""json_pointer"": ""$.admitted_property_sources[5].source_url"", ""field"": ""source_url""}]"
https://github.com/obgm/libcoap/blob/7cf7465b784baded4de183290c547d582becfd28/src/coap_net.c#L1908-L1969,https://github.com/obgm/libcoap/blob/7cf7465b784baded4de183290c547d582becfd28/src/coap_net.c,True,TLS_VERIFIED,HTTP 206,14,"[{""file"": ""_staging/ietf_app_protocols/coap/proposals.json"", ""json_pointer"": ""$[1].source_url"", ""field"": ""source_url""}, {""file"": ""_staging/ietf_app_protocols/coap/proposals.json"", ""json_pointer"": ""$[4].auxiliary_source_mappings[0].url"", ""field"": ""url""}, {""file"": ""_staging/ietf_app_protocols/coap/proposals.json"", ""json_pointer"": ""$[6].auxiliary_source_mappings[0].url"", ""field"": ""url""}, {""file"": ""protocols/all_protocol_properties.json"", ""json_pointer"": ""$[0].auxiliary_source_mappings[0].url"", ""field"": ""url""}, {""file"": ""protocols/all_protocol_properties.json"", ""json_pointer"": ""$[0].auxiliary_source_verification[0].url"", ""field"": ""url""}, {""file"": ""protocols/all_protocol_properties.json"", ""json_pointer"": ""$[3].source_url"", ""field"": ""source_url""}, {""file"": ""protocols/all_protocol_properties.json"", ""json_pointer"": ""$[6].auxiliary_source_mappings[0].url"", ""field"": ""url""}, {""file"": ""protocols/all_protocol_properties.json"", ""json_pointer"": ""$[6].auxiliary_source_verification[0].url"", ""field"": ""url""}, {""file"": ""protocols/evidence_manifest.json"", ""json_pointer"": ""$.sources[0].auxiliary_source_mappings[0].url"", ""field"": ""url""}, {""file"": ""protocols/evidence_manifest.json"", ""json_pointer"": ""$.sources[3].source_url"", ""field"": ""source_url""}, {""file"": ""protocols/evidence_manifest.json"", ""json_pointer"": ""$.sources[6].auxiliary_source_mappings[0].url"", ""field"": ""url""}, {""file"": ""protocols/coap/evidence_manifest.json"", ""json_pointer"": ""$.admitted_property_sources[0].auxiliary_source_mappings[0].url"", ""field"": ""url""}, {""file"": ""protocols/coap/evidence_manifest.json"", ""json_pointer"": ""$.admitted_property_sources[3].source_url"", ""field"": ""source_url""}, {""file"": ""protocols/coap/evidence_manifest.json"", ""json_pointer"": ""$.admitted_property_sources[6].auxiliary_source_mappings[0].url"", ""field"": ""url""}]"
https://github.com/obgm/libcoap/blob/7cf7465b784baded4de183290c547d582becfd28/src/coap_net.c#L1908-L2007,https://github.com/obgm/libcoap/blob/7cf7465b784baded4de183290c547d582becfd28/src/coap_net.c,True,TLS_VERIFIED,HTTP 206,4,"[{""file"": ""_staging/ietf_app_protocols/coap/proposals.json"", ""json_pointer"": ""$[2].source_url"", ""field"": ""source_url""}, {""file"": ""protocols/all_protocol_properties.json"", ""json_pointer"": ""$[4].source_url"", ""field"": ""source_url""}, {""file"": ""protocols/evidence_manifest.json"", ""json_pointer"": ""$.sources[4].source_url"", ""field"": ""source_url""}, {""file"": ""protocols/coap/evidence_manifest.json"", ""json_pointer"": ""$.admitted_property_sources[4].source_url"", ""field"": ""source_url""}]"
https://github.com/obgm/libcoap/blob/7cf7465b784baded4de183290c547d582becfd28/src/coap_net.c#L2573-L2613,https://github.com/obgm/libcoap/blob/7cf7465b784baded4de183290c547d582becfd28/src/coap_net.c,True,TLS_VERIFIED,HTTP 206,15,"[{""file"": ""_staging/ietf_app_protocols/coap/proposals.json"", ""json_pointer"": ""$[0].auxiliary_source_mappings[1].url"", ""field"": ""url""}, {""file"": ""_staging/ietf_app_protocols/coap/proposals.json"", ""json_pointer"": ""$[1].auxiliary_source_mappings[1].url"", ""field"": ""url""}, {""file"": ""_staging/ietf_app_protocols/coap/proposals.json"", ""json_pointer"": ""$[2].auxiliary_source_mappings[1].url"", ""field"": ""url""}, {""file"": ""protocols/all_protocol_properties.json"", ""json_pointer"": ""$[2].auxiliary_source_mappings[1].url"", ""field"": ""url""}, {""file"": ""protocols/all_protocol_properties.json"", ""json_pointer"": ""$[2].auxiliary_source_verification[1].url"", ""field"": ""url""}, {""file"": ""protocols/all_protocol_properties.json"", ""json_pointer"": ""$[3].auxiliary_source_mappings[1].url"", ""field"": ""url""}, {""file"": ""protocols/all_protocol_properties.json"", ""json_pointer"": ""$[3].auxiliary_source_verification[1].url"", ""field"": ""url""}, {""file"": ""protocols/all_protocol_properties.json"", ""json_pointer"": ""$[4].auxiliary_source_mappings[1].url"", ""field"": ""url""}, {""file"": ""protocols/all_protocol_properties.json"", ""json_pointer"": ""$[4].auxiliary_source_verification[1].url"", ""field"": ""url""}, {""file"": ""protocols/evidence_manifest.json"", ""json_pointer"": ""$.sources[2].auxiliary_source_mappings[1].url"", ""field"": ""url""}, {""file"": ""protocols/evidence_manifest.json"", ""json_pointer"": ""$.sources[3].auxiliary_source_mappings[1].url"", ""field"": ""url""}, {""file"": ""protocols/evidence_manifest.json"", ""json_pointer"": ""$.sources[4].auxiliary_source_mappings[1].url"", ""field"": ""url""}, {""file"": ""protocols/coap/evidence_manifest.json"", ""json_pointer"": ""$.admitted_property_sources[2].auxiliary_source_mappings[1].url"", ""field"": ""url""}, {""file"": ""protocols/coap/evidence_manifest.json"", ""json_pointer"": ""$.admitted_property_sources[3].auxiliary_source_mappings[1].url"", ""field"": ""url""}, {""file"": ""protocols/coap/evidence_manifest.json"", ""json_pointer"": ""$.admitted_property_sources[4].auxiliary_source_mappings[1].url"", ""field"": ""url""}]"
https://github.com/obgm/libcoap/blob/7cf7465b784baded4de183290c547d582becfd28/src/coap_net.c#L3552-L3604,https://github.com/obgm/libcoap/blob/7cf7465b784baded4de183290c547d582becfd28/src/coap_net.c,True,TLS_VERIFIED,HTTP 206,4,"[{""file"": ""_staging/ietf_app_protocols/coap/proposals.json"", ""json_pointer"": ""$[6].source_url"", ""field"": ""source_url""}, {""file"": ""protocols/all_protocol_properties.json"", ""json_pointer"": ""$[0].source_url"", ""field"": ""source_url""}, {""file"": ""protocols/evidence_manifest.json"", ""json_pointer"": ""$.sources[0].source_url"", ""field"": ""source_url""}, {""file"": ""protocols/coap/evidence_manifest.json"", ""json_pointer"": ""$.admitted_property_sources[0].source_url"", ""field"": ""source_url""}]"
https://github.com/obgm/libcoap/blob/7cf7465b784baded4de183290c547d582becfd28/src/coap_net.c#L3983-L3993,https://github.com/obgm/libcoap/blob/7cf7465b784baded4de183290c547d582becfd28/src/coap_net.c,True,TLS_VERIFIED,HTTP 206,19,"[{""file"": ""_staging/ietf_app_protocols/coap/proposals.json"", ""json_pointer"": ""$[0].auxiliary_source_mappings[0].url"", ""field"": ""url""}, {""file"": ""_staging/ietf_app_protocols/coap/proposals.json"", ""json_pointer"": ""$[1].auxiliary_source_mappings[0].url"", ""field"": ""url""}, {""file"": ""_staging/ietf_app_protocols/coap/proposals.json"", ""json_pointer"": ""$[2].auxiliary_source_mappings[0].url"", ""field"": ""url""}, {""file"": ""_staging/ietf_app_protocols/coap/proposals.json"", ""json_pointer"": ""$[4].source_url"", ""field"": ""source_url""}, {""file"": ""protocols/all_protocol_properties.json"", ""json_pointer"": ""$[2].auxiliary_source_mappings[0].url"", ""field"": ""url""}, {""file"": ""protocols/all_protocol_properties.json"", ""json_pointer"": ""$[2].auxiliary_source_verification[0].url"", ""field"": ""url""}, {""file"": ""protocols/all_protocol_properties.json"", ""json_pointer"": ""$[3].auxiliary_source_mappings[0].url"", ""field"": ""url""}, {""file"": ""protocols/all_protocol_properties.json"", ""json_pointer"": ""$[3].auxiliary_source_verification[0].url"", ""field"": ""url""}, {""file"": ""protocols/all_protocol_properties.json"", ""json_pointer"": ""$[4].auxiliary_source_mappings[0].url"", ""field"": ""url""}, {""file"": ""protocols/all_protocol_properties.json"", ""json_pointer"": ""$[4].auxiliary_source_verification[0].url"", ""field"": ""url""}, {""file"": ""protocols/all_protocol_properties.json"", ""json_pointer"": ""$[6].source_url"", ""field"": ""source_url""}, {""file"": ""protocols/evidence_manifest.json"", ""json_pointer"": ""$.sources[2].auxiliary_source_mappings[0].url"", ""field"": ""url""}, {""file"": ""protocols/evidence_manifest.json"", ""json_pointer"": ""$.sources[3].auxiliary_source_mappings[0].url"", ""field"": ""url""}, {""file"": ""protocols/evidence_manifest.json"", ""json_pointer"": ""$.sources[4].auxiliary_source_mappings[0].url"", ""field"": ""url""}, {""file"": ""protocols/evidence_manifest.json"", ""json_pointer"": ""$.sources[6].source_url"", ""field"": ""source_url""}, {""file"": ""protocols/coap/evidence_manifest.json"", ""json_pointer"": ""$.admitted_property_sources[2].auxiliary_source_mappings[0].url"", ""field"": ""url""}, {""file"": ""protocols/coap/evidence_manifest.json"", ""json_pointer"": ""$.admitted_property_sources[3].auxiliary_source_mappings[0].url"", ""field"": ""url""}, {""file"": ""protocols/coap/evidence_manifest.json"", ""json_pointer"": ""$.admitted_property_sources[4].auxiliary_source_mappings[0].url"", ""field"": ""url""}, {""file"": ""protocols/coap/evidence_manifest.json"", ""json_pointer"": ""$.admitted_property_sources[6].source_url"", ""field"": ""source_url""}]"
https://github.com/obgm/libcoap/blob/7cf7465b784baded4de183290c547d582becfd28/src/coap_session.c#L1909-L1915,https://github.com/obgm/libcoap/blob/7cf7465b784baded4de183290c547d582becfd28/src/coap_session.c,True,TLS_VERIFIED,HTTP 206,5,"[{""file"": ""_staging/ietf_app_protocols/coap/proposals.json"", ""json_pointer"": ""$[5].auxiliary_source_mappings[0].url"", ""field"": ""url""}, {""file"": ""protocols/all_protocol_properties.json"", ""json_pointer"": ""$[1].auxiliary_source_mappings[0].url"", ""field"": ""url""}, {""file"": ""protocols/all_protocol_properties.json"", ""json_pointer"": ""$[1].auxiliary_source_verification[0].url"", ""field"": ""url""}, {""file"": ""protocols/evidence_manifest.json"", ""json_pointer"": ""$.sources[1].auxiliary_source_mappings[0].url"", ""field"": ""url""}, {""file"": ""protocols/coap/evidence_manifest.json"", ""json_pointer"": ""$.admitted_property_sources[1].auxiliary_source_mappings[0].url"", ""field"": ""url""}]"
https://github.com/obgm/libcoap/tree/7cf7465b784baded4de183290c547d582becfd28,https://github.com/obgm/libcoap/tree/7cf7465b784baded4de183290c547d582becfd28,True,TLS_VERIFIED,HTTP 206,2,"[{""file"": ""_staging/ietf_app_protocols/coap/evidence.json"", ""json_pointer"": ""$.implementation.tree_url"", ""field"": ""tree_url""}, {""file"": ""protocols/coap/evidence_manifest.json"", ""json_pointer"": ""$.screening_records[0].record.implementation.tree_url"", ""field"": ""tree_url""}]"
https://github.com/open62541/open62541,https://github.com/open62541/open62541,True,TLS_VERIFIED,HTTP 206,2,"[{""file"": ""_staging/industrial_protocols/opc_ua/evidence.json"", ""json_pointer"": ""$.sources[0].url"", ""field"": ""url""}, {""file"": ""protocols/opc_ua/evidence_manifest.json"", ""json_pointer"": ""$.screening_records[0].record.sources[0].url"", ""field"": ""url""}]"
https://github.com/open62541/open62541/blob/76e425ee963e8c16c0414f2f6bd0c7a5761a92c3/include/open62541/client_subscriptions.h#L43-L63,https://github.com/open62541/open62541/blob/76e425ee963e8c16c0414f2f6bd0c7a5761a92c3/include/open62541/client_subscriptions.h,True,TLS_VERIFIED,HTTP 206,20,"[{""file"": ""_staging/industrial_protocols/opc_ua/proposals.json"", ""json_pointer"": ""$[3].auxiliary_source_mappings[5].url"", ""field"": ""url""}, {""file"": ""_staging/industrial_protocols/opc_ua/proposals.json"", ""json_pointer"": ""$[4].auxiliary_source_mappings[3].url"", ""field"": ""url""}, {""file"": ""_staging/industrial_protocols/opc_ua/proposals.json"", ""json_pointer"": ""$[5].auxiliary_source_mappings[4].url"", ""field"": ""url""}, {""file"": ""_staging/industrial_protocols/opc_ua/proposals.json"", ""json_pointer"": ""$[6].auxiliary_source_mappings[4].url"", ""field"": ""url""}, {""file"": ""protocols/all_protocol_properties.json"", ""json_pointer"": ""$[66].auxiliary_source_mappings[5].url"", ""field"": ""url""}, {""file"": ""protocols/all_protocol_properties.json"", ""json_pointer"": ""$[66].auxiliary_source_verification[5].url"", ""field"": ""url""}, {""file"": ""protocols/all_protocol_properties.json"", ""json_pointer"": ""$[67].auxiliary_source_mappings[3].url"", ""field"": ""url""}, {""file"": ""protocols/all_protocol_properties.json"", ""json_pointer"": ""$[67].auxiliary_source_verification[3].url"", ""field"": ""url""}, {""file"": ""protocols/all_protocol_properties.json"", ""json_pointer"": ""$[68].auxiliary_source_mappings[4].url"", ""field"": ""url""}, {""file"": ""protocols/all_protocol_properties.json"", ""json_pointer"": ""$[68].auxiliary_source_verification[4].url"", ""field"": ""url""}, {""file"": ""protocols/all_protocol_properties.json"", ""json_pointer"": ""$[69].auxiliary_source_mappings[4].url"", ""field"": ""url""}, {""file"": ""protocols/all_protocol_properties.json"", ""json_pointer"": ""$[69].auxiliary_source_verification[4].url"", ""field"": ""url""}, {""file"": ""protocols/evidence_manifest.json"", ""json_pointer"": ""$.sources[66].auxiliary_source_mappings[5].url"", ""field"": ""url""}, {""file"": ""protocols/evidence_manifest.json"", ""json_pointer"": ""$.sources[67].auxiliary_source_mappings[3].url"", ""field"": ""url""}, {""file"": ""protocols/evidence_manifest.json"", ""json_pointer"": ""$.sources[68].auxiliary_source_mappings[4].url"", ""field"": ""url""}, {""file"": ""protocols/evidence_manifest.json"", ""json_pointer"": ""$.sources[69].auxiliary_source_mappings[4].url"", ""field"": ""url""}, {""file"": ""protocols/opc_ua/evidence_manifest.json"", ""json_pointer"": ""$.admitted_property_sources[4].auxiliary_source_mappings[5].url"", ""field"": ""url""}, {""file"": ""protocols/opc_ua/evidence_manifest.json"", ""json_pointer"": ""$.admitted_property_sources[5].auxiliary_source_mappings[3].url"", ""field"": ""url""}, {""file"": ""protocols/opc_ua/evidence_manifest.json"", ""json_pointer"": ""$.admitted_property_sources[6].auxiliary_source_mappings[4].url"", ""field"": ""url""}, {""file"": ""protocols/opc_ua/evidence_manifest.json"", ""json_pointer"": ""$.admitted_property_sources[7].auxiliary_source_mappings[4].url"", ""field"": ""url""}]"
https://github.com/open62541/open62541/blob/76e425ee963e8c16c0414f2f6bd0c7a5761a92c3/plugins/ua_config_default.c#L1115-L1118,https://github.com/open62541/open62541/blob/76e425ee963e8c16c0414f2f6bd0c7a5761a92c3/plugins/ua_config_default.c,True,TLS_VERIFIED,HTTP 206,10,"[{""file"": ""_staging/industrial_protocols/opc_ua/proposals.json"", ""json_pointer"": ""$[0].auxiliary_source_mappings[2].url"", ""field"": ""url""}, {""file"": ""_staging/industrial_protocols/opc_ua/proposals.json"", ""json_pointer"": ""$[1].auxiliary_source_mappings[1].url"", ""field"": ""url""}, {""file"": ""protocols/all_protocol_properties.json"", ""json_pointer"": ""$[63].auxiliary_source_mappings[2].url"", ""field"": ""url""}, {""file"": ""protocols/all_protocol_properties.json"", ""json_pointer"": ""$[63].auxiliary_source_verification[2].url"", ""field"": ""url""}, {""file"": ""protocols/all_protocol_properties.json"", ""json_pointer"": ""$[64].auxiliary_source_mappings[1].url"", ""field"": ""url""}, {""file"": ""protocols/all_protocol_properties.json"", ""json_pointer"": ""$[64].auxiliary_source_verification[1].url"", ""field"": ""url""}, {""file"": ""protocols/evidence_manifest.json"", ""json_pointer"": ""$.sources[63].auxiliary_source_mappings[2].url"", ""field"": ""url""}, {""file"": ""protocols/evidence_manifest.json"", ""json_pointer"": ""$.sources[64].auxiliary_source_mappings[1].url"", ""field"": ""url""}, {""file"": ""protocols/opc_ua/evidence_manifest.json"", ""json_pointer"": ""$.admitted_property_sources[1].auxiliary_source_mappings[2].url"", ""field"": ""url""}, {""file"": ""protocols/opc_ua/evidence_manifest.json"", ""json_pointer"": ""$.admitted_property_sources[2].auxiliary_source_mappings[1].url"", ""field"": ""url""}]"
https://github.com/open62541/open62541/blob/76e425ee963e8c16c0414f2f6bd0c7a5761a92c3/plugins/ua_config_default.c#L1173-L1174,https://github.com/open62541/open62541/blob/76e425ee963e8c16c0414f2f6bd0c7a5761a92c3/plugins/ua_config_default.c,True,TLS_VERIFIED,HTTP 206,5,"[{""file"": ""_staging/industrial_protocols/opc_ua/proposals.json"", ""json_pointer"": ""$[2].auxiliary_source_mappings[4].url"", ""field"": ""url""}, {""file"": ""protocols/all_protocol_properties.json"", ""json_pointer"": ""$[65].auxiliary_source_mappings[4].url"", ""field"": ""url""}, {""file"": ""protocols/all_protocol_properties.json"", ""json_pointer"": ""$[65].auxiliary_source_verification[4].url"", ""field"": ""url""}, {""file"": ""protocols/evidence_manifest.json"", ""json_pointer"": ""$.sources[65].auxiliary_source_mappings[4].url"", ""field"": ""url""}, {""file"": ""protocols/opc_ua/evidence_manifest.json"", ""json_pointer"": ""$.admitted_property_sources[3].auxiliary_source_mappings[4].url"", ""field"": ""url""}]"
https://github.com/open62541/open62541/blob/76e425ee963e8c16c0414f2f6bd0c7a5761a92c3/src/client/ua_client_connect.c#L2198-L2236,https://github.com/open62541/open62541/blob/76e425ee963e8c16c0414f2f6bd0c7a5761a92c3/src/client/ua_client_connect.c,True,TLS_VERIFIED,HTTP 206,5,"[{""file"": ""_staging/industrial_protocols/opc_ua/proposals.json"", ""json_pointer"": ""$[0].auxiliary_source_mappings[1].url"", ""field"": ""url""}, {""file"": ""protocols/all_protocol_properties.json"", ""json_pointer"": ""$[63].auxiliary_source_mappings[1].url"", ""field"": ""url""}, {""file"": ""protocols/all_protocol_properties.json"", ""json_pointer"": ""$[63].auxiliary_source_verification[1].url"", ""field"": ""url""}, {""file"": ""protocols/evidence_manifest.json"", ""json_pointer"": ""$.sources[63].auxiliary_source_mappings[1].url"", ""field"": ""url""}, {""file"": ""protocols/opc_ua/evidence_manifest.json"", ""json_pointer"": ""$.admitted_property_sources[1].auxiliary_source_mappings[1].url"", ""field"": ""url""}]"
https://github.com/open62541/open62541/blob/76e425ee963e8c16c0414f2f6bd0c7a5761a92c3/src/client/ua_client_connect.c#L495-L589,https://github.com/open62541/open62541/blob/76e425ee963e8c16c0414f2f6bd0c7a5761a92c3/src/client/ua_client_connect.c,True,TLS_VERIFIED,HTTP 206,9,"[{""file"": ""_staging/industrial_protocols/opc_ua/proposals.json"", ""json_pointer"": ""$[0].source_url"", ""field"": ""source_url""}, {""file"": ""_staging/industrial_protocols/opc_ua/proposals.json"", ""json_pointer"": ""$[1].auxiliary_source_mappings[0].url"", ""field"": ""url""}, {""file"": ""protocols/all_protocol_properties.json"", ""json_pointer"": ""$[63].source_url"", ""field"": ""source_url""}, {""file"": ""protocols/all_protocol_properties.json"", ""json_pointer"": ""$[64].auxiliary_source_mappings[0].url"", ""field"": ""url""}, {""file"": ""protocols/all_protocol_properties.json"", ""json_pointer"": ""$[64].auxiliary_source_verification[0].url"", ""field"": ""url""}, {""file"": ""protocols/evidence_manifest.json"", ""json_pointer"": ""$.sources[63].source_url"", ""field"": ""source_url""}, {""file"": ""protocols/evidence_manifest.json"", ""json_pointer"": ""$.sources[64].auxiliary_source_mappings[0].url"", ""field"": ""url""}, {""file"": ""protocols/opc_ua/evidence_manifest.json"", ""json_pointer"": ""$.admitted_property_sources[1].source_url"", ""field"": ""source_url""}, {""file"": ""protocols/opc_ua/evidence_manifest.json"", ""json_pointer"": ""$.admitted_property_sources[2].auxiliary_source_mappings[0].url"", ""field"": ""url""}]"
https://github.com/open62541/open62541/blob/76e425ee963e8c16c0414f2f6bd0c7a5761a92c3/src/client/ua_client_connect.c#L593-L646,https://github.com/open62541/open62541/blob/76e425ee963e8c16c0414f2f6bd0c7a5761a92c3/src/client/ua_client_connect.c,True,TLS_VERIFIED,HTTP 206,5,"[{""file"": ""_staging/industrial_protocols/opc_ua/proposals.json"", ""json_pointer"": ""$[0].auxiliary_source_mappings[0].url"", ""field"": ""url""}, {""file"": ""protocols/all_protocol_properties.json"", ""json_pointer"": ""$[63].auxiliary_source_mappings[0].url"", ""field"": ""url""}, {""file"": ""protocols/all_protocol_properties.json"", ""json_pointer"": ""$[63].auxiliary_source_verification[0].url"", ""field"": ""url""}, {""file"": ""protocols/evidence_manifest.json"", ""json_pointer"": ""$.sources[63].auxiliary_source_mappings[0].url"", ""field"": ""url""}, {""file"": ""protocols/opc_ua/evidence_manifest.json"", ""json_pointer"": ""$.admitted_property_sources[1].auxiliary_source_mappings[0].url"", ""field"": ""url""}]"
https://github.com/open62541/open62541/blob/76e425ee963e8c16c0414f2f6bd0c7a5761a92c3/src/server/ua_server_binary.c#L716-L865,https://github.com/open62541/open62541/blob/76e425ee963e8c16c0414f2f6bd0c7a5761a92c3/src/server/ua_server_binary.c,True,TLS_VERIFIED,HTTP 206,5,"[{""file"": ""_staging/industrial_protocols/opc_ua/proposals.json"", ""json_pointer"": ""$[2].auxiliary_source_mappings[1].url"", ""field"": ""url""}, {""file"": ""protocols/all_protocol_properties.json"", ""json_pointer"": ""$[65].auxiliary_source_mappings[1].url"", ""field"": ""url""}, {""file"": ""protocols/all_protocol_properties.json"", ""json_pointer"": ""$[65].auxiliary_source_verification[1].url"", ""field"": ""url""}, {""file"": ""protocols/evidence_manifest.json"", ""json_pointer"": ""$.sources[65].auxiliary_source_mappings[1].url"", ""field"": ""url""}, {""file"": ""protocols/opc_ua/evidence_manifest.json"", ""json_pointer"": ""$.admitted_property_sources[3].auxiliary_source_mappings[1].url"", ""field"": ""url""}]"
https://github.com/open62541/open62541/blob/76e425ee963e8c16c0414f2f6bd0c7a5761a92c3/src/server/ua_services_session.c#L115-L126,https://github.com/open62541/open62541/blob/76e425ee963e8c16c0414f2f6bd0c7a5761a92c3/src/server/ua_services_session.c,True,TLS_VERIFIED,HTTP 206,4,"[{""file"": ""_staging/industrial_protocols/opc_ua/proposals.json"", ""json_pointer"": ""$[2].source_url"", ""field"": ""source_url""}, {""file"": ""protocols/all_protocol_properties.json"", ""json_pointer"": ""$[65].source_url"", ""field"": ""source_url""}, {""file"": ""protocols/evidence_manifest.json"", ""json_pointer"": ""$.sources[65].source_url"", ""field"": ""source_url""}, {""file"": ""protocols/opc_ua/evidence_manifest.json"", ""json_pointer"": ""$.admitted_property_sources[3].source_url"", ""field"": ""source_url""}]"
https://github.com/open62541/open62541/blob/76e425ee963e8c16c0414f2f6bd0c7a5761a92c3/src/server/ua_services_session.c#L224-L260,https://github.com/open62541/open62541/blob/76e425ee963e8c16c0414f2f6bd0c7a5761a92c3/src/server/ua_services_session.c,True,TLS_VERIFIED,HTTP 206,5,"[{""file"": ""_staging/industrial_protocols/opc_ua/proposals.json"", ""json_pointer"": ""$[2].auxiliary_source_mappings[2].url"", ""field"": ""url""}, {""file"": ""protocols/all_protocol_properties.json"", ""json_pointer"": ""$[65].auxiliary_source_mappings[2].url"", ""field"": ""url""}, {""file"": ""protocols/all_protocol_properties.json"", ""json_pointer"": ""$[65].auxiliary_source_verification[2].url"", ""field"": ""url""}, {""file"": ""protocols/evidence_manifest.json"", ""json_pointer"": ""$.sources[65].auxiliary_source_mappings[2].url"", ""field"": ""url""}, {""file"": ""protocols/opc_ua/evidence_manifest.json"", ""json_pointer"": ""$.admitted_property_sources[3].auxiliary_source_mappings[2].url"", ""field"": ""url""}]"
https://github.com/open62541/open62541/blob/76e425ee963e8c16c0414f2f6bd0c7a5761a92c3/src/server/ua_services_session.c#L29-L98,https://github.com/open62541/open62541/blob/76e425ee963e8c16c0414f2f6bd0c7a5761a92c3/src/server/ua_services_session.c,True,TLS_VERIFIED,HTTP 206,5,"[{""file"": ""_staging/industrial_protocols/opc_ua/proposals.json"", ""json_pointer"": ""$[2].auxiliary_source_mappings[3].url"", ""field"": ""url""}, {""file"": ""protocols/all_protocol_properties.json"", ""json_pointer"": ""$[65].auxiliary_source_mappings[3].url"", ""field"": ""url""}, {""file"": ""protocols/all_protocol_properties.json"", ""json_pointer"": ""$[65].auxiliary_source_verification[3].url"", ""field"": ""url""}, {""file"": ""protocols/evidence_manifest.json"", ""json_pointer"": ""$.sources[65].auxiliary_source_mappings[3].url"", ""field"": ""url""}, {""file"": ""protocols/opc_ua/evidence_manifest.json"", ""json_pointer"": ""$.admitted_property_sources[3].auxiliary_source_mappings[3].url"", ""field"": ""url""}]"
https://github.com/open62541/open62541/blob/76e425ee963e8c16c0414f2f6bd0c7a5761a92c3/src/server/ua_services_subscription.c#L130-L193,https://github.com/open62541/open62541/blob/76e425ee963e8c16c0414f2f6bd0c7a5761a92c3/src/server/ua_services_subscription.c,True,TLS_VERIFIED,HTTP 206,20,"[{""file"": ""_staging/industrial_protocols/opc_ua/proposals.json"", ""json_pointer"": ""$[3].auxiliary_source_mappings[4].url"", ""field"": ""url""}, {""file"": ""_staging/industrial_protocols/opc_ua/proposals.json"", ""json_pointer"": ""$[4].auxiliary_source_mappings[2].url"", ""field"": ""url""}, {""file"": ""_staging/industrial_protocols/opc_ua/proposals.json"", ""json_pointer"": ""$[5].auxiliary_source_mappings[2].url"", ""field"": ""url""}, {""file"": ""_staging/industrial_protocols/opc_ua/proposals.json"", ""json_pointer"": ""$[6].auxiliary_source_mappings[2].url"", ""field"": ""url""}, {""file"": ""protocols/all_protocol_properties.json"", ""json_pointer"": ""$[66].auxiliary_source_mappings[4].url"", ""field"": ""url""}, {""file"": ""protocols/all_protocol_properties.json"", ""json_pointer"": ""$[66].auxiliary_source_verification[4].url"", ""field"": ""url""}, {""file"": ""protocols/all_protocol_properties.json"", ""json_pointer"": ""$[67].auxiliary_source_mappings[2].url"", ""field"": ""url""}, {""file"": ""protocols/all_protocol_properties.json"", ""json_pointer"": ""$[67].auxiliary_source_verification[2].url"", ""field"": ""url""}, {""file"": ""protocols/all_protocol_properties.json"", ""json_pointer"": ""$[68].auxiliary_source_mappings[2].url"", ""field"": ""url""}, {""file"": ""protocols/all_protocol_properties.json"", ""json_pointer"": ""$[68].auxiliary_source_verification[2].url"", ""field"": ""url""}, {""file"": ""protocols/all_protocol_properties.json"", ""json_pointer"": ""$[69].auxiliary_source_mappings[2].url"", ""field"": ""url""}, {""file"": ""protocols/all_protocol_properties.json"", ""json_pointer"": ""$[69].auxiliary_source_verification[2].url"", ""field"": ""url""}, {""file"": ""protocols/evidence_manifest.json"", ""json_pointer"": ""$.sources[66].auxiliary_source_mappings[4].url"", ""field"": ""url""}, {""file"": ""protocols/evidence_manifest.json"", ""json_pointer"": ""$.sources[67].auxiliary_source_mappings[2].url"", ""field"": ""url""}, {""file"": ""protocols/evidence_manifest.json"", ""json_pointer"": ""$.sources[68].auxiliary_source_mappings[2].url"", ""field"": ""url""}, {""file"": ""protocols/evidence_manifest.json"", ""json_pointer"": ""$.sources[69].auxiliary_source_mappings[2].url"", ""field"": ""url""}, {""file"": ""protocols/opc_ua/evidence_manifest.json"", ""json_pointer"": ""$.admitted_property_sources[4].auxiliary_source_mappings[4].url"", ""field"": ""url""}, {""file"": ""protocols/opc_ua/evidence_manifest.json"", ""json_pointer"": ""$.admitted_property_sources[5].auxiliary_source_mappings[2].url"", ""field"": ""url""}, {""file"": ""protocols/opc_ua/evidence_manifest.json"", ""json_pointer"": ""$.admitted_property_sources[6].auxiliary_source_mappings[2].url"", ""field"": ""url""}, {""file"": ""protocols/opc_ua/evidence_manifest.json"", ""json_pointer"": ""$.admitted_property_sources[7].auxiliary_source_mappings[2].url"", ""field"": ""url""}]"
https://github.com/open62541/open62541/blob/76e425ee963e8c16c0414f2f6bd0c7a5761a92c3/src/server/ua_services_subscription.c#L196-L214,https://github.com/open62541/open62541/blob/76e425ee963e8c16c0414f2f6bd0c7a5761a92c3/src/server/ua_services_subscription.c,True,TLS_VERIFIED,HTTP 206,5,"[{""file"": ""_staging/industrial_protocols/opc_ua/proposals.json"", ""json_pointer"": ""$[6].auxiliary_source_mappings[0].url"", ""field"": ""url""}, {""file"": ""protocols/all_protocol_properties.json"", ""json_pointer"": ""$[69].auxiliary_source_mappings[0].url"", ""field"": ""url""}, {""file"": ""protocols/all_protocol_properties.json"", ""json_pointer"": ""$[69].auxiliary_source_verification[0].url"", ""field"": ""url""}, {""file"": ""protocols/evidence_manifest.json"", ""json_pointer"": ""$.sources[69].auxiliary_source_mappings[0].url"", ""field"": ""url""}, {""file"": ""protocols/opc_ua/evidence_manifest.json"", ""json_pointer"": ""$.admitted_property_sources[7].auxiliary_source_mappings[0].url"", ""field"": ""url""}]"
https://github.com/open62541/open62541/blob/76e425ee963e8c16c0414f2f6bd0c7a5761a92c3/src/server/ua_services_subscription.c#L236-L355,https://github.com/open62541/open62541/blob/76e425ee963e8c16c0414f2f6bd0c7a5761a92c3/src/server/ua_services_subscription.c,True,TLS_VERIFIED,HTTP 206,5,"[{""file"": ""_staging/industrial_protocols/opc_ua/proposals.json"", ""json_pointer"": ""$[3].auxiliary_source_mappings[1].url"", ""field"": ""url""}, {""file"": ""protocols/all_protocol_properties.json"", ""json_pointer"": ""$[66].auxiliary_source_mappings[1].url"", ""field"": ""url""}, {""file"": ""protocols/all_protocol_properties.json"", ""json_pointer"": ""$[66].auxiliary_source_verification[1].url"", ""field"": ""url""}, {""file"": ""protocols/evidence_manifest.json"", ""json_pointer"": ""$.sources[66].auxiliary_source_mappings[1].url"", ""field"": ""url""}, {""file"": ""protocols/opc_ua/evidence_manifest.json"", ""json_pointer"": ""$.admitted_property_sources[4].auxiliary_source_mappings[1].url"", ""field"": ""url""}]"
https://github.com/open62541/open62541/blob/76e425ee963e8c16c0414f2f6bd0c7a5761a92c3/src/server/ua_services_subscription.c#L26-L52,https://github.com/open62541/open62541/blob/76e425ee963e8c16c0414f2f6bd0c7a5761a92c3/src/server/ua_services_subscription.c,True,TLS_VERIFIED,HTTP 206,15,"[{""file"": ""_staging/industrial_protocols/opc_ua/proposals.json"", ""json_pointer"": ""$[4].auxiliary_source_mappings[0].url"", ""field"": ""url""}, {""file"": ""_staging/industrial_protocols/opc_ua/proposals.json"", ""json_pointer"": ""$[5].auxiliary_source_mappings[3].url"", ""field"": ""url""}, {""file"": ""_staging/industrial_protocols/opc_ua/proposals.json"", ""json_pointer"": ""$[6].auxiliary_source_mappings[3].url"", ""field"": ""url""}, {""file"": ""protocols/all_protocol_properties.json"", ""json_pointer"": ""$[67].auxiliary_source_mappings[0].url"", ""field"": ""url""}, {""file"": ""protocols/all_protocol_properties.json"", ""json_pointer"": ""$[67].auxiliary_source_verification[0].url"", ""field"": ""url""}, {""file"": ""protocols/all_protocol_properties.json"", ""json_pointer"": ""$[68].auxiliary_source_mappings[3].url"", ""field"": ""url""}, {""file"": ""protocols/all_protocol_properties.json"", ""json_pointer"": ""$[68].auxiliary_source_verification[3].url"", ""field"": ""url""}, {""file"": ""protocols/all_protocol_properties.json"", ""json_pointer"": ""$[69].auxiliary_source_mappings[3].url"", ""field"": ""url""}, {""file"": ""protocols/all_protocol_properties.json"", ""json_pointer"": ""$[69].auxiliary_source_verification[3].url"", ""field"": ""url""}, {""file"": ""protocols/evidence_manifest.json"", ""json_pointer"": ""$.sources[67].auxiliary_source_mappings[0].url"", ""field"": ""url""}, {""file"": ""protocols/evidence_manifest.json"", ""json_pointer"": ""$.sources[68].auxiliary_source_mappings[3].url"", ""field"": ""url""}, {""file"": ""protocols/evidence_manifest.json"", ""json_pointer"": ""$.sources[69].auxiliary_source_mappings[3].url"", ""field"": ""url""}, {""file"": ""protocols/opc_ua/evidence_manifest.json"", ""json_pointer"": ""$.admitted_property_sources[5].auxiliary_source_mappings[0].url"", ""field"": ""url""}, {""file"": ""protocols/opc_ua/evidence_manifest.json"", ""json_pointer"": ""$.admitted_property_sources[6].auxiliary_source_mappings[3].url"", ""field"": ""url""}, {""file"": ""protocols/opc_ua/evidence_manifest.json"", ""json_pointer"": ""$.admitted_property_sources[7].auxiliary_source_mappings[3].url"", ""field"": ""url""}]"
https://github.com/open62541/open62541/blob/76e425ee963e8c16c0414f2f6bd0c7a5761a92c3/src/server/ua_services_subscription.c#L304-L315,https://github.com/open62541/open62541/blob/76e425ee963e8c16c0414f2f6bd0c7a5761a92c3/src/server/ua_services_subscription.c,True,TLS_VERIFIED,HTTP 206,5,"[{""file"": ""_staging/industrial_protocols/opc_ua/proposals.json"", ""json_pointer"": ""$[7].auxiliary_source_mappings[0].url"", ""field"": ""url""}, {""file"": ""protocols/all_protocol_properties.json"", ""json_pointer"": ""$[62].auxiliary_source_mappings[0].url"", ""field"": ""url""}, {""file"": ""protocols/all_protocol_properties.json"", ""json_pointer"": ""$[62].auxiliary_source_verification[0].url"", ""field"": ""url""}, {""file"": ""protocols/evidence_manifest.json"", ""json_pointer"": ""$.sources[62].auxiliary_source_mappings[0].url"", ""field"": ""url""}, {""file"": ""protocols/opc_ua/evidence_manifest.json"", ""json_pointer"": ""$.admitted_property_sources[0].auxiliary_source_mappings[0].url"", ""field"": ""url""}]"
https://github.com/open62541/open62541/blob/76e425ee963e8c16c0414f2f6bd0c7a5761a92c3/src/server/ua_services_subscription.c#L55-L127,https://github.com/open62541/open62541/blob/76e425ee963e8c16c0414f2f6bd0c7a5761a92c3/src/server/ua_services_subscription.c,True,TLS_VERIFIED,HTTP 206,5,"[{""file"": ""_staging/industrial_protocols/opc_ua/proposals.json"", ""json_pointer"": ""$[3].auxiliary_source_mappings[0].url"", ""field"": ""url""}, {""file"": ""protocols/all_protocol_properties.json"", ""json_pointer"": ""$[66].auxiliary_source_mappings[0].url"", ""field"": ""url""}, {""file"": ""protocols/all_protocol_properties.json"", ""json_pointer"": ""$[66].auxiliary_source_verification[0].url"", ""field"": ""url""}, {""file"": ""protocols/evidence_manifest.json"", ""json_pointer"": ""$.sources[66].auxiliary_source_mappings[0].url"", ""field"": ""url""}, {""file"": ""protocols/opc_ua/evidence_manifest.json"", ""json_pointer"": ""$.admitted_property_sources[4].auxiliary_source_mappings[0].url"", ""field"": ""url""}]"
https://github.com/open62541/open62541/blob/76e425ee963e8c16c0414f2f6bd0c7a5761a92c3/src/server/ua_session.c#L125-L131,https://github.com/open62541/open62541/blob/76e425ee963e8c16c0414f2f6bd0c7a5761a92c3/src/server/ua_session.c,True,TLS_VERIFIED,HTTP 206,5,"[{""file"": ""_staging/industrial_protocols/opc_ua/proposals.json"", ""json_pointer"": ""$[2].auxiliary_source_mappings[0].url"", ""field"": ""url""}, {""file"": ""protocols/all_protocol_properties.json"", ""json_pointer"": ""$[65].auxiliary_source_mappings[0].url"", ""field"": ""url""}, {""file"": ""protocols/all_protocol_properties.json"", ""json_pointer"": ""$[65].auxiliary_source_verification[0].url"", ""field"": ""url""}, {""file"": ""protocols/evidence_manifest.json"", ""json_pointer"": ""$.sources[65].auxiliary_source_mappings[0].url"", ""field"": ""url""}, {""file"": ""protocols/opc_ua/evidence_manifest.json"", ""json_pointer"": ""$.admitted_property_sources[3].auxiliary_source_mappings[0].url"", ""field"": ""url""}]"
https://github.com/open62541/open62541/blob/76e425ee963e8c16c0414f2f6bd0c7a5761a92c3/src/server/ua_subscription.c#L118-L120,https://github.com/open62541/open62541/blob/76e425ee963e8c16c0414f2f6bd0c7a5761a92c3/src/server/ua_subscription.c,True,TLS_VERIFIED,HTTP 206,5,"[{""file"": ""_staging/industrial_protocols/opc_ua/proposals.json"", ""json_pointer"": ""$[5].auxiliary_source_mappings[0].url"", ""field"": ""url""}, {""file"": ""protocols/all_protocol_properties.json"", ""json_pointer"": ""$[68].auxiliary_source_mappings[0].url"", ""field"": ""url""}, {""file"": ""protocols/all_protocol_properties.json"", ""json_pointer"": ""$[68].auxiliary_source_verification[0].url"", ""field"": ""url""}, {""file"": ""protocols/evidence_manifest.json"", ""json_pointer"": ""$.sources[68].auxiliary_source_mappings[0].url"", ""field"": ""url""}, {""file"": ""protocols/opc_ua/evidence_manifest.json"", ""json_pointer"": ""$.admitted_property_sources[6].auxiliary_source_mappings[0].url"", ""field"": ""url""}]"
https://github.com/open62541/open62541/blob/76e425ee963e8c16c0414f2f6bd0c7a5761a92c3/src/server/ua_subscription.c#L427-L452,https://github.com/open62541/open62541/blob/76e425ee963e8c16c0414f2f6bd0c7a5761a92c3/src/server/ua_subscription.c,True,TLS_VERIFIED,HTTP 206,4,"[{""file"": ""_staging/industrial_protocols/opc_ua/proposals.json"", ""json_pointer"": ""$[7].source_url"", ""field"": ""source_url""}, {""file"": ""protocols/all_protocol_properties.json"", ""json_pointer"": ""$[62].source_url"", ""field"": ""source_url""}, {""file"": ""protocols/evidence_manifest.json"", ""json_pointer"": ""$.sources[62].source_url"", ""field"": ""source_url""}, {""file"": ""protocols/opc_ua/evidence_manifest.json"", ""json_pointer"": ""$.admitted_property_sources[0].source_url"", ""field"": ""source_url""}]"
https://github.com/open62541/open62541/blob/76e425ee963e8c16c0414f2f6bd0c7a5761a92c3/src/server/ua_subscription.c#L427-L648,https://github.com/open62541/open62541/blob/76e425ee963e8c16c0414f2f6bd0c7a5761a92c3/src/server/ua_subscription.c,True,TLS_VERIFIED,HTTP 206,5,"[{""file"": ""_staging/industrial_protocols/opc_ua/proposals.json"", ""json_pointer"": ""$[3].auxiliary_source_mappings[2].url"", ""field"": ""url""}, {""file"": ""protocols/all_protocol_properties.json"", ""json_pointer"": ""$[66].auxiliary_source_mappings[2].url"", ""field"": ""url""}, {""file"": ""protocols/all_protocol_properties.json"", ""json_pointer"": ""$[66].auxiliary_source_verification[2].url"", ""field"": ""url""}, {""file"": ""protocols/evidence_manifest.json"", ""json_pointer"": ""$.sources[66].auxiliary_source_mappings[2].url"", ""field"": ""url""}, {""file"": ""protocols/opc_ua/evidence_manifest.json"", ""json_pointer"": ""$.admitted_property_sources[4].auxiliary_source_mappings[2].url"", ""field"": ""url""}]"
https://github.com/open62541/open62541/blob/76e425ee963e8c16c0414f2f6bd0c7a5761a92c3/src/server/ua_subscription.c#L455-L474,https://github.com/open62541/open62541/blob/76e425ee963e8c16c0414f2f6bd0c7a5761a92c3/src/server/ua_subscription.c,True,TLS_VERIFIED,HTTP 206,4,"[{""file"": ""_staging/industrial_protocols/opc_ua/proposals.json"", ""json_pointer"": ""$[5].source_url"", ""field"": ""source_url""}, {""file"": ""protocols/all_protocol_properties.json"", ""json_pointer"": ""$[68].source_url"", ""field"": ""source_url""}, {""file"": ""protocols/evidence_manifest.json"", ""json_pointer"": ""$.sources[68].source_url"", ""field"": ""source_url""}, {""file"": ""protocols/opc_ua/evidence_manifest.json"", ""json_pointer"": ""$.admitted_property_sources[6].source_url"", ""field"": ""source_url""}]"
https://github.com/open62541/open62541/blob/76e425ee963e8c16c0414f2f6bd0c7a5761a92c3/src/server/ua_subscription.c#L477-L610,https://github.com/open62541/open62541/blob/76e425ee963e8c16c0414f2f6bd0c7a5761a92c3/src/server/ua_subscription.c,True,TLS_VERIFIED,HTTP 206,8,"[{""file"": ""_staging/industrial_protocols/opc_ua/proposals.json"", ""json_pointer"": ""$[4].source_url"", ""field"": ""source_url""}, {""file"": ""_staging/industrial_protocols/opc_ua/proposals.json"", ""json_pointer"": ""$[6].source_url"", ""field"": ""source_url""}, {""file"": ""protocols/all_protocol_properties.json"", ""json_pointer"": ""$[67].source_url"", ""field"": ""source_url""}, {""file"": ""protocols/all_protocol_properties.json"", ""json_pointer"": ""$[69].source_url"", ""field"": ""source_url""}, {""file"": ""protocols/evidence_manifest.json"", ""json_pointer"": ""$.sources[67].source_url"", ""field"": ""source_url""}, {""file"": ""protocols/evidence_manifest.json"", ""json_pointer"": ""$.sources[69].source_url"", ""field"": ""source_url""}, {""file"": ""protocols/opc_ua/evidence_manifest.json"", ""json_pointer"": ""$.admitted_property_sources[5].source_url"", ""field"": ""source_url""}, {""file"": ""protocols/opc_ua/evidence_manifest.json"", ""json_pointer"": ""$.admitted_property_sources[7].source_url"", ""field"": ""source_url""}]"
https://github.com/open62541/open62541/blob/76e425ee963e8c16c0414f2f6bd0c7a5761a92c3/src/server/ua_subscription.c#L53-L115,https://github.com/open62541/open62541/blob/76e425ee963e8c16c0414f2f6bd0c7a5761a92c3/src/server/ua_subscription.c,True,TLS_VERIFIED,HTTP 206,20,"[{""file"": ""_staging/industrial_protocols/opc_ua/proposals.json"", ""json_pointer"": ""$[3].auxiliary_source_mappings[3].url"", ""field"": ""url""}, {""file"": ""_staging/industrial_protocols/opc_ua/proposals.json"", ""json_pointer"": ""$[4].auxiliary_source_mappings[1].url"", ""field"": ""url""}, {""file"": ""_staging/industrial_protocols/opc_ua/proposals.json"", ""json_pointer"": ""$[5].auxiliary_source_mappings[1].url"", ""field"": ""url""}, {""file"": ""_staging/industrial_protocols/opc_ua/proposals.json"", ""json_pointer"": ""$[6].auxiliary_source_mappings[1].url"", ""field"": ""url""}, {""file"": ""protocols/all_protocol_properties.json"", ""json_pointer"": ""$[66].auxiliary_source_mappings[3].url"", ""field"": ""url""}, {""file"": ""protocols/all_protocol_properties.json"", ""json_pointer"": ""$[66].auxiliary_source_verification[3].url"", ""field"": ""url""}, {""file"": ""protocols/all_protocol_properties.json"", ""json_pointer"": ""$[67].auxiliary_source_mappings[1].url"", ""field"": ""url""}, {""file"": ""protocols/all_protocol_properties.json"", ""json_pointer"": ""$[67].auxiliary_source_verification[1].url"", ""field"": ""url""}, {""file"": ""protocols/all_protocol_properties.json"", ""json_pointer"": ""$[68].auxiliary_source_mappings[1].url"", ""field"": ""url""}, {""file"": ""protocols/all_protocol_properties.json"", ""json_pointer"": ""$[68].auxiliary_source_verification[1].url"", ""field"": ""url""}, {""file"": ""protocols/all_protocol_properties.json"", ""json_pointer"": ""$[69].auxiliary_source_mappings[1].url"", ""field"": ""url""}, {""file"": ""protocols/all_protocol_properties.json"", ""json_pointer"": ""$[69].auxiliary_source_verification[1].url"", ""field"": ""url""}, {""file"": ""protocols/evidence_manifest.json"", ""json_pointer"": ""$.sources[66].auxiliary_source_mappings[3].url"", ""field"": ""url""}, {""file"": ""protocols/evidence_manifest.json"", ""json_pointer"": ""$.sources[67].auxiliary_source_mappings[1].url"", ""field"": ""url""}, {""file"": ""protocols/evidence_manifest.json"", ""json_pointer"": ""$.sources[68].auxiliary_source_mappings[1].url"", ""field"": ""url""}, {""file"": ""protocols/evidence_manifest.json"", ""json_pointer"": ""$.sources[69].auxiliary_source_mappings[1].url"", ""field"": ""url""}, {""file"": ""protocols/opc_ua/evidence_manifest.json"", ""json_pointer"": ""$.admitted_property_sources[4].auxiliary_source_mappings[3].url"", ""field"": ""url""}, {""file"": ""protocols/opc_ua/evidence_manifest.json"", ""json_pointer"": ""$.admitted_property_sources[5].auxiliary_source_mappings[1].url"", ""field"": ""url""}, {""file"": ""protocols/opc_ua/evidence_manifest.json"", ""json_pointer"": ""$.admitted_property_sources[6].auxiliary_source_mappings[1].url"", ""field"": ""url""}, {""file"": ""protocols/opc_ua/evidence_manifest.json"", ""json_pointer"": ""$.admitted_property_sources[7].auxiliary_source_mappings[1].url"", ""field"": ""url""}]"
https://github.com/open62541/open62541/blob/76e425ee963e8c16c0414f2f6bd0c7a5761a92c3/src/server/ua_subscription.c#L730-L759,https://github.com/open62541/open62541/blob/76e425ee963e8c16c0414f2f6bd0c7a5761a92c3/src/server/ua_subscription.c,True,TLS_VERIFIED,HTTP 206,4,"[{""file"": ""_staging/industrial_protocols/opc_ua/proposals.json"", ""json_pointer"": ""$[3].source_url"", ""field"": ""source_url""}, {""file"": ""protocols/all_protocol_properties.json"", ""json_pointer"": ""$[66].source_url"", ""field"": ""source_url""}, {""file"": ""protocols/evidence_manifest.json"", ""json_pointer"": ""$.sources[66].source_url"", ""field"": ""source_url""}, {""file"": ""protocols/opc_ua/evidence_manifest.json"", ""json_pointer"": ""$.admitted_property_sources[4].source_url"", ""field"": ""source_url""}]"
https://github.com/open62541/open62541/blob/76e425ee963e8c16c0414f2f6bd0c7a5761a92c3/src/ua_securechannel_crypto.c#L506-L569,https://github.com/open62541/open62541/blob/76e425ee963e8c16c0414f2f6bd0c7a5761a92c3/src/ua_securechannel_crypto.c,True,TLS_VERIFIED,HTTP 206,4,"[{""file"": ""_staging/industrial_protocols/opc_ua/proposals.json"", ""json_pointer"": ""$[1].source_url"", ""field"": ""source_url""}, {""file"": ""protocols/all_protocol_properties.json"", ""json_pointer"": ""$[64].source_url"", ""field"": ""source_url""}, {""file"": ""protocols/evidence_manifest.json"", ""json_pointer"": ""$.sources[64].source_url"", ""field"": ""source_url""}, {""file"": ""protocols/opc_ua/evidence_manifest.json"", ""json_pointer"": ""$.admitted_property_sources[2].source_url"", ""field"": ""source_url""}]"
https://github.com/openssl/openssl/blob/0437435a960123be1ced766d18d715f939698345/ssl/d1_lib.c#L242-L284,https://github.com/openssl/openssl/blob/0437435a960123be1ced766d18d715f939698345/ssl/d1_lib.c,True,TLS_VERIFIED,HTTP 206,19,"[{""file"": ""_staging/transport_security_protocols/dtls/proposals.json"", ""json_pointer"": ""$[0].source_url"", ""field"": ""source_url""}, {""file"": ""_staging/transport_security_protocols/misc_mapping_overrides/audit_overrides.json"", ""json_pointer"": ""$.overrides[2].auxiliary_source_mappings[0].url"", ""field"": ""url""}, {""file"": ""_staging/transport_security_protocols/misc_mapping_overrides/audit_overrides.json"", ""json_pointer"": ""$.overrides[3].auxiliary_source_mappings[0].url"", ""field"": ""url""}, {""file"": ""_staging/transport_security_protocols/misc_mapping_overrides/audit_overrides.json"", ""json_pointer"": ""$.overrides[4].auxiliary_source_mappings[0].url"", ""field"": ""url""}, {""file"": ""protocols/all_protocol_properties.json"", ""json_pointer"": ""$[26].source_url"", ""field"": ""source_url""}, {""file"": ""protocols/all_protocol_properties.json"", ""json_pointer"": ""$[26].auxiliary_source_mappings[0].url"", ""field"": ""url""}, {""file"": ""protocols/all_protocol_properties.json"", ""json_pointer"": ""$[26].auxiliary_source_verification[0].url"", ""field"": ""url""}, {""file"": ""protocols/all_protocol_properties.json"", ""json_pointer"": ""$[27].auxiliary_source_mappings[0].url"", ""field"": ""url""}, {""file"": ""protocols/all_protocol_properties.json"", ""json_pointer"": ""$[27].auxiliary_source_verification[0].url"", ""field"": ""url""}, {""file"": ""protocols/all_protocol_properties.json"", ""json_pointer"": ""$[28].auxiliary_source_mappings[0].url"", ""field"": ""url""}, {""file"": ""protocols/all_protocol_properties.json"", ""json_pointer"": ""$[28].auxiliary_source_verification[0].url"", ""field"": ""url""}, {""file"": ""protocols/evidence_manifest.json"", ""json_pointer"": ""$.sources[26].source_url"", ""field"": ""source_url""}, {""file"": ""protocols/evidence_manifest.json"", ""json_pointer"": ""$.sources[26].auxiliary_source_mappings[0].url"", ""field"": ""url""}, {""file"": ""protocols/evidence_manifest.json"", ""json_pointer"": ""$.sources[27].auxiliary_source_mappings[0].url"", ""field"": ""url""}, {""file"": ""protocols/evidence_manifest.json"", ""json_pointer"": ""$.sources[28].auxiliary_source_mappings[0].url"", ""field"": ""url""}, {""file"": ""protocols/dtls/evidence_manifest.json"", ""json_pointer"": ""$.admitted_property_sources[0].source_url"", ""field"": ""source_url""}, {""file"": ""protocols/dtls/evidence_manifest.json"", ""json_pointer"": ""$.admitted_property_sources[0].auxiliary_source_mappings[0].url"", ""field"": ""url""}, {""file"": ""protocols/dtls/evidence_manifest.json"", ""json_pointer"": ""$.admitted_property_sources[1].auxiliary_source_mappings[0].url"", ""field"": ""url""}, {""file"": ""protocols/dtls/evidence_manifest.json"", ""json_pointer"": ""$.admitted_property_sources[2].auxiliary_source_mappings[0].url"", ""field"": ""url""}]"
https://github.com/openssl/openssl/blob/0437435a960123be1ced766d18d715f939698345/ssl/d1_lib.c#L344-L350,https://github.com/openssl/openssl/blob/0437435a960123be1ced766d18d715f939698345/ssl/d1_lib.c,True,TLS_VERIFIED,HTTP 206,8,"[{""file"": ""_staging/transport_security_protocols/dtls/proposals.json"", ""json_pointer"": ""$[1].source_url"", ""field"": ""source_url""}, {""file"": ""_staging/transport_security_protocols/dtls/proposals.json"", ""json_pointer"": ""$[2].source_url"", ""field"": ""source_url""}, {""file"": ""protocols/all_protocol_properties.json"", ""json_pointer"": ""$[27].source_url"", ""field"": ""source_url""}, {""file"": ""protocols/all_protocol_properties.json"", ""json_pointer"": ""$[28].source_url"", ""field"": ""source_url""}, {""file"": ""protocols/evidence_manifest.json"", ""json_pointer"": ""$.sources[27].source_url"", ""field"": ""source_url""}, {""file"": ""protocols/evidence_manifest.json"", ""json_pointer"": ""$.sources[28].source_url"", ""field"": ""source_url""}, {""file"": ""protocols/dtls/evidence_manifest.json"", ""json_pointer"": ""$.admitted_property_sources[1].source_url"", ""field"": ""source_url""}, {""file"": ""protocols/dtls/evidence_manifest.json"", ""json_pointer"": ""$.admitted_property_sources[2].source_url"", ""field"": ""source_url""}]"
https://github.com/openssl/openssl/blob/0437435a960123be1ced766d18d715f939698345/ssl/d1_lib.c#L352-L362,https://github.com/openssl/openssl/blob/0437435a960123be1ced766d18d715f939698345/ssl/d1_lib.c,True,TLS_VERIFIED,HTTP 206,15,"[{""file"": ""_staging/transport_security_protocols/misc_mapping_overrides/audit_overrides.json"", ""json_pointer"": ""$.overrides[2].auxiliary_source_mappings[1].url"", ""field"": ""url""}, {""file"": ""_staging/transport_security_protocols/misc_mapping_overrides/audit_overrides.json"", ""json_pointer"": ""$.overrides[3].auxiliary_source_mappings[1].url"", ""field"": ""url""}, {""file"": ""_staging/transport_security_protocols/misc_mapping_overrides/audit_overrides.json"", ""json_pointer"": ""$.overrides[4].auxiliary_source_mappings[1].url"", ""field"": ""url""}, {""file"": ""protocols/all_protocol_properties.json"", ""json_pointer"": ""$[26].auxiliary_source_mappings[1].url"", ""field"": ""url""}, {""file"": ""protocols/all_protocol_properties.json"", ""json_pointer"": ""$[26].auxiliary_source_verification[1].url"", ""field"": ""url""}, {""file"": ""protocols/all_protocol_properties.json"", ""json_pointer"": ""$[27].auxiliary_source_mappings[1].url"", ""field"": ""url""}, {""file"": ""protocols/all_protocol_properties.json"", ""json_pointer"": ""$[27].auxiliary_source_verification[1].url"", ""field"": ""url""}, {""file"": ""protocols/all_protocol_properties.json"", ""json_pointer"": ""$[28].auxiliary_source_mappings[1].url"", ""field"": ""url""}, {""file"": ""protocols/all_protocol_properties.json"", ""json_pointer"": ""$[28].auxiliary_source_verification[1].url"", ""field"": ""url""}, {""file"": ""protocols/evidence_manifest.json"", ""json_pointer"": ""$.sources[26].auxiliary_source_mappings[1].url"", ""field"": ""url""}, {""file"": ""protocols/evidence_manifest.json"", ""json_pointer"": ""$.sources[27].auxiliary_source_mappings[1].url"", ""field"": ""url""}, {""file"": ""protocols/evidence_manifest.json"", ""json_pointer"": ""$.sources[28].auxiliary_source_mappings[1].url"", ""field"": ""url""}, {""file"": ""protocols/dtls/evidence_manifest.json"", ""json_pointer"": ""$.admitted_property_sources[0].auxiliary_source_mappings[1].url"", ""field"": ""url""}, {""file"": ""protocols/dtls/evidence_manifest.json"", ""json_pointer"": ""$.admitted_property_sources[1].auxiliary_source_mappings[1].url"", ""field"": ""url""}, {""file"": ""protocols/dtls/evidence_manifest.json"", ""json_pointer"": ""$.admitted_property_sources[2].auxiliary_source_mappings[1].url"", ""field"": ""url""}]"
https://github.com/openssl/openssl/blob/0437435a960123be1ced766d18d715f939698345/ssl/record/rec_layer_d1.c#L662-L679,https://github.com/openssl/openssl/blob/0437435a960123be1ced766d18d715f939698345/ssl/record/rec_layer_d1.c,True,TLS_VERIFIED,HTTP 206,1,"[{""file"": ""_staging/transport_security_protocols/dtls/proposals.json"", ""json_pointer"": ""$[3].source_url"", ""field"": ""source_url""}]"
https://github.com/openssl/openssl/blob/0437435a960123be1ced766d18d715f939698345/ssl/statem/extensions_clnt.c#L1094-L1118,https://github.com/openssl/openssl/blob/0437435a960123be1ced766d18d715f939698345/ssl/statem/extensions_clnt.c,True,TLS_VERIFIED,HTTP 206,1,"[{""file"": ""_staging/transport_security_protocols/tls/proposals.json"", ""json_pointer"": ""$[0].source_url"", ""field"": ""source_url""}]"
https://github.com/openssl/openssl/blob/0437435a960123be1ced766d18d715f939698345/ssl/statem/statem.c#L637-L683,https://github.com/openssl/openssl/blob/0437435a960123be1ced766d18d715f939698345/ssl/statem/statem.c,True,TLS_VERIFIED,HTTP 206,15,"[{""file"": ""_staging/transport_security_protocols/misc_mapping_overrides/audit_overrides.json"", ""json_pointer"": ""$.overrides[2].auxiliary_source_mappings[2].url"", ""field"": ""url""}, {""file"": ""_staging/transport_security_protocols/misc_mapping_overrides/audit_overrides.json"", ""json_pointer"": ""$.overrides[3].auxiliary_source_mappings[2].url"", ""field"": ""url""}, {""file"": ""_staging/transport_security_protocols/misc_mapping_overrides/audit_overrides.json"", ""json_pointer"": ""$.overrides[4].auxiliary_source_mappings[2].url"", ""field"": ""url""}, {""file"": ""protocols/all_protocol_properties.json"", ""json_pointer"": ""$[26].auxiliary_source_mappings[2].url"", ""field"": ""url""}, {""file"": ""protocols/all_protocol_properties.json"", ""json_pointer"": ""$[26].auxiliary_source_verification[2].url"", ""field"": ""url""}, {""file"": ""protocols/all_protocol_properties.json"", ""json_pointer"": ""$[27].auxiliary_source_mappings[2].url"", ""field"": ""url""}, {""file"": ""protocols/all_protocol_properties.json"", ""json_pointer"": ""$[27].auxiliary_source_verification[2].url"", ""field"": ""url""}, {""file"": ""protocols/all_protocol_properties.json"", ""json_pointer"": ""$[28].auxiliary_source_mappings[2].url"", ""field"": ""url""}, {""file"": ""protocols/all_protocol_properties.json"", ""json_pointer"": ""$[28].auxiliary_source_verification[2].url"", ""field"": ""url""}, {""file"": ""protocols/evidence_manifest.json"", ""json_pointer"": ""$.sources[26].auxiliary_source_mappings[2].url"", ""field"": ""url""}, {""file"": ""protocols/evidence_manifest.json"", ""json_pointer"": ""$.sources[27].auxiliary_source_mappings[2].url"", ""field"": ""url""}, {""file"": ""protocols/evidence_manifest.json"", ""json_pointer"": ""$.sources[28].auxiliary_source_mappings[2].url"", ""field"": ""url""}, {""file"": ""protocols/dtls/evidence_manifest.json"", ""json_pointer"": ""$.admitted_property_sources[0].auxiliary_source_mappings[2].url"", ""field"": ""url""}, {""file"": ""protocols/dtls/evidence_manifest.json"", ""json_pointer"": ""$.admitted_property_sources[1].auxiliary_source_mappings[2].url"", ""field"": ""url""}, {""file"": ""protocols/dtls/evidence_manifest.json"", ""json_pointer"": ""$.admitted_property_sources[2].auxiliary_source_mappings[2].url"", ""field"": ""url""}]"
https://github.com/openssl/openssl/blob/0437435a960123be1ced766d18d715f939698345/ssl/statem/statem_clnt.c#L2574-L2665,https://github.com/openssl/openssl/blob/0437435a960123be1ced766d18d715f939698345/ssl/statem/statem_clnt.c,True,TLS_VERIFIED,HTTP 206,1,"[{""file"": ""_staging/transport_security_protocols/tls/proposals.json"", ""json_pointer"": ""$[0].ticket_parse_source_url"", ""field"": ""ticket_parse_source_url""}]"
https://github.com/openssl/openssl/tree/0437435a960123be1ced766d18d715f939698345,https://github.com/openssl/openssl/tree/0437435a960123be1ced766d18d715f939698345,True,TLS_VERIFIED,HTTP 206,4,"[{""file"": ""_staging/transport_security_protocols/dtls/evidence.json"", ""json_pointer"": ""$.sources[0].url"", ""field"": ""url""}, {""file"": ""_staging/transport_security_protocols/tls/evidence.json"", ""json_pointer"": ""$.sources[0].url"", ""field"": ""url""}, {""file"": ""protocols/dtls/evidence_manifest.json"", ""json_pointer"": ""$.screening_records[0].record.sources[0].url"", ""field"": ""url""}, {""file"": ""protocols/tls/evidence_manifest.json"", ""json_pointer"": ""$.screening_records[0].record.sources[0].url"", ""field"": ""url""}]"
https://github.com/pjsip/pjproject/blob/bba95b8a95c0a9e8c1939166fd20083ae9e3e956/pjsip/include/pjsip/sip_config.h#L1075,https://github.com/pjsip/pjproject/blob/bba95b8a95c0a9e8c1939166fd20083ae9e3e956/pjsip/include/pjsip/sip_config.h,True,TLS_VERIFIED,HTTP 206,50,"[{""file"": ""_staging/root_sip_extensions/sip/audit_overrides.json"", ""json_pointer"": ""$.overrides[0].auxiliary_source_mappings[3].url"", ""field"": ""url""}, {""file"": ""_staging/root_sip_extensions/sip/audit_overrides.json"", ""json_pointer"": ""$.overrides[2].auxiliary_source_mappings[5].url"", ""field"": ""url""}, {""file"": ""_staging/root_sip_extensions/sip/audit_overrides.json"", ""json_pointer"": ""$.overrides[3].auxiliary_source_mappings[5].url"", ""field"": ""url""}, {""file"": ""_staging/root_sip_extensions/sip/audit_overrides.json"", ""json_pointer"": ""$.overrides[6].auxiliary_source_mappings[5].url"", ""field"": ""url""}, {""file"": ""_staging/root_sip_extensions/sip/audit_overrides.json"", ""json_pointer"": ""$.overrides[8].auxiliary_source_mappings[5].url"", ""field"": ""url""}, {""file"": ""_staging/root_sip_extensions/sip/audit_overrides.json"", ""json_pointer"": ""$.overrides[10].auxiliary_source_mappings[6].url"", ""field"": ""url""}, {""file"": ""_staging/root_sip_extensions/sip/audit_overrides.json"", ""json_pointer"": ""$.overrides[12].auxiliary_source_mappings[5].url"", ""field"": ""url""}, {""file"": ""_staging/root_sip_extensions/sip/audit_overrides.json"", ""json_pointer"": ""$.overrides[14].auxiliary_source_mappings[5].url"", ""field"": ""url""}, {""file"": ""_staging/root_sip_extensions/sip/audit_overrides.json"", ""json_pointer"": ""$.overrides[15].auxiliary_source_mappings[5].url"", ""field"": ""url""}, {""file"": ""_staging/root_sip_extensions/sip/audit_overrides.json"", ""json_pointer"": ""$.overrides[18].auxiliary_source_mappings[4].url"", ""field"": ""url""}, {""file"": ""protocols/all_protocol_properties.json"", ""json_pointer"": ""$[38].auxiliary_source_mappings[3].url"", ""field"": ""url""}, {""file"": ""protocols/all_protocol_properties.json"", ""json_pointer"": ""$[38].auxiliary_source_verification[3].url"", ""field"": ""url""}, {""file"": ""protocols/all_protocol_properties.json"", ""json_pointer"": ""$[39].auxiliary_source_mappings[5].url"", ""field"": ""url""}, {""file"": ""protocols/all_protocol_properties.json"", ""json_pointer"": ""$[39].auxiliary_source_verification[5].url"", ""field"": ""url""}, {""file"": ""protocols/all_protocol_properties.json"", ""json_pointer"": ""$[40].auxiliary_source_mappings[5].url"", ""field"": ""url""}, {""file"": ""protocols/all_protocol_properties.json"", ""json_pointer"": ""$[40].auxiliary_source_verification[5].url"", ""field"": ""url""}, {""file"": ""protocols/all_protocol_properties.json"", ""json_pointer"": ""$[43].auxiliary_source_mappings[5].url"", ""field"": ""url""}, {""file"": ""protocols/all_protocol_properties.json"", ""json_pointer"": ""$[43].auxiliary_source_verification[5].url"", ""field"": ""url""}, {""file"": ""protocols/all_protocol_properties.json"", ""json_pointer"": ""$[44].auxiliary_source_mappings[5].url"", ""field"": ""url""}, {""file"": ""protocols/all_protocol_properties.json"", ""json_pointer"": ""$[44].auxiliary_source_verification[5].url"", ""field"": ""url""}, {""file"": ""protocols/all_protocol_properties.json"", ""json_pointer"": ""$[46].auxiliary_source_mappings[6].url"", ""field"": ""url""}, {""file"": ""protocols/all_protocol_properties.json"", ""json_pointer"": ""$[46].auxiliary_source_verification[6].url"", ""field"": ""url""}, {""file"": ""protocols/all_protocol_properties.json"", ""json_pointer"": ""$[48].auxiliary_source_mappings[5].url"", ""field"": ""url""}, {""file"": ""protocols/all_protocol_properties.json"", ""json_pointer"": ""$[48].auxiliary_source_verification[5].url"", ""field"": ""url""}, {""file"": ""protocols/all_protocol_properties.json"", ""json_pointer"": ""$[49].auxiliary_source_mappings[5].url"", ""field"": ""url""}, {""file"": ""protocols/all_protocol_properties.json"", ""json_pointer"": ""$[49].auxiliary_source_verification[5].url"", ""field"": ""url""}, {""file"": ""protocols/all_protocol_properties.json"", ""json_pointer"": ""$[50].auxiliary_source_mappings[5].url"", ""field"": ""url""}, {""file"": ""protocols/all_protocol_properties.json"", ""json_pointer"": ""$[50].auxiliary_source_verification[5].url"", ""field"": ""url""}, {""file"": ""protocols/all_protocol_properties.json"", ""json_pointer"": ""$[53].auxiliary_source_mappings[4].url"", ""field"": ""url""}, {""file"": ""protocols/all_protocol_properties.json"", ""json_pointer"": ""$[53].auxiliary_source_verification[4].url"", ""field"": ""url""}, {""file"": ""protocols/evidence_manifest.json"", ""json_pointer"": ""$.sources[38].auxiliary_source_mappings[3].url"", ""field"": ""url""}, {""file"": ""protocols/evidence_manifest.json"", ""json_pointer"": ""$.sources[39].auxiliary_source_mappings[5].url"", ""field"": ""url""}, {""file"": ""protocols/evidence_manifest.json"", ""json_pointer"": ""$.sources[40].auxiliary_source_mappings[5].url"", ""field"": ""url""}, {""file"": ""protocols/evidence_manifest.json"", ""json_pointer"": ""$.sources[43].auxiliary_source_mappings[5].url"", ""field"": ""url""}, {""file"": ""protocols/evidence_manifest.json"", ""json_pointer"": ""$.sources[44].auxiliary_source_mappings[5].url"", ""field"": ""url""}, {""file"": ""protocols/evidence_manifest.json"", ""json_pointer"": ""$.sources[46].auxiliary_source_mappings[6].url"", ""field"": ""url""}, {""file"": ""protocols/evidence_manifest.json"", ""json_pointer"": ""$.sources[48].auxiliary_source_mappings[5].url"", ""field"": ""url""}, {""file"": ""protocols/evidence_manifest.json"", ""json_pointer"": ""$.sources[49].auxiliary_source_mappings[5].url"", ""field"": ""url""}, {""file"": ""protocols/evidence_manifest.json"", ""json_pointer"": ""$.sources[50].auxiliary_source_mappings[5].url"", ""field"": ""url""}, {""file"": ""protocols/evidence_manifest.json"", ""json_pointer"": ""$.sources[53].auxiliary_source_mappings[4].url"", ""field"": ""url""}, {""file"": ""protocols/sip/evidence_manifest.json"", ""json_pointer"": ""$.admitted_property_sources[0].auxiliary_source_mappings[3].url"", ""field"": ""url""}, {""file"": ""protocols/sip/evidence_manifest.json"", ""json_pointer"": ""$.admitted_property_sources[1].auxiliary_source_mappings[5].url"", ""field"": ""url""}, {""file"": ""protocols/sip/evidence_manifest.json"", ""json_pointer"": ""$.admitted_property_sources[2].auxiliary_source_mappings[5].url"", ""field"": ""url""}, {""file"": ""protocols/sip/evidence_manifest.json"", ""json_pointer"": ""$.admitted_property_sources[5].auxiliary_source_mappings[5].url"", ""field"": ""url""}, {""file"": ""protocols/sip/evidence_manifest.json"", ""json_pointer"": ""$.admitted_property_sources[6].auxiliary_source_mappings[5].url"", ""field"": ""url""}, {""file"": ""protocols/sip/evidence_manifest.json"", ""json_pointer"": ""$.admitted_property_sources[8].auxiliary_source_mappings[6].url"", ""field"": ""url""}, {""file"": ""protocols/sip/evidence_manifest.json"", ""json_pointer"": ""$.admitted_property_sources[10].auxiliary_source_mappings[5].url"", ""field"": ""url""}, {""file"": ""protocols/sip/evidence_manifest.json"", ""json_pointer"": ""$.admitted_property_sources[11].auxiliary_source_mappings[5].url"", ""field"": ""url""}, {""file"": ""protocols/sip/evidence_manifest.json"", ""json_pointer"": ""$.admitted_property_sources[12].auxiliary_source_mappings[5].url"", ""field"": ""url""}, {""file"": ""protocols/sip/evidence_manifest.json"", ""json_pointer"": ""$.admitted_property_sources[15].auxiliary_source_mappings[4].url"", ""field"": ""url""}]"
https://github.com/pjsip/pjproject/blob/bba95b8a95c0a9e8c1939166fd20083ae9e3e956/pjsip/include/pjsip/sip_config.h#L1079,https://github.com/pjsip/pjproject/blob/bba95b8a95c0a9e8c1939166fd20083ae9e3e956/pjsip/include/pjsip/sip_config.h,True,TLS_VERIFIED,HTTP 206,15,"[{""file"": ""_staging/root_sip_extensions/sip/audit_overrides.json"", ""json_pointer"": ""$.overrides[8].auxiliary_source_mappings[6].url"", ""field"": ""url""}, {""file"": ""_staging/root_sip_extensions/sip/audit_overrides.json"", ""json_pointer"": ""$.overrides[9].auxiliary_source_mappings[5].url"", ""field"": ""url""}, {""file"": ""_staging/root_sip_extensions/sip/audit_overrides.json"", ""json_pointer"": ""$.overrides[14].auxiliary_source_mappings[6].url"", ""field"": ""url""}, {""file"": ""protocols/all_protocol_properties.json"", ""json_pointer"": ""$[44].auxiliary_source_mappings[6].url"", ""field"": ""url""}, {""file"": ""protocols/all_protocol_properties.json"", ""json_pointer"": ""$[44].auxiliary_source_verification[6].url"", ""field"": ""url""}, {""file"": ""protocols/all_protocol_properties.json"", ""json_pointer"": ""$[45].auxiliary_source_mappings[5].url"", ""field"": ""url""}, {""file"": ""protocols/all_protocol_properties.json"", ""json_pointer"": ""$[45].auxiliary_source_verification[5].url"", ""field"": ""url""}, {""file"": ""protocols/all_protocol_properties.json"", ""json_pointer"": ""$[49].auxiliary_source_mappings[6].url"", ""field"": ""url""}, {""file"": ""protocols/all_protocol_properties.json"", ""json_pointer"": ""$[49].auxiliary_source_verification[6].url"", ""field"": ""url""}, {""file"": ""protocols/evidence_manifest.json"", ""json_pointer"": ""$.sources[44].auxiliary_source_mappings[6].url"", ""field"": ""url""}, {""file"": ""protocols/evidence_manifest.json"", ""json_pointer"": ""$.sources[45].auxiliary_source_mappings[5].url"", ""field"": ""url""}, {""file"": ""protocols/evidence_manifest.json"", ""json_pointer"": ""$.sources[49].auxiliary_source_mappings[6].url"", ""field"": ""url""}, {""file"": ""protocols/sip/evidence_manifest.json"", ""json_pointer"": ""$.admitted_property_sources[6].auxiliary_source_mappings[6].url"", ""field"": ""url""}, {""file"": ""protocols/sip/evidence_manifest.json"", ""json_pointer"": ""$.admitted_property_sources[7].auxiliary_source_mappings[5].url"", ""field"": ""url""}, {""file"": ""protocols/sip/evidence_manifest.json"", ""json_pointer"": ""$.admitted_property_sources[11].auxiliary_source_mappings[6].url"", ""field"": ""url""}]"
https://github.com/pjsip/pjproject/blob/bba95b8a95c0a9e8c1939166fd20083ae9e3e956/pjsip/include/pjsip/sip_config.h#L1084,https://github.com/pjsip/pjproject/blob/bba95b8a95c0a9e8c1939166fd20083ae9e3e956/pjsip/include/pjsip/sip_config.h,True,TLS_VERIFIED,HTTP 206,10,"[{""file"": ""_staging/root_sip_extensions/sip/audit_overrides.json"", ""json_pointer"": ""$.overrides[11].auxiliary_source_mappings[5].url"", ""field"": ""url""}, {""file"": ""_staging/root_sip_extensions/sip/audit_overrides.json"", ""json_pointer"": ""$.overrides[17].auxiliary_source_mappings[4].url"", ""field"": ""url""}, {""file"": ""protocols/all_protocol_properties.json"", ""json_pointer"": ""$[47].auxiliary_source_mappings[5].url"", ""field"": ""url""}, {""file"": ""protocols/all_protocol_properties.json"", ""json_pointer"": ""$[47].auxiliary_source_verification[5].url"", ""field"": ""url""}, {""file"": ""protocols/all_protocol_properties.json"", ""json_pointer"": ""$[52].auxiliary_source_mappings[4].url"", ""field"": ""url""}, {""file"": ""protocols/all_protocol_properties.json"", ""json_pointer"": ""$[52].auxiliary_source_verification[4].url"", ""field"": ""url""}, {""file"": ""protocols/evidence_manifest.json"", ""json_pointer"": ""$.sources[47].auxiliary_source_mappings[5].url"", ""field"": ""url""}, {""file"": ""protocols/evidence_manifest.json"", ""json_pointer"": ""$.sources[52].auxiliary_source_mappings[4].url"", ""field"": ""url""}, {""file"": ""protocols/sip/evidence_manifest.json"", ""json_pointer"": ""$.admitted_property_sources[9].auxiliary_source_mappings[5].url"", ""field"": ""url""}, {""file"": ""protocols/sip/evidence_manifest.json"", ""json_pointer"": ""$.admitted_property_sources[14].auxiliary_source_mappings[4].url"", ""field"": ""url""}]"
https://github.com/pjsip/pjproject/blob/bba95b8a95c0a9e8c1939166fd20083ae9e3e956/pjsip/include/pjsip/sip_config.h#L1089,https://github.com/pjsip/pjproject/blob/bba95b8a95c0a9e8c1939166fd20083ae9e3e956/pjsip/include/pjsip/sip_config.h,True,TLS_VERIFIED,HTTP 206,5,"[{""file"": ""_staging/root_sip_extensions/sip/audit_overrides.json"", ""json_pointer"": ""$.overrides[5].auxiliary_source_mappings[5].url"", ""field"": ""url""}, {""file"": ""protocols/all_protocol_properties.json"", ""json_pointer"": ""$[42].auxiliary_source_mappings[5].url"", ""field"": ""url""}, {""file"": ""protocols/all_protocol_properties.json"", ""json_pointer"": ""$[42].auxiliary_source_verification[5].url"", ""field"": ""url""}, {""file"": ""protocols/evidence_manifest.json"", ""json_pointer"": ""$.sources[42].auxiliary_source_mappings[5].url"", ""field"": ""url""}, {""file"": ""protocols/sip/evidence_manifest.json"", ""json_pointer"": ""$.admitted_property_sources[4].auxiliary_source_mappings[5].url"", ""field"": ""url""}]"
https://github.com/pjsip/pjproject/blob/bba95b8a95c0a9e8c1939166fd20083ae9e3e956/pjsip/src/pjsip/sip_transaction.c#L1116,https://github.com/pjsip/pjproject/blob/bba95b8a95c0a9e8c1939166fd20083ae9e3e956/pjsip/src/pjsip/sip_transaction.c,True,TLS_VERIFIED,HTTP 206,73,"[{""file"": ""_staging/root_sip_extensions/sip/audit_overrides.json"", ""json_pointer"": ""$.overrides[0].auxiliary_source_mappings[1].url"", ""field"": ""url""}, {""file"": ""_staging/root_sip_extensions/sip/audit_overrides.json"", ""json_pointer"": ""$.overrides[1].replacement_source_mappings[0].url"", ""field"": ""url""}, {""file"": ""_staging/root_sip_extensions/sip/audit_overrides.json"", ""json_pointer"": ""$.overrides[2].auxiliary_source_mappings[1].url"", ""field"": ""url""}, {""file"": ""_staging/root_sip_extensions/sip/audit_overrides.json"", ""json_pointer"": ""$.overrides[3].auxiliary_source_mappings[1].url"", ""field"": ""url""}, {""file"": ""_staging/root_sip_extensions/sip/audit_overrides.json"", ""json_pointer"": ""$.overrides[5].auxiliary_source_mappings[3].url"", ""field"": ""url""}, {""file"": ""_staging/root_sip_extensions/sip/audit_overrides.json"", ""json_pointer"": ""$.overrides[6].auxiliary_source_mappings[1].url"", ""field"": ""url""}, {""file"": ""_staging/root_sip_extensions/sip/audit_overrides.json"", ""json_pointer"": ""$.overrides[7].replacement_source_mappings[0].url"", ""field"": ""url""}, {""file"": ""_staging/root_sip_extensions/sip/audit_overrides.json"", ""json_pointer"": ""$.overrides[8].auxiliary_source_mappings[3].url"", ""field"": ""url""}, {""file"": ""_staging/root_sip_extensions/sip/audit_overrides.json"", ""json_pointer"": ""$.overrides[9].auxiliary_source_mappings[3].url"", ""field"": ""url""}, {""file"": ""_staging/root_sip_extensions/sip/audit_overrides.json"", ""json_pointer"": ""$.overrides[10].auxiliary_source_mappings[4].url"", ""field"": ""url""}, {""file"": ""_staging/root_sip_extensions/sip/audit_overrides.json"", ""json_pointer"": ""$.overrides[11].auxiliary_source_mappings[3].url"", ""field"": ""url""}, {""file"": ""_staging/root_sip_extensions/sip/audit_overrides.json"", ""json_pointer"": ""$.overrides[12].auxiliary_source_mappings[3].url"", ""field"": ""url""}, {""file"": ""_staging/root_sip_extensions/sip/audit_overrides.json"", ""json_pointer"": ""$.overrides[13].replacement_source_mappings[0].url"", ""field"": ""url""}, {""file"": ""_staging/root_sip_extensions/sip/audit_overrides.json"", ""json_pointer"": ""$.overrides[14].auxiliary_source_mappings[3].url"", ""field"": ""url""}, {""file"": ""_staging/root_sip_extensions/sip/audit_overrides.json"", ""json_pointer"": ""$.overrides[15].auxiliary_source_mappings[3].url"", ""field"": ""url""}, {""file"": ""_staging/root_sip_extensions/sip/audit_overrides.json"", ""json_pointer"": ""$.overrides[17].auxiliary_source_mappings[2].url"", ""field"": ""url""}, {""file"": ""_staging/root_sip_extensions/sip/audit_overrides.json"", ""json_pointer"": ""$.overrides[18].auxiliary_source_mappings[2].url"", ""field"": ""url""}, {""file"": ""protocols/all_protocol_properties.json"", ""json_pointer"": ""$[38].auxiliary_source_mappings[1].url"", ""field"": ""url""}, {""file"": ""protocols/all_protocol_properties.json"", ""json_pointer"": ""$[38].auxiliary_source_verification[1].url"", ""field"": ""url""}, {""file"": ""protocols/all_protocol_properties.json"", ""json_pointer"": ""$[39].auxiliary_source_mappings[1].url"", ""field"": ""url""}, {""file"": ""protocols/all_protocol_properties.json"", ""json_pointer"": ""$[39].auxiliary_source_verification[1].url"", ""field"": ""url""}, {""file"": ""protocols/all_protocol_properties.json"", ""json_pointer"": ""$[40].auxiliary_source_mappings[1].url"", ""field"": ""url""}, {""file"": ""protocols/all_protocol_properties.json"", ""json_pointer"": ""$[40].auxiliary_source_verification[1].url"", ""field"": ""url""}, {""file"": ""protocols/all_protocol_properties.json"", ""json_pointer"": ""$[42].auxiliary_source_mappings[3].url"", ""field"": ""url""}, {""file"": ""protocols/all_protocol_properties.json"", ""json_pointer"": ""$[42].auxiliary_source_verification[3].url"", ""field"": ""url""}, {""file"": ""protocols/all_protocol_properties.json"", ""json_pointer"": ""$[43].auxiliary_source_mappings[1].url"", ""field"": ""url""}, {""file"": ""protocols/all_protocol_properties.json"", ""json_pointer"": ""$[43].auxiliary_source_verification[1].url"", ""field"": ""url""}, {""file"": ""protocols/all_protocol_properties.json"", ""json_pointer"": ""$[44].auxiliary_source_mappings[3].url"", ""field"": ""url""}, {""file"": ""protocols/all_protocol_properties.json"", ""json_pointer"": ""$[44].auxiliary_source_verification[3].url"", ""field"": ""url""}, {""file"": ""protocols/all_protocol_properties.json"", ""json_pointer"": ""$[45].auxiliary_source_mappings[3].url"", ""field"": ""url""}, {""file"": ""protocols/all_protocol_properties.json"", ""json_pointer"": ""$[45].auxiliary_source_verification[3].url"", ""field"": ""url""}, {""file"": ""protocols/all_protocol_properties.json"", ""json_pointer"": ""$[46].auxiliary_source_mappings[4].url"", ""field"": ""url""}, {""file"": ""protocols/all_protocol_properties.json"", ""json_pointer"": ""$[46].auxiliary_source_verification[4].url"", ""field"": ""url""}, {""file"": ""protocols/all_protocol_properties.json"", ""json_pointer"": ""$[47].auxiliary_source_mappings[3].url"", ""field"": ""url""}, {""file"": ""protocols/all_protocol_properties.json"", ""json_pointer"": ""$[47].auxiliary_source_verification[3].url"", ""field"": ""url""}, {""file"": ""protocols/all_protocol_properties.json"", ""json_pointer"": ""$[48].auxiliary_source_mappings[3].url"", ""field"": ""url""}, {""file"": ""protocols/all_protocol_properties.json"", ""json_pointer"": ""$[48].auxiliary_source_verification[3].url"", ""field"": ""url""}, {""file"": ""protocols/all_protocol_properties.json"", ""json_pointer"": ""$[49].auxiliary_source_mappings[3].url"", ""field"": ""url""}, {""file"": ""protocols/all_protocol_properties.json"", ""json_pointer"": ""$[49].auxiliary_source_verification[3].url"", ""field"": ""url""}, {""file"": ""protocols/all_protocol_properties.json"", ""json_pointer"": ""$[50].auxiliary_source_mappings[3].url"", ""field"": ""url""}, {""file"": ""protocols/all_protocol_properties.json"", ""json_pointer"": ""$[50].auxiliary_source_verification[3].url"", ""field"": ""url""}, {""file"": ""protocols/all_protocol_properties.json"", ""json_pointer"": ""$[52].auxiliary_source_mappings[2].url"", ""field"": ""url""}, {""file"": ""protocols/all_protocol_properties.json"", ""json_pointer"": ""$[52].auxiliary_source_verification[2].url"", ""field"": ""url""}, {""file"": ""protocols/all_protocol_properties.json"", ""json_pointer"": ""$[53].auxiliary_source_mappings[2].url"", ""field"": ""url""}, {""file"": ""protocols/all_protocol_properties.json"", ""json_pointer"": ""$[53].auxiliary_source_verification[2].url"", ""field"": ""url""}, {""file"": ""protocols/evidence_manifest.json"", ""json_pointer"": ""$.sources[38].auxiliary_source_mappings[1].url"", ""field"": ""url""}, {""file"": ""protocols/evidence_manifest.json"", ""json_pointer"": ""$.sources[39].auxiliary_source_mappings[1].url"", ""field"": ""url""}, {""file"": ""protocols/evidence_manifest.json"", ""json_pointer"": ""$.sources[40].auxiliary_source_mappings[1].url"", ""field"": ""url""}, {""file"": ""protocols/evidence_manifest.json"", ""json_pointer"": ""$.sources[42].auxiliary_source_mappings[3].url"", ""field"": ""url""}, {""file"": ""protocols/evidence_manifest.json"", ""json_pointer"": ""$.sources[43].auxiliary_source_mappings[1].url"", ""field"": ""url""}, {""file"": ""protocols/evidence_manifest.json"", ""json_pointer"": ""$.sources[44].auxiliary_source_mappings[3].url"", ""field"": ""url""}, {""file"": ""protocols/evidence_manifest.json"", ""json_pointer"": ""$.sources[45].auxiliary_source_mappings[3].url"", ""field"": ""url""}, {""file"": ""protocols/evidence_manifest.json"", ""json_pointer"": ""$.sources[46].auxiliary_source_mappings[4].url"", ""field"": ""url""}, {""file"": ""protocols/evidence_manifest.json"", ""json_pointer"": ""$.sources[47].auxiliary_source_mappings[3].url"", ""field"": ""url""}, {""file"": ""protocols/evidence_manifest.json"", ""json_pointer"": ""$.sources[48].auxiliary_source_mappings[3].url"", ""field"": ""url""}, {""file"": ""protocols/evidence_manifest.json"", ""json_pointer"": ""$.sources[49].auxiliary_source_mappings[3].url"", ""field"": ""url""}, {""file"": ""protocols/evidence_manifest.json"", ""json_pointer"": ""$.sources[50].auxiliary_source_mappings[3].url"", ""field"": ""url""}, {""file"": ""protocols/evidence_manifest.json"", ""json_pointer"": ""$.sources[52].auxiliary_source_mappings[2].url"", ""field"": ""url""}, {""file"": ""protocols/evidence_manifest.json"", ""json_pointer"": ""$.sources[53].auxiliary_source_mappings[2].url"", ""field"": ""url""}, {""file"": ""protocols/sip/evidence_manifest.json"", ""json_pointer"": ""$.admitted_property_sources[0].auxiliary_source_mappings[1].url"", ""field"": ""url""}, {""file"": ""protocols/sip/evidence_manifest.json"", ""json_pointer"": ""$.admitted_property_sources[1].auxiliary_source_mappings[1].url"", ""field"": ""url""}, {""file"": ""protocols/sip/evidence_manifest.json"", ""json_pointer"": ""$.admitted_property_sources[2].auxiliary_source_mappings[1].url"", ""field"": ""url""}, {""file"": ""protocols/sip/evidence_manifest.json"", ""json_pointer"": ""$.admitted_property_sources[4].auxiliary_source_mappings[3].url"", ""field"": ""url""}, {""file"": ""protocols/sip/evidence_manifest.json"", ""json_pointer"": ""$.admitted_property_sources[5].auxiliary_source_mappings[1].url"", ""field"": ""url""}, {""file"": ""protocols/sip/evidence_manifest.json"", ""json_pointer"": ""$.admitted_property_sources[6].auxiliary_source_mappings[3].url"", ""field"": ""url""}, {""file"": ""protocols/sip/evidence_manifest.json"", ""json_pointer"": ""$.admitted_property_sources[7].auxiliary_source_mappings[3].url"", ""field"": ""url""}, {""file"": ""protocols/sip/evidence_manifest.json"", ""json_pointer"": ""$.admitted_property_sources[8].auxiliary_source_mappings[4].url"", ""field"": ""url""}, {""file"": ""protocols/sip/evidence_manifest.json"", ""json_pointer"": ""$.admitted_property_sources[9].auxiliary_source_mappings[3].url"", ""field"": ""url""}, {""file"": ""protocols/sip/evidence_manifest.json"", ""json_pointer"": ""$.admitted_property_sources[10].auxiliary_source_mappings[3].url"", ""field"": ""url""}, {""file"": ""protocols/sip/evidence_manifest.json"", ""json_pointer"": ""$.admitted_property_sources[11].auxiliary_source_mappings[3].url"", ""field"": ""url""}, {""file"": ""protocols/sip/evidence_manifest.json"", ""json_pointer"": ""$.admitted_property_sources[12].auxiliary_source_mappings[3].url"", ""field"": ""url""}, {""file"": ""protocols/sip/evidence_manifest.json"", ""json_pointer"": ""$.admitted_property_sources[14].auxiliary_source_mappings[2].url"", ""field"": ""url""}, {""file"": ""protocols/sip/evidence_manifest.json"", ""json_pointer"": ""$.admitted_property_sources[15].auxiliary_source_mappings[2].url"", ""field"": ""url""}]"
https://github.com/pjsip/pjproject/blob/bba95b8a95c0a9e8c1939166fd20083ae9e3e956/pjsip/src/pjsip/sip_transaction.c#L2110,https://github.com/pjsip/pjproject/blob/bba95b8a95c0a9e8c1939166fd20083ae9e3e956/pjsip/src/pjsip/sip_transaction.c,True,TLS_VERIFIED,HTTP 206,65,"[{""file"": ""_staging/root_sip_extensions/sip/audit_overrides.json"", ""json_pointer"": ""$.overrides[0].auxiliary_source_mappings[5].url"", ""field"": ""url""}, {""file"": ""_staging/root_sip_extensions/sip/audit_overrides.json"", ""json_pointer"": ""$.overrides[2].auxiliary_source_mappings[3].url"", ""field"": ""url""}, {""file"": ""_staging/root_sip_extensions/sip/audit_overrides.json"", ""json_pointer"": ""$.overrides[3].auxiliary_source_mappings[3].url"", ""field"": ""url""}, {""file"": ""_staging/root_sip_extensions/sip/audit_overrides.json"", ""json_pointer"": ""$.overrides[4].auxiliary_source_mappings[2].url"", ""field"": ""url""}, {""file"": ""_staging/root_sip_extensions/sip/audit_overrides.json"", ""json_pointer"": ""$.overrides[5].auxiliary_source_mappings[1].url"", ""field"": ""url""}, {""file"": ""_staging/root_sip_extensions/sip/audit_overrides.json"", ""json_pointer"": ""$.overrides[6].auxiliary_source_mappings[3].url"", ""field"": ""url""}, {""file"": ""_staging/root_sip_extensions/sip/audit_overrides.json"", ""json_pointer"": ""$.overrides[8].auxiliary_source_mappings[2].url"", ""field"": ""url""}, {""file"": ""_staging/root_sip_extensions/sip/audit_overrides.json"", ""json_pointer"": ""$.overrides[9].auxiliary_source_mappings[2].url"", ""field"": ""url""}, {""file"": ""_staging/root_sip_extensions/sip/audit_overrides.json"", ""json_pointer"": ""$.overrides[10].auxiliary_source_mappings[2].url"", ""field"": ""url""}, {""file"": ""_staging/root_sip_extensions/sip/audit_overrides.json"", ""json_pointer"": ""$.overrides[11].auxiliary_source_mappings[1].url"", ""field"": ""url""}, {""file"": ""_staging/root_sip_extensions/sip/audit_overrides.json"", ""json_pointer"": ""$.overrides[12].auxiliary_source_mappings[1].url"", ""field"": ""url""}, {""file"": ""_staging/root_sip_extensions/sip/audit_overrides.json"", ""json_pointer"": ""$.overrides[14].auxiliary_source_mappings[2].url"", ""field"": ""url""}, {""file"": ""_staging/root_sip_extensions/sip/audit_overrides.json"", ""json_pointer"": ""$.overrides[15].auxiliary_source_mappings[1].url"", ""field"": ""url""}, {""file"": ""protocols/all_protocol_properties.json"", ""json_pointer"": ""$[38].auxiliary_source_mappings[5].url"", ""field"": ""url""}, {""file"": ""protocols/all_protocol_properties.json"", ""json_pointer"": ""$[38].auxiliary_source_verification[5].url"", ""field"": ""url""}, {""file"": ""protocols/all_protocol_properties.json"", ""json_pointer"": ""$[39].auxiliary_source_mappings[3].url"", ""field"": ""url""}, {""file"": ""protocols/all_protocol_properties.json"", ""json_pointer"": ""$[39].auxiliary_source_verification[3].url"", ""field"": ""url""}, {""file"": ""protocols/all_protocol_properties.json"", ""json_pointer"": ""$[40].auxiliary_source_mappings[3].url"", ""field"": ""url""}, {""file"": ""protocols/all_protocol_properties.json"", ""json_pointer"": ""$[40].auxiliary_source_verification[3].url"", ""field"": ""url""}, {""file"": ""protocols/all_protocol_properties.json"", ""json_pointer"": ""$[41].auxiliary_source_mappings[2].url"", ""field"": ""url""}, {""file"": ""protocols/all_protocol_properties.json"", ""json_pointer"": ""$[41].auxiliary_source_verification[2].url"", ""field"": ""url""}, {""file"": ""protocols/all_protocol_properties.json"", ""json_pointer"": ""$[42].auxiliary_source_mappings[1].url"", ""field"": ""url""}, {""file"": ""protocols/all_protocol_properties.json"", ""json_pointer"": ""$[42].auxiliary_source_verification[1].url"", ""field"": ""url""}, {""file"": ""protocols/all_protocol_properties.json"", ""json_pointer"": ""$[43].auxiliary_source_mappings[3].url"", ""field"": ""url""}, {""file"": ""protocols/all_protocol_properties.json"", ""json_pointer"": ""$[43].auxiliary_source_verification[3].url"", ""field"": ""url""}, {""file"": ""protocols/all_protocol_properties.json"", ""json_pointer"": ""$[44].auxiliary_source_mappings[2].url"", ""field"": ""url""}, {""file"": ""protocols/all_protocol_properties.json"", ""json_pointer"": ""$[44].auxiliary_source_verification[2].url"", ""field"": ""url""}, {""file"": ""protocols/all_protocol_properties.json"", ""json_pointer"": ""$[45].auxiliary_source_mappings[2].url"", ""field"": ""url""}, {""file"": ""protocols/all_protocol_properties.json"", ""json_pointer"": ""$[45].auxiliary_source_verification[2].url"", ""field"": ""url""}, {""file"": ""protocols/all_protocol_properties.json"", ""json_pointer"": ""$[46].auxiliary_source_mappings[2].url"", ""field"": ""url""}, {""file"": ""protocols/all_protocol_properties.json"", ""json_pointer"": ""$[46].auxiliary_source_verification[2].url"", ""field"": ""url""}, {""file"": ""protocols/all_protocol_properties.json"", ""json_pointer"": ""$[47].auxiliary_source_mappings[1].url"", ""field"": ""url""}, {""file"": ""protocols/all_protocol_properties.json"", ""json_pointer"": ""$[47].auxiliary_source_verification[1].url"", ""field"": ""url""}, {""file"": ""protocols/all_protocol_properties.json"", ""json_pointer"": ""$[48].auxiliary_source_mappings[1].url"", ""field"": ""url""}, {""file"": ""protocols/all_protocol_properties.json"", ""json_pointer"": ""$[48].auxiliary_source_verification[1].url"", ""field"": ""url""}, {""file"": ""protocols/all_protocol_properties.json"", ""json_pointer"": ""$[49].auxiliary_source_mappings[2].url"", ""field"": ""url""}, {""file"": ""protocols/all_protocol_properties.json"", ""json_pointer"": ""$[49].auxiliary_source_verification[2].url"", ""field"": ""url""}, {""file"": ""protocols/all_protocol_properties.json"", ""json_pointer"": ""$[50].auxiliary_source_mappings[1].url"", ""field"": ""url""}, {""file"": ""protocols/all_protocol_properties.json"", ""json_pointer"": ""$[50].auxiliary_source_verification[1].url"", ""field"": ""url""}, {""file"": ""protocols/evidence_manifest.json"", ""json_pointer"": ""$.sources[38].auxiliary_source_mappings[5].url"", ""field"": ""url""}, {""file"": ""protocols/evidence_manifest.json"", ""json_pointer"": ""$.sources[39].auxiliary_source_mappings[3].url"", ""field"": ""url""}, {""file"": ""protocols/evidence_manifest.json"", ""json_pointer"": ""$.sources[40].auxiliary_source_mappings[3].url"", ""field"": ""url""}, {""file"": ""protocols/evidence_manifest.json"", ""json_pointer"": ""$.sources[41].auxiliary_source_mappings[2].url"", ""field"": ""url""}, {""file"": ""protocols/evidence_manifest.json"", ""json_pointer"": ""$.sources[42].auxiliary_source_mappings[1].url"", ""field"": ""url""}, {""file"": ""protocols/evidence_manifest.json"", ""json_pointer"": ""$.sources[43].auxiliary_source_mappings[3].url"", ""field"": ""url""}, {""file"": ""protocols/evidence_manifest.json"", ""json_pointer"": ""$.sources[44].auxiliary_source_mappings[2].url"", ""field"": ""url""}, {""file"": ""protocols/evidence_manifest.json"", ""json_pointer"": ""$.sources[45].auxiliary_source_mappings[2].url"", ""field"": ""url""}, {""file"": ""protocols/evidence_manifest.json"", ""json_pointer"": ""$.sources[46].auxiliary_source_mappings[2].url"", ""field"": ""url""}, {""file"": ""protocols/evidence_manifest.json"", ""json_pointer"": ""$.sources[47].auxiliary_source_mappings[1].url"", ""field"": ""url""}, {""file"": ""protocols/evidence_manifest.json"", ""json_pointer"": ""$.sources[48].auxiliary_source_mappings[1].url"", ""field"": ""url""}, {""file"": ""protocols/evidence_manifest.json"", ""json_pointer"": ""$.sources[49].auxiliary_source_mappings[2].url"", ""field"": ""url""}, {""file"": ""protocols/evidence_manifest.json"", ""json_pointer"": ""$.sources[50].auxiliary_source_mappings[1].url"", ""field"": ""url""}, {""file"": ""protocols/sip/evidence_manifest.json"", ""json_pointer"": ""$.admitted_property_sources[0].auxiliary_source_mappings[5].url"", ""field"": ""url""}, {""file"": ""protocols/sip/evidence_manifest.json"", ""json_pointer"": ""$.admitted_property_sources[1].auxiliary_source_mappings[3].url"", ""field"": ""url""}, {""file"": ""protocols/sip/evidence_manifest.json"", ""json_pointer"": ""$.admitted_property_sources[2].auxiliary_source_mappings[3].url"", ""field"": ""url""}, {""file"": ""protocols/sip/evidence_manifest.json"", ""json_pointer"": ""$.admitted_property_sources[3].auxiliary_source_mappings[2].url"", ""field"": ""url""}, {""file"": ""protocols/sip/evidence_manifest.json"", ""json_pointer"": ""$.admitted_property_sources[4].auxiliary_source_mappings[1].url"", ""field"": ""url""}, {""file"": ""protocols/sip/evidence_manifest.json"", ""json_pointer"": ""$.admitted_property_sources[5].auxiliary_source_mappings[3].url"", ""field"": ""url""}, {""file"": ""protocols/sip/evidence_manifest.json"", ""json_pointer"": ""$.admitted_property_sources[6].auxiliary_source_mappings[2].url"", ""field"": ""url""}, {""file"": ""protocols/sip/evidence_manifest.json"", ""json_pointer"": ""$.admitted_property_sources[7].auxiliary_source_mappings[2].url"", ""field"": ""url""}, {""file"": ""protocols/sip/evidence_manifest.json"", ""json_pointer"": ""$.admitted_property_sources[8].auxiliary_source_mappings[2].url"", ""field"": ""url""}, {""file"": ""protocols/sip/evidence_manifest.json"", ""json_pointer"": ""$.admitted_property_sources[9].auxiliary_source_mappings[1].url"", ""field"": ""url""}, {""file"": ""protocols/sip/evidence_manifest.json"", ""json_pointer"": ""$.admitted_property_sources[10].auxiliary_source_mappings[1].url"", ""field"": ""url""}, {""file"": ""protocols/sip/evidence_manifest.json"", ""json_pointer"": ""$.admitted_property_sources[11].auxiliary_source_mappings[2].url"", ""field"": ""url""}, {""file"": ""protocols/sip/evidence_manifest.json"", ""json_pointer"": ""$.admitted_property_sources[12].auxiliary_source_mappings[1].url"", ""field"": ""url""}]"
https://github.com/pjsip/pjproject/blob/bba95b8a95c0a9e8c1939166fd20083ae9e3e956/pjsip/src/pjsip/sip_transaction.c#L2336,https://github.com/pjsip/pjproject/blob/bba95b8a95c0a9e8c1939166fd20083ae9e3e956/pjsip/src/pjsip/sip_transaction.c,True,TLS_VERIFIED,HTTP 206,18,"[{""file"": ""_staging/root_sip_extensions/sip/audit_overrides.json"", ""json_pointer"": ""$.overrides[2].source_url"", ""field"": ""source_url""}, {""file"": ""_staging/root_sip_extensions/sip/audit_overrides.json"", ""json_pointer"": ""$.overrides[8].source_url"", ""field"": ""source_url""}, {""file"": ""_staging/root_sip_extensions/sip/audit_overrides.json"", ""json_pointer"": ""$.overrides[9].auxiliary_source_mappings[0].url"", ""field"": ""url""}, {""file"": ""_staging/root_sip_extensions/sip/audit_overrides.json"", ""json_pointer"": ""$.overrides[14].source_url"", ""field"": ""source_url""}, {""file"": ""mitl_property_catalog.json"", ""json_pointer"": ""$[2].source_url"", ""field"": ""source_url""}, {""file"": ""protocols/all_protocol_properties.json"", ""json_pointer"": ""$[39].source_url"", ""field"": ""source_url""}, {""file"": ""protocols/all_protocol_properties.json"", ""json_pointer"": ""$[44].source_url"", ""field"": ""source_url""}, {""file"": ""protocols/all_protocol_properties.json"", ""json_pointer"": ""$[45].auxiliary_source_mappings[0].url"", ""field"": ""url""}, {""file"": ""protocols/all_protocol_properties.json"", ""json_pointer"": ""$[45].auxiliary_source_verification[0].url"", ""field"": ""url""}, {""file"": ""protocols/all_protocol_properties.json"", ""json_pointer"": ""$[49].source_url"", ""field"": ""source_url""}, {""file"": ""protocols/evidence_manifest.json"", ""json_pointer"": ""$.sources[39].source_url"", ""field"": ""source_url""}, {""file"": ""protocols/evidence_manifest.json"", ""json_pointer"": ""$.sources[44].source_url"", ""field"": ""source_url""}, {""file"": ""protocols/evidence_manifest.json"", ""json_pointer"": ""$.sources[45].auxiliary_source_mappings[0].url"", ""field"": ""url""}, {""file"": ""protocols/evidence_manifest.json"", ""json_pointer"": ""$.sources[49].source_url"", ""field"": ""source_url""}, {""file"": ""protocols/sip/evidence_manifest.json"", ""json_pointer"": ""$.admitted_property_sources[1].source_url"", ""field"": ""source_url""}, {""file"": ""protocols/sip/evidence_manifest.json"", ""json_pointer"": ""$.admitted_property_sources[6].source_url"", ""field"": ""source_url""}, {""file"": ""protocols/sip/evidence_manifest.json"", ""json_pointer"": ""$.admitted_property_sources[7].auxiliary_source_mappings[0].url"", ""field"": ""url""}, {""file"": ""protocols/sip/evidence_manifest.json"", ""json_pointer"": ""$.admitted_property_sources[11].source_url"", ""field"": ""source_url""}]"
https://github.com/pjsip/pjproject/blob/bba95b8a95c0a9e8c1939166fd20083ae9e3e956/pjsip/src/pjsip/sip_transaction.c#L2342,https://github.com/pjsip/pjproject/blob/bba95b8a95c0a9e8c1939166fd20083ae9e3e956/pjsip/src/pjsip/sip_transaction.c,True,TLS_VERIFIED,HTTP 206,1,"[{""file"": ""mitl_property_catalog.json"", ""json_pointer"": ""$[8].source_url"", ""field"": ""source_url""}]"
https://github.com/pjsip/pjproject/blob/bba95b8a95c0a9e8c1939166fd20083ae9e3e956/pjsip/src/pjsip/sip_transaction.c#L2355,https://github.com/pjsip/pjproject/blob/bba95b8a95c0a9e8c1939166fd20083ae9e3e956/pjsip/src/pjsip/sip_transaction.c,True,TLS_VERIFIED,HTTP 206,1,"[{""file"": ""mitl_property_catalog.json"", ""json_pointer"": ""$[14].source_url"", ""field"": ""source_url""}]"
https://github.com/pjsip/pjproject/blob/bba95b8a95c0a9e8c1939166fd20083ae9e3e956/pjsip/src/pjsip/sip_transaction.c#L2383,https://github.com/pjsip/pjproject/blob/bba95b8a95c0a9e8c1939166fd20083ae9e3e956/pjsip/src/pjsip/sip_transaction.c,True,TLS_VERIFIED,HTTP 206,33,"[{""file"": ""_staging/root_sip_extensions/sip/audit_overrides.json"", ""json_pointer"": ""$.overrides[1].replacement_source_mappings[2].url"", ""field"": ""url""}, {""file"": ""_staging/root_sip_extensions/sip/audit_overrides.json"", ""json_pointer"": ""$.overrides[2].auxiliary_source_mappings[0].url"", ""field"": ""url""}, {""file"": ""_staging/root_sip_extensions/sip/audit_overrides.json"", ""json_pointer"": ""$.overrides[4].auxiliary_source_mappings[1].url"", ""field"": ""url""}, {""file"": ""_staging/root_sip_extensions/sip/audit_overrides.json"", ""json_pointer"": ""$.overrides[7].replacement_source_mappings[2].url"", ""field"": ""url""}, {""file"": ""_staging/root_sip_extensions/sip/audit_overrides.json"", ""json_pointer"": ""$.overrides[8].auxiliary_source_mappings[0].url"", ""field"": ""url""}, {""file"": ""_staging/root_sip_extensions/sip/audit_overrides.json"", ""json_pointer"": ""$.overrides[9].auxiliary_source_mappings[1].url"", ""field"": ""url""}, {""file"": ""_staging/root_sip_extensions/sip/audit_overrides.json"", ""json_pointer"": ""$.overrides[13].replacement_source_mappings[2].url"", ""field"": ""url""}, {""file"": ""_staging/root_sip_extensions/sip/audit_overrides.json"", ""json_pointer"": ""$.overrides[14].auxiliary_source_mappings[0].url"", ""field"": ""url""}, {""file"": ""_staging/root_sip_extensions/sip/audit_overrides.json"", ""json_pointer"": ""$.overrides[16].auxiliary_source_mappings[0].url"", ""field"": ""url""}, {""file"": ""protocols/all_protocol_properties.json"", ""json_pointer"": ""$[39].auxiliary_source_mappings[0].url"", ""field"": ""url""}, {""file"": ""protocols/all_protocol_properties.json"", ""json_pointer"": ""$[39].auxiliary_source_verification[0].url"", ""field"": ""url""}, {""file"": ""protocols/all_protocol_properties.json"", ""json_pointer"": ""$[41].auxiliary_source_mappings[1].url"", ""field"": ""url""}, {""file"": ""protocols/all_protocol_properties.json"", ""json_pointer"": ""$[41].auxiliary_source_verification[1].url"", ""field"": ""url""}, {""file"": ""protocols/all_protocol_properties.json"", ""json_pointer"": ""$[44].auxiliary_source_mappings[0].url"", ""field"": ""url""}, {""file"": ""protocols/all_protocol_properties.json"", ""json_pointer"": ""$[44].auxiliary_source_verification[0].url"", ""field"": ""url""}, {""file"": ""protocols/all_protocol_properties.json"", ""json_pointer"": ""$[45].auxiliary_source_mappings[1].url"", ""field"": ""url""}, {""file"": ""protocols/all_protocol_properties.json"", ""json_pointer"": ""$[45].auxiliary_source_verification[1].url"", ""field"": ""url""}, {""file"": ""protocols/all_protocol_properties.json"", ""json_pointer"": ""$[49].auxiliary_source_mappings[0].url"", ""field"": ""url""}, {""file"": ""protocols/all_protocol_properties.json"", ""json_pointer"": ""$[49].auxiliary_source_verification[0].url"", ""field"": ""url""}, {""file"": ""protocols/all_protocol_properties.json"", ""json_pointer"": ""$[51].auxiliary_source_mappings[0].url"", ""field"": ""url""}, {""file"": ""protocols/all_protocol_properties.json"", ""json_pointer"": ""$[51].auxiliary_source_verification[0].url"", ""field"": ""url""}, {""file"": ""protocols/evidence_manifest.json"", ""json_pointer"": ""$.sources[39].auxiliary_source_mappings[0].url"", ""field"": ""url""}, {""file"": ""protocols/evidence_manifest.json"", ""json_pointer"": ""$.sources[41].auxiliary_source_mappings[1].url"", ""field"": ""url""}, {""file"": ""protocols/evidence_manifest.json"", ""json_pointer"": ""$.sources[44].auxiliary_source_mappings[0].url"", ""field"": ""url""}, {""file"": ""protocols/evidence_manifest.json"", ""json_pointer"": ""$.sources[45].auxiliary_source_mappings[1].url"", ""field"": ""url""}, {""file"": ""protocols/evidence_manifest.json"", ""json_pointer"": ""$.sources[49].auxiliary_source_mappings[0].url"", ""field"": ""url""}, {""file"": ""protocols/evidence_manifest.json"", ""json_pointer"": ""$.sources[51].auxiliary_source_mappings[0].url"", ""field"": ""url""}, {""file"": ""protocols/sip/evidence_manifest.json"", ""json_pointer"": ""$.admitted_property_sources[1].auxiliary_source_mappings[0].url"", ""field"": ""url""}, {""file"": ""protocols/sip/evidence_manifest.json"", ""json_pointer"": ""$.admitted_property_sources[3].auxiliary_source_mappings[1].url"", ""field"": ""url""}, {""file"": ""protocols/sip/evidence_manifest.json"", ""json_pointer"": ""$.admitted_property_sources[6].auxiliary_source_mappings[0].url"", ""field"": ""url""}, {""file"": ""protocols/sip/evidence_manifest.json"", ""json_pointer"": ""$.admitted_property_sources[7].auxiliary_source_mappings[1].url"", ""field"": ""url""}, {""file"": ""protocols/sip/evidence_manifest.json"", ""json_pointer"": ""$.admitted_property_sources[11].auxiliary_source_mappings[0].url"", ""field"": ""url""}, {""file"": ""protocols/sip/evidence_manifest.json"", ""json_pointer"": ""$.admitted_property_sources[13].auxiliary_source_mappings[0].url"", ""field"": ""url""}]"
https://github.com/pjsip/pjproject/blob/bba95b8a95c0a9e8c1939166fd20083ae9e3e956/pjsip/src/pjsip/sip_transaction.c#L2460,https://github.com/pjsip/pjproject/blob/bba95b8a95c0a9e8c1939166fd20083ae9e3e956/pjsip/src/pjsip/sip_transaction.c,True,TLS_VERIFIED,HTTP 206,16,"[{""file"": ""_staging/root_sip_extensions/sip/audit_overrides.json"", ""json_pointer"": ""$.overrides[0].source_url"", ""field"": ""source_url""}, {""file"": ""_staging/root_sip_extensions/sip/audit_overrides.json"", ""json_pointer"": ""$.overrides[3].source_url"", ""field"": ""source_url""}, {""file"": ""_staging/root_sip_extensions/sip/audit_overrides.json"", ""json_pointer"": ""$.overrides[6].source_url"", ""field"": ""source_url""}, {""file"": ""_staging/root_sip_extensions/sip/audit_overrides.json"", ""json_pointer"": ""$.overrides[10].source_url"", ""field"": ""source_url""}, {""file"": ""protocols/all_protocol_properties.json"", ""json_pointer"": ""$[38].source_url"", ""field"": ""source_url""}, {""file"": ""protocols/all_protocol_properties.json"", ""json_pointer"": ""$[40].source_url"", ""field"": ""source_url""}, {""file"": ""protocols/all_protocol_properties.json"", ""json_pointer"": ""$[43].source_url"", ""field"": ""source_url""}, {""file"": ""protocols/all_protocol_properties.json"", ""json_pointer"": ""$[46].source_url"", ""field"": ""source_url""}, {""file"": ""protocols/evidence_manifest.json"", ""json_pointer"": ""$.sources[38].source_url"", ""field"": ""source_url""}, {""file"": ""protocols/evidence_manifest.json"", ""json_pointer"": ""$.sources[40].source_url"", ""field"": ""source_url""}, {""file"": ""protocols/evidence_manifest.json"", ""json_pointer"": ""$.sources[43].source_url"", ""field"": ""source_url""}, {""file"": ""protocols/evidence_manifest.json"", ""json_pointer"": ""$.sources[46].source_url"", ""field"": ""source_url""}, {""file"": ""protocols/sip/evidence_manifest.json"", ""json_pointer"": ""$.admitted_property_sources[0].source_url"", ""field"": ""source_url""}, {""file"": ""protocols/sip/evidence_manifest.json"", ""json_pointer"": ""$.admitted_property_sources[2].source_url"", ""field"": ""source_url""}, {""file"": ""protocols/sip/evidence_manifest.json"", ""json_pointer"": ""$.admitted_property_sources[5].source_url"", ""field"": ""source_url""}, {""file"": ""protocols/sip/evidence_manifest.json"", ""json_pointer"": ""$.admitted_property_sources[8].source_url"", ""field"": ""source_url""}]"
https://github.com/pjsip/pjproject/blob/bba95b8a95c0a9e8c1939166fd20083ae9e3e956/pjsip/src/pjsip/sip_transaction.c#L2505,https://github.com/pjsip/pjproject/blob/bba95b8a95c0a9e8c1939166fd20083ae9e3e956/pjsip/src/pjsip/sip_transaction.c,True,TLS_VERIFIED,HTTP 206,3,"[{""file"": ""mitl_property_catalog.json"", ""json_pointer"": ""$[0].source_url"", ""field"": ""source_url""}, {""file"": ""mitl_property_catalog.json"", ""json_pointer"": ""$[3].source_url"", ""field"": ""source_url""}, {""file"": ""mitl_property_catalog.json"", ""json_pointer"": ""$[10].source_url"", ""field"": ""source_url""}]"
https://github.com/pjsip/pjproject/blob/bba95b8a95c0a9e8c1939166fd20083ae9e3e956/pjsip/src/pjsip/sip_transaction.c#L2514,https://github.com/pjsip/pjproject/blob/bba95b8a95c0a9e8c1939166fd20083ae9e3e956/pjsip/src/pjsip/sip_transaction.c,True,TLS_VERIFIED,HTTP 206,1,"[{""file"": ""mitl_property_catalog.json"", ""json_pointer"": ""$[6].source_url"", ""field"": ""source_url""}]"
https://github.com/pjsip/pjproject/blob/bba95b8a95c0a9e8c1939166fd20083ae9e3e956/pjsip/src/pjsip/sip_transaction.c#L2540,https://github.com/pjsip/pjproject/blob/bba95b8a95c0a9e8c1939166fd20083ae9e3e956/pjsip/src/pjsip/sip_transaction.c,True,TLS_VERIFIED,HTTP 206,37,"[{""file"": ""_staging/root_sip_extensions/sip/audit_overrides.json"", ""json_pointer"": ""$.overrides[0].auxiliary_source_mappings[4].url"", ""field"": ""url""}, {""file"": ""_staging/root_sip_extensions/sip/audit_overrides.json"", ""json_pointer"": ""$.overrides[1].replacement_source_mappings[1].url"", ""field"": ""url""}, {""file"": ""_staging/root_sip_extensions/sip/audit_overrides.json"", ""json_pointer"": ""$.overrides[2].auxiliary_source_mappings[2].url"", ""field"": ""url""}, {""file"": ""_staging/root_sip_extensions/sip/audit_overrides.json"", ""json_pointer"": ""$.overrides[3].auxiliary_source_mappings[2].url"", ""field"": ""url""}, {""file"": ""_staging/root_sip_extensions/sip/audit_overrides.json"", ""json_pointer"": ""$.overrides[4].source_url"", ""field"": ""source_url""}, {""file"": ""_staging/root_sip_extensions/sip/audit_overrides.json"", ""json_pointer"": ""$.overrides[6].auxiliary_source_mappings[2].url"", ""field"": ""url""}, {""file"": ""_staging/root_sip_extensions/sip/audit_overrides.json"", ""json_pointer"": ""$.overrides[7].replacement_source_mappings[1].url"", ""field"": ""url""}, {""file"": ""_staging/root_sip_extensions/sip/audit_overrides.json"", ""json_pointer"": ""$.overrides[8].auxiliary_source_mappings[1].url"", ""field"": ""url""}, {""file"": ""_staging/root_sip_extensions/sip/audit_overrides.json"", ""json_pointer"": ""$.overrides[10].auxiliary_source_mappings[0].url"", ""field"": ""url""}, {""file"": ""mitl_property_catalog.json"", ""json_pointer"": ""$[1].source_url"", ""field"": ""source_url""}, {""file"": ""protocols/all_protocol_properties.json"", ""json_pointer"": ""$[38].auxiliary_source_mappings[4].url"", ""field"": ""url""}, {""file"": ""protocols/all_protocol_properties.json"", ""json_pointer"": ""$[38].auxiliary_source_verification[4].url"", ""field"": ""url""}, {""file"": ""protocols/all_protocol_properties.json"", ""json_pointer"": ""$[39].auxiliary_source_mappings[2].url"", ""field"": ""url""}, {""file"": ""protocols/all_protocol_properties.json"", ""json_pointer"": ""$[39].auxiliary_source_verification[2].url"", ""field"": ""url""}, {""file"": ""protocols/all_protocol_properties.json"", ""json_pointer"": ""$[40].auxiliary_source_mappings[2].url"", ""field"": ""url""}, {""file"": ""protocols/all_protocol_properties.json"", ""json_pointer"": ""$[40].auxiliary_source_verification[2].url"", ""field"": ""url""}, {""file"": ""protocols/all_protocol_properties.json"", ""json_pointer"": ""$[41].source_url"", ""field"": ""source_url""}, {""file"": ""protocols/all_protocol_properties.json"", ""json_pointer"": ""$[43].auxiliary_source_mappings[2].url"", ""field"": ""url""}, {""file"": ""protocols/all_protocol_properties.json"", ""json_pointer"": ""$[43].auxiliary_source_verification[2].url"", ""field"": ""url""}, {""file"": ""protocols/all_protocol_properties.json"", ""json_pointer"": ""$[44].auxiliary_source_mappings[1].url"", ""field"": ""url""}, {""file"": ""protocols/all_protocol_properties.json"", ""json_pointer"": ""$[44].auxiliary_source_verification[1].url"", ""field"": ""url""}, {""file"": ""protocols/all_protocol_properties.json"", ""json_pointer"": ""$[46].auxiliary_source_mappings[0].url"", ""field"": ""url""}, {""file"": ""protocols/all_protocol_properties.json"", ""json_pointer"": ""$[46].auxiliary_source_verification[0].url"", ""field"": ""url""}, {""file"": ""protocols/evidence_manifest.json"", ""json_pointer"": ""$.sources[38].auxiliary_source_mappings[4].url"", ""field"": ""url""}, {""file"": ""protocols/evidence_manifest.json"", ""json_pointer"": ""$.sources[39].auxiliary_source_mappings[2].url"", ""field"": ""url""}, {""file"": ""protocols/evidence_manifest.json"", ""json_pointer"": ""$.sources[40].auxiliary_source_mappings[2].url"", ""field"": ""url""}, {""file"": ""protocols/evidence_manifest.json"", ""json_pointer"": ""$.sources[41].source_url"", ""field"": ""source_url""}, {""file"": ""protocols/evidence_manifest.json"", ""json_pointer"": ""$.sources[43].auxiliary_source_mappings[2].url"", ""field"": ""url""}, {""file"": ""protocols/evidence_manifest.json"", ""json_pointer"": ""$.sources[44].auxiliary_source_mappings[1].url"", ""field"": ""url""}, {""file"": ""protocols/evidence_manifest.json"", ""json_pointer"": ""$.sources[46].auxiliary_source_mappings[0].url"", ""field"": ""url""}, {""file"": ""protocols/sip/evidence_manifest.json"", ""json_pointer"": ""$.admitted_property_sources[0].auxiliary_source_mappings[4].url"", ""field"": ""url""}, {""file"": ""protocols/sip/evidence_manifest.json"", ""json_pointer"": ""$.admitted_property_sources[1].auxiliary_source_mappings[2].url"", ""field"": ""url""}, {""file"": ""protocols/sip/evidence_manifest.json"", ""json_pointer"": ""$.admitted_property_sources[2].auxiliary_source_mappings[2].url"", ""field"": ""url""}, {""file"": ""protocols/sip/evidence_manifest.json"", ""json_pointer"": ""$.admitted_property_sources[3].source_url"", ""field"": ""source_url""}, {""file"": ""protocols/sip/evidence_manifest.json"", ""json_pointer"": ""$.admitted_property_sources[5].auxiliary_source_mappings[2].url"", ""field"": ""url""}, {""file"": ""protocols/sip/evidence_manifest.json"", ""json_pointer"": ""$.admitted_property_sources[6].auxiliary_source_mappings[1].url"", ""field"": ""url""}, {""file"": ""protocols/sip/evidence_manifest.json"", ""json_pointer"": ""$.admitted_property_sources[8].auxiliary_source_mappings[0].url"", ""field"": ""url""}]"
https://github.com/pjsip/pjproject/blob/bba95b8a95c0a9e8c1939166fd20083ae9e3e956/pjsip/src/pjsip/sip_transaction.c#L2546,https://github.com/pjsip/pjproject/blob/bba95b8a95c0a9e8c1939166fd20083ae9e3e956/pjsip/src/pjsip/sip_transaction.c,True,TLS_VERIFIED,HTTP 206,1,"[{""file"": ""mitl_property_catalog.json"", ""json_pointer"": ""$[7].source_url"", ""field"": ""source_url""}]"
https://github.com/pjsip/pjproject/blob/bba95b8a95c0a9e8c1939166fd20083ae9e3e956/pjsip/src/pjsip/sip_transaction.c#L2586,https://github.com/pjsip/pjproject/blob/bba95b8a95c0a9e8c1939166fd20083ae9e3e956/pjsip/src/pjsip/sip_transaction.c,True,TLS_VERIFIED,HTTP 206,1,"[{""file"": ""mitl_property_catalog.json"", ""json_pointer"": ""$[4].source_url"", ""field"": ""source_url""}]"
https://github.com/pjsip/pjproject/blob/bba95b8a95c0a9e8c1939166fd20083ae9e3e956/pjsip/src/pjsip/sip_transaction.c#L2600,https://github.com/pjsip/pjproject/blob/bba95b8a95c0a9e8c1939166fd20083ae9e3e956/pjsip/src/pjsip/sip_transaction.c,True,TLS_VERIFIED,HTTP 206,1,"[{""file"": ""mitl_property_catalog.json"", ""json_pointer"": ""$[9].source_url"", ""field"": ""source_url""}]"
https://github.com/pjsip/pjproject/blob/bba95b8a95c0a9e8c1939166fd20083ae9e3e956/pjsip/src/pjsip/sip_transaction.c#L2701,https://github.com/pjsip/pjproject/blob/bba95b8a95c0a9e8c1939166fd20083ae9e3e956/pjsip/src/pjsip/sip_transaction.c,True,TLS_VERIFIED,HTTP 206,13,"[{""file"": ""_staging/root_sip_extensions/sip/audit_overrides.json"", ""json_pointer"": ""$.overrides[12].source_url"", ""field"": ""source_url""}, {""file"": ""_staging/root_sip_extensions/sip/audit_overrides.json"", ""json_pointer"": ""$.overrides[13].replacement_source_mappings[1].url"", ""field"": ""url""}, {""file"": ""_staging/root_sip_extensions/sip/audit_overrides.json"", ""json_pointer"": ""$.overrides[15].source_url"", ""field"": ""source_url""}, {""file"": ""_staging/root_sip_extensions/sip/audit_overrides.json"", ""json_pointer"": ""$.overrides[18].source_url"", ""field"": ""source_url""}, {""file"": ""protocols/all_protocol_properties.json"", ""json_pointer"": ""$[48].source_url"", ""field"": ""source_url""}, {""file"": ""protocols/all_protocol_properties.json"", ""json_pointer"": ""$[50].source_url"", ""field"": ""source_url""}, {""file"": ""protocols/all_protocol_properties.json"", ""json_pointer"": ""$[53].source_url"", ""field"": ""source_url""}, {""file"": ""protocols/evidence_manifest.json"", ""json_pointer"": ""$.sources[48].source_url"", ""field"": ""source_url""}, {""file"": ""protocols/evidence_manifest.json"", ""json_pointer"": ""$.sources[50].source_url"", ""field"": ""source_url""}, {""file"": ""protocols/evidence_manifest.json"", ""json_pointer"": ""$.sources[53].source_url"", ""field"": ""source_url""}, {""file"": ""protocols/sip/evidence_manifest.json"", ""json_pointer"": ""$.admitted_property_sources[10].source_url"", ""field"": ""source_url""}, {""file"": ""protocols/sip/evidence_manifest.json"", ""json_pointer"": ""$.admitted_property_sources[12].source_url"", ""field"": ""source_url""}, {""file"": ""protocols/sip/evidence_manifest.json"", ""json_pointer"": ""$.admitted_property_sources[15].source_url"", ""field"": ""source_url""}]"
https://github.com/pjsip/pjproject/blob/bba95b8a95c0a9e8c1939166fd20083ae9e3e956/pjsip/src/pjsip/sip_transaction.c#L2865,https://github.com/pjsip/pjproject/blob/bba95b8a95c0a9e8c1939166fd20083ae9e3e956/pjsip/src/pjsip/sip_transaction.c,True,TLS_VERIFIED,HTTP 206,1,"[{""file"": ""mitl_property_catalog.json"", ""json_pointer"": ""$[12].source_url"", ""field"": ""source_url""}]"
https://github.com/pjsip/pjproject/blob/bba95b8a95c0a9e8c1939166fd20083ae9e3e956/pjsip/src/pjsip/sip_transaction.c#L2878,https://github.com/pjsip/pjproject/blob/bba95b8a95c0a9e8c1939166fd20083ae9e3e956/pjsip/src/pjsip/sip_transaction.c,True,TLS_VERIFIED,HTTP 206,1,"[{""file"": ""mitl_property_catalog.json"", ""json_pointer"": ""$[15].source_url"", ""field"": ""source_url""}]"
https://github.com/pjsip/pjproject/blob/bba95b8a95c0a9e8c1939166fd20083ae9e3e956/pjsip/src/pjsip/sip_transaction.c#L2889,https://github.com/pjsip/pjproject/blob/bba95b8a95c0a9e8c1939166fd20083ae9e3e956/pjsip/src/pjsip/sip_transaction.c,True,TLS_VERIFIED,HTTP 206,1,"[{""file"": ""mitl_property_catalog.json"", ""json_pointer"": ""$[18].source_url"", ""field"": ""source_url""}]"
https://github.com/pjsip/pjproject/blob/bba95b8a95c0a9e8c1939166fd20083ae9e3e956/pjsip/src/pjsip/sip_transaction.c#L2928,https://github.com/pjsip/pjproject/blob/bba95b8a95c0a9e8c1939166fd20083ae9e3e956/pjsip/src/pjsip/sip_transaction.c,True,TLS_VERIFIED,HTTP 206,1,"[{""file"": ""mitl_property_catalog.json"", ""json_pointer"": ""$[13].source_url"", ""field"": ""source_url""}]"
https://github.com/pjsip/pjproject/blob/bba95b8a95c0a9e8c1939166fd20083ae9e3e956/pjsip/src/pjsip/sip_transaction.c#L2973,https://github.com/pjsip/pjproject/blob/bba95b8a95c0a9e8c1939166fd20083ae9e3e956/pjsip/src/pjsip/sip_transaction.c,True,TLS_VERIFIED,HTTP 206,22,"[{""file"": ""_staging/root_sip_extensions/sip/audit_overrides.json"", ""json_pointer"": ""$.overrides[4].auxiliary_source_mappings[0].url"", ""field"": ""url""}, {""file"": ""_staging/root_sip_extensions/sip/audit_overrides.json"", ""json_pointer"": ""$.overrides[5].source_url"", ""field"": ""source_url""}, {""file"": ""_staging/root_sip_extensions/sip/audit_overrides.json"", ""json_pointer"": ""$.overrides[9].source_url"", ""field"": ""source_url""}, {""file"": ""_staging/root_sip_extensions/sip/audit_overrides.json"", ""json_pointer"": ""$.overrides[10].auxiliary_source_mappings[1].url"", ""field"": ""url""}, {""file"": ""_staging/root_sip_extensions/sip/audit_overrides.json"", ""json_pointer"": ""$.overrides[11].source_url"", ""field"": ""source_url""}, {""file"": ""protocols/all_protocol_properties.json"", ""json_pointer"": ""$[41].auxiliary_source_mappings[0].url"", ""field"": ""url""}, {""file"": ""protocols/all_protocol_properties.json"", ""json_pointer"": ""$[41].auxiliary_source_verification[0].url"", ""field"": ""url""}, {""file"": ""protocols/all_protocol_properties.json"", ""json_pointer"": ""$[42].source_url"", ""field"": ""source_url""}, {""file"": ""protocols/all_protocol_properties.json"", ""json_pointer"": ""$[45].source_url"", ""field"": ""source_url""}, {""file"": ""protocols/all_protocol_properties.json"", ""json_pointer"": ""$[46].auxiliary_source_mappings[1].url"", ""field"": ""url""}, {""file"": ""protocols/all_protocol_properties.json"", ""json_pointer"": ""$[46].auxiliary_source_verification[1].url"", ""field"": ""url""}, {""file"": ""protocols/all_protocol_properties.json"", ""json_pointer"": ""$[47].source_url"", ""field"": ""source_url""}, {""file"": ""protocols/evidence_manifest.json"", ""json_pointer"": ""$.sources[41].auxiliary_source_mappings[0].url"", ""field"": ""url""}, {""file"": ""protocols/evidence_manifest.json"", ""json_pointer"": ""$.sources[42].source_url"", ""field"": ""source_url""}, {""file"": ""protocols/evidence_manifest.json"", ""json_pointer"": ""$.sources[45].source_url"", ""field"": ""source_url""}, {""file"": ""protocols/evidence_manifest.json"", ""json_pointer"": ""$.sources[46].auxiliary_source_mappings[1].url"", ""field"": ""url""}, {""file"": ""protocols/evidence_manifest.json"", ""json_pointer"": ""$.sources[47].source_url"", ""field"": ""source_url""}, {""file"": ""protocols/sip/evidence_manifest.json"", ""json_pointer"": ""$.admitted_property_sources[3].auxiliary_source_mappings[0].url"", ""field"": ""url""}, {""file"": ""protocols/sip/evidence_manifest.json"", ""json_pointer"": ""$.admitted_property_sources[4].source_url"", ""field"": ""source_url""}, {""file"": ""protocols/sip/evidence_manifest.json"", ""json_pointer"": ""$.admitted_property_sources[7].source_url"", ""field"": ""source_url""}, {""file"": ""protocols/sip/evidence_manifest.json"", ""json_pointer"": ""$.admitted_property_sources[8].auxiliary_source_mappings[1].url"", ""field"": ""url""}, {""file"": ""protocols/sip/evidence_manifest.json"", ""json_pointer"": ""$.admitted_property_sources[9].source_url"", ""field"": ""source_url""}]"
https://github.com/pjsip/pjproject/blob/bba95b8a95c0a9e8c1939166fd20083ae9e3e956/pjsip/src/pjsip/sip_transaction.c#L3037,https://github.com/pjsip/pjproject/blob/bba95b8a95c0a9e8c1939166fd20083ae9e3e956/pjsip/src/pjsip/sip_transaction.c,True,TLS_VERIFIED,HTTP 206,1,"[{""file"": ""mitl_property_catalog.json"", ""json_pointer"": ""$[11].source_url"", ""field"": ""source_url""}]"
https://github.com/pjsip/pjproject/blob/bba95b8a95c0a9e8c1939166fd20083ae9e3e956/pjsip/src/pjsip/sip_transaction.c#L3131,https://github.com/pjsip/pjproject/blob/bba95b8a95c0a9e8c1939166fd20083ae9e3e956/pjsip/src/pjsip/sip_transaction.c,True,TLS_VERIFIED,HTTP 206,1,"[{""file"": ""mitl_property_catalog.json"", ""json_pointer"": ""$[5].source_url"", ""field"": ""source_url""}]"
https://github.com/pjsip/pjproject/blob/bba95b8a95c0a9e8c1939166fd20083ae9e3e956/pjsip/src/pjsip/sip_transaction.c#L3211,https://github.com/pjsip/pjproject/blob/bba95b8a95c0a9e8c1939166fd20083ae9e3e956/pjsip/src/pjsip/sip_transaction.c,True,TLS_VERIFIED,HTTP 206,28,"[{""file"": ""_staging/root_sip_extensions/sip/audit_overrides.json"", ""json_pointer"": ""$.overrides[12].auxiliary_source_mappings[0].url"", ""field"": ""url""}, {""file"": ""_staging/root_sip_extensions/sip/audit_overrides.json"", ""json_pointer"": ""$.overrides[14].auxiliary_source_mappings[1].url"", ""field"": ""url""}, {""file"": ""_staging/root_sip_extensions/sip/audit_overrides.json"", ""json_pointer"": ""$.overrides[15].auxiliary_source_mappings[0].url"", ""field"": ""url""}, {""file"": ""_staging/root_sip_extensions/sip/audit_overrides.json"", ""json_pointer"": ""$.overrides[16].source_url"", ""field"": ""source_url""}, {""file"": ""_staging/root_sip_extensions/sip/audit_overrides.json"", ""json_pointer"": ""$.overrides[17].source_url"", ""field"": ""source_url""}, {""file"": ""_staging/root_sip_extensions/sip/audit_overrides.json"", ""json_pointer"": ""$.overrides[18].auxiliary_source_mappings[0].url"", ""field"": ""url""}, {""file"": ""protocols/all_protocol_properties.json"", ""json_pointer"": ""$[48].auxiliary_source_mappings[0].url"", ""field"": ""url""}, {""file"": ""protocols/all_protocol_properties.json"", ""json_pointer"": ""$[48].auxiliary_source_verification[0].url"", ""field"": ""url""}, {""file"": ""protocols/all_protocol_properties.json"", ""json_pointer"": ""$[49].auxiliary_source_mappings[1].url"", ""field"": ""url""}, {""file"": ""protocols/all_protocol_properties.json"", ""json_pointer"": ""$[49].auxiliary_source_verification[1].url"", ""field"": ""url""}, {""file"": ""protocols/all_protocol_properties.json"", ""json_pointer"": ""$[50].auxiliary_source_mappings[0].url"", ""field"": ""url""}, {""file"": ""protocols/all_protocol_properties.json"", ""json_pointer"": ""$[50].auxiliary_source_verification[0].url"", ""field"": ""url""}, {""file"": ""protocols/all_protocol_properties.json"", ""json_pointer"": ""$[51].source_url"", ""field"": ""source_url""}, {""file"": ""protocols/all_protocol_properties.json"", ""json_pointer"": ""$[52].source_url"", ""field"": ""source_url""}, {""file"": ""protocols/all_protocol_properties.json"", ""json_pointer"": ""$[53].auxiliary_source_mappings[0].url"", ""field"": ""url""}, {""file"": ""protocols/all_protocol_properties.json"", ""json_pointer"": ""$[53].auxiliary_source_verification[0].url"", ""field"": ""url""}, {""file"": ""protocols/evidence_manifest.json"", ""json_pointer"": ""$.sources[48].auxiliary_source_mappings[0].url"", ""field"": ""url""}, {""file"": ""protocols/evidence_manifest.json"", ""json_pointer"": ""$.sources[49].auxiliary_source_mappings[1].url"", ""field"": ""url""}, {""file"": ""protocols/evidence_manifest.json"", ""json_pointer"": ""$.sources[50].auxiliary_source_mappings[0].url"", ""field"": ""url""}, {""file"": ""protocols/evidence_manifest.json"", ""json_pointer"": ""$.sources[51].source_url"", ""field"": ""source_url""}, {""file"": ""protocols/evidence_manifest.json"", ""json_pointer"": ""$.sources[52].source_url"", ""field"": ""source_url""}, {""file"": ""protocols/evidence_manifest.json"", ""json_pointer"": ""$.sources[53].auxiliary_source_mappings[0].url"", ""field"": ""url""}, {""file"": ""protocols/sip/evidence_manifest.json"", ""json_pointer"": ""$.admitted_property_sources[10].auxiliary_source_mappings[0].url"", ""field"": ""url""}, {""file"": ""protocols/sip/evidence_manifest.json"", ""json_pointer"": ""$.admitted_property_sources[11].auxiliary_source_mappings[1].url"", ""field"": ""url""}, {""file"": ""protocols/sip/evidence_manifest.json"", ""json_pointer"": ""$.admitted_property_sources[12].auxiliary_source_mappings[0].url"", ""field"": ""url""}, {""file"": ""protocols/sip/evidence_manifest.json"", ""json_pointer"": ""$.admitted_property_sources[13].source_url"", ""field"": ""source_url""}, {""file"": ""protocols/sip/evidence_manifest.json"", ""json_pointer"": ""$.admitted_property_sources[14].source_url"", ""field"": ""source_url""}, {""file"": ""protocols/sip/evidence_manifest.json"", ""json_pointer"": ""$.admitted_property_sources[15].auxiliary_source_mappings[0].url"", ""field"": ""url""}]"
https://github.com/pjsip/pjproject/blob/bba95b8a95c0a9e8c1939166fd20083ae9e3e956/pjsip/src/pjsip/sip_transaction.c#L3232,https://github.com/pjsip/pjproject/blob/bba95b8a95c0a9e8c1939166fd20083ae9e3e956/pjsip/src/pjsip/sip_transaction.c,True,TLS_VERIFIED,HTTP 206,1,"[{""file"": ""mitl_property_catalog.json"", ""json_pointer"": ""$[16].source_url"", ""field"": ""source_url""}]"
https://github.com/pjsip/pjproject/blob/bba95b8a95c0a9e8c1939166fd20083ae9e3e956/pjsip/src/pjsip/sip_transaction.c#L3251,https://github.com/pjsip/pjproject/blob/bba95b8a95c0a9e8c1939166fd20083ae9e3e956/pjsip/src/pjsip/sip_transaction.c,True,TLS_VERIFIED,HTTP 206,1,"[{""file"": ""mitl_property_catalog.json"", ""json_pointer"": ""$[17].source_url"", ""field"": ""source_url""}]"
https://github.com/pjsip/pjproject/blob/bba95b8a95c0a9e8c1939166fd20083ae9e3e956/pjsip/src/pjsip/sip_transaction.c#L3322,https://github.com/pjsip/pjproject/blob/bba95b8a95c0a9e8c1939166fd20083ae9e3e956/pjsip/src/pjsip/sip_transaction.c,True,TLS_VERIFIED,HTTP 206,10,"[{""file"": ""_staging/root_sip_extensions/sip/audit_overrides.json"", ""json_pointer"": ""$.overrides[5].auxiliary_source_mappings[0].url"", ""field"": ""url""}, {""file"": ""_staging/root_sip_extensions/sip/audit_overrides.json"", ""json_pointer"": ""$.overrides[11].auxiliary_source_mappings[0].url"", ""field"": ""url""}, {""file"": ""protocols/all_protocol_properties.json"", ""json_pointer"": ""$[42].auxiliary_source_mappings[0].url"", ""field"": ""url""}, {""file"": ""protocols/all_protocol_properties.json"", ""json_pointer"": ""$[42].auxiliary_source_verification[0].url"", ""field"": ""url""}, {""file"": ""protocols/all_protocol_properties.json"", ""json_pointer"": ""$[47].auxiliary_source_mappings[0].url"", ""field"": ""url""}, {""file"": ""protocols/all_protocol_properties.json"", ""json_pointer"": ""$[47].auxiliary_source_verification[0].url"", ""field"": ""url""}, {""file"": ""protocols/evidence_manifest.json"", ""json_pointer"": ""$.sources[42].auxiliary_source_mappings[0].url"", ""field"": ""url""}, {""file"": ""protocols/evidence_manifest.json"", ""json_pointer"": ""$.sources[47].auxiliary_source_mappings[0].url"", ""field"": ""url""}, {""file"": ""protocols/sip/evidence_manifest.json"", ""json_pointer"": ""$.admitted_property_sources[4].auxiliary_source_mappings[0].url"", ""field"": ""url""}, {""file"": ""protocols/sip/evidence_manifest.json"", ""json_pointer"": ""$.admitted_property_sources[9].auxiliary_source_mappings[0].url"", ""field"": ""url""}]"
https://github.com/pjsip/pjproject/blob/bba95b8a95c0a9e8c1939166fd20083ae9e3e956/pjsip/src/pjsip/sip_transaction.c#L3377,https://github.com/pjsip/pjproject/blob/bba95b8a95c0a9e8c1939166fd20083ae9e3e956/pjsip/src/pjsip/sip_transaction.c,True,TLS_VERIFIED,HTTP 206,10,"[{""file"": ""_staging/root_sip_extensions/sip/audit_overrides.json"", ""json_pointer"": ""$.overrides[16].auxiliary_source_mappings[1].url"", ""field"": ""url""}, {""file"": ""_staging/root_sip_extensions/sip/audit_overrides.json"", ""json_pointer"": ""$.overrides[17].auxiliary_source_mappings[0].url"", ""field"": ""url""}, {""file"": ""protocols/all_protocol_properties.json"", ""json_pointer"": ""$[51].auxiliary_source_mappings[1].url"", ""field"": ""url""}, {""file"": ""protocols/all_protocol_properties.json"", ""json_pointer"": ""$[51].auxiliary_source_verification[1].url"", ""field"": ""url""}, {""file"": ""protocols/all_protocol_properties.json"", ""json_pointer"": ""$[52].auxiliary_source_mappings[0].url"", ""field"": ""url""}, {""file"": ""protocols/all_protocol_properties.json"", ""json_pointer"": ""$[52].auxiliary_source_verification[0].url"", ""field"": ""url""}, {""file"": ""protocols/evidence_manifest.json"", ""json_pointer"": ""$.sources[51].auxiliary_source_mappings[1].url"", ""field"": ""url""}, {""file"": ""protocols/evidence_manifest.json"", ""json_pointer"": ""$.sources[52].auxiliary_source_mappings[0].url"", ""field"": ""url""}, {""file"": ""protocols/sip/evidence_manifest.json"", ""json_pointer"": ""$.admitted_property_sources[13].auxiliary_source_mappings[1].url"", ""field"": ""url""}, {""file"": ""protocols/sip/evidence_manifest.json"", ""json_pointer"": ""$.admitted_property_sources[14].auxiliary_source_mappings[0].url"", ""field"": ""url""}]"
https://github.com/pjsip/pjproject/blob/bba95b8a95c0a9e8c1939166fd20083ae9e3e956/pjsip/src/pjsip/sip_transaction.c#L432,https://github.com/pjsip/pjproject/blob/bba95b8a95c0a9e8c1939166fd20083ae9e3e956/pjsip/src/pjsip/sip_transaction.c,True,TLS_VERIFIED,HTTP 206,70,"[{""file"": ""_staging/root_sip_extensions/sip/audit_overrides.json"", ""json_pointer"": ""$.overrides[0].auxiliary_source_mappings[2].url"", ""field"": ""url""}, {""file"": ""_staging/root_sip_extensions/sip/audit_overrides.json"", ""json_pointer"": ""$.overrides[2].auxiliary_source_mappings[4].url"", ""field"": ""url""}, {""file"": ""_staging/root_sip_extensions/sip/audit_overrides.json"", ""json_pointer"": ""$.overrides[3].auxiliary_source_mappings[4].url"", ""field"": ""url""}, {""file"": ""_staging/root_sip_extensions/sip/audit_overrides.json"", ""json_pointer"": ""$.overrides[5].auxiliary_source_mappings[4].url"", ""field"": ""url""}, {""file"": ""_staging/root_sip_extensions/sip/audit_overrides.json"", ""json_pointer"": ""$.overrides[6].auxiliary_source_mappings[4].url"", ""field"": ""url""}, {""file"": ""_staging/root_sip_extensions/sip/audit_overrides.json"", ""json_pointer"": ""$.overrides[8].auxiliary_source_mappings[4].url"", ""field"": ""url""}, {""file"": ""_staging/root_sip_extensions/sip/audit_overrides.json"", ""json_pointer"": ""$.overrides[9].auxiliary_source_mappings[4].url"", ""field"": ""url""}, {""file"": ""_staging/root_sip_extensions/sip/audit_overrides.json"", ""json_pointer"": ""$.overrides[10].auxiliary_source_mappings[5].url"", ""field"": ""url""}, {""file"": ""_staging/root_sip_extensions/sip/audit_overrides.json"", ""json_pointer"": ""$.overrides[11].auxiliary_source_mappings[4].url"", ""field"": ""url""}, {""file"": ""_staging/root_sip_extensions/sip/audit_overrides.json"", ""json_pointer"": ""$.overrides[12].auxiliary_source_mappings[4].url"", ""field"": ""url""}, {""file"": ""_staging/root_sip_extensions/sip/audit_overrides.json"", ""json_pointer"": ""$.overrides[14].auxiliary_source_mappings[4].url"", ""field"": ""url""}, {""file"": ""_staging/root_sip_extensions/sip/audit_overrides.json"", ""json_pointer"": ""$.overrides[15].auxiliary_source_mappings[4].url"", ""field"": ""url""}, {""file"": ""_staging/root_sip_extensions/sip/audit_overrides.json"", ""json_pointer"": ""$.overrides[17].auxiliary_source_mappings[3].url"", ""field"": ""url""}, {""file"": ""_staging/root_sip_extensions/sip/audit_overrides.json"", ""json_pointer"": ""$.overrides[18].auxiliary_source_mappings[3].url"", ""field"": ""url""}, {""file"": ""protocols/all_protocol_properties.json"", ""json_pointer"": ""$[38].auxiliary_source_mappings[2].url"", ""field"": ""url""}, {""file"": ""protocols/all_protocol_properties.json"", ""json_pointer"": ""$[38].auxiliary_source_verification[2].url"", ""field"": ""url""}, {""file"": ""protocols/all_protocol_properties.json"", ""json_pointer"": ""$[39].auxiliary_source_mappings[4].url"", ""field"": ""url""}, {""file"": ""protocols/all_protocol_properties.json"", ""json_pointer"": ""$[39].auxiliary_source_verification[4].url"", ""field"": ""url""}, {""file"": ""protocols/all_protocol_properties.json"", ""json_pointer"": ""$[40].auxiliary_source_mappings[4].url"", ""field"": ""url""}, {""file"": ""protocols/all_protocol_properties.json"", ""json_pointer"": ""$[40].auxiliary_source_verification[4].url"", ""field"": ""url""}, {""file"": ""protocols/all_protocol_properties.json"", ""json_pointer"": ""$[42].auxiliary_source_mappings[4].url"", ""field"": ""url""}, {""file"": ""protocols/all_protocol_properties.json"", ""json_pointer"": ""$[42].auxiliary_source_verification[4].url"", ""field"": ""url""}, {""file"": ""protocols/all_protocol_properties.json"", ""json_pointer"": ""$[43].auxiliary_source_mappings[4].url"", ""field"": ""url""}, {""file"": ""protocols/all_protocol_properties.json"", ""json_pointer"": ""$[43].auxiliary_source_verification[4].url"", ""field"": ""url""}, {""file"": ""protocols/all_protocol_properties.json"", ""json_pointer"": ""$[44].auxiliary_source_mappings[4].url"", ""field"": ""url""}, {""file"": ""protocols/all_protocol_properties.json"", ""json_pointer"": ""$[44].auxiliary_source_verification[4].url"", ""field"": ""url""}, {""file"": ""protocols/all_protocol_properties.json"", ""json_pointer"": ""$[45].auxiliary_source_mappings[4].url"", ""field"": ""url""}, {""file"": ""protocols/all_protocol_properties.json"", ""json_pointer"": ""$[45].auxiliary_source_verification[4].url"", ""field"": ""url""}, {""file"": ""protocols/all_protocol_properties.json"", ""json_pointer"": ""$[46].auxiliary_source_mappings[5].url"", ""field"": ""url""}, {""file"": ""protocols/all_protocol_properties.json"", ""json_pointer"": ""$[46].auxiliary_source_verification[5].url"", ""field"": ""url""}, {""file"": ""protocols/all_protocol_properties.json"", ""json_pointer"": ""$[47].auxiliary_source_mappings[4].url"", ""field"": ""url""}, {""file"": ""protocols/all_protocol_properties.json"", ""json_pointer"": ""$[47].auxiliary_source_verification[4].url"", ""field"": ""url""}, {""file"": ""protocols/all_protocol_properties.json"", ""json_pointer"": ""$[48].auxiliary_source_mappings[4].url"", ""field"": ""url""}, {""file"": ""protocols/all_protocol_properties.json"", ""json_pointer"": ""$[48].auxiliary_source_verification[4].url"", ""field"": ""url""}, {""file"": ""protocols/all_protocol_properties.json"", ""json_pointer"": ""$[49].auxiliary_source_mappings[4].url"", ""field"": ""url""}, {""file"": ""protocols/all_protocol_properties.json"", ""json_pointer"": ""$[49].auxiliary_source_verification[4].url"", ""field"": ""url""}, {""file"": ""protocols/all_protocol_properties.json"", ""json_pointer"": ""$[50].auxiliary_source_mappings[4].url"", ""field"": ""url""}, {""file"": ""protocols/all_protocol_properties.json"", ""json_pointer"": ""$[50].auxiliary_source_verification[4].url"", ""field"": ""url""}, {""file"": ""protocols/all_protocol_properties.json"", ""json_pointer"": ""$[52].auxiliary_source_mappings[3].url"", ""field"": ""url""}, {""file"": ""protocols/all_protocol_properties.json"", ""json_pointer"": ""$[52].auxiliary_source_verification[3].url"", ""field"": ""url""}, {""file"": ""protocols/all_protocol_properties.json"", ""json_pointer"": ""$[53].auxiliary_source_mappings[3].url"", ""field"": ""url""}, {""file"": ""protocols/all_protocol_properties.json"", ""json_pointer"": ""$[53].auxiliary_source_verification[3].url"", ""field"": ""url""}, {""file"": ""protocols/evidence_manifest.json"", ""json_pointer"": ""$.sources[38].auxiliary_source_mappings[2].url"", ""field"": ""url""}, {""file"": ""protocols/evidence_manifest.json"", ""json_pointer"": ""$.sources[39].auxiliary_source_mappings[4].url"", ""field"": ""url""}, {""file"": ""protocols/evidence_manifest.json"", ""json_pointer"": ""$.sources[40].auxiliary_source_mappings[4].url"", ""field"": ""url""}, {""file"": ""protocols/evidence_manifest.json"", ""json_pointer"": ""$.sources[42].auxiliary_source_mappings[4].url"", ""field"": ""url""}, {""file"": ""protocols/evidence_manifest.json"", ""json_pointer"": ""$.sources[43].auxiliary_source_mappings[4].url"", ""field"": ""url""}, {""file"": ""protocols/evidence_manifest.json"", ""json_pointer"": ""$.sources[44].auxiliary_source_mappings[4].url"", ""field"": ""url""}, {""file"": ""protocols/evidence_manifest.json"", ""json_pointer"": ""$.sources[45].auxiliary_source_mappings[4].url"", ""field"": ""url""}, {""file"": ""protocols/evidence_manifest.json"", ""json_pointer"": ""$.sources[46].auxiliary_source_mappings[5].url"", ""field"": ""url""}, {""file"": ""protocols/evidence_manifest.json"", ""json_pointer"": ""$.sources[47].auxiliary_source_mappings[4].url"", ""field"": ""url""}, {""file"": ""protocols/evidence_manifest.json"", ""json_pointer"": ""$.sources[48].auxiliary_source_mappings[4].url"", ""field"": ""url""}, {""file"": ""protocols/evidence_manifest.json"", ""json_pointer"": ""$.sources[49].auxiliary_source_mappings[4].url"", ""field"": ""url""}, {""file"": ""protocols/evidence_manifest.json"", ""json_pointer"": ""$.sources[50].auxiliary_source_mappings[4].url"", ""field"": ""url""}, {""file"": ""protocols/evidence_manifest.json"", ""json_pointer"": ""$.sources[52].auxiliary_source_mappings[3].url"", ""field"": ""url""}, {""file"": ""protocols/evidence_manifest.json"", ""json_pointer"": ""$.sources[53].auxiliary_source_mappings[3].url"", ""field"": ""url""}, {""file"": ""protocols/sip/evidence_manifest.json"", ""json_pointer"": ""$.admitted_property_sources[0].auxiliary_source_mappings[2].url"", ""field"": ""url""}, {""file"": ""protocols/sip/evidence_manifest.json"", ""json_pointer"": ""$.admitted_property_sources[1].auxiliary_source_mappings[4].url"", ""field"": ""url""}, {""file"": ""protocols/sip/evidence_manifest.json"", ""json_pointer"": ""$.admitted_property_sources[2].auxiliary_source_mappings[4].url"", ""field"": ""url""}, {""file"": ""protocols/sip/evidence_manifest.json"", ""json_pointer"": ""$.admitted_property_sources[4].auxiliary_source_mappings[4].url"", ""field"": ""url""}, {""file"": ""protocols/sip/evidence_manifest.json"", ""json_pointer"": ""$.admitted_property_sources[5].auxiliary_source_mappings[4].url"", ""field"": ""url""}, {""file"": ""protocols/sip/evidence_manifest.json"", ""json_pointer"": ""$.admitted_property_sources[6].auxiliary_source_mappings[4].url"", ""field"": ""url""}, {""file"": ""protocols/sip/evidence_manifest.json"", ""json_pointer"": ""$.admitted_property_sources[7].auxiliary_source_mappings[4].url"", ""field"": ""url""}, {""file"": ""protocols/sip/evidence_manifest.json"", ""json_pointer"": ""$.admitted_property_sources[8].auxiliary_source_mappings[5].url"", ""field"": ""url""}, {""file"": ""protocols/sip/evidence_manifest.json"", ""json_pointer"": ""$.admitted_property_sources[9].auxiliary_source_mappings[4].url"", ""field"": ""url""}, {""file"": ""protocols/sip/evidence_manifest.json"", ""json_pointer"": ""$.admitted_property_sources[10].auxiliary_source_mappings[4].url"", ""field"": ""url""}, {""file"": ""protocols/sip/evidence_manifest.json"", ""json_pointer"": ""$.admitted_property_sources[11].auxiliary_source_mappings[4].url"", ""field"": ""url""}, {""file"": ""protocols/sip/evidence_manifest.json"", ""json_pointer"": ""$.admitted_property_sources[12].auxiliary_source_mappings[4].url"", ""field"": ""url""}, {""file"": ""protocols/sip/evidence_manifest.json"", ""json_pointer"": ""$.admitted_property_sources[14].auxiliary_source_mappings[3].url"", ""field"": ""url""}, {""file"": ""protocols/sip/evidence_manifest.json"", ""json_pointer"": ""$.admitted_property_sources[15].auxiliary_source_mappings[3].url"", ""field"": ""url""}]"
https://github.com/pjsip/pjproject/blob/bba95b8a95c0a9e8c1939166fd20083ae9e3e956/pjsip/src/pjsip/sip_transaction.c#L972,https://github.com/pjsip/pjproject/blob/bba95b8a95c0a9e8c1939166fd20083ae9e3e956/pjsip/src/pjsip/sip_transaction.c,True,TLS_VERIFIED,HTTP 206,50,"[{""file"": ""_staging/root_sip_extensions/sip/audit_overrides.json"", ""json_pointer"": ""$.overrides[0].auxiliary_source_mappings[0].url"", ""field"": ""url""}, {""file"": ""_staging/root_sip_extensions/sip/audit_overrides.json"", ""json_pointer"": ""$.overrides[3].auxiliary_source_mappings[0].url"", ""field"": ""url""}, {""file"": ""_staging/root_sip_extensions/sip/audit_overrides.json"", ""json_pointer"": ""$.overrides[5].auxiliary_source_mappings[2].url"", ""field"": ""url""}, {""file"": ""_staging/root_sip_extensions/sip/audit_overrides.json"", ""json_pointer"": ""$.overrides[6].auxiliary_source_mappings[0].url"", ""field"": ""url""}, {""file"": ""_staging/root_sip_extensions/sip/audit_overrides.json"", ""json_pointer"": ""$.overrides[10].auxiliary_source_mappings[3].url"", ""field"": ""url""}, {""file"": ""_staging/root_sip_extensions/sip/audit_overrides.json"", ""json_pointer"": ""$.overrides[11].auxiliary_source_mappings[2].url"", ""field"": ""url""}, {""file"": ""_staging/root_sip_extensions/sip/audit_overrides.json"", ""json_pointer"": ""$.overrides[12].auxiliary_source_mappings[2].url"", ""field"": ""url""}, {""file"": ""_staging/root_sip_extensions/sip/audit_overrides.json"", ""json_pointer"": ""$.overrides[15].auxiliary_source_mappings[2].url"", ""field"": ""url""}, {""file"": ""_staging/root_sip_extensions/sip/audit_overrides.json"", ""json_pointer"": ""$.overrides[17].auxiliary_source_mappings[1].url"", ""field"": ""url""}, {""file"": ""_staging/root_sip_extensions/sip/audit_overrides.json"", ""json_pointer"": ""$.overrides[18].auxiliary_source_mappings[1].url"", ""field"": ""url""}, {""file"": ""protocols/all_protocol_properties.json"", ""json_pointer"": ""$[38].auxiliary_source_mappings[0].url"", ""field"": ""url""}, {""file"": ""protocols/all_protocol_properties.json"", ""json_pointer"": ""$[38].auxiliary_source_verification[0].url"", ""field"": ""url""}, {""file"": ""protocols/all_protocol_properties.json"", ""json_pointer"": ""$[40].auxiliary_source_mappings[0].url"", ""field"": ""url""}, {""file"": ""protocols/all_protocol_properties.json"", ""json_pointer"": ""$[40].auxiliary_source_verification[0].url"", ""field"": ""url""}, {""file"": ""protocols/all_protocol_properties.json"", ""json_pointer"": ""$[42].auxiliary_source_mappings[2].url"", ""field"": ""url""}, {""file"": ""protocols/all_protocol_properties.json"", ""json_pointer"": ""$[42].auxiliary_source_verification[2].url"", ""field"": ""url""}, {""file"": ""protocols/all_protocol_properties.json"", ""json_pointer"": ""$[43].auxiliary_source_mappings[0].url"", ""field"": ""url""}, {""file"": ""protocols/all_protocol_properties.json"", ""json_pointer"": ""$[43].auxiliary_source_verification[0].url"", ""field"": ""url""}, {""file"": ""protocols/all_protocol_properties.json"", ""json_pointer"": ""$[46].auxiliary_source_mappings[3].url"", ""field"": ""url""}, {""file"": ""protocols/all_protocol_properties.json"", ""json_pointer"": ""$[46].auxiliary_source_verification[3].url"", ""field"": ""url""}, {""file"": ""protocols/all_protocol_properties.json"", ""json_pointer"": ""$[47].auxiliary_source_mappings[2].url"", ""field"": ""url""}, {""file"": ""protocols/all_protocol_properties.json"", ""json_pointer"": ""$[47].auxiliary_source_verification[2].url"", ""field"": ""url""}, {""file"": ""protocols/all_protocol_properties.json"", ""json_pointer"": ""$[48].auxiliary_source_mappings[2].url"", ""field"": ""url""}, {""file"": ""protocols/all_protocol_properties.json"", ""json_pointer"": ""$[48].auxiliary_source_verification[2].url"", ""field"": ""url""}, {""file"": ""protocols/all_protocol_properties.json"", ""json_pointer"": ""$[50].auxiliary_source_mappings[2].url"", ""field"": ""url""}, {""file"": ""protocols/all_protocol_properties.json"", ""json_pointer"": ""$[50].auxiliary_source_verification[2].url"", ""field"": ""url""}, {""file"": ""protocols/all_protocol_properties.json"", ""json_pointer"": ""$[52].auxiliary_source_mappings[1].url"", ""field"": ""url""}, {""file"": ""protocols/all_protocol_properties.json"", ""json_pointer"": ""$[52].auxiliary_source_verification[1].url"", ""field"": ""url""}, {""file"": ""protocols/all_protocol_properties.json"", ""json_pointer"": ""$[53].auxiliary_source_mappings[1].url"", ""field"": ""url""}, {""file"": ""protocols/all_protocol_properties.json"", ""json_pointer"": ""$[53].auxiliary_source_verification[1].url"", ""field"": ""url""}, {""file"": ""protocols/evidence_manifest.json"", ""json_pointer"": ""$.sources[38].auxiliary_source_mappings[0].url"", ""field"": ""url""}, {""file"": ""protocols/evidence_manifest.json"", ""json_pointer"": ""$.sources[40].auxiliary_source_mappings[0].url"", ""field"": ""url""}, {""file"": ""protocols/evidence_manifest.json"", ""json_pointer"": ""$.sources[42].auxiliary_source_mappings[2].url"", ""field"": ""url""}, {""file"": ""protocols/evidence_manifest.json"", ""json_pointer"": ""$.sources[43].auxiliary_source_mappings[0].url"", ""field"": ""url""}, {""file"": ""protocols/evidence_manifest.json"", ""json_pointer"": ""$.sources[46].auxiliary_source_mappings[3].url"", ""field"": ""url""}, {""file"": ""protocols/evidence_manifest.json"", ""json_pointer"": ""$.sources[47].auxiliary_source_mappings[2].url"", ""field"": ""url""}, {""file"": ""protocols/evidence_manifest.json"", ""json_pointer"": ""$.sources[48].auxiliary_source_mappings[2].url"", ""field"": ""url""}, {""file"": ""protocols/evidence_manifest.json"", ""json_pointer"": ""$.sources[50].auxiliary_source_mappings[2].url"", ""field"": ""url""}, {""file"": ""protocols/evidence_manifest.json"", ""json_pointer"": ""$.sources[52].auxiliary_source_mappings[1].url"", ""field"": ""url""}, {""file"": ""protocols/evidence_manifest.json"", ""json_pointer"": ""$.sources[53].auxiliary_source_mappings[1].url"", ""field"": ""url""}, {""file"": ""protocols/sip/evidence_manifest.json"", ""json_pointer"": ""$.admitted_property_sources[0].auxiliary_source_mappings[0].url"", ""field"": ""url""}, {""file"": ""protocols/sip/evidence_manifest.json"", ""json_pointer"": ""$.admitted_property_sources[2].auxiliary_source_mappings[0].url"", ""field"": ""url""}, {""file"": ""protocols/sip/evidence_manifest.json"", ""json_pointer"": ""$.admitted_property_sources[4].auxiliary_source_mappings[2].url"", ""field"": ""url""}, {""file"": ""protocols/sip/evidence_manifest.json"", ""json_pointer"": ""$.admitted_property_sources[5].auxiliary_source_mappings[0].url"", ""field"": ""url""}, {""file"": ""protocols/sip/evidence_manifest.json"", ""json_pointer"": ""$.admitted_property_sources[8].auxiliary_source_mappings[3].url"", ""field"": ""url""}, {""file"": ""protocols/sip/evidence_manifest.json"", ""json_pointer"": ""$.admitted_property_sources[9].auxiliary_source_mappings[2].url"", ""field"": ""url""}, {""file"": ""protocols/sip/evidence_manifest.json"", ""json_pointer"": ""$.admitted_property_sources[10].auxiliary_source_mappings[2].url"", ""field"": ""url""}, {""file"": ""protocols/sip/evidence_manifest.json"", ""json_pointer"": ""$.admitted_property_sources[12].auxiliary_source_mappings[2].url"", ""field"": ""url""}, {""file"": ""protocols/sip/evidence_manifest.json"", ""json_pointer"": ""$.admitted_property_sources[14].auxiliary_source_mappings[1].url"", ""field"": ""url""}, {""file"": ""protocols/sip/evidence_manifest.json"", ""json_pointer"": ""$.admitted_property_sources[15].auxiliary_source_mappings[1].url"", ""field"": ""url""}]"
https://github.com/pjsip/pjproject/tree/bba95b8a95c0a9e8c1939166fd20083ae9e3e956,https://github.com/pjsip/pjproject/tree/bba95b8a95c0a9e8c1939166fd20083ae9e3e956,True,TLS_VERIFIED,HTTP 206,2,"[{""file"": ""evidence_manifest.yaml"", ""json_pointer"": ""$.sources[5].url"", ""field"": ""url""}, {""file"": ""protocols/sip/evidence_manifest.json"", ""json_pointer"": ""$.screening_records[0].record.sources[5].url"", ""field"": ""url""}]"
https://github.com/profuzzbench/profuzzbench,https://github.com/profuzzbench/profuzzbench,True,TLS_VERIFIED,HTTP 206,2,"[{""file"": ""evidence_manifest.yaml"", ""json_pointer"": ""$.sources[3].url"", ""field"": ""url""}, {""file"": ""protocols/sip/evidence_manifest.json"", ""json_pointer"": ""$.screening_records[0].record.sources[3].url"", ""field"": ""url""}]"
https://github.com/profuzzbench/profuzzbench/tree/8573ec81d68f2c1ffc8f5e605dfdd9c61fbeb074,https://github.com/profuzzbench/profuzzbench/tree/8573ec81d68f2c1ffc8f5e605dfdd9c61fbeb074,True,TLS_VERIFIED,HTTP 206,2,"[{""file"": ""_staging/ietf_app_protocols/smtp/evidence.json"", ""json_pointer"": ""$.benchmark.url"", ""field"": ""url""}, {""file"": ""protocols/smtp/evidence_manifest.json"", ""json_pointer"": ""$.screening_records[0].record.benchmark.url"", ""field"": ""url""}]"
https://github.com/pylessard/python-can-isotp,https://github.com/pylessard/python-can-isotp,True,TLS_VERIFIED,HTTP 206,2,"[{""file"": ""_staging/industrial_protocols/can_uds/evidence.json"", ""json_pointer"": ""$.sources[0].url"", ""field"": ""url""}, {""file"": ""protocols/can_uds/evidence_manifest.json"", ""json_pointer"": ""$.screening_records[0].record.sources[0].url"", ""field"": ""url""}]"
https://github.com/pylessard/python-can-isotp/blob/7b44c5282ee390df4977b710218564eb73e2dc2a/isotp/protocol.py#L1250-L1253,https://github.com/pylessard/python-can-isotp/blob/7b44c5282ee390df4977b710218564eb73e2dc2a/isotp/protocol.py,True,TLS_VERIFIED,HTTP 206,5,"[{""file"": ""_staging/industrial_protocols/can_uds/proposals.json"", ""json_pointer"": ""$[0].auxiliary_source_mappings[0].url"", ""field"": ""url""}, {""file"": ""protocols/all_protocol_properties.json"", ""json_pointer"": ""$[75].auxiliary_source_mappings[0].url"", ""field"": ""url""}, {""file"": ""protocols/all_protocol_properties.json"", ""json_pointer"": ""$[75].auxiliary_source_verification[0].url"", ""field"": ""url""}, {""file"": ""protocols/evidence_manifest.json"", ""json_pointer"": ""$.sources[75].auxiliary_source_mappings[0].url"", ""field"": ""url""}, {""file"": ""protocols/can_uds/evidence_manifest.json"", ""json_pointer"": ""$.admitted_property_sources[0].auxiliary_source_mappings[0].url"", ""field"": ""url""}]"
https://github.com/pylessard/python-can-isotp/blob/7b44c5282ee390df4977b710218564eb73e2dc2a/isotp/protocol.py#L1254-L1257,https://github.com/pylessard/python-can-isotp/blob/7b44c5282ee390df4977b710218564eb73e2dc2a/isotp/protocol.py,True,TLS_VERIFIED,HTTP 206,5,"[{""file"": ""_staging/industrial_protocols/can_uds/proposals.json"", ""json_pointer"": ""$[1].auxiliary_source_mappings[1].url"", ""field"": ""url""}, {""file"": ""protocols/all_protocol_properties.json"", ""json_pointer"": ""$[76].auxiliary_source_mappings[1].url"", ""field"": ""url""}, {""file"": ""protocols/all_protocol_properties.json"", ""json_pointer"": ""$[76].auxiliary_source_verification[1].url"", ""field"": ""url""}, {""file"": ""protocols/evidence_manifest.json"", ""json_pointer"": ""$.sources[76].auxiliary_source_mappings[1].url"", ""field"": ""url""}, {""file"": ""protocols/can_uds/evidence_manifest.json"", ""json_pointer"": ""$.admitted_property_sources[1].auxiliary_source_mappings[1].url"", ""field"": ""url""}]"
https://github.com/pylessard/python-can-isotp/blob/7b44c5282ee390df4977b710218564eb73e2dc2a/isotp/protocol.py#L1321-L1325,https://github.com/pylessard/python-can-isotp/blob/7b44c5282ee390df4977b710218564eb73e2dc2a/isotp/protocol.py,True,TLS_VERIFIED,HTTP 206,5,"[{""file"": ""_staging/industrial_protocols/can_uds/proposals.json"", ""json_pointer"": ""$[0].auxiliary_source_mappings[3].url"", ""field"": ""url""}, {""file"": ""protocols/all_protocol_properties.json"", ""json_pointer"": ""$[75].auxiliary_source_mappings[3].url"", ""field"": ""url""}, {""file"": ""protocols/all_protocol_properties.json"", ""json_pointer"": ""$[75].auxiliary_source_verification[3].url"", ""field"": ""url""}, {""file"": ""protocols/evidence_manifest.json"", ""json_pointer"": ""$.sources[75].auxiliary_source_mappings[3].url"", ""field"": ""url""}, {""file"": ""protocols/can_uds/evidence_manifest.json"", ""json_pointer"": ""$.admitted_property_sources[0].auxiliary_source_mappings[3].url"", ""field"": ""url""}]"
https://github.com/pylessard/python-can-isotp/blob/7b44c5282ee390df4977b710218564eb73e2dc2a/isotp/protocol.py#L1341-L1346,https://github.com/pylessard/python-can-isotp/blob/7b44c5282ee390df4977b710218564eb73e2dc2a/isotp/protocol.py,True,TLS_VERIFIED,HTTP 206,5,"[{""file"": ""_staging/industrial_protocols/can_uds/proposals.json"", ""json_pointer"": ""$[1].auxiliary_source_mappings[4].url"", ""field"": ""url""}, {""file"": ""protocols/all_protocol_properties.json"", ""json_pointer"": ""$[76].auxiliary_source_mappings[4].url"", ""field"": ""url""}, {""file"": ""protocols/all_protocol_properties.json"", ""json_pointer"": ""$[76].auxiliary_source_verification[4].url"", ""field"": ""url""}, {""file"": ""protocols/evidence_manifest.json"", ""json_pointer"": ""$.sources[76].auxiliary_source_mappings[4].url"", ""field"": ""url""}, {""file"": ""protocols/can_uds/evidence_manifest.json"", ""json_pointer"": ""$.admitted_property_sources[1].auxiliary_source_mappings[4].url"", ""field"": ""url""}]"
https://github.com/pylessard/python-can-isotp/blob/7b44c5282ee390df4977b710218564eb73e2dc2a/isotp/protocol.py#L349-L354,https://github.com/pylessard/python-can-isotp/blob/7b44c5282ee390df4977b710218564eb73e2dc2a/isotp/protocol.py,True,TLS_VERIFIED,HTTP 206,10,"[{""file"": ""_staging/industrial_protocols/can_uds/proposals.json"", ""json_pointer"": ""$[0].auxiliary_source_mappings[1].url"", ""field"": ""url""}, {""file"": ""_staging/industrial_protocols/can_uds/proposals.json"", ""json_pointer"": ""$[1].auxiliary_source_mappings[2].url"", ""field"": ""url""}, {""file"": ""protocols/all_protocol_properties.json"", ""json_pointer"": ""$[75].auxiliary_source_mappings[1].url"", ""field"": ""url""}, {""file"": ""protocols/all_protocol_properties.json"", ""json_pointer"": ""$[75].auxiliary_source_verification[1].url"", ""field"": ""url""}, {""file"": ""protocols/all_protocol_properties.json"", ""json_pointer"": ""$[76].auxiliary_source_mappings[2].url"", ""field"": ""url""}, {""file"": ""protocols/all_protocol_properties.json"", ""json_pointer"": ""$[76].auxiliary_source_verification[2].url"", ""field"": ""url""}, {""file"": ""protocols/evidence_manifest.json"", ""json_pointer"": ""$.sources[75].auxiliary_source_mappings[1].url"", ""field"": ""url""}, {""file"": ""protocols/evidence_manifest.json"", ""json_pointer"": ""$.sources[76].auxiliary_source_mappings[2].url"", ""field"": ""url""}, {""file"": ""protocols/can_uds/evidence_manifest.json"", ""json_pointer"": ""$.admitted_property_sources[0].auxiliary_source_mappings[1].url"", ""field"": ""url""}, {""file"": ""protocols/can_uds/evidence_manifest.json"", ""json_pointer"": ""$.admitted_property_sources[1].auxiliary_source_mappings[2].url"", ""field"": ""url""}]"
https://github.com/pylessard/python-can-isotp/blob/7b44c5282ee390df4977b710218564eb73e2dc2a/isotp/protocol.py#L890-L894,https://github.com/pylessard/python-can-isotp/blob/7b44c5282ee390df4977b710218564eb73e2dc2a/isotp/protocol.py,True,TLS_VERIFIED,HTTP 206,4,"[{""file"": ""_staging/industrial_protocols/can_uds/proposals.json"", ""json_pointer"": ""$[1].source_url"", ""field"": ""source_url""}, {""file"": ""protocols/all_protocol_properties.json"", ""json_pointer"": ""$[76].source_url"", ""field"": ""source_url""}, {""file"": ""protocols/evidence_manifest.json"", ""json_pointer"": ""$.sources[76].source_url"", ""field"": ""source_url""}, {""file"": ""protocols/can_uds/evidence_manifest.json"", ""json_pointer"": ""$.admitted_property_sources[1].source_url"", ""field"": ""source_url""}]"
https://github.com/pylessard/python-can-isotp/blob/7b44c5282ee390df4977b710218564eb73e2dc2a/isotp/protocol.py#L895-L984,https://github.com/pylessard/python-can-isotp/blob/7b44c5282ee390df4977b710218564eb73e2dc2a/isotp/protocol.py,True,TLS_VERIFIED,HTTP 206,5,"[{""file"": ""_staging/industrial_protocols/can_uds/proposals.json"", ""json_pointer"": ""$[1].auxiliary_source_mappings[0].url"", ""field"": ""url""}, {""file"": ""protocols/all_protocol_properties.json"", ""json_pointer"": ""$[76].auxiliary_source_mappings[0].url"", ""field"": ""url""}, {""file"": ""protocols/all_protocol_properties.json"", ""json_pointer"": ""$[76].auxiliary_source_verification[0].url"", ""field"": ""url""}, {""file"": ""protocols/evidence_manifest.json"", ""json_pointer"": ""$.sources[76].auxiliary_source_mappings[0].url"", ""field"": ""url""}, {""file"": ""protocols/can_uds/evidence_manifest.json"", ""json_pointer"": ""$.admitted_property_sources[1].auxiliary_source_mappings[0].url"", ""field"": ""url""}]"
https://github.com/pylessard/python-can-isotp/blob/7b44c5282ee390df4977b710218564eb73e2dc2a/isotp/protocol.py#L987-L1051,https://github.com/pylessard/python-can-isotp/blob/7b44c5282ee390df4977b710218564eb73e2dc2a/isotp/protocol.py,True,TLS_VERIFIED,HTTP 206,4,"[{""file"": ""_staging/industrial_protocols/can_uds/proposals.json"", ""json_pointer"": ""$[0].source_url"", ""field"": ""source_url""}, {""file"": ""protocols/all_protocol_properties.json"", ""json_pointer"": ""$[75].source_url"", ""field"": ""source_url""}, {""file"": ""protocols/evidence_manifest.json"", ""json_pointer"": ""$.sources[75].source_url"", ""field"": ""source_url""}, {""file"": ""protocols/can_uds/evidence_manifest.json"", ""json_pointer"": ""$.admitted_property_sources[0].source_url"", ""field"": ""source_url""}]"
https://github.com/pylessard/python-can-isotp/blob/7b44c5282ee390df4977b710218564eb73e2dc2a/isotp/tools.py#L48-L53,https://github.com/pylessard/python-can-isotp/blob/7b44c5282ee390df4977b710218564eb73e2dc2a/isotp/tools.py,True,TLS_VERIFIED,HTTP 206,10,"[{""file"": ""_staging/industrial_protocols/can_uds/proposals.json"", ""json_pointer"": ""$[0].auxiliary_source_mappings[2].url"", ""field"": ""url""}, {""file"": ""_staging/industrial_protocols/can_uds/proposals.json"", ""json_pointer"": ""$[1].auxiliary_source_mappings[3].url"", ""field"": ""url""}, {""file"": ""protocols/all_protocol_properties.json"", ""json_pointer"": ""$[75].auxiliary_source_mappings[2].url"", ""field"": ""url""}, {""file"": ""protocols/all_protocol_properties.json"", ""json_pointer"": ""$[75].auxiliary_source_verification[2].url"", ""field"": ""url""}, {""file"": ""protocols/all_protocol_properties.json"", ""json_pointer"": ""$[76].auxiliary_source_mappings[3].url"", ""field"": ""url""}, {""file"": ""protocols/all_protocol_properties.json"", ""json_pointer"": ""$[76].auxiliary_source_verification[3].url"", ""field"": ""url""}, {""file"": ""protocols/evidence_manifest.json"", ""json_pointer"": ""$.sources[75].auxiliary_source_mappings[2].url"", ""field"": ""url""}, {""file"": ""protocols/evidence_manifest.json"", ""json_pointer"": ""$.sources[76].auxiliary_source_mappings[3].url"", ""field"": ""url""}, {""file"": ""protocols/can_uds/evidence_manifest.json"", ""json_pointer"": ""$.admitted_property_sources[0].auxiliary_source_mappings[2].url"", ""field"": ""url""}, {""file"": ""protocols/can_uds/evidence_manifest.json"", ""json_pointer"": ""$.admitted_property_sources[1].auxiliary_source_mappings[3].url"", ""field"": ""url""}]"
https://github.com/rgaufman/live555/blob/ceeb4f462709695b145852de309d8cd25e2dca01/BasicUsageEnvironment/BasicTaskScheduler0.cpp#L23-L74,https://github.com/rgaufman/live555/blob/ceeb4f462709695b145852de309d8cd25e2dca01/BasicUsageEnvironment/BasicTaskScheduler0.cpp,True,TLS_VERIFIED,HTTP 206,2,"[{""file"": ""_staging/ietf_app_protocols/rtsp/evidence.json"", ""json_pointer"": ""$.implementation.source_files_reviewed[4].url"", ""field"": ""url""}, {""file"": ""protocols/rtsp/evidence_manifest.json"", ""json_pointer"": ""$.screening_records[0].record.implementation.source_files_reviewed[4].url"", ""field"": ""url""}]"
https://github.com/rgaufman/live555/blob/ceeb4f462709695b145852de309d8cd25e2dca01/BasicUsageEnvironment/BasicTaskScheduler0.cpp#L59-L68,https://github.com/rgaufman/live555/blob/ceeb4f462709695b145852de309d8cd25e2dca01/BasicUsageEnvironment/BasicTaskScheduler0.cpp,True,TLS_VERIFIED,HTTP 206,5,"[{""file"": ""_staging/ietf_app_protocols/rtsp/proposals.json"", ""json_pointer"": ""$[0].auxiliary_source_mappings[4].url"", ""field"": ""url""}, {""file"": ""protocols/all_protocol_properties.json"", ""json_pointer"": ""$[30].auxiliary_source_mappings[4].url"", ""field"": ""url""}, {""file"": ""protocols/all_protocol_properties.json"", ""json_pointer"": ""$[30].auxiliary_source_verification[4].url"", ""field"": ""url""}, {""file"": ""protocols/evidence_manifest.json"", ""json_pointer"": ""$.sources[30].auxiliary_source_mappings[4].url"", ""field"": ""url""}, {""file"": ""protocols/rtsp/evidence_manifest.json"", ""json_pointer"": ""$.admitted_property_sources[0].auxiliary_source_mappings[4].url"", ""field"": ""url""}]"
https://github.com/rgaufman/live555/blob/ceeb4f462709695b145852de309d8cd25e2dca01/BasicUsageEnvironment/DelayQueue.cpp#L126-L219,https://github.com/rgaufman/live555/blob/ceeb4f462709695b145852de309d8cd25e2dca01/BasicUsageEnvironment/DelayQueue.cpp,True,TLS_VERIFIED,HTTP 206,2,"[{""file"": ""_staging/ietf_app_protocols/rtsp/evidence.json"", ""json_pointer"": ""$.implementation.source_files_reviewed[5].url"", ""field"": ""url""}, {""file"": ""protocols/rtsp/evidence_manifest.json"", ""json_pointer"": ""$.screening_records[0].record.implementation.source_files_reviewed[5].url"", ""field"": ""url""}]"
https://github.com/rgaufman/live555/blob/ceeb4f462709695b145852de309d8cd25e2dca01/BasicUsageEnvironment/DelayQueue.cpp#L179-L189,https://github.com/rgaufman/live555/blob/ceeb4f462709695b145852de309d8cd25e2dca01/BasicUsageEnvironment/DelayQueue.cpp,True,TLS_VERIFIED,HTTP 206,5,"[{""file"": ""_staging/ietf_app_protocols/rtsp/proposals.json"", ""json_pointer"": ""$[0].auxiliary_source_mappings[5].url"", ""field"": ""url""}, {""file"": ""protocols/all_protocol_properties.json"", ""json_pointer"": ""$[30].auxiliary_source_mappings[5].url"", ""field"": ""url""}, {""file"": ""protocols/all_protocol_properties.json"", ""json_pointer"": ""$[30].auxiliary_source_verification[5].url"", ""field"": ""url""}, {""file"": ""protocols/evidence_manifest.json"", ""json_pointer"": ""$.sources[30].auxiliary_source_mappings[5].url"", ""field"": ""url""}, {""file"": ""protocols/rtsp/evidence_manifest.json"", ""json_pointer"": ""$.admitted_property_sources[0].auxiliary_source_mappings[5].url"", ""field"": ""url""}]"
https://github.com/rgaufman/live555/blob/ceeb4f462709695b145852de309d8cd25e2dca01/UsageEnvironment/UsageEnvironment.cpp#L52-L57,https://github.com/rgaufman/live555/blob/ceeb4f462709695b145852de309d8cd25e2dca01/UsageEnvironment/UsageEnvironment.cpp,True,TLS_VERIFIED,HTTP 206,7,"[{""file"": ""_staging/ietf_app_protocols/rtsp/evidence.json"", ""json_pointer"": ""$.implementation.source_files_reviewed[3].url"", ""field"": ""url""}, {""file"": ""_staging/ietf_app_protocols/rtsp/proposals.json"", ""json_pointer"": ""$[0].auxiliary_source_mappings[3].url"", ""field"": ""url""}, {""file"": ""protocols/all_protocol_properties.json"", ""json_pointer"": ""$[30].auxiliary_source_mappings[3].url"", ""field"": ""url""}, {""file"": ""protocols/all_protocol_properties.json"", ""json_pointer"": ""$[30].auxiliary_source_verification[3].url"", ""field"": ""url""}, {""file"": ""protocols/evidence_manifest.json"", ""json_pointer"": ""$.sources[30].auxiliary_source_mappings[3].url"", ""field"": ""url""}, {""file"": ""protocols/rtsp/evidence_manifest.json"", ""json_pointer"": ""$.screening_records[0].record.implementation.source_files_reviewed[3].url"", ""field"": ""url""}, {""file"": ""protocols/rtsp/evidence_manifest.json"", ""json_pointer"": ""$.admitted_property_sources[0].auxiliary_source_mappings[3].url"", ""field"": ""url""}]"
https://github.com/rgaufman/live555/blob/ceeb4f462709695b145852de309d8cd25e2dca01/liveMedia/GenericMediaServer.cpp,https://github.com/rgaufman/live555/blob/ceeb4f462709695b145852de309d8cd25e2dca01/liveMedia/GenericMediaServer.cpp,True,TLS_VERIFIED,HTTP 206,2,"[{""file"": ""_staging/ietf_app_protocols/rtsp/evidence.json"", ""json_pointer"": ""$.implementation.source_files_reviewed[1].url"", ""field"": ""url""}, {""file"": ""protocols/rtsp/evidence_manifest.json"", ""json_pointer"": ""$.screening_records[0].record.implementation.source_files_reviewed[1].url"", ""field"": ""url""}]"
https://github.com/rgaufman/live555/blob/ceeb4f462709695b145852de309d8cd25e2dca01/liveMedia/GenericMediaServer.cpp#L283-L297,https://github.com/rgaufman/live555/blob/ceeb4f462709695b145852de309d8cd25e2dca01/liveMedia/GenericMediaServer.cpp,True,TLS_VERIFIED,HTTP 206,4,"[{""file"": ""_staging/ietf_app_protocols/rtsp/proposals.json"", ""json_pointer"": ""$[0].source_url"", ""field"": ""source_url""}, {""file"": ""protocols/all_protocol_properties.json"", ""json_pointer"": ""$[30].source_url"", ""field"": ""source_url""}, {""file"": ""protocols/evidence_manifest.json"", ""json_pointer"": ""$.sources[30].source_url"", ""field"": ""source_url""}, {""file"": ""protocols/rtsp/evidence_manifest.json"", ""json_pointer"": ""$.admitted_property_sources[0].source_url"", ""field"": ""source_url""}]"
https://github.com/rgaufman/live555/blob/ceeb4f462709695b145852de309d8cd25e2dca01/liveMedia/ProxyServerMediaSession.cpp,https://github.com/rgaufman/live555/blob/ceeb4f462709695b145852de309d8cd25e2dca01/liveMedia/ProxyServerMediaSession.cpp,True,TLS_VERIFIED,HTTP 206,2,"[{""file"": ""_staging/ietf_app_protocols/rtsp/evidence.json"", ""json_pointer"": ""$.implementation.source_files_reviewed[7].url"", ""field"": ""url""}, {""file"": ""protocols/rtsp/evidence_manifest.json"", ""json_pointer"": ""$.screening_records[0].record.implementation.source_files_reviewed[7].url"", ""field"": ""url""}]"
https://github.com/rgaufman/live555/blob/ceeb4f462709695b145852de309d8cd25e2dca01/liveMedia/RTSPClient.cpp,https://github.com/rgaufman/live555/blob/ceeb4f462709695b145852de309d8cd25e2dca01/liveMedia/RTSPClient.cpp,True,TLS_VERIFIED,HTTP 206,2,"[{""file"": ""_staging/ietf_app_protocols/rtsp/evidence.json"", ""json_pointer"": ""$.implementation.source_files_reviewed[6].url"", ""field"": ""url""}, {""file"": ""protocols/rtsp/evidence_manifest.json"", ""json_pointer"": ""$.screening_records[0].record.implementation.source_files_reviewed[6].url"", ""field"": ""url""}]"
https://github.com/rgaufman/live555/blob/ceeb4f462709695b145852de309d8cd25e2dca01/liveMedia/RTSPServer.cpp,https://github.com/rgaufman/live555/blob/ceeb4f462709695b145852de309d8cd25e2dca01/liveMedia/RTSPServer.cpp,True,TLS_VERIFIED,HTTP 206,2,"[{""file"": ""_staging/ietf_app_protocols/rtsp/evidence.json"", ""json_pointer"": ""$.implementation.source_files_reviewed[2].url"", ""field"": ""url""}, {""file"": ""protocols/rtsp/evidence_manifest.json"", ""json_pointer"": ""$.screening_records[0].record.implementation.source_files_reviewed[2].url"", ""field"": ""url""}]"
https://github.com/rgaufman/live555/blob/ceeb4f462709695b145852de309d8cd25e2dca01/liveMedia/RTSPServer.cpp#L1416-L1499,https://github.com/rgaufman/live555/blob/ceeb4f462709695b145852de309d8cd25e2dca01/liveMedia/RTSPServer.cpp,True,TLS_VERIFIED,HTTP 206,5,"[{""file"": ""_staging/ietf_app_protocols/rtsp/proposals.json"", ""json_pointer"": ""$[0].auxiliary_source_mappings[1].url"", ""field"": ""url""}, {""file"": ""protocols/all_protocol_properties.json"", ""json_pointer"": ""$[30].auxiliary_source_mappings[1].url"", ""field"": ""url""}, {""file"": ""protocols/all_protocol_properties.json"", ""json_pointer"": ""$[30].auxiliary_source_verification[1].url"", ""field"": ""url""}, {""file"": ""protocols/evidence_manifest.json"", ""json_pointer"": ""$.sources[30].auxiliary_source_mappings[1].url"", ""field"": ""url""}, {""file"": ""protocols/rtsp/evidence_manifest.json"", ""json_pointer"": ""$.admitted_property_sources[0].auxiliary_source_mappings[1].url"", ""field"": ""url""}]"
https://github.com/rgaufman/live555/blob/ceeb4f462709695b145852de309d8cd25e2dca01/liveMedia/RTSPServer.cpp#L1425-L1499,https://github.com/rgaufman/live555/blob/ceeb4f462709695b145852de309d8cd25e2dca01/liveMedia/RTSPServer.cpp,True,TLS_VERIFIED,HTTP 206,2,"[{""file"": ""_staging/ietf_app_protocols/rtsp/evidence.json"", ""json_pointer"": ""$.implementation.protocol_version_evidence.url"", ""field"": ""url""}, {""file"": ""protocols/rtsp/evidence_manifest.json"", ""json_pointer"": ""$.screening_records[0].record.implementation.protocol_version_evidence.url"", ""field"": ""url""}]"
https://github.com/rgaufman/live555/blob/ceeb4f462709695b145852de309d8cd25e2dca01/liveMedia/RTSPServer.cpp#L726-L733,https://github.com/rgaufman/live555/blob/ceeb4f462709695b145852de309d8cd25e2dca01/liveMedia/RTSPServer.cpp,True,TLS_VERIFIED,HTTP 206,5,"[{""file"": ""_staging/ietf_app_protocols/rtsp/proposals.json"", ""json_pointer"": ""$[0].auxiliary_source_mappings[2].url"", ""field"": ""url""}, {""file"": ""protocols/all_protocol_properties.json"", ""json_pointer"": ""$[30].auxiliary_source_mappings[2].url"", ""field"": ""url""}, {""file"": ""protocols/all_protocol_properties.json"", ""json_pointer"": ""$[30].auxiliary_source_verification[2].url"", ""field"": ""url""}, {""file"": ""protocols/evidence_manifest.json"", ""json_pointer"": ""$.sources[30].auxiliary_source_mappings[2].url"", ""field"": ""url""}, {""file"": ""protocols/rtsp/evidence_manifest.json"", ""json_pointer"": ""$.admitted_property_sources[0].auxiliary_source_mappings[2].url"", ""field"": ""url""}]"
https://github.com/rgaufman/live555/blob/ceeb4f462709695b145852de309d8cd25e2dca01/liveMedia/include/RTSPServer.hh#L31-L41,https://github.com/rgaufman/live555/blob/ceeb4f462709695b145852de309d8cd25e2dca01/liveMedia/include/RTSPServer.hh,True,TLS_VERIFIED,HTTP 206,7,"[{""file"": ""_staging/ietf_app_protocols/rtsp/evidence.json"", ""json_pointer"": ""$.implementation.source_files_reviewed[0].url"", ""field"": ""url""}, {""file"": ""_staging/ietf_app_protocols/rtsp/proposals.json"", ""json_pointer"": ""$[0].auxiliary_source_mappings[0].url"", ""field"": ""url""}, {""file"": ""protocols/all_protocol_properties.json"", ""json_pointer"": ""$[30].auxiliary_source_mappings[0].url"", ""field"": ""url""}, {""file"": ""protocols/all_protocol_properties.json"", ""json_pointer"": ""$[30].auxiliary_source_verification[0].url"", ""field"": ""url""}, {""file"": ""protocols/evidence_manifest.json"", ""json_pointer"": ""$.sources[30].auxiliary_source_mappings[0].url"", ""field"": ""url""}, {""file"": ""protocols/rtsp/evidence_manifest.json"", ""json_pointer"": ""$.screening_records[0].record.implementation.source_files_reviewed[0].url"", ""field"": ""url""}, {""file"": ""protocols/rtsp/evidence_manifest.json"", ""json_pointer"": ""$.admitted_property_sources[0].auxiliary_source_mappings[0].url"", ""field"": ""url""}]"
https://github.com/rgaufman/live555/tree/ceeb4f462709695b145852de309d8cd25e2dca01,https://github.com/rgaufman/live555/tree/ceeb4f462709695b145852de309d8cd25e2dca01,True,TLS_VERIFIED,HTTP 206,2,"[{""file"": ""_staging/ietf_app_protocols/rtsp/evidence.json"", ""json_pointer"": ""$.implementation.url"", ""field"": ""url""}, {""file"": ""protocols/rtsp/evidence_manifest.json"", ""json_pointer"": ""$.screening_records[0].record.implementation.url"", ""field"": ""url""}]"
https://github.com/stateafl/stateafl,https://github.com/stateafl/stateafl,True,TLS_VERIFIED,HTTP 206,2,"[{""file"": ""evidence_manifest.yaml"", ""json_pointer"": ""$.sources[7].url"", ""field"": ""url""}, {""file"": ""protocols/sip/evidence_manifest.json"", ""json_pointer"": ""$.screening_records[0].record.sources[7].url"", ""field"": ""url""}]"
https://github.com/stephane/libmodbus,https://github.com/stephane/libmodbus,True,TLS_VERIFIED,HTTP 206,2,"[{""file"": ""_staging/industrial_protocols/modbus_tcp/evidence.json"", ""json_pointer"": ""$.sources[0].url"", ""field"": ""url""}, {""file"": ""protocols/modbus_tcp/evidence_manifest.json"", ""json_pointer"": ""$.screening_records[0].record.sources[0].url"", ""field"": ""url""}]"
https://github.com/torvalds/linux/blob/f4fb100039e96211609dfc44fb24b9e4a8a0f2f9/include/net/tcp.h#L124-L131,https://github.com/torvalds/linux/blob/f4fb100039e96211609dfc44fb24b9e4a8a0f2f9/include/net/tcp.h,True,TLS_VERIFIED,HTTP 206,5,"[{""file"": ""_staging/transport_security_protocols/tcp/proposals.json"", ""json_pointer"": ""$[8].auxiliary_source_mappings[1].url"", ""field"": ""url""}, {""file"": ""protocols/all_protocol_properties.json"", ""json_pointer"": ""$[15].auxiliary_source_mappings[1].url"", ""field"": ""url""}, {""file"": ""protocols/all_protocol_properties.json"", ""json_pointer"": ""$[15].auxiliary_source_verification[1].url"", ""field"": ""url""}, {""file"": ""protocols/evidence_manifest.json"", ""json_pointer"": ""$.sources[15].auxiliary_source_mappings[1].url"", ""field"": ""url""}, {""file"": ""protocols/tcp/evidence_manifest.json"", ""json_pointer"": ""$.admitted_property_sources[5].auxiliary_source_mappings[1].url"", ""field"": ""url""}]"
https://github.com/torvalds/linux/blob/f4fb100039e96211609dfc44fb24b9e4a8a0f2f9/include/net/tcp.h#L140-L148,https://github.com/torvalds/linux/blob/f4fb100039e96211609dfc44fb24b9e4a8a0f2f9/include/net/tcp.h,True,TLS_VERIFIED,HTTP 206,4,"[{""file"": ""_staging/transport_security_protocols/tcp/proposals.json"", ""json_pointer"": ""$[6].source_url"", ""field"": ""source_url""}, {""file"": ""protocols/all_protocol_properties.json"", ""json_pointer"": ""$[16].source_url"", ""field"": ""source_url""}, {""file"": ""protocols/evidence_manifest.json"", ""json_pointer"": ""$.sources[16].source_url"", ""field"": ""source_url""}, {""file"": ""protocols/tcp/evidence_manifest.json"", ""json_pointer"": ""$.admitted_property_sources[6].source_url"", ""field"": ""source_url""}]"
https://github.com/torvalds/linux/blob/f4fb100039e96211609dfc44fb24b9e4a8a0f2f9/include/net/tcp.h#L160-L173,https://github.com/torvalds/linux/blob/f4fb100039e96211609dfc44fb24b9e4a8a0f2f9/include/net/tcp.h,True,TLS_VERIFIED,HTTP 206,4,"[{""file"": ""_staging/transport_security_protocols/tcp/proposals.json"", ""json_pointer"": ""$[0].source_url"", ""field"": ""source_url""}, {""file"": ""protocols/all_protocol_properties.json"", ""json_pointer"": ""$[13].source_url"", ""field"": ""source_url""}, {""file"": ""protocols/evidence_manifest.json"", ""json_pointer"": ""$.sources[13].source_url"", ""field"": ""source_url""}, {""file"": ""protocols/tcp/evidence_manifest.json"", ""json_pointer"": ""$.admitted_property_sources[3].source_url"", ""field"": ""source_url""}]"
https://github.com/torvalds/linux/blob/f4fb100039e96211609dfc44fb24b9e4a8a0f2f9/include/net/tcp.h#L1640-L1667,https://github.com/torvalds/linux/blob/f4fb100039e96211609dfc44fb24b9e4a8a0f2f9/include/net/tcp.h,True,TLS_VERIFIED,HTTP 206,4,"[{""file"": ""_staging/transport_security_protocols/tcp/proposals.json"", ""json_pointer"": ""$[3].source_url"", ""field"": ""source_url""}, {""file"": ""protocols/all_protocol_properties.json"", ""json_pointer"": ""$[17].source_url"", ""field"": ""source_url""}, {""file"": ""protocols/evidence_manifest.json"", ""json_pointer"": ""$.sources[17].source_url"", ""field"": ""source_url""}, {""file"": ""protocols/tcp/evidence_manifest.json"", ""json_pointer"": ""$.admitted_property_sources[7].source_url"", ""field"": ""source_url""}]"
https://github.com/torvalds/linux/blob/f4fb100039e96211609dfc44fb24b9e4a8a0f2f9/include/net/tcp.h#L175-L180,https://github.com/torvalds/linux/blob/f4fb100039e96211609dfc44fb24b9e4a8a0f2f9/include/net/tcp.h,True,TLS_VERIFIED,HTTP 206,4,"[{""file"": ""_staging/transport_security_protocols/tcp/proposals.json"", ""json_pointer"": ""$[5].source_url"", ""field"": ""source_url""}, {""file"": ""protocols/all_protocol_properties.json"", ""json_pointer"": ""$[11].source_url"", ""field"": ""source_url""}, {""file"": ""protocols/evidence_manifest.json"", ""json_pointer"": ""$.sources[11].source_url"", ""field"": ""source_url""}, {""file"": ""protocols/tcp/evidence_manifest.json"", ""json_pointer"": ""$.admitted_property_sources[1].source_url"", ""field"": ""source_url""}]"
https://github.com/torvalds/linux/blob/f4fb100039e96211609dfc44fb24b9e4a8a0f2f9/net/ipv4/inet_timewait_sock.c#L161-L166,https://github.com/torvalds/linux/blob/f4fb100039e96211609dfc44fb24b9e4a8a0f2f9/net/ipv4/inet_timewait_sock.c,True,TLS_VERIFIED,HTTP 206,5,"[{""file"": ""_staging/transport_security_protocols/tcp/proposals.json"", ""json_pointer"": ""$[6].auxiliary_source_mappings[1].url"", ""field"": ""url""}, {""file"": ""protocols/all_protocol_properties.json"", ""json_pointer"": ""$[16].auxiliary_source_mappings[1].url"", ""field"": ""url""}, {""file"": ""protocols/all_protocol_properties.json"", ""json_pointer"": ""$[16].auxiliary_source_verification[1].url"", ""field"": ""url""}, {""file"": ""protocols/evidence_manifest.json"", ""json_pointer"": ""$.sources[16].auxiliary_source_mappings[1].url"", ""field"": ""url""}, {""file"": ""protocols/tcp/evidence_manifest.json"", ""json_pointer"": ""$.admitted_property_sources[6].auxiliary_source_mappings[1].url"", ""field"": ""url""}]"
https://github.com/torvalds/linux/blob/f4fb100039e96211609dfc44fb24b9e4a8a0f2f9/net/ipv4/tcp_input.c#L3524-L3550,https://github.com/torvalds/linux/blob/f4fb100039e96211609dfc44fb24b9e4a8a0f2f9/net/ipv4/tcp_input.c,True,TLS_VERIFIED,HTTP 206,10,"[{""file"": ""_staging/transport_security_protocols/tcp/proposals.json"", ""json_pointer"": ""$[0].auxiliary_source_mappings[2].url"", ""field"": ""url""}, {""file"": ""_staging/transport_security_protocols/tcp/proposals.json"", ""json_pointer"": ""$[1].auxiliary_source_mappings[1].url"", ""field"": ""url""}, {""file"": ""protocols/all_protocol_properties.json"", ""json_pointer"": ""$[13].auxiliary_source_mappings[2].url"", ""field"": ""url""}, {""file"": ""protocols/all_protocol_properties.json"", ""json_pointer"": ""$[13].auxiliary_source_verification[2].url"", ""field"": ""url""}, {""file"": ""protocols/all_protocol_properties.json"", ""json_pointer"": ""$[14].auxiliary_source_mappings[1].url"", ""field"": ""url""}, {""file"": ""protocols/all_protocol_properties.json"", ""json_pointer"": ""$[14].auxiliary_source_verification[1].url"", ""field"": ""url""}, {""file"": ""protocols/evidence_manifest.json"", ""json_pointer"": ""$.sources[13].auxiliary_source_mappings[2].url"", ""field"": ""url""}, {""file"": ""protocols/evidence_manifest.json"", ""json_pointer"": ""$.sources[14].auxiliary_source_mappings[1].url"", ""field"": ""url""}, {""file"": ""protocols/tcp/evidence_manifest.json"", ""json_pointer"": ""$.admitted_property_sources[3].auxiliary_source_mappings[2].url"", ""field"": ""url""}, {""file"": ""protocols/tcp/evidence_manifest.json"", ""json_pointer"": ""$.admitted_property_sources[4].auxiliary_source_mappings[1].url"", ""field"": ""url""}]"
https://github.com/torvalds/linux/blob/f4fb100039e96211609dfc44fb24b9e4a8a0f2f9/net/ipv4/tcp_input.c#L3807-L3828,https://github.com/torvalds/linux/blob/f4fb100039e96211609dfc44fb24b9e4a8a0f2f9/net/ipv4/tcp_input.c,True,TLS_VERIFIED,HTTP 206,5,"[{""file"": ""_staging/transport_security_protocols/tcp/proposals.json"", ""json_pointer"": ""$[3].auxiliary_source_mappings[1].url"", ""field"": ""url""}, {""file"": ""protocols/all_protocol_properties.json"", ""json_pointer"": ""$[17].auxiliary_source_mappings[1].url"", ""field"": ""url""}, {""file"": ""protocols/all_protocol_properties.json"", ""json_pointer"": ""$[17].auxiliary_source_verification[1].url"", ""field"": ""url""}, {""file"": ""protocols/evidence_manifest.json"", ""json_pointer"": ""$.sources[17].auxiliary_source_mappings[1].url"", ""field"": ""url""}, {""file"": ""protocols/tcp/evidence_manifest.json"", ""json_pointer"": ""$.admitted_property_sources[7].auxiliary_source_mappings[1].url"", ""field"": ""url""}]"
https://github.com/torvalds/linux/blob/f4fb100039e96211609dfc44fb24b9e4a8a0f2f9/net/ipv4/tcp_minisocks.c#L186-L261,https://github.com/torvalds/linux/blob/f4fb100039e96211609dfc44fb24b9e4a8a0f2f9/net/ipv4/tcp_minisocks.c,True,TLS_VERIFIED,HTTP 206,5,"[{""file"": ""_staging/transport_security_protocols/tcp/proposals.json"", ""json_pointer"": ""$[6].auxiliary_source_mappings[2].url"", ""field"": ""url""}, {""file"": ""protocols/all_protocol_properties.json"", ""json_pointer"": ""$[16].auxiliary_source_mappings[2].url"", ""field"": ""url""}, {""file"": ""protocols/all_protocol_properties.json"", ""json_pointer"": ""$[16].auxiliary_source_verification[2].url"", ""field"": ""url""}, {""file"": ""protocols/evidence_manifest.json"", ""json_pointer"": ""$.sources[16].auxiliary_source_mappings[2].url"", ""field"": ""url""}, {""file"": ""protocols/tcp/evidence_manifest.json"", ""json_pointer"": ""$.admitted_property_sources[6].auxiliary_source_mappings[2].url"", ""field"": ""url""}]"
https://github.com/torvalds/linux/blob/f4fb100039e96211609dfc44fb24b9e4a8a0f2f9/net/ipv4/tcp_minisocks.c#L326-L394,https://github.com/torvalds/linux/blob/f4fb100039e96211609dfc44fb24b9e4a8a0f2f9/net/ipv4/tcp_minisocks.c,True,TLS_VERIFIED,HTTP 206,5,"[{""file"": ""_staging/transport_security_protocols/tcp/proposals.json"", ""json_pointer"": ""$[6].auxiliary_source_mappings[0].url"", ""field"": ""url""}, {""file"": ""protocols/all_protocol_properties.json"", ""json_pointer"": ""$[16].auxiliary_source_mappings[0].url"", ""field"": ""url""}, {""file"": ""protocols/all_protocol_properties.json"", ""json_pointer"": ""$[16].auxiliary_source_verification[0].url"", ""field"": ""url""}, {""file"": ""protocols/evidence_manifest.json"", ""json_pointer"": ""$.sources[16].auxiliary_source_mappings[0].url"", ""field"": ""url""}, {""file"": ""protocols/tcp/evidence_manifest.json"", ""json_pointer"": ""$.admitted_property_sources[6].auxiliary_source_mappings[0].url"", ""field"": ""url""}]"
https://github.com/torvalds/linux/blob/f4fb100039e96211609dfc44fb24b9e4a8a0f2f9/net/ipv4/tcp_output.c#L3695-L3717,https://github.com/torvalds/linux/blob/f4fb100039e96211609dfc44fb24b9e4a8a0f2f9/net/ipv4/tcp_output.c,True,TLS_VERIFIED,HTTP 206,5,"[{""file"": ""_staging/transport_security_protocols/tcp/proposals.json"", ""json_pointer"": ""$[7].auxiliary_source_mappings[0].url"", ""field"": ""url""}, {""file"": ""protocols/all_protocol_properties.json"", ""json_pointer"": ""$[12].auxiliary_source_mappings[0].url"", ""field"": ""url""}, {""file"": ""protocols/all_protocol_properties.json"", ""json_pointer"": ""$[12].auxiliary_source_verification[0].url"", ""field"": ""url""}, {""file"": ""protocols/evidence_manifest.json"", ""json_pointer"": ""$.sources[12].auxiliary_source_mappings[0].url"", ""field"": ""url""}, {""file"": ""protocols/tcp/evidence_manifest.json"", ""json_pointer"": ""$.admitted_property_sources[2].auxiliary_source_mappings[0].url"", ""field"": ""url""}]"
https://github.com/torvalds/linux/blob/f4fb100039e96211609dfc44fb24b9e4a8a0f2f9/net/ipv4/tcp_output.c#L4360-L4398,https://github.com/torvalds/linux/blob/f4fb100039e96211609dfc44fb24b9e4a8a0f2f9/net/ipv4/tcp_output.c,True,TLS_VERIFIED,HTTP 206,5,"[{""file"": ""_staging/transport_security_protocols/tcp/proposals.json"", ""json_pointer"": ""$[8].auxiliary_source_mappings[0].url"", ""field"": ""url""}, {""file"": ""protocols/all_protocol_properties.json"", ""json_pointer"": ""$[15].auxiliary_source_mappings[0].url"", ""field"": ""url""}, {""file"": ""protocols/all_protocol_properties.json"", ""json_pointer"": ""$[15].auxiliary_source_verification[0].url"", ""field"": ""url""}, {""file"": ""protocols/evidence_manifest.json"", ""json_pointer"": ""$.sources[15].auxiliary_source_mappings[0].url"", ""field"": ""url""}, {""file"": ""protocols/tcp/evidence_manifest.json"", ""json_pointer"": ""$.admitted_property_sources[5].auxiliary_source_mappings[0].url"", ""field"": ""url""}]"
https://github.com/torvalds/linux/blob/f4fb100039e96211609dfc44fb24b9e4a8a0f2f9/net/ipv4/tcp_output.c#L4393-L4398,https://github.com/torvalds/linux/blob/f4fb100039e96211609dfc44fb24b9e4a8a0f2f9/net/ipv4/tcp_output.c,True,TLS_VERIFIED,HTTP 206,5,"[{""file"": ""_staging/transport_security_protocols/tcp/proposals.json"", ""json_pointer"": ""$[0].auxiliary_source_mappings[0].url"", ""field"": ""url""}, {""file"": ""protocols/all_protocol_properties.json"", ""json_pointer"": ""$[13].auxiliary_source_mappings[0].url"", ""field"": ""url""}, {""file"": ""protocols/all_protocol_properties.json"", ""json_pointer"": ""$[13].auxiliary_source_verification[0].url"", ""field"": ""url""}, {""file"": ""protocols/evidence_manifest.json"", ""json_pointer"": ""$.sources[13].auxiliary_source_mappings[0].url"", ""field"": ""url""}, {""file"": ""protocols/tcp/evidence_manifest.json"", ""json_pointer"": ""$.admitted_property_sources[3].auxiliary_source_mappings[0].url"", ""field"": ""url""}]"
https://github.com/torvalds/linux/blob/f4fb100039e96211609dfc44fb24b9e4a8a0f2f9/net/ipv4/tcp_output.c#L4409-L4463,https://github.com/torvalds/linux/blob/f4fb100039e96211609dfc44fb24b9e4a8a0f2f9/net/ipv4/tcp_output.c,True,TLS_VERIFIED,HTTP 206,4,"[{""file"": ""_staging/transport_security_protocols/tcp/proposals.json"", ""json_pointer"": ""$[2].source_url"", ""field"": ""source_url""}, {""file"": ""protocols/all_protocol_properties.json"", ""json_pointer"": ""$[10].source_url"", ""field"": ""source_url""}, {""file"": ""protocols/evidence_manifest.json"", ""json_pointer"": ""$.sources[10].source_url"", ""field"": ""source_url""}, {""file"": ""protocols/tcp/evidence_manifest.json"", ""json_pointer"": ""$.admitted_property_sources[0].source_url"", ""field"": ""source_url""}]"
https://github.com/torvalds/linux/blob/f4fb100039e96211609dfc44fb24b9e4a8a0f2f9/net/ipv4/tcp_output.c#L4466-L4506,https://github.com/torvalds/linux/blob/f4fb100039e96211609dfc44fb24b9e4a8a0f2f9/net/ipv4/tcp_output.c,True,TLS_VERIFIED,HTTP 206,5,"[{""file"": ""_staging/transport_security_protocols/tcp/proposals.json"", ""json_pointer"": ""$[2].auxiliary_source_mappings[0].url"", ""field"": ""url""}, {""file"": ""protocols/all_protocol_properties.json"", ""json_pointer"": ""$[10].auxiliary_source_mappings[0].url"", ""field"": ""url""}, {""file"": ""protocols/all_protocol_properties.json"", ""json_pointer"": ""$[10].auxiliary_source_verification[0].url"", ""field"": ""url""}, {""file"": ""protocols/evidence_manifest.json"", ""json_pointer"": ""$.sources[10].auxiliary_source_mappings[0].url"", ""field"": ""url""}, {""file"": ""protocols/tcp/evidence_manifest.json"", ""json_pointer"": ""$.admitted_property_sources[0].auxiliary_source_mappings[0].url"", ""field"": ""url""}]"
https://github.com/torvalds/linux/blob/f4fb100039e96211609dfc44fb24b9e4a8a0f2f9/net/ipv4/tcp_output.c#L4601-L4635,https://github.com/torvalds/linux/blob/f4fb100039e96211609dfc44fb24b9e4a8a0f2f9/net/ipv4/tcp_output.c,True,TLS_VERIFIED,HTTP 206,4,"[{""file"": ""_staging/transport_security_protocols/tcp/proposals.json"", ""json_pointer"": ""$[4].source_url"", ""field"": ""source_url""}, {""file"": ""protocols/all_protocol_properties.json"", ""json_pointer"": ""$[18].source_url"", ""field"": ""source_url""}, {""file"": ""protocols/evidence_manifest.json"", ""json_pointer"": ""$.sources[18].source_url"", ""field"": ""source_url""}, {""file"": ""protocols/tcp/evidence_manifest.json"", ""json_pointer"": ""$.admitted_property_sources[8].source_url"", ""field"": ""source_url""}]"
https://github.com/torvalds/linux/blob/f4fb100039e96211609dfc44fb24b9e4a8a0f2f9/net/ipv4/tcp_timer.c#L242-L298,https://github.com/torvalds/linux/blob/f4fb100039e96211609dfc44fb24b9e4a8a0f2f9/net/ipv4/tcp_timer.c,True,TLS_VERIFIED,HTTP 206,4,"[{""file"": ""_staging/transport_security_protocols/tcp/proposals.json"", ""json_pointer"": ""$[8].source_url"", ""field"": ""source_url""}, {""file"": ""protocols/all_protocol_properties.json"", ""json_pointer"": ""$[15].source_url"", ""field"": ""source_url""}, {""file"": ""protocols/evidence_manifest.json"", ""json_pointer"": ""$.sources[15].source_url"", ""field"": ""source_url""}, {""file"": ""protocols/tcp/evidence_manifest.json"", ""json_pointer"": ""$.admitted_property_sources[5].source_url"", ""field"": ""source_url""}]"
https://github.com/torvalds/linux/blob/f4fb100039e96211609dfc44fb24b9e4a8a0f2f9/net/ipv4/tcp_timer.c#L242-L305,https://github.com/torvalds/linux/blob/f4fb100039e96211609dfc44fb24b9e4a8a0f2f9/net/ipv4/tcp_timer.c,True,TLS_VERIFIED,HTTP 206,4,"[{""file"": ""_staging/transport_security_protocols/tcp/proposals.json"", ""json_pointer"": ""$[7].source_url"", ""field"": ""source_url""}, {""file"": ""protocols/all_protocol_properties.json"", ""json_pointer"": ""$[12].source_url"", ""field"": ""source_url""}, {""file"": ""protocols/evidence_manifest.json"", ""json_pointer"": ""$.sources[12].source_url"", ""field"": ""source_url""}, {""file"": ""protocols/tcp/evidence_manifest.json"", ""json_pointer"": ""$.admitted_property_sources[2].source_url"", ""field"": ""source_url""}]"
https://github.com/torvalds/linux/blob/f4fb100039e96211609dfc44fb24b9e4a8a0f2f9/net/ipv4/tcp_timer.c#L657-L685,https://github.com/torvalds/linux/blob/f4fb100039e96211609dfc44fb24b9e4a8a0f2f9/net/ipv4/tcp_timer.c,True,TLS_VERIFIED,HTTP 206,4,"[{""file"": ""_staging/transport_security_protocols/tcp/proposals.json"", ""json_pointer"": ""$[1].source_url"", ""field"": ""source_url""}, {""file"": ""protocols/all_protocol_properties.json"", ""json_pointer"": ""$[14].source_url"", ""field"": ""source_url""}, {""file"": ""protocols/evidence_manifest.json"", ""json_pointer"": ""$.sources[14].source_url"", ""field"": ""source_url""}, {""file"": ""protocols/tcp/evidence_manifest.json"", ""json_pointer"": ""$.admitted_property_sources[4].source_url"", ""field"": ""source_url""}]"
https://github.com/torvalds/linux/blob/f4fb100039e96211609dfc44fb24b9e4a8a0f2f9/net/ipv4/tcp_timer.c#L695-L728,https://github.com/torvalds/linux/blob/f4fb100039e96211609dfc44fb24b9e4a8a0f2f9/net/ipv4/tcp_timer.c,True,TLS_VERIFIED,HTTP 206,15,"[{""file"": ""_staging/transport_security_protocols/tcp/proposals.json"", ""json_pointer"": ""$[0].auxiliary_source_mappings[1].url"", ""field"": ""url""}, {""file"": ""_staging/transport_security_protocols/tcp/proposals.json"", ""json_pointer"": ""$[1].auxiliary_source_mappings[0].url"", ""field"": ""url""}, {""file"": ""_staging/transport_security_protocols/tcp/proposals.json"", ""json_pointer"": ""$[3].auxiliary_source_mappings[0].url"", ""field"": ""url""}, {""file"": ""protocols/all_protocol_properties.json"", ""json_pointer"": ""$[13].auxiliary_source_mappings[1].url"", ""field"": ""url""}, {""file"": ""protocols/all_protocol_properties.json"", ""json_pointer"": ""$[13].auxiliary_source_verification[1].url"", ""field"": ""url""}, {""file"": ""protocols/all_protocol_properties.json"", ""json_pointer"": ""$[14].auxiliary_source_mappings[0].url"", ""field"": ""url""}, {""file"": ""protocols/all_protocol_properties.json"", ""json_pointer"": ""$[14].auxiliary_source_verification[0].url"", ""field"": ""url""}, {""file"": ""protocols/all_protocol_properties.json"", ""json_pointer"": ""$[17].auxiliary_source_mappings[0].url"", ""field"": ""url""}, {""file"": ""protocols/all_protocol_properties.json"", ""json_pointer"": ""$[17].auxiliary_source_verification[0].url"", ""field"": ""url""}, {""file"": ""protocols/evidence_manifest.json"", ""json_pointer"": ""$.sources[13].auxiliary_source_mappings[1].url"", ""field"": ""url""}, {""file"": ""protocols/evidence_manifest.json"", ""json_pointer"": ""$.sources[14].auxiliary_source_mappings[0].url"", ""field"": ""url""}, {""file"": ""protocols/evidence_manifest.json"", ""json_pointer"": ""$.sources[17].auxiliary_source_mappings[0].url"", ""field"": ""url""}, {""file"": ""protocols/tcp/evidence_manifest.json"", ""json_pointer"": ""$.admitted_property_sources[3].auxiliary_source_mappings[1].url"", ""field"": ""url""}, {""file"": ""protocols/tcp/evidence_manifest.json"", ""json_pointer"": ""$.admitted_property_sources[4].auxiliary_source_mappings[0].url"", ""field"": ""url""}, {""file"": ""protocols/tcp/evidence_manifest.json"", ""json_pointer"": ""$.admitted_property_sources[7].auxiliary_source_mappings[0].url"", ""field"": ""url""}]"
https://github.com/torvalds/linux/blob/f4fb100039e96211609dfc44fb24b9e4a8a0f2f9/net/ipv4/tcp_timer.c#L768-L777,https://github.com/torvalds/linux/blob/f4fb100039e96211609dfc44fb24b9e4a8a0f2f9/net/ipv4/tcp_timer.c,True,TLS_VERIFIED,HTTP 206,5,"[{""file"": ""_staging/transport_security_protocols/tcp/proposals.json"", ""json_pointer"": ""$[5].auxiliary_source_mappings[0].url"", ""field"": ""url""}, {""file"": ""protocols/all_protocol_properties.json"", ""json_pointer"": ""$[11].auxiliary_source_mappings[0].url"", ""field"": ""url""}, {""file"": ""protocols/all_protocol_properties.json"", ""json_pointer"": ""$[11].auxiliary_source_verification[0].url"", ""field"": ""url""}, {""file"": ""protocols/evidence_manifest.json"", ""json_pointer"": ""$.sources[11].auxiliary_source_mappings[0].url"", ""field"": ""url""}, {""file"": ""protocols/tcp/evidence_manifest.json"", ""json_pointer"": ""$.admitted_property_sources[1].auxiliary_source_mappings[0].url"", ""field"": ""url""}]"
https://github.com/torvalds/linux/blob/f4fb100039e96211609dfc44fb24b9e4a8a0f2f9/net/ipv4/tcp_timer.c#L779-L866,https://github.com/torvalds/linux/blob/f4fb100039e96211609dfc44fb24b9e4a8a0f2f9/net/ipv4/tcp_timer.c,True,TLS_VERIFIED,HTTP 206,5,"[{""file"": ""_staging/transport_security_protocols/tcp/proposals.json"", ""json_pointer"": ""$[5].auxiliary_source_mappings[1].url"", ""field"": ""url""}, {""file"": ""protocols/all_protocol_properties.json"", ""json_pointer"": ""$[11].auxiliary_source_mappings[1].url"", ""field"": ""url""}, {""file"": ""protocols/all_protocol_properties.json"", ""json_pointer"": ""$[11].auxiliary_source_verification[1].url"", ""field"": ""url""}, {""file"": ""protocols/evidence_manifest.json"", ""json_pointer"": ""$.sources[11].auxiliary_source_mappings[1].url"", ""field"": ""url""}, {""file"": ""protocols/tcp/evidence_manifest.json"", ""json_pointer"": ""$.admitted_property_sources[1].auxiliary_source_mappings[1].url"", ""field"": ""url""}]"
https://github.com/torvalds/linux/tree/f4fb100039e96211609dfc44fb24b9e4a8a0f2f9,https://github.com/torvalds/linux/tree/f4fb100039e96211609dfc44fb24b9e4a8a0f2f9,True,TLS_VERIFIED,HTTP 206,2,"[{""file"": ""_staging/transport_security_protocols/tcp/evidence.json"", ""json_pointer"": ""$.sources[0].url"", ""field"": ""url""}, {""file"": ""protocols/tcp/evidence_manifest.json"", ""json_pointer"": ""$.screening_records[0].record.sources[0].url"", ""field"": ""url""}]"
https://github.com/vegard/openssh-portable/blob/7cfea58cb313a27b90aa4563cf65904bdf2fc5f3/packet.c#L1043-L1085,https://github.com/vegard/openssh-portable/blob/7cfea58cb313a27b90aa4563cf65904bdf2fc5f3/packet.c,True,TLS_VERIFIED,HTTP 206,4,"[{""file"": ""_staging/transport_security_protocols/ssh/proposals.json"", ""json_pointer"": ""$[0].source_url"", ""field"": ""source_url""}, {""file"": ""protocols/all_protocol_properties.json"", ""json_pointer"": ""$[29].source_url"", ""field"": ""source_url""}, {""file"": ""protocols/evidence_manifest.json"", ""json_pointer"": ""$.sources[29].source_url"", ""field"": ""source_url""}, {""file"": ""protocols/ssh/evidence_manifest.json"", ""json_pointer"": ""$.admitted_property_sources[0].source_url"", ""field"": ""source_url""}]"
https://github.com/vegard/openssh-portable/blob/7cfea58cb313a27b90aa4563cf65904bdf2fc5f3/packet.c#L1313-L1351,https://github.com/vegard/openssh-portable/blob/7cfea58cb313a27b90aa4563cf65904bdf2fc5f3/packet.c,True,TLS_VERIFIED,HTTP 206,5,"[{""file"": ""_staging/transport_security_protocols/misc_mapping_overrides/audit_overrides.json"", ""json_pointer"": ""$.overrides[0].auxiliary_source_mappings[0].legacy_exact_url"", ""field"": ""legacy_exact_url""}, {""file"": ""_staging/transport_security_protocols/ssh/proposals.json"", ""json_pointer"": ""$[0].rekey_start_source_url"", ""field"": ""rekey_start_source_url""}, {""file"": ""protocols/all_protocol_properties.json"", ""json_pointer"": ""$[29].auxiliary_source_mappings[0].legacy_exact_url"", ""field"": ""legacy_exact_url""}, {""file"": ""protocols/evidence_manifest.json"", ""json_pointer"": ""$.sources[29].auxiliary_source_mappings[0].legacy_exact_url"", ""field"": ""legacy_exact_url""}, {""file"": ""protocols/ssh/evidence_manifest.json"", ""json_pointer"": ""$.admitted_property_sources[0].auxiliary_source_mappings[0].legacy_exact_url"", ""field"": ""legacy_exact_url""}]"
https://github.com/vegard/openssh-portable/blob/7cfea58cb313a27b90aa4563cf65904bdf2fc5f3/packet.c#L1313-L1360,https://github.com/vegard/openssh-portable/blob/7cfea58cb313a27b90aa4563cf65904bdf2fc5f3/packet.c,True,TLS_VERIFIED,HTTP 206,5,"[{""file"": ""_staging/transport_security_protocols/misc_mapping_overrides/audit_overrides.json"", ""json_pointer"": ""$.overrides[0].auxiliary_source_mappings[0].url"", ""field"": ""url""}, {""file"": ""protocols/all_protocol_properties.json"", ""json_pointer"": ""$[29].auxiliary_source_mappings[0].url"", ""field"": ""url""}, {""file"": ""protocols/all_protocol_properties.json"", ""json_pointer"": ""$[29].auxiliary_source_verification[0].url"", ""field"": ""url""}, {""file"": ""protocols/evidence_manifest.json"", ""json_pointer"": ""$.sources[29].auxiliary_source_mappings[0].url"", ""field"": ""url""}, {""file"": ""protocols/ssh/evidence_manifest.json"", ""json_pointer"": ""$.admitted_property_sources[0].auxiliary_source_mappings[0].url"", ""field"": ""url""}]"
https://github.com/vegard/openssh-portable/blob/7cfea58cb313a27b90aa4563cf65904bdf2fc5f3/packet.c#L2428-L2445,https://github.com/vegard/openssh-portable/blob/7cfea58cb313a27b90aa4563cf65904bdf2fc5f3/packet.c,True,TLS_VERIFIED,HTTP 206,5,"[{""file"": ""_staging/transport_security_protocols/misc_mapping_overrides/audit_overrides.json"", ""json_pointer"": ""$.overrides[0].auxiliary_source_mappings[1].legacy_exact_url"", ""field"": ""legacy_exact_url""}, {""file"": ""_staging/transport_security_protocols/ssh/proposals.json"", ""json_pointer"": ""$[0].profile_setter_source_url"", ""field"": ""profile_setter_source_url""}, {""file"": ""protocols/all_protocol_properties.json"", ""json_pointer"": ""$[29].auxiliary_source_mappings[1].legacy_exact_url"", ""field"": ""legacy_exact_url""}, {""file"": ""protocols/evidence_manifest.json"", ""json_pointer"": ""$.sources[29].auxiliary_source_mappings[1].legacy_exact_url"", ""field"": ""legacy_exact_url""}, {""file"": ""protocols/ssh/evidence_manifest.json"", ""json_pointer"": ""$.admitted_property_sources[0].auxiliary_source_mappings[1].legacy_exact_url"", ""field"": ""legacy_exact_url""}]"
https://github.com/vegard/openssh-portable/blob/7cfea58cb313a27b90aa4563cf65904bdf2fc5f3/packet.c#L2429-L2435,https://github.com/vegard/openssh-portable/blob/7cfea58cb313a27b90aa4563cf65904bdf2fc5f3/packet.c,True,TLS_VERIFIED,HTTP 206,5,"[{""file"": ""_staging/transport_security_protocols/misc_mapping_overrides/audit_overrides.json"", ""json_pointer"": ""$.overrides[0].auxiliary_source_mappings[1].url"", ""field"": ""url""}, {""file"": ""protocols/all_protocol_properties.json"", ""json_pointer"": ""$[29].auxiliary_source_mappings[1].url"", ""field"": ""url""}, {""file"": ""protocols/all_protocol_properties.json"", ""json_pointer"": ""$[29].auxiliary_source_verification[1].url"", ""field"": ""url""}, {""file"": ""protocols/evidence_manifest.json"", ""json_pointer"": ""$.sources[29].auxiliary_source_mappings[1].url"", ""field"": ""url""}, {""file"": ""protocols/ssh/evidence_manifest.json"", ""json_pointer"": ""$.admitted_property_sources[0].auxiliary_source_mappings[1].url"", ""field"": ""url""}]"
https://github.com/vegard/openssh-portable/blob/7cfea58cb313a27b90aa4563cf65904bdf2fc5f3/packet.c#L574-L588,https://github.com/vegard/openssh-portable/blob/7cfea58cb313a27b90aa4563cf65904bdf2fc5f3/packet.c,True,TLS_VERIFIED,HTTP 206,5,"[{""file"": ""_staging/transport_security_protocols/misc_mapping_overrides/audit_overrides.json"", ""json_pointer"": ""$.overrides[0].auxiliary_source_mappings[3].url"", ""field"": ""url""}, {""file"": ""protocols/all_protocol_properties.json"", ""json_pointer"": ""$[29].auxiliary_source_mappings[3].url"", ""field"": ""url""}, {""file"": ""protocols/all_protocol_properties.json"", ""json_pointer"": ""$[29].auxiliary_source_verification[3].url"", ""field"": ""url""}, {""file"": ""protocols/evidence_manifest.json"", ""json_pointer"": ""$.sources[29].auxiliary_source_mappings[3].url"", ""field"": ""url""}, {""file"": ""protocols/ssh/evidence_manifest.json"", ""json_pointer"": ""$.admitted_property_sources[0].auxiliary_source_mappings[3].url"", ""field"": ""url""}]"
https://github.com/vegard/openssh-portable/blob/7cfea58cb313a27b90aa4563cf65904bdf2fc5f3/servconf.c#L284-L289,https://github.com/vegard/openssh-portable/blob/7cfea58cb313a27b90aa4563cf65904bdf2fc5f3/servconf.c,True,TLS_VERIFIED,HTTP 206,6,"[{""file"": ""_staging/transport_security_protocols/misc_mapping_overrides/audit_overrides.json"", ""json_pointer"": ""$.overrides[0].auxiliary_source_mappings[2].url"", ""field"": ""url""}, {""file"": ""_staging/transport_security_protocols/ssh/proposals.json"", ""json_pointer"": ""$[0].benchmark_default_source_url"", ""field"": ""benchmark_default_source_url""}, {""file"": ""protocols/all_protocol_properties.json"", ""json_pointer"": ""$[29].auxiliary_source_mappings[2].url"", ""field"": ""url""}, {""file"": ""protocols/all_protocol_properties.json"", ""json_pointer"": ""$[29].auxiliary_source_verification[2].url"", ""field"": ""url""}, {""file"": ""protocols/evidence_manifest.json"", ""json_pointer"": ""$.sources[29].auxiliary_source_mappings[2].url"", ""field"": ""url""}, {""file"": ""protocols/ssh/evidence_manifest.json"", ""json_pointer"": ""$.admitted_property_sources[0].auxiliary_source_mappings[2].url"", ""field"": ""url""}]"
https://github.com/vegard/openssh-portable/tree/7cfea58cb313a27b90aa4563cf65904bdf2fc5f3,https://github.com/vegard/openssh-portable/tree/7cfea58cb313a27b90aa4563cf65904bdf2fc5f3,True,TLS_VERIFIED,HTTP 206,2,"[{""file"": ""_staging/transport_security_protocols/ssh/evidence.json"", ""json_pointer"": ""$.sources[0].url"", ""field"": ""url""}, {""file"": ""protocols/ssh/evidence_manifest.json"", ""json_pointer"": ""$.screening_records[0].record.sources[0].url"", ""field"": ""url""}]"
https://reference.opcfoundation.org/Core/Part4/v105/docs/,https://reference.opcfoundation.org/Core/Part4/v105/docs/,True,TLS_VERIFIED,HTTP 200,2,"[{""file"": ""_staging/industrial_protocols/opc_ua/evidence.json"", ""json_pointer"": ""$.standards[0].url"", ""field"": ""url""}, {""file"": ""protocols/opc_ua/evidence_manifest.json"", ""json_pointer"": ""$.screening_records[0].record.standards[0].url"", ""field"": ""url""}]"
https://reference.opcfoundation.org/specs/OPC-10000-4/5.14.1.1,https://reference.opcfoundation.org/specs/OPC-10000-4/5.14.1.1,True,TLS_VERIFIED,HTTP 200,12,"[{""file"": ""_staging/industrial_protocols/opc_ua/proposals.json"", ""json_pointer"": ""$[3].standard_url"", ""field"": ""standard_url""}, {""file"": ""_staging/industrial_protocols/opc_ua/proposals.json"", ""json_pointer"": ""$[4].standard_url"", ""field"": ""standard_url""}, {""file"": ""_staging/industrial_protocols/opc_ua/proposals.json"", ""json_pointer"": ""$[6].standard_url"", ""field"": ""standard_url""}, {""file"": ""protocols/all_protocol_properties.json"", ""json_pointer"": ""$[66].standard_url"", ""field"": ""standard_url""}, {""file"": ""protocols/all_protocol_properties.json"", ""json_pointer"": ""$[67].standard_url"", ""field"": ""standard_url""}, {""file"": ""protocols/all_protocol_properties.json"", ""json_pointer"": ""$[69].standard_url"", ""field"": ""standard_url""}, {""file"": ""protocols/evidence_manifest.json"", ""json_pointer"": ""$.sources[66].standard_url"", ""field"": ""standard_url""}, {""file"": ""protocols/evidence_manifest.json"", ""json_pointer"": ""$.sources[67].standard_url"", ""field"": ""standard_url""}, {""file"": ""protocols/evidence_manifest.json"", ""json_pointer"": ""$.sources[69].standard_url"", ""field"": ""standard_url""}, {""file"": ""protocols/opc_ua/evidence_manifest.json"", ""json_pointer"": ""$.admitted_property_sources[4].standard_url"", ""field"": ""standard_url""}, {""file"": ""protocols/opc_ua/evidence_manifest.json"", ""json_pointer"": ""$.admitted_property_sources[5].standard_url"", ""field"": ""standard_url""}, {""file"": ""protocols/opc_ua/evidence_manifest.json"", ""json_pointer"": ""$.admitted_property_sources[7].standard_url"", ""field"": ""standard_url""}]"
https://reference.opcfoundation.org/specs/OPC-10000-4/5.14.2.2,https://reference.opcfoundation.org/specs/OPC-10000-4/5.14.2.2,True,TLS_VERIFIED,HTTP 200,4,"[{""file"": ""_staging/industrial_protocols/opc_ua/proposals.json"", ""json_pointer"": ""$[5].standard_url"", ""field"": ""standard_url""}, {""file"": ""protocols/all_protocol_properties.json"", ""json_pointer"": ""$[68].standard_url"", ""field"": ""standard_url""}, {""file"": ""protocols/evidence_manifest.json"", ""json_pointer"": ""$.sources[68].standard_url"", ""field"": ""standard_url""}, {""file"": ""protocols/opc_ua/evidence_manifest.json"", ""json_pointer"": ""$.admitted_property_sources[6].standard_url"", ""field"": ""standard_url""}]"
https://reference.opcfoundation.org/specs/OPC-10000-4/5.6.2.1,https://reference.opcfoundation.org/specs/OPC-10000-4/5.6.2.1,True,TLS_VERIFIED,HTTP 200,8,"[{""file"": ""_staging/industrial_protocols/opc_ua/proposals.json"", ""json_pointer"": ""$[0].standard_url"", ""field"": ""standard_url""}, {""file"": ""_staging/industrial_protocols/opc_ua/proposals.json"", ""json_pointer"": ""$[1].standard_url"", ""field"": ""standard_url""}, {""file"": ""protocols/all_protocol_properties.json"", ""json_pointer"": ""$[63].standard_url"", ""field"": ""standard_url""}, {""file"": ""protocols/all_protocol_properties.json"", ""json_pointer"": ""$[64].standard_url"", ""field"": ""standard_url""}, {""file"": ""protocols/evidence_manifest.json"", ""json_pointer"": ""$.sources[63].standard_url"", ""field"": ""standard_url""}, {""file"": ""protocols/evidence_manifest.json"", ""json_pointer"": ""$.sources[64].standard_url"", ""field"": ""standard_url""}, {""file"": ""protocols/opc_ua/evidence_manifest.json"", ""json_pointer"": ""$.admitted_property_sources[1].standard_url"", ""field"": ""standard_url""}, {""file"": ""protocols/opc_ua/evidence_manifest.json"", ""json_pointer"": ""$.admitted_property_sources[2].standard_url"", ""field"": ""standard_url""}]"
https://reference.opcfoundation.org/specs/OPC-10000-4/5.7.2.2,https://reference.opcfoundation.org/specs/OPC-10000-4/5.7.2.2,True,TLS_VERIFIED,HTTP 200,4,"[{""file"": ""_staging/industrial_protocols/opc_ua/proposals.json"", ""json_pointer"": ""$[2].standard_url"", ""field"": ""standard_url""}, {""file"": ""protocols/all_protocol_properties.json"", ""json_pointer"": ""$[65].standard_url"", ""field"": ""standard_url""}, {""file"": ""protocols/evidence_manifest.json"", ""json_pointer"": ""$.sources[65].standard_url"", ""field"": ""standard_url""}, {""file"": ""protocols/opc_ua/evidence_manifest.json"", ""json_pointer"": ""$.admitted_property_sources[3].standard_url"", ""field"": ""standard_url""}]"
https://reference.opcfoundation.org/specs/OPC-10000-4/7.32,https://reference.opcfoundation.org/specs/OPC-10000-4/7.32,True,TLS_VERIFIED,HTTP 200,4,"[{""file"": ""_staging/industrial_protocols/opc_ua/proposals.json"", ""json_pointer"": ""$[7].standard_url"", ""field"": ""standard_url""}, {""file"": ""protocols/all_protocol_properties.json"", ""json_pointer"": ""$[62].standard_url"", ""field"": ""standard_url""}, {""file"": ""protocols/evidence_manifest.json"", ""json_pointer"": ""$.sources[62].standard_url"", ""field"": ""standard_url""}, {""file"": ""protocols/opc_ua/evidence_manifest.json"", ""json_pointer"": ""$.admitted_property_sources[0].standard_url"", ""field"": ""standard_url""}]"
https://thekelleys.org.uk/dnsmasq/,https://thekelleys.org.uk/dnsmasq/,True,TLS_VERIFIED,HTTP 200,2,"[{""file"": ""_staging/ietf_app_protocols/dns/evidence.json"", ""json_pointer"": ""$.implementation.upstream_official_url"", ""field"": ""upstream_official_url""}, {""file"": ""protocols/dns/evidence_manifest.json"", ""json_pointer"": ""$.screening_records[0].record.implementation.upstream_official_url"", ""field"": ""upstream_official_url""}]"
https://thekelleys.org.uk/gitweb/?p=dnsmasq.git;a=commit;h=b8f16556d36924cd8dc7663cb4129d7b1f3fc2be,https://thekelleys.org.uk/gitweb/?p=dnsmasq.git;a=commit;h=b8f16556d36924cd8dc7663cb4129d7b1f3fc2be,True,TLS_VERIFIED,HTTP 200,2,"[{""file"": ""_staging/ietf_app_protocols/dns/evidence.json"", ""json_pointer"": ""$.implementation.upstream_official_commit_url"", ""field"": ""upstream_official_commit_url""}, {""file"": ""protocols/dns/evidence_manifest.json"", ""json_pointer"": ""$.screening_records[0].record.implementation.upstream_official_commit_url"", ""field"": ""upstream_official_commit_url""}]"
https://www.autosar.org/fileadmin/standards/R24-11/CP/AUTOSAR_CP_SWS_CANTransportLayer.pdf,https://www.autosar.org/fileadmin/standards/R24-11/CP/AUTOSAR_CP_SWS_CANTransportLayer.pdf,True,REACHABLE_TLS_UNVERIFIED,reachable only with curl -k; local CA-chain validation failed,10,"[{""file"": ""_staging/industrial_protocols/can_uds/evidence.json"", ""json_pointer"": ""$.standards[0].url"", ""field"": ""url""}, {""file"": ""_staging/industrial_protocols/can_uds/proposals.json"", ""json_pointer"": ""$[0].standard_url"", ""field"": ""standard_url""}, {""file"": ""_staging/industrial_protocols/can_uds/proposals.json"", ""json_pointer"": ""$[1].standard_url"", ""field"": ""standard_url""}, {""file"": ""protocols/all_protocol_properties.json"", ""json_pointer"": ""$[75].standard_url"", ""field"": ""standard_url""}, {""file"": ""protocols/all_protocol_properties.json"", ""json_pointer"": ""$[76].standard_url"", ""field"": ""standard_url""}, {""file"": ""protocols/evidence_manifest.json"", ""json_pointer"": ""$.sources[75].standard_url"", ""field"": ""standard_url""}, {""file"": ""protocols/evidence_manifest.json"", ""json_pointer"": ""$.sources[76].standard_url"", ""field"": ""standard_url""}, {""file"": ""protocols/can_uds/evidence_manifest.json"", ""json_pointer"": ""$.screening_records[0].record.standards[0].url"", ""field"": ""url""}, {""file"": ""protocols/can_uds/evidence_manifest.json"", ""json_pointer"": ""$.admitted_property_sources[0].standard_url"", ""field"": ""standard_url""}, {""file"": ""protocols/can_uds/evidence_manifest.json"", ""json_pointer"": ""$.admitted_property_sources[1].standard_url"", ""field"": ""standard_url""}]"
https://www.autosar.org/fileadmin/standards/R24-11/CP/AUTOSAR_CP_SWS_DiagnosticCommunicationManager.pdf,https://www.autosar.org/fileadmin/standards/R24-11/CP/AUTOSAR_CP_SWS_DiagnosticCommunicationManager.pdf,True,REACHABLE_TLS_UNVERIFIED,reachable only with curl -k; local CA-chain validation failed,14,"[{""file"": ""_staging/industrial_protocols/can_uds/evidence.json"", ""json_pointer"": ""$.standards[1].url"", ""field"": ""url""}, {""file"": ""_staging/industrial_protocols/can_uds/proposals.json"", ""json_pointer"": ""$[2].standard_url"", ""field"": ""standard_url""}, {""file"": ""_staging/industrial_protocols/can_uds/proposals.json"", ""json_pointer"": ""$[3].standard_url"", ""field"": ""standard_url""}, {""file"": ""_staging/industrial_protocols/can_uds/proposals.json"", ""json_pointer"": ""$[4].standard_url"", ""field"": ""standard_url""}, {""file"": ""protocols/all_protocol_properties.json"", ""json_pointer"": ""$[77].standard_url"", ""field"": ""standard_url""}, {""file"": ""protocols/all_protocol_properties.json"", ""json_pointer"": ""$[78].standard_url"", ""field"": ""standard_url""}, {""file"": ""protocols/all_protocol_properties.json"", ""json_pointer"": ""$[79].standard_url"", ""field"": ""standard_url""}, {""file"": ""protocols/evidence_manifest.json"", ""json_pointer"": ""$.sources[77].standard_url"", ""field"": ""standard_url""}, {""file"": ""protocols/evidence_manifest.json"", ""json_pointer"": ""$.sources[78].standard_url"", ""field"": ""standard_url""}, {""file"": ""protocols/evidence_manifest.json"", ""json_pointer"": ""$.sources[79].standard_url"", ""field"": ""standard_url""}, {""file"": ""protocols/can_uds/evidence_manifest.json"", ""json_pointer"": ""$.screening_records[0].record.standards[1].url"", ""field"": ""url""}, {""file"": ""protocols/can_uds/evidence_manifest.json"", ""json_pointer"": ""$.admitted_property_sources[2].standard_url"", ""field"": ""standard_url""}, {""file"": ""protocols/can_uds/evidence_manifest.json"", ""json_pointer"": ""$.admitted_property_sources[3].standard_url"", ""field"": ""standard_url""}, {""file"": ""protocols/can_uds/evidence_manifest.json"", ""json_pointer"": ""$.admitted_property_sources[4].standard_url"", ""field"": ""standard_url""}]"
https://www.modbus.org/file/secure/messagingimplementationguide.pdf,https://www.modbus.org/file/secure/messagingimplementationguide.pdf,True,TLS_VERIFIED,HTTP 206,2,"[{""file"": ""_staging/industrial_protocols/modbus_tcp/evidence.json"", ""json_pointer"": ""$.standards[0].url"", ""field"": ""url""}, {""file"": ""protocols/modbus_tcp/evidence_manifest.json"", ""json_pointer"": ""$.screening_records[0].record.standards[0].url"", ""field"": ""url""}]"
https://www.omg.org/spec/DDS/1.4/PDF,https://www.omg.org/spec/DDS/1.4/PDF,True,TLS_VERIFIED,HTTP 206,6,"[{""file"": ""_staging/industrial_protocols/dds_rtps/evidence.json"", ""json_pointer"": ""$.standards[1].url"", ""field"": ""url""}, {""file"": ""_staging/industrial_protocols/dds_rtps/proposals.json"", ""json_pointer"": ""$[4].standard_url"", ""field"": ""standard_url""}, {""file"": ""protocols/all_protocol_properties.json"", ""json_pointer"": ""$[70].standard_url"", ""field"": ""standard_url""}, {""file"": ""protocols/evidence_manifest.json"", ""json_pointer"": ""$.sources[70].standard_url"", ""field"": ""standard_url""}, {""file"": ""protocols/dds_rtps/evidence_manifest.json"", ""json_pointer"": ""$.screening_records[0].record.standards[1].url"", ""field"": ""url""}, {""file"": ""protocols/dds_rtps/evidence_manifest.json"", ""json_pointer"": ""$.admitted_property_sources[0].standard_url"", ""field"": ""standard_url""}]"
https://www.omg.org/spec/DDSI-RTPS/2.5/PDF,https://www.omg.org/spec/DDSI-RTPS/2.5/PDF,True,TLS_VERIFIED,HTTP 206,18,"[{""file"": ""_staging/industrial_protocols/dds_rtps/evidence.json"", ""json_pointer"": ""$.standards[0].url"", ""field"": ""url""}, {""file"": ""_staging/industrial_protocols/dds_rtps/proposals.json"", ""json_pointer"": ""$[0].standard_url"", ""field"": ""standard_url""}, {""file"": ""_staging/industrial_protocols/dds_rtps/proposals.json"", ""json_pointer"": ""$[1].standard_url"", ""field"": ""standard_url""}, {""file"": ""_staging/industrial_protocols/dds_rtps/proposals.json"", ""json_pointer"": ""$[2].standard_url"", ""field"": ""standard_url""}, {""file"": ""_staging/industrial_protocols/dds_rtps/proposals.json"", ""json_pointer"": ""$[3].standard_url"", ""field"": ""standard_url""}, {""file"": ""protocols/all_protocol_properties.json"", ""json_pointer"": ""$[71].standard_url"", ""field"": ""standard_url""}, {""file"": ""protocols/all_protocol_properties.json"", ""json_pointer"": ""$[72].standard_url"", ""field"": ""standard_url""}, {""file"": ""protocols/all_protocol_properties.json"", ""json_pointer"": ""$[73].standard_url"", ""field"": ""standard_url""}, {""file"": ""protocols/all_protocol_properties.json"", ""json_pointer"": ""$[74].standard_url"", ""field"": ""standard_url""}, {""file"": ""protocols/evidence_manifest.json"", ""json_pointer"": ""$.sources[71].standard_url"", ""field"": ""standard_url""}, {""file"": ""protocols/evidence_manifest.json"", ""json_pointer"": ""$.sources[72].standard_url"", ""field"": ""standard_url""}, {""file"": ""protocols/evidence_manifest.json"", ""json_pointer"": ""$.sources[73].standard_url"", ""field"": ""standard_url""}, {""file"": ""protocols/evidence_manifest.json"", ""json_pointer"": ""$.sources[74].standard_url"", ""field"": ""standard_url""}, {""file"": ""protocols/dds_rtps/evidence_manifest.json"", ""json_pointer"": ""$.screening_records[0].record.standards[0].url"", ""field"": ""url""}, {""file"": ""protocols/dds_rtps/evidence_manifest.json"", ""json_pointer"": ""$.admitted_property_sources[1].standard_url"", ""field"": ""standard_url""}, {""file"": ""protocols/dds_rtps/evidence_manifest.json"", ""json_pointer"": ""$.admitted_property_sources[2].standard_url"", ""field"": ""standard_url""}, {""file"": ""protocols/dds_rtps/evidence_manifest.json"", ""json_pointer"": ""$.admitted_property_sources[3].standard_url"", ""field"": ""standard_url""}, {""file"": ""protocols/dds_rtps/evidence_manifest.json"", ""json_pointer"": ""$.admitted_property_sources[4].standard_url"", ""field"": ""standard_url""}]"
https://www.rfc-editor.org/rfc/rfc1034.html,https://www.rfc-editor.org/rfc/rfc1034.html,True,TLS_VERIFIED,HTTP 200,2,"[{""file"": ""_staging/ietf_app_protocols/dns/evidence.json"", ""json_pointer"": ""$.standards[0].url"", ""field"": ""url""}, {""file"": ""protocols/dns/evidence_manifest.json"", ""json_pointer"": ""$.screening_records[0].record.standards[0].url"", ""field"": ""url""}]"
https://www.rfc-editor.org/rfc/rfc1035.html,https://www.rfc-editor.org/rfc/rfc1035.html,True,TLS_VERIFIED,HTTP 200,2,"[{""file"": ""_staging/ietf_app_protocols/dns/evidence.json"", ""json_pointer"": ""$.standards[1].url"", ""field"": ""url""}, {""file"": ""protocols/dns/evidence_manifest.json"", ""json_pointer"": ""$.screening_records[0].record.standards[1].url"", ""field"": ""url""}]"
https://www.rfc-editor.org/rfc/rfc1123.html,https://www.rfc-editor.org/rfc/rfc1123.html,True,TLS_VERIFIED,HTTP 200,4,"[{""file"": ""_staging/ietf_app_protocols/dns/evidence.json"", ""json_pointer"": ""$.standards[2].url"", ""field"": ""url""}, {""file"": ""_staging/ietf_app_protocols/ftp/evidence.json"", ""json_pointer"": ""$.standards[1].url"", ""field"": ""url""}, {""file"": ""protocols/dns/evidence_manifest.json"", ""json_pointer"": ""$.screening_records[0].record.standards[2].url"", ""field"": ""url""}, {""file"": ""protocols/ftp/evidence_manifest.json"", ""json_pointer"": ""$.screening_records[0].record.standards[1].url"", ""field"": ""url""}]"
https://www.rfc-editor.org/rfc/rfc2308.html,https://www.rfc-editor.org/rfc/rfc2308.html,True,TLS_VERIFIED,HTTP 200,2,"[{""file"": ""_staging/ietf_app_protocols/dns/evidence.json"", ""json_pointer"": ""$.standards[3].url"", ""field"": ""url""}, {""file"": ""protocols/dns/evidence_manifest.json"", ""json_pointer"": ""$.screening_records[0].record.standards[3].url"", ""field"": ""url""}]"
https://www.rfc-editor.org/rfc/rfc2326.html,https://www.rfc-editor.org/rfc/rfc2326.html,True,TLS_VERIFIED,HTTP 200,2,"[{""file"": ""_staging/ietf_app_protocols/rtsp/evidence.json"", ""json_pointer"": ""$.standards[0].url"", ""field"": ""url""}, {""file"": ""protocols/rtsp/evidence_manifest.json"", ""json_pointer"": ""$.screening_records[0].record.standards[0].url"", ""field"": ""url""}]"
https://www.rfc-editor.org/rfc/rfc2326.html#section-12.37,https://www.rfc-editor.org/rfc/rfc2326.html,True,TLS_VERIFIED,HTTP 200,4,"[{""file"": ""_staging/ietf_app_protocols/rtsp/proposals.json"", ""json_pointer"": ""$[0].standard_url"", ""field"": ""standard_url""}, {""file"": ""protocols/all_protocol_properties.json"", ""json_pointer"": ""$[30].standard_url"", ""field"": ""standard_url""}, {""file"": ""protocols/evidence_manifest.json"", ""json_pointer"": ""$.sources[30].standard_url"", ""field"": ""standard_url""}, {""file"": ""protocols/rtsp/evidence_manifest.json"", ""json_pointer"": ""$.admitted_property_sources[0].standard_url"", ""field"": ""standard_url""}]"
https://www.rfc-editor.org/rfc/rfc3261.html,https://www.rfc-editor.org/rfc/rfc3261.html,True,TLS_VERIFIED,HTTP 200,4,"[{""file"": ""_staging/root_sip_extensions/sip/evidence.json"", ""json_pointer"": ""$.screened_documents[0].url"", ""field"": ""url""}, {""file"": ""evidence_manifest.yaml"", ""json_pointer"": ""$.sources[0].url"", ""field"": ""url""}, {""file"": ""protocols/sip/evidence_manifest.json"", ""json_pointer"": ""$.screening_records[0].record.sources[0].url"", ""field"": ""url""}, {""file"": ""protocols/sip/evidence_manifest.json"", ""json_pointer"": ""$.screening_records[1].record.screened_documents[0].url"", ""field"": ""url""}]"
https://www.rfc-editor.org/rfc/rfc3261.html#section-16.6,https://www.rfc-editor.org/rfc/rfc3261.html,True,TLS_VERIFIED,HTTP 200,4,"[{""file"": ""mitl_property_catalog.json"", ""json_pointer"": ""$[19].standard_url"", ""field"": ""standard_url""}, {""file"": ""protocols/all_protocol_properties.json"", ""json_pointer"": ""$[54].standard_url"", ""field"": ""standard_url""}, {""file"": ""protocols/evidence_manifest.json"", ""json_pointer"": ""$.sources[54].standard_url"", ""field"": ""standard_url""}, {""file"": ""protocols/sip/evidence_manifest.json"", ""json_pointer"": ""$.admitted_property_sources[16].standard_url"", ""field"": ""standard_url""}]"
https://www.rfc-editor.org/rfc/rfc3261.html#section-17.1.1.2,https://www.rfc-editor.org/rfc/rfc3261.html,True,TLS_VERIFIED,HTTP 200,18,"[{""file"": ""mitl_property_catalog.json"", ""json_pointer"": ""$[0].standard_url"", ""field"": ""standard_url""}, {""file"": ""mitl_property_catalog.json"", ""json_pointer"": ""$[1].standard_url"", ""field"": ""standard_url""}, {""file"": ""mitl_property_catalog.json"", ""json_pointer"": ""$[2].standard_url"", ""field"": ""standard_url""}, {""file"": ""mitl_property_catalog.json"", ""json_pointer"": ""$[3].standard_url"", ""field"": ""standard_url""}, {""file"": ""mitl_property_catalog.json"", ""json_pointer"": ""$[4].standard_url"", ""field"": ""standard_url""}, {""file"": ""mitl_property_catalog.json"", ""json_pointer"": ""$[5].standard_url"", ""field"": ""standard_url""}, {""file"": ""protocols/all_protocol_properties.json"", ""json_pointer"": ""$[38].standard_url"", ""field"": ""standard_url""}, {""file"": ""protocols/all_protocol_properties.json"", ""json_pointer"": ""$[39].standard_url"", ""field"": ""standard_url""}, {""file"": ""protocols/all_protocol_properties.json"", ""json_pointer"": ""$[40].standard_url"", ""field"": ""standard_url""}, {""file"": ""protocols/all_protocol_properties.json"", ""json_pointer"": ""$[41].standard_url"", ""field"": ""standard_url""}, {""file"": ""protocols/evidence_manifest.json"", ""json_pointer"": ""$.sources[38].standard_url"", ""field"": ""standard_url""}, {""file"": ""protocols/evidence_manifest.json"", ""json_pointer"": ""$.sources[39].standard_url"", ""field"": ""standard_url""}, {""file"": ""protocols/evidence_manifest.json"", ""json_pointer"": ""$.sources[40].standard_url"", ""field"": ""standard_url""}, {""file"": ""protocols/evidence_manifest.json"", ""json_pointer"": ""$.sources[41].standard_url"", ""field"": ""standard_url""}, {""file"": ""protocols/sip/evidence_manifest.json"", ""json_pointer"": ""$.admitted_property_sources[0].standard_url"", ""field"": ""standard_url""}, {""file"": ""protocols/sip/evidence_manifest.json"", ""json_pointer"": ""$.admitted_property_sources[1].standard_url"", ""field"": ""standard_url""}, {""file"": ""protocols/sip/evidence_manifest.json"", ""json_pointer"": ""$.admitted_property_sources[2].standard_url"", ""field"": ""standard_url""}, {""file"": ""protocols/sip/evidence_manifest.json"", ""json_pointer"": ""$.admitted_property_sources[3].standard_url"", ""field"": ""standard_url""}]"
https://www.rfc-editor.org/rfc/rfc3261.html#section-17.1.2.2,https://www.rfc-editor.org/rfc/rfc3261.html,True,TLS_VERIFIED,HTTP 200,21,"[{""file"": ""mitl_property_catalog.json"", ""json_pointer"": ""$[6].standard_url"", ""field"": ""standard_url""}, {""file"": ""mitl_property_catalog.json"", ""json_pointer"": ""$[7].standard_url"", ""field"": ""standard_url""}, {""file"": ""mitl_property_catalog.json"", ""json_pointer"": ""$[8].standard_url"", ""field"": ""standard_url""}, {""file"": ""mitl_property_catalog.json"", ""json_pointer"": ""$[9].standard_url"", ""field"": ""standard_url""}, {""file"": ""mitl_property_catalog.json"", ""json_pointer"": ""$[10].standard_url"", ""field"": ""standard_url""}, {""file"": ""mitl_property_catalog.json"", ""json_pointer"": ""$[11].standard_url"", ""field"": ""standard_url""}, {""file"": ""protocols/all_protocol_properties.json"", ""json_pointer"": ""$[43].standard_url"", ""field"": ""standard_url""}, {""file"": ""protocols/all_protocol_properties.json"", ""json_pointer"": ""$[44].standard_url"", ""field"": ""standard_url""}, {""file"": ""protocols/all_protocol_properties.json"", ""json_pointer"": ""$[45].standard_url"", ""field"": ""standard_url""}, {""file"": ""protocols/all_protocol_properties.json"", ""json_pointer"": ""$[46].standard_url"", ""field"": ""standard_url""}, {""file"": ""protocols/all_protocol_properties.json"", ""json_pointer"": ""$[47].standard_url"", ""field"": ""standard_url""}, {""file"": ""protocols/evidence_manifest.json"", ""json_pointer"": ""$.sources[43].standard_url"", ""field"": ""standard_url""}, {""file"": ""protocols/evidence_manifest.json"", ""json_pointer"": ""$.sources[44].standard_url"", ""field"": ""standard_url""}, {""file"": ""protocols/evidence_manifest.json"", ""json_pointer"": ""$.sources[45].standard_url"", ""field"": ""standard_url""}, {""file"": ""protocols/evidence_manifest.json"", ""json_pointer"": ""$.sources[46].standard_url"", ""field"": ""standard_url""}, {""file"": ""protocols/evidence_manifest.json"", ""json_pointer"": ""$.sources[47].standard_url"", ""field"": ""standard_url""}, {""file"": ""protocols/sip/evidence_manifest.json"", ""json_pointer"": ""$.admitted_property_sources[5].standard_url"", ""field"": ""standard_url""}, {""file"": ""protocols/sip/evidence_manifest.json"", ""json_pointer"": ""$.admitted_property_sources[6].standard_url"", ""field"": ""standard_url""}, {""file"": ""protocols/sip/evidence_manifest.json"", ""json_pointer"": ""$.admitted_property_sources[7].standard_url"", ""field"": ""standard_url""}, {""file"": ""protocols/sip/evidence_manifest.json"", ""json_pointer"": ""$.admitted_property_sources[8].standard_url"", ""field"": ""standard_url""}, {""file"": ""protocols/sip/evidence_manifest.json"", ""json_pointer"": ""$.admitted_property_sources[9].standard_url"", ""field"": ""standard_url""}]"
https://www.rfc-editor.org/rfc/rfc3261.html#section-17.2.1,https://www.rfc-editor.org/rfc/rfc3261.html,True,TLS_VERIFIED,HTTP 200,21,"[{""file"": ""mitl_property_catalog.json"", ""json_pointer"": ""$[12].standard_url"", ""field"": ""standard_url""}, {""file"": ""mitl_property_catalog.json"", ""json_pointer"": ""$[13].standard_url"", ""field"": ""standard_url""}, {""file"": ""mitl_property_catalog.json"", ""json_pointer"": ""$[14].standard_url"", ""field"": ""standard_url""}, {""file"": ""mitl_property_catalog.json"", ""json_pointer"": ""$[15].standard_url"", ""field"": ""standard_url""}, {""file"": ""mitl_property_catalog.json"", ""json_pointer"": ""$[16].standard_url"", ""field"": ""standard_url""}, {""file"": ""mitl_property_catalog.json"", ""json_pointer"": ""$[17].standard_url"", ""field"": ""standard_url""}, {""file"": ""protocols/all_protocol_properties.json"", ""json_pointer"": ""$[48].standard_url"", ""field"": ""standard_url""}, {""file"": ""protocols/all_protocol_properties.json"", ""json_pointer"": ""$[49].standard_url"", ""field"": ""standard_url""}, {""file"": ""protocols/all_protocol_properties.json"", ""json_pointer"": ""$[50].standard_url"", ""field"": ""standard_url""}, {""file"": ""protocols/all_protocol_properties.json"", ""json_pointer"": ""$[51].standard_url"", ""field"": ""standard_url""}, {""file"": ""protocols/all_protocol_properties.json"", ""json_pointer"": ""$[52].standard_url"", ""field"": ""standard_url""}, {""file"": ""protocols/evidence_manifest.json"", ""json_pointer"": ""$.sources[48].standard_url"", ""field"": ""standard_url""}, {""file"": ""protocols/evidence_manifest.json"", ""json_pointer"": ""$.sources[49].standard_url"", ""field"": ""standard_url""}, {""file"": ""protocols/evidence_manifest.json"", ""json_pointer"": ""$.sources[50].standard_url"", ""field"": ""standard_url""}, {""file"": ""protocols/evidence_manifest.json"", ""json_pointer"": ""$.sources[51].standard_url"", ""field"": ""standard_url""}, {""file"": ""protocols/evidence_manifest.json"", ""json_pointer"": ""$.sources[52].standard_url"", ""field"": ""standard_url""}, {""file"": ""protocols/sip/evidence_manifest.json"", ""json_pointer"": ""$.admitted_property_sources[10].standard_url"", ""field"": ""standard_url""}, {""file"": ""protocols/sip/evidence_manifest.json"", ""json_pointer"": ""$.admitted_property_sources[11].standard_url"", ""field"": ""standard_url""}, {""file"": ""protocols/sip/evidence_manifest.json"", ""json_pointer"": ""$.admitted_property_sources[12].standard_url"", ""field"": ""standard_url""}, {""file"": ""protocols/sip/evidence_manifest.json"", ""json_pointer"": ""$.admitted_property_sources[13].standard_url"", ""field"": ""standard_url""}, {""file"": ""protocols/sip/evidence_manifest.json"", ""json_pointer"": ""$.admitted_property_sources[14].standard_url"", ""field"": ""standard_url""}]"
https://www.rfc-editor.org/rfc/rfc3261.html#section-17.2.2,https://www.rfc-editor.org/rfc/rfc3261.html,True,TLS_VERIFIED,HTTP 200,4,"[{""file"": ""mitl_property_catalog.json"", ""json_pointer"": ""$[18].standard_url"", ""field"": ""standard_url""}, {""file"": ""protocols/all_protocol_properties.json"", ""json_pointer"": ""$[53].standard_url"", ""field"": ""standard_url""}, {""file"": ""protocols/evidence_manifest.json"", ""json_pointer"": ""$.sources[53].standard_url"", ""field"": ""standard_url""}, {""file"": ""protocols/sip/evidence_manifest.json"", ""json_pointer"": ""$.admitted_property_sources[15].standard_url"", ""field"": ""standard_url""}]"
https://www.rfc-editor.org/rfc/rfc4035.html,https://www.rfc-editor.org/rfc/rfc4035.html,True,TLS_VERIFIED,HTTP 200,2,"[{""file"": ""_staging/ietf_app_protocols/dns/evidence.json"", ""json_pointer"": ""$.standards[4].url"", ""field"": ""url""}, {""file"": ""protocols/dns/evidence_manifest.json"", ""json_pointer"": ""$.screening_records[0].record.standards[4].url"", ""field"": ""url""}]"
https://www.rfc-editor.org/rfc/rfc4253.html,https://www.rfc-editor.org/rfc/rfc4253.html,True,TLS_VERIFIED,HTTP 200,2,"[{""file"": ""_staging/transport_security_protocols/ssh/evidence.json"", ""json_pointer"": ""$.standards[0].url"", ""field"": ""url""}, {""file"": ""protocols/ssh/evidence_manifest.json"", ""json_pointer"": ""$.screening_records[0].record.standards[0].url"", ""field"": ""url""}]"
https://www.rfc-editor.org/rfc/rfc4253.html#section-9,https://www.rfc-editor.org/rfc/rfc4253.html,True,TLS_VERIFIED,HTTP 200,4,"[{""file"": ""_staging/transport_security_protocols/ssh/proposals.json"", ""json_pointer"": ""$[0].standard_url"", ""field"": ""standard_url""}, {""file"": ""protocols/all_protocol_properties.json"", ""json_pointer"": ""$[29].standard_url"", ""field"": ""standard_url""}, {""file"": ""protocols/evidence_manifest.json"", ""json_pointer"": ""$.sources[29].standard_url"", ""field"": ""standard_url""}, {""file"": ""protocols/ssh/evidence_manifest.json"", ""json_pointer"": ""$.admitted_property_sources[0].standard_url"", ""field"": ""standard_url""}]"
https://www.rfc-editor.org/rfc/rfc4320.html,https://www.rfc-editor.org/rfc/rfc4320.html,True,TLS_VERIFIED,HTTP 200,2,"[{""file"": ""evidence_manifest.yaml"", ""json_pointer"": ""$.sources[1].url"", ""field"": ""url""}, {""file"": ""protocols/sip/evidence_manifest.json"", ""json_pointer"": ""$.screening_records[0].record.sources[1].url"", ""field"": ""url""}]"
https://www.rfc-editor.org/rfc/rfc4697.html,https://www.rfc-editor.org/rfc/rfc4697.html,True,TLS_VERIFIED,HTTP 200,2,"[{""file"": ""_staging/ietf_app_protocols/dns/evidence.json"", ""json_pointer"": ""$.standards[5].url"", ""field"": ""url""}, {""file"": ""protocols/dns/evidence_manifest.json"", ""json_pointer"": ""$.screening_records[0].record.standards[5].url"", ""field"": ""url""}]"
https://www.rfc-editor.org/rfc/rfc5321.html,https://www.rfc-editor.org/rfc/rfc5321.html,True,TLS_VERIFIED,HTTP 200,2,"[{""file"": ""_staging/ietf_app_protocols/smtp/evidence.json"", ""json_pointer"": ""$.standards[0].url"", ""field"": ""url""}, {""file"": ""protocols/smtp/evidence_manifest.json"", ""json_pointer"": ""$.screening_records[0].record.standards[0].url"", ""field"": ""url""}]"
https://www.rfc-editor.org/rfc/rfc5321.html#section-4.5.3.2.1,https://www.rfc-editor.org/rfc/rfc5321.html,True,TLS_VERIFIED,HTTP 200,4,"[{""file"": ""_staging/ietf_app_protocols/smtp/proposals.json"", ""json_pointer"": ""$[0].standard_url"", ""field"": ""standard_url""}, {""file"": ""protocols/all_protocol_properties.json"", ""json_pointer"": ""$[31].standard_url"", ""field"": ""standard_url""}, {""file"": ""protocols/evidence_manifest.json"", ""json_pointer"": ""$.sources[31].standard_url"", ""field"": ""standard_url""}, {""file"": ""protocols/smtp/evidence_manifest.json"", ""json_pointer"": ""$.admitted_property_sources[0].standard_url"", ""field"": ""standard_url""}]"
https://www.rfc-editor.org/rfc/rfc5321.html#section-4.5.3.2.2,https://www.rfc-editor.org/rfc/rfc5321.html,True,TLS_VERIFIED,HTTP 200,4,"[{""file"": ""_staging/ietf_app_protocols/smtp/proposals.json"", ""json_pointer"": ""$[1].standard_url"", ""field"": ""standard_url""}, {""file"": ""protocols/all_protocol_properties.json"", ""json_pointer"": ""$[32].standard_url"", ""field"": ""standard_url""}, {""file"": ""protocols/evidence_manifest.json"", ""json_pointer"": ""$.sources[32].standard_url"", ""field"": ""standard_url""}, {""file"": ""protocols/smtp/evidence_manifest.json"", ""json_pointer"": ""$.admitted_property_sources[1].standard_url"", ""field"": ""standard_url""}]"
https://www.rfc-editor.org/rfc/rfc5321.html#section-4.5.3.2.3,https://www.rfc-editor.org/rfc/rfc5321.html,True,TLS_VERIFIED,HTTP 200,4,"[{""file"": ""_staging/ietf_app_protocols/smtp/proposals.json"", ""json_pointer"": ""$[2].standard_url"", ""field"": ""standard_url""}, {""file"": ""protocols/all_protocol_properties.json"", ""json_pointer"": ""$[33].standard_url"", ""field"": ""standard_url""}, {""file"": ""protocols/evidence_manifest.json"", ""json_pointer"": ""$.sources[33].standard_url"", ""field"": ""standard_url""}, {""file"": ""protocols/smtp/evidence_manifest.json"", ""json_pointer"": ""$.admitted_property_sources[2].standard_url"", ""field"": ""standard_url""}]"
https://www.rfc-editor.org/rfc/rfc5321.html#section-4.5.3.2.4,https://www.rfc-editor.org/rfc/rfc5321.html,True,TLS_VERIFIED,HTTP 200,4,"[{""file"": ""_staging/ietf_app_protocols/smtp/proposals.json"", ""json_pointer"": ""$[3].standard_url"", ""field"": ""standard_url""}, {""file"": ""protocols/all_protocol_properties.json"", ""json_pointer"": ""$[34].standard_url"", ""field"": ""standard_url""}, {""file"": ""protocols/evidence_manifest.json"", ""json_pointer"": ""$.sources[34].standard_url"", ""field"": ""standard_url""}, {""file"": ""protocols/smtp/evidence_manifest.json"", ""json_pointer"": ""$.admitted_property_sources[3].standard_url"", ""field"": ""standard_url""}]"
https://www.rfc-editor.org/rfc/rfc5321.html#section-4.5.3.2.5,https://www.rfc-editor.org/rfc/rfc5321.html,True,TLS_VERIFIED,HTTP 200,4,"[{""file"": ""_staging/ietf_app_protocols/smtp/proposals.json"", ""json_pointer"": ""$[4].standard_url"", ""field"": ""standard_url""}, {""file"": ""protocols/all_protocol_properties.json"", ""json_pointer"": ""$[35].standard_url"", ""field"": ""standard_url""}, {""file"": ""protocols/evidence_manifest.json"", ""json_pointer"": ""$.sources[35].standard_url"", ""field"": ""standard_url""}, {""file"": ""protocols/smtp/evidence_manifest.json"", ""json_pointer"": ""$.admitted_property_sources[4].standard_url"", ""field"": ""standard_url""}]"
https://www.rfc-editor.org/rfc/rfc5321.html#section-4.5.3.2.6,https://www.rfc-editor.org/rfc/rfc5321.html,True,TLS_VERIFIED,HTTP 200,4,"[{""file"": ""_staging/ietf_app_protocols/smtp/proposals.json"", ""json_pointer"": ""$[5].standard_url"", ""field"": ""standard_url""}, {""file"": ""protocols/all_protocol_properties.json"", ""json_pointer"": ""$[36].standard_url"", ""field"": ""standard_url""}, {""file"": ""protocols/evidence_manifest.json"", ""json_pointer"": ""$.sources[36].standard_url"", ""field"": ""standard_url""}, {""file"": ""protocols/smtp/evidence_manifest.json"", ""json_pointer"": ""$.admitted_property_sources[5].standard_url"", ""field"": ""standard_url""}]"
https://www.rfc-editor.org/rfc/rfc5321.html#section-4.5.3.2.7,https://www.rfc-editor.org/rfc/rfc5321.html,True,TLS_VERIFIED,HTTP 200,4,"[{""file"": ""_staging/ietf_app_protocols/smtp/proposals.json"", ""json_pointer"": ""$[6].standard_url"", ""field"": ""standard_url""}, {""file"": ""protocols/all_protocol_properties.json"", ""json_pointer"": ""$[37].standard_url"", ""field"": ""standard_url""}, {""file"": ""protocols/evidence_manifest.json"", ""json_pointer"": ""$.sources[37].standard_url"", ""field"": ""standard_url""}, {""file"": ""protocols/smtp/evidence_manifest.json"", ""json_pointer"": ""$.admitted_property_sources[6].standard_url"", ""field"": ""standard_url""}]"
https://www.rfc-editor.org/rfc/rfc6026.html,https://www.rfc-editor.org/rfc/rfc6026.html,True,TLS_VERIFIED,HTTP 200,4,"[{""file"": ""_staging/root_sip_extensions/sip/evidence.json"", ""json_pointer"": ""$.screened_documents[1].url"", ""field"": ""url""}, {""file"": ""evidence_manifest.yaml"", ""json_pointer"": ""$.sources[2].url"", ""field"": ""url""}, {""file"": ""protocols/sip/evidence_manifest.json"", ""json_pointer"": ""$.screening_records[0].record.sources[2].url"", ""field"": ""url""}, {""file"": ""protocols/sip/evidence_manifest.json"", ""json_pointer"": ""$.screening_records[1].record.screened_documents[1].url"", ""field"": ""url""}]"
https://www.rfc-editor.org/rfc/rfc6026.html#section-7.1,https://www.rfc-editor.org/rfc/rfc6026.html,True,TLS_VERIFIED,HTTP 200,4,"[{""file"": ""_staging/root_sip_extensions/sip/proposals.json"", ""json_pointer"": ""$[4].standard_url"", ""field"": ""standard_url""}, {""file"": ""protocols/all_protocol_properties.json"", ""json_pointer"": ""$[59].standard_url"", ""field"": ""standard_url""}, {""file"": ""protocols/evidence_manifest.json"", ""json_pointer"": ""$.sources[59].standard_url"", ""field"": ""standard_url""}, {""file"": ""protocols/sip/evidence_manifest.json"", ""json_pointer"": ""$.admitted_property_sources[21].standard_url"", ""field"": ""standard_url""}]"
https://www.rfc-editor.org/rfc/rfc6026.html#section-7.2,https://www.rfc-editor.org/rfc/rfc6026.html,True,TLS_VERIFIED,HTTP 200,4,"[{""file"": ""_staging/root_sip_extensions/sip/proposals.json"", ""json_pointer"": ""$[5].standard_url"", ""field"": ""standard_url""}, {""file"": ""protocols/all_protocol_properties.json"", ""json_pointer"": ""$[60].standard_url"", ""field"": ""standard_url""}, {""file"": ""protocols/evidence_manifest.json"", ""json_pointer"": ""$.sources[60].standard_url"", ""field"": ""standard_url""}, {""file"": ""protocols/sip/evidence_manifest.json"", ""json_pointer"": ""$.admitted_property_sources[22].standard_url"", ""field"": ""standard_url""}]"
https://www.rfc-editor.org/rfc/rfc6026.html#section-8.1,https://www.rfc-editor.org/rfc/rfc6026.html,True,TLS_VERIFIED,HTTP 200,16,"[{""file"": ""_staging/root_sip_extensions/sip/proposals.json"", ""json_pointer"": ""$[0].standard_url"", ""field"": ""standard_url""}, {""file"": ""_staging/root_sip_extensions/sip/proposals.json"", ""json_pointer"": ""$[1].standard_url"", ""field"": ""standard_url""}, {""file"": ""_staging/root_sip_extensions/sip/proposals.json"", ""json_pointer"": ""$[2].standard_url"", ""field"": ""standard_url""}, {""file"": ""_staging/root_sip_extensions/sip/proposals.json"", ""json_pointer"": ""$[3].standard_url"", ""field"": ""standard_url""}, {""file"": ""protocols/all_protocol_properties.json"", ""json_pointer"": ""$[55].standard_url"", ""field"": ""standard_url""}, {""file"": ""protocols/all_protocol_properties.json"", ""json_pointer"": ""$[56].standard_url"", ""field"": ""standard_url""}, {""file"": ""protocols/all_protocol_properties.json"", ""json_pointer"": ""$[57].standard_url"", ""field"": ""standard_url""}, {""file"": ""protocols/all_protocol_properties.json"", ""json_pointer"": ""$[58].standard_url"", ""field"": ""standard_url""}, {""file"": ""protocols/evidence_manifest.json"", ""json_pointer"": ""$.sources[55].standard_url"", ""field"": ""standard_url""}, {""file"": ""protocols/evidence_manifest.json"", ""json_pointer"": ""$.sources[56].standard_url"", ""field"": ""standard_url""}, {""file"": ""protocols/evidence_manifest.json"", ""json_pointer"": ""$.sources[57].standard_url"", ""field"": ""standard_url""}, {""file"": ""protocols/evidence_manifest.json"", ""json_pointer"": ""$.sources[58].standard_url"", ""field"": ""standard_url""}, {""file"": ""protocols/sip/evidence_manifest.json"", ""json_pointer"": ""$.admitted_property_sources[17].standard_url"", ""field"": ""standard_url""}, {""file"": ""protocols/sip/evidence_manifest.json"", ""json_pointer"": ""$.admitted_property_sources[18].standard_url"", ""field"": ""standard_url""}, {""file"": ""protocols/sip/evidence_manifest.json"", ""json_pointer"": ""$.admitted_property_sources[19].standard_url"", ""field"": ""standard_url""}, {""file"": ""protocols/sip/evidence_manifest.json"", ""json_pointer"": ""$.admitted_property_sources[20].standard_url"", ""field"": ""standard_url""}]"
https://www.rfc-editor.org/rfc/rfc6026.html#section-8.4,https://www.rfc-editor.org/rfc/rfc6026.html,True,TLS_VERIFIED,HTTP 200,4,"[{""file"": ""_staging/root_sip_extensions/sip/audit_overrides.json"", ""json_pointer"": ""$.overrides[5].standard_url"", ""field"": ""standard_url""}, {""file"": ""protocols/all_protocol_properties.json"", ""json_pointer"": ""$[42].standard_url"", ""field"": ""standard_url""}, {""file"": ""protocols/evidence_manifest.json"", ""json_pointer"": ""$.sources[42].standard_url"", ""field"": ""standard_url""}, {""file"": ""protocols/sip/evidence_manifest.json"", ""json_pointer"": ""$.admitted_property_sources[4].standard_url"", ""field"": ""standard_url""}]"
https://www.rfc-editor.org/rfc/rfc6298.html,https://www.rfc-editor.org/rfc/rfc6298.html,True,TLS_VERIFIED,HTTP 200,2,"[{""file"": ""_staging/transport_security_protocols/tcp/evidence.json"", ""json_pointer"": ""$.standards[0].url"", ""field"": ""url""}, {""file"": ""protocols/tcp/evidence_manifest.json"", ""json_pointer"": ""$.screening_records[0].record.standards[0].url"", ""field"": ""url""}]"
https://www.rfc-editor.org/rfc/rfc6298.html#section-2.1,https://www.rfc-editor.org/rfc/rfc6298.html,True,TLS_VERIFIED,HTTP 200,4,"[{""file"": ""_staging/transport_security_protocols/tcp/proposals.json"", ""json_pointer"": ""$[0].standard_url"", ""field"": ""standard_url""}, {""file"": ""protocols/all_protocol_properties.json"", ""json_pointer"": ""$[13].standard_url"", ""field"": ""standard_url""}, {""file"": ""protocols/evidence_manifest.json"", ""json_pointer"": ""$.sources[13].standard_url"", ""field"": ""standard_url""}, {""file"": ""protocols/tcp/evidence_manifest.json"", ""json_pointer"": ""$.admitted_property_sources[3].standard_url"", ""field"": ""standard_url""}]"
https://www.rfc-editor.org/rfc/rfc6298.html#section-5,https://www.rfc-editor.org/rfc/rfc6298.html,True,TLS_VERIFIED,HTTP 200,4,"[{""file"": ""_staging/transport_security_protocols/tcp/proposals.json"", ""json_pointer"": ""$[1].standard_url"", ""field"": ""standard_url""}, {""file"": ""protocols/all_protocol_properties.json"", ""json_pointer"": ""$[14].standard_url"", ""field"": ""standard_url""}, {""file"": ""protocols/evidence_manifest.json"", ""json_pointer"": ""$.sources[14].standard_url"", ""field"": ""standard_url""}, {""file"": ""protocols/tcp/evidence_manifest.json"", ""json_pointer"": ""$.admitted_property_sources[4].standard_url"", ""field"": ""standard_url""}]"
https://www.rfc-editor.org/rfc/rfc6347.html,https://www.rfc-editor.org/rfc/rfc6347.html,True,TLS_VERIFIED,HTTP 200,2,"[{""file"": ""_staging/transport_security_protocols/dtls/evidence.json"", ""json_pointer"": ""$.standards[0].url"", ""field"": ""url""}, {""file"": ""protocols/dtls/evidence_manifest.json"", ""json_pointer"": ""$.screening_records[0].record.standards[0].url"", ""field"": ""url""}]"
https://www.rfc-editor.org/rfc/rfc6347.html#section-4.2.4,https://www.rfc-editor.org/rfc/rfc6347.html,True,TLS_VERIFIED,HTTP 200,1,"[{""file"": ""_staging/transport_security_protocols/dtls/proposals.json"", ""json_pointer"": ""$[3].standard_url"", ""field"": ""standard_url""}]"
https://www.rfc-editor.org/rfc/rfc6347.html#section-4.2.4.1,https://www.rfc-editor.org/rfc/rfc6347.html,True,TLS_VERIFIED,HTTP 200,12,"[{""file"": ""_staging/transport_security_protocols/dtls/proposals.json"", ""json_pointer"": ""$[0].standard_url"", ""field"": ""standard_url""}, {""file"": ""_staging/transport_security_protocols/dtls/proposals.json"", ""json_pointer"": ""$[1].standard_url"", ""field"": ""standard_url""}, {""file"": ""_staging/transport_security_protocols/dtls/proposals.json"", ""json_pointer"": ""$[2].standard_url"", ""field"": ""standard_url""}, {""file"": ""protocols/all_protocol_properties.json"", ""json_pointer"": ""$[26].standard_url"", ""field"": ""standard_url""}, {""file"": ""protocols/all_protocol_properties.json"", ""json_pointer"": ""$[27].standard_url"", ""field"": ""standard_url""}, {""file"": ""protocols/all_protocol_properties.json"", ""json_pointer"": ""$[28].standard_url"", ""field"": ""standard_url""}, {""file"": ""protocols/evidence_manifest.json"", ""json_pointer"": ""$.sources[26].standard_url"", ""field"": ""standard_url""}, {""file"": ""protocols/evidence_manifest.json"", ""json_pointer"": ""$.sources[27].standard_url"", ""field"": ""standard_url""}, {""file"": ""protocols/evidence_manifest.json"", ""json_pointer"": ""$.sources[28].standard_url"", ""field"": ""standard_url""}, {""file"": ""protocols/dtls/evidence_manifest.json"", ""json_pointer"": ""$.admitted_property_sources[0].standard_url"", ""field"": ""standard_url""}, {""file"": ""protocols/dtls/evidence_manifest.json"", ""json_pointer"": ""$.admitted_property_sources[1].standard_url"", ""field"": ""standard_url""}, {""file"": ""protocols/dtls/evidence_manifest.json"", ""json_pointer"": ""$.admitted_property_sources[2].standard_url"", ""field"": ""standard_url""}]"
https://www.rfc-editor.org/rfc/rfc7252.html,https://www.rfc-editor.org/rfc/rfc7252.html,True,TLS_VERIFIED,HTTP 200,2,"[{""file"": ""_staging/ietf_app_protocols/coap/evidence.json"", ""json_pointer"": ""$.standard.html_url"", ""field"": ""html_url""}, {""file"": ""protocols/coap/evidence_manifest.json"", ""json_pointer"": ""$.screening_records[0].record.standard.html_url"", ""field"": ""html_url""}]"
https://www.rfc-editor.org/rfc/rfc7252.html#section-4.2,https://www.rfc-editor.org/rfc/rfc7252.html,True,TLS_VERIFIED,HTTP 200,16,"[{""file"": ""_staging/ietf_app_protocols/coap/proposals.json"", ""json_pointer"": ""$[0].standard_url"", ""field"": ""standard_url""}, {""file"": ""_staging/ietf_app_protocols/coap/proposals.json"", ""json_pointer"": ""$[1].standard_url"", ""field"": ""standard_url""}, {""file"": ""_staging/ietf_app_protocols/coap/proposals.json"", ""json_pointer"": ""$[2].standard_url"", ""field"": ""standard_url""}, {""file"": ""_staging/ietf_app_protocols/coap/proposals.json"", ""json_pointer"": ""$[4].standard_url"", ""field"": ""standard_url""}, {""file"": ""protocols/all_protocol_properties.json"", ""json_pointer"": ""$[2].standard_url"", ""field"": ""standard_url""}, {""file"": ""protocols/all_protocol_properties.json"", ""json_pointer"": ""$[3].standard_url"", ""field"": ""standard_url""}, {""file"": ""protocols/all_protocol_properties.json"", ""json_pointer"": ""$[4].standard_url"", ""field"": ""standard_url""}, {""file"": ""protocols/all_protocol_properties.json"", ""json_pointer"": ""$[6].standard_url"", ""field"": ""standard_url""}, {""file"": ""protocols/evidence_manifest.json"", ""json_pointer"": ""$.sources[2].standard_url"", ""field"": ""standard_url""}, {""file"": ""protocols/evidence_manifest.json"", ""json_pointer"": ""$.sources[3].standard_url"", ""field"": ""standard_url""}, {""file"": ""protocols/evidence_manifest.json"", ""json_pointer"": ""$.sources[4].standard_url"", ""field"": ""standard_url""}, {""file"": ""protocols/evidence_manifest.json"", ""json_pointer"": ""$.sources[6].standard_url"", ""field"": ""standard_url""}, {""file"": ""protocols/coap/evidence_manifest.json"", ""json_pointer"": ""$.admitted_property_sources[2].standard_url"", ""field"": ""standard_url""}, {""file"": ""protocols/coap/evidence_manifest.json"", ""json_pointer"": ""$.admitted_property_sources[3].standard_url"", ""field"": ""standard_url""}, {""file"": ""protocols/coap/evidence_manifest.json"", ""json_pointer"": ""$.admitted_property_sources[4].standard_url"", ""field"": ""standard_url""}, {""file"": ""protocols/coap/evidence_manifest.json"", ""json_pointer"": ""$.admitted_property_sources[6].standard_url"", ""field"": ""standard_url""}]"
https://www.rfc-editor.org/rfc/rfc7252.html#section-4.4,https://www.rfc-editor.org/rfc/rfc7252.html,True,TLS_VERIFIED,HTTP 200,4,"[{""file"": ""_staging/ietf_app_protocols/coap/proposals.json"", ""json_pointer"": ""$[5].standard_url"", ""field"": ""standard_url""}, {""file"": ""protocols/all_protocol_properties.json"", ""json_pointer"": ""$[1].standard_url"", ""field"": ""standard_url""}, {""file"": ""protocols/evidence_manifest.json"", ""json_pointer"": ""$.sources[1].standard_url"", ""field"": ""standard_url""}, {""file"": ""protocols/coap/evidence_manifest.json"", ""json_pointer"": ""$.admitted_property_sources[1].standard_url"", ""field"": ""standard_url""}]"
https://www.rfc-editor.org/rfc/rfc7252.html#section-4.8.2,https://www.rfc-editor.org/rfc/rfc7252.html,True,TLS_VERIFIED,HTTP 200,4,"[{""file"": ""_staging/ietf_app_protocols/coap/proposals.json"", ""json_pointer"": ""$[3].standard_url"", ""field"": ""standard_url""}, {""file"": ""protocols/all_protocol_properties.json"", ""json_pointer"": ""$[5].standard_url"", ""field"": ""standard_url""}, {""file"": ""protocols/evidence_manifest.json"", ""json_pointer"": ""$.sources[5].standard_url"", ""field"": ""standard_url""}, {""file"": ""protocols/coap/evidence_manifest.json"", ""json_pointer"": ""$.admitted_property_sources[5].standard_url"", ""field"": ""standard_url""}]"
https://www.rfc-editor.org/rfc/rfc7252.html#section-8.2,https://www.rfc-editor.org/rfc/rfc7252.html,True,TLS_VERIFIED,HTTP 200,4,"[{""file"": ""_staging/ietf_app_protocols/coap/proposals.json"", ""json_pointer"": ""$[6].standard_url"", ""field"": ""standard_url""}, {""file"": ""protocols/all_protocol_properties.json"", ""json_pointer"": ""$[0].standard_url"", ""field"": ""standard_url""}, {""file"": ""protocols/evidence_manifest.json"", ""json_pointer"": ""$.sources[0].standard_url"", ""field"": ""standard_url""}, {""file"": ""protocols/coap/evidence_manifest.json"", ""json_pointer"": ""$.admitted_property_sources[0].standard_url"", ""field"": ""standard_url""}]"
https://www.rfc-editor.org/rfc/rfc7252.txt,https://www.rfc-editor.org/rfc/rfc7252.txt,True,TLS_VERIFIED,HTTP 200,2,"[{""file"": ""_staging/ietf_app_protocols/coap/evidence.json"", ""json_pointer"": ""$.standard.text_url"", ""field"": ""text_url""}, {""file"": ""protocols/coap/evidence_manifest.json"", ""json_pointer"": ""$.screening_records[0].record.standard.text_url"", ""field"": ""text_url""}]"
https://www.rfc-editor.org/rfc/rfc7766.html,https://www.rfc-editor.org/rfc/rfc7766.html,True,TLS_VERIFIED,HTTP 200,2,"[{""file"": ""_staging/ietf_app_protocols/dns/evidence.json"", ""json_pointer"": ""$.standards[6].url"", ""field"": ""url""}, {""file"": ""protocols/dns/evidence_manifest.json"", ""json_pointer"": ""$.screening_records[0].record.standards[6].url"", ""field"": ""url""}]"
https://www.rfc-editor.org/rfc/rfc7826.html,https://www.rfc-editor.org/rfc/rfc7826.html,True,TLS_VERIFIED,HTTP 200,2,"[{""file"": ""_staging/ietf_app_protocols/rtsp/evidence.json"", ""json_pointer"": ""$.standards[1].url"", ""field"": ""url""}, {""file"": ""protocols/rtsp/evidence_manifest.json"", ""json_pointer"": ""$.screening_records[0].record.standards[1].url"", ""field"": ""url""}]"
https://www.rfc-editor.org/rfc/rfc7828.html,https://www.rfc-editor.org/rfc/rfc7828.html,True,TLS_VERIFIED,HTTP 200,2,"[{""file"": ""_staging/ietf_app_protocols/dns/evidence.json"", ""json_pointer"": ""$.standards[7].url"", ""field"": ""url""}, {""file"": ""protocols/dns/evidence_manifest.json"", ""json_pointer"": ""$.screening_records[0].record.standards[7].url"", ""field"": ""url""}]"
https://www.rfc-editor.org/rfc/rfc793.html#section-3.3,https://www.rfc-editor.org/rfc/rfc793.html,True,TLS_VERIFIED,HTTP 200,1,"[{""file"": ""_staging/transport_security_protocols/dtls/proposals.json"", ""json_pointer"": ""$[3].time_source_url"", ""field"": ""time_source_url""}]"
https://www.rfc-editor.org/rfc/rfc8446.html,https://www.rfc-editor.org/rfc/rfc8446.html,True,TLS_VERIFIED,HTTP 200,2,"[{""file"": ""_staging/transport_security_protocols/tls/evidence.json"", ""json_pointer"": ""$.standards[0].url"", ""field"": ""url""}, {""file"": ""protocols/tls/evidence_manifest.json"", ""json_pointer"": ""$.screening_records[0].record.standards[0].url"", ""field"": ""url""}]"
https://www.rfc-editor.org/rfc/rfc8446.html#section-4.6.1,https://www.rfc-editor.org/rfc/rfc8446.html,True,TLS_VERIFIED,HTTP 200,1,"[{""file"": ""_staging/transport_security_protocols/tls/proposals.json"", ""json_pointer"": ""$[0].standard_url"", ""field"": ""standard_url""}]"
https://www.rfc-editor.org/rfc/rfc8767.html,https://www.rfc-editor.org/rfc/rfc8767.html,True,TLS_VERIFIED,HTTP 200,2,"[{""file"": ""_staging/ietf_app_protocols/dns/evidence.json"", ""json_pointer"": ""$.standards[8].url"", ""field"": ""url""}, {""file"": ""protocols/dns/evidence_manifest.json"", ""json_pointer"": ""$.screening_records[0].record.standards[8].url"", ""field"": ""url""}]"
https://www.rfc-editor.org/rfc/rfc9000.html,https://www.rfc-editor.org/rfc/rfc9000.html,True,TLS_VERIFIED,HTTP 200,2,"[{""file"": ""_staging/transport_security_protocols/quic/evidence.json"", ""json_pointer"": ""$.standards[0].url"", ""field"": ""url""}, {""file"": ""protocols/quic/evidence_manifest.json"", ""json_pointer"": ""$.screening_records[0].record.standards[0].url"", ""field"": ""url""}]"
https://www.rfc-editor.org/rfc/rfc9000.html#section-10.1,https://www.rfc-editor.org/rfc/rfc9000.html,True,TLS_VERIFIED,HTTP 200,4,"[{""file"": ""_staging/transport_security_protocols/quic/proposals.json"", ""json_pointer"": ""$[3].standard_url"", ""field"": ""standard_url""}, {""file"": ""protocols/all_protocol_properties.json"", ""json_pointer"": ""$[20].standard_url"", ""field"": ""standard_url""}, {""file"": ""protocols/evidence_manifest.json"", ""json_pointer"": ""$.sources[20].standard_url"", ""field"": ""standard_url""}, {""file"": ""protocols/quic/evidence_manifest.json"", ""json_pointer"": ""$.admitted_property_sources[1].standard_url"", ""field"": ""standard_url""}]"
https://www.rfc-editor.org/rfc/rfc9000.html#section-13.2.1,https://www.rfc-editor.org/rfc/rfc9000.html,True,TLS_VERIFIED,HTTP 200,4,"[{""file"": ""_staging/transport_security_protocols/quic/proposals.json"", ""json_pointer"": ""$[0].standard_url"", ""field"": ""standard_url""}, {""file"": ""protocols/all_protocol_properties.json"", ""json_pointer"": ""$[19].standard_url"", ""field"": ""standard_url""}, {""file"": ""protocols/evidence_manifest.json"", ""json_pointer"": ""$.sources[19].standard_url"", ""field"": ""standard_url""}, {""file"": ""protocols/quic/evidence_manifest.json"", ""json_pointer"": ""$.admitted_property_sources[0].standard_url"", ""field"": ""standard_url""}]"
https://www.rfc-editor.org/rfc/rfc9000.html#section-8.2.4,https://www.rfc-editor.org/rfc/rfc9000.html,True,TLS_VERIFIED,HTTP 200,4,"[{""file"": ""_staging/transport_security_protocols/quic/proposals.json"", ""json_pointer"": ""$[4].standard_url"", ""field"": ""standard_url""}, {""file"": ""protocols/all_protocol_properties.json"", ""json_pointer"": ""$[25].standard_url"", ""field"": ""standard_url""}, {""file"": ""protocols/evidence_manifest.json"", ""json_pointer"": ""$.sources[25].standard_url"", ""field"": ""standard_url""}, {""file"": ""protocols/quic/evidence_manifest.json"", ""json_pointer"": ""$.admitted_property_sources[6].standard_url"", ""field"": ""standard_url""}]"
https://www.rfc-editor.org/rfc/rfc9001.html,https://www.rfc-editor.org/rfc/rfc9001.html,True,TLS_VERIFIED,HTTP 200,2,"[{""file"": ""_staging/transport_security_protocols/quic/evidence.json"", ""json_pointer"": ""$.standards[2].url"", ""field"": ""url""}, {""file"": ""protocols/quic/evidence_manifest.json"", ""json_pointer"": ""$.screening_records[0].record.standards[2].url"", ""field"": ""url""}]"
https://www.rfc-editor.org/rfc/rfc9001.html#section-6.5,https://www.rfc-editor.org/rfc/rfc9001.html,True,TLS_VERIFIED,HTTP 200,4,"[{""file"": ""_staging/transport_security_protocols/quic/proposals.json"", ""json_pointer"": ""$[6].standard_url"", ""field"": ""standard_url""}, {""file"": ""protocols/all_protocol_properties.json"", ""json_pointer"": ""$[21].standard_url"", ""field"": ""standard_url""}, {""file"": ""protocols/evidence_manifest.json"", ""json_pointer"": ""$.sources[21].standard_url"", ""field"": ""standard_url""}, {""file"": ""protocols/quic/evidence_manifest.json"", ""json_pointer"": ""$.admitted_property_sources[2].standard_url"", ""field"": ""standard_url""}]"
https://www.rfc-editor.org/rfc/rfc9002.html,https://www.rfc-editor.org/rfc/rfc9002.html,True,TLS_VERIFIED,HTTP 200,2,"[{""file"": ""_staging/transport_security_protocols/quic/evidence.json"", ""json_pointer"": ""$.standards[1].url"", ""field"": ""url""}, {""file"": ""protocols/quic/evidence_manifest.json"", ""json_pointer"": ""$.screening_records[0].record.standards[1].url"", ""field"": ""url""}]"
https://www.rfc-editor.org/rfc/rfc9002.html#section-6.2.1,https://www.rfc-editor.org/rfc/rfc9002.html,True,TLS_VERIFIED,HTTP 200,4,"[{""file"": ""_staging/transport_security_protocols/quic/proposals.json"", ""json_pointer"": ""$[2].standard_url"", ""field"": ""standard_url""}, {""file"": ""protocols/all_protocol_properties.json"", ""json_pointer"": ""$[24].standard_url"", ""field"": ""standard_url""}, {""file"": ""protocols/evidence_manifest.json"", ""json_pointer"": ""$.sources[24].standard_url"", ""field"": ""standard_url""}, {""file"": ""protocols/quic/evidence_manifest.json"", ""json_pointer"": ""$.admitted_property_sources[5].standard_url"", ""field"": ""standard_url""}]"
https://www.rfc-editor.org/rfc/rfc9002.html#section-6.2.2,https://www.rfc-editor.org/rfc/rfc9002.html,True,TLS_VERIFIED,HTTP 200,4,"[{""file"": ""_staging/transport_security_protocols/quic/proposals.json"", ""json_pointer"": ""$[1].standard_url"", ""field"": ""standard_url""}, {""file"": ""protocols/all_protocol_properties.json"", ""json_pointer"": ""$[23].standard_url"", ""field"": ""standard_url""}, {""file"": ""protocols/evidence_manifest.json"", ""json_pointer"": ""$.sources[23].standard_url"", ""field"": ""standard_url""}, {""file"": ""protocols/quic/evidence_manifest.json"", ""json_pointer"": ""$.admitted_property_sources[4].standard_url"", ""field"": ""standard_url""}]"
https://www.rfc-editor.org/rfc/rfc9002.html#section-7.6.1,https://www.rfc-editor.org/rfc/rfc9002.html,True,TLS_VERIFIED,HTTP 200,4,"[{""file"": ""_staging/transport_security_protocols/quic/proposals.json"", ""json_pointer"": ""$[5].standard_url"", ""field"": ""standard_url""}, {""file"": ""protocols/all_protocol_properties.json"", ""json_pointer"": ""$[22].standard_url"", ""field"": ""standard_url""}, {""file"": ""protocols/evidence_manifest.json"", ""json_pointer"": ""$.sources[22].standard_url"", ""field"": ""standard_url""}, {""file"": ""protocols/quic/evidence_manifest.json"", ""json_pointer"": ""$.admitted_property_sources[3].standard_url"", ""field"": ""standard_url""}]"
https://www.rfc-editor.org/rfc/rfc9147.html,https://www.rfc-editor.org/rfc/rfc9147.html,True,TLS_VERIFIED,HTTP 200,2,"[{""file"": ""_staging/transport_security_protocols/dtls/evidence.json"", ""json_pointer"": ""$.standards[1].url"", ""field"": ""url""}, {""file"": ""protocols/dtls/evidence_manifest.json"", ""json_pointer"": ""$.screening_records[0].record.standards[1].url"", ""field"": ""url""}]"
https://www.rfc-editor.org/rfc/rfc9293.html,https://www.rfc-editor.org/rfc/rfc9293.html,True,TLS_VERIFIED,HTTP 200,2,"[{""file"": ""_staging/transport_security_protocols/tcp/evidence.json"", ""json_pointer"": ""$.standards[1].url"", ""field"": ""url""}, {""file"": ""protocols/tcp/evidence_manifest.json"", ""json_pointer"": ""$.screening_records[0].record.standards[1].url"", ""field"": ""url""}]"
https://www.rfc-editor.org/rfc/rfc9293.html#section-3.4.2,https://www.rfc-editor.org/rfc/rfc9293.html,True,TLS_VERIFIED,HTTP 200,2,"[{""file"": ""_staging/transport_security_protocols/tcp/proposals.json"", ""json_pointer"": ""$[6].standard_supporting_references[0].url"", ""field"": ""url""}, {""file"": ""protocols/all_protocol_properties.json"", ""json_pointer"": ""$[16].standard_supporting_references[0].url"", ""field"": ""url""}]"
https://www.rfc-editor.org/rfc/rfc9293.html#section-3.6.1,https://www.rfc-editor.org/rfc/rfc9293.html,True,TLS_VERIFIED,HTTP 200,4,"[{""file"": ""_staging/transport_security_protocols/tcp/proposals.json"", ""json_pointer"": ""$[6].standard_url"", ""field"": ""standard_url""}, {""file"": ""protocols/all_protocol_properties.json"", ""json_pointer"": ""$[16].standard_url"", ""field"": ""standard_url""}, {""file"": ""protocols/evidence_manifest.json"", ""json_pointer"": ""$.sources[16].standard_url"", ""field"": ""standard_url""}, {""file"": ""protocols/tcp/evidence_manifest.json"", ""json_pointer"": ""$.admitted_property_sources[6].standard_url"", ""field"": ""standard_url""}]"
https://www.rfc-editor.org/rfc/rfc9293.html#section-3.8.3,https://www.rfc-editor.org/rfc/rfc9293.html,True,TLS_VERIFIED,HTTP 200,8,"[{""file"": ""_staging/transport_security_protocols/tcp/proposals.json"", ""json_pointer"": ""$[7].standard_url"", ""field"": ""standard_url""}, {""file"": ""_staging/transport_security_protocols/tcp/proposals.json"", ""json_pointer"": ""$[8].standard_url"", ""field"": ""standard_url""}, {""file"": ""protocols/all_protocol_properties.json"", ""json_pointer"": ""$[12].standard_url"", ""field"": ""standard_url""}, {""file"": ""protocols/all_protocol_properties.json"", ""json_pointer"": ""$[15].standard_url"", ""field"": ""standard_url""}, {""file"": ""protocols/evidence_manifest.json"", ""json_pointer"": ""$.sources[12].standard_url"", ""field"": ""standard_url""}, {""file"": ""protocols/evidence_manifest.json"", ""json_pointer"": ""$.sources[15].standard_url"", ""field"": ""standard_url""}, {""file"": ""protocols/tcp/evidence_manifest.json"", ""json_pointer"": ""$.admitted_property_sources[2].standard_url"", ""field"": ""standard_url""}, {""file"": ""protocols/tcp/evidence_manifest.json"", ""json_pointer"": ""$.admitted_property_sources[5].standard_url"", ""field"": ""standard_url""}]"
https://www.rfc-editor.org/rfc/rfc9293.html#section-3.8.4,https://www.rfc-editor.org/rfc/rfc9293.html,True,TLS_VERIFIED,HTTP 200,4,"[{""file"": ""_staging/transport_security_protocols/tcp/proposals.json"", ""json_pointer"": ""$[5].standard_url"", ""field"": ""standard_url""}, {""file"": ""protocols/all_protocol_properties.json"", ""json_pointer"": ""$[11].standard_url"", ""field"": ""standard_url""}, {""file"": ""protocols/evidence_manifest.json"", ""json_pointer"": ""$.sources[11].standard_url"", ""field"": ""standard_url""}, {""file"": ""protocols/tcp/evidence_manifest.json"", ""json_pointer"": ""$.admitted_property_sources[1].standard_url"", ""field"": ""standard_url""}]"
https://www.rfc-editor.org/rfc/rfc9293.html#section-3.8.6.1,https://www.rfc-editor.org/rfc/rfc9293.html,True,TLS_VERIFIED,HTTP 200,8,"[{""file"": ""_staging/transport_security_protocols/tcp/proposals.json"", ""json_pointer"": ""$[3].standard_url"", ""field"": ""standard_url""}, {""file"": ""_staging/transport_security_protocols/tcp/proposals.json"", ""json_pointer"": ""$[4].standard_url"", ""field"": ""standard_url""}, {""file"": ""protocols/all_protocol_properties.json"", ""json_pointer"": ""$[17].standard_url"", ""field"": ""standard_url""}, {""file"": ""protocols/all_protocol_properties.json"", ""json_pointer"": ""$[18].standard_url"", ""field"": ""standard_url""}, {""file"": ""protocols/evidence_manifest.json"", ""json_pointer"": ""$.sources[17].standard_url"", ""field"": ""standard_url""}, {""file"": ""protocols/evidence_manifest.json"", ""json_pointer"": ""$.sources[18].standard_url"", ""field"": ""standard_url""}, {""file"": ""protocols/tcp/evidence_manifest.json"", ""json_pointer"": ""$.admitted_property_sources[7].standard_url"", ""field"": ""standard_url""}, {""file"": ""protocols/tcp/evidence_manifest.json"", ""json_pointer"": ""$.admitted_property_sources[8].standard_url"", ""field"": ""standard_url""}]"
https://www.rfc-editor.org/rfc/rfc9293.html#section-3.8.6.3,https://www.rfc-editor.org/rfc/rfc9293.html,True,TLS_VERIFIED,HTTP 200,4,"[{""file"": ""_staging/transport_security_protocols/tcp/proposals.json"", ""json_pointer"": ""$[2].standard_url"", ""field"": ""standard_url""}, {""file"": ""protocols/all_protocol_properties.json"", ""json_pointer"": ""$[10].standard_url"", ""field"": ""standard_url""}, {""file"": ""protocols/evidence_manifest.json"", ""json_pointer"": ""$.sources[10].standard_url"", ""field"": ""standard_url""}, {""file"": ""protocols/tcp/evidence_manifest.json"", ""json_pointer"": ""$.admitted_property_sources[0].standard_url"", ""field"": ""standard_url""}]"
https://www.rfc-editor.org/rfc/rfc9520.html,https://www.rfc-editor.org/rfc/rfc9520.html,True,TLS_VERIFIED,HTTP 200,2,"[{""file"": ""_staging/ietf_app_protocols/dns/evidence.json"", ""json_pointer"": ""$.standards[9].url"", ""field"": ""url""}, {""file"": ""protocols/dns/evidence_manifest.json"", ""json_pointer"": ""$.screening_records[0].record.standards[9].url"", ""field"": ""url""}]"
https://www.rfc-editor.org/rfc/rfc959.html,https://www.rfc-editor.org/rfc/rfc959.html,True,TLS_VERIFIED,HTTP 200,2,"[{""file"": ""_staging/ietf_app_protocols/ftp/evidence.json"", ""json_pointer"": ""$.standards[0].url"", ""field"": ""url""}, {""file"": ""protocols/ftp/evidence_manifest.json"", ""json_pointer"": ""$.screening_records[0].record.standards[0].url"", ""field"": ""url""}]"
https://zenodo.org/records/10115151,https://zenodo.org/records/10115151,True,TLS_VERIFIED,HTTP 200,2,"[{""file"": ""evidence_manifest.yaml"", ""json_pointer"": ""$.sources[9].url"", ""field"": ""url""}, {""file"": ""protocols/sip/evidence_manifest.json"", ""json_pointer"": ""$.screening_records[0].record.sources[9].url"", ""field"": ""url""}]"
