protocol,property_id,atomic_proposition,event_predicate,correlation_key,projection_rule,monitor_instantiation,source_mappings,auxiliary_source_urls,instrumentation_timing,observability
CoAP,COAP-MCAST-01,coap_multicast_response_committed_default_leisure,"The request arrived via multicast, the resource handler committed a response, delay suppression is off, and the default leisure queue path is selected.",incoming multicast request token + responder local endpoint + request generation + response queue node,correlate the committed response to one multicast request and responder before projecting; tokens and addresses remain fields,"one correlated obligation instance per timed word; if the trigger can repeat, the adapter spawns a new projection keyed by timer/request generation","[{""mapping"": ""primary"", ""role"": ""primary property hook"", ""event_predicate"": ""The request arrived via multicast, the resource handler committed a response, delay suppression is off, and the default leisure queue path is selected."", ""instrumentation_timing"": ""emit the trigger after the random delay is stored and coap_wait_ack inserts the multicast node; emit sent after the delayed write succeeds"", ""atomic_propositions"": [""coap_multicast_response_committed_default_leisure""], ""repository"": ""obgm/libcoap"", ""commit"": ""7cf7465b784baded4de183290c547d582becfd28"", ""path"": ""src/coap_net.c"", ""symbol"": ""handle_request"", ""lines"": ""3552-3604"", ""url"": ""https://github.com/obgm/libcoap/blob/7cf7465b784baded4de183290c547d582becfd28/src/coap_net.c#L3552-L3604"", ""source_file_verified"": true, ""source_line_verified"": true, ""source_symbol_verified"": true}]",{},emit the trigger after the random delay is stored and coap_wait_ack inserts the multicast node; emit sent after the delayed write succeeds,HYBRID
CoAP,COAP-MCAST-01,coap_multicast_response_sent,The queued unicast response for that requester token and responder endpoint is successfully written.,incoming multicast request token + responder local endpoint + request generation + response queue node,correlate the committed response to one multicast request and responder before projecting; tokens and addresses remain fields,"one correlated obligation instance per timed word; if the trigger can repeat, the adapter spawns a new projection keyed by timer/request generation","[{""mapping"": ""auxiliary:1"", ""role"": ""delayed multicast response send"", ""event_predicate"": ""The queued unicast response for that requester token and responder endpoint is successfully written."", ""instrumentation_timing"": ""emit the trigger after the random delay is stored and coap_wait_ack inserts the multicast node; emit sent after the delayed write succeeds"", ""atomic_propositions"": [""coap_multicast_response_sent""], ""repository"": ""obgm/libcoap"", ""commit"": ""7cf7465b784baded4de183290c547d582becfd28"", ""path"": ""src/coap_net.c"", ""symbol"": ""coap_retransmit"", ""lines"": ""1908-1969"", ""url"": ""https://github.com/obgm/libcoap/blob/7cf7465b784baded4de183290c547d582becfd28/src/coap_net.c#L1908-L1969"", ""source_file_verified"": true, ""source_line_verified"": true, ""source_symbol_verified"": true}]",{},emit the trigger after the random delay is stored and coap_wait_ack inserts the multicast node; emit sent after the delayed write succeeds,HYBRID
CoAP,COAP-MID-01,coap_mid_first_used,A new outbound CON or NON generation first uses the tracked Message ID for one fixed local/remote endpoint pair.,local IP/port + remote IP/port + transport protocol + 16-bit Message ID; message generation distinguishes reuse from retransmission,"group by endpoint pair and Message ID, classify retransmissions as the existing generation, then project first-use/reuse APs","one correlated obligation instance per timed word; if the trigger can repeat, the adapter spawns a new projection keyed by timer/request generation","[{""mapping"": ""primary"", ""role"": ""primary property hook"", ""event_predicate"": ""A new outbound CON or NON generation first uses the tracked Message ID for one fixed local/remote endpoint pair."", ""instrumentation_timing"": ""emit after a newly allocated MID is attached to a first-send PDU; the adapter retains endpoint-pair MID history for 247000 ms"", ""atomic_propositions"": [""coap_mid_first_used"", ""coap_same_mid_reused""], ""repository"": ""obgm/libcoap"", ""commit"": ""7cf7465b784baded4de183290c547d582becfd28"", ""path"": ""src/coap_net.c"", ""symbol"": ""coap_send_pdu"", ""lines"": ""1014-1050"", ""url"": ""https://github.com/obgm/libcoap/blob/7cf7465b784baded4de183290c547d582becfd28/src/coap_net.c#L1014-L1050"", ""source_file_verified"": true, ""source_line_verified"": true, ""source_symbol_verified"": true}, {""mapping"": ""auxiliary:1"", ""role"": ""Message ID allocation prerequisite"", ""event_predicate"": ""A new outbound CON or NON generation first uses the tracked Message ID for one fixed local/remote endpoint pair."", ""instrumentation_timing"": ""emit after a newly allocated MID is attached to a first-send PDU; the adapter retains endpoint-pair MID history for 247000 ms"", ""atomic_propositions"": [""coap_mid_first_used"", ""coap_same_mid_reused""], ""repository"": ""obgm/libcoap"", ""commit"": ""7cf7465b784baded4de183290c547d582becfd28"", ""path"": ""src/coap_session.c"", ""symbol"": ""coap_new_message_id_lkd"", ""lines"": ""1909-1915"", ""url"": ""https://github.com/obgm/libcoap/blob/7cf7465b784baded4de183290c547d582becfd28/src/coap_session.c#L1909-L1915"", ""source_file_verified"": true, ""source_line_verified"": true, ""source_symbol_verified"": true}]",{},emit after a newly allocated MID is attached to a first-send PDU; the adapter retains endpoint-pair MID history for 247000 ms,HYBRID
CoAP,COAP-MID-01,coap_same_mid_reused,A distinct outbound message generation uses that same Message ID with the same endpoint pair before the window ends.,local IP/port + remote IP/port + transport protocol + 16-bit Message ID; message generation distinguishes reuse from retransmission,"group by endpoint pair and Message ID, classify retransmissions as the existing generation, then project first-use/reuse APs","one correlated obligation instance per timed word; if the trigger can repeat, the adapter spawns a new projection keyed by timer/request generation","[{""mapping"": ""primary"", ""role"": ""primary property hook"", ""event_predicate"": ""A distinct outbound message generation uses that same Message ID with the same endpoint pair before the window ends."", ""instrumentation_timing"": ""emit after a newly allocated MID is attached to a first-send PDU; the adapter retains endpoint-pair MID history for 247000 ms"", ""atomic_propositions"": [""coap_mid_first_used"", ""coap_same_mid_reused""], ""repository"": ""obgm/libcoap"", ""commit"": ""7cf7465b784baded4de183290c547d582becfd28"", ""path"": ""src/coap_net.c"", ""symbol"": ""coap_send_pdu"", ""lines"": ""1014-1050"", ""url"": ""https://github.com/obgm/libcoap/blob/7cf7465b784baded4de183290c547d582becfd28/src/coap_net.c#L1014-L1050"", ""source_file_verified"": true, ""source_line_verified"": true, ""source_symbol_verified"": true}, {""mapping"": ""auxiliary:1"", ""role"": ""Message ID allocation prerequisite"", ""event_predicate"": ""A distinct outbound message generation uses that same Message ID with the same endpoint pair before the window ends."", ""instrumentation_timing"": ""emit after a newly allocated MID is attached to a first-send PDU; the adapter retains endpoint-pair MID history for 247000 ms"", ""atomic_propositions"": [""coap_mid_first_used"", ""coap_same_mid_reused""], ""repository"": ""obgm/libcoap"", ""commit"": ""7cf7465b784baded4de183290c547d582becfd28"", ""path"": ""src/coap_session.c"", ""symbol"": ""coap_new_message_id_lkd"", ""lines"": ""1909-1915"", ""url"": ""https://github.com/obgm/libcoap/blob/7cf7465b784baded4de183290c547d582becfd28/src/coap_session.c#L1909-L1915"", ""source_file_verified"": true, ""source_line_verified"": true, ""source_symbol_verified"": true}]",{},emit after a newly allocated MID is attached to a first-send PDU; the adapter retains endpoint-pair MID history for 247000 ms,HYBRID
CoAP,COAP-TX-01,coap_con_wait_started,The initial CON PDU is sent and its per-exchange retransmission node is inserted into the send queue.,local endpoint + remote endpoint + transport protocol + Message ID + queue-node generation,correlate one CON exchange before projection; endpoint and Message ID values remain event fields and never enter AP names,"one correlated obligation instance per timed word; if the trigger can repeat, the adapter spawns a new projection keyed by timer/request generation","[{""mapping"": ""primary"", ""role"": ""primary property hook"", ""event_predicate"": ""The initial CON PDU is sent and its per-exchange retransmission node is inserted into the send queue."", ""instrumentation_timing"": ""emit the trigger after the node timeout and absolute queue deadline are committed; emit deadline-reached when monotonic time crosses that stored absolute deadline, not when the event-loop callback runs; emit discharge after queue removal"", ""atomic_propositions"": [""coap_con_wait_started"", ""coap_first_retransmit_deadline_reached""], ""repository"": ""obgm/libcoap"", ""commit"": ""7cf7465b784baded4de183290c547d582becfd28"", ""path"": ""src/coap_net.c"", ""symbol"": ""coap_calc_timeout / coap_wait_ack / coap_send_internal"", ""lines"": ""1123-1180;1883-1901"", ""url"": ""https://github.com/obgm/libcoap/blob/7cf7465b784baded4de183290c547d582becfd28/src/coap_net.c#L1123-L1180"", ""source_file_verified"": true, ""source_line_verified"": true, ""source_symbol_verified"": true}]",{},"emit the trigger after the node timeout and absolute queue deadline are committed; emit deadline-reached when monotonic time crosses that stored absolute deadline, not when the event-loop callback runs; emit discharge after queue removal",HYBRID
CoAP,COAP-TX-01,coap_first_retransmit_deadline_reached,"Monotonic time reaches the absolute first-retransmission deadline stored for this queue-node generation, independently of when the callback is dispatched.",local endpoint + remote endpoint + transport protocol + Message ID + queue-node generation,correlate one CON exchange before projection; endpoint and Message ID values remain event fields and never enter AP names,"one correlated obligation instance per timed word; if the trigger can repeat, the adapter spawns a new projection keyed by timer/request generation","[{""mapping"": ""primary"", ""role"": ""primary property hook"", ""event_predicate"": ""Monotonic time reaches the absolute first-retransmission deadline stored for this queue-node generation, independently of when the callback is dispatched."", ""instrumentation_timing"": ""emit the trigger after the node timeout and absolute queue deadline are committed; emit deadline-reached when monotonic time crosses that stored absolute deadline, not when the event-loop callback runs; emit discharge after queue removal"", ""atomic_propositions"": [""coap_con_wait_started"", ""coap_first_retransmit_deadline_reached""], ""repository"": ""obgm/libcoap"", ""commit"": ""7cf7465b784baded4de183290c547d582becfd28"", ""path"": ""src/coap_net.c"", ""symbol"": ""coap_calc_timeout / coap_wait_ack / coap_send_internal"", ""lines"": ""1123-1180;1883-1901"", ""url"": ""https://github.com/obgm/libcoap/blob/7cf7465b784baded4de183290c547d582becfd28/src/coap_net.c#L1123-L1180"", ""source_file_verified"": true, ""source_line_verified"": true, ""source_symbol_verified"": true}]",{},"emit the trigger after the node timeout and absolute queue deadline are committed; emit deadline-reached when monotonic time crosses that stored absolute deadline, not when the event-loop callback runs; emit discharge after queue removal",HYBRID
CoAP,COAP-TX-01,coap_matching_ack_or_reset_received,"coap_dispatch receives an ACK or RST whose endpoint and Message ID match the current exchange, and coap_remove_from_queue removes that exact queue-node generation.",local endpoint + remote endpoint + transport protocol + Message ID + queue-node generation,correlate one CON exchange before projection; endpoint and Message ID values remain event fields and never enter AP names,"one correlated obligation instance per timed word; if the trigger can repeat, the adapter spawns a new projection keyed by timer/request generation","[{""mapping"": ""auxiliary:1"", ""role"": ""matching ACK/RST queue removal"", ""event_predicate"": ""coap_dispatch receives an ACK or RST whose endpoint and Message ID match the current exchange, and coap_remove_from_queue removes that exact queue-node generation."", ""instrumentation_timing"": ""emit the trigger after the node timeout and absolute queue deadline are committed; emit deadline-reached when monotonic time crosses that stored absolute deadline, not when the event-loop callback runs; emit discharge after queue removal"", ""atomic_propositions"": [""coap_matching_ack_or_reset_received""], ""repository"": ""obgm/libcoap"", ""commit"": ""7cf7465b784baded4de183290c547d582becfd28"", ""path"": ""src/coap_net.c"", ""symbol"": ""coap_dispatch"", ""lines"": ""3983-3993;4128-4133"", ""url"": ""https://github.com/obgm/libcoap/blob/7cf7465b784baded4de183290c547d582becfd28/src/coap_net.c#L3983-L3993"", ""source_file_verified"": true, ""source_line_verified"": true, ""source_symbol_verified"": true}]",{},"emit the trigger after the node timeout and absolute queue deadline are committed; emit deadline-reached when monotonic time crosses that stored absolute deadline, not when the event-loop callback runs; emit discharge after queue removal",HYBRID
CoAP,COAP-TX-01,coap_attempt_cancelled,An allowed non-ACK/RST local cancellation path removes the current queue-node generation before its stored deadline.,local endpoint + remote endpoint + transport protocol + Message ID + queue-node generation,correlate one CON exchange before projection; endpoint and Message ID values remain event fields and never enter AP names,"one correlated obligation instance per timed word; if the trigger can repeat, the adapter spawns a new projection keyed by timer/request generation","[{""mapping"": ""auxiliary:2"", ""role"": ""explicit local exchange cancellation"", ""event_predicate"": ""An allowed non-ACK/RST local cancellation path removes the current queue-node generation before its stored deadline."", ""instrumentation_timing"": ""emit the trigger after the node timeout and absolute queue deadline are committed; emit deadline-reached when monotonic time crosses that stored absolute deadline, not when the event-loop callback runs; emit discharge after queue removal"", ""atomic_propositions"": [""coap_attempt_cancelled""], ""repository"": ""obgm/libcoap"", ""commit"": ""7cf7465b784baded4de183290c547d582becfd28"", ""path"": ""src/coap_net.c"", ""symbol"": ""coap_cancel_session_messages / coap_cancel_all_messages"", ""lines"": ""2573-2613;2616-2646"", ""url"": ""https://github.com/obgm/libcoap/blob/7cf7465b784baded4de183290c547d582becfd28/src/coap_net.c#L2573-L2613"", ""source_file_verified"": true, ""source_line_verified"": true, ""source_symbol_verified"": true}]",{},"emit the trigger after the node timeout and absolute queue deadline are committed; emit deadline-reached when monotonic time crosses that stored absolute deadline, not when the event-loop callback runs; emit discharge after queue removal",HYBRID
CoAP,COAP-TX-02,coap_first_retransmission_completed,The first retransmission for the correlated CON is written and retransmit_cnt becomes 1 before the next deadline is queued.,local endpoint + remote endpoint + transport protocol + Message ID + queue-node generation + retransmit_cnt,correlate one CON exchange and derive the cycle index from retransmit_cnt before projecting the fixed AP alphabet,"one correlated obligation instance per timed word; if the trigger can repeat, the adapter spawns a new projection keyed by timer/request generation","[{""mapping"": ""primary"", ""role"": ""primary property hook"", ""event_predicate"": ""The first retransmission for the correlated CON is written and retransmit_cnt becomes 1 before the next deadline is queued."", ""instrumentation_timing"": ""emit the trigger after retransmit_cnt increments and the next absolute deadline is committed; emit deadline-reached when monotonic time crosses that stored value, not when the callback runs"", ""atomic_propositions"": [""coap_first_retransmission_completed"", ""coap_second_retransmit_deadline_reached""], ""repository"": ""obgm/libcoap"", ""commit"": ""7cf7465b784baded4de183290c547d582becfd28"", ""path"": ""src/coap_net.c"", ""symbol"": ""coap_retransmit"", ""lines"": ""1908-1969"", ""url"": ""https://github.com/obgm/libcoap/blob/7cf7465b784baded4de183290c547d582becfd28/src/coap_net.c#L1908-L1969"", ""source_file_verified"": true, ""source_line_verified"": true, ""source_symbol_verified"": true}]",{},"emit the trigger after retransmit_cnt increments and the next absolute deadline is committed; emit deadline-reached when monotonic time crosses that stored value, not when the callback runs",WHITEBOX
CoAP,COAP-TX-02,coap_second_retransmit_deadline_reached,"Monotonic time reaches the next absolute deadline stored for the same queue-node generation after retransmit_cnt becomes 1, independently of callback dispatch.",local endpoint + remote endpoint + transport protocol + Message ID + queue-node generation + retransmit_cnt,correlate one CON exchange and derive the cycle index from retransmit_cnt before projecting the fixed AP alphabet,"one correlated obligation instance per timed word; if the trigger can repeat, the adapter spawns a new projection keyed by timer/request generation","[{""mapping"": ""primary"", ""role"": ""primary property hook"", ""event_predicate"": ""Monotonic time reaches the next absolute deadline stored for the same queue-node generation after retransmit_cnt becomes 1, independently of callback dispatch."", ""instrumentation_timing"": ""emit the trigger after retransmit_cnt increments and the next absolute deadline is committed; emit deadline-reached when monotonic time crosses that stored value, not when the callback runs"", ""atomic_propositions"": [""coap_first_retransmission_completed"", ""coap_second_retransmit_deadline_reached""], ""repository"": ""obgm/libcoap"", ""commit"": ""7cf7465b784baded4de183290c547d582becfd28"", ""path"": ""src/coap_net.c"", ""symbol"": ""coap_retransmit"", ""lines"": ""1908-1969"", ""url"": ""https://github.com/obgm/libcoap/blob/7cf7465b784baded4de183290c547d582becfd28/src/coap_net.c#L1908-L1969"", ""source_file_verified"": true, ""source_line_verified"": true, ""source_symbol_verified"": true}]",{},"emit the trigger after retransmit_cnt increments and the next absolute deadline is committed; emit deadline-reached when monotonic time crosses that stored value, not when the callback runs",WHITEBOX
CoAP,COAP-TX-02,coap_matching_ack_or_reset_received,"coap_dispatch receives an ACK or RST whose endpoint and Message ID match the current exchange, and coap_remove_from_queue removes that exact queue-node generation.",local endpoint + remote endpoint + transport protocol + Message ID + queue-node generation + retransmit_cnt,correlate one CON exchange and derive the cycle index from retransmit_cnt before projecting the fixed AP alphabet,"one correlated obligation instance per timed word; if the trigger can repeat, the adapter spawns a new projection keyed by timer/request generation","[{""mapping"": ""auxiliary:1"", ""role"": ""matching ACK/RST queue removal"", ""event_predicate"": ""coap_dispatch receives an ACK or RST whose endpoint and Message ID match the current exchange, and coap_remove_from_queue removes that exact queue-node generation."", ""instrumentation_timing"": ""emit the trigger after retransmit_cnt increments and the next absolute deadline is committed; emit deadline-reached when monotonic time crosses that stored value, not when the callback runs"", ""atomic_propositions"": [""coap_matching_ack_or_reset_received""], ""repository"": ""obgm/libcoap"", ""commit"": ""7cf7465b784baded4de183290c547d582becfd28"", ""path"": ""src/coap_net.c"", ""symbol"": ""coap_dispatch"", ""lines"": ""3983-3993;4128-4133"", ""url"": ""https://github.com/obgm/libcoap/blob/7cf7465b784baded4de183290c547d582becfd28/src/coap_net.c#L3983-L3993"", ""source_file_verified"": true, ""source_line_verified"": true, ""source_symbol_verified"": true}]",{},"emit the trigger after retransmit_cnt increments and the next absolute deadline is committed; emit deadline-reached when monotonic time crosses that stored value, not when the callback runs",WHITEBOX
CoAP,COAP-TX-02,coap_attempt_cancelled,An allowed non-ACK/RST local cancellation path removes the current queue-node generation before its stored deadline.,local endpoint + remote endpoint + transport protocol + Message ID + queue-node generation + retransmit_cnt,correlate one CON exchange and derive the cycle index from retransmit_cnt before projecting the fixed AP alphabet,"one correlated obligation instance per timed word; if the trigger can repeat, the adapter spawns a new projection keyed by timer/request generation","[{""mapping"": ""auxiliary:2"", ""role"": ""explicit local exchange cancellation"", ""event_predicate"": ""An allowed non-ACK/RST local cancellation path removes the current queue-node generation before its stored deadline."", ""instrumentation_timing"": ""emit the trigger after retransmit_cnt increments and the next absolute deadline is committed; emit deadline-reached when monotonic time crosses that stored value, not when the callback runs"", ""atomic_propositions"": [""coap_attempt_cancelled""], ""repository"": ""obgm/libcoap"", ""commit"": ""7cf7465b784baded4de183290c547d582becfd28"", ""path"": ""src/coap_net.c"", ""symbol"": ""coap_cancel_session_messages / coap_cancel_all_messages"", ""lines"": ""2573-2613;2616-2646"", ""url"": ""https://github.com/obgm/libcoap/blob/7cf7465b784baded4de183290c547d582becfd28/src/coap_net.c#L2573-L2613"", ""source_file_verified"": true, ""source_line_verified"": true, ""source_symbol_verified"": true}]",{},"emit the trigger after retransmit_cnt increments and the next absolute deadline is committed; emit deadline-reached when monotonic time crosses that stored value, not when the callback runs",WHITEBOX
CoAP,COAP-TX-03,coap_fourth_retransmission_completed,The correlated CON has just been retransmitted with retransmit_cnt incremented to 4 and its final wait is queued.,local endpoint + remote endpoint + transport protocol + Message ID + queue-node generation + retransmit_cnt,retain one exchange through its stored final-wait deadline and subsequent diagnostic action; a later legitimate reuse of the Message ID starts a new generation,"one correlated obligation instance per timed word; if the trigger can repeat, the adapter spawns a new projection keyed by timer/request generation","[{""mapping"": ""primary"", ""role"": ""primary property hook"", ""event_predicate"": ""The correlated CON has just been retransmitted with retransmit_cnt incremented to 4 and its final wait is queued."", ""instrumentation_timing"": ""emit the trigger after retransmit_cnt becomes 4 and the final absolute deadline is committed; emit deadline-reached when monotonic time crosses it; separately record the later COAP_NACK_TOO_MANY_RETRIES callback as a diagnostic Boolean, not as the bounded result"", ""atomic_propositions"": [""coap_fourth_retransmission_completed"", ""coap_final_wait_deadline_reached"", ""coap_fifth_retransmission_sent""], ""repository"": ""obgm/libcoap"", ""commit"": ""7cf7465b784baded4de183290c547d582becfd28"", ""path"": ""src/coap_net.c"", ""symbol"": ""coap_retransmit"", ""lines"": ""1908-2007"", ""url"": ""https://github.com/obgm/libcoap/blob/7cf7465b784baded4de183290c547d582becfd28/src/coap_net.c#L1908-L2007"", ""source_file_verified"": true, ""source_line_verified"": true, ""source_symbol_verified"": true}]",{},"emit the trigger after retransmit_cnt becomes 4 and the final absolute deadline is committed; emit deadline-reached when monotonic time crosses it; separately record the later COAP_NACK_TOO_MANY_RETRIES callback as a diagnostic Boolean, not as the bounded result",WHITEBOX
CoAP,COAP-TX-03,coap_final_wait_deadline_reached,"Monotonic time reaches the absolute final-wait deadline stored after retransmit_cnt becomes 4, before any event-loop dispatch or nack callback completion.",local endpoint + remote endpoint + transport protocol + Message ID + queue-node generation + retransmit_cnt,retain one exchange through its stored final-wait deadline and subsequent diagnostic action; a later legitimate reuse of the Message ID starts a new generation,"one correlated obligation instance per timed word; if the trigger can repeat, the adapter spawns a new projection keyed by timer/request generation","[{""mapping"": ""primary"", ""role"": ""primary property hook"", ""event_predicate"": ""Monotonic time reaches the absolute final-wait deadline stored after retransmit_cnt becomes 4, before any event-loop dispatch or nack callback completion."", ""instrumentation_timing"": ""emit the trigger after retransmit_cnt becomes 4 and the final absolute deadline is committed; emit deadline-reached when monotonic time crosses it; separately record the later COAP_NACK_TOO_MANY_RETRIES callback as a diagnostic Boolean, not as the bounded result"", ""atomic_propositions"": [""coap_fourth_retransmission_completed"", ""coap_final_wait_deadline_reached"", ""coap_fifth_retransmission_sent""], ""repository"": ""obgm/libcoap"", ""commit"": ""7cf7465b784baded4de183290c547d582becfd28"", ""path"": ""src/coap_net.c"", ""symbol"": ""coap_retransmit"", ""lines"": ""1908-2007"", ""url"": ""https://github.com/obgm/libcoap/blob/7cf7465b784baded4de183290c547d582becfd28/src/coap_net.c#L1908-L2007"", ""source_file_verified"": true, ""source_line_verified"": true, ""source_symbol_verified"": true}]",{},"emit the trigger after retransmit_cnt becomes 4 and the final absolute deadline is committed; emit deadline-reached when monotonic time crosses it; separately record the later COAP_NACK_TOO_MANY_RETRIES callback as a diagnostic Boolean, not as the bounded result",WHITEBOX
CoAP,COAP-TX-03,coap_matching_ack_or_reset_received,"coap_dispatch receives an ACK or RST whose endpoint and Message ID match the current exchange, and coap_remove_from_queue removes that exact queue-node generation.",local endpoint + remote endpoint + transport protocol + Message ID + queue-node generation + retransmit_cnt,retain one exchange through its stored final-wait deadline and subsequent diagnostic action; a later legitimate reuse of the Message ID starts a new generation,"one correlated obligation instance per timed word; if the trigger can repeat, the adapter spawns a new projection keyed by timer/request generation","[{""mapping"": ""auxiliary:1"", ""role"": ""matching ACK/RST queue removal"", ""event_predicate"": ""coap_dispatch receives an ACK or RST whose endpoint and Message ID match the current exchange, and coap_remove_from_queue removes that exact queue-node generation."", ""instrumentation_timing"": ""emit the trigger after retransmit_cnt becomes 4 and the final absolute deadline is committed; emit deadline-reached when monotonic time crosses it; separately record the later COAP_NACK_TOO_MANY_RETRIES callback as a diagnostic Boolean, not as the bounded result"", ""atomic_propositions"": [""coap_matching_ack_or_reset_received""], ""repository"": ""obgm/libcoap"", ""commit"": ""7cf7465b784baded4de183290c547d582becfd28"", ""path"": ""src/coap_net.c"", ""symbol"": ""coap_dispatch"", ""lines"": ""3983-3993;4128-4133"", ""url"": ""https://github.com/obgm/libcoap/blob/7cf7465b784baded4de183290c547d582becfd28/src/coap_net.c#L3983-L3993"", ""source_file_verified"": true, ""source_line_verified"": true, ""source_symbol_verified"": true}]",{},"emit the trigger after retransmit_cnt becomes 4 and the final absolute deadline is committed; emit deadline-reached when monotonic time crosses it; separately record the later COAP_NACK_TOO_MANY_RETRIES callback as a diagnostic Boolean, not as the bounded result",WHITEBOX
CoAP,COAP-TX-03,coap_attempt_cancelled,An allowed non-ACK/RST local cancellation path removes the current queue-node generation before its stored deadline.,local endpoint + remote endpoint + transport protocol + Message ID + queue-node generation + retransmit_cnt,retain one exchange through its stored final-wait deadline and subsequent diagnostic action; a later legitimate reuse of the Message ID starts a new generation,"one correlated obligation instance per timed word; if the trigger can repeat, the adapter spawns a new projection keyed by timer/request generation","[{""mapping"": ""auxiliary:2"", ""role"": ""explicit local exchange cancellation"", ""event_predicate"": ""An allowed non-ACK/RST local cancellation path removes the current queue-node generation before its stored deadline."", ""instrumentation_timing"": ""emit the trigger after retransmit_cnt becomes 4 and the final absolute deadline is committed; emit deadline-reached when monotonic time crosses it; separately record the later COAP_NACK_TOO_MANY_RETRIES callback as a diagnostic Boolean, not as the bounded result"", ""atomic_propositions"": [""coap_attempt_cancelled""], ""repository"": ""obgm/libcoap"", ""commit"": ""7cf7465b784baded4de183290c547d582becfd28"", ""path"": ""src/coap_net.c"", ""symbol"": ""coap_cancel_session_messages / coap_cancel_all_messages"", ""lines"": ""2573-2613;2616-2646"", ""url"": ""https://github.com/obgm/libcoap/blob/7cf7465b784baded4de183290c547d582becfd28/src/coap_net.c#L2573-L2613"", ""source_file_verified"": true, ""source_line_verified"": true, ""source_symbol_verified"": true}]",{},"emit the trigger after retransmit_cnt becomes 4 and the final absolute deadline is committed; emit deadline-reached when monotonic time crosses it; separately record the later COAP_NACK_TOO_MANY_RETRIES callback as a diagnostic Boolean, not as the bounded result",WHITEBOX
CoAP,COAP-TX-03,coap_fifth_retransmission_sent,A fifth network send is performed for the same queue-node generation; this must remain false.,local endpoint + remote endpoint + transport protocol + Message ID + queue-node generation + retransmit_cnt,retain one exchange through its stored final-wait deadline and subsequent diagnostic action; a later legitimate reuse of the Message ID starts a new generation,"one correlated obligation instance per timed word; if the trigger can repeat, the adapter spawns a new projection keyed by timer/request generation","[{""mapping"": ""primary"", ""role"": ""primary property hook"", ""event_predicate"": ""A fifth network send is performed for the same queue-node generation; this must remain false."", ""instrumentation_timing"": ""emit the trigger after retransmit_cnt becomes 4 and the final absolute deadline is committed; emit deadline-reached when monotonic time crosses it; separately record the later COAP_NACK_TOO_MANY_RETRIES callback as a diagnostic Boolean, not as the bounded result"", ""atomic_propositions"": [""coap_fourth_retransmission_completed"", ""coap_final_wait_deadline_reached"", ""coap_fifth_retransmission_sent""], ""repository"": ""obgm/libcoap"", ""commit"": ""7cf7465b784baded4de183290c547d582becfd28"", ""path"": ""src/coap_net.c"", ""symbol"": ""coap_retransmit"", ""lines"": ""1908-2007"", ""url"": ""https://github.com/obgm/libcoap/blob/7cf7465b784baded4de183290c547d582becfd28/src/coap_net.c#L1908-L2007"", ""source_file_verified"": true, ""source_line_verified"": true, ""source_symbol_verified"": true}]",{},"emit the trigger after retransmit_cnt becomes 4 and the final absolute deadline is committed; emit deadline-reached when monotonic time crosses it; separately record the later COAP_NACK_TOO_MANY_RETRIES callback as a diagnostic Boolean, not as the bounded result",WHITEBOX
CoAP,COAP-TX-04,coap_con_initial_sent,The first datagram of one correlated Confirmable exchange is successfully written.,local endpoint + remote endpoint + transport protocol + Message ID + queue-node generation,correlate all wire sends to one queue-node generation before projection; do not merge a later Message ID reuse,"one correlated obligation instance per timed word; if the trigger can repeat, the adapter spawns a new projection keyed by timer/request generation","[{""mapping"": ""primary"", ""role"": ""primary property hook"", ""event_predicate"": ""The first datagram of one correlated Confirmable exchange is successfully written."", ""instrumentation_timing"": ""timestamp each successful coap_send_pdu completion and retain the queue-node generation until ACK/RST/cancel/failure"", ""atomic_propositions"": [""coap_con_initial_sent"", ""coap_same_con_retransmitted""], ""repository"": ""obgm/libcoap"", ""commit"": ""7cf7465b784baded4de183290c547d582becfd28"", ""path"": ""src/coap_net.c"", ""symbol"": ""coap_send_internal / coap_retransmit"", ""lines"": ""1855-1969"", ""url"": ""https://github.com/obgm/libcoap/blob/7cf7465b784baded4de183290c547d582becfd28/src/coap_net.c#L1855-L1969"", ""source_file_verified"": true, ""source_line_verified"": true, ""source_symbol_verified"": true}, {""mapping"": ""auxiliary:1"", ""role"": ""MAX_TRANSMIT_SPAN implementation expression"", ""event_predicate"": ""The first datagram of one correlated Confirmable exchange is successfully written."", ""instrumentation_timing"": ""timestamp each successful coap_send_pdu completion and retain the queue-node generation until ACK/RST/cancel/failure"", ""atomic_propositions"": [""coap_con_initial_sent""], ""repository"": ""obgm/libcoap"", ""commit"": ""7cf7465b784baded4de183290c547d582becfd28"", ""path"": ""include/coap3/coap_session_internal.h"", ""symbol"": ""COAP_MAX_TRANSMIT_SPAN"", ""lines"": ""618-628"", ""url"": ""https://github.com/obgm/libcoap/blob/7cf7465b784baded4de183290c547d582becfd28/include/coap3/coap_session_internal.h#L618-L628"", ""source_file_verified"": true, ""source_line_verified"": true, ""source_symbol_verified"": true}]",{},timestamp each successful coap_send_pdu completion and retain the queue-node generation until ACK/RST/cancel/failure,HYBRID
CoAP,COAP-TX-04,coap_same_con_retransmitted,coap_send_pdu successfully writes a later datagram for the same queue-node generation and Message ID.,local endpoint + remote endpoint + transport protocol + Message ID + queue-node generation,correlate all wire sends to one queue-node generation before projection; do not merge a later Message ID reuse,"one correlated obligation instance per timed word; if the trigger can repeat, the adapter spawns a new projection keyed by timer/request generation","[{""mapping"": ""primary"", ""role"": ""primary property hook"", ""event_predicate"": ""coap_send_pdu successfully writes a later datagram for the same queue-node generation and Message ID."", ""instrumentation_timing"": ""timestamp each successful coap_send_pdu completion and retain the queue-node generation until ACK/RST/cancel/failure"", ""atomic_propositions"": [""coap_con_initial_sent"", ""coap_same_con_retransmitted""], ""repository"": ""obgm/libcoap"", ""commit"": ""7cf7465b784baded4de183290c547d582becfd28"", ""path"": ""src/coap_net.c"", ""symbol"": ""coap_send_internal / coap_retransmit"", ""lines"": ""1855-1969"", ""url"": ""https://github.com/obgm/libcoap/blob/7cf7465b784baded4de183290c547d582becfd28/src/coap_net.c#L1855-L1969"", ""source_file_verified"": true, ""source_line_verified"": true, ""source_symbol_verified"": true}]",{},timestamp each successful coap_send_pdu completion and retain the queue-node generation until ACK/RST/cancel/failure,HYBRID
CoAP,COAP-TX-05,coap_matching_ack_or_reset_received,"coap_dispatch receives an ACK or RST whose endpoint and Message ID match the current exchange, and coap_remove_from_queue removes that exact queue-node generation.",local endpoint + remote endpoint + transport protocol + Message ID + queue-node generation,"match the ACK/RST to an active sendqueue node first, then keep only events for that node generation through the terminal observation","one correlated obligation instance per timed word; if the trigger can repeat, the adapter spawns a new projection keyed by timer/request generation","[{""mapping"": ""primary"", ""role"": ""primary property hook"", ""event_predicate"": ""coap_dispatch receives an ACK or RST whose endpoint and Message ID match the current exchange, and coap_remove_from_queue removes that exact queue-node generation."", ""instrumentation_timing"": ""emit ACK/RST only after coap_remove_from_queue returns the matching node; mark that generation closed before any later send event is projected"", ""atomic_propositions"": [""coap_matching_ack_or_reset_received""], ""repository"": ""obgm/libcoap"", ""commit"": ""7cf7465b784baded4de183290c547d582becfd28"", ""path"": ""src/coap_net.c"", ""symbol"": ""coap_dispatch"", ""lines"": ""3983-3993;4089-4139"", ""url"": ""https://github.com/obgm/libcoap/blob/7cf7465b784baded4de183290c547d582becfd28/src/coap_net.c#L3983-L3993"", ""source_file_verified"": true, ""source_line_verified"": true, ""source_symbol_verified"": true}]",{},emit ACK/RST only after coap_remove_from_queue returns the matching node; mark that generation closed before any later send event is projected,HYBRID
CoAP,COAP-TX-05,coap_same_con_retransmitted,coap_send_pdu successfully writes a later datagram for the same queue-node generation and Message ID.,local endpoint + remote endpoint + transport protocol + Message ID + queue-node generation,"match the ACK/RST to an active sendqueue node first, then keep only events for that node generation through the terminal observation","one correlated obligation instance per timed word; if the trigger can repeat, the adapter spawns a new projection keyed by timer/request generation","[{""mapping"": ""auxiliary:1"", ""role"": ""subsequent send for the same queue-node generation"", ""event_predicate"": ""coap_send_pdu successfully writes a later datagram for the same queue-node generation and Message ID."", ""instrumentation_timing"": ""emit ACK/RST only after coap_remove_from_queue returns the matching node; mark that generation closed before any later send event is projected"", ""atomic_propositions"": [""coap_same_con_retransmitted""], ""repository"": ""obgm/libcoap"", ""commit"": ""7cf7465b784baded4de183290c547d582becfd28"", ""path"": ""src/coap_net.c"", ""symbol"": ""coap_retransmit"", ""lines"": ""1908-1969"", ""url"": ""https://github.com/obgm/libcoap/blob/7cf7465b784baded4de183290c547d582becfd28/src/coap_net.c#L1908-L1969"", ""source_file_verified"": true, ""source_line_verified"": true, ""source_symbol_verified"": true}]",{},emit ACK/RST only after coap_remove_from_queue returns the matching node; mark that generation closed before any later send event is projected,HYBRID
MQTT,MQTT-KA-01,mqtt_client_outbound_window_started,The profiled client finishes transmitting one MQTT Control Packet on an active connection and commits next_msg_out for Keep Alive 60.,Mosquitto client instance + network-connection generation + direction; the fixed profile requires effective Keep Alive=60,"select one active connection generation with the fixed default profile, order completed and newly started outbound packets, then project the fixed AP alphabet","one correlated obligation instance per timed word; if the trigger can repeat, the adapter spawns a new projection keyed by timer/request generation","[{""mapping"": ""primary"", ""role"": ""primary property hook"", ""event_predicate"": ""The profiled client finishes transmitting one MQTT Control Packet on an active connection and commits next_msg_out for Keep Alive 60."", ""instrumentation_timing"": ""emit the trigger after packet completion updates next_msg_out; emit a start AP when the first byte is handed to the socket, or close after the connection state changes"", ""atomic_propositions"": [""mqtt_client_outbound_window_started"", ""mqtt_pingreq_started"", ""mqtt_other_control_packet_started""], ""repository"": ""eclipse-mosquitto/mosquitto"", ""commit"": ""672ae3e57f8b4e086f6ce2dec836734cc38258c3"", ""path"": ""lib/packet_mosq.c"", ""symbol"": ""packet__write"", ""lines"": ""227-358"", ""url"": ""https://github.com/eclipse-mosquitto/mosquitto/blob/672ae3e57f8b4e086f6ce2dec836734cc38258c3/lib/packet_mosq.c#L227-L358"", ""source_file_verified"": true, ""source_line_verified"": true, ""source_symbol_verified"": true}, {""mapping"": ""auxiliary:1"", ""role"": ""Keep Alive scheduling eligibility"", ""event_predicate"": ""The profiled client finishes transmitting one MQTT Control Packet on an active connection and commits next_msg_out for Keep Alive 60."", ""instrumentation_timing"": ""emit the trigger after packet completion updates next_msg_out; emit a start AP when the first byte is handed to the socket, or close after the connection state changes"", ""atomic_propositions"": [""mqtt_client_outbound_window_started"", ""mqtt_pingreq_started""], ""repository"": ""eclipse-mosquitto/mosquitto"", ""commit"": ""672ae3e57f8b4e086f6ce2dec836734cc38258c3"", ""path"": ""lib/util_mosq.c"", ""symbol"": ""mosquitto__check_keepalive"", ""lines"": ""62-143"", ""url"": ""https://github.com/eclipse-mosquitto/mosquitto/blob/672ae3e57f8b4e086f6ce2dec836734cc38258c3/lib/util_mosq.c#L62-L143"", ""source_file_verified"": true, ""source_line_verified"": true, ""source_symbol_verified"": true}]",{},"emit the trigger after packet completion updates next_msg_out; emit a start AP when the first byte is handed to the socket, or close after the connection state changes",HYBRID
MQTT,MQTT-KA-01,mqtt_pingreq_started,The first byte of a PINGREQ for the correlated client connection starts transmission.,Mosquitto client instance + network-connection generation + direction; the fixed profile requires effective Keep Alive=60,"select one active connection generation with the fixed default profile, order completed and newly started outbound packets, then project the fixed AP alphabet","one correlated obligation instance per timed word; if the trigger can repeat, the adapter spawns a new projection keyed by timer/request generation","[{""mapping"": ""primary"", ""role"": ""primary property hook"", ""event_predicate"": ""The first byte of a PINGREQ for the correlated client connection starts transmission."", ""instrumentation_timing"": ""emit the trigger after packet completion updates next_msg_out; emit a start AP when the first byte is handed to the socket, or close after the connection state changes"", ""atomic_propositions"": [""mqtt_client_outbound_window_started"", ""mqtt_pingreq_started"", ""mqtt_other_control_packet_started""], ""repository"": ""eclipse-mosquitto/mosquitto"", ""commit"": ""672ae3e57f8b4e086f6ce2dec836734cc38258c3"", ""path"": ""lib/packet_mosq.c"", ""symbol"": ""packet__write"", ""lines"": ""227-358"", ""url"": ""https://github.com/eclipse-mosquitto/mosquitto/blob/672ae3e57f8b4e086f6ce2dec836734cc38258c3/lib/packet_mosq.c#L227-L358"", ""source_file_verified"": true, ""source_line_verified"": true, ""source_symbol_verified"": true}, {""mapping"": ""auxiliary:1"", ""role"": ""Keep Alive scheduling eligibility"", ""event_predicate"": ""The first byte of a PINGREQ for the correlated client connection starts transmission."", ""instrumentation_timing"": ""emit the trigger after packet completion updates next_msg_out; emit a start AP when the first byte is handed to the socket, or close after the connection state changes"", ""atomic_propositions"": [""mqtt_client_outbound_window_started"", ""mqtt_pingreq_started""], ""repository"": ""eclipse-mosquitto/mosquitto"", ""commit"": ""672ae3e57f8b4e086f6ce2dec836734cc38258c3"", ""path"": ""lib/util_mosq.c"", ""symbol"": ""mosquitto__check_keepalive"", ""lines"": ""62-143"", ""url"": ""https://github.com/eclipse-mosquitto/mosquitto/blob/672ae3e57f8b4e086f6ce2dec836734cc38258c3/lib/util_mosq.c#L62-L143"", ""source_file_verified"": true, ""source_line_verified"": true, ""source_symbol_verified"": true}]",{},"emit the trigger after packet completion updates next_msg_out; emit a start AP when the first byte is handed to the socket, or close after the connection state changes",HYBRID
MQTT,MQTT-KA-01,mqtt_other_control_packet_started,The first byte of a non-PINGREQ MQTT Control Packet for that connection starts transmission.,Mosquitto client instance + network-connection generation + direction; the fixed profile requires effective Keep Alive=60,"select one active connection generation with the fixed default profile, order completed and newly started outbound packets, then project the fixed AP alphabet","one correlated obligation instance per timed word; if the trigger can repeat, the adapter spawns a new projection keyed by timer/request generation","[{""mapping"": ""primary"", ""role"": ""primary property hook"", ""event_predicate"": ""The first byte of a non-PINGREQ MQTT Control Packet for that connection starts transmission."", ""instrumentation_timing"": ""emit the trigger after packet completion updates next_msg_out; emit a start AP when the first byte is handed to the socket, or close after the connection state changes"", ""atomic_propositions"": [""mqtt_client_outbound_window_started"", ""mqtt_pingreq_started"", ""mqtt_other_control_packet_started""], ""repository"": ""eclipse-mosquitto/mosquitto"", ""commit"": ""672ae3e57f8b4e086f6ce2dec836734cc38258c3"", ""path"": ""lib/packet_mosq.c"", ""symbol"": ""packet__write"", ""lines"": ""227-358"", ""url"": ""https://github.com/eclipse-mosquitto/mosquitto/blob/672ae3e57f8b4e086f6ce2dec836734cc38258c3/lib/packet_mosq.c#L227-L358"", ""source_file_verified"": true, ""source_line_verified"": true, ""source_symbol_verified"": true}]",{},"emit the trigger after packet completion updates next_msg_out; emit a start AP when the first byte is handed to the socket, or close after the connection state changes",HYBRID
MQTT,MQTT-KA-01,mqtt_network_connection_closed,"The correlated connection generation transitions from connected to inactive at net__socket_close; a broker Keep Alive reason, when present, is retained as an event field.",Mosquitto client instance + network-connection generation + direction; the fixed profile requires effective Keep Alive=60,"select one active connection generation with the fixed default profile, order completed and newly started outbound packets, then project the fixed AP alphabet","one correlated obligation instance per timed word; if the trigger can repeat, the adapter spawns a new projection keyed by timer/request generation","[{""mapping"": ""auxiliary:2"", ""role"": ""network connection generation close"", ""event_predicate"": ""The correlated connection generation transitions from connected to inactive at net__socket_close; a broker Keep Alive reason, when present, is retained as an event field."", ""instrumentation_timing"": ""emit the trigger after packet completion updates next_msg_out; emit a start AP when the first byte is handed to the socket, or close after the connection state changes"", ""atomic_propositions"": [""mqtt_network_connection_closed""], ""repository"": ""eclipse-mosquitto/mosquitto"", ""commit"": ""672ae3e57f8b4e086f6ce2dec836734cc38258c3"", ""path"": ""lib/net_mosq.c"", ""symbol"": ""net__socket_close"", ""lines"": ""214-267"", ""url"": ""https://github.com/eclipse-mosquitto/mosquitto/blob/672ae3e57f8b4e086f6ce2dec836734cc38258c3/lib/net_mosq.c#L214-L267"", ""source_file_verified"": true, ""source_line_verified"": true, ""source_symbol_verified"": true}]",{},"emit the trigger after packet completion updates next_msg_out; emit a start AP when the first byte is handed to the socket, or close after the connection state changes",HYBRID
MQTT,MQTT-KA-02,mqtt_server_inbound_window_started,Mosquitto finishes receiving a valid MQTT Control Packet for an active non-bridge client and refreshes last_msg_in with effective Keep Alive 60.,broker listener + client identity + network-connection generation + inbound direction; effective Keep Alive=60,"derive the effective Keep Alive after CONNECT/CONNACK negotiation, select one non-bridge connection generation, then project refresh, receive, and close events","one correlated obligation instance per timed word; if the trigger can repeat, the adapter spawns a new projection keyed by timer/request generation","[{""mapping"": ""primary"", ""role"": ""primary property hook"", ""event_predicate"": ""Mosquitto finishes receiving a valid MQTT Control Packet for an active non-bridge client and refreshes last_msg_in with effective Keep Alive 60."", ""instrumentation_timing"": ""emit the trigger after last_msg_in is refreshed; emit receive after the next valid packet refresh, and emit close after do_disconnect changes the connection state"", ""atomic_propositions"": [""mqtt_server_inbound_window_started"", ""mqtt_client_control_packet_received""], ""repository"": ""eclipse-mosquitto/mosquitto"", ""commit"": ""672ae3e57f8b4e086f6ce2dec836734cc38258c3"", ""path"": ""lib/packet_mosq.c"", ""symbol"": ""packet__read"", ""lines"": ""361-589"", ""url"": ""https://github.com/eclipse-mosquitto/mosquitto/blob/672ae3e57f8b4e086f6ce2dec836734cc38258c3/lib/packet_mosq.c#L361-L589"", ""source_file_verified"": true, ""source_line_verified"": true, ""source_symbol_verified"": true}]",{},"emit the trigger after last_msg_in is refreshed; emit receive after the next valid packet refresh, and emit close after do_disconnect changes the connection state",HYBRID
MQTT,MQTT-KA-02,mqtt_client_control_packet_received,A later valid MQTT Control Packet from that client is completely received and refreshes the same connection's Keep Alive state.,broker listener + client identity + network-connection generation + inbound direction; effective Keep Alive=60,"derive the effective Keep Alive after CONNECT/CONNACK negotiation, select one non-bridge connection generation, then project refresh, receive, and close events","one correlated obligation instance per timed word; if the trigger can repeat, the adapter spawns a new projection keyed by timer/request generation","[{""mapping"": ""primary"", ""role"": ""primary property hook"", ""event_predicate"": ""A later valid MQTT Control Packet from that client is completely received and refreshes the same connection's Keep Alive state."", ""instrumentation_timing"": ""emit the trigger after last_msg_in is refreshed; emit receive after the next valid packet refresh, and emit close after do_disconnect changes the connection state"", ""atomic_propositions"": [""mqtt_server_inbound_window_started"", ""mqtt_client_control_packet_received""], ""repository"": ""eclipse-mosquitto/mosquitto"", ""commit"": ""672ae3e57f8b4e086f6ce2dec836734cc38258c3"", ""path"": ""lib/packet_mosq.c"", ""symbol"": ""packet__read"", ""lines"": ""361-589"", ""url"": ""https://github.com/eclipse-mosquitto/mosquitto/blob/672ae3e57f8b4e086f6ce2dec836734cc38258c3/lib/packet_mosq.c#L361-L589"", ""source_file_verified"": true, ""source_line_verified"": true, ""source_symbol_verified"": true}]",{},"emit the trigger after last_msg_in is refreshed; emit receive after the next valid packet refresh, and emit close after do_disconnect changes the connection state",HYBRID
MQTT,MQTT-KA-02,mqtt_network_connection_closed,"The correlated connection generation transitions from connected to inactive at net__socket_close; a broker Keep Alive reason, when present, is retained as an event field.",broker listener + client identity + network-connection generation + inbound direction; effective Keep Alive=60,"derive the effective Keep Alive after CONNECT/CONNACK negotiation, select one non-bridge connection generation, then project refresh, receive, and close events","one correlated obligation instance per timed word; if the trigger can repeat, the adapter spawns a new projection keyed by timer/request generation","[{""mapping"": ""auxiliary:1"", ""role"": ""broker Keep Alive expiry decision"", ""event_predicate"": ""The correlated connection generation transitions from connected to inactive at net__socket_close; a broker Keep Alive reason, when present, is retained as an event field."", ""instrumentation_timing"": ""emit the trigger after last_msg_in is refreshed; emit receive after the next valid packet refresh, and emit close after do_disconnect changes the connection state"", ""atomic_propositions"": [""mqtt_network_connection_closed""], ""repository"": ""eclipse-mosquitto/mosquitto"", ""commit"": ""672ae3e57f8b4e086f6ce2dec836734cc38258c3"", ""path"": ""src/keepalive.c"", ""symbol"": ""keepalive__check"", ""lines"": ""127-175"", ""url"": ""https://github.com/eclipse-mosquitto/mosquitto/blob/672ae3e57f8b4e086f6ce2dec836734cc38258c3/src/keepalive.c#L127-L175"", ""source_file_verified"": true, ""source_line_verified"": true, ""source_symbol_verified"": true}, {""mapping"": ""auxiliary:2"", ""role"": ""network connection generation close"", ""event_predicate"": ""The correlated connection generation transitions from connected to inactive at net__socket_close; a broker Keep Alive reason, when present, is retained as an event field."", ""instrumentation_timing"": ""emit the trigger after last_msg_in is refreshed; emit receive after the next valid packet refresh, and emit close after do_disconnect changes the connection state"", ""atomic_propositions"": [""mqtt_network_connection_closed""], ""repository"": ""eclipse-mosquitto/mosquitto"", ""commit"": ""672ae3e57f8b4e086f6ce2dec836734cc38258c3"", ""path"": ""lib/net_mosq.c"", ""symbol"": ""net__socket_close"", ""lines"": ""214-267"", ""url"": ""https://github.com/eclipse-mosquitto/mosquitto/blob/672ae3e57f8b4e086f6ce2dec836734cc38258c3/lib/net_mosq.c#L214-L267"", ""source_file_verified"": true, ""source_line_verified"": true, ""source_symbol_verified"": true}]",{},"emit the trigger after last_msg_in is refreshed; emit receive after the next valid packet refresh, and emit close after do_disconnect changes the connection state",HYBRID
MQTT,MQTT-RTX-01,mqtt_publish_negative_ack_received,A valid PUBACK or PUBREC with Reason Code at least 0x80 matches an active outbound PUBLISH generation by Packet Identifier and removes or completes its stored state.,client/broker role + network-session generation + outbound direction + Packet Identifier + stored-message generation + QoS,match PUBACK/PUBREC to the active stored PUBLISH before projection and retain its generation identity after deletion so Packet Identifier reuse is not conflated,"one correlated obligation instance per timed word; if the trigger can repeat, the adapter spawns a new projection keyed by timer/request generation","[{""mapping"": ""primary"", ""role"": ""primary property hook"", ""event_predicate"": ""A valid PUBACK or PUBREC with Reason Code at least 0x80 matches an active outbound PUBLISH generation by Packet Identifier and removes or completes its stored state."", ""instrumentation_timing"": ""emit the trigger only after reason validation and successful message-state deletion; emit retransmission at the first byte of a later send for the retained generation identity"", ""atomic_propositions"": [""mqtt_publish_negative_ack_received""], ""repository"": ""eclipse-mosquitto/mosquitto"", ""commit"": ""672ae3e57f8b4e086f6ce2dec836734cc38258c3"", ""path"": ""lib/handle_pubrec.c"", ""symbol"": ""handle__pubrec"", ""lines"": ""93-125"", ""url"": ""https://github.com/eclipse-mosquitto/mosquitto/blob/672ae3e57f8b4e086f6ce2dec836734cc38258c3/lib/handle_pubrec.c#L93-L125"", ""source_file_verified"": true, ""source_line_verified"": true, ""source_symbol_verified"": true}, {""mapping"": ""auxiliary:1"", ""role"": ""negative PUBACK state completion"", ""event_predicate"": ""A valid PUBACK or PUBREC with Reason Code at least 0x80 matches an active outbound PUBLISH generation by Packet Identifier and removes or completes its stored state."", ""instrumentation_timing"": ""emit the trigger only after reason validation and successful message-state deletion; emit retransmission at the first byte of a later send for the retained generation identity"", ""atomic_propositions"": [""mqtt_publish_negative_ack_received""], ""repository"": ""eclipse-mosquitto/mosquitto"", ""commit"": ""672ae3e57f8b4e086f6ce2dec836734cc38258c3"", ""path"": ""lib/handle_pubackcomp.c"", ""symbol"": ""handle__pubackcomp"", ""lines"": ""41-168"", ""url"": ""https://github.com/eclipse-mosquitto/mosquitto/blob/672ae3e57f8b4e086f6ce2dec836734cc38258c3/lib/handle_pubackcomp.c#L41-L168"", ""source_file_verified"": true, ""source_line_verified"": true, ""source_symbol_verified"": true}]",{},emit the trigger only after reason validation and successful message-state deletion; emit retransmission at the first byte of a later send for the retained generation identity,HYBRID
MQTT,MQTT-RTX-01,mqtt_same_publish_retransmitted,The sender starts another PUBLISH for that same stored message generation; a later legitimate Packet Identifier reuse for new content is not the same generation.,client/broker role + network-session generation + outbound direction + Packet Identifier + stored-message generation + QoS,match PUBACK/PUBREC to the active stored PUBLISH before projection and retain its generation identity after deletion so Packet Identifier reuse is not conflated,"one correlated obligation instance per timed word; if the trigger can repeat, the adapter spawns a new projection keyed by timer/request generation","[{""mapping"": ""auxiliary:2"", ""role"": ""later PUBLISH send for retained message generation"", ""event_predicate"": ""The sender starts another PUBLISH for that same stored message generation; a later legitimate Packet Identifier reuse for new content is not the same generation."", ""instrumentation_timing"": ""emit the trigger only after reason validation and successful message-state deletion; emit retransmission at the first byte of a later send for the retained generation identity"", ""atomic_propositions"": [""mqtt_same_publish_retransmitted""], ""repository"": ""eclipse-mosquitto/mosquitto"", ""commit"": ""672ae3e57f8b4e086f6ce2dec836734cc38258c3"", ""path"": ""lib/send_publish.c"", ""symbol"": ""send__publish / send__real_publish"", ""lines"": ""42-134;137-221"", ""url"": ""https://github.com/eclipse-mosquitto/mosquitto/blob/672ae3e57f8b4e086f6ce2dec836734cc38258c3/lib/send_publish.c#L42-L134"", ""source_file_verified"": true, ""source_line_verified"": true, ""source_symbol_verified"": true}]",{},emit the trigger only after reason validation and successful message-state deletion; emit retransmission at the first byte of a later send for the retained generation identity,HYBRID
TCP,TCP-ACK-01,tcp_delayed_ack_obligation_started,A processed segment requires ACK and enters the delayed-ACK rather than immediate-ACK branch.,socket cookie + receive-direction sequence interval,"correlate first, then project one connection/transaction/flight; dynamic identifiers never enter AP names","one correlated obligation instance per timed word; if the trigger can repeat, the adapter spawns a new projection keyed by timer/request generation","[{""mapping"": ""primary"", ""role"": ""primary property hook"", ""event_predicate"": ""A processed segment requires ACK and enters the delayed-ACK rather than immediate-ACK branch."", ""instrumentation_timing"": ""Emit the trigger immediately before sk_reset_timer; emit ACK after tcp_send_ack/output using the same socket cookie."", ""atomic_propositions"": [""tcp_delayed_ack_obligation_started""], ""repository"": ""torvalds/linux"", ""commit"": ""f4fb100039e96211609dfc44fb24b9e4a8a0f2f9"", ""path"": ""net/ipv4/tcp_output.c"", ""symbol"": ""tcp_send_delayed_ack"", ""lines"": ""4409-4463"", ""url"": ""https://github.com/torvalds/linux/blob/f4fb100039e96211609dfc44fb24b9e4a8a0f2f9/net/ipv4/tcp_output.c#L4409-L4463"", ""source_file_verified"": true, ""source_line_verified"": true, ""source_symbol_verified"": true}]",{},Emit the trigger immediately before sk_reset_timer; emit ACK after tcp_send_ack/output using the same socket cookie.,HYBRID
TCP,TCP-ACK-01,tcp_ack_sent,An ACK covering the correlated receive sequence is handed to IP output.,socket cookie + receive-direction sequence interval,"correlate first, then project one connection/transaction/flight; dynamic identifiers never enter AP names","one correlated obligation instance per timed word; if the trigger can repeat, the adapter spawns a new projection keyed by timer/request generation","[{""mapping"": ""auxiliary:1"", ""role"": ""pure ACK construction and transmission handoff"", ""event_predicate"": ""An ACK covering the correlated receive sequence is handed to IP output."", ""instrumentation_timing"": ""Emit the trigger immediately before sk_reset_timer; emit ACK after tcp_send_ack/output using the same socket cookie."", ""atomic_propositions"": [""tcp_ack_sent""], ""repository"": ""torvalds/linux"", ""commit"": ""f4fb100039e96211609dfc44fb24b9e4a8a0f2f9"", ""path"": ""net/ipv4/tcp_output.c"", ""symbol"": ""__tcp_send_ack"", ""lines"": ""4466-4506"", ""url"": ""https://github.com/torvalds/linux/blob/f4fb100039e96211609dfc44fb24b9e4a8a0f2f9/net/ipv4/tcp_output.c#L4466-L4506"", ""source_file_verified"": true, ""source_line_verified"": true, ""source_symbol_verified"": true}]",{},Emit the trigger immediately before sk_reset_timer; emit ACK after tcp_send_ack/output using the same socket cookie.,HYBRID
TCP,TCP-KA-01,tcp_default_keepalive_enabled_on_idle_connection,SO_KEEPALIVE becomes active with no per-socket keepidle override and no outstanding data.,network namespace + socket cookie,"correlate first, then project one connection/transaction/flight; dynamic identifiers never enter AP names","one correlated obligation instance per timed word; if the trigger can repeat, the adapter spawns a new projection keyed by timer/request generation","[{""mapping"": ""primary"", ""role"": ""primary property hook"", ""event_predicate"": ""SO_KEEPALIVE becomes active with no per-socket keepidle override and no outstanding data."", ""instrumentation_timing"": ""Record enablement after tcp_set_keepalive arms the timer; emit probe only after tcp_write_wakeup succeeds."", ""atomic_propositions"": [""tcp_default_keepalive_enabled_on_idle_connection""], ""repository"": ""torvalds/linux"", ""commit"": ""f4fb100039e96211609dfc44fb24b9e4a8a0f2f9"", ""path"": ""include/net/tcp.h"", ""symbol"": ""TCP_KEEPALIVE_TIME"", ""lines"": ""175-180"", ""url"": ""https://github.com/torvalds/linux/blob/f4fb100039e96211609dfc44fb24b9e4a8a0f2f9/include/net/tcp.h#L175-L180"", ""source_file_verified"": true, ""source_line_verified"": true, ""source_symbol_verified"": true}, {""mapping"": ""auxiliary:1"", ""role"": ""SO_KEEPALIVE enable and default timer arm"", ""event_predicate"": ""SO_KEEPALIVE becomes active with no per-socket keepidle override and no outstanding data."", ""instrumentation_timing"": ""Record enablement after tcp_set_keepalive arms the timer; emit probe only after tcp_write_wakeup succeeds."", ""atomic_propositions"": [""tcp_default_keepalive_enabled_on_idle_connection""], ""repository"": ""torvalds/linux"", ""commit"": ""f4fb100039e96211609dfc44fb24b9e4a8a0f2f9"", ""path"": ""net/ipv4/tcp_timer.c"", ""symbol"": ""tcp_set_keepalive"", ""lines"": ""768-777"", ""url"": ""https://github.com/torvalds/linux/blob/f4fb100039e96211609dfc44fb24b9e4a8a0f2f9/net/ipv4/tcp_timer.c#L768-L777"", ""source_file_verified"": true, ""source_line_verified"": true, ""source_symbol_verified"": true}]",{},Record enablement after tcp_set_keepalive arms the timer; emit probe only after tcp_write_wakeup succeeds.,HYBRID
TCP,TCP-KA-01,tcp_keepalive_probe_sent,tcp_write_wakeup emits a keep-alive probe for the correlated socket.,network namespace + socket cookie,"correlate first, then project one connection/transaction/flight; dynamic identifiers never enter AP names","one correlated obligation instance per timed word; if the trigger can repeat, the adapter spawns a new projection keyed by timer/request generation","[{""mapping"": ""auxiliary:2"", ""role"": ""keep-alive expiry and probe send attempt"", ""event_predicate"": ""tcp_write_wakeup emits a keep-alive probe for the correlated socket."", ""instrumentation_timing"": ""Record enablement after tcp_set_keepalive arms the timer; emit probe only after tcp_write_wakeup succeeds."", ""atomic_propositions"": [""tcp_keepalive_probe_sent""], ""repository"": ""torvalds/linux"", ""commit"": ""f4fb100039e96211609dfc44fb24b9e4a8a0f2f9"", ""path"": ""net/ipv4/tcp_timer.c"", ""symbol"": ""tcp_keepalive_timer"", ""lines"": ""779-866"", ""url"": ""https://github.com/torvalds/linux/blob/f4fb100039e96211609dfc44fb24b9e4a8a0f2f9/net/ipv4/tcp_timer.c#L779-L866"", ""source_file_verified"": true, ""source_line_verified"": true, ""source_symbol_verified"": true}]",{},Record enablement after tcp_set_keepalive arms the timer; emit probe only after tcp_write_wakeup succeeds.,HYBRID
TCP,TCP-R2-01,tcp_data_r2_episode_started,First retransmission timestamp is established for data in an established connection using default R2 policy.,network namespace + socket cookie + retransmission episode,"correlate first, then project one connection/transaction/flight; dynamic identifiers never enter AP names","one correlated obligation instance per timed word; if the trigger can repeat, the adapter spawns a new projection keyed by timer/request generation","[{""mapping"": ""auxiliary:1"", ""role"": ""first attempted data retransmission timestamp"", ""event_predicate"": ""First retransmission timestamp is established for data in an established connection using default R2 policy."", ""instrumentation_timing"": ""Emit start when retrans_stamp is first set; emit expiry immediately before tcp_write_err with state outside SYN_SENT/SYN_RECV and expired=true."", ""atomic_propositions"": [""tcp_data_r2_episode_started""], ""repository"": ""torvalds/linux"", ""commit"": ""f4fb100039e96211609dfc44fb24b9e4a8a0f2f9"", ""path"": ""net/ipv4/tcp_output.c"", ""symbol"": ""tcp_retransmit_skb"", ""lines"": ""3695-3717"", ""url"": ""https://github.com/torvalds/linux/blob/f4fb100039e96211609dfc44fb24b9e4a8a0f2f9/net/ipv4/tcp_output.c#L3695-L3717"", ""source_file_verified"": true, ""source_line_verified"": true, ""source_symbol_verified"": true}]",{},Emit start when retrans_stamp is first set; emit expiry immediately before tcp_write_err with state outside SYN_SENT/SYN_RECV and expired=true.,HYBRID
TCP,TCP-R2-01,tcp_closed_by_data_r2_expiry,tcp_write_timeout reports expired and tcp_write_err closes specifically because the data R2 threshold is reached.,network namespace + socket cookie + retransmission episode,"correlate first, then project one connection/transaction/flight; dynamic identifiers never enter AP names","one correlated obligation instance per timed word; if the trigger can repeat, the adapter spawns a new projection keyed by timer/request generation","[{""mapping"": ""primary"", ""role"": ""primary property hook"", ""event_predicate"": ""tcp_write_timeout reports expired and tcp_write_err closes specifically because the data R2 threshold is reached."", ""instrumentation_timing"": ""Emit start when retrans_stamp is first set; emit expiry immediately before tcp_write_err with state outside SYN_SENT/SYN_RECV and expired=true."", ""atomic_propositions"": [""tcp_closed_by_data_r2_expiry""], ""repository"": ""torvalds/linux"", ""commit"": ""f4fb100039e96211609dfc44fb24b9e4a8a0f2f9"", ""path"": ""net/ipv4/tcp_timer.c"", ""symbol"": ""tcp_write_timeout"", ""lines"": ""242-305"", ""url"": ""https://github.com/torvalds/linux/blob/f4fb100039e96211609dfc44fb24b9e4a8a0f2f9/net/ipv4/tcp_timer.c#L242-L305"", ""source_file_verified"": true, ""source_line_verified"": true, ""source_symbol_verified"": true}]",{},Emit start when retrans_stamp is first set; emit expiry immediately before tcp_write_err with state outside SYN_SENT/SYN_RECV and expired=true.,HYBRID
TCP,TCP-RTO-01,tcp_initial_rto_armed_1000ms_profile,ICSK_TIME_RETRANS is actually armed with a 1000 ms absolute deadline and fallback/override branches are false.,"network namespace + socket cookie + 4-tuple; sequence numbers correlate ACKs but are fields, not AP names","correlate first, then project one connection/transaction/flight; dynamic identifiers never enter AP names","one correlated obligation instance per timed word; if the trigger can repeat, the adapter spawns a new projection keyed by timer/request generation","[{""mapping"": ""primary"", ""role"": ""primary property hook"", ""event_predicate"": ""ICSK_TIME_RETRANS is actually armed with a 1000 ms absolute deadline and fallback/override branches are false."", ""instrumentation_timing"": ""Emit trigger from the timer-arm hook with deadline and generation; emit deadline independently of callback dispatch; emit superseded only when that generation is cancelled/rearmed."", ""atomic_propositions"": [""tcp_initial_rto_armed_1000ms_profile""], ""repository"": ""torvalds/linux"", ""commit"": ""f4fb100039e96211609dfc44fb24b9e4a8a0f2f9"", ""path"": ""include/net/tcp.h"", ""symbol"": ""TCP_TIMEOUT_INIT"", ""lines"": ""160-173"", ""url"": ""https://github.com/torvalds/linux/blob/f4fb100039e96211609dfc44fb24b9e4a8a0f2f9/include/net/tcp.h#L160-L173"", ""source_file_verified"": true, ""source_line_verified"": true, ""source_symbol_verified"": true}, {""mapping"": ""auxiliary:1"", ""role"": ""initial RTO timer arm after active-open send"", ""event_predicate"": ""ICSK_TIME_RETRANS is actually armed with a 1000 ms absolute deadline and fallback/override branches are false."", ""instrumentation_timing"": ""Emit trigger from the timer-arm hook with deadline and generation; emit deadline independently of callback dispatch; emit superseded only when that generation is cancelled/rearmed."", ""atomic_propositions"": [""tcp_initial_rto_armed_1000ms_profile""], ""repository"": ""torvalds/linux"", ""commit"": ""f4fb100039e96211609dfc44fb24b9e4a8a0f2f9"", ""path"": ""net/ipv4/tcp_output.c"", ""symbol"": ""tcp_connect"", ""lines"": ""4393-4398"", ""url"": ""https://github.com/torvalds/linux/blob/f4fb100039e96211609dfc44fb24b9e4a8a0f2f9/net/ipv4/tcp_output.c#L4393-L4398"", ""source_file_verified"": true, ""source_line_verified"": true, ""source_symbol_verified"": true}]",{},Emit trigger from the timer-arm hook with deadline and generation; emit deadline independently of callback dispatch; emit superseded only when that generation is cancelled/rearmed.,HYBRID
TCP,TCP-RTO-01,tcp_initial_rto_deadline_reached,The absolute deadline of that exact retransmission-timer generation is reached.,"network namespace + socket cookie + 4-tuple; sequence numbers correlate ACKs but are fields, not AP names","correlate first, then project one connection/transaction/flight; dynamic identifiers never enter AP names","one correlated obligation instance per timed word; if the trigger can repeat, the adapter spawns a new projection keyed by timer/request generation","[{""mapping"": ""auxiliary:2"", ""role"": ""retransmission timer deadline dispatch"", ""event_predicate"": ""The absolute deadline of that exact retransmission-timer generation is reached."", ""instrumentation_timing"": ""Emit trigger from the timer-arm hook with deadline and generation; emit deadline independently of callback dispatch; emit superseded only when that generation is cancelled/rearmed."", ""atomic_propositions"": [""tcp_initial_rto_deadline_reached""], ""repository"": ""torvalds/linux"", ""commit"": ""f4fb100039e96211609dfc44fb24b9e4a8a0f2f9"", ""path"": ""net/ipv4/tcp_timer.c"", ""symbol"": ""tcp_write_timer_handler"", ""lines"": ""695-728"", ""url"": ""https://github.com/torvalds/linux/blob/f4fb100039e96211609dfc44fb24b9e4a8a0f2f9/net/ipv4/tcp_timer.c#L695-L728"", ""source_file_verified"": true, ""source_line_verified"": true, ""source_symbol_verified"": true}]",{},Emit trigger from the timer-arm hook with deadline and generation; emit deadline independently of callback dispatch; emit superseded only when that generation is cancelled/rearmed.,HYBRID
TCP,TCP-RTO-01,tcp_initial_rto_superseded,"A correlated ACK, loss-state change, or explicit timer restart/cancel replaces that exact timer generation.","network namespace + socket cookie + 4-tuple; sequence numbers correlate ACKs but are fields, not AP names","correlate first, then project one connection/transaction/flight; dynamic identifiers never enter AP names","one correlated obligation instance per timed word; if the trigger can repeat, the adapter spawns a new projection keyed by timer/request generation","[{""mapping"": ""auxiliary:3"", ""role"": ""ACK-driven retransmission timer cancellation or replacement"", ""event_predicate"": ""A correlated ACK, loss-state change, or explicit timer restart/cancel replaces that exact timer generation."", ""instrumentation_timing"": ""Emit trigger from the timer-arm hook with deadline and generation; emit deadline independently of callback dispatch; emit superseded only when that generation is cancelled/rearmed."", ""atomic_propositions"": [""tcp_initial_rto_superseded""], ""repository"": ""torvalds/linux"", ""commit"": ""f4fb100039e96211609dfc44fb24b9e4a8a0f2f9"", ""path"": ""net/ipv4/tcp_input.c"", ""symbol"": ""tcp_rearm_rto"", ""lines"": ""3524-3550"", ""url"": ""https://github.com/torvalds/linux/blob/f4fb100039e96211609dfc44fb24b9e4a8a0f2f9/net/ipv4/tcp_input.c#L3524-L3550"", ""source_file_verified"": true, ""source_line_verified"": true, ""source_symbol_verified"": true}]",{},Emit trigger from the timer-arm hook with deadline and generation; emit deadline independently of callback dispatch; emit superseded only when that generation is cancelled/rearmed.,HYBRID
TCP,TCP-RTO-03,tcp_second_rto_armed_2000ms_normal_backoff,"The normal non-linear, non-thin-stream branch doubles 1000 ms to 2000 ms and arms a new timer generation.",socket cookie + retransmission generation counter,"correlate first, then project one connection/transaction/flight; dynamic identifiers never enter AP names","one correlated obligation instance per timed word; if the trigger can repeat, the adapter spawns a new projection keyed by timer/request generation","[{""mapping"": ""primary"", ""role"": ""primary property hook"", ""event_predicate"": ""The normal non-linear, non-thin-stream branch doubles 1000 ms to 2000 ms and arms a new timer generation."", ""instrumentation_timing"": ""After icsk_rto is doubled and tcp_reset_xmit_timer succeeds, emit the trigger with old/new RTO fields."", ""atomic_propositions"": [""tcp_second_rto_armed_2000ms_normal_backoff""], ""repository"": ""torvalds/linux"", ""commit"": ""f4fb100039e96211609dfc44fb24b9e4a8a0f2f9"", ""path"": ""net/ipv4/tcp_timer.c"", ""symbol"": ""tcp_retransmit_timer"", ""lines"": ""657-685"", ""url"": ""https://github.com/torvalds/linux/blob/f4fb100039e96211609dfc44fb24b9e4a8a0f2f9/net/ipv4/tcp_timer.c#L657-L685"", ""source_file_verified"": true, ""source_line_verified"": true, ""source_symbol_verified"": true}]",{},"After icsk_rto is doubled and tcp_reset_xmit_timer succeeds, emit the trigger with old/new RTO fields.",WHITEBOX
TCP,TCP-RTO-03,tcp_second_rto_deadline_reached,The absolute deadline of that exact 2000 ms generation is reached.,socket cookie + retransmission generation counter,"correlate first, then project one connection/transaction/flight; dynamic identifiers never enter AP names","one correlated obligation instance per timed word; if the trigger can repeat, the adapter spawns a new projection keyed by timer/request generation","[{""mapping"": ""auxiliary:1"", ""role"": ""retransmission timer deadline dispatch"", ""event_predicate"": ""The absolute deadline of that exact 2000 ms generation is reached."", ""instrumentation_timing"": ""After icsk_rto is doubled and tcp_reset_xmit_timer succeeds, emit the trigger with old/new RTO fields."", ""atomic_propositions"": [""tcp_second_rto_deadline_reached""], ""repository"": ""torvalds/linux"", ""commit"": ""f4fb100039e96211609dfc44fb24b9e4a8a0f2f9"", ""path"": ""net/ipv4/tcp_timer.c"", ""symbol"": ""tcp_write_timer_handler"", ""lines"": ""695-728"", ""url"": ""https://github.com/torvalds/linux/blob/f4fb100039e96211609dfc44fb24b9e4a8a0f2f9/net/ipv4/tcp_timer.c#L695-L728"", ""source_file_verified"": true, ""source_line_verified"": true, ""source_symbol_verified"": true}]",{},"After icsk_rto is doubled and tcp_reset_xmit_timer succeeds, emit the trigger with old/new RTO fields.",WHITEBOX
TCP,TCP-RTO-03,tcp_second_rto_superseded,A qualifying ACK or timer restart/cancel replaces that exact generation.,socket cookie + retransmission generation counter,"correlate first, then project one connection/transaction/flight; dynamic identifiers never enter AP names","one correlated obligation instance per timed word; if the trigger can repeat, the adapter spawns a new projection keyed by timer/request generation","[{""mapping"": ""auxiliary:2"", ""role"": ""ACK-driven retransmission timer cancellation or replacement"", ""event_predicate"": ""A qualifying ACK or timer restart/cancel replaces that exact generation."", ""instrumentation_timing"": ""After icsk_rto is doubled and tcp_reset_xmit_timer succeeds, emit the trigger with old/new RTO fields."", ""atomic_propositions"": [""tcp_second_rto_superseded""], ""repository"": ""torvalds/linux"", ""commit"": ""f4fb100039e96211609dfc44fb24b9e4a8a0f2f9"", ""path"": ""net/ipv4/tcp_input.c"", ""symbol"": ""tcp_rearm_rto"", ""lines"": ""3524-3550"", ""url"": ""https://github.com/torvalds/linux/blob/f4fb100039e96211609dfc44fb24b9e4a8a0f2f9/net/ipv4/tcp_input.c#L3524-L3550"", ""source_file_verified"": true, ""source_line_verified"": true, ""source_symbol_verified"": true}]",{},"After icsk_rto is doubled and tcp_reset_xmit_timer succeeds, emit the trigger with old/new RTO fields.",WHITEBOX
TCP,TCP-SYN-01,tcp_active_open_syn_r2_started,Initial SYN is transmitted for an active open under the stack's default SYN-retry policy.,network namespace + socket cookie + active-open attempt,"correlate first, then project one connection/transaction/flight; dynamic identifiers never enter AP names","one correlated obligation instance per timed word; if the trigger can repeat, the adapter spawns a new projection keyed by timer/request generation","[{""mapping"": ""auxiliary:1"", ""role"": ""initial active-open SYN transmission and retransmission timer arm"", ""event_predicate"": ""Initial SYN is transmitted for an active open under the stack's default SYN-retry policy."", ""instrumentation_timing"": ""Start at initial SYN output; emit failure immediately before tcp_write_err when SYN_SENT and expired is due to retry_until."", ""atomic_propositions"": [""tcp_active_open_syn_r2_started""], ""repository"": ""torvalds/linux"", ""commit"": ""f4fb100039e96211609dfc44fb24b9e4a8a0f2f9"", ""path"": ""net/ipv4/tcp_output.c"", ""symbol"": ""tcp_connect"", ""lines"": ""4360-4398"", ""url"": ""https://github.com/torvalds/linux/blob/f4fb100039e96211609dfc44fb24b9e4a8a0f2f9/net/ipv4/tcp_output.c#L4360-L4398"", ""source_file_verified"": true, ""source_line_verified"": true, ""source_symbol_verified"": true}, {""mapping"": ""auxiliary:2"", ""role"": ""locked Linux SYN retry-policy deviation evidence"", ""event_predicate"": ""Initial SYN is transmitted for an active open under the stack's default SYN-retry policy."", ""instrumentation_timing"": ""Start at initial SYN output; emit failure immediately before tcp_write_err when SYN_SENT and expired is due to retry_until."", ""atomic_propositions"": [""tcp_active_open_syn_r2_started"", ""tcp_open_failed_by_syn_r2_expiry""], ""repository"": ""torvalds/linux"", ""commit"": ""f4fb100039e96211609dfc44fb24b9e4a8a0f2f9"", ""path"": ""include/net/tcp.h"", ""symbol"": ""TCP_SYN_RETRIES"", ""lines"": ""124-131"", ""url"": ""https://github.com/torvalds/linux/blob/f4fb100039e96211609dfc44fb24b9e4a8a0f2f9/include/net/tcp.h#L124-L131"", ""source_file_verified"": true, ""source_line_verified"": true, ""source_symbol_verified"": true}]",{},Start at initial SYN output; emit failure immediately before tcp_write_err when SYN_SENT and expired is due to retry_until.,HYBRID
TCP,TCP-SYN-01,tcp_open_failed_by_syn_r2_expiry,tcp_write_timeout closes SYN_SENT specifically because its retransmission R2 threshold expired.,network namespace + socket cookie + active-open attempt,"correlate first, then project one connection/transaction/flight; dynamic identifiers never enter AP names","one correlated obligation instance per timed word; if the trigger can repeat, the adapter spawns a new projection keyed by timer/request generation","[{""mapping"": ""primary"", ""role"": ""primary property hook"", ""event_predicate"": ""tcp_write_timeout closes SYN_SENT specifically because its retransmission R2 threshold expired."", ""instrumentation_timing"": ""Start at initial SYN output; emit failure immediately before tcp_write_err when SYN_SENT and expired is due to retry_until."", ""atomic_propositions"": [""tcp_open_failed_by_syn_r2_expiry""], ""repository"": ""torvalds/linux"", ""commit"": ""f4fb100039e96211609dfc44fb24b9e4a8a0f2f9"", ""path"": ""net/ipv4/tcp_timer.c"", ""symbol"": ""tcp_write_timeout"", ""lines"": ""242-298"", ""url"": ""https://github.com/torvalds/linux/blob/f4fb100039e96211609dfc44fb24b9e4a8a0f2f9/net/ipv4/tcp_timer.c#L242-L298"", ""source_file_verified"": true, ""source_line_verified"": true, ""source_symbol_verified"": true}, {""mapping"": ""auxiliary:2"", ""role"": ""locked Linux SYN retry-policy deviation evidence"", ""event_predicate"": ""tcp_write_timeout closes SYN_SENT specifically because its retransmission R2 threshold expired."", ""instrumentation_timing"": ""Start at initial SYN output; emit failure immediately before tcp_write_err when SYN_SENT and expired is due to retry_until."", ""atomic_propositions"": [""tcp_active_open_syn_r2_started"", ""tcp_open_failed_by_syn_r2_expiry""], ""repository"": ""torvalds/linux"", ""commit"": ""f4fb100039e96211609dfc44fb24b9e4a8a0f2f9"", ""path"": ""include/net/tcp.h"", ""symbol"": ""TCP_SYN_RETRIES"", ""lines"": ""124-131"", ""url"": ""https://github.com/torvalds/linux/blob/f4fb100039e96211609dfc44fb24b9e4a8a0f2f9/include/net/tcp.h#L124-L131"", ""source_file_verified"": true, ""source_line_verified"": true, ""source_symbol_verified"": true}]",{},Start at initial SYN output; emit failure immediately before tcp_write_err when SYN_SENT and expired is due to retry_until.,HYBRID
TCP,TCP-TW-01,tcp_time_wait_entered_linux_profile,A TIME-WAIT bucket is created with Linux TCP_TIMEWAIT_LEN=60 seconds.,network namespace + 4-tuple + TIME-WAIT bucket cookie,"correlate first, then project one connection/transaction/flight; dynamic identifiers never enter AP names","one correlated obligation instance per timed word; if the trigger can repeat, the adapter spawns a new projection keyed by timer/request generation","[{""mapping"": ""primary"", ""role"": ""primary property hook"", ""event_predicate"": ""A TIME-WAIT bucket is created with Linux TCP_TIMEWAIT_LEN=60 seconds."", ""instrumentation_timing"": ""Emit entry at tcp_time_wait creation and destruction immediately before inet_twsk_kill/deschedule."", ""atomic_propositions"": [""tcp_time_wait_entered_linux_profile""], ""repository"": ""torvalds/linux"", ""commit"": ""f4fb100039e96211609dfc44fb24b9e4a8a0f2f9"", ""path"": ""include/net/tcp.h"", ""symbol"": ""TCP_TIMEWAIT_LEN"", ""lines"": ""140-148"", ""url"": ""https://github.com/torvalds/linux/blob/f4fb100039e96211609dfc44fb24b9e4a8a0f2f9/include/net/tcp.h#L140-L148"", ""source_file_verified"": true, ""source_line_verified"": true, ""source_symbol_verified"": true}, {""mapping"": ""auxiliary:1"", ""role"": ""TIME-WAIT bucket creation and scheduling"", ""event_predicate"": ""A TIME-WAIT bucket is created with Linux TCP_TIMEWAIT_LEN=60 seconds."", ""instrumentation_timing"": ""Emit entry at tcp_time_wait creation and destruction immediately before inet_twsk_kill/deschedule."", ""atomic_propositions"": [""tcp_time_wait_entered_linux_profile""], ""repository"": ""torvalds/linux"", ""commit"": ""f4fb100039e96211609dfc44fb24b9e4a8a0f2f9"", ""path"": ""net/ipv4/tcp_minisocks.c"", ""symbol"": ""tcp_time_wait"", ""lines"": ""326-394"", ""url"": ""https://github.com/torvalds/linux/blob/f4fb100039e96211609dfc44fb24b9e4a8a0f2f9/net/ipv4/tcp_minisocks.c#L326-L394"", ""source_file_verified"": true, ""source_line_verified"": true, ""source_symbol_verified"": true}]",{},Emit entry at tcp_time_wait creation and destruction immediately before inet_twsk_kill/deschedule.,HYBRID
TCP,TCP-TW-01,tcp_time_wait_state_destroyed,The bucket is removed by the ordinary TIME-WAIT expiry path.,network namespace + 4-tuple + TIME-WAIT bucket cookie,"correlate first, then project one connection/transaction/flight; dynamic identifiers never enter AP names","one correlated obligation instance per timed word; if the trigger can repeat, the adapter spawns a new projection keyed by timer/request generation","[{""mapping"": ""auxiliary:2"", ""role"": ""ordinary TIME-WAIT expiry destruction"", ""event_predicate"": ""The bucket is removed by the ordinary TIME-WAIT expiry path."", ""instrumentation_timing"": ""Emit entry at tcp_time_wait creation and destruction immediately before inet_twsk_kill/deschedule."", ""atomic_propositions"": [""tcp_time_wait_state_destroyed""], ""repository"": ""torvalds/linux"", ""commit"": ""f4fb100039e96211609dfc44fb24b9e4a8a0f2f9"", ""path"": ""net/ipv4/inet_timewait_sock.c"", ""symbol"": ""tw_timer_handler"", ""lines"": ""161-166"", ""url"": ""https://github.com/torvalds/linux/blob/f4fb100039e96211609dfc44fb24b9e4a8a0f2f9/net/ipv4/inet_timewait_sock.c#L161-L166"", ""source_file_verified"": true, ""source_line_verified"": true, ""source_symbol_verified"": true}]",{},Emit entry at tcp_time_wait creation and destruction immediately before inet_twsk_kill/deschedule.,HYBRID
TCP,TCP-TW-01,tcp_valid_timewait_reopen_or_admin_cleanup,Guarded RFC reopen/reuse or explicit administrative cleanup causes early removal and is classified separately.,network namespace + 4-tuple + TIME-WAIT bucket cookie,"correlate first, then project one connection/transaction/flight; dynamic identifiers never enter AP names","one correlated obligation instance per timed word; if the trigger can repeat, the adapter spawns a new projection keyed by timer/request generation","[{""mapping"": ""auxiliary:3"", ""role"": ""guarded direct reopen and exceptional early removal classification"", ""event_predicate"": ""Guarded RFC reopen/reuse or explicit administrative cleanup causes early removal and is classified separately."", ""instrumentation_timing"": ""Emit entry at tcp_time_wait creation and destruction immediately before inet_twsk_kill/deschedule."", ""atomic_propositions"": [""tcp_valid_timewait_reopen_or_admin_cleanup""], ""repository"": ""torvalds/linux"", ""commit"": ""f4fb100039e96211609dfc44fb24b9e4a8a0f2f9"", ""path"": ""net/ipv4/tcp_minisocks.c"", ""symbol"": ""tcp_timewait_state_process"", ""lines"": ""186-261"", ""url"": ""https://github.com/torvalds/linux/blob/f4fb100039e96211609dfc44fb24b9e4a8a0f2f9/net/ipv4/tcp_minisocks.c#L186-L261"", ""source_file_verified"": true, ""source_line_verified"": true, ""source_symbol_verified"": true}]",{},Emit entry at tcp_time_wait creation and destruction immediately before inet_twsk_kill/deschedule.,HYBRID
TCP,TCP-ZWP-01,tcp_probe0_timer_armed_1000ms,ICSK_TIME_PROBE0 is actually armed at a 1000 ms deadline for one zero-window generation.,socket cookie + advertised-window update generation,"correlate first, then project one connection/transaction/flight; dynamic identifiers never enter AP names","one correlated obligation instance per timed word; if the trigger can repeat, the adapter spawns a new projection keyed by timer/request generation","[{""mapping"": ""primary"", ""role"": ""primary property hook"", ""event_predicate"": ""ICSK_TIME_PROBE0 is actually armed at a 1000 ms deadline for one zero-window generation."", ""instrumentation_timing"": ""Record the zero-window trigger when ICSK_TIME_PROBE0 is armed; record the probe at tcp_send_probe0/tcp_write_wakeup success."", ""atomic_propositions"": [""tcp_probe0_timer_armed_1000ms""], ""repository"": ""torvalds/linux"", ""commit"": ""f4fb100039e96211609dfc44fb24b9e4a8a0f2f9"", ""path"": ""include/net/tcp.h"", ""symbol"": ""tcp_check_probe_timer"", ""lines"": ""1640-1667"", ""url"": ""https://github.com/torvalds/linux/blob/f4fb100039e96211609dfc44fb24b9e4a8a0f2f9/include/net/tcp.h#L1640-L1667"", ""source_file_verified"": true, ""source_line_verified"": true, ""source_symbol_verified"": true}]",{},Record the zero-window trigger when ICSK_TIME_PROBE0 is armed; record the probe at tcp_send_probe0/tcp_write_wakeup success.,HYBRID
TCP,TCP-ZWP-01,tcp_probe0_deadline_or_attempt,"That generation reaches its deadline and enters the probe-attempt path, independent of local send success.",socket cookie + advertised-window update generation,"correlate first, then project one connection/transaction/flight; dynamic identifiers never enter AP names","one correlated obligation instance per timed word; if the trigger can repeat, the adapter spawns a new projection keyed by timer/request generation","[{""mapping"": ""auxiliary:1"", ""role"": ""PROBE0 deadline dispatch and attempt entry"", ""event_predicate"": ""That generation reaches its deadline and enters the probe-attempt path, independent of local send success."", ""instrumentation_timing"": ""Record the zero-window trigger when ICSK_TIME_PROBE0 is armed; record the probe at tcp_send_probe0/tcp_write_wakeup success."", ""atomic_propositions"": [""tcp_probe0_deadline_or_attempt""], ""repository"": ""torvalds/linux"", ""commit"": ""f4fb100039e96211609dfc44fb24b9e4a8a0f2f9"", ""path"": ""net/ipv4/tcp_timer.c"", ""symbol"": ""tcp_write_timer_handler"", ""lines"": ""695-728"", ""url"": ""https://github.com/torvalds/linux/blob/f4fb100039e96211609dfc44fb24b9e4a8a0f2f9/net/ipv4/tcp_timer.c#L695-L728"", ""source_file_verified"": true, ""source_line_verified"": true, ""source_symbol_verified"": true}]",{},Record the zero-window trigger when ICSK_TIME_PROBE0 is armed; record the probe at tcp_send_probe0/tcp_write_wakeup success.,HYBRID
TCP,TCP-ZWP-01,tcp_probe0_superseded,"Window-open, user-timeout, connection termination, or explicit timer replacement cancels that generation.",socket cookie + advertised-window update generation,"correlate first, then project one connection/transaction/flight; dynamic identifiers never enter AP names","one correlated obligation instance per timed word; if the trigger can repeat, the adapter spawns a new projection keyed by timer/request generation","[{""mapping"": ""auxiliary:2"", ""role"": ""window-open clear or probe-timer rearm"", ""event_predicate"": ""Window-open, user-timeout, connection termination, or explicit timer replacement cancels that generation."", ""instrumentation_timing"": ""Record the zero-window trigger when ICSK_TIME_PROBE0 is armed; record the probe at tcp_send_probe0/tcp_write_wakeup success."", ""atomic_propositions"": [""tcp_probe0_superseded""], ""repository"": ""torvalds/linux"", ""commit"": ""f4fb100039e96211609dfc44fb24b9e4a8a0f2f9"", ""path"": ""net/ipv4/tcp_input.c"", ""symbol"": ""tcp_ack_probe"", ""lines"": ""3807-3828"", ""url"": ""https://github.com/torvalds/linux/blob/f4fb100039e96211609dfc44fb24b9e4a8a0f2f9/net/ipv4/tcp_input.c#L3807-L3828"", ""source_file_verified"": true, ""source_line_verified"": true, ""source_symbol_verified"": true}]",{},Record the zero-window trigger when ICSK_TIME_PROBE0 is armed; record the probe at tcp_send_probe0/tcp_write_wakeup success.,HYBRID
TCP,TCP-ZWP-02,tcp_probe0_backoff_armed_2000ms,Normal zero-window backoff increments and arms the next timer generation at 2000 ms.,socket cookie + zero-window probe generation,"correlate first, then project one connection/transaction/flight; dynamic identifiers never enter AP names","one correlated obligation instance per timed word; if the trigger can repeat, the adapter spawns a new projection keyed by timer/request generation","[{""mapping"": ""primary"", ""role"": ""primary property hook"", ""event_predicate"": ""Normal zero-window backoff increments and arms the next timer generation at 2000 ms."", ""instrumentation_timing"": ""After icsk_backoff increments and tcp_probe0_when computes the next timer, record old/new interval and probe generation."", ""atomic_propositions"": [""tcp_probe0_backoff_armed_2000ms"", ""tcp_probe0_second_deadline_or_attempt"", ""tcp_probe0_second_superseded""], ""repository"": ""torvalds/linux"", ""commit"": ""f4fb100039e96211609dfc44fb24b9e4a8a0f2f9"", ""path"": ""net/ipv4/tcp_output.c"", ""symbol"": ""tcp_send_probe0"", ""lines"": ""4601-4635"", ""url"": ""https://github.com/torvalds/linux/blob/f4fb100039e96211609dfc44fb24b9e4a8a0f2f9/net/ipv4/tcp_output.c#L4601-L4635"", ""source_file_verified"": true, ""source_line_verified"": true, ""source_symbol_verified"": true}]",{},"After icsk_backoff increments and tcp_probe0_when computes the next timer, record old/new interval and probe generation.",WHITEBOX
TCP,TCP-ZWP-02,tcp_probe0_second_deadline_or_attempt,That exact generation reaches deadline and enters its send-attempt path.,socket cookie + zero-window probe generation,"correlate first, then project one connection/transaction/flight; dynamic identifiers never enter AP names","one correlated obligation instance per timed word; if the trigger can repeat, the adapter spawns a new projection keyed by timer/request generation","[{""mapping"": ""primary"", ""role"": ""primary property hook"", ""event_predicate"": ""That exact generation reaches deadline and enters its send-attempt path."", ""instrumentation_timing"": ""After icsk_backoff increments and tcp_probe0_when computes the next timer, record old/new interval and probe generation."", ""atomic_propositions"": [""tcp_probe0_backoff_armed_2000ms"", ""tcp_probe0_second_deadline_or_attempt"", ""tcp_probe0_second_superseded""], ""repository"": ""torvalds/linux"", ""commit"": ""f4fb100039e96211609dfc44fb24b9e4a8a0f2f9"", ""path"": ""net/ipv4/tcp_output.c"", ""symbol"": ""tcp_send_probe0"", ""lines"": ""4601-4635"", ""url"": ""https://github.com/torvalds/linux/blob/f4fb100039e96211609dfc44fb24b9e4a8a0f2f9/net/ipv4/tcp_output.c#L4601-L4635"", ""source_file_verified"": true, ""source_line_verified"": true, ""source_symbol_verified"": true}]",{},"After icsk_backoff increments and tcp_probe0_when computes the next timer, record old/new interval and probe generation.",WHITEBOX
TCP,TCP-ZWP-02,tcp_probe0_second_superseded,"Window-open, local-resource reschedule, user-timeout, termination, or explicit rearm replaces the generation.",socket cookie + zero-window probe generation,"correlate first, then project one connection/transaction/flight; dynamic identifiers never enter AP names","one correlated obligation instance per timed word; if the trigger can repeat, the adapter spawns a new projection keyed by timer/request generation","[{""mapping"": ""primary"", ""role"": ""primary property hook"", ""event_predicate"": ""Window-open, local-resource reschedule, user-timeout, termination, or explicit rearm replaces the generation."", ""instrumentation_timing"": ""After icsk_backoff increments and tcp_probe0_when computes the next timer, record old/new interval and probe generation."", ""atomic_propositions"": [""tcp_probe0_backoff_armed_2000ms"", ""tcp_probe0_second_deadline_or_attempt"", ""tcp_probe0_second_superseded""], ""repository"": ""torvalds/linux"", ""commit"": ""f4fb100039e96211609dfc44fb24b9e4a8a0f2f9"", ""path"": ""net/ipv4/tcp_output.c"", ""symbol"": ""tcp_send_probe0"", ""lines"": ""4601-4635"", ""url"": ""https://github.com/torvalds/linux/blob/f4fb100039e96211609dfc44fb24b9e4a8a0f2f9/net/ipv4/tcp_output.c#L4601-L4635"", ""source_file_verified"": true, ""source_line_verified"": true, ""source_symbol_verified"": true}]",{},"After icsk_backoff increments and tcp_probe0_when computes the next timer, record old/new interval and probe generation.",WHITEBOX
QUIC,QUIC-ACK-01,quic_1rtt_ack_eliciting_packet_processed_default_ack_delay,"Protected 1-RTT packet is fully processed, is ack-eliciting, and local max_ack_delay is the absent-parameter default.",QUIC connection object + packet number space + packet number; packet numbers stay fields,"correlate first, then project one connection/transaction/flight; dynamic identifiers never enter AP names","one correlated obligation instance per timed word; if the trigger can repeat, the adapter spawns a new projection keyed by timer/request generation","[{""mapping"": ""primary"", ""role"": ""primary property hook"", ""event_predicate"": ""Protected 1-RTT packet is fully processed, is ack-eliciting, and local max_ack_delay is the absent-parameter default."", ""instrumentation_timing"": ""Start at pktns_commit_recv_pkt_num; finish when ngtcp2_acktr_create_ack_frame output is serialized."", ""atomic_propositions"": [""quic_1rtt_ack_eliciting_packet_processed_default_ack_delay""], ""repository"": ""ngtcp2/ngtcp2"", ""commit"": ""fcb5cdaba44a8fb1c821319af306e3f38f18e738"", ""path"": ""lib/ngtcp2_conn.c"", ""symbol"": ""conn_compute_ack_delay"", ""lines"": ""1847-1855"", ""url"": ""https://github.com/ngtcp2/ngtcp2/blob/fcb5cdaba44a8fb1c821319af306e3f38f18e738/lib/ngtcp2_conn.c#L1847-L1855"", ""source_file_verified"": true, ""source_line_verified"": true, ""source_symbol_verified"": true}, {""mapping"": ""auxiliary:1"", ""role"": ""default max_ack_delay profile constant"", ""event_predicate"": ""Protected 1-RTT packet is fully processed, is ack-eliciting, and local max_ack_delay is the absent-parameter default."", ""instrumentation_timing"": ""Start at pktns_commit_recv_pkt_num; finish when ngtcp2_acktr_create_ack_frame output is serialized."", ""atomic_propositions"": [""quic_1rtt_ack_eliciting_packet_processed_default_ack_delay""], ""repository"": ""ngtcp2/ngtcp2"", ""commit"": ""fcb5cdaba44a8fb1c821319af306e3f38f18e738"", ""path"": ""lib/includes/ngtcp2/ngtcp2.h"", ""symbol"": ""NGTCP2_DEFAULT_MAX_ACK_DELAY"", ""lines"": ""1278-1285"", ""url"": ""https://github.com/ngtcp2/ngtcp2/blob/fcb5cdaba44a8fb1c821319af306e3f38f18e738/lib/includes/ngtcp2/ngtcp2.h#L1278-L1285"", ""source_file_verified"": true, ""source_line_verified"": true, ""source_symbol_verified"": true}, {""mapping"": ""auxiliary:2"", ""role"": ""commit fully processed ack-eliciting packet number"", ""event_predicate"": ""Protected 1-RTT packet is fully processed, is ack-eliciting, and local max_ack_delay is the absent-parameter default."", ""instrumentation_timing"": ""Start at pktns_commit_recv_pkt_num; finish when ngtcp2_acktr_create_ack_frame output is serialized."", ""atomic_propositions"": [""quic_1rtt_ack_eliciting_packet_processed_default_ack_delay""], ""repository"": ""ngtcp2/ngtcp2"", ""commit"": ""fcb5cdaba44a8fb1c821319af306e3f38f18e738"", ""path"": ""lib/ngtcp2_conn.c"", ""symbol"": ""pktns_commit_recv_pkt_num"", ""lines"": ""6293-6337"", ""url"": ""https://github.com/ngtcp2/ngtcp2/blob/fcb5cdaba44a8fb1c821319af306e3f38f18e738/lib/ngtcp2_conn.c#L6293-L6337"", ""source_file_verified"": true, ""source_line_verified"": true, ""source_symbol_verified"": true}]",{},Start at pktns_commit_recv_pkt_num; finish when ngtcp2_acktr_create_ack_frame output is serialized.,HYBRID
QUIC,QUIC-ACK-01,quic_ack_covering_packet_sent,An outgoing ACK frame contains the correlated packet number.,QUIC connection object + packet number space + packet number; packet numbers stay fields,"correlate first, then project one connection/transaction/flight; dynamic identifiers never enter AP names","one correlated obligation instance per timed word; if the trigger can repeat, the adapter spawns a new projection keyed by timer/request generation","[{""mapping"": ""auxiliary:3"", ""role"": ""ACK frame range construction for outgoing packet"", ""event_predicate"": ""An outgoing ACK frame contains the correlated packet number."", ""instrumentation_timing"": ""Start at pktns_commit_recv_pkt_num; finish when ngtcp2_acktr_create_ack_frame output is serialized."", ""atomic_propositions"": [""quic_ack_covering_packet_sent""], ""repository"": ""ngtcp2/ngtcp2"", ""commit"": ""fcb5cdaba44a8fb1c821319af306e3f38f18e738"", ""path"": ""lib/ngtcp2_acktr.c"", ""symbol"": ""ngtcp2_acktr_create_ack_frame"", ""lines"": ""340-426"", ""url"": ""https://github.com/ngtcp2/ngtcp2/blob/fcb5cdaba44a8fb1c821319af306e3f38f18e738/lib/ngtcp2_acktr.c#L340-L426"", ""source_file_verified"": true, ""source_line_verified"": true, ""source_symbol_verified"": true}]",{},Start at pktns_commit_recv_pkt_num; finish when ngtcp2_acktr_create_ack_frame output is serialized.,HYBRID
QUIC,QUIC-IDLE-01,quic_connection_became_idle_ngtcp2_30s_profile,Negotiated effective idle timeout is 30000 ms and the last activity timestamp starts a new idle generation.,ngtcp2 connection object + negotiated transport-parameter snapshot,"correlate first, then project one connection/transaction/flight; dynamic identifiers never enter AP names","one correlated obligation instance per timed word; if the trigger can repeat, the adapter spawns a new projection keyed by timer/request generation","[{""mapping"": ""primary"", ""role"": ""primary property hook"", ""event_predicate"": ""Negotiated effective idle timeout is 30000 ms and the last activity timestamp starts a new idle generation."", ""instrumentation_timing"": ""Emit idle start whenever conn_restart_timer_on_read/write updates idle_ts; emit discard immediately before application connection removal."", ""atomic_propositions"": [""quic_connection_became_idle_ngtcp2_30s_profile""], ""repository"": ""ngtcp2/ngtcp2"", ""commit"": ""fcb5cdaba44a8fb1c821319af306e3f38f18e738"", ""path"": ""lib/ngtcp2_conn.c"", ""symbol"": ""ngtcp2_conn_get_idle_expiry"", ""lines"": ""14060-14092"", ""url"": ""https://github.com/ngtcp2/ngtcp2/blob/fcb5cdaba44a8fb1c821319af306e3f38f18e738/lib/ngtcp2_conn.c#L14060-L14092"", ""source_file_verified"": true, ""source_line_verified"": true, ""source_symbol_verified"": true}, {""mapping"": ""auxiliary:1"", ""role"": ""example server installs configured idle timeout transport parameter"", ""event_predicate"": ""Negotiated effective idle timeout is 30000 ms and the last activity timestamp starts a new idle generation."", ""instrumentation_timing"": ""Emit idle start whenever conn_restart_timer_on_read/write updates idle_ts; emit discard immediately before application connection removal."", ""atomic_propositions"": [""quic_connection_became_idle_ngtcp2_30s_profile""], ""repository"": ""ngtcp2/ngtcp2"", ""commit"": ""fcb5cdaba44a8fb1c821319af306e3f38f18e738"", ""path"": ""examples/server.cc"", ""symbol"": ""Handler::init"", ""lines"": ""817-827"", ""url"": ""https://github.com/ngtcp2/ngtcp2/blob/fcb5cdaba44a8fb1c821319af306e3f38f18e738/examples/server.cc#L817-L827"", ""source_file_verified"": true, ""source_line_verified"": true, ""source_symbol_verified"": true}, {""mapping"": ""auxiliary:2"", ""role"": ""read activity starts a new idle generation"", ""event_predicate"": ""Negotiated effective idle timeout is 30000 ms and the last activity timestamp starts a new idle generation."", ""instrumentation_timing"": ""Emit idle start whenever conn_restart_timer_on_read/write updates idle_ts; emit discard immediately before application connection removal."", ""atomic_propositions"": [""quic_connection_became_idle_ngtcp2_30s_profile""], ""repository"": ""ngtcp2/ngtcp2"", ""commit"": ""fcb5cdaba44a8fb1c821319af306e3f38f18e738"", ""path"": ""lib/ngtcp2_conn.c"", ""symbol"": ""conn_restart_timer_on_read"", ""lines"": ""2163-2166"", ""url"": ""https://github.com/ngtcp2/ngtcp2/blob/fcb5cdaba44a8fb1c821319af306e3f38f18e738/lib/ngtcp2_conn.c#L2163-L2166"", ""source_file_verified"": true, ""source_line_verified"": true, ""source_symbol_verified"": true}, {""mapping"": ""auxiliary:3"", ""role"": ""write activity starts a new idle generation"", ""event_predicate"": ""Negotiated effective idle timeout is 30000 ms and the last activity timestamp starts a new idle generation."", ""instrumentation_timing"": ""Emit idle start whenever conn_restart_timer_on_read/write updates idle_ts; emit discard immediately before application connection removal."", ""atomic_propositions"": [""quic_connection_became_idle_ngtcp2_30s_profile""], ""repository"": ""ngtcp2/ngtcp2"", ""commit"": ""fcb5cdaba44a8fb1c821319af306e3f38f18e738"", ""path"": ""lib/ngtcp2_conn.c"", ""symbol"": ""conn_restart_timer_on_write"", ""lines"": ""2158-2161"", ""url"": ""https://github.com/ngtcp2/ngtcp2/blob/fcb5cdaba44a8fb1c821319af306e3f38f18e738/lib/ngtcp2_conn.c#L2158-L2161"", ""source_file_verified"": true, ""source_line_verified"": true, ""source_symbol_verified"": true}]",{},Emit idle start whenever conn_restart_timer_on_read/write updates idle_ts; emit discard immediately before application connection removal.,HYBRID
QUIC,QUIC-IDLE-01,quic_connection_state_discarded,Connection state is disposed specifically by the idle-expiry path.,ngtcp2 connection object + negotiated transport-parameter snapshot,"correlate first, then project one connection/transaction/flight; dynamic identifiers never enter AP names","one correlated obligation instance per timed word; if the trigger can repeat, the adapter spawns a new projection keyed by timer/request generation","[{""mapping"": ""auxiliary:4"", ""role"": ""connection-state disposal hook"", ""event_predicate"": ""Connection state is disposed specifically by the idle-expiry path."", ""instrumentation_timing"": ""Emit idle start whenever conn_restart_timer_on_read/write updates idle_ts; emit discard immediately before application connection removal."", ""atomic_propositions"": [""quic_connection_state_discarded""], ""repository"": ""ngtcp2/ngtcp2"", ""commit"": ""fcb5cdaba44a8fb1c821319af306e3f38f18e738"", ""path"": ""lib/ngtcp2_conn.c"", ""symbol"": ""ngtcp2_conn_del"", ""lines"": ""1740-1845"", ""url"": ""https://github.com/ngtcp2/ngtcp2/blob/fcb5cdaba44a8fb1c821319af306e3f38f18e738/lib/ngtcp2_conn.c#L1740-L1845"", ""source_file_verified"": true, ""source_line_verified"": true, ""source_symbol_verified"": true}]",{},Emit idle start whenever conn_restart_timer_on_read/write updates idle_ts; emit discard immediately before application connection removal.,HYBRID
QUIC,QUIC-IDLE-01,quic_explicit_close_or_terminal_received,"Application close, peer close/stateless reset, or terminal transport error legitimately ends the open-idle profile.",ngtcp2 connection object + negotiated transport-parameter snapshot,"correlate first, then project one connection/transaction/flight; dynamic identifiers never enter AP names","one correlated obligation instance per timed word; if the trigger can repeat, the adapter spawns a new projection keyed by timer/request generation","[{""mapping"": ""auxiliary:5"", ""role"": ""peer CONNECTION_CLOSE transition to draining"", ""event_predicate"": ""Application close, peer close/stateless reset, or terminal transport error legitimately ends the open-idle profile."", ""instrumentation_timing"": ""Emit idle start whenever conn_restart_timer_on_read/write updates idle_ts; emit discard immediately before application connection removal."", ""atomic_propositions"": [""quic_explicit_close_or_terminal_received""], ""repository"": ""ngtcp2/ngtcp2"", ""commit"": ""fcb5cdaba44a8fb1c821319af306e3f38f18e738"", ""path"": ""lib/ngtcp2_conn.c"", ""symbol"": ""conn_recv_connection_close"", ""lines"": ""6054-6084"", ""url"": ""https://github.com/ngtcp2/ngtcp2/blob/fcb5cdaba44a8fb1c821319af306e3f38f18e738/lib/ngtcp2_conn.c#L6054-L6084"", ""source_file_verified"": true, ""source_line_verified"": true, ""source_symbol_verified"": true}, {""mapping"": ""auxiliary:6"", ""role"": ""validated stateless reset transition to draining"", ""event_predicate"": ""Application close, peer close/stateless reset, or terminal transport error legitimately ends the open-idle profile."", ""instrumentation_timing"": ""Emit idle start whenever conn_restart_timer_on_read/write updates idle_ts; emit discard immediately before application connection removal."", ""atomic_propositions"": [""quic_explicit_close_or_terminal_received""], ""repository"": ""ngtcp2/ngtcp2"", ""commit"": ""fcb5cdaba44a8fb1c821319af306e3f38f18e738"", ""path"": ""lib/ngtcp2_conn.c"", ""symbol"": ""conn_on_stateless_reset"", ""lines"": ""8046-8074"", ""url"": ""https://github.com/ngtcp2/ngtcp2/blob/fcb5cdaba44a8fb1c821319af306e3f38f18e738/lib/ngtcp2_conn.c#L8046-L8074"", ""source_file_verified"": true, ""source_line_verified"": true, ""source_symbol_verified"": true}, {""mapping"": ""auxiliary:7"", ""role"": ""local CONNECTION_CLOSE transition to closing"", ""event_predicate"": ""Application close, peer close/stateless reset, or terminal transport error legitimately ends the open-idle profile."", ""instrumentation_timing"": ""Emit idle start whenever conn_restart_timer_on_read/write updates idle_ts; emit discard immediately before application connection removal."", ""atomic_propositions"": [""quic_explicit_close_or_terminal_received""], ""repository"": ""ngtcp2/ngtcp2"", ""commit"": ""fcb5cdaba44a8fb1c821319af306e3f38f18e738"", ""path"": ""lib/ngtcp2_conn.c"", ""symbol"": ""ngtcp2_conn_write_connection_close_pkt"", ""lines"": ""12688-12749"", ""url"": ""https://github.com/ngtcp2/ngtcp2/blob/fcb5cdaba44a8fb1c821319af306e3f38f18e738/lib/ngtcp2_conn.c#L12688-L12749"", ""source_file_verified"": true, ""source_line_verified"": true, ""source_symbol_verified"": true}]",{},Emit idle start whenever conn_restart_timer_on_read/write updates idle_ts; emit discard immediately before application connection removal.,HYBRID
QUIC,QUIC-KU-01,quic_previous_key_update_confirmed_initial_profile,ACK confirms the previous key phase and current PTO inputs still equal the initial/default application profile.,ngtcp2 connection object + monotonically increasing key-update generation,"correlate first, then project one connection/transaction/flight; dynamic identifiers never enter AP names","one correlated obligation instance per timed word; if the trigger can repeat, the adapter spawns a new projection keyed by timer/request generation","[{""mapping"": ""auxiliary:1"", ""role"": ""previous key-update ACK confirmation timestamp"", ""event_predicate"": ""ACK confirms the previous key phase and current PTO inputs still equal the initial/default application profile."", ""instrumentation_timing"": ""Emit confirmation when confirmed_ts is assigned; emit next-start after conn_rotate_keys succeeds as initiator."", ""atomic_propositions"": [""quic_previous_key_update_confirmed_initial_profile""], ""repository"": ""ngtcp2/ngtcp2"", ""commit"": ""fcb5cdaba44a8fb1c821319af306e3f38f18e738"", ""path"": ""lib/ngtcp2_conn.c"", ""symbol"": ""conn_handle_unconfirmed_key_update_from_remote"", ""lines"": ""3455-3474"", ""url"": ""https://github.com/ngtcp2/ngtcp2/blob/fcb5cdaba44a8fb1c821319af306e3f38f18e738/lib/ngtcp2_conn.c#L3455-L3474"", ""source_file_verified"": true, ""source_line_verified"": true, ""source_symbol_verified"": true}, {""mapping"": ""auxiliary:2"", ""role"": ""default initial RTT input to key-update spacing profile"", ""event_predicate"": ""ACK confirms the previous key phase and current PTO inputs still equal the initial/default application profile."", ""instrumentation_timing"": ""Emit confirmation when confirmed_ts is assigned; emit next-start after conn_rotate_keys succeeds as initiator."", ""atomic_propositions"": [""quic_previous_key_update_confirmed_initial_profile""], ""repository"": ""ngtcp2/ngtcp2"", ""commit"": ""fcb5cdaba44a8fb1c821319af306e3f38f18e738"", ""path"": ""lib/includes/ngtcp2/ngtcp2.h"", ""symbol"": ""NGTCP2_DEFAULT_INITIAL_RTT"", ""lines"": ""434-439"", ""url"": ""https://github.com/ngtcp2/ngtcp2/blob/fcb5cdaba44a8fb1c821319af306e3f38f18e738/lib/includes/ngtcp2/ngtcp2.h#L434-L439"", ""source_file_verified"": true, ""source_line_verified"": true, ""source_symbol_verified"": true}, {""mapping"": ""auxiliary:3"", ""role"": ""default max_ack_delay input to key-update spacing profile"", ""event_predicate"": ""ACK confirms the previous key phase and current PTO inputs still equal the initial/default application profile."", ""instrumentation_timing"": ""Emit confirmation when confirmed_ts is assigned; emit next-start after conn_rotate_keys succeeds as initiator."", ""atomic_propositions"": [""quic_previous_key_update_confirmed_initial_profile""], ""repository"": ""ngtcp2/ngtcp2"", ""commit"": ""fcb5cdaba44a8fb1c821319af306e3f38f18e738"", ""path"": ""lib/includes/ngtcp2/ngtcp2.h"", ""symbol"": ""NGTCP2_DEFAULT_MAX_ACK_DELAY"", ""lines"": ""1278-1285"", ""url"": ""https://github.com/ngtcp2/ngtcp2/blob/fcb5cdaba44a8fb1c821319af306e3f38f18e738/lib/includes/ngtcp2/ngtcp2.h#L1278-L1285"", ""source_file_verified"": true, ""source_line_verified"": true, ""source_symbol_verified"": true}]",{},Emit confirmation when confirmed_ts is assigned; emit next-start after conn_rotate_keys succeeds as initiator.,HYBRID
QUIC,QUIC-KU-01,quic_local_next_key_update_started,Local endpoint rotates transmit/receive keys to initiate the next key phase.,ngtcp2 connection object + monotonically increasing key-update generation,"correlate first, then project one connection/transaction/flight; dynamic identifiers never enter AP names","one correlated obligation instance per timed word; if the trigger can repeat, the adapter spawns a new projection keyed by timer/request generation","[{""mapping"": ""primary"", ""role"": ""primary property hook"", ""event_predicate"": ""Local endpoint rotates transmit/receive keys to initiate the next key phase."", ""instrumentation_timing"": ""Emit confirmation when confirmed_ts is assigned; emit next-start after conn_rotate_keys succeeds as initiator."", ""atomic_propositions"": [""quic_local_next_key_update_started""], ""repository"": ""ngtcp2/ngtcp2"", ""commit"": ""fcb5cdaba44a8fb1c821319af306e3f38f18e738"", ""path"": ""lib/ngtcp2_conn.c"", ""symbol"": ""conn_initiate_key_update"", ""lines"": ""11281-11297"", ""url"": ""https://github.com/ngtcp2/ngtcp2/blob/fcb5cdaba44a8fb1c821319af306e3f38f18e738/lib/ngtcp2_conn.c#L11281-L11297"", ""source_file_verified"": true, ""source_line_verified"": true, ""source_symbol_verified"": true}]",{},Emit confirmation when confirmed_ts is assigned; emit next-start after conn_rotate_keys succeeds as initiator.,HYBRID
QUIC,QUIC-PC-01,quic_app_loss_run_started_initial_profile,Oldest packet in a contiguous all-lost application-space run is sent after handshake confirmation with initial RTT and default max_ack_delay.,connection object + application packet-number space + contiguous sent-packet range,"correlate first, then project one connection/transaction/flight; dynamic identifiers never enter AP names","one correlated obligation instance per timed word; if the trigger can repeat, the adapter spawns a new projection keyed by timer/request generation","[{""mapping"": ""primary"", ""role"": ""primary property hook"", ""event_predicate"": ""Oldest packet in a contiguous all-lost application-space run is sent after handshake confirmation with initial RTT and default max_ack_delay."", ""instrumentation_timing"": ""Record the oldest timestamp when the contiguous loss-run candidate begins; emit declaration at on_persistent_congestion."", ""atomic_propositions"": [""quic_app_loss_run_started_initial_profile""], ""repository"": ""ngtcp2/ngtcp2"", ""commit"": ""fcb5cdaba44a8fb1c821319af306e3f38f18e738"", ""path"": ""lib/ngtcp2_rtb.c"", ""symbol"": ""rtb_detect_lost_pkt"", ""lines"": ""1045-1085"", ""url"": ""https://github.com/ngtcp2/ngtcp2/blob/fcb5cdaba44a8fb1c821319af306e3f38f18e738/lib/ngtcp2_rtb.c#L1045-L1085"", ""source_file_verified"": true, ""source_line_verified"": true, ""source_symbol_verified"": true}, {""mapping"": ""auxiliary:1"", ""role"": ""persistent-congestion threshold constant"", ""event_predicate"": ""Oldest packet in a contiguous all-lost application-space run is sent after handshake confirmation with initial RTT and default max_ack_delay."", ""instrumentation_timing"": ""Record the oldest timestamp when the contiguous loss-run candidate begins; emit declaration at on_persistent_congestion."", ""atomic_propositions"": [""quic_app_loss_run_started_initial_profile"", ""quic_persistent_congestion_declared""], ""repository"": ""ngtcp2/ngtcp2"", ""commit"": ""fcb5cdaba44a8fb1c821319af306e3f38f18e738"", ""path"": ""lib/ngtcp2_cc.h"", ""symbol"": ""NGTCP2_PERSISTENT_CONGESTION_THRESHOLD"", ""lines"": ""34-38"", ""url"": ""https://github.com/ngtcp2/ngtcp2/blob/fcb5cdaba44a8fb1c821319af306e3f38f18e738/lib/ngtcp2_cc.h#L34-L38"", ""source_file_verified"": true, ""source_line_verified"": true, ""source_symbol_verified"": true}, {""mapping"": ""auxiliary:3"", ""role"": ""default initial RTT input to fixed profile"", ""event_predicate"": ""Oldest packet in a contiguous all-lost application-space run is sent after handshake confirmation with initial RTT and default max_ack_delay."", ""instrumentation_timing"": ""Record the oldest timestamp when the contiguous loss-run candidate begins; emit declaration at on_persistent_congestion."", ""atomic_propositions"": [""quic_app_loss_run_started_initial_profile""], ""repository"": ""ngtcp2/ngtcp2"", ""commit"": ""fcb5cdaba44a8fb1c821319af306e3f38f18e738"", ""path"": ""lib/includes/ngtcp2/ngtcp2.h"", ""symbol"": ""NGTCP2_DEFAULT_INITIAL_RTT"", ""lines"": ""434-439"", ""url"": ""https://github.com/ngtcp2/ngtcp2/blob/fcb5cdaba44a8fb1c821319af306e3f38f18e738/lib/includes/ngtcp2/ngtcp2.h#L434-L439"", ""source_file_verified"": true, ""source_line_verified"": true, ""source_symbol_verified"": true}, {""mapping"": ""auxiliary:4"", ""role"": ""default max_ack_delay input to fixed profile"", ""event_predicate"": ""Oldest packet in a contiguous all-lost application-space run is sent after handshake confirmation with initial RTT and default max_ack_delay."", ""instrumentation_timing"": ""Record the oldest timestamp when the contiguous loss-run candidate begins; emit declaration at on_persistent_congestion."", ""atomic_propositions"": [""quic_app_loss_run_started_initial_profile""], ""repository"": ""ngtcp2/ngtcp2"", ""commit"": ""fcb5cdaba44a8fb1c821319af306e3f38f18e738"", ""path"": ""lib/includes/ngtcp2/ngtcp2.h"", ""symbol"": ""NGTCP2_DEFAULT_MAX_ACK_DELAY"", ""lines"": ""1278-1285"", ""url"": ""https://github.com/ngtcp2/ngtcp2/blob/fcb5cdaba44a8fb1c821319af306e3f38f18e738/lib/includes/ngtcp2/ngtcp2.h#L1278-L1285"", ""source_file_verified"": true, ""source_line_verified"": true, ""source_symbol_verified"": true}]",{},Record the oldest timestamp when the contiguous loss-run candidate begins; emit declaration at on_persistent_congestion.,HYBRID
QUIC,QUIC-PC-01,quic_persistent_congestion_declared,Congestion controller's on_persistent_congestion callback is invoked for that loss run.,connection object + application packet-number space + contiguous sent-packet range,"correlate first, then project one connection/transaction/flight; dynamic identifiers never enter AP names","one correlated obligation instance per timed word; if the trigger can repeat, the adapter spawns a new projection keyed by timer/request generation","[{""mapping"": ""auxiliary:1"", ""role"": ""persistent-congestion threshold constant"", ""event_predicate"": ""Congestion controller's on_persistent_congestion callback is invoked for that loss run."", ""instrumentation_timing"": ""Record the oldest timestamp when the contiguous loss-run candidate begins; emit declaration at on_persistent_congestion."", ""atomic_propositions"": [""quic_app_loss_run_started_initial_profile"", ""quic_persistent_congestion_declared""], ""repository"": ""ngtcp2/ngtcp2"", ""commit"": ""fcb5cdaba44a8fb1c821319af306e3f38f18e738"", ""path"": ""lib/ngtcp2_cc.h"", ""symbol"": ""NGTCP2_PERSISTENT_CONGESTION_THRESHOLD"", ""lines"": ""34-38"", ""url"": ""https://github.com/ngtcp2/ngtcp2/blob/fcb5cdaba44a8fb1c821319af306e3f38f18e738/lib/ngtcp2_cc.h#L34-L38"", ""source_file_verified"": true, ""source_line_verified"": true, ""source_symbol_verified"": true}, {""mapping"": ""auxiliary:2"", ""role"": ""persistent-congestion decision and callback"", ""event_predicate"": ""Congestion controller's on_persistent_congestion callback is invoked for that loss run."", ""instrumentation_timing"": ""Record the oldest timestamp when the contiguous loss-run candidate begins; emit declaration at on_persistent_congestion."", ""atomic_propositions"": [""quic_persistent_congestion_declared""], ""repository"": ""ngtcp2/ngtcp2"", ""commit"": ""fcb5cdaba44a8fb1c821319af306e3f38f18e738"", ""path"": ""lib/ngtcp2_rtb.c"", ""symbol"": ""rtb_detect_lost_pkt"", ""lines"": ""1162-1185"", ""url"": ""https://github.com/ngtcp2/ngtcp2/blob/fcb5cdaba44a8fb1c821319af306e3f38f18e738/lib/ngtcp2_rtb.c#L1162-L1185"", ""source_file_verified"": true, ""source_line_verified"": true, ""source_symbol_verified"": true}]",{},Record the oldest timestamp when the contiguous loss-run candidate begins; emit declaration at on_persistent_congestion.,HYBRID
QUIC,QUIC-PTO-01,quic_pto_armed_999ms_initial_profile,Loss detection actually selects PTO (not time-threshold loss) and arms a generation at 999 ms with pto_count=0.,connection object + Initial/Handshake packet-number space,"correlate first, then project one connection/transaction/flight; dynamic identifiers never enter AP names","one correlated obligation instance per timed word; if the trigger can repeat, the adapter spawns a new projection keyed by timer/request generation","[{""mapping"": ""primary"", ""role"": ""primary property hook"", ""event_predicate"": ""Loss detection actually selects PTO (not time-threshold loss) and arms a generation at 999 ms with pto_count=0."", ""instrumentation_timing"": ""Record the computed absolute loss_detection_timer and PTO inputs after ngtcp2_conn_set_loss_detection_timer."", ""atomic_propositions"": [""quic_pto_armed_999ms_initial_profile""], ""repository"": ""ngtcp2/ngtcp2"", ""commit"": ""fcb5cdaba44a8fb1c821319af306e3f38f18e738"", ""path"": ""lib/ngtcp2_conn.c"", ""symbol"": ""conn_compute_initial_pto"", ""lines"": ""954-979"", ""url"": ""https://github.com/ngtcp2/ngtcp2/blob/fcb5cdaba44a8fb1c821319af306e3f38f18e738/lib/ngtcp2_conn.c#L954-L979"", ""source_file_verified"": true, ""source_line_verified"": true, ""source_symbol_verified"": true}, {""mapping"": ""auxiliary:1"", ""role"": ""default initial RTT profile constant"", ""event_predicate"": ""Loss detection actually selects PTO (not time-threshold loss) and arms a generation at 999 ms with pto_count=0."", ""instrumentation_timing"": ""Record the computed absolute loss_detection_timer and PTO inputs after ngtcp2_conn_set_loss_detection_timer."", ""atomic_propositions"": [""quic_pto_armed_999ms_initial_profile""], ""repository"": ""ngtcp2/ngtcp2"", ""commit"": ""fcb5cdaba44a8fb1c821319af306e3f38f18e738"", ""path"": ""lib/includes/ngtcp2/ngtcp2.h"", ""symbol"": ""NGTCP2_DEFAULT_INITIAL_RTT"", ""lines"": ""434-439"", ""url"": ""https://github.com/ngtcp2/ngtcp2/blob/fcb5cdaba44a8fb1c821319af306e3f38f18e738/lib/includes/ngtcp2/ngtcp2.h#L434-L439"", ""source_file_verified"": true, ""source_line_verified"": true, ""source_symbol_verified"": true}, {""mapping"": ""auxiliary:2"", ""role"": ""PTO selection, arm, cancellation, and replacement"", ""event_predicate"": ""Loss detection actually selects PTO (not time-threshold loss) and arms a generation at 999 ms with pto_count=0."", ""instrumentation_timing"": ""Record the computed absolute loss_detection_timer and PTO inputs after ngtcp2_conn_set_loss_detection_timer."", ""atomic_propositions"": [""quic_pto_armed_999ms_initial_profile"", ""quic_pto_generation_superseded""], ""repository"": ""ngtcp2/ngtcp2"", ""commit"": ""fcb5cdaba44a8fb1c821319af306e3f38f18e738"", ""path"": ""lib/ngtcp2_conn.c"", ""symbol"": ""ngtcp2_conn_set_loss_detection_timer"", ""lines"": ""13427-13469"", ""url"": ""https://github.com/ngtcp2/ngtcp2/blob/fcb5cdaba44a8fb1c821319af306e3f38f18e738/lib/ngtcp2_conn.c#L13427-L13469"", ""source_file_verified"": true, ""source_line_verified"": true, ""source_symbol_verified"": true}]",{},Record the computed absolute loss_detection_timer and PTO inputs after ngtcp2_conn_set_loss_detection_timer.,HYBRID
QUIC,QUIC-PTO-01,quic_pto_deadline_reached,The absolute deadline for that exact PTO generation is reached.,connection object + Initial/Handshake packet-number space,"correlate first, then project one connection/transaction/flight; dynamic identifiers never enter AP names","one correlated obligation instance per timed word; if the trigger can repeat, the adapter spawns a new projection keyed by timer/request generation","[{""mapping"": ""auxiliary:3"", ""role"": ""loss-detection deadline dispatch"", ""event_predicate"": ""The absolute deadline for that exact PTO generation is reached."", ""instrumentation_timing"": ""Record the computed absolute loss_detection_timer and PTO inputs after ngtcp2_conn_set_loss_detection_timer."", ""atomic_propositions"": [""quic_pto_deadline_reached""], ""repository"": ""ngtcp2/ngtcp2"", ""commit"": ""fcb5cdaba44a8fb1c821319af306e3f38f18e738"", ""path"": ""lib/ngtcp2_conn.c"", ""symbol"": ""ngtcp2_conn_on_loss_detection_timer"", ""lines"": ""13478-13546"", ""url"": ""https://github.com/ngtcp2/ngtcp2/blob/fcb5cdaba44a8fb1c821319af306e3f38f18e738/lib/ngtcp2_conn.c#L13478-L13546"", ""source_file_verified"": true, ""source_line_verified"": true, ""source_symbol_verified"": true}]",{},Record the computed absolute loss_detection_timer and PTO inputs after ngtcp2_conn_set_loss_detection_timer.,HYBRID
QUIC,QUIC-PTO-01,quic_pto_generation_superseded,"A qualifying ACK, later ack-eliciting send, key discard, or loss-timer replacement rearms/cancels that generation.",connection object + Initial/Handshake packet-number space,"correlate first, then project one connection/transaction/flight; dynamic identifiers never enter AP names","one correlated obligation instance per timed word; if the trigger can repeat, the adapter spawns a new projection keyed by timer/request generation","[{""mapping"": ""auxiliary:2"", ""role"": ""PTO selection, arm, cancellation, and replacement"", ""event_predicate"": ""A qualifying ACK, later ack-eliciting send, key discard, or loss-timer replacement rearms/cancels that generation."", ""instrumentation_timing"": ""Record the computed absolute loss_detection_timer and PTO inputs after ngtcp2_conn_set_loss_detection_timer."", ""atomic_propositions"": [""quic_pto_armed_999ms_initial_profile"", ""quic_pto_generation_superseded""], ""repository"": ""ngtcp2/ngtcp2"", ""commit"": ""fcb5cdaba44a8fb1c821319af306e3f38f18e738"", ""path"": ""lib/ngtcp2_conn.c"", ""symbol"": ""ngtcp2_conn_set_loss_detection_timer"", ""lines"": ""13427-13469"", ""url"": ""https://github.com/ngtcp2/ngtcp2/blob/fcb5cdaba44a8fb1c821319af306e3f38f18e738/lib/ngtcp2_conn.c#L13427-L13469"", ""source_file_verified"": true, ""source_line_verified"": true, ""source_symbol_verified"": true}]",{},Record the computed absolute loss_detection_timer and PTO inputs after ngtcp2_conn_set_loss_detection_timer.,HYBRID
QUIC,QUIC-PTO-02,quic_pto_backoff_armed_1998ms,After probe transmission pto_count=1 and the selected PTO generation is actually armed at 1998 ms.,connection object + global PTO generation across packet-number spaces,"correlate first, then project one connection/transaction/flight; dynamic identifiers never enter AP names","one correlated obligation instance per timed word; if the trigger can repeat, the adapter spawns a new projection keyed by timer/request generation","[{""mapping"": ""primary"", ""role"": ""primary property hook"", ""event_predicate"": ""After probe transmission pto_count=1 and the selected PTO generation is actually armed at 1998 ms."", ""instrumentation_timing"": ""Emit first completion after pto_count increments; emit second fire when ngtcp2_conn_on_loss_detection_timer enters the PTO branch again."", ""atomic_propositions"": [""quic_pto_backoff_armed_1998ms""], ""repository"": ""ngtcp2/ngtcp2"", ""commit"": ""fcb5cdaba44a8fb1c821319af306e3f38f18e738"", ""path"": ""lib/ngtcp2_conn.c"", ""symbol"": ""conn_get_earliest_pto_expiry"", ""lines"": ""13387-13424"", ""url"": ""https://github.com/ngtcp2/ngtcp2/blob/fcb5cdaba44a8fb1c821319af306e3f38f18e738/lib/ngtcp2_conn.c#L13387-L13424"", ""source_file_verified"": true, ""source_line_verified"": true, ""source_symbol_verified"": true}, {""mapping"": ""auxiliary:1"", ""role"": ""PTO deadline, pto_count increment, and backoff rearm"", ""event_predicate"": ""After probe transmission pto_count=1 and the selected PTO generation is actually armed at 1998 ms."", ""instrumentation_timing"": ""Emit first completion after pto_count increments; emit second fire when ngtcp2_conn_on_loss_detection_timer enters the PTO branch again."", ""atomic_propositions"": [""quic_pto_backoff_armed_1998ms"", ""quic_second_pto_deadline_reached""], ""repository"": ""ngtcp2/ngtcp2"", ""commit"": ""fcb5cdaba44a8fb1c821319af306e3f38f18e738"", ""path"": ""lib/ngtcp2_conn.c"", ""symbol"": ""ngtcp2_conn_on_loss_detection_timer"", ""lines"": ""13478-13546"", ""url"": ""https://github.com/ngtcp2/ngtcp2/blob/fcb5cdaba44a8fb1c821319af306e3f38f18e738/lib/ngtcp2_conn.c#L13478-L13546"", ""source_file_verified"": true, ""source_line_verified"": true, ""source_symbol_verified"": true}]",{},Emit first completion after pto_count increments; emit second fire when ngtcp2_conn_on_loss_detection_timer enters the PTO branch again.,WHITEBOX
QUIC,QUIC-PTO-02,quic_second_pto_deadline_reached,That exact backoff generation reaches its absolute deadline.,connection object + global PTO generation across packet-number spaces,"correlate first, then project one connection/transaction/flight; dynamic identifiers never enter AP names","one correlated obligation instance per timed word; if the trigger can repeat, the adapter spawns a new projection keyed by timer/request generation","[{""mapping"": ""auxiliary:1"", ""role"": ""PTO deadline, pto_count increment, and backoff rearm"", ""event_predicate"": ""That exact backoff generation reaches its absolute deadline."", ""instrumentation_timing"": ""Emit first completion after pto_count increments; emit second fire when ngtcp2_conn_on_loss_detection_timer enters the PTO branch again."", ""atomic_propositions"": [""quic_pto_backoff_armed_1998ms"", ""quic_second_pto_deadline_reached""], ""repository"": ""ngtcp2/ngtcp2"", ""commit"": ""fcb5cdaba44a8fb1c821319af306e3f38f18e738"", ""path"": ""lib/ngtcp2_conn.c"", ""symbol"": ""ngtcp2_conn_on_loss_detection_timer"", ""lines"": ""13478-13546"", ""url"": ""https://github.com/ngtcp2/ngtcp2/blob/fcb5cdaba44a8fb1c821319af306e3f38f18e738/lib/ngtcp2_conn.c#L13478-L13546"", ""source_file_verified"": true, ""source_line_verified"": true, ""source_symbol_verified"": true}]",{},Emit first completion after pto_count increments; emit second fire when ngtcp2_conn_on_loss_detection_timer enters the PTO branch again.,WHITEBOX
QUIC,QUIC-PTO-02,quic_second_pto_superseded,A later send/rearm or an ACK that RFC 9002 says resets PTO backoff replaces that exact generation.,connection object + global PTO generation across packet-number spaces,"correlate first, then project one connection/transaction/flight; dynamic identifiers never enter AP names","one correlated obligation instance per timed word; if the trigger can repeat, the adapter spawns a new projection keyed by timer/request generation","[{""mapping"": ""auxiliary:2"", ""role"": ""backoff timer replacement or cancellation"", ""event_predicate"": ""A later send/rearm or an ACK that RFC 9002 says resets PTO backoff replaces that exact generation."", ""instrumentation_timing"": ""Emit first completion after pto_count increments; emit second fire when ngtcp2_conn_on_loss_detection_timer enters the PTO branch again."", ""atomic_propositions"": [""quic_second_pto_superseded""], ""repository"": ""ngtcp2/ngtcp2"", ""commit"": ""fcb5cdaba44a8fb1c821319af306e3f38f18e738"", ""path"": ""lib/ngtcp2_conn.c"", ""symbol"": ""ngtcp2_conn_set_loss_detection_timer"", ""lines"": ""13427-13469"", ""url"": ""https://github.com/ngtcp2/ngtcp2/blob/fcb5cdaba44a8fb1c821319af306e3f38f18e738/lib/ngtcp2_conn.c#L13427-L13469"", ""source_file_verified"": true, ""source_line_verified"": true, ""source_symbol_verified"": true}]",{},Emit first completion after pto_count increments; emit second fire when ngtcp2_conn_on_loss_detection_timer enters the PTO branch again.,WHITEBOX
QUIC,QUIC-PV-01,quic_path_validation_armed_2997ms_profile,"Path validation is actually armed at 3*max(999,999)=2997 ms with both PTO snapshots recorded.",connection object + path tuple + PATH_CHALLENGE token stored only as correlation data,"correlate first, then project one connection/transaction/flight; dynamic identifiers never enter AP names","one correlated obligation instance per timed word; if the trigger can repeat, the adapter spawns a new projection keyed by timer/request generation","[{""mapping"": ""primary"", ""role"": ""primary property hook"", ""event_predicate"": ""Path validation is actually armed at 3*max(999,999)=2997 ms with both PTO snapshots recorded."", ""instrumentation_timing"": ""Record the computed pv expiry when the validation object is created; emit success/abandon at matching response or expiry."", ""atomic_propositions"": [""quic_path_validation_armed_2997ms_profile""], ""repository"": ""ngtcp2/ngtcp2"", ""commit"": ""fcb5cdaba44a8fb1c821319af306e3f38f18e738"", ""path"": ""lib/ngtcp2_conn.c"", ""symbol"": ""conn_compute_pv_timeout_pto"", ""lines"": ""995-1012"", ""url"": ""https://github.com/ngtcp2/ngtcp2/blob/fcb5cdaba44a8fb1c821319af306e3f38f18e738/lib/ngtcp2_conn.c#L995-L1012"", ""source_file_verified"": true, ""source_line_verified"": true, ""source_symbol_verified"": true}, {""mapping"": ""auxiliary:1"", ""role"": ""path-validation object creation with timeout"", ""event_predicate"": ""Path validation is actually armed at 3*max(999,999)=2997 ms with both PTO snapshots recorded."", ""instrumentation_timing"": ""Record the computed pv expiry when the validation object is created; emit success/abandon at matching response or expiry."", ""atomic_propositions"": [""quic_path_validation_armed_2997ms_profile""], ""repository"": ""ngtcp2/ngtcp2"", ""commit"": ""fcb5cdaba44a8fb1c821319af306e3f38f18e738"", ""path"": ""lib/ngtcp2_pv.c"", ""symbol"": ""ngtcp2_pv_new"", ""lines"": ""46-68"", ""url"": ""https://github.com/ngtcp2/ngtcp2/blob/fcb5cdaba44a8fb1c821319af306e3f38f18e738/lib/ngtcp2_pv.c#L46-L68"", ""source_file_verified"": true, ""source_line_verified"": true, ""source_symbol_verified"": true}]",{},Record the computed pv expiry when the validation object is created; emit success/abandon at matching response or expiry.,HYBRID
QUIC,QUIC-PV-01,quic_path_validated,Matching PATH_RESPONSE validates that path generation.,connection object + path tuple + PATH_CHALLENGE token stored only as correlation data,"correlate first, then project one connection/transaction/flight; dynamic identifiers never enter AP names","one correlated obligation instance per timed word; if the trigger can repeat, the adapter spawns a new projection keyed by timer/request generation","[{""mapping"": ""auxiliary:2"", ""role"": ""matching PATH_RESPONSE validation success"", ""event_predicate"": ""Matching PATH_RESPONSE validates that path generation."", ""instrumentation_timing"": ""Record the computed pv expiry when the validation object is created; emit success/abandon at matching response or expiry."", ""atomic_propositions"": [""quic_path_validated""], ""repository"": ""ngtcp2/ngtcp2"", ""commit"": ""fcb5cdaba44a8fb1c821319af306e3f38f18e738"", ""path"": ""lib/ngtcp2_conn.c"", ""symbol"": ""conn_recv_path_response"", ""lines"": ""6161-6268"", ""url"": ""https://github.com/ngtcp2/ngtcp2/blob/fcb5cdaba44a8fb1c821319af306e3f38f18e738/lib/ngtcp2_conn.c#L6161-L6268"", ""source_file_verified"": true, ""source_line_verified"": true, ""source_symbol_verified"": true}]",{},Record the computed pv expiry when the validation object is created; emit success/abandon at matching response or expiry.,HYBRID
QUIC,QUIC-PV-01,quic_path_abandoned_by_timeout,That generation is abandoned specifically because its validation deadline expires.,connection object + path tuple + PATH_CHALLENGE token stored only as correlation data,"correlate first, then project one connection/transaction/flight; dynamic identifiers never enter AP names","one correlated obligation instance per timed word; if the trigger can repeat, the adapter spawns a new projection keyed by timer/request generation","[{""mapping"": ""auxiliary:3"", ""role"": ""path-validation timeout abandonment"", ""event_predicate"": ""That generation is abandoned specifically because its validation deadline expires."", ""instrumentation_timing"": ""Record the computed pv expiry when the validation object is created; emit success/abandon at matching response or expiry."", ""atomic_propositions"": [""quic_path_abandoned_by_timeout""], ""repository"": ""ngtcp2/ngtcp2"", ""commit"": ""fcb5cdaba44a8fb1c821319af306e3f38f18e738"", ""path"": ""lib/ngtcp2_conn.c"", ""symbol"": ""conn_write_path_challenge"", ""lines"": ""5203-5232"", ""url"": ""https://github.com/ngtcp2/ngtcp2/blob/fcb5cdaba44a8fb1c821319af306e3f38f18e738/lib/ngtcp2_conn.c#L5203-L5232"", ""source_file_verified"": true, ""source_line_verified"": true, ""source_symbol_verified"": true}]",{},Record the computed pv expiry when the validation object is created; emit success/abandon at matching response or expiry.,HYBRID
QUIC,QUIC-PV-01,quic_path_validation_superseded,New migration/path challenge or explicit application decision replaces that generation.,connection object + path tuple + PATH_CHALLENGE token stored only as correlation data,"correlate first, then project one connection/transaction/flight; dynamic identifiers never enter AP names","one correlated obligation instance per timed word; if the trigger can repeat, the adapter spawns a new projection keyed by timer/request generation","[{""mapping"": ""auxiliary:4"", ""role"": ""migration/application replacement abort"", ""event_predicate"": ""New migration/path challenge or explicit application decision replaces that generation."", ""instrumentation_timing"": ""Record the computed pv expiry when the validation object is created; emit success/abandon at matching response or expiry."", ""atomic_propositions"": [""quic_path_validation_superseded""], ""repository"": ""ngtcp2/ngtcp2"", ""commit"": ""fcb5cdaba44a8fb1c821319af306e3f38f18e738"", ""path"": ""lib/ngtcp2_conn.c"", ""symbol"": ""conn_abort_pv"", ""lines"": ""5117-5132"", ""url"": ""https://github.com/ngtcp2/ngtcp2/blob/fcb5cdaba44a8fb1c821319af306e3f38f18e738/lib/ngtcp2_conn.c#L5117-L5132"", ""source_file_verified"": true, ""source_line_verified"": true, ""source_symbol_verified"": true}]",{},Record the computed pv expiry when the validation object is created; emit success/abandon at matching response or expiry.,HYBRID
DTLS,DTLS12-RTX-01,dtls12_timer_armed_1000ms_default_profile,A non-SCTP DTLS 1.2 flight with no timer callback actually stores timeout_duration_us=1000000 and next_timeout in dtls1_start_timer.,SSL object + handshake generation + message_seq range/epoch as fields,"correlate first, then project one connection/transaction/flight; dynamic identifiers never enter AP names","one correlated obligation instance per timed word; if the trigger can repeat, the adapter spawns a new projection keyed by timer/request generation","[{""mapping"": ""primary"", ""role"": ""primary property hook"", ""event_predicate"": ""A non-SCTP DTLS 1.2 flight with no timer callback actually stores timeout_duration_us=1000000 and next_timeout in dtls1_start_timer."", ""instrumentation_timing"": ""After dtls1_start_timer stores next_timeout, emit the arm only for non-SCTP, timer_cb=NULL, timeout_duration_us=1000000. Schedule the logical deadline AP from that stored absolute timestamp. If dtls1_stop_timer clears it or another dtls1_start_timer overwrites it first, emit superseded for the old adapter generation and close that projection."", ""atomic_propositions"": [""dtls12_timer_armed_1000ms_default_profile"", ""dtls12_timer_deadline_reached""], ""repository"": ""openssl/openssl"", ""commit"": ""0437435a960123be1ced766d18d715f939698345"", ""path"": ""ssl/d1_lib.c"", ""symbol"": ""dtls1_start_timer"", ""lines"": ""242-284"", ""url"": ""https://github.com/openssl/openssl/blob/0437435a960123be1ced766d18d715f939698345/ssl/d1_lib.c#L242-L284"", ""source_file_verified"": true, ""source_line_verified"": true, ""source_symbol_verified"": true}]",{},"After dtls1_start_timer stores next_timeout, emit the arm only for non-SCTP, timer_cb=NULL, timeout_duration_us=1000000. Schedule the logical deadline AP from that stored absolute timestamp. If dtls1_stop_timer clears it or another dtls1_start_timer overwrites it first, emit superseded for the old adapter generation and close that projection.",HYBRID
DTLS,DTLS12-RTX-01,dtls12_timer_deadline_reached,DERIVED adapter event at the exact next_timeout stored for this timer generation; it is not OpenSSL's callback or its sub-15-ms coalescing decision.,SSL object + handshake generation + message_seq range/epoch as fields,"correlate first, then project one connection/transaction/flight; dynamic identifiers never enter AP names","one correlated obligation instance per timed word; if the trigger can repeat, the adapter spawns a new projection keyed by timer/request generation","[{""mapping"": ""primary"", ""role"": ""primary property hook"", ""event_predicate"": ""DERIVED adapter event at the exact next_timeout stored for this timer generation; it is not OpenSSL's callback or its sub-15-ms coalescing decision."", ""instrumentation_timing"": ""After dtls1_start_timer stores next_timeout, emit the arm only for non-SCTP, timer_cb=NULL, timeout_duration_us=1000000. Schedule the logical deadline AP from that stored absolute timestamp. If dtls1_stop_timer clears it or another dtls1_start_timer overwrites it first, emit superseded for the old adapter generation and close that projection."", ""atomic_propositions"": [""dtls12_timer_armed_1000ms_default_profile"", ""dtls12_timer_deadline_reached""], ""repository"": ""openssl/openssl"", ""commit"": ""0437435a960123be1ced766d18d715f939698345"", ""path"": ""ssl/d1_lib.c"", ""symbol"": ""dtls1_start_timer"", ""lines"": ""242-284"", ""url"": ""https://github.com/openssl/openssl/blob/0437435a960123be1ced766d18d715f939698345/ssl/d1_lib.c#L242-L284"", ""source_file_verified"": true, ""source_line_verified"": true, ""source_symbol_verified"": true}]",{},"After dtls1_start_timer stores next_timeout, emit the arm only for non-SCTP, timer_cb=NULL, timeout_duration_us=1000000. Schedule the logical deadline AP from that stored absolute timestamp. If dtls1_stop_timer clears it or another dtls1_start_timer overwrites it first, emit superseded for the old adapter generation and close that projection.",HYBRID
DTLS,DTLS12-RTX-01,dtls12_timer_superseded,A later dtls1_start_timer replaces this active generation or dtls1_stop_timer clears it; adapter generation IDs prevent the replacement from satisfying the old deadline AP.,SSL object + handshake generation + message_seq range/epoch as fields,"correlate first, then project one connection/transaction/flight; dynamic identifiers never enter AP names","one correlated obligation instance per timed word; if the trigger can repeat, the adapter spawns a new projection keyed by timer/request generation","[{""mapping"": ""auxiliary:1"", ""role"": ""restart overwrites an active timer generation"", ""event_predicate"": ""A later dtls1_start_timer replaces this active generation or dtls1_stop_timer clears it; adapter generation IDs prevent the replacement from satisfying the old deadline AP."", ""instrumentation_timing"": ""After dtls1_start_timer stores next_timeout, emit the arm only for non-SCTP, timer_cb=NULL, timeout_duration_us=1000000. Schedule the logical deadline AP from that stored absolute timestamp. If dtls1_stop_timer clears it or another dtls1_start_timer overwrites it first, emit superseded for the old adapter generation and close that projection."", ""atomic_propositions"": [""dtls12_timer_superseded""], ""repository"": ""openssl/openssl"", ""commit"": ""0437435a960123be1ced766d18d715f939698345"", ""path"": ""ssl/d1_lib.c"", ""symbol"": ""dtls1_start_timer"", ""lines"": ""242-284"", ""url"": ""https://github.com/openssl/openssl/blob/0437435a960123be1ced766d18d715f939698345/ssl/d1_lib.c#L242-L284"", ""source_file_verified"": true, ""source_line_verified"": true, ""source_symbol_verified"": true}, {""mapping"": ""auxiliary:2"", ""role"": ""timer stop clears the active generation"", ""event_predicate"": ""A later dtls1_start_timer replaces this active generation or dtls1_stop_timer clears it; adapter generation IDs prevent the replacement from satisfying the old deadline AP."", ""instrumentation_timing"": ""After dtls1_start_timer stores next_timeout, emit the arm only for non-SCTP, timer_cb=NULL, timeout_duration_us=1000000. Schedule the logical deadline AP from that stored absolute timestamp. If dtls1_stop_timer clears it or another dtls1_start_timer overwrites it first, emit superseded for the old adapter generation and close that projection."", ""atomic_propositions"": [""dtls12_timer_superseded""], ""repository"": ""openssl/openssl"", ""commit"": ""0437435a960123be1ced766d18d715f939698345"", ""path"": ""ssl/d1_lib.c"", ""symbol"": ""dtls1_stop_timer"", ""lines"": ""352-362"", ""url"": ""https://github.com/openssl/openssl/blob/0437435a960123be1ced766d18d715f939698345/ssl/d1_lib.c#L352-L362"", ""source_file_verified"": true, ""source_line_verified"": true, ""source_symbol_verified"": true}, {""mapping"": ""auxiliary:3"", ""role"": ""expected peer-handshake processing invokes timer stop"", ""event_predicate"": ""A later dtls1_start_timer replaces this active generation or dtls1_stop_timer clears it; adapter generation IDs prevent the replacement from satisfying the old deadline AP."", ""instrumentation_timing"": ""After dtls1_start_timer stores next_timeout, emit the arm only for non-SCTP, timer_cb=NULL, timeout_duration_us=1000000. Schedule the logical deadline AP from that stored absolute timestamp. If dtls1_stop_timer clears it or another dtls1_start_timer overwrites it first, emit superseded for the old adapter generation and close that projection."", ""atomic_propositions"": [""dtls12_timer_superseded""], ""repository"": ""openssl/openssl"", ""commit"": ""0437435a960123be1ced766d18d715f939698345"", ""path"": ""ssl/statem/statem.c"", ""symbol"": ""read_state_machine"", ""lines"": ""637-683"", ""url"": ""https://github.com/openssl/openssl/blob/0437435a960123be1ced766d18d715f939698345/ssl/statem/statem.c#L637-L683"", ""source_file_verified"": true, ""source_line_verified"": true, ""source_symbol_verified"": true}]",{},"After dtls1_start_timer stores next_timeout, emit the arm only for non-SCTP, timer_cb=NULL, timeout_duration_us=1000000. Schedule the logical deadline AP from that stored absolute timestamp. If dtls1_stop_timer clears it or another dtls1_start_timer overwrites it first, emit superseded for the old adapter generation and close that projection.",HYBRID
DTLS,DTLS12-RTX-03,dtls12_timer_rearmed_2000ms,"After the first expiry, dtls1_double_timeout changes timeout_duration_us from 1000000 to 2000000 and calls dtls1_start_timer for this generation.",SSL object + handshake generation + retransmission count,"correlate first, then project one connection/transaction/flight; dynamic identifiers never enter AP names","one correlated obligation instance per timed word; if the trigger can repeat, the adapter spawns a new projection keyed by timer/request generation","[{""mapping"": ""primary"", ""role"": ""primary property hook"", ""event_predicate"": ""After the first expiry, dtls1_double_timeout changes timeout_duration_us from 1000000 to 2000000 and calls dtls1_start_timer for this generation."", ""instrumentation_timing"": ""Emit the trigger only after dtls1_double_timeout has produced timeout_duration_us=2000000 and dtls1_start_timer stores its next_timeout. Derive the deadline from that stored timestamp. Close the old generation as superseded when a later start overwrites it or stop_timer clears it."", ""atomic_propositions"": [""dtls12_timer_rearmed_2000ms""], ""repository"": ""openssl/openssl"", ""commit"": ""0437435a960123be1ced766d18d715f939698345"", ""path"": ""ssl/d1_lib.c"", ""symbol"": ""dtls1_double_timeout"", ""lines"": ""344-350"", ""url"": ""https://github.com/openssl/openssl/blob/0437435a960123be1ced766d18d715f939698345/ssl/d1_lib.c#L344-L350"", ""source_file_verified"": true, ""source_line_verified"": true, ""source_symbol_verified"": true}]",{},Emit the trigger only after dtls1_double_timeout has produced timeout_duration_us=2000000 and dtls1_start_timer stores its next_timeout. Derive the deadline from that stored timestamp. Close the old generation as superseded when a later start overwrites it or stop_timer clears it.,WHITEBOX
DTLS,DTLS12-RTX-03,dtls12_second_deadline_reached,DERIVED adapter event at the exact next_timeout stored by dtls1_start_timer for this 2000-ms generation; not callback dispatch.,SSL object + handshake generation + retransmission count,"correlate first, then project one connection/transaction/flight; dynamic identifiers never enter AP names","one correlated obligation instance per timed word; if the trigger can repeat, the adapter spawns a new projection keyed by timer/request generation","[{""mapping"": ""auxiliary:1"", ""role"": ""store the rearmed generation's absolute deadline and detect restart replacement"", ""event_predicate"": ""DERIVED adapter event at the exact next_timeout stored by dtls1_start_timer for this 2000-ms generation; not callback dispatch."", ""instrumentation_timing"": ""Emit the trigger only after dtls1_double_timeout has produced timeout_duration_us=2000000 and dtls1_start_timer stores its next_timeout. Derive the deadline from that stored timestamp. Close the old generation as superseded when a later start overwrites it or stop_timer clears it."", ""atomic_propositions"": [""dtls12_second_deadline_reached"", ""dtls12_second_timer_superseded""], ""repository"": ""openssl/openssl"", ""commit"": ""0437435a960123be1ced766d18d715f939698345"", ""path"": ""ssl/d1_lib.c"", ""symbol"": ""dtls1_start_timer"", ""lines"": ""242-284"", ""url"": ""https://github.com/openssl/openssl/blob/0437435a960123be1ced766d18d715f939698345/ssl/d1_lib.c#L242-L284"", ""source_file_verified"": true, ""source_line_verified"": true, ""source_symbol_verified"": true}]",{},Emit the trigger only after dtls1_double_timeout has produced timeout_duration_us=2000000 and dtls1_start_timer stores its next_timeout. Derive the deadline from that stored timestamp. Close the old generation as superseded when a later start overwrites it or stop_timer clears it.,WHITEBOX
DTLS,DTLS12-RTX-03,dtls12_second_timer_superseded,A later dtls1_start_timer replaces this active 2000-ms generation or dtls1_stop_timer clears it; generation IDs keep the old and new deadlines distinct.,SSL object + handshake generation + retransmission count,"correlate first, then project one connection/transaction/flight; dynamic identifiers never enter AP names","one correlated obligation instance per timed word; if the trigger can repeat, the adapter spawns a new projection keyed by timer/request generation","[{""mapping"": ""auxiliary:1"", ""role"": ""store the rearmed generation's absolute deadline and detect restart replacement"", ""event_predicate"": ""A later dtls1_start_timer replaces this active 2000-ms generation or dtls1_stop_timer clears it; generation IDs keep the old and new deadlines distinct."", ""instrumentation_timing"": ""Emit the trigger only after dtls1_double_timeout has produced timeout_duration_us=2000000 and dtls1_start_timer stores its next_timeout. Derive the deadline from that stored timestamp. Close the old generation as superseded when a later start overwrites it or stop_timer clears it."", ""atomic_propositions"": [""dtls12_second_deadline_reached"", ""dtls12_second_timer_superseded""], ""repository"": ""openssl/openssl"", ""commit"": ""0437435a960123be1ced766d18d715f939698345"", ""path"": ""ssl/d1_lib.c"", ""symbol"": ""dtls1_start_timer"", ""lines"": ""242-284"", ""url"": ""https://github.com/openssl/openssl/blob/0437435a960123be1ced766d18d715f939698345/ssl/d1_lib.c#L242-L284"", ""source_file_verified"": true, ""source_line_verified"": true, ""source_symbol_verified"": true}, {""mapping"": ""auxiliary:2"", ""role"": ""timer stop clears the active 2000-ms generation"", ""event_predicate"": ""A later dtls1_start_timer replaces this active 2000-ms generation or dtls1_stop_timer clears it; generation IDs keep the old and new deadlines distinct."", ""instrumentation_timing"": ""Emit the trigger only after dtls1_double_timeout has produced timeout_duration_us=2000000 and dtls1_start_timer stores its next_timeout. Derive the deadline from that stored timestamp. Close the old generation as superseded when a later start overwrites it or stop_timer clears it."", ""atomic_propositions"": [""dtls12_second_timer_superseded""], ""repository"": ""openssl/openssl"", ""commit"": ""0437435a960123be1ced766d18d715f939698345"", ""path"": ""ssl/d1_lib.c"", ""symbol"": ""dtls1_stop_timer"", ""lines"": ""352-362"", ""url"": ""https://github.com/openssl/openssl/blob/0437435a960123be1ced766d18d715f939698345/ssl/d1_lib.c#L352-L362"", ""source_file_verified"": true, ""source_line_verified"": true, ""source_symbol_verified"": true}, {""mapping"": ""auxiliary:3"", ""role"": ""expected peer-handshake processing invokes timer stop"", ""event_predicate"": ""A later dtls1_start_timer replaces this active 2000-ms generation or dtls1_stop_timer clears it; generation IDs keep the old and new deadlines distinct."", ""instrumentation_timing"": ""Emit the trigger only after dtls1_double_timeout has produced timeout_duration_us=2000000 and dtls1_start_timer stores its next_timeout. Derive the deadline from that stored timestamp. Close the old generation as superseded when a later start overwrites it or stop_timer clears it."", ""atomic_propositions"": [""dtls12_second_timer_superseded""], ""repository"": ""openssl/openssl"", ""commit"": ""0437435a960123be1ced766d18d715f939698345"", ""path"": ""ssl/statem/statem.c"", ""symbol"": ""read_state_machine"", ""lines"": ""637-683"", ""url"": ""https://github.com/openssl/openssl/blob/0437435a960123be1ced766d18d715f939698345/ssl/statem/statem.c#L637-L683"", ""source_file_verified"": true, ""source_line_verified"": true, ""source_symbol_verified"": true}]",{},Emit the trigger only after dtls1_double_timeout has produced timeout_duration_us=2000000 and dtls1_start_timer stores its next_timeout. Derive the deadline from that stored timestamp. Close the old generation as superseded when a later start overwrites it or stop_timer clears it.,WHITEBOX
DTLS,DTLS12-RTX-04,dtls12_timer_rearmed_60000ms_cap,dtls1_double_timeout clamps timeout_duration_us to 60000000 and calls dtls1_start_timer for this capped generation.,SSL object + handshake generation + retransmission count,"correlate first, then project one connection/transaction/flight; dynamic identifiers never enter AP names","one correlated obligation instance per timed word; if the trigger can repeat, the adapter spawns a new projection keyed by timer/request generation","[{""mapping"": ""primary"", ""role"": ""primary property hook"", ""event_predicate"": ""dtls1_double_timeout clamps timeout_duration_us to 60000000 and calls dtls1_start_timer for this capped generation."", ""instrumentation_timing"": ""Emit the trigger only after dtls1_double_timeout clamps timeout_duration_us=60000000 and dtls1_start_timer stores its next_timeout. Derive the deadline from that timestamp. Close the generation as superseded if a later start overwrites it or stop_timer clears it."", ""atomic_propositions"": [""dtls12_timer_rearmed_60000ms_cap""], ""repository"": ""openssl/openssl"", ""commit"": ""0437435a960123be1ced766d18d715f939698345"", ""path"": ""ssl/d1_lib.c"", ""symbol"": ""dtls1_double_timeout"", ""lines"": ""344-350"", ""url"": ""https://github.com/openssl/openssl/blob/0437435a960123be1ced766d18d715f939698345/ssl/d1_lib.c#L344-L350"", ""source_file_verified"": true, ""source_line_verified"": true, ""source_symbol_verified"": true}]",{},Emit the trigger only after dtls1_double_timeout clamps timeout_duration_us=60000000 and dtls1_start_timer stores its next_timeout. Derive the deadline from that timestamp. Close the generation as superseded if a later start overwrites it or stop_timer clears it.,WHITEBOX
DTLS,DTLS12-RTX-04,dtls12_capped_deadline_reached,DERIVED adapter event at the exact next_timeout stored by dtls1_start_timer for this capped generation; not callback dispatch.,SSL object + handshake generation + retransmission count,"correlate first, then project one connection/transaction/flight; dynamic identifiers never enter AP names","one correlated obligation instance per timed word; if the trigger can repeat, the adapter spawns a new projection keyed by timer/request generation","[{""mapping"": ""auxiliary:1"", ""role"": ""store the capped generation's absolute deadline and detect restart replacement"", ""event_predicate"": ""DERIVED adapter event at the exact next_timeout stored by dtls1_start_timer for this capped generation; not callback dispatch."", ""instrumentation_timing"": ""Emit the trigger only after dtls1_double_timeout clamps timeout_duration_us=60000000 and dtls1_start_timer stores its next_timeout. Derive the deadline from that timestamp. Close the generation as superseded if a later start overwrites it or stop_timer clears it."", ""atomic_propositions"": [""dtls12_capped_deadline_reached"", ""dtls12_capped_timer_superseded""], ""repository"": ""openssl/openssl"", ""commit"": ""0437435a960123be1ced766d18d715f939698345"", ""path"": ""ssl/d1_lib.c"", ""symbol"": ""dtls1_start_timer"", ""lines"": ""242-284"", ""url"": ""https://github.com/openssl/openssl/blob/0437435a960123be1ced766d18d715f939698345/ssl/d1_lib.c#L242-L284"", ""source_file_verified"": true, ""source_line_verified"": true, ""source_symbol_verified"": true}]",{},Emit the trigger only after dtls1_double_timeout clamps timeout_duration_us=60000000 and dtls1_start_timer stores its next_timeout. Derive the deadline from that timestamp. Close the generation as superseded if a later start overwrites it or stop_timer clears it.,WHITEBOX
DTLS,DTLS12-RTX-04,dtls12_capped_timer_superseded,A later dtls1_start_timer replaces this active capped generation or dtls1_stop_timer clears it; generation IDs keep the old and new deadlines distinct.,SSL object + handshake generation + retransmission count,"correlate first, then project one connection/transaction/flight; dynamic identifiers never enter AP names","one correlated obligation instance per timed word; if the trigger can repeat, the adapter spawns a new projection keyed by timer/request generation","[{""mapping"": ""auxiliary:1"", ""role"": ""store the capped generation's absolute deadline and detect restart replacement"", ""event_predicate"": ""A later dtls1_start_timer replaces this active capped generation or dtls1_stop_timer clears it; generation IDs keep the old and new deadlines distinct."", ""instrumentation_timing"": ""Emit the trigger only after dtls1_double_timeout clamps timeout_duration_us=60000000 and dtls1_start_timer stores its next_timeout. Derive the deadline from that timestamp. Close the generation as superseded if a later start overwrites it or stop_timer clears it."", ""atomic_propositions"": [""dtls12_capped_deadline_reached"", ""dtls12_capped_timer_superseded""], ""repository"": ""openssl/openssl"", ""commit"": ""0437435a960123be1ced766d18d715f939698345"", ""path"": ""ssl/d1_lib.c"", ""symbol"": ""dtls1_start_timer"", ""lines"": ""242-284"", ""url"": ""https://github.com/openssl/openssl/blob/0437435a960123be1ced766d18d715f939698345/ssl/d1_lib.c#L242-L284"", ""source_file_verified"": true, ""source_line_verified"": true, ""source_symbol_verified"": true}, {""mapping"": ""auxiliary:2"", ""role"": ""timer stop clears the active capped generation"", ""event_predicate"": ""A later dtls1_start_timer replaces this active capped generation or dtls1_stop_timer clears it; generation IDs keep the old and new deadlines distinct."", ""instrumentation_timing"": ""Emit the trigger only after dtls1_double_timeout clamps timeout_duration_us=60000000 and dtls1_start_timer stores its next_timeout. Derive the deadline from that timestamp. Close the generation as superseded if a later start overwrites it or stop_timer clears it."", ""atomic_propositions"": [""dtls12_capped_timer_superseded""], ""repository"": ""openssl/openssl"", ""commit"": ""0437435a960123be1ced766d18d715f939698345"", ""path"": ""ssl/d1_lib.c"", ""symbol"": ""dtls1_stop_timer"", ""lines"": ""352-362"", ""url"": ""https://github.com/openssl/openssl/blob/0437435a960123be1ced766d18d715f939698345/ssl/d1_lib.c#L352-L362"", ""source_file_verified"": true, ""source_line_verified"": true, ""source_symbol_verified"": true}, {""mapping"": ""auxiliary:3"", ""role"": ""expected peer-handshake processing invokes timer stop"", ""event_predicate"": ""A later dtls1_start_timer replaces this active capped generation or dtls1_stop_timer clears it; generation IDs keep the old and new deadlines distinct."", ""instrumentation_timing"": ""Emit the trigger only after dtls1_double_timeout clamps timeout_duration_us=60000000 and dtls1_start_timer stores its next_timeout. Derive the deadline from that timestamp. Close the generation as superseded if a later start overwrites it or stop_timer clears it."", ""atomic_propositions"": [""dtls12_capped_timer_superseded""], ""repository"": ""openssl/openssl"", ""commit"": ""0437435a960123be1ced766d18d715f939698345"", ""path"": ""ssl/statem/statem.c"", ""symbol"": ""read_state_machine"", ""lines"": ""637-683"", ""url"": ""https://github.com/openssl/openssl/blob/0437435a960123be1ced766d18d715f939698345/ssl/statem/statem.c#L637-L683"", ""source_file_verified"": true, ""source_line_verified"": true, ""source_symbol_verified"": true}]",{},Emit the trigger only after dtls1_double_timeout clamps timeout_duration_us=60000000 and dtls1_start_timer stores its next_timeout. Derive the deadline from that timestamp. Close the generation as superseded if a later start overwrites it or stop_timer clears it.,WHITEBOX
SSH,SSH-REKEY-01,ssh_rekey_eligible_one_hour_profile,"Authenticated OpenSSH connection has rekey_interval=3600, is not already in KEX, peer permits rekey, and a packet-processing opportunity exists.",OpenSSH ssh/session_state pointer + connection tuple; packet sequence counters remain fields,"correlate first, then project one connection/transaction/flight; dynamic identifiers never enter AP names","one correlated obligation instance per timed word; if the trigger can repeat, the adapter spawns a new projection keyed by timer/request generation","[{""mapping"": ""primary"", ""role"": ""primary property hook"", ""event_predicate"": ""Authenticated OpenSSH connection has rekey_interval=3600, is not already in KEX, peer permits rekey, and a packet-processing opportunity exists."", ""instrumentation_timing"": ""At ssh_packet_need_rekeying's time-profile true branch, emit eligibility only after confirming rekey_interval=3600 and the declared role/peer guards. Emit ssh_local_kexinit_started only after ssh_packet_send2 successfully passes the KEXINIT packet to ssh_packet_send2_wrapped. Emit ssh_connection_closed when ssh_packet_close begins closing the correlated descriptors."", ""atomic_propositions"": [""ssh_rekey_eligible_one_hour_profile""], ""repository"": ""vegard/openssh-portable"", ""commit"": ""7cfea58cb313a27b90aa4563cf65904bdf2fc5f3"", ""path"": ""packet.c"", ""symbol"": ""ssh_packet_need_rekeying"", ""lines"": ""1043-1085"", ""url"": ""https://github.com/vegard/openssh-portable/blob/7cfea58cb313a27b90aa4563cf65904bdf2fc5f3/packet.c#L1043-L1085"", ""source_file_verified"": true, ""source_line_verified"": true, ""source_symbol_verified"": true}, {""mapping"": ""auxiliary:2"", ""role"": ""one-hour profile installation into packet state"", ""event_predicate"": ""Authenticated OpenSSH connection has rekey_interval=3600, is not already in KEX, peer permits rekey, and a packet-processing opportunity exists."", ""instrumentation_timing"": ""At ssh_packet_need_rekeying's time-profile true branch, emit eligibility only after confirming rekey_interval=3600 and the declared role/peer guards. Emit ssh_local_kexinit_started only after ssh_packet_send2 successfully passes the KEXINIT packet to ssh_packet_send2_wrapped. Emit ssh_connection_closed when ssh_packet_close begins closing the correlated descriptors."", ""atomic_propositions"": [""ssh_rekey_eligible_one_hour_profile""], ""repository"": ""vegard/openssh-portable"", ""commit"": ""7cfea58cb313a27b90aa4563cf65904bdf2fc5f3"", ""path"": ""packet.c"", ""symbol"": ""ssh_packet_set_rekey_limits"", ""lines"": ""2429-2435"", ""url"": ""https://github.com/vegard/openssh-portable/blob/7cfea58cb313a27b90aa4563cf65904bdf2fc5f3/packet.c#L2429-L2435"", ""source_file_verified"": true, ""source_line_verified"": true, ""source_symbol_verified"": true}, {""mapping"": ""auxiliary:3"", ""role"": ""server default disables time rekey unless the benchmark installs the declared profile"", ""event_predicate"": ""Authenticated OpenSSH connection has rekey_interval=3600, is not already in KEX, peer permits rekey, and a packet-processing opportunity exists."", ""instrumentation_timing"": ""At ssh_packet_need_rekeying's time-profile true branch, emit eligibility only after confirming rekey_interval=3600 and the declared role/peer guards. Emit ssh_local_kexinit_started only after ssh_packet_send2 successfully passes the KEXINIT packet to ssh_packet_send2_wrapped. Emit ssh_connection_closed when ssh_packet_close begins closing the correlated descriptors."", ""atomic_propositions"": [""ssh_rekey_eligible_one_hour_profile""], ""repository"": ""vegard/openssh-portable"", ""commit"": ""7cfea58cb313a27b90aa4563cf65904bdf2fc5f3"", ""path"": ""servconf.c"", ""symbol"": ""fill_default_server_options"", ""lines"": ""284-289"", ""url"": ""https://github.com/vegard/openssh-portable/blob/7cfea58cb313a27b90aa4563cf65904bdf2fc5f3/servconf.c#L284-L289"", ""source_file_verified"": true, ""source_line_verified"": true, ""source_symbol_verified"": true}]",{},"At ssh_packet_need_rekeying's time-profile true branch, emit eligibility only after confirming rekey_interval=3600 and the declared role/peer guards. Emit ssh_local_kexinit_started only after ssh_packet_send2 successfully passes the KEXINIT packet to ssh_packet_send2_wrapped. Emit ssh_connection_closed when ssh_packet_close begins closing the correlated descriptors.",HYBRID
SSH,SSH-REKEY-01,ssh_local_kexinit_started,The local endpoint actually begins KEXINIT for the next key exchange.,OpenSSH ssh/session_state pointer + connection tuple; packet sequence counters remain fields,"correlate first, then project one connection/transaction/flight; dynamic identifiers never enter AP names","one correlated obligation instance per timed word; if the trigger can repeat, the adapter spawns a new projection keyed by timer/request generation","[{""mapping"": ""auxiliary:1"", ""role"": ""successful local KEXINIT start/send path"", ""event_predicate"": ""The local endpoint actually begins KEXINIT for the next key exchange."", ""instrumentation_timing"": ""At ssh_packet_need_rekeying's time-profile true branch, emit eligibility only after confirming rekey_interval=3600 and the declared role/peer guards. Emit ssh_local_kexinit_started only after ssh_packet_send2 successfully passes the KEXINIT packet to ssh_packet_send2_wrapped. Emit ssh_connection_closed when ssh_packet_close begins closing the correlated descriptors."", ""atomic_propositions"": [""ssh_local_kexinit_started""], ""repository"": ""vegard/openssh-portable"", ""commit"": ""7cfea58cb313a27b90aa4563cf65904bdf2fc5f3"", ""path"": ""packet.c"", ""symbol"": ""ssh_packet_send2"", ""lines"": ""1313-1360"", ""url"": ""https://github.com/vegard/openssh-portable/blob/7cfea58cb313a27b90aa4563cf65904bdf2fc5f3/packet.c#L1313-L1360"", ""source_file_verified"": true, ""source_line_verified"": true, ""source_symbol_verified"": true}]",{},"At ssh_packet_need_rekeying's time-profile true branch, emit eligibility only after confirming rekey_interval=3600 and the declared role/peer guards. Emit ssh_local_kexinit_started only after ssh_packet_send2 successfully passes the KEXINIT packet to ssh_packet_send2_wrapped. Emit ssh_connection_closed when ssh_packet_close begins closing the correlated descriptors.",HYBRID
SSH,SSH-REKEY-01,ssh_connection_closed,The correlated SSH transport closes before the local initiation deadline.,OpenSSH ssh/session_state pointer + connection tuple; packet sequence counters remain fields,"correlate first, then project one connection/transaction/flight; dynamic identifiers never enter AP names","one correlated obligation instance per timed word; if the trigger can repeat, the adapter spawns a new projection keyed by timer/request generation","[{""mapping"": ""auxiliary:4"", ""role"": ""correlated transport close action"", ""event_predicate"": ""The correlated SSH transport closes before the local initiation deadline."", ""instrumentation_timing"": ""At ssh_packet_need_rekeying's time-profile true branch, emit eligibility only after confirming rekey_interval=3600 and the declared role/peer guards. Emit ssh_local_kexinit_started only after ssh_packet_send2 successfully passes the KEXINIT packet to ssh_packet_send2_wrapped. Emit ssh_connection_closed when ssh_packet_close begins closing the correlated descriptors."", ""atomic_propositions"": [""ssh_connection_closed""], ""repository"": ""vegard/openssh-portable"", ""commit"": ""7cfea58cb313a27b90aa4563cf65904bdf2fc5f3"", ""path"": ""packet.c"", ""symbol"": ""ssh_packet_close"", ""lines"": ""574-588"", ""url"": ""https://github.com/vegard/openssh-portable/blob/7cfea58cb313a27b90aa4563cf65904bdf2fc5f3/packet.c#L574-L588"", ""source_file_verified"": true, ""source_line_verified"": true, ""source_symbol_verified"": true}]",{},"At ssh_packet_need_rekeying's time-profile true branch, emit eligibility only after confirming rekey_interval=3600 and the declared role/peer guards. Emit ssh_local_kexinit_started only after ssh_packet_send2 successfully passes the KEXINIT packet to ssh_packet_send2_wrapped. Emit ssh_connection_closed when ssh_packet_close begins closing the correlated descriptors.",HYBRID
RTSP,RTSP-SESSION-01,rtsp_liveness_generation_armed_65,"After GenericMediaServer::ClientSession::noteLiveness returns from rescheduleDelayedTask for an established ClientSession whose successful SETUP response already declared timeout=65, the new non-null fLivenessCheckTask token defines this generation; the constructor's pre-response arm is excluded.","GenericMediaServer::ClientSession pointer + fOurSessionId + captured fLivenessCheckTask token generation; pointer, session ID, and token remain event fields and never enter AP names","after a successful SETUP response has established the Session and declared timeout=65, spawn one projection after each later liveness-task reschedule; project only a callback carrying the same task-token generation, and finalize the old projection when reschedule or destruction supersedes that token","one correlated ClientSession task-token generation per finite timed word; the trigger occurs exactly once, every reschedule creates a new monitor instance, and a callback is projected only to its matching generation","[{""mapping"": ""primary"", ""role"": ""primary property hook"", ""event_predicate"": ""After GenericMediaServer::ClientSession::noteLiveness returns from rescheduleDelayedTask for an established ClientSession whose successful SETUP response already declared timeout=65, the new non-null fLivenessCheckTask token defines this generation; the constructor's pre-response arm is excluded."", ""instrumentation_timing"": ""Track that the ClientSession has completed a successful SETUP response declaring timeout=65; on a later noteLiveness call, emit the trigger after rescheduleDelayedTask returns and capture the new fLivenessCheckTask token. Emit the callback AP at livenessTimeoutTask entry before delete, only for that captured token generation. Do not synthesize a deadline from callback dispatch time."", ""atomic_propositions"": [""rtsp_liveness_generation_armed_65"", ""rtsp_inactivity_reclaim_callback_entered""], ""repository"": ""rgaufman/live555"", ""commit"": ""ceeb4f462709695b145852de309d8cd25e2dca01"", ""path"": ""liveMedia/GenericMediaServer.cpp"", ""symbol"": ""GenericMediaServer::ClientSession::noteLiveness / GenericMediaServer::ClientSession::livenessTimeoutTask"", ""lines"": ""283-297;303-312"", ""url"": ""https://github.com/rgaufman/live555/blob/ceeb4f462709695b145852de309d8cd25e2dca01/liveMedia/GenericMediaServer.cpp#L283-L297"", ""source_file_verified"": true, ""source_line_verified"": true, ""source_symbol_verified"": true}, {""mapping"": ""auxiliary:1"", ""role"": ""65-second server profile declaration"", ""event_predicate"": ""After GenericMediaServer::ClientSession::noteLiveness returns from rescheduleDelayedTask for an established ClientSession whose successful SETUP response already declared timeout=65, the new non-null fLivenessCheckTask token defines this generation; the constructor's pre-response arm is excluded."", ""instrumentation_timing"": ""Track that the ClientSession has completed a successful SETUP response declaring timeout=65; on a later noteLiveness call, emit the trigger after rescheduleDelayedTask returns and capture the new fLivenessCheckTask token. Emit the callback AP at livenessTimeoutTask entry before delete, only for that captured token generation. Do not synthesize a deadline from callback dispatch time."", ""atomic_propositions"": [""rtsp_liveness_generation_armed_65""], ""repository"": ""rgaufman/live555"", ""commit"": ""ceeb4f462709695b145852de309d8cd25e2dca01"", ""path"": ""liveMedia/include/RTSPServer.hh"", ""symbol"": ""reclamationSeconds"", ""lines"": ""31-41"", ""url"": ""https://github.com/rgaufman/live555/blob/ceeb4f462709695b145852de309d8cd25e2dca01/liveMedia/include/RTSPServer.hh#L31-L41"", ""source_file_verified"": true, ""source_line_verified"": true, ""source_symbol_verified"": true}, {""mapping"": ""auxiliary:2"", ""role"": ""Session timeout advertisement"", ""event_predicate"": ""After GenericMediaServer::ClientSession::noteLiveness returns from rescheduleDelayedTask for an established ClientSession whose successful SETUP response already declared timeout=65, the new non-null fLivenessCheckTask token defines this generation; the constructor's pre-response arm is excluded."", ""instrumentation_timing"": ""Track that the ClientSession has completed a successful SETUP response declaring timeout=65; on a later noteLiveness call, emit the trigger after rescheduleDelayedTask returns and capture the new fLivenessCheckTask token. Emit the callback AP at livenessTimeoutTask entry before delete, only for that captured token generation. Do not synthesize a deadline from callback dispatch time."", ""atomic_propositions"": [""rtsp_liveness_generation_armed_65""], ""repository"": ""rgaufman/live555"", ""commit"": ""ceeb4f462709695b145852de309d8cd25e2dca01"", ""path"": ""liveMedia/RTSPServer.cpp"", ""symbol"": ""RTSPServer::RTSPClientSession::handleCmd_SETUP"", ""lines"": ""1416-1499"", ""url"": ""https://github.com/rgaufman/live555/blob/ceeb4f462709695b145852de309d8cd25e2dca01/liveMedia/RTSPServer.cpp#L1416-L1499"", ""source_file_verified"": true, ""source_line_verified"": true, ""source_symbol_verified"": true}, {""mapping"": ""auxiliary:3"", ""role"": ""valid Session request liveness refresh"", ""event_predicate"": ""After GenericMediaServer::ClientSession::noteLiveness returns from rescheduleDelayedTask for an established ClientSession whose successful SETUP response already declared timeout=65, the new non-null fLivenessCheckTask token defines this generation; the constructor's pre-response arm is excluded."", ""instrumentation_timing"": ""Track that the ClientSession has completed a successful SETUP response declaring timeout=65; on a later noteLiveness call, emit the trigger after rescheduleDelayedTask returns and capture the new fLivenessCheckTask token. Emit the callback AP at livenessTimeoutTask entry before delete, only for that captured token generation. Do not synthesize a deadline from callback dispatch time."", ""atomic_propositions"": [""rtsp_liveness_generation_armed_65""], ""repository"": ""rgaufman/live555"", ""commit"": ""ceeb4f462709695b145852de309d8cd25e2dca01"", ""path"": ""liveMedia/RTSPServer.cpp"", ""symbol"": ""RTSPServer::RTSPClientConnection::handleRequestBytes"", ""lines"": ""726-733"", ""url"": ""https://github.com/rgaufman/live555/blob/ceeb4f462709695b145852de309d8cd25e2dca01/liveMedia/RTSPServer.cpp#L726-L733"", ""source_file_verified"": true, ""source_line_verified"": true, ""source_symbol_verified"": true}, {""mapping"": ""auxiliary:4"", ""role"": ""task reschedule"", ""event_predicate"": ""After GenericMediaServer::ClientSession::noteLiveness returns from rescheduleDelayedTask for an established ClientSession whose successful SETUP response already declared timeout=65, the new non-null fLivenessCheckTask token defines this generation; the constructor's pre-response arm is excluded."", ""instrumentation_timing"": ""Track that the ClientSession has completed a successful SETUP response declaring timeout=65; on a later noteLiveness call, emit the trigger after rescheduleDelayedTask returns and capture the new fLivenessCheckTask token. Emit the callback AP at livenessTimeoutTask entry before delete, only for that captured token generation. Do not synthesize a deadline from callback dispatch time."", ""atomic_propositions"": [""rtsp_liveness_generation_armed_65""], ""repository"": ""rgaufman/live555"", ""commit"": ""ceeb4f462709695b145852de309d8cd25e2dca01"", ""path"": ""UsageEnvironment/UsageEnvironment.cpp"", ""symbol"": ""TaskScheduler::rescheduleDelayedTask"", ""lines"": ""52-57"", ""url"": ""https://github.com/rgaufman/live555/blob/ceeb4f462709695b145852de309d8cd25e2dca01/UsageEnvironment/UsageEnvironment.cpp#L52-L57"", ""source_file_verified"": true, ""source_line_verified"": true, ""source_symbol_verified"": true}, {""mapping"": ""auxiliary:5"", ""role"": ""delayed-task queue insertion"", ""event_predicate"": ""After GenericMediaServer::ClientSession::noteLiveness returns from rescheduleDelayedTask for an established ClientSession whose successful SETUP response already declared timeout=65, the new non-null fLivenessCheckTask token defines this generation; the constructor's pre-response arm is excluded."", ""instrumentation_timing"": ""Track that the ClientSession has completed a successful SETUP response declaring timeout=65; on a later noteLiveness call, emit the trigger after rescheduleDelayedTask returns and capture the new fLivenessCheckTask token. Emit the callback AP at livenessTimeoutTask entry before delete, only for that captured token generation. Do not synthesize a deadline from callback dispatch time."", ""atomic_propositions"": [""rtsp_liveness_generation_armed_65""], ""repository"": ""rgaufman/live555"", ""commit"": ""ceeb4f462709695b145852de309d8cd25e2dca01"", ""path"": ""BasicUsageEnvironment/BasicTaskScheduler0.cpp"", ""symbol"": ""BasicTaskScheduler0::scheduleDelayedTask"", ""lines"": ""59-68"", ""url"": ""https://github.com/rgaufman/live555/blob/ceeb4f462709695b145852de309d8cd25e2dca01/BasicUsageEnvironment/BasicTaskScheduler0.cpp#L59-L68"", ""source_file_verified"": true, ""source_line_verified"": true, ""source_symbol_verified"": true}]",{},"Track that the ClientSession has completed a successful SETUP response declaring timeout=65; on a later noteLiveness call, emit the trigger after rescheduleDelayedTask returns and capture the new fLivenessCheckTask token. Emit the callback AP at livenessTimeoutTask entry before delete, only for that captured token generation. Do not synthesize a deadline from callback dispatch time.",WHITEBOX
RTSP,RTSP-SESSION-01,rtsp_inactivity_reclaim_callback_entered,"GenericMediaServer::ClientSession::livenessTimeoutTask is entered for the exact captured fLivenessCheckTask generation, immediately before deletion of that ClientSession.","GenericMediaServer::ClientSession pointer + fOurSessionId + captured fLivenessCheckTask token generation; pointer, session ID, and token remain event fields and never enter AP names","after a successful SETUP response has established the Session and declared timeout=65, spawn one projection after each later liveness-task reschedule; project only a callback carrying the same task-token generation, and finalize the old projection when reschedule or destruction supersedes that token","one correlated ClientSession task-token generation per finite timed word; the trigger occurs exactly once, every reschedule creates a new monitor instance, and a callback is projected only to its matching generation","[{""mapping"": ""primary"", ""role"": ""primary property hook"", ""event_predicate"": ""GenericMediaServer::ClientSession::livenessTimeoutTask is entered for the exact captured fLivenessCheckTask generation, immediately before deletion of that ClientSession."", ""instrumentation_timing"": ""Track that the ClientSession has completed a successful SETUP response declaring timeout=65; on a later noteLiveness call, emit the trigger after rescheduleDelayedTask returns and capture the new fLivenessCheckTask token. Emit the callback AP at livenessTimeoutTask entry before delete, only for that captured token generation. Do not synthesize a deadline from callback dispatch time."", ""atomic_propositions"": [""rtsp_liveness_generation_armed_65"", ""rtsp_inactivity_reclaim_callback_entered""], ""repository"": ""rgaufman/live555"", ""commit"": ""ceeb4f462709695b145852de309d8cd25e2dca01"", ""path"": ""liveMedia/GenericMediaServer.cpp"", ""symbol"": ""GenericMediaServer::ClientSession::noteLiveness / GenericMediaServer::ClientSession::livenessTimeoutTask"", ""lines"": ""283-297;303-312"", ""url"": ""https://github.com/rgaufman/live555/blob/ceeb4f462709695b145852de309d8cd25e2dca01/liveMedia/GenericMediaServer.cpp#L283-L297"", ""source_file_verified"": true, ""source_line_verified"": true, ""source_symbol_verified"": true}, {""mapping"": ""auxiliary:6"", ""role"": ""due delayed-task dispatch"", ""event_predicate"": ""GenericMediaServer::ClientSession::livenessTimeoutTask is entered for the exact captured fLivenessCheckTask generation, immediately before deletion of that ClientSession."", ""instrumentation_timing"": ""Track that the ClientSession has completed a successful SETUP response declaring timeout=65; on a later noteLiveness call, emit the trigger after rescheduleDelayedTask returns and capture the new fLivenessCheckTask token. Emit the callback AP at livenessTimeoutTask entry before delete, only for that captured token generation. Do not synthesize a deadline from callback dispatch time."", ""atomic_propositions"": [""rtsp_inactivity_reclaim_callback_entered""], ""repository"": ""rgaufman/live555"", ""commit"": ""ceeb4f462709695b145852de309d8cd25e2dca01"", ""path"": ""BasicUsageEnvironment/DelayQueue.cpp"", ""symbol"": ""DelayQueue::handleAlarm"", ""lines"": ""179-189"", ""url"": ""https://github.com/rgaufman/live555/blob/ceeb4f462709695b145852de309d8cd25e2dca01/BasicUsageEnvironment/DelayQueue.cpp#L179-L189"", ""source_file_verified"": true, ""source_line_verified"": true, ""source_symbol_verified"": true}]",{},"Track that the ClientSession has completed a successful SETUP response declaring timeout=65; on a later noteLiveness call, emit the trigger after rescheduleDelayedTask returns and capture the new fLivenessCheckTask token. Emit the callback AP at livenessTimeoutTask entry before delete, only for that captured token generation. Do not synthesize a deadline from callback dispatch time.",WHITEBOX
SMTP,SMTP-TIMEOUT-01,smtp_waiting_initial_220,"smtp_connect returns a valid socket in smtp_setup_conn, opening one correlated initial-220 obligation before the later smtp_read_response call",outbound SMTP connection identity + remote host/address + delivery attempt,"one successful-connect/initial-greeting obligation per timed word; a greeting, peer close, non-timeout I/O error, or delivery-attempt teardown closes only that generation; identifiers remain fields",EXACTLY_ONE_TRIGGER_PER_PROJECTED_WORD; correlate the successful connect to its initial smtp_read_response outcome before projection,"[{""mapping"": ""primary"", ""role"": ""primary property hook"", ""event_predicate"": ""smtp_connect returns a valid socket in smtp_setup_conn, opening one correlated initial-220 obligation before the later smtp_read_response call"", ""instrumentation_timing"": ""emit start once after successful smtp_connect; after the initial smtp_read_response returns false, inspect errno and emit timeout only for ETIMEDOUT before the RESPONSE_FAILED jump; use smtp_transport_option_defaults:222 as profile evidence"", ""atomic_propositions"": [""smtp_waiting_initial_220""], ""repository"": ""Exim/exim"", ""commit"": ""38903fb5b864ee99904d035337c66891604d9678"", ""path"": ""src/src/transports/smtp.c"", ""symbol"": ""smtp_setup_conn"", ""lines"": ""1544-1643;2095-2099"", ""url"": ""https://github.com/Exim/exim/blob/38903fb5b864ee99904d035337c66891604d9678/src/src/transports/smtp.c#L1544-L1643"", ""source_file_verified"": true, ""source_line_verified"": true, ""source_symbol_verified"": true}, {""mapping"": ""auxiliary:4"", ""role"": ""fixed timeout profile"", ""event_predicate"": ""smtp_connect returns a valid socket in smtp_setup_conn, opening one correlated initial-220 obligation before the later smtp_read_response call"", ""instrumentation_timing"": ""emit start once after successful smtp_connect; after the initial smtp_read_response returns false, inspect errno and emit timeout only for ETIMEDOUT before the RESPONSE_FAILED jump; use smtp_transport_option_defaults:222 as profile evidence"", ""atomic_propositions"": [""smtp_waiting_initial_220""], ""repository"": ""Exim/exim"", ""commit"": ""38903fb5b864ee99904d035337c66891604d9678"", ""path"": ""src/src/transports/smtp.c"", ""symbol"": ""smtp_transport_option_defaults"", ""lines"": ""189-225"", ""url"": ""https://github.com/Exim/exim/blob/38903fb5b864ee99904d035337c66891604d9678/src/src/transports/smtp.c#L189-L225"", ""source_file_verified"": true, ""source_line_verified"": true, ""source_symbol_verified"": true}]",{},"emit start once after successful smtp_connect; after the initial smtp_read_response returns false, inspect errno and emit timeout only for ETIMEDOUT before the RESPONSE_FAILED jump; use smtp_transport_option_defaults:222 as profile evidence",HYBRID
SMTP,SMTP-TIMEOUT-01,smtp_initial_220_timeout,the initial-greeting smtp_read_response returns false with errno==ETIMEDOUT for that same connection before a valid initial 220 response,outbound SMTP connection identity + remote host/address + delivery attempt,"one successful-connect/initial-greeting obligation per timed word; a greeting, peer close, non-timeout I/O error, or delivery-attempt teardown closes only that generation; identifiers remain fields",EXACTLY_ONE_TRIGGER_PER_PROJECTED_WORD; correlate the successful connect to its initial smtp_read_response outcome before projection,"[{""mapping"": ""auxiliary:1"", ""role"": ""response reader and errno propagation"", ""event_predicate"": ""the initial-greeting smtp_read_response returns false with errno==ETIMEDOUT for that same connection before a valid initial 220 response"", ""instrumentation_timing"": ""emit start once after successful smtp_connect; after the initial smtp_read_response returns false, inspect errno and emit timeout only for ETIMEDOUT before the RESPONSE_FAILED jump; use smtp_transport_option_defaults:222 as profile evidence"", ""atomic_propositions"": [""smtp_initial_220_timeout""], ""repository"": ""Exim/exim"", ""commit"": ""38903fb5b864ee99904d035337c66891604d9678"", ""path"": ""src/src/smtp_out.c"", ""symbol"": ""read_response_line/smtp_read_response"", ""lines"": ""457-520;548-608"", ""url"": ""https://github.com/Exim/exim/blob/38903fb5b864ee99904d035337c66891604d9678/src/src/smtp_out.c#L457-L520"", ""source_file_verified"": true, ""source_line_verified"": true, ""source_symbol_verified"": true}, {""mapping"": ""auxiliary:2"", ""role"": ""absolute read deadline and ETIMEDOUT"", ""event_predicate"": ""the initial-greeting smtp_read_response returns false with errno==ETIMEDOUT for that same connection before a valid initial 220 response"", ""instrumentation_timing"": ""emit start once after successful smtp_connect; after the initial smtp_read_response returns false, inspect errno and emit timeout only for ETIMEDOUT before the RESPONSE_FAILED jump; use smtp_transport_option_defaults:222 as profile evidence"", ""atomic_propositions"": [""smtp_initial_220_timeout""], ""repository"": ""Exim/exim"", ""commit"": ""38903fb5b864ee99904d035337c66891604d9678"", ""path"": ""src/src/ip.c"", ""symbol"": ""fd_ready/ip_recv"", ""lines"": ""478-524;548-570"", ""url"": ""https://github.com/Exim/exim/blob/38903fb5b864ee99904d035337c66891604d9678/src/src/ip.c#L478-L524"", ""source_file_verified"": true, ""source_line_verified"": true, ""source_symbol_verified"": true}, {""mapping"": ""auxiliary:3"", ""role"": ""SMTP timeout classification"", ""event_predicate"": ""the initial-greeting smtp_read_response returns false with errno==ETIMEDOUT for that same connection before a valid initial 220 response"", ""instrumentation_timing"": ""emit start once after successful smtp_connect; after the initial smtp_read_response returns false, inspect errno and emit timeout only for ETIMEDOUT before the RESPONSE_FAILED jump; use smtp_transport_option_defaults:222 as profile evidence"", ""atomic_propositions"": [""smtp_initial_220_timeout""], ""repository"": ""Exim/exim"", ""commit"": ""38903fb5b864ee99904d035337c66891604d9678"", ""path"": ""src/src/transports/smtp.c"", ""symbol"": ""check_response"", ""lines"": ""508-525"", ""url"": ""https://github.com/Exim/exim/blob/38903fb5b864ee99904d035337c66891604d9678/src/src/transports/smtp.c#L508-L525"", ""source_file_verified"": true, ""source_line_verified"": true, ""source_symbol_verified"": true}]",{},"emit start once after successful smtp_connect; after the initial smtp_read_response returns false, inspect errno and emit timeout only for ETIMEDOUT before the RESPONSE_FAILED jump; use smtp_transport_option_defaults:222 as profile evidence",HYBRID
SMTP,SMTP-TIMEOUT-02,smtp_mail_response_wait_started,flush_buffer successfully transmits a buffer containing the correlated MAIL FROM command; the adapter assigns that command a transaction-generation ordinal before response projection,outbound connection + SMTP transaction generation + MAIL command sequence,"decode each successfully flushed command buffer, correlate the pending MAIL response slot, then project exactly one MAIL generation per timed word; command ordinals remain fields",EXACTLY_ONE_TRIGGER_PER_PROJECTED_WORD; one flushed MAIL command and its response outcome constitute one monitor instance,"[{""mapping"": ""primary"", ""role"": ""primary property hook"", ""event_predicate"": ""flush_buffer successfully transmits a buffer containing the correlated MAIL FROM command; the adapter assigns that command a transaction-generation ordinal before response projection"", ""instrumentation_timing"": ""at successful flush_buffer return, parse the just-sent command buffer and emit one start for its MAIL ordinal; emit timeout only when that pending MAIL response read returns false with errno==ETIMEDOUT"", ""atomic_propositions"": [""smtp_mail_response_wait_started""], ""repository"": ""Exim/exim"", ""commit"": ""38903fb5b864ee99904d035337c66891604d9678"", ""path"": ""src/src/smtp_out.c"", ""symbol"": ""flush_buffer"", ""lines"": ""326-349"", ""url"": ""https://github.com/Exim/exim/blob/38903fb5b864ee99904d035337c66891604d9678/src/src/smtp_out.c#L326-L349"", ""source_file_verified"": true, ""source_line_verified"": true, ""source_symbol_verified"": true}, {""mapping"": ""auxiliary:1"", ""role"": ""pipelined MAIL response slot"", ""event_predicate"": ""flush_buffer successfully transmits a buffer containing the correlated MAIL FROM command; the adapter assigns that command a transaction-generation ordinal before response projection"", ""instrumentation_timing"": ""at successful flush_buffer return, parse the just-sent command buffer and emit one start for its MAIL ordinal; emit timeout only when that pending MAIL response read returns false with errno==ETIMEDOUT"", ""atomic_propositions"": [""smtp_mail_response_wait_started"", ""smtp_mail_response_timeout""], ""repository"": ""Exim/exim"", ""commit"": ""38903fb5b864ee99904d035337c66891604d9678"", ""path"": ""src/src/transports/smtp.c"", ""symbol"": ""sync_responses"", ""lines"": ""742-782"", ""url"": ""https://github.com/Exim/exim/blob/38903fb5b864ee99904d035337c66891604d9678/src/src/transports/smtp.c#L742-L782"", ""source_file_verified"": true, ""source_line_verified"": true, ""source_symbol_verified"": true}, {""mapping"": ""auxiliary:2"", ""role"": ""MAIL command and direct response path"", ""event_predicate"": ""flush_buffer successfully transmits a buffer containing the correlated MAIL FROM command; the adapter assigns that command a transaction-generation ordinal before response projection"", ""instrumentation_timing"": ""at successful flush_buffer return, parse the just-sent command buffer and emit one start for its MAIL ordinal; emit timeout only when that pending MAIL response read returns false with errno==ETIMEDOUT"", ""atomic_propositions"": [""smtp_mail_response_wait_started""], ""repository"": ""Exim/exim"", ""commit"": ""38903fb5b864ee99904d035337c66891604d9678"", ""path"": ""src/src/transports/smtp.c"", ""symbol"": ""smtp_write_mail_and_rcpt_cmds"", ""lines"": ""2340-2406"", ""url"": ""https://github.com/Exim/exim/blob/38903fb5b864ee99904d035337c66891604d9678/src/src/transports/smtp.c#L2340-L2406"", ""source_file_verified"": true, ""source_line_verified"": true, ""source_symbol_verified"": true}, {""mapping"": ""auxiliary:6"", ""role"": ""fixed timeout profile"", ""event_predicate"": ""flush_buffer successfully transmits a buffer containing the correlated MAIL FROM command; the adapter assigns that command a transaction-generation ordinal before response projection"", ""instrumentation_timing"": ""at successful flush_buffer return, parse the just-sent command buffer and emit one start for its MAIL ordinal; emit timeout only when that pending MAIL response read returns false with errno==ETIMEDOUT"", ""atomic_propositions"": [""smtp_mail_response_wait_started""], ""repository"": ""Exim/exim"", ""commit"": ""38903fb5b864ee99904d035337c66891604d9678"", ""path"": ""src/src/transports/smtp.c"", ""symbol"": ""smtp_transport_option_defaults"", ""lines"": ""189-225"", ""url"": ""https://github.com/Exim/exim/blob/38903fb5b864ee99904d035337c66891604d9678/src/src/transports/smtp.c#L189-L225"", ""source_file_verified"": true, ""source_line_verified"": true, ""source_symbol_verified"": true}]",{},"at successful flush_buffer return, parse the just-sent command buffer and emit one start for its MAIL ordinal; emit timeout only when that pending MAIL response read returns false with errno==ETIMEDOUT",HYBRID
SMTP,SMTP-TIMEOUT-02,smtp_mail_response_timeout,the response read associated with that pending MAIL generation returns false with errno==ETIMEDOUT,outbound connection + SMTP transaction generation + MAIL command sequence,"decode each successfully flushed command buffer, correlate the pending MAIL response slot, then project exactly one MAIL generation per timed word; command ordinals remain fields",EXACTLY_ONE_TRIGGER_PER_PROJECTED_WORD; one flushed MAIL command and its response outcome constitute one monitor instance,"[{""mapping"": ""auxiliary:1"", ""role"": ""pipelined MAIL response slot"", ""event_predicate"": ""the response read associated with that pending MAIL generation returns false with errno==ETIMEDOUT"", ""instrumentation_timing"": ""at successful flush_buffer return, parse the just-sent command buffer and emit one start for its MAIL ordinal; emit timeout only when that pending MAIL response read returns false with errno==ETIMEDOUT"", ""atomic_propositions"": [""smtp_mail_response_wait_started"", ""smtp_mail_response_timeout""], ""repository"": ""Exim/exim"", ""commit"": ""38903fb5b864ee99904d035337c66891604d9678"", ""path"": ""src/src/transports/smtp.c"", ""symbol"": ""sync_responses"", ""lines"": ""742-782"", ""url"": ""https://github.com/Exim/exim/blob/38903fb5b864ee99904d035337c66891604d9678/src/src/transports/smtp.c#L742-L782"", ""source_file_verified"": true, ""source_line_verified"": true, ""source_symbol_verified"": true}, {""mapping"": ""auxiliary:3"", ""role"": ""response reader and errno propagation"", ""event_predicate"": ""the response read associated with that pending MAIL generation returns false with errno==ETIMEDOUT"", ""instrumentation_timing"": ""at successful flush_buffer return, parse the just-sent command buffer and emit one start for its MAIL ordinal; emit timeout only when that pending MAIL response read returns false with errno==ETIMEDOUT"", ""atomic_propositions"": [""smtp_mail_response_timeout""], ""repository"": ""Exim/exim"", ""commit"": ""38903fb5b864ee99904d035337c66891604d9678"", ""path"": ""src/src/smtp_out.c"", ""symbol"": ""read_response_line/smtp_read_response"", ""lines"": ""457-520;548-608"", ""url"": ""https://github.com/Exim/exim/blob/38903fb5b864ee99904d035337c66891604d9678/src/src/smtp_out.c#L457-L520"", ""source_file_verified"": true, ""source_line_verified"": true, ""source_symbol_verified"": true}, {""mapping"": ""auxiliary:4"", ""role"": ""absolute read deadline and ETIMEDOUT"", ""event_predicate"": ""the response read associated with that pending MAIL generation returns false with errno==ETIMEDOUT"", ""instrumentation_timing"": ""at successful flush_buffer return, parse the just-sent command buffer and emit one start for its MAIL ordinal; emit timeout only when that pending MAIL response read returns false with errno==ETIMEDOUT"", ""atomic_propositions"": [""smtp_mail_response_timeout""], ""repository"": ""Exim/exim"", ""commit"": ""38903fb5b864ee99904d035337c66891604d9678"", ""path"": ""src/src/ip.c"", ""symbol"": ""fd_ready/ip_recv"", ""lines"": ""478-524;548-570"", ""url"": ""https://github.com/Exim/exim/blob/38903fb5b864ee99904d035337c66891604d9678/src/src/ip.c#L478-L524"", ""source_file_verified"": true, ""source_line_verified"": true, ""source_symbol_verified"": true}, {""mapping"": ""auxiliary:5"", ""role"": ""SMTP timeout classification"", ""event_predicate"": ""the response read associated with that pending MAIL generation returns false with errno==ETIMEDOUT"", ""instrumentation_timing"": ""at successful flush_buffer return, parse the just-sent command buffer and emit one start for its MAIL ordinal; emit timeout only when that pending MAIL response read returns false with errno==ETIMEDOUT"", ""atomic_propositions"": [""smtp_mail_response_timeout""], ""repository"": ""Exim/exim"", ""commit"": ""38903fb5b864ee99904d035337c66891604d9678"", ""path"": ""src/src/transports/smtp.c"", ""symbol"": ""check_response"", ""lines"": ""508-525"", ""url"": ""https://github.com/Exim/exim/blob/38903fb5b864ee99904d035337c66891604d9678/src/src/transports/smtp.c#L508-L525"", ""source_file_verified"": true, ""source_line_verified"": true, ""source_symbol_verified"": true}]",{},"at successful flush_buffer return, parse the just-sent command buffer and emit one start for its MAIL ordinal; emit timeout only when that pending MAIL response read returns false with errno==ETIMEDOUT",HYBRID
SMTP,SMTP-TIMEOUT-03,smtp_rcpt_response_wait_started,flush_buffer successfully transmits a buffer containing the correlated RCPT command and assigns it a transaction-local RCPT ordinal,outbound connection + SMTP transaction generation + RCPT ordinal/address field,"decode each successful flush, assign RCPT ordinals, correlate sync_responses slots in order, then spawn one obligation projection per RCPT ordinal; address remains an event field",EXACTLY_ONE_TRIGGER_PER_PROJECTED_WORD; each flushed RCPT ordinal and its single response outcome are monitored separately,"[{""mapping"": ""primary"", ""role"": ""primary property hook"", ""event_predicate"": ""flush_buffer successfully transmits a buffer containing the correlated RCPT command and assigns it a transaction-local RCPT ordinal"", ""instrumentation_timing"": ""emit start after the successful command-buffer flush for this RCPT ordinal; in sync_responses emit timeout only after ordinal correlation and only on the complete errno==ETIMEDOUT branch at lines 816-825"", ""atomic_propositions"": [""smtp_rcpt_response_wait_started"", ""smtp_rcpt_response_timeout""], ""repository"": ""Exim/exim"", ""commit"": ""38903fb5b864ee99904d035337c66891604d9678"", ""path"": ""src/src/transports/smtp.c"", ""symbol"": ""sync_responses"", ""lines"": ""786-825"", ""url"": ""https://github.com/Exim/exim/blob/38903fb5b864ee99904d035337c66891604d9678/src/src/transports/smtp.c#L786-L825"", ""source_file_verified"": true, ""source_line_verified"": true, ""source_symbol_verified"": true}, {""mapping"": ""auxiliary:1"", ""role"": ""RCPT command enqueue/flush and sync invocation"", ""event_predicate"": ""flush_buffer successfully transmits a buffer containing the correlated RCPT command and assigns it a transaction-local RCPT ordinal"", ""instrumentation_timing"": ""emit start after the successful command-buffer flush for this RCPT ordinal; in sync_responses emit timeout only after ordinal correlation and only on the complete errno==ETIMEDOUT branch at lines 816-825"", ""atomic_propositions"": [""smtp_rcpt_response_wait_started""], ""repository"": ""Exim/exim"", ""commit"": ""38903fb5b864ee99904d035337c66891604d9678"", ""path"": ""src/src/transports/smtp.c"", ""symbol"": ""smtp_write_mail_and_rcpt_cmds"", ""lines"": ""2440-2480"", ""url"": ""https://github.com/Exim/exim/blob/38903fb5b864ee99904d035337c66891604d9678/src/src/transports/smtp.c#L2440-L2480"", ""source_file_verified"": true, ""source_line_verified"": true, ""source_symbol_verified"": true}, {""mapping"": ""auxiliary:2"", ""role"": ""actual pipelined command-buffer flush"", ""event_predicate"": ""flush_buffer successfully transmits a buffer containing the correlated RCPT command and assigns it a transaction-local RCPT ordinal"", ""instrumentation_timing"": ""emit start after the successful command-buffer flush for this RCPT ordinal; in sync_responses emit timeout only after ordinal correlation and only on the complete errno==ETIMEDOUT branch at lines 816-825"", ""atomic_propositions"": [""smtp_rcpt_response_wait_started""], ""repository"": ""Exim/exim"", ""commit"": ""38903fb5b864ee99904d035337c66891604d9678"", ""path"": ""src/src/smtp_out.c"", ""symbol"": ""flush_buffer"", ""lines"": ""326-349"", ""url"": ""https://github.com/Exim/exim/blob/38903fb5b864ee99904d035337c66891604d9678/src/src/smtp_out.c#L326-L349"", ""source_file_verified"": true, ""source_line_verified"": true, ""source_symbol_verified"": true}, {""mapping"": ""auxiliary:5"", ""role"": ""fixed timeout profile"", ""event_predicate"": ""flush_buffer successfully transmits a buffer containing the correlated RCPT command and assigns it a transaction-local RCPT ordinal"", ""instrumentation_timing"": ""emit start after the successful command-buffer flush for this RCPT ordinal; in sync_responses emit timeout only after ordinal correlation and only on the complete errno==ETIMEDOUT branch at lines 816-825"", ""atomic_propositions"": [""smtp_rcpt_response_wait_started""], ""repository"": ""Exim/exim"", ""commit"": ""38903fb5b864ee99904d035337c66891604d9678"", ""path"": ""src/src/transports/smtp.c"", ""symbol"": ""smtp_transport_option_defaults"", ""lines"": ""189-225"", ""url"": ""https://github.com/Exim/exim/blob/38903fb5b864ee99904d035337c66891604d9678/src/src/transports/smtp.c#L189-L225"", ""source_file_verified"": true, ""source_line_verified"": true, ""source_symbol_verified"": true}]",{},emit start after the successful command-buffer flush for this RCPT ordinal; in sync_responses emit timeout only after ordinal correlation and only on the complete errno==ETIMEDOUT branch at lines 816-825,HYBRID
SMTP,SMTP-TIMEOUT-03,smtp_rcpt_response_timeout,sync_responses maps the pending response slot to that RCPT ordinal and its smtp_read_response returns false with errno==ETIMEDOUT,outbound connection + SMTP transaction generation + RCPT ordinal/address field,"decode each successful flush, assign RCPT ordinals, correlate sync_responses slots in order, then spawn one obligation projection per RCPT ordinal; address remains an event field",EXACTLY_ONE_TRIGGER_PER_PROJECTED_WORD; each flushed RCPT ordinal and its single response outcome are monitored separately,"[{""mapping"": ""primary"", ""role"": ""primary property hook"", ""event_predicate"": ""sync_responses maps the pending response slot to that RCPT ordinal and its smtp_read_response returns false with errno==ETIMEDOUT"", ""instrumentation_timing"": ""emit start after the successful command-buffer flush for this RCPT ordinal; in sync_responses emit timeout only after ordinal correlation and only on the complete errno==ETIMEDOUT branch at lines 816-825"", ""atomic_propositions"": [""smtp_rcpt_response_wait_started"", ""smtp_rcpt_response_timeout""], ""repository"": ""Exim/exim"", ""commit"": ""38903fb5b864ee99904d035337c66891604d9678"", ""path"": ""src/src/transports/smtp.c"", ""symbol"": ""sync_responses"", ""lines"": ""786-825"", ""url"": ""https://github.com/Exim/exim/blob/38903fb5b864ee99904d035337c66891604d9678/src/src/transports/smtp.c#L786-L825"", ""source_file_verified"": true, ""source_line_verified"": true, ""source_symbol_verified"": true}, {""mapping"": ""auxiliary:3"", ""role"": ""response reader and errno propagation"", ""event_predicate"": ""sync_responses maps the pending response slot to that RCPT ordinal and its smtp_read_response returns false with errno==ETIMEDOUT"", ""instrumentation_timing"": ""emit start after the successful command-buffer flush for this RCPT ordinal; in sync_responses emit timeout only after ordinal correlation and only on the complete errno==ETIMEDOUT branch at lines 816-825"", ""atomic_propositions"": [""smtp_rcpt_response_timeout""], ""repository"": ""Exim/exim"", ""commit"": ""38903fb5b864ee99904d035337c66891604d9678"", ""path"": ""src/src/smtp_out.c"", ""symbol"": ""read_response_line/smtp_read_response"", ""lines"": ""457-520;548-608"", ""url"": ""https://github.com/Exim/exim/blob/38903fb5b864ee99904d035337c66891604d9678/src/src/smtp_out.c#L457-L520"", ""source_file_verified"": true, ""source_line_verified"": true, ""source_symbol_verified"": true}, {""mapping"": ""auxiliary:4"", ""role"": ""absolute read deadline and ETIMEDOUT"", ""event_predicate"": ""sync_responses maps the pending response slot to that RCPT ordinal and its smtp_read_response returns false with errno==ETIMEDOUT"", ""instrumentation_timing"": ""emit start after the successful command-buffer flush for this RCPT ordinal; in sync_responses emit timeout only after ordinal correlation and only on the complete errno==ETIMEDOUT branch at lines 816-825"", ""atomic_propositions"": [""smtp_rcpt_response_timeout""], ""repository"": ""Exim/exim"", ""commit"": ""38903fb5b864ee99904d035337c66891604d9678"", ""path"": ""src/src/ip.c"", ""symbol"": ""fd_ready/ip_recv"", ""lines"": ""478-524;548-570"", ""url"": ""https://github.com/Exim/exim/blob/38903fb5b864ee99904d035337c66891604d9678/src/src/ip.c#L478-L524"", ""source_file_verified"": true, ""source_line_verified"": true, ""source_symbol_verified"": true}]",{},emit start after the successful command-buffer flush for this RCPT ordinal; in sync_responses emit timeout only after ordinal correlation and only on the complete errno==ETIMEDOUT branch at lines 816-825,HYBRID
SMTP,SMTP-TIMEOUT-04,smtp_data_354_wait_started,"smtp_write_command(..., FALSE, DATA) successfully flushes the correlated classic-DATA command and opens one 354-wait generation",outbound connection + SMTP transaction generation + DATA command ordinal,"after successful DATA flush, correlate the pending_DATA slot after any preceding pipelined MAIL/RCPT slots, then project one DATA-initiation generation per transaction",EXACTLY_ONE_TRIGGER_PER_PROJECTED_WORD; one successfully flushed DATA command and its pending_DATA response outcome form one monitor instance,"[{""mapping"": ""primary"", ""role"": ""primary property hook"", ""event_predicate"": ""smtp_write_command(..., FALSE, DATA) successfully flushes the correlated classic-DATA command and opens one 354-wait generation"", ""instrumentation_timing"": ""emit start after the DATA command's successful forced flush; when sync_responses reaches that pending_DATA slot, emit timeout only for false return with errno==ETIMEDOUT"", ""atomic_propositions"": [""smtp_data_354_wait_started""], ""repository"": ""Exim/exim"", ""commit"": ""38903fb5b864ee99904d035337c66891604d9678"", ""path"": ""src/src/transports/smtp.c"", ""symbol"": ""smtp_deliver"", ""lines"": ""2659-2665"", ""url"": ""https://github.com/Exim/exim/blob/38903fb5b864ee99904d035337c66891604d9678/src/src/transports/smtp.c#L2659-L2665"", ""source_file_verified"": true, ""source_line_verified"": true, ""source_symbol_verified"": true}, {""mapping"": ""auxiliary:1"", ""role"": ""pending DATA response slot"", ""event_predicate"": ""smtp_write_command(..., FALSE, DATA) successfully flushes the correlated classic-DATA command and opens one 354-wait generation"", ""instrumentation_timing"": ""emit start after the DATA command's successful forced flush; when sync_responses reaches that pending_DATA slot, emit timeout only for false return with errno==ETIMEDOUT"", ""atomic_propositions"": [""smtp_data_354_wait_started"", ""smtp_data_354_timeout""], ""repository"": ""Exim/exim"", ""commit"": ""38903fb5b864ee99904d035337c66891604d9678"", ""path"": ""src/src/transports/smtp.c"", ""symbol"": ""sync_responses"", ""lines"": ""911-930"", ""url"": ""https://github.com/Exim/exim/blob/38903fb5b864ee99904d035337c66891604d9678/src/src/transports/smtp.c#L911-L930"", ""source_file_verified"": true, ""source_line_verified"": true, ""source_symbol_verified"": true}, {""mapping"": ""auxiliary:2"", ""role"": ""actual command-buffer flush"", ""event_predicate"": ""smtp_write_command(..., FALSE, DATA) successfully flushes the correlated classic-DATA command and opens one 354-wait generation"", ""instrumentation_timing"": ""emit start after the DATA command's successful forced flush; when sync_responses reaches that pending_DATA slot, emit timeout only for false return with errno==ETIMEDOUT"", ""atomic_propositions"": [""smtp_data_354_wait_started""], ""repository"": ""Exim/exim"", ""commit"": ""38903fb5b864ee99904d035337c66891604d9678"", ""path"": ""src/src/smtp_out.c"", ""symbol"": ""smtp_write_command/flush_buffer"", ""lines"": ""326-349;373-430"", ""url"": ""https://github.com/Exim/exim/blob/38903fb5b864ee99904d035337c66891604d9678/src/src/smtp_out.c#L326-L349"", ""source_file_verified"": true, ""source_line_verified"": true, ""source_symbol_verified"": true}, {""mapping"": ""auxiliary:6"", ""role"": ""fixed timeout profile"", ""event_predicate"": ""smtp_write_command(..., FALSE, DATA) successfully flushes the correlated classic-DATA command and opens one 354-wait generation"", ""instrumentation_timing"": ""emit start after the DATA command's successful forced flush; when sync_responses reaches that pending_DATA slot, emit timeout only for false return with errno==ETIMEDOUT"", ""atomic_propositions"": [""smtp_data_354_wait_started""], ""repository"": ""Exim/exim"", ""commit"": ""38903fb5b864ee99904d035337c66891604d9678"", ""path"": ""src/src/transports/smtp.c"", ""symbol"": ""smtp_transport_option_defaults"", ""lines"": ""189-225"", ""url"": ""https://github.com/Exim/exim/blob/38903fb5b864ee99904d035337c66891604d9678/src/src/transports/smtp.c#L189-L225"", ""source_file_verified"": true, ""source_line_verified"": true, ""source_symbol_verified"": true}]",{},"emit start after the DATA command's successful forced flush; when sync_responses reaches that pending_DATA slot, emit timeout only for false return with errno==ETIMEDOUT",HYBRID
SMTP,SMTP-TIMEOUT-04,smtp_data_354_timeout,the pending-DATA response slot correlated by sync_responses returns false with errno==ETIMEDOUT before a 354 reply,outbound connection + SMTP transaction generation + DATA command ordinal,"after successful DATA flush, correlate the pending_DATA slot after any preceding pipelined MAIL/RCPT slots, then project one DATA-initiation generation per transaction",EXACTLY_ONE_TRIGGER_PER_PROJECTED_WORD; one successfully flushed DATA command and its pending_DATA response outcome form one monitor instance,"[{""mapping"": ""auxiliary:1"", ""role"": ""pending DATA response slot"", ""event_predicate"": ""the pending-DATA response slot correlated by sync_responses returns false with errno==ETIMEDOUT before a 354 reply"", ""instrumentation_timing"": ""emit start after the DATA command's successful forced flush; when sync_responses reaches that pending_DATA slot, emit timeout only for false return with errno==ETIMEDOUT"", ""atomic_propositions"": [""smtp_data_354_wait_started"", ""smtp_data_354_timeout""], ""repository"": ""Exim/exim"", ""commit"": ""38903fb5b864ee99904d035337c66891604d9678"", ""path"": ""src/src/transports/smtp.c"", ""symbol"": ""sync_responses"", ""lines"": ""911-930"", ""url"": ""https://github.com/Exim/exim/blob/38903fb5b864ee99904d035337c66891604d9678/src/src/transports/smtp.c#L911-L930"", ""source_file_verified"": true, ""source_line_verified"": true, ""source_symbol_verified"": true}, {""mapping"": ""auxiliary:3"", ""role"": ""response reader and errno propagation"", ""event_predicate"": ""the pending-DATA response slot correlated by sync_responses returns false with errno==ETIMEDOUT before a 354 reply"", ""instrumentation_timing"": ""emit start after the DATA command's successful forced flush; when sync_responses reaches that pending_DATA slot, emit timeout only for false return with errno==ETIMEDOUT"", ""atomic_propositions"": [""smtp_data_354_timeout""], ""repository"": ""Exim/exim"", ""commit"": ""38903fb5b864ee99904d035337c66891604d9678"", ""path"": ""src/src/smtp_out.c"", ""symbol"": ""read_response_line/smtp_read_response"", ""lines"": ""457-520;548-608"", ""url"": ""https://github.com/Exim/exim/blob/38903fb5b864ee99904d035337c66891604d9678/src/src/smtp_out.c#L457-L520"", ""source_file_verified"": true, ""source_line_verified"": true, ""source_symbol_verified"": true}, {""mapping"": ""auxiliary:4"", ""role"": ""absolute read deadline and ETIMEDOUT"", ""event_predicate"": ""the pending-DATA response slot correlated by sync_responses returns false with errno==ETIMEDOUT before a 354 reply"", ""instrumentation_timing"": ""emit start after the DATA command's successful forced flush; when sync_responses reaches that pending_DATA slot, emit timeout only for false return with errno==ETIMEDOUT"", ""atomic_propositions"": [""smtp_data_354_timeout""], ""repository"": ""Exim/exim"", ""commit"": ""38903fb5b864ee99904d035337c66891604d9678"", ""path"": ""src/src/ip.c"", ""symbol"": ""fd_ready/ip_recv"", ""lines"": ""478-524;548-570"", ""url"": ""https://github.com/Exim/exim/blob/38903fb5b864ee99904d035337c66891604d9678/src/src/ip.c#L478-L524"", ""source_file_verified"": true, ""source_line_verified"": true, ""source_symbol_verified"": true}, {""mapping"": ""auxiliary:5"", ""role"": ""SMTP timeout classification"", ""event_predicate"": ""the pending-DATA response slot correlated by sync_responses returns false with errno==ETIMEDOUT before a 354 reply"", ""instrumentation_timing"": ""emit start after the DATA command's successful forced flush; when sync_responses reaches that pending_DATA slot, emit timeout only for false return with errno==ETIMEDOUT"", ""atomic_propositions"": [""smtp_data_354_timeout""], ""repository"": ""Exim/exim"", ""commit"": ""38903fb5b864ee99904d035337c66891604d9678"", ""path"": ""src/src/transports/smtp.c"", ""symbol"": ""check_response"", ""lines"": ""508-525"", ""url"": ""https://github.com/Exim/exim/blob/38903fb5b864ee99904d035337c66891604d9678/src/src/transports/smtp.c#L508-L525"", ""source_file_verified"": true, ""source_line_verified"": true, ""source_symbol_verified"": true}]",{},"emit start after the DATA command's successful forced flush; when sync_responses reaches that pending_DATA slot, emit timeout only for false return with errno==ETIMEDOUT",HYBRID
SMTP,SMTP-TIMEOUT-05,smtp_data_block_send_wait_started,one SMTP-guarded transport_write_block invocation starts with transport_write_timeout copied from smtp_deliver's data_timeout; the event does not assert that the first write is already known to block,outbound connection + SMTP transaction generation + monotonically increasing DATA block ordinal,"guard the generic function by outbound SMTP data context, allocate one block ordinal on function entry, emit exactly one trigger for that invocation, then project it independently; loop retries do not open new generations","EXACTLY_ONE_TRIGGER_PER_PROJECTED_WORD; one SMTP DATA transport_write_block invocation, including all of its partial-write retries, is one monitor instance","[{""mapping"": ""primary"", ""role"": ""primary property hook"", ""event_predicate"": ""one SMTP-guarded transport_write_block invocation starts with transport_write_timeout copied from smtp_deliver's data_timeout; the event does not assert that the first write is already known to block"", ""instrumentation_timing"": ""after verifying the SMTP outbound data guard, emit one start per transport_write_block invocation before its first timed write; do not re-emit inside the retry loop; emit timeout only at the two ETIMEDOUT returns; smtp_deliver:2736-2738 proves the selected data_timeout profile"", ""atomic_propositions"": [""smtp_data_block_send_wait_started"", ""smtp_data_block_send_timeout""], ""repository"": ""Exim/exim"", ""commit"": ""38903fb5b864ee99904d035337c66891604d9678"", ""path"": ""src/src/transport.c"", ""symbol"": ""transport_write_block"", ""lines"": ""216-306"", ""url"": ""https://github.com/Exim/exim/blob/38903fb5b864ee99904d035337c66891604d9678/src/src/transport.c#L216-L306"", ""source_file_verified"": true, ""source_line_verified"": true, ""source_symbol_verified"": true}, {""mapping"": ""auxiliary:1"", ""role"": ""SMTP data-timeout selection and outbound message write"", ""event_predicate"": ""one SMTP-guarded transport_write_block invocation starts with transport_write_timeout copied from smtp_deliver's data_timeout; the event does not assert that the first write is already known to block"", ""instrumentation_timing"": ""after verifying the SMTP outbound data guard, emit one start per transport_write_block invocation before its first timed write; do not re-emit inside the retry loop; emit timeout only at the two ETIMEDOUT returns; smtp_deliver:2736-2738 proves the selected data_timeout profile"", ""atomic_propositions"": [""smtp_data_block_send_wait_started""], ""repository"": ""Exim/exim"", ""commit"": ""38903fb5b864ee99904d035337c66891604d9678"", ""path"": ""src/src/transports/smtp.c"", ""symbol"": ""smtp_deliver"", ""lines"": ""2682-2750"", ""url"": ""https://github.com/Exim/exim/blob/38903fb5b864ee99904d035337c66891604d9678/src/src/transports/smtp.c#L2682-L2750"", ""source_file_verified"": true, ""source_line_verified"": true, ""source_symbol_verified"": true}, {""mapping"": ""auxiliary:2"", ""role"": ""buffer flushes that invoke the primary hook"", ""event_predicate"": ""one SMTP-guarded transport_write_block invocation starts with transport_write_timeout copied from smtp_deliver's data_timeout; the event does not assert that the first write is already known to block"", ""instrumentation_timing"": ""after verifying the SMTP outbound data guard, emit one start per transport_write_block invocation before its first timed write; do not re-emit inside the retry loop; emit timeout only at the two ETIMEDOUT returns; smtp_deliver:2736-2738 proves the selected data_timeout profile"", ""atomic_propositions"": [""smtp_data_block_send_wait_started""], ""repository"": ""Exim/exim"", ""commit"": ""38903fb5b864ee99904d035337c66891604d9678"", ""path"": ""src/src/transport.c"", ""symbol"": ""write_chunk"", ""lines"": ""425-447"", ""url"": ""https://github.com/Exim/exim/blob/38903fb5b864ee99904d035337c66891604d9678/src/src/transport.c#L425-L447"", ""source_file_verified"": true, ""source_line_verified"": true, ""source_symbol_verified"": true}, {""mapping"": ""auxiliary:3"", ""role"": ""fixed timeout profile"", ""event_predicate"": ""one SMTP-guarded transport_write_block invocation starts with transport_write_timeout copied from smtp_deliver's data_timeout; the event does not assert that the first write is already known to block"", ""instrumentation_timing"": ""after verifying the SMTP outbound data guard, emit one start per transport_write_block invocation before its first timed write; do not re-emit inside the retry loop; emit timeout only at the two ETIMEDOUT returns; smtp_deliver:2736-2738 proves the selected data_timeout profile"", ""atomic_propositions"": [""smtp_data_block_send_wait_started""], ""repository"": ""Exim/exim"", ""commit"": ""38903fb5b864ee99904d035337c66891604d9678"", ""path"": ""src/src/transports/smtp.c"", ""symbol"": ""smtp_transport_option_defaults"", ""lines"": ""189-225"", ""url"": ""https://github.com/Exim/exim/blob/38903fb5b864ee99904d035337c66891604d9678/src/src/transports/smtp.c#L189-L225"", ""source_file_verified"": true, ""source_line_verified"": true, ""source_symbol_verified"": true}]",{},"after verifying the SMTP outbound data guard, emit one start per transport_write_block invocation before its first timed write; do not re-emit inside the retry loop; emit timeout only at the two ETIMEDOUT returns; smtp_deliver:2736-2738 proves the selected data_timeout profile",WHITEBOX
SMTP,SMTP-TIMEOUT-05,smtp_data_block_send_timeout,that same invocation returns false with errno==ETIMEDOUT through sigalrm_seen or exhausted local_timeout,outbound connection + SMTP transaction generation + monotonically increasing DATA block ordinal,"guard the generic function by outbound SMTP data context, allocate one block ordinal on function entry, emit exactly one trigger for that invocation, then project it independently; loop retries do not open new generations","EXACTLY_ONE_TRIGGER_PER_PROJECTED_WORD; one SMTP DATA transport_write_block invocation, including all of its partial-write retries, is one monitor instance","[{""mapping"": ""primary"", ""role"": ""primary property hook"", ""event_predicate"": ""that same invocation returns false with errno==ETIMEDOUT through sigalrm_seen or exhausted local_timeout"", ""instrumentation_timing"": ""after verifying the SMTP outbound data guard, emit one start per transport_write_block invocation before its first timed write; do not re-emit inside the retry loop; emit timeout only at the two ETIMEDOUT returns; smtp_deliver:2736-2738 proves the selected data_timeout profile"", ""atomic_propositions"": [""smtp_data_block_send_wait_started"", ""smtp_data_block_send_timeout""], ""repository"": ""Exim/exim"", ""commit"": ""38903fb5b864ee99904d035337c66891604d9678"", ""path"": ""src/src/transport.c"", ""symbol"": ""transport_write_block"", ""lines"": ""216-306"", ""url"": ""https://github.com/Exim/exim/blob/38903fb5b864ee99904d035337c66891604d9678/src/src/transport.c#L216-L306"", ""source_file_verified"": true, ""source_line_verified"": true, ""source_symbol_verified"": true}]",{},"after verifying the SMTP outbound data guard, emit one start per transport_write_block invocation before its first timed write; do not re-emit inside the retry loop; emit timeout only at the two ETIMEDOUT returns; smtp_deliver:2736-2738 proves the selected data_timeout profile",WHITEBOX
SMTP,SMTP-TIMEOUT-06,smtp_final_250_wait_started,non-CHUNKING smtp_deliver successfully transmits the final data buffer containing the terminating period and enters the non-LMTP final-response phase,outbound connection + SMTP transaction generation + end-of-data marker,"require classic DATA/non-LMTP/non-PRDR context, correlate the successfully sent terminating-period buffer to the following final response, and project one generation per transaction",EXACTLY_ONE_TRIGGER_PER_PROJECTED_WORD; one classic DATA end marker and its single final-response outcome form one monitor instance,"[{""mapping"": ""primary"", ""role"": ""primary property hook"", ""event_predicate"": ""non-CHUNKING smtp_deliver successfully transmits the final data buffer containing the terminating period and enters the non-LMTP final-response phase"", ""instrumentation_timing"": ""guard classic DATA/non-CHUNKING/non-LMTP/non-PRDR context; emit start once after the terminating-period write succeeds and before the final read; emit timeout only for that read's ETIMEDOUT outcome"", ""atomic_propositions"": [""smtp_final_250_wait_started"", ""smtp_final_250_timeout""], ""repository"": ""Exim/exim"", ""commit"": ""38903fb5b864ee99904d035337c66891604d9678"", ""path"": ""src/src/transports/smtp.c"", ""symbol"": ""smtp_deliver"", ""lines"": ""2736-2750;2766-2772;2815-2827"", ""url"": ""https://github.com/Exim/exim/blob/38903fb5b864ee99904d035337c66891604d9678/src/src/transports/smtp.c#L2736-L2827"", ""source_file_verified"": true, ""source_line_verified"": true, ""source_symbol_verified"": true}, {""mapping"": ""auxiliary:4"", ""role"": ""fixed timeout profile"", ""event_predicate"": ""non-CHUNKING smtp_deliver successfully transmits the final data buffer containing the terminating period and enters the non-LMTP final-response phase"", ""instrumentation_timing"": ""guard classic DATA/non-CHUNKING/non-LMTP/non-PRDR context; emit start once after the terminating-period write succeeds and before the final read; emit timeout only for that read's ETIMEDOUT outcome"", ""atomic_propositions"": [""smtp_final_250_wait_started""], ""repository"": ""Exim/exim"", ""commit"": ""38903fb5b864ee99904d035337c66891604d9678"", ""path"": ""src/src/transports/smtp.c"", ""symbol"": ""smtp_transport_option_defaults"", ""lines"": ""189-225"", ""url"": ""https://github.com/Exim/exim/blob/38903fb5b864ee99904d035337c66891604d9678/src/src/transports/smtp.c#L189-L225"", ""source_file_verified"": true, ""source_line_verified"": true, ""source_symbol_verified"": true}]",{},guard classic DATA/non-CHUNKING/non-LMTP/non-PRDR context; emit start once after the terminating-period write succeeds and before the final read; emit timeout only for that read's ETIMEDOUT outcome,HYBRID
SMTP,SMTP-TIMEOUT-06,smtp_final_250_timeout,"the corresponding non-PRDR, non-LMTP smtp_read_response expecting 2xx returns false with errno==ETIMEDOUT before a 250 response",outbound connection + SMTP transaction generation + end-of-data marker,"require classic DATA/non-LMTP/non-PRDR context, correlate the successfully sent terminating-period buffer to the following final response, and project one generation per transaction",EXACTLY_ONE_TRIGGER_PER_PROJECTED_WORD; one classic DATA end marker and its single final-response outcome form one monitor instance,"[{""mapping"": ""primary"", ""role"": ""primary property hook"", ""event_predicate"": ""the corresponding non-PRDR, non-LMTP smtp_read_response expecting 2xx returns false with errno==ETIMEDOUT before a 250 response"", ""instrumentation_timing"": ""guard classic DATA/non-CHUNKING/non-LMTP/non-PRDR context; emit start once after the terminating-period write succeeds and before the final read; emit timeout only for that read's ETIMEDOUT outcome"", ""atomic_propositions"": [""smtp_final_250_wait_started"", ""smtp_final_250_timeout""], ""repository"": ""Exim/exim"", ""commit"": ""38903fb5b864ee99904d035337c66891604d9678"", ""path"": ""src/src/transports/smtp.c"", ""symbol"": ""smtp_deliver"", ""lines"": ""2736-2750;2766-2772;2815-2827"", ""url"": ""https://github.com/Exim/exim/blob/38903fb5b864ee99904d035337c66891604d9678/src/src/transports/smtp.c#L2736-L2827"", ""source_file_verified"": true, ""source_line_verified"": true, ""source_symbol_verified"": true}, {""mapping"": ""auxiliary:1"", ""role"": ""response reader and errno propagation"", ""event_predicate"": ""the corresponding non-PRDR, non-LMTP smtp_read_response expecting 2xx returns false with errno==ETIMEDOUT before a 250 response"", ""instrumentation_timing"": ""guard classic DATA/non-CHUNKING/non-LMTP/non-PRDR context; emit start once after the terminating-period write succeeds and before the final read; emit timeout only for that read's ETIMEDOUT outcome"", ""atomic_propositions"": [""smtp_final_250_timeout""], ""repository"": ""Exim/exim"", ""commit"": ""38903fb5b864ee99904d035337c66891604d9678"", ""path"": ""src/src/smtp_out.c"", ""symbol"": ""read_response_line/smtp_read_response"", ""lines"": ""457-520;548-608"", ""url"": ""https://github.com/Exim/exim/blob/38903fb5b864ee99904d035337c66891604d9678/src/src/smtp_out.c#L457-L520"", ""source_file_verified"": true, ""source_line_verified"": true, ""source_symbol_verified"": true}, {""mapping"": ""auxiliary:2"", ""role"": ""absolute read deadline and ETIMEDOUT"", ""event_predicate"": ""the corresponding non-PRDR, non-LMTP smtp_read_response expecting 2xx returns false with errno==ETIMEDOUT before a 250 response"", ""instrumentation_timing"": ""guard classic DATA/non-CHUNKING/non-LMTP/non-PRDR context; emit start once after the terminating-period write succeeds and before the final read; emit timeout only for that read's ETIMEDOUT outcome"", ""atomic_propositions"": [""smtp_final_250_timeout""], ""repository"": ""Exim/exim"", ""commit"": ""38903fb5b864ee99904d035337c66891604d9678"", ""path"": ""src/src/ip.c"", ""symbol"": ""fd_ready/ip_recv"", ""lines"": ""478-524;548-570"", ""url"": ""https://github.com/Exim/exim/blob/38903fb5b864ee99904d035337c66891604d9678/src/src/ip.c#L478-L524"", ""source_file_verified"": true, ""source_line_verified"": true, ""source_symbol_verified"": true}, {""mapping"": ""auxiliary:3"", ""role"": ""SMTP timeout classification"", ""event_predicate"": ""the corresponding non-PRDR, non-LMTP smtp_read_response expecting 2xx returns false with errno==ETIMEDOUT before a 250 response"", ""instrumentation_timing"": ""guard classic DATA/non-CHUNKING/non-LMTP/non-PRDR context; emit start once after the terminating-period write succeeds and before the final read; emit timeout only for that read's ETIMEDOUT outcome"", ""atomic_propositions"": [""smtp_final_250_timeout""], ""repository"": ""Exim/exim"", ""commit"": ""38903fb5b864ee99904d035337c66891604d9678"", ""path"": ""src/src/transports/smtp.c"", ""symbol"": ""check_response"", ""lines"": ""508-525"", ""url"": ""https://github.com/Exim/exim/blob/38903fb5b864ee99904d035337c66891604d9678/src/src/transports/smtp.c#L508-L525"", ""source_file_verified"": true, ""source_line_verified"": true, ""source_symbol_verified"": true}]",{},guard classic DATA/non-CHUNKING/non-LMTP/non-PRDR context; emit start once after the terminating-period write succeeds and before the final read; emit timeout only for that read's ETIMEDOUT outcome,HYBRID
SMTP,SMTP-TIMEOUT-07,smtp_server_command_wait_started,"while smtp_read_command has command_timeout_handler installed, plaintext smtp_getc finds its input buffer empty and arms smtp_receive_timeout immediately before read",accepted server connection + command-read generation,"spawn one plaintext command-read generation each time smtp_getc arms a receive alarm under smtp_read_command; bytes/read completion, command completion, phase change, or connection close ends that generation before the next one",EXACTLY_ONE_TRIGGER_PER_PROJECTED_WORD; each plaintext smtp_getc alarm arm in command phase is a separate monitor instance,"[{""mapping"": ""primary"", ""role"": ""primary property hook"", ""event_predicate"": ""while smtp_read_command has command_timeout_handler installed, plaintext smtp_getc finds its input buffer empty and arms smtp_receive_timeout immediately before read"", ""instrumentation_timing"": ""emit start only when plaintext smtp_getc arms the receive alarm while smtp_read_command has installed command_timeout_handler; emit timeout only inside that handler and correlate by accepted connection/read generation"", ""atomic_propositions"": [""smtp_server_command_wait_started""], ""repository"": ""Exim/exim"", ""commit"": ""38903fb5b864ee99904d035337c66891604d9678"", ""path"": ""src/src/smtp_in.c"", ""symbol"": ""smtp_getc"", ""lines"": ""416-430"", ""url"": ""https://github.com/Exim/exim/blob/38903fb5b864ee99904d035337c66891604d9678/src/src/smtp_in.c#L416-L430"", ""source_file_verified"": true, ""source_line_verified"": true, ""source_symbol_verified"": true}, {""mapping"": ""auxiliary:1"", ""role"": ""command-phase signal-handler installation and read loop"", ""event_predicate"": ""while smtp_read_command has command_timeout_handler installed, plaintext smtp_getc finds its input buffer empty and arms smtp_receive_timeout immediately before read"", ""instrumentation_timing"": ""emit start only when plaintext smtp_getc arms the receive alarm while smtp_read_command has installed command_timeout_handler; emit timeout only inside that handler and correlate by accepted connection/read generation"", ""atomic_propositions"": [""smtp_server_command_wait_started""], ""repository"": ""Exim/exim"", ""commit"": ""38903fb5b864ee99904d035337c66891604d9678"", ""path"": ""src/src/smtp_in.c"", ""symbol"": ""smtp_read_command"", ""lines"": ""1424-1450"", ""url"": ""https://github.com/Exim/exim/blob/38903fb5b864ee99904d035337c66891604d9678/src/src/smtp_in.c#L1424-L1450"", ""source_file_verified"": true, ""source_line_verified"": true, ""source_symbol_verified"": true}, {""mapping"": ""auxiliary:3"", ""role"": ""default timeout profile"", ""event_predicate"": ""while smtp_read_command has command_timeout_handler installed, plaintext smtp_getc finds its input buffer empty and arms smtp_receive_timeout immediately before read"", ""instrumentation_timing"": ""emit start only when plaintext smtp_getc arms the receive alarm while smtp_read_command has installed command_timeout_handler; emit timeout only inside that handler and correlate by accepted connection/read generation"", ""atomic_propositions"": [""smtp_server_command_wait_started""], ""repository"": ""Exim/exim"", ""commit"": ""38903fb5b864ee99904d035337c66891604d9678"", ""path"": ""src/src/globals.c"", ""symbol"": ""smtp_receive_timeout"", ""lines"": ""1325-1326"", ""url"": ""https://github.com/Exim/exim/blob/38903fb5b864ee99904d035337c66891604d9678/src/src/globals.c#L1325-L1326"", ""source_file_verified"": true, ""source_line_verified"": true, ""source_symbol_verified"": true}, {""mapping"": ""auxiliary:4"", ""role"": ""fixed timeout profile"", ""event_predicate"": ""while smtp_read_command has command_timeout_handler installed, plaintext smtp_getc finds its input buffer empty and arms smtp_receive_timeout immediately before read"", ""instrumentation_timing"": ""emit start only when plaintext smtp_getc arms the receive alarm while smtp_read_command has installed command_timeout_handler; emit timeout only inside that handler and correlate by accepted connection/read generation"", ""atomic_propositions"": [""smtp_server_command_wait_started""], ""repository"": ""Exim/exim"", ""commit"": ""38903fb5b864ee99904d035337c66891604d9678"", ""path"": ""src/src/globals.c"", ""symbol"": ""smtp_receive_timeout"", ""lines"": ""1325"", ""url"": ""https://github.com/Exim/exim/blob/38903fb5b864ee99904d035337c66891604d9678/src/src/globals.c#L1325"", ""source_file_verified"": true, ""source_line_verified"": true, ""source_symbol_verified"": true}]",{},emit start only when plaintext smtp_getc arms the receive alarm while smtp_read_command has installed command_timeout_handler; emit timeout only inside that handler and correlate by accepted connection/read generation,WHITEBOX
SMTP,SMTP-TIMEOUT-07,smtp_server_command_idle_timeout,that same command-read generation reaches command_timeout_handler because the armed receive alarm expires and closes the correlated connection,accepted server connection + command-read generation,"spawn one plaintext command-read generation each time smtp_getc arms a receive alarm under smtp_read_command; bytes/read completion, command completion, phase change, or connection close ends that generation before the next one",EXACTLY_ONE_TRIGGER_PER_PROJECTED_WORD; each plaintext smtp_getc alarm arm in command phase is a separate monitor instance,"[{""mapping"": ""auxiliary:2"", ""role"": ""command timeout outcome and connection close"", ""event_predicate"": ""that same command-read generation reaches command_timeout_handler because the armed receive alarm expires and closes the correlated connection"", ""instrumentation_timing"": ""emit start only when plaintext smtp_getc arms the receive alarm while smtp_read_command has installed command_timeout_handler; emit timeout only inside that handler and correlate by accepted connection/read generation"", ""atomic_propositions"": [""smtp_server_command_idle_timeout""], ""repository"": ""Exim/exim"", ""commit"": ""38903fb5b864ee99904d035337c66891604d9678"", ""path"": ""src/src/smtp_in.c"", ""symbol"": ""command_timeout_handler"", ""lines"": ""838-850"", ""url"": ""https://github.com/Exim/exim/blob/38903fb5b864ee99904d035337c66891604d9678/src/src/smtp_in.c#L838-L850"", ""source_file_verified"": true, ""source_line_verified"": true, ""source_symbol_verified"": true}]",{},emit start only when plaintext smtp_getc arms the receive alarm while smtp_read_command has installed command_timeout_handler; emit timeout only inside that handler and correlate by accepted connection/read generation,WHITEBOX
SIP,SIP-TX-01,timer_a_armed_t1,"RAW post-schedule one-shot event emitted only after the correlated timer generation is successfully stored; carries arm_tick, configured_delay_ms, deadline_tick, timer_generation, role, and transport.",session_id + top Via branch + CSeq number/method + transaction role; ACK additionally uses RFC matching; timer_generation separates every re-arm/reset,correlate first; exactly one obligation generation per finite word; dynamic identifiers remain event fields; supersession closes the old word before a new monitor is spawned,EXACTLY_ONE_TRIGGER_PER_PROJECTED_WORD; key=transaction_id+timer_kind+timer_generation; append a terminal position after the largest bounded deadline,"[{""mapping"": ""primary"", ""role"": ""primary property hook"", ""event_predicate"": ""RAW post-schedule one-shot event emitted only after the correlated timer generation is successfully stored; carries arm_tick, configured_delay_ms, deadline_tick, timer_generation, role, and transport."", ""instrumentation_timing"": ""在 tsx_on_state_null 的 Timer-A tsx_schedule_timer 成功返回后发 timer_a_armed_t1；由保存的 arm_tick+T1 生成 timer_a_deadline；Calling 的响应/取消路径及 tsx_tp_state_callback 只在实际发生时发 invite_transaction_stopped，callback/send 分开记录。"", ""atomic_propositions"": [""timer_a_armed_t1"", ""timer_a_deadline""], ""repository"": ""pjsip/pjproject"", ""commit"": ""bba95b8a95c0a9e8c1939166fd20083ae9e3e956"", ""path"": ""pjsip/src/pjsip/sip_transaction.c"", ""symbol"": ""tsx_on_state_null"", ""lines"": ""2460-2533"", ""url"": ""https://github.com/pjsip/pjproject/blob/bba95b8a95c0a9e8c1939166fd20083ae9e3e956/pjsip/src/pjsip/sip_transaction.c#L2460"", ""source_file_verified"": true, ""source_line_verified"": true, ""source_symbol_verified"": true}, {""mapping"": ""auxiliary:1"", ""role"": ""timer scheduling primitive"", ""event_predicate"": ""RAW post-schedule one-shot event emitted only after the correlated timer generation is successfully stored; carries arm_tick, configured_delay_ms, deadline_tick, timer_generation, role, and transport."", ""instrumentation_timing"": ""在 tsx_on_state_null 的 Timer-A tsx_schedule_timer 成功返回后发 timer_a_armed_t1；由保存的 arm_tick+T1 生成 timer_a_deadline；Calling 的响应/取消路径及 tsx_tp_state_callback 只在实际发生时发 invite_transaction_stopped，callback/send 分开记录。"", ""atomic_propositions"": [""timer_a_armed_t1"", ""timer_a_deadline""], ""repository"": ""pjsip/pjproject"", ""commit"": ""bba95b8a95c0a9e8c1939166fd20083ae9e3e956"", ""path"": ""pjsip/src/pjsip/sip_transaction.c"", ""symbol"": ""tsx_schedule_timer"", ""lines"": ""972-987"", ""url"": ""https://github.com/pjsip/pjproject/blob/bba95b8a95c0a9e8c1939166fd20083ae9e3e956/pjsip/src/pjsip/sip_transaction.c#L972"", ""source_file_verified"": true, ""source_line_verified"": true, ""source_symbol_verified"": true}, {""mapping"": ""auxiliary:3"", ""role"": ""runtime timer values"", ""event_predicate"": ""RAW post-schedule one-shot event emitted only after the correlated timer generation is successfully stored; carries arm_tick, configured_delay_ms, deadline_tick, timer_generation, role, and transport."", ""instrumentation_timing"": ""在 tsx_on_state_null 的 Timer-A tsx_schedule_timer 成功返回后发 timer_a_armed_t1；由保存的 arm_tick+T1 生成 timer_a_deadline；Calling 的响应/取消路径及 tsx_tp_state_callback 只在实际发生时发 invite_transaction_stopped，callback/send 分开记录。"", ""atomic_propositions"": [""timer_a_armed_t1"", ""timer_a_deadline""], ""repository"": ""pjsip/pjproject"", ""commit"": ""bba95b8a95c0a9e8c1939166fd20083ae9e3e956"", ""path"": ""pjsip/src/pjsip/sip_transaction.c"", ""symbol"": ""pjsip_tsx_layer_init_module"", ""lines"": ""432-454"", ""url"": ""https://github.com/pjsip/pjproject/blob/bba95b8a95c0a9e8c1939166fd20083ae9e3e956/pjsip/src/pjsip/sip_transaction.c#L432"", ""source_file_verified"": true, ""source_line_verified"": true, ""source_symbol_verified"": true}, {""mapping"": ""auxiliary:4"", ""role"": ""T1 default constant"", ""event_predicate"": ""RAW post-schedule one-shot event emitted only after the correlated timer generation is successfully stored; carries arm_tick, configured_delay_ms, deadline_tick, timer_generation, role, and transport."", ""instrumentation_timing"": ""在 tsx_on_state_null 的 Timer-A tsx_schedule_timer 成功返回后发 timer_a_armed_t1；由保存的 arm_tick+T1 生成 timer_a_deadline；Calling 的响应/取消路径及 tsx_tp_state_callback 只在实际发生时发 invite_transaction_stopped，callback/send 分开记录。"", ""atomic_propositions"": [""timer_a_armed_t1"", ""timer_a_deadline""], ""repository"": ""pjsip/pjproject"", ""commit"": ""bba95b8a95c0a9e8c1939166fd20083ae9e3e956"", ""path"": ""pjsip/include/pjsip/sip_config.h"", ""symbol"": ""PJSIP_T1_TIMEOUT"", ""lines"": ""1075-1077"", ""url"": ""https://github.com/pjsip/pjproject/blob/bba95b8a95c0a9e8c1939166fd20083ae9e3e956/pjsip/include/pjsip/sip_config.h#L1075"", ""source_file_verified"": true, ""source_line_verified"": true, ""source_symbol_verified"": true}]",{},在 tsx_on_state_null 的 Timer-A tsx_schedule_timer 成功返回后发 timer_a_armed_t1；由保存的 arm_tick+T1 生成 timer_a_deadline；Calling 的响应/取消路径及 tsx_tp_state_callback 只在实际发生时发 invite_transaction_stopped，callback/send 分开记录。,HYBRID
SIP,SIP-TX-01,timer_a_deadline,"DERIVED logical deadline at stored deadline_tick=arm_tick+configured_delay_ms for this timer_generation; not callback, send, or state transition; suppressed after cancellation.",session_id + top Via branch + CSeq number/method + transaction role; ACK additionally uses RFC matching; timer_generation separates every re-arm/reset,correlate first; exactly one obligation generation per finite word; dynamic identifiers remain event fields; supersession closes the old word before a new monitor is spawned,EXACTLY_ONE_TRIGGER_PER_PROJECTED_WORD; key=transaction_id+timer_kind+timer_generation; append a terminal position after the largest bounded deadline,"[{""mapping"": ""primary"", ""role"": ""primary property hook"", ""event_predicate"": ""DERIVED logical deadline at stored deadline_tick=arm_tick+configured_delay_ms for this timer_generation; not callback, send, or state transition; suppressed after cancellation."", ""instrumentation_timing"": ""在 tsx_on_state_null 的 Timer-A tsx_schedule_timer 成功返回后发 timer_a_armed_t1；由保存的 arm_tick+T1 生成 timer_a_deadline；Calling 的响应/取消路径及 tsx_tp_state_callback 只在实际发生时发 invite_transaction_stopped，callback/send 分开记录。"", ""atomic_propositions"": [""timer_a_armed_t1"", ""timer_a_deadline""], ""repository"": ""pjsip/pjproject"", ""commit"": ""bba95b8a95c0a9e8c1939166fd20083ae9e3e956"", ""path"": ""pjsip/src/pjsip/sip_transaction.c"", ""symbol"": ""tsx_on_state_null"", ""lines"": ""2460-2533"", ""url"": ""https://github.com/pjsip/pjproject/blob/bba95b8a95c0a9e8c1939166fd20083ae9e3e956/pjsip/src/pjsip/sip_transaction.c#L2460"", ""source_file_verified"": true, ""source_line_verified"": true, ""source_symbol_verified"": true}, {""mapping"": ""auxiliary:1"", ""role"": ""timer scheduling primitive"", ""event_predicate"": ""DERIVED logical deadline at stored deadline_tick=arm_tick+configured_delay_ms for this timer_generation; not callback, send, or state transition; suppressed after cancellation."", ""instrumentation_timing"": ""在 tsx_on_state_null 的 Timer-A tsx_schedule_timer 成功返回后发 timer_a_armed_t1；由保存的 arm_tick+T1 生成 timer_a_deadline；Calling 的响应/取消路径及 tsx_tp_state_callback 只在实际发生时发 invite_transaction_stopped，callback/send 分开记录。"", ""atomic_propositions"": [""timer_a_armed_t1"", ""timer_a_deadline""], ""repository"": ""pjsip/pjproject"", ""commit"": ""bba95b8a95c0a9e8c1939166fd20083ae9e3e956"", ""path"": ""pjsip/src/pjsip/sip_transaction.c"", ""symbol"": ""tsx_schedule_timer"", ""lines"": ""972-987"", ""url"": ""https://github.com/pjsip/pjproject/blob/bba95b8a95c0a9e8c1939166fd20083ae9e3e956/pjsip/src/pjsip/sip_transaction.c#L972"", ""source_file_verified"": true, ""source_line_verified"": true, ""source_symbol_verified"": true}, {""mapping"": ""auxiliary:2"", ""role"": ""timer callback dispatch"", ""event_predicate"": ""DERIVED logical deadline at stored deadline_tick=arm_tick+configured_delay_ms for this timer_generation; not callback, send, or state transition; suppressed after cancellation."", ""instrumentation_timing"": ""在 tsx_on_state_null 的 Timer-A tsx_schedule_timer 成功返回后发 timer_a_armed_t1；由保存的 arm_tick+T1 生成 timer_a_deadline；Calling 的响应/取消路径及 tsx_tp_state_callback 只在实际发生时发 invite_transaction_stopped，callback/send 分开记录。"", ""atomic_propositions"": [""timer_a_deadline""], ""repository"": ""pjsip/pjproject"", ""commit"": ""bba95b8a95c0a9e8c1939166fd20083ae9e3e956"", ""path"": ""pjsip/src/pjsip/sip_transaction.c"", ""symbol"": ""tsx_timer_callback"", ""lines"": ""1116-1195"", ""url"": ""https://github.com/pjsip/pjproject/blob/bba95b8a95c0a9e8c1939166fd20083ae9e3e956/pjsip/src/pjsip/sip_transaction.c#L1116"", ""source_file_verified"": true, ""source_line_verified"": true, ""source_symbol_verified"": true}, {""mapping"": ""auxiliary:3"", ""role"": ""runtime timer values"", ""event_predicate"": ""DERIVED logical deadline at stored deadline_tick=arm_tick+configured_delay_ms for this timer_generation; not callback, send, or state transition; suppressed after cancellation."", ""instrumentation_timing"": ""在 tsx_on_state_null 的 Timer-A tsx_schedule_timer 成功返回后发 timer_a_armed_t1；由保存的 arm_tick+T1 生成 timer_a_deadline；Calling 的响应/取消路径及 tsx_tp_state_callback 只在实际发生时发 invite_transaction_stopped，callback/send 分开记录。"", ""atomic_propositions"": [""timer_a_armed_t1"", ""timer_a_deadline""], ""repository"": ""pjsip/pjproject"", ""commit"": ""bba95b8a95c0a9e8c1939166fd20083ae9e3e956"", ""path"": ""pjsip/src/pjsip/sip_transaction.c"", ""symbol"": ""pjsip_tsx_layer_init_module"", ""lines"": ""432-454"", ""url"": ""https://github.com/pjsip/pjproject/blob/bba95b8a95c0a9e8c1939166fd20083ae9e3e956/pjsip/src/pjsip/sip_transaction.c#L432"", ""source_file_verified"": true, ""source_line_verified"": true, ""source_symbol_verified"": true}, {""mapping"": ""auxiliary:4"", ""role"": ""T1 default constant"", ""event_predicate"": ""DERIVED logical deadline at stored deadline_tick=arm_tick+configured_delay_ms for this timer_generation; not callback, send, or state transition; suppressed after cancellation."", ""instrumentation_timing"": ""在 tsx_on_state_null 的 Timer-A tsx_schedule_timer 成功返回后发 timer_a_armed_t1；由保存的 arm_tick+T1 生成 timer_a_deadline；Calling 的响应/取消路径及 tsx_tp_state_callback 只在实际发生时发 invite_transaction_stopped，callback/send 分开记录。"", ""atomic_propositions"": [""timer_a_armed_t1"", ""timer_a_deadline""], ""repository"": ""pjsip/pjproject"", ""commit"": ""bba95b8a95c0a9e8c1939166fd20083ae9e3e956"", ""path"": ""pjsip/include/pjsip/sip_config.h"", ""symbol"": ""PJSIP_T1_TIMEOUT"", ""lines"": ""1075-1077"", ""url"": ""https://github.com/pjsip/pjproject/blob/bba95b8a95c0a9e8c1939166fd20083ae9e3e956/pjsip/include/pjsip/sip_config.h#L1075"", ""source_file_verified"": true, ""source_line_verified"": true, ""source_symbol_verified"": true}]",{},在 tsx_on_state_null 的 Timer-A tsx_schedule_timer 成功返回后发 timer_a_armed_t1；由保存的 arm_tick+T1 生成 timer_a_deadline；Calling 的响应/取消路径及 tsx_tp_state_callback 只在实际发生时发 invite_transaction_stopped，callback/send 分开记录。,HYBRID
SIP,SIP-TX-01,invite_transaction_stopped,LATCHED correlated transaction stop/cancellation outcome; closes this timer generation.,session_id + top Via branch + CSeq number/method + transaction role; ACK additionally uses RFC matching; timer_generation separates every re-arm/reset,correlate first; exactly one obligation generation per finite word; dynamic identifiers remain event fields; supersession closes the old word before a new monitor is spawned,EXACTLY_ONE_TRIGGER_PER_PROJECTED_WORD; key=transaction_id+timer_kind+timer_generation; append a terminal position after the largest bounded deadline,"[{""mapping"": ""auxiliary:5"", ""role"": ""Calling response/cancel/timeout paths"", ""event_predicate"": ""LATCHED correlated transaction stop/cancellation outcome; closes this timer generation."", ""instrumentation_timing"": ""在 tsx_on_state_null 的 Timer-A tsx_schedule_timer 成功返回后发 timer_a_armed_t1；由保存的 arm_tick+T1 生成 timer_a_deadline；Calling 的响应/取消路径及 tsx_tp_state_callback 只在实际发生时发 invite_transaction_stopped，callback/send 分开记录。"", ""atomic_propositions"": [""invite_transaction_stopped""], ""repository"": ""pjsip/pjproject"", ""commit"": ""bba95b8a95c0a9e8c1939166fd20083ae9e3e956"", ""path"": ""pjsip/src/pjsip/sip_transaction.c"", ""symbol"": ""tsx_on_state_calling"", ""lines"": ""2540-2651"", ""url"": ""https://github.com/pjsip/pjproject/blob/bba95b8a95c0a9e8c1939166fd20083ae9e3e956/pjsip/src/pjsip/sip_transaction.c#L2540"", ""source_file_verified"": true, ""source_line_verified"": true, ""source_symbol_verified"": true}, {""mapping"": ""auxiliary:6"", ""role"": ""transport error/completion paths"", ""event_predicate"": ""LATCHED correlated transaction stop/cancellation outcome; closes this timer generation."", ""instrumentation_timing"": ""在 tsx_on_state_null 的 Timer-A tsx_schedule_timer 成功返回后发 timer_a_armed_t1；由保存的 arm_tick+T1 生成 timer_a_deadline；Calling 的响应/取消路径及 tsx_tp_state_callback 只在实际发生时发 invite_transaction_stopped，callback/send 分开记录。"", ""atomic_propositions"": [""invite_transaction_stopped""], ""repository"": ""pjsip/pjproject"", ""commit"": ""bba95b8a95c0a9e8c1939166fd20083ae9e3e956"", ""path"": ""pjsip/src/pjsip/sip_transaction.c"", ""symbol"": ""tsx_tp_state_callback"", ""lines"": ""2110-2137"", ""url"": ""https://github.com/pjsip/pjproject/blob/bba95b8a95c0a9e8c1939166fd20083ae9e3e956/pjsip/src/pjsip/sip_transaction.c#L2110"", ""source_file_verified"": true, ""source_line_verified"": true, ""source_symbol_verified"": true}]",{},在 tsx_on_state_null 的 Timer-A tsx_schedule_timer 成功返回后发 timer_a_armed_t1；由保存的 arm_tick+T1 生成 timer_a_deadline；Calling 的响应/取消路径及 tsx_tp_state_callback 只在实际发生时发 invite_transaction_stopped，callback/send 分开记录。,HYBRID
SIP,SIP-TX-03,timer_a_rearmed_2t1,"RAW post-schedule one-shot event emitted only after the correlated timer generation is successfully stored; carries arm_tick, configured_delay_ms, deadline_tick, timer_generation, role, and transport.",session_id + top Via branch + CSeq number/method + transaction role; ACK additionally uses RFC matching; timer_generation separates every re-arm/reset,correlate first; exactly one obligation generation per finite word; dynamic identifiers remain event fields; supersession closes the old word before a new monitor is spawned,EXACTLY_ONE_TRIGGER_PER_PROJECTED_WORD; key=transaction_id+timer_kind+timer_generation; append a terminal position after the largest bounded deadline,"[{""mapping"": ""primary"", ""role"": ""primary property hook"", ""event_predicate"": ""RAW post-schedule one-shot event emitted only after the correlated timer generation is successfully stored; carries arm_tick, configured_delay_ms, deadline_tick, timer_generation, role, and transport."", ""instrumentation_timing"": ""在 tsx_retransmit 调用 tsx_resched_retransmission 并成功存入 2*T1 后发 timer_a_rearmed_2t1；从新 generation 的存储 deadline 发 timer_a_deadline；Calling 终止或传输错误发 invite_transaction_stopped。"", ""atomic_propositions"": [""timer_a_rearmed_2t1"", ""timer_a_deadline""], ""repository"": ""pjsip/pjproject"", ""commit"": ""bba95b8a95c0a9e8c1939166fd20083ae9e3e956"", ""path"": ""pjsip/src/pjsip/sip_transaction.c"", ""symbol"": ""tsx_resched_retransmission"", ""lines"": ""2336-2378"", ""url"": ""https://github.com/pjsip/pjproject/blob/bba95b8a95c0a9e8c1939166fd20083ae9e3e956/pjsip/src/pjsip/sip_transaction.c#L2336"", ""source_file_verified"": true, ""source_line_verified"": true, ""source_symbol_verified"": true}, {""mapping"": ""auxiliary:1"", ""role"": ""re-arm and protocol retransmission path"", ""event_predicate"": ""RAW post-schedule one-shot event emitted only after the correlated timer generation is successfully stored; carries arm_tick, configured_delay_ms, deadline_tick, timer_generation, role, and transport."", ""instrumentation_timing"": ""在 tsx_retransmit 调用 tsx_resched_retransmission 并成功存入 2*T1 后发 timer_a_rearmed_2t1；从新 generation 的存储 deadline 发 timer_a_deadline；Calling 终止或传输错误发 invite_transaction_stopped。"", ""atomic_propositions"": [""timer_a_rearmed_2t1"", ""timer_a_deadline""], ""repository"": ""pjsip/pjproject"", ""commit"": ""bba95b8a95c0a9e8c1939166fd20083ae9e3e956"", ""path"": ""pjsip/src/pjsip/sip_transaction.c"", ""symbol"": ""tsx_retransmit"", ""lines"": ""2383-2425"", ""url"": ""https://github.com/pjsip/pjproject/blob/bba95b8a95c0a9e8c1939166fd20083ae9e3e956/pjsip/src/pjsip/sip_transaction.c#L2383"", ""source_file_verified"": true, ""source_line_verified"": true, ""source_symbol_verified"": true}, {""mapping"": ""auxiliary:5"", ""role"": ""runtime timer values"", ""event_predicate"": ""RAW post-schedule one-shot event emitted only after the correlated timer generation is successfully stored; carries arm_tick, configured_delay_ms, deadline_tick, timer_generation, role, and transport."", ""instrumentation_timing"": ""在 tsx_retransmit 调用 tsx_resched_retransmission 并成功存入 2*T1 后发 timer_a_rearmed_2t1；从新 generation 的存储 deadline 发 timer_a_deadline；Calling 终止或传输错误发 invite_transaction_stopped。"", ""atomic_propositions"": [""timer_a_rearmed_2t1"", ""timer_a_deadline""], ""repository"": ""pjsip/pjproject"", ""commit"": ""bba95b8a95c0a9e8c1939166fd20083ae9e3e956"", ""path"": ""pjsip/src/pjsip/sip_transaction.c"", ""symbol"": ""pjsip_tsx_layer_init_module"", ""lines"": ""432-454"", ""url"": ""https://github.com/pjsip/pjproject/blob/bba95b8a95c0a9e8c1939166fd20083ae9e3e956/pjsip/src/pjsip/sip_transaction.c#L432"", ""source_file_verified"": true, ""source_line_verified"": true, ""source_symbol_verified"": true}, {""mapping"": ""auxiliary:6"", ""role"": ""T1 default constant"", ""event_predicate"": ""RAW post-schedule one-shot event emitted only after the correlated timer generation is successfully stored; carries arm_tick, configured_delay_ms, deadline_tick, timer_generation, role, and transport."", ""instrumentation_timing"": ""在 tsx_retransmit 调用 tsx_resched_retransmission 并成功存入 2*T1 后发 timer_a_rearmed_2t1；从新 generation 的存储 deadline 发 timer_a_deadline；Calling 终止或传输错误发 invite_transaction_stopped。"", ""atomic_propositions"": [""timer_a_rearmed_2t1"", ""timer_a_deadline""], ""repository"": ""pjsip/pjproject"", ""commit"": ""bba95b8a95c0a9e8c1939166fd20083ae9e3e956"", ""path"": ""pjsip/include/pjsip/sip_config.h"", ""symbol"": ""PJSIP_T1_TIMEOUT"", ""lines"": ""1075-1077"", ""url"": ""https://github.com/pjsip/pjproject/blob/bba95b8a95c0a9e8c1939166fd20083ae9e3e956/pjsip/include/pjsip/sip_config.h#L1075"", ""source_file_verified"": true, ""source_line_verified"": true, ""source_symbol_verified"": true}]",{},在 tsx_retransmit 调用 tsx_resched_retransmission 并成功存入 2*T1 后发 timer_a_rearmed_2t1；从新 generation 的存储 deadline 发 timer_a_deadline；Calling 终止或传输错误发 invite_transaction_stopped。,HYBRID
SIP,SIP-TX-03,timer_a_deadline,"DERIVED logical deadline at stored deadline_tick=arm_tick+configured_delay_ms for this timer_generation; not callback, send, or state transition; suppressed after cancellation.",session_id + top Via branch + CSeq number/method + transaction role; ACK additionally uses RFC matching; timer_generation separates every re-arm/reset,correlate first; exactly one obligation generation per finite word; dynamic identifiers remain event fields; supersession closes the old word before a new monitor is spawned,EXACTLY_ONE_TRIGGER_PER_PROJECTED_WORD; key=transaction_id+timer_kind+timer_generation; append a terminal position after the largest bounded deadline,"[{""mapping"": ""primary"", ""role"": ""primary property hook"", ""event_predicate"": ""DERIVED logical deadline at stored deadline_tick=arm_tick+configured_delay_ms for this timer_generation; not callback, send, or state transition; suppressed after cancellation."", ""instrumentation_timing"": ""在 tsx_retransmit 调用 tsx_resched_retransmission 并成功存入 2*T1 后发 timer_a_rearmed_2t1；从新 generation 的存储 deadline 发 timer_a_deadline；Calling 终止或传输错误发 invite_transaction_stopped。"", ""atomic_propositions"": [""timer_a_rearmed_2t1"", ""timer_a_deadline""], ""repository"": ""pjsip/pjproject"", ""commit"": ""bba95b8a95c0a9e8c1939166fd20083ae9e3e956"", ""path"": ""pjsip/src/pjsip/sip_transaction.c"", ""symbol"": ""tsx_resched_retransmission"", ""lines"": ""2336-2378"", ""url"": ""https://github.com/pjsip/pjproject/blob/bba95b8a95c0a9e8c1939166fd20083ae9e3e956/pjsip/src/pjsip/sip_transaction.c#L2336"", ""source_file_verified"": true, ""source_line_verified"": true, ""source_symbol_verified"": true}, {""mapping"": ""auxiliary:1"", ""role"": ""re-arm and protocol retransmission path"", ""event_predicate"": ""DERIVED logical deadline at stored deadline_tick=arm_tick+configured_delay_ms for this timer_generation; not callback, send, or state transition; suppressed after cancellation."", ""instrumentation_timing"": ""在 tsx_retransmit 调用 tsx_resched_retransmission 并成功存入 2*T1 后发 timer_a_rearmed_2t1；从新 generation 的存储 deadline 发 timer_a_deadline；Calling 终止或传输错误发 invite_transaction_stopped。"", ""atomic_propositions"": [""timer_a_rearmed_2t1"", ""timer_a_deadline""], ""repository"": ""pjsip/pjproject"", ""commit"": ""bba95b8a95c0a9e8c1939166fd20083ae9e3e956"", ""path"": ""pjsip/src/pjsip/sip_transaction.c"", ""symbol"": ""tsx_retransmit"", ""lines"": ""2383-2425"", ""url"": ""https://github.com/pjsip/pjproject/blob/bba95b8a95c0a9e8c1939166fd20083ae9e3e956/pjsip/src/pjsip/sip_transaction.c#L2383"", ""source_file_verified"": true, ""source_line_verified"": true, ""source_symbol_verified"": true}, {""mapping"": ""auxiliary:2"", ""role"": ""timer callback dispatch"", ""event_predicate"": ""DERIVED logical deadline at stored deadline_tick=arm_tick+configured_delay_ms for this timer_generation; not callback, send, or state transition; suppressed after cancellation."", ""instrumentation_timing"": ""在 tsx_retransmit 调用 tsx_resched_retransmission 并成功存入 2*T1 后发 timer_a_rearmed_2t1；从新 generation 的存储 deadline 发 timer_a_deadline；Calling 终止或传输错误发 invite_transaction_stopped。"", ""atomic_propositions"": [""timer_a_deadline""], ""repository"": ""pjsip/pjproject"", ""commit"": ""bba95b8a95c0a9e8c1939166fd20083ae9e3e956"", ""path"": ""pjsip/src/pjsip/sip_transaction.c"", ""symbol"": ""tsx_timer_callback"", ""lines"": ""1116-1195"", ""url"": ""https://github.com/pjsip/pjproject/blob/bba95b8a95c0a9e8c1939166fd20083ae9e3e956/pjsip/src/pjsip/sip_transaction.c#L1116"", ""source_file_verified"": true, ""source_line_verified"": true, ""source_symbol_verified"": true}, {""mapping"": ""auxiliary:5"", ""role"": ""runtime timer values"", ""event_predicate"": ""DERIVED logical deadline at stored deadline_tick=arm_tick+configured_delay_ms for this timer_generation; not callback, send, or state transition; suppressed after cancellation."", ""instrumentation_timing"": ""在 tsx_retransmit 调用 tsx_resched_retransmission 并成功存入 2*T1 后发 timer_a_rearmed_2t1；从新 generation 的存储 deadline 发 timer_a_deadline；Calling 终止或传输错误发 invite_transaction_stopped。"", ""atomic_propositions"": [""timer_a_rearmed_2t1"", ""timer_a_deadline""], ""repository"": ""pjsip/pjproject"", ""commit"": ""bba95b8a95c0a9e8c1939166fd20083ae9e3e956"", ""path"": ""pjsip/src/pjsip/sip_transaction.c"", ""symbol"": ""pjsip_tsx_layer_init_module"", ""lines"": ""432-454"", ""url"": ""https://github.com/pjsip/pjproject/blob/bba95b8a95c0a9e8c1939166fd20083ae9e3e956/pjsip/src/pjsip/sip_transaction.c#L432"", ""source_file_verified"": true, ""source_line_verified"": true, ""source_symbol_verified"": true}, {""mapping"": ""auxiliary:6"", ""role"": ""T1 default constant"", ""event_predicate"": ""DERIVED logical deadline at stored deadline_tick=arm_tick+configured_delay_ms for this timer_generation; not callback, send, or state transition; suppressed after cancellation."", ""instrumentation_timing"": ""在 tsx_retransmit 调用 tsx_resched_retransmission 并成功存入 2*T1 后发 timer_a_rearmed_2t1；从新 generation 的存储 deadline 发 timer_a_deadline；Calling 终止或传输错误发 invite_transaction_stopped。"", ""atomic_propositions"": [""timer_a_rearmed_2t1"", ""timer_a_deadline""], ""repository"": ""pjsip/pjproject"", ""commit"": ""bba95b8a95c0a9e8c1939166fd20083ae9e3e956"", ""path"": ""pjsip/include/pjsip/sip_config.h"", ""symbol"": ""PJSIP_T1_TIMEOUT"", ""lines"": ""1075-1077"", ""url"": ""https://github.com/pjsip/pjproject/blob/bba95b8a95c0a9e8c1939166fd20083ae9e3e956/pjsip/include/pjsip/sip_config.h#L1075"", ""source_file_verified"": true, ""source_line_verified"": true, ""source_symbol_verified"": true}]",{},在 tsx_retransmit 调用 tsx_resched_retransmission 并成功存入 2*T1 后发 timer_a_rearmed_2t1；从新 generation 的存储 deadline 发 timer_a_deadline；Calling 终止或传输错误发 invite_transaction_stopped。,HYBRID
SIP,SIP-TX-03,invite_transaction_stopped,LATCHED correlated transaction stop/cancellation outcome; closes this timer generation.,session_id + top Via branch + CSeq number/method + transaction role; ACK additionally uses RFC matching; timer_generation separates every re-arm/reset,correlate first; exactly one obligation generation per finite word; dynamic identifiers remain event fields; supersession closes the old word before a new monitor is spawned,EXACTLY_ONE_TRIGGER_PER_PROJECTED_WORD; key=transaction_id+timer_kind+timer_generation; append a terminal position after the largest bounded deadline,"[{""mapping"": ""auxiliary:3"", ""role"": ""Calling response/cancel/timeout paths"", ""event_predicate"": ""LATCHED correlated transaction stop/cancellation outcome; closes this timer generation."", ""instrumentation_timing"": ""在 tsx_retransmit 调用 tsx_resched_retransmission 并成功存入 2*T1 后发 timer_a_rearmed_2t1；从新 generation 的存储 deadline 发 timer_a_deadline；Calling 终止或传输错误发 invite_transaction_stopped。"", ""atomic_propositions"": [""invite_transaction_stopped""], ""repository"": ""pjsip/pjproject"", ""commit"": ""bba95b8a95c0a9e8c1939166fd20083ae9e3e956"", ""path"": ""pjsip/src/pjsip/sip_transaction.c"", ""symbol"": ""tsx_on_state_calling"", ""lines"": ""2540-2651"", ""url"": ""https://github.com/pjsip/pjproject/blob/bba95b8a95c0a9e8c1939166fd20083ae9e3e956/pjsip/src/pjsip/sip_transaction.c#L2540"", ""source_file_verified"": true, ""source_line_verified"": true, ""source_symbol_verified"": true}, {""mapping"": ""auxiliary:4"", ""role"": ""transport error/completion paths"", ""event_predicate"": ""LATCHED correlated transaction stop/cancellation outcome; closes this timer generation."", ""instrumentation_timing"": ""在 tsx_retransmit 调用 tsx_resched_retransmission 并成功存入 2*T1 后发 timer_a_rearmed_2t1；从新 generation 的存储 deadline 发 timer_a_deadline；Calling 终止或传输错误发 invite_transaction_stopped。"", ""atomic_propositions"": [""invite_transaction_stopped""], ""repository"": ""pjsip/pjproject"", ""commit"": ""bba95b8a95c0a9e8c1939166fd20083ae9e3e956"", ""path"": ""pjsip/src/pjsip/sip_transaction.c"", ""symbol"": ""tsx_tp_state_callback"", ""lines"": ""2110-2137"", ""url"": ""https://github.com/pjsip/pjproject/blob/bba95b8a95c0a9e8c1939166fd20083ae9e3e956/pjsip/src/pjsip/sip_transaction.c#L2110"", ""source_file_verified"": true, ""source_line_verified"": true, ""source_symbol_verified"": true}]",{},在 tsx_retransmit 调用 tsx_resched_retransmission 并成功存入 2*T1 后发 timer_a_rearmed_2t1；从新 generation 的存储 deadline 发 timer_a_deadline；Calling 终止或传输错误发 invite_transaction_stopped。,HYBRID
SIP,SIP-TX-04,timer_b_armed_64t1,"RAW post-schedule one-shot event emitted only after the correlated timer generation is successfully stored; carries arm_tick, configured_delay_ms, deadline_tick, timer_generation, role, and transport.",session_id + top Via branch + CSeq number/method + transaction role; ACK additionally uses RFC matching; timer_generation separates every re-arm/reset,correlate first; exactly one obligation generation per finite word; dynamic identifiers remain event fields; supersession closes the old word before a new monitor is spawned,EXACTLY_ONE_TRIGGER_PER_PROJECTED_WORD; key=transaction_id+timer_kind+timer_generation; append a terminal position after the largest bounded deadline,"[{""mapping"": ""primary"", ""role"": ""primary property hook"", ""event_predicate"": ""RAW post-schedule one-shot event emitted only after the correlated timer generation is successfully stored; carries arm_tick, configured_delay_ms, deadline_tick, timer_generation, role, and transport."", ""instrumentation_timing"": ""在 tsx_on_state_null 成功调度 timeout_timer 后发 timer_b_armed_64t1；从该条目生成 timer_b_deadline；tsx_on_state_calling 收到 1xx/最终响应分别发两个 response AP，tsx_tp_state_callback 发 invite_transport_error 并关闭 generation。"", ""atomic_propositions"": [""timer_b_armed_64t1"", ""timer_b_deadline""], ""repository"": ""pjsip/pjproject"", ""commit"": ""bba95b8a95c0a9e8c1939166fd20083ae9e3e956"", ""path"": ""pjsip/src/pjsip/sip_transaction.c"", ""symbol"": ""tsx_on_state_null"", ""lines"": ""2460-2533"", ""url"": ""https://github.com/pjsip/pjproject/blob/bba95b8a95c0a9e8c1939166fd20083ae9e3e956/pjsip/src/pjsip/sip_transaction.c#L2460"", ""source_file_verified"": true, ""source_line_verified"": true, ""source_symbol_verified"": true}, {""mapping"": ""auxiliary:1"", ""role"": ""timer scheduling primitive"", ""event_predicate"": ""RAW post-schedule one-shot event emitted only after the correlated timer generation is successfully stored; carries arm_tick, configured_delay_ms, deadline_tick, timer_generation, role, and transport."", ""instrumentation_timing"": ""在 tsx_on_state_null 成功调度 timeout_timer 后发 timer_b_armed_64t1；从该条目生成 timer_b_deadline；tsx_on_state_calling 收到 1xx/最终响应分别发两个 response AP，tsx_tp_state_callback 发 invite_transport_error 并关闭 generation。"", ""atomic_propositions"": [""timer_b_armed_64t1"", ""timer_b_deadline""], ""repository"": ""pjsip/pjproject"", ""commit"": ""bba95b8a95c0a9e8c1939166fd20083ae9e3e956"", ""path"": ""pjsip/src/pjsip/sip_transaction.c"", ""symbol"": ""tsx_schedule_timer"", ""lines"": ""972-987"", ""url"": ""https://github.com/pjsip/pjproject/blob/bba95b8a95c0a9e8c1939166fd20083ae9e3e956/pjsip/src/pjsip/sip_transaction.c#L972"", ""source_file_verified"": true, ""source_line_verified"": true, ""source_symbol_verified"": true}, {""mapping"": ""auxiliary:5"", ""role"": ""runtime timer values"", ""event_predicate"": ""RAW post-schedule one-shot event emitted only after the correlated timer generation is successfully stored; carries arm_tick, configured_delay_ms, deadline_tick, timer_generation, role, and transport."", ""instrumentation_timing"": ""在 tsx_on_state_null 成功调度 timeout_timer 后发 timer_b_armed_64t1；从该条目生成 timer_b_deadline；tsx_on_state_calling 收到 1xx/最终响应分别发两个 response AP，tsx_tp_state_callback 发 invite_transport_error 并关闭 generation。"", ""atomic_propositions"": [""timer_b_armed_64t1"", ""timer_b_deadline""], ""repository"": ""pjsip/pjproject"", ""commit"": ""bba95b8a95c0a9e8c1939166fd20083ae9e3e956"", ""path"": ""pjsip/src/pjsip/sip_transaction.c"", ""symbol"": ""pjsip_tsx_layer_init_module"", ""lines"": ""432-454"", ""url"": ""https://github.com/pjsip/pjproject/blob/bba95b8a95c0a9e8c1939166fd20083ae9e3e956/pjsip/src/pjsip/sip_transaction.c#L432"", ""source_file_verified"": true, ""source_line_verified"": true, ""source_symbol_verified"": true}, {""mapping"": ""auxiliary:6"", ""role"": ""T1 default constant"", ""event_predicate"": ""RAW post-schedule one-shot event emitted only after the correlated timer generation is successfully stored; carries arm_tick, configured_delay_ms, deadline_tick, timer_generation, role, and transport."", ""instrumentation_timing"": ""在 tsx_on_state_null 成功调度 timeout_timer 后发 timer_b_armed_64t1；从该条目生成 timer_b_deadline；tsx_on_state_calling 收到 1xx/最终响应分别发两个 response AP，tsx_tp_state_callback 发 invite_transport_error 并关闭 generation。"", ""atomic_propositions"": [""timer_b_armed_64t1"", ""timer_b_deadline""], ""repository"": ""pjsip/pjproject"", ""commit"": ""bba95b8a95c0a9e8c1939166fd20083ae9e3e956"", ""path"": ""pjsip/include/pjsip/sip_config.h"", ""symbol"": ""PJSIP_T1_TIMEOUT"", ""lines"": ""1075-1077"", ""url"": ""https://github.com/pjsip/pjproject/blob/bba95b8a95c0a9e8c1939166fd20083ae9e3e956/pjsip/include/pjsip/sip_config.h#L1075"", ""source_file_verified"": true, ""source_line_verified"": true, ""source_symbol_verified"": true}]",{},在 tsx_on_state_null 成功调度 timeout_timer 后发 timer_b_armed_64t1；从该条目生成 timer_b_deadline；tsx_on_state_calling 收到 1xx/最终响应分别发两个 response AP，tsx_tp_state_callback 发 invite_transport_error 并关闭 generation。,HYBRID
SIP,SIP-TX-04,timer_b_deadline,"DERIVED logical deadline at stored deadline_tick=arm_tick+configured_delay_ms for this timer_generation; not callback, send, or state transition; suppressed after cancellation.",session_id + top Via branch + CSeq number/method + transaction role; ACK additionally uses RFC matching; timer_generation separates every re-arm/reset,correlate first; exactly one obligation generation per finite word; dynamic identifiers remain event fields; supersession closes the old word before a new monitor is spawned,EXACTLY_ONE_TRIGGER_PER_PROJECTED_WORD; key=transaction_id+timer_kind+timer_generation; append a terminal position after the largest bounded deadline,"[{""mapping"": ""primary"", ""role"": ""primary property hook"", ""event_predicate"": ""DERIVED logical deadline at stored deadline_tick=arm_tick+configured_delay_ms for this timer_generation; not callback, send, or state transition; suppressed after cancellation."", ""instrumentation_timing"": ""在 tsx_on_state_null 成功调度 timeout_timer 后发 timer_b_armed_64t1；从该条目生成 timer_b_deadline；tsx_on_state_calling 收到 1xx/最终响应分别发两个 response AP，tsx_tp_state_callback 发 invite_transport_error 并关闭 generation。"", ""atomic_propositions"": [""timer_b_armed_64t1"", ""timer_b_deadline""], ""repository"": ""pjsip/pjproject"", ""commit"": ""bba95b8a95c0a9e8c1939166fd20083ae9e3e956"", ""path"": ""pjsip/src/pjsip/sip_transaction.c"", ""symbol"": ""tsx_on_state_null"", ""lines"": ""2460-2533"", ""url"": ""https://github.com/pjsip/pjproject/blob/bba95b8a95c0a9e8c1939166fd20083ae9e3e956/pjsip/src/pjsip/sip_transaction.c#L2460"", ""source_file_verified"": true, ""source_line_verified"": true, ""source_symbol_verified"": true}, {""mapping"": ""auxiliary:1"", ""role"": ""timer scheduling primitive"", ""event_predicate"": ""DERIVED logical deadline at stored deadline_tick=arm_tick+configured_delay_ms for this timer_generation; not callback, send, or state transition; suppressed after cancellation."", ""instrumentation_timing"": ""在 tsx_on_state_null 成功调度 timeout_timer 后发 timer_b_armed_64t1；从该条目生成 timer_b_deadline；tsx_on_state_calling 收到 1xx/最终响应分别发两个 response AP，tsx_tp_state_callback 发 invite_transport_error 并关闭 generation。"", ""atomic_propositions"": [""timer_b_armed_64t1"", ""timer_b_deadline""], ""repository"": ""pjsip/pjproject"", ""commit"": ""bba95b8a95c0a9e8c1939166fd20083ae9e3e956"", ""path"": ""pjsip/src/pjsip/sip_transaction.c"", ""symbol"": ""tsx_schedule_timer"", ""lines"": ""972-987"", ""url"": ""https://github.com/pjsip/pjproject/blob/bba95b8a95c0a9e8c1939166fd20083ae9e3e956/pjsip/src/pjsip/sip_transaction.c#L972"", ""source_file_verified"": true, ""source_line_verified"": true, ""source_symbol_verified"": true}, {""mapping"": ""auxiliary:2"", ""role"": ""timer callback dispatch"", ""event_predicate"": ""DERIVED logical deadline at stored deadline_tick=arm_tick+configured_delay_ms for this timer_generation; not callback, send, or state transition; suppressed after cancellation."", ""instrumentation_timing"": ""在 tsx_on_state_null 成功调度 timeout_timer 后发 timer_b_armed_64t1；从该条目生成 timer_b_deadline；tsx_on_state_calling 收到 1xx/最终响应分别发两个 response AP，tsx_tp_state_callback 发 invite_transport_error 并关闭 generation。"", ""atomic_propositions"": [""timer_b_deadline""], ""repository"": ""pjsip/pjproject"", ""commit"": ""bba95b8a95c0a9e8c1939166fd20083ae9e3e956"", ""path"": ""pjsip/src/pjsip/sip_transaction.c"", ""symbol"": ""tsx_timer_callback"", ""lines"": ""1116-1195"", ""url"": ""https://github.com/pjsip/pjproject/blob/bba95b8a95c0a9e8c1939166fd20083ae9e3e956/pjsip/src/pjsip/sip_transaction.c#L1116"", ""source_file_verified"": true, ""source_line_verified"": true, ""source_symbol_verified"": true}, {""mapping"": ""auxiliary:5"", ""role"": ""runtime timer values"", ""event_predicate"": ""DERIVED logical deadline at stored deadline_tick=arm_tick+configured_delay_ms for this timer_generation; not callback, send, or state transition; suppressed after cancellation."", ""instrumentation_timing"": ""在 tsx_on_state_null 成功调度 timeout_timer 后发 timer_b_armed_64t1；从该条目生成 timer_b_deadline；tsx_on_state_calling 收到 1xx/最终响应分别发两个 response AP，tsx_tp_state_callback 发 invite_transport_error 并关闭 generation。"", ""atomic_propositions"": [""timer_b_armed_64t1"", ""timer_b_deadline""], ""repository"": ""pjsip/pjproject"", ""commit"": ""bba95b8a95c0a9e8c1939166fd20083ae9e3e956"", ""path"": ""pjsip/src/pjsip/sip_transaction.c"", ""symbol"": ""pjsip_tsx_layer_init_module"", ""lines"": ""432-454"", ""url"": ""https://github.com/pjsip/pjproject/blob/bba95b8a95c0a9e8c1939166fd20083ae9e3e956/pjsip/src/pjsip/sip_transaction.c#L432"", ""source_file_verified"": true, ""source_line_verified"": true, ""source_symbol_verified"": true}, {""mapping"": ""auxiliary:6"", ""role"": ""T1 default constant"", ""event_predicate"": ""DERIVED logical deadline at stored deadline_tick=arm_tick+configured_delay_ms for this timer_generation; not callback, send, or state transition; suppressed after cancellation."", ""instrumentation_timing"": ""在 tsx_on_state_null 成功调度 timeout_timer 后发 timer_b_armed_64t1；从该条目生成 timer_b_deadline；tsx_on_state_calling 收到 1xx/最终响应分别发两个 response AP，tsx_tp_state_callback 发 invite_transport_error 并关闭 generation。"", ""atomic_propositions"": [""timer_b_armed_64t1"", ""timer_b_deadline""], ""repository"": ""pjsip/pjproject"", ""commit"": ""bba95b8a95c0a9e8c1939166fd20083ae9e3e956"", ""path"": ""pjsip/include/pjsip/sip_config.h"", ""symbol"": ""PJSIP_T1_TIMEOUT"", ""lines"": ""1075-1077"", ""url"": ""https://github.com/pjsip/pjproject/blob/bba95b8a95c0a9e8c1939166fd20083ae9e3e956/pjsip/include/pjsip/sip_config.h#L1075"", ""source_file_verified"": true, ""source_line_verified"": true, ""source_symbol_verified"": true}]",{},在 tsx_on_state_null 成功调度 timeout_timer 后发 timer_b_armed_64t1；从该条目生成 timer_b_deadline；tsx_on_state_calling 收到 1xx/最终响应分别发两个 response AP，tsx_tp_state_callback 发 invite_transport_error 并关闭 generation。,HYBRID
SIP,SIP-TX-04,invite_provisional_received,RAW/LATCHED correlated SIP response/state outcome at receive/transition tick; closes or replaces this timer generation as specified.,session_id + top Via branch + CSeq number/method + transaction role; ACK additionally uses RFC matching; timer_generation separates every re-arm/reset,correlate first; exactly one obligation generation per finite word; dynamic identifiers remain event fields; supersession closes the old word before a new monitor is spawned,EXACTLY_ONE_TRIGGER_PER_PROJECTED_WORD; key=transaction_id+timer_kind+timer_generation; append a terminal position after the largest bounded deadline,"[{""mapping"": ""auxiliary:3"", ""role"": ""Calling response/cancel/timeout paths"", ""event_predicate"": ""RAW/LATCHED correlated SIP response/state outcome at receive/transition tick; closes or replaces this timer generation as specified."", ""instrumentation_timing"": ""在 tsx_on_state_null 成功调度 timeout_timer 后发 timer_b_armed_64t1；从该条目生成 timer_b_deadline；tsx_on_state_calling 收到 1xx/最终响应分别发两个 response AP，tsx_tp_state_callback 发 invite_transport_error 并关闭 generation。"", ""atomic_propositions"": [""invite_provisional_received"", ""invite_final_response_received""], ""repository"": ""pjsip/pjproject"", ""commit"": ""bba95b8a95c0a9e8c1939166fd20083ae9e3e956"", ""path"": ""pjsip/src/pjsip/sip_transaction.c"", ""symbol"": ""tsx_on_state_calling"", ""lines"": ""2540-2651"", ""url"": ""https://github.com/pjsip/pjproject/blob/bba95b8a95c0a9e8c1939166fd20083ae9e3e956/pjsip/src/pjsip/sip_transaction.c#L2540"", ""source_file_verified"": true, ""source_line_verified"": true, ""source_symbol_verified"": true}]",{},在 tsx_on_state_null 成功调度 timeout_timer 后发 timer_b_armed_64t1；从该条目生成 timer_b_deadline；tsx_on_state_calling 收到 1xx/最终响应分别发两个 response AP，tsx_tp_state_callback 发 invite_transport_error 并关闭 generation。,HYBRID
SIP,SIP-TX-04,invite_final_response_received,RAW/LATCHED correlated SIP response/state outcome at receive/transition tick; closes or replaces this timer generation as specified.,session_id + top Via branch + CSeq number/method + transaction role; ACK additionally uses RFC matching; timer_generation separates every re-arm/reset,correlate first; exactly one obligation generation per finite word; dynamic identifiers remain event fields; supersession closes the old word before a new monitor is spawned,EXACTLY_ONE_TRIGGER_PER_PROJECTED_WORD; key=transaction_id+timer_kind+timer_generation; append a terminal position after the largest bounded deadline,"[{""mapping"": ""auxiliary:3"", ""role"": ""Calling response/cancel/timeout paths"", ""event_predicate"": ""RAW/LATCHED correlated SIP response/state outcome at receive/transition tick; closes or replaces this timer generation as specified."", ""instrumentation_timing"": ""在 tsx_on_state_null 成功调度 timeout_timer 后发 timer_b_armed_64t1；从该条目生成 timer_b_deadline；tsx_on_state_calling 收到 1xx/最终响应分别发两个 response AP，tsx_tp_state_callback 发 invite_transport_error 并关闭 generation。"", ""atomic_propositions"": [""invite_provisional_received"", ""invite_final_response_received""], ""repository"": ""pjsip/pjproject"", ""commit"": ""bba95b8a95c0a9e8c1939166fd20083ae9e3e956"", ""path"": ""pjsip/src/pjsip/sip_transaction.c"", ""symbol"": ""tsx_on_state_calling"", ""lines"": ""2540-2651"", ""url"": ""https://github.com/pjsip/pjproject/blob/bba95b8a95c0a9e8c1939166fd20083ae9e3e956/pjsip/src/pjsip/sip_transaction.c#L2540"", ""source_file_verified"": true, ""source_line_verified"": true, ""source_symbol_verified"": true}]",{},在 tsx_on_state_null 成功调度 timeout_timer 后发 timer_b_armed_64t1；从该条目生成 timer_b_deadline；tsx_on_state_calling 收到 1xx/最终响应分别发两个 response AP，tsx_tp_state_callback 发 invite_transport_error 并关闭 generation。,HYBRID
SIP,SIP-TX-04,invite_transport_error,RAW correlated unrecoverable transport-failure cause at its actual callback/state-transition tick; never inferred from a missing packet.,session_id + top Via branch + CSeq number/method + transaction role; ACK additionally uses RFC matching; timer_generation separates every re-arm/reset,correlate first; exactly one obligation generation per finite word; dynamic identifiers remain event fields; supersession closes the old word before a new monitor is spawned,EXACTLY_ONE_TRIGGER_PER_PROJECTED_WORD; key=transaction_id+timer_kind+timer_generation; append a terminal position after the largest bounded deadline,"[{""mapping"": ""auxiliary:4"", ""role"": ""transport error/completion paths"", ""event_predicate"": ""RAW correlated unrecoverable transport-failure cause at its actual callback/state-transition tick; never inferred from a missing packet."", ""instrumentation_timing"": ""在 tsx_on_state_null 成功调度 timeout_timer 后发 timer_b_armed_64t1；从该条目生成 timer_b_deadline；tsx_on_state_calling 收到 1xx/最终响应分别发两个 response AP，tsx_tp_state_callback 发 invite_transport_error 并关闭 generation。"", ""atomic_propositions"": [""invite_transport_error""], ""repository"": ""pjsip/pjproject"", ""commit"": ""bba95b8a95c0a9e8c1939166fd20083ae9e3e956"", ""path"": ""pjsip/src/pjsip/sip_transaction.c"", ""symbol"": ""tsx_tp_state_callback"", ""lines"": ""2110-2137"", ""url"": ""https://github.com/pjsip/pjproject/blob/bba95b8a95c0a9e8c1939166fd20083ae9e3e956/pjsip/src/pjsip/sip_transaction.c#L2110"", ""source_file_verified"": true, ""source_line_verified"": true, ""source_symbol_verified"": true}]",{},在 tsx_on_state_null 成功调度 timeout_timer 后发 timer_b_armed_64t1；从该条目生成 timer_b_deadline；tsx_on_state_calling 收到 1xx/最终响应分别发两个 response AP，tsx_tp_state_callback 发 invite_transport_error 并关闭 generation。,HYBRID
SIP,SIP-TX-05,invite_entered_proceeding_after_1xx,RAW/LATCHED correlated SIP response/state outcome at receive/transition tick; closes or replaces this timer generation as specified.,session_id + top Via branch + CSeq number/method + transaction role; ACK additionally uses RFC matching; timer_generation separates every re-arm/reset,correlate first; exactly one obligation generation per finite word; dynamic identifiers remain event fields; supersession closes the old word before a new monitor is spawned,EXACTLY_ONE_TRIGGER_PER_PROJECTED_WORD; key=transaction_id+timer_kind+timer_generation; append a terminal position after the largest bounded deadline,"[{""mapping"": ""primary"", ""role"": ""primary property hook"", ""event_predicate"": ""RAW/LATCHED correlated SIP response/state outcome at receive/transition tick; closes or replaces this timer generation as specified."", ""instrumentation_timing"": ""tsx_on_state_calling 完成匹配 1xx、取消 retransmit_timer 并提交 Proceeding 后发 invite_entered_proceeding_after_1xx；仅在 tsx_retransmit/transport handoff 实际发生时发 invite_retransmitted；终止时关闭投影。"", ""atomic_propositions"": [""invite_entered_proceeding_after_1xx""], ""repository"": ""pjsip/pjproject"", ""commit"": ""bba95b8a95c0a9e8c1939166fd20083ae9e3e956"", ""path"": ""pjsip/src/pjsip/sip_transaction.c"", ""symbol"": ""tsx_on_state_calling"", ""lines"": ""2540-2651"", ""url"": ""https://github.com/pjsip/pjproject/blob/bba95b8a95c0a9e8c1939166fd20083ae9e3e956/pjsip/src/pjsip/sip_transaction.c#L2540"", ""source_file_verified"": true, ""source_line_verified"": true, ""source_symbol_verified"": true}, {""mapping"": ""auxiliary:1"", ""role"": ""Proceeding UAC timer/response paths"", ""event_predicate"": ""RAW/LATCHED correlated SIP response/state outcome at receive/transition tick; closes or replaces this timer generation as specified."", ""instrumentation_timing"": ""tsx_on_state_calling 完成匹配 1xx、取消 retransmit_timer 并提交 Proceeding 后发 invite_entered_proceeding_after_1xx；仅在 tsx_retransmit/transport handoff 实际发生时发 invite_retransmitted；终止时关闭投影。"", ""atomic_propositions"": [""invite_entered_proceeding_after_1xx""], ""repository"": ""pjsip/pjproject"", ""commit"": ""bba95b8a95c0a9e8c1939166fd20083ae9e3e956"", ""path"": ""pjsip/src/pjsip/sip_transaction.c"", ""symbol"": ""tsx_on_state_proceeding_uac"", ""lines"": ""2973-3205"", ""url"": ""https://github.com/pjsip/pjproject/blob/bba95b8a95c0a9e8c1939166fd20083ae9e3e956/pjsip/src/pjsip/sip_transaction.c#L2973"", ""source_file_verified"": true, ""source_line_verified"": true, ""source_symbol_verified"": true}, {""mapping"": ""auxiliary:3"", ""role"": ""transport error/completion paths"", ""event_predicate"": ""RAW/LATCHED correlated SIP response/state outcome at receive/transition tick; closes or replaces this timer generation as specified."", ""instrumentation_timing"": ""tsx_on_state_calling 完成匹配 1xx、取消 retransmit_timer 并提交 Proceeding 后发 invite_entered_proceeding_after_1xx；仅在 tsx_retransmit/transport handoff 实际发生时发 invite_retransmitted；终止时关闭投影。"", ""atomic_propositions"": [""invite_entered_proceeding_after_1xx""], ""repository"": ""pjsip/pjproject"", ""commit"": ""bba95b8a95c0a9e8c1939166fd20083ae9e3e956"", ""path"": ""pjsip/src/pjsip/sip_transaction.c"", ""symbol"": ""tsx_tp_state_callback"", ""lines"": ""2110-2137"", ""url"": ""https://github.com/pjsip/pjproject/blob/bba95b8a95c0a9e8c1939166fd20083ae9e3e956/pjsip/src/pjsip/sip_transaction.c#L2110"", ""source_file_verified"": true, ""source_line_verified"": true, ""source_symbol_verified"": true}]",{},tsx_on_state_calling 完成匹配 1xx、取消 retransmit_timer 并提交 Proceeding 后发 invite_entered_proceeding_after_1xx；仅在 tsx_retransmit/transport handoff 实际发生时发 invite_retransmitted；终止时关闭投影。,HYBRID
SIP,SIP-TX-05,invite_retransmitted,RAW successful retransmission-to-transport action at action_tick; callback request and logical deadline remain separate events.,session_id + top Via branch + CSeq number/method + transaction role; ACK additionally uses RFC matching; timer_generation separates every re-arm/reset,correlate first; exactly one obligation generation per finite word; dynamic identifiers remain event fields; supersession closes the old word before a new monitor is spawned,EXACTLY_ONE_TRIGGER_PER_PROJECTED_WORD; key=transaction_id+timer_kind+timer_generation; append a terminal position after the largest bounded deadline,"[{""mapping"": ""auxiliary:2"", ""role"": ""re-arm and protocol retransmission path"", ""event_predicate"": ""RAW successful retransmission-to-transport action at action_tick; callback request and logical deadline remain separate events."", ""instrumentation_timing"": ""tsx_on_state_calling 完成匹配 1xx、取消 retransmit_timer 并提交 Proceeding 后发 invite_entered_proceeding_after_1xx；仅在 tsx_retransmit/transport handoff 实际发生时发 invite_retransmitted；终止时关闭投影。"", ""atomic_propositions"": [""invite_retransmitted""], ""repository"": ""pjsip/pjproject"", ""commit"": ""bba95b8a95c0a9e8c1939166fd20083ae9e3e956"", ""path"": ""pjsip/src/pjsip/sip_transaction.c"", ""symbol"": ""tsx_retransmit"", ""lines"": ""2383-2425"", ""url"": ""https://github.com/pjsip/pjproject/blob/bba95b8a95c0a9e8c1939166fd20083ae9e3e956/pjsip/src/pjsip/sip_transaction.c#L2383"", ""source_file_verified"": true, ""source_line_verified"": true, ""source_symbol_verified"": true}]",{},tsx_on_state_calling 完成匹配 1xx、取消 retransmit_timer 并提交 Proceeding 后发 invite_entered_proceeding_after_1xx；仅在 tsx_retransmit/transport handoff 实际发生时发 invite_retransmitted；终止时关闭投影。,HYBRID
SIP,SIP-TX-06,udp_invite_completed_timer_d_armed,"RAW post-schedule one-shot event emitted only after the correlated timer generation is successfully stored; carries arm_tick, configured_delay_ms, deadline_tick, timer_generation, role, and transport.",session_id + top Via branch + CSeq number/method + transaction role; ACK additionally uses RFC matching; timer_generation separates every re-arm/reset,correlate first; exactly one obligation generation per finite word; dynamic identifiers remain event fields; supersession closes the old word before a new monitor is spawned,EXACTLY_ONE_TRIGGER_PER_PROJECTED_WORD; key=transaction_id+timer_kind+timer_generation; append a terminal position after the largest bounded deadline,"[{""mapping"": ""primary"", ""role"": ""primary property hook"", ""event_predicate"": ""RAW post-schedule one-shot event emitted only after the correlated timer generation is successfully stored; carries arm_tick, configured_delay_ms, deadline_tick, timer_generation, role, and transport."", ""instrumentation_timing"": ""tsx_on_state_proceeding_uac 在 Completed 转移后成功调度 Timer D 才发 udp_invite_completed_timer_d_armed；tsx_on_state_completed_uac 的任意 Terminated 转移发 transaction_terminated；tsx_tp_state_callback 的 abort 原因须与该终止处于同一 microstep。"", ""atomic_propositions"": [""udp_invite_completed_timer_d_armed""], ""repository"": ""pjsip/pjproject"", ""commit"": ""bba95b8a95c0a9e8c1939166fd20083ae9e3e956"", ""path"": ""pjsip/src/pjsip/sip_transaction.c"", ""symbol"": ""tsx_on_state_proceeding_uac"", ""lines"": ""2973-3205"", ""url"": ""https://github.com/pjsip/pjproject/blob/bba95b8a95c0a9e8c1939166fd20083ae9e3e956/pjsip/src/pjsip/sip_transaction.c#L2973"", ""source_file_verified"": true, ""source_line_verified"": true, ""source_symbol_verified"": true}, {""mapping"": ""auxiliary:3"", ""role"": ""timer scheduling primitive"", ""event_predicate"": ""RAW post-schedule one-shot event emitted only after the correlated timer generation is successfully stored; carries arm_tick, configured_delay_ms, deadline_tick, timer_generation, role, and transport."", ""instrumentation_timing"": ""tsx_on_state_proceeding_uac 在 Completed 转移后成功调度 Timer D 才发 udp_invite_completed_timer_d_armed；tsx_on_state_completed_uac 的任意 Terminated 转移发 transaction_terminated；tsx_tp_state_callback 的 abort 原因须与该终止处于同一 microstep。"", ""atomic_propositions"": [""udp_invite_completed_timer_d_armed""], ""repository"": ""pjsip/pjproject"", ""commit"": ""bba95b8a95c0a9e8c1939166fd20083ae9e3e956"", ""path"": ""pjsip/src/pjsip/sip_transaction.c"", ""symbol"": ""tsx_schedule_timer"", ""lines"": ""972-987"", ""url"": ""https://github.com/pjsip/pjproject/blob/bba95b8a95c0a9e8c1939166fd20083ae9e3e956/pjsip/src/pjsip/sip_transaction.c#L972"", ""source_file_verified"": true, ""source_line_verified"": true, ""source_symbol_verified"": true}, {""mapping"": ""auxiliary:5"", ""role"": ""runtime timer values"", ""event_predicate"": ""RAW post-schedule one-shot event emitted only after the correlated timer generation is successfully stored; carries arm_tick, configured_delay_ms, deadline_tick, timer_generation, role, and transport."", ""instrumentation_timing"": ""tsx_on_state_proceeding_uac 在 Completed 转移后成功调度 Timer D 才发 udp_invite_completed_timer_d_armed；tsx_on_state_completed_uac 的任意 Terminated 转移发 transaction_terminated；tsx_tp_state_callback 的 abort 原因须与该终止处于同一 microstep。"", ""atomic_propositions"": [""udp_invite_completed_timer_d_armed""], ""repository"": ""pjsip/pjproject"", ""commit"": ""bba95b8a95c0a9e8c1939166fd20083ae9e3e956"", ""path"": ""pjsip/src/pjsip/sip_transaction.c"", ""symbol"": ""pjsip_tsx_layer_init_module"", ""lines"": ""432-454"", ""url"": ""https://github.com/pjsip/pjproject/blob/bba95b8a95c0a9e8c1939166fd20083ae9e3e956/pjsip/src/pjsip/sip_transaction.c#L432"", ""source_file_verified"": true, ""source_line_verified"": true, ""source_symbol_verified"": true}, {""mapping"": ""auxiliary:6"", ""role"": ""Timer-D default constant"", ""event_predicate"": ""RAW post-schedule one-shot event emitted only after the correlated timer generation is successfully stored; carries arm_tick, configured_delay_ms, deadline_tick, timer_generation, role, and transport."", ""instrumentation_timing"": ""tsx_on_state_proceeding_uac 在 Completed 转移后成功调度 Timer D 才发 udp_invite_completed_timer_d_armed；tsx_on_state_completed_uac 的任意 Terminated 转移发 transaction_terminated；tsx_tp_state_callback 的 abort 原因须与该终止处于同一 microstep。"", ""atomic_propositions"": [""udp_invite_completed_timer_d_armed""], ""repository"": ""pjsip/pjproject"", ""commit"": ""bba95b8a95c0a9e8c1939166fd20083ae9e3e956"", ""path"": ""pjsip/include/pjsip/sip_config.h"", ""symbol"": ""PJSIP_TD_TIMEOUT"", ""lines"": ""1089-1092"", ""url"": ""https://github.com/pjsip/pjproject/blob/bba95b8a95c0a9e8c1939166fd20083ae9e3e956/pjsip/include/pjsip/sip_config.h#L1089"", ""source_file_verified"": true, ""source_line_verified"": true, ""source_symbol_verified"": true}]",{},tsx_on_state_proceeding_uac 在 Completed 转移后成功调度 Timer D 才发 udp_invite_completed_timer_d_armed；tsx_on_state_completed_uac 的任意 Terminated 转移发 transaction_terminated；tsx_tp_state_callback 的 abort 原因须与该终止处于同一 microstep。,HYBRID
SIP,SIP-TX-06,transaction_terminated,"RAW event on every correlated transition to Terminated, irrespective of cause; it is not a timer deadline alias.",session_id + top Via branch + CSeq number/method + transaction role; ACK additionally uses RFC matching; timer_generation separates every re-arm/reset,correlate first; exactly one obligation generation per finite word; dynamic identifiers remain event fields; supersession closes the old word before a new monitor is spawned,EXACTLY_ONE_TRIGGER_PER_PROJECTED_WORD; key=transaction_id+timer_kind+timer_generation; append a terminal position after the largest bounded deadline,"[{""mapping"": ""auxiliary:1"", ""role"": ""Completed UAC timeout path"", ""event_predicate"": ""RAW event on every correlated transition to Terminated, irrespective of cause; it is not a timer deadline alias."", ""instrumentation_timing"": ""tsx_on_state_proceeding_uac 在 Completed 转移后成功调度 Timer D 才发 udp_invite_completed_timer_d_armed；tsx_on_state_completed_uac 的任意 Terminated 转移发 transaction_terminated；tsx_tp_state_callback 的 abort 原因须与该终止处于同一 microstep。"", ""atomic_propositions"": [""transaction_terminated""], ""repository"": ""pjsip/pjproject"", ""commit"": ""bba95b8a95c0a9e8c1939166fd20083ae9e3e956"", ""path"": ""pjsip/src/pjsip/sip_transaction.c"", ""symbol"": ""tsx_on_state_completed_uac"", ""lines"": ""3322-3371"", ""url"": ""https://github.com/pjsip/pjproject/blob/bba95b8a95c0a9e8c1939166fd20083ae9e3e956/pjsip/src/pjsip/sip_transaction.c#L3322"", ""source_file_verified"": true, ""source_line_verified"": true, ""source_symbol_verified"": true}, {""mapping"": ""auxiliary:2"", ""role"": ""transport error/completion paths"", ""event_predicate"": ""RAW event on every correlated transition to Terminated, irrespective of cause; it is not a timer deadline alias."", ""instrumentation_timing"": ""tsx_on_state_proceeding_uac 在 Completed 转移后成功调度 Timer D 才发 udp_invite_completed_timer_d_armed；tsx_on_state_completed_uac 的任意 Terminated 转移发 transaction_terminated；tsx_tp_state_callback 的 abort 原因须与该终止处于同一 microstep。"", ""atomic_propositions"": [""client_transport_abort"", ""transaction_terminated""], ""repository"": ""pjsip/pjproject"", ""commit"": ""bba95b8a95c0a9e8c1939166fd20083ae9e3e956"", ""path"": ""pjsip/src/pjsip/sip_transaction.c"", ""symbol"": ""tsx_tp_state_callback"", ""lines"": ""2110-2137"", ""url"": ""https://github.com/pjsip/pjproject/blob/bba95b8a95c0a9e8c1939166fd20083ae9e3e956/pjsip/src/pjsip/sip_transaction.c#L2110"", ""source_file_verified"": true, ""source_line_verified"": true, ""source_symbol_verified"": true}, {""mapping"": ""auxiliary:4"", ""role"": ""timer callback dispatch"", ""event_predicate"": ""RAW event on every correlated transition to Terminated, irrespective of cause; it is not a timer deadline alias."", ""instrumentation_timing"": ""tsx_on_state_proceeding_uac 在 Completed 转移后成功调度 Timer D 才发 udp_invite_completed_timer_d_armed；tsx_on_state_completed_uac 的任意 Terminated 转移发 transaction_terminated；tsx_tp_state_callback 的 abort 原因须与该终止处于同一 microstep。"", ""atomic_propositions"": [""transaction_terminated""], ""repository"": ""pjsip/pjproject"", ""commit"": ""bba95b8a95c0a9e8c1939166fd20083ae9e3e956"", ""path"": ""pjsip/src/pjsip/sip_transaction.c"", ""symbol"": ""tsx_timer_callback"", ""lines"": ""1116-1195"", ""url"": ""https://github.com/pjsip/pjproject/blob/bba95b8a95c0a9e8c1939166fd20083ae9e3e956/pjsip/src/pjsip/sip_transaction.c#L1116"", ""source_file_verified"": true, ""source_line_verified"": true, ""source_symbol_verified"": true}]",{},tsx_on_state_proceeding_uac 在 Completed 转移后成功调度 Timer D 才发 udp_invite_completed_timer_d_armed；tsx_on_state_completed_uac 的任意 Terminated 转移发 transaction_terminated；tsx_tp_state_callback 的 abort 原因须与该终止处于同一 microstep。,HYBRID
SIP,SIP-TX-06,client_transport_abort,RAW correlated unrecoverable transport-failure cause at its actual callback/state-transition tick; never inferred from a missing packet.,session_id + top Via branch + CSeq number/method + transaction role; ACK additionally uses RFC matching; timer_generation separates every re-arm/reset,correlate first; exactly one obligation generation per finite word; dynamic identifiers remain event fields; supersession closes the old word before a new monitor is spawned,EXACTLY_ONE_TRIGGER_PER_PROJECTED_WORD; key=transaction_id+timer_kind+timer_generation; append a terminal position after the largest bounded deadline,"[{""mapping"": ""auxiliary:2"", ""role"": ""transport error/completion paths"", ""event_predicate"": ""RAW correlated unrecoverable transport-failure cause at its actual callback/state-transition tick; never inferred from a missing packet."", ""instrumentation_timing"": ""tsx_on_state_proceeding_uac 在 Completed 转移后成功调度 Timer D 才发 udp_invite_completed_timer_d_armed；tsx_on_state_completed_uac 的任意 Terminated 转移发 transaction_terminated；tsx_tp_state_callback 的 abort 原因须与该终止处于同一 microstep。"", ""atomic_propositions"": [""client_transport_abort"", ""transaction_terminated""], ""repository"": ""pjsip/pjproject"", ""commit"": ""bba95b8a95c0a9e8c1939166fd20083ae9e3e956"", ""path"": ""pjsip/src/pjsip/sip_transaction.c"", ""symbol"": ""tsx_tp_state_callback"", ""lines"": ""2110-2137"", ""url"": ""https://github.com/pjsip/pjproject/blob/bba95b8a95c0a9e8c1939166fd20083ae9e3e956/pjsip/src/pjsip/sip_transaction.c#L2110"", ""source_file_verified"": true, ""source_line_verified"": true, ""source_symbol_verified"": true}]",{},tsx_on_state_proceeding_uac 在 Completed 转移后成功调度 Timer D 才发 udp_invite_completed_timer_d_armed；tsx_on_state_completed_uac 的任意 Terminated 转移发 transaction_terminated；tsx_tp_state_callback 的 abort 原因须与该终止处于同一 microstep。,HYBRID
SIP,SIP-TX-07,timer_e_armed_t1,"RAW post-schedule one-shot event emitted only after the correlated timer generation is successfully stored; carries arm_tick, configured_delay_ms, deadline_tick, timer_generation, role, and transport.",session_id + top Via branch + CSeq number/method + transaction role; ACK additionally uses RFC matching; timer_generation separates every re-arm/reset,correlate first; exactly one obligation generation per finite word; dynamic identifiers remain event fields; supersession closes the old word before a new monitor is spawned,EXACTLY_ONE_TRIGGER_PER_PROJECTED_WORD; key=transaction_id+timer_kind+timer_generation; append a terminal position after the largest bounded deadline,"[{""mapping"": ""primary"", ""role"": ""primary property hook"", ""event_predicate"": ""RAW post-schedule one-shot event emitted only after the correlated timer generation is successfully stored; carries arm_tick, configured_delay_ms, deadline_tick, timer_generation, role, and transport."", ""instrumentation_timing"": ""tsx_on_state_null 成功调度 Timer E 后发 timer_e_armed_t1；存储 deadline 到点发 timer_e_deadline；tsx_on_state_calling 的首个 1xx 成功取消旧 timer 并重设后发 rearmed AP，最终响应和 tsx_tp_state_callback 分别发对应 supersession AP。"", ""atomic_propositions"": [""timer_e_armed_t1"", ""timer_e_deadline""], ""repository"": ""pjsip/pjproject"", ""commit"": ""bba95b8a95c0a9e8c1939166fd20083ae9e3e956"", ""path"": ""pjsip/src/pjsip/sip_transaction.c"", ""symbol"": ""tsx_on_state_null"", ""lines"": ""2460-2533"", ""url"": ""https://github.com/pjsip/pjproject/blob/bba95b8a95c0a9e8c1939166fd20083ae9e3e956/pjsip/src/pjsip/sip_transaction.c#L2460"", ""source_file_verified"": true, ""source_line_verified"": true, ""source_symbol_verified"": true}, {""mapping"": ""auxiliary:1"", ""role"": ""timer scheduling primitive"", ""event_predicate"": ""RAW post-schedule one-shot event emitted only after the correlated timer generation is successfully stored; carries arm_tick, configured_delay_ms, deadline_tick, timer_generation, role, and transport."", ""instrumentation_timing"": ""tsx_on_state_null 成功调度 Timer E 后发 timer_e_armed_t1；存储 deadline 到点发 timer_e_deadline；tsx_on_state_calling 的首个 1xx 成功取消旧 timer 并重设后发 rearmed AP，最终响应和 tsx_tp_state_callback 分别发对应 supersession AP。"", ""atomic_propositions"": [""timer_e_armed_t1"", ""timer_e_deadline""], ""repository"": ""pjsip/pjproject"", ""commit"": ""bba95b8a95c0a9e8c1939166fd20083ae9e3e956"", ""path"": ""pjsip/src/pjsip/sip_transaction.c"", ""symbol"": ""tsx_schedule_timer"", ""lines"": ""972-987"", ""url"": ""https://github.com/pjsip/pjproject/blob/bba95b8a95c0a9e8c1939166fd20083ae9e3e956/pjsip/src/pjsip/sip_transaction.c#L972"", ""source_file_verified"": true, ""source_line_verified"": true, ""source_symbol_verified"": true}, {""mapping"": ""auxiliary:5"", ""role"": ""runtime timer values"", ""event_predicate"": ""RAW post-schedule one-shot event emitted only after the correlated timer generation is successfully stored; carries arm_tick, configured_delay_ms, deadline_tick, timer_generation, role, and transport."", ""instrumentation_timing"": ""tsx_on_state_null 成功调度 Timer E 后发 timer_e_armed_t1；存储 deadline 到点发 timer_e_deadline；tsx_on_state_calling 的首个 1xx 成功取消旧 timer 并重设后发 rearmed AP，最终响应和 tsx_tp_state_callback 分别发对应 supersession AP。"", ""atomic_propositions"": [""timer_e_armed_t1"", ""timer_e_deadline""], ""repository"": ""pjsip/pjproject"", ""commit"": ""bba95b8a95c0a9e8c1939166fd20083ae9e3e956"", ""path"": ""pjsip/src/pjsip/sip_transaction.c"", ""symbol"": ""pjsip_tsx_layer_init_module"", ""lines"": ""432-454"", ""url"": ""https://github.com/pjsip/pjproject/blob/bba95b8a95c0a9e8c1939166fd20083ae9e3e956/pjsip/src/pjsip/sip_transaction.c#L432"", ""source_file_verified"": true, ""source_line_verified"": true, ""source_symbol_verified"": true}, {""mapping"": ""auxiliary:6"", ""role"": ""T1 default constant"", ""event_predicate"": ""RAW post-schedule one-shot event emitted only after the correlated timer generation is successfully stored; carries arm_tick, configured_delay_ms, deadline_tick, timer_generation, role, and transport."", ""instrumentation_timing"": ""tsx_on_state_null 成功调度 Timer E 后发 timer_e_armed_t1；存储 deadline 到点发 timer_e_deadline；tsx_on_state_calling 的首个 1xx 成功取消旧 timer 并重设后发 rearmed AP，最终响应和 tsx_tp_state_callback 分别发对应 supersession AP。"", ""atomic_propositions"": [""timer_e_armed_t1"", ""timer_e_deadline""], ""repository"": ""pjsip/pjproject"", ""commit"": ""bba95b8a95c0a9e8c1939166fd20083ae9e3e956"", ""path"": ""pjsip/include/pjsip/sip_config.h"", ""symbol"": ""PJSIP_T1_TIMEOUT"", ""lines"": ""1075-1077"", ""url"": ""https://github.com/pjsip/pjproject/blob/bba95b8a95c0a9e8c1939166fd20083ae9e3e956/pjsip/include/pjsip/sip_config.h#L1075"", ""source_file_verified"": true, ""source_line_verified"": true, ""source_symbol_verified"": true}]",{},tsx_on_state_null 成功调度 Timer E 后发 timer_e_armed_t1；存储 deadline 到点发 timer_e_deadline；tsx_on_state_calling 的首个 1xx 成功取消旧 timer 并重设后发 rearmed AP，最终响应和 tsx_tp_state_callback 分别发对应 supersession AP。,HYBRID
SIP,SIP-TX-07,timer_e_deadline,"DERIVED logical deadline at stored deadline_tick=arm_tick+configured_delay_ms for this timer_generation; not callback, send, or state transition; suppressed after cancellation.",session_id + top Via branch + CSeq number/method + transaction role; ACK additionally uses RFC matching; timer_generation separates every re-arm/reset,correlate first; exactly one obligation generation per finite word; dynamic identifiers remain event fields; supersession closes the old word before a new monitor is spawned,EXACTLY_ONE_TRIGGER_PER_PROJECTED_WORD; key=transaction_id+timer_kind+timer_generation; append a terminal position after the largest bounded deadline,"[{""mapping"": ""primary"", ""role"": ""primary property hook"", ""event_predicate"": ""DERIVED logical deadline at stored deadline_tick=arm_tick+configured_delay_ms for this timer_generation; not callback, send, or state transition; suppressed after cancellation."", ""instrumentation_timing"": ""tsx_on_state_null 成功调度 Timer E 后发 timer_e_armed_t1；存储 deadline 到点发 timer_e_deadline；tsx_on_state_calling 的首个 1xx 成功取消旧 timer 并重设后发 rearmed AP，最终响应和 tsx_tp_state_callback 分别发对应 supersession AP。"", ""atomic_propositions"": [""timer_e_armed_t1"", ""timer_e_deadline""], ""repository"": ""pjsip/pjproject"", ""commit"": ""bba95b8a95c0a9e8c1939166fd20083ae9e3e956"", ""path"": ""pjsip/src/pjsip/sip_transaction.c"", ""symbol"": ""tsx_on_state_null"", ""lines"": ""2460-2533"", ""url"": ""https://github.com/pjsip/pjproject/blob/bba95b8a95c0a9e8c1939166fd20083ae9e3e956/pjsip/src/pjsip/sip_transaction.c#L2460"", ""source_file_verified"": true, ""source_line_verified"": true, ""source_symbol_verified"": true}, {""mapping"": ""auxiliary:1"", ""role"": ""timer scheduling primitive"", ""event_predicate"": ""DERIVED logical deadline at stored deadline_tick=arm_tick+configured_delay_ms for this timer_generation; not callback, send, or state transition; suppressed after cancellation."", ""instrumentation_timing"": ""tsx_on_state_null 成功调度 Timer E 后发 timer_e_armed_t1；存储 deadline 到点发 timer_e_deadline；tsx_on_state_calling 的首个 1xx 成功取消旧 timer 并重设后发 rearmed AP，最终响应和 tsx_tp_state_callback 分别发对应 supersession AP。"", ""atomic_propositions"": [""timer_e_armed_t1"", ""timer_e_deadline""], ""repository"": ""pjsip/pjproject"", ""commit"": ""bba95b8a95c0a9e8c1939166fd20083ae9e3e956"", ""path"": ""pjsip/src/pjsip/sip_transaction.c"", ""symbol"": ""tsx_schedule_timer"", ""lines"": ""972-987"", ""url"": ""https://github.com/pjsip/pjproject/blob/bba95b8a95c0a9e8c1939166fd20083ae9e3e956/pjsip/src/pjsip/sip_transaction.c#L972"", ""source_file_verified"": true, ""source_line_verified"": true, ""source_symbol_verified"": true}, {""mapping"": ""auxiliary:2"", ""role"": ""timer callback dispatch"", ""event_predicate"": ""DERIVED logical deadline at stored deadline_tick=arm_tick+configured_delay_ms for this timer_generation; not callback, send, or state transition; suppressed after cancellation."", ""instrumentation_timing"": ""tsx_on_state_null 成功调度 Timer E 后发 timer_e_armed_t1；存储 deadline 到点发 timer_e_deadline；tsx_on_state_calling 的首个 1xx 成功取消旧 timer 并重设后发 rearmed AP，最终响应和 tsx_tp_state_callback 分别发对应 supersession AP。"", ""atomic_propositions"": [""timer_e_deadline""], ""repository"": ""pjsip/pjproject"", ""commit"": ""bba95b8a95c0a9e8c1939166fd20083ae9e3e956"", ""path"": ""pjsip/src/pjsip/sip_transaction.c"", ""symbol"": ""tsx_timer_callback"", ""lines"": ""1116-1195"", ""url"": ""https://github.com/pjsip/pjproject/blob/bba95b8a95c0a9e8c1939166fd20083ae9e3e956/pjsip/src/pjsip/sip_transaction.c#L1116"", ""source_file_verified"": true, ""source_line_verified"": true, ""source_symbol_verified"": true}, {""mapping"": ""auxiliary:5"", ""role"": ""runtime timer values"", ""event_predicate"": ""DERIVED logical deadline at stored deadline_tick=arm_tick+configured_delay_ms for this timer_generation; not callback, send, or state transition; suppressed after cancellation."", ""instrumentation_timing"": ""tsx_on_state_null 成功调度 Timer E 后发 timer_e_armed_t1；存储 deadline 到点发 timer_e_deadline；tsx_on_state_calling 的首个 1xx 成功取消旧 timer 并重设后发 rearmed AP，最终响应和 tsx_tp_state_callback 分别发对应 supersession AP。"", ""atomic_propositions"": [""timer_e_armed_t1"", ""timer_e_deadline""], ""repository"": ""pjsip/pjproject"", ""commit"": ""bba95b8a95c0a9e8c1939166fd20083ae9e3e956"", ""path"": ""pjsip/src/pjsip/sip_transaction.c"", ""symbol"": ""pjsip_tsx_layer_init_module"", ""lines"": ""432-454"", ""url"": ""https://github.com/pjsip/pjproject/blob/bba95b8a95c0a9e8c1939166fd20083ae9e3e956/pjsip/src/pjsip/sip_transaction.c#L432"", ""source_file_verified"": true, ""source_line_verified"": true, ""source_symbol_verified"": true}, {""mapping"": ""auxiliary:6"", ""role"": ""T1 default constant"", ""event_predicate"": ""DERIVED logical deadline at stored deadline_tick=arm_tick+configured_delay_ms for this timer_generation; not callback, send, or state transition; suppressed after cancellation."", ""instrumentation_timing"": ""tsx_on_state_null 成功调度 Timer E 后发 timer_e_armed_t1；存储 deadline 到点发 timer_e_deadline；tsx_on_state_calling 的首个 1xx 成功取消旧 timer 并重设后发 rearmed AP，最终响应和 tsx_tp_state_callback 分别发对应 supersession AP。"", ""atomic_propositions"": [""timer_e_armed_t1"", ""timer_e_deadline""], ""repository"": ""pjsip/pjproject"", ""commit"": ""bba95b8a95c0a9e8c1939166fd20083ae9e3e956"", ""path"": ""pjsip/include/pjsip/sip_config.h"", ""symbol"": ""PJSIP_T1_TIMEOUT"", ""lines"": ""1075-1077"", ""url"": ""https://github.com/pjsip/pjproject/blob/bba95b8a95c0a9e8c1939166fd20083ae9e3e956/pjsip/include/pjsip/sip_config.h#L1075"", ""source_file_verified"": true, ""source_line_verified"": true, ""source_symbol_verified"": true}]",{},tsx_on_state_null 成功调度 Timer E 后发 timer_e_armed_t1；存储 deadline 到点发 timer_e_deadline；tsx_on_state_calling 的首个 1xx 成功取消旧 timer 并重设后发 rearmed AP，最终响应和 tsx_tp_state_callback 分别发对应 supersession AP。,HYBRID
SIP,SIP-TX-07,timer_e_rearmed_on_first_1xx,"RAW post-schedule one-shot event emitted only after the correlated timer generation is successfully stored; carries arm_tick, configured_delay_ms, deadline_tick, timer_generation, role, and transport.",session_id + top Via branch + CSeq number/method + transaction role; ACK additionally uses RFC matching; timer_generation separates every re-arm/reset,correlate first; exactly one obligation generation per finite word; dynamic identifiers remain event fields; supersession closes the old word before a new monitor is spawned,EXACTLY_ONE_TRIGGER_PER_PROJECTED_WORD; key=transaction_id+timer_kind+timer_generation; append a terminal position after the largest bounded deadline,"[{""mapping"": ""auxiliary:3"", ""role"": ""Calling response/cancel/timeout paths"", ""event_predicate"": ""RAW post-schedule one-shot event emitted only after the correlated timer generation is successfully stored; carries arm_tick, configured_delay_ms, deadline_tick, timer_generation, role, and transport."", ""instrumentation_timing"": ""tsx_on_state_null 成功调度 Timer E 后发 timer_e_armed_t1；存储 deadline 到点发 timer_e_deadline；tsx_on_state_calling 的首个 1xx 成功取消旧 timer 并重设后发 rearmed AP，最终响应和 tsx_tp_state_callback 分别发对应 supersession AP。"", ""atomic_propositions"": [""timer_e_rearmed_on_first_1xx"", ""noninvite_final_response_received""], ""repository"": ""pjsip/pjproject"", ""commit"": ""bba95b8a95c0a9e8c1939166fd20083ae9e3e956"", ""path"": ""pjsip/src/pjsip/sip_transaction.c"", ""symbol"": ""tsx_on_state_calling"", ""lines"": ""2540-2651"", ""url"": ""https://github.com/pjsip/pjproject/blob/bba95b8a95c0a9e8c1939166fd20083ae9e3e956/pjsip/src/pjsip/sip_transaction.c#L2540"", ""source_file_verified"": true, ""source_line_verified"": true, ""source_symbol_verified"": true}]",{},tsx_on_state_null 成功调度 Timer E 后发 timer_e_armed_t1；存储 deadline 到点发 timer_e_deadline；tsx_on_state_calling 的首个 1xx 成功取消旧 timer 并重设后发 rearmed AP，最终响应和 tsx_tp_state_callback 分别发对应 supersession AP。,HYBRID
SIP,SIP-TX-07,noninvite_final_response_received,RAW/LATCHED correlated SIP response/state outcome at receive/transition tick; closes or replaces this timer generation as specified.,session_id + top Via branch + CSeq number/method + transaction role; ACK additionally uses RFC matching; timer_generation separates every re-arm/reset,correlate first; exactly one obligation generation per finite word; dynamic identifiers remain event fields; supersession closes the old word before a new monitor is spawned,EXACTLY_ONE_TRIGGER_PER_PROJECTED_WORD; key=transaction_id+timer_kind+timer_generation; append a terminal position after the largest bounded deadline,"[{""mapping"": ""auxiliary:3"", ""role"": ""Calling response/cancel/timeout paths"", ""event_predicate"": ""RAW/LATCHED correlated SIP response/state outcome at receive/transition tick; closes or replaces this timer generation as specified."", ""instrumentation_timing"": ""tsx_on_state_null 成功调度 Timer E 后发 timer_e_armed_t1；存储 deadline 到点发 timer_e_deadline；tsx_on_state_calling 的首个 1xx 成功取消旧 timer 并重设后发 rearmed AP，最终响应和 tsx_tp_state_callback 分别发对应 supersession AP。"", ""atomic_propositions"": [""timer_e_rearmed_on_first_1xx"", ""noninvite_final_response_received""], ""repository"": ""pjsip/pjproject"", ""commit"": ""bba95b8a95c0a9e8c1939166fd20083ae9e3e956"", ""path"": ""pjsip/src/pjsip/sip_transaction.c"", ""symbol"": ""tsx_on_state_calling"", ""lines"": ""2540-2651"", ""url"": ""https://github.com/pjsip/pjproject/blob/bba95b8a95c0a9e8c1939166fd20083ae9e3e956/pjsip/src/pjsip/sip_transaction.c#L2540"", ""source_file_verified"": true, ""source_line_verified"": true, ""source_symbol_verified"": true}]",{},tsx_on_state_null 成功调度 Timer E 后发 timer_e_armed_t1；存储 deadline 到点发 timer_e_deadline；tsx_on_state_calling 的首个 1xx 成功取消旧 timer 并重设后发 rearmed AP，最终响应和 tsx_tp_state_callback 分别发对应 supersession AP。,HYBRID
SIP,SIP-TX-07,noninvite_transport_error,RAW correlated unrecoverable transport-failure cause at its actual callback/state-transition tick; never inferred from a missing packet.,session_id + top Via branch + CSeq number/method + transaction role; ACK additionally uses RFC matching; timer_generation separates every re-arm/reset,correlate first; exactly one obligation generation per finite word; dynamic identifiers remain event fields; supersession closes the old word before a new monitor is spawned,EXACTLY_ONE_TRIGGER_PER_PROJECTED_WORD; key=transaction_id+timer_kind+timer_generation; append a terminal position after the largest bounded deadline,"[{""mapping"": ""auxiliary:4"", ""role"": ""transport error/completion paths"", ""event_predicate"": ""RAW correlated unrecoverable transport-failure cause at its actual callback/state-transition tick; never inferred from a missing packet."", ""instrumentation_timing"": ""tsx_on_state_null 成功调度 Timer E 后发 timer_e_armed_t1；存储 deadline 到点发 timer_e_deadline；tsx_on_state_calling 的首个 1xx 成功取消旧 timer 并重设后发 rearmed AP，最终响应和 tsx_tp_state_callback 分别发对应 supersession AP。"", ""atomic_propositions"": [""noninvite_transport_error""], ""repository"": ""pjsip/pjproject"", ""commit"": ""bba95b8a95c0a9e8c1939166fd20083ae9e3e956"", ""path"": ""pjsip/src/pjsip/sip_transaction.c"", ""symbol"": ""tsx_tp_state_callback"", ""lines"": ""2110-2137"", ""url"": ""https://github.com/pjsip/pjproject/blob/bba95b8a95c0a9e8c1939166fd20083ae9e3e956/pjsip/src/pjsip/sip_transaction.c#L2110"", ""source_file_verified"": true, ""source_line_verified"": true, ""source_symbol_verified"": true}]",{},tsx_on_state_null 成功调度 Timer E 后发 timer_e_armed_t1；存储 deadline 到点发 timer_e_deadline；tsx_on_state_calling 的首个 1xx 成功取消旧 timer 并重设后发 rearmed AP，最终响应和 tsx_tp_state_callback 分别发对应 supersession AP。,HYBRID
SIP,SIP-TX-09,timer_e_rearmed_2t1,"RAW post-schedule one-shot event emitted only after the correlated timer generation is successfully stored; carries arm_tick, configured_delay_ms, deadline_tick, timer_generation, role, and transport.",session_id + top Via branch + CSeq number/method + transaction role; ACK additionally uses RFC matching; timer_generation separates every re-arm/reset,correlate first; exactly one obligation generation per finite word; dynamic identifiers remain event fields; supersession closes the old word before a new monitor is spawned,EXACTLY_ONE_TRIGGER_PER_PROJECTED_WORD; key=transaction_id+timer_kind+timer_generation; append a terminal position after the largest bounded deadline,"[{""mapping"": ""primary"", ""role"": ""primary property hook"", ""event_predicate"": ""RAW post-schedule one-shot event emitted only after the correlated timer generation is successfully stored; carries arm_tick, configured_delay_ms, deadline_tick, timer_generation, role, and transport."", ""instrumentation_timing"": ""tsx_resched_retransmission 成功存入 2*T1 generation 后发 timer_e_rearmed_2t1；存储到期发 timer_e_deadline；Calling 首个 1xx 重设、最终响应和 transport callback 分别关闭旧 generation，不能沿用 callback/send 时间。"", ""atomic_propositions"": [""timer_e_rearmed_2t1"", ""timer_e_deadline""], ""repository"": ""pjsip/pjproject"", ""commit"": ""bba95b8a95c0a9e8c1939166fd20083ae9e3e956"", ""path"": ""pjsip/src/pjsip/sip_transaction.c"", ""symbol"": ""tsx_resched_retransmission"", ""lines"": ""2336-2378"", ""url"": ""https://github.com/pjsip/pjproject/blob/bba95b8a95c0a9e8c1939166fd20083ae9e3e956/pjsip/src/pjsip/sip_transaction.c#L2336"", ""source_file_verified"": true, ""source_line_verified"": true, ""source_symbol_verified"": true}, {""mapping"": ""auxiliary:1"", ""role"": ""re-arm and protocol retransmission path"", ""event_predicate"": ""RAW post-schedule one-shot event emitted only after the correlated timer generation is successfully stored; carries arm_tick, configured_delay_ms, deadline_tick, timer_generation, role, and transport."", ""instrumentation_timing"": ""tsx_resched_retransmission 成功存入 2*T1 generation 后发 timer_e_rearmed_2t1；存储到期发 timer_e_deadline；Calling 首个 1xx 重设、最终响应和 transport callback 分别关闭旧 generation，不能沿用 callback/send 时间。"", ""atomic_propositions"": [""timer_e_rearmed_2t1"", ""timer_e_deadline""], ""repository"": ""pjsip/pjproject"", ""commit"": ""bba95b8a95c0a9e8c1939166fd20083ae9e3e956"", ""path"": ""pjsip/src/pjsip/sip_transaction.c"", ""symbol"": ""tsx_retransmit"", ""lines"": ""2383-2425"", ""url"": ""https://github.com/pjsip/pjproject/blob/bba95b8a95c0a9e8c1939166fd20083ae9e3e956/pjsip/src/pjsip/sip_transaction.c#L2383"", ""source_file_verified"": true, ""source_line_verified"": true, ""source_symbol_verified"": true}, {""mapping"": ""auxiliary:5"", ""role"": ""runtime timer values"", ""event_predicate"": ""RAW post-schedule one-shot event emitted only after the correlated timer generation is successfully stored; carries arm_tick, configured_delay_ms, deadline_tick, timer_generation, role, and transport."", ""instrumentation_timing"": ""tsx_resched_retransmission 成功存入 2*T1 generation 后发 timer_e_rearmed_2t1；存储到期发 timer_e_deadline；Calling 首个 1xx 重设、最终响应和 transport callback 分别关闭旧 generation，不能沿用 callback/send 时间。"", ""atomic_propositions"": [""timer_e_rearmed_2t1"", ""timer_e_deadline""], ""repository"": ""pjsip/pjproject"", ""commit"": ""bba95b8a95c0a9e8c1939166fd20083ae9e3e956"", ""path"": ""pjsip/src/pjsip/sip_transaction.c"", ""symbol"": ""pjsip_tsx_layer_init_module"", ""lines"": ""432-454"", ""url"": ""https://github.com/pjsip/pjproject/blob/bba95b8a95c0a9e8c1939166fd20083ae9e3e956/pjsip/src/pjsip/sip_transaction.c#L432"", ""source_file_verified"": true, ""source_line_verified"": true, ""source_symbol_verified"": true}, {""mapping"": ""auxiliary:6"", ""role"": ""T1 default constant"", ""event_predicate"": ""RAW post-schedule one-shot event emitted only after the correlated timer generation is successfully stored; carries arm_tick, configured_delay_ms, deadline_tick, timer_generation, role, and transport."", ""instrumentation_timing"": ""tsx_resched_retransmission 成功存入 2*T1 generation 后发 timer_e_rearmed_2t1；存储到期发 timer_e_deadline；Calling 首个 1xx 重设、最终响应和 transport callback 分别关闭旧 generation，不能沿用 callback/send 时间。"", ""atomic_propositions"": [""timer_e_rearmed_2t1"", ""timer_e_deadline""], ""repository"": ""pjsip/pjproject"", ""commit"": ""bba95b8a95c0a9e8c1939166fd20083ae9e3e956"", ""path"": ""pjsip/include/pjsip/sip_config.h"", ""symbol"": ""PJSIP_T1_TIMEOUT"", ""lines"": ""1075-1077"", ""url"": ""https://github.com/pjsip/pjproject/blob/bba95b8a95c0a9e8c1939166fd20083ae9e3e956/pjsip/include/pjsip/sip_config.h#L1075"", ""source_file_verified"": true, ""source_line_verified"": true, ""source_symbol_verified"": true}, {""mapping"": ""auxiliary:7"", ""role"": ""T2 default constant"", ""event_predicate"": ""RAW post-schedule one-shot event emitted only after the correlated timer generation is successfully stored; carries arm_tick, configured_delay_ms, deadline_tick, timer_generation, role, and transport."", ""instrumentation_timing"": ""tsx_resched_retransmission 成功存入 2*T1 generation 后发 timer_e_rearmed_2t1；存储到期发 timer_e_deadline；Calling 首个 1xx 重设、最终响应和 transport callback 分别关闭旧 generation，不能沿用 callback/send 时间。"", ""atomic_propositions"": [""timer_e_rearmed_2t1"", ""timer_e_deadline""], ""repository"": ""pjsip/pjproject"", ""commit"": ""bba95b8a95c0a9e8c1939166fd20083ae9e3e956"", ""path"": ""pjsip/include/pjsip/sip_config.h"", ""symbol"": ""PJSIP_T2_TIMEOUT"", ""lines"": ""1079-1082"", ""url"": ""https://github.com/pjsip/pjproject/blob/bba95b8a95c0a9e8c1939166fd20083ae9e3e956/pjsip/include/pjsip/sip_config.h#L1079"", ""source_file_verified"": true, ""source_line_verified"": true, ""source_symbol_verified"": true}]",{},tsx_resched_retransmission 成功存入 2*T1 generation 后发 timer_e_rearmed_2t1；存储到期发 timer_e_deadline；Calling 首个 1xx 重设、最终响应和 transport callback 分别关闭旧 generation，不能沿用 callback/send 时间。,HYBRID
SIP,SIP-TX-09,timer_e_deadline,"DERIVED logical deadline at stored deadline_tick=arm_tick+configured_delay_ms for this timer_generation; not callback, send, or state transition; suppressed after cancellation.",session_id + top Via branch + CSeq number/method + transaction role; ACK additionally uses RFC matching; timer_generation separates every re-arm/reset,correlate first; exactly one obligation generation per finite word; dynamic identifiers remain event fields; supersession closes the old word before a new monitor is spawned,EXACTLY_ONE_TRIGGER_PER_PROJECTED_WORD; key=transaction_id+timer_kind+timer_generation; append a terminal position after the largest bounded deadline,"[{""mapping"": ""primary"", ""role"": ""primary property hook"", ""event_predicate"": ""DERIVED logical deadline at stored deadline_tick=arm_tick+configured_delay_ms for this timer_generation; not callback, send, or state transition; suppressed after cancellation."", ""instrumentation_timing"": ""tsx_resched_retransmission 成功存入 2*T1 generation 后发 timer_e_rearmed_2t1；存储到期发 timer_e_deadline；Calling 首个 1xx 重设、最终响应和 transport callback 分别关闭旧 generation，不能沿用 callback/send 时间。"", ""atomic_propositions"": [""timer_e_rearmed_2t1"", ""timer_e_deadline""], ""repository"": ""pjsip/pjproject"", ""commit"": ""bba95b8a95c0a9e8c1939166fd20083ae9e3e956"", ""path"": ""pjsip/src/pjsip/sip_transaction.c"", ""symbol"": ""tsx_resched_retransmission"", ""lines"": ""2336-2378"", ""url"": ""https://github.com/pjsip/pjproject/blob/bba95b8a95c0a9e8c1939166fd20083ae9e3e956/pjsip/src/pjsip/sip_transaction.c#L2336"", ""source_file_verified"": true, ""source_line_verified"": true, ""source_symbol_verified"": true}, {""mapping"": ""auxiliary:1"", ""role"": ""re-arm and protocol retransmission path"", ""event_predicate"": ""DERIVED logical deadline at stored deadline_tick=arm_tick+configured_delay_ms for this timer_generation; not callback, send, or state transition; suppressed after cancellation."", ""instrumentation_timing"": ""tsx_resched_retransmission 成功存入 2*T1 generation 后发 timer_e_rearmed_2t1；存储到期发 timer_e_deadline；Calling 首个 1xx 重设、最终响应和 transport callback 分别关闭旧 generation，不能沿用 callback/send 时间。"", ""atomic_propositions"": [""timer_e_rearmed_2t1"", ""timer_e_deadline""], ""repository"": ""pjsip/pjproject"", ""commit"": ""bba95b8a95c0a9e8c1939166fd20083ae9e3e956"", ""path"": ""pjsip/src/pjsip/sip_transaction.c"", ""symbol"": ""tsx_retransmit"", ""lines"": ""2383-2425"", ""url"": ""https://github.com/pjsip/pjproject/blob/bba95b8a95c0a9e8c1939166fd20083ae9e3e956/pjsip/src/pjsip/sip_transaction.c#L2383"", ""source_file_verified"": true, ""source_line_verified"": true, ""source_symbol_verified"": true}, {""mapping"": ""auxiliary:4"", ""role"": ""timer callback dispatch"", ""event_predicate"": ""DERIVED logical deadline at stored deadline_tick=arm_tick+configured_delay_ms for this timer_generation; not callback, send, or state transition; suppressed after cancellation."", ""instrumentation_timing"": ""tsx_resched_retransmission 成功存入 2*T1 generation 后发 timer_e_rearmed_2t1；存储到期发 timer_e_deadline；Calling 首个 1xx 重设、最终响应和 transport callback 分别关闭旧 generation，不能沿用 callback/send 时间。"", ""atomic_propositions"": [""timer_e_deadline""], ""repository"": ""pjsip/pjproject"", ""commit"": ""bba95b8a95c0a9e8c1939166fd20083ae9e3e956"", ""path"": ""pjsip/src/pjsip/sip_transaction.c"", ""symbol"": ""tsx_timer_callback"", ""lines"": ""1116-1195"", ""url"": ""https://github.com/pjsip/pjproject/blob/bba95b8a95c0a9e8c1939166fd20083ae9e3e956/pjsip/src/pjsip/sip_transaction.c#L1116"", ""source_file_verified"": true, ""source_line_verified"": true, ""source_symbol_verified"": true}, {""mapping"": ""auxiliary:5"", ""role"": ""runtime timer values"", ""event_predicate"": ""DERIVED logical deadline at stored deadline_tick=arm_tick+configured_delay_ms for this timer_generation; not callback, send, or state transition; suppressed after cancellation."", ""instrumentation_timing"": ""tsx_resched_retransmission 成功存入 2*T1 generation 后发 timer_e_rearmed_2t1；存储到期发 timer_e_deadline；Calling 首个 1xx 重设、最终响应和 transport callback 分别关闭旧 generation，不能沿用 callback/send 时间。"", ""atomic_propositions"": [""timer_e_rearmed_2t1"", ""timer_e_deadline""], ""repository"": ""pjsip/pjproject"", ""commit"": ""bba95b8a95c0a9e8c1939166fd20083ae9e3e956"", ""path"": ""pjsip/src/pjsip/sip_transaction.c"", ""symbol"": ""pjsip_tsx_layer_init_module"", ""lines"": ""432-454"", ""url"": ""https://github.com/pjsip/pjproject/blob/bba95b8a95c0a9e8c1939166fd20083ae9e3e956/pjsip/src/pjsip/sip_transaction.c#L432"", ""source_file_verified"": true, ""source_line_verified"": true, ""source_symbol_verified"": true}, {""mapping"": ""auxiliary:6"", ""role"": ""T1 default constant"", ""event_predicate"": ""DERIVED logical deadline at stored deadline_tick=arm_tick+configured_delay_ms for this timer_generation; not callback, send, or state transition; suppressed after cancellation."", ""instrumentation_timing"": ""tsx_resched_retransmission 成功存入 2*T1 generation 后发 timer_e_rearmed_2t1；存储到期发 timer_e_deadline；Calling 首个 1xx 重设、最终响应和 transport callback 分别关闭旧 generation，不能沿用 callback/send 时间。"", ""atomic_propositions"": [""timer_e_rearmed_2t1"", ""timer_e_deadline""], ""repository"": ""pjsip/pjproject"", ""commit"": ""bba95b8a95c0a9e8c1939166fd20083ae9e3e956"", ""path"": ""pjsip/include/pjsip/sip_config.h"", ""symbol"": ""PJSIP_T1_TIMEOUT"", ""lines"": ""1075-1077"", ""url"": ""https://github.com/pjsip/pjproject/blob/bba95b8a95c0a9e8c1939166fd20083ae9e3e956/pjsip/include/pjsip/sip_config.h#L1075"", ""source_file_verified"": true, ""source_line_verified"": true, ""source_symbol_verified"": true}, {""mapping"": ""auxiliary:7"", ""role"": ""T2 default constant"", ""event_predicate"": ""DERIVED logical deadline at stored deadline_tick=arm_tick+configured_delay_ms for this timer_generation; not callback, send, or state transition; suppressed after cancellation."", ""instrumentation_timing"": ""tsx_resched_retransmission 成功存入 2*T1 generation 后发 timer_e_rearmed_2t1；存储到期发 timer_e_deadline；Calling 首个 1xx 重设、最终响应和 transport callback 分别关闭旧 generation，不能沿用 callback/send 时间。"", ""atomic_propositions"": [""timer_e_rearmed_2t1"", ""timer_e_deadline""], ""repository"": ""pjsip/pjproject"", ""commit"": ""bba95b8a95c0a9e8c1939166fd20083ae9e3e956"", ""path"": ""pjsip/include/pjsip/sip_config.h"", ""symbol"": ""PJSIP_T2_TIMEOUT"", ""lines"": ""1079-1082"", ""url"": ""https://github.com/pjsip/pjproject/blob/bba95b8a95c0a9e8c1939166fd20083ae9e3e956/pjsip/include/pjsip/sip_config.h#L1079"", ""source_file_verified"": true, ""source_line_verified"": true, ""source_symbol_verified"": true}]",{},tsx_resched_retransmission 成功存入 2*T1 generation 后发 timer_e_rearmed_2t1；存储到期发 timer_e_deadline；Calling 首个 1xx 重设、最终响应和 transport callback 分别关闭旧 generation，不能沿用 callback/send 时间。,HYBRID
SIP,SIP-TX-09,timer_e_rearmed_on_first_1xx,"RAW post-schedule one-shot event emitted only after the correlated timer generation is successfully stored; carries arm_tick, configured_delay_ms, deadline_tick, timer_generation, role, and transport.",session_id + top Via branch + CSeq number/method + transaction role; ACK additionally uses RFC matching; timer_generation separates every re-arm/reset,correlate first; exactly one obligation generation per finite word; dynamic identifiers remain event fields; supersession closes the old word before a new monitor is spawned,EXACTLY_ONE_TRIGGER_PER_PROJECTED_WORD; key=transaction_id+timer_kind+timer_generation; append a terminal position after the largest bounded deadline,"[{""mapping"": ""auxiliary:2"", ""role"": ""Calling response/cancel/timeout paths"", ""event_predicate"": ""RAW post-schedule one-shot event emitted only after the correlated timer generation is successfully stored; carries arm_tick, configured_delay_ms, deadline_tick, timer_generation, role, and transport."", ""instrumentation_timing"": ""tsx_resched_retransmission 成功存入 2*T1 generation 后发 timer_e_rearmed_2t1；存储到期发 timer_e_deadline；Calling 首个 1xx 重设、最终响应和 transport callback 分别关闭旧 generation，不能沿用 callback/send 时间。"", ""atomic_propositions"": [""timer_e_rearmed_on_first_1xx"", ""noninvite_final_response_received""], ""repository"": ""pjsip/pjproject"", ""commit"": ""bba95b8a95c0a9e8c1939166fd20083ae9e3e956"", ""path"": ""pjsip/src/pjsip/sip_transaction.c"", ""symbol"": ""tsx_on_state_calling"", ""lines"": ""2540-2651"", ""url"": ""https://github.com/pjsip/pjproject/blob/bba95b8a95c0a9e8c1939166fd20083ae9e3e956/pjsip/src/pjsip/sip_transaction.c#L2540"", ""source_file_verified"": true, ""source_line_verified"": true, ""source_symbol_verified"": true}]",{},tsx_resched_retransmission 成功存入 2*T1 generation 后发 timer_e_rearmed_2t1；存储到期发 timer_e_deadline；Calling 首个 1xx 重设、最终响应和 transport callback 分别关闭旧 generation，不能沿用 callback/send 时间。,HYBRID
SIP,SIP-TX-09,noninvite_final_response_received,RAW/LATCHED correlated SIP response/state outcome at receive/transition tick; closes or replaces this timer generation as specified.,session_id + top Via branch + CSeq number/method + transaction role; ACK additionally uses RFC matching; timer_generation separates every re-arm/reset,correlate first; exactly one obligation generation per finite word; dynamic identifiers remain event fields; supersession closes the old word before a new monitor is spawned,EXACTLY_ONE_TRIGGER_PER_PROJECTED_WORD; key=transaction_id+timer_kind+timer_generation; append a terminal position after the largest bounded deadline,"[{""mapping"": ""auxiliary:2"", ""role"": ""Calling response/cancel/timeout paths"", ""event_predicate"": ""RAW/LATCHED correlated SIP response/state outcome at receive/transition tick; closes or replaces this timer generation as specified."", ""instrumentation_timing"": ""tsx_resched_retransmission 成功存入 2*T1 generation 后发 timer_e_rearmed_2t1；存储到期发 timer_e_deadline；Calling 首个 1xx 重设、最终响应和 transport callback 分别关闭旧 generation，不能沿用 callback/send 时间。"", ""atomic_propositions"": [""timer_e_rearmed_on_first_1xx"", ""noninvite_final_response_received""], ""repository"": ""pjsip/pjproject"", ""commit"": ""bba95b8a95c0a9e8c1939166fd20083ae9e3e956"", ""path"": ""pjsip/src/pjsip/sip_transaction.c"", ""symbol"": ""tsx_on_state_calling"", ""lines"": ""2540-2651"", ""url"": ""https://github.com/pjsip/pjproject/blob/bba95b8a95c0a9e8c1939166fd20083ae9e3e956/pjsip/src/pjsip/sip_transaction.c#L2540"", ""source_file_verified"": true, ""source_line_verified"": true, ""source_symbol_verified"": true}]",{},tsx_resched_retransmission 成功存入 2*T1 generation 后发 timer_e_rearmed_2t1；存储到期发 timer_e_deadline；Calling 首个 1xx 重设、最终响应和 transport callback 分别关闭旧 generation，不能沿用 callback/send 时间。,HYBRID
SIP,SIP-TX-09,noninvite_transport_error,RAW correlated unrecoverable transport-failure cause at its actual callback/state-transition tick; never inferred from a missing packet.,session_id + top Via branch + CSeq number/method + transaction role; ACK additionally uses RFC matching; timer_generation separates every re-arm/reset,correlate first; exactly one obligation generation per finite word; dynamic identifiers remain event fields; supersession closes the old word before a new monitor is spawned,EXACTLY_ONE_TRIGGER_PER_PROJECTED_WORD; key=transaction_id+timer_kind+timer_generation; append a terminal position after the largest bounded deadline,"[{""mapping"": ""auxiliary:3"", ""role"": ""transport error/completion paths"", ""event_predicate"": ""RAW correlated unrecoverable transport-failure cause at its actual callback/state-transition tick; never inferred from a missing packet."", ""instrumentation_timing"": ""tsx_resched_retransmission 成功存入 2*T1 generation 后发 timer_e_rearmed_2t1；存储到期发 timer_e_deadline；Calling 首个 1xx 重设、最终响应和 transport callback 分别关闭旧 generation，不能沿用 callback/send 时间。"", ""atomic_propositions"": [""noninvite_transport_error""], ""repository"": ""pjsip/pjproject"", ""commit"": ""bba95b8a95c0a9e8c1939166fd20083ae9e3e956"", ""path"": ""pjsip/src/pjsip/sip_transaction.c"", ""symbol"": ""tsx_tp_state_callback"", ""lines"": ""2110-2137"", ""url"": ""https://github.com/pjsip/pjproject/blob/bba95b8a95c0a9e8c1939166fd20083ae9e3e956/pjsip/src/pjsip/sip_transaction.c#L2110"", ""source_file_verified"": true, ""source_line_verified"": true, ""source_symbol_verified"": true}]",{},tsx_resched_retransmission 成功存入 2*T1 generation 后发 timer_e_rearmed_2t1；存储到期发 timer_e_deadline；Calling 首个 1xx 重设、最终响应和 transport callback 分别关闭旧 generation，不能沿用 callback/send 时间。,HYBRID
SIP,SIP-TX-10,timer_e_fired_in_proceeding_and_rearmed_t2,"RAW post-schedule one-shot event emitted only after the correlated timer generation is successfully stored; carries arm_tick, configured_delay_ms, deadline_tick, timer_generation, role, and transport.",session_id + top Via branch + CSeq number/method + transaction role; ACK additionally uses RFC matching; timer_generation separates every re-arm/reset,correlate first; exactly one obligation generation per finite word; dynamic identifiers remain event fields; supersession closes the old word before a new monitor is spawned,EXACTLY_ONE_TRIGGER_PER_PROJECTED_WORD; key=transaction_id+timer_kind+timer_generation; append a terminal position after the largest bounded deadline,"[{""mapping"": ""primary"", ""role"": ""primary property hook"", ""event_predicate"": ""RAW post-schedule one-shot event emitted only after the correlated timer generation is successfully stored; carries arm_tick, configured_delay_ms, deadline_tick, timer_generation, role, and transport."", ""instrumentation_timing"": ""仅当 tsx_on_state_proceeding_uac 处理 Timer-E callback 且 tsx_resched_retransmission 成功存入 T2 后发 timer_e_fired_in_proceeding_and_rearmed_t2；新 deadline 独立派生；最终响应或 transport callback 发 supersession AP。"", ""atomic_propositions"": [""timer_e_fired_in_proceeding_and_rearmed_t2"", ""timer_e_deadline"", ""noninvite_final_response_received""], ""repository"": ""pjsip/pjproject"", ""commit"": ""bba95b8a95c0a9e8c1939166fd20083ae9e3e956"", ""path"": ""pjsip/src/pjsip/sip_transaction.c"", ""symbol"": ""tsx_on_state_proceeding_uac"", ""lines"": ""2973-3205"", ""url"": ""https://github.com/pjsip/pjproject/blob/bba95b8a95c0a9e8c1939166fd20083ae9e3e956/pjsip/src/pjsip/sip_transaction.c#L2973"", ""source_file_verified"": true, ""source_line_verified"": true, ""source_symbol_verified"": true}, {""mapping"": ""auxiliary:1"", ""role"": ""doubling/cap computation"", ""event_predicate"": ""RAW post-schedule one-shot event emitted only after the correlated timer generation is successfully stored; carries arm_tick, configured_delay_ms, deadline_tick, timer_generation, role, and transport."", ""instrumentation_timing"": ""仅当 tsx_on_state_proceeding_uac 处理 Timer-E callback 且 tsx_resched_retransmission 成功存入 T2 后发 timer_e_fired_in_proceeding_and_rearmed_t2；新 deadline 独立派生；最终响应或 transport callback 发 supersession AP。"", ""atomic_propositions"": [""timer_e_fired_in_proceeding_and_rearmed_t2"", ""timer_e_deadline""], ""repository"": ""pjsip/pjproject"", ""commit"": ""bba95b8a95c0a9e8c1939166fd20083ae9e3e956"", ""path"": ""pjsip/src/pjsip/sip_transaction.c"", ""symbol"": ""tsx_resched_retransmission"", ""lines"": ""2336-2378"", ""url"": ""https://github.com/pjsip/pjproject/blob/bba95b8a95c0a9e8c1939166fd20083ae9e3e956/pjsip/src/pjsip/sip_transaction.c#L2336"", ""source_file_verified"": true, ""source_line_verified"": true, ""source_symbol_verified"": true}, {""mapping"": ""auxiliary:2"", ""role"": ""re-arm and protocol retransmission path"", ""event_predicate"": ""RAW post-schedule one-shot event emitted only after the correlated timer generation is successfully stored; carries arm_tick, configured_delay_ms, deadline_tick, timer_generation, role, and transport."", ""instrumentation_timing"": ""仅当 tsx_on_state_proceeding_uac 处理 Timer-E callback 且 tsx_resched_retransmission 成功存入 T2 后发 timer_e_fired_in_proceeding_and_rearmed_t2；新 deadline 独立派生；最终响应或 transport callback 发 supersession AP。"", ""atomic_propositions"": [""timer_e_fired_in_proceeding_and_rearmed_t2"", ""timer_e_deadline""], ""repository"": ""pjsip/pjproject"", ""commit"": ""bba95b8a95c0a9e8c1939166fd20083ae9e3e956"", ""path"": ""pjsip/src/pjsip/sip_transaction.c"", ""symbol"": ""tsx_retransmit"", ""lines"": ""2383-2425"", ""url"": ""https://github.com/pjsip/pjproject/blob/bba95b8a95c0a9e8c1939166fd20083ae9e3e956/pjsip/src/pjsip/sip_transaction.c#L2383"", ""source_file_verified"": true, ""source_line_verified"": true, ""source_symbol_verified"": true}, {""mapping"": ""auxiliary:5"", ""role"": ""runtime timer values"", ""event_predicate"": ""RAW post-schedule one-shot event emitted only after the correlated timer generation is successfully stored; carries arm_tick, configured_delay_ms, deadline_tick, timer_generation, role, and transport."", ""instrumentation_timing"": ""仅当 tsx_on_state_proceeding_uac 处理 Timer-E callback 且 tsx_resched_retransmission 成功存入 T2 后发 timer_e_fired_in_proceeding_and_rearmed_t2；新 deadline 独立派生；最终响应或 transport callback 发 supersession AP。"", ""atomic_propositions"": [""timer_e_fired_in_proceeding_and_rearmed_t2"", ""timer_e_deadline""], ""repository"": ""pjsip/pjproject"", ""commit"": ""bba95b8a95c0a9e8c1939166fd20083ae9e3e956"", ""path"": ""pjsip/src/pjsip/sip_transaction.c"", ""symbol"": ""pjsip_tsx_layer_init_module"", ""lines"": ""432-454"", ""url"": ""https://github.com/pjsip/pjproject/blob/bba95b8a95c0a9e8c1939166fd20083ae9e3e956/pjsip/src/pjsip/sip_transaction.c#L432"", ""source_file_verified"": true, ""source_line_verified"": true, ""source_symbol_verified"": true}, {""mapping"": ""auxiliary:6"", ""role"": ""T2 default constant"", ""event_predicate"": ""RAW post-schedule one-shot event emitted only after the correlated timer generation is successfully stored; carries arm_tick, configured_delay_ms, deadline_tick, timer_generation, role, and transport."", ""instrumentation_timing"": ""仅当 tsx_on_state_proceeding_uac 处理 Timer-E callback 且 tsx_resched_retransmission 成功存入 T2 后发 timer_e_fired_in_proceeding_and_rearmed_t2；新 deadline 独立派生；最终响应或 transport callback 发 supersession AP。"", ""atomic_propositions"": [""timer_e_fired_in_proceeding_and_rearmed_t2"", ""timer_e_deadline""], ""repository"": ""pjsip/pjproject"", ""commit"": ""bba95b8a95c0a9e8c1939166fd20083ae9e3e956"", ""path"": ""pjsip/include/pjsip/sip_config.h"", ""symbol"": ""PJSIP_T2_TIMEOUT"", ""lines"": ""1079-1082"", ""url"": ""https://github.com/pjsip/pjproject/blob/bba95b8a95c0a9e8c1939166fd20083ae9e3e956/pjsip/include/pjsip/sip_config.h#L1079"", ""source_file_verified"": true, ""source_line_verified"": true, ""source_symbol_verified"": true}]",{},仅当 tsx_on_state_proceeding_uac 处理 Timer-E callback 且 tsx_resched_retransmission 成功存入 T2 后发 timer_e_fired_in_proceeding_and_rearmed_t2；新 deadline 独立派生；最终响应或 transport callback 发 supersession AP。,HYBRID
SIP,SIP-TX-10,timer_e_deadline,"DERIVED logical deadline at stored deadline_tick=arm_tick+configured_delay_ms for this timer_generation; not callback, send, or state transition; suppressed after cancellation.",session_id + top Via branch + CSeq number/method + transaction role; ACK additionally uses RFC matching; timer_generation separates every re-arm/reset,correlate first; exactly one obligation generation per finite word; dynamic identifiers remain event fields; supersession closes the old word before a new monitor is spawned,EXACTLY_ONE_TRIGGER_PER_PROJECTED_WORD; key=transaction_id+timer_kind+timer_generation; append a terminal position after the largest bounded deadline,"[{""mapping"": ""primary"", ""role"": ""primary property hook"", ""event_predicate"": ""DERIVED logical deadline at stored deadline_tick=arm_tick+configured_delay_ms for this timer_generation; not callback, send, or state transition; suppressed after cancellation."", ""instrumentation_timing"": ""仅当 tsx_on_state_proceeding_uac 处理 Timer-E callback 且 tsx_resched_retransmission 成功存入 T2 后发 timer_e_fired_in_proceeding_and_rearmed_t2；新 deadline 独立派生；最终响应或 transport callback 发 supersession AP。"", ""atomic_propositions"": [""timer_e_fired_in_proceeding_and_rearmed_t2"", ""timer_e_deadline"", ""noninvite_final_response_received""], ""repository"": ""pjsip/pjproject"", ""commit"": ""bba95b8a95c0a9e8c1939166fd20083ae9e3e956"", ""path"": ""pjsip/src/pjsip/sip_transaction.c"", ""symbol"": ""tsx_on_state_proceeding_uac"", ""lines"": ""2973-3205"", ""url"": ""https://github.com/pjsip/pjproject/blob/bba95b8a95c0a9e8c1939166fd20083ae9e3e956/pjsip/src/pjsip/sip_transaction.c#L2973"", ""source_file_verified"": true, ""source_line_verified"": true, ""source_symbol_verified"": true}, {""mapping"": ""auxiliary:1"", ""role"": ""doubling/cap computation"", ""event_predicate"": ""DERIVED logical deadline at stored deadline_tick=arm_tick+configured_delay_ms for this timer_generation; not callback, send, or state transition; suppressed after cancellation."", ""instrumentation_timing"": ""仅当 tsx_on_state_proceeding_uac 处理 Timer-E callback 且 tsx_resched_retransmission 成功存入 T2 后发 timer_e_fired_in_proceeding_and_rearmed_t2；新 deadline 独立派生；最终响应或 transport callback 发 supersession AP。"", ""atomic_propositions"": [""timer_e_fired_in_proceeding_and_rearmed_t2"", ""timer_e_deadline""], ""repository"": ""pjsip/pjproject"", ""commit"": ""bba95b8a95c0a9e8c1939166fd20083ae9e3e956"", ""path"": ""pjsip/src/pjsip/sip_transaction.c"", ""symbol"": ""tsx_resched_retransmission"", ""lines"": ""2336-2378"", ""url"": ""https://github.com/pjsip/pjproject/blob/bba95b8a95c0a9e8c1939166fd20083ae9e3e956/pjsip/src/pjsip/sip_transaction.c#L2336"", ""source_file_verified"": true, ""source_line_verified"": true, ""source_symbol_verified"": true}, {""mapping"": ""auxiliary:2"", ""role"": ""re-arm and protocol retransmission path"", ""event_predicate"": ""DERIVED logical deadline at stored deadline_tick=arm_tick+configured_delay_ms for this timer_generation; not callback, send, or state transition; suppressed after cancellation."", ""instrumentation_timing"": ""仅当 tsx_on_state_proceeding_uac 处理 Timer-E callback 且 tsx_resched_retransmission 成功存入 T2 后发 timer_e_fired_in_proceeding_and_rearmed_t2；新 deadline 独立派生；最终响应或 transport callback 发 supersession AP。"", ""atomic_propositions"": [""timer_e_fired_in_proceeding_and_rearmed_t2"", ""timer_e_deadline""], ""repository"": ""pjsip/pjproject"", ""commit"": ""bba95b8a95c0a9e8c1939166fd20083ae9e3e956"", ""path"": ""pjsip/src/pjsip/sip_transaction.c"", ""symbol"": ""tsx_retransmit"", ""lines"": ""2383-2425"", ""url"": ""https://github.com/pjsip/pjproject/blob/bba95b8a95c0a9e8c1939166fd20083ae9e3e956/pjsip/src/pjsip/sip_transaction.c#L2383"", ""source_file_verified"": true, ""source_line_verified"": true, ""source_symbol_verified"": true}, {""mapping"": ""auxiliary:4"", ""role"": ""timer callback dispatch"", ""event_predicate"": ""DERIVED logical deadline at stored deadline_tick=arm_tick+configured_delay_ms for this timer_generation; not callback, send, or state transition; suppressed after cancellation."", ""instrumentation_timing"": ""仅当 tsx_on_state_proceeding_uac 处理 Timer-E callback 且 tsx_resched_retransmission 成功存入 T2 后发 timer_e_fired_in_proceeding_and_rearmed_t2；新 deadline 独立派生；最终响应或 transport callback 发 supersession AP。"", ""atomic_propositions"": [""timer_e_deadline""], ""repository"": ""pjsip/pjproject"", ""commit"": ""bba95b8a95c0a9e8c1939166fd20083ae9e3e956"", ""path"": ""pjsip/src/pjsip/sip_transaction.c"", ""symbol"": ""tsx_timer_callback"", ""lines"": ""1116-1195"", ""url"": ""https://github.com/pjsip/pjproject/blob/bba95b8a95c0a9e8c1939166fd20083ae9e3e956/pjsip/src/pjsip/sip_transaction.c#L1116"", ""source_file_verified"": true, ""source_line_verified"": true, ""source_symbol_verified"": true}, {""mapping"": ""auxiliary:5"", ""role"": ""runtime timer values"", ""event_predicate"": ""DERIVED logical deadline at stored deadline_tick=arm_tick+configured_delay_ms for this timer_generation; not callback, send, or state transition; suppressed after cancellation."", ""instrumentation_timing"": ""仅当 tsx_on_state_proceeding_uac 处理 Timer-E callback 且 tsx_resched_retransmission 成功存入 T2 后发 timer_e_fired_in_proceeding_and_rearmed_t2；新 deadline 独立派生；最终响应或 transport callback 发 supersession AP。"", ""atomic_propositions"": [""timer_e_fired_in_proceeding_and_rearmed_t2"", ""timer_e_deadline""], ""repository"": ""pjsip/pjproject"", ""commit"": ""bba95b8a95c0a9e8c1939166fd20083ae9e3e956"", ""path"": ""pjsip/src/pjsip/sip_transaction.c"", ""symbol"": ""pjsip_tsx_layer_init_module"", ""lines"": ""432-454"", ""url"": ""https://github.com/pjsip/pjproject/blob/bba95b8a95c0a9e8c1939166fd20083ae9e3e956/pjsip/src/pjsip/sip_transaction.c#L432"", ""source_file_verified"": true, ""source_line_verified"": true, ""source_symbol_verified"": true}, {""mapping"": ""auxiliary:6"", ""role"": ""T2 default constant"", ""event_predicate"": ""DERIVED logical deadline at stored deadline_tick=arm_tick+configured_delay_ms for this timer_generation; not callback, send, or state transition; suppressed after cancellation."", ""instrumentation_timing"": ""仅当 tsx_on_state_proceeding_uac 处理 Timer-E callback 且 tsx_resched_retransmission 成功存入 T2 后发 timer_e_fired_in_proceeding_and_rearmed_t2；新 deadline 独立派生；最终响应或 transport callback 发 supersession AP。"", ""atomic_propositions"": [""timer_e_fired_in_proceeding_and_rearmed_t2"", ""timer_e_deadline""], ""repository"": ""pjsip/pjproject"", ""commit"": ""bba95b8a95c0a9e8c1939166fd20083ae9e3e956"", ""path"": ""pjsip/include/pjsip/sip_config.h"", ""symbol"": ""PJSIP_T2_TIMEOUT"", ""lines"": ""1079-1082"", ""url"": ""https://github.com/pjsip/pjproject/blob/bba95b8a95c0a9e8c1939166fd20083ae9e3e956/pjsip/include/pjsip/sip_config.h#L1079"", ""source_file_verified"": true, ""source_line_verified"": true, ""source_symbol_verified"": true}]",{},仅当 tsx_on_state_proceeding_uac 处理 Timer-E callback 且 tsx_resched_retransmission 成功存入 T2 后发 timer_e_fired_in_proceeding_and_rearmed_t2；新 deadline 独立派生；最终响应或 transport callback 发 supersession AP。,HYBRID
SIP,SIP-TX-10,noninvite_final_response_received,RAW/LATCHED correlated SIP response/state outcome at receive/transition tick; closes or replaces this timer generation as specified.,session_id + top Via branch + CSeq number/method + transaction role; ACK additionally uses RFC matching; timer_generation separates every re-arm/reset,correlate first; exactly one obligation generation per finite word; dynamic identifiers remain event fields; supersession closes the old word before a new monitor is spawned,EXACTLY_ONE_TRIGGER_PER_PROJECTED_WORD; key=transaction_id+timer_kind+timer_generation; append a terminal position after the largest bounded deadline,"[{""mapping"": ""primary"", ""role"": ""primary property hook"", ""event_predicate"": ""RAW/LATCHED correlated SIP response/state outcome at receive/transition tick; closes or replaces this timer generation as specified."", ""instrumentation_timing"": ""仅当 tsx_on_state_proceeding_uac 处理 Timer-E callback 且 tsx_resched_retransmission 成功存入 T2 后发 timer_e_fired_in_proceeding_and_rearmed_t2；新 deadline 独立派生；最终响应或 transport callback 发 supersession AP。"", ""atomic_propositions"": [""timer_e_fired_in_proceeding_and_rearmed_t2"", ""timer_e_deadline"", ""noninvite_final_response_received""], ""repository"": ""pjsip/pjproject"", ""commit"": ""bba95b8a95c0a9e8c1939166fd20083ae9e3e956"", ""path"": ""pjsip/src/pjsip/sip_transaction.c"", ""symbol"": ""tsx_on_state_proceeding_uac"", ""lines"": ""2973-3205"", ""url"": ""https://github.com/pjsip/pjproject/blob/bba95b8a95c0a9e8c1939166fd20083ae9e3e956/pjsip/src/pjsip/sip_transaction.c#L2973"", ""source_file_verified"": true, ""source_line_verified"": true, ""source_symbol_verified"": true}]",{},仅当 tsx_on_state_proceeding_uac 处理 Timer-E callback 且 tsx_resched_retransmission 成功存入 T2 后发 timer_e_fired_in_proceeding_and_rearmed_t2；新 deadline 独立派生；最终响应或 transport callback 发 supersession AP。,HYBRID
SIP,SIP-TX-10,noninvite_transport_error,RAW correlated unrecoverable transport-failure cause at its actual callback/state-transition tick; never inferred from a missing packet.,session_id + top Via branch + CSeq number/method + transaction role; ACK additionally uses RFC matching; timer_generation separates every re-arm/reset,correlate first; exactly one obligation generation per finite word; dynamic identifiers remain event fields; supersession closes the old word before a new monitor is spawned,EXACTLY_ONE_TRIGGER_PER_PROJECTED_WORD; key=transaction_id+timer_kind+timer_generation; append a terminal position after the largest bounded deadline,"[{""mapping"": ""auxiliary:3"", ""role"": ""transport error/completion paths"", ""event_predicate"": ""RAW correlated unrecoverable transport-failure cause at its actual callback/state-transition tick; never inferred from a missing packet."", ""instrumentation_timing"": ""仅当 tsx_on_state_proceeding_uac 处理 Timer-E callback 且 tsx_resched_retransmission 成功存入 T2 后发 timer_e_fired_in_proceeding_and_rearmed_t2；新 deadline 独立派生；最终响应或 transport callback 发 supersession AP。"", ""atomic_propositions"": [""noninvite_transport_error""], ""repository"": ""pjsip/pjproject"", ""commit"": ""bba95b8a95c0a9e8c1939166fd20083ae9e3e956"", ""path"": ""pjsip/src/pjsip/sip_transaction.c"", ""symbol"": ""tsx_tp_state_callback"", ""lines"": ""2110-2137"", ""url"": ""https://github.com/pjsip/pjproject/blob/bba95b8a95c0a9e8c1939166fd20083ae9e3e956/pjsip/src/pjsip/sip_transaction.c#L2110"", ""source_file_verified"": true, ""source_line_verified"": true, ""source_symbol_verified"": true}]",{},仅当 tsx_on_state_proceeding_uac 处理 Timer-E callback 且 tsx_resched_retransmission 成功存入 T2 后发 timer_e_fired_in_proceeding_and_rearmed_t2；新 deadline 独立派生；最终响应或 transport callback 发 supersession AP。,HYBRID
SIP,SIP-TX-11,timer_f_armed_64t1,"RAW post-schedule one-shot event emitted only after the correlated timer generation is successfully stored; carries arm_tick, configured_delay_ms, deadline_tick, timer_generation, role, and transport.",session_id + top Via branch + CSeq number/method + transaction role; ACK additionally uses RFC matching; timer_generation separates every re-arm/reset,correlate first; exactly one obligation generation per finite word; dynamic identifiers remain event fields; supersession closes the old word before a new monitor is spawned,EXACTLY_ONE_TRIGGER_PER_PROJECTED_WORD; key=transaction_id+timer_kind+timer_generation; append a terminal position after the largest bounded deadline,"[{""mapping"": ""primary"", ""role"": ""primary property hook"", ""event_predicate"": ""RAW post-schedule one-shot event emitted only after the correlated timer generation is successfully stored; carries arm_tick, configured_delay_ms, deadline_tick, timer_generation, role, and transport."", ""instrumentation_timing"": ""tsx_on_state_null 为 non-INVITE 成功调度 timeout_timer 后发 timer_f_armed_64t1；由存储条目发 timer_f_deadline；Calling/Proceeding 的最终响应与 tsx_tp_state_callback 分别发 final/error AP 并关闭义务。"", ""atomic_propositions"": [""timer_f_armed_64t1"", ""timer_f_deadline""], ""repository"": ""pjsip/pjproject"", ""commit"": ""bba95b8a95c0a9e8c1939166fd20083ae9e3e956"", ""path"": ""pjsip/src/pjsip/sip_transaction.c"", ""symbol"": ""tsx_on_state_null"", ""lines"": ""2460-2533"", ""url"": ""https://github.com/pjsip/pjproject/blob/bba95b8a95c0a9e8c1939166fd20083ae9e3e956/pjsip/src/pjsip/sip_transaction.c#L2460"", ""source_file_verified"": true, ""source_line_verified"": true, ""source_symbol_verified"": true}, {""mapping"": ""auxiliary:4"", ""role"": ""timer scheduling primitive"", ""event_predicate"": ""RAW post-schedule one-shot event emitted only after the correlated timer generation is successfully stored; carries arm_tick, configured_delay_ms, deadline_tick, timer_generation, role, and transport."", ""instrumentation_timing"": ""tsx_on_state_null 为 non-INVITE 成功调度 timeout_timer 后发 timer_f_armed_64t1；由存储条目发 timer_f_deadline；Calling/Proceeding 的最终响应与 tsx_tp_state_callback 分别发 final/error AP 并关闭义务。"", ""atomic_propositions"": [""timer_f_armed_64t1"", ""timer_f_deadline""], ""repository"": ""pjsip/pjproject"", ""commit"": ""bba95b8a95c0a9e8c1939166fd20083ae9e3e956"", ""path"": ""pjsip/src/pjsip/sip_transaction.c"", ""symbol"": ""tsx_schedule_timer"", ""lines"": ""972-987"", ""url"": ""https://github.com/pjsip/pjproject/blob/bba95b8a95c0a9e8c1939166fd20083ae9e3e956/pjsip/src/pjsip/sip_transaction.c#L972"", ""source_file_verified"": true, ""source_line_verified"": true, ""source_symbol_verified"": true}, {""mapping"": ""auxiliary:6"", ""role"": ""runtime timer values"", ""event_predicate"": ""RAW post-schedule one-shot event emitted only after the correlated timer generation is successfully stored; carries arm_tick, configured_delay_ms, deadline_tick, timer_generation, role, and transport."", ""instrumentation_timing"": ""tsx_on_state_null 为 non-INVITE 成功调度 timeout_timer 后发 timer_f_armed_64t1；由存储条目发 timer_f_deadline；Calling/Proceeding 的最终响应与 tsx_tp_state_callback 分别发 final/error AP 并关闭义务。"", ""atomic_propositions"": [""timer_f_armed_64t1"", ""timer_f_deadline""], ""repository"": ""pjsip/pjproject"", ""commit"": ""bba95b8a95c0a9e8c1939166fd20083ae9e3e956"", ""path"": ""pjsip/src/pjsip/sip_transaction.c"", ""symbol"": ""pjsip_tsx_layer_init_module"", ""lines"": ""432-454"", ""url"": ""https://github.com/pjsip/pjproject/blob/bba95b8a95c0a9e8c1939166fd20083ae9e3e956/pjsip/src/pjsip/sip_transaction.c#L432"", ""source_file_verified"": true, ""source_line_verified"": true, ""source_symbol_verified"": true}, {""mapping"": ""auxiliary:7"", ""role"": ""T1 default constant"", ""event_predicate"": ""RAW post-schedule one-shot event emitted only after the correlated timer generation is successfully stored; carries arm_tick, configured_delay_ms, deadline_tick, timer_generation, role, and transport."", ""instrumentation_timing"": ""tsx_on_state_null 为 non-INVITE 成功调度 timeout_timer 后发 timer_f_armed_64t1；由存储条目发 timer_f_deadline；Calling/Proceeding 的最终响应与 tsx_tp_state_callback 分别发 final/error AP 并关闭义务。"", ""atomic_propositions"": [""timer_f_armed_64t1"", ""timer_f_deadline""], ""repository"": ""pjsip/pjproject"", ""commit"": ""bba95b8a95c0a9e8c1939166fd20083ae9e3e956"", ""path"": ""pjsip/include/pjsip/sip_config.h"", ""symbol"": ""PJSIP_T1_TIMEOUT"", ""lines"": ""1075-1077"", ""url"": ""https://github.com/pjsip/pjproject/blob/bba95b8a95c0a9e8c1939166fd20083ae9e3e956/pjsip/include/pjsip/sip_config.h#L1075"", ""source_file_verified"": true, ""source_line_verified"": true, ""source_symbol_verified"": true}]",{},tsx_on_state_null 为 non-INVITE 成功调度 timeout_timer 后发 timer_f_armed_64t1；由存储条目发 timer_f_deadline；Calling/Proceeding 的最终响应与 tsx_tp_state_callback 分别发 final/error AP 并关闭义务。,HYBRID
SIP,SIP-TX-11,timer_f_deadline,"DERIVED logical deadline at stored deadline_tick=arm_tick+configured_delay_ms for this timer_generation; not callback, send, or state transition; suppressed after cancellation.",session_id + top Via branch + CSeq number/method + transaction role; ACK additionally uses RFC matching; timer_generation separates every re-arm/reset,correlate first; exactly one obligation generation per finite word; dynamic identifiers remain event fields; supersession closes the old word before a new monitor is spawned,EXACTLY_ONE_TRIGGER_PER_PROJECTED_WORD; key=transaction_id+timer_kind+timer_generation; append a terminal position after the largest bounded deadline,"[{""mapping"": ""primary"", ""role"": ""primary property hook"", ""event_predicate"": ""DERIVED logical deadline at stored deadline_tick=arm_tick+configured_delay_ms for this timer_generation; not callback, send, or state transition; suppressed after cancellation."", ""instrumentation_timing"": ""tsx_on_state_null 为 non-INVITE 成功调度 timeout_timer 后发 timer_f_armed_64t1；由存储条目发 timer_f_deadline；Calling/Proceeding 的最终响应与 tsx_tp_state_callback 分别发 final/error AP 并关闭义务。"", ""atomic_propositions"": [""timer_f_armed_64t1"", ""timer_f_deadline""], ""repository"": ""pjsip/pjproject"", ""commit"": ""bba95b8a95c0a9e8c1939166fd20083ae9e3e956"", ""path"": ""pjsip/src/pjsip/sip_transaction.c"", ""symbol"": ""tsx_on_state_null"", ""lines"": ""2460-2533"", ""url"": ""https://github.com/pjsip/pjproject/blob/bba95b8a95c0a9e8c1939166fd20083ae9e3e956/pjsip/src/pjsip/sip_transaction.c#L2460"", ""source_file_verified"": true, ""source_line_verified"": true, ""source_symbol_verified"": true}, {""mapping"": ""auxiliary:4"", ""role"": ""timer scheduling primitive"", ""event_predicate"": ""DERIVED logical deadline at stored deadline_tick=arm_tick+configured_delay_ms for this timer_generation; not callback, send, or state transition; suppressed after cancellation."", ""instrumentation_timing"": ""tsx_on_state_null 为 non-INVITE 成功调度 timeout_timer 后发 timer_f_armed_64t1；由存储条目发 timer_f_deadline；Calling/Proceeding 的最终响应与 tsx_tp_state_callback 分别发 final/error AP 并关闭义务。"", ""atomic_propositions"": [""timer_f_armed_64t1"", ""timer_f_deadline""], ""repository"": ""pjsip/pjproject"", ""commit"": ""bba95b8a95c0a9e8c1939166fd20083ae9e3e956"", ""path"": ""pjsip/src/pjsip/sip_transaction.c"", ""symbol"": ""tsx_schedule_timer"", ""lines"": ""972-987"", ""url"": ""https://github.com/pjsip/pjproject/blob/bba95b8a95c0a9e8c1939166fd20083ae9e3e956/pjsip/src/pjsip/sip_transaction.c#L972"", ""source_file_verified"": true, ""source_line_verified"": true, ""source_symbol_verified"": true}, {""mapping"": ""auxiliary:5"", ""role"": ""timer callback dispatch"", ""event_predicate"": ""DERIVED logical deadline at stored deadline_tick=arm_tick+configured_delay_ms for this timer_generation; not callback, send, or state transition; suppressed after cancellation."", ""instrumentation_timing"": ""tsx_on_state_null 为 non-INVITE 成功调度 timeout_timer 后发 timer_f_armed_64t1；由存储条目发 timer_f_deadline；Calling/Proceeding 的最终响应与 tsx_tp_state_callback 分别发 final/error AP 并关闭义务。"", ""atomic_propositions"": [""timer_f_deadline""], ""repository"": ""pjsip/pjproject"", ""commit"": ""bba95b8a95c0a9e8c1939166fd20083ae9e3e956"", ""path"": ""pjsip/src/pjsip/sip_transaction.c"", ""symbol"": ""tsx_timer_callback"", ""lines"": ""1116-1195"", ""url"": ""https://github.com/pjsip/pjproject/blob/bba95b8a95c0a9e8c1939166fd20083ae9e3e956/pjsip/src/pjsip/sip_transaction.c#L1116"", ""source_file_verified"": true, ""source_line_verified"": true, ""source_symbol_verified"": true}, {""mapping"": ""auxiliary:6"", ""role"": ""runtime timer values"", ""event_predicate"": ""DERIVED logical deadline at stored deadline_tick=arm_tick+configured_delay_ms for this timer_generation; not callback, send, or state transition; suppressed after cancellation."", ""instrumentation_timing"": ""tsx_on_state_null 为 non-INVITE 成功调度 timeout_timer 后发 timer_f_armed_64t1；由存储条目发 timer_f_deadline；Calling/Proceeding 的最终响应与 tsx_tp_state_callback 分别发 final/error AP 并关闭义务。"", ""atomic_propositions"": [""timer_f_armed_64t1"", ""timer_f_deadline""], ""repository"": ""pjsip/pjproject"", ""commit"": ""bba95b8a95c0a9e8c1939166fd20083ae9e3e956"", ""path"": ""pjsip/src/pjsip/sip_transaction.c"", ""symbol"": ""pjsip_tsx_layer_init_module"", ""lines"": ""432-454"", ""url"": ""https://github.com/pjsip/pjproject/blob/bba95b8a95c0a9e8c1939166fd20083ae9e3e956/pjsip/src/pjsip/sip_transaction.c#L432"", ""source_file_verified"": true, ""source_line_verified"": true, ""source_symbol_verified"": true}, {""mapping"": ""auxiliary:7"", ""role"": ""T1 default constant"", ""event_predicate"": ""DERIVED logical deadline at stored deadline_tick=arm_tick+configured_delay_ms for this timer_generation; not callback, send, or state transition; suppressed after cancellation."", ""instrumentation_timing"": ""tsx_on_state_null 为 non-INVITE 成功调度 timeout_timer 后发 timer_f_armed_64t1；由存储条目发 timer_f_deadline；Calling/Proceeding 的最终响应与 tsx_tp_state_callback 分别发 final/error AP 并关闭义务。"", ""atomic_propositions"": [""timer_f_armed_64t1"", ""timer_f_deadline""], ""repository"": ""pjsip/pjproject"", ""commit"": ""bba95b8a95c0a9e8c1939166fd20083ae9e3e956"", ""path"": ""pjsip/include/pjsip/sip_config.h"", ""symbol"": ""PJSIP_T1_TIMEOUT"", ""lines"": ""1075-1077"", ""url"": ""https://github.com/pjsip/pjproject/blob/bba95b8a95c0a9e8c1939166fd20083ae9e3e956/pjsip/include/pjsip/sip_config.h#L1075"", ""source_file_verified"": true, ""source_line_verified"": true, ""source_symbol_verified"": true}]",{},tsx_on_state_null 为 non-INVITE 成功调度 timeout_timer 后发 timer_f_armed_64t1；由存储条目发 timer_f_deadline；Calling/Proceeding 的最终响应与 tsx_tp_state_callback 分别发 final/error AP 并关闭义务。,HYBRID
SIP,SIP-TX-11,noninvite_final_response_received,RAW/LATCHED correlated SIP response/state outcome at receive/transition tick; closes or replaces this timer generation as specified.,session_id + top Via branch + CSeq number/method + transaction role; ACK additionally uses RFC matching; timer_generation separates every re-arm/reset,correlate first; exactly one obligation generation per finite word; dynamic identifiers remain event fields; supersession closes the old word before a new monitor is spawned,EXACTLY_ONE_TRIGGER_PER_PROJECTED_WORD; key=transaction_id+timer_kind+timer_generation; append a terminal position after the largest bounded deadline,"[{""mapping"": ""auxiliary:1"", ""role"": ""Calling response/cancel/timeout paths"", ""event_predicate"": ""RAW/LATCHED correlated SIP response/state outcome at receive/transition tick; closes or replaces this timer generation as specified."", ""instrumentation_timing"": ""tsx_on_state_null 为 non-INVITE 成功调度 timeout_timer 后发 timer_f_armed_64t1；由存储条目发 timer_f_deadline；Calling/Proceeding 的最终响应与 tsx_tp_state_callback 分别发 final/error AP 并关闭义务。"", ""atomic_propositions"": [""noninvite_final_response_received""], ""repository"": ""pjsip/pjproject"", ""commit"": ""bba95b8a95c0a9e8c1939166fd20083ae9e3e956"", ""path"": ""pjsip/src/pjsip/sip_transaction.c"", ""symbol"": ""tsx_on_state_calling"", ""lines"": ""2540-2651"", ""url"": ""https://github.com/pjsip/pjproject/blob/bba95b8a95c0a9e8c1939166fd20083ae9e3e956/pjsip/src/pjsip/sip_transaction.c#L2540"", ""source_file_verified"": true, ""source_line_verified"": true, ""source_symbol_verified"": true}, {""mapping"": ""auxiliary:2"", ""role"": ""Proceeding UAC timer/response paths"", ""event_predicate"": ""RAW/LATCHED correlated SIP response/state outcome at receive/transition tick; closes or replaces this timer generation as specified."", ""instrumentation_timing"": ""tsx_on_state_null 为 non-INVITE 成功调度 timeout_timer 后发 timer_f_armed_64t1；由存储条目发 timer_f_deadline；Calling/Proceeding 的最终响应与 tsx_tp_state_callback 分别发 final/error AP 并关闭义务。"", ""atomic_propositions"": [""noninvite_final_response_received""], ""repository"": ""pjsip/pjproject"", ""commit"": ""bba95b8a95c0a9e8c1939166fd20083ae9e3e956"", ""path"": ""pjsip/src/pjsip/sip_transaction.c"", ""symbol"": ""tsx_on_state_proceeding_uac"", ""lines"": ""2973-3205"", ""url"": ""https://github.com/pjsip/pjproject/blob/bba95b8a95c0a9e8c1939166fd20083ae9e3e956/pjsip/src/pjsip/sip_transaction.c#L2973"", ""source_file_verified"": true, ""source_line_verified"": true, ""source_symbol_verified"": true}]",{},tsx_on_state_null 为 non-INVITE 成功调度 timeout_timer 后发 timer_f_armed_64t1；由存储条目发 timer_f_deadline；Calling/Proceeding 的最终响应与 tsx_tp_state_callback 分别发 final/error AP 并关闭义务。,HYBRID
SIP,SIP-TX-11,noninvite_transport_error,RAW correlated unrecoverable transport-failure cause at its actual callback/state-transition tick; never inferred from a missing packet.,session_id + top Via branch + CSeq number/method + transaction role; ACK additionally uses RFC matching; timer_generation separates every re-arm/reset,correlate first; exactly one obligation generation per finite word; dynamic identifiers remain event fields; supersession closes the old word before a new monitor is spawned,EXACTLY_ONE_TRIGGER_PER_PROJECTED_WORD; key=transaction_id+timer_kind+timer_generation; append a terminal position after the largest bounded deadline,"[{""mapping"": ""auxiliary:3"", ""role"": ""transport error/completion paths"", ""event_predicate"": ""RAW correlated unrecoverable transport-failure cause at its actual callback/state-transition tick; never inferred from a missing packet."", ""instrumentation_timing"": ""tsx_on_state_null 为 non-INVITE 成功调度 timeout_timer 后发 timer_f_armed_64t1；由存储条目发 timer_f_deadline；Calling/Proceeding 的最终响应与 tsx_tp_state_callback 分别发 final/error AP 并关闭义务。"", ""atomic_propositions"": [""noninvite_transport_error""], ""repository"": ""pjsip/pjproject"", ""commit"": ""bba95b8a95c0a9e8c1939166fd20083ae9e3e956"", ""path"": ""pjsip/src/pjsip/sip_transaction.c"", ""symbol"": ""tsx_tp_state_callback"", ""lines"": ""2110-2137"", ""url"": ""https://github.com/pjsip/pjproject/blob/bba95b8a95c0a9e8c1939166fd20083ae9e3e956/pjsip/src/pjsip/sip_transaction.c#L2110"", ""source_file_verified"": true, ""source_line_verified"": true, ""source_symbol_verified"": true}]",{},tsx_on_state_null 为 non-INVITE 成功调度 timeout_timer 后发 timer_f_armed_64t1；由存储条目发 timer_f_deadline；Calling/Proceeding 的最终响应与 tsx_tp_state_callback 分别发 final/error AP 并关闭义务。,HYBRID
SIP,SIP-TX-12,udp_noninvite_completed_timer_k_armed,"RAW post-schedule one-shot event emitted only after the correlated timer generation is successfully stored; carries arm_tick, configured_delay_ms, deadline_tick, timer_generation, role, and transport.",session_id + top Via branch + CSeq number/method + transaction role; ACK additionally uses RFC matching; timer_generation separates every re-arm/reset,correlate first; exactly one obligation generation per finite word; dynamic identifiers remain event fields; supersession closes the old word before a new monitor is spawned,EXACTLY_ONE_TRIGGER_PER_PROJECTED_WORD; key=transaction_id+timer_kind+timer_generation; append a terminal position after the largest bounded deadline,"[{""mapping"": ""primary"", ""role"": ""primary property hook"", ""event_predicate"": ""RAW post-schedule one-shot event emitted only after the correlated timer generation is successfully stored; carries arm_tick, configured_delay_ms, deadline_tick, timer_generation, role, and transport."", ""instrumentation_timing"": ""tsx_on_state_proceeding_uac 的 2xx 或 300--699 完成路径成功调度 T4 Timer K 后发 arm AP；tsx_on_state_completed_uac 的所有终止路径发 transaction_terminated；transport abort 必须在同一 microstep 附加 client_transport_abort。"", ""atomic_propositions"": [""udp_noninvite_completed_timer_k_armed""], ""repository"": ""pjsip/pjproject"", ""commit"": ""bba95b8a95c0a9e8c1939166fd20083ae9e3e956"", ""path"": ""pjsip/src/pjsip/sip_transaction.c"", ""symbol"": ""tsx_on_state_proceeding_uac"", ""lines"": ""2973-3205"", ""url"": ""https://github.com/pjsip/pjproject/blob/bba95b8a95c0a9e8c1939166fd20083ae9e3e956/pjsip/src/pjsip/sip_transaction.c#L2973"", ""source_file_verified"": true, ""source_line_verified"": true, ""source_symbol_verified"": true}, {""mapping"": ""auxiliary:3"", ""role"": ""timer scheduling primitive"", ""event_predicate"": ""RAW post-schedule one-shot event emitted only after the correlated timer generation is successfully stored; carries arm_tick, configured_delay_ms, deadline_tick, timer_generation, role, and transport."", ""instrumentation_timing"": ""tsx_on_state_proceeding_uac 的 2xx 或 300--699 完成路径成功调度 T4 Timer K 后发 arm AP；tsx_on_state_completed_uac 的所有终止路径发 transaction_terminated；transport abort 必须在同一 microstep 附加 client_transport_abort。"", ""atomic_propositions"": [""udp_noninvite_completed_timer_k_armed""], ""repository"": ""pjsip/pjproject"", ""commit"": ""bba95b8a95c0a9e8c1939166fd20083ae9e3e956"", ""path"": ""pjsip/src/pjsip/sip_transaction.c"", ""symbol"": ""tsx_schedule_timer"", ""lines"": ""972-987"", ""url"": ""https://github.com/pjsip/pjproject/blob/bba95b8a95c0a9e8c1939166fd20083ae9e3e956/pjsip/src/pjsip/sip_transaction.c#L972"", ""source_file_verified"": true, ""source_line_verified"": true, ""source_symbol_verified"": true}, {""mapping"": ""auxiliary:5"", ""role"": ""runtime timer values"", ""event_predicate"": ""RAW post-schedule one-shot event emitted only after the correlated timer generation is successfully stored; carries arm_tick, configured_delay_ms, deadline_tick, timer_generation, role, and transport."", ""instrumentation_timing"": ""tsx_on_state_proceeding_uac 的 2xx 或 300--699 完成路径成功调度 T4 Timer K 后发 arm AP；tsx_on_state_completed_uac 的所有终止路径发 transaction_terminated；transport abort 必须在同一 microstep 附加 client_transport_abort。"", ""atomic_propositions"": [""udp_noninvite_completed_timer_k_armed""], ""repository"": ""pjsip/pjproject"", ""commit"": ""bba95b8a95c0a9e8c1939166fd20083ae9e3e956"", ""path"": ""pjsip/src/pjsip/sip_transaction.c"", ""symbol"": ""pjsip_tsx_layer_init_module"", ""lines"": ""432-454"", ""url"": ""https://github.com/pjsip/pjproject/blob/bba95b8a95c0a9e8c1939166fd20083ae9e3e956/pjsip/src/pjsip/sip_transaction.c#L432"", ""source_file_verified"": true, ""source_line_verified"": true, ""source_symbol_verified"": true}, {""mapping"": ""auxiliary:6"", ""role"": ""T4 default constant"", ""event_predicate"": ""RAW post-schedule one-shot event emitted only after the correlated timer generation is successfully stored; carries arm_tick, configured_delay_ms, deadline_tick, timer_generation, role, and transport."", ""instrumentation_timing"": ""tsx_on_state_proceeding_uac 的 2xx 或 300--699 完成路径成功调度 T4 Timer K 后发 arm AP；tsx_on_state_completed_uac 的所有终止路径发 transaction_terminated；transport abort 必须在同一 microstep 附加 client_transport_abort。"", ""atomic_propositions"": [""udp_noninvite_completed_timer_k_armed""], ""repository"": ""pjsip/pjproject"", ""commit"": ""bba95b8a95c0a9e8c1939166fd20083ae9e3e956"", ""path"": ""pjsip/include/pjsip/sip_config.h"", ""symbol"": ""PJSIP_T4_TIMEOUT"", ""lines"": ""1084-1087"", ""url"": ""https://github.com/pjsip/pjproject/blob/bba95b8a95c0a9e8c1939166fd20083ae9e3e956/pjsip/include/pjsip/sip_config.h#L1084"", ""source_file_verified"": true, ""source_line_verified"": true, ""source_symbol_verified"": true}]",{},tsx_on_state_proceeding_uac 的 2xx 或 300--699 完成路径成功调度 T4 Timer K 后发 arm AP；tsx_on_state_completed_uac 的所有终止路径发 transaction_terminated；transport abort 必须在同一 microstep 附加 client_transport_abort。,HYBRID
SIP,SIP-TX-12,transaction_terminated,"RAW event on every correlated transition to Terminated, irrespective of cause; it is not a timer deadline alias.",session_id + top Via branch + CSeq number/method + transaction role; ACK additionally uses RFC matching; timer_generation separates every re-arm/reset,correlate first; exactly one obligation generation per finite word; dynamic identifiers remain event fields; supersession closes the old word before a new monitor is spawned,EXACTLY_ONE_TRIGGER_PER_PROJECTED_WORD; key=transaction_id+timer_kind+timer_generation; append a terminal position after the largest bounded deadline,"[{""mapping"": ""auxiliary:1"", ""role"": ""Completed UAC timeout path"", ""event_predicate"": ""RAW event on every correlated transition to Terminated, irrespective of cause; it is not a timer deadline alias."", ""instrumentation_timing"": ""tsx_on_state_proceeding_uac 的 2xx 或 300--699 完成路径成功调度 T4 Timer K 后发 arm AP；tsx_on_state_completed_uac 的所有终止路径发 transaction_terminated；transport abort 必须在同一 microstep 附加 client_transport_abort。"", ""atomic_propositions"": [""transaction_terminated""], ""repository"": ""pjsip/pjproject"", ""commit"": ""bba95b8a95c0a9e8c1939166fd20083ae9e3e956"", ""path"": ""pjsip/src/pjsip/sip_transaction.c"", ""symbol"": ""tsx_on_state_completed_uac"", ""lines"": ""3322-3371"", ""url"": ""https://github.com/pjsip/pjproject/blob/bba95b8a95c0a9e8c1939166fd20083ae9e3e956/pjsip/src/pjsip/sip_transaction.c#L3322"", ""source_file_verified"": true, ""source_line_verified"": true, ""source_symbol_verified"": true}, {""mapping"": ""auxiliary:2"", ""role"": ""transport error/completion paths"", ""event_predicate"": ""RAW event on every correlated transition to Terminated, irrespective of cause; it is not a timer deadline alias."", ""instrumentation_timing"": ""tsx_on_state_proceeding_uac 的 2xx 或 300--699 完成路径成功调度 T4 Timer K 后发 arm AP；tsx_on_state_completed_uac 的所有终止路径发 transaction_terminated；transport abort 必须在同一 microstep 附加 client_transport_abort。"", ""atomic_propositions"": [""client_transport_abort"", ""transaction_terminated""], ""repository"": ""pjsip/pjproject"", ""commit"": ""bba95b8a95c0a9e8c1939166fd20083ae9e3e956"", ""path"": ""pjsip/src/pjsip/sip_transaction.c"", ""symbol"": ""tsx_tp_state_callback"", ""lines"": ""2110-2137"", ""url"": ""https://github.com/pjsip/pjproject/blob/bba95b8a95c0a9e8c1939166fd20083ae9e3e956/pjsip/src/pjsip/sip_transaction.c#L2110"", ""source_file_verified"": true, ""source_line_verified"": true, ""source_symbol_verified"": true}, {""mapping"": ""auxiliary:4"", ""role"": ""timer callback dispatch"", ""event_predicate"": ""RAW event on every correlated transition to Terminated, irrespective of cause; it is not a timer deadline alias."", ""instrumentation_timing"": ""tsx_on_state_proceeding_uac 的 2xx 或 300--699 完成路径成功调度 T4 Timer K 后发 arm AP；tsx_on_state_completed_uac 的所有终止路径发 transaction_terminated；transport abort 必须在同一 microstep 附加 client_transport_abort。"", ""atomic_propositions"": [""transaction_terminated""], ""repository"": ""pjsip/pjproject"", ""commit"": ""bba95b8a95c0a9e8c1939166fd20083ae9e3e956"", ""path"": ""pjsip/src/pjsip/sip_transaction.c"", ""symbol"": ""tsx_timer_callback"", ""lines"": ""1116-1195"", ""url"": ""https://github.com/pjsip/pjproject/blob/bba95b8a95c0a9e8c1939166fd20083ae9e3e956/pjsip/src/pjsip/sip_transaction.c#L1116"", ""source_file_verified"": true, ""source_line_verified"": true, ""source_symbol_verified"": true}]",{},tsx_on_state_proceeding_uac 的 2xx 或 300--699 完成路径成功调度 T4 Timer K 后发 arm AP；tsx_on_state_completed_uac 的所有终止路径发 transaction_terminated；transport abort 必须在同一 microstep 附加 client_transport_abort。,HYBRID
SIP,SIP-TX-12,client_transport_abort,RAW correlated unrecoverable transport-failure cause at its actual callback/state-transition tick; never inferred from a missing packet.,session_id + top Via branch + CSeq number/method + transaction role; ACK additionally uses RFC matching; timer_generation separates every re-arm/reset,correlate first; exactly one obligation generation per finite word; dynamic identifiers remain event fields; supersession closes the old word before a new monitor is spawned,EXACTLY_ONE_TRIGGER_PER_PROJECTED_WORD; key=transaction_id+timer_kind+timer_generation; append a terminal position after the largest bounded deadline,"[{""mapping"": ""auxiliary:2"", ""role"": ""transport error/completion paths"", ""event_predicate"": ""RAW correlated unrecoverable transport-failure cause at its actual callback/state-transition tick; never inferred from a missing packet."", ""instrumentation_timing"": ""tsx_on_state_proceeding_uac 的 2xx 或 300--699 完成路径成功调度 T4 Timer K 后发 arm AP；tsx_on_state_completed_uac 的所有终止路径发 transaction_terminated；transport abort 必须在同一 microstep 附加 client_transport_abort。"", ""atomic_propositions"": [""client_transport_abort"", ""transaction_terminated""], ""repository"": ""pjsip/pjproject"", ""commit"": ""bba95b8a95c0a9e8c1939166fd20083ae9e3e956"", ""path"": ""pjsip/src/pjsip/sip_transaction.c"", ""symbol"": ""tsx_tp_state_callback"", ""lines"": ""2110-2137"", ""url"": ""https://github.com/pjsip/pjproject/blob/bba95b8a95c0a9e8c1939166fd20083ae9e3e956/pjsip/src/pjsip/sip_transaction.c#L2110"", ""source_file_verified"": true, ""source_line_verified"": true, ""source_symbol_verified"": true}]",{},tsx_on_state_proceeding_uac 的 2xx 或 300--699 完成路径成功调度 T4 Timer K 后发 arm AP；tsx_on_state_completed_uac 的所有终止路径发 transaction_terminated；transport abort 必须在同一 microstep 附加 client_transport_abort。,HYBRID
SIP,SIP-TX-13,timer_g_armed_t1,"RAW post-schedule one-shot event emitted only after the correlated timer generation is successfully stored; carries arm_tick, configured_delay_ms, deadline_tick, timer_generation, role, and transport.",session_id + top Via branch + CSeq number/method + transaction role; ACK additionally uses RFC matching; timer_generation separates every re-arm/reset,correlate first; exactly one obligation generation per finite word; dynamic identifiers remain event fields; supersession closes the old word before a new monitor is spawned,EXACTLY_ONE_TRIGGER_PER_PROJECTED_WORD; key=transaction_id+timer_kind+timer_generation; append a terminal position after the largest bounded deadline,"[{""mapping"": ""primary"", ""role"": ""primary property hook"", ""event_predicate"": ""RAW post-schedule one-shot event emitted only after the correlated timer generation is successfully stored; carries arm_tick, configured_delay_ms, deadline_tick, timer_generation, role, and transport."", ""instrumentation_timing"": ""tsx_on_state_proceeding_uas 发送 300--699 并成功调度 T1 retransmit_timer 后发 timer_g_armed_t1；存储到期发 deadline；tsx_on_state_completed_uas 完成 ACK 匹配/取消后发 matched_non2xx_ack，transport callback 发 server_transport_error。"", ""atomic_propositions"": [""timer_g_armed_t1"", ""timer_g_deadline""], ""repository"": ""pjsip/pjproject"", ""commit"": ""bba95b8a95c0a9e8c1939166fd20083ae9e3e956"", ""path"": ""pjsip/src/pjsip/sip_transaction.c"", ""symbol"": ""tsx_on_state_proceeding_uas"", ""lines"": ""2701-2965"", ""url"": ""https://github.com/pjsip/pjproject/blob/bba95b8a95c0a9e8c1939166fd20083ae9e3e956/pjsip/src/pjsip/sip_transaction.c#L2701"", ""source_file_verified"": true, ""source_line_verified"": true, ""source_symbol_verified"": true}, {""mapping"": ""auxiliary:3"", ""role"": ""timer scheduling primitive"", ""event_predicate"": ""RAW post-schedule one-shot event emitted only after the correlated timer generation is successfully stored; carries arm_tick, configured_delay_ms, deadline_tick, timer_generation, role, and transport."", ""instrumentation_timing"": ""tsx_on_state_proceeding_uas 发送 300--699 并成功调度 T1 retransmit_timer 后发 timer_g_armed_t1；存储到期发 deadline；tsx_on_state_completed_uas 完成 ACK 匹配/取消后发 matched_non2xx_ack，transport callback 发 server_transport_error。"", ""atomic_propositions"": [""timer_g_armed_t1"", ""timer_g_deadline""], ""repository"": ""pjsip/pjproject"", ""commit"": ""bba95b8a95c0a9e8c1939166fd20083ae9e3e956"", ""path"": ""pjsip/src/pjsip/sip_transaction.c"", ""symbol"": ""tsx_schedule_timer"", ""lines"": ""972-987"", ""url"": ""https://github.com/pjsip/pjproject/blob/bba95b8a95c0a9e8c1939166fd20083ae9e3e956/pjsip/src/pjsip/sip_transaction.c#L972"", ""source_file_verified"": true, ""source_line_verified"": true, ""source_symbol_verified"": true}, {""mapping"": ""auxiliary:5"", ""role"": ""runtime timer values"", ""event_predicate"": ""RAW post-schedule one-shot event emitted only after the correlated timer generation is successfully stored; carries arm_tick, configured_delay_ms, deadline_tick, timer_generation, role, and transport."", ""instrumentation_timing"": ""tsx_on_state_proceeding_uas 发送 300--699 并成功调度 T1 retransmit_timer 后发 timer_g_armed_t1；存储到期发 deadline；tsx_on_state_completed_uas 完成 ACK 匹配/取消后发 matched_non2xx_ack，transport callback 发 server_transport_error。"", ""atomic_propositions"": [""timer_g_armed_t1"", ""timer_g_deadline""], ""repository"": ""pjsip/pjproject"", ""commit"": ""bba95b8a95c0a9e8c1939166fd20083ae9e3e956"", ""path"": ""pjsip/src/pjsip/sip_transaction.c"", ""symbol"": ""pjsip_tsx_layer_init_module"", ""lines"": ""432-454"", ""url"": ""https://github.com/pjsip/pjproject/blob/bba95b8a95c0a9e8c1939166fd20083ae9e3e956/pjsip/src/pjsip/sip_transaction.c#L432"", ""source_file_verified"": true, ""source_line_verified"": true, ""source_symbol_verified"": true}, {""mapping"": ""auxiliary:6"", ""role"": ""T1 default constant"", ""event_predicate"": ""RAW post-schedule one-shot event emitted only after the correlated timer generation is successfully stored; carries arm_tick, configured_delay_ms, deadline_tick, timer_generation, role, and transport."", ""instrumentation_timing"": ""tsx_on_state_proceeding_uas 发送 300--699 并成功调度 T1 retransmit_timer 后发 timer_g_armed_t1；存储到期发 deadline；tsx_on_state_completed_uas 完成 ACK 匹配/取消后发 matched_non2xx_ack，transport callback 发 server_transport_error。"", ""atomic_propositions"": [""timer_g_armed_t1"", ""timer_g_deadline""], ""repository"": ""pjsip/pjproject"", ""commit"": ""bba95b8a95c0a9e8c1939166fd20083ae9e3e956"", ""path"": ""pjsip/include/pjsip/sip_config.h"", ""symbol"": ""PJSIP_T1_TIMEOUT"", ""lines"": ""1075-1077"", ""url"": ""https://github.com/pjsip/pjproject/blob/bba95b8a95c0a9e8c1939166fd20083ae9e3e956/pjsip/include/pjsip/sip_config.h#L1075"", ""source_file_verified"": true, ""source_line_verified"": true, ""source_symbol_verified"": true}]",{},tsx_on_state_proceeding_uas 发送 300--699 并成功调度 T1 retransmit_timer 后发 timer_g_armed_t1；存储到期发 deadline；tsx_on_state_completed_uas 完成 ACK 匹配/取消后发 matched_non2xx_ack，transport callback 发 server_transport_error。,HYBRID
SIP,SIP-TX-13,timer_g_deadline,"DERIVED logical deadline at stored deadline_tick=arm_tick+configured_delay_ms for this timer_generation; not callback, send, or state transition; suppressed after cancellation.",session_id + top Via branch + CSeq number/method + transaction role; ACK additionally uses RFC matching; timer_generation separates every re-arm/reset,correlate first; exactly one obligation generation per finite word; dynamic identifiers remain event fields; supersession closes the old word before a new monitor is spawned,EXACTLY_ONE_TRIGGER_PER_PROJECTED_WORD; key=transaction_id+timer_kind+timer_generation; append a terminal position after the largest bounded deadline,"[{""mapping"": ""primary"", ""role"": ""primary property hook"", ""event_predicate"": ""DERIVED logical deadline at stored deadline_tick=arm_tick+configured_delay_ms for this timer_generation; not callback, send, or state transition; suppressed after cancellation."", ""instrumentation_timing"": ""tsx_on_state_proceeding_uas 发送 300--699 并成功调度 T1 retransmit_timer 后发 timer_g_armed_t1；存储到期发 deadline；tsx_on_state_completed_uas 完成 ACK 匹配/取消后发 matched_non2xx_ack，transport callback 发 server_transport_error。"", ""atomic_propositions"": [""timer_g_armed_t1"", ""timer_g_deadline""], ""repository"": ""pjsip/pjproject"", ""commit"": ""bba95b8a95c0a9e8c1939166fd20083ae9e3e956"", ""path"": ""pjsip/src/pjsip/sip_transaction.c"", ""symbol"": ""tsx_on_state_proceeding_uas"", ""lines"": ""2701-2965"", ""url"": ""https://github.com/pjsip/pjproject/blob/bba95b8a95c0a9e8c1939166fd20083ae9e3e956/pjsip/src/pjsip/sip_transaction.c#L2701"", ""source_file_verified"": true, ""source_line_verified"": true, ""source_symbol_verified"": true}, {""mapping"": ""auxiliary:1"", ""role"": ""Completed UAS ACK/timer paths"", ""event_predicate"": ""DERIVED logical deadline at stored deadline_tick=arm_tick+configured_delay_ms for this timer_generation; not callback, send, or state transition; suppressed after cancellation."", ""instrumentation_timing"": ""tsx_on_state_proceeding_uas 发送 300--699 并成功调度 T1 retransmit_timer 后发 timer_g_armed_t1；存储到期发 deadline；tsx_on_state_completed_uas 完成 ACK 匹配/取消后发 matched_non2xx_ack，transport callback 发 server_transport_error。"", ""atomic_propositions"": [""matched_non2xx_ack"", ""timer_g_deadline""], ""repository"": ""pjsip/pjproject"", ""commit"": ""bba95b8a95c0a9e8c1939166fd20083ae9e3e956"", ""path"": ""pjsip/src/pjsip/sip_transaction.c"", ""symbol"": ""tsx_on_state_completed_uas"", ""lines"": ""3211-3316"", ""url"": ""https://github.com/pjsip/pjproject/blob/bba95b8a95c0a9e8c1939166fd20083ae9e3e956/pjsip/src/pjsip/sip_transaction.c#L3211"", ""source_file_verified"": true, ""source_line_verified"": true, ""source_symbol_verified"": true}, {""mapping"": ""auxiliary:3"", ""role"": ""timer scheduling primitive"", ""event_predicate"": ""DERIVED logical deadline at stored deadline_tick=arm_tick+configured_delay_ms for this timer_generation; not callback, send, or state transition; suppressed after cancellation."", ""instrumentation_timing"": ""tsx_on_state_proceeding_uas 发送 300--699 并成功调度 T1 retransmit_timer 后发 timer_g_armed_t1；存储到期发 deadline；tsx_on_state_completed_uas 完成 ACK 匹配/取消后发 matched_non2xx_ack，transport callback 发 server_transport_error。"", ""atomic_propositions"": [""timer_g_armed_t1"", ""timer_g_deadline""], ""repository"": ""pjsip/pjproject"", ""commit"": ""bba95b8a95c0a9e8c1939166fd20083ae9e3e956"", ""path"": ""pjsip/src/pjsip/sip_transaction.c"", ""symbol"": ""tsx_schedule_timer"", ""lines"": ""972-987"", ""url"": ""https://github.com/pjsip/pjproject/blob/bba95b8a95c0a9e8c1939166fd20083ae9e3e956/pjsip/src/pjsip/sip_transaction.c#L972"", ""source_file_verified"": true, ""source_line_verified"": true, ""source_symbol_verified"": true}, {""mapping"": ""auxiliary:4"", ""role"": ""timer callback dispatch"", ""event_predicate"": ""DERIVED logical deadline at stored deadline_tick=arm_tick+configured_delay_ms for this timer_generation; not callback, send, or state transition; suppressed after cancellation."", ""instrumentation_timing"": ""tsx_on_state_proceeding_uas 发送 300--699 并成功调度 T1 retransmit_timer 后发 timer_g_armed_t1；存储到期发 deadline；tsx_on_state_completed_uas 完成 ACK 匹配/取消后发 matched_non2xx_ack，transport callback 发 server_transport_error。"", ""atomic_propositions"": [""timer_g_deadline""], ""repository"": ""pjsip/pjproject"", ""commit"": ""bba95b8a95c0a9e8c1939166fd20083ae9e3e956"", ""path"": ""pjsip/src/pjsip/sip_transaction.c"", ""symbol"": ""tsx_timer_callback"", ""lines"": ""1116-1195"", ""url"": ""https://github.com/pjsip/pjproject/blob/bba95b8a95c0a9e8c1939166fd20083ae9e3e956/pjsip/src/pjsip/sip_transaction.c#L1116"", ""source_file_verified"": true, ""source_line_verified"": true, ""source_symbol_verified"": true}, {""mapping"": ""auxiliary:5"", ""role"": ""runtime timer values"", ""event_predicate"": ""DERIVED logical deadline at stored deadline_tick=arm_tick+configured_delay_ms for this timer_generation; not callback, send, or state transition; suppressed after cancellation."", ""instrumentation_timing"": ""tsx_on_state_proceeding_uas 发送 300--699 并成功调度 T1 retransmit_timer 后发 timer_g_armed_t1；存储到期发 deadline；tsx_on_state_completed_uas 完成 ACK 匹配/取消后发 matched_non2xx_ack，transport callback 发 server_transport_error。"", ""atomic_propositions"": [""timer_g_armed_t1"", ""timer_g_deadline""], ""repository"": ""pjsip/pjproject"", ""commit"": ""bba95b8a95c0a9e8c1939166fd20083ae9e3e956"", ""path"": ""pjsip/src/pjsip/sip_transaction.c"", ""symbol"": ""pjsip_tsx_layer_init_module"", ""lines"": ""432-454"", ""url"": ""https://github.com/pjsip/pjproject/blob/bba95b8a95c0a9e8c1939166fd20083ae9e3e956/pjsip/src/pjsip/sip_transaction.c#L432"", ""source_file_verified"": true, ""source_line_verified"": true, ""source_symbol_verified"": true}, {""mapping"": ""auxiliary:6"", ""role"": ""T1 default constant"", ""event_predicate"": ""DERIVED logical deadline at stored deadline_tick=arm_tick+configured_delay_ms for this timer_generation; not callback, send, or state transition; suppressed after cancellation."", ""instrumentation_timing"": ""tsx_on_state_proceeding_uas 发送 300--699 并成功调度 T1 retransmit_timer 后发 timer_g_armed_t1；存储到期发 deadline；tsx_on_state_completed_uas 完成 ACK 匹配/取消后发 matched_non2xx_ack，transport callback 发 server_transport_error。"", ""atomic_propositions"": [""timer_g_armed_t1"", ""timer_g_deadline""], ""repository"": ""pjsip/pjproject"", ""commit"": ""bba95b8a95c0a9e8c1939166fd20083ae9e3e956"", ""path"": ""pjsip/include/pjsip/sip_config.h"", ""symbol"": ""PJSIP_T1_TIMEOUT"", ""lines"": ""1075-1077"", ""url"": ""https://github.com/pjsip/pjproject/blob/bba95b8a95c0a9e8c1939166fd20083ae9e3e956/pjsip/include/pjsip/sip_config.h#L1075"", ""source_file_verified"": true, ""source_line_verified"": true, ""source_symbol_verified"": true}]",{},tsx_on_state_proceeding_uas 发送 300--699 并成功调度 T1 retransmit_timer 后发 timer_g_armed_t1；存储到期发 deadline；tsx_on_state_completed_uas 完成 ACK 匹配/取消后发 matched_non2xx_ack，transport callback 发 server_transport_error。,HYBRID
SIP,SIP-TX-13,matched_non2xx_ack,RAW/LATCHED RFC-matched ACK outcome emitted only after correlation and any required timer cancellation; closes this generation.,session_id + top Via branch + CSeq number/method + transaction role; ACK additionally uses RFC matching; timer_generation separates every re-arm/reset,correlate first; exactly one obligation generation per finite word; dynamic identifiers remain event fields; supersession closes the old word before a new monitor is spawned,EXACTLY_ONE_TRIGGER_PER_PROJECTED_WORD; key=transaction_id+timer_kind+timer_generation; append a terminal position after the largest bounded deadline,"[{""mapping"": ""auxiliary:1"", ""role"": ""Completed UAS ACK/timer paths"", ""event_predicate"": ""RAW/LATCHED RFC-matched ACK outcome emitted only after correlation and any required timer cancellation; closes this generation."", ""instrumentation_timing"": ""tsx_on_state_proceeding_uas 发送 300--699 并成功调度 T1 retransmit_timer 后发 timer_g_armed_t1；存储到期发 deadline；tsx_on_state_completed_uas 完成 ACK 匹配/取消后发 matched_non2xx_ack，transport callback 发 server_transport_error。"", ""atomic_propositions"": [""matched_non2xx_ack"", ""timer_g_deadline""], ""repository"": ""pjsip/pjproject"", ""commit"": ""bba95b8a95c0a9e8c1939166fd20083ae9e3e956"", ""path"": ""pjsip/src/pjsip/sip_transaction.c"", ""symbol"": ""tsx_on_state_completed_uas"", ""lines"": ""3211-3316"", ""url"": ""https://github.com/pjsip/pjproject/blob/bba95b8a95c0a9e8c1939166fd20083ae9e3e956/pjsip/src/pjsip/sip_transaction.c#L3211"", ""source_file_verified"": true, ""source_line_verified"": true, ""source_symbol_verified"": true}]",{},tsx_on_state_proceeding_uas 发送 300--699 并成功调度 T1 retransmit_timer 后发 timer_g_armed_t1；存储到期发 deadline；tsx_on_state_completed_uas 完成 ACK 匹配/取消后发 matched_non2xx_ack，transport callback 发 server_transport_error。,HYBRID
SIP,SIP-TX-13,server_transport_error,RAW correlated unrecoverable transport-failure cause at its actual callback/state-transition tick; never inferred from a missing packet.,session_id + top Via branch + CSeq number/method + transaction role; ACK additionally uses RFC matching; timer_generation separates every re-arm/reset,correlate first; exactly one obligation generation per finite word; dynamic identifiers remain event fields; supersession closes the old word before a new monitor is spawned,EXACTLY_ONE_TRIGGER_PER_PROJECTED_WORD; key=transaction_id+timer_kind+timer_generation; append a terminal position after the largest bounded deadline,"[{""mapping"": ""auxiliary:2"", ""role"": ""transport error/completion paths"", ""event_predicate"": ""RAW correlated unrecoverable transport-failure cause at its actual callback/state-transition tick; never inferred from a missing packet."", ""instrumentation_timing"": ""tsx_on_state_proceeding_uas 发送 300--699 并成功调度 T1 retransmit_timer 后发 timer_g_armed_t1；存储到期发 deadline；tsx_on_state_completed_uas 完成 ACK 匹配/取消后发 matched_non2xx_ack，transport callback 发 server_transport_error。"", ""atomic_propositions"": [""server_transport_error""], ""repository"": ""pjsip/pjproject"", ""commit"": ""bba95b8a95c0a9e8c1939166fd20083ae9e3e956"", ""path"": ""pjsip/src/pjsip/sip_transaction.c"", ""symbol"": ""tsx_tp_state_callback"", ""lines"": ""2110-2137"", ""url"": ""https://github.com/pjsip/pjproject/blob/bba95b8a95c0a9e8c1939166fd20083ae9e3e956/pjsip/src/pjsip/sip_transaction.c#L2110"", ""source_file_verified"": true, ""source_line_verified"": true, ""source_symbol_verified"": true}]",{},tsx_on_state_proceeding_uas 发送 300--699 并成功调度 T1 retransmit_timer 后发 timer_g_armed_t1；存储到期发 deadline；tsx_on_state_completed_uas 完成 ACK 匹配/取消后发 matched_non2xx_ack，transport callback 发 server_transport_error。,HYBRID
SIP,SIP-TX-15,timer_g_rearmed_min_2old_t2,"RAW post-schedule one-shot event emitted only after the correlated timer generation is successfully stored; carries arm_tick, configured_delay_ms, deadline_tick, timer_generation, role, and transport.",session_id + top Via branch + CSeq number/method + transaction role; ACK additionally uses RFC matching; timer_generation separates every re-arm/reset,correlate first; exactly one obligation generation per finite word; dynamic identifiers remain event fields; supersession closes the old word before a new monitor is spawned,EXACTLY_ONE_TRIGGER_PER_PROJECTED_WORD; key=transaction_id+timer_kind+timer_generation; append a terminal position after the largest bounded deadline,"[{""mapping"": ""primary"", ""role"": ""primary property hook"", ""event_predicate"": ""RAW post-schedule one-shot event emitted only after the correlated timer generation is successfully stored; carries arm_tick, configured_delay_ms, deadline_tick, timer_generation, role, and transport."", ""instrumentation_timing"": ""tsx_retransmit 经 tsx_resched_retransmission 成功存入 min(2*old,T2) 后发 rearm AP；从该 generation 发 deadline；Completed UAS 的 ACK 取消及 transport callback 分别发两个 supersession AP。"", ""atomic_propositions"": [""timer_g_rearmed_min_2old_t2"", ""timer_g_deadline""], ""repository"": ""pjsip/pjproject"", ""commit"": ""bba95b8a95c0a9e8c1939166fd20083ae9e3e956"", ""path"": ""pjsip/src/pjsip/sip_transaction.c"", ""symbol"": ""tsx_resched_retransmission"", ""lines"": ""2336-2378"", ""url"": ""https://github.com/pjsip/pjproject/blob/bba95b8a95c0a9e8c1939166fd20083ae9e3e956/pjsip/src/pjsip/sip_transaction.c#L2336"", ""source_file_verified"": true, ""source_line_verified"": true, ""source_symbol_verified"": true}, {""mapping"": ""auxiliary:1"", ""role"": ""re-arm and protocol retransmission path"", ""event_predicate"": ""RAW post-schedule one-shot event emitted only after the correlated timer generation is successfully stored; carries arm_tick, configured_delay_ms, deadline_tick, timer_generation, role, and transport."", ""instrumentation_timing"": ""tsx_retransmit 经 tsx_resched_retransmission 成功存入 min(2*old,T2) 后发 rearm AP；从该 generation 发 deadline；Completed UAS 的 ACK 取消及 transport callback 分别发两个 supersession AP。"", ""atomic_propositions"": [""timer_g_rearmed_min_2old_t2"", ""timer_g_deadline""], ""repository"": ""pjsip/pjproject"", ""commit"": ""bba95b8a95c0a9e8c1939166fd20083ae9e3e956"", ""path"": ""pjsip/src/pjsip/sip_transaction.c"", ""symbol"": ""tsx_retransmit"", ""lines"": ""2383-2425"", ""url"": ""https://github.com/pjsip/pjproject/blob/bba95b8a95c0a9e8c1939166fd20083ae9e3e956/pjsip/src/pjsip/sip_transaction.c#L2383"", ""source_file_verified"": true, ""source_line_verified"": true, ""source_symbol_verified"": true}, {""mapping"": ""auxiliary:5"", ""role"": ""runtime timer values"", ""event_predicate"": ""RAW post-schedule one-shot event emitted only after the correlated timer generation is successfully stored; carries arm_tick, configured_delay_ms, deadline_tick, timer_generation, role, and transport."", ""instrumentation_timing"": ""tsx_retransmit 经 tsx_resched_retransmission 成功存入 min(2*old,T2) 后发 rearm AP；从该 generation 发 deadline；Completed UAS 的 ACK 取消及 transport callback 分别发两个 supersession AP。"", ""atomic_propositions"": [""timer_g_rearmed_min_2old_t2"", ""timer_g_deadline""], ""repository"": ""pjsip/pjproject"", ""commit"": ""bba95b8a95c0a9e8c1939166fd20083ae9e3e956"", ""path"": ""pjsip/src/pjsip/sip_transaction.c"", ""symbol"": ""pjsip_tsx_layer_init_module"", ""lines"": ""432-454"", ""url"": ""https://github.com/pjsip/pjproject/blob/bba95b8a95c0a9e8c1939166fd20083ae9e3e956/pjsip/src/pjsip/sip_transaction.c#L432"", ""source_file_verified"": true, ""source_line_verified"": true, ""source_symbol_verified"": true}, {""mapping"": ""auxiliary:6"", ""role"": ""T1 default constant"", ""event_predicate"": ""RAW post-schedule one-shot event emitted only after the correlated timer generation is successfully stored; carries arm_tick, configured_delay_ms, deadline_tick, timer_generation, role, and transport."", ""instrumentation_timing"": ""tsx_retransmit 经 tsx_resched_retransmission 成功存入 min(2*old,T2) 后发 rearm AP；从该 generation 发 deadline；Completed UAS 的 ACK 取消及 transport callback 分别发两个 supersession AP。"", ""atomic_propositions"": [""timer_g_rearmed_min_2old_t2"", ""timer_g_deadline""], ""repository"": ""pjsip/pjproject"", ""commit"": ""bba95b8a95c0a9e8c1939166fd20083ae9e3e956"", ""path"": ""pjsip/include/pjsip/sip_config.h"", ""symbol"": ""PJSIP_T1_TIMEOUT"", ""lines"": ""1075-1077"", ""url"": ""https://github.com/pjsip/pjproject/blob/bba95b8a95c0a9e8c1939166fd20083ae9e3e956/pjsip/include/pjsip/sip_config.h#L1075"", ""source_file_verified"": true, ""source_line_verified"": true, ""source_symbol_verified"": true}, {""mapping"": ""auxiliary:7"", ""role"": ""T2 default constant"", ""event_predicate"": ""RAW post-schedule one-shot event emitted only after the correlated timer generation is successfully stored; carries arm_tick, configured_delay_ms, deadline_tick, timer_generation, role, and transport."", ""instrumentation_timing"": ""tsx_retransmit 经 tsx_resched_retransmission 成功存入 min(2*old,T2) 后发 rearm AP；从该 generation 发 deadline；Completed UAS 的 ACK 取消及 transport callback 分别发两个 supersession AP。"", ""atomic_propositions"": [""timer_g_rearmed_min_2old_t2"", ""timer_g_deadline""], ""repository"": ""pjsip/pjproject"", ""commit"": ""bba95b8a95c0a9e8c1939166fd20083ae9e3e956"", ""path"": ""pjsip/include/pjsip/sip_config.h"", ""symbol"": ""PJSIP_T2_TIMEOUT"", ""lines"": ""1079-1082"", ""url"": ""https://github.com/pjsip/pjproject/blob/bba95b8a95c0a9e8c1939166fd20083ae9e3e956/pjsip/include/pjsip/sip_config.h#L1079"", ""source_file_verified"": true, ""source_line_verified"": true, ""source_symbol_verified"": true}]",{},"tsx_retransmit 经 tsx_resched_retransmission 成功存入 min(2*old,T2) 后发 rearm AP；从该 generation 发 deadline；Completed UAS 的 ACK 取消及 transport callback 分别发两个 supersession AP。",HYBRID
SIP,SIP-TX-15,timer_g_deadline,"DERIVED logical deadline at stored deadline_tick=arm_tick+configured_delay_ms for this timer_generation; not callback, send, or state transition; suppressed after cancellation.",session_id + top Via branch + CSeq number/method + transaction role; ACK additionally uses RFC matching; timer_generation separates every re-arm/reset,correlate first; exactly one obligation generation per finite word; dynamic identifiers remain event fields; supersession closes the old word before a new monitor is spawned,EXACTLY_ONE_TRIGGER_PER_PROJECTED_WORD; key=transaction_id+timer_kind+timer_generation; append a terminal position after the largest bounded deadline,"[{""mapping"": ""primary"", ""role"": ""primary property hook"", ""event_predicate"": ""DERIVED logical deadline at stored deadline_tick=arm_tick+configured_delay_ms for this timer_generation; not callback, send, or state transition; suppressed after cancellation."", ""instrumentation_timing"": ""tsx_retransmit 经 tsx_resched_retransmission 成功存入 min(2*old,T2) 后发 rearm AP；从该 generation 发 deadline；Completed UAS 的 ACK 取消及 transport callback 分别发两个 supersession AP。"", ""atomic_propositions"": [""timer_g_rearmed_min_2old_t2"", ""timer_g_deadline""], ""repository"": ""pjsip/pjproject"", ""commit"": ""bba95b8a95c0a9e8c1939166fd20083ae9e3e956"", ""path"": ""pjsip/src/pjsip/sip_transaction.c"", ""symbol"": ""tsx_resched_retransmission"", ""lines"": ""2336-2378"", ""url"": ""https://github.com/pjsip/pjproject/blob/bba95b8a95c0a9e8c1939166fd20083ae9e3e956/pjsip/src/pjsip/sip_transaction.c#L2336"", ""source_file_verified"": true, ""source_line_verified"": true, ""source_symbol_verified"": true}, {""mapping"": ""auxiliary:1"", ""role"": ""re-arm and protocol retransmission path"", ""event_predicate"": ""DERIVED logical deadline at stored deadline_tick=arm_tick+configured_delay_ms for this timer_generation; not callback, send, or state transition; suppressed after cancellation."", ""instrumentation_timing"": ""tsx_retransmit 经 tsx_resched_retransmission 成功存入 min(2*old,T2) 后发 rearm AP；从该 generation 发 deadline；Completed UAS 的 ACK 取消及 transport callback 分别发两个 supersession AP。"", ""atomic_propositions"": [""timer_g_rearmed_min_2old_t2"", ""timer_g_deadline""], ""repository"": ""pjsip/pjproject"", ""commit"": ""bba95b8a95c0a9e8c1939166fd20083ae9e3e956"", ""path"": ""pjsip/src/pjsip/sip_transaction.c"", ""symbol"": ""tsx_retransmit"", ""lines"": ""2383-2425"", ""url"": ""https://github.com/pjsip/pjproject/blob/bba95b8a95c0a9e8c1939166fd20083ae9e3e956/pjsip/src/pjsip/sip_transaction.c#L2383"", ""source_file_verified"": true, ""source_line_verified"": true, ""source_symbol_verified"": true}, {""mapping"": ""auxiliary:2"", ""role"": ""Completed UAS ACK/timer paths"", ""event_predicate"": ""DERIVED logical deadline at stored deadline_tick=arm_tick+configured_delay_ms for this timer_generation; not callback, send, or state transition; suppressed after cancellation."", ""instrumentation_timing"": ""tsx_retransmit 经 tsx_resched_retransmission 成功存入 min(2*old,T2) 后发 rearm AP；从该 generation 发 deadline；Completed UAS 的 ACK 取消及 transport callback 分别发两个 supersession AP。"", ""atomic_propositions"": [""matched_non2xx_ack"", ""timer_g_deadline""], ""repository"": ""pjsip/pjproject"", ""commit"": ""bba95b8a95c0a9e8c1939166fd20083ae9e3e956"", ""path"": ""pjsip/src/pjsip/sip_transaction.c"", ""symbol"": ""tsx_on_state_completed_uas"", ""lines"": ""3211-3316"", ""url"": ""https://github.com/pjsip/pjproject/blob/bba95b8a95c0a9e8c1939166fd20083ae9e3e956/pjsip/src/pjsip/sip_transaction.c#L3211"", ""source_file_verified"": true, ""source_line_verified"": true, ""source_symbol_verified"": true}, {""mapping"": ""auxiliary:4"", ""role"": ""timer callback dispatch"", ""event_predicate"": ""DERIVED logical deadline at stored deadline_tick=arm_tick+configured_delay_ms for this timer_generation; not callback, send, or state transition; suppressed after cancellation."", ""instrumentation_timing"": ""tsx_retransmit 经 tsx_resched_retransmission 成功存入 min(2*old,T2) 后发 rearm AP；从该 generation 发 deadline；Completed UAS 的 ACK 取消及 transport callback 分别发两个 supersession AP。"", ""atomic_propositions"": [""timer_g_deadline""], ""repository"": ""pjsip/pjproject"", ""commit"": ""bba95b8a95c0a9e8c1939166fd20083ae9e3e956"", ""path"": ""pjsip/src/pjsip/sip_transaction.c"", ""symbol"": ""tsx_timer_callback"", ""lines"": ""1116-1195"", ""url"": ""https://github.com/pjsip/pjproject/blob/bba95b8a95c0a9e8c1939166fd20083ae9e3e956/pjsip/src/pjsip/sip_transaction.c#L1116"", ""source_file_verified"": true, ""source_line_verified"": true, ""source_symbol_verified"": true}, {""mapping"": ""auxiliary:5"", ""role"": ""runtime timer values"", ""event_predicate"": ""DERIVED logical deadline at stored deadline_tick=arm_tick+configured_delay_ms for this timer_generation; not callback, send, or state transition; suppressed after cancellation."", ""instrumentation_timing"": ""tsx_retransmit 经 tsx_resched_retransmission 成功存入 min(2*old,T2) 后发 rearm AP；从该 generation 发 deadline；Completed UAS 的 ACK 取消及 transport callback 分别发两个 supersession AP。"", ""atomic_propositions"": [""timer_g_rearmed_min_2old_t2"", ""timer_g_deadline""], ""repository"": ""pjsip/pjproject"", ""commit"": ""bba95b8a95c0a9e8c1939166fd20083ae9e3e956"", ""path"": ""pjsip/src/pjsip/sip_transaction.c"", ""symbol"": ""pjsip_tsx_layer_init_module"", ""lines"": ""432-454"", ""url"": ""https://github.com/pjsip/pjproject/blob/bba95b8a95c0a9e8c1939166fd20083ae9e3e956/pjsip/src/pjsip/sip_transaction.c#L432"", ""source_file_verified"": true, ""source_line_verified"": true, ""source_symbol_verified"": true}, {""mapping"": ""auxiliary:6"", ""role"": ""T1 default constant"", ""event_predicate"": ""DERIVED logical deadline at stored deadline_tick=arm_tick+configured_delay_ms for this timer_generation; not callback, send, or state transition; suppressed after cancellation."", ""instrumentation_timing"": ""tsx_retransmit 经 tsx_resched_retransmission 成功存入 min(2*old,T2) 后发 rearm AP；从该 generation 发 deadline；Completed UAS 的 ACK 取消及 transport callback 分别发两个 supersession AP。"", ""atomic_propositions"": [""timer_g_rearmed_min_2old_t2"", ""timer_g_deadline""], ""repository"": ""pjsip/pjproject"", ""commit"": ""bba95b8a95c0a9e8c1939166fd20083ae9e3e956"", ""path"": ""pjsip/include/pjsip/sip_config.h"", ""symbol"": ""PJSIP_T1_TIMEOUT"", ""lines"": ""1075-1077"", ""url"": ""https://github.com/pjsip/pjproject/blob/bba95b8a95c0a9e8c1939166fd20083ae9e3e956/pjsip/include/pjsip/sip_config.h#L1075"", ""source_file_verified"": true, ""source_line_verified"": true, ""source_symbol_verified"": true}, {""mapping"": ""auxiliary:7"", ""role"": ""T2 default constant"", ""event_predicate"": ""DERIVED logical deadline at stored deadline_tick=arm_tick+configured_delay_ms for this timer_generation; not callback, send, or state transition; suppressed after cancellation."", ""instrumentation_timing"": ""tsx_retransmit 经 tsx_resched_retransmission 成功存入 min(2*old,T2) 后发 rearm AP；从该 generation 发 deadline；Completed UAS 的 ACK 取消及 transport callback 分别发两个 supersession AP。"", ""atomic_propositions"": [""timer_g_rearmed_min_2old_t2"", ""timer_g_deadline""], ""repository"": ""pjsip/pjproject"", ""commit"": ""bba95b8a95c0a9e8c1939166fd20083ae9e3e956"", ""path"": ""pjsip/include/pjsip/sip_config.h"", ""symbol"": ""PJSIP_T2_TIMEOUT"", ""lines"": ""1079-1082"", ""url"": ""https://github.com/pjsip/pjproject/blob/bba95b8a95c0a9e8c1939166fd20083ae9e3e956/pjsip/include/pjsip/sip_config.h#L1079"", ""source_file_verified"": true, ""source_line_verified"": true, ""source_symbol_verified"": true}]",{},"tsx_retransmit 经 tsx_resched_retransmission 成功存入 min(2*old,T2) 后发 rearm AP；从该 generation 发 deadline；Completed UAS 的 ACK 取消及 transport callback 分别发两个 supersession AP。",HYBRID
SIP,SIP-TX-15,matched_non2xx_ack,RAW/LATCHED RFC-matched ACK outcome emitted only after correlation and any required timer cancellation; closes this generation.,session_id + top Via branch + CSeq number/method + transaction role; ACK additionally uses RFC matching; timer_generation separates every re-arm/reset,correlate first; exactly one obligation generation per finite word; dynamic identifiers remain event fields; supersession closes the old word before a new monitor is spawned,EXACTLY_ONE_TRIGGER_PER_PROJECTED_WORD; key=transaction_id+timer_kind+timer_generation; append a terminal position after the largest bounded deadline,"[{""mapping"": ""auxiliary:2"", ""role"": ""Completed UAS ACK/timer paths"", ""event_predicate"": ""RAW/LATCHED RFC-matched ACK outcome emitted only after correlation and any required timer cancellation; closes this generation."", ""instrumentation_timing"": ""tsx_retransmit 经 tsx_resched_retransmission 成功存入 min(2*old,T2) 后发 rearm AP；从该 generation 发 deadline；Completed UAS 的 ACK 取消及 transport callback 分别发两个 supersession AP。"", ""atomic_propositions"": [""matched_non2xx_ack"", ""timer_g_deadline""], ""repository"": ""pjsip/pjproject"", ""commit"": ""bba95b8a95c0a9e8c1939166fd20083ae9e3e956"", ""path"": ""pjsip/src/pjsip/sip_transaction.c"", ""symbol"": ""tsx_on_state_completed_uas"", ""lines"": ""3211-3316"", ""url"": ""https://github.com/pjsip/pjproject/blob/bba95b8a95c0a9e8c1939166fd20083ae9e3e956/pjsip/src/pjsip/sip_transaction.c#L3211"", ""source_file_verified"": true, ""source_line_verified"": true, ""source_symbol_verified"": true}]",{},"tsx_retransmit 经 tsx_resched_retransmission 成功存入 min(2*old,T2) 后发 rearm AP；从该 generation 发 deadline；Completed UAS 的 ACK 取消及 transport callback 分别发两个 supersession AP。",HYBRID
SIP,SIP-TX-15,server_transport_error,RAW correlated unrecoverable transport-failure cause at its actual callback/state-transition tick; never inferred from a missing packet.,session_id + top Via branch + CSeq number/method + transaction role; ACK additionally uses RFC matching; timer_generation separates every re-arm/reset,correlate first; exactly one obligation generation per finite word; dynamic identifiers remain event fields; supersession closes the old word before a new monitor is spawned,EXACTLY_ONE_TRIGGER_PER_PROJECTED_WORD; key=transaction_id+timer_kind+timer_generation; append a terminal position after the largest bounded deadline,"[{""mapping"": ""auxiliary:3"", ""role"": ""transport error/completion paths"", ""event_predicate"": ""RAW correlated unrecoverable transport-failure cause at its actual callback/state-transition tick; never inferred from a missing packet."", ""instrumentation_timing"": ""tsx_retransmit 经 tsx_resched_retransmission 成功存入 min(2*old,T2) 后发 rearm AP；从该 generation 发 deadline；Completed UAS 的 ACK 取消及 transport callback 分别发两个 supersession AP。"", ""atomic_propositions"": [""server_transport_error""], ""repository"": ""pjsip/pjproject"", ""commit"": ""bba95b8a95c0a9e8c1939166fd20083ae9e3e956"", ""path"": ""pjsip/src/pjsip/sip_transaction.c"", ""symbol"": ""tsx_tp_state_callback"", ""lines"": ""2110-2137"", ""url"": ""https://github.com/pjsip/pjproject/blob/bba95b8a95c0a9e8c1939166fd20083ae9e3e956/pjsip/src/pjsip/sip_transaction.c#L2110"", ""source_file_verified"": true, ""source_line_verified"": true, ""source_symbol_verified"": true}]",{},"tsx_retransmit 经 tsx_resched_retransmission 成功存入 min(2*old,T2) 后发 rearm AP；从该 generation 发 deadline；Completed UAS 的 ACK 取消及 transport callback 分别发两个 supersession AP。",HYBRID
SIP,SIP-TX-16,timer_h_armed_64t1,"RAW post-schedule one-shot event emitted only after the correlated timer generation is successfully stored; carries arm_tick, configured_delay_ms, deadline_tick, timer_generation, role, and transport.",session_id + top Via branch + CSeq number/method + transaction role; ACK additionally uses RFC matching; timer_generation separates every re-arm/reset,correlate first; exactly one obligation generation per finite word; dynamic identifiers remain event fields; supersession closes the old word before a new monitor is spawned,EXACTLY_ONE_TRIGGER_PER_PROJECTED_WORD; key=transaction_id+timer_kind+timer_generation; append a terminal position after the largest bounded deadline,"[{""mapping"": ""primary"", ""role"": ""primary property hook"", ""event_predicate"": ""RAW post-schedule one-shot event emitted only after the correlated timer generation is successfully stored; carries arm_tick, configured_delay_ms, deadline_tick, timer_generation, role, and transport."", ""instrumentation_timing"": ""tsx_on_state_proceeding_uas 成功调度 64*T1 timeout_timer 后发 timer_h_armed_64t1；由保存条目发 deadline；tsx_on_state_completed_uas 的匹配 ACK 取消和 tsx_tp_state_callback 的错误分别关闭 generation。"", ""atomic_propositions"": [""timer_h_armed_64t1"", ""timer_h_deadline""], ""repository"": ""pjsip/pjproject"", ""commit"": ""bba95b8a95c0a9e8c1939166fd20083ae9e3e956"", ""path"": ""pjsip/src/pjsip/sip_transaction.c"", ""symbol"": ""tsx_on_state_proceeding_uas"", ""lines"": ""2701-2965"", ""url"": ""https://github.com/pjsip/pjproject/blob/bba95b8a95c0a9e8c1939166fd20083ae9e3e956/pjsip/src/pjsip/sip_transaction.c#L2701"", ""source_file_verified"": true, ""source_line_verified"": true, ""source_symbol_verified"": true}, {""mapping"": ""auxiliary:3"", ""role"": ""timer scheduling primitive"", ""event_predicate"": ""RAW post-schedule one-shot event emitted only after the correlated timer generation is successfully stored; carries arm_tick, configured_delay_ms, deadline_tick, timer_generation, role, and transport."", ""instrumentation_timing"": ""tsx_on_state_proceeding_uas 成功调度 64*T1 timeout_timer 后发 timer_h_armed_64t1；由保存条目发 deadline；tsx_on_state_completed_uas 的匹配 ACK 取消和 tsx_tp_state_callback 的错误分别关闭 generation。"", ""atomic_propositions"": [""timer_h_armed_64t1"", ""timer_h_deadline""], ""repository"": ""pjsip/pjproject"", ""commit"": ""bba95b8a95c0a9e8c1939166fd20083ae9e3e956"", ""path"": ""pjsip/src/pjsip/sip_transaction.c"", ""symbol"": ""tsx_schedule_timer"", ""lines"": ""972-987"", ""url"": ""https://github.com/pjsip/pjproject/blob/bba95b8a95c0a9e8c1939166fd20083ae9e3e956/pjsip/src/pjsip/sip_transaction.c#L972"", ""source_file_verified"": true, ""source_line_verified"": true, ""source_symbol_verified"": true}, {""mapping"": ""auxiliary:5"", ""role"": ""runtime timer values"", ""event_predicate"": ""RAW post-schedule one-shot event emitted only after the correlated timer generation is successfully stored; carries arm_tick, configured_delay_ms, deadline_tick, timer_generation, role, and transport."", ""instrumentation_timing"": ""tsx_on_state_proceeding_uas 成功调度 64*T1 timeout_timer 后发 timer_h_armed_64t1；由保存条目发 deadline；tsx_on_state_completed_uas 的匹配 ACK 取消和 tsx_tp_state_callback 的错误分别关闭 generation。"", ""atomic_propositions"": [""timer_h_armed_64t1"", ""timer_h_deadline""], ""repository"": ""pjsip/pjproject"", ""commit"": ""bba95b8a95c0a9e8c1939166fd20083ae9e3e956"", ""path"": ""pjsip/src/pjsip/sip_transaction.c"", ""symbol"": ""pjsip_tsx_layer_init_module"", ""lines"": ""432-454"", ""url"": ""https://github.com/pjsip/pjproject/blob/bba95b8a95c0a9e8c1939166fd20083ae9e3e956/pjsip/src/pjsip/sip_transaction.c#L432"", ""source_file_verified"": true, ""source_line_verified"": true, ""source_symbol_verified"": true}, {""mapping"": ""auxiliary:6"", ""role"": ""T1 default constant"", ""event_predicate"": ""RAW post-schedule one-shot event emitted only after the correlated timer generation is successfully stored; carries arm_tick, configured_delay_ms, deadline_tick, timer_generation, role, and transport."", ""instrumentation_timing"": ""tsx_on_state_proceeding_uas 成功调度 64*T1 timeout_timer 后发 timer_h_armed_64t1；由保存条目发 deadline；tsx_on_state_completed_uas 的匹配 ACK 取消和 tsx_tp_state_callback 的错误分别关闭 generation。"", ""atomic_propositions"": [""timer_h_armed_64t1"", ""timer_h_deadline""], ""repository"": ""pjsip/pjproject"", ""commit"": ""bba95b8a95c0a9e8c1939166fd20083ae9e3e956"", ""path"": ""pjsip/include/pjsip/sip_config.h"", ""symbol"": ""PJSIP_T1_TIMEOUT"", ""lines"": ""1075-1077"", ""url"": ""https://github.com/pjsip/pjproject/blob/bba95b8a95c0a9e8c1939166fd20083ae9e3e956/pjsip/include/pjsip/sip_config.h#L1075"", ""source_file_verified"": true, ""source_line_verified"": true, ""source_symbol_verified"": true}]",{},tsx_on_state_proceeding_uas 成功调度 64*T1 timeout_timer 后发 timer_h_armed_64t1；由保存条目发 deadline；tsx_on_state_completed_uas 的匹配 ACK 取消和 tsx_tp_state_callback 的错误分别关闭 generation。,HYBRID
SIP,SIP-TX-16,timer_h_deadline,"DERIVED logical deadline at stored deadline_tick=arm_tick+configured_delay_ms for this timer_generation; not callback, send, or state transition; suppressed after cancellation.",session_id + top Via branch + CSeq number/method + transaction role; ACK additionally uses RFC matching; timer_generation separates every re-arm/reset,correlate first; exactly one obligation generation per finite word; dynamic identifiers remain event fields; supersession closes the old word before a new monitor is spawned,EXACTLY_ONE_TRIGGER_PER_PROJECTED_WORD; key=transaction_id+timer_kind+timer_generation; append a terminal position after the largest bounded deadline,"[{""mapping"": ""primary"", ""role"": ""primary property hook"", ""event_predicate"": ""DERIVED logical deadline at stored deadline_tick=arm_tick+configured_delay_ms for this timer_generation; not callback, send, or state transition; suppressed after cancellation."", ""instrumentation_timing"": ""tsx_on_state_proceeding_uas 成功调度 64*T1 timeout_timer 后发 timer_h_armed_64t1；由保存条目发 deadline；tsx_on_state_completed_uas 的匹配 ACK 取消和 tsx_tp_state_callback 的错误分别关闭 generation。"", ""atomic_propositions"": [""timer_h_armed_64t1"", ""timer_h_deadline""], ""repository"": ""pjsip/pjproject"", ""commit"": ""bba95b8a95c0a9e8c1939166fd20083ae9e3e956"", ""path"": ""pjsip/src/pjsip/sip_transaction.c"", ""symbol"": ""tsx_on_state_proceeding_uas"", ""lines"": ""2701-2965"", ""url"": ""https://github.com/pjsip/pjproject/blob/bba95b8a95c0a9e8c1939166fd20083ae9e3e956/pjsip/src/pjsip/sip_transaction.c#L2701"", ""source_file_verified"": true, ""source_line_verified"": true, ""source_symbol_verified"": true}, {""mapping"": ""auxiliary:1"", ""role"": ""Completed UAS ACK/timer paths"", ""event_predicate"": ""DERIVED logical deadline at stored deadline_tick=arm_tick+configured_delay_ms for this timer_generation; not callback, send, or state transition; suppressed after cancellation."", ""instrumentation_timing"": ""tsx_on_state_proceeding_uas 成功调度 64*T1 timeout_timer 后发 timer_h_armed_64t1；由保存条目发 deadline；tsx_on_state_completed_uas 的匹配 ACK 取消和 tsx_tp_state_callback 的错误分别关闭 generation。"", ""atomic_propositions"": [""matched_non2xx_ack"", ""timer_h_deadline""], ""repository"": ""pjsip/pjproject"", ""commit"": ""bba95b8a95c0a9e8c1939166fd20083ae9e3e956"", ""path"": ""pjsip/src/pjsip/sip_transaction.c"", ""symbol"": ""tsx_on_state_completed_uas"", ""lines"": ""3211-3316"", ""url"": ""https://github.com/pjsip/pjproject/blob/bba95b8a95c0a9e8c1939166fd20083ae9e3e956/pjsip/src/pjsip/sip_transaction.c#L3211"", ""source_file_verified"": true, ""source_line_verified"": true, ""source_symbol_verified"": true}, {""mapping"": ""auxiliary:3"", ""role"": ""timer scheduling primitive"", ""event_predicate"": ""DERIVED logical deadline at stored deadline_tick=arm_tick+configured_delay_ms for this timer_generation; not callback, send, or state transition; suppressed after cancellation."", ""instrumentation_timing"": ""tsx_on_state_proceeding_uas 成功调度 64*T1 timeout_timer 后发 timer_h_armed_64t1；由保存条目发 deadline；tsx_on_state_completed_uas 的匹配 ACK 取消和 tsx_tp_state_callback 的错误分别关闭 generation。"", ""atomic_propositions"": [""timer_h_armed_64t1"", ""timer_h_deadline""], ""repository"": ""pjsip/pjproject"", ""commit"": ""bba95b8a95c0a9e8c1939166fd20083ae9e3e956"", ""path"": ""pjsip/src/pjsip/sip_transaction.c"", ""symbol"": ""tsx_schedule_timer"", ""lines"": ""972-987"", ""url"": ""https://github.com/pjsip/pjproject/blob/bba95b8a95c0a9e8c1939166fd20083ae9e3e956/pjsip/src/pjsip/sip_transaction.c#L972"", ""source_file_verified"": true, ""source_line_verified"": true, ""source_symbol_verified"": true}, {""mapping"": ""auxiliary:4"", ""role"": ""timer callback dispatch"", ""event_predicate"": ""DERIVED logical deadline at stored deadline_tick=arm_tick+configured_delay_ms for this timer_generation; not callback, send, or state transition; suppressed after cancellation."", ""instrumentation_timing"": ""tsx_on_state_proceeding_uas 成功调度 64*T1 timeout_timer 后发 timer_h_armed_64t1；由保存条目发 deadline；tsx_on_state_completed_uas 的匹配 ACK 取消和 tsx_tp_state_callback 的错误分别关闭 generation。"", ""atomic_propositions"": [""timer_h_deadline""], ""repository"": ""pjsip/pjproject"", ""commit"": ""bba95b8a95c0a9e8c1939166fd20083ae9e3e956"", ""path"": ""pjsip/src/pjsip/sip_transaction.c"", ""symbol"": ""tsx_timer_callback"", ""lines"": ""1116-1195"", ""url"": ""https://github.com/pjsip/pjproject/blob/bba95b8a95c0a9e8c1939166fd20083ae9e3e956/pjsip/src/pjsip/sip_transaction.c#L1116"", ""source_file_verified"": true, ""source_line_verified"": true, ""source_symbol_verified"": true}, {""mapping"": ""auxiliary:5"", ""role"": ""runtime timer values"", ""event_predicate"": ""DERIVED logical deadline at stored deadline_tick=arm_tick+configured_delay_ms for this timer_generation; not callback, send, or state transition; suppressed after cancellation."", ""instrumentation_timing"": ""tsx_on_state_proceeding_uas 成功调度 64*T1 timeout_timer 后发 timer_h_armed_64t1；由保存条目发 deadline；tsx_on_state_completed_uas 的匹配 ACK 取消和 tsx_tp_state_callback 的错误分别关闭 generation。"", ""atomic_propositions"": [""timer_h_armed_64t1"", ""timer_h_deadline""], ""repository"": ""pjsip/pjproject"", ""commit"": ""bba95b8a95c0a9e8c1939166fd20083ae9e3e956"", ""path"": ""pjsip/src/pjsip/sip_transaction.c"", ""symbol"": ""pjsip_tsx_layer_init_module"", ""lines"": ""432-454"", ""url"": ""https://github.com/pjsip/pjproject/blob/bba95b8a95c0a9e8c1939166fd20083ae9e3e956/pjsip/src/pjsip/sip_transaction.c#L432"", ""source_file_verified"": true, ""source_line_verified"": true, ""source_symbol_verified"": true}, {""mapping"": ""auxiliary:6"", ""role"": ""T1 default constant"", ""event_predicate"": ""DERIVED logical deadline at stored deadline_tick=arm_tick+configured_delay_ms for this timer_generation; not callback, send, or state transition; suppressed after cancellation."", ""instrumentation_timing"": ""tsx_on_state_proceeding_uas 成功调度 64*T1 timeout_timer 后发 timer_h_armed_64t1；由保存条目发 deadline；tsx_on_state_completed_uas 的匹配 ACK 取消和 tsx_tp_state_callback 的错误分别关闭 generation。"", ""atomic_propositions"": [""timer_h_armed_64t1"", ""timer_h_deadline""], ""repository"": ""pjsip/pjproject"", ""commit"": ""bba95b8a95c0a9e8c1939166fd20083ae9e3e956"", ""path"": ""pjsip/include/pjsip/sip_config.h"", ""symbol"": ""PJSIP_T1_TIMEOUT"", ""lines"": ""1075-1077"", ""url"": ""https://github.com/pjsip/pjproject/blob/bba95b8a95c0a9e8c1939166fd20083ae9e3e956/pjsip/include/pjsip/sip_config.h#L1075"", ""source_file_verified"": true, ""source_line_verified"": true, ""source_symbol_verified"": true}]",{},tsx_on_state_proceeding_uas 成功调度 64*T1 timeout_timer 后发 timer_h_armed_64t1；由保存条目发 deadline；tsx_on_state_completed_uas 的匹配 ACK 取消和 tsx_tp_state_callback 的错误分别关闭 generation。,HYBRID
SIP,SIP-TX-16,matched_non2xx_ack,RAW/LATCHED RFC-matched ACK outcome emitted only after correlation and any required timer cancellation; closes this generation.,session_id + top Via branch + CSeq number/method + transaction role; ACK additionally uses RFC matching; timer_generation separates every re-arm/reset,correlate first; exactly one obligation generation per finite word; dynamic identifiers remain event fields; supersession closes the old word before a new monitor is spawned,EXACTLY_ONE_TRIGGER_PER_PROJECTED_WORD; key=transaction_id+timer_kind+timer_generation; append a terminal position after the largest bounded deadline,"[{""mapping"": ""auxiliary:1"", ""role"": ""Completed UAS ACK/timer paths"", ""event_predicate"": ""RAW/LATCHED RFC-matched ACK outcome emitted only after correlation and any required timer cancellation; closes this generation."", ""instrumentation_timing"": ""tsx_on_state_proceeding_uas 成功调度 64*T1 timeout_timer 后发 timer_h_armed_64t1；由保存条目发 deadline；tsx_on_state_completed_uas 的匹配 ACK 取消和 tsx_tp_state_callback 的错误分别关闭 generation。"", ""atomic_propositions"": [""matched_non2xx_ack"", ""timer_h_deadline""], ""repository"": ""pjsip/pjproject"", ""commit"": ""bba95b8a95c0a9e8c1939166fd20083ae9e3e956"", ""path"": ""pjsip/src/pjsip/sip_transaction.c"", ""symbol"": ""tsx_on_state_completed_uas"", ""lines"": ""3211-3316"", ""url"": ""https://github.com/pjsip/pjproject/blob/bba95b8a95c0a9e8c1939166fd20083ae9e3e956/pjsip/src/pjsip/sip_transaction.c#L3211"", ""source_file_verified"": true, ""source_line_verified"": true, ""source_symbol_verified"": true}]",{},tsx_on_state_proceeding_uas 成功调度 64*T1 timeout_timer 后发 timer_h_armed_64t1；由保存条目发 deadline；tsx_on_state_completed_uas 的匹配 ACK 取消和 tsx_tp_state_callback 的错误分别关闭 generation。,HYBRID
SIP,SIP-TX-16,server_transport_error,RAW correlated unrecoverable transport-failure cause at its actual callback/state-transition tick; never inferred from a missing packet.,session_id + top Via branch + CSeq number/method + transaction role; ACK additionally uses RFC matching; timer_generation separates every re-arm/reset,correlate first; exactly one obligation generation per finite word; dynamic identifiers remain event fields; supersession closes the old word before a new monitor is spawned,EXACTLY_ONE_TRIGGER_PER_PROJECTED_WORD; key=transaction_id+timer_kind+timer_generation; append a terminal position after the largest bounded deadline,"[{""mapping"": ""auxiliary:2"", ""role"": ""transport error/completion paths"", ""event_predicate"": ""RAW correlated unrecoverable transport-failure cause at its actual callback/state-transition tick; never inferred from a missing packet."", ""instrumentation_timing"": ""tsx_on_state_proceeding_uas 成功调度 64*T1 timeout_timer 后发 timer_h_armed_64t1；由保存条目发 deadline；tsx_on_state_completed_uas 的匹配 ACK 取消和 tsx_tp_state_callback 的错误分别关闭 generation。"", ""atomic_propositions"": [""server_transport_error""], ""repository"": ""pjsip/pjproject"", ""commit"": ""bba95b8a95c0a9e8c1939166fd20083ae9e3e956"", ""path"": ""pjsip/src/pjsip/sip_transaction.c"", ""symbol"": ""tsx_tp_state_callback"", ""lines"": ""2110-2137"", ""url"": ""https://github.com/pjsip/pjproject/blob/bba95b8a95c0a9e8c1939166fd20083ae9e3e956/pjsip/src/pjsip/sip_transaction.c#L2110"", ""source_file_verified"": true, ""source_line_verified"": true, ""source_symbol_verified"": true}]",{},tsx_on_state_proceeding_uas 成功调度 64*T1 timeout_timer 后发 timer_h_armed_64t1；由保存条目发 deadline；tsx_on_state_completed_uas 的匹配 ACK 取消和 tsx_tp_state_callback 的错误分别关闭 generation。,HYBRID
SIP,SIP-TX-17,matched_non2xx_ack_post_timer_g_cancel,RAW/LATCHED RFC-matched ACK outcome emitted only after correlation and any required timer cancellation; closes this generation.,session_id + top Via branch + CSeq number/method + transaction role; ACK additionally uses RFC matching; timer_generation separates every re-arm/reset,correlate first; exactly one obligation generation per finite word; dynamic identifiers remain event fields; supersession closes the old word before a new monitor is spawned,EXACTLY_ONE_TRIGGER_PER_PROJECTED_WORD; key=transaction_id+timer_kind+timer_generation; append a terminal position after the largest bounded deadline,"[{""mapping"": ""primary"", ""role"": ""primary property hook"", ""event_predicate"": ""RAW/LATCHED RFC-matched ACK outcome emitted only after correlation and any required timer cancellation; closes this generation."", ""instrumentation_timing"": ""tsx_on_state_completed_uas 完成 ACK 匹配、取消 Timer G 并提交 Confirmed 后才发 matched_non2xx_ack_post_timer_g_cancel；tsx_retransmit 实际发送保存响应时发 final_response_retransmitted；Timer I/销毁关闭投影。"", ""atomic_propositions"": [""matched_non2xx_ack_post_timer_g_cancel""], ""repository"": ""pjsip/pjproject"", ""commit"": ""bba95b8a95c0a9e8c1939166fd20083ae9e3e956"", ""path"": ""pjsip/src/pjsip/sip_transaction.c"", ""symbol"": ""tsx_on_state_completed_uas"", ""lines"": ""3211-3316"", ""url"": ""https://github.com/pjsip/pjproject/blob/bba95b8a95c0a9e8c1939166fd20083ae9e3e956/pjsip/src/pjsip/sip_transaction.c#L3211"", ""source_file_verified"": true, ""source_line_verified"": true, ""source_symbol_verified"": true}, {""mapping"": ""auxiliary:2"", ""role"": ""Confirmed Timer-I callback path"", ""event_predicate"": ""RAW/LATCHED RFC-matched ACK outcome emitted only after correlation and any required timer cancellation; closes this generation."", ""instrumentation_timing"": ""tsx_on_state_completed_uas 完成 ACK 匹配、取消 Timer G 并提交 Confirmed 后才发 matched_non2xx_ack_post_timer_g_cancel；tsx_retransmit 实际发送保存响应时发 final_response_retransmitted；Timer I/销毁关闭投影。"", ""atomic_propositions"": [""matched_non2xx_ack_post_timer_g_cancel""], ""repository"": ""pjsip/pjproject"", ""commit"": ""bba95b8a95c0a9e8c1939166fd20083ae9e3e956"", ""path"": ""pjsip/src/pjsip/sip_transaction.c"", ""symbol"": ""tsx_on_state_confirmed"", ""lines"": ""3377-3422"", ""url"": ""https://github.com/pjsip/pjproject/blob/bba95b8a95c0a9e8c1939166fd20083ae9e3e956/pjsip/src/pjsip/sip_transaction.c#L3377"", ""source_file_verified"": true, ""source_line_verified"": true, ""source_symbol_verified"": true}]",{},tsx_on_state_completed_uas 完成 ACK 匹配、取消 Timer G 并提交 Confirmed 后才发 matched_non2xx_ack_post_timer_g_cancel；tsx_retransmit 实际发送保存响应时发 final_response_retransmitted；Timer I/销毁关闭投影。,HYBRID
SIP,SIP-TX-17,final_response_retransmitted,RAW successful retransmission-to-transport action at action_tick; callback request and logical deadline remain separate events.,session_id + top Via branch + CSeq number/method + transaction role; ACK additionally uses RFC matching; timer_generation separates every re-arm/reset,correlate first; exactly one obligation generation per finite word; dynamic identifiers remain event fields; supersession closes the old word before a new monitor is spawned,EXACTLY_ONE_TRIGGER_PER_PROJECTED_WORD; key=transaction_id+timer_kind+timer_generation; append a terminal position after the largest bounded deadline,"[{""mapping"": ""auxiliary:1"", ""role"": ""re-arm and protocol retransmission path"", ""event_predicate"": ""RAW successful retransmission-to-transport action at action_tick; callback request and logical deadline remain separate events."", ""instrumentation_timing"": ""tsx_on_state_completed_uas 完成 ACK 匹配、取消 Timer G 并提交 Confirmed 后才发 matched_non2xx_ack_post_timer_g_cancel；tsx_retransmit 实际发送保存响应时发 final_response_retransmitted；Timer I/销毁关闭投影。"", ""atomic_propositions"": [""final_response_retransmitted""], ""repository"": ""pjsip/pjproject"", ""commit"": ""bba95b8a95c0a9e8c1939166fd20083ae9e3e956"", ""path"": ""pjsip/src/pjsip/sip_transaction.c"", ""symbol"": ""tsx_retransmit"", ""lines"": ""2383-2425"", ""url"": ""https://github.com/pjsip/pjproject/blob/bba95b8a95c0a9e8c1939166fd20083ae9e3e956/pjsip/src/pjsip/sip_transaction.c#L2383"", ""source_file_verified"": true, ""source_line_verified"": true, ""source_symbol_verified"": true}]",{},tsx_on_state_completed_uas 完成 ACK 匹配、取消 Timer G 并提交 Confirmed 后才发 matched_non2xx_ack_post_timer_g_cancel；tsx_retransmit 实际发送保存响应时发 final_response_retransmitted；Timer I/销毁关闭投影。,HYBRID
SIP,SIP-TX-18,udp_confirmed_timer_i_armed,"RAW post-schedule one-shot event emitted only after the correlated timer generation is successfully stored; carries arm_tick, configured_delay_ms, deadline_tick, timer_generation, role, and transport.",session_id + top Via branch + CSeq number/method + transaction role; ACK additionally uses RFC matching; timer_generation separates every re-arm/reset,correlate first; exactly one obligation generation per finite word; dynamic identifiers remain event fields; supersession closes the old word before a new monitor is spawned,EXACTLY_ONE_TRIGGER_PER_PROJECTED_WORD; key=transaction_id+timer_kind+timer_generation; append a terminal position after the largest bounded deadline,"[{""mapping"": ""primary"", ""role"": ""primary property hook"", ""event_predicate"": ""RAW post-schedule one-shot event emitted only after the correlated timer generation is successfully stored; carries arm_tick, configured_delay_ms, deadline_tick, timer_generation, role, and transport."", ""instrumentation_timing"": ""tsx_on_state_completed_uas 的 ACK 路径成功调度 T4 timeout_timer 后发 udp_confirmed_timer_i_armed；从保存条目派生 timer_i_deadline；tsx_on_state_confirmed 的 callback 与 Terminated 转移保留各自实际 tick。"", ""atomic_propositions"": [""udp_confirmed_timer_i_armed""], ""repository"": ""pjsip/pjproject"", ""commit"": ""bba95b8a95c0a9e8c1939166fd20083ae9e3e956"", ""path"": ""pjsip/src/pjsip/sip_transaction.c"", ""symbol"": ""tsx_on_state_completed_uas"", ""lines"": ""3211-3316"", ""url"": ""https://github.com/pjsip/pjproject/blob/bba95b8a95c0a9e8c1939166fd20083ae9e3e956/pjsip/src/pjsip/sip_transaction.c#L3211"", ""source_file_verified"": true, ""source_line_verified"": true, ""source_symbol_verified"": true}, {""mapping"": ""auxiliary:2"", ""role"": ""timer scheduling primitive"", ""event_predicate"": ""RAW post-schedule one-shot event emitted only after the correlated timer generation is successfully stored; carries arm_tick, configured_delay_ms, deadline_tick, timer_generation, role, and transport."", ""instrumentation_timing"": ""tsx_on_state_completed_uas 的 ACK 路径成功调度 T4 timeout_timer 后发 udp_confirmed_timer_i_armed；从保存条目派生 timer_i_deadline；tsx_on_state_confirmed 的 callback 与 Terminated 转移保留各自实际 tick。"", ""atomic_propositions"": [""udp_confirmed_timer_i_armed"", ""timer_i_deadline""], ""repository"": ""pjsip/pjproject"", ""commit"": ""bba95b8a95c0a9e8c1939166fd20083ae9e3e956"", ""path"": ""pjsip/src/pjsip/sip_transaction.c"", ""symbol"": ""tsx_schedule_timer"", ""lines"": ""972-987"", ""url"": ""https://github.com/pjsip/pjproject/blob/bba95b8a95c0a9e8c1939166fd20083ae9e3e956/pjsip/src/pjsip/sip_transaction.c#L972"", ""source_file_verified"": true, ""source_line_verified"": true, ""source_symbol_verified"": true}, {""mapping"": ""auxiliary:4"", ""role"": ""runtime timer values"", ""event_predicate"": ""RAW post-schedule one-shot event emitted only after the correlated timer generation is successfully stored; carries arm_tick, configured_delay_ms, deadline_tick, timer_generation, role, and transport."", ""instrumentation_timing"": ""tsx_on_state_completed_uas 的 ACK 路径成功调度 T4 timeout_timer 后发 udp_confirmed_timer_i_armed；从保存条目派生 timer_i_deadline；tsx_on_state_confirmed 的 callback 与 Terminated 转移保留各自实际 tick。"", ""atomic_propositions"": [""udp_confirmed_timer_i_armed"", ""timer_i_deadline""], ""repository"": ""pjsip/pjproject"", ""commit"": ""bba95b8a95c0a9e8c1939166fd20083ae9e3e956"", ""path"": ""pjsip/src/pjsip/sip_transaction.c"", ""symbol"": ""pjsip_tsx_layer_init_module"", ""lines"": ""432-454"", ""url"": ""https://github.com/pjsip/pjproject/blob/bba95b8a95c0a9e8c1939166fd20083ae9e3e956/pjsip/src/pjsip/sip_transaction.c#L432"", ""source_file_verified"": true, ""source_line_verified"": true, ""source_symbol_verified"": true}, {""mapping"": ""auxiliary:5"", ""role"": ""T4 default constant"", ""event_predicate"": ""RAW post-schedule one-shot event emitted only after the correlated timer generation is successfully stored; carries arm_tick, configured_delay_ms, deadline_tick, timer_generation, role, and transport."", ""instrumentation_timing"": ""tsx_on_state_completed_uas 的 ACK 路径成功调度 T4 timeout_timer 后发 udp_confirmed_timer_i_armed；从保存条目派生 timer_i_deadline；tsx_on_state_confirmed 的 callback 与 Terminated 转移保留各自实际 tick。"", ""atomic_propositions"": [""udp_confirmed_timer_i_armed"", ""timer_i_deadline""], ""repository"": ""pjsip/pjproject"", ""commit"": ""bba95b8a95c0a9e8c1939166fd20083ae9e3e956"", ""path"": ""pjsip/include/pjsip/sip_config.h"", ""symbol"": ""PJSIP_T4_TIMEOUT"", ""lines"": ""1084-1087"", ""url"": ""https://github.com/pjsip/pjproject/blob/bba95b8a95c0a9e8c1939166fd20083ae9e3e956/pjsip/include/pjsip/sip_config.h#L1084"", ""source_file_verified"": true, ""source_line_verified"": true, ""source_symbol_verified"": true}]",{},tsx_on_state_completed_uas 的 ACK 路径成功调度 T4 timeout_timer 后发 udp_confirmed_timer_i_armed；从保存条目派生 timer_i_deadline；tsx_on_state_confirmed 的 callback 与 Terminated 转移保留各自实际 tick。,HYBRID
SIP,SIP-TX-18,timer_i_deadline,"DERIVED logical deadline at stored deadline_tick=arm_tick+configured_delay_ms for this timer_generation; not callback, send, or state transition; suppressed after cancellation.",session_id + top Via branch + CSeq number/method + transaction role; ACK additionally uses RFC matching; timer_generation separates every re-arm/reset,correlate first; exactly one obligation generation per finite word; dynamic identifiers remain event fields; supersession closes the old word before a new monitor is spawned,EXACTLY_ONE_TRIGGER_PER_PROJECTED_WORD; key=transaction_id+timer_kind+timer_generation; append a terminal position after the largest bounded deadline,"[{""mapping"": ""auxiliary:1"", ""role"": ""Confirmed Timer-I callback path"", ""event_predicate"": ""DERIVED logical deadline at stored deadline_tick=arm_tick+configured_delay_ms for this timer_generation; not callback, send, or state transition; suppressed after cancellation."", ""instrumentation_timing"": ""tsx_on_state_completed_uas 的 ACK 路径成功调度 T4 timeout_timer 后发 udp_confirmed_timer_i_armed；从保存条目派生 timer_i_deadline；tsx_on_state_confirmed 的 callback 与 Terminated 转移保留各自实际 tick。"", ""atomic_propositions"": [""timer_i_deadline""], ""repository"": ""pjsip/pjproject"", ""commit"": ""bba95b8a95c0a9e8c1939166fd20083ae9e3e956"", ""path"": ""pjsip/src/pjsip/sip_transaction.c"", ""symbol"": ""tsx_on_state_confirmed"", ""lines"": ""3377-3422"", ""url"": ""https://github.com/pjsip/pjproject/blob/bba95b8a95c0a9e8c1939166fd20083ae9e3e956/pjsip/src/pjsip/sip_transaction.c#L3377"", ""source_file_verified"": true, ""source_line_verified"": true, ""source_symbol_verified"": true}, {""mapping"": ""auxiliary:2"", ""role"": ""timer scheduling primitive"", ""event_predicate"": ""DERIVED logical deadline at stored deadline_tick=arm_tick+configured_delay_ms for this timer_generation; not callback, send, or state transition; suppressed after cancellation."", ""instrumentation_timing"": ""tsx_on_state_completed_uas 的 ACK 路径成功调度 T4 timeout_timer 后发 udp_confirmed_timer_i_armed；从保存条目派生 timer_i_deadline；tsx_on_state_confirmed 的 callback 与 Terminated 转移保留各自实际 tick。"", ""atomic_propositions"": [""udp_confirmed_timer_i_armed"", ""timer_i_deadline""], ""repository"": ""pjsip/pjproject"", ""commit"": ""bba95b8a95c0a9e8c1939166fd20083ae9e3e956"", ""path"": ""pjsip/src/pjsip/sip_transaction.c"", ""symbol"": ""tsx_schedule_timer"", ""lines"": ""972-987"", ""url"": ""https://github.com/pjsip/pjproject/blob/bba95b8a95c0a9e8c1939166fd20083ae9e3e956/pjsip/src/pjsip/sip_transaction.c#L972"", ""source_file_verified"": true, ""source_line_verified"": true, ""source_symbol_verified"": true}, {""mapping"": ""auxiliary:3"", ""role"": ""timer callback dispatch"", ""event_predicate"": ""DERIVED logical deadline at stored deadline_tick=arm_tick+configured_delay_ms for this timer_generation; not callback, send, or state transition; suppressed after cancellation."", ""instrumentation_timing"": ""tsx_on_state_completed_uas 的 ACK 路径成功调度 T4 timeout_timer 后发 udp_confirmed_timer_i_armed；从保存条目派生 timer_i_deadline；tsx_on_state_confirmed 的 callback 与 Terminated 转移保留各自实际 tick。"", ""atomic_propositions"": [""timer_i_deadline""], ""repository"": ""pjsip/pjproject"", ""commit"": ""bba95b8a95c0a9e8c1939166fd20083ae9e3e956"", ""path"": ""pjsip/src/pjsip/sip_transaction.c"", ""symbol"": ""tsx_timer_callback"", ""lines"": ""1116-1195"", ""url"": ""https://github.com/pjsip/pjproject/blob/bba95b8a95c0a9e8c1939166fd20083ae9e3e956/pjsip/src/pjsip/sip_transaction.c#L1116"", ""source_file_verified"": true, ""source_line_verified"": true, ""source_symbol_verified"": true}, {""mapping"": ""auxiliary:4"", ""role"": ""runtime timer values"", ""event_predicate"": ""DERIVED logical deadline at stored deadline_tick=arm_tick+configured_delay_ms for this timer_generation; not callback, send, or state transition; suppressed after cancellation."", ""instrumentation_timing"": ""tsx_on_state_completed_uas 的 ACK 路径成功调度 T4 timeout_timer 后发 udp_confirmed_timer_i_armed；从保存条目派生 timer_i_deadline；tsx_on_state_confirmed 的 callback 与 Terminated 转移保留各自实际 tick。"", ""atomic_propositions"": [""udp_confirmed_timer_i_armed"", ""timer_i_deadline""], ""repository"": ""pjsip/pjproject"", ""commit"": ""bba95b8a95c0a9e8c1939166fd20083ae9e3e956"", ""path"": ""pjsip/src/pjsip/sip_transaction.c"", ""symbol"": ""pjsip_tsx_layer_init_module"", ""lines"": ""432-454"", ""url"": ""https://github.com/pjsip/pjproject/blob/bba95b8a95c0a9e8c1939166fd20083ae9e3e956/pjsip/src/pjsip/sip_transaction.c#L432"", ""source_file_verified"": true, ""source_line_verified"": true, ""source_symbol_verified"": true}, {""mapping"": ""auxiliary:5"", ""role"": ""T4 default constant"", ""event_predicate"": ""DERIVED logical deadline at stored deadline_tick=arm_tick+configured_delay_ms for this timer_generation; not callback, send, or state transition; suppressed after cancellation."", ""instrumentation_timing"": ""tsx_on_state_completed_uas 的 ACK 路径成功调度 T4 timeout_timer 后发 udp_confirmed_timer_i_armed；从保存条目派生 timer_i_deadline；tsx_on_state_confirmed 的 callback 与 Terminated 转移保留各自实际 tick。"", ""atomic_propositions"": [""udp_confirmed_timer_i_armed"", ""timer_i_deadline""], ""repository"": ""pjsip/pjproject"", ""commit"": ""bba95b8a95c0a9e8c1939166fd20083ae9e3e956"", ""path"": ""pjsip/include/pjsip/sip_config.h"", ""symbol"": ""PJSIP_T4_TIMEOUT"", ""lines"": ""1084-1087"", ""url"": ""https://github.com/pjsip/pjproject/blob/bba95b8a95c0a9e8c1939166fd20083ae9e3e956/pjsip/include/pjsip/sip_config.h#L1084"", ""source_file_verified"": true, ""source_line_verified"": true, ""source_symbol_verified"": true}]",{},tsx_on_state_completed_uas 的 ACK 路径成功调度 T4 timeout_timer 后发 udp_confirmed_timer_i_armed；从保存条目派生 timer_i_deadline；tsx_on_state_confirmed 的 callback 与 Terminated 转移保留各自实际 tick。,HYBRID
SIP,SIP-TX-19,udp_noninvite_completed_timer_j_armed,"RAW post-schedule one-shot event emitted only after the correlated timer generation is successfully stored; carries arm_tick, configured_delay_ms, deadline_tick, timer_generation, role, and transport.",session_id + top Via branch + CSeq number/method + transaction role; ACK additionally uses RFC matching; timer_generation separates every re-arm/reset,correlate first; exactly one obligation generation per finite word; dynamic identifiers remain event fields; supersession closes the old word before a new monitor is spawned,EXACTLY_ONE_TRIGGER_PER_PROJECTED_WORD; key=transaction_id+timer_kind+timer_generation; append a terminal position after the largest bounded deadline,"[{""mapping"": ""primary"", ""role"": ""primary property hook"", ""event_predicate"": ""RAW post-schedule one-shot event emitted only after the correlated timer generation is successfully stored; carries arm_tick, configured_delay_ms, deadline_tick, timer_generation, role, and transport."", ""instrumentation_timing"": ""tsx_on_state_proceeding_uas 的 non-INVITE 最终响应路径成功调度 64*T1 timeout_timer 后发 arm AP；保存条目到点发 timer_j_deadline；tsx_on_state_completed_uas callback/termination 以实际时间另记。"", ""atomic_propositions"": [""udp_noninvite_completed_timer_j_armed""], ""repository"": ""pjsip/pjproject"", ""commit"": ""bba95b8a95c0a9e8c1939166fd20083ae9e3e956"", ""path"": ""pjsip/src/pjsip/sip_transaction.c"", ""symbol"": ""tsx_on_state_proceeding_uas"", ""lines"": ""2701-2965"", ""url"": ""https://github.com/pjsip/pjproject/blob/bba95b8a95c0a9e8c1939166fd20083ae9e3e956/pjsip/src/pjsip/sip_transaction.c#L2701"", ""source_file_verified"": true, ""source_line_verified"": true, ""source_symbol_verified"": true}, {""mapping"": ""auxiliary:2"", ""role"": ""timer scheduling primitive"", ""event_predicate"": ""RAW post-schedule one-shot event emitted only after the correlated timer generation is successfully stored; carries arm_tick, configured_delay_ms, deadline_tick, timer_generation, role, and transport."", ""instrumentation_timing"": ""tsx_on_state_proceeding_uas 的 non-INVITE 最终响应路径成功调度 64*T1 timeout_timer 后发 arm AP；保存条目到点发 timer_j_deadline；tsx_on_state_completed_uas callback/termination 以实际时间另记。"", ""atomic_propositions"": [""udp_noninvite_completed_timer_j_armed"", ""timer_j_deadline""], ""repository"": ""pjsip/pjproject"", ""commit"": ""bba95b8a95c0a9e8c1939166fd20083ae9e3e956"", ""path"": ""pjsip/src/pjsip/sip_transaction.c"", ""symbol"": ""tsx_schedule_timer"", ""lines"": ""972-987"", ""url"": ""https://github.com/pjsip/pjproject/blob/bba95b8a95c0a9e8c1939166fd20083ae9e3e956/pjsip/src/pjsip/sip_transaction.c#L972"", ""source_file_verified"": true, ""source_line_verified"": true, ""source_symbol_verified"": true}, {""mapping"": ""auxiliary:4"", ""role"": ""runtime timer values"", ""event_predicate"": ""RAW post-schedule one-shot event emitted only after the correlated timer generation is successfully stored; carries arm_tick, configured_delay_ms, deadline_tick, timer_generation, role, and transport."", ""instrumentation_timing"": ""tsx_on_state_proceeding_uas 的 non-INVITE 最终响应路径成功调度 64*T1 timeout_timer 后发 arm AP；保存条目到点发 timer_j_deadline；tsx_on_state_completed_uas callback/termination 以实际时间另记。"", ""atomic_propositions"": [""udp_noninvite_completed_timer_j_armed"", ""timer_j_deadline""], ""repository"": ""pjsip/pjproject"", ""commit"": ""bba95b8a95c0a9e8c1939166fd20083ae9e3e956"", ""path"": ""pjsip/src/pjsip/sip_transaction.c"", ""symbol"": ""pjsip_tsx_layer_init_module"", ""lines"": ""432-454"", ""url"": ""https://github.com/pjsip/pjproject/blob/bba95b8a95c0a9e8c1939166fd20083ae9e3e956/pjsip/src/pjsip/sip_transaction.c#L432"", ""source_file_verified"": true, ""source_line_verified"": true, ""source_symbol_verified"": true}, {""mapping"": ""auxiliary:5"", ""role"": ""T1 default constant"", ""event_predicate"": ""RAW post-schedule one-shot event emitted only after the correlated timer generation is successfully stored; carries arm_tick, configured_delay_ms, deadline_tick, timer_generation, role, and transport."", ""instrumentation_timing"": ""tsx_on_state_proceeding_uas 的 non-INVITE 最终响应路径成功调度 64*T1 timeout_timer 后发 arm AP；保存条目到点发 timer_j_deadline；tsx_on_state_completed_uas callback/termination 以实际时间另记。"", ""atomic_propositions"": [""udp_noninvite_completed_timer_j_armed"", ""timer_j_deadline""], ""repository"": ""pjsip/pjproject"", ""commit"": ""bba95b8a95c0a9e8c1939166fd20083ae9e3e956"", ""path"": ""pjsip/include/pjsip/sip_config.h"", ""symbol"": ""PJSIP_T1_TIMEOUT"", ""lines"": ""1075-1077"", ""url"": ""https://github.com/pjsip/pjproject/blob/bba95b8a95c0a9e8c1939166fd20083ae9e3e956/pjsip/include/pjsip/sip_config.h#L1075"", ""source_file_verified"": true, ""source_line_verified"": true, ""source_symbol_verified"": true}]",{},tsx_on_state_proceeding_uas 的 non-INVITE 最终响应路径成功调度 64*T1 timeout_timer 后发 arm AP；保存条目到点发 timer_j_deadline；tsx_on_state_completed_uas callback/termination 以实际时间另记。,HYBRID
SIP,SIP-TX-19,timer_j_deadline,"DERIVED logical deadline at stored deadline_tick=arm_tick+configured_delay_ms for this timer_generation; not callback, send, or state transition; suppressed after cancellation.",session_id + top Via branch + CSeq number/method + transaction role; ACK additionally uses RFC matching; timer_generation separates every re-arm/reset,correlate first; exactly one obligation generation per finite word; dynamic identifiers remain event fields; supersession closes the old word before a new monitor is spawned,EXACTLY_ONE_TRIGGER_PER_PROJECTED_WORD; key=transaction_id+timer_kind+timer_generation; append a terminal position after the largest bounded deadline,"[{""mapping"": ""auxiliary:1"", ""role"": ""Completed UAS ACK/timer paths"", ""event_predicate"": ""DERIVED logical deadline at stored deadline_tick=arm_tick+configured_delay_ms for this timer_generation; not callback, send, or state transition; suppressed after cancellation."", ""instrumentation_timing"": ""tsx_on_state_proceeding_uas 的 non-INVITE 最终响应路径成功调度 64*T1 timeout_timer 后发 arm AP；保存条目到点发 timer_j_deadline；tsx_on_state_completed_uas callback/termination 以实际时间另记。"", ""atomic_propositions"": [""timer_j_deadline""], ""repository"": ""pjsip/pjproject"", ""commit"": ""bba95b8a95c0a9e8c1939166fd20083ae9e3e956"", ""path"": ""pjsip/src/pjsip/sip_transaction.c"", ""symbol"": ""tsx_on_state_completed_uas"", ""lines"": ""3211-3316"", ""url"": ""https://github.com/pjsip/pjproject/blob/bba95b8a95c0a9e8c1939166fd20083ae9e3e956/pjsip/src/pjsip/sip_transaction.c#L3211"", ""source_file_verified"": true, ""source_line_verified"": true, ""source_symbol_verified"": true}, {""mapping"": ""auxiliary:2"", ""role"": ""timer scheduling primitive"", ""event_predicate"": ""DERIVED logical deadline at stored deadline_tick=arm_tick+configured_delay_ms for this timer_generation; not callback, send, or state transition; suppressed after cancellation."", ""instrumentation_timing"": ""tsx_on_state_proceeding_uas 的 non-INVITE 最终响应路径成功调度 64*T1 timeout_timer 后发 arm AP；保存条目到点发 timer_j_deadline；tsx_on_state_completed_uas callback/termination 以实际时间另记。"", ""atomic_propositions"": [""udp_noninvite_completed_timer_j_armed"", ""timer_j_deadline""], ""repository"": ""pjsip/pjproject"", ""commit"": ""bba95b8a95c0a9e8c1939166fd20083ae9e3e956"", ""path"": ""pjsip/src/pjsip/sip_transaction.c"", ""symbol"": ""tsx_schedule_timer"", ""lines"": ""972-987"", ""url"": ""https://github.com/pjsip/pjproject/blob/bba95b8a95c0a9e8c1939166fd20083ae9e3e956/pjsip/src/pjsip/sip_transaction.c#L972"", ""source_file_verified"": true, ""source_line_verified"": true, ""source_symbol_verified"": true}, {""mapping"": ""auxiliary:3"", ""role"": ""timer callback dispatch"", ""event_predicate"": ""DERIVED logical deadline at stored deadline_tick=arm_tick+configured_delay_ms for this timer_generation; not callback, send, or state transition; suppressed after cancellation."", ""instrumentation_timing"": ""tsx_on_state_proceeding_uas 的 non-INVITE 最终响应路径成功调度 64*T1 timeout_timer 后发 arm AP；保存条目到点发 timer_j_deadline；tsx_on_state_completed_uas callback/termination 以实际时间另记。"", ""atomic_propositions"": [""timer_j_deadline""], ""repository"": ""pjsip/pjproject"", ""commit"": ""bba95b8a95c0a9e8c1939166fd20083ae9e3e956"", ""path"": ""pjsip/src/pjsip/sip_transaction.c"", ""symbol"": ""tsx_timer_callback"", ""lines"": ""1116-1195"", ""url"": ""https://github.com/pjsip/pjproject/blob/bba95b8a95c0a9e8c1939166fd20083ae9e3e956/pjsip/src/pjsip/sip_transaction.c#L1116"", ""source_file_verified"": true, ""source_line_verified"": true, ""source_symbol_verified"": true}, {""mapping"": ""auxiliary:4"", ""role"": ""runtime timer values"", ""event_predicate"": ""DERIVED logical deadline at stored deadline_tick=arm_tick+configured_delay_ms for this timer_generation; not callback, send, or state transition; suppressed after cancellation."", ""instrumentation_timing"": ""tsx_on_state_proceeding_uas 的 non-INVITE 最终响应路径成功调度 64*T1 timeout_timer 后发 arm AP；保存条目到点发 timer_j_deadline；tsx_on_state_completed_uas callback/termination 以实际时间另记。"", ""atomic_propositions"": [""udp_noninvite_completed_timer_j_armed"", ""timer_j_deadline""], ""repository"": ""pjsip/pjproject"", ""commit"": ""bba95b8a95c0a9e8c1939166fd20083ae9e3e956"", ""path"": ""pjsip/src/pjsip/sip_transaction.c"", ""symbol"": ""pjsip_tsx_layer_init_module"", ""lines"": ""432-454"", ""url"": ""https://github.com/pjsip/pjproject/blob/bba95b8a95c0a9e8c1939166fd20083ae9e3e956/pjsip/src/pjsip/sip_transaction.c#L432"", ""source_file_verified"": true, ""source_line_verified"": true, ""source_symbol_verified"": true}, {""mapping"": ""auxiliary:5"", ""role"": ""T1 default constant"", ""event_predicate"": ""DERIVED logical deadline at stored deadline_tick=arm_tick+configured_delay_ms for this timer_generation; not callback, send, or state transition; suppressed after cancellation."", ""instrumentation_timing"": ""tsx_on_state_proceeding_uas 的 non-INVITE 最终响应路径成功调度 64*T1 timeout_timer 后发 arm AP；保存条目到点发 timer_j_deadline；tsx_on_state_completed_uas callback/termination 以实际时间另记。"", ""atomic_propositions"": [""udp_noninvite_completed_timer_j_armed"", ""timer_j_deadline""], ""repository"": ""pjsip/pjproject"", ""commit"": ""bba95b8a95c0a9e8c1939166fd20083ae9e3e956"", ""path"": ""pjsip/include/pjsip/sip_config.h"", ""symbol"": ""PJSIP_T1_TIMEOUT"", ""lines"": ""1075-1077"", ""url"": ""https://github.com/pjsip/pjproject/blob/bba95b8a95c0a9e8c1939166fd20083ae9e3e956/pjsip/include/pjsip/sip_config.h#L1075"", ""source_file_verified"": true, ""source_line_verified"": true, ""source_symbol_verified"": true}]",{},tsx_on_state_proceeding_uas 的 non-INVITE 最终响应路径成功调度 64*T1 timeout_timer 后发 arm AP；保存条目到点发 timer_j_deadline；tsx_on_state_completed_uas callback/termination 以实际时间另记。,HYBRID
SIP,SIP-TX-20,proxy_timer_c_generation_started,"RAW one-shot initial-forward or qualifying 101--199 reset attempt, emitted before validating the stored Timer-C generation; it is followed by a deterministic same-tick post-arm microstep.",session_id + top Via branch + CSeq number/method + transaction role; ACK additionally uses RFC matching; timer_generation separates every re-arm/reset,correlate first; exactly one obligation generation per finite word; dynamic identifiers remain event fields; supersession closes the old word before a new monitor is spawned,EXACTLY_ONE_TRIGGER_PER_PROJECTED_WORD; key=transaction_id+timer_kind+timer_generation; append a terminal position after the largest bounded deadline,"[{""mapping"": ""primary"", ""role"": ""primary property hook"", ""event_predicate"": ""RAW one-shot initial-forward or qualifying 101--199 reset attempt, emitted before validating the stored Timer-C generation; it is followed by a deterministic same-tick post-arm microstep."", ""instrumentation_timing"": ""对 init_new_t 的初始分支和 reply_received 的每个合格 101--199 reset，先发 proxy_timer_c_generation_started；_set_fr_retr/restart_rb_fr 存储完成后，在同一整数 tick 的后一 microstep 检查 fr_expire/end_of_life，严格大于边界才发 timer_c_armed_gt_180000；到期派生 timer_c_deadline。"", ""atomic_propositions"": [""proxy_timer_c_generation_started"", ""timer_c_armed_gt_180000"", ""timer_c_deadline""], ""repository"": ""kamailio/kamailio"", ""commit"": ""2648eb330b133a20f1398d59a28c53532106cad3"", ""path"": ""src/modules/tm/timer.h"", ""symbol"": ""_set_fr_retr"", ""lines"": ""159-220"", ""url"": ""https://github.com/kamailio/kamailio/blob/2648eb330b133a20f1398d59a28c53532106cad3/src/modules/tm/timer.h#L159"", ""source_file_verified"": true, ""source_line_verified"": true, ""source_symbol_verified"": true}, {""mapping"": ""auxiliary:1"", ""role"": ""transaction chooses fr_inv_timeout and max lifetime"", ""event_predicate"": ""RAW one-shot initial-forward or qualifying 101--199 reset attempt, emitted before validating the stored Timer-C generation; it is followed by a deterministic same-tick post-arm microstep."", ""instrumentation_timing"": ""对 init_new_t 的初始分支和 reply_received 的每个合格 101--199 reset，先发 proxy_timer_c_generation_started；_set_fr_retr/restart_rb_fr 存储完成后，在同一整数 tick 的后一 microstep 检查 fr_expire/end_of_life，严格大于边界才发 timer_c_armed_gt_180000；到期派生 timer_c_deadline。"", ""atomic_propositions"": [""proxy_timer_c_generation_started"", ""timer_c_armed_gt_180000""], ""repository"": ""kamailio/kamailio"", ""commit"": ""2648eb330b133a20f1398d59a28c53532106cad3"", ""path"": ""src/modules/tm/t_lookup.c"", ""symbol"": ""init_new_t"", ""lines"": ""1185-1264"", ""url"": ""https://github.com/kamailio/kamailio/blob/2648eb330b133a20f1398d59a28c53532106cad3/src/modules/tm/t_lookup.c#L1185"", ""source_file_verified"": true, ""source_line_verified"": true, ""source_symbol_verified"": true}, {""mapping"": ""auxiliary:2"", ""role"": ""101-199 reset path"", ""event_predicate"": ""RAW one-shot initial-forward or qualifying 101--199 reset attempt, emitted before validating the stored Timer-C generation; it is followed by a deterministic same-tick post-arm microstep."", ""instrumentation_timing"": ""对 init_new_t 的初始分支和 reply_received 的每个合格 101--199 reset，先发 proxy_timer_c_generation_started；_set_fr_retr/restart_rb_fr 存储完成后，在同一整数 tick 的后一 microstep 检查 fr_expire/end_of_life，严格大于边界才发 timer_c_armed_gt_180000；到期派生 timer_c_deadline。"", ""atomic_propositions"": [""proxy_timer_c_generation_started""], ""repository"": ""kamailio/kamailio"", ""commit"": ""2648eb330b133a20f1398d59a28c53532106cad3"", ""path"": ""src/modules/tm/t_reply.c"", ""symbol"": ""reply_received"", ""lines"": ""2293-2721"", ""url"": ""https://github.com/kamailio/kamailio/blob/2648eb330b133a20f1398d59a28c53532106cad3/src/modules/tm/t_reply.c#L2293"", ""source_file_verified"": true, ""source_line_verified"": true, ""source_symbol_verified"": true}, {""mapping"": ""auxiliary:3"", ""role"": ""fresh provisional deadline"", ""event_predicate"": ""RAW one-shot initial-forward or qualifying 101--199 reset attempt, emitted before validating the stored Timer-C generation; it is followed by a deterministic same-tick post-arm microstep."", ""instrumentation_timing"": ""对 init_new_t 的初始分支和 reply_received 的每个合格 101--199 reset，先发 proxy_timer_c_generation_started；_set_fr_retr/restart_rb_fr 存储完成后，在同一整数 tick 的后一 microstep 检查 fr_expire/end_of_life，严格大于边界才发 timer_c_armed_gt_180000；到期派生 timer_c_deadline。"", ""atomic_propositions"": [""proxy_timer_c_generation_started"", ""timer_c_armed_gt_180000"", ""timer_c_deadline""], ""repository"": ""kamailio/kamailio"", ""commit"": ""2648eb330b133a20f1398d59a28c53532106cad3"", ""path"": ""src/modules/tm/timer.h"", ""symbol"": ""restart_rb_fr"", ""lines"": ""247-259"", ""url"": ""https://github.com/kamailio/kamailio/blob/2648eb330b133a20f1398d59a28c53532106cad3/src/modules/tm/timer.h#L247"", ""source_file_verified"": true, ""source_line_verified"": true, ""source_symbol_verified"": true}]",{},对 init_new_t 的初始分支和 reply_received 的每个合格 101--199 reset，先发 proxy_timer_c_generation_started；_set_fr_retr/restart_rb_fr 存储完成后，在同一整数 tick 的后一 microstep 检查 fr_expire/end_of_life，严格大于边界才发 timer_c_armed_gt_180000；到期派生 timer_c_deadline。,HYBRID
SIP,SIP-TX-20,timer_c_armed_gt_180000,"DERIVED post-schedule event true only when the correlated stored deadline_tick-arm_tick is strictly greater than 180000; missing, equal, capped, or shorter arms are false. Under integer-millisecond pointwise semantics, F [0,1) admits only a later microstep with the same timestamp and adds no millisecond tolerance.",session_id + top Via branch + CSeq number/method + transaction role; ACK additionally uses RFC matching; timer_generation separates every re-arm/reset,correlate first; exactly one obligation generation per finite word; dynamic identifiers remain event fields; supersession closes the old word before a new monitor is spawned,EXACTLY_ONE_TRIGGER_PER_PROJECTED_WORD; key=transaction_id+timer_kind+timer_generation; append a terminal position after the largest bounded deadline,"[{""mapping"": ""primary"", ""role"": ""primary property hook"", ""event_predicate"": ""DERIVED post-schedule event true only when the correlated stored deadline_tick-arm_tick is strictly greater than 180000; missing, equal, capped, or shorter arms are false. Under integer-millisecond pointwise semantics, F [0,1) admits only a later microstep with the same timestamp and adds no millisecond tolerance."", ""instrumentation_timing"": ""对 init_new_t 的初始分支和 reply_received 的每个合格 101--199 reset，先发 proxy_timer_c_generation_started；_set_fr_retr/restart_rb_fr 存储完成后，在同一整数 tick 的后一 microstep 检查 fr_expire/end_of_life，严格大于边界才发 timer_c_armed_gt_180000；到期派生 timer_c_deadline。"", ""atomic_propositions"": [""proxy_timer_c_generation_started"", ""timer_c_armed_gt_180000"", ""timer_c_deadline""], ""repository"": ""kamailio/kamailio"", ""commit"": ""2648eb330b133a20f1398d59a28c53532106cad3"", ""path"": ""src/modules/tm/timer.h"", ""symbol"": ""_set_fr_retr"", ""lines"": ""159-220"", ""url"": ""https://github.com/kamailio/kamailio/blob/2648eb330b133a20f1398d59a28c53532106cad3/src/modules/tm/timer.h#L159"", ""source_file_verified"": true, ""source_line_verified"": true, ""source_symbol_verified"": true}, {""mapping"": ""auxiliary:1"", ""role"": ""transaction chooses fr_inv_timeout and max lifetime"", ""event_predicate"": ""DERIVED post-schedule event true only when the correlated stored deadline_tick-arm_tick is strictly greater than 180000; missing, equal, capped, or shorter arms are false. Under integer-millisecond pointwise semantics, F [0,1) admits only a later microstep with the same timestamp and adds no millisecond tolerance."", ""instrumentation_timing"": ""对 init_new_t 的初始分支和 reply_received 的每个合格 101--199 reset，先发 proxy_timer_c_generation_started；_set_fr_retr/restart_rb_fr 存储完成后，在同一整数 tick 的后一 microstep 检查 fr_expire/end_of_life，严格大于边界才发 timer_c_armed_gt_180000；到期派生 timer_c_deadline。"", ""atomic_propositions"": [""proxy_timer_c_generation_started"", ""timer_c_armed_gt_180000""], ""repository"": ""kamailio/kamailio"", ""commit"": ""2648eb330b133a20f1398d59a28c53532106cad3"", ""path"": ""src/modules/tm/t_lookup.c"", ""symbol"": ""init_new_t"", ""lines"": ""1185-1264"", ""url"": ""https://github.com/kamailio/kamailio/blob/2648eb330b133a20f1398d59a28c53532106cad3/src/modules/tm/t_lookup.c#L1185"", ""source_file_verified"": true, ""source_line_verified"": true, ""source_symbol_verified"": true}, {""mapping"": ""auxiliary:3"", ""role"": ""fresh provisional deadline"", ""event_predicate"": ""DERIVED post-schedule event true only when the correlated stored deadline_tick-arm_tick is strictly greater than 180000; missing, equal, capped, or shorter arms are false. Under integer-millisecond pointwise semantics, F [0,1) admits only a later microstep with the same timestamp and adds no millisecond tolerance."", ""instrumentation_timing"": ""对 init_new_t 的初始分支和 reply_received 的每个合格 101--199 reset，先发 proxy_timer_c_generation_started；_set_fr_retr/restart_rb_fr 存储完成后，在同一整数 tick 的后一 microstep 检查 fr_expire/end_of_life，严格大于边界才发 timer_c_armed_gt_180000；到期派生 timer_c_deadline。"", ""atomic_propositions"": [""proxy_timer_c_generation_started"", ""timer_c_armed_gt_180000"", ""timer_c_deadline""], ""repository"": ""kamailio/kamailio"", ""commit"": ""2648eb330b133a20f1398d59a28c53532106cad3"", ""path"": ""src/modules/tm/timer.h"", ""symbol"": ""restart_rb_fr"", ""lines"": ""247-259"", ""url"": ""https://github.com/kamailio/kamailio/blob/2648eb330b133a20f1398d59a28c53532106cad3/src/modules/tm/timer.h#L247"", ""source_file_verified"": true, ""source_line_verified"": true, ""source_symbol_verified"": true}, {""mapping"": ""auxiliary:4"", ""role"": ""lifetime cap interaction"", ""event_predicate"": ""DERIVED post-schedule event true only when the correlated stored deadline_tick-arm_tick is strictly greater than 180000; missing, equal, capped, or shorter arms are false. Under integer-millisecond pointwise semantics, F [0,1) admits only a later microstep with the same timestamp and adds no millisecond tolerance."", ""instrumentation_timing"": ""对 init_new_t 的初始分支和 reply_received 的每个合格 101--199 reset，先发 proxy_timer_c_generation_started；_set_fr_retr/restart_rb_fr 存储完成后，在同一整数 tick 的后一 microstep 检查 fr_expire/end_of_life，严格大于边界才发 timer_c_armed_gt_180000；到期派生 timer_c_deadline。"", ""atomic_propositions"": [""timer_c_armed_gt_180000"", ""timer_c_deadline""], ""repository"": ""kamailio/kamailio"", ""commit"": ""2648eb330b133a20f1398d59a28c53532106cad3"", ""path"": ""src/modules/tm/timer.h"", ""symbol"": ""change_end_of_life"", ""lines"": ""331-343"", ""url"": ""https://github.com/kamailio/kamailio/blob/2648eb330b133a20f1398d59a28c53532106cad3/src/modules/tm/timer.h#L331"", ""source_file_verified"": true, ""source_line_verified"": true, ""source_symbol_verified"": true}, {""mapping"": ""auxiliary:5"", ""role"": ""120000 default"", ""event_predicate"": ""DERIVED post-schedule event true only when the correlated stored deadline_tick-arm_tick is strictly greater than 180000; missing, equal, capped, or shorter arms are false. Under integer-millisecond pointwise semantics, F [0,1) admits only a later microstep with the same timestamp and adds no millisecond tolerance."", ""instrumentation_timing"": ""对 init_new_t 的初始分支和 reply_received 的每个合格 101--199 reset，先发 proxy_timer_c_generation_started；_set_fr_retr/restart_rb_fr 存储完成后，在同一整数 tick 的后一 microstep 检查 fr_expire/end_of_life，严格大于边界才发 timer_c_armed_gt_180000；到期派生 timer_c_deadline。"", ""atomic_propositions"": [""timer_c_armed_gt_180000""], ""repository"": ""kamailio/kamailio"", ""commit"": ""2648eb330b133a20f1398d59a28c53532106cad3"", ""path"": ""src/modules/tm/config.h"", ""symbol"": ""INV_FR_TIME_OUT"", ""lines"": ""47-49"", ""url"": ""https://github.com/kamailio/kamailio/blob/2648eb330b133a20f1398d59a28c53532106cad3/src/modules/tm/config.h#L47"", ""source_file_verified"": true, ""source_line_verified"": true, ""source_symbol_verified"": true}, {""mapping"": ""auxiliary:6"", ""role"": ""180000 max lifetime default"", ""event_predicate"": ""DERIVED post-schedule event true only when the correlated stored deadline_tick-arm_tick is strictly greater than 180000; missing, equal, capped, or shorter arms are false. Under integer-millisecond pointwise semantics, F [0,1) admits only a later microstep with the same timestamp and adds no millisecond tolerance."", ""instrumentation_timing"": ""对 init_new_t 的初始分支和 reply_received 的每个合格 101--199 reset，先发 proxy_timer_c_generation_started；_set_fr_retr/restart_rb_fr 存储完成后，在同一整数 tick 的后一 microstep 检查 fr_expire/end_of_life，严格大于边界才发 timer_c_armed_gt_180000；到期派生 timer_c_deadline。"", ""atomic_propositions"": [""timer_c_armed_gt_180000""], ""repository"": ""kamailio/kamailio"", ""commit"": ""2648eb330b133a20f1398d59a28c53532106cad3"", ""path"": ""src/modules/tm/config.h"", ""symbol"": ""MAX_INV_LIFETIME"", ""lines"": ""61-68"", ""url"": ""https://github.com/kamailio/kamailio/blob/2648eb330b133a20f1398d59a28c53532106cad3/src/modules/tm/config.h#L61"", ""source_file_verified"": true, ""source_line_verified"": true, ""source_symbol_verified"": true}, {""mapping"": ""auxiliary:7"", ""role"": ""default profile record"", ""event_predicate"": ""DERIVED post-schedule event true only when the correlated stored deadline_tick-arm_tick is strictly greater than 180000; missing, equal, capped, or shorter arms are false. Under integer-millisecond pointwise semantics, F [0,1) admits only a later microstep with the same timestamp and adds no millisecond tolerance."", ""instrumentation_timing"": ""对 init_new_t 的初始分支和 reply_received 的每个合格 101--199 reset，先发 proxy_timer_c_generation_started；_set_fr_retr/restart_rb_fr 存储完成后，在同一整数 tick 的后一 microstep 检查 fr_expire/end_of_life，严格大于边界才发 timer_c_armed_gt_180000；到期派生 timer_c_deadline。"", ""atomic_propositions"": [""timer_c_armed_gt_180000""], ""repository"": ""kamailio/kamailio"", ""commit"": ""2648eb330b133a20f1398d59a28c53532106cad3"", ""path"": ""src/modules/tm/config.c"", ""symbol"": ""default_tm_cfg"", ""lines"": ""36-98"", ""url"": ""https://github.com/kamailio/kamailio/blob/2648eb330b133a20f1398d59a28c53532106cad3/src/modules/tm/config.c#L36"", ""source_file_verified"": true, ""source_line_verified"": true, ""source_symbol_verified"": true}]",{},对 init_new_t 的初始分支和 reply_received 的每个合格 101--199 reset，先发 proxy_timer_c_generation_started；_set_fr_retr/restart_rb_fr 存储完成后，在同一整数 tick 的后一 microstep 检查 fr_expire/end_of_life，严格大于边界才发 timer_c_armed_gt_180000；到期派生 timer_c_deadline。,HYBRID
SIP,SIP-TX-20,timer_c_deadline,"DERIVED logical deadline at stored deadline_tick=arm_tick+configured_delay_ms for this timer_generation; not callback, send, or state transition; suppressed after cancellation.",session_id + top Via branch + CSeq number/method + transaction role; ACK additionally uses RFC matching; timer_generation separates every re-arm/reset,correlate first; exactly one obligation generation per finite word; dynamic identifiers remain event fields; supersession closes the old word before a new monitor is spawned,EXACTLY_ONE_TRIGGER_PER_PROJECTED_WORD; key=transaction_id+timer_kind+timer_generation; append a terminal position after the largest bounded deadline,"[{""mapping"": ""primary"", ""role"": ""primary property hook"", ""event_predicate"": ""DERIVED logical deadline at stored deadline_tick=arm_tick+configured_delay_ms for this timer_generation; not callback, send, or state transition; suppressed after cancellation."", ""instrumentation_timing"": ""对 init_new_t 的初始分支和 reply_received 的每个合格 101--199 reset，先发 proxy_timer_c_generation_started；_set_fr_retr/restart_rb_fr 存储完成后，在同一整数 tick 的后一 microstep 检查 fr_expire/end_of_life，严格大于边界才发 timer_c_armed_gt_180000；到期派生 timer_c_deadline。"", ""atomic_propositions"": [""proxy_timer_c_generation_started"", ""timer_c_armed_gt_180000"", ""timer_c_deadline""], ""repository"": ""kamailio/kamailio"", ""commit"": ""2648eb330b133a20f1398d59a28c53532106cad3"", ""path"": ""src/modules/tm/timer.h"", ""symbol"": ""_set_fr_retr"", ""lines"": ""159-220"", ""url"": ""https://github.com/kamailio/kamailio/blob/2648eb330b133a20f1398d59a28c53532106cad3/src/modules/tm/timer.h#L159"", ""source_file_verified"": true, ""source_line_verified"": true, ""source_symbol_verified"": true}, {""mapping"": ""auxiliary:3"", ""role"": ""fresh provisional deadline"", ""event_predicate"": ""DERIVED logical deadline at stored deadline_tick=arm_tick+configured_delay_ms for this timer_generation; not callback, send, or state transition; suppressed after cancellation."", ""instrumentation_timing"": ""对 init_new_t 的初始分支和 reply_received 的每个合格 101--199 reset，先发 proxy_timer_c_generation_started；_set_fr_retr/restart_rb_fr 存储完成后，在同一整数 tick 的后一 microstep 检查 fr_expire/end_of_life，严格大于边界才发 timer_c_armed_gt_180000；到期派生 timer_c_deadline。"", ""atomic_propositions"": [""proxy_timer_c_generation_started"", ""timer_c_armed_gt_180000"", ""timer_c_deadline""], ""repository"": ""kamailio/kamailio"", ""commit"": ""2648eb330b133a20f1398d59a28c53532106cad3"", ""path"": ""src/modules/tm/timer.h"", ""symbol"": ""restart_rb_fr"", ""lines"": ""247-259"", ""url"": ""https://github.com/kamailio/kamailio/blob/2648eb330b133a20f1398d59a28c53532106cad3/src/modules/tm/timer.h#L247"", ""source_file_verified"": true, ""source_line_verified"": true, ""source_symbol_verified"": true}, {""mapping"": ""auxiliary:4"", ""role"": ""lifetime cap interaction"", ""event_predicate"": ""DERIVED logical deadline at stored deadline_tick=arm_tick+configured_delay_ms for this timer_generation; not callback, send, or state transition; suppressed after cancellation."", ""instrumentation_timing"": ""对 init_new_t 的初始分支和 reply_received 的每个合格 101--199 reset，先发 proxy_timer_c_generation_started；_set_fr_retr/restart_rb_fr 存储完成后，在同一整数 tick 的后一 microstep 检查 fr_expire/end_of_life，严格大于边界才发 timer_c_armed_gt_180000；到期派生 timer_c_deadline。"", ""atomic_propositions"": [""timer_c_armed_gt_180000"", ""timer_c_deadline""], ""repository"": ""kamailio/kamailio"", ""commit"": ""2648eb330b133a20f1398d59a28c53532106cad3"", ""path"": ""src/modules/tm/timer.h"", ""symbol"": ""change_end_of_life"", ""lines"": ""331-343"", ""url"": ""https://github.com/kamailio/kamailio/blob/2648eb330b133a20f1398d59a28c53532106cad3/src/modules/tm/timer.h#L331"", ""source_file_verified"": true, ""source_line_verified"": true, ""source_symbol_verified"": true}]",{},对 init_new_t 的初始分支和 reply_received 的每个合格 101--199 reset，先发 proxy_timer_c_generation_started；_set_fr_retr/restart_rb_fr 存储完成后，在同一整数 tick 的后一 microstep 检查 fr_expire/end_of_life，严格大于边界才发 timer_c_armed_gt_180000；到期派生 timer_c_deadline。,HYBRID
SIP,SIP-TX-21,timer_x_armed_t1,"RAW post-schedule one-shot event emitted only after the correlated timer generation is successfully stored; carries arm_tick, configured_delay_ms, deadline_tick, timer_generation, role, and transport.",session_id + top Via branch + CSeq number/method + transaction role; ACK additionally uses RFC matching; timer_generation separates every re-arm/reset,correlate first; exactly one obligation generation per finite word; dynamic identifiers remain event fields; supersession closes the old word before a new monitor is spawned,EXACTLY_ONE_TRIGGER_PER_PROJECTED_WORD; key=transaction_id+timer_kind+timer_generation; append a terminal position after the largest bounded deadline,"[{""mapping"": ""primary"", ""role"": ""primary property hook"", ""event_predicate"": ""RAW post-schedule one-shot event emitted only after the correlated timer generation is successfully stored; carries arm_tick, configured_delay_ms, deadline_tick, timer_generation, role, and transport."", ""instrumentation_timing"": ""tsip_transac_ist_Proceeding_2_Accepted_X_2xx 的 TRANSAC_IST_TIMER_SCHEDULE(X) 成功后发 timer_x_armed_t1；存储到期发 deadline；iACK handler 完成匹配并取消 X 后发 matched_2xx_ack；callback 的 send 另记实际 tick。"", ""atomic_propositions"": [""timer_x_armed_t1"", ""timer_x_deadline""], ""repository"": ""DoubangoTelecom/doubango"", ""commit"": ""7604ae6761534d2efdc862bc9961623abc98b9a5"", ""path"": ""tinySIP/src/transactions/tsip_transac_ist.c"", ""symbol"": ""tsip_transac_ist_Proceeding_2_Accepted_X_2xx"", ""lines"": ""472-512"", ""url"": ""https://github.com/DoubangoTelecom/doubango/blob/7604ae6761534d2efdc862bc9961623abc98b9a5/tinySIP/src/transactions/tsip_transac_ist.c#L472"", ""source_file_verified"": true, ""source_line_verified"": true, ""source_symbol_verified"": true}, {""mapping"": ""auxiliary:1"", ""role"": ""FSM and Timer-X initialization"", ""event_predicate"": ""RAW post-schedule one-shot event emitted only after the correlated timer generation is successfully stored; carries arm_tick, configured_delay_ms, deadline_tick, timer_generation, role, and transport."", ""instrumentation_timing"": ""tsip_transac_ist_Proceeding_2_Accepted_X_2xx 的 TRANSAC_IST_TIMER_SCHEDULE(X) 成功后发 timer_x_armed_t1；存储到期发 deadline；iACK handler 完成匹配并取消 X 后发 matched_2xx_ack；callback 的 send 另记实际 tick。"", ""atomic_propositions"": [""timer_x_armed_t1"", ""timer_x_deadline""], ""repository"": ""DoubangoTelecom/doubango"", ""commit"": ""7604ae6761534d2efdc862bc9961623abc98b9a5"", ""path"": ""tinySIP/src/transactions/tsip_transac_ist.c"", ""symbol"": ""tsip_transac_ist_init"", ""lines"": ""233-320"", ""url"": ""https://github.com/DoubangoTelecom/doubango/blob/7604ae6761534d2efdc862bc9961623abc98b9a5/tinySIP/src/transactions/tsip_transac_ist.c#L233"", ""source_file_verified"": true, ""source_line_verified"": true, ""source_symbol_verified"": true}, {""mapping"": ""auxiliary:4"", ""role"": ""T1 constant"", ""event_predicate"": ""RAW post-schedule one-shot event emitted only after the correlated timer generation is successfully stored; carries arm_tick, configured_delay_ms, deadline_tick, timer_generation, role, and transport."", ""instrumentation_timing"": ""tsip_transac_ist_Proceeding_2_Accepted_X_2xx 的 TRANSAC_IST_TIMER_SCHEDULE(X) 成功后发 timer_x_armed_t1；存储到期发 deadline；iACK handler 完成匹配并取消 X 后发 matched_2xx_ack；callback 的 send 另记实际 tick。"", ""atomic_propositions"": [""timer_x_armed_t1"", ""timer_x_deadline""], ""repository"": ""DoubangoTelecom/doubango"", ""commit"": ""7604ae6761534d2efdc862bc9961623abc98b9a5"", ""path"": ""tinySIP/src/tsip_timers.c"", ""symbol"": ""TIMER_T1"", ""lines"": ""80"", ""url"": ""https://github.com/DoubangoTelecom/doubango/blob/7604ae6761534d2efdc862bc9961623abc98b9a5/tinySIP/src/tsip_timers.c#L80"", ""source_file_verified"": true, ""source_line_verified"": true, ""source_symbol_verified"": true}]",{},tsip_transac_ist_Proceeding_2_Accepted_X_2xx 的 TRANSAC_IST_TIMER_SCHEDULE(X) 成功后发 timer_x_armed_t1；存储到期发 deadline；iACK handler 完成匹配并取消 X 后发 matched_2xx_ack；callback 的 send 另记实际 tick。,HYBRID
SIP,SIP-TX-21,timer_x_deadline,"DERIVED logical deadline at stored deadline_tick=arm_tick+configured_delay_ms for this timer_generation; not callback, send, or state transition; suppressed after cancellation.",session_id + top Via branch + CSeq number/method + transaction role; ACK additionally uses RFC matching; timer_generation separates every re-arm/reset,correlate first; exactly one obligation generation per finite word; dynamic identifiers remain event fields; supersession closes the old word before a new monitor is spawned,EXACTLY_ONE_TRIGGER_PER_PROJECTED_WORD; key=transaction_id+timer_kind+timer_generation; append a terminal position after the largest bounded deadline,"[{""mapping"": ""primary"", ""role"": ""primary property hook"", ""event_predicate"": ""DERIVED logical deadline at stored deadline_tick=arm_tick+configured_delay_ms for this timer_generation; not callback, send, or state transition; suppressed after cancellation."", ""instrumentation_timing"": ""tsip_transac_ist_Proceeding_2_Accepted_X_2xx 的 TRANSAC_IST_TIMER_SCHEDULE(X) 成功后发 timer_x_armed_t1；存储到期发 deadline；iACK handler 完成匹配并取消 X 后发 matched_2xx_ack；callback 的 send 另记实际 tick。"", ""atomic_propositions"": [""timer_x_armed_t1"", ""timer_x_deadline""], ""repository"": ""DoubangoTelecom/doubango"", ""commit"": ""7604ae6761534d2efdc862bc9961623abc98b9a5"", ""path"": ""tinySIP/src/transactions/tsip_transac_ist.c"", ""symbol"": ""tsip_transac_ist_Proceeding_2_Accepted_X_2xx"", ""lines"": ""472-512"", ""url"": ""https://github.com/DoubangoTelecom/doubango/blob/7604ae6761534d2efdc862bc9961623abc98b9a5/tinySIP/src/transactions/tsip_transac_ist.c#L472"", ""source_file_verified"": true, ""source_line_verified"": true, ""source_symbol_verified"": true}, {""mapping"": ""auxiliary:1"", ""role"": ""FSM and Timer-X initialization"", ""event_predicate"": ""DERIVED logical deadline at stored deadline_tick=arm_tick+configured_delay_ms for this timer_generation; not callback, send, or state transition; suppressed after cancellation."", ""instrumentation_timing"": ""tsip_transac_ist_Proceeding_2_Accepted_X_2xx 的 TRANSAC_IST_TIMER_SCHEDULE(X) 成功后发 timer_x_armed_t1；存储到期发 deadline；iACK handler 完成匹配并取消 X 后发 matched_2xx_ack；callback 的 send 另记实际 tick。"", ""atomic_propositions"": [""timer_x_armed_t1"", ""timer_x_deadline""], ""repository"": ""DoubangoTelecom/doubango"", ""commit"": ""7604ae6761534d2efdc862bc9961623abc98b9a5"", ""path"": ""tinySIP/src/transactions/tsip_transac_ist.c"", ""symbol"": ""tsip_transac_ist_init"", ""lines"": ""233-320"", ""url"": ""https://github.com/DoubangoTelecom/doubango/blob/7604ae6761534d2efdc862bc9961623abc98b9a5/tinySIP/src/transactions/tsip_transac_ist.c#L233"", ""source_file_verified"": true, ""source_line_verified"": true, ""source_symbol_verified"": true}, {""mapping"": ""auxiliary:2"", ""role"": ""Timer-X callback/send/re-arm"", ""event_predicate"": ""DERIVED logical deadline at stored deadline_tick=arm_tick+configured_delay_ms for this timer_generation; not callback, send, or state transition; suppressed after cancellation."", ""instrumentation_timing"": ""tsip_transac_ist_Proceeding_2_Accepted_X_2xx 的 TRANSAC_IST_TIMER_SCHEDULE(X) 成功后发 timer_x_armed_t1；存储到期发 deadline；iACK handler 完成匹配并取消 X 后发 matched_2xx_ack；callback 的 send 另记实际 tick。"", ""atomic_propositions"": [""timer_x_deadline""], ""repository"": ""DoubangoTelecom/doubango"", ""commit"": ""7604ae6761534d2efdc862bc9961623abc98b9a5"", ""path"": ""tinySIP/src/transactions/tsip_transac_ist.c"", ""symbol"": ""tsip_transac_ist_Accepted_2_Accepted_timerX"", ""lines"": ""649-659"", ""url"": ""https://github.com/DoubangoTelecom/doubango/blob/7604ae6761534d2efdc862bc9961623abc98b9a5/tinySIP/src/transactions/tsip_transac_ist.c#L649"", ""source_file_verified"": true, ""source_line_verified"": true, ""source_symbol_verified"": true}, {""mapping"": ""auxiliary:4"", ""role"": ""T1 constant"", ""event_predicate"": ""DERIVED logical deadline at stored deadline_tick=arm_tick+configured_delay_ms for this timer_generation; not callback, send, or state transition; suppressed after cancellation."", ""instrumentation_timing"": ""tsip_transac_ist_Proceeding_2_Accepted_X_2xx 的 TRANSAC_IST_TIMER_SCHEDULE(X) 成功后发 timer_x_armed_t1；存储到期发 deadline；iACK handler 完成匹配并取消 X 后发 matched_2xx_ack；callback 的 send 另记实际 tick。"", ""atomic_propositions"": [""timer_x_armed_t1"", ""timer_x_deadline""], ""repository"": ""DoubangoTelecom/doubango"", ""commit"": ""7604ae6761534d2efdc862bc9961623abc98b9a5"", ""path"": ""tinySIP/src/tsip_timers.c"", ""symbol"": ""TIMER_T1"", ""lines"": ""80"", ""url"": ""https://github.com/DoubangoTelecom/doubango/blob/7604ae6761534d2efdc862bc9961623abc98b9a5/tinySIP/src/tsip_timers.c#L80"", ""source_file_verified"": true, ""source_line_verified"": true, ""source_symbol_verified"": true}]",{},tsip_transac_ist_Proceeding_2_Accepted_X_2xx 的 TRANSAC_IST_TIMER_SCHEDULE(X) 成功后发 timer_x_armed_t1；存储到期发 deadline；iACK handler 完成匹配并取消 X 后发 matched_2xx_ack；callback 的 send 另记实际 tick。,HYBRID
SIP,SIP-TX-21,matched_2xx_ack,RAW/LATCHED RFC-matched ACK outcome emitted only after correlation and any required timer cancellation; closes this generation.,session_id + top Via branch + CSeq number/method + transaction role; ACK additionally uses RFC matching; timer_generation separates every re-arm/reset,correlate first; exactly one obligation generation per finite word; dynamic identifiers remain event fields; supersession closes the old word before a new monitor is spawned,EXACTLY_ONE_TRIGGER_PER_PROJECTED_WORD; key=transaction_id+timer_kind+timer_generation; append a terminal position after the largest bounded deadline,"[{""mapping"": ""auxiliary:3"", ""role"": ""matching ACK cancellation"", ""event_predicate"": ""RAW/LATCHED RFC-matched ACK outcome emitted only after correlation and any required timer cancellation; closes this generation."", ""instrumentation_timing"": ""tsip_transac_ist_Proceeding_2_Accepted_X_2xx 的 TRANSAC_IST_TIMER_SCHEDULE(X) 成功后发 timer_x_armed_t1；存储到期发 deadline；iACK handler 完成匹配并取消 X 后发 matched_2xx_ack；callback 的 send 另记实际 tick。"", ""atomic_propositions"": [""matched_2xx_ack""], ""repository"": ""DoubangoTelecom/doubango"", ""commit"": ""7604ae6761534d2efdc862bc9961623abc98b9a5"", ""path"": ""tinySIP/src/transactions/tsip_transac_ist.c"", ""symbol"": ""tsip_transac_ist_Accepted_2_Accepted_iACK"", ""lines"": ""664-671"", ""url"": ""https://github.com/DoubangoTelecom/doubango/blob/7604ae6761534d2efdc862bc9961623abc98b9a5/tinySIP/src/transactions/tsip_transac_ist.c#L664"", ""source_file_verified"": true, ""source_line_verified"": true, ""source_symbol_verified"": true}]",{},tsip_transac_ist_Proceeding_2_Accepted_X_2xx 的 TRANSAC_IST_TIMER_SCHEDULE(X) 成功后发 timer_x_armed_t1；存储到期发 deadline；iACK handler 完成匹配并取消 X 后发 matched_2xx_ack；callback 的 send 另记实际 tick。,HYBRID
SIP,SIP-TX-22,timer_x_rearmed_expected_2t1,"RAW post-schedule one-shot event emitted only after the correlated timer generation is successfully stored; carries arm_tick, configured_delay_ms, deadline_tick, timer_generation, role, and transport.",session_id + top Via branch + CSeq number/method + transaction role; ACK additionally uses RFC matching; timer_generation separates every re-arm/reset,correlate first; exactly one obligation generation per finite word; dynamic identifiers remain event fields; supersession closes the old word before a new monitor is spawned,EXACTLY_ONE_TRIGGER_PER_PROJECTED_WORD; key=transaction_id+timer_kind+timer_generation; append a terminal position after the largest bounded deadline,"[{""mapping"": ""primary"", ""role"": ""primary property hook"", ""event_predicate"": ""RAW post-schedule one-shot event emitted only after the correlated timer generation is successfully stored; carries arm_tick, configured_delay_ms, deadline_tick, timer_generation, role, and transport."", ""instrumentation_timing"": ""第一次 tsip_transac_ist_Accepted_2_Accepted_timerX callback 发送后，记录 raw_delay_ms 与 expected_delay_ms=2*T1，并发 timer_x_rearmed_expected_2t1；按 expected deadline 监控，实际 2000-ms 调度不得改写成合规；iACK 取消后发 ACK AP。"", ""atomic_propositions"": [""timer_x_rearmed_expected_2t1"", ""timer_x_deadline""], ""repository"": ""DoubangoTelecom/doubango"", ""commit"": ""7604ae6761534d2efdc862bc9961623abc98b9a5"", ""path"": ""tinySIP/src/transactions/tsip_transac_ist.c"", ""symbol"": ""tsip_transac_ist_Accepted_2_Accepted_timerX"", ""lines"": ""649-659"", ""url"": ""https://github.com/DoubangoTelecom/doubango/blob/7604ae6761534d2efdc862bc9961623abc98b9a5/tinySIP/src/transactions/tsip_transac_ist.c#L649"", ""source_file_verified"": true, ""source_line_verified"": true, ""source_symbol_verified"": true}, {""mapping"": ""auxiliary:1"", ""role"": ""FSM and Timer-X initialization"", ""event_predicate"": ""RAW post-schedule one-shot event emitted only after the correlated timer generation is successfully stored; carries arm_tick, configured_delay_ms, deadline_tick, timer_generation, role, and transport."", ""instrumentation_timing"": ""第一次 tsip_transac_ist_Accepted_2_Accepted_timerX callback 发送后，记录 raw_delay_ms 与 expected_delay_ms=2*T1，并发 timer_x_rearmed_expected_2t1；按 expected deadline 监控，实际 2000-ms 调度不得改写成合规；iACK 取消后发 ACK AP。"", ""atomic_propositions"": [""timer_x_rearmed_expected_2t1"", ""timer_x_deadline""], ""repository"": ""DoubangoTelecom/doubango"", ""commit"": ""7604ae6761534d2efdc862bc9961623abc98b9a5"", ""path"": ""tinySIP/src/transactions/tsip_transac_ist.c"", ""symbol"": ""tsip_transac_ist_init"", ""lines"": ""233-320"", ""url"": ""https://github.com/DoubangoTelecom/doubango/blob/7604ae6761534d2efdc862bc9961623abc98b9a5/tinySIP/src/transactions/tsip_transac_ist.c#L233"", ""source_file_verified"": true, ""source_line_verified"": true, ""source_symbol_verified"": true}, {""mapping"": ""auxiliary:2"", ""role"": ""initial schedule then first shift"", ""event_predicate"": ""RAW post-schedule one-shot event emitted only after the correlated timer generation is successfully stored; carries arm_tick, configured_delay_ms, deadline_tick, timer_generation, role, and transport."", ""instrumentation_timing"": ""第一次 tsip_transac_ist_Accepted_2_Accepted_timerX callback 发送后，记录 raw_delay_ms 与 expected_delay_ms=2*T1，并发 timer_x_rearmed_expected_2t1；按 expected deadline 监控，实际 2000-ms 调度不得改写成合规；iACK 取消后发 ACK AP。"", ""atomic_propositions"": [""timer_x_rearmed_expected_2t1"", ""timer_x_deadline""], ""repository"": ""DoubangoTelecom/doubango"", ""commit"": ""7604ae6761534d2efdc862bc9961623abc98b9a5"", ""path"": ""tinySIP/src/transactions/tsip_transac_ist.c"", ""symbol"": ""tsip_transac_ist_Proceeding_2_Accepted_X_2xx"", ""lines"": ""472-512"", ""url"": ""https://github.com/DoubangoTelecom/doubango/blob/7604ae6761534d2efdc862bc9961623abc98b9a5/tinySIP/src/transactions/tsip_transac_ist.c#L472"", ""source_file_verified"": true, ""source_line_verified"": true, ""source_symbol_verified"": true}, {""mapping"": ""auxiliary:4"", ""role"": ""T1 constant"", ""event_predicate"": ""RAW post-schedule one-shot event emitted only after the correlated timer generation is successfully stored; carries arm_tick, configured_delay_ms, deadline_tick, timer_generation, role, and transport."", ""instrumentation_timing"": ""第一次 tsip_transac_ist_Accepted_2_Accepted_timerX callback 发送后，记录 raw_delay_ms 与 expected_delay_ms=2*T1，并发 timer_x_rearmed_expected_2t1；按 expected deadline 监控，实际 2000-ms 调度不得改写成合规；iACK 取消后发 ACK AP。"", ""atomic_propositions"": [""timer_x_rearmed_expected_2t1"", ""timer_x_deadline""], ""repository"": ""DoubangoTelecom/doubango"", ""commit"": ""7604ae6761534d2efdc862bc9961623abc98b9a5"", ""path"": ""tinySIP/src/tsip_timers.c"", ""symbol"": ""TIMER_T1"", ""lines"": ""80"", ""url"": ""https://github.com/DoubangoTelecom/doubango/blob/7604ae6761534d2efdc862bc9961623abc98b9a5/tinySIP/src/tsip_timers.c#L80"", ""source_file_verified"": true, ""source_line_verified"": true, ""source_symbol_verified"": true}, {""mapping"": ""auxiliary:5"", ""role"": ""T2 value"", ""event_predicate"": ""RAW post-schedule one-shot event emitted only after the correlated timer generation is successfully stored; carries arm_tick, configured_delay_ms, deadline_tick, timer_generation, role, and transport."", ""instrumentation_timing"": ""第一次 tsip_transac_ist_Accepted_2_Accepted_timerX callback 发送后，记录 raw_delay_ms 与 expected_delay_ms=2*T1，并发 timer_x_rearmed_expected_2t1；按 expected deadline 监控，实际 2000-ms 调度不得改写成合规；iACK 取消后发 ACK AP。"", ""atomic_propositions"": [""timer_x_rearmed_expected_2t1"", ""timer_x_deadline""], ""repository"": ""DoubangoTelecom/doubango"", ""commit"": ""7604ae6761534d2efdc862bc9961623abc98b9a5"", ""path"": ""tinySIP/src/tsip_timers.c"", ""symbol"": ""T2"", ""lines"": ""102"", ""url"": ""https://github.com/DoubangoTelecom/doubango/blob/7604ae6761534d2efdc862bc9961623abc98b9a5/tinySIP/src/tsip_timers.c#L102"", ""source_file_verified"": true, ""source_line_verified"": true, ""source_symbol_verified"": true}]",{},第一次 tsip_transac_ist_Accepted_2_Accepted_timerX callback 发送后，记录 raw_delay_ms 与 expected_delay_ms=2*T1，并发 timer_x_rearmed_expected_2t1；按 expected deadline 监控，实际 2000-ms 调度不得改写成合规；iACK 取消后发 ACK AP。,HYBRID
SIP,SIP-TX-22,timer_x_deadline,"DERIVED logical deadline at stored deadline_tick=arm_tick+configured_delay_ms for this timer_generation; not callback, send, or state transition; suppressed after cancellation.",session_id + top Via branch + CSeq number/method + transaction role; ACK additionally uses RFC matching; timer_generation separates every re-arm/reset,correlate first; exactly one obligation generation per finite word; dynamic identifiers remain event fields; supersession closes the old word before a new monitor is spawned,EXACTLY_ONE_TRIGGER_PER_PROJECTED_WORD; key=transaction_id+timer_kind+timer_generation; append a terminal position after the largest bounded deadline,"[{""mapping"": ""primary"", ""role"": ""primary property hook"", ""event_predicate"": ""DERIVED logical deadline at stored deadline_tick=arm_tick+configured_delay_ms for this timer_generation; not callback, send, or state transition; suppressed after cancellation."", ""instrumentation_timing"": ""第一次 tsip_transac_ist_Accepted_2_Accepted_timerX callback 发送后，记录 raw_delay_ms 与 expected_delay_ms=2*T1，并发 timer_x_rearmed_expected_2t1；按 expected deadline 监控，实际 2000-ms 调度不得改写成合规；iACK 取消后发 ACK AP。"", ""atomic_propositions"": [""timer_x_rearmed_expected_2t1"", ""timer_x_deadline""], ""repository"": ""DoubangoTelecom/doubango"", ""commit"": ""7604ae6761534d2efdc862bc9961623abc98b9a5"", ""path"": ""tinySIP/src/transactions/tsip_transac_ist.c"", ""symbol"": ""tsip_transac_ist_Accepted_2_Accepted_timerX"", ""lines"": ""649-659"", ""url"": ""https://github.com/DoubangoTelecom/doubango/blob/7604ae6761534d2efdc862bc9961623abc98b9a5/tinySIP/src/transactions/tsip_transac_ist.c#L649"", ""source_file_verified"": true, ""source_line_verified"": true, ""source_symbol_verified"": true}, {""mapping"": ""auxiliary:1"", ""role"": ""FSM and Timer-X initialization"", ""event_predicate"": ""DERIVED logical deadline at stored deadline_tick=arm_tick+configured_delay_ms for this timer_generation; not callback, send, or state transition; suppressed after cancellation."", ""instrumentation_timing"": ""第一次 tsip_transac_ist_Accepted_2_Accepted_timerX callback 发送后，记录 raw_delay_ms 与 expected_delay_ms=2*T1，并发 timer_x_rearmed_expected_2t1；按 expected deadline 监控，实际 2000-ms 调度不得改写成合规；iACK 取消后发 ACK AP。"", ""atomic_propositions"": [""timer_x_rearmed_expected_2t1"", ""timer_x_deadline""], ""repository"": ""DoubangoTelecom/doubango"", ""commit"": ""7604ae6761534d2efdc862bc9961623abc98b9a5"", ""path"": ""tinySIP/src/transactions/tsip_transac_ist.c"", ""symbol"": ""tsip_transac_ist_init"", ""lines"": ""233-320"", ""url"": ""https://github.com/DoubangoTelecom/doubango/blob/7604ae6761534d2efdc862bc9961623abc98b9a5/tinySIP/src/transactions/tsip_transac_ist.c#L233"", ""source_file_verified"": true, ""source_line_verified"": true, ""source_symbol_verified"": true}, {""mapping"": ""auxiliary:2"", ""role"": ""initial schedule then first shift"", ""event_predicate"": ""DERIVED logical deadline at stored deadline_tick=arm_tick+configured_delay_ms for this timer_generation; not callback, send, or state transition; suppressed after cancellation."", ""instrumentation_timing"": ""第一次 tsip_transac_ist_Accepted_2_Accepted_timerX callback 发送后，记录 raw_delay_ms 与 expected_delay_ms=2*T1，并发 timer_x_rearmed_expected_2t1；按 expected deadline 监控，实际 2000-ms 调度不得改写成合规；iACK 取消后发 ACK AP。"", ""atomic_propositions"": [""timer_x_rearmed_expected_2t1"", ""timer_x_deadline""], ""repository"": ""DoubangoTelecom/doubango"", ""commit"": ""7604ae6761534d2efdc862bc9961623abc98b9a5"", ""path"": ""tinySIP/src/transactions/tsip_transac_ist.c"", ""symbol"": ""tsip_transac_ist_Proceeding_2_Accepted_X_2xx"", ""lines"": ""472-512"", ""url"": ""https://github.com/DoubangoTelecom/doubango/blob/7604ae6761534d2efdc862bc9961623abc98b9a5/tinySIP/src/transactions/tsip_transac_ist.c#L472"", ""source_file_verified"": true, ""source_line_verified"": true, ""source_symbol_verified"": true}, {""mapping"": ""auxiliary:4"", ""role"": ""T1 constant"", ""event_predicate"": ""DERIVED logical deadline at stored deadline_tick=arm_tick+configured_delay_ms for this timer_generation; not callback, send, or state transition; suppressed after cancellation."", ""instrumentation_timing"": ""第一次 tsip_transac_ist_Accepted_2_Accepted_timerX callback 发送后，记录 raw_delay_ms 与 expected_delay_ms=2*T1，并发 timer_x_rearmed_expected_2t1；按 expected deadline 监控，实际 2000-ms 调度不得改写成合规；iACK 取消后发 ACK AP。"", ""atomic_propositions"": [""timer_x_rearmed_expected_2t1"", ""timer_x_deadline""], ""repository"": ""DoubangoTelecom/doubango"", ""commit"": ""7604ae6761534d2efdc862bc9961623abc98b9a5"", ""path"": ""tinySIP/src/tsip_timers.c"", ""symbol"": ""TIMER_T1"", ""lines"": ""80"", ""url"": ""https://github.com/DoubangoTelecom/doubango/blob/7604ae6761534d2efdc862bc9961623abc98b9a5/tinySIP/src/tsip_timers.c#L80"", ""source_file_verified"": true, ""source_line_verified"": true, ""source_symbol_verified"": true}, {""mapping"": ""auxiliary:5"", ""role"": ""T2 value"", ""event_predicate"": ""DERIVED logical deadline at stored deadline_tick=arm_tick+configured_delay_ms for this timer_generation; not callback, send, or state transition; suppressed after cancellation."", ""instrumentation_timing"": ""第一次 tsip_transac_ist_Accepted_2_Accepted_timerX callback 发送后，记录 raw_delay_ms 与 expected_delay_ms=2*T1，并发 timer_x_rearmed_expected_2t1；按 expected deadline 监控，实际 2000-ms 调度不得改写成合规；iACK 取消后发 ACK AP。"", ""atomic_propositions"": [""timer_x_rearmed_expected_2t1"", ""timer_x_deadline""], ""repository"": ""DoubangoTelecom/doubango"", ""commit"": ""7604ae6761534d2efdc862bc9961623abc98b9a5"", ""path"": ""tinySIP/src/tsip_timers.c"", ""symbol"": ""T2"", ""lines"": ""102"", ""url"": ""https://github.com/DoubangoTelecom/doubango/blob/7604ae6761534d2efdc862bc9961623abc98b9a5/tinySIP/src/tsip_timers.c#L102"", ""source_file_verified"": true, ""source_line_verified"": true, ""source_symbol_verified"": true}]",{},第一次 tsip_transac_ist_Accepted_2_Accepted_timerX callback 发送后，记录 raw_delay_ms 与 expected_delay_ms=2*T1，并发 timer_x_rearmed_expected_2t1；按 expected deadline 监控，实际 2000-ms 调度不得改写成合规；iACK 取消后发 ACK AP。,HYBRID
SIP,SIP-TX-22,matched_2xx_ack,RAW/LATCHED RFC-matched ACK outcome emitted only after correlation and any required timer cancellation; closes this generation.,session_id + top Via branch + CSeq number/method + transaction role; ACK additionally uses RFC matching; timer_generation separates every re-arm/reset,correlate first; exactly one obligation generation per finite word; dynamic identifiers remain event fields; supersession closes the old word before a new monitor is spawned,EXACTLY_ONE_TRIGGER_PER_PROJECTED_WORD; key=transaction_id+timer_kind+timer_generation; append a terminal position after the largest bounded deadline,"[{""mapping"": ""auxiliary:3"", ""role"": ""matching ACK cancellation"", ""event_predicate"": ""RAW/LATCHED RFC-matched ACK outcome emitted only after correlation and any required timer cancellation; closes this generation."", ""instrumentation_timing"": ""第一次 tsip_transac_ist_Accepted_2_Accepted_timerX callback 发送后，记录 raw_delay_ms 与 expected_delay_ms=2*T1，并发 timer_x_rearmed_expected_2t1；按 expected deadline 监控，实际 2000-ms 调度不得改写成合规；iACK 取消后发 ACK AP。"", ""atomic_propositions"": [""matched_2xx_ack""], ""repository"": ""DoubangoTelecom/doubango"", ""commit"": ""7604ae6761534d2efdc862bc9961623abc98b9a5"", ""path"": ""tinySIP/src/transactions/tsip_transac_ist.c"", ""symbol"": ""tsip_transac_ist_Accepted_2_Accepted_iACK"", ""lines"": ""664-671"", ""url"": ""https://github.com/DoubangoTelecom/doubango/blob/7604ae6761534d2efdc862bc9961623abc98b9a5/tinySIP/src/transactions/tsip_transac_ist.c#L664"", ""source_file_verified"": true, ""source_line_verified"": true, ""source_symbol_verified"": true}]",{},第一次 tsip_transac_ist_Accepted_2_Accepted_timerX callback 发送后，记录 raw_delay_ms 与 expected_delay_ms=2*T1，并发 timer_x_rearmed_expected_2t1；按 expected deadline 监控，实际 2000-ms 调度不得改写成合规；iACK 取消后发 ACK AP。,HYBRID
SIP,SIP-TX-23,timer_x_capped_generation_expected_t2,"RAW correlated protocol event with the exact transaction_id and timer_generation retained as fields, not AP names.",session_id + top Via branch + CSeq number/method + transaction role; ACK additionally uses RFC matching; timer_generation separates every re-arm/reset,correlate first; exactly one obligation generation per finite word; dynamic identifiers remain event fields; supersession closes the old word before a new monitor is spawned,EXACTLY_ONE_TRIGGER_PER_PROJECTED_WORD; key=transaction_id+timer_kind+timer_generation; append a terminal position after the largest bounded deadline,"[{""mapping"": ""primary"", ""role"": ""primary property hook"", ""event_predicate"": ""RAW correlated protocol event with the exact transaction_id and timer_generation retained as fields, not AP names."", ""instrumentation_timing"": ""每次 Timer-X callback 后，只要 expected_delay_ms 已达 T2，就以 raw_delay_ms 和 expected=min(2*previous,T2) 新建一条 timer_x_capped_generation_expected_t2 投影；deadline 按 4000 ms 期望派生，iACK 成功取消后关闭该 generation。"", ""atomic_propositions"": [""timer_x_capped_generation_expected_t2"", ""timer_x_deadline""], ""repository"": ""DoubangoTelecom/doubango"", ""commit"": ""7604ae6761534d2efdc862bc9961623abc98b9a5"", ""path"": ""tinySIP/src/transactions/tsip_transac_ist.c"", ""symbol"": ""tsip_transac_ist_Accepted_2_Accepted_timerX"", ""lines"": ""649-659"", ""url"": ""https://github.com/DoubangoTelecom/doubango/blob/7604ae6761534d2efdc862bc9961623abc98b9a5/tinySIP/src/transactions/tsip_transac_ist.c#L649"", ""source_file_verified"": true, ""source_line_verified"": true, ""source_symbol_verified"": true}, {""mapping"": ""auxiliary:1"", ""role"": ""FSM and Timer-X initialization"", ""event_predicate"": ""RAW correlated protocol event with the exact transaction_id and timer_generation retained as fields, not AP names."", ""instrumentation_timing"": ""每次 Timer-X callback 后，只要 expected_delay_ms 已达 T2，就以 raw_delay_ms 和 expected=min(2*previous,T2) 新建一条 timer_x_capped_generation_expected_t2 投影；deadline 按 4000 ms 期望派生，iACK 成功取消后关闭该 generation。"", ""atomic_propositions"": [""timer_x_capped_generation_expected_t2"", ""timer_x_deadline""], ""repository"": ""DoubangoTelecom/doubango"", ""commit"": ""7604ae6761534d2efdc862bc9961623abc98b9a5"", ""path"": ""tinySIP/src/transactions/tsip_transac_ist.c"", ""symbol"": ""tsip_transac_ist_init"", ""lines"": ""233-320"", ""url"": ""https://github.com/DoubangoTelecom/doubango/blob/7604ae6761534d2efdc862bc9961623abc98b9a5/tinySIP/src/transactions/tsip_transac_ist.c#L233"", ""source_file_verified"": true, ""source_line_verified"": true, ""source_symbol_verified"": true}, {""mapping"": ""auxiliary:2"", ""role"": ""initial schedule/shift"", ""event_predicate"": ""RAW correlated protocol event with the exact transaction_id and timer_generation retained as fields, not AP names."", ""instrumentation_timing"": ""每次 Timer-X callback 后，只要 expected_delay_ms 已达 T2，就以 raw_delay_ms 和 expected=min(2*previous,T2) 新建一条 timer_x_capped_generation_expected_t2 投影；deadline 按 4000 ms 期望派生，iACK 成功取消后关闭该 generation。"", ""atomic_propositions"": [""timer_x_capped_generation_expected_t2"", ""timer_x_deadline""], ""repository"": ""DoubangoTelecom/doubango"", ""commit"": ""7604ae6761534d2efdc862bc9961623abc98b9a5"", ""path"": ""tinySIP/src/transactions/tsip_transac_ist.c"", ""symbol"": ""tsip_transac_ist_Proceeding_2_Accepted_X_2xx"", ""lines"": ""472-512"", ""url"": ""https://github.com/DoubangoTelecom/doubango/blob/7604ae6761534d2efdc862bc9961623abc98b9a5/tinySIP/src/transactions/tsip_transac_ist.c#L472"", ""source_file_verified"": true, ""source_line_verified"": true, ""source_symbol_verified"": true}, {""mapping"": ""auxiliary:4"", ""role"": ""T1 constant"", ""event_predicate"": ""RAW correlated protocol event with the exact transaction_id and timer_generation retained as fields, not AP names."", ""instrumentation_timing"": ""每次 Timer-X callback 后，只要 expected_delay_ms 已达 T2，就以 raw_delay_ms 和 expected=min(2*previous,T2) 新建一条 timer_x_capped_generation_expected_t2 投影；deadline 按 4000 ms 期望派生，iACK 成功取消后关闭该 generation。"", ""atomic_propositions"": [""timer_x_capped_generation_expected_t2"", ""timer_x_deadline""], ""repository"": ""DoubangoTelecom/doubango"", ""commit"": ""7604ae6761534d2efdc862bc9961623abc98b9a5"", ""path"": ""tinySIP/src/tsip_timers.c"", ""symbol"": ""TIMER_T1"", ""lines"": ""80"", ""url"": ""https://github.com/DoubangoTelecom/doubango/blob/7604ae6761534d2efdc862bc9961623abc98b9a5/tinySIP/src/tsip_timers.c#L80"", ""source_file_verified"": true, ""source_line_verified"": true, ""source_symbol_verified"": true}, {""mapping"": ""auxiliary:5"", ""role"": ""T2 value"", ""event_predicate"": ""RAW correlated protocol event with the exact transaction_id and timer_generation retained as fields, not AP names."", ""instrumentation_timing"": ""每次 Timer-X callback 后，只要 expected_delay_ms 已达 T2，就以 raw_delay_ms 和 expected=min(2*previous,T2) 新建一条 timer_x_capped_generation_expected_t2 投影；deadline 按 4000 ms 期望派生，iACK 成功取消后关闭该 generation。"", ""atomic_propositions"": [""timer_x_capped_generation_expected_t2"", ""timer_x_deadline""], ""repository"": ""DoubangoTelecom/doubango"", ""commit"": ""7604ae6761534d2efdc862bc9961623abc98b9a5"", ""path"": ""tinySIP/src/tsip_timers.c"", ""symbol"": ""T2"", ""lines"": ""102"", ""url"": ""https://github.com/DoubangoTelecom/doubango/blob/7604ae6761534d2efdc862bc9961623abc98b9a5/tinySIP/src/tsip_timers.c#L102"", ""source_file_verified"": true, ""source_line_verified"": true, ""source_symbol_verified"": true}]",{},"每次 Timer-X callback 后，只要 expected_delay_ms 已达 T2，就以 raw_delay_ms 和 expected=min(2*previous,T2) 新建一条 timer_x_capped_generation_expected_t2 投影；deadline 按 4000 ms 期望派生，iACK 成功取消后关闭该 generation。",HYBRID
SIP,SIP-TX-23,timer_x_deadline,"DERIVED logical deadline at stored deadline_tick=arm_tick+configured_delay_ms for this timer_generation; not callback, send, or state transition; suppressed after cancellation.",session_id + top Via branch + CSeq number/method + transaction role; ACK additionally uses RFC matching; timer_generation separates every re-arm/reset,correlate first; exactly one obligation generation per finite word; dynamic identifiers remain event fields; supersession closes the old word before a new monitor is spawned,EXACTLY_ONE_TRIGGER_PER_PROJECTED_WORD; key=transaction_id+timer_kind+timer_generation; append a terminal position after the largest bounded deadline,"[{""mapping"": ""primary"", ""role"": ""primary property hook"", ""event_predicate"": ""DERIVED logical deadline at stored deadline_tick=arm_tick+configured_delay_ms for this timer_generation; not callback, send, or state transition; suppressed after cancellation."", ""instrumentation_timing"": ""每次 Timer-X callback 后，只要 expected_delay_ms 已达 T2，就以 raw_delay_ms 和 expected=min(2*previous,T2) 新建一条 timer_x_capped_generation_expected_t2 投影；deadline 按 4000 ms 期望派生，iACK 成功取消后关闭该 generation。"", ""atomic_propositions"": [""timer_x_capped_generation_expected_t2"", ""timer_x_deadline""], ""repository"": ""DoubangoTelecom/doubango"", ""commit"": ""7604ae6761534d2efdc862bc9961623abc98b9a5"", ""path"": ""tinySIP/src/transactions/tsip_transac_ist.c"", ""symbol"": ""tsip_transac_ist_Accepted_2_Accepted_timerX"", ""lines"": ""649-659"", ""url"": ""https://github.com/DoubangoTelecom/doubango/blob/7604ae6761534d2efdc862bc9961623abc98b9a5/tinySIP/src/transactions/tsip_transac_ist.c#L649"", ""source_file_verified"": true, ""source_line_verified"": true, ""source_symbol_verified"": true}, {""mapping"": ""auxiliary:1"", ""role"": ""FSM and Timer-X initialization"", ""event_predicate"": ""DERIVED logical deadline at stored deadline_tick=arm_tick+configured_delay_ms for this timer_generation; not callback, send, or state transition; suppressed after cancellation."", ""instrumentation_timing"": ""每次 Timer-X callback 后，只要 expected_delay_ms 已达 T2，就以 raw_delay_ms 和 expected=min(2*previous,T2) 新建一条 timer_x_capped_generation_expected_t2 投影；deadline 按 4000 ms 期望派生，iACK 成功取消后关闭该 generation。"", ""atomic_propositions"": [""timer_x_capped_generation_expected_t2"", ""timer_x_deadline""], ""repository"": ""DoubangoTelecom/doubango"", ""commit"": ""7604ae6761534d2efdc862bc9961623abc98b9a5"", ""path"": ""tinySIP/src/transactions/tsip_transac_ist.c"", ""symbol"": ""tsip_transac_ist_init"", ""lines"": ""233-320"", ""url"": ""https://github.com/DoubangoTelecom/doubango/blob/7604ae6761534d2efdc862bc9961623abc98b9a5/tinySIP/src/transactions/tsip_transac_ist.c#L233"", ""source_file_verified"": true, ""source_line_verified"": true, ""source_symbol_verified"": true}, {""mapping"": ""auxiliary:2"", ""role"": ""initial schedule/shift"", ""event_predicate"": ""DERIVED logical deadline at stored deadline_tick=arm_tick+configured_delay_ms for this timer_generation; not callback, send, or state transition; suppressed after cancellation."", ""instrumentation_timing"": ""每次 Timer-X callback 后，只要 expected_delay_ms 已达 T2，就以 raw_delay_ms 和 expected=min(2*previous,T2) 新建一条 timer_x_capped_generation_expected_t2 投影；deadline 按 4000 ms 期望派生，iACK 成功取消后关闭该 generation。"", ""atomic_propositions"": [""timer_x_capped_generation_expected_t2"", ""timer_x_deadline""], ""repository"": ""DoubangoTelecom/doubango"", ""commit"": ""7604ae6761534d2efdc862bc9961623abc98b9a5"", ""path"": ""tinySIP/src/transactions/tsip_transac_ist.c"", ""symbol"": ""tsip_transac_ist_Proceeding_2_Accepted_X_2xx"", ""lines"": ""472-512"", ""url"": ""https://github.com/DoubangoTelecom/doubango/blob/7604ae6761534d2efdc862bc9961623abc98b9a5/tinySIP/src/transactions/tsip_transac_ist.c#L472"", ""source_file_verified"": true, ""source_line_verified"": true, ""source_symbol_verified"": true}, {""mapping"": ""auxiliary:4"", ""role"": ""T1 constant"", ""event_predicate"": ""DERIVED logical deadline at stored deadline_tick=arm_tick+configured_delay_ms for this timer_generation; not callback, send, or state transition; suppressed after cancellation."", ""instrumentation_timing"": ""每次 Timer-X callback 后，只要 expected_delay_ms 已达 T2，就以 raw_delay_ms 和 expected=min(2*previous,T2) 新建一条 timer_x_capped_generation_expected_t2 投影；deadline 按 4000 ms 期望派生，iACK 成功取消后关闭该 generation。"", ""atomic_propositions"": [""timer_x_capped_generation_expected_t2"", ""timer_x_deadline""], ""repository"": ""DoubangoTelecom/doubango"", ""commit"": ""7604ae6761534d2efdc862bc9961623abc98b9a5"", ""path"": ""tinySIP/src/tsip_timers.c"", ""symbol"": ""TIMER_T1"", ""lines"": ""80"", ""url"": ""https://github.com/DoubangoTelecom/doubango/blob/7604ae6761534d2efdc862bc9961623abc98b9a5/tinySIP/src/tsip_timers.c#L80"", ""source_file_verified"": true, ""source_line_verified"": true, ""source_symbol_verified"": true}, {""mapping"": ""auxiliary:5"", ""role"": ""T2 value"", ""event_predicate"": ""DERIVED logical deadline at stored deadline_tick=arm_tick+configured_delay_ms for this timer_generation; not callback, send, or state transition; suppressed after cancellation."", ""instrumentation_timing"": ""每次 Timer-X callback 后，只要 expected_delay_ms 已达 T2，就以 raw_delay_ms 和 expected=min(2*previous,T2) 新建一条 timer_x_capped_generation_expected_t2 投影；deadline 按 4000 ms 期望派生，iACK 成功取消后关闭该 generation。"", ""atomic_propositions"": [""timer_x_capped_generation_expected_t2"", ""timer_x_deadline""], ""repository"": ""DoubangoTelecom/doubango"", ""commit"": ""7604ae6761534d2efdc862bc9961623abc98b9a5"", ""path"": ""tinySIP/src/tsip_timers.c"", ""symbol"": ""T2"", ""lines"": ""102"", ""url"": ""https://github.com/DoubangoTelecom/doubango/blob/7604ae6761534d2efdc862bc9961623abc98b9a5/tinySIP/src/tsip_timers.c#L102"", ""source_file_verified"": true, ""source_line_verified"": true, ""source_symbol_verified"": true}]",{},"每次 Timer-X callback 后，只要 expected_delay_ms 已达 T2，就以 raw_delay_ms 和 expected=min(2*previous,T2) 新建一条 timer_x_capped_generation_expected_t2 投影；deadline 按 4000 ms 期望派生，iACK 成功取消后关闭该 generation。",HYBRID
SIP,SIP-TX-23,matched_2xx_ack,RAW/LATCHED RFC-matched ACK outcome emitted only after correlation and any required timer cancellation; closes this generation.,session_id + top Via branch + CSeq number/method + transaction role; ACK additionally uses RFC matching; timer_generation separates every re-arm/reset,correlate first; exactly one obligation generation per finite word; dynamic identifiers remain event fields; supersession closes the old word before a new monitor is spawned,EXACTLY_ONE_TRIGGER_PER_PROJECTED_WORD; key=transaction_id+timer_kind+timer_generation; append a terminal position after the largest bounded deadline,"[{""mapping"": ""auxiliary:3"", ""role"": ""matching ACK cancellation"", ""event_predicate"": ""RAW/LATCHED RFC-matched ACK outcome emitted only after correlation and any required timer cancellation; closes this generation."", ""instrumentation_timing"": ""每次 Timer-X callback 后，只要 expected_delay_ms 已达 T2，就以 raw_delay_ms 和 expected=min(2*previous,T2) 新建一条 timer_x_capped_generation_expected_t2 投影；deadline 按 4000 ms 期望派生，iACK 成功取消后关闭该 generation。"", ""atomic_propositions"": [""matched_2xx_ack""], ""repository"": ""DoubangoTelecom/doubango"", ""commit"": ""7604ae6761534d2efdc862bc9961623abc98b9a5"", ""path"": ""tinySIP/src/transactions/tsip_transac_ist.c"", ""symbol"": ""tsip_transac_ist_Accepted_2_Accepted_iACK"", ""lines"": ""664-671"", ""url"": ""https://github.com/DoubangoTelecom/doubango/blob/7604ae6761534d2efdc862bc9961623abc98b9a5/tinySIP/src/transactions/tsip_transac_ist.c#L664"", ""source_file_verified"": true, ""source_line_verified"": true, ""source_symbol_verified"": true}]",{},"每次 Timer-X callback 后，只要 expected_delay_ms 已达 T2，就以 raw_delay_ms 和 expected=min(2*previous,T2) 新建一条 timer_x_capped_generation_expected_t2 投影；deadline 按 4000 ms 期望派生，iACK 成功取消后关闭该 generation。",HYBRID
SIP,SIP-TX-24,matched_2xx_ack_post_timer_x_cancel,RAW/LATCHED RFC-matched ACK outcome emitted only after correlation and any required timer cancellation; closes this generation.,session_id + top Via branch + CSeq number/method + transaction role; ACK additionally uses RFC matching; timer_generation separates every re-arm/reset,correlate first; exactly one obligation generation per finite word; dynamic identifiers remain event fields; supersession closes the old word before a new monitor is spawned,EXACTLY_ONE_TRIGGER_PER_PROJECTED_WORD; key=transaction_id+timer_kind+timer_generation; append a terminal position after the largest bounded deadline,"[{""mapping"": ""primary"", ""role"": ""primary property hook"", ""event_predicate"": ""RAW/LATCHED RFC-matched ACK outcome emitted only after correlation and any required timer cancellation; closes this generation."", ""instrumentation_timing"": ""iACK handler 完成 ACK 匹配和 TRANSAC_TIMER_CANCEL(X) 后发 matched_2xx_ack_post_timer_x_cancel；Timer-X callback 真正发送 2xx 时发 uas_2xx_retransmitted；同 tick 严格按 callback/send 与 ACK/cancel 的实际先后拆分 microstep。"", ""atomic_propositions"": [""matched_2xx_ack_post_timer_x_cancel""], ""repository"": ""DoubangoTelecom/doubango"", ""commit"": ""7604ae6761534d2efdc862bc9961623abc98b9a5"", ""path"": ""tinySIP/src/transactions/tsip_transac_ist.c"", ""symbol"": ""tsip_transac_ist_Accepted_2_Accepted_iACK"", ""lines"": ""664-671"", ""url"": ""https://github.com/DoubangoTelecom/doubango/blob/7604ae6761534d2efdc862bc9961623abc98b9a5/tinySIP/src/transactions/tsip_transac_ist.c#L664"", ""source_file_verified"": true, ""source_line_verified"": true, ""source_symbol_verified"": true}, {""mapping"": ""auxiliary:2"", ""role"": ""Timer-L close"", ""event_predicate"": ""RAW/LATCHED RFC-matched ACK outcome emitted only after correlation and any required timer cancellation; closes this generation."", ""instrumentation_timing"": ""iACK handler 完成 ACK 匹配和 TRANSAC_TIMER_CANCEL(X) 后发 matched_2xx_ack_post_timer_x_cancel；Timer-X callback 真正发送 2xx 时发 uas_2xx_retransmitted；同 tick 严格按 callback/send 与 ACK/cancel 的实际先后拆分 microstep。"", ""atomic_propositions"": [""matched_2xx_ack_post_timer_x_cancel""], ""repository"": ""DoubangoTelecom/doubango"", ""commit"": ""7604ae6761534d2efdc862bc9961623abc98b9a5"", ""path"": ""tinySIP/src/transactions/tsip_transac_ist.c"", ""symbol"": ""tsip_transac_ist_Accepted_2_Terminated_timerL"", ""lines"": ""675-690"", ""url"": ""https://github.com/DoubangoTelecom/doubango/blob/7604ae6761534d2efdc862bc9961623abc98b9a5/tinySIP/src/transactions/tsip_transac_ist.c#L675"", ""source_file_verified"": true, ""source_line_verified"": true, ""source_symbol_verified"": true}]",{},iACK handler 完成 ACK 匹配和 TRANSAC_TIMER_CANCEL(X) 后发 matched_2xx_ack_post_timer_x_cancel；Timer-X callback 真正发送 2xx 时发 uas_2xx_retransmitted；同 tick 严格按 callback/send 与 ACK/cancel 的实际先后拆分 microstep。,HYBRID
SIP,SIP-TX-24,uas_2xx_retransmitted,RAW successful retransmission-to-transport action at action_tick; callback request and logical deadline remain separate events.,session_id + top Via branch + CSeq number/method + transaction role; ACK additionally uses RFC matching; timer_generation separates every re-arm/reset,correlate first; exactly one obligation generation per finite word; dynamic identifiers remain event fields; supersession closes the old word before a new monitor is spawned,EXACTLY_ONE_TRIGGER_PER_PROJECTED_WORD; key=transaction_id+timer_kind+timer_generation; append a terminal position after the largest bounded deadline,"[{""mapping"": ""auxiliary:1"", ""role"": ""Timer-X callback/send/re-arm"", ""event_predicate"": ""RAW successful retransmission-to-transport action at action_tick; callback request and logical deadline remain separate events."", ""instrumentation_timing"": ""iACK handler 完成 ACK 匹配和 TRANSAC_TIMER_CANCEL(X) 后发 matched_2xx_ack_post_timer_x_cancel；Timer-X callback 真正发送 2xx 时发 uas_2xx_retransmitted；同 tick 严格按 callback/send 与 ACK/cancel 的实际先后拆分 microstep。"", ""atomic_propositions"": [""uas_2xx_retransmitted""], ""repository"": ""DoubangoTelecom/doubango"", ""commit"": ""7604ae6761534d2efdc862bc9961623abc98b9a5"", ""path"": ""tinySIP/src/transactions/tsip_transac_ist.c"", ""symbol"": ""tsip_transac_ist_Accepted_2_Accepted_timerX"", ""lines"": ""649-659"", ""url"": ""https://github.com/DoubangoTelecom/doubango/blob/7604ae6761534d2efdc862bc9961623abc98b9a5/tinySIP/src/transactions/tsip_transac_ist.c#L649"", ""source_file_verified"": true, ""source_line_verified"": true, ""source_symbol_verified"": true}]",{},iACK handler 完成 ACK 匹配和 TRANSAC_TIMER_CANCEL(X) 后发 matched_2xx_ack_post_timer_x_cancel；Timer-X callback 真正发送 2xx 时发 uas_2xx_retransmitted；同 tick 严格按 callback/send 与 ACK/cancel 的实际先后拆分 microstep。,HYBRID
SIP,SIP-TX-25,server_accepted_timer_l_armed,"RAW post-schedule one-shot event emitted only after the correlated timer generation is successfully stored; carries arm_tick, configured_delay_ms, deadline_tick, timer_generation, role, and transport.",session_id + top Via branch + CSeq number/method + transaction role; ACK additionally uses RFC matching; timer_generation separates every re-arm/reset,correlate first; exactly one obligation generation per finite word; dynamic identifiers remain event fields; supersession closes the old word before a new monitor is spawned,EXACTLY_ONE_TRIGGER_PER_PROJECTED_WORD; key=transaction_id+timer_kind+timer_generation; append a terminal position after the largest bounded deadline,"[{""mapping"": ""primary"", ""role"": ""primary property hook"", ""event_predicate"": ""RAW post-schedule one-shot event emitted only after the correlated timer generation is successfully stored; carries arm_tick, configured_delay_ms, deadline_tick, timer_generation, role, and transport."", ""instrumentation_timing"": ""2xx Accepted handler 成功 TRANSAC_IST_TIMER_SCHEDULE(L) 后发 server_accepted_timer_l_armed；Timer-L callback、Any transport error、generic error/cancel 及 OnTerminated 的每条 Terminated 路径都必须发 server_transaction_terminated，不能过滤 transport cause。"", ""atomic_propositions"": [""server_accepted_timer_l_armed""], ""repository"": ""DoubangoTelecom/doubango"", ""commit"": ""7604ae6761534d2efdc862bc9961623abc98b9a5"", ""path"": ""tinySIP/src/transactions/tsip_transac_ist.c"", ""symbol"": ""tsip_transac_ist_Proceeding_2_Accepted_X_2xx"", ""lines"": ""472-512"", ""url"": ""https://github.com/DoubangoTelecom/doubango/blob/7604ae6761534d2efdc862bc9961623abc98b9a5/tinySIP/src/transactions/tsip_transac_ist.c#L472"", ""source_file_verified"": true, ""source_line_verified"": true, ""source_symbol_verified"": true}, {""mapping"": ""auxiliary:1"", ""role"": ""FSM and Timer-X initialization"", ""event_predicate"": ""RAW post-schedule one-shot event emitted only after the correlated timer generation is successfully stored; carries arm_tick, configured_delay_ms, deadline_tick, timer_generation, role, and transport."", ""instrumentation_timing"": ""2xx Accepted handler 成功 TRANSAC_IST_TIMER_SCHEDULE(L) 后发 server_accepted_timer_l_armed；Timer-L callback、Any transport error、generic error/cancel 及 OnTerminated 的每条 Terminated 路径都必须发 server_transaction_terminated，不能过滤 transport cause。"", ""atomic_propositions"": [""server_accepted_timer_l_armed"", ""server_transaction_terminated""], ""repository"": ""DoubangoTelecom/doubango"", ""commit"": ""7604ae6761534d2efdc862bc9961623abc98b9a5"", ""path"": ""tinySIP/src/transactions/tsip_transac_ist.c"", ""symbol"": ""tsip_transac_ist_init"", ""lines"": ""233-320"", ""url"": ""https://github.com/DoubangoTelecom/doubango/blob/7604ae6761534d2efdc862bc9961623abc98b9a5/tinySIP/src/transactions/tsip_transac_ist.c#L233"", ""source_file_verified"": true, ""source_line_verified"": true, ""source_symbol_verified"": true}, {""mapping"": ""auxiliary:5"", ""role"": ""T1 constant"", ""event_predicate"": ""RAW post-schedule one-shot event emitted only after the correlated timer generation is successfully stored; carries arm_tick, configured_delay_ms, deadline_tick, timer_generation, role, and transport."", ""instrumentation_timing"": ""2xx Accepted handler 成功 TRANSAC_IST_TIMER_SCHEDULE(L) 后发 server_accepted_timer_l_armed；Timer-L callback、Any transport error、generic error/cancel 及 OnTerminated 的每条 Terminated 路径都必须发 server_transaction_terminated，不能过滤 transport cause。"", ""atomic_propositions"": [""server_accepted_timer_l_armed""], ""repository"": ""DoubangoTelecom/doubango"", ""commit"": ""7604ae6761534d2efdc862bc9961623abc98b9a5"", ""path"": ""tinySIP/src/tsip_timers.c"", ""symbol"": ""TIMER_T1"", ""lines"": ""80"", ""url"": ""https://github.com/DoubangoTelecom/doubango/blob/7604ae6761534d2efdc862bc9961623abc98b9a5/tinySIP/src/tsip_timers.c#L80"", ""source_file_verified"": true, ""source_line_verified"": true, ""source_symbol_verified"": true}, {""mapping"": ""auxiliary:6"", ""role"": ""Timer L value"", ""event_predicate"": ""RAW post-schedule one-shot event emitted only after the correlated timer generation is successfully stored; carries arm_tick, configured_delay_ms, deadline_tick, timer_generation, role, and transport."", ""instrumentation_timing"": ""2xx Accepted handler 成功 TRANSAC_IST_TIMER_SCHEDULE(L) 后发 server_accepted_timer_l_armed；Timer-L callback、Any transport error、generic error/cancel 及 OnTerminated 的每条 Terminated 路径都必须发 server_transaction_terminated，不能过滤 transport cause。"", ""atomic_propositions"": [""server_accepted_timer_l_armed""], ""repository"": ""DoubangoTelecom/doubango"", ""commit"": ""7604ae6761534d2efdc862bc9961623abc98b9a5"", ""path"": ""tinySIP/src/tsip_timers.c"", ""symbol"": ""L"", ""lines"": ""115"", ""url"": ""https://github.com/DoubangoTelecom/doubango/blob/7604ae6761534d2efdc862bc9961623abc98b9a5/tinySIP/src/tsip_timers.c#L115"", ""source_file_verified"": true, ""source_line_verified"": true, ""source_symbol_verified"": true}]",{},2xx Accepted handler 成功 TRANSAC_IST_TIMER_SCHEDULE(L) 后发 server_accepted_timer_l_armed；Timer-L callback、Any transport error、generic error/cancel 及 OnTerminated 的每条 Terminated 路径都必须发 server_transaction_terminated，不能过滤 transport cause。,HYBRID
SIP,SIP-TX-25,server_transaction_terminated,"RAW event on every correlated transition to Terminated, irrespective of cause; it is not a timer deadline alias.",session_id + top Via branch + CSeq number/method + transaction role; ACK additionally uses RFC matching; timer_generation separates every re-arm/reset,correlate first; exactly one obligation generation per finite word; dynamic identifiers remain event fields; supersession closes the old word before a new monitor is spawned,EXACTLY_ONE_TRIGGER_PER_PROJECTED_WORD; key=transaction_id+timer_kind+timer_generation; append a terminal position after the largest bounded deadline,"[{""mapping"": ""auxiliary:1"", ""role"": ""FSM and Timer-X initialization"", ""event_predicate"": ""RAW event on every correlated transition to Terminated, irrespective of cause; it is not a timer deadline alias."", ""instrumentation_timing"": ""2xx Accepted handler 成功 TRANSAC_IST_TIMER_SCHEDULE(L) 后发 server_accepted_timer_l_armed；Timer-L callback、Any transport error、generic error/cancel 及 OnTerminated 的每条 Terminated 路径都必须发 server_transaction_terminated，不能过滤 transport cause。"", ""atomic_propositions"": [""server_accepted_timer_l_armed"", ""server_transaction_terminated""], ""repository"": ""DoubangoTelecom/doubango"", ""commit"": ""7604ae6761534d2efdc862bc9961623abc98b9a5"", ""path"": ""tinySIP/src/transactions/tsip_transac_ist.c"", ""symbol"": ""tsip_transac_ist_init"", ""lines"": ""233-320"", ""url"": ""https://github.com/DoubangoTelecom/doubango/blob/7604ae6761534d2efdc862bc9961623abc98b9a5/tinySIP/src/transactions/tsip_transac_ist.c#L233"", ""source_file_verified"": true, ""source_line_verified"": true, ""source_symbol_verified"": true}, {""mapping"": ""auxiliary:2"", ""role"": ""Timer-L callback"", ""event_predicate"": ""RAW event on every correlated transition to Terminated, irrespective of cause; it is not a timer deadline alias."", ""instrumentation_timing"": ""2xx Accepted handler 成功 TRANSAC_IST_TIMER_SCHEDULE(L) 后发 server_accepted_timer_l_armed；Timer-L callback、Any transport error、generic error/cancel 及 OnTerminated 的每条 Terminated 路径都必须发 server_transaction_terminated，不能过滤 transport cause。"", ""atomic_propositions"": [""server_transaction_terminated""], ""repository"": ""DoubangoTelecom/doubango"", ""commit"": ""7604ae6761534d2efdc862bc9961623abc98b9a5"", ""path"": ""tinySIP/src/transactions/tsip_transac_ist.c"", ""symbol"": ""tsip_transac_ist_Accepted_2_Terminated_timerL"", ""lines"": ""675-690"", ""url"": ""https://github.com/DoubangoTelecom/doubango/blob/7604ae6761534d2efdc862bc9961623abc98b9a5/tinySIP/src/transactions/tsip_transac_ist.c#L675"", ""source_file_verified"": true, ""source_line_verified"": true, ""source_symbol_verified"": true}, {""mapping"": ""auxiliary:3"", ""role"": ""Any transport error termination"", ""event_predicate"": ""RAW event on every correlated transition to Terminated, irrespective of cause; it is not a timer deadline alias."", ""instrumentation_timing"": ""2xx Accepted handler 成功 TRANSAC_IST_TIMER_SCHEDULE(L) 后发 server_accepted_timer_l_armed；Timer-L callback、Any transport error、generic error/cancel 及 OnTerminated 的每条 Terminated 路径都必须发 server_transaction_terminated，不能过滤 transport cause。"", ""atomic_propositions"": [""server_transaction_terminated""], ""repository"": ""DoubangoTelecom/doubango"", ""commit"": ""7604ae6761534d2efdc862bc9961623abc98b9a5"", ""path"": ""tinySIP/src/transactions/tsip_transac_ist.c"", ""symbol"": ""tsip_transac_ist_Any_2_Terminated_X_transportError"", ""lines"": ""709-720"", ""url"": ""https://github.com/DoubangoTelecom/doubango/blob/7604ae6761534d2efdc862bc9961623abc98b9a5/tinySIP/src/transactions/tsip_transac_ist.c#L709"", ""source_file_verified"": true, ""source_line_verified"": true, ""source_symbol_verified"": true}, {""mapping"": ""auxiliary:4"", ""role"": ""actual removal"", ""event_predicate"": ""RAW event on every correlated transition to Terminated, irrespective of cause; it is not a timer deadline alias."", ""instrumentation_timing"": ""2xx Accepted handler 成功 TRANSAC_IST_TIMER_SCHEDULE(L) 后发 server_accepted_timer_l_armed；Timer-L callback、Any transport error、generic error/cancel 及 OnTerminated 的每条 Terminated 路径都必须发 server_transaction_terminated，不能过滤 transport cause。"", ""atomic_propositions"": [""server_transaction_terminated""], ""repository"": ""DoubangoTelecom/doubango"", ""commit"": ""7604ae6761534d2efdc862bc9961623abc98b9a5"", ""path"": ""tinySIP/src/transactions/tsip_transac_ist.c"", ""symbol"": ""tsip_transac_ist_OnTerminated"", ""lines"": ""747-753"", ""url"": ""https://github.com/DoubangoTelecom/doubango/blob/7604ae6761534d2efdc862bc9961623abc98b9a5/tinySIP/src/transactions/tsip_transac_ist.c#L747"", ""source_file_verified"": true, ""source_line_verified"": true, ""source_symbol_verified"": true}]",{},2xx Accepted handler 成功 TRANSAC_IST_TIMER_SCHEDULE(L) 后发 server_accepted_timer_l_armed；Timer-L callback、Any transport error、generic error/cancel 及 OnTerminated 的每条 Terminated 路径都必须发 server_transaction_terminated，不能过滤 transport cause。,HYBRID
SIP,SIP-TX-26,client_accepted_timer_m_armed,"RAW post-schedule one-shot event emitted only after the correlated timer generation is successfully stored; carries arm_tick, configured_delay_ms, deadline_tick, timer_generation, role, and transport.",session_id + top Via branch + CSeq number/method + transaction role; ACK additionally uses RFC matching; timer_generation separates every re-arm/reset,correlate first; exactly one obligation generation per finite word; dynamic identifiers remain event fields; supersession closes the old word before a new monitor is spawned,EXACTLY_ONE_TRIGGER_PER_PROJECTED_WORD; key=transaction_id+timer_kind+timer_generation; append a terminal position after the largest bounded deadline,"[{""mapping"": ""primary"", ""role"": ""primary property hook"", ""event_predicate"": ""RAW post-schedule one-shot event emitted only after the correlated timer generation is successfully stored; carries arm_tick, configured_delay_ms, deadline_tick, timer_generation, role, and transport."", ""instrumentation_timing"": ""2xx Accepted handler 成功 TRANSAC_ICT_TIMER_SCHEDULE(M) 后发 client_accepted_timer_m_armed；Timer-M callback 和每条 Any->Terminated 路径都发 client_transaction_terminated；transport-error 路径在同一 microstep 同时发 client_transport_abort。"", ""atomic_propositions"": [""client_accepted_timer_m_armed""], ""repository"": ""DoubangoTelecom/doubango"", ""commit"": ""7604ae6761534d2efdc862bc9961623abc98b9a5"", ""path"": ""tinySIP/src/transactions/tsip_transac_ict.c"", ""symbol"": ""tsip_transac_ict_Proceeding_2_Accepted_X_2xx"", ""lines"": ""621-646"", ""url"": ""https://github.com/DoubangoTelecom/doubango/blob/7604ae6761534d2efdc862bc9961623abc98b9a5/tinySIP/src/transactions/tsip_transac_ict.c#L621"", ""source_file_verified"": true, ""source_line_verified"": true, ""source_symbol_verified"": true}, {""mapping"": ""auxiliary:1"", ""role"": ""FSM and Timer-M initialization"", ""event_predicate"": ""RAW post-schedule one-shot event emitted only after the correlated timer generation is successfully stored; carries arm_tick, configured_delay_ms, deadline_tick, timer_generation, role, and transport."", ""instrumentation_timing"": ""2xx Accepted handler 成功 TRANSAC_ICT_TIMER_SCHEDULE(M) 后发 client_accepted_timer_m_armed；Timer-M callback 和每条 Any->Terminated 路径都发 client_transaction_terminated；transport-error 路径在同一 microstep 同时发 client_transport_abort。"", ""atomic_propositions"": [""client_accepted_timer_m_armed"", ""client_transaction_terminated"", ""client_transport_abort""], ""repository"": ""DoubangoTelecom/doubango"", ""commit"": ""7604ae6761534d2efdc862bc9961623abc98b9a5"", ""path"": ""tinySIP/src/transactions/tsip_transac_ict.c"", ""symbol"": ""tsip_transac_ict_init"", ""lines"": ""234-315"", ""url"": ""https://github.com/DoubangoTelecom/doubango/blob/7604ae6761534d2efdc862bc9961623abc98b9a5/tinySIP/src/transactions/tsip_transac_ict.c#L234"", ""source_file_verified"": true, ""source_line_verified"": true, ""source_symbol_verified"": true}, {""mapping"": ""auxiliary:5"", ""role"": ""T1 constant"", ""event_predicate"": ""RAW post-schedule one-shot event emitted only after the correlated timer generation is successfully stored; carries arm_tick, configured_delay_ms, deadline_tick, timer_generation, role, and transport."", ""instrumentation_timing"": ""2xx Accepted handler 成功 TRANSAC_ICT_TIMER_SCHEDULE(M) 后发 client_accepted_timer_m_armed；Timer-M callback 和每条 Any->Terminated 路径都发 client_transaction_terminated；transport-error 路径在同一 microstep 同时发 client_transport_abort。"", ""atomic_propositions"": [""client_accepted_timer_m_armed""], ""repository"": ""DoubangoTelecom/doubango"", ""commit"": ""7604ae6761534d2efdc862bc9961623abc98b9a5"", ""path"": ""tinySIP/src/tsip_timers.c"", ""symbol"": ""TIMER_T1"", ""lines"": ""80"", ""url"": ""https://github.com/DoubangoTelecom/doubango/blob/7604ae6761534d2efdc862bc9961623abc98b9a5/tinySIP/src/tsip_timers.c#L80"", ""source_file_verified"": true, ""source_line_verified"": true, ""source_symbol_verified"": true}, {""mapping"": ""auxiliary:6"", ""role"": ""Timer M value"", ""event_predicate"": ""RAW post-schedule one-shot event emitted only after the correlated timer generation is successfully stored; carries arm_tick, configured_delay_ms, deadline_tick, timer_generation, role, and transport."", ""instrumentation_timing"": ""2xx Accepted handler 成功 TRANSAC_ICT_TIMER_SCHEDULE(M) 后发 client_accepted_timer_m_armed；Timer-M callback 和每条 Any->Terminated 路径都发 client_transaction_terminated；transport-error 路径在同一 microstep 同时发 client_transport_abort。"", ""atomic_propositions"": [""client_accepted_timer_m_armed""], ""repository"": ""DoubangoTelecom/doubango"", ""commit"": ""7604ae6761534d2efdc862bc9961623abc98b9a5"", ""path"": ""tinySIP/src/tsip_timers.c"", ""symbol"": ""M"", ""lines"": ""116"", ""url"": ""https://github.com/DoubangoTelecom/doubango/blob/7604ae6761534d2efdc862bc9961623abc98b9a5/tinySIP/src/tsip_timers.c#L116"", ""source_file_verified"": true, ""source_line_verified"": true, ""source_symbol_verified"": true}]",{},2xx Accepted handler 成功 TRANSAC_ICT_TIMER_SCHEDULE(M) 后发 client_accepted_timer_m_armed；Timer-M callback 和每条 Any->Terminated 路径都发 client_transaction_terminated；transport-error 路径在同一 microstep 同时发 client_transport_abort。,HYBRID
SIP,SIP-TX-26,client_transaction_terminated,"RAW event on every correlated transition to Terminated, irrespective of cause; it is not a timer deadline alias.",session_id + top Via branch + CSeq number/method + transaction role; ACK additionally uses RFC matching; timer_generation separates every re-arm/reset,correlate first; exactly one obligation generation per finite word; dynamic identifiers remain event fields; supersession closes the old word before a new monitor is spawned,EXACTLY_ONE_TRIGGER_PER_PROJECTED_WORD; key=transaction_id+timer_kind+timer_generation; append a terminal position after the largest bounded deadline,"[{""mapping"": ""auxiliary:1"", ""role"": ""FSM and Timer-M initialization"", ""event_predicate"": ""RAW event on every correlated transition to Terminated, irrespective of cause; it is not a timer deadline alias."", ""instrumentation_timing"": ""2xx Accepted handler 成功 TRANSAC_ICT_TIMER_SCHEDULE(M) 后发 client_accepted_timer_m_armed；Timer-M callback 和每条 Any->Terminated 路径都发 client_transaction_terminated；transport-error 路径在同一 microstep 同时发 client_transport_abort。"", ""atomic_propositions"": [""client_accepted_timer_m_armed"", ""client_transaction_terminated"", ""client_transport_abort""], ""repository"": ""DoubangoTelecom/doubango"", ""commit"": ""7604ae6761534d2efdc862bc9961623abc98b9a5"", ""path"": ""tinySIP/src/transactions/tsip_transac_ict.c"", ""symbol"": ""tsip_transac_ict_init"", ""lines"": ""234-315"", ""url"": ""https://github.com/DoubangoTelecom/doubango/blob/7604ae6761534d2efdc862bc9961623abc98b9a5/tinySIP/src/transactions/tsip_transac_ict.c#L234"", ""source_file_verified"": true, ""source_line_verified"": true, ""source_symbol_verified"": true}, {""mapping"": ""auxiliary:2"", ""role"": ""Timer-M callback"", ""event_predicate"": ""RAW event on every correlated transition to Terminated, irrespective of cause; it is not a timer deadline alias."", ""instrumentation_timing"": ""2xx Accepted handler 成功 TRANSAC_ICT_TIMER_SCHEDULE(M) 后发 client_accepted_timer_m_armed；Timer-M callback 和每条 Any->Terminated 路径都发 client_transaction_terminated；transport-error 路径在同一 microstep 同时发 client_transport_abort。"", ""atomic_propositions"": [""client_transaction_terminated""], ""repository"": ""DoubangoTelecom/doubango"", ""commit"": ""7604ae6761534d2efdc862bc9961623abc98b9a5"", ""path"": ""tinySIP/src/transactions/tsip_transac_ict.c"", ""symbol"": ""tsip_transac_ict_Accepted_2_Terminated_X_timerM"", ""lines"": ""701-708"", ""url"": ""https://github.com/DoubangoTelecom/doubango/blob/7604ae6761534d2efdc862bc9961623abc98b9a5/tinySIP/src/transactions/tsip_transac_ict.c#L701"", ""source_file_verified"": true, ""source_line_verified"": true, ""source_symbol_verified"": true}, {""mapping"": ""auxiliary:3"", ""role"": ""transport-error termination"", ""event_predicate"": ""RAW event on every correlated transition to Terminated, irrespective of cause; it is not a timer deadline alias."", ""instrumentation_timing"": ""2xx Accepted handler 成功 TRANSAC_ICT_TIMER_SCHEDULE(M) 后发 client_accepted_timer_m_armed；Timer-M callback 和每条 Any->Terminated 路径都发 client_transaction_terminated；transport-error 路径在同一 microstep 同时发 client_transport_abort。"", ""atomic_propositions"": [""client_transaction_terminated"", ""client_transport_abort""], ""repository"": ""DoubangoTelecom/doubango"", ""commit"": ""7604ae6761534d2efdc862bc9961623abc98b9a5"", ""path"": ""tinySIP/src/transactions/tsip_transac_ict.c"", ""symbol"": ""tsip_transac_ict_Any_2_Terminated_X_transportError"", ""lines"": ""712-723"", ""url"": ""https://github.com/DoubangoTelecom/doubango/blob/7604ae6761534d2efdc862bc9961623abc98b9a5/tinySIP/src/transactions/tsip_transac_ict.c#L712"", ""source_file_verified"": true, ""source_line_verified"": true, ""source_symbol_verified"": true}, {""mapping"": ""auxiliary:4"", ""role"": ""actual removal"", ""event_predicate"": ""RAW event on every correlated transition to Terminated, irrespective of cause; it is not a timer deadline alias."", ""instrumentation_timing"": ""2xx Accepted handler 成功 TRANSAC_ICT_TIMER_SCHEDULE(M) 后发 client_accepted_timer_m_armed；Timer-M callback 和每条 Any->Terminated 路径都发 client_transaction_terminated；transport-error 路径在同一 microstep 同时发 client_transport_abort。"", ""atomic_propositions"": [""client_transaction_terminated""], ""repository"": ""DoubangoTelecom/doubango"", ""commit"": ""7604ae6761534d2efdc862bc9961623abc98b9a5"", ""path"": ""tinySIP/src/transactions/tsip_transac_ict.c"", ""symbol"": ""tsip_transac_ict_OnTerminated"", ""lines"": ""837-846"", ""url"": ""https://github.com/DoubangoTelecom/doubango/blob/7604ae6761534d2efdc862bc9961623abc98b9a5/tinySIP/src/transactions/tsip_transac_ict.c#L837"", ""source_file_verified"": true, ""source_line_verified"": true, ""source_symbol_verified"": true}]",{},2xx Accepted handler 成功 TRANSAC_ICT_TIMER_SCHEDULE(M) 后发 client_accepted_timer_m_armed；Timer-M callback 和每条 Any->Terminated 路径都发 client_transaction_terminated；transport-error 路径在同一 microstep 同时发 client_transport_abort。,HYBRID
SIP,SIP-TX-26,client_transport_abort,RAW correlated unrecoverable transport-failure cause at its actual callback/state-transition tick; never inferred from a missing packet.,session_id + top Via branch + CSeq number/method + transaction role; ACK additionally uses RFC matching; timer_generation separates every re-arm/reset,correlate first; exactly one obligation generation per finite word; dynamic identifiers remain event fields; supersession closes the old word before a new monitor is spawned,EXACTLY_ONE_TRIGGER_PER_PROJECTED_WORD; key=transaction_id+timer_kind+timer_generation; append a terminal position after the largest bounded deadline,"[{""mapping"": ""auxiliary:1"", ""role"": ""FSM and Timer-M initialization"", ""event_predicate"": ""RAW correlated unrecoverable transport-failure cause at its actual callback/state-transition tick; never inferred from a missing packet."", ""instrumentation_timing"": ""2xx Accepted handler 成功 TRANSAC_ICT_TIMER_SCHEDULE(M) 后发 client_accepted_timer_m_armed；Timer-M callback 和每条 Any->Terminated 路径都发 client_transaction_terminated；transport-error 路径在同一 microstep 同时发 client_transport_abort。"", ""atomic_propositions"": [""client_accepted_timer_m_armed"", ""client_transaction_terminated"", ""client_transport_abort""], ""repository"": ""DoubangoTelecom/doubango"", ""commit"": ""7604ae6761534d2efdc862bc9961623abc98b9a5"", ""path"": ""tinySIP/src/transactions/tsip_transac_ict.c"", ""symbol"": ""tsip_transac_ict_init"", ""lines"": ""234-315"", ""url"": ""https://github.com/DoubangoTelecom/doubango/blob/7604ae6761534d2efdc862bc9961623abc98b9a5/tinySIP/src/transactions/tsip_transac_ict.c#L234"", ""source_file_verified"": true, ""source_line_verified"": true, ""source_symbol_verified"": true}, {""mapping"": ""auxiliary:3"", ""role"": ""transport-error termination"", ""event_predicate"": ""RAW correlated unrecoverable transport-failure cause at its actual callback/state-transition tick; never inferred from a missing packet."", ""instrumentation_timing"": ""2xx Accepted handler 成功 TRANSAC_ICT_TIMER_SCHEDULE(M) 后发 client_accepted_timer_m_armed；Timer-M callback 和每条 Any->Terminated 路径都发 client_transaction_terminated；transport-error 路径在同一 microstep 同时发 client_transport_abort。"", ""atomic_propositions"": [""client_transaction_terminated"", ""client_transport_abort""], ""repository"": ""DoubangoTelecom/doubango"", ""commit"": ""7604ae6761534d2efdc862bc9961623abc98b9a5"", ""path"": ""tinySIP/src/transactions/tsip_transac_ict.c"", ""symbol"": ""tsip_transac_ict_Any_2_Terminated_X_transportError"", ""lines"": ""712-723"", ""url"": ""https://github.com/DoubangoTelecom/doubango/blob/7604ae6761534d2efdc862bc9961623abc98b9a5/tinySIP/src/transactions/tsip_transac_ict.c#L712"", ""source_file_verified"": true, ""source_line_verified"": true, ""source_symbol_verified"": true}]",{},2xx Accepted handler 成功 TRANSAC_ICT_TIMER_SCHEDULE(M) 后发 client_accepted_timer_m_armed；Timer-M callback 和每条 Any->Terminated 路径都发 client_transaction_terminated；transport-error 路径在同一 microstep 同时发 client_transport_abort。,HYBRID
DICOM,DICOM-ARTIM-01,dicom_tcp_connection_accepted_dcmtk_30s_profile,storescp acceptor passes opt_acse_timeout=30 and DUL receives the TCP transport connection.,DUL association pointer + TCP 4-tuple; presentation-context IDs stay fields,"correlate first, then project one connection/transaction/flight; dynamic identifiers never enter AP names","one correlated obligation instance per timed word; if the trigger can repeat, the adapter spawns a new projection keyed by timer/request generation","[{""mapping"": ""primary"", ""role"": ""primary property hook"", ""event_predicate"": ""storescp acceptor passes opt_acse_timeout=30 and DUL receives the TCP transport connection."", ""instrumentation_timing"": ""Emit the trigger after receiveTransportConnection has succeeded and immediately before PRV_StateMachine/PRV_NextPDUType in DUL_ReceiveAssociationRQ, after checking association->timeout=30. Emit timeout, valid A-ASSOCIATE-RQ, transport-close, and parse-abort outcomes from the mutually exclusive branches at dul.cc:698-707; do not synthesize them from wall-clock time alone."", ""atomic_propositions"": [""dicom_tcp_connection_accepted_dcmtk_30s_profile"", ""dicom_artim_expired"", ""dicom_associate_rq_received"", ""dicom_transport_closed_or_parse_abort""], ""repository"": ""DCMTK/dcmtk"", ""commit"": ""7f8564cf11e5531689dd329523fb16023aeda3ed"", ""path"": ""dcmnet/libsrc/dul.cc"", ""symbol"": ""DUL_ReceiveAssociationRQ"", ""lines"": ""687-707"", ""url"": ""https://github.com/DCMTK/dcmtk/blob/7f8564cf11e5531689dd329523fb16023aeda3ed/dcmnet/libsrc/dul.cc#L687-L707"", ""source_file_verified"": true, ""source_line_verified"": true, ""source_symbol_verified"": true}, {""mapping"": ""auxiliary:1"", ""role"": ""storescp ACSE timeout profile constant"", ""event_predicate"": ""storescp acceptor passes opt_acse_timeout=30 and DUL receives the TCP transport connection."", ""instrumentation_timing"": ""Emit the trigger after receiveTransportConnection has succeeded and immediately before PRV_StateMachine/PRV_NextPDUType in DUL_ReceiveAssociationRQ, after checking association->timeout=30. Emit timeout, valid A-ASSOCIATE-RQ, transport-close, and parse-abort outcomes from the mutually exclusive branches at dul.cc:698-707; do not synthesize them from wall-clock time alone."", ""atomic_propositions"": [""dicom_tcp_connection_accepted_dcmtk_30s_profile""], ""repository"": ""DCMTK/dcmtk"", ""commit"": ""7f8564cf11e5531689dd329523fb16023aeda3ed"", ""path"": ""dcmnet/apps/storescp.cc"", ""symbol"": ""opt_acse_timeout"", ""lines"": ""173"", ""url"": ""https://github.com/DCMTK/dcmtk/blob/7f8564cf11e5531689dd329523fb16023aeda3ed/dcmnet/apps/storescp.cc#L173"", ""source_file_verified"": true, ""source_line_verified"": true, ""source_symbol_verified"": true}, {""mapping"": ""auxiliary:2"", ""role"": ""storescp passes the 30-second ACSE profile into the acceptor network"", ""event_predicate"": ""storescp acceptor passes opt_acse_timeout=30 and DUL receives the TCP transport connection."", ""instrumentation_timing"": ""Emit the trigger after receiveTransportConnection has succeeded and immediately before PRV_StateMachine/PRV_NextPDUType in DUL_ReceiveAssociationRQ, after checking association->timeout=30. Emit timeout, valid A-ASSOCIATE-RQ, transport-close, and parse-abort outcomes from the mutually exclusive branches at dul.cc:698-707; do not synthesize them from wall-clock time alone."", ""atomic_propositions"": [""dicom_tcp_connection_accepted_dcmtk_30s_profile""], ""repository"": ""DCMTK/dcmtk"", ""commit"": ""7f8564cf11e5531689dd329523fb16023aeda3ed"", ""path"": ""dcmnet/apps/storescp.cc"", ""symbol"": ""main"", ""lines"": ""928-940"", ""url"": ""https://github.com/DCMTK/dcmtk/blob/7f8564cf11e5531689dd329523fb16023aeda3ed/dcmnet/apps/storescp.cc#L928-L940"", ""source_file_verified"": true, ""source_line_verified"": true, ""source_symbol_verified"": true}, {""mapping"": ""auxiliary:3"", ""role"": ""DUL FSM transport-connection response transition"", ""event_predicate"": ""storescp acceptor passes opt_acse_timeout=30 and DUL receives the TCP transport connection."", ""instrumentation_timing"": ""Emit the trigger after receiveTransportConnection has succeeded and immediately before PRV_StateMachine/PRV_NextPDUType in DUL_ReceiveAssociationRQ, after checking association->timeout=30. Emit timeout, valid A-ASSOCIATE-RQ, transport-close, and parse-abort outcomes from the mutually exclusive branches at dul.cc:698-707; do not synthesize them from wall-clock time alone."", ""atomic_propositions"": [""dicom_tcp_connection_accepted_dcmtk_30s_profile""], ""repository"": ""DCMTK/dcmtk"", ""commit"": ""7f8564cf11e5531689dd329523fb16023aeda3ed"", ""path"": ""dcmnet/libsrc/dulfsm.cc"", ""symbol"": ""AE_5_TransportConnectResponse"", ""lines"": ""1118-1127"", ""url"": ""https://github.com/DCMTK/dcmtk/blob/7f8564cf11e5531689dd329523fb16023aeda3ed/dcmnet/libsrc/dulfsm.cc#L1118-L1127"", ""source_file_verified"": true, ""source_line_verified"": true, ""source_symbol_verified"": true}]",{},"Emit the trigger after receiveTransportConnection has succeeded and immediately before PRV_StateMachine/PRV_NextPDUType in DUL_ReceiveAssociationRQ, after checking association->timeout=30. Emit timeout, valid A-ASSOCIATE-RQ, transport-close, and parse-abort outcomes from the mutually exclusive branches at dul.cc:698-707; do not synthesize them from wall-clock time alone.",HYBRID
DICOM,DICOM-ARTIM-01,dicom_artim_expired,PRV_NextPDUType returns DUL_READTIMEOUT and dispatches ARTIM_TIMER_EXPIRED.,DUL association pointer + TCP 4-tuple; presentation-context IDs stay fields,"correlate first, then project one connection/transaction/flight; dynamic identifiers never enter AP names","one correlated obligation instance per timed word; if the trigger can repeat, the adapter spawns a new projection keyed by timer/request generation","[{""mapping"": ""primary"", ""role"": ""primary property hook"", ""event_predicate"": ""PRV_NextPDUType returns DUL_READTIMEOUT and dispatches ARTIM_TIMER_EXPIRED."", ""instrumentation_timing"": ""Emit the trigger after receiveTransportConnection has succeeded and immediately before PRV_StateMachine/PRV_NextPDUType in DUL_ReceiveAssociationRQ, after checking association->timeout=30. Emit timeout, valid A-ASSOCIATE-RQ, transport-close, and parse-abort outcomes from the mutually exclusive branches at dul.cc:698-707; do not synthesize them from wall-clock time alone."", ""atomic_propositions"": [""dicom_tcp_connection_accepted_dcmtk_30s_profile"", ""dicom_artim_expired"", ""dicom_associate_rq_received"", ""dicom_transport_closed_or_parse_abort""], ""repository"": ""DCMTK/dcmtk"", ""commit"": ""7f8564cf11e5531689dd329523fb16023aeda3ed"", ""path"": ""dcmnet/libsrc/dul.cc"", ""symbol"": ""DUL_ReceiveAssociationRQ"", ""lines"": ""687-707"", ""url"": ""https://github.com/DCMTK/dcmtk/blob/7f8564cf11e5531689dd329523fb16023aeda3ed/dcmnet/libsrc/dul.cc#L687-L707"", ""source_file_verified"": true, ""source_line_verified"": true, ""source_symbol_verified"": true}]",{},"Emit the trigger after receiveTransportConnection has succeeded and immediately before PRV_StateMachine/PRV_NextPDUType in DUL_ReceiveAssociationRQ, after checking association->timeout=30. Emit timeout, valid A-ASSOCIATE-RQ, transport-close, and parse-abort outcomes from the mutually exclusive branches at dul.cc:698-707; do not synthesize them from wall-clock time alone.",HYBRID
DICOM,DICOM-ARTIM-01,dicom_associate_rq_received,A valid A-ASSOCIATE-RQ PDU is recognized for this association.,DUL association pointer + TCP 4-tuple; presentation-context IDs stay fields,"correlate first, then project one connection/transaction/flight; dynamic identifiers never enter AP names","one correlated obligation instance per timed word; if the trigger can repeat, the adapter spawns a new projection keyed by timer/request generation","[{""mapping"": ""primary"", ""role"": ""primary property hook"", ""event_predicate"": ""A valid A-ASSOCIATE-RQ PDU is recognized for this association."", ""instrumentation_timing"": ""Emit the trigger after receiveTransportConnection has succeeded and immediately before PRV_StateMachine/PRV_NextPDUType in DUL_ReceiveAssociationRQ, after checking association->timeout=30. Emit timeout, valid A-ASSOCIATE-RQ, transport-close, and parse-abort outcomes from the mutually exclusive branches at dul.cc:698-707; do not synthesize them from wall-clock time alone."", ""atomic_propositions"": [""dicom_tcp_connection_accepted_dcmtk_30s_profile"", ""dicom_artim_expired"", ""dicom_associate_rq_received"", ""dicom_transport_closed_or_parse_abort""], ""repository"": ""DCMTK/dcmtk"", ""commit"": ""7f8564cf11e5531689dd329523fb16023aeda3ed"", ""path"": ""dcmnet/libsrc/dul.cc"", ""symbol"": ""DUL_ReceiveAssociationRQ"", ""lines"": ""687-707"", ""url"": ""https://github.com/DCMTK/dcmtk/blob/7f8564cf11e5531689dd329523fb16023aeda3ed/dcmnet/libsrc/dul.cc#L687-L707"", ""source_file_verified"": true, ""source_line_verified"": true, ""source_symbol_verified"": true}]",{},"Emit the trigger after receiveTransportConnection has succeeded and immediately before PRV_StateMachine/PRV_NextPDUType in DUL_ReceiveAssociationRQ, after checking association->timeout=30. Emit timeout, valid A-ASSOCIATE-RQ, transport-close, and parse-abort outcomes from the mutually exclusive branches at dul.cc:698-707; do not synthesize them from wall-clock time alone.",HYBRID
DICOM,DICOM-ARTIM-01,dicom_transport_closed_or_parse_abort,Peer transport close or terminal malformed-PDU/abort branch ends this waiting generation.,DUL association pointer + TCP 4-tuple; presentation-context IDs stay fields,"correlate first, then project one connection/transaction/flight; dynamic identifiers never enter AP names","one correlated obligation instance per timed word; if the trigger can repeat, the adapter spawns a new projection keyed by timer/request generation","[{""mapping"": ""primary"", ""role"": ""primary property hook"", ""event_predicate"": ""Peer transport close or terminal malformed-PDU/abort branch ends this waiting generation."", ""instrumentation_timing"": ""Emit the trigger after receiveTransportConnection has succeeded and immediately before PRV_StateMachine/PRV_NextPDUType in DUL_ReceiveAssociationRQ, after checking association->timeout=30. Emit timeout, valid A-ASSOCIATE-RQ, transport-close, and parse-abort outcomes from the mutually exclusive branches at dul.cc:698-707; do not synthesize them from wall-clock time alone."", ""atomic_propositions"": [""dicom_tcp_connection_accepted_dcmtk_30s_profile"", ""dicom_artim_expired"", ""dicom_associate_rq_received"", ""dicom_transport_closed_or_parse_abort""], ""repository"": ""DCMTK/dcmtk"", ""commit"": ""7f8564cf11e5531689dd329523fb16023aeda3ed"", ""path"": ""dcmnet/libsrc/dul.cc"", ""symbol"": ""DUL_ReceiveAssociationRQ"", ""lines"": ""687-707"", ""url"": ""https://github.com/DCMTK/dcmtk/blob/7f8564cf11e5531689dd329523fb16023aeda3ed/dcmnet/libsrc/dul.cc#L687-L707"", ""source_file_verified"": true, ""source_line_verified"": true, ""source_symbol_verified"": true}]",{},"Emit the trigger after receiveTransportConnection has succeeded and immediately before PRV_StateMachine/PRV_NextPDUType in DUL_ReceiveAssociationRQ, after checking association->timeout=30. Emit timeout, valid A-ASSOCIATE-RQ, transport-close, and parse-abort outcomes from the mutually exclusive branches at dul.cc:698-707; do not synthesize them from wall-clock time alone.",HYBRID
OPC UA,OPCUA-PUB-01,publish_request_queued_timeout_hint_5000,Service_Publish queues a request whose RequestHeader.timeoutHint equals 5000 ms.,Session + Publish requestId; requestId remains an event field,"EXACTLY_ONE_TRIGGER_PER_PROJECTED_WORD; each reset/restart closes the old generation and opens a separately monitored generation. Project one queued Publish request; normal response, Session close, or request cancellation ends that request generation without creating another trigger in the same word.","one correlated obligation instance per timed word; if the trigger can repeat, the adapter spawns a new projection keyed by timer/request generation","[{""mapping"": ""auxiliary:1"", ""role"": ""Publish timeoutHint deadline and queue"", ""event_predicate"": ""Service_Publish queues a request whose RequestHeader.timeoutHint equals 5000 ms."", ""instrumentation_timing"": ""Record queue time/maxTime at the fixed Service_Publish producer; emit Bad_Timeout immediately before sendResponse at lines 441-447 using actual monotonic time."", ""atomic_propositions"": [""publish_request_queued_timeout_hint_5000""], ""repository"": ""open62541/open62541"", ""commit"": ""76e425ee963e8c16c0414f2f6bd0c7a5761a92c3"", ""path"": ""src/server/ua_services_subscription.c"", ""symbol"": ""Service_Publish"", ""lines"": ""304-315"", ""url"": ""https://github.com/open62541/open62541/blob/76e425ee963e8c16c0414f2f6bd0c7a5761a92c3/src/server/ua_services_subscription.c#L304-L315"", ""source_file_verified"": true, ""source_line_verified"": true, ""source_symbol_verified"": true}]",{},Record queue time/maxTime at the fixed Service_Publish producer; emit Bad_Timeout immediately before sendResponse at lines 441-447 using actual monotonic time.,HYBRID
OPC UA,OPCUA-PUB-01,publish_bad_timeout,The server sends a PublishResponse with serviceResult Bad_Timeout for that requestId.,Session + Publish requestId; requestId remains an event field,"EXACTLY_ONE_TRIGGER_PER_PROJECTED_WORD; each reset/restart closes the old generation and opens a separately monitored generation. Project one queued Publish request; normal response, Session close, or request cancellation ends that request generation without creating another trigger in the same word.","one correlated obligation instance per timed word; if the trigger can repeat, the adapter spawns a new projection keyed by timer/request generation","[{""mapping"": ""primary"", ""role"": ""primary property hook"", ""event_predicate"": ""The server sends a PublishResponse with serviceResult Bad_Timeout for that requestId."", ""instrumentation_timing"": ""Record queue time/maxTime at the fixed Service_Publish producer; emit Bad_Timeout immediately before sendResponse at lines 441-447 using actual monotonic time."", ""atomic_propositions"": [""publish_bad_timeout""], ""repository"": ""open62541/open62541"", ""commit"": ""76e425ee963e8c16c0414f2f6bd0c7a5761a92c3"", ""path"": ""src/server/ua_subscription.c"", ""symbol"": ""UA_Subscription_publish"", ""lines"": ""427-452"", ""url"": ""https://github.com/open62541/open62541/blob/76e425ee963e8c16c0414f2f6bd0c7a5761a92c3/src/server/ua_subscription.c#L427-L452"", ""source_file_verified"": true, ""source_line_verified"": true, ""source_symbol_verified"": true}]",{},Record queue time/maxTime at the fixed Service_Publish producer; emit Bad_Timeout immediately before sendResponse at lines 441-447 using actual monotonic time.,HYBRID
OPC UA,OPCUA-SC-01,security_token_issued_default_lifetime,OpenSecureChannel response installs a token whose revisedLifetime is 600000 ms.,"client connection + SecureChannelId + current tokenId; tokenId is an event field, never an AP suffix","EXACTLY_ONE_TRIGGER_PER_PROJECTED_WORD; each reset/restart closes the old generation and opens a separately monitored generation. Correlate by channel/token; only revisedLifetime=600000 enters this property. Close on successful renewal, channel close, explicit cancellation, or expiry.","one correlated obligation instance per timed word; if the trigger can repeat, the adapter spawns a new projection keyed by timer/request generation","[{""mapping"": ""primary"", ""role"": ""primary property hook"", ""event_predicate"": ""OpenSecureChannel response installs a token whose revisedLifetime is 600000 ms."", ""instrumentation_timing"": ""Record token installation and nextChannelRenewal at lines 560-565; record RENEW only after UA_SecureChannel_sendAsymmetricOPNMessage succeeds at lines 625-640. Store logical threshold/expiry and actual send time separately."", ""atomic_propositions"": [""security_token_issued_default_lifetime"", ""security_token_generation_cancelled""], ""repository"": ""open62541/open62541"", ""commit"": ""76e425ee963e8c16c0414f2f6bd0c7a5761a92c3"", ""path"": ""src/client/ua_client_connect.c"", ""symbol"": ""processOPNResponse"", ""lines"": ""495-589"", ""url"": ""https://github.com/open62541/open62541/blob/76e425ee963e8c16c0414f2f6bd0c7a5761a92c3/src/client/ua_client_connect.c#L495-L589"", ""source_file_verified"": true, ""source_line_verified"": true, ""source_symbol_verified"": true}, {""mapping"": ""auxiliary:3"", ""role"": ""600000 ms client lifetime profile"", ""event_predicate"": ""OpenSecureChannel response installs a token whose revisedLifetime is 600000 ms."", ""instrumentation_timing"": ""Record token installation and nextChannelRenewal at lines 560-565; record RENEW only after UA_SecureChannel_sendAsymmetricOPNMessage succeeds at lines 625-640. Store logical threshold/expiry and actual send time separately."", ""atomic_propositions"": [""security_token_issued_default_lifetime""], ""repository"": ""open62541/open62541"", ""commit"": ""76e425ee963e8c16c0414f2f6bd0c7a5761a92c3"", ""path"": ""plugins/ua_config_default.c"", ""symbol"": ""UA_ClientConfig_setDefault"", ""lines"": ""1115-1118"", ""url"": ""https://github.com/open62541/open62541/blob/76e425ee963e8c16c0414f2f6bd0c7a5761a92c3/plugins/ua_config_default.c#L1115-L1118"", ""source_file_verified"": true, ""source_line_verified"": true, ""source_symbol_verified"": true}]",{},Record token installation and nextChannelRenewal at lines 560-565; record RENEW only after UA_SecureChannel_sendAsymmetricOPNMessage succeeds at lines 625-640. Store logical threshold/expiry and actual send time separately.,HYBRID
OPC UA,OPCUA-SC-01,secure_channel_renew_requested,An OpenSecureChannelRequest with requestType=RENEW is handed to the channel send path.,"client connection + SecureChannelId + current tokenId; tokenId is an event field, never an AP suffix","EXACTLY_ONE_TRIGGER_PER_PROJECTED_WORD; each reset/restart closes the old generation and opens a separately monitored generation. Correlate by channel/token; only revisedLifetime=600000 enters this property. Close on successful renewal, channel close, explicit cancellation, or expiry.","one correlated obligation instance per timed word; if the trigger can repeat, the adapter spawns a new projection keyed by timer/request generation","[{""mapping"": ""auxiliary:1"", ""role"": ""RENEW OpenSecureChannelRequest send"", ""event_predicate"": ""An OpenSecureChannelRequest with requestType=RENEW is handed to the channel send path."", ""instrumentation_timing"": ""Record token installation and nextChannelRenewal at lines 560-565; record RENEW only after UA_SecureChannel_sendAsymmetricOPNMessage succeeds at lines 625-640. Store logical threshold/expiry and actual send time separately."", ""atomic_propositions"": [""secure_channel_renew_requested""], ""repository"": ""open62541/open62541"", ""commit"": ""76e425ee963e8c16c0414f2f6bd0c7a5761a92c3"", ""path"": ""src/client/ua_client_connect.c"", ""symbol"": ""sendOPNAsync"", ""lines"": ""593-646"", ""url"": ""https://github.com/open62541/open62541/blob/76e425ee963e8c16c0414f2f6bd0c7a5761a92c3/src/client/ua_client_connect.c#L593-L646"", ""source_file_verified"": true, ""source_line_verified"": true, ""source_symbol_verified"": true}]",{},Record token installation and nextChannelRenewal at lines 560-565; record RENEW only after UA_SecureChannel_sendAsymmetricOPNMessage succeeds at lines 625-640. Store logical threshold/expiry and actual send time separately.,HYBRID
OPC UA,OPCUA-SC-01,secure_channel_closed,The correlated SecureChannel closes before renewal and discharges this window.,"client connection + SecureChannelId + current tokenId; tokenId is an event field, never an AP suffix","EXACTLY_ONE_TRIGGER_PER_PROJECTED_WORD; each reset/restart closes the old generation and opens a separately monitored generation. Correlate by channel/token; only revisedLifetime=600000 enters this property. Close on successful renewal, channel close, explicit cancellation, or expiry.","one correlated obligation instance per timed word; if the trigger can repeat, the adapter spawns a new projection keyed by timer/request generation","[{""mapping"": ""auxiliary:2"", ""role"": ""SecureChannel close lifecycle"", ""event_predicate"": ""The correlated SecureChannel closes before renewal and discharges this window."", ""instrumentation_timing"": ""Record token installation and nextChannelRenewal at lines 560-565; record RENEW only after UA_SecureChannel_sendAsymmetricOPNMessage succeeds at lines 625-640. Store logical threshold/expiry and actual send time separately."", ""atomic_propositions"": [""secure_channel_closed""], ""repository"": ""open62541/open62541"", ""commit"": ""76e425ee963e8c16c0414f2f6bd0c7a5761a92c3"", ""path"": ""src/client/ua_client_connect.c"", ""symbol"": ""closeSecureChannel"", ""lines"": ""2198-2236"", ""url"": ""https://github.com/open62541/open62541/blob/76e425ee963e8c16c0414f2f6bd0c7a5761a92c3/src/client/ua_client_connect.c#L2198-L2236"", ""source_file_verified"": true, ""source_line_verified"": true, ""source_symbol_verified"": true}]",{},Record token installation and nextChannelRenewal at lines 560-565; record RENEW only after UA_SecureChannel_sendAsymmetricOPNMessage succeeds at lines 625-640. Store logical threshold/expiry and actual send time separately.,HYBRID
OPC UA,OPCUA-SC-01,security_token_generation_cancelled,A later successful processOPNResponse replaces the correlated current token with a new token before this generation's renewal-request observation; the adapter closes the old token generation at that replacement.,"client connection + SecureChannelId + current tokenId; tokenId is an event field, never an AP suffix","EXACTLY_ONE_TRIGGER_PER_PROJECTED_WORD; each reset/restart closes the old generation and opens a separately monitored generation. Correlate by channel/token; only revisedLifetime=600000 enters this property. Close on successful renewal, channel close, explicit cancellation, or expiry.","one correlated obligation instance per timed word; if the trigger can repeat, the adapter spawns a new projection keyed by timer/request generation","[{""mapping"": ""primary"", ""role"": ""primary property hook"", ""event_predicate"": ""A later successful processOPNResponse replaces the correlated current token with a new token before this generation's renewal-request observation; the adapter closes the old token generation at that replacement."", ""instrumentation_timing"": ""Record token installation and nextChannelRenewal at lines 560-565; record RENEW only after UA_SecureChannel_sendAsymmetricOPNMessage succeeds at lines 625-640. Store logical threshold/expiry and actual send time separately."", ""atomic_propositions"": [""security_token_issued_default_lifetime"", ""security_token_generation_cancelled""], ""repository"": ""open62541/open62541"", ""commit"": ""76e425ee963e8c16c0414f2f6bd0c7a5761a92c3"", ""path"": ""src/client/ua_client_connect.c"", ""symbol"": ""processOPNResponse"", ""lines"": ""495-589"", ""url"": ""https://github.com/open62541/open62541/blob/76e425ee963e8c16c0414f2f6bd0c7a5761a92c3/src/client/ua_client_connect.c#L495-L589"", ""source_file_verified"": true, ""source_line_verified"": true, ""source_symbol_verified"": true}]",{},Record token installation and nextChannelRenewal at lines 560-565; record RENEW only after UA_SecureChannel_sendAsymmetricOPNMessage succeeds at lines 625-640. Store logical threshold/expiry and actual send time separately.,HYBRID
OPC UA,OPCUA-SC-02,old_security_token_expired_default_lifetime,The old token reaches createdAt+600000 ms while it remains the alternate token after renewal.,SecureChannelId + old tokenId + message requestId; identifiers remain fields,EXACTLY_ONE_TRIGGER_PER_PROJECTED_WORD; each reset/restart closes the old generation and opens a separately monitored generation. Project one SecureChannel and one expired old token; retain only messages carrying that tokenId during the 25% window and end on explicit close/rollover.,"one correlated obligation instance per timed word; if the trigger can repeat, the adapter spawns a new projection keyed by timer/request generation","[{""mapping"": ""auxiliary:1"", ""role"": ""old-token installation and expiry-field snapshot"", ""event_predicate"": ""The old token reaches createdAt+600000 ms while it remains the alternate token after renewal."", ""instrumentation_timing"": ""Emit received on entry with tokenId matching altSecurityToken; merge accepted into the same timestamp only if checkSymHeader returns GOOD. End the token projection on explicit channel close or old-token rollover."", ""atomic_propositions"": [""old_security_token_expired_default_lifetime""], ""repository"": ""open62541/open62541"", ""commit"": ""76e425ee963e8c16c0414f2f6bd0c7a5761a92c3"", ""path"": ""src/client/ua_client_connect.c"", ""symbol"": ""processOPNResponse"", ""lines"": ""495-589"", ""url"": ""https://github.com/open62541/open62541/blob/76e425ee963e8c16c0414f2f6bd0c7a5761a92c3/src/client/ua_client_connect.c#L495-L589"", ""source_file_verified"": true, ""source_line_verified"": true, ""source_symbol_verified"": true}, {""mapping"": ""auxiliary:2"", ""role"": ""600000 ms client lifetime profile"", ""event_predicate"": ""The old token reaches createdAt+600000 ms while it remains the alternate token after renewal."", ""instrumentation_timing"": ""Emit received on entry with tokenId matching altSecurityToken; merge accepted into the same timestamp only if checkSymHeader returns GOOD. End the token projection on explicit channel close or old-token rollover."", ""atomic_propositions"": [""old_security_token_expired_default_lifetime""], ""repository"": ""open62541/open62541"", ""commit"": ""76e425ee963e8c16c0414f2f6bd0c7a5761a92c3"", ""path"": ""plugins/ua_config_default.c"", ""symbol"": ""UA_ClientConfig_setDefault"", ""lines"": ""1115-1118"", ""url"": ""https://github.com/open62541/open62541/blob/76e425ee963e8c16c0414f2f6bd0c7a5761a92c3/plugins/ua_config_default.c#L1115-L1118"", ""source_file_verified"": true, ""source_line_verified"": true, ""source_symbol_verified"": true}]",{},Emit received on entry with tokenId matching altSecurityToken; merge accepted into the same timestamp only if checkSymHeader returns GOOD. End the token projection on explicit channel close or old-token rollover.,WHITEBOX
OPC UA,OPCUA-SC-02,old_token_message_received,A message with the correlated old tokenId reaches checkSymHeader and passes framing/cryptographic preconditions.,SecureChannelId + old tokenId + message requestId; identifiers remain fields,EXACTLY_ONE_TRIGGER_PER_PROJECTED_WORD; each reset/restart closes the old generation and opens a separately monitored generation. Project one SecureChannel and one expired old token; retain only messages carrying that tokenId during the 25% window and end on explicit close/rollover.,"one correlated obligation instance per timed word; if the trigger can repeat, the adapter spawns a new projection keyed by timer/request generation","[{""mapping"": ""primary"", ""role"": ""primary property hook"", ""event_predicate"": ""A message with the correlated old tokenId reaches checkSymHeader and passes framing/cryptographic preconditions."", ""instrumentation_timing"": ""Emit received on entry with tokenId matching altSecurityToken; merge accepted into the same timestamp only if checkSymHeader returns GOOD. End the token projection on explicit channel close or old-token rollover."", ""atomic_propositions"": [""old_token_message_received"", ""old_token_message_accepted""], ""repository"": ""open62541/open62541"", ""commit"": ""76e425ee963e8c16c0414f2f6bd0c7a5761a92c3"", ""path"": ""src/ua_securechannel_crypto.c"", ""symbol"": ""checkSymHeader"", ""lines"": ""506-569"", ""url"": ""https://github.com/open62541/open62541/blob/76e425ee963e8c16c0414f2f6bd0c7a5761a92c3/src/ua_securechannel_crypto.c#L506-L569"", ""source_file_verified"": true, ""source_line_verified"": true, ""source_symbol_verified"": true}]",{},Emit received on entry with tokenId matching altSecurityToken; merge accepted into the same timestamp only if checkSymHeader returns GOOD. End the token projection on explicit channel close or old-token rollover.,WHITEBOX
OPC UA,OPCUA-SC-02,old_token_message_accepted,checkSymHeader returns GOOD for that old-token message in the same merged callback valuation.,SecureChannelId + old tokenId + message requestId; identifiers remain fields,EXACTLY_ONE_TRIGGER_PER_PROJECTED_WORD; each reset/restart closes the old generation and opens a separately monitored generation. Project one SecureChannel and one expired old token; retain only messages carrying that tokenId during the 25% window and end on explicit close/rollover.,"one correlated obligation instance per timed word; if the trigger can repeat, the adapter spawns a new projection keyed by timer/request generation","[{""mapping"": ""primary"", ""role"": ""primary property hook"", ""event_predicate"": ""checkSymHeader returns GOOD for that old-token message in the same merged callback valuation."", ""instrumentation_timing"": ""Emit received on entry with tokenId matching altSecurityToken; merge accepted into the same timestamp only if checkSymHeader returns GOOD. End the token projection on explicit channel close or old-token rollover."", ""atomic_propositions"": [""old_token_message_received"", ""old_token_message_accepted""], ""repository"": ""open62541/open62541"", ""commit"": ""76e425ee963e8c16c0414f2f6bd0c7a5761a92c3"", ""path"": ""src/ua_securechannel_crypto.c"", ""symbol"": ""checkSymHeader"", ""lines"": ""506-569"", ""url"": ""https://github.com/open62541/open62541/blob/76e425ee963e8c16c0414f2f6bd0c7a5761a92c3/src/ua_securechannel_crypto.c#L506-L569"", ""source_file_verified"": true, ""source_line_verified"": true, ""source_symbol_verified"": true}]",{},Emit received on entry with tokenId matching altSecurityToken; merge accepted into the same timestamp only if checkSymHeader returns GOOD. End the token projection on explicit channel close or old-token rollover.,WHITEBOX
OPC UA,OPCUA-SESS-01,session_idle_window_started_1200000,"After UA_Session_updateLifetime for a Session whose revised timeout is 1200000 ms, the adapter opens a fresh idle window.",server instance + authenticationToken/sessionId; dynamic NodeIds remain fields,EXACTLY_ONE_TRIGGER_PER_PROJECTED_WORD; each reset/restart closes the old generation and opens a separately monitored generation. Correlate one Session generation; each valid Service activity satisfies the old generation and starts a new projected word; explicit close/shutdown cancels it.,"one correlated obligation instance per timed word; if the trigger can repeat, the adapter spawns a new projection keyed by timer/request generation","[{""mapping"": ""auxiliary:1"", ""role"": ""Session logical idle deadline"", ""event_predicate"": ""After UA_Session_updateLifetime for a Session whose revised timeout is 1200000 ms, the adapter opens a fresh idle window."", ""instrumentation_timing"": ""Open/reset from UA_Session_updateLifetime and the valid Service dispatch hook; emit timeout immediately before UA_Server_removeSession. Store session.validTill as the logical deadline and cleanup callback time separately."", ""atomic_propositions"": [""session_idle_window_started_1200000"", ""session_service_activity""], ""repository"": ""open62541/open62541"", ""commit"": ""76e425ee963e8c16c0414f2f6bd0c7a5761a92c3"", ""path"": ""src/server/ua_session.c"", ""symbol"": ""UA_Session_updateLifetime"", ""lines"": ""125-131"", ""url"": ""https://github.com/open62541/open62541/blob/76e425ee963e8c16c0414f2f6bd0c7a5761a92c3/src/server/ua_session.c#L125-L131"", ""source_file_verified"": true, ""source_line_verified"": true, ""source_symbol_verified"": true}, {""mapping"": ""auxiliary:3"", ""role"": ""revised Session timeout creation"", ""event_predicate"": ""After UA_Session_updateLifetime for a Session whose revised timeout is 1200000 ms, the adapter opens a fresh idle window."", ""instrumentation_timing"": ""Open/reset from UA_Session_updateLifetime and the valid Service dispatch hook; emit timeout immediately before UA_Server_removeSession. Store session.validTill as the logical deadline and cleanup callback time separately."", ""atomic_propositions"": [""session_idle_window_started_1200000""], ""repository"": ""open62541/open62541"", ""commit"": ""76e425ee963e8c16c0414f2f6bd0c7a5761a92c3"", ""path"": ""src/server/ua_services_session.c"", ""symbol"": ""UA_Server_createSession / Service_CreateSession"", ""lines"": ""224-260;263-393"", ""url"": ""https://github.com/open62541/open62541/blob/76e425ee963e8c16c0414f2f6bd0c7a5761a92c3/src/server/ua_services_session.c#L224-L260"", ""source_file_verified"": true, ""source_line_verified"": true, ""source_symbol_verified"": true}, {""mapping"": ""auxiliary:5"", ""role"": ""1200000 ms requested client profile"", ""event_predicate"": ""After UA_Session_updateLifetime for a Session whose revised timeout is 1200000 ms, the adapter opens a fresh idle window."", ""instrumentation_timing"": ""Open/reset from UA_Session_updateLifetime and the valid Service dispatch hook; emit timeout immediately before UA_Server_removeSession. Store session.validTill as the logical deadline and cleanup callback time separately."", ""atomic_propositions"": [""session_idle_window_started_1200000""], ""repository"": ""open62541/open62541"", ""commit"": ""76e425ee963e8c16c0414f2f6bd0c7a5761a92c3"", ""path"": ""plugins/ua_config_default.c"", ""symbol"": ""UA_ClientConfig_setDefault"", ""lines"": ""1173-1174"", ""url"": ""https://github.com/open62541/open62541/blob/76e425ee963e8c16c0414f2f6bd0c7a5761a92c3/plugins/ua_config_default.c#L1173-L1174"", ""source_file_verified"": true, ""source_line_verified"": true, ""source_symbol_verified"": true}]",{},Open/reset from UA_Session_updateLifetime and the valid Service dispatch hook; emit timeout immediately before UA_Server_removeSession. Store session.validTill as the logical deadline and cleanup callback time separately.,HYBRID
OPC UA,OPCUA-SESS-01,session_timeout_terminated,UA_Server_cleanupSessions removes that Session with shutdown reason TIMEOUT.,server instance + authenticationToken/sessionId; dynamic NodeIds remain fields,EXACTLY_ONE_TRIGGER_PER_PROJECTED_WORD; each reset/restart closes the old generation and opens a separately monitored generation. Correlate one Session generation; each valid Service activity satisfies the old generation and starts a new projected word; explicit close/shutdown cancels it.,"one correlated obligation instance per timed word; if the trigger can repeat, the adapter spawns a new projection keyed by timer/request generation","[{""mapping"": ""primary"", ""role"": ""primary property hook"", ""event_predicate"": ""UA_Server_cleanupSessions removes that Session with shutdown reason TIMEOUT."", ""instrumentation_timing"": ""Open/reset from UA_Session_updateLifetime and the valid Service dispatch hook; emit timeout immediately before UA_Server_removeSession. Store session.validTill as the logical deadline and cleanup callback time separately."", ""atomic_propositions"": [""session_timeout_terminated""], ""repository"": ""open62541/open62541"", ""commit"": ""76e425ee963e8c16c0414f2f6bd0c7a5761a92c3"", ""path"": ""src/server/ua_services_session.c"", ""symbol"": ""UA_Server_cleanupSessions"", ""lines"": ""115-126"", ""url"": ""https://github.com/open62541/open62541/blob/76e425ee963e8c16c0414f2f6bd0c7a5761a92c3/src/server/ua_services_session.c#L115-L126"", ""source_file_verified"": true, ""source_line_verified"": true, ""source_symbol_verified"": true}]",{},Open/reset from UA_Session_updateLifetime and the valid Service dispatch hook; emit timeout immediately before UA_Server_removeSession. Store session.validTill as the logical deadline and cleanup callback time separately.,HYBRID
OPC UA,OPCUA-SESS-01,session_service_activity,A valid correlated Service request updates the Session lifetime before expiry.,server instance + authenticationToken/sessionId; dynamic NodeIds remain fields,EXACTLY_ONE_TRIGGER_PER_PROJECTED_WORD; each reset/restart closes the old generation and opens a separately monitored generation. Correlate one Session generation; each valid Service activity satisfies the old generation and starts a new projected word; explicit close/shutdown cancels it.,"one correlated obligation instance per timed word; if the trigger can repeat, the adapter spawns a new projection keyed by timer/request generation","[{""mapping"": ""auxiliary:1"", ""role"": ""Session logical idle deadline"", ""event_predicate"": ""A valid correlated Service request updates the Session lifetime before expiry."", ""instrumentation_timing"": ""Open/reset from UA_Session_updateLifetime and the valid Service dispatch hook; emit timeout immediately before UA_Server_removeSession. Store session.validTill as the logical deadline and cleanup callback time separately."", ""atomic_propositions"": [""session_idle_window_started_1200000"", ""session_service_activity""], ""repository"": ""open62541/open62541"", ""commit"": ""76e425ee963e8c16c0414f2f6bd0c7a5761a92c3"", ""path"": ""src/server/ua_session.c"", ""symbol"": ""UA_Session_updateLifetime"", ""lines"": ""125-131"", ""url"": ""https://github.com/open62541/open62541/blob/76e425ee963e8c16c0414f2f6bd0c7a5761a92c3/src/server/ua_session.c#L125-L131"", ""source_file_verified"": true, ""source_line_verified"": true, ""source_symbol_verified"": true}, {""mapping"": ""auxiliary:2"", ""role"": ""valid Service activity refresh"", ""event_predicate"": ""A valid correlated Service request updates the Session lifetime before expiry."", ""instrumentation_timing"": ""Open/reset from UA_Session_updateLifetime and the valid Service dispatch hook; emit timeout immediately before UA_Server_removeSession. Store session.validTill as the logical deadline and cleanup callback time separately."", ""atomic_propositions"": [""session_service_activity""], ""repository"": ""open62541/open62541"", ""commit"": ""76e425ee963e8c16c0414f2f6bd0c7a5761a92c3"", ""path"": ""src/server/ua_server_binary.c"", ""symbol"": ""processMSGDecoded"", ""lines"": ""716-865"", ""url"": ""https://github.com/open62541/open62541/blob/76e425ee963e8c16c0414f2f6bd0c7a5761a92c3/src/server/ua_server_binary.c#L716-L865"", ""source_file_verified"": true, ""source_line_verified"": true, ""source_symbol_verified"": true}]",{},Open/reset from UA_Session_updateLifetime and the valid Service dispatch hook; emit timeout immediately before UA_Server_removeSession. Store session.validTill as the logical deadline and cleanup callback time separately.,HYBRID
OPC UA,OPCUA-SESS-01,session_idle_generation_cancelled,"Service_CloseSession removes the correlated Session with CLOSE rather than TIMEOUT, or an equivalent server purge/removal lifecycle ends it before the idle deadline.",server instance + authenticationToken/sessionId; dynamic NodeIds remain fields,EXACTLY_ONE_TRIGGER_PER_PROJECTED_WORD; each reset/restart closes the old generation and opens a separately monitored generation. Correlate one Session generation; each valid Service activity satisfies the old generation and starts a new projected word; explicit close/shutdown cancels it.,"one correlated obligation instance per timed word; if the trigger can repeat, the adapter spawns a new projection keyed by timer/request generation","[{""mapping"": ""auxiliary:4"", ""role"": ""explicit CloseSession and removal"", ""event_predicate"": ""Service_CloseSession removes the correlated Session with CLOSE rather than TIMEOUT, or an equivalent server purge/removal lifecycle ends it before the idle deadline."", ""instrumentation_timing"": ""Open/reset from UA_Session_updateLifetime and the valid Service dispatch hook; emit timeout immediately before UA_Server_removeSession. Store session.validTill as the logical deadline and cleanup callback time separately."", ""atomic_propositions"": [""session_idle_generation_cancelled""], ""repository"": ""open62541/open62541"", ""commit"": ""76e425ee963e8c16c0414f2f6bd0c7a5761a92c3"", ""path"": ""src/server/ua_services_session.c"", ""symbol"": ""Service_CloseSession / UA_Server_removeSession"", ""lines"": ""29-98;918-960"", ""url"": ""https://github.com/open62541/open62541/blob/76e425ee963e8c16c0414f2f6bd0c7a5761a92c3/src/server/ua_services_session.c#L29-L98"", ""source_file_verified"": true, ""source_line_verified"": true, ""source_symbol_verified"": true}]",{},Open/reset from UA_Session_updateLifetime and the valid Service dispatch hook; emit timeout immediately before UA_Server_removeSession. Store session.validTill as the logical deadline and cleanup callback time separately.,HYBRID
OPC UA,OPCUA-SUB-01,default_subscription_first_cycle_started,CreateSubscription succeeds with revisedPublishingInterval=500 ms and at least one Publish request is queued before the first cycle.,Session authenticationToken + subscriptionId + Publish requestId; IDs remain event fields,"EXACTLY_ONE_TRIGGER_PER_PROJECTED_WORD; each reset/restart closes the old generation and opens a separately monitored generation. Project one Subscription first-cycle generation; close, deletion, or revised-setting change emits first_cycle_generation_cancelled and ends it.","one correlated obligation instance per timed word; if the trigger can repeat, the adapter spawns a new projection keyed by timer/request generation","[{""mapping"": ""primary"", ""role"": ""primary property hook"", ""event_predicate"": ""CreateSubscription succeeds with revisedPublishingInterval=500 ms and at least one Publish request is queued before the first cycle."", ""instrumentation_timing"": ""Start only after CreateSubscription returns revisedPublishingInterval=500, callback registration succeeds, and a Publish request is queued. Record the scheduled first-cycle deadline; emit response at the actual sendResponse handoff and keep callback time separately."", ""atomic_propositions"": [""default_subscription_first_cycle_started""], ""repository"": ""open62541/open62541"", ""commit"": ""76e425ee963e8c16c0414f2f6bd0c7a5761a92c3"", ""path"": ""src/server/ua_subscription.c"", ""symbol"": ""Subscription_setState"", ""lines"": ""730-759"", ""url"": ""https://github.com/open62541/open62541/blob/76e425ee963e8c16c0414f2f6bd0c7a5761a92c3/src/server/ua_subscription.c#L730-L759"", ""source_file_verified"": true, ""source_line_verified"": true, ""source_symbol_verified"": true}, {""mapping"": ""auxiliary:1"", ""role"": ""CreateSubscription revised values"", ""event_predicate"": ""CreateSubscription succeeds with revisedPublishingInterval=500 ms and at least one Publish request is queued before the first cycle."", ""instrumentation_timing"": ""Start only after CreateSubscription returns revisedPublishingInterval=500, callback registration succeeds, and a Publish request is queued. Record the scheduled first-cycle deadline; emit response at the actual sendResponse handoff and keep callback time separately."", ""atomic_propositions"": [""default_subscription_first_cycle_started""], ""repository"": ""open62541/open62541"", ""commit"": ""76e425ee963e8c16c0414f2f6bd0c7a5761a92c3"", ""path"": ""src/server/ua_services_subscription.c"", ""symbol"": ""Service_CreateSubscription"", ""lines"": ""55-127"", ""url"": ""https://github.com/open62541/open62541/blob/76e425ee963e8c16c0414f2f6bd0c7a5761a92c3/src/server/ua_services_subscription.c#L55-L127"", ""source_file_verified"": true, ""source_line_verified"": true, ""source_symbol_verified"": true}, {""mapping"": ""auxiliary:2"", ""role"": ""Publish request queue prerequisite"", ""event_predicate"": ""CreateSubscription succeeds with revisedPublishingInterval=500 ms and at least one Publish request is queued before the first cycle."", ""instrumentation_timing"": ""Start only after CreateSubscription returns revisedPublishingInterval=500, callback registration succeeds, and a Publish request is queued. Record the scheduled first-cycle deadline; emit response at the actual sendResponse handoff and keep callback time separately."", ""atomic_propositions"": [""default_subscription_first_cycle_started""], ""repository"": ""open62541/open62541"", ""commit"": ""76e425ee963e8c16c0414f2f6bd0c7a5761a92c3"", ""path"": ""src/server/ua_services_subscription.c"", ""symbol"": ""Service_Publish"", ""lines"": ""236-355"", ""url"": ""https://github.com/open62541/open62541/blob/76e425ee963e8c16c0414f2f6bd0c7a5761a92c3/src/server/ua_services_subscription.c#L236-L355"", ""source_file_verified"": true, ""source_line_verified"": true, ""source_symbol_verified"": true}, {""mapping"": ""auxiliary:6"", ""role"": ""500 ms client request profile"", ""event_predicate"": ""CreateSubscription succeeds with revisedPublishingInterval=500 ms and at least one Publish request is queued before the first cycle."", ""instrumentation_timing"": ""Start only after CreateSubscription returns revisedPublishingInterval=500, callback registration succeeds, and a Publish request is queued. Record the scheduled first-cycle deadline; emit response at the actual sendResponse handoff and keep callback time separately."", ""atomic_propositions"": [""default_subscription_first_cycle_started""], ""repository"": ""open62541/open62541"", ""commit"": ""76e425ee963e8c16c0414f2f6bd0c7a5761a92c3"", ""path"": ""include/open62541/client_subscriptions.h"", ""symbol"": ""UA_CreateSubscriptionRequest_default"", ""lines"": ""43-63"", ""url"": ""https://github.com/open62541/open62541/blob/76e425ee963e8c16c0414f2f6bd0c7a5761a92c3/include/open62541/client_subscriptions.h#L43-L63"", ""source_file_verified"": true, ""source_line_verified"": true, ""source_symbol_verified"": true}]",{},"Start only after CreateSubscription returns revisedPublishingInterval=500, callback registration succeeds, and a Publish request is queued. Record the scheduled first-cycle deadline; emit response at the actual sendResponse handoff and keep callback time separately.",HYBRID
OPC UA,OPCUA-SUB-01,first_publish_response,"The first correlated PublishResponse is sent, containing either notifications or an empty keep-alive message.",Session authenticationToken + subscriptionId + Publish requestId; IDs remain event fields,"EXACTLY_ONE_TRIGGER_PER_PROJECTED_WORD; each reset/restart closes the old generation and opens a separately monitored generation. Project one Subscription first-cycle generation; close, deletion, or revised-setting change emits first_cycle_generation_cancelled and ends it.","one correlated obligation instance per timed word; if the trigger can repeat, the adapter spawns a new projection keyed by timer/request generation","[{""mapping"": ""auxiliary:3"", ""role"": ""first notification or keep-alive response"", ""event_predicate"": ""The first correlated PublishResponse is sent, containing either notifications or an empty keep-alive message."", ""instrumentation_timing"": ""Start only after CreateSubscription returns revisedPublishingInterval=500, callback registration succeeds, and a Publish request is queued. Record the scheduled first-cycle deadline; emit response at the actual sendResponse handoff and keep callback time separately."", ""atomic_propositions"": [""first_publish_response""], ""repository"": ""open62541/open62541"", ""commit"": ""76e425ee963e8c16c0414f2f6bd0c7a5761a92c3"", ""path"": ""src/server/ua_subscription.c"", ""symbol"": ""UA_Subscription_publish"", ""lines"": ""427-648"", ""url"": ""https://github.com/open62541/open62541/blob/76e425ee963e8c16c0414f2f6bd0c7a5761a92c3/src/server/ua_subscription.c#L427-L648"", ""source_file_verified"": true, ""source_line_verified"": true, ""source_symbol_verified"": true}]",{},"Start only after CreateSubscription returns revisedPublishingInterval=500, callback registration succeeds, and a Publish request is queued. Record the scheduled first-cycle deadline; emit response at the actual sendResponse handoff and keep callback time separately.",HYBRID
OPC UA,OPCUA-SUB-01,first_cycle_generation_cancelled,"The correlated Subscription is deleted, its revised interval is changed by ModifySubscription, or its Session-close path deletes the Subscription before the first-cycle response.",Session authenticationToken + subscriptionId + Publish requestId; IDs remain event fields,"EXACTLY_ONE_TRIGGER_PER_PROJECTED_WORD; each reset/restart closes the old generation and opens a separately monitored generation. Project one Subscription first-cycle generation; close, deletion, or revised-setting change emits first_cycle_generation_cancelled and ends it.","one correlated obligation instance per timed word; if the trigger can repeat, the adapter spawns a new projection keyed by timer/request generation","[{""mapping"": ""auxiliary:4"", ""role"": ""Subscription deletion or setting change"", ""event_predicate"": ""The correlated Subscription is deleted, its revised interval is changed by ModifySubscription, or its Session-close path deletes the Subscription before the first-cycle response."", ""instrumentation_timing"": ""Start only after CreateSubscription returns revisedPublishingInterval=500, callback registration succeeds, and a Publish request is queued. Record the scheduled first-cycle deadline; emit response at the actual sendResponse handoff and keep callback time separately."", ""atomic_propositions"": [""first_cycle_generation_cancelled""], ""repository"": ""open62541/open62541"", ""commit"": ""76e425ee963e8c16c0414f2f6bd0c7a5761a92c3"", ""path"": ""src/server/ua_subscription.c"", ""symbol"": ""UA_Subscription_delete"", ""lines"": ""53-115"", ""url"": ""https://github.com/open62541/open62541/blob/76e425ee963e8c16c0414f2f6bd0c7a5761a92c3/src/server/ua_subscription.c#L53-L115"", ""source_file_verified"": true, ""source_line_verified"": true, ""source_symbol_verified"": true}, {""mapping"": ""auxiliary:5"", ""role"": ""revised interval change"", ""event_predicate"": ""The correlated Subscription is deleted, its revised interval is changed by ModifySubscription, or its Session-close path deletes the Subscription before the first-cycle response."", ""instrumentation_timing"": ""Start only after CreateSubscription returns revisedPublishingInterval=500, callback registration succeeds, and a Publish request is queued. Record the scheduled first-cycle deadline; emit response at the actual sendResponse handoff and keep callback time separately."", ""atomic_propositions"": [""first_cycle_generation_cancelled""], ""repository"": ""open62541/open62541"", ""commit"": ""76e425ee963e8c16c0414f2f6bd0c7a5761a92c3"", ""path"": ""src/server/ua_services_subscription.c"", ""symbol"": ""Service_ModifySubscription"", ""lines"": ""130-193"", ""url"": ""https://github.com/open62541/open62541/blob/76e425ee963e8c16c0414f2f6bd0c7a5761a92c3/src/server/ua_services_subscription.c#L130-L193"", ""source_file_verified"": true, ""source_line_verified"": true, ""source_symbol_verified"": true}]",{},"Start only after CreateSubscription returns revisedPublishingInterval=500, callback registration succeeds, and a Publish request is queued. Record the scheduled first-cycle deadline; emit response at the actual sendResponse handoff and keep callback time separately.",HYBRID
OPC UA,OPCUA-SUB-02,default_keepalive_window_started,"After a prior message/reset, the adapter observes revised interval=500, maxKeepAliveCount=10, no queued notifications, and a Publish request remains available.",Session + subscriptionId + Publish request queue; sequence numbers/requestIds are fields,"EXACTLY_ONE_TRIGGER_PER_PROJECTED_WORD; each reset/restart closes the old generation and opens a separately monitored generation. Project one keep-alive counter generation; notification satisfies it, while deletion, setting modification, or Session close emits keepalive_generation_cancelled.","one correlated obligation instance per timed word; if the trigger can repeat, the adapter spawns a new projection keyed by timer/request generation","[{""mapping"": ""primary"", ""role"": ""primary property hook"", ""event_predicate"": ""After a prior message/reset, the adapter observes revised interval=500, maxKeepAliveCount=10, no queued notifications, and a Publish request remains available."", ""instrumentation_timing"": ""Emit a new generation after lines 609-610 reset currentKeepAliveCount and preconditions are rechecked. Store the tenth publishing-cycle deadline; emit keepalive/notification at sendResponse and retain callback time separately."", ""atomic_propositions"": [""default_keepalive_window_started"", ""keepalive_response"", ""notification_response""], ""repository"": ""open62541/open62541"", ""commit"": ""76e425ee963e8c16c0414f2f6bd0c7a5761a92c3"", ""path"": ""src/server/ua_subscription.c"", ""symbol"": ""UA_Subscription_publish"", ""lines"": ""477-610"", ""url"": ""https://github.com/open62541/open62541/blob/76e425ee963e8c16c0414f2f6bd0c7a5761a92c3/src/server/ua_subscription.c#L477-L610"", ""source_file_verified"": true, ""source_line_verified"": true, ""source_symbol_verified"": true}, {""mapping"": ""auxiliary:1"", ""role"": ""revised keep-alive settings"", ""event_predicate"": ""After a prior message/reset, the adapter observes revised interval=500, maxKeepAliveCount=10, no queued notifications, and a Publish request remains available."", ""instrumentation_timing"": ""Emit a new generation after lines 609-610 reset currentKeepAliveCount and preconditions are rechecked. Store the tenth publishing-cycle deadline; emit keepalive/notification at sendResponse and retain callback time separately."", ""atomic_propositions"": [""default_keepalive_window_started""], ""repository"": ""open62541/open62541"", ""commit"": ""76e425ee963e8c16c0414f2f6bd0c7a5761a92c3"", ""path"": ""src/server/ua_services_subscription.c"", ""symbol"": ""setSubscriptionSettings / Service_CreateSubscription"", ""lines"": ""26-52;55-127"", ""url"": ""https://github.com/open62541/open62541/blob/76e425ee963e8c16c0414f2f6bd0c7a5761a92c3/src/server/ua_services_subscription.c#L26-L52"", ""source_file_verified"": true, ""source_line_verified"": true, ""source_symbol_verified"": true}, {""mapping"": ""auxiliary:4"", ""role"": ""default 500 ms by 10 client profile"", ""event_predicate"": ""After a prior message/reset, the adapter observes revised interval=500, maxKeepAliveCount=10, no queued notifications, and a Publish request remains available."", ""instrumentation_timing"": ""Emit a new generation after lines 609-610 reset currentKeepAliveCount and preconditions are rechecked. Store the tenth publishing-cycle deadline; emit keepalive/notification at sendResponse and retain callback time separately."", ""atomic_propositions"": [""default_keepalive_window_started""], ""repository"": ""open62541/open62541"", ""commit"": ""76e425ee963e8c16c0414f2f6bd0c7a5761a92c3"", ""path"": ""include/open62541/client_subscriptions.h"", ""symbol"": ""UA_CreateSubscriptionRequest_default"", ""lines"": ""43-63"", ""url"": ""https://github.com/open62541/open62541/blob/76e425ee963e8c16c0414f2f6bd0c7a5761a92c3/include/open62541/client_subscriptions.h#L43-L63"", ""source_file_verified"": true, ""source_line_verified"": true, ""source_symbol_verified"": true}]",{},Emit a new generation after lines 609-610 reset currentKeepAliveCount and preconditions are rechecked. Store the tenth publishing-cycle deadline; emit keepalive/notification at sendResponse and retain callback time separately.,HYBRID
OPC UA,OPCUA-SUB-02,keepalive_response,A correlated PublishResponse with zero notifications is sent as keep-alive.,Session + subscriptionId + Publish request queue; sequence numbers/requestIds are fields,"EXACTLY_ONE_TRIGGER_PER_PROJECTED_WORD; each reset/restart closes the old generation and opens a separately monitored generation. Project one keep-alive counter generation; notification satisfies it, while deletion, setting modification, or Session close emits keepalive_generation_cancelled.","one correlated obligation instance per timed word; if the trigger can repeat, the adapter spawns a new projection keyed by timer/request generation","[{""mapping"": ""primary"", ""role"": ""primary property hook"", ""event_predicate"": ""A correlated PublishResponse with zero notifications is sent as keep-alive."", ""instrumentation_timing"": ""Emit a new generation after lines 609-610 reset currentKeepAliveCount and preconditions are rechecked. Store the tenth publishing-cycle deadline; emit keepalive/notification at sendResponse and retain callback time separately."", ""atomic_propositions"": [""default_keepalive_window_started"", ""keepalive_response"", ""notification_response""], ""repository"": ""open62541/open62541"", ""commit"": ""76e425ee963e8c16c0414f2f6bd0c7a5761a92c3"", ""path"": ""src/server/ua_subscription.c"", ""symbol"": ""UA_Subscription_publish"", ""lines"": ""477-610"", ""url"": ""https://github.com/open62541/open62541/blob/76e425ee963e8c16c0414f2f6bd0c7a5761a92c3/src/server/ua_subscription.c#L477-L610"", ""source_file_verified"": true, ""source_line_verified"": true, ""source_symbol_verified"": true}]",{},Emit a new generation after lines 609-610 reset currentKeepAliveCount and preconditions are rechecked. Store the tenth publishing-cycle deadline; emit keepalive/notification at sendResponse and retain callback time separately.,HYBRID
OPC UA,OPCUA-SUB-02,notification_response,A correlated PublishResponse containing at least one notification ends this no-notification window.,Session + subscriptionId + Publish request queue; sequence numbers/requestIds are fields,"EXACTLY_ONE_TRIGGER_PER_PROJECTED_WORD; each reset/restart closes the old generation and opens a separately monitored generation. Project one keep-alive counter generation; notification satisfies it, while deletion, setting modification, or Session close emits keepalive_generation_cancelled.","one correlated obligation instance per timed word; if the trigger can repeat, the adapter spawns a new projection keyed by timer/request generation","[{""mapping"": ""primary"", ""role"": ""primary property hook"", ""event_predicate"": ""A correlated PublishResponse containing at least one notification ends this no-notification window."", ""instrumentation_timing"": ""Emit a new generation after lines 609-610 reset currentKeepAliveCount and preconditions are rechecked. Store the tenth publishing-cycle deadline; emit keepalive/notification at sendResponse and retain callback time separately."", ""atomic_propositions"": [""default_keepalive_window_started"", ""keepalive_response"", ""notification_response""], ""repository"": ""open62541/open62541"", ""commit"": ""76e425ee963e8c16c0414f2f6bd0c7a5761a92c3"", ""path"": ""src/server/ua_subscription.c"", ""symbol"": ""UA_Subscription_publish"", ""lines"": ""477-610"", ""url"": ""https://github.com/open62541/open62541/blob/76e425ee963e8c16c0414f2f6bd0c7a5761a92c3/src/server/ua_subscription.c#L477-L610"", ""source_file_verified"": true, ""source_line_verified"": true, ""source_symbol_verified"": true}]",{},Emit a new generation after lines 609-610 reset currentKeepAliveCount and preconditions are rechecked. Store the tenth publishing-cycle deadline; emit keepalive/notification at sendResponse and retain callback time separately.,HYBRID
OPC UA,OPCUA-SUB-02,keepalive_generation_cancelled,"The correlated Subscription is deleted, ModifySubscription changes its revised interval/count, or its Session-close path deletes the Subscription before this keep-alive generation completes.",Session + subscriptionId + Publish request queue; sequence numbers/requestIds are fields,"EXACTLY_ONE_TRIGGER_PER_PROJECTED_WORD; each reset/restart closes the old generation and opens a separately monitored generation. Project one keep-alive counter generation; notification satisfies it, while deletion, setting modification, or Session close emits keepalive_generation_cancelled.","one correlated obligation instance per timed word; if the trigger can repeat, the adapter spawns a new projection keyed by timer/request generation","[{""mapping"": ""auxiliary:2"", ""role"": ""Subscription deletion"", ""event_predicate"": ""The correlated Subscription is deleted, ModifySubscription changes its revised interval/count, or its Session-close path deletes the Subscription before this keep-alive generation completes."", ""instrumentation_timing"": ""Emit a new generation after lines 609-610 reset currentKeepAliveCount and preconditions are rechecked. Store the tenth publishing-cycle deadline; emit keepalive/notification at sendResponse and retain callback time separately."", ""atomic_propositions"": [""keepalive_generation_cancelled""], ""repository"": ""open62541/open62541"", ""commit"": ""76e425ee963e8c16c0414f2f6bd0c7a5761a92c3"", ""path"": ""src/server/ua_subscription.c"", ""symbol"": ""UA_Subscription_delete"", ""lines"": ""53-115"", ""url"": ""https://github.com/open62541/open62541/blob/76e425ee963e8c16c0414f2f6bd0c7a5761a92c3/src/server/ua_subscription.c#L53-L115"", ""source_file_verified"": true, ""source_line_verified"": true, ""source_symbol_verified"": true}, {""mapping"": ""auxiliary:3"", ""role"": ""revised interval/count change"", ""event_predicate"": ""The correlated Subscription is deleted, ModifySubscription changes its revised interval/count, or its Session-close path deletes the Subscription before this keep-alive generation completes."", ""instrumentation_timing"": ""Emit a new generation after lines 609-610 reset currentKeepAliveCount and preconditions are rechecked. Store the tenth publishing-cycle deadline; emit keepalive/notification at sendResponse and retain callback time separately."", ""atomic_propositions"": [""keepalive_generation_cancelled""], ""repository"": ""open62541/open62541"", ""commit"": ""76e425ee963e8c16c0414f2f6bd0c7a5761a92c3"", ""path"": ""src/server/ua_services_subscription.c"", ""symbol"": ""Service_ModifySubscription"", ""lines"": ""130-193"", ""url"": ""https://github.com/open62541/open62541/blob/76e425ee963e8c16c0414f2f6bd0c7a5761a92c3/src/server/ua_services_subscription.c#L130-L193"", ""source_file_verified"": true, ""source_line_verified"": true, ""source_symbol_verified"": true}]",{},Emit a new generation after lines 609-610 reset currentKeepAliveCount and preconditions are rechecked. Store the tenth publishing-cycle deadline; emit keepalive/notification at sendResponse and retain callback time separately.,HYBRID
OPC UA,OPCUA-SUB-03,default_subscription_no_publish_window_started,No Publish request is available immediately after a lifetime reset for a subscription with revised 500 ms and lifetimeCount 10000.,Session + subscriptionId; Publish requestIds and sequence numbers remain fields,"EXACTLY_ONE_TRIGGER_PER_PROJECTED_WORD; each reset/restart closes the old generation and opens a separately monitored generation. Project one lifetime-counter generation; reset satisfies and starts a separate generation, while manual deletion/transfer/setting change emits cancellation.","one correlated obligation instance per timed word; if the trigger can repeat, the adapter spawns a new projection keyed by timer/request generation","[{""mapping"": ""primary"", ""role"": ""primary property hook"", ""event_predicate"": ""No Publish request is available immediately after a lifetime reset for a subscription with revised 500 ms and lifetimeCount 10000."", ""instrumentation_timing"": ""Start immediately after Subscription_resetLifetime when the Publish queue is empty and revised values are 500/10000. Store the 10000th-cycle logical deadline; emit timeout-close when statusChange becomes BADTIMEOUT and record callback time separately."", ""atomic_propositions"": [""default_subscription_no_publish_window_started"", ""subscription_timeout_closed""], ""repository"": ""open62541/open62541"", ""commit"": ""76e425ee963e8c16c0414f2f6bd0c7a5761a92c3"", ""path"": ""src/server/ua_subscription.c"", ""symbol"": ""UA_Subscription_publish"", ""lines"": ""455-474"", ""url"": ""https://github.com/open62541/open62541/blob/76e425ee963e8c16c0414f2f6bd0c7a5761a92c3/src/server/ua_subscription.c#L455-L474"", ""source_file_verified"": true, ""source_line_verified"": true, ""source_symbol_verified"": true}, {""mapping"": ""auxiliary:4"", ""role"": ""default revised-value source"", ""event_predicate"": ""No Publish request is available immediately after a lifetime reset for a subscription with revised 500 ms and lifetimeCount 10000."", ""instrumentation_timing"": ""Start immediately after Subscription_resetLifetime when the Publish queue is empty and revised values are 500/10000. Store the 10000th-cycle logical deadline; emit timeout-close when statusChange becomes BADTIMEOUT and record callback time separately."", ""atomic_propositions"": [""default_subscription_no_publish_window_started""], ""repository"": ""open62541/open62541"", ""commit"": ""76e425ee963e8c16c0414f2f6bd0c7a5761a92c3"", ""path"": ""src/server/ua_services_subscription.c"", ""symbol"": ""setSubscriptionSettings / Service_CreateSubscription"", ""lines"": ""26-52;55-127"", ""url"": ""https://github.com/open62541/open62541/blob/76e425ee963e8c16c0414f2f6bd0c7a5761a92c3/src/server/ua_services_subscription.c#L26-L52"", ""source_file_verified"": true, ""source_line_verified"": true, ""source_symbol_verified"": true}, {""mapping"": ""auxiliary:5"", ""role"": ""500 ms and 10000-count client profile"", ""event_predicate"": ""No Publish request is available immediately after a lifetime reset for a subscription with revised 500 ms and lifetimeCount 10000."", ""instrumentation_timing"": ""Start immediately after Subscription_resetLifetime when the Publish queue is empty and revised values are 500/10000. Store the 10000th-cycle logical deadline; emit timeout-close when statusChange becomes BADTIMEOUT and record callback time separately."", ""atomic_propositions"": [""default_subscription_no_publish_window_started""], ""repository"": ""open62541/open62541"", ""commit"": ""76e425ee963e8c16c0414f2f6bd0c7a5761a92c3"", ""path"": ""include/open62541/client_subscriptions.h"", ""symbol"": ""UA_CreateSubscriptionRequest_default"", ""lines"": ""43-63"", ""url"": ""https://github.com/open62541/open62541/blob/76e425ee963e8c16c0414f2f6bd0c7a5761a92c3/include/open62541/client_subscriptions.h#L43-L63"", ""source_file_verified"": true, ""source_line_verified"": true, ""source_symbol_verified"": true}]",{},Start immediately after Subscription_resetLifetime when the Publish queue is empty and revised values are 500/10000. Store the 10000th-cycle logical deadline; emit timeout-close when statusChange becomes BADTIMEOUT and record callback time separately.,HYBRID
OPC UA,OPCUA-SUB-03,subscription_timeout_closed,The server marks Bad_Timeout and executes the timeout-close/delete path for the correlated subscription.,Session + subscriptionId; Publish requestIds and sequence numbers remain fields,"EXACTLY_ONE_TRIGGER_PER_PROJECTED_WORD; each reset/restart closes the old generation and opens a separately monitored generation. Project one lifetime-counter generation; reset satisfies and starts a separate generation, while manual deletion/transfer/setting change emits cancellation.","one correlated obligation instance per timed word; if the trigger can repeat, the adapter spawns a new projection keyed by timer/request generation","[{""mapping"": ""primary"", ""role"": ""primary property hook"", ""event_predicate"": ""The server marks Bad_Timeout and executes the timeout-close/delete path for the correlated subscription."", ""instrumentation_timing"": ""Start immediately after Subscription_resetLifetime when the Publish queue is empty and revised values are 500/10000. Store the 10000th-cycle logical deadline; emit timeout-close when statusChange becomes BADTIMEOUT and record callback time separately."", ""atomic_propositions"": [""default_subscription_no_publish_window_started"", ""subscription_timeout_closed""], ""repository"": ""open62541/open62541"", ""commit"": ""76e425ee963e8c16c0414f2f6bd0c7a5761a92c3"", ""path"": ""src/server/ua_subscription.c"", ""symbol"": ""UA_Subscription_publish"", ""lines"": ""455-474"", ""url"": ""https://github.com/open62541/open62541/blob/76e425ee963e8c16c0414f2f6bd0c7a5761a92c3/src/server/ua_subscription.c#L455-L474"", ""source_file_verified"": true, ""source_line_verified"": true, ""source_symbol_verified"": true}]",{},Start immediately after Subscription_resetLifetime when the Publish queue is empty and revised values are 500/10000. Store the 10000th-cycle logical deadline; emit timeout-close when statusChange becomes BADTIMEOUT and record callback time separately.,HYBRID
OPC UA,OPCUA-SUB-03,subscription_lifetime_reset,A qualifying Subscription service or processed Publish response resets the lifetime counter.,Session + subscriptionId; Publish requestIds and sequence numbers remain fields,"EXACTLY_ONE_TRIGGER_PER_PROJECTED_WORD; each reset/restart closes the old generation and opens a separately monitored generation. Project one lifetime-counter generation; reset satisfies and starts a separate generation, while manual deletion/transfer/setting change emits cancellation.","one correlated obligation instance per timed word; if the trigger can repeat, the adapter spawns a new projection keyed by timer/request generation","[{""mapping"": ""auxiliary:1"", ""role"": ""Subscription lifetime reset"", ""event_predicate"": ""A qualifying Subscription service or processed Publish response resets the lifetime counter."", ""instrumentation_timing"": ""Start immediately after Subscription_resetLifetime when the Publish queue is empty and revised values are 500/10000. Store the 10000th-cycle logical deadline; emit timeout-close when statusChange becomes BADTIMEOUT and record callback time separately."", ""atomic_propositions"": [""subscription_lifetime_reset""], ""repository"": ""open62541/open62541"", ""commit"": ""76e425ee963e8c16c0414f2f6bd0c7a5761a92c3"", ""path"": ""src/server/ua_subscription.c"", ""symbol"": ""Subscription_resetLifetime"", ""lines"": ""118-120"", ""url"": ""https://github.com/open62541/open62541/blob/76e425ee963e8c16c0414f2f6bd0c7a5761a92c3/src/server/ua_subscription.c#L118-L120"", ""source_file_verified"": true, ""source_line_verified"": true, ""source_symbol_verified"": true}, {""mapping"": ""auxiliary:3"", ""role"": ""service reset or revised-setting change"", ""event_predicate"": ""A qualifying Subscription service or processed Publish response resets the lifetime counter."", ""instrumentation_timing"": ""Start immediately after Subscription_resetLifetime when the Publish queue is empty and revised values are 500/10000. Store the 10000th-cycle logical deadline; emit timeout-close when statusChange becomes BADTIMEOUT and record callback time separately."", ""atomic_propositions"": [""subscription_lifetime_reset"", ""subscription_lifetime_generation_cancelled""], ""repository"": ""open62541/open62541"", ""commit"": ""76e425ee963e8c16c0414f2f6bd0c7a5761a92c3"", ""path"": ""src/server/ua_services_subscription.c"", ""symbol"": ""Service_ModifySubscription / Service_Republish"", ""lines"": ""130-193;393-433"", ""url"": ""https://github.com/open62541/open62541/blob/76e425ee963e8c16c0414f2f6bd0c7a5761a92c3/src/server/ua_services_subscription.c#L130-L193"", ""source_file_verified"": true, ""source_line_verified"": true, ""source_symbol_verified"": true}]",{},Start immediately after Subscription_resetLifetime when the Publish queue is empty and revised values are 500/10000. Store the 10000th-cycle logical deadline; emit timeout-close when statusChange becomes BADTIMEOUT and record callback time separately.,HYBRID
OPC UA,OPCUA-SUB-03,subscription_lifetime_generation_cancelled,Manual UA_Subscription_delete or a ModifySubscription revised-setting change ends the correlated lifetime generation without the Bad_Timeout cause.,Session + subscriptionId; Publish requestIds and sequence numbers remain fields,"EXACTLY_ONE_TRIGGER_PER_PROJECTED_WORD; each reset/restart closes the old generation and opens a separately monitored generation. Project one lifetime-counter generation; reset satisfies and starts a separate generation, while manual deletion/transfer/setting change emits cancellation.","one correlated obligation instance per timed word; if the trigger can repeat, the adapter spawns a new projection keyed by timer/request generation","[{""mapping"": ""auxiliary:2"", ""role"": ""manual Subscription deletion"", ""event_predicate"": ""Manual UA_Subscription_delete or a ModifySubscription revised-setting change ends the correlated lifetime generation without the Bad_Timeout cause."", ""instrumentation_timing"": ""Start immediately after Subscription_resetLifetime when the Publish queue is empty and revised values are 500/10000. Store the 10000th-cycle logical deadline; emit timeout-close when statusChange becomes BADTIMEOUT and record callback time separately."", ""atomic_propositions"": [""subscription_lifetime_generation_cancelled""], ""repository"": ""open62541/open62541"", ""commit"": ""76e425ee963e8c16c0414f2f6bd0c7a5761a92c3"", ""path"": ""src/server/ua_subscription.c"", ""symbol"": ""UA_Subscription_delete"", ""lines"": ""53-115"", ""url"": ""https://github.com/open62541/open62541/blob/76e425ee963e8c16c0414f2f6bd0c7a5761a92c3/src/server/ua_subscription.c#L53-L115"", ""source_file_verified"": true, ""source_line_verified"": true, ""source_symbol_verified"": true}, {""mapping"": ""auxiliary:3"", ""role"": ""service reset or revised-setting change"", ""event_predicate"": ""Manual UA_Subscription_delete or a ModifySubscription revised-setting change ends the correlated lifetime generation without the Bad_Timeout cause."", ""instrumentation_timing"": ""Start immediately after Subscription_resetLifetime when the Publish queue is empty and revised values are 500/10000. Store the 10000th-cycle logical deadline; emit timeout-close when statusChange becomes BADTIMEOUT and record callback time separately."", ""atomic_propositions"": [""subscription_lifetime_reset"", ""subscription_lifetime_generation_cancelled""], ""repository"": ""open62541/open62541"", ""commit"": ""76e425ee963e8c16c0414f2f6bd0c7a5761a92c3"", ""path"": ""src/server/ua_services_subscription.c"", ""symbol"": ""Service_ModifySubscription / Service_Republish"", ""lines"": ""130-193;393-433"", ""url"": ""https://github.com/open62541/open62541/blob/76e425ee963e8c16c0414f2f6bd0c7a5761a92c3/src/server/ua_services_subscription.c#L130-L193"", ""source_file_verified"": true, ""source_line_verified"": true, ""source_symbol_verified"": true}]",{},Start immediately after Subscription_resetLifetime when the Publish queue is empty and revised values are 500/10000. Store the 10000th-cycle logical deadline; emit timeout-close when statusChange becomes BADTIMEOUT and record callback time separately.,HYBRID
OPC UA,OPCUA-SUB-04,disabled_keepalive_window_started,"Adapter observes publishing disabled at a keep-alive counter reset/boundary, revised interval=500, count=10, and queued Publish availability.",Session + subscriptionId + publishing mode epoch,"EXACTLY_ONE_TRIGGER_PER_PROJECTED_WORD; each reset/restart closes the old generation and opens a separately monitored generation. Project one disabled-mode keep-alive generation; cancellation is emitted on re-enable, deletion, revised-setting change, Session close, or Publish-queue loss.","one correlated obligation instance per timed word; if the trigger can repeat, the adapter spawns a new projection keyed by timer/request generation","[{""mapping"": ""auxiliary:1"", ""role"": ""disable/re-enable and lifetime reset"", ""event_predicate"": ""Adapter observes publishing disabled at a keep-alive counter reset/boundary, revised interval=500, count=10, and queued Publish availability."", ""instrumentation_timing"": ""Read disabled state and notifications=0 at lines 477-479; store the tenth-cycle logical deadline and emit keepalive at sendResponse. Emit cancellation atomically before a re-enable/delete/settings/queue transition and record callback time separately."", ""atomic_propositions"": [""disabled_keepalive_window_started"", ""disabled_keepalive_generation_cancelled""], ""repository"": ""open62541/open62541"", ""commit"": ""76e425ee963e8c16c0414f2f6bd0c7a5761a92c3"", ""path"": ""src/server/ua_services_subscription.c"", ""symbol"": ""Operation_SetPublishingMode"", ""lines"": ""196-214"", ""url"": ""https://github.com/open62541/open62541/blob/76e425ee963e8c16c0414f2f6bd0c7a5761a92c3/src/server/ua_services_subscription.c#L196-L214"", ""source_file_verified"": true, ""source_line_verified"": true, ""source_symbol_verified"": true}, {""mapping"": ""auxiliary:4"", ""role"": ""default revised-value source"", ""event_predicate"": ""Adapter observes publishing disabled at a keep-alive counter reset/boundary, revised interval=500, count=10, and queued Publish availability."", ""instrumentation_timing"": ""Read disabled state and notifications=0 at lines 477-479; store the tenth-cycle logical deadline and emit keepalive at sendResponse. Emit cancellation atomically before a re-enable/delete/settings/queue transition and record callback time separately."", ""atomic_propositions"": [""disabled_keepalive_window_started""], ""repository"": ""open62541/open62541"", ""commit"": ""76e425ee963e8c16c0414f2f6bd0c7a5761a92c3"", ""path"": ""src/server/ua_services_subscription.c"", ""symbol"": ""setSubscriptionSettings / Service_CreateSubscription"", ""lines"": ""26-52;55-127"", ""url"": ""https://github.com/open62541/open62541/blob/76e425ee963e8c16c0414f2f6bd0c7a5761a92c3/src/server/ua_services_subscription.c#L26-L52"", ""source_file_verified"": true, ""source_line_verified"": true, ""source_symbol_verified"": true}, {""mapping"": ""auxiliary:5"", ""role"": ""500 ms by 10 client profile"", ""event_predicate"": ""Adapter observes publishing disabled at a keep-alive counter reset/boundary, revised interval=500, count=10, and queued Publish availability."", ""instrumentation_timing"": ""Read disabled state and notifications=0 at lines 477-479; store the tenth-cycle logical deadline and emit keepalive at sendResponse. Emit cancellation atomically before a re-enable/delete/settings/queue transition and record callback time separately."", ""atomic_propositions"": [""disabled_keepalive_window_started""], ""repository"": ""open62541/open62541"", ""commit"": ""76e425ee963e8c16c0414f2f6bd0c7a5761a92c3"", ""path"": ""include/open62541/client_subscriptions.h"", ""symbol"": ""UA_CreateSubscriptionRequest_default"", ""lines"": ""43-63"", ""url"": ""https://github.com/open62541/open62541/blob/76e425ee963e8c16c0414f2f6bd0c7a5761a92c3/include/open62541/client_subscriptions.h#L43-L63"", ""source_file_verified"": true, ""source_line_verified"": true, ""source_symbol_verified"": true}]",{},Read disabled state and notifications=0 at lines 477-479; store the tenth-cycle logical deadline and emit keepalive at sendResponse. Emit cancellation atomically before a re-enable/delete/settings/queue transition and record callback time separately.,HYBRID
OPC UA,OPCUA-SUB-04,notification_response_while_disabled,A PublishResponse for this disabled subscription contains any notification.,Session + subscriptionId + publishing mode epoch,"EXACTLY_ONE_TRIGGER_PER_PROJECTED_WORD; each reset/restart closes the old generation and opens a separately monitored generation. Project one disabled-mode keep-alive generation; cancellation is emitted on re-enable, deletion, revised-setting change, Session close, or Publish-queue loss.","one correlated obligation instance per timed word; if the trigger can repeat, the adapter spawns a new projection keyed by timer/request generation","[{""mapping"": ""primary"", ""role"": ""primary property hook"", ""event_predicate"": ""A PublishResponse for this disabled subscription contains any notification."", ""instrumentation_timing"": ""Read disabled state and notifications=0 at lines 477-479; store the tenth-cycle logical deadline and emit keepalive at sendResponse. Emit cancellation atomically before a re-enable/delete/settings/queue transition and record callback time separately."", ""atomic_propositions"": [""notification_response_while_disabled"", ""keepalive_response_while_disabled""], ""repository"": ""open62541/open62541"", ""commit"": ""76e425ee963e8c16c0414f2f6bd0c7a5761a92c3"", ""path"": ""src/server/ua_subscription.c"", ""symbol"": ""UA_Subscription_publish"", ""lines"": ""477-610"", ""url"": ""https://github.com/open62541/open62541/blob/76e425ee963e8c16c0414f2f6bd0c7a5761a92c3/src/server/ua_subscription.c#L477-L610"", ""source_file_verified"": true, ""source_line_verified"": true, ""source_symbol_verified"": true}]",{},Read disabled state and notifications=0 at lines 477-479; store the tenth-cycle logical deadline and emit keepalive at sendResponse. Emit cancellation atomically before a re-enable/delete/settings/queue transition and record callback time separately.,HYBRID
OPC UA,OPCUA-SUB-04,keepalive_response_while_disabled,A zero-notification keep-alive PublishResponse is sent while publishing remains disabled.,Session + subscriptionId + publishing mode epoch,"EXACTLY_ONE_TRIGGER_PER_PROJECTED_WORD; each reset/restart closes the old generation and opens a separately monitored generation. Project one disabled-mode keep-alive generation; cancellation is emitted on re-enable, deletion, revised-setting change, Session close, or Publish-queue loss.","one correlated obligation instance per timed word; if the trigger can repeat, the adapter spawns a new projection keyed by timer/request generation","[{""mapping"": ""primary"", ""role"": ""primary property hook"", ""event_predicate"": ""A zero-notification keep-alive PublishResponse is sent while publishing remains disabled."", ""instrumentation_timing"": ""Read disabled state and notifications=0 at lines 477-479; store the tenth-cycle logical deadline and emit keepalive at sendResponse. Emit cancellation atomically before a re-enable/delete/settings/queue transition and record callback time separately."", ""atomic_propositions"": [""notification_response_while_disabled"", ""keepalive_response_while_disabled""], ""repository"": ""open62541/open62541"", ""commit"": ""76e425ee963e8c16c0414f2f6bd0c7a5761a92c3"", ""path"": ""src/server/ua_subscription.c"", ""symbol"": ""UA_Subscription_publish"", ""lines"": ""477-610"", ""url"": ""https://github.com/open62541/open62541/blob/76e425ee963e8c16c0414f2f6bd0c7a5761a92c3/src/server/ua_subscription.c#L477-L610"", ""source_file_verified"": true, ""source_line_verified"": true, ""source_symbol_verified"": true}]",{},Read disabled state and notifications=0 at lines 477-479; store the tenth-cycle logical deadline and emit keepalive at sendResponse. Emit cancellation atomically before a re-enable/delete/settings/queue transition and record callback time separately.,HYBRID
OPC UA,OPCUA-SUB-04,disabled_keepalive_generation_cancelled,"Operation_SetPublishingMode re-enables the Subscription, it is deleted, or ModifySubscription changes the revised interval/count before the disabled keep-alive generation completes.",Session + subscriptionId + publishing mode epoch,"EXACTLY_ONE_TRIGGER_PER_PROJECTED_WORD; each reset/restart closes the old generation and opens a separately monitored generation. Project one disabled-mode keep-alive generation; cancellation is emitted on re-enable, deletion, revised-setting change, Session close, or Publish-queue loss.","one correlated obligation instance per timed word; if the trigger can repeat, the adapter spawns a new projection keyed by timer/request generation","[{""mapping"": ""auxiliary:1"", ""role"": ""disable/re-enable and lifetime reset"", ""event_predicate"": ""Operation_SetPublishingMode re-enables the Subscription, it is deleted, or ModifySubscription changes the revised interval/count before the disabled keep-alive generation completes."", ""instrumentation_timing"": ""Read disabled state and notifications=0 at lines 477-479; store the tenth-cycle logical deadline and emit keepalive at sendResponse. Emit cancellation atomically before a re-enable/delete/settings/queue transition and record callback time separately."", ""atomic_propositions"": [""disabled_keepalive_window_started"", ""disabled_keepalive_generation_cancelled""], ""repository"": ""open62541/open62541"", ""commit"": ""76e425ee963e8c16c0414f2f6bd0c7a5761a92c3"", ""path"": ""src/server/ua_services_subscription.c"", ""symbol"": ""Operation_SetPublishingMode"", ""lines"": ""196-214"", ""url"": ""https://github.com/open62541/open62541/blob/76e425ee963e8c16c0414f2f6bd0c7a5761a92c3/src/server/ua_services_subscription.c#L196-L214"", ""source_file_verified"": true, ""source_line_verified"": true, ""source_symbol_verified"": true}, {""mapping"": ""auxiliary:2"", ""role"": ""Subscription deletion"", ""event_predicate"": ""Operation_SetPublishingMode re-enables the Subscription, it is deleted, or ModifySubscription changes the revised interval/count before the disabled keep-alive generation completes."", ""instrumentation_timing"": ""Read disabled state and notifications=0 at lines 477-479; store the tenth-cycle logical deadline and emit keepalive at sendResponse. Emit cancellation atomically before a re-enable/delete/settings/queue transition and record callback time separately."", ""atomic_propositions"": [""disabled_keepalive_generation_cancelled""], ""repository"": ""open62541/open62541"", ""commit"": ""76e425ee963e8c16c0414f2f6bd0c7a5761a92c3"", ""path"": ""src/server/ua_subscription.c"", ""symbol"": ""UA_Subscription_delete"", ""lines"": ""53-115"", ""url"": ""https://github.com/open62541/open62541/blob/76e425ee963e8c16c0414f2f6bd0c7a5761a92c3/src/server/ua_subscription.c#L53-L115"", ""source_file_verified"": true, ""source_line_verified"": true, ""source_symbol_verified"": true}, {""mapping"": ""auxiliary:3"", ""role"": ""revised interval/count change"", ""event_predicate"": ""Operation_SetPublishingMode re-enables the Subscription, it is deleted, or ModifySubscription changes the revised interval/count before the disabled keep-alive generation completes."", ""instrumentation_timing"": ""Read disabled state and notifications=0 at lines 477-479; store the tenth-cycle logical deadline and emit keepalive at sendResponse. Emit cancellation atomically before a re-enable/delete/settings/queue transition and record callback time separately."", ""atomic_propositions"": [""disabled_keepalive_generation_cancelled""], ""repository"": ""open62541/open62541"", ""commit"": ""76e425ee963e8c16c0414f2f6bd0c7a5761a92c3"", ""path"": ""src/server/ua_services_subscription.c"", ""symbol"": ""Service_ModifySubscription"", ""lines"": ""130-193"", ""url"": ""https://github.com/open62541/open62541/blob/76e425ee963e8c16c0414f2f6bd0c7a5761a92c3/src/server/ua_services_subscription.c#L130-L193"", ""source_file_verified"": true, ""source_line_verified"": true, ""source_symbol_verified"": true}]",{},Read disabled state and notifications=0 at lines 477-479; store the tenth-cycle logical deadline and emit keepalive at sendResponse. Emit cancellation atomically before a re-enable/delete/settings/queue transition and record callback time separately.,HYBRID
DDS/RTPS,DDS-WRITE-01,reliable_write_resource_wait_started_default,A RELIABLE DataWriter with max_blocking_time=100 ms reaches DataWriterHistory::prepare_change and is about to wait_for_acknowledgement because resource/history space is unavailable.,DataWriter entity GUID + calling thread operation sequence + instance handle as a field,"EXACTLY_ONE_TRIGGER_PER_PROJECTED_WORD; each reset/restart closes the old generation and opens a separately monitored generation. Project one synchronous write operation and exactly one actual resource-wait episode; precondition/serialization work before waiting is excluded, and the API return ends it.","one correlated obligation instance per timed word; if the trigger can repeat, the adapter spawns a new projection keyed by timer/request generation","[{""mapping"": ""primary"", ""role"": ""primary property hook"", ""event_predicate"": ""A RELIABLE DataWriter with max_blocking_time=100 ms reaches DataWriterHistory::prepare_change and is about to wait_for_acknowledgement because resource/history space is unavailable."", ""instrumentation_timing"": ""Emit trigger immediately before wait_for_acknowledgement at lines 230-234 after confirming the 100 ms QoS/deadline snapshot. Emit the correlated API return at DataWriterImpl; serialization/precondition time before the resource wait is not mislabeled as waiting time."", ""atomic_propositions"": [""reliable_write_resource_wait_started_default""], ""repository"": ""eProsima/Fast-DDS"", ""commit"": ""94940169442298e2736af79720ef05d89a1b2a7d"", ""path"": ""src/cpp/fastdds/publisher/DataWriterHistory.cpp"", ""symbol"": ""DataWriterHistory::prepare_change"", ""lines"": ""148-234"", ""url"": ""https://github.com/eProsima/Fast-DDS/blob/94940169442298e2736af79720ef05d89a1b2a7d/src/cpp/fastdds/publisher/DataWriterHistory.cpp#L148-L234"", ""source_file_verified"": true, ""source_line_verified"": true, ""source_symbol_verified"": true}, {""mapping"": ""auxiliary:1"", ""role"": ""absolute max-blocking deadline and API return"", ""event_predicate"": ""A RELIABLE DataWriter with max_blocking_time=100 ms reaches DataWriterHistory::prepare_change and is about to wait_for_acknowledgement because resource/history space is unavailable."", ""instrumentation_timing"": ""Emit trigger immediately before wait_for_acknowledgement at lines 230-234 after confirming the 100 ms QoS/deadline snapshot. Emit the correlated API return at DataWriterImpl; serialization/precondition time before the resource wait is not mislabeled as waiting time."", ""atomic_propositions"": [""reliable_write_resource_wait_started_default"", ""write_returned_from_blocking""], ""repository"": ""eProsima/Fast-DDS"", ""commit"": ""94940169442298e2736af79720ef05d89a1b2a7d"", ""path"": ""src/cpp/fastdds/publisher/DataWriterImpl.cpp"", ""symbol"": ""DataWriterImpl::perform_create_new_change"", ""lines"": ""1003-1107"", ""url"": ""https://github.com/eProsima/Fast-DDS/blob/94940169442298e2736af79720ef05d89a1b2a7d/src/cpp/fastdds/publisher/DataWriterImpl.cpp#L1003-L1107"", ""source_file_verified"": true, ""source_line_verified"": true, ""source_symbol_verified"": true}]",{},Emit trigger immediately before wait_for_acknowledgement at lines 230-234 after confirming the 100 ms QoS/deadline snapshot. Emit the correlated API return at DataWriterImpl; serialization/precondition time before the resource wait is not mislabeled as waiting time.,WHITEBOX
DDS/RTPS,DDS-WRITE-01,write_returned_from_blocking,"The correlated write returns OK, TIMEOUT, or the explicitly permitted OUT_OF_RESOURCES result.",DataWriter entity GUID + calling thread operation sequence + instance handle as a field,"EXACTLY_ONE_TRIGGER_PER_PROJECTED_WORD; each reset/restart closes the old generation and opens a separately monitored generation. Project one synchronous write operation and exactly one actual resource-wait episode; precondition/serialization work before waiting is excluded, and the API return ends it.","one correlated obligation instance per timed word; if the trigger can repeat, the adapter spawns a new projection keyed by timer/request generation","[{""mapping"": ""auxiliary:1"", ""role"": ""absolute max-blocking deadline and API return"", ""event_predicate"": ""The correlated write returns OK, TIMEOUT, or the explicitly permitted OUT_OF_RESOURCES result."", ""instrumentation_timing"": ""Emit trigger immediately before wait_for_acknowledgement at lines 230-234 after confirming the 100 ms QoS/deadline snapshot. Emit the correlated API return at DataWriterImpl; serialization/precondition time before the resource wait is not mislabeled as waiting time."", ""atomic_propositions"": [""reliable_write_resource_wait_started_default"", ""write_returned_from_blocking""], ""repository"": ""eProsima/Fast-DDS"", ""commit"": ""94940169442298e2736af79720ef05d89a1b2a7d"", ""path"": ""src/cpp/fastdds/publisher/DataWriterImpl.cpp"", ""symbol"": ""DataWriterImpl::perform_create_new_change"", ""lines"": ""1003-1107"", ""url"": ""https://github.com/eProsima/Fast-DDS/blob/94940169442298e2736af79720ef05d89a1b2a7d/src/cpp/fastdds/publisher/DataWriterImpl.cpp#L1003-L1107"", ""source_file_verified"": true, ""source_line_verified"": true, ""source_symbol_verified"": true}, {""mapping"": ""auxiliary:2"", ""role"": ""templated history caller return"", ""event_predicate"": ""The correlated write returns OK, TIMEOUT, or the explicitly permitted OUT_OF_RESOURCES result."", ""instrumentation_timing"": ""Emit trigger immediately before wait_for_acknowledgement at lines 230-234 after confirming the 100 ms QoS/deadline snapshot. Emit the correlated API return at DataWriterImpl; serialization/precondition time before the resource wait is not mislabeled as waiting time."", ""atomic_propositions"": [""write_returned_from_blocking""], ""repository"": ""eProsima/Fast-DDS"", ""commit"": ""94940169442298e2736af79720ef05d89a1b2a7d"", ""path"": ""src/cpp/fastdds/publisher/DataWriterHistory.hpp"", ""symbol"": ""add_pub_change_with_commit_hook"", ""lines"": ""142-170"", ""url"": ""https://github.com/eProsima/Fast-DDS/blob/94940169442298e2736af79720ef05d89a1b2a7d/src/cpp/fastdds/publisher/DataWriterHistory.hpp#L142-L170"", ""source_file_verified"": true, ""source_line_verified"": true, ""source_symbol_verified"": true}]",{},Emit trigger immediately before wait_for_acknowledgement at lines 230-234 after confirming the 100 ms QoS/deadline snapshot. Emit the correlated API return at DataWriterImpl; serialization/precondition time before the resource wait is not mislabeled as waiting time.,WHITEBOX
DDS/RTPS,RTPS-DISC-01,periodic_spdp_generation_started_30000,A steady-state non-directed SPDP announcement is sent and the next periodic generation is armed with resendPeriod=30 s.,domainId + local participant GUID prefix; directed destination GUIDs remain fields and are filtered out,EXACTLY_ONE_TRIGGER_PER_PROJECTED_WORD; each reset/restart closes the old generation and opens a separately monitored generation. Project one steady-state periodic generation for one local participant; exclude startup bursts/directed sends and explicitly close on reconfiguration or participant stop.,"one correlated obligation instance per timed word; if the trigger can repeat, the adapter spawns a new projection keyed by timer/request generation","[{""mapping"": ""primary"", ""role"": ""primary property hook"", ""event_predicate"": ""A steady-state non-directed SPDP announcement is sent and the next periodic generation is armed with resendPeriod=30 s."", ""instrumentation_timing"": ""After startup announcements are exhausted and resendPeriod=30 s is verified, each observed announceParticipantState(false) closes the old generation and arms a new one. Stamp an observed next send with the stored logical deadline; retain actual callback time separately."", ""atomic_propositions"": [""periodic_spdp_generation_started_30000""], ""repository"": ""eProsima/Fast-DDS"", ""commit"": ""94940169442298e2736af79720ef05d89a1b2a7d"", ""path"": ""src/cpp/rtps/builtin/discovery/participant/PDP.cpp"", ""symbol"": ""PDP::set_next_announcement_interval"", ""lines"": ""1534-1546"", ""url"": ""https://github.com/eProsima/Fast-DDS/blob/94940169442298e2736af79720ef05d89a1b2a7d/src/cpp/rtps/builtin/discovery/participant/PDP.cpp#L1534-L1546"", ""source_file_verified"": true, ""source_line_verified"": true, ""source_symbol_verified"": true}]",{},"After startup announcements are exhausted and resendPeriod=30 s is verified, each observed announceParticipantState(false) closes the old generation and arms a new one. Stamp an observed next send with the stored logical deadline; retain actual callback time separately.",HYBRID
DDS/RTPS,RTPS-DISC-01,next_periodic_spdp_announcement_sent,The next steady-state non-directed periodic SPDP announcement is actually handed to announceParticipantState(false); logical deadline and callback/send time are retained.,domainId + local participant GUID prefix; directed destination GUIDs remain fields and are filtered out,EXACTLY_ONE_TRIGGER_PER_PROJECTED_WORD; each reset/restart closes the old generation and opens a separately monitored generation. Project one steady-state periodic generation for one local participant; exclude startup bursts/directed sends and explicitly close on reconfiguration or participant stop.,"one correlated obligation instance per timed word; if the trigger can repeat, the adapter spawns a new projection keyed by timer/request generation","[{""mapping"": ""auxiliary:1"", ""role"": ""periodic SPDP announcement action"", ""event_predicate"": ""The next steady-state non-directed periodic SPDP announcement is actually handed to announceParticipantState(false); logical deadline and callback/send time are retained."", ""instrumentation_timing"": ""After startup announcements are exhausted and resendPeriod=30 s is verified, each observed announceParticipantState(false) closes the old generation and arms a new one. Stamp an observed next send with the stored logical deadline; retain actual callback time separately."", ""atomic_propositions"": [""next_periodic_spdp_announcement_sent""], ""repository"": ""eProsima/Fast-DDS"", ""commit"": ""94940169442298e2736af79720ef05d89a1b2a7d"", ""path"": ""src/cpp/rtps/builtin/discovery/participant/PDP.cpp"", ""symbol"": ""PDP::announceParticipantState"", ""lines"": ""576-692"", ""url"": ""https://github.com/eProsima/Fast-DDS/blob/94940169442298e2736af79720ef05d89a1b2a7d/src/cpp/rtps/builtin/discovery/participant/PDP.cpp#L576-L692"", ""source_file_verified"": true, ""source_line_verified"": true, ""source_symbol_verified"": true}]",{},"After startup announcements are exhausted and resendPeriod=30 s is verified, each observed announceParticipantState(false) closes the old generation and arms a new one. Stamp an observed next send with the stored logical deadline; retain actual callback time separately.",HYBRID
DDS/RTPS,RTPS-DISC-01,spdp_period_generation_superseded,A configuration/reset operation replaces the scheduled periodic generation before its deadline.,domainId + local participant GUID prefix; directed destination GUIDs remain fields and are filtered out,EXACTLY_ONE_TRIGGER_PER_PROJECTED_WORD; each reset/restart closes the old generation and opens a separately monitored generation. Project one steady-state periodic generation for one local participant; exclude startup bursts/directed sends and explicitly close on reconfiguration or participant stop.,"one correlated obligation instance per timed word; if the trigger can repeat, the adapter spawns a new projection keyed by timer/request generation","[{""mapping"": ""auxiliary:2"", ""role"": ""periodic announcement generation reset"", ""event_predicate"": ""A configuration/reset operation replaces the scheduled periodic generation before its deadline."", ""instrumentation_timing"": ""After startup announcements are exhausted and resendPeriod=30 s is verified, each observed announceParticipantState(false) closes the old generation and arms a new one. Stamp an observed next send with the stored logical deadline; retain actual callback time separately."", ""atomic_propositions"": [""spdp_period_generation_superseded""], ""repository"": ""eProsima/Fast-DDS"", ""commit"": ""94940169442298e2736af79720ef05d89a1b2a7d"", ""path"": ""src/cpp/rtps/builtin/discovery/participant/PDP.cpp"", ""symbol"": ""PDP::resetParticipantAnnouncement"", ""lines"": ""702-708"", ""url"": ""https://github.com/eProsima/Fast-DDS/blob/94940169442298e2736af79720ef05d89a1b2a7d/src/cpp/rtps/builtin/discovery/participant/PDP.cpp#L702-L708"", ""source_file_verified"": true, ""source_line_verified"": true, ""source_symbol_verified"": true}]",{},"After startup announcements are exhausted and resendPeriod=30 s is verified, each observed announceParticipantState(false) closes the old generation and arms a new one. Stamp an observed next send with the stored logical deadline; retain actual callback time separately.",HYBRID
DDS/RTPS,RTPS-DISC-01,local_participant_stopped,The local DomainParticipant is disabled/deleted before the next period.,domainId + local participant GUID prefix; directed destination GUIDs remain fields and are filtered out,EXACTLY_ONE_TRIGGER_PER_PROJECTED_WORD; each reset/restart closes the old generation and opens a separately monitored generation. Project one steady-state periodic generation for one local participant; exclude startup bursts/directed sends and explicitly close on reconfiguration or participant stop.,"one correlated obligation instance per timed word; if the trigger can repeat, the adapter spawns a new projection keyed by timer/request generation","[{""mapping"": ""auxiliary:3"", ""role"": ""participant stop and timer cancellation"", ""event_predicate"": ""The local DomainParticipant is disabled/deleted before the next period."", ""instrumentation_timing"": ""After startup announcements are exhausted and resendPeriod=30 s is verified, each observed announceParticipantState(false) closes the old generation and arms a new one. Stamp an observed next send with the stored logical deadline; retain actual callback time separately."", ""atomic_propositions"": [""local_participant_stopped""], ""repository"": ""eProsima/Fast-DDS"", ""commit"": ""94940169442298e2736af79720ef05d89a1b2a7d"", ""path"": ""src/cpp/rtps/builtin/discovery/participant/PDP.cpp"", ""symbol"": ""PDP::stopParticipantAnnouncement / PDP::disable"", ""lines"": ""558-574;694-700"", ""url"": ""https://github.com/eProsima/Fast-DDS/blob/94940169442298e2736af79720ef05d89a1b2a7d/src/cpp/rtps/builtin/discovery/participant/PDP.cpp#L558-L574"", ""source_file_verified"": true, ""source_line_verified"": true, ""source_symbol_verified"": true}]",{},"After startup announcements are exhausted and resendPeriod=30 s is verified, each observed announceParticipantState(false) closes the old generation and arms a new one. Stamp an observed next send with the stored logical deadline; retain actual callback time separately.",HYBRID
DDS/RTPS,RTPS-DISC-02,remote_participant_default_lease_started,"A valid SPDP sample without PID_PARTICIPANT_LEASE_DURATION creates/renews an independent, non-privileged-dependent remote participant using 100 s.",domain + remote participant GUID prefix + SPDP sequence number; GUID is a field,"EXACTLY_ONE_TRIGGER_PER_PROJECTED_WORD; each reset/restart closes the old generation and opens a separately monitored generation. Project one lease generation for one independent remote participant; SPDP refresh emits supersession and opens another word, while explicit disposal emits cancellation.","one correlated obligation instance per timed word; if the trigger can repeat, the adapter spawns a new projection keyed by timer/request generation","[{""mapping"": ""auxiliary:1"", ""role"": ""default lease creation and SPDP refresh"", ""event_predicate"": ""A valid SPDP sample without PID_PARTICIPANT_LEASE_DURATION creates/renews an independent, non-privileged-dependent remote participant using 100 s."", ""instrumentation_timing"": ""Emit start only after the omitted PID is defaulted to 100 s and privileged/dependency postponement is excluded. A refresh/cancel closes this word. Emit lease-removal cause immediately before ddsi_delete_proxy_participant_by_guid; do not require a callback at exactly 100 s."", ""atomic_propositions"": [""remote_participant_default_lease_started"", ""remote_spdp_refresh_supersedes_lease""], ""repository"": ""eclipse-cyclonedds/cyclonedds"", ""commit"": ""2cdd114cbd18340c606573b4cc8dc20cc161ec5a"", ""path"": ""src/core/ddsi/src/q_ddsi_discovery.c"", ""symbol"": ""handle_spdp_alive"", ""lines"": ""723-981"", ""url"": ""https://github.com/eclipse-cyclonedds/cyclonedds/blob/2cdd114cbd18340c606573b4cc8dc20cc161ec5a/src/core/ddsi/src/q_ddsi_discovery.c#L723-L981"", ""source_file_verified"": true, ""source_line_verified"": true, ""source_symbol_verified"": true}, {""mapping"": ""auxiliary:3"", ""role"": ""privileged participant lease exception"", ""event_predicate"": ""A valid SPDP sample without PID_PARTICIPANT_LEASE_DURATION creates/renews an independent, non-privileged-dependent remote participant using 100 s."", ""instrumentation_timing"": ""Emit start only after the omitted PID is defaulted to 100 s and privileged/dependency postponement is excluded. A refresh/cancel closes this word. Emit lease-removal cause immediately before ddsi_delete_proxy_participant_by_guid; do not require a callback at exactly 100 s."", ""atomic_propositions"": [""remote_participant_default_lease_started""], ""repository"": ""eclipse-cyclonedds/cyclonedds"", ""commit"": ""2cdd114cbd18340c606573b4cc8dc20cc161ec5a"", ""path"": ""src/core/ddsi/src/q_lease.c"", ""symbol"": ""check_and_handle_lease_expiration"", ""lines"": ""247-281"", ""url"": ""https://github.com/eclipse-cyclonedds/cyclonedds/blob/2cdd114cbd18340c606573b4cc8dc20cc161ec5a/src/core/ddsi/src/q_lease.c#L247-L281"", ""source_file_verified"": true, ""source_line_verified"": true, ""source_symbol_verified"": true}]",{},Emit start only after the omitted PID is defaulted to 100 s and privileged/dependency postponement is excluded. A refresh/cancel closes this word. Emit lease-removal cause immediately before ddsi_delete_proxy_participant_by_guid; do not require a callback at exactly 100 s.,HYBRID
DDS/RTPS,RTPS-DISC-02,remote_participant_removed_due_to_lease,"Lease expiration, rather than explicit disposal or another cause, invokes deletion/reconfiguration for that proxy participant.",domain + remote participant GUID prefix + SPDP sequence number; GUID is a field,"EXACTLY_ONE_TRIGGER_PER_PROJECTED_WORD; each reset/restart closes the old generation and opens a separately monitored generation. Project one lease generation for one independent remote participant; SPDP refresh emits supersession and opens another word, while explicit disposal emits cancellation.","one correlated obligation instance per timed word; if the trigger can repeat, the adapter spawns a new projection keyed by timer/request generation","[{""mapping"": ""primary"", ""role"": ""primary property hook"", ""event_predicate"": ""Lease expiration, rather than explicit disposal or another cause, invokes deletion/reconfiguration for that proxy participant."", ""instrumentation_timing"": ""Emit start only after the omitted PID is defaulted to 100 s and privileged/dependency postponement is excluded. A refresh/cancel closes this word. Emit lease-removal cause immediately before ddsi_delete_proxy_participant_by_guid; do not require a callback at exactly 100 s."", ""atomic_propositions"": [""remote_participant_removed_due_to_lease""], ""repository"": ""eclipse-cyclonedds/cyclonedds"", ""commit"": ""2cdd114cbd18340c606573b4cc8dc20cc161ec5a"", ""path"": ""src/core/ddsi/src/q_lease.c"", ""symbol"": ""check_and_handle_lease_expiration"", ""lines"": ""218-292"", ""url"": ""https://github.com/eclipse-cyclonedds/cyclonedds/blob/2cdd114cbd18340c606573b4cc8dc20cc161ec5a/src/core/ddsi/src/q_lease.c#L218-L292"", ""source_file_verified"": true, ""source_line_verified"": true, ""source_symbol_verified"": true}]",{},Emit start only after the omitted PID is defaulted to 100 s and privileged/dependency postponement is excluded. A refresh/cancel closes this word. Emit lease-removal cause immediately before ddsi_delete_proxy_participant_by_guid; do not require a callback at exactly 100 s.,HYBRID
DDS/RTPS,RTPS-DISC-02,remote_spdp_refresh_supersedes_lease,A newer valid SPDP sample closes this lease generation and starts a separately projected 100 s generation.,domain + remote participant GUID prefix + SPDP sequence number; GUID is a field,"EXACTLY_ONE_TRIGGER_PER_PROJECTED_WORD; each reset/restart closes the old generation and opens a separately monitored generation. Project one lease generation for one independent remote participant; SPDP refresh emits supersession and opens another word, while explicit disposal emits cancellation.","one correlated obligation instance per timed word; if the trigger can repeat, the adapter spawns a new projection keyed by timer/request generation","[{""mapping"": ""auxiliary:1"", ""role"": ""default lease creation and SPDP refresh"", ""event_predicate"": ""A newer valid SPDP sample closes this lease generation and starts a separately projected 100 s generation."", ""instrumentation_timing"": ""Emit start only after the omitted PID is defaulted to 100 s and privileged/dependency postponement is excluded. A refresh/cancel closes this word. Emit lease-removal cause immediately before ddsi_delete_proxy_participant_by_guid; do not require a callback at exactly 100 s."", ""atomic_propositions"": [""remote_participant_default_lease_started"", ""remote_spdp_refresh_supersedes_lease""], ""repository"": ""eclipse-cyclonedds/cyclonedds"", ""commit"": ""2cdd114cbd18340c606573b4cc8dc20cc161ec5a"", ""path"": ""src/core/ddsi/src/q_ddsi_discovery.c"", ""symbol"": ""handle_spdp_alive"", ""lines"": ""723-981"", ""url"": ""https://github.com/eclipse-cyclonedds/cyclonedds/blob/2cdd114cbd18340c606573b4cc8dc20cc161ec5a/src/core/ddsi/src/q_ddsi_discovery.c#L723-L981"", ""source_file_verified"": true, ""source_line_verified"": true, ""source_symbol_verified"": true}]",{},Emit start only after the omitted PID is defaulted to 100 s and privileged/dependency postponement is excluded. A refresh/cancel closes this word. Emit lease-removal cause immediately before ddsi_delete_proxy_participant_by_guid; do not require a callback at exactly 100 s.,HYBRID
DDS/RTPS,RTPS-DISC-02,remote_lease_generation_cancelled,A correlated SPDP dispose/unregister reaches handle_spdp_dead and deletes the proxy participant before lease expiry; domain shutdown is recorded only through its corresponding proxy-deletion lifecycle.,domain + remote participant GUID prefix + SPDP sequence number; GUID is a field,"EXACTLY_ONE_TRIGGER_PER_PROJECTED_WORD; each reset/restart closes the old generation and opens a separately monitored generation. Project one lease generation for one independent remote participant; SPDP refresh emits supersession and opens another word, while explicit disposal emits cancellation.","one correlated obligation instance per timed word; if the trigger can repeat, the adapter spawns a new projection keyed by timer/request generation","[{""mapping"": ""auxiliary:2"", ""role"": ""explicit SPDP dispose cancellation"", ""event_predicate"": ""A correlated SPDP dispose/unregister reaches handle_spdp_dead and deletes the proxy participant before lease expiry; domain shutdown is recorded only through its corresponding proxy-deletion lifecycle."", ""instrumentation_timing"": ""Emit start only after the omitted PID is defaulted to 100 s and privileged/dependency postponement is excluded. A refresh/cancel closes this word. Emit lease-removal cause immediately before ddsi_delete_proxy_participant_by_guid; do not require a callback at exactly 100 s."", ""atomic_propositions"": [""remote_lease_generation_cancelled""], ""repository"": ""eclipse-cyclonedds/cyclonedds"", ""commit"": ""2cdd114cbd18340c606573b4cc8dc20cc161ec5a"", ""path"": ""src/core/ddsi/src/q_ddsi_discovery.c"", ""symbol"": ""handle_spdp_dead"", ""lines"": ""638-671"", ""url"": ""https://github.com/eclipse-cyclonedds/cyclonedds/blob/2cdd114cbd18340c606573b4cc8dc20cc161ec5a/src/core/ddsi/src/q_ddsi_discovery.c#L638-L671"", ""source_file_verified"": true, ""source_line_verified"": true, ""source_symbol_verified"": true}]",{},Emit start only after the omitted PID is defaulted to 100 s and privileged/dependency postponement is excluded. A refresh/cancel closes this word. Emit lease-removal cause immediately before ddsi_delete_proxy_participant_by_guid; do not require a callback at exactly 100 s.,HYBRID
DDS/RTPS,RTPS-REL-01,writer_nack_timer_generation_started_200,A fresh ACKNACK makes the writer-wide pending-reader set non-empty and restart_timer arms nackResponseDelay=200 ms.,writer GUID + timer generation + pending reader GUID/count set; ACKNACK counts and sequence numbers remain fields,"EXACTLY_ONE_TRIGGER_PER_PROJECTED_WORD; each reset/restart closes the old generation and opens a separately monitored generation. Project one writer-wide timer generation, not one ReaderProxy. A newer restart atomically supersedes the old generation before opening the next word.","one correlated obligation instance per timed word; if the trigger can repeat, the adapter spawns a new projection keyed by timer/request generation","[{""mapping"": ""primary"", ""role"": ""primary property hook"", ""event_predicate"": ""A fresh ACKNACK makes the writer-wide pending-reader set non-empty and restart_timer arms nackResponseDelay=200 ms."", ""instrumentation_timing"": ""Require harness WriterTimes.nack_response_delay=200 ms. Emit trigger at restart_timer; a later restart first emits superseded. Emit the action only if the callback is observed, stamp it with the stored logical deadline, and retain actual callback time for overhead/jitter analysis."", ""atomic_propositions"": [""writer_nack_timer_generation_started_200"", ""nack_response_generation_superseded"", ""rtps_pending_reader_set_empty""], ""repository"": ""eProsima/Fast-DDS"", ""commit"": ""94940169442298e2736af79720ef05d89a1b2a7d"", ""path"": ""src/cpp/rtps/writer/StatefulWriter.cpp"", ""symbol"": ""StatefulWriter::process_acknack"", ""lines"": ""1921-1960"", ""url"": ""https://github.com/eProsima/Fast-DDS/blob/94940169442298e2736af79720ef05d89a1b2a7d/src/cpp/rtps/writer/StatefulWriter.cpp#L1921-L1960"", ""source_file_verified"": true, ""source_line_verified"": true, ""source_symbol_verified"": true}]",{},"Require harness WriterTimes.nack_response_delay=200 ms. Emit trigger at restart_timer; a later restart first emits superseded. Emit the action only if the callback is observed, stamp it with the stored logical deadline, and retain actual callback time for overhead/jitter analysis.",WHITEBOX
DDS/RTPS,RTPS-REL-01,nack_response_action_observed,The corresponding TimedEvent callback is observed and perform_nack_response begins; the event is stamped with the stored logical deadline and also records actual callback time.,writer GUID + timer generation + pending reader GUID/count set; ACKNACK counts and sequence numbers remain fields,"EXACTLY_ONE_TRIGGER_PER_PROJECTED_WORD; each reset/restart closes the old generation and opens a separately monitored generation. Project one writer-wide timer generation, not one ReaderProxy. A newer restart atomically supersedes the old generation before opening the next word.","one correlated obligation instance per timed word; if the trigger can repeat, the adapter spawns a new projection keyed by timer/request generation","[{""mapping"": ""auxiliary:1"", ""role"": ""writer nack-response callback action"", ""event_predicate"": ""The corresponding TimedEvent callback is observed and perform_nack_response begins; the event is stamped with the stored logical deadline and also records actual callback time."", ""instrumentation_timing"": ""Require harness WriterTimes.nack_response_delay=200 ms. Emit trigger at restart_timer; a later restart first emits superseded. Emit the action only if the callback is observed, stamp it with the stored logical deadline, and retain actual callback time for overhead/jitter analysis."", ""atomic_propositions"": [""nack_response_action_observed""], ""repository"": ""eProsima/Fast-DDS"", ""commit"": ""94940169442298e2736af79720ef05d89a1b2a7d"", ""path"": ""src/cpp/rtps/writer/StatefulWriter.cpp"", ""symbol"": ""StatefulWriter::perform_nack_response"", ""lines"": ""1880-1900"", ""url"": ""https://github.com/eProsima/Fast-DDS/blob/94940169442298e2736af79720ef05d89a1b2a7d/src/cpp/rtps/writer/StatefulWriter.cpp#L1880-L1900"", ""source_file_verified"": true, ""source_line_verified"": true, ""source_symbol_verified"": true}, {""mapping"": ""auxiliary:2"", ""role"": ""TimedEvent callback binding"", ""event_predicate"": ""The corresponding TimedEvent callback is observed and perform_nack_response begins; the event is stamped with the stored logical deadline and also records actual callback time."", ""instrumentation_timing"": ""Require harness WriterTimes.nack_response_delay=200 ms. Emit trigger at restart_timer; a later restart first emits superseded. Emit the action only if the callback is observed, stamp it with the stored logical deadline, and retain actual callback time for overhead/jitter analysis."", ""atomic_propositions"": [""nack_response_action_observed""], ""repository"": ""eProsima/Fast-DDS"", ""commit"": ""94940169442298e2736af79720ef05d89a1b2a7d"", ""path"": ""src/cpp/rtps/writer/StatefulWriter.cpp"", ""symbol"": ""StatefulWriter::init"", ""lines"": ""225-232"", ""url"": ""https://github.com/eProsima/Fast-DDS/blob/94940169442298e2736af79720ef05d89a1b2a7d/src/cpp/rtps/writer/StatefulWriter.cpp#L225-L232"", ""source_file_verified"": true, ""source_line_verified"": true, ""source_symbol_verified"": true}]",{},"Require harness WriterTimes.nack_response_delay=200 ms. Emit trigger at restart_timer; a later restart first emits superseded. Emit the action only if the callback is observed, stamp it with the stored logical deadline, and retain actual callback time for overhead/jitter analysis.",WHITEBOX
DDS/RTPS,RTPS-REL-01,nack_response_generation_superseded,A newer qualifying ACKNACK restarts the same writer-wide timer; it closes this generation and starts a separately projected generation.,writer GUID + timer generation + pending reader GUID/count set; ACKNACK counts and sequence numbers remain fields,"EXACTLY_ONE_TRIGGER_PER_PROJECTED_WORD; each reset/restart closes the old generation and opens a separately monitored generation. Project one writer-wide timer generation, not one ReaderProxy. A newer restart atomically supersedes the old generation before opening the next word.","one correlated obligation instance per timed word; if the trigger can repeat, the adapter spawns a new projection keyed by timer/request generation","[{""mapping"": ""primary"", ""role"": ""primary property hook"", ""event_predicate"": ""A newer qualifying ACKNACK restarts the same writer-wide timer; it closes this generation and starts a separately projected generation."", ""instrumentation_timing"": ""Require harness WriterTimes.nack_response_delay=200 ms. Emit trigger at restart_timer; a later restart first emits superseded. Emit the action only if the callback is observed, stamp it with the stored logical deadline, and retain actual callback time for overhead/jitter analysis."", ""atomic_propositions"": [""writer_nack_timer_generation_started_200"", ""nack_response_generation_superseded"", ""rtps_pending_reader_set_empty""], ""repository"": ""eProsima/Fast-DDS"", ""commit"": ""94940169442298e2736af79720ef05d89a1b2a7d"", ""path"": ""src/cpp/rtps/writer/StatefulWriter.cpp"", ""symbol"": ""StatefulWriter::process_acknack"", ""lines"": ""1921-1960"", ""url"": ""https://github.com/eProsima/Fast-DDS/blob/94940169442298e2736af79720ef05d89a1b2a7d/src/cpp/rtps/writer/StatefulWriter.cpp#L1921-L1960"", ""source_file_verified"": true, ""source_line_verified"": true, ""source_symbol_verified"": true}]",{},"Require harness WriterTimes.nack_response_delay=200 ms. Emit trigger at restart_timer; a later restart first emits superseded. Emit the action only if the callback is observed, stamp it with the stored logical deadline, and retain actual callback time for overhead/jitter analysis.",WHITEBOX
DDS/RTPS,RTPS-REL-01,rtps_pending_reader_set_empty,All requested repairs disappear or relevant readers are unmatched before the deadline.,writer GUID + timer generation + pending reader GUID/count set; ACKNACK counts and sequence numbers remain fields,"EXACTLY_ONE_TRIGGER_PER_PROJECTED_WORD; each reset/restart closes the old generation and opens a separately monitored generation. Project one writer-wide timer generation, not one ReaderProxy. A newer restart atomically supersedes the old generation before opening the next word.","one correlated obligation instance per timed word; if the trigger can repeat, the adapter spawns a new projection keyed by timer/request generation","[{""mapping"": ""primary"", ""role"": ""primary property hook"", ""event_predicate"": ""All requested repairs disappear or relevant readers are unmatched before the deadline."", ""instrumentation_timing"": ""Require harness WriterTimes.nack_response_delay=200 ms. Emit trigger at restart_timer; a later restart first emits superseded. Emit the action only if the callback is observed, stamp it with the stored logical deadline, and retain actual callback time for overhead/jitter analysis."", ""atomic_propositions"": [""writer_nack_timer_generation_started_200"", ""nack_response_generation_superseded"", ""rtps_pending_reader_set_empty""], ""repository"": ""eProsima/Fast-DDS"", ""commit"": ""94940169442298e2736af79720ef05d89a1b2a7d"", ""path"": ""src/cpp/rtps/writer/StatefulWriter.cpp"", ""symbol"": ""StatefulWriter::process_acknack"", ""lines"": ""1921-1960"", ""url"": ""https://github.com/eProsima/Fast-DDS/blob/94940169442298e2736af79720ef05d89a1b2a7d/src/cpp/rtps/writer/StatefulWriter.cpp#L1921-L1960"", ""source_file_verified"": true, ""source_line_verified"": true, ""source_symbol_verified"": true}, {""mapping"": ""auxiliary:3"", ""role"": ""reader unmatch can empty pending-reader set"", ""event_predicate"": ""All requested repairs disappear or relevant readers are unmatched before the deadline."", ""instrumentation_timing"": ""Require harness WriterTimes.nack_response_delay=200 ms. Emit trigger at restart_timer; a later restart first emits superseded. Emit the action only if the callback is observed, stamp it with the stored logical deadline, and retain actual callback time for overhead/jitter analysis."", ""atomic_propositions"": [""rtps_pending_reader_set_empty""], ""repository"": ""eProsima/Fast-DDS"", ""commit"": ""94940169442298e2736af79720ef05d89a1b2a7d"", ""path"": ""src/cpp/rtps/writer/StatefulWriter.cpp"", ""symbol"": ""StatefulWriter::matched_reader_remove"", ""lines"": ""1211-1302"", ""url"": ""https://github.com/eProsima/Fast-DDS/blob/94940169442298e2736af79720ef05d89a1b2a7d/src/cpp/rtps/writer/StatefulWriter.cpp#L1211-L1302"", ""source_file_verified"": true, ""source_line_verified"": true, ""source_symbol_verified"": true}]",{},"Require harness WriterTimes.nack_response_delay=200 ms. Emit trigger at restart_timer; a later restart first emits superseded. Emit the action only if the callback is observed, stamp it with the stored logical deadline, and retain actual callback time for overhead/jitter analysis.",WHITEBOX
DDS/RTPS,RTPS-REL-01,rtps_writer_stopped,The writer is disabled/deleted before the deadline.,writer GUID + timer generation + pending reader GUID/count set; ACKNACK counts and sequence numbers remain fields,"EXACTLY_ONE_TRIGGER_PER_PROJECTED_WORD; each reset/restart closes the old generation and opens a separately monitored generation. Project one writer-wide timer generation, not one ReaderProxy. A newer restart atomically supersedes the old generation before opening the next word.","one correlated obligation instance per timed word; if the trigger can repeat, the adapter spawns a new projection keyed by timer/request generation","[{""mapping"": ""auxiliary:4"", ""role"": ""writer removal stops timer and reader proxies"", ""event_predicate"": ""The writer is disabled/deleted before the deadline."", ""instrumentation_timing"": ""Require harness WriterTimes.nack_response_delay=200 ms. Emit trigger at restart_timer; a later restart first emits superseded. Emit the action only if the callback is observed, stamp it with the stored logical deadline, and retain actual callback time for overhead/jitter analysis."", ""atomic_propositions"": [""rtps_writer_stopped""], ""repository"": ""eProsima/Fast-DDS"", ""commit"": ""94940169442298e2736af79720ef05d89a1b2a7d"", ""path"": ""src/cpp/rtps/writer/StatefulWriter.cpp"", ""symbol"": ""StatefulWriter::local_actions_on_writer_removed"", ""lines"": ""256-315"", ""url"": ""https://github.com/eProsima/Fast-DDS/blob/94940169442298e2736af79720ef05d89a1b2a7d/src/cpp/rtps/writer/StatefulWriter.cpp#L256-L315"", ""source_file_verified"": true, ""source_line_verified"": true, ""source_symbol_verified"": true}]",{},"Require harness WriterTimes.nack_response_delay=200 ms. Emit trigger at restart_timer; a later restart first emits superseded. Emit the action only if the callback is observed, stamp it with the stored logical deadline, and retain actual callback time for overhead/jitter analysis.",WHITEBOX
DDS/RTPS,RTPS-REL-02,heartbeat_response_generation_started_500,A fresh HEARTBEAT enters must_send_ack and restart_timer arms this WriterProxy generation with heartbeatResponseDelay=500 ms.,reader GUID + writer GUID + HEARTBEAT count; sequence-number set is a field,"EXACTLY_ONE_TRIGGER_PER_PROJECTED_WORD; each reset/restart closes the old generation and opens a separately monitored generation. Project exactly one WriterProxy heartbeat timer generation; newer HEARTBEAT restart, unmatch, or reader stop closes it explicitly.","one correlated obligation instance per timed word; if the trigger can repeat, the adapter spawns a new projection keyed by timer/request generation","[{""mapping"": ""primary"", ""role"": ""primary property hook"", ""event_predicate"": ""A fresh HEARTBEAT enters must_send_ack and restart_timer arms this WriterProxy generation with heartbeatResponseDelay=500 ms."", ""instrumentation_timing"": ""Set ReaderTimes.heartbeat_response_delay=500 ms; emit trigger at restart_timer. A later restart first emits superseded. Emit ACKNACK only after send_acknack is called, stamp with the logical deadline, and retain callback/send time separately."", ""atomic_propositions"": [""heartbeat_response_generation_started_500"", ""heartbeat_response_generation_superseded""], ""repository"": ""eProsima/Fast-DDS"", ""commit"": ""94940169442298e2736af79720ef05d89a1b2a7d"", ""path"": ""src/cpp/rtps/reader/WriterProxy.cpp"", ""symbol"": ""WriterProxy::process_heartbeat"", ""lines"": ""550-615"", ""url"": ""https://github.com/eProsima/Fast-DDS/blob/94940169442298e2736af79720ef05d89a1b2a7d/src/cpp/rtps/reader/WriterProxy.cpp#L550-L615"", ""source_file_verified"": true, ""source_line_verified"": true, ""source_symbol_verified"": true}]",{},"Set ReaderTimes.heartbeat_response_delay=500 ms; emit trigger at restart_timer. A later restart first emits superseded. Emit ACKNACK only after send_acknack is called, stamp with the logical deadline, and retain callback/send time separately.",HYBRID
DDS/RTPS,RTPS-REL-02,heartbeat_acknack_sent,The heartbeat-response callback is observed handing the correlated ACKNACK to the RTPS send path; logical deadline and actual callback/send time are both retained.,reader GUID + writer GUID + HEARTBEAT count; sequence-number set is a field,"EXACTLY_ONE_TRIGGER_PER_PROJECTED_WORD; each reset/restart closes the old generation and opens a separately monitored generation. Project exactly one WriterProxy heartbeat timer generation; newer HEARTBEAT restart, unmatch, or reader stop closes it explicitly.","one correlated obligation instance per timed word; if the trigger can repeat, the adapter spawns a new projection keyed by timer/request generation","[{""mapping"": ""auxiliary:1"", ""role"": ""heartbeat-response ACKNACK handoff"", ""event_predicate"": ""The heartbeat-response callback is observed handing the correlated ACKNACK to the RTPS send path; logical deadline and actual callback/send time are both retained."", ""instrumentation_timing"": ""Set ReaderTimes.heartbeat_response_delay=500 ms; emit trigger at restart_timer. A later restart first emits superseded. Emit ACKNACK only after send_acknack is called, stamp with the logical deadline, and retain callback/send time separately."", ""atomic_propositions"": [""heartbeat_acknack_sent""], ""repository"": ""eProsima/Fast-DDS"", ""commit"": ""94940169442298e2736af79720ef05d89a1b2a7d"", ""path"": ""src/cpp/rtps/reader/WriterProxy.cpp"", ""symbol"": ""WriterProxy::perform_heartbeat_response"", ""lines"": ""535-548"", ""url"": ""https://github.com/eProsima/Fast-DDS/blob/94940169442298e2736af79720ef05d89a1b2a7d/src/cpp/rtps/reader/WriterProxy.cpp#L535-L548"", ""source_file_verified"": true, ""source_line_verified"": true, ""source_symbol_verified"": true}]",{},"Set ReaderTimes.heartbeat_response_delay=500 ms; emit trigger at restart_timer. A later restart first emits superseded. Emit ACKNACK only after send_acknack is called, stamp with the logical deadline, and retain callback/send time separately.",HYBRID
DDS/RTPS,RTPS-REL-02,heartbeat_response_generation_superseded,A newer qualifying HEARTBEAT restarts/coalesces the WriterProxy timer and closes this generation before starting another projected word.,reader GUID + writer GUID + HEARTBEAT count; sequence-number set is a field,"EXACTLY_ONE_TRIGGER_PER_PROJECTED_WORD; each reset/restart closes the old generation and opens a separately monitored generation. Project exactly one WriterProxy heartbeat timer generation; newer HEARTBEAT restart, unmatch, or reader stop closes it explicitly.","one correlated obligation instance per timed word; if the trigger can repeat, the adapter spawns a new projection keyed by timer/request generation","[{""mapping"": ""primary"", ""role"": ""primary property hook"", ""event_predicate"": ""A newer qualifying HEARTBEAT restarts/coalesces the WriterProxy timer and closes this generation before starting another projected word."", ""instrumentation_timing"": ""Set ReaderTimes.heartbeat_response_delay=500 ms; emit trigger at restart_timer. A later restart first emits superseded. Emit ACKNACK only after send_acknack is called, stamp with the logical deadline, and retain callback/send time separately."", ""atomic_propositions"": [""heartbeat_response_generation_started_500"", ""heartbeat_response_generation_superseded""], ""repository"": ""eProsima/Fast-DDS"", ""commit"": ""94940169442298e2736af79720ef05d89a1b2a7d"", ""path"": ""src/cpp/rtps/reader/WriterProxy.cpp"", ""symbol"": ""WriterProxy::process_heartbeat"", ""lines"": ""550-615"", ""url"": ""https://github.com/eProsima/Fast-DDS/blob/94940169442298e2736af79720ef05d89a1b2a7d/src/cpp/rtps/reader/WriterProxy.cpp#L550-L615"", ""source_file_verified"": true, ""source_line_verified"": true, ""source_symbol_verified"": true}]",{},"Set ReaderTimes.heartbeat_response_delay=500 ms; emit trigger at restart_timer. A later restart first emits superseded. Emit ACKNACK only after send_acknack is called, stamp with the logical deadline, and retain callback/send time separately.",HYBRID
DDS/RTPS,RTPS-REL-02,rtps_writer_unmatched,The WriterProxy is removed before response and discharges the window.,reader GUID + writer GUID + HEARTBEAT count; sequence-number set is a field,"EXACTLY_ONE_TRIGGER_PER_PROJECTED_WORD; each reset/restart closes the old generation and opens a separately monitored generation. Project exactly one WriterProxy heartbeat timer generation; newer HEARTBEAT restart, unmatch, or reader stop closes it explicitly.","one correlated obligation instance per timed word; if the trigger can repeat, the adapter spawns a new projection keyed by timer/request generation","[{""mapping"": ""auxiliary:2"", ""role"": ""remote writer unmatch"", ""event_predicate"": ""The WriterProxy is removed before response and discharges the window."", ""instrumentation_timing"": ""Set ReaderTimes.heartbeat_response_delay=500 ms; emit trigger at restart_timer. A later restart first emits superseded. Emit ACKNACK only after send_acknack is called, stamp with the logical deadline, and retain callback/send time separately."", ""atomic_propositions"": [""rtps_writer_unmatched""], ""repository"": ""eProsima/Fast-DDS"", ""commit"": ""94940169442298e2736af79720ef05d89a1b2a7d"", ""path"": ""src/cpp/rtps/reader/StatefulReader.cpp"", ""symbol"": ""StatefulReader::matched_writer_remove"", ""lines"": ""381-482"", ""url"": ""https://github.com/eProsima/Fast-DDS/blob/94940169442298e2736af79720ef05d89a1b2a7d/src/cpp/rtps/reader/StatefulReader.cpp#L381-L482"", ""source_file_verified"": true, ""source_line_verified"": true, ""source_symbol_verified"": true}, {""mapping"": ""auxiliary:3"", ""role"": ""WriterProxy timer cancellation"", ""event_predicate"": ""The WriterProxy is removed before response and discharges the window."", ""instrumentation_timing"": ""Set ReaderTimes.heartbeat_response_delay=500 ms; emit trigger at restart_timer. A later restart first emits superseded. Emit ACKNACK only after send_acknack is called, stamp with the logical deadline, and retain callback/send time separately."", ""atomic_propositions"": [""rtps_writer_unmatched"", ""rtps_reader_stopped""], ""repository"": ""eProsima/Fast-DDS"", ""commit"": ""94940169442298e2736af79720ef05d89a1b2a7d"", ""path"": ""src/cpp/rtps/reader/WriterProxy.cpp"", ""symbol"": ""WriterProxy::stop"", ""lines"": ""170-187"", ""url"": ""https://github.com/eProsima/Fast-DDS/blob/94940169442298e2736af79720ef05d89a1b2a7d/src/cpp/rtps/reader/WriterProxy.cpp#L170-L187"", ""source_file_verified"": true, ""source_line_verified"": true, ""source_symbol_verified"": true}]",{},"Set ReaderTimes.heartbeat_response_delay=500 ms; emit trigger at restart_timer. A later restart first emits superseded. Emit ACKNACK only after send_acknack is called, stamp with the logical deadline, and retain callback/send time separately.",HYBRID
DDS/RTPS,RTPS-REL-02,rtps_reader_stopped,The local reader is disabled/deleted before response.,reader GUID + writer GUID + HEARTBEAT count; sequence-number set is a field,"EXACTLY_ONE_TRIGGER_PER_PROJECTED_WORD; each reset/restart closes the old generation and opens a separately monitored generation. Project exactly one WriterProxy heartbeat timer generation; newer HEARTBEAT restart, unmatch, or reader stop closes it explicitly.","one correlated obligation instance per timed word; if the trigger can repeat, the adapter spawns a new projection keyed by timer/request generation","[{""mapping"": ""auxiliary:3"", ""role"": ""WriterProxy timer cancellation"", ""event_predicate"": ""The local reader is disabled/deleted before response."", ""instrumentation_timing"": ""Set ReaderTimes.heartbeat_response_delay=500 ms; emit trigger at restart_timer. A later restart first emits superseded. Emit ACKNACK only after send_acknack is called, stamp with the logical deadline, and retain callback/send time separately."", ""atomic_propositions"": [""rtps_writer_unmatched"", ""rtps_reader_stopped""], ""repository"": ""eProsima/Fast-DDS"", ""commit"": ""94940169442298e2736af79720ef05d89a1b2a7d"", ""path"": ""src/cpp/rtps/reader/WriterProxy.cpp"", ""symbol"": ""WriterProxy::stop"", ""lines"": ""170-187"", ""url"": ""https://github.com/eProsima/Fast-DDS/blob/94940169442298e2736af79720ef05d89a1b2a7d/src/cpp/rtps/reader/WriterProxy.cpp#L170-L187"", ""source_file_verified"": true, ""source_line_verified"": true, ""source_symbol_verified"": true}, {""mapping"": ""auxiliary:4"", ""role"": ""local reader removal lifecycle"", ""event_predicate"": ""The local reader is disabled/deleted before response."", ""instrumentation_timing"": ""Set ReaderTimes.heartbeat_response_delay=500 ms; emit trigger at restart_timer. A later restart first emits superseded. Emit ACKNACK only after send_acknack is called, stamp with the logical deadline, and retain callback/send time separately."", ""atomic_propositions"": [""rtps_reader_stopped""], ""repository"": ""eProsima/Fast-DDS"", ""commit"": ""94940169442298e2736af79720ef05d89a1b2a7d"", ""path"": ""src/cpp/rtps/reader/BaseReader.cpp"", ""symbol"": ""BaseReader::local_actions_on_reader_removed"", ""lines"": ""109-112"", ""url"": ""https://github.com/eProsima/Fast-DDS/blob/94940169442298e2736af79720ef05d89a1b2a7d/src/cpp/rtps/reader/BaseReader.cpp#L109-L112"", ""source_file_verified"": true, ""source_line_verified"": true, ""source_symbol_verified"": true}]",{},"Set ReaderTimes.heartbeat_response_delay=500 ms; emit trigger at restart_timer. A later restart first emits superseded. Emit ACKNACK only after send_acknack is called, stamp with the logical deadline, and retain callback/send time separately.",HYBRID
CAN/UDS,CANTP-NBS-01,n_bs_timer_generation_started_1000,The implementation enters WAIT_FC and starts timer_rx_fc with configured 1000 ms; adapter records whether this precedes an AUTOSAR Tx-confirmation start.,ISO-TP addressing tuple + CAN channel + active send-request generation; CAN IDs and sequence numbers remain fields,"EXACTLY_ONE_TRIGGER_PER_PROJECTED_WORD; each reset/restart closes the old generation and opens a separately monitored generation. Project one segmented-send N_Bs timer generation; FC(WAIT) closes it and creates another word, CTS/OVFLW/abort/cancel closes it without overlap.","one correlated obligation instance per timed word; if the trigger can repeat, the adapter spawns a new projection keyed by timer/request generation","[{""mapping"": ""auxiliary:1"", ""role"": ""N_Bs timer generation start"", ""event_predicate"": ""The implementation enters WAIT_FC and starts timer_rx_fc with configured 1000 ms; adapter records whether this precedes an AUTOSAR Tx-confirmation start."", ""instrumentation_timing"": ""Emit trigger at _start_rx_fc_timer and record the implementation start plus any external Tx-confirmation timestamp. FC(WAIT) first satisfies the old word, then starts a new word. Emit abort only when the source action is observed; stamp its logical deadline and keep actual callback time."", ""atomic_propositions"": [""n_bs_timer_generation_started_1000""], ""repository"": ""pylessard/python-can-isotp"", ""commit"": ""7b44c5282ee390df4977b710218564eb73e2dc2a"", ""path"": ""isotp/protocol.py"", ""symbol"": ""_start_rx_fc_timer"", ""lines"": ""1250-1253"", ""url"": ""https://github.com/pylessard/python-can-isotp/blob/7b44c5282ee390df4977b710218564eb73e2dc2a/isotp/protocol.py#L1250-L1253"", ""source_file_verified"": true, ""source_line_verified"": true, ""source_symbol_verified"": true}, {""mapping"": ""auxiliary:2"", ""role"": ""1000 ms receive-flow-control profile"", ""event_predicate"": ""The implementation enters WAIT_FC and starts timer_rx_fc with configured 1000 ms; adapter records whether this precedes an AUTOSAR Tx-confirmation start."", ""instrumentation_timing"": ""Emit trigger at _start_rx_fc_timer and record the implementation start plus any external Tx-confirmation timestamp. FC(WAIT) first satisfies the old word, then starts a new word. Emit abort only when the source action is observed; stamp its logical deadline and keep actual callback time."", ""atomic_propositions"": [""n_bs_timer_generation_started_1000""], ""repository"": ""pylessard/python-can-isotp"", ""commit"": ""7b44c5282ee390df4977b710218564eb73e2dc2a"", ""path"": ""isotp/protocol.py"", ""symbol"": ""__init__"", ""lines"": ""349-354"", ""url"": ""https://github.com/pylessard/python-can-isotp/blob/7b44c5282ee390df4977b710218564eb73e2dc2a/isotp/protocol.py#L349-L354"", ""source_file_verified"": true, ""source_line_verified"": true, ""source_symbol_verified"": true}]",{},"Emit trigger at _start_rx_fc_timer and record the implementation start plus any external Tx-confirmation timestamp. FC(WAIT) first satisfies the old word, then starts a new word. Emit abort only when the source action is observed; stamp its logical deadline and keep actual callback time.",WHITEBOX
CAN/UDS,CANTP-NBS-01,flow_control_received,A valid correlated FC(CTS/WAIT/OVFLW) is decoded before N_Bs expiry; WAIT begins a new correlated wait window.,ISO-TP addressing tuple + CAN channel + active send-request generation; CAN IDs and sequence numbers remain fields,"EXACTLY_ONE_TRIGGER_PER_PROJECTED_WORD; each reset/restart closes the old generation and opens a separately monitored generation. Project one segmented-send N_Bs timer generation; FC(WAIT) closes it and creates another word, CTS/OVFLW/abort/cancel closes it without overlap.","one correlated obligation instance per timed word; if the trigger can repeat, the adapter spawns a new projection keyed by timer/request generation","[{""mapping"": ""primary"", ""role"": ""primary property hook"", ""event_predicate"": ""A valid correlated FC(CTS/WAIT/OVFLW) is decoded before N_Bs expiry; WAIT begins a new correlated wait window."", ""instrumentation_timing"": ""Emit trigger at _start_rx_fc_timer and record the implementation start plus any external Tx-confirmation timestamp. FC(WAIT) first satisfies the old word, then starts a new word. Emit abort only when the source action is observed; stamp its logical deadline and keep actual callback time."", ""atomic_propositions"": [""flow_control_received"", ""tx_aborted_n_bs""], ""repository"": ""pylessard/python-can-isotp"", ""commit"": ""7b44c5282ee390df4977b710218564eb73e2dc2a"", ""path"": ""isotp/protocol.py"", ""symbol"": ""def _process_tx"", ""lines"": ""987-1051"", ""url"": ""https://github.com/pylessard/python-can-isotp/blob/7b44c5282ee390df4977b710218564eb73e2dc2a/isotp/protocol.py#L987-L1051"", ""source_file_verified"": true, ""source_line_verified"": true, ""source_symbol_verified"": true}]",{},"Emit trigger at _start_rx_fc_timer and record the implementation start plus any external Tx-confirmation timestamp. FC(WAIT) first satisfies the old word, then starts a new word. Emit abort only when the source action is observed; stamp its logical deadline and keep actual callback time.",WHITEBOX
CAN/UDS,CANTP-NBS-01,tx_aborted_n_bs,FlowControlTimeoutError is raised and _stop_sending(success=False) executes for that transfer.,ISO-TP addressing tuple + CAN channel + active send-request generation; CAN IDs and sequence numbers remain fields,"EXACTLY_ONE_TRIGGER_PER_PROJECTED_WORD; each reset/restart closes the old generation and opens a separately monitored generation. Project one segmented-send N_Bs timer generation; FC(WAIT) closes it and creates another word, CTS/OVFLW/abort/cancel closes it without overlap.","one correlated obligation instance per timed word; if the trigger can repeat, the adapter spawns a new projection keyed by timer/request generation","[{""mapping"": ""primary"", ""role"": ""primary property hook"", ""event_predicate"": ""FlowControlTimeoutError is raised and _stop_sending(success=False) executes for that transfer."", ""instrumentation_timing"": ""Emit trigger at _start_rx_fc_timer and record the implementation start plus any external Tx-confirmation timestamp. FC(WAIT) first satisfies the old word, then starts a new word. Emit abort only when the source action is observed; stamp its logical deadline and keep actual callback time."", ""atomic_propositions"": [""flow_control_received"", ""tx_aborted_n_bs""], ""repository"": ""pylessard/python-can-isotp"", ""commit"": ""7b44c5282ee390df4977b710218564eb73e2dc2a"", ""path"": ""isotp/protocol.py"", ""symbol"": ""def _process_tx"", ""lines"": ""987-1051"", ""url"": ""https://github.com/pylessard/python-can-isotp/blob/7b44c5282ee390df4977b710218564eb73e2dc2a/isotp/protocol.py#L987-L1051"", ""source_file_verified"": true, ""source_line_verified"": true, ""source_symbol_verified"": true}, {""mapping"": ""auxiliary:3"", ""role"": ""strict elapsed timeout predicate"", ""event_predicate"": ""FlowControlTimeoutError is raised and _stop_sending(success=False) executes for that transfer."", ""instrumentation_timing"": ""Emit trigger at _start_rx_fc_timer and record the implementation start plus any external Tx-confirmation timestamp. FC(WAIT) first satisfies the old word, then starts a new word. Emit abort only when the source action is observed; stamp its logical deadline and keep actual callback time."", ""atomic_propositions"": [""tx_aborted_n_bs""], ""repository"": ""pylessard/python-can-isotp"", ""commit"": ""7b44c5282ee390df4977b710218564eb73e2dc2a"", ""path"": ""isotp/tools.py"", ""symbol"": ""is_timed_out"", ""lines"": ""48-53"", ""url"": ""https://github.com/pylessard/python-can-isotp/blob/7b44c5282ee390df4977b710218564eb73e2dc2a/isotp/tools.py#L48-L53"", ""source_file_verified"": true, ""source_line_verified"": true, ""source_symbol_verified"": true}]",{},"Emit trigger at _start_rx_fc_timer and record the implementation start plus any external Tx-confirmation timestamp. FC(WAIT) first satisfies the old word, then starts a new word. Emit abort only when the source action is observed; stamp its logical deadline and keep actual callback time.",WHITEBOX
CAN/UDS,CANTP-NBS-01,n_bs_generation_cancelled,The public stop_sending path or TransportLayerLogic.reset ends the current WAIT_FC generation before its timeout; a harness process reset is accepted only when it records the same transfer generation.,ISO-TP addressing tuple + CAN channel + active send-request generation; CAN IDs and sequence numbers remain fields,"EXACTLY_ONE_TRIGGER_PER_PROJECTED_WORD; each reset/restart closes the old generation and opens a separately monitored generation. Project one segmented-send N_Bs timer generation; FC(WAIT) closes it and creates another word, CTS/OVFLW/abort/cancel closes it without overlap.","one correlated obligation instance per timed word; if the trigger can repeat, the adapter spawns a new projection keyed by timer/request generation","[{""mapping"": ""auxiliary:4"", ""role"": ""explicit send cancellation or layer reset"", ""event_predicate"": ""The public stop_sending path or TransportLayerLogic.reset ends the current WAIT_FC generation before its timeout; a harness process reset is accepted only when it records the same transfer generation."", ""instrumentation_timing"": ""Emit trigger at _start_rx_fc_timer and record the implementation start plus any external Tx-confirmation timestamp. FC(WAIT) first satisfies the old word, then starts a new word. Emit abort only when the source action is observed; stamp its logical deadline and keep actual callback time."", ""atomic_propositions"": [""n_bs_generation_cancelled""], ""repository"": ""pylessard/python-can-isotp"", ""commit"": ""7b44c5282ee390df4977b710218564eb73e2dc2a"", ""path"": ""isotp/protocol.py"", ""symbol"": ""stop_sending / reset"", ""lines"": ""1321-1325;1406-1415"", ""url"": ""https://github.com/pylessard/python-can-isotp/blob/7b44c5282ee390df4977b710218564eb73e2dc2a/isotp/protocol.py#L1321-L1325"", ""source_file_verified"": true, ""source_line_verified"": true, ""source_symbol_verified"": true}]",{},"Emit trigger at _start_rx_fc_timer and record the implementation start plus any external Tx-confirmation timestamp. FC(WAIT) first satisfies the old word, then starts a new word. Emit abort only when the source action is observed; stamp its logical deadline and keep actual callback time.",WHITEBOX
CAN/UDS,CANTP-NCR-01,n_cr_timer_generation_started_1000,"A valid FirstFrame/non-final ConsecutiveFrame, or the local FC-send path, starts timer_rx_cf with configured 1000 ms; start provenance is recorded.",ISO-TP addressing tuple + CAN channel + receive generation + expected sequence number as a field,"EXACTLY_ONE_TRIGGER_PER_PROJECTED_WORD; each reset/restart closes the old generation and opens a separately monitored generation. Project one segmented-receive N_Cr generation; each accepted non-final CF closes it and creates another word, while completion/error/cancel ends it.","one correlated obligation instance per timed word; if the trigger can repeat, the adapter spawns a new projection keyed by timer/request generation","[{""mapping"": ""auxiliary:1"", ""role"": ""accepted consecutive-frame path"", ""event_predicate"": ""A valid FirstFrame/non-final ConsecutiveFrame, or the local FC-send path, starts timer_rx_cf with configured 1000 ms; start provenance is recorded."", ""instrumentation_timing"": ""Emit start at _start_rx_cf_timer with its provenance; accepted CF is emitted only after sequence validation and first satisfies the old word before starting another. Emit abort only when observed, stamp its logical deadline, and retain callback time."", ""atomic_propositions"": [""n_cr_timer_generation_started_1000"", ""consecutive_frame_received""], ""repository"": ""pylessard/python-can-isotp"", ""commit"": ""7b44c5282ee390df4977b710218564eb73e2dc2a"", ""path"": ""isotp/protocol.py"", ""symbol"": ""_process_rx"", ""lines"": ""895-984"", ""url"": ""https://github.com/pylessard/python-can-isotp/blob/7b44c5282ee390df4977b710218564eb73e2dc2a/isotp/protocol.py#L895-L984"", ""source_file_verified"": true, ""source_line_verified"": true, ""source_symbol_verified"": true}, {""mapping"": ""auxiliary:2"", ""role"": ""N_Cr timer generation start"", ""event_predicate"": ""A valid FirstFrame/non-final ConsecutiveFrame, or the local FC-send path, starts timer_rx_cf with configured 1000 ms; start provenance is recorded."", ""instrumentation_timing"": ""Emit start at _start_rx_cf_timer with its provenance; accepted CF is emitted only after sequence validation and first satisfies the old word before starting another. Emit abort only when observed, stamp its logical deadline, and retain callback time."", ""atomic_propositions"": [""n_cr_timer_generation_started_1000""], ""repository"": ""pylessard/python-can-isotp"", ""commit"": ""7b44c5282ee390df4977b710218564eb73e2dc2a"", ""path"": ""isotp/protocol.py"", ""symbol"": ""_start_rx_cf_timer"", ""lines"": ""1254-1257"", ""url"": ""https://github.com/pylessard/python-can-isotp/blob/7b44c5282ee390df4977b710218564eb73e2dc2a/isotp/protocol.py#L1254-L1257"", ""source_file_verified"": true, ""source_line_verified"": true, ""source_symbol_verified"": true}, {""mapping"": ""auxiliary:3"", ""role"": ""1000 ms consecutive-frame profile"", ""event_predicate"": ""A valid FirstFrame/non-final ConsecutiveFrame, or the local FC-send path, starts timer_rx_cf with configured 1000 ms; start provenance is recorded."", ""instrumentation_timing"": ""Emit start at _start_rx_cf_timer with its provenance; accepted CF is emitted only after sequence validation and first satisfies the old word before starting another. Emit abort only when observed, stamp its logical deadline, and retain callback time."", ""atomic_propositions"": [""n_cr_timer_generation_started_1000""], ""repository"": ""pylessard/python-can-isotp"", ""commit"": ""7b44c5282ee390df4977b710218564eb73e2dc2a"", ""path"": ""isotp/protocol.py"", ""symbol"": ""__init__"", ""lines"": ""349-354"", ""url"": ""https://github.com/pylessard/python-can-isotp/blob/7b44c5282ee390df4977b710218564eb73e2dc2a/isotp/protocol.py#L349-L354"", ""source_file_verified"": true, ""source_line_verified"": true, ""source_symbol_verified"": true}]",{},"Emit start at _start_rx_cf_timer with its provenance; accepted CF is emitted only after sequence validation and first satisfies the old word before starting another. Emit abort only when observed, stamp its logical deadline, and retain callback time.",WHITEBOX
CAN/UDS,CANTP-NCR-01,consecutive_frame_received,"The next correctly sequenced correlated ConsecutiveFrame is accepted; if more data remains, it starts a new N_Cr window.",ISO-TP addressing tuple + CAN channel + receive generation + expected sequence number as a field,"EXACTLY_ONE_TRIGGER_PER_PROJECTED_WORD; each reset/restart closes the old generation and opens a separately monitored generation. Project one segmented-receive N_Cr generation; each accepted non-final CF closes it and creates another word, while completion/error/cancel ends it.","one correlated obligation instance per timed word; if the trigger can repeat, the adapter spawns a new projection keyed by timer/request generation","[{""mapping"": ""auxiliary:1"", ""role"": ""accepted consecutive-frame path"", ""event_predicate"": ""The next correctly sequenced correlated ConsecutiveFrame is accepted; if more data remains, it starts a new N_Cr window."", ""instrumentation_timing"": ""Emit start at _start_rx_cf_timer with its provenance; accepted CF is emitted only after sequence validation and first satisfies the old word before starting another. Emit abort only when observed, stamp its logical deadline, and retain callback time."", ""atomic_propositions"": [""n_cr_timer_generation_started_1000"", ""consecutive_frame_received""], ""repository"": ""pylessard/python-can-isotp"", ""commit"": ""7b44c5282ee390df4977b710218564eb73e2dc2a"", ""path"": ""isotp/protocol.py"", ""symbol"": ""_process_rx"", ""lines"": ""895-984"", ""url"": ""https://github.com/pylessard/python-can-isotp/blob/7b44c5282ee390df4977b710218564eb73e2dc2a/isotp/protocol.py#L895-L984"", ""source_file_verified"": true, ""source_line_verified"": true, ""source_symbol_verified"": true}]",{},"Emit start at _start_rx_cf_timer with its provenance; accepted CF is emitted only after sequence validation and first satisfies the old word before starting another. Emit abort only when observed, stamp its logical deadline, and retain callback time.",WHITEBOX
CAN/UDS,CANTP-NCR-01,rx_aborted_n_cr,ConsecutiveFrameTimeoutError is raised and _stop_receiving executes for this transfer.,ISO-TP addressing tuple + CAN channel + receive generation + expected sequence number as a field,"EXACTLY_ONE_TRIGGER_PER_PROJECTED_WORD; each reset/restart closes the old generation and opens a separately monitored generation. Project one segmented-receive N_Cr generation; each accepted non-final CF closes it and creates another word, while completion/error/cancel ends it.","one correlated obligation instance per timed word; if the trigger can repeat, the adapter spawns a new projection keyed by timer/request generation","[{""mapping"": ""primary"", ""role"": ""primary property hook"", ""event_predicate"": ""ConsecutiveFrameTimeoutError is raised and _stop_receiving executes for this transfer."", ""instrumentation_timing"": ""Emit start at _start_rx_cf_timer with its provenance; accepted CF is emitted only after sequence validation and first satisfies the old word before starting another. Emit abort only when observed, stamp its logical deadline, and retain callback time."", ""atomic_propositions"": [""rx_aborted_n_cr""], ""repository"": ""pylessard/python-can-isotp"", ""commit"": ""7b44c5282ee390df4977b710218564eb73e2dc2a"", ""path"": ""isotp/protocol.py"", ""symbol"": ""def _check_timeouts_rx"", ""lines"": ""890-894"", ""url"": ""https://github.com/pylessard/python-can-isotp/blob/7b44c5282ee390df4977b710218564eb73e2dc2a/isotp/protocol.py#L890-L894"", ""source_file_verified"": true, ""source_line_verified"": true, ""source_symbol_verified"": true}, {""mapping"": ""auxiliary:4"", ""role"": ""strict elapsed timeout predicate"", ""event_predicate"": ""ConsecutiveFrameTimeoutError is raised and _stop_receiving executes for this transfer."", ""instrumentation_timing"": ""Emit start at _start_rx_cf_timer with its provenance; accepted CF is emitted only after sequence validation and first satisfies the old word before starting another. Emit abort only when observed, stamp its logical deadline, and retain callback time."", ""atomic_propositions"": [""rx_aborted_n_cr""], ""repository"": ""pylessard/python-can-isotp"", ""commit"": ""7b44c5282ee390df4977b710218564eb73e2dc2a"", ""path"": ""isotp/tools.py"", ""symbol"": ""is_timed_out"", ""lines"": ""48-53"", ""url"": ""https://github.com/pylessard/python-can-isotp/blob/7b44c5282ee390df4977b710218564eb73e2dc2a/isotp/tools.py#L48-L53"", ""source_file_verified"": true, ""source_line_verified"": true, ""source_symbol_verified"": true}]",{},"Emit start at _start_rx_cf_timer with its provenance; accepted CF is emitted only after sequence validation and first satisfies the old word before starting another. Emit abort only when observed, stamp its logical deadline, and retain callback time.",WHITEBOX
CAN/UDS,CANTP-NCR-01,n_cr_generation_cancelled,The public stop_receiving path or TransportLayerLogic.reset ends the current WAIT_CF generation before timeout; normal successful completion is retained as a distinct terminal cause by the adapter.,ISO-TP addressing tuple + CAN channel + receive generation + expected sequence number as a field,"EXACTLY_ONE_TRIGGER_PER_PROJECTED_WORD; each reset/restart closes the old generation and opens a separately monitored generation. Project one segmented-receive N_Cr generation; each accepted non-final CF closes it and creates another word, while completion/error/cancel ends it.","one correlated obligation instance per timed word; if the trigger can repeat, the adapter spawns a new projection keyed by timer/request generation","[{""mapping"": ""auxiliary:5"", ""role"": ""explicit receive cancellation or layer reset"", ""event_predicate"": ""The public stop_receiving path or TransportLayerLogic.reset ends the current WAIT_CF generation before timeout; normal successful completion is retained as a distinct terminal cause by the adapter."", ""instrumentation_timing"": ""Emit start at _start_rx_cf_timer with its provenance; accepted CF is emitted only after sequence validation and first satisfies the old word before starting another. Emit abort only when observed, stamp its logical deadline, and retain callback time."", ""atomic_propositions"": [""n_cr_generation_cancelled""], ""repository"": ""pylessard/python-can-isotp"", ""commit"": ""7b44c5282ee390df4977b710218564eb73e2dc2a"", ""path"": ""isotp/protocol.py"", ""symbol"": ""stop_receiving / reset"", ""lines"": ""1341-1346;1406-1415"", ""url"": ""https://github.com/pylessard/python-can-isotp/blob/7b44c5282ee390df4977b710218564eb73e2dc2a/isotp/protocol.py#L1341-L1346"", ""source_file_verified"": true, ""source_line_verified"": true, ""source_symbol_verified"": true}]",{},"Emit start at _start_rx_cf_timer with its provenance; accepted CF is emitted only after sequence validation and first satisfies the old word before starting another. Emit abort only when observed, stamp its logical deadline, and retain callback time.",WHITEBOX
CAN/UDS,UDS-P2-01,uds_request_processing_started_p2_50_adjust0,"A complete valid request is accepted by UDSServerPoll with srv->p2_ms=50, normative server adjustment=0, and response suppression not selected; adapter snapshots request tick and implementation p2_timer.",transport connection + tester/source address + request generation + SID/subfunction as fields,"EXACTLY_ONE_TRIGGER_PER_PROJECTED_WORD; each reset/restart closes the old generation and opens a separately monitored generation. Project one accepted server request generation; repeated/new requests cannot share a word, and teardown/reset emits explicit cancellation.","one correlated obligation instance per timed word; if the trigger can repeat, the adapter spawns a new projection keyed by timer/request generation","[{""mapping"": ""primary"", ""role"": ""primary property hook"", ""event_predicate"": ""A complete valid request is accepted by UDSServerPoll with srv->p2_ms=50, normative server adjustment=0, and response suppression not selected; adapter snapshots request tick and implementation p2_timer."", ""instrumentation_timing"": ""Emit trigger after lines 1653-1658 accept/evaluate the request and snapshot request+50 plus srv->p2_timer. Emit response only at actual UDSTpSend handoff; classify NRC 0x78 versus final. Suppressed-positive requests are trigger-false; teardown/reset emits cancellation."", ""atomic_propositions"": [""uds_request_processing_started_p2_50_adjust0"", ""uds_final_response_sent"", ""uds_nrc78_sent""], ""repository"": ""driftregion/iso14229"", ""commit"": ""b0e92b14fcc384d42bfd01ecd7f745addb6bf761"", ""path"": ""src/server.c"", ""symbol"": ""UDSServerPoll"", ""lines"": ""1581-1660"", ""url"": ""https://github.com/driftregion/iso14229/blob/b0e92b14fcc384d42bfd01ecd7f745addb6bf761/src/server.c#L1581-L1660"", ""source_file_verified"": true, ""source_line_verified"": true, ""source_symbol_verified"": true}, {""mapping"": ""auxiliary:1"", ""role"": ""50 ms P2 implementation profile"", ""event_predicate"": ""A complete valid request is accepted by UDSServerPoll with srv->p2_ms=50, normative server adjustment=0, and response suppression not selected; adapter snapshots request tick and implementation p2_timer."", ""instrumentation_timing"": ""Emit trigger after lines 1653-1658 accept/evaluate the request and snapshot request+50 plus srv->p2_timer. Emit response only at actual UDSTpSend handoff; classify NRC 0x78 versus final. Suppressed-positive requests are trigger-false; teardown/reset emits cancellation."", ""atomic_propositions"": [""uds_request_processing_started_p2_50_adjust0""], ""repository"": ""driftregion/iso14229"", ""commit"": ""b0e92b14fcc384d42bfd01ecd7f745addb6bf761"", ""path"": ""src/config.h"", ""symbol"": ""UDS_SERVER_DEFAULT_P2_MS"", ""lines"": ""42-43"", ""url"": ""https://github.com/driftregion/iso14229/blob/b0e92b14fcc384d42bfd01ecd7f745addb6bf761/src/config.h#L42-L43"", ""source_file_verified"": true, ""source_line_verified"": true, ""source_symbol_verified"": true}]",{},Emit trigger after lines 1653-1658 accept/evaluate the request and snapshot request+50 plus srv->p2_timer. Emit response only at actual UDSTpSend handoff; classify NRC 0x78 versus final. Suppressed-positive requests are trigger-false; teardown/reset emits cancellation.,HYBRID
CAN/UDS,UDS-P2-01,uds_final_response_sent,UDSTpSend is invoked with a final positive or non-0x78 negative response for the correlated request.,transport connection + tester/source address + request generation + SID/subfunction as fields,"EXACTLY_ONE_TRIGGER_PER_PROJECTED_WORD; each reset/restart closes the old generation and opens a separately monitored generation. Project one accepted server request generation; repeated/new requests cannot share a word, and teardown/reset emits explicit cancellation.","one correlated obligation instance per timed word; if the trigger can repeat, the adapter spawns a new projection keyed by timer/request generation","[{""mapping"": ""primary"", ""role"": ""primary property hook"", ""event_predicate"": ""UDSTpSend is invoked with a final positive or non-0x78 negative response for the correlated request."", ""instrumentation_timing"": ""Emit trigger after lines 1653-1658 accept/evaluate the request and snapshot request+50 plus srv->p2_timer. Emit response only at actual UDSTpSend handoff; classify NRC 0x78 versus final. Suppressed-positive requests are trigger-false; teardown/reset emits cancellation."", ""atomic_propositions"": [""uds_request_processing_started_p2_50_adjust0"", ""uds_final_response_sent"", ""uds_nrc78_sent""], ""repository"": ""driftregion/iso14229"", ""commit"": ""b0e92b14fcc384d42bfd01ecd7f745addb6bf761"", ""path"": ""src/server.c"", ""symbol"": ""UDSServerPoll"", ""lines"": ""1581-1660"", ""url"": ""https://github.com/driftregion/iso14229/blob/b0e92b14fcc384d42bfd01ecd7f745addb6bf761/src/server.c#L1581-L1660"", ""source_file_verified"": true, ""source_line_verified"": true, ""source_symbol_verified"": true}, {""mapping"": ""auxiliary:2"", ""role"": ""strict logical deadline predicate"", ""event_predicate"": ""UDSTpSend is invoked with a final positive or non-0x78 negative response for the correlated request."", ""instrumentation_timing"": ""Emit trigger after lines 1653-1658 accept/evaluate the request and snapshot request+50 plus srv->p2_timer. Emit response only at actual UDSTpSend handoff; classify NRC 0x78 versus final. Suppressed-positive requests are trigger-false; teardown/reset emits cancellation."", ""atomic_propositions"": [""uds_final_response_sent"", ""uds_nrc78_sent""], ""repository"": ""driftregion/iso14229"", ""commit"": ""b0e92b14fcc384d42bfd01ecd7f745addb6bf761"", ""path"": ""src/util.h"", ""symbol"": ""UDSTimeAfter"", ""lines"": ""13"", ""url"": ""https://github.com/driftregion/iso14229/blob/b0e92b14fcc384d42bfd01ecd7f745addb6bf761/src/util.h#L13"", ""source_file_verified"": true, ""source_line_verified"": true, ""source_symbol_verified"": true}, {""mapping"": ""auxiliary:3"", ""role"": ""response transport handoff"", ""event_predicate"": ""UDSTpSend is invoked with a final positive or non-0x78 negative response for the correlated request."", ""instrumentation_timing"": ""Emit trigger after lines 1653-1658 accept/evaluate the request and snapshot request+50 plus srv->p2_timer. Emit response only at actual UDSTpSend handoff; classify NRC 0x78 versus final. Suppressed-positive requests are trigger-false; teardown/reset emits cancellation."", ""atomic_propositions"": [""uds_final_response_sent"", ""uds_nrc78_sent""], ""repository"": ""driftregion/iso14229"", ""commit"": ""b0e92b14fcc384d42bfd01ecd7f745addb6bf761"", ""path"": ""src/server.c"", ""symbol"": ""UDSServerPoll"", ""lines"": ""1617-1621"", ""url"": ""https://github.com/driftregion/iso14229/blob/b0e92b14fcc384d42bfd01ecd7f745addb6bf761/src/server.c#L1617-L1621"", ""source_file_verified"": true, ""source_line_verified"": true, ""source_symbol_verified"": true}]",{},Emit trigger after lines 1653-1658 accept/evaluate the request and snapshot request+50 plus srv->p2_timer. Emit response only at actual UDSTpSend handoff; classify NRC 0x78 versus final. Suppressed-positive requests are trigger-false; teardown/reset emits cancellation.,HYBRID
CAN/UDS,UDS-P2-01,uds_nrc78_sent,UDSTpSend is invoked with NRC RequestCorrectlyReceived-ResponsePending (0x78) for that request.,transport connection + tester/source address + request generation + SID/subfunction as fields,"EXACTLY_ONE_TRIGGER_PER_PROJECTED_WORD; each reset/restart closes the old generation and opens a separately monitored generation. Project one accepted server request generation; repeated/new requests cannot share a word, and teardown/reset emits explicit cancellation.","one correlated obligation instance per timed word; if the trigger can repeat, the adapter spawns a new projection keyed by timer/request generation","[{""mapping"": ""primary"", ""role"": ""primary property hook"", ""event_predicate"": ""UDSTpSend is invoked with NRC RequestCorrectlyReceived-ResponsePending (0x78) for that request."", ""instrumentation_timing"": ""Emit trigger after lines 1653-1658 accept/evaluate the request and snapshot request+50 plus srv->p2_timer. Emit response only at actual UDSTpSend handoff; classify NRC 0x78 versus final. Suppressed-positive requests are trigger-false; teardown/reset emits cancellation."", ""atomic_propositions"": [""uds_request_processing_started_p2_50_adjust0"", ""uds_final_response_sent"", ""uds_nrc78_sent""], ""repository"": ""driftregion/iso14229"", ""commit"": ""b0e92b14fcc384d42bfd01ecd7f745addb6bf761"", ""path"": ""src/server.c"", ""symbol"": ""UDSServerPoll"", ""lines"": ""1581-1660"", ""url"": ""https://github.com/driftregion/iso14229/blob/b0e92b14fcc384d42bfd01ecd7f745addb6bf761/src/server.c#L1581-L1660"", ""source_file_verified"": true, ""source_line_verified"": true, ""source_symbol_verified"": true}, {""mapping"": ""auxiliary:2"", ""role"": ""strict logical deadline predicate"", ""event_predicate"": ""UDSTpSend is invoked with NRC RequestCorrectlyReceived-ResponsePending (0x78) for that request."", ""instrumentation_timing"": ""Emit trigger after lines 1653-1658 accept/evaluate the request and snapshot request+50 plus srv->p2_timer. Emit response only at actual UDSTpSend handoff; classify NRC 0x78 versus final. Suppressed-positive requests are trigger-false; teardown/reset emits cancellation."", ""atomic_propositions"": [""uds_final_response_sent"", ""uds_nrc78_sent""], ""repository"": ""driftregion/iso14229"", ""commit"": ""b0e92b14fcc384d42bfd01ecd7f745addb6bf761"", ""path"": ""src/util.h"", ""symbol"": ""UDSTimeAfter"", ""lines"": ""13"", ""url"": ""https://github.com/driftregion/iso14229/blob/b0e92b14fcc384d42bfd01ecd7f745addb6bf761/src/util.h#L13"", ""source_file_verified"": true, ""source_line_verified"": true, ""source_symbol_verified"": true}, {""mapping"": ""auxiliary:3"", ""role"": ""response transport handoff"", ""event_predicate"": ""UDSTpSend is invoked with NRC RequestCorrectlyReceived-ResponsePending (0x78) for that request."", ""instrumentation_timing"": ""Emit trigger after lines 1653-1658 accept/evaluate the request and snapshot request+50 plus srv->p2_timer. Emit response only at actual UDSTpSend handoff; classify NRC 0x78 versus final. Suppressed-positive requests are trigger-false; teardown/reset emits cancellation."", ""atomic_propositions"": [""uds_final_response_sent"", ""uds_nrc78_sent""], ""repository"": ""driftregion/iso14229"", ""commit"": ""b0e92b14fcc384d42bfd01ecd7f745addb6bf761"", ""path"": ""src/server.c"", ""symbol"": ""UDSServerPoll"", ""lines"": ""1617-1621"", ""url"": ""https://github.com/driftregion/iso14229/blob/b0e92b14fcc384d42bfd01ecd7f745addb6bf761/src/server.c#L1617-L1621"", ""source_file_verified"": true, ""source_line_verified"": true, ""source_symbol_verified"": true}]",{},Emit trigger after lines 1653-1658 accept/evaluate the request and snapshot request+50 plus srv->p2_timer. Emit response only at actual UDSTpSend handoff; classify NRC 0x78 versus final. Suppressed-positive requests are trigger-false; teardown/reset emits cancellation.,HYBRID
CAN/UDS,UDS-P2-01,uds_p2_generation_cancelled,"UDSServerInit resets the server while the correlated request is outstanding, or the harness records transport teardown for that request generation before a response handoff.",transport connection + tester/source address + request generation + SID/subfunction as fields,"EXACTLY_ONE_TRIGGER_PER_PROJECTED_WORD; each reset/restart closes the old generation and opens a separately monitored generation. Project one accepted server request generation; repeated/new requests cannot share a word, and teardown/reset emits explicit cancellation.","one correlated obligation instance per timed word; if the trigger can repeat, the adapter spawns a new projection keyed by timer/request generation","[{""mapping"": ""auxiliary:4"", ""role"": ""server reset cancellation"", ""event_predicate"": ""UDSServerInit resets the server while the correlated request is outstanding, or the harness records transport teardown for that request generation before a response handoff."", ""instrumentation_timing"": ""Emit trigger after lines 1653-1658 accept/evaluate the request and snapshot request+50 plus srv->p2_timer. Emit response only at actual UDSTpSend handoff; classify NRC 0x78 versus final. Suppressed-positive requests are trigger-false; teardown/reset emits cancellation."", ""atomic_propositions"": [""uds_p2_generation_cancelled""], ""repository"": ""driftregion/iso14229"", ""commit"": ""b0e92b14fcc384d42bfd01ecd7f745addb6bf761"", ""path"": ""src/server.c"", ""symbol"": ""UDSServerInit"", ""lines"": ""1564-1579"", ""url"": ""https://github.com/driftregion/iso14229/blob/b0e92b14fcc384d42bfd01ecd7f745addb6bf761/src/server.c#L1564-L1579"", ""source_file_verified"": true, ""source_line_verified"": true, ""source_symbol_verified"": true}]",{},Emit trigger after lines 1653-1658 accept/evaluate the request and snapshot request+50 plus srv->p2_timer. Emit response only at actual UDSTpSend handoff; classify NRC 0x78 versus final. Suppressed-positive requests are trigger-false; teardown/reset emits cancellation.,HYBRID
CAN/UDS,UDS-P2STAR-01,uds_nrc78_sent_p2star_5000_adjust0,An NRC 0x78 is successfully handed to transport for a request with p2_star_ms=5000 and server adjustment=0.,same server request generation + tester/source address; consecutive NRCs are ordered fields,"EXACTLY_ONE_TRIGGER_PER_PROJECTED_WORD; each reset/restart closes the old generation and opens a separately monitored generation. Project one post-NRC response generation; each repeated NRC satisfies it and starts a separate word for the same request, while teardown/reset cancels it.","one correlated obligation instance per timed word; if the trigger can repeat, the adapter spawns a new projection keyed by timer/request generation","[{""mapping"": ""primary"", ""role"": ""primary property hook"", ""event_predicate"": ""An NRC 0x78 is successfully handed to transport for a request with p2_star_ms=5000 and server adjustment=0."", ""instrumentation_timing"": ""Classify each successful UDSTpSend at lines 1617-1637; a repeated NRC atomically satisfies the old word before opening another. Store the P2* logical deadline and actual handoff time; poll callback time is not the response event."", ""atomic_propositions"": [""uds_nrc78_sent_p2star_5000_adjust0"", ""uds_final_response_after_nrc78"", ""uds_nrc78_repeated""], ""repository"": ""driftregion/iso14229"", ""commit"": ""b0e92b14fcc384d42bfd01ecd7f745addb6bf761"", ""path"": ""src/server.c"", ""symbol"": ""UDSServerPoll"", ""lines"": ""1598-1638"", ""url"": ""https://github.com/driftregion/iso14229/blob/b0e92b14fcc384d42bfd01ecd7f745addb6bf761/src/server.c#L1598-L1638"", ""source_file_verified"": true, ""source_line_verified"": true, ""source_symbol_verified"": true}, {""mapping"": ""auxiliary:1"", ""role"": ""5000 ms P2-star implementation profile"", ""event_predicate"": ""An NRC 0x78 is successfully handed to transport for a request with p2_star_ms=5000 and server adjustment=0."", ""instrumentation_timing"": ""Classify each successful UDSTpSend at lines 1617-1637; a repeated NRC atomically satisfies the old word before opening another. Store the P2* logical deadline and actual handoff time; poll callback time is not the response event."", ""atomic_propositions"": [""uds_nrc78_sent_p2star_5000_adjust0""], ""repository"": ""driftregion/iso14229"", ""commit"": ""b0e92b14fcc384d42bfd01ecd7f745addb6bf761"", ""path"": ""src/config.h"", ""symbol"": ""UDS_SERVER_DEFAULT_P2_STAR_MS"", ""lines"": ""47-48"", ""url"": ""https://github.com/driftregion/iso14229/blob/b0e92b14fcc384d42bfd01ecd7f745addb6bf761/src/config.h#L47-L48"", ""source_file_verified"": true, ""source_line_verified"": true, ""source_symbol_verified"": true}]",{},Classify each successful UDSTpSend at lines 1617-1637; a repeated NRC atomically satisfies the old word before opening another. Store the P2* logical deadline and actual handoff time; poll callback time is not the response event.,HYBRID
CAN/UDS,UDS-P2STAR-01,uds_final_response_after_nrc78,A final correlated response is handed to the transport after that NRC 0x78.,same server request generation + tester/source address; consecutive NRCs are ordered fields,"EXACTLY_ONE_TRIGGER_PER_PROJECTED_WORD; each reset/restart closes the old generation and opens a separately monitored generation. Project one post-NRC response generation; each repeated NRC satisfies it and starts a separate word for the same request, while teardown/reset cancels it.","one correlated obligation instance per timed word; if the trigger can repeat, the adapter spawns a new projection keyed by timer/request generation","[{""mapping"": ""primary"", ""role"": ""primary property hook"", ""event_predicate"": ""A final correlated response is handed to the transport after that NRC 0x78."", ""instrumentation_timing"": ""Classify each successful UDSTpSend at lines 1617-1637; a repeated NRC atomically satisfies the old word before opening another. Store the P2* logical deadline and actual handoff time; poll callback time is not the response event."", ""atomic_propositions"": [""uds_nrc78_sent_p2star_5000_adjust0"", ""uds_final_response_after_nrc78"", ""uds_nrc78_repeated""], ""repository"": ""driftregion/iso14229"", ""commit"": ""b0e92b14fcc384d42bfd01ecd7f745addb6bf761"", ""path"": ""src/server.c"", ""symbol"": ""UDSServerPoll"", ""lines"": ""1598-1638"", ""url"": ""https://github.com/driftregion/iso14229/blob/b0e92b14fcc384d42bfd01ecd7f745addb6bf761/src/server.c#L1598-L1638"", ""source_file_verified"": true, ""source_line_verified"": true, ""source_symbol_verified"": true}, {""mapping"": ""auxiliary:2"", ""role"": ""strict logical deadline predicate"", ""event_predicate"": ""A final correlated response is handed to the transport after that NRC 0x78."", ""instrumentation_timing"": ""Classify each successful UDSTpSend at lines 1617-1637; a repeated NRC atomically satisfies the old word before opening another. Store the P2* logical deadline and actual handoff time; poll callback time is not the response event."", ""atomic_propositions"": [""uds_final_response_after_nrc78"", ""uds_nrc78_repeated""], ""repository"": ""driftregion/iso14229"", ""commit"": ""b0e92b14fcc384d42bfd01ecd7f745addb6bf761"", ""path"": ""src/util.h"", ""symbol"": ""UDSTimeAfter"", ""lines"": ""13"", ""url"": ""https://github.com/driftregion/iso14229/blob/b0e92b14fcc384d42bfd01ecd7f745addb6bf761/src/util.h#L13"", ""source_file_verified"": true, ""source_line_verified"": true, ""source_symbol_verified"": true}]",{},Classify each successful UDSTpSend at lines 1617-1637; a repeated NRC atomically satisfies the old word before opening another. Store the P2* logical deadline and actual handoff time; poll callback time is not the response event.,HYBRID
CAN/UDS,UDS-P2STAR-01,uds_nrc78_repeated,"Another correlated NRC 0x78 is handed to the transport, starting the next P2* window.",same server request generation + tester/source address; consecutive NRCs are ordered fields,"EXACTLY_ONE_TRIGGER_PER_PROJECTED_WORD; each reset/restart closes the old generation and opens a separately monitored generation. Project one post-NRC response generation; each repeated NRC satisfies it and starts a separate word for the same request, while teardown/reset cancels it.","one correlated obligation instance per timed word; if the trigger can repeat, the adapter spawns a new projection keyed by timer/request generation","[{""mapping"": ""primary"", ""role"": ""primary property hook"", ""event_predicate"": ""Another correlated NRC 0x78 is handed to the transport, starting the next P2* window."", ""instrumentation_timing"": ""Classify each successful UDSTpSend at lines 1617-1637; a repeated NRC atomically satisfies the old word before opening another. Store the P2* logical deadline and actual handoff time; poll callback time is not the response event."", ""atomic_propositions"": [""uds_nrc78_sent_p2star_5000_adjust0"", ""uds_final_response_after_nrc78"", ""uds_nrc78_repeated""], ""repository"": ""driftregion/iso14229"", ""commit"": ""b0e92b14fcc384d42bfd01ecd7f745addb6bf761"", ""path"": ""src/server.c"", ""symbol"": ""UDSServerPoll"", ""lines"": ""1598-1638"", ""url"": ""https://github.com/driftregion/iso14229/blob/b0e92b14fcc384d42bfd01ecd7f745addb6bf761/src/server.c#L1598-L1638"", ""source_file_verified"": true, ""source_line_verified"": true, ""source_symbol_verified"": true}, {""mapping"": ""auxiliary:2"", ""role"": ""strict logical deadline predicate"", ""event_predicate"": ""Another correlated NRC 0x78 is handed to the transport, starting the next P2* window."", ""instrumentation_timing"": ""Classify each successful UDSTpSend at lines 1617-1637; a repeated NRC atomically satisfies the old word before opening another. Store the P2* logical deadline and actual handoff time; poll callback time is not the response event."", ""atomic_propositions"": [""uds_final_response_after_nrc78"", ""uds_nrc78_repeated""], ""repository"": ""driftregion/iso14229"", ""commit"": ""b0e92b14fcc384d42bfd01ecd7f745addb6bf761"", ""path"": ""src/util.h"", ""symbol"": ""UDSTimeAfter"", ""lines"": ""13"", ""url"": ""https://github.com/driftregion/iso14229/blob/b0e92b14fcc384d42bfd01ecd7f745addb6bf761/src/util.h#L13"", ""source_file_verified"": true, ""source_line_verified"": true, ""source_symbol_verified"": true}]",{},Classify each successful UDSTpSend at lines 1617-1637; a repeated NRC atomically satisfies the old word before opening another. Store the P2* logical deadline and actual handoff time; poll callback time is not the response event.,HYBRID
CAN/UDS,UDS-P2STAR-01,uds_p2star_generation_cancelled,"UDSServerInit resets the server while the post-0x78 response is outstanding, or the harness records transport teardown for that exact request generation.",same server request generation + tester/source address; consecutive NRCs are ordered fields,"EXACTLY_ONE_TRIGGER_PER_PROJECTED_WORD; each reset/restart closes the old generation and opens a separately monitored generation. Project one post-NRC response generation; each repeated NRC satisfies it and starts a separate word for the same request, while teardown/reset cancels it.","one correlated obligation instance per timed word; if the trigger can repeat, the adapter spawns a new projection keyed by timer/request generation","[{""mapping"": ""auxiliary:3"", ""role"": ""server reset cancellation"", ""event_predicate"": ""UDSServerInit resets the server while the post-0x78 response is outstanding, or the harness records transport teardown for that exact request generation."", ""instrumentation_timing"": ""Classify each successful UDSTpSend at lines 1617-1637; a repeated NRC atomically satisfies the old word before opening another. Store the P2* logical deadline and actual handoff time; poll callback time is not the response event."", ""atomic_propositions"": [""uds_p2star_generation_cancelled""], ""repository"": ""driftregion/iso14229"", ""commit"": ""b0e92b14fcc384d42bfd01ecd7f745addb6bf761"", ""path"": ""src/server.c"", ""symbol"": ""UDSServerInit"", ""lines"": ""1564-1579"", ""url"": ""https://github.com/driftregion/iso14229/blob/b0e92b14fcc384d42bfd01ecd7f745addb6bf761/src/server.c#L1564-L1579"", ""source_file_verified"": true, ""source_line_verified"": true, ""source_symbol_verified"": true}]",{},Classify each successful UDSTpSend at lines 1617-1637; a repeated NRC atomically satisfies the old word before opening another. Store the P2* logical deadline and actual handoff time; poll callback time is not the response event.,HYBRID
CAN/UDS,UDS-S3-01,non_default_session_idle_started_s3_5100,A non-default session begins a fresh idle S3 window with srv->s3_ms=5100 after a qualifying activity/reset.,server instance + transport connection + tester/source address + non-default session epoch,"EXACTLY_ONE_TRIGGER_PER_PROJECTED_WORD; each reset/restart closes the old generation and opens a separately monitored generation. Project one owner-scoped non-default-session idle generation; owner reset creates another word, while explicit session action/stop/profile change cancels it.","one correlated obligation instance per timed word; if the trigger can repeat, the adapter spawns a new projection keyed by timer/request generation","[{""mapping"": ""auxiliary:1"", ""role"": ""non-default session entry and explicit session change"", ""event_predicate"": ""A non-default session begins a fresh idle S3 window with srv->s3_ms=5100 after a qualifying activity/reset."", ""instrumentation_timing"": ""Start only from a fixed s3_session_timeout_timer assignment owned by the current tester/session. A reset first satisfies the old word and then opens another. Emit cause-specific timeout at lines 1583-1587, stamp logical deadline, and retain actual poll time."", ""atomic_propositions"": [""non_default_session_idle_started_s3_5100"", ""s3_generation_cancelled""], ""repository"": ""driftregion/iso14229"", ""commit"": ""b0e92b14fcc384d42bfd01ecd7f745addb6bf761"", ""path"": ""src/server.c"", ""symbol"": ""Handle_0x10_DiagnosticSessionControl"", ""lines"": ""38-83"", ""url"": ""https://github.com/driftregion/iso14229/blob/b0e92b14fcc384d42bfd01ecd7f745addb6bf761/src/server.c#L38-L83"", ""source_file_verified"": true, ""source_line_verified"": true, ""source_symbol_verified"": true}, {""mapping"": ""auxiliary:3"", ""role"": ""server initialization and reset"", ""event_predicate"": ""A non-default session begins a fresh idle S3 window with srv->s3_ms=5100 after a qualifying activity/reset."", ""instrumentation_timing"": ""Start only from a fixed s3_session_timeout_timer assignment owned by the current tester/session. A reset first satisfies the old word and then opens another. Emit cause-specific timeout at lines 1583-1587, stamp logical deadline, and retain actual poll time."", ""atomic_propositions"": [""non_default_session_idle_started_s3_5100"", ""s3_generation_cancelled""], ""repository"": ""driftregion/iso14229"", ""commit"": ""b0e92b14fcc384d42bfd01ecd7f745addb6bf761"", ""path"": ""src/server.c"", ""symbol"": ""UDSServerInit"", ""lines"": ""1564-1579"", ""url"": ""https://github.com/driftregion/iso14229/blob/b0e92b14fcc384d42bfd01ecd7f745addb6bf761/src/server.c#L1564-L1579"", ""source_file_verified"": true, ""source_line_verified"": true, ""source_symbol_verified"": true}, {""mapping"": ""auxiliary:4"", ""role"": ""5100 ms S3 implementation profile"", ""event_predicate"": ""A non-default session begins a fresh idle S3 window with srv->s3_ms=5100 after a qualifying activity/reset."", ""instrumentation_timing"": ""Start only from a fixed s3_session_timeout_timer assignment owned by the current tester/session. A reset first satisfies the old word and then opens another. Emit cause-specific timeout at lines 1583-1587, stamp logical deadline, and retain actual poll time."", ""atomic_propositions"": [""non_default_session_idle_started_s3_5100""], ""repository"": ""driftregion/iso14229"", ""commit"": ""b0e92b14fcc384d42bfd01ecd7f745addb6bf761"", ""path"": ""src/config.h"", ""symbol"": ""UDS_SERVER_DEFAULT_S3_MS"", ""lines"": ""51-53"", ""url"": ""https://github.com/driftregion/iso14229/blob/b0e92b14fcc384d42bfd01ecd7f745addb6bf761/src/config.h#L51-L53"", ""source_file_verified"": true, ""source_line_verified"": true, ""source_symbol_verified"": true}]",{},"Start only from a fixed s3_session_timeout_timer assignment owned by the current tester/session. A reset first satisfies the old word and then opens another. Emit cause-specific timeout at lines 1583-1587, stamp logical deadline, and retain actual poll time.",WHITEBOX
CAN/UDS,UDS-S3-01,default_session_entered_due_to_s3,UDSServerPoll changes sessionType to UDS_LEV_DS_DS specifically because the S3 timer elapsed.,server instance + transport connection + tester/source address + non-default session epoch,"EXACTLY_ONE_TRIGGER_PER_PROJECTED_WORD; each reset/restart closes the old generation and opens a separately monitored generation. Project one owner-scoped non-default-session idle generation; owner reset creates another word, while explicit session action/stop/profile change cancels it.","one correlated obligation instance per timed word; if the trigger can repeat, the adapter spawns a new projection keyed by timer/request generation","[{""mapping"": ""primary"", ""role"": ""primary property hook"", ""event_predicate"": ""UDSServerPoll changes sessionType to UDS_LEV_DS_DS specifically because the S3 timer elapsed."", ""instrumentation_timing"": ""Start only from a fixed s3_session_timeout_timer assignment owned by the current tester/session. A reset first satisfies the old word and then opens another. Emit cause-specific timeout at lines 1583-1587, stamp logical deadline, and retain actual poll time."", ""atomic_propositions"": [""default_session_entered_due_to_s3""], ""repository"": ""driftregion/iso14229"", ""commit"": ""b0e92b14fcc384d42bfd01ecd7f745addb6bf761"", ""path"": ""src/server.c"", ""symbol"": ""UDSServerPoll"", ""lines"": ""1581-1588"", ""url"": ""https://github.com/driftregion/iso14229/blob/b0e92b14fcc384d42bfd01ecd7f745addb6bf761/src/server.c#L1581-L1588"", ""source_file_verified"": true, ""source_line_verified"": true, ""source_symbol_verified"": true}, {""mapping"": ""auxiliary:5"", ""role"": ""strict S3 deadline predicate"", ""event_predicate"": ""UDSServerPoll changes sessionType to UDS_LEV_DS_DS specifically because the S3 timer elapsed."", ""instrumentation_timing"": ""Start only from a fixed s3_session_timeout_timer assignment owned by the current tester/session. A reset first satisfies the old word and then opens another. Emit cause-specific timeout at lines 1583-1587, stamp logical deadline, and retain actual poll time."", ""atomic_propositions"": [""default_session_entered_due_to_s3""], ""repository"": ""driftregion/iso14229"", ""commit"": ""b0e92b14fcc384d42bfd01ecd7f745addb6bf761"", ""path"": ""src/util.h"", ""symbol"": ""UDSTimeAfter"", ""lines"": ""13"", ""url"": ""https://github.com/driftregion/iso14229/blob/b0e92b14fcc384d42bfd01ecd7f745addb6bf761/src/util.h#L13"", ""source_file_verified"": true, ""source_line_verified"": true, ""source_symbol_verified"": true}]",{},"Start only from a fixed s3_session_timeout_timer assignment owned by the current tester/session. A reset first satisfies the old word and then opens another. Emit cause-specific timeout at lines 1583-1587, stamp logical deadline, and retain actual poll time.",WHITEBOX
CAN/UDS,UDS-S3-01,s3_resetting_activity_received,A valid request from the owning tester/connection that normatively resets S3 is processed before expiry.,server instance + transport connection + tester/source address + non-default session epoch,"EXACTLY_ONE_TRIGGER_PER_PROJECTED_WORD; each reset/restart closes the old generation and opens a separately monitored generation. Project one owner-scoped non-default-session idle generation; owner reset creates another word, while explicit session action/stop/profile change cancels it.","one correlated obligation instance per timed word; if the trigger can repeat, the adapter spawns a new projection keyed by timer/request generation","[{""mapping"": ""auxiliary:2"", ""role"": ""TesterPresent S3 refresh"", ""event_predicate"": ""A valid request from the owning tester/connection that normatively resets S3 is processed before expiry."", ""instrumentation_timing"": ""Start only from a fixed s3_session_timeout_timer assignment owned by the current tester/session. A reset first satisfies the old word and then opens another. Emit cause-specific timeout at lines 1583-1587, stamp logical deadline, and retain actual poll time."", ""atomic_propositions"": [""s3_resetting_activity_received""], ""repository"": ""driftregion/iso14229"", ""commit"": ""b0e92b14fcc384d42bfd01ecd7f745addb6bf761"", ""path"": ""src/server.c"", ""symbol"": ""Handle_0x3E_TesterPresent"", ""lines"": ""1304-1321"", ""url"": ""https://github.com/driftregion/iso14229/blob/b0e92b14fcc384d42bfd01ecd7f745addb6bf761/src/server.c#L1304-L1321"", ""source_file_verified"": true, ""source_line_verified"": true, ""source_symbol_verified"": true}]",{},"Start only from a fixed s3_session_timeout_timer assignment owned by the current tester/session. A reset first satisfies the old word and then opens another. Emit cause-specific timeout at lines 1583-1587, stamp logical deadline, and retain actual poll time.",WHITEBOX
CAN/UDS,UDS-S3-01,s3_generation_cancelled,"A valid DiagnosticSessionControl changes the session generation, or UDSServerInit resets the server, before the old S3 timeout cause occurs.",server instance + transport connection + tester/source address + non-default session epoch,"EXACTLY_ONE_TRIGGER_PER_PROJECTED_WORD; each reset/restart closes the old generation and opens a separately monitored generation. Project one owner-scoped non-default-session idle generation; owner reset creates another word, while explicit session action/stop/profile change cancels it.","one correlated obligation instance per timed word; if the trigger can repeat, the adapter spawns a new projection keyed by timer/request generation","[{""mapping"": ""auxiliary:1"", ""role"": ""non-default session entry and explicit session change"", ""event_predicate"": ""A valid DiagnosticSessionControl changes the session generation, or UDSServerInit resets the server, before the old S3 timeout cause occurs."", ""instrumentation_timing"": ""Start only from a fixed s3_session_timeout_timer assignment owned by the current tester/session. A reset first satisfies the old word and then opens another. Emit cause-specific timeout at lines 1583-1587, stamp logical deadline, and retain actual poll time."", ""atomic_propositions"": [""non_default_session_idle_started_s3_5100"", ""s3_generation_cancelled""], ""repository"": ""driftregion/iso14229"", ""commit"": ""b0e92b14fcc384d42bfd01ecd7f745addb6bf761"", ""path"": ""src/server.c"", ""symbol"": ""Handle_0x10_DiagnosticSessionControl"", ""lines"": ""38-83"", ""url"": ""https://github.com/driftregion/iso14229/blob/b0e92b14fcc384d42bfd01ecd7f745addb6bf761/src/server.c#L38-L83"", ""source_file_verified"": true, ""source_line_verified"": true, ""source_symbol_verified"": true}, {""mapping"": ""auxiliary:3"", ""role"": ""server initialization and reset"", ""event_predicate"": ""A valid DiagnosticSessionControl changes the session generation, or UDSServerInit resets the server, before the old S3 timeout cause occurs."", ""instrumentation_timing"": ""Start only from a fixed s3_session_timeout_timer assignment owned by the current tester/session. A reset first satisfies the old word and then opens another. Emit cause-specific timeout at lines 1583-1587, stamp logical deadline, and retain actual poll time."", ""atomic_propositions"": [""non_default_session_idle_started_s3_5100"", ""s3_generation_cancelled""], ""repository"": ""driftregion/iso14229"", ""commit"": ""b0e92b14fcc384d42bfd01ecd7f745addb6bf761"", ""path"": ""src/server.c"", ""symbol"": ""UDSServerInit"", ""lines"": ""1564-1579"", ""url"": ""https://github.com/driftregion/iso14229/blob/b0e92b14fcc384d42bfd01ecd7f745addb6bf761/src/server.c#L1564-L1579"", ""source_file_verified"": true, ""source_line_verified"": true, ""source_symbol_verified"": true}]",{},"Start only from a fixed s3_session_timeout_timer assignment owned by the current tester/session. A reset first satisfies the old word and then opens another. Emit cause-specific timeout at lines 1583-1587, stamp logical deadline, and retain actual poll time.",WHITEBOX
