id,protocol,mapping,role,repository,atomic_propositions,commit,path,symbol,lines,source_file_verified,source_line_verified,source_symbol_verified,source_verification_note
COAP-MCAST-01,CoAP,primary,primary property hook,obgm/libcoap,"[""coap_multicast_response_committed_default_leisure""]",7cf7465b784baded4de183290c547d582becfd28,src/coap_net.c,handle_request,3552-3604,True,True,True,"HTTP 200: https://raw.githubusercontent.com/obgm/libcoap/7cf7465b784baded4de183290c547d582becfd28/src/coap_net.c; verified_symbols=['handle_request']; failed_symbols=[]; cited_ranges=[(3552, 3604)]; uncovered_ranges=[]"
COAP-MCAST-01,CoAP,auxiliary:1,delayed multicast response send,obgm/libcoap,"[""coap_multicast_response_sent""]",7cf7465b784baded4de183290c547d582becfd28,src/coap_net.c,coap_retransmit,1908-1969,True,True,True,"HTTP 200: https://raw.githubusercontent.com/obgm/libcoap/7cf7465b784baded4de183290c547d582becfd28/src/coap_net.c; verified_symbols=['coap_retransmit']; failed_symbols=[]; cited_ranges=[(1908, 1969)]; uncovered_ranges=[]"
COAP-MID-01,CoAP,primary,primary property hook,obgm/libcoap,"[""coap_mid_first_used"", ""coap_same_mid_reused""]",7cf7465b784baded4de183290c547d582becfd28,src/coap_net.c,coap_send_pdu,1014-1050,True,True,True,"HTTP 200: https://raw.githubusercontent.com/obgm/libcoap/7cf7465b784baded4de183290c547d582becfd28/src/coap_net.c; verified_symbols=['coap_send_pdu']; failed_symbols=[]; cited_ranges=[(1014, 1050)]; uncovered_ranges=[]"
COAP-MID-01,CoAP,auxiliary:1,Message ID allocation prerequisite,obgm/libcoap,"[""coap_mid_first_used"", ""coap_same_mid_reused""]",7cf7465b784baded4de183290c547d582becfd28,src/coap_session.c,coap_new_message_id_lkd,1909-1915,True,True,True,"HTTP 200: https://raw.githubusercontent.com/obgm/libcoap/7cf7465b784baded4de183290c547d582becfd28/src/coap_session.c; verified_symbols=['coap_new_message_id_lkd']; failed_symbols=[]; cited_ranges=[(1909, 1915)]; uncovered_ranges=[]"
COAP-TX-01,CoAP,primary,primary property hook,obgm/libcoap,"[""coap_con_wait_started"", ""coap_first_retransmit_deadline_reached""]",7cf7465b784baded4de183290c547d582becfd28,src/coap_net.c,coap_calc_timeout / coap_wait_ack / coap_send_internal,1123-1180;1883-1901,True,True,True,"HTTP 200: https://raw.githubusercontent.com/obgm/libcoap/7cf7465b784baded4de183290c547d582becfd28/src/coap_net.c; verified_symbols=['coap_calc_timeout', 'coap_wait_ack', 'coap_send_internal']; failed_symbols=[]; cited_ranges=[(1123, 1180), (1883, 1901)]; uncovered_ranges=[]"
COAP-TX-01,CoAP,auxiliary:1,matching ACK/RST queue removal,obgm/libcoap,"[""coap_matching_ack_or_reset_received""]",7cf7465b784baded4de183290c547d582becfd28,src/coap_net.c,coap_dispatch,3983-3993;4128-4133,True,True,True,"HTTP 200: https://raw.githubusercontent.com/obgm/libcoap/7cf7465b784baded4de183290c547d582becfd28/src/coap_net.c; verified_symbols=['coap_dispatch']; failed_symbols=[]; cited_ranges=[(3983, 3993), (4128, 4133)]; uncovered_ranges=[]"
COAP-TX-01,CoAP,auxiliary:2,explicit local exchange cancellation,obgm/libcoap,"[""coap_attempt_cancelled""]",7cf7465b784baded4de183290c547d582becfd28,src/coap_net.c,coap_cancel_session_messages / coap_cancel_all_messages,2573-2613;2616-2646,True,True,True,"HTTP 200: https://raw.githubusercontent.com/obgm/libcoap/7cf7465b784baded4de183290c547d582becfd28/src/coap_net.c; verified_symbols=['coap_cancel_session_messages', 'coap_cancel_all_messages']; failed_symbols=[]; cited_ranges=[(2573, 2613), (2616, 2646)]; uncovered_ranges=[]"
COAP-TX-02,CoAP,primary,primary property hook,obgm/libcoap,"[""coap_first_retransmission_completed"", ""coap_second_retransmit_deadline_reached""]",7cf7465b784baded4de183290c547d582becfd28,src/coap_net.c,coap_retransmit,1908-1969,True,True,True,"HTTP 200: https://raw.githubusercontent.com/obgm/libcoap/7cf7465b784baded4de183290c547d582becfd28/src/coap_net.c; verified_symbols=['coap_retransmit']; failed_symbols=[]; cited_ranges=[(1908, 1969)]; uncovered_ranges=[]"
COAP-TX-02,CoAP,auxiliary:1,matching ACK/RST queue removal,obgm/libcoap,"[""coap_matching_ack_or_reset_received""]",7cf7465b784baded4de183290c547d582becfd28,src/coap_net.c,coap_dispatch,3983-3993;4128-4133,True,True,True,"HTTP 200: https://raw.githubusercontent.com/obgm/libcoap/7cf7465b784baded4de183290c547d582becfd28/src/coap_net.c; verified_symbols=['coap_dispatch']; failed_symbols=[]; cited_ranges=[(3983, 3993), (4128, 4133)]; uncovered_ranges=[]"
COAP-TX-02,CoAP,auxiliary:2,explicit local exchange cancellation,obgm/libcoap,"[""coap_attempt_cancelled""]",7cf7465b784baded4de183290c547d582becfd28,src/coap_net.c,coap_cancel_session_messages / coap_cancel_all_messages,2573-2613;2616-2646,True,True,True,"HTTP 200: https://raw.githubusercontent.com/obgm/libcoap/7cf7465b784baded4de183290c547d582becfd28/src/coap_net.c; verified_symbols=['coap_cancel_session_messages', 'coap_cancel_all_messages']; failed_symbols=[]; cited_ranges=[(2573, 2613), (2616, 2646)]; uncovered_ranges=[]"
COAP-TX-03,CoAP,primary,primary property hook,obgm/libcoap,"[""coap_fourth_retransmission_completed"", ""coap_final_wait_deadline_reached"", ""coap_fifth_retransmission_sent""]",7cf7465b784baded4de183290c547d582becfd28,src/coap_net.c,coap_retransmit,1908-2007,True,True,True,"HTTP 200: https://raw.githubusercontent.com/obgm/libcoap/7cf7465b784baded4de183290c547d582becfd28/src/coap_net.c; verified_symbols=['coap_retransmit']; failed_symbols=[]; cited_ranges=[(1908, 2007)]; uncovered_ranges=[]"
COAP-TX-03,CoAP,auxiliary:1,matching ACK/RST queue removal,obgm/libcoap,"[""coap_matching_ack_or_reset_received""]",7cf7465b784baded4de183290c547d582becfd28,src/coap_net.c,coap_dispatch,3983-3993;4128-4133,True,True,True,"HTTP 200: https://raw.githubusercontent.com/obgm/libcoap/7cf7465b784baded4de183290c547d582becfd28/src/coap_net.c; verified_symbols=['coap_dispatch']; failed_symbols=[]; cited_ranges=[(3983, 3993), (4128, 4133)]; uncovered_ranges=[]"
COAP-TX-03,CoAP,auxiliary:2,explicit local exchange cancellation,obgm/libcoap,"[""coap_attempt_cancelled""]",7cf7465b784baded4de183290c547d582becfd28,src/coap_net.c,coap_cancel_session_messages / coap_cancel_all_messages,2573-2613;2616-2646,True,True,True,"HTTP 200: https://raw.githubusercontent.com/obgm/libcoap/7cf7465b784baded4de183290c547d582becfd28/src/coap_net.c; verified_symbols=['coap_cancel_session_messages', 'coap_cancel_all_messages']; failed_symbols=[]; cited_ranges=[(2573, 2613), (2616, 2646)]; uncovered_ranges=[]"
COAP-TX-04,CoAP,primary,primary property hook,obgm/libcoap,"[""coap_con_initial_sent"", ""coap_same_con_retransmitted""]",7cf7465b784baded4de183290c547d582becfd28,src/coap_net.c,coap_send_internal / coap_retransmit,1855-1969,True,True,True,"HTTP 200: https://raw.githubusercontent.com/obgm/libcoap/7cf7465b784baded4de183290c547d582becfd28/src/coap_net.c; verified_symbols=['coap_send_internal', 'coap_retransmit']; failed_symbols=[]; cited_ranges=[(1855, 1969)]; uncovered_ranges=[]"
COAP-TX-04,CoAP,auxiliary:1,MAX_TRANSMIT_SPAN implementation expression,obgm/libcoap,"[""coap_con_initial_sent""]",7cf7465b784baded4de183290c547d582becfd28,include/coap3/coap_session_internal.h,COAP_MAX_TRANSMIT_SPAN,618-628,True,True,True,"HTTP 200: https://raw.githubusercontent.com/obgm/libcoap/7cf7465b784baded4de183290c547d582becfd28/include/coap3/coap_session_internal.h; verified_symbols=['COAP_MAX_TRANSMIT_SPAN']; failed_symbols=[]; cited_ranges=[(618, 628)]; uncovered_ranges=[]"
COAP-TX-05,CoAP,primary,primary property hook,obgm/libcoap,"[""coap_matching_ack_or_reset_received""]",7cf7465b784baded4de183290c547d582becfd28,src/coap_net.c,coap_dispatch,3983-3993;4089-4139,True,True,True,"HTTP 200: https://raw.githubusercontent.com/obgm/libcoap/7cf7465b784baded4de183290c547d582becfd28/src/coap_net.c; verified_symbols=['coap_dispatch']; failed_symbols=[]; cited_ranges=[(3983, 3993), (4089, 4139)]; uncovered_ranges=[]"
COAP-TX-05,CoAP,auxiliary:1,subsequent send for the same queue-node generation,obgm/libcoap,"[""coap_same_con_retransmitted""]",7cf7465b784baded4de183290c547d582becfd28,src/coap_net.c,coap_retransmit,1908-1969,True,True,True,"HTTP 200: https://raw.githubusercontent.com/obgm/libcoap/7cf7465b784baded4de183290c547d582becfd28/src/coap_net.c; verified_symbols=['coap_retransmit']; failed_symbols=[]; cited_ranges=[(1908, 1969)]; uncovered_ranges=[]"
MQTT-KA-01,MQTT,primary,primary property hook,eclipse-mosquitto/mosquitto,"[""mqtt_client_outbound_window_started"", ""mqtt_pingreq_started"", ""mqtt_other_control_packet_started""]",672ae3e57f8b4e086f6ce2dec836734cc38258c3,lib/packet_mosq.c,packet__write,227-358,True,True,True,"HTTP 200: https://raw.githubusercontent.com/eclipse-mosquitto/mosquitto/672ae3e57f8b4e086f6ce2dec836734cc38258c3/lib/packet_mosq.c; verified_symbols=['packet__write']; failed_symbols=[]; cited_ranges=[(227, 358)]; uncovered_ranges=[]"
MQTT-KA-01,MQTT,auxiliary:1,Keep Alive scheduling eligibility,eclipse-mosquitto/mosquitto,"[""mqtt_client_outbound_window_started"", ""mqtt_pingreq_started""]",672ae3e57f8b4e086f6ce2dec836734cc38258c3,lib/util_mosq.c,mosquitto__check_keepalive,62-143,True,True,True,"HTTP 200: https://raw.githubusercontent.com/eclipse-mosquitto/mosquitto/672ae3e57f8b4e086f6ce2dec836734cc38258c3/lib/util_mosq.c; verified_symbols=['mosquitto__check_keepalive']; failed_symbols=[]; cited_ranges=[(62, 143)]; uncovered_ranges=[]"
MQTT-KA-01,MQTT,auxiliary:2,network connection generation close,eclipse-mosquitto/mosquitto,"[""mqtt_network_connection_closed""]",672ae3e57f8b4e086f6ce2dec836734cc38258c3,lib/net_mosq.c,net__socket_close,214-267,True,True,True,"HTTP 200: https://raw.githubusercontent.com/eclipse-mosquitto/mosquitto/672ae3e57f8b4e086f6ce2dec836734cc38258c3/lib/net_mosq.c; verified_symbols=['net__socket_close']; failed_symbols=[]; cited_ranges=[(214, 267)]; uncovered_ranges=[]"
MQTT-KA-02,MQTT,primary,primary property hook,eclipse-mosquitto/mosquitto,"[""mqtt_server_inbound_window_started"", ""mqtt_client_control_packet_received""]",672ae3e57f8b4e086f6ce2dec836734cc38258c3,lib/packet_mosq.c,packet__read,361-589,True,True,True,"HTTP 200: https://raw.githubusercontent.com/eclipse-mosquitto/mosquitto/672ae3e57f8b4e086f6ce2dec836734cc38258c3/lib/packet_mosq.c; verified_symbols=['packet__read']; failed_symbols=[]; cited_ranges=[(361, 589)]; uncovered_ranges=[]"
MQTT-KA-02,MQTT,auxiliary:1,broker Keep Alive expiry decision,eclipse-mosquitto/mosquitto,"[""mqtt_network_connection_closed""]",672ae3e57f8b4e086f6ce2dec836734cc38258c3,src/keepalive.c,keepalive__check,127-175,True,True,True,"HTTP 200: https://raw.githubusercontent.com/eclipse-mosquitto/mosquitto/672ae3e57f8b4e086f6ce2dec836734cc38258c3/src/keepalive.c; verified_symbols=['keepalive__check']; failed_symbols=[]; cited_ranges=[(127, 175)]; uncovered_ranges=[]"
MQTT-KA-02,MQTT,auxiliary:2,network connection generation close,eclipse-mosquitto/mosquitto,"[""mqtt_network_connection_closed""]",672ae3e57f8b4e086f6ce2dec836734cc38258c3,lib/net_mosq.c,net__socket_close,214-267,True,True,True,"HTTP 200: https://raw.githubusercontent.com/eclipse-mosquitto/mosquitto/672ae3e57f8b4e086f6ce2dec836734cc38258c3/lib/net_mosq.c; verified_symbols=['net__socket_close']; failed_symbols=[]; cited_ranges=[(214, 267)]; uncovered_ranges=[]"
MQTT-RTX-01,MQTT,primary,primary property hook,eclipse-mosquitto/mosquitto,"[""mqtt_publish_negative_ack_received""]",672ae3e57f8b4e086f6ce2dec836734cc38258c3,lib/handle_pubrec.c,handle__pubrec,93-125,True,True,True,"HTTP 200: https://raw.githubusercontent.com/eclipse-mosquitto/mosquitto/672ae3e57f8b4e086f6ce2dec836734cc38258c3/lib/handle_pubrec.c; verified_symbols=['handle__pubrec']; failed_symbols=[]; cited_ranges=[(93, 125)]; uncovered_ranges=[]"
MQTT-RTX-01,MQTT,auxiliary:1,negative PUBACK state completion,eclipse-mosquitto/mosquitto,"[""mqtt_publish_negative_ack_received""]",672ae3e57f8b4e086f6ce2dec836734cc38258c3,lib/handle_pubackcomp.c,handle__pubackcomp,41-168,True,True,True,"HTTP 200: https://raw.githubusercontent.com/eclipse-mosquitto/mosquitto/672ae3e57f8b4e086f6ce2dec836734cc38258c3/lib/handle_pubackcomp.c; verified_symbols=['handle__pubackcomp']; failed_symbols=[]; cited_ranges=[(41, 168)]; uncovered_ranges=[]"
MQTT-RTX-01,MQTT,auxiliary:2,later PUBLISH send for retained message generation,eclipse-mosquitto/mosquitto,"[""mqtt_same_publish_retransmitted""]",672ae3e57f8b4e086f6ce2dec836734cc38258c3,lib/send_publish.c,send__publish / send__real_publish,42-134;137-221,True,True,True,"HTTP 200: https://raw.githubusercontent.com/eclipse-mosquitto/mosquitto/672ae3e57f8b4e086f6ce2dec836734cc38258c3/lib/send_publish.c; verified_symbols=['send__publish', 'send__real_publish']; failed_symbols=[]; cited_ranges=[(42, 134), (137, 221)]; uncovered_ranges=[]"
TCP-ACK-01,TCP,primary,primary property hook,torvalds/linux,"[""tcp_delayed_ack_obligation_started""]",f4fb100039e96211609dfc44fb24b9e4a8a0f2f9,net/ipv4/tcp_output.c,tcp_send_delayed_ack,4409-4463,True,True,True,"HTTP 200: https://raw.githubusercontent.com/torvalds/linux/f4fb100039e96211609dfc44fb24b9e4a8a0f2f9/net/ipv4/tcp_output.c; verified_symbols=['tcp_send_delayed_ack']; failed_symbols=[]; cited_ranges=[(4409, 4463)]; uncovered_ranges=[]"
TCP-ACK-01,TCP,auxiliary:1,pure ACK construction and transmission handoff,torvalds/linux,"[""tcp_ack_sent""]",f4fb100039e96211609dfc44fb24b9e4a8a0f2f9,net/ipv4/tcp_output.c,__tcp_send_ack,4466-4506,True,True,True,"HTTP 200: https://raw.githubusercontent.com/torvalds/linux/f4fb100039e96211609dfc44fb24b9e4a8a0f2f9/net/ipv4/tcp_output.c; verified_symbols=['__tcp_send_ack']; failed_symbols=[]; cited_ranges=[(4466, 4506)]; uncovered_ranges=[]"
TCP-KA-01,TCP,primary,primary property hook,torvalds/linux,"[""tcp_default_keepalive_enabled_on_idle_connection""]",f4fb100039e96211609dfc44fb24b9e4a8a0f2f9,include/net/tcp.h,TCP_KEEPALIVE_TIME,175-180,True,True,True,"HTTP 200: https://raw.githubusercontent.com/torvalds/linux/f4fb100039e96211609dfc44fb24b9e4a8a0f2f9/include/net/tcp.h; verified_symbols=['TCP_KEEPALIVE_TIME']; failed_symbols=[]; cited_ranges=[(175, 180)]; uncovered_ranges=[]"
TCP-KA-01,TCP,auxiliary:1,SO_KEEPALIVE enable and default timer arm,torvalds/linux,"[""tcp_default_keepalive_enabled_on_idle_connection""]",f4fb100039e96211609dfc44fb24b9e4a8a0f2f9,net/ipv4/tcp_timer.c,tcp_set_keepalive,768-777,True,True,True,"HTTP 200: https://raw.githubusercontent.com/torvalds/linux/f4fb100039e96211609dfc44fb24b9e4a8a0f2f9/net/ipv4/tcp_timer.c; verified_symbols=['tcp_set_keepalive']; failed_symbols=[]; cited_ranges=[(768, 777)]; uncovered_ranges=[]"
TCP-KA-01,TCP,auxiliary:2,keep-alive expiry and probe send attempt,torvalds/linux,"[""tcp_keepalive_probe_sent""]",f4fb100039e96211609dfc44fb24b9e4a8a0f2f9,net/ipv4/tcp_timer.c,tcp_keepalive_timer,779-866,True,True,True,"HTTP 200: https://raw.githubusercontent.com/torvalds/linux/f4fb100039e96211609dfc44fb24b9e4a8a0f2f9/net/ipv4/tcp_timer.c; verified_symbols=['tcp_keepalive_timer']; failed_symbols=[]; cited_ranges=[(779, 866)]; uncovered_ranges=[]"
TCP-R2-01,TCP,primary,primary property hook,torvalds/linux,"[""tcp_closed_by_data_r2_expiry""]",f4fb100039e96211609dfc44fb24b9e4a8a0f2f9,net/ipv4/tcp_timer.c,tcp_write_timeout,242-305,True,True,True,"HTTP 200: https://raw.githubusercontent.com/torvalds/linux/f4fb100039e96211609dfc44fb24b9e4a8a0f2f9/net/ipv4/tcp_timer.c; verified_symbols=['tcp_write_timeout']; failed_symbols=[]; cited_ranges=[(242, 305)]; uncovered_ranges=[]"
TCP-R2-01,TCP,auxiliary:1,first attempted data retransmission timestamp,torvalds/linux,"[""tcp_data_r2_episode_started""]",f4fb100039e96211609dfc44fb24b9e4a8a0f2f9,net/ipv4/tcp_output.c,tcp_retransmit_skb,3695-3717,True,True,True,"HTTP 200: https://raw.githubusercontent.com/torvalds/linux/f4fb100039e96211609dfc44fb24b9e4a8a0f2f9/net/ipv4/tcp_output.c; verified_symbols=['tcp_retransmit_skb']; failed_symbols=[]; cited_ranges=[(3695, 3717)]; uncovered_ranges=[]"
TCP-RTO-01,TCP,primary,primary property hook,torvalds/linux,"[""tcp_initial_rto_armed_1000ms_profile""]",f4fb100039e96211609dfc44fb24b9e4a8a0f2f9,include/net/tcp.h,TCP_TIMEOUT_INIT,160-173,True,True,True,"HTTP 200: https://raw.githubusercontent.com/torvalds/linux/f4fb100039e96211609dfc44fb24b9e4a8a0f2f9/include/net/tcp.h; verified_symbols=['TCP_TIMEOUT_INIT']; failed_symbols=[]; cited_ranges=[(160, 173)]; uncovered_ranges=[]"
TCP-RTO-01,TCP,auxiliary:1,initial RTO timer arm after active-open send,torvalds/linux,"[""tcp_initial_rto_armed_1000ms_profile""]",f4fb100039e96211609dfc44fb24b9e4a8a0f2f9,net/ipv4/tcp_output.c,tcp_connect,4393-4398,True,True,True,"HTTP 200: https://raw.githubusercontent.com/torvalds/linux/f4fb100039e96211609dfc44fb24b9e4a8a0f2f9/net/ipv4/tcp_output.c; verified_symbols=['tcp_connect']; failed_symbols=[]; cited_ranges=[(4393, 4398)]; uncovered_ranges=[]"
TCP-RTO-01,TCP,auxiliary:2,retransmission timer deadline dispatch,torvalds/linux,"[""tcp_initial_rto_deadline_reached""]",f4fb100039e96211609dfc44fb24b9e4a8a0f2f9,net/ipv4/tcp_timer.c,tcp_write_timer_handler,695-728,True,True,True,"HTTP 200: https://raw.githubusercontent.com/torvalds/linux/f4fb100039e96211609dfc44fb24b9e4a8a0f2f9/net/ipv4/tcp_timer.c; verified_symbols=['tcp_write_timer_handler']; failed_symbols=[]; cited_ranges=[(695, 728)]; uncovered_ranges=[]"
TCP-RTO-01,TCP,auxiliary:3,ACK-driven retransmission timer cancellation or replacement,torvalds/linux,"[""tcp_initial_rto_superseded""]",f4fb100039e96211609dfc44fb24b9e4a8a0f2f9,net/ipv4/tcp_input.c,tcp_rearm_rto,3524-3550,True,True,True,"HTTP 200: https://raw.githubusercontent.com/torvalds/linux/f4fb100039e96211609dfc44fb24b9e4a8a0f2f9/net/ipv4/tcp_input.c; verified_symbols=['tcp_rearm_rto']; failed_symbols=[]; cited_ranges=[(3524, 3550)]; uncovered_ranges=[]"
TCP-RTO-03,TCP,primary,primary property hook,torvalds/linux,"[""tcp_second_rto_armed_2000ms_normal_backoff""]",f4fb100039e96211609dfc44fb24b9e4a8a0f2f9,net/ipv4/tcp_timer.c,tcp_retransmit_timer,657-685,True,True,True,"HTTP 200: https://raw.githubusercontent.com/torvalds/linux/f4fb100039e96211609dfc44fb24b9e4a8a0f2f9/net/ipv4/tcp_timer.c; verified_symbols=['tcp_retransmit_timer']; failed_symbols=[]; cited_ranges=[(657, 685)]; uncovered_ranges=[]"
TCP-RTO-03,TCP,auxiliary:1,retransmission timer deadline dispatch,torvalds/linux,"[""tcp_second_rto_deadline_reached""]",f4fb100039e96211609dfc44fb24b9e4a8a0f2f9,net/ipv4/tcp_timer.c,tcp_write_timer_handler,695-728,True,True,True,"HTTP 200: https://raw.githubusercontent.com/torvalds/linux/f4fb100039e96211609dfc44fb24b9e4a8a0f2f9/net/ipv4/tcp_timer.c; verified_symbols=['tcp_write_timer_handler']; failed_symbols=[]; cited_ranges=[(695, 728)]; uncovered_ranges=[]"
TCP-RTO-03,TCP,auxiliary:2,ACK-driven retransmission timer cancellation or replacement,torvalds/linux,"[""tcp_second_rto_superseded""]",f4fb100039e96211609dfc44fb24b9e4a8a0f2f9,net/ipv4/tcp_input.c,tcp_rearm_rto,3524-3550,True,True,True,"HTTP 200: https://raw.githubusercontent.com/torvalds/linux/f4fb100039e96211609dfc44fb24b9e4a8a0f2f9/net/ipv4/tcp_input.c; verified_symbols=['tcp_rearm_rto']; failed_symbols=[]; cited_ranges=[(3524, 3550)]; uncovered_ranges=[]"
TCP-SYN-01,TCP,primary,primary property hook,torvalds/linux,"[""tcp_open_failed_by_syn_r2_expiry""]",f4fb100039e96211609dfc44fb24b9e4a8a0f2f9,net/ipv4/tcp_timer.c,tcp_write_timeout,242-298,True,True,True,"HTTP 200: https://raw.githubusercontent.com/torvalds/linux/f4fb100039e96211609dfc44fb24b9e4a8a0f2f9/net/ipv4/tcp_timer.c; verified_symbols=['tcp_write_timeout']; failed_symbols=[]; cited_ranges=[(242, 298)]; uncovered_ranges=[]"
TCP-SYN-01,TCP,auxiliary:1,initial active-open SYN transmission and retransmission timer arm,torvalds/linux,"[""tcp_active_open_syn_r2_started""]",f4fb100039e96211609dfc44fb24b9e4a8a0f2f9,net/ipv4/tcp_output.c,tcp_connect,4360-4398,True,True,True,"HTTP 200: https://raw.githubusercontent.com/torvalds/linux/f4fb100039e96211609dfc44fb24b9e4a8a0f2f9/net/ipv4/tcp_output.c; verified_symbols=['tcp_connect']; failed_symbols=[]; cited_ranges=[(4360, 4398)]; uncovered_ranges=[]"
TCP-SYN-01,TCP,auxiliary:2,locked Linux SYN retry-policy deviation evidence,torvalds/linux,"[""tcp_active_open_syn_r2_started"", ""tcp_open_failed_by_syn_r2_expiry""]",f4fb100039e96211609dfc44fb24b9e4a8a0f2f9,include/net/tcp.h,TCP_SYN_RETRIES,124-131,True,True,True,"HTTP 200: https://raw.githubusercontent.com/torvalds/linux/f4fb100039e96211609dfc44fb24b9e4a8a0f2f9/include/net/tcp.h; verified_symbols=['TCP_SYN_RETRIES']; failed_symbols=[]; cited_ranges=[(124, 131)]; uncovered_ranges=[]"
TCP-TW-01,TCP,primary,primary property hook,torvalds/linux,"[""tcp_time_wait_entered_linux_profile""]",f4fb100039e96211609dfc44fb24b9e4a8a0f2f9,include/net/tcp.h,TCP_TIMEWAIT_LEN,140-148,True,True,True,"HTTP 200: https://raw.githubusercontent.com/torvalds/linux/f4fb100039e96211609dfc44fb24b9e4a8a0f2f9/include/net/tcp.h; verified_symbols=['TCP_TIMEWAIT_LEN']; failed_symbols=[]; cited_ranges=[(140, 148)]; uncovered_ranges=[]"
TCP-TW-01,TCP,auxiliary:1,TIME-WAIT bucket creation and scheduling,torvalds/linux,"[""tcp_time_wait_entered_linux_profile""]",f4fb100039e96211609dfc44fb24b9e4a8a0f2f9,net/ipv4/tcp_minisocks.c,tcp_time_wait,326-394,True,True,True,"HTTP 200: https://raw.githubusercontent.com/torvalds/linux/f4fb100039e96211609dfc44fb24b9e4a8a0f2f9/net/ipv4/tcp_minisocks.c; verified_symbols=['tcp_time_wait']; failed_symbols=[]; cited_ranges=[(326, 394)]; uncovered_ranges=[]"
TCP-TW-01,TCP,auxiliary:2,ordinary TIME-WAIT expiry destruction,torvalds/linux,"[""tcp_time_wait_state_destroyed""]",f4fb100039e96211609dfc44fb24b9e4a8a0f2f9,net/ipv4/inet_timewait_sock.c,tw_timer_handler,161-166,True,True,True,"HTTP 200: https://raw.githubusercontent.com/torvalds/linux/f4fb100039e96211609dfc44fb24b9e4a8a0f2f9/net/ipv4/inet_timewait_sock.c; verified_symbols=['tw_timer_handler']; failed_symbols=[]; cited_ranges=[(161, 166)]; uncovered_ranges=[]"
TCP-TW-01,TCP,auxiliary:3,guarded direct reopen and exceptional early removal classification,torvalds/linux,"[""tcp_valid_timewait_reopen_or_admin_cleanup""]",f4fb100039e96211609dfc44fb24b9e4a8a0f2f9,net/ipv4/tcp_minisocks.c,tcp_timewait_state_process,186-261,True,True,True,"HTTP 200: https://raw.githubusercontent.com/torvalds/linux/f4fb100039e96211609dfc44fb24b9e4a8a0f2f9/net/ipv4/tcp_minisocks.c; verified_symbols=['tcp_timewait_state_process']; failed_symbols=[]; cited_ranges=[(186, 261)]; uncovered_ranges=[]"
TCP-ZWP-01,TCP,primary,primary property hook,torvalds/linux,"[""tcp_probe0_timer_armed_1000ms""]",f4fb100039e96211609dfc44fb24b9e4a8a0f2f9,include/net/tcp.h,tcp_check_probe_timer,1640-1667,True,True,True,"HTTP 200: https://raw.githubusercontent.com/torvalds/linux/f4fb100039e96211609dfc44fb24b9e4a8a0f2f9/include/net/tcp.h; verified_symbols=['tcp_check_probe_timer']; failed_symbols=[]; cited_ranges=[(1640, 1667)]; uncovered_ranges=[]"
TCP-ZWP-01,TCP,auxiliary:1,PROBE0 deadline dispatch and attempt entry,torvalds/linux,"[""tcp_probe0_deadline_or_attempt""]",f4fb100039e96211609dfc44fb24b9e4a8a0f2f9,net/ipv4/tcp_timer.c,tcp_write_timer_handler,695-728,True,True,True,"HTTP 200: https://raw.githubusercontent.com/torvalds/linux/f4fb100039e96211609dfc44fb24b9e4a8a0f2f9/net/ipv4/tcp_timer.c; verified_symbols=['tcp_write_timer_handler']; failed_symbols=[]; cited_ranges=[(695, 728)]; uncovered_ranges=[]"
TCP-ZWP-01,TCP,auxiliary:2,window-open clear or probe-timer rearm,torvalds/linux,"[""tcp_probe0_superseded""]",f4fb100039e96211609dfc44fb24b9e4a8a0f2f9,net/ipv4/tcp_input.c,tcp_ack_probe,3807-3828,True,True,True,"HTTP 200: https://raw.githubusercontent.com/torvalds/linux/f4fb100039e96211609dfc44fb24b9e4a8a0f2f9/net/ipv4/tcp_input.c; verified_symbols=['tcp_ack_probe']; failed_symbols=[]; cited_ranges=[(3807, 3828)]; uncovered_ranges=[]"
TCP-ZWP-02,TCP,primary,primary property hook,torvalds/linux,"[""tcp_probe0_backoff_armed_2000ms"", ""tcp_probe0_second_deadline_or_attempt"", ""tcp_probe0_second_superseded""]",f4fb100039e96211609dfc44fb24b9e4a8a0f2f9,net/ipv4/tcp_output.c,tcp_send_probe0,4601-4635,True,True,True,"HTTP 200: https://raw.githubusercontent.com/torvalds/linux/f4fb100039e96211609dfc44fb24b9e4a8a0f2f9/net/ipv4/tcp_output.c; verified_symbols=['tcp_send_probe0']; failed_symbols=[]; cited_ranges=[(4601, 4635)]; uncovered_ranges=[]"
QUIC-ACK-01,QUIC,primary,primary property hook,ngtcp2/ngtcp2,"[""quic_1rtt_ack_eliciting_packet_processed_default_ack_delay""]",fcb5cdaba44a8fb1c821319af306e3f38f18e738,lib/ngtcp2_conn.c,conn_compute_ack_delay,1847-1855,True,True,True,"HTTP 200: https://raw.githubusercontent.com/ngtcp2/ngtcp2/fcb5cdaba44a8fb1c821319af306e3f38f18e738/lib/ngtcp2_conn.c; verified_symbols=['conn_compute_ack_delay']; failed_symbols=[]; cited_ranges=[(1847, 1855)]; uncovered_ranges=[]"
QUIC-ACK-01,QUIC,auxiliary:1,default max_ack_delay profile constant,ngtcp2/ngtcp2,"[""quic_1rtt_ack_eliciting_packet_processed_default_ack_delay""]",fcb5cdaba44a8fb1c821319af306e3f38f18e738,lib/includes/ngtcp2/ngtcp2.h,NGTCP2_DEFAULT_MAX_ACK_DELAY,1278-1285,True,True,True,"HTTP 200: https://raw.githubusercontent.com/ngtcp2/ngtcp2/fcb5cdaba44a8fb1c821319af306e3f38f18e738/lib/includes/ngtcp2/ngtcp2.h; verified_symbols=['NGTCP2_DEFAULT_MAX_ACK_DELAY']; failed_symbols=[]; cited_ranges=[(1278, 1285)]; uncovered_ranges=[]"
QUIC-ACK-01,QUIC,auxiliary:2,commit fully processed ack-eliciting packet number,ngtcp2/ngtcp2,"[""quic_1rtt_ack_eliciting_packet_processed_default_ack_delay""]",fcb5cdaba44a8fb1c821319af306e3f38f18e738,lib/ngtcp2_conn.c,pktns_commit_recv_pkt_num,6293-6337,True,True,True,"HTTP 200: https://raw.githubusercontent.com/ngtcp2/ngtcp2/fcb5cdaba44a8fb1c821319af306e3f38f18e738/lib/ngtcp2_conn.c; verified_symbols=['pktns_commit_recv_pkt_num']; failed_symbols=[]; cited_ranges=[(6293, 6337)]; uncovered_ranges=[]"
QUIC-ACK-01,QUIC,auxiliary:3,ACK frame range construction for outgoing packet,ngtcp2/ngtcp2,"[""quic_ack_covering_packet_sent""]",fcb5cdaba44a8fb1c821319af306e3f38f18e738,lib/ngtcp2_acktr.c,ngtcp2_acktr_create_ack_frame,340-426,True,True,True,"HTTP 200: https://raw.githubusercontent.com/ngtcp2/ngtcp2/fcb5cdaba44a8fb1c821319af306e3f38f18e738/lib/ngtcp2_acktr.c; verified_symbols=['ngtcp2_acktr_create_ack_frame']; failed_symbols=[]; cited_ranges=[(340, 426)]; uncovered_ranges=[]"
QUIC-IDLE-01,QUIC,primary,primary property hook,ngtcp2/ngtcp2,"[""quic_connection_became_idle_ngtcp2_30s_profile""]",fcb5cdaba44a8fb1c821319af306e3f38f18e738,lib/ngtcp2_conn.c,ngtcp2_conn_get_idle_expiry,14060-14092,True,True,True,"HTTP 200: https://raw.githubusercontent.com/ngtcp2/ngtcp2/fcb5cdaba44a8fb1c821319af306e3f38f18e738/lib/ngtcp2_conn.c; verified_symbols=['ngtcp2_conn_get_idle_expiry']; failed_symbols=[]; cited_ranges=[(14060, 14092)]; uncovered_ranges=[]"
QUIC-IDLE-01,QUIC,auxiliary:1,example server installs configured idle timeout transport parameter,ngtcp2/ngtcp2,"[""quic_connection_became_idle_ngtcp2_30s_profile""]",fcb5cdaba44a8fb1c821319af306e3f38f18e738,examples/server.cc,Handler::init,817-827,True,True,True,"HTTP 200: https://raw.githubusercontent.com/ngtcp2/ngtcp2/fcb5cdaba44a8fb1c821319af306e3f38f18e738/examples/server.cc; verified_symbols=['Handler::init']; failed_symbols=[]; cited_ranges=[(817, 827)]; uncovered_ranges=[]"
QUIC-IDLE-01,QUIC,auxiliary:2,read activity starts a new idle generation,ngtcp2/ngtcp2,"[""quic_connection_became_idle_ngtcp2_30s_profile""]",fcb5cdaba44a8fb1c821319af306e3f38f18e738,lib/ngtcp2_conn.c,conn_restart_timer_on_read,2163-2166,True,True,True,"HTTP 200: https://raw.githubusercontent.com/ngtcp2/ngtcp2/fcb5cdaba44a8fb1c821319af306e3f38f18e738/lib/ngtcp2_conn.c; verified_symbols=['conn_restart_timer_on_read']; failed_symbols=[]; cited_ranges=[(2163, 2166)]; uncovered_ranges=[]"
QUIC-IDLE-01,QUIC,auxiliary:3,write activity starts a new idle generation,ngtcp2/ngtcp2,"[""quic_connection_became_idle_ngtcp2_30s_profile""]",fcb5cdaba44a8fb1c821319af306e3f38f18e738,lib/ngtcp2_conn.c,conn_restart_timer_on_write,2158-2161,True,True,True,"HTTP 200: https://raw.githubusercontent.com/ngtcp2/ngtcp2/fcb5cdaba44a8fb1c821319af306e3f38f18e738/lib/ngtcp2_conn.c; verified_symbols=['conn_restart_timer_on_write']; failed_symbols=[]; cited_ranges=[(2158, 2161)]; uncovered_ranges=[]"
QUIC-IDLE-01,QUIC,auxiliary:4,connection-state disposal hook,ngtcp2/ngtcp2,"[""quic_connection_state_discarded""]",fcb5cdaba44a8fb1c821319af306e3f38f18e738,lib/ngtcp2_conn.c,ngtcp2_conn_del,1740-1845,True,True,True,"HTTP 200: https://raw.githubusercontent.com/ngtcp2/ngtcp2/fcb5cdaba44a8fb1c821319af306e3f38f18e738/lib/ngtcp2_conn.c; verified_symbols=['ngtcp2_conn_del']; failed_symbols=[]; cited_ranges=[(1740, 1845)]; uncovered_ranges=[]"
QUIC-IDLE-01,QUIC,auxiliary:5,peer CONNECTION_CLOSE transition to draining,ngtcp2/ngtcp2,"[""quic_explicit_close_or_terminal_received""]",fcb5cdaba44a8fb1c821319af306e3f38f18e738,lib/ngtcp2_conn.c,conn_recv_connection_close,6054-6084,True,True,True,"HTTP 200: https://raw.githubusercontent.com/ngtcp2/ngtcp2/fcb5cdaba44a8fb1c821319af306e3f38f18e738/lib/ngtcp2_conn.c; verified_symbols=['conn_recv_connection_close']; failed_symbols=[]; cited_ranges=[(6054, 6084)]; uncovered_ranges=[]"
QUIC-IDLE-01,QUIC,auxiliary:6,validated stateless reset transition to draining,ngtcp2/ngtcp2,"[""quic_explicit_close_or_terminal_received""]",fcb5cdaba44a8fb1c821319af306e3f38f18e738,lib/ngtcp2_conn.c,conn_on_stateless_reset,8046-8074,True,True,True,"HTTP 200: https://raw.githubusercontent.com/ngtcp2/ngtcp2/fcb5cdaba44a8fb1c821319af306e3f38f18e738/lib/ngtcp2_conn.c; verified_symbols=['conn_on_stateless_reset']; failed_symbols=[]; cited_ranges=[(8046, 8074)]; uncovered_ranges=[]"
QUIC-IDLE-01,QUIC,auxiliary:7,local CONNECTION_CLOSE transition to closing,ngtcp2/ngtcp2,"[""quic_explicit_close_or_terminal_received""]",fcb5cdaba44a8fb1c821319af306e3f38f18e738,lib/ngtcp2_conn.c,ngtcp2_conn_write_connection_close_pkt,12688-12749,True,True,True,"HTTP 200: https://raw.githubusercontent.com/ngtcp2/ngtcp2/fcb5cdaba44a8fb1c821319af306e3f38f18e738/lib/ngtcp2_conn.c; verified_symbols=['ngtcp2_conn_write_connection_close_pkt']; failed_symbols=[]; cited_ranges=[(12688, 12749)]; uncovered_ranges=[]"
QUIC-KU-01,QUIC,primary,primary property hook,ngtcp2/ngtcp2,"[""quic_local_next_key_update_started""]",fcb5cdaba44a8fb1c821319af306e3f38f18e738,lib/ngtcp2_conn.c,conn_initiate_key_update,11281-11297,True,True,True,"HTTP 200: https://raw.githubusercontent.com/ngtcp2/ngtcp2/fcb5cdaba44a8fb1c821319af306e3f38f18e738/lib/ngtcp2_conn.c; verified_symbols=['conn_initiate_key_update']; failed_symbols=[]; cited_ranges=[(11281, 11297)]; uncovered_ranges=[]"
QUIC-KU-01,QUIC,auxiliary:1,previous key-update ACK confirmation timestamp,ngtcp2/ngtcp2,"[""quic_previous_key_update_confirmed_initial_profile""]",fcb5cdaba44a8fb1c821319af306e3f38f18e738,lib/ngtcp2_conn.c,conn_handle_unconfirmed_key_update_from_remote,3455-3474,True,True,True,"HTTP 200: https://raw.githubusercontent.com/ngtcp2/ngtcp2/fcb5cdaba44a8fb1c821319af306e3f38f18e738/lib/ngtcp2_conn.c; verified_symbols=['conn_handle_unconfirmed_key_update_from_remote']; failed_symbols=[]; cited_ranges=[(3455, 3474)]; uncovered_ranges=[]"
QUIC-KU-01,QUIC,auxiliary:2,default initial RTT input to key-update spacing profile,ngtcp2/ngtcp2,"[""quic_previous_key_update_confirmed_initial_profile""]",fcb5cdaba44a8fb1c821319af306e3f38f18e738,lib/includes/ngtcp2/ngtcp2.h,NGTCP2_DEFAULT_INITIAL_RTT,434-439,True,True,True,"HTTP 200: https://raw.githubusercontent.com/ngtcp2/ngtcp2/fcb5cdaba44a8fb1c821319af306e3f38f18e738/lib/includes/ngtcp2/ngtcp2.h; verified_symbols=['NGTCP2_DEFAULT_INITIAL_RTT']; failed_symbols=[]; cited_ranges=[(434, 439)]; uncovered_ranges=[]"
QUIC-KU-01,QUIC,auxiliary:3,default max_ack_delay input to key-update spacing profile,ngtcp2/ngtcp2,"[""quic_previous_key_update_confirmed_initial_profile""]",fcb5cdaba44a8fb1c821319af306e3f38f18e738,lib/includes/ngtcp2/ngtcp2.h,NGTCP2_DEFAULT_MAX_ACK_DELAY,1278-1285,True,True,True,"HTTP 200: https://raw.githubusercontent.com/ngtcp2/ngtcp2/fcb5cdaba44a8fb1c821319af306e3f38f18e738/lib/includes/ngtcp2/ngtcp2.h; verified_symbols=['NGTCP2_DEFAULT_MAX_ACK_DELAY']; failed_symbols=[]; cited_ranges=[(1278, 1285)]; uncovered_ranges=[]"
QUIC-PC-01,QUIC,primary,primary property hook,ngtcp2/ngtcp2,"[""quic_app_loss_run_started_initial_profile""]",fcb5cdaba44a8fb1c821319af306e3f38f18e738,lib/ngtcp2_rtb.c,rtb_detect_lost_pkt,1045-1085,True,True,True,"HTTP 200: https://raw.githubusercontent.com/ngtcp2/ngtcp2/fcb5cdaba44a8fb1c821319af306e3f38f18e738/lib/ngtcp2_rtb.c; verified_symbols=['rtb_detect_lost_pkt']; failed_symbols=[]; cited_ranges=[(1045, 1085)]; uncovered_ranges=[]"
QUIC-PC-01,QUIC,auxiliary:1,persistent-congestion threshold constant,ngtcp2/ngtcp2,"[""quic_app_loss_run_started_initial_profile"", ""quic_persistent_congestion_declared""]",fcb5cdaba44a8fb1c821319af306e3f38f18e738,lib/ngtcp2_cc.h,NGTCP2_PERSISTENT_CONGESTION_THRESHOLD,34-38,True,True,True,"HTTP 200: https://raw.githubusercontent.com/ngtcp2/ngtcp2/fcb5cdaba44a8fb1c821319af306e3f38f18e738/lib/ngtcp2_cc.h; verified_symbols=['NGTCP2_PERSISTENT_CONGESTION_THRESHOLD']; failed_symbols=[]; cited_ranges=[(34, 38)]; uncovered_ranges=[]"
QUIC-PC-01,QUIC,auxiliary:2,persistent-congestion decision and callback,ngtcp2/ngtcp2,"[""quic_persistent_congestion_declared""]",fcb5cdaba44a8fb1c821319af306e3f38f18e738,lib/ngtcp2_rtb.c,rtb_detect_lost_pkt,1162-1185,True,True,True,"HTTP 200: https://raw.githubusercontent.com/ngtcp2/ngtcp2/fcb5cdaba44a8fb1c821319af306e3f38f18e738/lib/ngtcp2_rtb.c; verified_symbols=['rtb_detect_lost_pkt']; failed_symbols=[]; cited_ranges=[(1162, 1185)]; uncovered_ranges=[]"
QUIC-PC-01,QUIC,auxiliary:3,default initial RTT input to fixed profile,ngtcp2/ngtcp2,"[""quic_app_loss_run_started_initial_profile""]",fcb5cdaba44a8fb1c821319af306e3f38f18e738,lib/includes/ngtcp2/ngtcp2.h,NGTCP2_DEFAULT_INITIAL_RTT,434-439,True,True,True,"HTTP 200: https://raw.githubusercontent.com/ngtcp2/ngtcp2/fcb5cdaba44a8fb1c821319af306e3f38f18e738/lib/includes/ngtcp2/ngtcp2.h; verified_symbols=['NGTCP2_DEFAULT_INITIAL_RTT']; failed_symbols=[]; cited_ranges=[(434, 439)]; uncovered_ranges=[]"
QUIC-PC-01,QUIC,auxiliary:4,default max_ack_delay input to fixed profile,ngtcp2/ngtcp2,"[""quic_app_loss_run_started_initial_profile""]",fcb5cdaba44a8fb1c821319af306e3f38f18e738,lib/includes/ngtcp2/ngtcp2.h,NGTCP2_DEFAULT_MAX_ACK_DELAY,1278-1285,True,True,True,"HTTP 200: https://raw.githubusercontent.com/ngtcp2/ngtcp2/fcb5cdaba44a8fb1c821319af306e3f38f18e738/lib/includes/ngtcp2/ngtcp2.h; verified_symbols=['NGTCP2_DEFAULT_MAX_ACK_DELAY']; failed_symbols=[]; cited_ranges=[(1278, 1285)]; uncovered_ranges=[]"
QUIC-PTO-01,QUIC,primary,primary property hook,ngtcp2/ngtcp2,"[""quic_pto_armed_999ms_initial_profile""]",fcb5cdaba44a8fb1c821319af306e3f38f18e738,lib/ngtcp2_conn.c,conn_compute_initial_pto,954-979,True,True,True,"HTTP 200: https://raw.githubusercontent.com/ngtcp2/ngtcp2/fcb5cdaba44a8fb1c821319af306e3f38f18e738/lib/ngtcp2_conn.c; verified_symbols=['conn_compute_initial_pto']; failed_symbols=[]; cited_ranges=[(954, 979)]; uncovered_ranges=[]"
QUIC-PTO-01,QUIC,auxiliary:1,default initial RTT profile constant,ngtcp2/ngtcp2,"[""quic_pto_armed_999ms_initial_profile""]",fcb5cdaba44a8fb1c821319af306e3f38f18e738,lib/includes/ngtcp2/ngtcp2.h,NGTCP2_DEFAULT_INITIAL_RTT,434-439,True,True,True,"HTTP 200: https://raw.githubusercontent.com/ngtcp2/ngtcp2/fcb5cdaba44a8fb1c821319af306e3f38f18e738/lib/includes/ngtcp2/ngtcp2.h; verified_symbols=['NGTCP2_DEFAULT_INITIAL_RTT']; failed_symbols=[]; cited_ranges=[(434, 439)]; uncovered_ranges=[]"
QUIC-PTO-01,QUIC,auxiliary:2,"PTO selection, arm, cancellation, and replacement",ngtcp2/ngtcp2,"[""quic_pto_armed_999ms_initial_profile"", ""quic_pto_generation_superseded""]",fcb5cdaba44a8fb1c821319af306e3f38f18e738,lib/ngtcp2_conn.c,ngtcp2_conn_set_loss_detection_timer,13427-13469,True,True,True,"HTTP 200: https://raw.githubusercontent.com/ngtcp2/ngtcp2/fcb5cdaba44a8fb1c821319af306e3f38f18e738/lib/ngtcp2_conn.c; verified_symbols=['ngtcp2_conn_set_loss_detection_timer']; failed_symbols=[]; cited_ranges=[(13427, 13469)]; uncovered_ranges=[]"
QUIC-PTO-01,QUIC,auxiliary:3,loss-detection deadline dispatch,ngtcp2/ngtcp2,"[""quic_pto_deadline_reached""]",fcb5cdaba44a8fb1c821319af306e3f38f18e738,lib/ngtcp2_conn.c,ngtcp2_conn_on_loss_detection_timer,13478-13546,True,True,True,"HTTP 200: https://raw.githubusercontent.com/ngtcp2/ngtcp2/fcb5cdaba44a8fb1c821319af306e3f38f18e738/lib/ngtcp2_conn.c; verified_symbols=['ngtcp2_conn_on_loss_detection_timer']; failed_symbols=[]; cited_ranges=[(13478, 13546)]; uncovered_ranges=[]"
QUIC-PTO-02,QUIC,primary,primary property hook,ngtcp2/ngtcp2,"[""quic_pto_backoff_armed_1998ms""]",fcb5cdaba44a8fb1c821319af306e3f38f18e738,lib/ngtcp2_conn.c,conn_get_earliest_pto_expiry,13387-13424,True,True,True,"HTTP 200: https://raw.githubusercontent.com/ngtcp2/ngtcp2/fcb5cdaba44a8fb1c821319af306e3f38f18e738/lib/ngtcp2_conn.c; verified_symbols=['conn_get_earliest_pto_expiry']; failed_symbols=[]; cited_ranges=[(13387, 13424)]; uncovered_ranges=[]"
QUIC-PTO-02,QUIC,auxiliary:1,"PTO deadline, pto_count increment, and backoff rearm",ngtcp2/ngtcp2,"[""quic_pto_backoff_armed_1998ms"", ""quic_second_pto_deadline_reached""]",fcb5cdaba44a8fb1c821319af306e3f38f18e738,lib/ngtcp2_conn.c,ngtcp2_conn_on_loss_detection_timer,13478-13546,True,True,True,"HTTP 200: https://raw.githubusercontent.com/ngtcp2/ngtcp2/fcb5cdaba44a8fb1c821319af306e3f38f18e738/lib/ngtcp2_conn.c; verified_symbols=['ngtcp2_conn_on_loss_detection_timer']; failed_symbols=[]; cited_ranges=[(13478, 13546)]; uncovered_ranges=[]"
QUIC-PTO-02,QUIC,auxiliary:2,backoff timer replacement or cancellation,ngtcp2/ngtcp2,"[""quic_second_pto_superseded""]",fcb5cdaba44a8fb1c821319af306e3f38f18e738,lib/ngtcp2_conn.c,ngtcp2_conn_set_loss_detection_timer,13427-13469,True,True,True,"HTTP 200: https://raw.githubusercontent.com/ngtcp2/ngtcp2/fcb5cdaba44a8fb1c821319af306e3f38f18e738/lib/ngtcp2_conn.c; verified_symbols=['ngtcp2_conn_set_loss_detection_timer']; failed_symbols=[]; cited_ranges=[(13427, 13469)]; uncovered_ranges=[]"
QUIC-PV-01,QUIC,primary,primary property hook,ngtcp2/ngtcp2,"[""quic_path_validation_armed_2997ms_profile""]",fcb5cdaba44a8fb1c821319af306e3f38f18e738,lib/ngtcp2_conn.c,conn_compute_pv_timeout_pto,995-1012,True,True,True,"HTTP 200: https://raw.githubusercontent.com/ngtcp2/ngtcp2/fcb5cdaba44a8fb1c821319af306e3f38f18e738/lib/ngtcp2_conn.c; verified_symbols=['conn_compute_pv_timeout_pto']; failed_symbols=[]; cited_ranges=[(995, 1012)]; uncovered_ranges=[]"
QUIC-PV-01,QUIC,auxiliary:1,path-validation object creation with timeout,ngtcp2/ngtcp2,"[""quic_path_validation_armed_2997ms_profile""]",fcb5cdaba44a8fb1c821319af306e3f38f18e738,lib/ngtcp2_pv.c,ngtcp2_pv_new,46-68,True,True,True,"HTTP 200: https://raw.githubusercontent.com/ngtcp2/ngtcp2/fcb5cdaba44a8fb1c821319af306e3f38f18e738/lib/ngtcp2_pv.c; verified_symbols=['ngtcp2_pv_new']; failed_symbols=[]; cited_ranges=[(46, 68)]; uncovered_ranges=[]"
QUIC-PV-01,QUIC,auxiliary:2,matching PATH_RESPONSE validation success,ngtcp2/ngtcp2,"[""quic_path_validated""]",fcb5cdaba44a8fb1c821319af306e3f38f18e738,lib/ngtcp2_conn.c,conn_recv_path_response,6161-6268,True,True,True,"HTTP 200: https://raw.githubusercontent.com/ngtcp2/ngtcp2/fcb5cdaba44a8fb1c821319af306e3f38f18e738/lib/ngtcp2_conn.c; verified_symbols=['conn_recv_path_response']; failed_symbols=[]; cited_ranges=[(6161, 6268)]; uncovered_ranges=[]"
QUIC-PV-01,QUIC,auxiliary:3,path-validation timeout abandonment,ngtcp2/ngtcp2,"[""quic_path_abandoned_by_timeout""]",fcb5cdaba44a8fb1c821319af306e3f38f18e738,lib/ngtcp2_conn.c,conn_write_path_challenge,5203-5232,True,True,True,"HTTP 200: https://raw.githubusercontent.com/ngtcp2/ngtcp2/fcb5cdaba44a8fb1c821319af306e3f38f18e738/lib/ngtcp2_conn.c; verified_symbols=['conn_write_path_challenge']; failed_symbols=[]; cited_ranges=[(5203, 5232)]; uncovered_ranges=[]"
QUIC-PV-01,QUIC,auxiliary:4,migration/application replacement abort,ngtcp2/ngtcp2,"[""quic_path_validation_superseded""]",fcb5cdaba44a8fb1c821319af306e3f38f18e738,lib/ngtcp2_conn.c,conn_abort_pv,5117-5132,True,True,True,"HTTP 200: https://raw.githubusercontent.com/ngtcp2/ngtcp2/fcb5cdaba44a8fb1c821319af306e3f38f18e738/lib/ngtcp2_conn.c; verified_symbols=['conn_abort_pv']; failed_symbols=[]; cited_ranges=[(5117, 5132)]; uncovered_ranges=[]"
TLS13-TICKET-01,TLS,primary,primary property hook,openssl/openssl,[],0437435a960123be1ced766d18d715f939698345,ssl/statem/extensions_clnt.c,tls_construct_ctos_psk,1094-1118,True,True,True,"HTTP 200: https://raw.githubusercontent.com/openssl/openssl/0437435a960123be1ced766d18d715f939698345/ssl/statem/extensions_clnt.c; verified_symbols=['tls_construct_ctos_psk']; failed_symbols=[]; cited_ranges=[(1094, 1118)]; uncovered_ranges=[]"
DTLS12-FINAL-01,DTLS,primary,primary property hook,openssl/openssl,[],0437435a960123be1ced766d18d715f939698345,ssl/record/rec_layer_d1.c,dtls1_read_bytes,662-679,True,True,True,"HTTP 200: https://raw.githubusercontent.com/openssl/openssl/0437435a960123be1ced766d18d715f939698345/ssl/record/rec_layer_d1.c; verified_symbols=['dtls1_read_bytes']; failed_symbols=[]; cited_ranges=[(662, 679)]; uncovered_ranges=[]"
DTLS12-RTX-01,DTLS,primary,primary property hook,openssl/openssl,"[""dtls12_timer_armed_1000ms_default_profile"", ""dtls12_timer_deadline_reached""]",0437435a960123be1ced766d18d715f939698345,ssl/d1_lib.c,dtls1_start_timer,242-284,True,True,True,"HTTP 200: https://raw.githubusercontent.com/openssl/openssl/0437435a960123be1ced766d18d715f939698345/ssl/d1_lib.c; verified_symbols=['dtls1_start_timer']; failed_symbols=[]; cited_ranges=[(242, 284)]; uncovered_ranges=[]"
DTLS12-RTX-01,DTLS,auxiliary:1,restart overwrites an active timer generation,openssl/openssl,"[""dtls12_timer_superseded""]",0437435a960123be1ced766d18d715f939698345,ssl/d1_lib.c,dtls1_start_timer,242-284,True,True,True,"HTTP 200: https://raw.githubusercontent.com/openssl/openssl/0437435a960123be1ced766d18d715f939698345/ssl/d1_lib.c; verified_symbols=['dtls1_start_timer']; failed_symbols=[]; cited_ranges=[(242, 284)]; uncovered_ranges=[]"
DTLS12-RTX-01,DTLS,auxiliary:2,timer stop clears the active generation,openssl/openssl,"[""dtls12_timer_superseded""]",0437435a960123be1ced766d18d715f939698345,ssl/d1_lib.c,dtls1_stop_timer,352-362,True,True,True,"HTTP 200: https://raw.githubusercontent.com/openssl/openssl/0437435a960123be1ced766d18d715f939698345/ssl/d1_lib.c; verified_symbols=['dtls1_stop_timer']; failed_symbols=[]; cited_ranges=[(352, 362)]; uncovered_ranges=[]"
DTLS12-RTX-01,DTLS,auxiliary:3,expected peer-handshake processing invokes timer stop,openssl/openssl,"[""dtls12_timer_superseded""]",0437435a960123be1ced766d18d715f939698345,ssl/statem/statem.c,read_state_machine,637-683,True,True,True,"HTTP 200: https://raw.githubusercontent.com/openssl/openssl/0437435a960123be1ced766d18d715f939698345/ssl/statem/statem.c; verified_symbols=['read_state_machine']; failed_symbols=[]; cited_ranges=[(637, 683)]; uncovered_ranges=[]"
DTLS12-RTX-03,DTLS,primary,primary property hook,openssl/openssl,"[""dtls12_timer_rearmed_2000ms""]",0437435a960123be1ced766d18d715f939698345,ssl/d1_lib.c,dtls1_double_timeout,344-350,True,True,True,"HTTP 200: https://raw.githubusercontent.com/openssl/openssl/0437435a960123be1ced766d18d715f939698345/ssl/d1_lib.c; verified_symbols=['dtls1_double_timeout']; failed_symbols=[]; cited_ranges=[(344, 350)]; uncovered_ranges=[]"
DTLS12-RTX-03,DTLS,auxiliary:1,store the rearmed generation's absolute deadline and detect restart replacement,openssl/openssl,"[""dtls12_second_deadline_reached"", ""dtls12_second_timer_superseded""]",0437435a960123be1ced766d18d715f939698345,ssl/d1_lib.c,dtls1_start_timer,242-284,True,True,True,"HTTP 200: https://raw.githubusercontent.com/openssl/openssl/0437435a960123be1ced766d18d715f939698345/ssl/d1_lib.c; verified_symbols=['dtls1_start_timer']; failed_symbols=[]; cited_ranges=[(242, 284)]; uncovered_ranges=[]"
DTLS12-RTX-03,DTLS,auxiliary:2,timer stop clears the active 2000-ms generation,openssl/openssl,"[""dtls12_second_timer_superseded""]",0437435a960123be1ced766d18d715f939698345,ssl/d1_lib.c,dtls1_stop_timer,352-362,True,True,True,"HTTP 200: https://raw.githubusercontent.com/openssl/openssl/0437435a960123be1ced766d18d715f939698345/ssl/d1_lib.c; verified_symbols=['dtls1_stop_timer']; failed_symbols=[]; cited_ranges=[(352, 362)]; uncovered_ranges=[]"
DTLS12-RTX-03,DTLS,auxiliary:3,expected peer-handshake processing invokes timer stop,openssl/openssl,"[""dtls12_second_timer_superseded""]",0437435a960123be1ced766d18d715f939698345,ssl/statem/statem.c,read_state_machine,637-683,True,True,True,"HTTP 200: https://raw.githubusercontent.com/openssl/openssl/0437435a960123be1ced766d18d715f939698345/ssl/statem/statem.c; verified_symbols=['read_state_machine']; failed_symbols=[]; cited_ranges=[(637, 683)]; uncovered_ranges=[]"
DTLS12-RTX-04,DTLS,primary,primary property hook,openssl/openssl,"[""dtls12_timer_rearmed_60000ms_cap""]",0437435a960123be1ced766d18d715f939698345,ssl/d1_lib.c,dtls1_double_timeout,344-350,True,True,True,"HTTP 200: https://raw.githubusercontent.com/openssl/openssl/0437435a960123be1ced766d18d715f939698345/ssl/d1_lib.c; verified_symbols=['dtls1_double_timeout']; failed_symbols=[]; cited_ranges=[(344, 350)]; uncovered_ranges=[]"
DTLS12-RTX-04,DTLS,auxiliary:1,store the capped generation's absolute deadline and detect restart replacement,openssl/openssl,"[""dtls12_capped_deadline_reached"", ""dtls12_capped_timer_superseded""]",0437435a960123be1ced766d18d715f939698345,ssl/d1_lib.c,dtls1_start_timer,242-284,True,True,True,"HTTP 200: https://raw.githubusercontent.com/openssl/openssl/0437435a960123be1ced766d18d715f939698345/ssl/d1_lib.c; verified_symbols=['dtls1_start_timer']; failed_symbols=[]; cited_ranges=[(242, 284)]; uncovered_ranges=[]"
DTLS12-RTX-04,DTLS,auxiliary:2,timer stop clears the active capped generation,openssl/openssl,"[""dtls12_capped_timer_superseded""]",0437435a960123be1ced766d18d715f939698345,ssl/d1_lib.c,dtls1_stop_timer,352-362,True,True,True,"HTTP 200: https://raw.githubusercontent.com/openssl/openssl/0437435a960123be1ced766d18d715f939698345/ssl/d1_lib.c; verified_symbols=['dtls1_stop_timer']; failed_symbols=[]; cited_ranges=[(352, 362)]; uncovered_ranges=[]"
DTLS12-RTX-04,DTLS,auxiliary:3,expected peer-handshake processing invokes timer stop,openssl/openssl,"[""dtls12_capped_timer_superseded""]",0437435a960123be1ced766d18d715f939698345,ssl/statem/statem.c,read_state_machine,637-683,True,True,True,"HTTP 200: https://raw.githubusercontent.com/openssl/openssl/0437435a960123be1ced766d18d715f939698345/ssl/statem/statem.c; verified_symbols=['read_state_machine']; failed_symbols=[]; cited_ranges=[(637, 683)]; uncovered_ranges=[]"
SSH-REKEY-01,SSH,primary,primary property hook,vegard/openssh-portable,"[""ssh_rekey_eligible_one_hour_profile""]",7cfea58cb313a27b90aa4563cf65904bdf2fc5f3,packet.c,ssh_packet_need_rekeying,1043-1085,True,True,True,"HTTP 200: https://raw.githubusercontent.com/vegard/openssh-portable/7cfea58cb313a27b90aa4563cf65904bdf2fc5f3/packet.c; verified_symbols=['ssh_packet_need_rekeying']; failed_symbols=[]; cited_ranges=[(1043, 1085)]; uncovered_ranges=[]"
SSH-REKEY-01,SSH,auxiliary:1,successful local KEXINIT start/send path,vegard/openssh-portable,"[""ssh_local_kexinit_started""]",7cfea58cb313a27b90aa4563cf65904bdf2fc5f3,packet.c,ssh_packet_send2,1313-1360,True,True,True,"HTTP 200: https://raw.githubusercontent.com/vegard/openssh-portable/7cfea58cb313a27b90aa4563cf65904bdf2fc5f3/packet.c; verified_symbols=['ssh_packet_send2']; failed_symbols=[]; cited_ranges=[(1313, 1360)]; uncovered_ranges=[]"
SSH-REKEY-01,SSH,auxiliary:2,one-hour profile installation into packet state,vegard/openssh-portable,"[""ssh_rekey_eligible_one_hour_profile""]",7cfea58cb313a27b90aa4563cf65904bdf2fc5f3,packet.c,ssh_packet_set_rekey_limits,2429-2435,True,True,True,"HTTP 200: https://raw.githubusercontent.com/vegard/openssh-portable/7cfea58cb313a27b90aa4563cf65904bdf2fc5f3/packet.c; verified_symbols=['ssh_packet_set_rekey_limits']; failed_symbols=[]; cited_ranges=[(2429, 2435)]; uncovered_ranges=[]"
SSH-REKEY-01,SSH,auxiliary:3,server default disables time rekey unless the benchmark installs the declared profile,vegard/openssh-portable,"[""ssh_rekey_eligible_one_hour_profile""]",7cfea58cb313a27b90aa4563cf65904bdf2fc5f3,servconf.c,fill_default_server_options,284-289,True,True,True,"HTTP 200: https://raw.githubusercontent.com/vegard/openssh-portable/7cfea58cb313a27b90aa4563cf65904bdf2fc5f3/servconf.c; verified_symbols=['fill_default_server_options']; failed_symbols=[]; cited_ranges=[(284, 289)]; uncovered_ranges=[]"
SSH-REKEY-01,SSH,auxiliary:4,correlated transport close action,vegard/openssh-portable,"[""ssh_connection_closed""]",7cfea58cb313a27b90aa4563cf65904bdf2fc5f3,packet.c,ssh_packet_close,574-588,True,True,True,"HTTP 200: https://raw.githubusercontent.com/vegard/openssh-portable/7cfea58cb313a27b90aa4563cf65904bdf2fc5f3/packet.c; verified_symbols=['ssh_packet_close']; failed_symbols=[]; cited_ranges=[(574, 588)]; uncovered_ranges=[]"
RTSP-SESSION-01,RTSP,primary,primary property hook,rgaufman/live555,"[""rtsp_liveness_generation_armed_65"", ""rtsp_inactivity_reclaim_callback_entered""]",ceeb4f462709695b145852de309d8cd25e2dca01,liveMedia/GenericMediaServer.cpp,GenericMediaServer::ClientSession::noteLiveness / GenericMediaServer::ClientSession::livenessTimeoutTask,283-297;303-312,True,True,True,"HTTP 200: https://raw.githubusercontent.com/rgaufman/live555/ceeb4f462709695b145852de309d8cd25e2dca01/liveMedia/GenericMediaServer.cpp; verified_symbols=['GenericMediaServer::ClientSession::noteLiveness', 'GenericMediaServer::ClientSession::livenessTimeoutTask']; failed_symbols=[]; cited_ranges=[(283, 297), (303, 312)]; uncovered_ranges=[]"
RTSP-SESSION-01,RTSP,auxiliary:1,65-second server profile declaration,rgaufman/live555,"[""rtsp_liveness_generation_armed_65""]",ceeb4f462709695b145852de309d8cd25e2dca01,liveMedia/include/RTSPServer.hh,reclamationSeconds,31-41,True,True,True,"HTTP 200: https://raw.githubusercontent.com/rgaufman/live555/ceeb4f462709695b145852de309d8cd25e2dca01/liveMedia/include/RTSPServer.hh; verified_symbols=['reclamationSeconds']; failed_symbols=[]; cited_ranges=[(31, 41)]; uncovered_ranges=[]"
RTSP-SESSION-01,RTSP,auxiliary:2,Session timeout advertisement,rgaufman/live555,"[""rtsp_liveness_generation_armed_65""]",ceeb4f462709695b145852de309d8cd25e2dca01,liveMedia/RTSPServer.cpp,RTSPServer::RTSPClientSession::handleCmd_SETUP,1416-1499,True,True,True,"HTTP 200: https://raw.githubusercontent.com/rgaufman/live555/ceeb4f462709695b145852de309d8cd25e2dca01/liveMedia/RTSPServer.cpp; verified_symbols=['RTSPServer::RTSPClientSession::handleCmd_SETUP']; failed_symbols=[]; cited_ranges=[(1416, 1499)]; uncovered_ranges=[]"
RTSP-SESSION-01,RTSP,auxiliary:3,valid Session request liveness refresh,rgaufman/live555,"[""rtsp_liveness_generation_armed_65""]",ceeb4f462709695b145852de309d8cd25e2dca01,liveMedia/RTSPServer.cpp,RTSPServer::RTSPClientConnection::handleRequestBytes,726-733,True,True,True,"HTTP 200: https://raw.githubusercontent.com/rgaufman/live555/ceeb4f462709695b145852de309d8cd25e2dca01/liveMedia/RTSPServer.cpp; verified_symbols=['RTSPServer::RTSPClientConnection::handleRequestBytes']; failed_symbols=[]; cited_ranges=[(726, 733)]; uncovered_ranges=[]"
RTSP-SESSION-01,RTSP,auxiliary:4,task reschedule,rgaufman/live555,"[""rtsp_liveness_generation_armed_65""]",ceeb4f462709695b145852de309d8cd25e2dca01,UsageEnvironment/UsageEnvironment.cpp,TaskScheduler::rescheduleDelayedTask,52-57,True,True,True,"HTTP 200: https://raw.githubusercontent.com/rgaufman/live555/ceeb4f462709695b145852de309d8cd25e2dca01/UsageEnvironment/UsageEnvironment.cpp; verified_symbols=['TaskScheduler::rescheduleDelayedTask']; failed_symbols=[]; cited_ranges=[(52, 57)]; uncovered_ranges=[]"
RTSP-SESSION-01,RTSP,auxiliary:5,delayed-task queue insertion,rgaufman/live555,"[""rtsp_liveness_generation_armed_65""]",ceeb4f462709695b145852de309d8cd25e2dca01,BasicUsageEnvironment/BasicTaskScheduler0.cpp,BasicTaskScheduler0::scheduleDelayedTask,59-68,True,True,True,"HTTP 200: https://raw.githubusercontent.com/rgaufman/live555/ceeb4f462709695b145852de309d8cd25e2dca01/BasicUsageEnvironment/BasicTaskScheduler0.cpp; verified_symbols=['BasicTaskScheduler0::scheduleDelayedTask']; failed_symbols=[]; cited_ranges=[(59, 68)]; uncovered_ranges=[]"
RTSP-SESSION-01,RTSP,auxiliary:6,due delayed-task dispatch,rgaufman/live555,"[""rtsp_inactivity_reclaim_callback_entered""]",ceeb4f462709695b145852de309d8cd25e2dca01,BasicUsageEnvironment/DelayQueue.cpp,DelayQueue::handleAlarm,179-189,True,True,True,"HTTP 200: https://raw.githubusercontent.com/rgaufman/live555/ceeb4f462709695b145852de309d8cd25e2dca01/BasicUsageEnvironment/DelayQueue.cpp; verified_symbols=['DelayQueue::handleAlarm']; failed_symbols=[]; cited_ranges=[(179, 189)]; uncovered_ranges=[]"
SMTP-TIMEOUT-01,SMTP,primary,primary property hook,Exim/exim,"[""smtp_waiting_initial_220""]",38903fb5b864ee99904d035337c66891604d9678,src/src/transports/smtp.c,smtp_setup_conn,1544-1643;2095-2099,True,True,True,"HTTP 200: https://raw.githubusercontent.com/Exim/exim/38903fb5b864ee99904d035337c66891604d9678/src/src/transports/smtp.c; verified_symbols=['smtp_setup_conn']; failed_symbols=[]; cited_ranges=[(1544, 1643), (2095, 2099)]; uncovered_ranges=[]"
SMTP-TIMEOUT-01,SMTP,auxiliary:1,response reader and errno propagation,Exim/exim,"[""smtp_initial_220_timeout""]",38903fb5b864ee99904d035337c66891604d9678,src/src/smtp_out.c,read_response_line/smtp_read_response,457-520;548-608,True,True,True,"HTTP 200: https://raw.githubusercontent.com/Exim/exim/38903fb5b864ee99904d035337c66891604d9678/src/src/smtp_out.c; verified_symbols=['read_response_line', 'smtp_read_response']; failed_symbols=[]; cited_ranges=[(457, 520), (548, 608)]; uncovered_ranges=[]"
SMTP-TIMEOUT-01,SMTP,auxiliary:2,absolute read deadline and ETIMEDOUT,Exim/exim,"[""smtp_initial_220_timeout""]",38903fb5b864ee99904d035337c66891604d9678,src/src/ip.c,fd_ready/ip_recv,478-524;548-570,True,True,True,"HTTP 200: https://raw.githubusercontent.com/Exim/exim/38903fb5b864ee99904d035337c66891604d9678/src/src/ip.c; verified_symbols=['fd_ready', 'ip_recv']; failed_symbols=[]; cited_ranges=[(478, 524), (548, 570)]; uncovered_ranges=[]"
SMTP-TIMEOUT-01,SMTP,auxiliary:3,SMTP timeout classification,Exim/exim,"[""smtp_initial_220_timeout""]",38903fb5b864ee99904d035337c66891604d9678,src/src/transports/smtp.c,check_response,508-525,True,True,True,"HTTP 200: https://raw.githubusercontent.com/Exim/exim/38903fb5b864ee99904d035337c66891604d9678/src/src/transports/smtp.c; verified_symbols=['check_response']; failed_symbols=[]; cited_ranges=[(508, 525)]; uncovered_ranges=[]"
SMTP-TIMEOUT-01,SMTP,auxiliary:4,fixed timeout profile,Exim/exim,"[""smtp_waiting_initial_220""]",38903fb5b864ee99904d035337c66891604d9678,src/src/transports/smtp.c,smtp_transport_option_defaults,189-225,True,True,True,"HTTP 200: https://raw.githubusercontent.com/Exim/exim/38903fb5b864ee99904d035337c66891604d9678/src/src/transports/smtp.c; verified_symbols=['smtp_transport_option_defaults']; failed_symbols=[]; cited_ranges=[(189, 225)]; uncovered_ranges=[]"
SMTP-TIMEOUT-02,SMTP,primary,primary property hook,Exim/exim,"[""smtp_mail_response_wait_started""]",38903fb5b864ee99904d035337c66891604d9678,src/src/smtp_out.c,flush_buffer,326-349,True,True,True,"HTTP 200: https://raw.githubusercontent.com/Exim/exim/38903fb5b864ee99904d035337c66891604d9678/src/src/smtp_out.c; verified_symbols=['flush_buffer']; failed_symbols=[]; cited_ranges=[(326, 349)]; uncovered_ranges=[]"
SMTP-TIMEOUT-02,SMTP,auxiliary:1,pipelined MAIL response slot,Exim/exim,"[""smtp_mail_response_wait_started"", ""smtp_mail_response_timeout""]",38903fb5b864ee99904d035337c66891604d9678,src/src/transports/smtp.c,sync_responses,742-782,True,True,True,"HTTP 200: https://raw.githubusercontent.com/Exim/exim/38903fb5b864ee99904d035337c66891604d9678/src/src/transports/smtp.c; verified_symbols=['sync_responses']; failed_symbols=[]; cited_ranges=[(742, 782)]; uncovered_ranges=[]"
SMTP-TIMEOUT-02,SMTP,auxiliary:2,MAIL command and direct response path,Exim/exim,"[""smtp_mail_response_wait_started""]",38903fb5b864ee99904d035337c66891604d9678,src/src/transports/smtp.c,smtp_write_mail_and_rcpt_cmds,2340-2406,True,True,True,"HTTP 200: https://raw.githubusercontent.com/Exim/exim/38903fb5b864ee99904d035337c66891604d9678/src/src/transports/smtp.c; verified_symbols=['smtp_write_mail_and_rcpt_cmds']; failed_symbols=[]; cited_ranges=[(2340, 2406)]; uncovered_ranges=[]"
SMTP-TIMEOUT-02,SMTP,auxiliary:3,response reader and errno propagation,Exim/exim,"[""smtp_mail_response_timeout""]",38903fb5b864ee99904d035337c66891604d9678,src/src/smtp_out.c,read_response_line/smtp_read_response,457-520;548-608,True,True,True,"HTTP 200: https://raw.githubusercontent.com/Exim/exim/38903fb5b864ee99904d035337c66891604d9678/src/src/smtp_out.c; verified_symbols=['read_response_line', 'smtp_read_response']; failed_symbols=[]; cited_ranges=[(457, 520), (548, 608)]; uncovered_ranges=[]"
SMTP-TIMEOUT-02,SMTP,auxiliary:4,absolute read deadline and ETIMEDOUT,Exim/exim,"[""smtp_mail_response_timeout""]",38903fb5b864ee99904d035337c66891604d9678,src/src/ip.c,fd_ready/ip_recv,478-524;548-570,True,True,True,"HTTP 200: https://raw.githubusercontent.com/Exim/exim/38903fb5b864ee99904d035337c66891604d9678/src/src/ip.c; verified_symbols=['fd_ready', 'ip_recv']; failed_symbols=[]; cited_ranges=[(478, 524), (548, 570)]; uncovered_ranges=[]"
SMTP-TIMEOUT-02,SMTP,auxiliary:5,SMTP timeout classification,Exim/exim,"[""smtp_mail_response_timeout""]",38903fb5b864ee99904d035337c66891604d9678,src/src/transports/smtp.c,check_response,508-525,True,True,True,"HTTP 200: https://raw.githubusercontent.com/Exim/exim/38903fb5b864ee99904d035337c66891604d9678/src/src/transports/smtp.c; verified_symbols=['check_response']; failed_symbols=[]; cited_ranges=[(508, 525)]; uncovered_ranges=[]"
SMTP-TIMEOUT-02,SMTP,auxiliary:6,fixed timeout profile,Exim/exim,"[""smtp_mail_response_wait_started""]",38903fb5b864ee99904d035337c66891604d9678,src/src/transports/smtp.c,smtp_transport_option_defaults,189-225,True,True,True,"HTTP 200: https://raw.githubusercontent.com/Exim/exim/38903fb5b864ee99904d035337c66891604d9678/src/src/transports/smtp.c; verified_symbols=['smtp_transport_option_defaults']; failed_symbols=[]; cited_ranges=[(189, 225)]; uncovered_ranges=[]"
SMTP-TIMEOUT-03,SMTP,primary,primary property hook,Exim/exim,"[""smtp_rcpt_response_wait_started"", ""smtp_rcpt_response_timeout""]",38903fb5b864ee99904d035337c66891604d9678,src/src/transports/smtp.c,sync_responses,786-825,True,True,True,"HTTP 200: https://raw.githubusercontent.com/Exim/exim/38903fb5b864ee99904d035337c66891604d9678/src/src/transports/smtp.c; verified_symbols=['sync_responses']; failed_symbols=[]; cited_ranges=[(786, 825)]; uncovered_ranges=[]"
SMTP-TIMEOUT-03,SMTP,auxiliary:1,RCPT command enqueue/flush and sync invocation,Exim/exim,"[""smtp_rcpt_response_wait_started""]",38903fb5b864ee99904d035337c66891604d9678,src/src/transports/smtp.c,smtp_write_mail_and_rcpt_cmds,2440-2480,True,True,True,"HTTP 200: https://raw.githubusercontent.com/Exim/exim/38903fb5b864ee99904d035337c66891604d9678/src/src/transports/smtp.c; verified_symbols=['smtp_write_mail_and_rcpt_cmds']; failed_symbols=[]; cited_ranges=[(2440, 2480)]; uncovered_ranges=[]"
SMTP-TIMEOUT-03,SMTP,auxiliary:2,actual pipelined command-buffer flush,Exim/exim,"[""smtp_rcpt_response_wait_started""]",38903fb5b864ee99904d035337c66891604d9678,src/src/smtp_out.c,flush_buffer,326-349,True,True,True,"HTTP 200: https://raw.githubusercontent.com/Exim/exim/38903fb5b864ee99904d035337c66891604d9678/src/src/smtp_out.c; verified_symbols=['flush_buffer']; failed_symbols=[]; cited_ranges=[(326, 349)]; uncovered_ranges=[]"
SMTP-TIMEOUT-03,SMTP,auxiliary:3,response reader and errno propagation,Exim/exim,"[""smtp_rcpt_response_timeout""]",38903fb5b864ee99904d035337c66891604d9678,src/src/smtp_out.c,read_response_line/smtp_read_response,457-520;548-608,True,True,True,"HTTP 200: https://raw.githubusercontent.com/Exim/exim/38903fb5b864ee99904d035337c66891604d9678/src/src/smtp_out.c; verified_symbols=['read_response_line', 'smtp_read_response']; failed_symbols=[]; cited_ranges=[(457, 520), (548, 608)]; uncovered_ranges=[]"
SMTP-TIMEOUT-03,SMTP,auxiliary:4,absolute read deadline and ETIMEDOUT,Exim/exim,"[""smtp_rcpt_response_timeout""]",38903fb5b864ee99904d035337c66891604d9678,src/src/ip.c,fd_ready/ip_recv,478-524;548-570,True,True,True,"HTTP 200: https://raw.githubusercontent.com/Exim/exim/38903fb5b864ee99904d035337c66891604d9678/src/src/ip.c; verified_symbols=['fd_ready', 'ip_recv']; failed_symbols=[]; cited_ranges=[(478, 524), (548, 570)]; uncovered_ranges=[]"
SMTP-TIMEOUT-03,SMTP,auxiliary:5,fixed timeout profile,Exim/exim,"[""smtp_rcpt_response_wait_started""]",38903fb5b864ee99904d035337c66891604d9678,src/src/transports/smtp.c,smtp_transport_option_defaults,189-225,True,True,True,"HTTP 200: https://raw.githubusercontent.com/Exim/exim/38903fb5b864ee99904d035337c66891604d9678/src/src/transports/smtp.c; verified_symbols=['smtp_transport_option_defaults']; failed_symbols=[]; cited_ranges=[(189, 225)]; uncovered_ranges=[]"
SMTP-TIMEOUT-04,SMTP,primary,primary property hook,Exim/exim,"[""smtp_data_354_wait_started""]",38903fb5b864ee99904d035337c66891604d9678,src/src/transports/smtp.c,smtp_deliver,2659-2665,True,True,True,"HTTP 200: https://raw.githubusercontent.com/Exim/exim/38903fb5b864ee99904d035337c66891604d9678/src/src/transports/smtp.c; verified_symbols=['smtp_deliver']; failed_symbols=[]; cited_ranges=[(2659, 2665)]; uncovered_ranges=[]"
SMTP-TIMEOUT-04,SMTP,auxiliary:1,pending DATA response slot,Exim/exim,"[""smtp_data_354_wait_started"", ""smtp_data_354_timeout""]",38903fb5b864ee99904d035337c66891604d9678,src/src/transports/smtp.c,sync_responses,911-930,True,True,True,"HTTP 200: https://raw.githubusercontent.com/Exim/exim/38903fb5b864ee99904d035337c66891604d9678/src/src/transports/smtp.c; verified_symbols=['sync_responses']; failed_symbols=[]; cited_ranges=[(911, 930)]; uncovered_ranges=[]"
SMTP-TIMEOUT-04,SMTP,auxiliary:2,actual command-buffer flush,Exim/exim,"[""smtp_data_354_wait_started""]",38903fb5b864ee99904d035337c66891604d9678,src/src/smtp_out.c,smtp_write_command/flush_buffer,326-349;373-430,True,True,True,"HTTP 200: https://raw.githubusercontent.com/Exim/exim/38903fb5b864ee99904d035337c66891604d9678/src/src/smtp_out.c; verified_symbols=['smtp_write_command', 'flush_buffer']; failed_symbols=[]; cited_ranges=[(326, 349), (373, 430)]; uncovered_ranges=[]"
SMTP-TIMEOUT-04,SMTP,auxiliary:3,response reader and errno propagation,Exim/exim,"[""smtp_data_354_timeout""]",38903fb5b864ee99904d035337c66891604d9678,src/src/smtp_out.c,read_response_line/smtp_read_response,457-520;548-608,True,True,True,"HTTP 200: https://raw.githubusercontent.com/Exim/exim/38903fb5b864ee99904d035337c66891604d9678/src/src/smtp_out.c; verified_symbols=['read_response_line', 'smtp_read_response']; failed_symbols=[]; cited_ranges=[(457, 520), (548, 608)]; uncovered_ranges=[]"
SMTP-TIMEOUT-04,SMTP,auxiliary:4,absolute read deadline and ETIMEDOUT,Exim/exim,"[""smtp_data_354_timeout""]",38903fb5b864ee99904d035337c66891604d9678,src/src/ip.c,fd_ready/ip_recv,478-524;548-570,True,True,True,"HTTP 200: https://raw.githubusercontent.com/Exim/exim/38903fb5b864ee99904d035337c66891604d9678/src/src/ip.c; verified_symbols=['fd_ready', 'ip_recv']; failed_symbols=[]; cited_ranges=[(478, 524), (548, 570)]; uncovered_ranges=[]"
SMTP-TIMEOUT-04,SMTP,auxiliary:5,SMTP timeout classification,Exim/exim,"[""smtp_data_354_timeout""]",38903fb5b864ee99904d035337c66891604d9678,src/src/transports/smtp.c,check_response,508-525,True,True,True,"HTTP 200: https://raw.githubusercontent.com/Exim/exim/38903fb5b864ee99904d035337c66891604d9678/src/src/transports/smtp.c; verified_symbols=['check_response']; failed_symbols=[]; cited_ranges=[(508, 525)]; uncovered_ranges=[]"
SMTP-TIMEOUT-04,SMTP,auxiliary:6,fixed timeout profile,Exim/exim,"[""smtp_data_354_wait_started""]",38903fb5b864ee99904d035337c66891604d9678,src/src/transports/smtp.c,smtp_transport_option_defaults,189-225,True,True,True,"HTTP 200: https://raw.githubusercontent.com/Exim/exim/38903fb5b864ee99904d035337c66891604d9678/src/src/transports/smtp.c; verified_symbols=['smtp_transport_option_defaults']; failed_symbols=[]; cited_ranges=[(189, 225)]; uncovered_ranges=[]"
SMTP-TIMEOUT-05,SMTP,primary,primary property hook,Exim/exim,"[""smtp_data_block_send_wait_started"", ""smtp_data_block_send_timeout""]",38903fb5b864ee99904d035337c66891604d9678,src/src/transport.c,transport_write_block,216-306,True,True,True,"HTTP 200: https://raw.githubusercontent.com/Exim/exim/38903fb5b864ee99904d035337c66891604d9678/src/src/transport.c; verified_symbols=['transport_write_block']; failed_symbols=[]; cited_ranges=[(216, 306)]; uncovered_ranges=[]"
SMTP-TIMEOUT-05,SMTP,auxiliary:1,SMTP data-timeout selection and outbound message write,Exim/exim,"[""smtp_data_block_send_wait_started""]",38903fb5b864ee99904d035337c66891604d9678,src/src/transports/smtp.c,smtp_deliver,2682-2750,True,True,True,"HTTP 200: https://raw.githubusercontent.com/Exim/exim/38903fb5b864ee99904d035337c66891604d9678/src/src/transports/smtp.c; verified_symbols=['smtp_deliver']; failed_symbols=[]; cited_ranges=[(2682, 2750)]; uncovered_ranges=[]"
SMTP-TIMEOUT-05,SMTP,auxiliary:2,buffer flushes that invoke the primary hook,Exim/exim,"[""smtp_data_block_send_wait_started""]",38903fb5b864ee99904d035337c66891604d9678,src/src/transport.c,write_chunk,425-447,True,True,True,"HTTP 200: https://raw.githubusercontent.com/Exim/exim/38903fb5b864ee99904d035337c66891604d9678/src/src/transport.c; verified_symbols=['write_chunk']; failed_symbols=[]; cited_ranges=[(425, 447)]; uncovered_ranges=[]"
SMTP-TIMEOUT-05,SMTP,auxiliary:3,fixed timeout profile,Exim/exim,"[""smtp_data_block_send_wait_started""]",38903fb5b864ee99904d035337c66891604d9678,src/src/transports/smtp.c,smtp_transport_option_defaults,189-225,True,True,True,"HTTP 200: https://raw.githubusercontent.com/Exim/exim/38903fb5b864ee99904d035337c66891604d9678/src/src/transports/smtp.c; verified_symbols=['smtp_transport_option_defaults']; failed_symbols=[]; cited_ranges=[(189, 225)]; uncovered_ranges=[]"
SMTP-TIMEOUT-06,SMTP,primary,primary property hook,Exim/exim,"[""smtp_final_250_wait_started"", ""smtp_final_250_timeout""]",38903fb5b864ee99904d035337c66891604d9678,src/src/transports/smtp.c,smtp_deliver,2736-2750;2766-2772;2815-2827,True,True,True,"HTTP 200: https://raw.githubusercontent.com/Exim/exim/38903fb5b864ee99904d035337c66891604d9678/src/src/transports/smtp.c; verified_symbols=['smtp_deliver']; failed_symbols=[]; cited_ranges=[(2736, 2750), (2766, 2772), (2815, 2827)]; uncovered_ranges=[]"
SMTP-TIMEOUT-06,SMTP,auxiliary:1,response reader and errno propagation,Exim/exim,"[""smtp_final_250_timeout""]",38903fb5b864ee99904d035337c66891604d9678,src/src/smtp_out.c,read_response_line/smtp_read_response,457-520;548-608,True,True,True,"HTTP 200: https://raw.githubusercontent.com/Exim/exim/38903fb5b864ee99904d035337c66891604d9678/src/src/smtp_out.c; verified_symbols=['read_response_line', 'smtp_read_response']; failed_symbols=[]; cited_ranges=[(457, 520), (548, 608)]; uncovered_ranges=[]"
SMTP-TIMEOUT-06,SMTP,auxiliary:2,absolute read deadline and ETIMEDOUT,Exim/exim,"[""smtp_final_250_timeout""]",38903fb5b864ee99904d035337c66891604d9678,src/src/ip.c,fd_ready/ip_recv,478-524;548-570,True,True,True,"HTTP 200: https://raw.githubusercontent.com/Exim/exim/38903fb5b864ee99904d035337c66891604d9678/src/src/ip.c; verified_symbols=['fd_ready', 'ip_recv']; failed_symbols=[]; cited_ranges=[(478, 524), (548, 570)]; uncovered_ranges=[]"
SMTP-TIMEOUT-06,SMTP,auxiliary:3,SMTP timeout classification,Exim/exim,"[""smtp_final_250_timeout""]",38903fb5b864ee99904d035337c66891604d9678,src/src/transports/smtp.c,check_response,508-525,True,True,True,"HTTP 200: https://raw.githubusercontent.com/Exim/exim/38903fb5b864ee99904d035337c66891604d9678/src/src/transports/smtp.c; verified_symbols=['check_response']; failed_symbols=[]; cited_ranges=[(508, 525)]; uncovered_ranges=[]"
SMTP-TIMEOUT-06,SMTP,auxiliary:4,fixed timeout profile,Exim/exim,"[""smtp_final_250_wait_started""]",38903fb5b864ee99904d035337c66891604d9678,src/src/transports/smtp.c,smtp_transport_option_defaults,189-225,True,True,True,"HTTP 200: https://raw.githubusercontent.com/Exim/exim/38903fb5b864ee99904d035337c66891604d9678/src/src/transports/smtp.c; verified_symbols=['smtp_transport_option_defaults']; failed_symbols=[]; cited_ranges=[(189, 225)]; uncovered_ranges=[]"
SMTP-TIMEOUT-07,SMTP,primary,primary property hook,Exim/exim,"[""smtp_server_command_wait_started""]",38903fb5b864ee99904d035337c66891604d9678,src/src/smtp_in.c,smtp_getc,416-430,True,True,True,"HTTP 200: https://raw.githubusercontent.com/Exim/exim/38903fb5b864ee99904d035337c66891604d9678/src/src/smtp_in.c; verified_symbols=['smtp_getc']; failed_symbols=[]; cited_ranges=[(416, 430)]; uncovered_ranges=[]"
SMTP-TIMEOUT-07,SMTP,auxiliary:1,command-phase signal-handler installation and read loop,Exim/exim,"[""smtp_server_command_wait_started""]",38903fb5b864ee99904d035337c66891604d9678,src/src/smtp_in.c,smtp_read_command,1424-1450,True,True,True,"HTTP 200: https://raw.githubusercontent.com/Exim/exim/38903fb5b864ee99904d035337c66891604d9678/src/src/smtp_in.c; verified_symbols=['smtp_read_command']; failed_symbols=[]; cited_ranges=[(1424, 1450)]; uncovered_ranges=[]"
SMTP-TIMEOUT-07,SMTP,auxiliary:2,command timeout outcome and connection close,Exim/exim,"[""smtp_server_command_idle_timeout""]",38903fb5b864ee99904d035337c66891604d9678,src/src/smtp_in.c,command_timeout_handler,838-850,True,True,True,"HTTP 200: https://raw.githubusercontent.com/Exim/exim/38903fb5b864ee99904d035337c66891604d9678/src/src/smtp_in.c; verified_symbols=['command_timeout_handler']; failed_symbols=[]; cited_ranges=[(838, 850)]; uncovered_ranges=[]"
SMTP-TIMEOUT-07,SMTP,auxiliary:3,default timeout profile,Exim/exim,"[""smtp_server_command_wait_started""]",38903fb5b864ee99904d035337c66891604d9678,src/src/globals.c,smtp_receive_timeout,1325-1326,True,True,True,"HTTP 200: https://raw.githubusercontent.com/Exim/exim/38903fb5b864ee99904d035337c66891604d9678/src/src/globals.c; verified_symbols=['smtp_receive_timeout']; failed_symbols=[]; cited_ranges=[(1325, 1326)]; uncovered_ranges=[]"
SMTP-TIMEOUT-07,SMTP,auxiliary:4,fixed timeout profile,Exim/exim,"[""smtp_server_command_wait_started""]",38903fb5b864ee99904d035337c66891604d9678,src/src/globals.c,smtp_receive_timeout,1325,True,True,True,"HTTP 200: https://raw.githubusercontent.com/Exim/exim/38903fb5b864ee99904d035337c66891604d9678/src/src/globals.c; verified_symbols=['smtp_receive_timeout']; failed_symbols=[]; cited_ranges=[(1325, 1325)]; uncovered_ranges=[]"
SIP-TX-01,SIP,primary,primary property hook,pjsip/pjproject,"[""timer_a_armed_t1"", ""timer_a_deadline""]",bba95b8a95c0a9e8c1939166fd20083ae9e3e956,pjsip/src/pjsip/sip_transaction.c,tsx_on_state_null,2460-2533,True,True,True,"HTTP 200: https://raw.githubusercontent.com/pjsip/pjproject/bba95b8a95c0a9e8c1939166fd20083ae9e3e956/pjsip/src/pjsip/sip_transaction.c; verified_symbols=['tsx_on_state_null']; failed_symbols=[]; cited_ranges=[(2460, 2533)]; uncovered_ranges=[]"
SIP-TX-01,SIP,auxiliary:1,timer scheduling primitive,pjsip/pjproject,"[""timer_a_armed_t1"", ""timer_a_deadline""]",bba95b8a95c0a9e8c1939166fd20083ae9e3e956,pjsip/src/pjsip/sip_transaction.c,tsx_schedule_timer,972-987,True,True,True,"HTTP 200: https://raw.githubusercontent.com/pjsip/pjproject/bba95b8a95c0a9e8c1939166fd20083ae9e3e956/pjsip/src/pjsip/sip_transaction.c; verified_symbols=['tsx_schedule_timer']; failed_symbols=[]; cited_ranges=[(972, 987)]; uncovered_ranges=[]"
SIP-TX-01,SIP,auxiliary:2,timer callback dispatch,pjsip/pjproject,"[""timer_a_deadline""]",bba95b8a95c0a9e8c1939166fd20083ae9e3e956,pjsip/src/pjsip/sip_transaction.c,tsx_timer_callback,1116-1195,True,True,True,"HTTP 200: https://raw.githubusercontent.com/pjsip/pjproject/bba95b8a95c0a9e8c1939166fd20083ae9e3e956/pjsip/src/pjsip/sip_transaction.c; verified_symbols=['tsx_timer_callback']; failed_symbols=[]; cited_ranges=[(1116, 1195)]; uncovered_ranges=[]"
SIP-TX-01,SIP,auxiliary:3,runtime timer values,pjsip/pjproject,"[""timer_a_armed_t1"", ""timer_a_deadline""]",bba95b8a95c0a9e8c1939166fd20083ae9e3e956,pjsip/src/pjsip/sip_transaction.c,pjsip_tsx_layer_init_module,432-454,True,True,True,"HTTP 200: https://raw.githubusercontent.com/pjsip/pjproject/bba95b8a95c0a9e8c1939166fd20083ae9e3e956/pjsip/src/pjsip/sip_transaction.c; verified_symbols=['pjsip_tsx_layer_init_module']; failed_symbols=[]; cited_ranges=[(432, 454)]; uncovered_ranges=[]"
SIP-TX-01,SIP,auxiliary:4,T1 default constant,pjsip/pjproject,"[""timer_a_armed_t1"", ""timer_a_deadline""]",bba95b8a95c0a9e8c1939166fd20083ae9e3e956,pjsip/include/pjsip/sip_config.h,PJSIP_T1_TIMEOUT,1075-1077,True,True,True,"HTTP 200: https://raw.githubusercontent.com/pjsip/pjproject/bba95b8a95c0a9e8c1939166fd20083ae9e3e956/pjsip/include/pjsip/sip_config.h; verified_symbols=['PJSIP_T1_TIMEOUT']; failed_symbols=[]; cited_ranges=[(1075, 1077)]; uncovered_ranges=[]"
SIP-TX-01,SIP,auxiliary:5,Calling response/cancel/timeout paths,pjsip/pjproject,"[""invite_transaction_stopped""]",bba95b8a95c0a9e8c1939166fd20083ae9e3e956,pjsip/src/pjsip/sip_transaction.c,tsx_on_state_calling,2540-2651,True,True,True,"HTTP 200: https://raw.githubusercontent.com/pjsip/pjproject/bba95b8a95c0a9e8c1939166fd20083ae9e3e956/pjsip/src/pjsip/sip_transaction.c; verified_symbols=['tsx_on_state_calling']; failed_symbols=[]; cited_ranges=[(2540, 2651)]; uncovered_ranges=[]"
SIP-TX-01,SIP,auxiliary:6,transport error/completion paths,pjsip/pjproject,"[""invite_transaction_stopped""]",bba95b8a95c0a9e8c1939166fd20083ae9e3e956,pjsip/src/pjsip/sip_transaction.c,tsx_tp_state_callback,2110-2137,True,True,True,"HTTP 200: https://raw.githubusercontent.com/pjsip/pjproject/bba95b8a95c0a9e8c1939166fd20083ae9e3e956/pjsip/src/pjsip/sip_transaction.c; verified_symbols=['tsx_tp_state_callback']; failed_symbols=[]; cited_ranges=[(2110, 2137)]; uncovered_ranges=[]"
SIP-TX-02,SIP,primary,primary property hook,pjsip/pjproject,[],bba95b8a95c0a9e8c1939166fd20083ae9e3e956,pjsip/src/pjsip/sip_transaction.c,tsx_on_state_calling,2540-2555,True,True,True,"HTTP 200: https://raw.githubusercontent.com/pjsip/pjproject/bba95b8a95c0a9e8c1939166fd20083ae9e3e956/pjsip/src/pjsip/sip_transaction.c; verified_symbols=['tsx_on_state_calling']; failed_symbols=[]; cited_ranges=[(2540, 2555)]; uncovered_ranges=[]"
SIP-TX-03,SIP,primary,primary property hook,pjsip/pjproject,"[""timer_a_rearmed_2t1"", ""timer_a_deadline""]",bba95b8a95c0a9e8c1939166fd20083ae9e3e956,pjsip/src/pjsip/sip_transaction.c,tsx_resched_retransmission,2336-2378,True,True,True,"HTTP 200: https://raw.githubusercontent.com/pjsip/pjproject/bba95b8a95c0a9e8c1939166fd20083ae9e3e956/pjsip/src/pjsip/sip_transaction.c; verified_symbols=['tsx_resched_retransmission']; failed_symbols=[]; cited_ranges=[(2336, 2378)]; uncovered_ranges=[]"
SIP-TX-03,SIP,auxiliary:1,re-arm and protocol retransmission path,pjsip/pjproject,"[""timer_a_rearmed_2t1"", ""timer_a_deadline""]",bba95b8a95c0a9e8c1939166fd20083ae9e3e956,pjsip/src/pjsip/sip_transaction.c,tsx_retransmit,2383-2425,True,True,True,"HTTP 200: https://raw.githubusercontent.com/pjsip/pjproject/bba95b8a95c0a9e8c1939166fd20083ae9e3e956/pjsip/src/pjsip/sip_transaction.c; verified_symbols=['tsx_retransmit']; failed_symbols=[]; cited_ranges=[(2383, 2425)]; uncovered_ranges=[]"
SIP-TX-03,SIP,auxiliary:2,timer callback dispatch,pjsip/pjproject,"[""timer_a_deadline""]",bba95b8a95c0a9e8c1939166fd20083ae9e3e956,pjsip/src/pjsip/sip_transaction.c,tsx_timer_callback,1116-1195,True,True,True,"HTTP 200: https://raw.githubusercontent.com/pjsip/pjproject/bba95b8a95c0a9e8c1939166fd20083ae9e3e956/pjsip/src/pjsip/sip_transaction.c; verified_symbols=['tsx_timer_callback']; failed_symbols=[]; cited_ranges=[(1116, 1195)]; uncovered_ranges=[]"
SIP-TX-03,SIP,auxiliary:3,Calling response/cancel/timeout paths,pjsip/pjproject,"[""invite_transaction_stopped""]",bba95b8a95c0a9e8c1939166fd20083ae9e3e956,pjsip/src/pjsip/sip_transaction.c,tsx_on_state_calling,2540-2651,True,True,True,"HTTP 200: https://raw.githubusercontent.com/pjsip/pjproject/bba95b8a95c0a9e8c1939166fd20083ae9e3e956/pjsip/src/pjsip/sip_transaction.c; verified_symbols=['tsx_on_state_calling']; failed_symbols=[]; cited_ranges=[(2540, 2651)]; uncovered_ranges=[]"
SIP-TX-03,SIP,auxiliary:4,transport error/completion paths,pjsip/pjproject,"[""invite_transaction_stopped""]",bba95b8a95c0a9e8c1939166fd20083ae9e3e956,pjsip/src/pjsip/sip_transaction.c,tsx_tp_state_callback,2110-2137,True,True,True,"HTTP 200: https://raw.githubusercontent.com/pjsip/pjproject/bba95b8a95c0a9e8c1939166fd20083ae9e3e956/pjsip/src/pjsip/sip_transaction.c; verified_symbols=['tsx_tp_state_callback']; failed_symbols=[]; cited_ranges=[(2110, 2137)]; uncovered_ranges=[]"
SIP-TX-03,SIP,auxiliary:5,runtime timer values,pjsip/pjproject,"[""timer_a_rearmed_2t1"", ""timer_a_deadline""]",bba95b8a95c0a9e8c1939166fd20083ae9e3e956,pjsip/src/pjsip/sip_transaction.c,pjsip_tsx_layer_init_module,432-454,True,True,True,"HTTP 200: https://raw.githubusercontent.com/pjsip/pjproject/bba95b8a95c0a9e8c1939166fd20083ae9e3e956/pjsip/src/pjsip/sip_transaction.c; verified_symbols=['pjsip_tsx_layer_init_module']; failed_symbols=[]; cited_ranges=[(432, 454)]; uncovered_ranges=[]"
SIP-TX-03,SIP,auxiliary:6,T1 default constant,pjsip/pjproject,"[""timer_a_rearmed_2t1"", ""timer_a_deadline""]",bba95b8a95c0a9e8c1939166fd20083ae9e3e956,pjsip/include/pjsip/sip_config.h,PJSIP_T1_TIMEOUT,1075-1077,True,True,True,"HTTP 200: https://raw.githubusercontent.com/pjsip/pjproject/bba95b8a95c0a9e8c1939166fd20083ae9e3e956/pjsip/include/pjsip/sip_config.h; verified_symbols=['PJSIP_T1_TIMEOUT']; failed_symbols=[]; cited_ranges=[(1075, 1077)]; uncovered_ranges=[]"
SIP-TX-04,SIP,primary,primary property hook,pjsip/pjproject,"[""timer_b_armed_64t1"", ""timer_b_deadline""]",bba95b8a95c0a9e8c1939166fd20083ae9e3e956,pjsip/src/pjsip/sip_transaction.c,tsx_on_state_null,2460-2533,True,True,True,"HTTP 200: https://raw.githubusercontent.com/pjsip/pjproject/bba95b8a95c0a9e8c1939166fd20083ae9e3e956/pjsip/src/pjsip/sip_transaction.c; verified_symbols=['tsx_on_state_null']; failed_symbols=[]; cited_ranges=[(2460, 2533)]; uncovered_ranges=[]"
SIP-TX-04,SIP,auxiliary:1,timer scheduling primitive,pjsip/pjproject,"[""timer_b_armed_64t1"", ""timer_b_deadline""]",bba95b8a95c0a9e8c1939166fd20083ae9e3e956,pjsip/src/pjsip/sip_transaction.c,tsx_schedule_timer,972-987,True,True,True,"HTTP 200: https://raw.githubusercontent.com/pjsip/pjproject/bba95b8a95c0a9e8c1939166fd20083ae9e3e956/pjsip/src/pjsip/sip_transaction.c; verified_symbols=['tsx_schedule_timer']; failed_symbols=[]; cited_ranges=[(972, 987)]; uncovered_ranges=[]"
SIP-TX-04,SIP,auxiliary:2,timer callback dispatch,pjsip/pjproject,"[""timer_b_deadline""]",bba95b8a95c0a9e8c1939166fd20083ae9e3e956,pjsip/src/pjsip/sip_transaction.c,tsx_timer_callback,1116-1195,True,True,True,"HTTP 200: https://raw.githubusercontent.com/pjsip/pjproject/bba95b8a95c0a9e8c1939166fd20083ae9e3e956/pjsip/src/pjsip/sip_transaction.c; verified_symbols=['tsx_timer_callback']; failed_symbols=[]; cited_ranges=[(1116, 1195)]; uncovered_ranges=[]"
SIP-TX-04,SIP,auxiliary:3,Calling response/cancel/timeout paths,pjsip/pjproject,"[""invite_provisional_received"", ""invite_final_response_received""]",bba95b8a95c0a9e8c1939166fd20083ae9e3e956,pjsip/src/pjsip/sip_transaction.c,tsx_on_state_calling,2540-2651,True,True,True,"HTTP 200: https://raw.githubusercontent.com/pjsip/pjproject/bba95b8a95c0a9e8c1939166fd20083ae9e3e956/pjsip/src/pjsip/sip_transaction.c; verified_symbols=['tsx_on_state_calling']; failed_symbols=[]; cited_ranges=[(2540, 2651)]; uncovered_ranges=[]"
SIP-TX-04,SIP,auxiliary:4,transport error/completion paths,pjsip/pjproject,"[""invite_transport_error""]",bba95b8a95c0a9e8c1939166fd20083ae9e3e956,pjsip/src/pjsip/sip_transaction.c,tsx_tp_state_callback,2110-2137,True,True,True,"HTTP 200: https://raw.githubusercontent.com/pjsip/pjproject/bba95b8a95c0a9e8c1939166fd20083ae9e3e956/pjsip/src/pjsip/sip_transaction.c; verified_symbols=['tsx_tp_state_callback']; failed_symbols=[]; cited_ranges=[(2110, 2137)]; uncovered_ranges=[]"
SIP-TX-04,SIP,auxiliary:5,runtime timer values,pjsip/pjproject,"[""timer_b_armed_64t1"", ""timer_b_deadline""]",bba95b8a95c0a9e8c1939166fd20083ae9e3e956,pjsip/src/pjsip/sip_transaction.c,pjsip_tsx_layer_init_module,432-454,True,True,True,"HTTP 200: https://raw.githubusercontent.com/pjsip/pjproject/bba95b8a95c0a9e8c1939166fd20083ae9e3e956/pjsip/src/pjsip/sip_transaction.c; verified_symbols=['pjsip_tsx_layer_init_module']; failed_symbols=[]; cited_ranges=[(432, 454)]; uncovered_ranges=[]"
SIP-TX-04,SIP,auxiliary:6,T1 default constant,pjsip/pjproject,"[""timer_b_armed_64t1"", ""timer_b_deadline""]",bba95b8a95c0a9e8c1939166fd20083ae9e3e956,pjsip/include/pjsip/sip_config.h,PJSIP_T1_TIMEOUT,1075-1077,True,True,True,"HTTP 200: https://raw.githubusercontent.com/pjsip/pjproject/bba95b8a95c0a9e8c1939166fd20083ae9e3e956/pjsip/include/pjsip/sip_config.h; verified_symbols=['PJSIP_T1_TIMEOUT']; failed_symbols=[]; cited_ranges=[(1075, 1077)]; uncovered_ranges=[]"
SIP-TX-05,SIP,primary,primary property hook,pjsip/pjproject,"[""invite_entered_proceeding_after_1xx""]",bba95b8a95c0a9e8c1939166fd20083ae9e3e956,pjsip/src/pjsip/sip_transaction.c,tsx_on_state_calling,2540-2651,True,True,True,"HTTP 200: https://raw.githubusercontent.com/pjsip/pjproject/bba95b8a95c0a9e8c1939166fd20083ae9e3e956/pjsip/src/pjsip/sip_transaction.c; verified_symbols=['tsx_on_state_calling']; failed_symbols=[]; cited_ranges=[(2540, 2651)]; uncovered_ranges=[]"
SIP-TX-05,SIP,auxiliary:1,Proceeding UAC timer/response paths,pjsip/pjproject,"[""invite_entered_proceeding_after_1xx""]",bba95b8a95c0a9e8c1939166fd20083ae9e3e956,pjsip/src/pjsip/sip_transaction.c,tsx_on_state_proceeding_uac,2973-3205,True,True,True,"HTTP 200: https://raw.githubusercontent.com/pjsip/pjproject/bba95b8a95c0a9e8c1939166fd20083ae9e3e956/pjsip/src/pjsip/sip_transaction.c; verified_symbols=['tsx_on_state_proceeding_uac']; failed_symbols=[]; cited_ranges=[(2973, 3205)]; uncovered_ranges=[]"
SIP-TX-05,SIP,auxiliary:2,re-arm and protocol retransmission path,pjsip/pjproject,"[""invite_retransmitted""]",bba95b8a95c0a9e8c1939166fd20083ae9e3e956,pjsip/src/pjsip/sip_transaction.c,tsx_retransmit,2383-2425,True,True,True,"HTTP 200: https://raw.githubusercontent.com/pjsip/pjproject/bba95b8a95c0a9e8c1939166fd20083ae9e3e956/pjsip/src/pjsip/sip_transaction.c; verified_symbols=['tsx_retransmit']; failed_symbols=[]; cited_ranges=[(2383, 2425)]; uncovered_ranges=[]"
SIP-TX-05,SIP,auxiliary:3,transport error/completion paths,pjsip/pjproject,"[""invite_entered_proceeding_after_1xx""]",bba95b8a95c0a9e8c1939166fd20083ae9e3e956,pjsip/src/pjsip/sip_transaction.c,tsx_tp_state_callback,2110-2137,True,True,True,"HTTP 200: https://raw.githubusercontent.com/pjsip/pjproject/bba95b8a95c0a9e8c1939166fd20083ae9e3e956/pjsip/src/pjsip/sip_transaction.c; verified_symbols=['tsx_tp_state_callback']; failed_symbols=[]; cited_ranges=[(2110, 2137)]; uncovered_ranges=[]"
SIP-TX-06,SIP,primary,primary property hook,pjsip/pjproject,"[""udp_invite_completed_timer_d_armed""]",bba95b8a95c0a9e8c1939166fd20083ae9e3e956,pjsip/src/pjsip/sip_transaction.c,tsx_on_state_proceeding_uac,2973-3205,True,True,True,"HTTP 200: https://raw.githubusercontent.com/pjsip/pjproject/bba95b8a95c0a9e8c1939166fd20083ae9e3e956/pjsip/src/pjsip/sip_transaction.c; verified_symbols=['tsx_on_state_proceeding_uac']; failed_symbols=[]; cited_ranges=[(2973, 3205)]; uncovered_ranges=[]"
SIP-TX-06,SIP,auxiliary:1,Completed UAC timeout path,pjsip/pjproject,"[""transaction_terminated""]",bba95b8a95c0a9e8c1939166fd20083ae9e3e956,pjsip/src/pjsip/sip_transaction.c,tsx_on_state_completed_uac,3322-3371,True,True,True,"HTTP 200: https://raw.githubusercontent.com/pjsip/pjproject/bba95b8a95c0a9e8c1939166fd20083ae9e3e956/pjsip/src/pjsip/sip_transaction.c; verified_symbols=['tsx_on_state_completed_uac']; failed_symbols=[]; cited_ranges=[(3322, 3371)]; uncovered_ranges=[]"
SIP-TX-06,SIP,auxiliary:2,transport error/completion paths,pjsip/pjproject,"[""client_transport_abort"", ""transaction_terminated""]",bba95b8a95c0a9e8c1939166fd20083ae9e3e956,pjsip/src/pjsip/sip_transaction.c,tsx_tp_state_callback,2110-2137,True,True,True,"HTTP 200: https://raw.githubusercontent.com/pjsip/pjproject/bba95b8a95c0a9e8c1939166fd20083ae9e3e956/pjsip/src/pjsip/sip_transaction.c; verified_symbols=['tsx_tp_state_callback']; failed_symbols=[]; cited_ranges=[(2110, 2137)]; uncovered_ranges=[]"
SIP-TX-06,SIP,auxiliary:3,timer scheduling primitive,pjsip/pjproject,"[""udp_invite_completed_timer_d_armed""]",bba95b8a95c0a9e8c1939166fd20083ae9e3e956,pjsip/src/pjsip/sip_transaction.c,tsx_schedule_timer,972-987,True,True,True,"HTTP 200: https://raw.githubusercontent.com/pjsip/pjproject/bba95b8a95c0a9e8c1939166fd20083ae9e3e956/pjsip/src/pjsip/sip_transaction.c; verified_symbols=['tsx_schedule_timer']; failed_symbols=[]; cited_ranges=[(972, 987)]; uncovered_ranges=[]"
SIP-TX-06,SIP,auxiliary:4,timer callback dispatch,pjsip/pjproject,"[""transaction_terminated""]",bba95b8a95c0a9e8c1939166fd20083ae9e3e956,pjsip/src/pjsip/sip_transaction.c,tsx_timer_callback,1116-1195,True,True,True,"HTTP 200: https://raw.githubusercontent.com/pjsip/pjproject/bba95b8a95c0a9e8c1939166fd20083ae9e3e956/pjsip/src/pjsip/sip_transaction.c; verified_symbols=['tsx_timer_callback']; failed_symbols=[]; cited_ranges=[(1116, 1195)]; uncovered_ranges=[]"
SIP-TX-06,SIP,auxiliary:5,runtime timer values,pjsip/pjproject,"[""udp_invite_completed_timer_d_armed""]",bba95b8a95c0a9e8c1939166fd20083ae9e3e956,pjsip/src/pjsip/sip_transaction.c,pjsip_tsx_layer_init_module,432-454,True,True,True,"HTTP 200: https://raw.githubusercontent.com/pjsip/pjproject/bba95b8a95c0a9e8c1939166fd20083ae9e3e956/pjsip/src/pjsip/sip_transaction.c; verified_symbols=['pjsip_tsx_layer_init_module']; failed_symbols=[]; cited_ranges=[(432, 454)]; uncovered_ranges=[]"
SIP-TX-06,SIP,auxiliary:6,Timer-D default constant,pjsip/pjproject,"[""udp_invite_completed_timer_d_armed""]",bba95b8a95c0a9e8c1939166fd20083ae9e3e956,pjsip/include/pjsip/sip_config.h,PJSIP_TD_TIMEOUT,1089-1092,True,True,True,"HTTP 200: https://raw.githubusercontent.com/pjsip/pjproject/bba95b8a95c0a9e8c1939166fd20083ae9e3e956/pjsip/include/pjsip/sip_config.h; verified_symbols=['PJSIP_TD_TIMEOUT']; failed_symbols=[]; cited_ranges=[(1089, 1092)]; uncovered_ranges=[]"
SIP-TX-07,SIP,primary,primary property hook,pjsip/pjproject,"[""timer_e_armed_t1"", ""timer_e_deadline""]",bba95b8a95c0a9e8c1939166fd20083ae9e3e956,pjsip/src/pjsip/sip_transaction.c,tsx_on_state_null,2460-2533,True,True,True,"HTTP 200: https://raw.githubusercontent.com/pjsip/pjproject/bba95b8a95c0a9e8c1939166fd20083ae9e3e956/pjsip/src/pjsip/sip_transaction.c; verified_symbols=['tsx_on_state_null']; failed_symbols=[]; cited_ranges=[(2460, 2533)]; uncovered_ranges=[]"
SIP-TX-07,SIP,auxiliary:1,timer scheduling primitive,pjsip/pjproject,"[""timer_e_armed_t1"", ""timer_e_deadline""]",bba95b8a95c0a9e8c1939166fd20083ae9e3e956,pjsip/src/pjsip/sip_transaction.c,tsx_schedule_timer,972-987,True,True,True,"HTTP 200: https://raw.githubusercontent.com/pjsip/pjproject/bba95b8a95c0a9e8c1939166fd20083ae9e3e956/pjsip/src/pjsip/sip_transaction.c; verified_symbols=['tsx_schedule_timer']; failed_symbols=[]; cited_ranges=[(972, 987)]; uncovered_ranges=[]"
SIP-TX-07,SIP,auxiliary:2,timer callback dispatch,pjsip/pjproject,"[""timer_e_deadline""]",bba95b8a95c0a9e8c1939166fd20083ae9e3e956,pjsip/src/pjsip/sip_transaction.c,tsx_timer_callback,1116-1195,True,True,True,"HTTP 200: https://raw.githubusercontent.com/pjsip/pjproject/bba95b8a95c0a9e8c1939166fd20083ae9e3e956/pjsip/src/pjsip/sip_transaction.c; verified_symbols=['tsx_timer_callback']; failed_symbols=[]; cited_ranges=[(1116, 1195)]; uncovered_ranges=[]"
SIP-TX-07,SIP,auxiliary:3,Calling response/cancel/timeout paths,pjsip/pjproject,"[""timer_e_rearmed_on_first_1xx"", ""noninvite_final_response_received""]",bba95b8a95c0a9e8c1939166fd20083ae9e3e956,pjsip/src/pjsip/sip_transaction.c,tsx_on_state_calling,2540-2651,True,True,True,"HTTP 200: https://raw.githubusercontent.com/pjsip/pjproject/bba95b8a95c0a9e8c1939166fd20083ae9e3e956/pjsip/src/pjsip/sip_transaction.c; verified_symbols=['tsx_on_state_calling']; failed_symbols=[]; cited_ranges=[(2540, 2651)]; uncovered_ranges=[]"
SIP-TX-07,SIP,auxiliary:4,transport error/completion paths,pjsip/pjproject,"[""noninvite_transport_error""]",bba95b8a95c0a9e8c1939166fd20083ae9e3e956,pjsip/src/pjsip/sip_transaction.c,tsx_tp_state_callback,2110-2137,True,True,True,"HTTP 200: https://raw.githubusercontent.com/pjsip/pjproject/bba95b8a95c0a9e8c1939166fd20083ae9e3e956/pjsip/src/pjsip/sip_transaction.c; verified_symbols=['tsx_tp_state_callback']; failed_symbols=[]; cited_ranges=[(2110, 2137)]; uncovered_ranges=[]"
SIP-TX-07,SIP,auxiliary:5,runtime timer values,pjsip/pjproject,"[""timer_e_armed_t1"", ""timer_e_deadline""]",bba95b8a95c0a9e8c1939166fd20083ae9e3e956,pjsip/src/pjsip/sip_transaction.c,pjsip_tsx_layer_init_module,432-454,True,True,True,"HTTP 200: https://raw.githubusercontent.com/pjsip/pjproject/bba95b8a95c0a9e8c1939166fd20083ae9e3e956/pjsip/src/pjsip/sip_transaction.c; verified_symbols=['pjsip_tsx_layer_init_module']; failed_symbols=[]; cited_ranges=[(432, 454)]; uncovered_ranges=[]"
SIP-TX-07,SIP,auxiliary:6,T1 default constant,pjsip/pjproject,"[""timer_e_armed_t1"", ""timer_e_deadline""]",bba95b8a95c0a9e8c1939166fd20083ae9e3e956,pjsip/include/pjsip/sip_config.h,PJSIP_T1_TIMEOUT,1075-1077,True,True,True,"HTTP 200: https://raw.githubusercontent.com/pjsip/pjproject/bba95b8a95c0a9e8c1939166fd20083ae9e3e956/pjsip/include/pjsip/sip_config.h; verified_symbols=['PJSIP_T1_TIMEOUT']; failed_symbols=[]; cited_ranges=[(1075, 1077)]; uncovered_ranges=[]"
SIP-TX-08,SIP,primary,primary property hook,pjsip/pjproject,[],bba95b8a95c0a9e8c1939166fd20083ae9e3e956,pjsip/src/pjsip/sip_transaction.c,tsx_on_state_calling,2546-2555,True,True,True,"HTTP 200: https://raw.githubusercontent.com/pjsip/pjproject/bba95b8a95c0a9e8c1939166fd20083ae9e3e956/pjsip/src/pjsip/sip_transaction.c; verified_symbols=['tsx_on_state_calling']; failed_symbols=[]; cited_ranges=[(2546, 2555)]; uncovered_ranges=[]"
SIP-TX-09,SIP,primary,primary property hook,pjsip/pjproject,"[""timer_e_rearmed_2t1"", ""timer_e_deadline""]",bba95b8a95c0a9e8c1939166fd20083ae9e3e956,pjsip/src/pjsip/sip_transaction.c,tsx_resched_retransmission,2336-2378,True,True,True,"HTTP 200: https://raw.githubusercontent.com/pjsip/pjproject/bba95b8a95c0a9e8c1939166fd20083ae9e3e956/pjsip/src/pjsip/sip_transaction.c; verified_symbols=['tsx_resched_retransmission']; failed_symbols=[]; cited_ranges=[(2336, 2378)]; uncovered_ranges=[]"
SIP-TX-09,SIP,auxiliary:1,re-arm and protocol retransmission path,pjsip/pjproject,"[""timer_e_rearmed_2t1"", ""timer_e_deadline""]",bba95b8a95c0a9e8c1939166fd20083ae9e3e956,pjsip/src/pjsip/sip_transaction.c,tsx_retransmit,2383-2425,True,True,True,"HTTP 200: https://raw.githubusercontent.com/pjsip/pjproject/bba95b8a95c0a9e8c1939166fd20083ae9e3e956/pjsip/src/pjsip/sip_transaction.c; verified_symbols=['tsx_retransmit']; failed_symbols=[]; cited_ranges=[(2383, 2425)]; uncovered_ranges=[]"
SIP-TX-09,SIP,auxiliary:2,Calling response/cancel/timeout paths,pjsip/pjproject,"[""timer_e_rearmed_on_first_1xx"", ""noninvite_final_response_received""]",bba95b8a95c0a9e8c1939166fd20083ae9e3e956,pjsip/src/pjsip/sip_transaction.c,tsx_on_state_calling,2540-2651,True,True,True,"HTTP 200: https://raw.githubusercontent.com/pjsip/pjproject/bba95b8a95c0a9e8c1939166fd20083ae9e3e956/pjsip/src/pjsip/sip_transaction.c; verified_symbols=['tsx_on_state_calling']; failed_symbols=[]; cited_ranges=[(2540, 2651)]; uncovered_ranges=[]"
SIP-TX-09,SIP,auxiliary:3,transport error/completion paths,pjsip/pjproject,"[""noninvite_transport_error""]",bba95b8a95c0a9e8c1939166fd20083ae9e3e956,pjsip/src/pjsip/sip_transaction.c,tsx_tp_state_callback,2110-2137,True,True,True,"HTTP 200: https://raw.githubusercontent.com/pjsip/pjproject/bba95b8a95c0a9e8c1939166fd20083ae9e3e956/pjsip/src/pjsip/sip_transaction.c; verified_symbols=['tsx_tp_state_callback']; failed_symbols=[]; cited_ranges=[(2110, 2137)]; uncovered_ranges=[]"
SIP-TX-09,SIP,auxiliary:4,timer callback dispatch,pjsip/pjproject,"[""timer_e_deadline""]",bba95b8a95c0a9e8c1939166fd20083ae9e3e956,pjsip/src/pjsip/sip_transaction.c,tsx_timer_callback,1116-1195,True,True,True,"HTTP 200: https://raw.githubusercontent.com/pjsip/pjproject/bba95b8a95c0a9e8c1939166fd20083ae9e3e956/pjsip/src/pjsip/sip_transaction.c; verified_symbols=['tsx_timer_callback']; failed_symbols=[]; cited_ranges=[(1116, 1195)]; uncovered_ranges=[]"
SIP-TX-09,SIP,auxiliary:5,runtime timer values,pjsip/pjproject,"[""timer_e_rearmed_2t1"", ""timer_e_deadline""]",bba95b8a95c0a9e8c1939166fd20083ae9e3e956,pjsip/src/pjsip/sip_transaction.c,pjsip_tsx_layer_init_module,432-454,True,True,True,"HTTP 200: https://raw.githubusercontent.com/pjsip/pjproject/bba95b8a95c0a9e8c1939166fd20083ae9e3e956/pjsip/src/pjsip/sip_transaction.c; verified_symbols=['pjsip_tsx_layer_init_module']; failed_symbols=[]; cited_ranges=[(432, 454)]; uncovered_ranges=[]"
SIP-TX-09,SIP,auxiliary:6,T1 default constant,pjsip/pjproject,"[""timer_e_rearmed_2t1"", ""timer_e_deadline""]",bba95b8a95c0a9e8c1939166fd20083ae9e3e956,pjsip/include/pjsip/sip_config.h,PJSIP_T1_TIMEOUT,1075-1077,True,True,True,"HTTP 200: https://raw.githubusercontent.com/pjsip/pjproject/bba95b8a95c0a9e8c1939166fd20083ae9e3e956/pjsip/include/pjsip/sip_config.h; verified_symbols=['PJSIP_T1_TIMEOUT']; failed_symbols=[]; cited_ranges=[(1075, 1077)]; uncovered_ranges=[]"
SIP-TX-09,SIP,auxiliary:7,T2 default constant,pjsip/pjproject,"[""timer_e_rearmed_2t1"", ""timer_e_deadline""]",bba95b8a95c0a9e8c1939166fd20083ae9e3e956,pjsip/include/pjsip/sip_config.h,PJSIP_T2_TIMEOUT,1079-1082,True,True,True,"HTTP 200: https://raw.githubusercontent.com/pjsip/pjproject/bba95b8a95c0a9e8c1939166fd20083ae9e3e956/pjsip/include/pjsip/sip_config.h; verified_symbols=['PJSIP_T2_TIMEOUT']; failed_symbols=[]; cited_ranges=[(1079, 1082)]; uncovered_ranges=[]"
SIP-TX-10,SIP,primary,primary property hook,pjsip/pjproject,"[""timer_e_fired_in_proceeding_and_rearmed_t2"", ""timer_e_deadline"", ""noninvite_final_response_received""]",bba95b8a95c0a9e8c1939166fd20083ae9e3e956,pjsip/src/pjsip/sip_transaction.c,tsx_on_state_proceeding_uac,2973-3205,True,True,True,"HTTP 200: https://raw.githubusercontent.com/pjsip/pjproject/bba95b8a95c0a9e8c1939166fd20083ae9e3e956/pjsip/src/pjsip/sip_transaction.c; verified_symbols=['tsx_on_state_proceeding_uac']; failed_symbols=[]; cited_ranges=[(2973, 3205)]; uncovered_ranges=[]"
SIP-TX-10,SIP,auxiliary:1,doubling/cap computation,pjsip/pjproject,"[""timer_e_fired_in_proceeding_and_rearmed_t2"", ""timer_e_deadline""]",bba95b8a95c0a9e8c1939166fd20083ae9e3e956,pjsip/src/pjsip/sip_transaction.c,tsx_resched_retransmission,2336-2378,True,True,True,"HTTP 200: https://raw.githubusercontent.com/pjsip/pjproject/bba95b8a95c0a9e8c1939166fd20083ae9e3e956/pjsip/src/pjsip/sip_transaction.c; verified_symbols=['tsx_resched_retransmission']; failed_symbols=[]; cited_ranges=[(2336, 2378)]; uncovered_ranges=[]"
SIP-TX-10,SIP,auxiliary:2,re-arm and protocol retransmission path,pjsip/pjproject,"[""timer_e_fired_in_proceeding_and_rearmed_t2"", ""timer_e_deadline""]",bba95b8a95c0a9e8c1939166fd20083ae9e3e956,pjsip/src/pjsip/sip_transaction.c,tsx_retransmit,2383-2425,True,True,True,"HTTP 200: https://raw.githubusercontent.com/pjsip/pjproject/bba95b8a95c0a9e8c1939166fd20083ae9e3e956/pjsip/src/pjsip/sip_transaction.c; verified_symbols=['tsx_retransmit']; failed_symbols=[]; cited_ranges=[(2383, 2425)]; uncovered_ranges=[]"
SIP-TX-10,SIP,auxiliary:3,transport error/completion paths,pjsip/pjproject,"[""noninvite_transport_error""]",bba95b8a95c0a9e8c1939166fd20083ae9e3e956,pjsip/src/pjsip/sip_transaction.c,tsx_tp_state_callback,2110-2137,True,True,True,"HTTP 200: https://raw.githubusercontent.com/pjsip/pjproject/bba95b8a95c0a9e8c1939166fd20083ae9e3e956/pjsip/src/pjsip/sip_transaction.c; verified_symbols=['tsx_tp_state_callback']; failed_symbols=[]; cited_ranges=[(2110, 2137)]; uncovered_ranges=[]"
SIP-TX-10,SIP,auxiliary:4,timer callback dispatch,pjsip/pjproject,"[""timer_e_deadline""]",bba95b8a95c0a9e8c1939166fd20083ae9e3e956,pjsip/src/pjsip/sip_transaction.c,tsx_timer_callback,1116-1195,True,True,True,"HTTP 200: https://raw.githubusercontent.com/pjsip/pjproject/bba95b8a95c0a9e8c1939166fd20083ae9e3e956/pjsip/src/pjsip/sip_transaction.c; verified_symbols=['tsx_timer_callback']; failed_symbols=[]; cited_ranges=[(1116, 1195)]; uncovered_ranges=[]"
SIP-TX-10,SIP,auxiliary:5,runtime timer values,pjsip/pjproject,"[""timer_e_fired_in_proceeding_and_rearmed_t2"", ""timer_e_deadline""]",bba95b8a95c0a9e8c1939166fd20083ae9e3e956,pjsip/src/pjsip/sip_transaction.c,pjsip_tsx_layer_init_module,432-454,True,True,True,"HTTP 200: https://raw.githubusercontent.com/pjsip/pjproject/bba95b8a95c0a9e8c1939166fd20083ae9e3e956/pjsip/src/pjsip/sip_transaction.c; verified_symbols=['pjsip_tsx_layer_init_module']; failed_symbols=[]; cited_ranges=[(432, 454)]; uncovered_ranges=[]"
SIP-TX-10,SIP,auxiliary:6,T2 default constant,pjsip/pjproject,"[""timer_e_fired_in_proceeding_and_rearmed_t2"", ""timer_e_deadline""]",bba95b8a95c0a9e8c1939166fd20083ae9e3e956,pjsip/include/pjsip/sip_config.h,PJSIP_T2_TIMEOUT,1079-1082,True,True,True,"HTTP 200: https://raw.githubusercontent.com/pjsip/pjproject/bba95b8a95c0a9e8c1939166fd20083ae9e3e956/pjsip/include/pjsip/sip_config.h; verified_symbols=['PJSIP_T2_TIMEOUT']; failed_symbols=[]; cited_ranges=[(1079, 1082)]; uncovered_ranges=[]"
SIP-TX-11,SIP,primary,primary property hook,pjsip/pjproject,"[""timer_f_armed_64t1"", ""timer_f_deadline""]",bba95b8a95c0a9e8c1939166fd20083ae9e3e956,pjsip/src/pjsip/sip_transaction.c,tsx_on_state_null,2460-2533,True,True,True,"HTTP 200: https://raw.githubusercontent.com/pjsip/pjproject/bba95b8a95c0a9e8c1939166fd20083ae9e3e956/pjsip/src/pjsip/sip_transaction.c; verified_symbols=['tsx_on_state_null']; failed_symbols=[]; cited_ranges=[(2460, 2533)]; uncovered_ranges=[]"
SIP-TX-11,SIP,auxiliary:1,Calling response/cancel/timeout paths,pjsip/pjproject,"[""noninvite_final_response_received""]",bba95b8a95c0a9e8c1939166fd20083ae9e3e956,pjsip/src/pjsip/sip_transaction.c,tsx_on_state_calling,2540-2651,True,True,True,"HTTP 200: https://raw.githubusercontent.com/pjsip/pjproject/bba95b8a95c0a9e8c1939166fd20083ae9e3e956/pjsip/src/pjsip/sip_transaction.c; verified_symbols=['tsx_on_state_calling']; failed_symbols=[]; cited_ranges=[(2540, 2651)]; uncovered_ranges=[]"
SIP-TX-11,SIP,auxiliary:2,Proceeding UAC timer/response paths,pjsip/pjproject,"[""noninvite_final_response_received""]",bba95b8a95c0a9e8c1939166fd20083ae9e3e956,pjsip/src/pjsip/sip_transaction.c,tsx_on_state_proceeding_uac,2973-3205,True,True,True,"HTTP 200: https://raw.githubusercontent.com/pjsip/pjproject/bba95b8a95c0a9e8c1939166fd20083ae9e3e956/pjsip/src/pjsip/sip_transaction.c; verified_symbols=['tsx_on_state_proceeding_uac']; failed_symbols=[]; cited_ranges=[(2973, 3205)]; uncovered_ranges=[]"
SIP-TX-11,SIP,auxiliary:3,transport error/completion paths,pjsip/pjproject,"[""noninvite_transport_error""]",bba95b8a95c0a9e8c1939166fd20083ae9e3e956,pjsip/src/pjsip/sip_transaction.c,tsx_tp_state_callback,2110-2137,True,True,True,"HTTP 200: https://raw.githubusercontent.com/pjsip/pjproject/bba95b8a95c0a9e8c1939166fd20083ae9e3e956/pjsip/src/pjsip/sip_transaction.c; verified_symbols=['tsx_tp_state_callback']; failed_symbols=[]; cited_ranges=[(2110, 2137)]; uncovered_ranges=[]"
SIP-TX-11,SIP,auxiliary:4,timer scheduling primitive,pjsip/pjproject,"[""timer_f_armed_64t1"", ""timer_f_deadline""]",bba95b8a95c0a9e8c1939166fd20083ae9e3e956,pjsip/src/pjsip/sip_transaction.c,tsx_schedule_timer,972-987,True,True,True,"HTTP 200: https://raw.githubusercontent.com/pjsip/pjproject/bba95b8a95c0a9e8c1939166fd20083ae9e3e956/pjsip/src/pjsip/sip_transaction.c; verified_symbols=['tsx_schedule_timer']; failed_symbols=[]; cited_ranges=[(972, 987)]; uncovered_ranges=[]"
SIP-TX-11,SIP,auxiliary:5,timer callback dispatch,pjsip/pjproject,"[""timer_f_deadline""]",bba95b8a95c0a9e8c1939166fd20083ae9e3e956,pjsip/src/pjsip/sip_transaction.c,tsx_timer_callback,1116-1195,True,True,True,"HTTP 200: https://raw.githubusercontent.com/pjsip/pjproject/bba95b8a95c0a9e8c1939166fd20083ae9e3e956/pjsip/src/pjsip/sip_transaction.c; verified_symbols=['tsx_timer_callback']; failed_symbols=[]; cited_ranges=[(1116, 1195)]; uncovered_ranges=[]"
SIP-TX-11,SIP,auxiliary:6,runtime timer values,pjsip/pjproject,"[""timer_f_armed_64t1"", ""timer_f_deadline""]",bba95b8a95c0a9e8c1939166fd20083ae9e3e956,pjsip/src/pjsip/sip_transaction.c,pjsip_tsx_layer_init_module,432-454,True,True,True,"HTTP 200: https://raw.githubusercontent.com/pjsip/pjproject/bba95b8a95c0a9e8c1939166fd20083ae9e3e956/pjsip/src/pjsip/sip_transaction.c; verified_symbols=['pjsip_tsx_layer_init_module']; failed_symbols=[]; cited_ranges=[(432, 454)]; uncovered_ranges=[]"
SIP-TX-11,SIP,auxiliary:7,T1 default constant,pjsip/pjproject,"[""timer_f_armed_64t1"", ""timer_f_deadline""]",bba95b8a95c0a9e8c1939166fd20083ae9e3e956,pjsip/include/pjsip/sip_config.h,PJSIP_T1_TIMEOUT,1075-1077,True,True,True,"HTTP 200: https://raw.githubusercontent.com/pjsip/pjproject/bba95b8a95c0a9e8c1939166fd20083ae9e3e956/pjsip/include/pjsip/sip_config.h; verified_symbols=['PJSIP_T1_TIMEOUT']; failed_symbols=[]; cited_ranges=[(1075, 1077)]; uncovered_ranges=[]"
SIP-TX-12,SIP,primary,primary property hook,pjsip/pjproject,"[""udp_noninvite_completed_timer_k_armed""]",bba95b8a95c0a9e8c1939166fd20083ae9e3e956,pjsip/src/pjsip/sip_transaction.c,tsx_on_state_proceeding_uac,2973-3205,True,True,True,"HTTP 200: https://raw.githubusercontent.com/pjsip/pjproject/bba95b8a95c0a9e8c1939166fd20083ae9e3e956/pjsip/src/pjsip/sip_transaction.c; verified_symbols=['tsx_on_state_proceeding_uac']; failed_symbols=[]; cited_ranges=[(2973, 3205)]; uncovered_ranges=[]"
SIP-TX-12,SIP,auxiliary:1,Completed UAC timeout path,pjsip/pjproject,"[""transaction_terminated""]",bba95b8a95c0a9e8c1939166fd20083ae9e3e956,pjsip/src/pjsip/sip_transaction.c,tsx_on_state_completed_uac,3322-3371,True,True,True,"HTTP 200: https://raw.githubusercontent.com/pjsip/pjproject/bba95b8a95c0a9e8c1939166fd20083ae9e3e956/pjsip/src/pjsip/sip_transaction.c; verified_symbols=['tsx_on_state_completed_uac']; failed_symbols=[]; cited_ranges=[(3322, 3371)]; uncovered_ranges=[]"
SIP-TX-12,SIP,auxiliary:2,transport error/completion paths,pjsip/pjproject,"[""client_transport_abort"", ""transaction_terminated""]",bba95b8a95c0a9e8c1939166fd20083ae9e3e956,pjsip/src/pjsip/sip_transaction.c,tsx_tp_state_callback,2110-2137,True,True,True,"HTTP 200: https://raw.githubusercontent.com/pjsip/pjproject/bba95b8a95c0a9e8c1939166fd20083ae9e3e956/pjsip/src/pjsip/sip_transaction.c; verified_symbols=['tsx_tp_state_callback']; failed_symbols=[]; cited_ranges=[(2110, 2137)]; uncovered_ranges=[]"
SIP-TX-12,SIP,auxiliary:3,timer scheduling primitive,pjsip/pjproject,"[""udp_noninvite_completed_timer_k_armed""]",bba95b8a95c0a9e8c1939166fd20083ae9e3e956,pjsip/src/pjsip/sip_transaction.c,tsx_schedule_timer,972-987,True,True,True,"HTTP 200: https://raw.githubusercontent.com/pjsip/pjproject/bba95b8a95c0a9e8c1939166fd20083ae9e3e956/pjsip/src/pjsip/sip_transaction.c; verified_symbols=['tsx_schedule_timer']; failed_symbols=[]; cited_ranges=[(972, 987)]; uncovered_ranges=[]"
SIP-TX-12,SIP,auxiliary:4,timer callback dispatch,pjsip/pjproject,"[""transaction_terminated""]",bba95b8a95c0a9e8c1939166fd20083ae9e3e956,pjsip/src/pjsip/sip_transaction.c,tsx_timer_callback,1116-1195,True,True,True,"HTTP 200: https://raw.githubusercontent.com/pjsip/pjproject/bba95b8a95c0a9e8c1939166fd20083ae9e3e956/pjsip/src/pjsip/sip_transaction.c; verified_symbols=['tsx_timer_callback']; failed_symbols=[]; cited_ranges=[(1116, 1195)]; uncovered_ranges=[]"
SIP-TX-12,SIP,auxiliary:5,runtime timer values,pjsip/pjproject,"[""udp_noninvite_completed_timer_k_armed""]",bba95b8a95c0a9e8c1939166fd20083ae9e3e956,pjsip/src/pjsip/sip_transaction.c,pjsip_tsx_layer_init_module,432-454,True,True,True,"HTTP 200: https://raw.githubusercontent.com/pjsip/pjproject/bba95b8a95c0a9e8c1939166fd20083ae9e3e956/pjsip/src/pjsip/sip_transaction.c; verified_symbols=['pjsip_tsx_layer_init_module']; failed_symbols=[]; cited_ranges=[(432, 454)]; uncovered_ranges=[]"
SIP-TX-12,SIP,auxiliary:6,T4 default constant,pjsip/pjproject,"[""udp_noninvite_completed_timer_k_armed""]",bba95b8a95c0a9e8c1939166fd20083ae9e3e956,pjsip/include/pjsip/sip_config.h,PJSIP_T4_TIMEOUT,1084-1087,True,True,True,"HTTP 200: https://raw.githubusercontent.com/pjsip/pjproject/bba95b8a95c0a9e8c1939166fd20083ae9e3e956/pjsip/include/pjsip/sip_config.h; verified_symbols=['PJSIP_T4_TIMEOUT']; failed_symbols=[]; cited_ranges=[(1084, 1087)]; uncovered_ranges=[]"
SIP-TX-13,SIP,primary,primary property hook,pjsip/pjproject,"[""timer_g_armed_t1"", ""timer_g_deadline""]",bba95b8a95c0a9e8c1939166fd20083ae9e3e956,pjsip/src/pjsip/sip_transaction.c,tsx_on_state_proceeding_uas,2701-2965,True,True,True,"HTTP 200: https://raw.githubusercontent.com/pjsip/pjproject/bba95b8a95c0a9e8c1939166fd20083ae9e3e956/pjsip/src/pjsip/sip_transaction.c; verified_symbols=['tsx_on_state_proceeding_uas']; failed_symbols=[]; cited_ranges=[(2701, 2965)]; uncovered_ranges=[]"
SIP-TX-13,SIP,auxiliary:1,Completed UAS ACK/timer paths,pjsip/pjproject,"[""matched_non2xx_ack"", ""timer_g_deadline""]",bba95b8a95c0a9e8c1939166fd20083ae9e3e956,pjsip/src/pjsip/sip_transaction.c,tsx_on_state_completed_uas,3211-3316,True,True,True,"HTTP 200: https://raw.githubusercontent.com/pjsip/pjproject/bba95b8a95c0a9e8c1939166fd20083ae9e3e956/pjsip/src/pjsip/sip_transaction.c; verified_symbols=['tsx_on_state_completed_uas']; failed_symbols=[]; cited_ranges=[(3211, 3316)]; uncovered_ranges=[]"
SIP-TX-13,SIP,auxiliary:2,transport error/completion paths,pjsip/pjproject,"[""server_transport_error""]",bba95b8a95c0a9e8c1939166fd20083ae9e3e956,pjsip/src/pjsip/sip_transaction.c,tsx_tp_state_callback,2110-2137,True,True,True,"HTTP 200: https://raw.githubusercontent.com/pjsip/pjproject/bba95b8a95c0a9e8c1939166fd20083ae9e3e956/pjsip/src/pjsip/sip_transaction.c; verified_symbols=['tsx_tp_state_callback']; failed_symbols=[]; cited_ranges=[(2110, 2137)]; uncovered_ranges=[]"
SIP-TX-13,SIP,auxiliary:3,timer scheduling primitive,pjsip/pjproject,"[""timer_g_armed_t1"", ""timer_g_deadline""]",bba95b8a95c0a9e8c1939166fd20083ae9e3e956,pjsip/src/pjsip/sip_transaction.c,tsx_schedule_timer,972-987,True,True,True,"HTTP 200: https://raw.githubusercontent.com/pjsip/pjproject/bba95b8a95c0a9e8c1939166fd20083ae9e3e956/pjsip/src/pjsip/sip_transaction.c; verified_symbols=['tsx_schedule_timer']; failed_symbols=[]; cited_ranges=[(972, 987)]; uncovered_ranges=[]"
SIP-TX-13,SIP,auxiliary:4,timer callback dispatch,pjsip/pjproject,"[""timer_g_deadline""]",bba95b8a95c0a9e8c1939166fd20083ae9e3e956,pjsip/src/pjsip/sip_transaction.c,tsx_timer_callback,1116-1195,True,True,True,"HTTP 200: https://raw.githubusercontent.com/pjsip/pjproject/bba95b8a95c0a9e8c1939166fd20083ae9e3e956/pjsip/src/pjsip/sip_transaction.c; verified_symbols=['tsx_timer_callback']; failed_symbols=[]; cited_ranges=[(1116, 1195)]; uncovered_ranges=[]"
SIP-TX-13,SIP,auxiliary:5,runtime timer values,pjsip/pjproject,"[""timer_g_armed_t1"", ""timer_g_deadline""]",bba95b8a95c0a9e8c1939166fd20083ae9e3e956,pjsip/src/pjsip/sip_transaction.c,pjsip_tsx_layer_init_module,432-454,True,True,True,"HTTP 200: https://raw.githubusercontent.com/pjsip/pjproject/bba95b8a95c0a9e8c1939166fd20083ae9e3e956/pjsip/src/pjsip/sip_transaction.c; verified_symbols=['pjsip_tsx_layer_init_module']; failed_symbols=[]; cited_ranges=[(432, 454)]; uncovered_ranges=[]"
SIP-TX-13,SIP,auxiliary:6,T1 default constant,pjsip/pjproject,"[""timer_g_armed_t1"", ""timer_g_deadline""]",bba95b8a95c0a9e8c1939166fd20083ae9e3e956,pjsip/include/pjsip/sip_config.h,PJSIP_T1_TIMEOUT,1075-1077,True,True,True,"HTTP 200: https://raw.githubusercontent.com/pjsip/pjproject/bba95b8a95c0a9e8c1939166fd20083ae9e3e956/pjsip/include/pjsip/sip_config.h; verified_symbols=['PJSIP_T1_TIMEOUT']; failed_symbols=[]; cited_ranges=[(1075, 1077)]; uncovered_ranges=[]"
SIP-TX-14,SIP,primary,primary property hook,pjsip/pjproject,[],bba95b8a95c0a9e8c1939166fd20083ae9e3e956,pjsip/src/pjsip/sip_transaction.c,tsx_on_state_proceeding_uas,2928-2944,True,True,True,"HTTP 200: https://raw.githubusercontent.com/pjsip/pjproject/bba95b8a95c0a9e8c1939166fd20083ae9e3e956/pjsip/src/pjsip/sip_transaction.c; verified_symbols=['tsx_on_state_proceeding_uas']; failed_symbols=[]; cited_ranges=[(2928, 2944)]; uncovered_ranges=[]"
SIP-TX-15,SIP,primary,primary property hook,pjsip/pjproject,"[""timer_g_rearmed_min_2old_t2"", ""timer_g_deadline""]",bba95b8a95c0a9e8c1939166fd20083ae9e3e956,pjsip/src/pjsip/sip_transaction.c,tsx_resched_retransmission,2336-2378,True,True,True,"HTTP 200: https://raw.githubusercontent.com/pjsip/pjproject/bba95b8a95c0a9e8c1939166fd20083ae9e3e956/pjsip/src/pjsip/sip_transaction.c; verified_symbols=['tsx_resched_retransmission']; failed_symbols=[]; cited_ranges=[(2336, 2378)]; uncovered_ranges=[]"
SIP-TX-15,SIP,auxiliary:1,re-arm and protocol retransmission path,pjsip/pjproject,"[""timer_g_rearmed_min_2old_t2"", ""timer_g_deadline""]",bba95b8a95c0a9e8c1939166fd20083ae9e3e956,pjsip/src/pjsip/sip_transaction.c,tsx_retransmit,2383-2425,True,True,True,"HTTP 200: https://raw.githubusercontent.com/pjsip/pjproject/bba95b8a95c0a9e8c1939166fd20083ae9e3e956/pjsip/src/pjsip/sip_transaction.c; verified_symbols=['tsx_retransmit']; failed_symbols=[]; cited_ranges=[(2383, 2425)]; uncovered_ranges=[]"
SIP-TX-15,SIP,auxiliary:2,Completed UAS ACK/timer paths,pjsip/pjproject,"[""matched_non2xx_ack"", ""timer_g_deadline""]",bba95b8a95c0a9e8c1939166fd20083ae9e3e956,pjsip/src/pjsip/sip_transaction.c,tsx_on_state_completed_uas,3211-3316,True,True,True,"HTTP 200: https://raw.githubusercontent.com/pjsip/pjproject/bba95b8a95c0a9e8c1939166fd20083ae9e3e956/pjsip/src/pjsip/sip_transaction.c; verified_symbols=['tsx_on_state_completed_uas']; failed_symbols=[]; cited_ranges=[(3211, 3316)]; uncovered_ranges=[]"
SIP-TX-15,SIP,auxiliary:3,transport error/completion paths,pjsip/pjproject,"[""server_transport_error""]",bba95b8a95c0a9e8c1939166fd20083ae9e3e956,pjsip/src/pjsip/sip_transaction.c,tsx_tp_state_callback,2110-2137,True,True,True,"HTTP 200: https://raw.githubusercontent.com/pjsip/pjproject/bba95b8a95c0a9e8c1939166fd20083ae9e3e956/pjsip/src/pjsip/sip_transaction.c; verified_symbols=['tsx_tp_state_callback']; failed_symbols=[]; cited_ranges=[(2110, 2137)]; uncovered_ranges=[]"
SIP-TX-15,SIP,auxiliary:4,timer callback dispatch,pjsip/pjproject,"[""timer_g_deadline""]",bba95b8a95c0a9e8c1939166fd20083ae9e3e956,pjsip/src/pjsip/sip_transaction.c,tsx_timer_callback,1116-1195,True,True,True,"HTTP 200: https://raw.githubusercontent.com/pjsip/pjproject/bba95b8a95c0a9e8c1939166fd20083ae9e3e956/pjsip/src/pjsip/sip_transaction.c; verified_symbols=['tsx_timer_callback']; failed_symbols=[]; cited_ranges=[(1116, 1195)]; uncovered_ranges=[]"
SIP-TX-15,SIP,auxiliary:5,runtime timer values,pjsip/pjproject,"[""timer_g_rearmed_min_2old_t2"", ""timer_g_deadline""]",bba95b8a95c0a9e8c1939166fd20083ae9e3e956,pjsip/src/pjsip/sip_transaction.c,pjsip_tsx_layer_init_module,432-454,True,True,True,"HTTP 200: https://raw.githubusercontent.com/pjsip/pjproject/bba95b8a95c0a9e8c1939166fd20083ae9e3e956/pjsip/src/pjsip/sip_transaction.c; verified_symbols=['pjsip_tsx_layer_init_module']; failed_symbols=[]; cited_ranges=[(432, 454)]; uncovered_ranges=[]"
SIP-TX-15,SIP,auxiliary:6,T1 default constant,pjsip/pjproject,"[""timer_g_rearmed_min_2old_t2"", ""timer_g_deadline""]",bba95b8a95c0a9e8c1939166fd20083ae9e3e956,pjsip/include/pjsip/sip_config.h,PJSIP_T1_TIMEOUT,1075-1077,True,True,True,"HTTP 200: https://raw.githubusercontent.com/pjsip/pjproject/bba95b8a95c0a9e8c1939166fd20083ae9e3e956/pjsip/include/pjsip/sip_config.h; verified_symbols=['PJSIP_T1_TIMEOUT']; failed_symbols=[]; cited_ranges=[(1075, 1077)]; uncovered_ranges=[]"
SIP-TX-15,SIP,auxiliary:7,T2 default constant,pjsip/pjproject,"[""timer_g_rearmed_min_2old_t2"", ""timer_g_deadline""]",bba95b8a95c0a9e8c1939166fd20083ae9e3e956,pjsip/include/pjsip/sip_config.h,PJSIP_T2_TIMEOUT,1079-1082,True,True,True,"HTTP 200: https://raw.githubusercontent.com/pjsip/pjproject/bba95b8a95c0a9e8c1939166fd20083ae9e3e956/pjsip/include/pjsip/sip_config.h; verified_symbols=['PJSIP_T2_TIMEOUT']; failed_symbols=[]; cited_ranges=[(1079, 1082)]; uncovered_ranges=[]"
SIP-TX-16,SIP,primary,primary property hook,pjsip/pjproject,"[""timer_h_armed_64t1"", ""timer_h_deadline""]",bba95b8a95c0a9e8c1939166fd20083ae9e3e956,pjsip/src/pjsip/sip_transaction.c,tsx_on_state_proceeding_uas,2701-2965,True,True,True,"HTTP 200: https://raw.githubusercontent.com/pjsip/pjproject/bba95b8a95c0a9e8c1939166fd20083ae9e3e956/pjsip/src/pjsip/sip_transaction.c; verified_symbols=['tsx_on_state_proceeding_uas']; failed_symbols=[]; cited_ranges=[(2701, 2965)]; uncovered_ranges=[]"
SIP-TX-16,SIP,auxiliary:1,Completed UAS ACK/timer paths,pjsip/pjproject,"[""matched_non2xx_ack"", ""timer_h_deadline""]",bba95b8a95c0a9e8c1939166fd20083ae9e3e956,pjsip/src/pjsip/sip_transaction.c,tsx_on_state_completed_uas,3211-3316,True,True,True,"HTTP 200: https://raw.githubusercontent.com/pjsip/pjproject/bba95b8a95c0a9e8c1939166fd20083ae9e3e956/pjsip/src/pjsip/sip_transaction.c; verified_symbols=['tsx_on_state_completed_uas']; failed_symbols=[]; cited_ranges=[(3211, 3316)]; uncovered_ranges=[]"
SIP-TX-16,SIP,auxiliary:2,transport error/completion paths,pjsip/pjproject,"[""server_transport_error""]",bba95b8a95c0a9e8c1939166fd20083ae9e3e956,pjsip/src/pjsip/sip_transaction.c,tsx_tp_state_callback,2110-2137,True,True,True,"HTTP 200: https://raw.githubusercontent.com/pjsip/pjproject/bba95b8a95c0a9e8c1939166fd20083ae9e3e956/pjsip/src/pjsip/sip_transaction.c; verified_symbols=['tsx_tp_state_callback']; failed_symbols=[]; cited_ranges=[(2110, 2137)]; uncovered_ranges=[]"
SIP-TX-16,SIP,auxiliary:3,timer scheduling primitive,pjsip/pjproject,"[""timer_h_armed_64t1"", ""timer_h_deadline""]",bba95b8a95c0a9e8c1939166fd20083ae9e3e956,pjsip/src/pjsip/sip_transaction.c,tsx_schedule_timer,972-987,True,True,True,"HTTP 200: https://raw.githubusercontent.com/pjsip/pjproject/bba95b8a95c0a9e8c1939166fd20083ae9e3e956/pjsip/src/pjsip/sip_transaction.c; verified_symbols=['tsx_schedule_timer']; failed_symbols=[]; cited_ranges=[(972, 987)]; uncovered_ranges=[]"
SIP-TX-16,SIP,auxiliary:4,timer callback dispatch,pjsip/pjproject,"[""timer_h_deadline""]",bba95b8a95c0a9e8c1939166fd20083ae9e3e956,pjsip/src/pjsip/sip_transaction.c,tsx_timer_callback,1116-1195,True,True,True,"HTTP 200: https://raw.githubusercontent.com/pjsip/pjproject/bba95b8a95c0a9e8c1939166fd20083ae9e3e956/pjsip/src/pjsip/sip_transaction.c; verified_symbols=['tsx_timer_callback']; failed_symbols=[]; cited_ranges=[(1116, 1195)]; uncovered_ranges=[]"
SIP-TX-16,SIP,auxiliary:5,runtime timer values,pjsip/pjproject,"[""timer_h_armed_64t1"", ""timer_h_deadline""]",bba95b8a95c0a9e8c1939166fd20083ae9e3e956,pjsip/src/pjsip/sip_transaction.c,pjsip_tsx_layer_init_module,432-454,True,True,True,"HTTP 200: https://raw.githubusercontent.com/pjsip/pjproject/bba95b8a95c0a9e8c1939166fd20083ae9e3e956/pjsip/src/pjsip/sip_transaction.c; verified_symbols=['pjsip_tsx_layer_init_module']; failed_symbols=[]; cited_ranges=[(432, 454)]; uncovered_ranges=[]"
SIP-TX-16,SIP,auxiliary:6,T1 default constant,pjsip/pjproject,"[""timer_h_armed_64t1"", ""timer_h_deadline""]",bba95b8a95c0a9e8c1939166fd20083ae9e3e956,pjsip/include/pjsip/sip_config.h,PJSIP_T1_TIMEOUT,1075-1077,True,True,True,"HTTP 200: https://raw.githubusercontent.com/pjsip/pjproject/bba95b8a95c0a9e8c1939166fd20083ae9e3e956/pjsip/include/pjsip/sip_config.h; verified_symbols=['PJSIP_T1_TIMEOUT']; failed_symbols=[]; cited_ranges=[(1075, 1077)]; uncovered_ranges=[]"
SIP-TX-17,SIP,primary,primary property hook,pjsip/pjproject,"[""matched_non2xx_ack_post_timer_g_cancel""]",bba95b8a95c0a9e8c1939166fd20083ae9e3e956,pjsip/src/pjsip/sip_transaction.c,tsx_on_state_completed_uas,3211-3316,True,True,True,"HTTP 200: https://raw.githubusercontent.com/pjsip/pjproject/bba95b8a95c0a9e8c1939166fd20083ae9e3e956/pjsip/src/pjsip/sip_transaction.c; verified_symbols=['tsx_on_state_completed_uas']; failed_symbols=[]; cited_ranges=[(3211, 3316)]; uncovered_ranges=[]"
SIP-TX-17,SIP,auxiliary:1,re-arm and protocol retransmission path,pjsip/pjproject,"[""final_response_retransmitted""]",bba95b8a95c0a9e8c1939166fd20083ae9e3e956,pjsip/src/pjsip/sip_transaction.c,tsx_retransmit,2383-2425,True,True,True,"HTTP 200: https://raw.githubusercontent.com/pjsip/pjproject/bba95b8a95c0a9e8c1939166fd20083ae9e3e956/pjsip/src/pjsip/sip_transaction.c; verified_symbols=['tsx_retransmit']; failed_symbols=[]; cited_ranges=[(2383, 2425)]; uncovered_ranges=[]"
SIP-TX-17,SIP,auxiliary:2,Confirmed Timer-I callback path,pjsip/pjproject,"[""matched_non2xx_ack_post_timer_g_cancel""]",bba95b8a95c0a9e8c1939166fd20083ae9e3e956,pjsip/src/pjsip/sip_transaction.c,tsx_on_state_confirmed,3377-3422,True,True,True,"HTTP 200: https://raw.githubusercontent.com/pjsip/pjproject/bba95b8a95c0a9e8c1939166fd20083ae9e3e956/pjsip/src/pjsip/sip_transaction.c; verified_symbols=['tsx_on_state_confirmed']; failed_symbols=[]; cited_ranges=[(3377, 3422)]; uncovered_ranges=[]"
SIP-TX-18,SIP,primary,primary property hook,pjsip/pjproject,"[""udp_confirmed_timer_i_armed""]",bba95b8a95c0a9e8c1939166fd20083ae9e3e956,pjsip/src/pjsip/sip_transaction.c,tsx_on_state_completed_uas,3211-3316,True,True,True,"HTTP 200: https://raw.githubusercontent.com/pjsip/pjproject/bba95b8a95c0a9e8c1939166fd20083ae9e3e956/pjsip/src/pjsip/sip_transaction.c; verified_symbols=['tsx_on_state_completed_uas']; failed_symbols=[]; cited_ranges=[(3211, 3316)]; uncovered_ranges=[]"
SIP-TX-18,SIP,auxiliary:1,Confirmed Timer-I callback path,pjsip/pjproject,"[""timer_i_deadline""]",bba95b8a95c0a9e8c1939166fd20083ae9e3e956,pjsip/src/pjsip/sip_transaction.c,tsx_on_state_confirmed,3377-3422,True,True,True,"HTTP 200: https://raw.githubusercontent.com/pjsip/pjproject/bba95b8a95c0a9e8c1939166fd20083ae9e3e956/pjsip/src/pjsip/sip_transaction.c; verified_symbols=['tsx_on_state_confirmed']; failed_symbols=[]; cited_ranges=[(3377, 3422)]; uncovered_ranges=[]"
SIP-TX-18,SIP,auxiliary:2,timer scheduling primitive,pjsip/pjproject,"[""udp_confirmed_timer_i_armed"", ""timer_i_deadline""]",bba95b8a95c0a9e8c1939166fd20083ae9e3e956,pjsip/src/pjsip/sip_transaction.c,tsx_schedule_timer,972-987,True,True,True,"HTTP 200: https://raw.githubusercontent.com/pjsip/pjproject/bba95b8a95c0a9e8c1939166fd20083ae9e3e956/pjsip/src/pjsip/sip_transaction.c; verified_symbols=['tsx_schedule_timer']; failed_symbols=[]; cited_ranges=[(972, 987)]; uncovered_ranges=[]"
SIP-TX-18,SIP,auxiliary:3,timer callback dispatch,pjsip/pjproject,"[""timer_i_deadline""]",bba95b8a95c0a9e8c1939166fd20083ae9e3e956,pjsip/src/pjsip/sip_transaction.c,tsx_timer_callback,1116-1195,True,True,True,"HTTP 200: https://raw.githubusercontent.com/pjsip/pjproject/bba95b8a95c0a9e8c1939166fd20083ae9e3e956/pjsip/src/pjsip/sip_transaction.c; verified_symbols=['tsx_timer_callback']; failed_symbols=[]; cited_ranges=[(1116, 1195)]; uncovered_ranges=[]"
SIP-TX-18,SIP,auxiliary:4,runtime timer values,pjsip/pjproject,"[""udp_confirmed_timer_i_armed"", ""timer_i_deadline""]",bba95b8a95c0a9e8c1939166fd20083ae9e3e956,pjsip/src/pjsip/sip_transaction.c,pjsip_tsx_layer_init_module,432-454,True,True,True,"HTTP 200: https://raw.githubusercontent.com/pjsip/pjproject/bba95b8a95c0a9e8c1939166fd20083ae9e3e956/pjsip/src/pjsip/sip_transaction.c; verified_symbols=['pjsip_tsx_layer_init_module']; failed_symbols=[]; cited_ranges=[(432, 454)]; uncovered_ranges=[]"
SIP-TX-18,SIP,auxiliary:5,T4 default constant,pjsip/pjproject,"[""udp_confirmed_timer_i_armed"", ""timer_i_deadline""]",bba95b8a95c0a9e8c1939166fd20083ae9e3e956,pjsip/include/pjsip/sip_config.h,PJSIP_T4_TIMEOUT,1084-1087,True,True,True,"HTTP 200: https://raw.githubusercontent.com/pjsip/pjproject/bba95b8a95c0a9e8c1939166fd20083ae9e3e956/pjsip/include/pjsip/sip_config.h; verified_symbols=['PJSIP_T4_TIMEOUT']; failed_symbols=[]; cited_ranges=[(1084, 1087)]; uncovered_ranges=[]"
SIP-TX-19,SIP,primary,primary property hook,pjsip/pjproject,"[""udp_noninvite_completed_timer_j_armed""]",bba95b8a95c0a9e8c1939166fd20083ae9e3e956,pjsip/src/pjsip/sip_transaction.c,tsx_on_state_proceeding_uas,2701-2965,True,True,True,"HTTP 200: https://raw.githubusercontent.com/pjsip/pjproject/bba95b8a95c0a9e8c1939166fd20083ae9e3e956/pjsip/src/pjsip/sip_transaction.c; verified_symbols=['tsx_on_state_proceeding_uas']; failed_symbols=[]; cited_ranges=[(2701, 2965)]; uncovered_ranges=[]"
SIP-TX-19,SIP,auxiliary:1,Completed UAS ACK/timer paths,pjsip/pjproject,"[""timer_j_deadline""]",bba95b8a95c0a9e8c1939166fd20083ae9e3e956,pjsip/src/pjsip/sip_transaction.c,tsx_on_state_completed_uas,3211-3316,True,True,True,"HTTP 200: https://raw.githubusercontent.com/pjsip/pjproject/bba95b8a95c0a9e8c1939166fd20083ae9e3e956/pjsip/src/pjsip/sip_transaction.c; verified_symbols=['tsx_on_state_completed_uas']; failed_symbols=[]; cited_ranges=[(3211, 3316)]; uncovered_ranges=[]"
SIP-TX-19,SIP,auxiliary:2,timer scheduling primitive,pjsip/pjproject,"[""udp_noninvite_completed_timer_j_armed"", ""timer_j_deadline""]",bba95b8a95c0a9e8c1939166fd20083ae9e3e956,pjsip/src/pjsip/sip_transaction.c,tsx_schedule_timer,972-987,True,True,True,"HTTP 200: https://raw.githubusercontent.com/pjsip/pjproject/bba95b8a95c0a9e8c1939166fd20083ae9e3e956/pjsip/src/pjsip/sip_transaction.c; verified_symbols=['tsx_schedule_timer']; failed_symbols=[]; cited_ranges=[(972, 987)]; uncovered_ranges=[]"
SIP-TX-19,SIP,auxiliary:3,timer callback dispatch,pjsip/pjproject,"[""timer_j_deadline""]",bba95b8a95c0a9e8c1939166fd20083ae9e3e956,pjsip/src/pjsip/sip_transaction.c,tsx_timer_callback,1116-1195,True,True,True,"HTTP 200: https://raw.githubusercontent.com/pjsip/pjproject/bba95b8a95c0a9e8c1939166fd20083ae9e3e956/pjsip/src/pjsip/sip_transaction.c; verified_symbols=['tsx_timer_callback']; failed_symbols=[]; cited_ranges=[(1116, 1195)]; uncovered_ranges=[]"
SIP-TX-19,SIP,auxiliary:4,runtime timer values,pjsip/pjproject,"[""udp_noninvite_completed_timer_j_armed"", ""timer_j_deadline""]",bba95b8a95c0a9e8c1939166fd20083ae9e3e956,pjsip/src/pjsip/sip_transaction.c,pjsip_tsx_layer_init_module,432-454,True,True,True,"HTTP 200: https://raw.githubusercontent.com/pjsip/pjproject/bba95b8a95c0a9e8c1939166fd20083ae9e3e956/pjsip/src/pjsip/sip_transaction.c; verified_symbols=['pjsip_tsx_layer_init_module']; failed_symbols=[]; cited_ranges=[(432, 454)]; uncovered_ranges=[]"
SIP-TX-19,SIP,auxiliary:5,T1 default constant,pjsip/pjproject,"[""udp_noninvite_completed_timer_j_armed"", ""timer_j_deadline""]",bba95b8a95c0a9e8c1939166fd20083ae9e3e956,pjsip/include/pjsip/sip_config.h,PJSIP_T1_TIMEOUT,1075-1077,True,True,True,"HTTP 200: https://raw.githubusercontent.com/pjsip/pjproject/bba95b8a95c0a9e8c1939166fd20083ae9e3e956/pjsip/include/pjsip/sip_config.h; verified_symbols=['PJSIP_T1_TIMEOUT']; failed_symbols=[]; cited_ranges=[(1075, 1077)]; uncovered_ranges=[]"
SIP-TX-20,SIP,primary,primary property hook,kamailio/kamailio,"[""proxy_timer_c_generation_started"", ""timer_c_armed_gt_180000"", ""timer_c_deadline""]",2648eb330b133a20f1398d59a28c53532106cad3,src/modules/tm/timer.h,_set_fr_retr,159-220,True,True,True,"HTTP 200: https://raw.githubusercontent.com/kamailio/kamailio/2648eb330b133a20f1398d59a28c53532106cad3/src/modules/tm/timer.h; verified_symbols=['_set_fr_retr']; failed_symbols=[]; cited_ranges=[(159, 220)]; uncovered_ranges=[]"
SIP-TX-20,SIP,auxiliary:1,transaction chooses fr_inv_timeout and max lifetime,kamailio/kamailio,"[""proxy_timer_c_generation_started"", ""timer_c_armed_gt_180000""]",2648eb330b133a20f1398d59a28c53532106cad3,src/modules/tm/t_lookup.c,init_new_t,1185-1264,True,True,True,"HTTP 200: https://raw.githubusercontent.com/kamailio/kamailio/2648eb330b133a20f1398d59a28c53532106cad3/src/modules/tm/t_lookup.c; verified_symbols=['init_new_t']; failed_symbols=[]; cited_ranges=[(1185, 1264)]; uncovered_ranges=[]"
SIP-TX-20,SIP,auxiliary:2,101-199 reset path,kamailio/kamailio,"[""proxy_timer_c_generation_started""]",2648eb330b133a20f1398d59a28c53532106cad3,src/modules/tm/t_reply.c,reply_received,2293-2721,True,True,True,"HTTP 200: https://raw.githubusercontent.com/kamailio/kamailio/2648eb330b133a20f1398d59a28c53532106cad3/src/modules/tm/t_reply.c; verified_symbols=['reply_received']; failed_symbols=[]; cited_ranges=[(2293, 2721)]; uncovered_ranges=[]"
SIP-TX-20,SIP,auxiliary:3,fresh provisional deadline,kamailio/kamailio,"[""proxy_timer_c_generation_started"", ""timer_c_armed_gt_180000"", ""timer_c_deadline""]",2648eb330b133a20f1398d59a28c53532106cad3,src/modules/tm/timer.h,restart_rb_fr,247-259,True,True,True,"HTTP 200: https://raw.githubusercontent.com/kamailio/kamailio/2648eb330b133a20f1398d59a28c53532106cad3/src/modules/tm/timer.h; verified_symbols=['restart_rb_fr']; failed_symbols=[]; cited_ranges=[(247, 259)]; uncovered_ranges=[]"
SIP-TX-20,SIP,auxiliary:4,lifetime cap interaction,kamailio/kamailio,"[""timer_c_armed_gt_180000"", ""timer_c_deadline""]",2648eb330b133a20f1398d59a28c53532106cad3,src/modules/tm/timer.h,change_end_of_life,331-343,True,True,True,"HTTP 200: https://raw.githubusercontent.com/kamailio/kamailio/2648eb330b133a20f1398d59a28c53532106cad3/src/modules/tm/timer.h; verified_symbols=['change_end_of_life']; failed_symbols=[]; cited_ranges=[(331, 343)]; uncovered_ranges=[]"
SIP-TX-20,SIP,auxiliary:5,120000 default,kamailio/kamailio,"[""timer_c_armed_gt_180000""]",2648eb330b133a20f1398d59a28c53532106cad3,src/modules/tm/config.h,INV_FR_TIME_OUT,47-49,True,True,True,"HTTP 200: https://raw.githubusercontent.com/kamailio/kamailio/2648eb330b133a20f1398d59a28c53532106cad3/src/modules/tm/config.h; verified_symbols=['INV_FR_TIME_OUT']; failed_symbols=[]; cited_ranges=[(47, 49)]; uncovered_ranges=[]"
SIP-TX-20,SIP,auxiliary:6,180000 max lifetime default,kamailio/kamailio,"[""timer_c_armed_gt_180000""]",2648eb330b133a20f1398d59a28c53532106cad3,src/modules/tm/config.h,MAX_INV_LIFETIME,61-68,True,True,True,"HTTP 200: https://raw.githubusercontent.com/kamailio/kamailio/2648eb330b133a20f1398d59a28c53532106cad3/src/modules/tm/config.h; verified_symbols=['MAX_INV_LIFETIME']; failed_symbols=[]; cited_ranges=[(61, 68)]; uncovered_ranges=[]"
SIP-TX-20,SIP,auxiliary:7,default profile record,kamailio/kamailio,"[""timer_c_armed_gt_180000""]",2648eb330b133a20f1398d59a28c53532106cad3,src/modules/tm/config.c,default_tm_cfg,36-98,True,True,True,"HTTP 200: https://raw.githubusercontent.com/kamailio/kamailio/2648eb330b133a20f1398d59a28c53532106cad3/src/modules/tm/config.c; verified_symbols=['default_tm_cfg']; failed_symbols=[]; cited_ranges=[(36, 98)]; uncovered_ranges=[]"
SIP-TX-21,SIP,primary,primary property hook,DoubangoTelecom/doubango,"[""timer_x_armed_t1"", ""timer_x_deadline""]",7604ae6761534d2efdc862bc9961623abc98b9a5,tinySIP/src/transactions/tsip_transac_ist.c,tsip_transac_ist_Proceeding_2_Accepted_X_2xx,472-512,True,True,True,"HTTP 200: https://raw.githubusercontent.com/DoubangoTelecom/doubango/7604ae6761534d2efdc862bc9961623abc98b9a5/tinySIP/src/transactions/tsip_transac_ist.c; verified_symbols=['tsip_transac_ist_Proceeding_2_Accepted_X_2xx']; failed_symbols=[]; cited_ranges=[(472, 512)]; uncovered_ranges=[]"
SIP-TX-21,SIP,auxiliary:1,FSM and Timer-X initialization,DoubangoTelecom/doubango,"[""timer_x_armed_t1"", ""timer_x_deadline""]",7604ae6761534d2efdc862bc9961623abc98b9a5,tinySIP/src/transactions/tsip_transac_ist.c,tsip_transac_ist_init,233-320,True,True,True,"HTTP 200: https://raw.githubusercontent.com/DoubangoTelecom/doubango/7604ae6761534d2efdc862bc9961623abc98b9a5/tinySIP/src/transactions/tsip_transac_ist.c; verified_symbols=['tsip_transac_ist_init']; failed_symbols=[]; cited_ranges=[(233, 320)]; uncovered_ranges=[]"
SIP-TX-21,SIP,auxiliary:2,Timer-X callback/send/re-arm,DoubangoTelecom/doubango,"[""timer_x_deadline""]",7604ae6761534d2efdc862bc9961623abc98b9a5,tinySIP/src/transactions/tsip_transac_ist.c,tsip_transac_ist_Accepted_2_Accepted_timerX,649-659,True,True,True,"HTTP 200: https://raw.githubusercontent.com/DoubangoTelecom/doubango/7604ae6761534d2efdc862bc9961623abc98b9a5/tinySIP/src/transactions/tsip_transac_ist.c; verified_symbols=['tsip_transac_ist_Accepted_2_Accepted_timerX']; failed_symbols=[]; cited_ranges=[(649, 659)]; uncovered_ranges=[]"
SIP-TX-21,SIP,auxiliary:3,matching ACK cancellation,DoubangoTelecom/doubango,"[""matched_2xx_ack""]",7604ae6761534d2efdc862bc9961623abc98b9a5,tinySIP/src/transactions/tsip_transac_ist.c,tsip_transac_ist_Accepted_2_Accepted_iACK,664-671,True,True,True,"HTTP 200: https://raw.githubusercontent.com/DoubangoTelecom/doubango/7604ae6761534d2efdc862bc9961623abc98b9a5/tinySIP/src/transactions/tsip_transac_ist.c; verified_symbols=['tsip_transac_ist_Accepted_2_Accepted_iACK']; failed_symbols=[]; cited_ranges=[(664, 671)]; uncovered_ranges=[]"
SIP-TX-21,SIP,auxiliary:4,T1 constant,DoubangoTelecom/doubango,"[""timer_x_armed_t1"", ""timer_x_deadline""]",7604ae6761534d2efdc862bc9961623abc98b9a5,tinySIP/src/tsip_timers.c,TIMER_T1,80,True,True,True,"HTTP 200: https://raw.githubusercontent.com/DoubangoTelecom/doubango/7604ae6761534d2efdc862bc9961623abc98b9a5/tinySIP/src/tsip_timers.c; verified_symbols=['TIMER_T1']; failed_symbols=[]; cited_ranges=[(80, 80)]; uncovered_ranges=[]"
SIP-TX-22,SIP,primary,primary property hook,DoubangoTelecom/doubango,"[""timer_x_rearmed_expected_2t1"", ""timer_x_deadline""]",7604ae6761534d2efdc862bc9961623abc98b9a5,tinySIP/src/transactions/tsip_transac_ist.c,tsip_transac_ist_Accepted_2_Accepted_timerX,649-659,True,True,True,"HTTP 200: https://raw.githubusercontent.com/DoubangoTelecom/doubango/7604ae6761534d2efdc862bc9961623abc98b9a5/tinySIP/src/transactions/tsip_transac_ist.c; verified_symbols=['tsip_transac_ist_Accepted_2_Accepted_timerX']; failed_symbols=[]; cited_ranges=[(649, 659)]; uncovered_ranges=[]"
SIP-TX-22,SIP,auxiliary:1,FSM and Timer-X initialization,DoubangoTelecom/doubango,"[""timer_x_rearmed_expected_2t1"", ""timer_x_deadline""]",7604ae6761534d2efdc862bc9961623abc98b9a5,tinySIP/src/transactions/tsip_transac_ist.c,tsip_transac_ist_init,233-320,True,True,True,"HTTP 200: https://raw.githubusercontent.com/DoubangoTelecom/doubango/7604ae6761534d2efdc862bc9961623abc98b9a5/tinySIP/src/transactions/tsip_transac_ist.c; verified_symbols=['tsip_transac_ist_init']; failed_symbols=[]; cited_ranges=[(233, 320)]; uncovered_ranges=[]"
SIP-TX-22,SIP,auxiliary:2,initial schedule then first shift,DoubangoTelecom/doubango,"[""timer_x_rearmed_expected_2t1"", ""timer_x_deadline""]",7604ae6761534d2efdc862bc9961623abc98b9a5,tinySIP/src/transactions/tsip_transac_ist.c,tsip_transac_ist_Proceeding_2_Accepted_X_2xx,472-512,True,True,True,"HTTP 200: https://raw.githubusercontent.com/DoubangoTelecom/doubango/7604ae6761534d2efdc862bc9961623abc98b9a5/tinySIP/src/transactions/tsip_transac_ist.c; verified_symbols=['tsip_transac_ist_Proceeding_2_Accepted_X_2xx']; failed_symbols=[]; cited_ranges=[(472, 512)]; uncovered_ranges=[]"
SIP-TX-22,SIP,auxiliary:3,matching ACK cancellation,DoubangoTelecom/doubango,"[""matched_2xx_ack""]",7604ae6761534d2efdc862bc9961623abc98b9a5,tinySIP/src/transactions/tsip_transac_ist.c,tsip_transac_ist_Accepted_2_Accepted_iACK,664-671,True,True,True,"HTTP 200: https://raw.githubusercontent.com/DoubangoTelecom/doubango/7604ae6761534d2efdc862bc9961623abc98b9a5/tinySIP/src/transactions/tsip_transac_ist.c; verified_symbols=['tsip_transac_ist_Accepted_2_Accepted_iACK']; failed_symbols=[]; cited_ranges=[(664, 671)]; uncovered_ranges=[]"
SIP-TX-22,SIP,auxiliary:4,T1 constant,DoubangoTelecom/doubango,"[""timer_x_rearmed_expected_2t1"", ""timer_x_deadline""]",7604ae6761534d2efdc862bc9961623abc98b9a5,tinySIP/src/tsip_timers.c,TIMER_T1,80,True,True,True,"HTTP 200: https://raw.githubusercontent.com/DoubangoTelecom/doubango/7604ae6761534d2efdc862bc9961623abc98b9a5/tinySIP/src/tsip_timers.c; verified_symbols=['TIMER_T1']; failed_symbols=[]; cited_ranges=[(80, 80)]; uncovered_ranges=[]"
SIP-TX-22,SIP,auxiliary:5,T2 value,DoubangoTelecom/doubango,"[""timer_x_rearmed_expected_2t1"", ""timer_x_deadline""]",7604ae6761534d2efdc862bc9961623abc98b9a5,tinySIP/src/tsip_timers.c,T2,102,True,True,True,"HTTP 200: https://raw.githubusercontent.com/DoubangoTelecom/doubango/7604ae6761534d2efdc862bc9961623abc98b9a5/tinySIP/src/tsip_timers.c; verified_symbols=['T2']; failed_symbols=[]; cited_ranges=[(102, 102)]; uncovered_ranges=[]"
SIP-TX-23,SIP,primary,primary property hook,DoubangoTelecom/doubango,"[""timer_x_capped_generation_expected_t2"", ""timer_x_deadline""]",7604ae6761534d2efdc862bc9961623abc98b9a5,tinySIP/src/transactions/tsip_transac_ist.c,tsip_transac_ist_Accepted_2_Accepted_timerX,649-659,True,True,True,"HTTP 200: https://raw.githubusercontent.com/DoubangoTelecom/doubango/7604ae6761534d2efdc862bc9961623abc98b9a5/tinySIP/src/transactions/tsip_transac_ist.c; verified_symbols=['tsip_transac_ist_Accepted_2_Accepted_timerX']; failed_symbols=[]; cited_ranges=[(649, 659)]; uncovered_ranges=[]"
SIP-TX-23,SIP,auxiliary:1,FSM and Timer-X initialization,DoubangoTelecom/doubango,"[""timer_x_capped_generation_expected_t2"", ""timer_x_deadline""]",7604ae6761534d2efdc862bc9961623abc98b9a5,tinySIP/src/transactions/tsip_transac_ist.c,tsip_transac_ist_init,233-320,True,True,True,"HTTP 200: https://raw.githubusercontent.com/DoubangoTelecom/doubango/7604ae6761534d2efdc862bc9961623abc98b9a5/tinySIP/src/transactions/tsip_transac_ist.c; verified_symbols=['tsip_transac_ist_init']; failed_symbols=[]; cited_ranges=[(233, 320)]; uncovered_ranges=[]"
SIP-TX-23,SIP,auxiliary:2,initial schedule/shift,DoubangoTelecom/doubango,"[""timer_x_capped_generation_expected_t2"", ""timer_x_deadline""]",7604ae6761534d2efdc862bc9961623abc98b9a5,tinySIP/src/transactions/tsip_transac_ist.c,tsip_transac_ist_Proceeding_2_Accepted_X_2xx,472-512,True,True,True,"HTTP 200: https://raw.githubusercontent.com/DoubangoTelecom/doubango/7604ae6761534d2efdc862bc9961623abc98b9a5/tinySIP/src/transactions/tsip_transac_ist.c; verified_symbols=['tsip_transac_ist_Proceeding_2_Accepted_X_2xx']; failed_symbols=[]; cited_ranges=[(472, 512)]; uncovered_ranges=[]"
SIP-TX-23,SIP,auxiliary:3,matching ACK cancellation,DoubangoTelecom/doubango,"[""matched_2xx_ack""]",7604ae6761534d2efdc862bc9961623abc98b9a5,tinySIP/src/transactions/tsip_transac_ist.c,tsip_transac_ist_Accepted_2_Accepted_iACK,664-671,True,True,True,"HTTP 200: https://raw.githubusercontent.com/DoubangoTelecom/doubango/7604ae6761534d2efdc862bc9961623abc98b9a5/tinySIP/src/transactions/tsip_transac_ist.c; verified_symbols=['tsip_transac_ist_Accepted_2_Accepted_iACK']; failed_symbols=[]; cited_ranges=[(664, 671)]; uncovered_ranges=[]"
SIP-TX-23,SIP,auxiliary:4,T1 constant,DoubangoTelecom/doubango,"[""timer_x_capped_generation_expected_t2"", ""timer_x_deadline""]",7604ae6761534d2efdc862bc9961623abc98b9a5,tinySIP/src/tsip_timers.c,TIMER_T1,80,True,True,True,"HTTP 200: https://raw.githubusercontent.com/DoubangoTelecom/doubango/7604ae6761534d2efdc862bc9961623abc98b9a5/tinySIP/src/tsip_timers.c; verified_symbols=['TIMER_T1']; failed_symbols=[]; cited_ranges=[(80, 80)]; uncovered_ranges=[]"
SIP-TX-23,SIP,auxiliary:5,T2 value,DoubangoTelecom/doubango,"[""timer_x_capped_generation_expected_t2"", ""timer_x_deadline""]",7604ae6761534d2efdc862bc9961623abc98b9a5,tinySIP/src/tsip_timers.c,T2,102,True,True,True,"HTTP 200: https://raw.githubusercontent.com/DoubangoTelecom/doubango/7604ae6761534d2efdc862bc9961623abc98b9a5/tinySIP/src/tsip_timers.c; verified_symbols=['T2']; failed_symbols=[]; cited_ranges=[(102, 102)]; uncovered_ranges=[]"
SIP-TX-24,SIP,primary,primary property hook,DoubangoTelecom/doubango,"[""matched_2xx_ack_post_timer_x_cancel""]",7604ae6761534d2efdc862bc9961623abc98b9a5,tinySIP/src/transactions/tsip_transac_ist.c,tsip_transac_ist_Accepted_2_Accepted_iACK,664-671,True,True,True,"HTTP 200: https://raw.githubusercontent.com/DoubangoTelecom/doubango/7604ae6761534d2efdc862bc9961623abc98b9a5/tinySIP/src/transactions/tsip_transac_ist.c; verified_symbols=['tsip_transac_ist_Accepted_2_Accepted_iACK']; failed_symbols=[]; cited_ranges=[(664, 671)]; uncovered_ranges=[]"
SIP-TX-24,SIP,auxiliary:1,Timer-X callback/send/re-arm,DoubangoTelecom/doubango,"[""uas_2xx_retransmitted""]",7604ae6761534d2efdc862bc9961623abc98b9a5,tinySIP/src/transactions/tsip_transac_ist.c,tsip_transac_ist_Accepted_2_Accepted_timerX,649-659,True,True,True,"HTTP 200: https://raw.githubusercontent.com/DoubangoTelecom/doubango/7604ae6761534d2efdc862bc9961623abc98b9a5/tinySIP/src/transactions/tsip_transac_ist.c; verified_symbols=['tsip_transac_ist_Accepted_2_Accepted_timerX']; failed_symbols=[]; cited_ranges=[(649, 659)]; uncovered_ranges=[]"
SIP-TX-24,SIP,auxiliary:2,Timer-L close,DoubangoTelecom/doubango,"[""matched_2xx_ack_post_timer_x_cancel""]",7604ae6761534d2efdc862bc9961623abc98b9a5,tinySIP/src/transactions/tsip_transac_ist.c,tsip_transac_ist_Accepted_2_Terminated_timerL,675-690,True,True,True,"HTTP 200: https://raw.githubusercontent.com/DoubangoTelecom/doubango/7604ae6761534d2efdc862bc9961623abc98b9a5/tinySIP/src/transactions/tsip_transac_ist.c; verified_symbols=['tsip_transac_ist_Accepted_2_Terminated_timerL']; failed_symbols=[]; cited_ranges=[(675, 690)]; uncovered_ranges=[]"
SIP-TX-25,SIP,primary,primary property hook,DoubangoTelecom/doubango,"[""server_accepted_timer_l_armed""]",7604ae6761534d2efdc862bc9961623abc98b9a5,tinySIP/src/transactions/tsip_transac_ist.c,tsip_transac_ist_Proceeding_2_Accepted_X_2xx,472-512,True,True,True,"HTTP 200: https://raw.githubusercontent.com/DoubangoTelecom/doubango/7604ae6761534d2efdc862bc9961623abc98b9a5/tinySIP/src/transactions/tsip_transac_ist.c; verified_symbols=['tsip_transac_ist_Proceeding_2_Accepted_X_2xx']; failed_symbols=[]; cited_ranges=[(472, 512)]; uncovered_ranges=[]"
SIP-TX-25,SIP,auxiliary:1,FSM and Timer-X initialization,DoubangoTelecom/doubango,"[""server_accepted_timer_l_armed"", ""server_transaction_terminated""]",7604ae6761534d2efdc862bc9961623abc98b9a5,tinySIP/src/transactions/tsip_transac_ist.c,tsip_transac_ist_init,233-320,True,True,True,"HTTP 200: https://raw.githubusercontent.com/DoubangoTelecom/doubango/7604ae6761534d2efdc862bc9961623abc98b9a5/tinySIP/src/transactions/tsip_transac_ist.c; verified_symbols=['tsip_transac_ist_init']; failed_symbols=[]; cited_ranges=[(233, 320)]; uncovered_ranges=[]"
SIP-TX-25,SIP,auxiliary:2,Timer-L callback,DoubangoTelecom/doubango,"[""server_transaction_terminated""]",7604ae6761534d2efdc862bc9961623abc98b9a5,tinySIP/src/transactions/tsip_transac_ist.c,tsip_transac_ist_Accepted_2_Terminated_timerL,675-690,True,True,True,"HTTP 200: https://raw.githubusercontent.com/DoubangoTelecom/doubango/7604ae6761534d2efdc862bc9961623abc98b9a5/tinySIP/src/transactions/tsip_transac_ist.c; verified_symbols=['tsip_transac_ist_Accepted_2_Terminated_timerL']; failed_symbols=[]; cited_ranges=[(675, 690)]; uncovered_ranges=[]"
SIP-TX-25,SIP,auxiliary:3,Any transport error termination,DoubangoTelecom/doubango,"[""server_transaction_terminated""]",7604ae6761534d2efdc862bc9961623abc98b9a5,tinySIP/src/transactions/tsip_transac_ist.c,tsip_transac_ist_Any_2_Terminated_X_transportError,709-720,True,True,True,"HTTP 200: https://raw.githubusercontent.com/DoubangoTelecom/doubango/7604ae6761534d2efdc862bc9961623abc98b9a5/tinySIP/src/transactions/tsip_transac_ist.c; verified_symbols=['tsip_transac_ist_Any_2_Terminated_X_transportError']; failed_symbols=[]; cited_ranges=[(709, 720)]; uncovered_ranges=[]"
SIP-TX-25,SIP,auxiliary:4,actual removal,DoubangoTelecom/doubango,"[""server_transaction_terminated""]",7604ae6761534d2efdc862bc9961623abc98b9a5,tinySIP/src/transactions/tsip_transac_ist.c,tsip_transac_ist_OnTerminated,747-753,True,True,True,"HTTP 200: https://raw.githubusercontent.com/DoubangoTelecom/doubango/7604ae6761534d2efdc862bc9961623abc98b9a5/tinySIP/src/transactions/tsip_transac_ist.c; verified_symbols=['tsip_transac_ist_OnTerminated']; failed_symbols=[]; cited_ranges=[(747, 753)]; uncovered_ranges=[]"
SIP-TX-25,SIP,auxiliary:5,T1 constant,DoubangoTelecom/doubango,"[""server_accepted_timer_l_armed""]",7604ae6761534d2efdc862bc9961623abc98b9a5,tinySIP/src/tsip_timers.c,TIMER_T1,80,True,True,True,"HTTP 200: https://raw.githubusercontent.com/DoubangoTelecom/doubango/7604ae6761534d2efdc862bc9961623abc98b9a5/tinySIP/src/tsip_timers.c; verified_symbols=['TIMER_T1']; failed_symbols=[]; cited_ranges=[(80, 80)]; uncovered_ranges=[]"
SIP-TX-25,SIP,auxiliary:6,Timer L value,DoubangoTelecom/doubango,"[""server_accepted_timer_l_armed""]",7604ae6761534d2efdc862bc9961623abc98b9a5,tinySIP/src/tsip_timers.c,L,115,True,True,True,"HTTP 200: https://raw.githubusercontent.com/DoubangoTelecom/doubango/7604ae6761534d2efdc862bc9961623abc98b9a5/tinySIP/src/tsip_timers.c; verified_symbols=['L']; failed_symbols=[]; cited_ranges=[(115, 115)]; uncovered_ranges=[]"
SIP-TX-26,SIP,primary,primary property hook,DoubangoTelecom/doubango,"[""client_accepted_timer_m_armed""]",7604ae6761534d2efdc862bc9961623abc98b9a5,tinySIP/src/transactions/tsip_transac_ict.c,tsip_transac_ict_Proceeding_2_Accepted_X_2xx,621-646,True,True,True,"HTTP 200: https://raw.githubusercontent.com/DoubangoTelecom/doubango/7604ae6761534d2efdc862bc9961623abc98b9a5/tinySIP/src/transactions/tsip_transac_ict.c; verified_symbols=['tsip_transac_ict_Proceeding_2_Accepted_X_2xx']; failed_symbols=[]; cited_ranges=[(621, 646)]; uncovered_ranges=[]"
SIP-TX-26,SIP,auxiliary:1,FSM and Timer-M initialization,DoubangoTelecom/doubango,"[""client_accepted_timer_m_armed"", ""client_transaction_terminated"", ""client_transport_abort""]",7604ae6761534d2efdc862bc9961623abc98b9a5,tinySIP/src/transactions/tsip_transac_ict.c,tsip_transac_ict_init,234-315,True,True,True,"HTTP 200: https://raw.githubusercontent.com/DoubangoTelecom/doubango/7604ae6761534d2efdc862bc9961623abc98b9a5/tinySIP/src/transactions/tsip_transac_ict.c; verified_symbols=['tsip_transac_ict_init']; failed_symbols=[]; cited_ranges=[(234, 315)]; uncovered_ranges=[]"
SIP-TX-26,SIP,auxiliary:2,Timer-M callback,DoubangoTelecom/doubango,"[""client_transaction_terminated""]",7604ae6761534d2efdc862bc9961623abc98b9a5,tinySIP/src/transactions/tsip_transac_ict.c,tsip_transac_ict_Accepted_2_Terminated_X_timerM,701-708,True,True,True,"HTTP 200: https://raw.githubusercontent.com/DoubangoTelecom/doubango/7604ae6761534d2efdc862bc9961623abc98b9a5/tinySIP/src/transactions/tsip_transac_ict.c; verified_symbols=['tsip_transac_ict_Accepted_2_Terminated_X_timerM']; failed_symbols=[]; cited_ranges=[(701, 708)]; uncovered_ranges=[]"
SIP-TX-26,SIP,auxiliary:3,transport-error termination,DoubangoTelecom/doubango,"[""client_transaction_terminated"", ""client_transport_abort""]",7604ae6761534d2efdc862bc9961623abc98b9a5,tinySIP/src/transactions/tsip_transac_ict.c,tsip_transac_ict_Any_2_Terminated_X_transportError,712-723,True,True,True,"HTTP 200: https://raw.githubusercontent.com/DoubangoTelecom/doubango/7604ae6761534d2efdc862bc9961623abc98b9a5/tinySIP/src/transactions/tsip_transac_ict.c; verified_symbols=['tsip_transac_ict_Any_2_Terminated_X_transportError']; failed_symbols=[]; cited_ranges=[(712, 723)]; uncovered_ranges=[]"
SIP-TX-26,SIP,auxiliary:4,actual removal,DoubangoTelecom/doubango,"[""client_transaction_terminated""]",7604ae6761534d2efdc862bc9961623abc98b9a5,tinySIP/src/transactions/tsip_transac_ict.c,tsip_transac_ict_OnTerminated,837-846,True,True,True,"HTTP 200: https://raw.githubusercontent.com/DoubangoTelecom/doubango/7604ae6761534d2efdc862bc9961623abc98b9a5/tinySIP/src/transactions/tsip_transac_ict.c; verified_symbols=['tsip_transac_ict_OnTerminated']; failed_symbols=[]; cited_ranges=[(837, 846)]; uncovered_ranges=[]"
SIP-TX-26,SIP,auxiliary:5,T1 constant,DoubangoTelecom/doubango,"[""client_accepted_timer_m_armed""]",7604ae6761534d2efdc862bc9961623abc98b9a5,tinySIP/src/tsip_timers.c,TIMER_T1,80,True,True,True,"HTTP 200: https://raw.githubusercontent.com/DoubangoTelecom/doubango/7604ae6761534d2efdc862bc9961623abc98b9a5/tinySIP/src/tsip_timers.c; verified_symbols=['TIMER_T1']; failed_symbols=[]; cited_ranges=[(80, 80)]; uncovered_ranges=[]"
SIP-TX-26,SIP,auxiliary:6,Timer M value,DoubangoTelecom/doubango,"[""client_accepted_timer_m_armed""]",7604ae6761534d2efdc862bc9961623abc98b9a5,tinySIP/src/tsip_timers.c,M,116,True,True,True,"HTTP 200: https://raw.githubusercontent.com/DoubangoTelecom/doubango/7604ae6761534d2efdc862bc9961623abc98b9a5/tinySIP/src/tsip_timers.c; verified_symbols=['M']; failed_symbols=[]; cited_ranges=[(116, 116)]; uncovered_ranges=[]"
DICOM-ARTIM-01,DICOM,primary,primary property hook,DCMTK/dcmtk,"[""dicom_tcp_connection_accepted_dcmtk_30s_profile"", ""dicom_artim_expired"", ""dicom_associate_rq_received"", ""dicom_transport_closed_or_parse_abort""]",7f8564cf11e5531689dd329523fb16023aeda3ed,dcmnet/libsrc/dul.cc,DUL_ReceiveAssociationRQ,687-707,True,True,True,"HTTP 200: https://raw.githubusercontent.com/DCMTK/dcmtk/7f8564cf11e5531689dd329523fb16023aeda3ed/dcmnet/libsrc/dul.cc; verified_symbols=['DUL_ReceiveAssociationRQ']; failed_symbols=[]; cited_ranges=[(687, 707)]; uncovered_ranges=[]"
DICOM-ARTIM-01,DICOM,auxiliary:1,storescp ACSE timeout profile constant,DCMTK/dcmtk,"[""dicom_tcp_connection_accepted_dcmtk_30s_profile""]",7f8564cf11e5531689dd329523fb16023aeda3ed,dcmnet/apps/storescp.cc,opt_acse_timeout,173,True,True,True,"HTTP 200: https://raw.githubusercontent.com/DCMTK/dcmtk/7f8564cf11e5531689dd329523fb16023aeda3ed/dcmnet/apps/storescp.cc; verified_symbols=['opt_acse_timeout']; failed_symbols=[]; cited_ranges=[(173, 173)]; uncovered_ranges=[]"
DICOM-ARTIM-01,DICOM,auxiliary:2,storescp passes the 30-second ACSE profile into the acceptor network,DCMTK/dcmtk,"[""dicom_tcp_connection_accepted_dcmtk_30s_profile""]",7f8564cf11e5531689dd329523fb16023aeda3ed,dcmnet/apps/storescp.cc,main,928-940,True,True,True,"HTTP 200: https://raw.githubusercontent.com/DCMTK/dcmtk/7f8564cf11e5531689dd329523fb16023aeda3ed/dcmnet/apps/storescp.cc; verified_symbols=['main']; failed_symbols=[]; cited_ranges=[(928, 940)]; uncovered_ranges=[]"
DICOM-ARTIM-01,DICOM,auxiliary:3,DUL FSM transport-connection response transition,DCMTK/dcmtk,"[""dicom_tcp_connection_accepted_dcmtk_30s_profile""]",7f8564cf11e5531689dd329523fb16023aeda3ed,dcmnet/libsrc/dulfsm.cc,AE_5_TransportConnectResponse,1118-1127,True,True,True,"HTTP 200: https://raw.githubusercontent.com/DCMTK/dcmtk/7f8564cf11e5531689dd329523fb16023aeda3ed/dcmnet/libsrc/dulfsm.cc; verified_symbols=['AE_5_TransportConnectResponse']; failed_symbols=[]; cited_ranges=[(1118, 1127)]; uncovered_ranges=[]"
OPCUA-PUB-01,OPC UA,primary,primary property hook,open62541/open62541,"[""publish_bad_timeout""]",76e425ee963e8c16c0414f2f6bd0c7a5761a92c3,src/server/ua_subscription.c,UA_Subscription_publish,427-452,True,True,True,"HTTP 200: https://raw.githubusercontent.com/open62541/open62541/76e425ee963e8c16c0414f2f6bd0c7a5761a92c3/src/server/ua_subscription.c; verified_symbols=['UA_Subscription_publish']; failed_symbols=[]; cited_ranges=[(427, 452)]; uncovered_ranges=[]"
OPCUA-PUB-01,OPC UA,auxiliary:1,Publish timeoutHint deadline and queue,open62541/open62541,"[""publish_request_queued_timeout_hint_5000""]",76e425ee963e8c16c0414f2f6bd0c7a5761a92c3,src/server/ua_services_subscription.c,Service_Publish,304-315,True,True,True,"HTTP 200: https://raw.githubusercontent.com/open62541/open62541/76e425ee963e8c16c0414f2f6bd0c7a5761a92c3/src/server/ua_services_subscription.c; verified_symbols=['Service_Publish']; failed_symbols=[]; cited_ranges=[(304, 315)]; uncovered_ranges=[]"
OPCUA-SC-01,OPC UA,primary,primary property hook,open62541/open62541,"[""security_token_issued_default_lifetime"", ""security_token_generation_cancelled""]",76e425ee963e8c16c0414f2f6bd0c7a5761a92c3,src/client/ua_client_connect.c,processOPNResponse,495-589,True,True,True,"HTTP 200: https://raw.githubusercontent.com/open62541/open62541/76e425ee963e8c16c0414f2f6bd0c7a5761a92c3/src/client/ua_client_connect.c; verified_symbols=['processOPNResponse']; failed_symbols=[]; cited_ranges=[(495, 589)]; uncovered_ranges=[]"
OPCUA-SC-01,OPC UA,auxiliary:1,RENEW OpenSecureChannelRequest send,open62541/open62541,"[""secure_channel_renew_requested""]",76e425ee963e8c16c0414f2f6bd0c7a5761a92c3,src/client/ua_client_connect.c,sendOPNAsync,593-646,True,True,True,"HTTP 200: https://raw.githubusercontent.com/open62541/open62541/76e425ee963e8c16c0414f2f6bd0c7a5761a92c3/src/client/ua_client_connect.c; verified_symbols=['sendOPNAsync']; failed_symbols=[]; cited_ranges=[(593, 646)]; uncovered_ranges=[]"
OPCUA-SC-01,OPC UA,auxiliary:2,SecureChannel close lifecycle,open62541/open62541,"[""secure_channel_closed""]",76e425ee963e8c16c0414f2f6bd0c7a5761a92c3,src/client/ua_client_connect.c,closeSecureChannel,2198-2236,True,True,True,"HTTP 200: https://raw.githubusercontent.com/open62541/open62541/76e425ee963e8c16c0414f2f6bd0c7a5761a92c3/src/client/ua_client_connect.c; verified_symbols=['closeSecureChannel']; failed_symbols=[]; cited_ranges=[(2198, 2236)]; uncovered_ranges=[]"
OPCUA-SC-01,OPC UA,auxiliary:3,600000 ms client lifetime profile,open62541/open62541,"[""security_token_issued_default_lifetime""]",76e425ee963e8c16c0414f2f6bd0c7a5761a92c3,plugins/ua_config_default.c,UA_ClientConfig_setDefault,1115-1118,True,True,True,"HTTP 200: https://raw.githubusercontent.com/open62541/open62541/76e425ee963e8c16c0414f2f6bd0c7a5761a92c3/plugins/ua_config_default.c; verified_symbols=['UA_ClientConfig_setDefault']; failed_symbols=[]; cited_ranges=[(1115, 1118)]; uncovered_ranges=[]"
OPCUA-SC-02,OPC UA,primary,primary property hook,open62541/open62541,"[""old_token_message_received"", ""old_token_message_accepted""]",76e425ee963e8c16c0414f2f6bd0c7a5761a92c3,src/ua_securechannel_crypto.c,checkSymHeader,506-569,True,True,True,"HTTP 200: https://raw.githubusercontent.com/open62541/open62541/76e425ee963e8c16c0414f2f6bd0c7a5761a92c3/src/ua_securechannel_crypto.c; verified_symbols=['checkSymHeader']; failed_symbols=[]; cited_ranges=[(506, 569)]; uncovered_ranges=[]"
OPCUA-SC-02,OPC UA,auxiliary:1,old-token installation and expiry-field snapshot,open62541/open62541,"[""old_security_token_expired_default_lifetime""]",76e425ee963e8c16c0414f2f6bd0c7a5761a92c3,src/client/ua_client_connect.c,processOPNResponse,495-589,True,True,True,"HTTP 200: https://raw.githubusercontent.com/open62541/open62541/76e425ee963e8c16c0414f2f6bd0c7a5761a92c3/src/client/ua_client_connect.c; verified_symbols=['processOPNResponse']; failed_symbols=[]; cited_ranges=[(495, 589)]; uncovered_ranges=[]"
OPCUA-SC-02,OPC UA,auxiliary:2,600000 ms client lifetime profile,open62541/open62541,"[""old_security_token_expired_default_lifetime""]",76e425ee963e8c16c0414f2f6bd0c7a5761a92c3,plugins/ua_config_default.c,UA_ClientConfig_setDefault,1115-1118,True,True,True,"HTTP 200: https://raw.githubusercontent.com/open62541/open62541/76e425ee963e8c16c0414f2f6bd0c7a5761a92c3/plugins/ua_config_default.c; verified_symbols=['UA_ClientConfig_setDefault']; failed_symbols=[]; cited_ranges=[(1115, 1118)]; uncovered_ranges=[]"
OPCUA-SESS-01,OPC UA,primary,primary property hook,open62541/open62541,"[""session_timeout_terminated""]",76e425ee963e8c16c0414f2f6bd0c7a5761a92c3,src/server/ua_services_session.c,UA_Server_cleanupSessions,115-126,True,True,True,"HTTP 200: https://raw.githubusercontent.com/open62541/open62541/76e425ee963e8c16c0414f2f6bd0c7a5761a92c3/src/server/ua_services_session.c; verified_symbols=['UA_Server_cleanupSessions']; failed_symbols=[]; cited_ranges=[(115, 126)]; uncovered_ranges=[]"
OPCUA-SESS-01,OPC UA,auxiliary:1,Session logical idle deadline,open62541/open62541,"[""session_idle_window_started_1200000"", ""session_service_activity""]",76e425ee963e8c16c0414f2f6bd0c7a5761a92c3,src/server/ua_session.c,UA_Session_updateLifetime,125-131,True,True,True,"HTTP 200: https://raw.githubusercontent.com/open62541/open62541/76e425ee963e8c16c0414f2f6bd0c7a5761a92c3/src/server/ua_session.c; verified_symbols=['UA_Session_updateLifetime']; failed_symbols=[]; cited_ranges=[(125, 131)]; uncovered_ranges=[]"
OPCUA-SESS-01,OPC UA,auxiliary:2,valid Service activity refresh,open62541/open62541,"[""session_service_activity""]",76e425ee963e8c16c0414f2f6bd0c7a5761a92c3,src/server/ua_server_binary.c,processMSGDecoded,716-865,True,True,True,"HTTP 200: https://raw.githubusercontent.com/open62541/open62541/76e425ee963e8c16c0414f2f6bd0c7a5761a92c3/src/server/ua_server_binary.c; verified_symbols=['processMSGDecoded']; failed_symbols=[]; cited_ranges=[(716, 865)]; uncovered_ranges=[]"
OPCUA-SESS-01,OPC UA,auxiliary:3,revised Session timeout creation,open62541/open62541,"[""session_idle_window_started_1200000""]",76e425ee963e8c16c0414f2f6bd0c7a5761a92c3,src/server/ua_services_session.c,UA_Server_createSession / Service_CreateSession,224-260;263-393,True,True,True,"HTTP 200: https://raw.githubusercontent.com/open62541/open62541/76e425ee963e8c16c0414f2f6bd0c7a5761a92c3/src/server/ua_services_session.c; verified_symbols=['UA_Server_createSession', 'Service_CreateSession']; failed_symbols=[]; cited_ranges=[(224, 260), (263, 393)]; uncovered_ranges=[]"
OPCUA-SESS-01,OPC UA,auxiliary:4,explicit CloseSession and removal,open62541/open62541,"[""session_idle_generation_cancelled""]",76e425ee963e8c16c0414f2f6bd0c7a5761a92c3,src/server/ua_services_session.c,Service_CloseSession / UA_Server_removeSession,29-98;918-960,True,True,True,"HTTP 200: https://raw.githubusercontent.com/open62541/open62541/76e425ee963e8c16c0414f2f6bd0c7a5761a92c3/src/server/ua_services_session.c; verified_symbols=['Service_CloseSession', 'UA_Server_removeSession']; failed_symbols=[]; cited_ranges=[(29, 98), (918, 960)]; uncovered_ranges=[]"
OPCUA-SESS-01,OPC UA,auxiliary:5,1200000 ms requested client profile,open62541/open62541,"[""session_idle_window_started_1200000""]",76e425ee963e8c16c0414f2f6bd0c7a5761a92c3,plugins/ua_config_default.c,UA_ClientConfig_setDefault,1173-1174,True,True,True,"HTTP 200: https://raw.githubusercontent.com/open62541/open62541/76e425ee963e8c16c0414f2f6bd0c7a5761a92c3/plugins/ua_config_default.c; verified_symbols=['UA_ClientConfig_setDefault']; failed_symbols=[]; cited_ranges=[(1173, 1174)]; uncovered_ranges=[]"
OPCUA-SUB-01,OPC UA,primary,primary property hook,open62541/open62541,"[""default_subscription_first_cycle_started""]",76e425ee963e8c16c0414f2f6bd0c7a5761a92c3,src/server/ua_subscription.c,Subscription_setState,730-759,True,True,True,"HTTP 200: https://raw.githubusercontent.com/open62541/open62541/76e425ee963e8c16c0414f2f6bd0c7a5761a92c3/src/server/ua_subscription.c; verified_symbols=['Subscription_setState']; failed_symbols=[]; cited_ranges=[(730, 759)]; uncovered_ranges=[]"
OPCUA-SUB-01,OPC UA,auxiliary:1,CreateSubscription revised values,open62541/open62541,"[""default_subscription_first_cycle_started""]",76e425ee963e8c16c0414f2f6bd0c7a5761a92c3,src/server/ua_services_subscription.c,Service_CreateSubscription,55-127,True,True,True,"HTTP 200: https://raw.githubusercontent.com/open62541/open62541/76e425ee963e8c16c0414f2f6bd0c7a5761a92c3/src/server/ua_services_subscription.c; verified_symbols=['Service_CreateSubscription']; failed_symbols=[]; cited_ranges=[(55, 127)]; uncovered_ranges=[]"
OPCUA-SUB-01,OPC UA,auxiliary:2,Publish request queue prerequisite,open62541/open62541,"[""default_subscription_first_cycle_started""]",76e425ee963e8c16c0414f2f6bd0c7a5761a92c3,src/server/ua_services_subscription.c,Service_Publish,236-355,True,True,True,"HTTP 200: https://raw.githubusercontent.com/open62541/open62541/76e425ee963e8c16c0414f2f6bd0c7a5761a92c3/src/server/ua_services_subscription.c; verified_symbols=['Service_Publish']; failed_symbols=[]; cited_ranges=[(236, 355)]; uncovered_ranges=[]"
OPCUA-SUB-01,OPC UA,auxiliary:3,first notification or keep-alive response,open62541/open62541,"[""first_publish_response""]",76e425ee963e8c16c0414f2f6bd0c7a5761a92c3,src/server/ua_subscription.c,UA_Subscription_publish,427-648,True,True,True,"HTTP 200: https://raw.githubusercontent.com/open62541/open62541/76e425ee963e8c16c0414f2f6bd0c7a5761a92c3/src/server/ua_subscription.c; verified_symbols=['UA_Subscription_publish']; failed_symbols=[]; cited_ranges=[(427, 648)]; uncovered_ranges=[]"
OPCUA-SUB-01,OPC UA,auxiliary:4,Subscription deletion or setting change,open62541/open62541,"[""first_cycle_generation_cancelled""]",76e425ee963e8c16c0414f2f6bd0c7a5761a92c3,src/server/ua_subscription.c,UA_Subscription_delete,53-115,True,True,True,"HTTP 200: https://raw.githubusercontent.com/open62541/open62541/76e425ee963e8c16c0414f2f6bd0c7a5761a92c3/src/server/ua_subscription.c; verified_symbols=['UA_Subscription_delete']; failed_symbols=[]; cited_ranges=[(53, 115)]; uncovered_ranges=[]"
OPCUA-SUB-01,OPC UA,auxiliary:5,revised interval change,open62541/open62541,"[""first_cycle_generation_cancelled""]",76e425ee963e8c16c0414f2f6bd0c7a5761a92c3,src/server/ua_services_subscription.c,Service_ModifySubscription,130-193,True,True,True,"HTTP 200: https://raw.githubusercontent.com/open62541/open62541/76e425ee963e8c16c0414f2f6bd0c7a5761a92c3/src/server/ua_services_subscription.c; verified_symbols=['Service_ModifySubscription']; failed_symbols=[]; cited_ranges=[(130, 193)]; uncovered_ranges=[]"
OPCUA-SUB-01,OPC UA,auxiliary:6,500 ms client request profile,open62541/open62541,"[""default_subscription_first_cycle_started""]",76e425ee963e8c16c0414f2f6bd0c7a5761a92c3,include/open62541/client_subscriptions.h,UA_CreateSubscriptionRequest_default,43-63,True,True,True,"HTTP 200: https://raw.githubusercontent.com/open62541/open62541/76e425ee963e8c16c0414f2f6bd0c7a5761a92c3/include/open62541/client_subscriptions.h; verified_symbols=['UA_CreateSubscriptionRequest_default']; failed_symbols=[]; cited_ranges=[(43, 63)]; uncovered_ranges=[]"
OPCUA-SUB-02,OPC UA,primary,primary property hook,open62541/open62541,"[""default_keepalive_window_started"", ""keepalive_response"", ""notification_response""]",76e425ee963e8c16c0414f2f6bd0c7a5761a92c3,src/server/ua_subscription.c,UA_Subscription_publish,477-610,True,True,True,"HTTP 200: https://raw.githubusercontent.com/open62541/open62541/76e425ee963e8c16c0414f2f6bd0c7a5761a92c3/src/server/ua_subscription.c; verified_symbols=['UA_Subscription_publish']; failed_symbols=[]; cited_ranges=[(477, 610)]; uncovered_ranges=[]"
OPCUA-SUB-02,OPC UA,auxiliary:1,revised keep-alive settings,open62541/open62541,"[""default_keepalive_window_started""]",76e425ee963e8c16c0414f2f6bd0c7a5761a92c3,src/server/ua_services_subscription.c,setSubscriptionSettings / Service_CreateSubscription,26-52;55-127,True,True,True,"HTTP 200: https://raw.githubusercontent.com/open62541/open62541/76e425ee963e8c16c0414f2f6bd0c7a5761a92c3/src/server/ua_services_subscription.c; verified_symbols=['setSubscriptionSettings', 'Service_CreateSubscription']; failed_symbols=[]; cited_ranges=[(26, 52), (55, 127)]; uncovered_ranges=[]"
OPCUA-SUB-02,OPC UA,auxiliary:2,Subscription deletion,open62541/open62541,"[""keepalive_generation_cancelled""]",76e425ee963e8c16c0414f2f6bd0c7a5761a92c3,src/server/ua_subscription.c,UA_Subscription_delete,53-115,True,True,True,"HTTP 200: https://raw.githubusercontent.com/open62541/open62541/76e425ee963e8c16c0414f2f6bd0c7a5761a92c3/src/server/ua_subscription.c; verified_symbols=['UA_Subscription_delete']; failed_symbols=[]; cited_ranges=[(53, 115)]; uncovered_ranges=[]"
OPCUA-SUB-02,OPC UA,auxiliary:3,revised interval/count change,open62541/open62541,"[""keepalive_generation_cancelled""]",76e425ee963e8c16c0414f2f6bd0c7a5761a92c3,src/server/ua_services_subscription.c,Service_ModifySubscription,130-193,True,True,True,"HTTP 200: https://raw.githubusercontent.com/open62541/open62541/76e425ee963e8c16c0414f2f6bd0c7a5761a92c3/src/server/ua_services_subscription.c; verified_symbols=['Service_ModifySubscription']; failed_symbols=[]; cited_ranges=[(130, 193)]; uncovered_ranges=[]"
OPCUA-SUB-02,OPC UA,auxiliary:4,default 500 ms by 10 client profile,open62541/open62541,"[""default_keepalive_window_started""]",76e425ee963e8c16c0414f2f6bd0c7a5761a92c3,include/open62541/client_subscriptions.h,UA_CreateSubscriptionRequest_default,43-63,True,True,True,"HTTP 200: https://raw.githubusercontent.com/open62541/open62541/76e425ee963e8c16c0414f2f6bd0c7a5761a92c3/include/open62541/client_subscriptions.h; verified_symbols=['UA_CreateSubscriptionRequest_default']; failed_symbols=[]; cited_ranges=[(43, 63)]; uncovered_ranges=[]"
OPCUA-SUB-03,OPC UA,primary,primary property hook,open62541/open62541,"[""default_subscription_no_publish_window_started"", ""subscription_timeout_closed""]",76e425ee963e8c16c0414f2f6bd0c7a5761a92c3,src/server/ua_subscription.c,UA_Subscription_publish,455-474,True,True,True,"HTTP 200: https://raw.githubusercontent.com/open62541/open62541/76e425ee963e8c16c0414f2f6bd0c7a5761a92c3/src/server/ua_subscription.c; verified_symbols=['UA_Subscription_publish']; failed_symbols=[]; cited_ranges=[(455, 474)]; uncovered_ranges=[]"
OPCUA-SUB-03,OPC UA,auxiliary:1,Subscription lifetime reset,open62541/open62541,"[""subscription_lifetime_reset""]",76e425ee963e8c16c0414f2f6bd0c7a5761a92c3,src/server/ua_subscription.c,Subscription_resetLifetime,118-120,True,True,True,"HTTP 200: https://raw.githubusercontent.com/open62541/open62541/76e425ee963e8c16c0414f2f6bd0c7a5761a92c3/src/server/ua_subscription.c; verified_symbols=['Subscription_resetLifetime']; failed_symbols=[]; cited_ranges=[(118, 120)]; uncovered_ranges=[]"
OPCUA-SUB-03,OPC UA,auxiliary:2,manual Subscription deletion,open62541/open62541,"[""subscription_lifetime_generation_cancelled""]",76e425ee963e8c16c0414f2f6bd0c7a5761a92c3,src/server/ua_subscription.c,UA_Subscription_delete,53-115,True,True,True,"HTTP 200: https://raw.githubusercontent.com/open62541/open62541/76e425ee963e8c16c0414f2f6bd0c7a5761a92c3/src/server/ua_subscription.c; verified_symbols=['UA_Subscription_delete']; failed_symbols=[]; cited_ranges=[(53, 115)]; uncovered_ranges=[]"
OPCUA-SUB-03,OPC UA,auxiliary:3,service reset or revised-setting change,open62541/open62541,"[""subscription_lifetime_reset"", ""subscription_lifetime_generation_cancelled""]",76e425ee963e8c16c0414f2f6bd0c7a5761a92c3,src/server/ua_services_subscription.c,Service_ModifySubscription / Service_Republish,130-193;393-433,True,True,True,"HTTP 200: https://raw.githubusercontent.com/open62541/open62541/76e425ee963e8c16c0414f2f6bd0c7a5761a92c3/src/server/ua_services_subscription.c; verified_symbols=['Service_ModifySubscription', 'Service_Republish']; failed_symbols=[]; cited_ranges=[(130, 193), (393, 433)]; uncovered_ranges=[]"
OPCUA-SUB-03,OPC UA,auxiliary:4,default revised-value source,open62541/open62541,"[""default_subscription_no_publish_window_started""]",76e425ee963e8c16c0414f2f6bd0c7a5761a92c3,src/server/ua_services_subscription.c,setSubscriptionSettings / Service_CreateSubscription,26-52;55-127,True,True,True,"HTTP 200: https://raw.githubusercontent.com/open62541/open62541/76e425ee963e8c16c0414f2f6bd0c7a5761a92c3/src/server/ua_services_subscription.c; verified_symbols=['setSubscriptionSettings', 'Service_CreateSubscription']; failed_symbols=[]; cited_ranges=[(26, 52), (55, 127)]; uncovered_ranges=[]"
OPCUA-SUB-03,OPC UA,auxiliary:5,500 ms and 10000-count client profile,open62541/open62541,"[""default_subscription_no_publish_window_started""]",76e425ee963e8c16c0414f2f6bd0c7a5761a92c3,include/open62541/client_subscriptions.h,UA_CreateSubscriptionRequest_default,43-63,True,True,True,"HTTP 200: https://raw.githubusercontent.com/open62541/open62541/76e425ee963e8c16c0414f2f6bd0c7a5761a92c3/include/open62541/client_subscriptions.h; verified_symbols=['UA_CreateSubscriptionRequest_default']; failed_symbols=[]; cited_ranges=[(43, 63)]; uncovered_ranges=[]"
OPCUA-SUB-04,OPC UA,primary,primary property hook,open62541/open62541,"[""notification_response_while_disabled"", ""keepalive_response_while_disabled""]",76e425ee963e8c16c0414f2f6bd0c7a5761a92c3,src/server/ua_subscription.c,UA_Subscription_publish,477-610,True,True,True,"HTTP 200: https://raw.githubusercontent.com/open62541/open62541/76e425ee963e8c16c0414f2f6bd0c7a5761a92c3/src/server/ua_subscription.c; verified_symbols=['UA_Subscription_publish']; failed_symbols=[]; cited_ranges=[(477, 610)]; uncovered_ranges=[]"
OPCUA-SUB-04,OPC UA,auxiliary:1,disable/re-enable and lifetime reset,open62541/open62541,"[""disabled_keepalive_window_started"", ""disabled_keepalive_generation_cancelled""]",76e425ee963e8c16c0414f2f6bd0c7a5761a92c3,src/server/ua_services_subscription.c,Operation_SetPublishingMode,196-214,True,True,True,"HTTP 200: https://raw.githubusercontent.com/open62541/open62541/76e425ee963e8c16c0414f2f6bd0c7a5761a92c3/src/server/ua_services_subscription.c; verified_symbols=['Operation_SetPublishingMode']; failed_symbols=[]; cited_ranges=[(196, 214)]; uncovered_ranges=[]"
OPCUA-SUB-04,OPC UA,auxiliary:2,Subscription deletion,open62541/open62541,"[""disabled_keepalive_generation_cancelled""]",76e425ee963e8c16c0414f2f6bd0c7a5761a92c3,src/server/ua_subscription.c,UA_Subscription_delete,53-115,True,True,True,"HTTP 200: https://raw.githubusercontent.com/open62541/open62541/76e425ee963e8c16c0414f2f6bd0c7a5761a92c3/src/server/ua_subscription.c; verified_symbols=['UA_Subscription_delete']; failed_symbols=[]; cited_ranges=[(53, 115)]; uncovered_ranges=[]"
OPCUA-SUB-04,OPC UA,auxiliary:3,revised interval/count change,open62541/open62541,"[""disabled_keepalive_generation_cancelled""]",76e425ee963e8c16c0414f2f6bd0c7a5761a92c3,src/server/ua_services_subscription.c,Service_ModifySubscription,130-193,True,True,True,"HTTP 200: https://raw.githubusercontent.com/open62541/open62541/76e425ee963e8c16c0414f2f6bd0c7a5761a92c3/src/server/ua_services_subscription.c; verified_symbols=['Service_ModifySubscription']; failed_symbols=[]; cited_ranges=[(130, 193)]; uncovered_ranges=[]"
OPCUA-SUB-04,OPC UA,auxiliary:4,default revised-value source,open62541/open62541,"[""disabled_keepalive_window_started""]",76e425ee963e8c16c0414f2f6bd0c7a5761a92c3,src/server/ua_services_subscription.c,setSubscriptionSettings / Service_CreateSubscription,26-52;55-127,True,True,True,"HTTP 200: https://raw.githubusercontent.com/open62541/open62541/76e425ee963e8c16c0414f2f6bd0c7a5761a92c3/src/server/ua_services_subscription.c; verified_symbols=['setSubscriptionSettings', 'Service_CreateSubscription']; failed_symbols=[]; cited_ranges=[(26, 52), (55, 127)]; uncovered_ranges=[]"
OPCUA-SUB-04,OPC UA,auxiliary:5,500 ms by 10 client profile,open62541/open62541,"[""disabled_keepalive_window_started""]",76e425ee963e8c16c0414f2f6bd0c7a5761a92c3,include/open62541/client_subscriptions.h,UA_CreateSubscriptionRequest_default,43-63,True,True,True,"HTTP 200: https://raw.githubusercontent.com/open62541/open62541/76e425ee963e8c16c0414f2f6bd0c7a5761a92c3/include/open62541/client_subscriptions.h; verified_symbols=['UA_CreateSubscriptionRequest_default']; failed_symbols=[]; cited_ranges=[(43, 63)]; uncovered_ranges=[]"
DDS-WRITE-01,DDS/RTPS,primary,primary property hook,eProsima/Fast-DDS,"[""reliable_write_resource_wait_started_default""]",94940169442298e2736af79720ef05d89a1b2a7d,src/cpp/fastdds/publisher/DataWriterHistory.cpp,DataWriterHistory::prepare_change,148-234,True,True,True,"HTTP 200: https://raw.githubusercontent.com/eProsima/Fast-DDS/94940169442298e2736af79720ef05d89a1b2a7d/src/cpp/fastdds/publisher/DataWriterHistory.cpp; verified_symbols=['DataWriterHistory::prepare_change']; failed_symbols=[]; cited_ranges=[(148, 234)]; uncovered_ranges=[]"
DDS-WRITE-01,DDS/RTPS,auxiliary:1,absolute max-blocking deadline and API return,eProsima/Fast-DDS,"[""reliable_write_resource_wait_started_default"", ""write_returned_from_blocking""]",94940169442298e2736af79720ef05d89a1b2a7d,src/cpp/fastdds/publisher/DataWriterImpl.cpp,DataWriterImpl::perform_create_new_change,1003-1107,True,True,True,"HTTP 200: https://raw.githubusercontent.com/eProsima/Fast-DDS/94940169442298e2736af79720ef05d89a1b2a7d/src/cpp/fastdds/publisher/DataWriterImpl.cpp; verified_symbols=['DataWriterImpl::perform_create_new_change']; failed_symbols=[]; cited_ranges=[(1003, 1107)]; uncovered_ranges=[]"
DDS-WRITE-01,DDS/RTPS,auxiliary:2,templated history caller return,eProsima/Fast-DDS,"[""write_returned_from_blocking""]",94940169442298e2736af79720ef05d89a1b2a7d,src/cpp/fastdds/publisher/DataWriterHistory.hpp,add_pub_change_with_commit_hook,142-170,True,True,True,"HTTP 200: https://raw.githubusercontent.com/eProsima/Fast-DDS/94940169442298e2736af79720ef05d89a1b2a7d/src/cpp/fastdds/publisher/DataWriterHistory.hpp; verified_symbols=['add_pub_change_with_commit_hook']; failed_symbols=[]; cited_ranges=[(142, 170)]; uncovered_ranges=[]"
RTPS-DISC-01,DDS/RTPS,primary,primary property hook,eProsima/Fast-DDS,"[""periodic_spdp_generation_started_30000""]",94940169442298e2736af79720ef05d89a1b2a7d,src/cpp/rtps/builtin/discovery/participant/PDP.cpp,PDP::set_next_announcement_interval,1534-1546,True,True,True,"HTTP 200: https://raw.githubusercontent.com/eProsima/Fast-DDS/94940169442298e2736af79720ef05d89a1b2a7d/src/cpp/rtps/builtin/discovery/participant/PDP.cpp; verified_symbols=['PDP::set_next_announcement_interval']; failed_symbols=[]; cited_ranges=[(1534, 1546)]; uncovered_ranges=[]"
RTPS-DISC-01,DDS/RTPS,auxiliary:1,periodic SPDP announcement action,eProsima/Fast-DDS,"[""next_periodic_spdp_announcement_sent""]",94940169442298e2736af79720ef05d89a1b2a7d,src/cpp/rtps/builtin/discovery/participant/PDP.cpp,PDP::announceParticipantState,576-692,True,True,True,"HTTP 200: https://raw.githubusercontent.com/eProsima/Fast-DDS/94940169442298e2736af79720ef05d89a1b2a7d/src/cpp/rtps/builtin/discovery/participant/PDP.cpp; verified_symbols=['PDP::announceParticipantState']; failed_symbols=[]; cited_ranges=[(576, 692)]; uncovered_ranges=[]"
RTPS-DISC-01,DDS/RTPS,auxiliary:2,periodic announcement generation reset,eProsima/Fast-DDS,"[""spdp_period_generation_superseded""]",94940169442298e2736af79720ef05d89a1b2a7d,src/cpp/rtps/builtin/discovery/participant/PDP.cpp,PDP::resetParticipantAnnouncement,702-708,True,True,True,"HTTP 200: https://raw.githubusercontent.com/eProsima/Fast-DDS/94940169442298e2736af79720ef05d89a1b2a7d/src/cpp/rtps/builtin/discovery/participant/PDP.cpp; verified_symbols=['PDP::resetParticipantAnnouncement']; failed_symbols=[]; cited_ranges=[(702, 708)]; uncovered_ranges=[]"
RTPS-DISC-01,DDS/RTPS,auxiliary:3,participant stop and timer cancellation,eProsima/Fast-DDS,"[""local_participant_stopped""]",94940169442298e2736af79720ef05d89a1b2a7d,src/cpp/rtps/builtin/discovery/participant/PDP.cpp,PDP::stopParticipantAnnouncement / PDP::disable,558-574;694-700,True,True,True,"HTTP 200: https://raw.githubusercontent.com/eProsima/Fast-DDS/94940169442298e2736af79720ef05d89a1b2a7d/src/cpp/rtps/builtin/discovery/participant/PDP.cpp; verified_symbols=['PDP::stopParticipantAnnouncement', 'PDP::disable']; failed_symbols=[]; cited_ranges=[(558, 574), (694, 700)]; uncovered_ranges=[]"
RTPS-DISC-02,DDS/RTPS,primary,primary property hook,eclipse-cyclonedds/cyclonedds,"[""remote_participant_removed_due_to_lease""]",2cdd114cbd18340c606573b4cc8dc20cc161ec5a,src/core/ddsi/src/q_lease.c,check_and_handle_lease_expiration,218-292,True,True,True,"HTTP 200: https://raw.githubusercontent.com/eclipse-cyclonedds/cyclonedds/2cdd114cbd18340c606573b4cc8dc20cc161ec5a/src/core/ddsi/src/q_lease.c; verified_symbols=['check_and_handle_lease_expiration']; failed_symbols=[]; cited_ranges=[(218, 292)]; uncovered_ranges=[]"
RTPS-DISC-02,DDS/RTPS,auxiliary:1,default lease creation and SPDP refresh,eclipse-cyclonedds/cyclonedds,"[""remote_participant_default_lease_started"", ""remote_spdp_refresh_supersedes_lease""]",2cdd114cbd18340c606573b4cc8dc20cc161ec5a,src/core/ddsi/src/q_ddsi_discovery.c,handle_spdp_alive,723-981,True,True,True,"HTTP 200: https://raw.githubusercontent.com/eclipse-cyclonedds/cyclonedds/2cdd114cbd18340c606573b4cc8dc20cc161ec5a/src/core/ddsi/src/q_ddsi_discovery.c; verified_symbols=['handle_spdp_alive']; failed_symbols=[]; cited_ranges=[(723, 981)]; uncovered_ranges=[]"
RTPS-DISC-02,DDS/RTPS,auxiliary:2,explicit SPDP dispose cancellation,eclipse-cyclonedds/cyclonedds,"[""remote_lease_generation_cancelled""]",2cdd114cbd18340c606573b4cc8dc20cc161ec5a,src/core/ddsi/src/q_ddsi_discovery.c,handle_spdp_dead,638-671,True,True,True,"HTTP 200: https://raw.githubusercontent.com/eclipse-cyclonedds/cyclonedds/2cdd114cbd18340c606573b4cc8dc20cc161ec5a/src/core/ddsi/src/q_ddsi_discovery.c; verified_symbols=['handle_spdp_dead']; failed_symbols=[]; cited_ranges=[(638, 671)]; uncovered_ranges=[]"
RTPS-DISC-02,DDS/RTPS,auxiliary:3,privileged participant lease exception,eclipse-cyclonedds/cyclonedds,"[""remote_participant_default_lease_started""]",2cdd114cbd18340c606573b4cc8dc20cc161ec5a,src/core/ddsi/src/q_lease.c,check_and_handle_lease_expiration,247-281,True,True,True,"HTTP 200: https://raw.githubusercontent.com/eclipse-cyclonedds/cyclonedds/2cdd114cbd18340c606573b4cc8dc20cc161ec5a/src/core/ddsi/src/q_lease.c; verified_symbols=['check_and_handle_lease_expiration']; failed_symbols=[]; cited_ranges=[(247, 281)]; uncovered_ranges=[]"
RTPS-REL-01,DDS/RTPS,primary,primary property hook,eProsima/Fast-DDS,"[""writer_nack_timer_generation_started_200"", ""nack_response_generation_superseded"", ""rtps_pending_reader_set_empty""]",94940169442298e2736af79720ef05d89a1b2a7d,src/cpp/rtps/writer/StatefulWriter.cpp,StatefulWriter::process_acknack,1921-1960,True,True,True,"HTTP 200: https://raw.githubusercontent.com/eProsima/Fast-DDS/94940169442298e2736af79720ef05d89a1b2a7d/src/cpp/rtps/writer/StatefulWriter.cpp; verified_symbols=['StatefulWriter::process_acknack']; failed_symbols=[]; cited_ranges=[(1921, 1960)]; uncovered_ranges=[]"
RTPS-REL-01,DDS/RTPS,auxiliary:1,writer nack-response callback action,eProsima/Fast-DDS,"[""nack_response_action_observed""]",94940169442298e2736af79720ef05d89a1b2a7d,src/cpp/rtps/writer/StatefulWriter.cpp,StatefulWriter::perform_nack_response,1880-1900,True,True,True,"HTTP 200: https://raw.githubusercontent.com/eProsima/Fast-DDS/94940169442298e2736af79720ef05d89a1b2a7d/src/cpp/rtps/writer/StatefulWriter.cpp; verified_symbols=['StatefulWriter::perform_nack_response']; failed_symbols=[]; cited_ranges=[(1880, 1900)]; uncovered_ranges=[]"
RTPS-REL-01,DDS/RTPS,auxiliary:2,TimedEvent callback binding,eProsima/Fast-DDS,"[""nack_response_action_observed""]",94940169442298e2736af79720ef05d89a1b2a7d,src/cpp/rtps/writer/StatefulWriter.cpp,StatefulWriter::init,225-232,True,True,True,"HTTP 200: https://raw.githubusercontent.com/eProsima/Fast-DDS/94940169442298e2736af79720ef05d89a1b2a7d/src/cpp/rtps/writer/StatefulWriter.cpp; verified_symbols=['StatefulWriter::init']; failed_symbols=[]; cited_ranges=[(225, 232)]; uncovered_ranges=[]"
RTPS-REL-01,DDS/RTPS,auxiliary:3,reader unmatch can empty pending-reader set,eProsima/Fast-DDS,"[""rtps_pending_reader_set_empty""]",94940169442298e2736af79720ef05d89a1b2a7d,src/cpp/rtps/writer/StatefulWriter.cpp,StatefulWriter::matched_reader_remove,1211-1302,True,True,True,"HTTP 200: https://raw.githubusercontent.com/eProsima/Fast-DDS/94940169442298e2736af79720ef05d89a1b2a7d/src/cpp/rtps/writer/StatefulWriter.cpp; verified_symbols=['StatefulWriter::matched_reader_remove']; failed_symbols=[]; cited_ranges=[(1211, 1302)]; uncovered_ranges=[]"
RTPS-REL-01,DDS/RTPS,auxiliary:4,writer removal stops timer and reader proxies,eProsima/Fast-DDS,"[""rtps_writer_stopped""]",94940169442298e2736af79720ef05d89a1b2a7d,src/cpp/rtps/writer/StatefulWriter.cpp,StatefulWriter::local_actions_on_writer_removed,256-315,True,True,True,"HTTP 200: https://raw.githubusercontent.com/eProsima/Fast-DDS/94940169442298e2736af79720ef05d89a1b2a7d/src/cpp/rtps/writer/StatefulWriter.cpp; verified_symbols=['StatefulWriter::local_actions_on_writer_removed']; failed_symbols=[]; cited_ranges=[(256, 315)]; uncovered_ranges=[]"
RTPS-REL-02,DDS/RTPS,primary,primary property hook,eProsima/Fast-DDS,"[""heartbeat_response_generation_started_500"", ""heartbeat_response_generation_superseded""]",94940169442298e2736af79720ef05d89a1b2a7d,src/cpp/rtps/reader/WriterProxy.cpp,WriterProxy::process_heartbeat,550-615,True,True,True,"HTTP 200: https://raw.githubusercontent.com/eProsima/Fast-DDS/94940169442298e2736af79720ef05d89a1b2a7d/src/cpp/rtps/reader/WriterProxy.cpp; verified_symbols=['WriterProxy::process_heartbeat']; failed_symbols=[]; cited_ranges=[(550, 615)]; uncovered_ranges=[]"
RTPS-REL-02,DDS/RTPS,auxiliary:1,heartbeat-response ACKNACK handoff,eProsima/Fast-DDS,"[""heartbeat_acknack_sent""]",94940169442298e2736af79720ef05d89a1b2a7d,src/cpp/rtps/reader/WriterProxy.cpp,WriterProxy::perform_heartbeat_response,535-548,True,True,True,"HTTP 200: https://raw.githubusercontent.com/eProsima/Fast-DDS/94940169442298e2736af79720ef05d89a1b2a7d/src/cpp/rtps/reader/WriterProxy.cpp; verified_symbols=['WriterProxy::perform_heartbeat_response']; failed_symbols=[]; cited_ranges=[(535, 548)]; uncovered_ranges=[]"
RTPS-REL-02,DDS/RTPS,auxiliary:2,remote writer unmatch,eProsima/Fast-DDS,"[""rtps_writer_unmatched""]",94940169442298e2736af79720ef05d89a1b2a7d,src/cpp/rtps/reader/StatefulReader.cpp,StatefulReader::matched_writer_remove,381-482,True,True,True,"HTTP 200: https://raw.githubusercontent.com/eProsima/Fast-DDS/94940169442298e2736af79720ef05d89a1b2a7d/src/cpp/rtps/reader/StatefulReader.cpp; verified_symbols=['StatefulReader::matched_writer_remove']; failed_symbols=[]; cited_ranges=[(381, 482)]; uncovered_ranges=[]"
RTPS-REL-02,DDS/RTPS,auxiliary:3,WriterProxy timer cancellation,eProsima/Fast-DDS,"[""rtps_writer_unmatched"", ""rtps_reader_stopped""]",94940169442298e2736af79720ef05d89a1b2a7d,src/cpp/rtps/reader/WriterProxy.cpp,WriterProxy::stop,170-187,True,True,True,"HTTP 200: https://raw.githubusercontent.com/eProsima/Fast-DDS/94940169442298e2736af79720ef05d89a1b2a7d/src/cpp/rtps/reader/WriterProxy.cpp; verified_symbols=['WriterProxy::stop']; failed_symbols=[]; cited_ranges=[(170, 187)]; uncovered_ranges=[]"
RTPS-REL-02,DDS/RTPS,auxiliary:4,local reader removal lifecycle,eProsima/Fast-DDS,"[""rtps_reader_stopped""]",94940169442298e2736af79720ef05d89a1b2a7d,src/cpp/rtps/reader/BaseReader.cpp,BaseReader::local_actions_on_reader_removed,109-112,True,True,True,"HTTP 200: https://raw.githubusercontent.com/eProsima/Fast-DDS/94940169442298e2736af79720ef05d89a1b2a7d/src/cpp/rtps/reader/BaseReader.cpp; verified_symbols=['BaseReader::local_actions_on_reader_removed']; failed_symbols=[]; cited_ranges=[(109, 112)]; uncovered_ranges=[]"
CANTP-NBS-01,CAN/UDS,primary,primary property hook,pylessard/python-can-isotp,"[""flow_control_received"", ""tx_aborted_n_bs""]",7b44c5282ee390df4977b710218564eb73e2dc2a,isotp/protocol.py,def _process_tx,987-1051,True,True,True,"HTTP 200: https://raw.githubusercontent.com/pylessard/python-can-isotp/7b44c5282ee390df4977b710218564eb73e2dc2a/isotp/protocol.py; verified_symbols=['def _process_tx']; failed_symbols=[]; cited_ranges=[(987, 1051)]; uncovered_ranges=[]"
CANTP-NBS-01,CAN/UDS,auxiliary:1,N_Bs timer generation start,pylessard/python-can-isotp,"[""n_bs_timer_generation_started_1000""]",7b44c5282ee390df4977b710218564eb73e2dc2a,isotp/protocol.py,_start_rx_fc_timer,1250-1253,True,True,True,"HTTP 200: https://raw.githubusercontent.com/pylessard/python-can-isotp/7b44c5282ee390df4977b710218564eb73e2dc2a/isotp/protocol.py; verified_symbols=['_start_rx_fc_timer']; failed_symbols=[]; cited_ranges=[(1250, 1253)]; uncovered_ranges=[]"
CANTP-NBS-01,CAN/UDS,auxiliary:2,1000 ms receive-flow-control profile,pylessard/python-can-isotp,"[""n_bs_timer_generation_started_1000""]",7b44c5282ee390df4977b710218564eb73e2dc2a,isotp/protocol.py,__init__,349-354,True,True,True,"HTTP 200: https://raw.githubusercontent.com/pylessard/python-can-isotp/7b44c5282ee390df4977b710218564eb73e2dc2a/isotp/protocol.py; verified_symbols=['__init__']; failed_symbols=[]; cited_ranges=[(349, 354)]; uncovered_ranges=[]"
CANTP-NBS-01,CAN/UDS,auxiliary:3,strict elapsed timeout predicate,pylessard/python-can-isotp,"[""tx_aborted_n_bs""]",7b44c5282ee390df4977b710218564eb73e2dc2a,isotp/tools.py,is_timed_out,48-53,True,True,True,"HTTP 200: https://raw.githubusercontent.com/pylessard/python-can-isotp/7b44c5282ee390df4977b710218564eb73e2dc2a/isotp/tools.py; verified_symbols=['is_timed_out']; failed_symbols=[]; cited_ranges=[(48, 53)]; uncovered_ranges=[]"
CANTP-NBS-01,CAN/UDS,auxiliary:4,explicit send cancellation or layer reset,pylessard/python-can-isotp,"[""n_bs_generation_cancelled""]",7b44c5282ee390df4977b710218564eb73e2dc2a,isotp/protocol.py,stop_sending / reset,1321-1325;1406-1415,True,True,True,"HTTP 200: https://raw.githubusercontent.com/pylessard/python-can-isotp/7b44c5282ee390df4977b710218564eb73e2dc2a/isotp/protocol.py; verified_symbols=['stop_sending', 'reset']; failed_symbols=[]; cited_ranges=[(1321, 1325), (1406, 1415)]; uncovered_ranges=[]"
CANTP-NCR-01,CAN/UDS,primary,primary property hook,pylessard/python-can-isotp,"[""rx_aborted_n_cr""]",7b44c5282ee390df4977b710218564eb73e2dc2a,isotp/protocol.py,def _check_timeouts_rx,890-894,True,True,True,"HTTP 200: https://raw.githubusercontent.com/pylessard/python-can-isotp/7b44c5282ee390df4977b710218564eb73e2dc2a/isotp/protocol.py; verified_symbols=['def _check_timeouts_rx']; failed_symbols=[]; cited_ranges=[(890, 894)]; uncovered_ranges=[]"
CANTP-NCR-01,CAN/UDS,auxiliary:1,accepted consecutive-frame path,pylessard/python-can-isotp,"[""n_cr_timer_generation_started_1000"", ""consecutive_frame_received""]",7b44c5282ee390df4977b710218564eb73e2dc2a,isotp/protocol.py,_process_rx,895-984,True,True,True,"HTTP 200: https://raw.githubusercontent.com/pylessard/python-can-isotp/7b44c5282ee390df4977b710218564eb73e2dc2a/isotp/protocol.py; verified_symbols=['_process_rx']; failed_symbols=[]; cited_ranges=[(895, 984)]; uncovered_ranges=[]"
CANTP-NCR-01,CAN/UDS,auxiliary:2,N_Cr timer generation start,pylessard/python-can-isotp,"[""n_cr_timer_generation_started_1000""]",7b44c5282ee390df4977b710218564eb73e2dc2a,isotp/protocol.py,_start_rx_cf_timer,1254-1257,True,True,True,"HTTP 200: https://raw.githubusercontent.com/pylessard/python-can-isotp/7b44c5282ee390df4977b710218564eb73e2dc2a/isotp/protocol.py; verified_symbols=['_start_rx_cf_timer']; failed_symbols=[]; cited_ranges=[(1254, 1257)]; uncovered_ranges=[]"
CANTP-NCR-01,CAN/UDS,auxiliary:3,1000 ms consecutive-frame profile,pylessard/python-can-isotp,"[""n_cr_timer_generation_started_1000""]",7b44c5282ee390df4977b710218564eb73e2dc2a,isotp/protocol.py,__init__,349-354,True,True,True,"HTTP 200: https://raw.githubusercontent.com/pylessard/python-can-isotp/7b44c5282ee390df4977b710218564eb73e2dc2a/isotp/protocol.py; verified_symbols=['__init__']; failed_symbols=[]; cited_ranges=[(349, 354)]; uncovered_ranges=[]"
CANTP-NCR-01,CAN/UDS,auxiliary:4,strict elapsed timeout predicate,pylessard/python-can-isotp,"[""rx_aborted_n_cr""]",7b44c5282ee390df4977b710218564eb73e2dc2a,isotp/tools.py,is_timed_out,48-53,True,True,True,"HTTP 200: https://raw.githubusercontent.com/pylessard/python-can-isotp/7b44c5282ee390df4977b710218564eb73e2dc2a/isotp/tools.py; verified_symbols=['is_timed_out']; failed_symbols=[]; cited_ranges=[(48, 53)]; uncovered_ranges=[]"
CANTP-NCR-01,CAN/UDS,auxiliary:5,explicit receive cancellation or layer reset,pylessard/python-can-isotp,"[""n_cr_generation_cancelled""]",7b44c5282ee390df4977b710218564eb73e2dc2a,isotp/protocol.py,stop_receiving / reset,1341-1346;1406-1415,True,True,True,"HTTP 200: https://raw.githubusercontent.com/pylessard/python-can-isotp/7b44c5282ee390df4977b710218564eb73e2dc2a/isotp/protocol.py; verified_symbols=['stop_receiving', 'reset']; failed_symbols=[]; cited_ranges=[(1341, 1346), (1406, 1415)]; uncovered_ranges=[]"
UDS-P2-01,CAN/UDS,primary,primary property hook,driftregion/iso14229,"[""uds_request_processing_started_p2_50_adjust0"", ""uds_final_response_sent"", ""uds_nrc78_sent""]",b0e92b14fcc384d42bfd01ecd7f745addb6bf761,src/server.c,UDSServerPoll,1581-1660,True,True,True,"HTTP 200: https://raw.githubusercontent.com/driftregion/iso14229/b0e92b14fcc384d42bfd01ecd7f745addb6bf761/src/server.c; verified_symbols=['UDSServerPoll']; failed_symbols=[]; cited_ranges=[(1581, 1660)]; uncovered_ranges=[]"
UDS-P2-01,CAN/UDS,auxiliary:1,50 ms P2 implementation profile,driftregion/iso14229,"[""uds_request_processing_started_p2_50_adjust0""]",b0e92b14fcc384d42bfd01ecd7f745addb6bf761,src/config.h,UDS_SERVER_DEFAULT_P2_MS,42-43,True,True,True,"HTTP 200: https://raw.githubusercontent.com/driftregion/iso14229/b0e92b14fcc384d42bfd01ecd7f745addb6bf761/src/config.h; verified_symbols=['UDS_SERVER_DEFAULT_P2_MS']; failed_symbols=[]; cited_ranges=[(42, 43)]; uncovered_ranges=[]"
UDS-P2-01,CAN/UDS,auxiliary:2,strict logical deadline predicate,driftregion/iso14229,"[""uds_final_response_sent"", ""uds_nrc78_sent""]",b0e92b14fcc384d42bfd01ecd7f745addb6bf761,src/util.h,UDSTimeAfter,13,True,True,True,"HTTP 200: https://raw.githubusercontent.com/driftregion/iso14229/b0e92b14fcc384d42bfd01ecd7f745addb6bf761/src/util.h; verified_symbols=['UDSTimeAfter']; failed_symbols=[]; cited_ranges=[(13, 13)]; uncovered_ranges=[]"
UDS-P2-01,CAN/UDS,auxiliary:3,response transport handoff,driftregion/iso14229,"[""uds_final_response_sent"", ""uds_nrc78_sent""]",b0e92b14fcc384d42bfd01ecd7f745addb6bf761,src/server.c,UDSServerPoll,1617-1621,True,True,True,"HTTP 200: https://raw.githubusercontent.com/driftregion/iso14229/b0e92b14fcc384d42bfd01ecd7f745addb6bf761/src/server.c; verified_symbols=['UDSServerPoll']; failed_symbols=[]; cited_ranges=[(1617, 1621)]; uncovered_ranges=[]"
UDS-P2-01,CAN/UDS,auxiliary:4,server reset cancellation,driftregion/iso14229,"[""uds_p2_generation_cancelled""]",b0e92b14fcc384d42bfd01ecd7f745addb6bf761,src/server.c,UDSServerInit,1564-1579,True,True,True,"HTTP 200: https://raw.githubusercontent.com/driftregion/iso14229/b0e92b14fcc384d42bfd01ecd7f745addb6bf761/src/server.c; verified_symbols=['UDSServerInit']; failed_symbols=[]; cited_ranges=[(1564, 1579)]; uncovered_ranges=[]"
UDS-P2STAR-01,CAN/UDS,primary,primary property hook,driftregion/iso14229,"[""uds_nrc78_sent_p2star_5000_adjust0"", ""uds_final_response_after_nrc78"", ""uds_nrc78_repeated""]",b0e92b14fcc384d42bfd01ecd7f745addb6bf761,src/server.c,UDSServerPoll,1598-1638,True,True,True,"HTTP 200: https://raw.githubusercontent.com/driftregion/iso14229/b0e92b14fcc384d42bfd01ecd7f745addb6bf761/src/server.c; verified_symbols=['UDSServerPoll']; failed_symbols=[]; cited_ranges=[(1598, 1638)]; uncovered_ranges=[]"
UDS-P2STAR-01,CAN/UDS,auxiliary:1,5000 ms P2-star implementation profile,driftregion/iso14229,"[""uds_nrc78_sent_p2star_5000_adjust0""]",b0e92b14fcc384d42bfd01ecd7f745addb6bf761,src/config.h,UDS_SERVER_DEFAULT_P2_STAR_MS,47-48,True,True,True,"HTTP 200: https://raw.githubusercontent.com/driftregion/iso14229/b0e92b14fcc384d42bfd01ecd7f745addb6bf761/src/config.h; verified_symbols=['UDS_SERVER_DEFAULT_P2_STAR_MS']; failed_symbols=[]; cited_ranges=[(47, 48)]; uncovered_ranges=[]"
UDS-P2STAR-01,CAN/UDS,auxiliary:2,strict logical deadline predicate,driftregion/iso14229,"[""uds_final_response_after_nrc78"", ""uds_nrc78_repeated""]",b0e92b14fcc384d42bfd01ecd7f745addb6bf761,src/util.h,UDSTimeAfter,13,True,True,True,"HTTP 200: https://raw.githubusercontent.com/driftregion/iso14229/b0e92b14fcc384d42bfd01ecd7f745addb6bf761/src/util.h; verified_symbols=['UDSTimeAfter']; failed_symbols=[]; cited_ranges=[(13, 13)]; uncovered_ranges=[]"
UDS-P2STAR-01,CAN/UDS,auxiliary:3,server reset cancellation,driftregion/iso14229,"[""uds_p2star_generation_cancelled""]",b0e92b14fcc384d42bfd01ecd7f745addb6bf761,src/server.c,UDSServerInit,1564-1579,True,True,True,"HTTP 200: https://raw.githubusercontent.com/driftregion/iso14229/b0e92b14fcc384d42bfd01ecd7f745addb6bf761/src/server.c; verified_symbols=['UDSServerInit']; failed_symbols=[]; cited_ranges=[(1564, 1579)]; uncovered_ranges=[]"
UDS-S3-01,CAN/UDS,primary,primary property hook,driftregion/iso14229,"[""default_session_entered_due_to_s3""]",b0e92b14fcc384d42bfd01ecd7f745addb6bf761,src/server.c,UDSServerPoll,1581-1588,True,True,True,"HTTP 200: https://raw.githubusercontent.com/driftregion/iso14229/b0e92b14fcc384d42bfd01ecd7f745addb6bf761/src/server.c; verified_symbols=['UDSServerPoll']; failed_symbols=[]; cited_ranges=[(1581, 1588)]; uncovered_ranges=[]"
UDS-S3-01,CAN/UDS,auxiliary:1,non-default session entry and explicit session change,driftregion/iso14229,"[""non_default_session_idle_started_s3_5100"", ""s3_generation_cancelled""]",b0e92b14fcc384d42bfd01ecd7f745addb6bf761,src/server.c,Handle_0x10_DiagnosticSessionControl,38-83,True,True,True,"HTTP 200: https://raw.githubusercontent.com/driftregion/iso14229/b0e92b14fcc384d42bfd01ecd7f745addb6bf761/src/server.c; verified_symbols=['Handle_0x10_DiagnosticSessionControl']; failed_symbols=[]; cited_ranges=[(38, 83)]; uncovered_ranges=[]"
UDS-S3-01,CAN/UDS,auxiliary:2,TesterPresent S3 refresh,driftregion/iso14229,"[""s3_resetting_activity_received""]",b0e92b14fcc384d42bfd01ecd7f745addb6bf761,src/server.c,Handle_0x3E_TesterPresent,1304-1321,True,True,True,"HTTP 200: https://raw.githubusercontent.com/driftregion/iso14229/b0e92b14fcc384d42bfd01ecd7f745addb6bf761/src/server.c; verified_symbols=['Handle_0x3E_TesterPresent']; failed_symbols=[]; cited_ranges=[(1304, 1321)]; uncovered_ranges=[]"
UDS-S3-01,CAN/UDS,auxiliary:3,server initialization and reset,driftregion/iso14229,"[""non_default_session_idle_started_s3_5100"", ""s3_generation_cancelled""]",b0e92b14fcc384d42bfd01ecd7f745addb6bf761,src/server.c,UDSServerInit,1564-1579,True,True,True,"HTTP 200: https://raw.githubusercontent.com/driftregion/iso14229/b0e92b14fcc384d42bfd01ecd7f745addb6bf761/src/server.c; verified_symbols=['UDSServerInit']; failed_symbols=[]; cited_ranges=[(1564, 1579)]; uncovered_ranges=[]"
UDS-S3-01,CAN/UDS,auxiliary:4,5100 ms S3 implementation profile,driftregion/iso14229,"[""non_default_session_idle_started_s3_5100""]",b0e92b14fcc384d42bfd01ecd7f745addb6bf761,src/config.h,UDS_SERVER_DEFAULT_S3_MS,51-53,True,True,True,"HTTP 200: https://raw.githubusercontent.com/driftregion/iso14229/b0e92b14fcc384d42bfd01ecd7f745addb6bf761/src/config.h; verified_symbols=['UDS_SERVER_DEFAULT_S3_MS']; failed_symbols=[]; cited_ranges=[(51, 53)]; uncovered_ranges=[]"
UDS-S3-01,CAN/UDS,auxiliary:5,strict S3 deadline predicate,driftregion/iso14229,"[""default_session_entered_due_to_s3""]",b0e92b14fcc384d42bfd01ecd7f745addb6bf761,src/util.h,UDSTimeAfter,13,True,True,True,"HTTP 200: https://raw.githubusercontent.com/driftregion/iso14229/b0e92b14fcc384d42bfd01ecd7f745addb6bf761/src/util.h; verified_symbols=['UDSTimeAfter']; failed_symbols=[]; cited_ranges=[(13, 13)]; uncovered_ranges=[]"
