system,input_class,artifact_name,association_occurrences,policies,artifact_raw_variants,artifact_source_files,current_identity_status,current_name,current_match_confidence,current_alias_evidence,current_alias_note_zh,current_source_locations,current_source_location_confidence,current_type,current_default_raw_catalog,current_default,current_default_evidence_status,current_default_evidence_source,current_default_evidence_note_zh,current_minimum,current_maximum,current_increment,current_units,current_reboot_required,current_build_inclusion_status,current_mavlink_parameter_transport,current_runtime_value,current_runtime_profile,current_runtime_capture,runtime_write_change_verification,current_command_id,command_id_consistency,current_command_origin,identity_limit_zh,implementation_satisfaction
PX4,InputC,Flight_Mode,30,PX.ALTITUDE1|PX.GPS.FS1|PX.GPS.FS2|PX.GPS.FS3|PX.HOLD1|PX.HOLD2|PX.LAND1|PX.ORBIT1|PX.ORBIT2|PX.ORBIT3|PX.ORBIT4|PX.ORBIT5|PX.ORBIT6|PX.POSITION1|PX.RTL1|PX.RTL2|PX.RTL3|PX.RTL4|PX.RTL5|PX.TAKEOFF1|PX.TAKEOFF2,"Flight_Mode,11 || Flight_Mode,2 || Flight_Mode,3 || Flight_Mode,5 || Flight_Mode,6 || Flight_Mode,7",baseline/pgfuzz/PX4/policies/PX.ALTITUDE1/cmds.txt|baseline/pgfuzz/PX4/policies/PX.GPS.FS1/cmds.txt|baseline/pgfuzz/PX4/policies/PX.GPS.FS2/cmds.txt|baseline/pgfuzz/PX4/policies/PX.GPS.FS3/cmds.txt|baseline/pgfuzz/PX4/policies/PX.HOLD1/cmds.txt|baseline/pgfuzz/PX4/policies/PX.HOLD2/cmds.txt|baseline/pgfuzz/PX4/policies/PX.LAND1/cmds.txt|baseline/pgfuzz/PX4/policies/PX.ORBIT1/cmds.txt|baseline/pgfuzz/PX4/policies/PX.ORBIT2/cmds.txt|baseline/pgfuzz/PX4/policies/PX.ORBIT3/cmds.txt|baseline/pgfuzz/PX4/policies/PX.ORBIT4_5/cmds.txt|baseline/pgfuzz/PX4/policies/PX.ORBIT6/cmds.txt|baseline/pgfuzz/PX4/policies/PX.POSITION1/cmds.txt|baseline/pgfuzz/PX4/policies/PX.RTL1/cmds.txt|baseline/pgfuzz/PX4/policies/PX.RTL2/cmds.txt|baseline/pgfuzz/PX4/policies/PX.RTL3/cmds.txt|baseline/pgfuzz/PX4/policies/PX.RTL4/cmds.txt|baseline/pgfuzz/PX4/policies/PX.RTL5/cmds.txt|baseline/pgfuzz/PX4/policies/PX.TAKEOFF1/cmds.txt|baseline/pgfuzz/PX4/policies/PX.TAKEOFF2/cmds.txt,SPECIAL_CONTROL_INPUT,Flight_Mode,MODELLED_SPECIAL_INPUT,,,,,,,,UNKNOWN,,当前目录没有可用默认值证据。,,,,,,,,,,,NOT_TESTED,,NOT_APPLICABLE,,这是 PGFuzz 自定义输入编码；后续必须绑定到当前模式或遥控接收路径，不能把数字直接当当前枚举。,NOT_ASSESSED
PX4,InputC,MAV_CMD_COMPONENT_ARM_DISARM,15,PX.ALTITUDE1|PX.GPS.FS1|PX.GPS.FS2|PX.GPS.FS3|PX.HOLD1|PX.HOLD2|PX.LAND1|PX.POSITION1|PX.RTL1|PX.RTL2|PX.RTL3|PX.RTL4|PX.RTL5|PX.TAKEOFF1|PX.TAKEOFF2,"MAV_CMD_COMPONENT_ARM_DISARM,400",baseline/pgfuzz/PX4/policies/PX.ALTITUDE1/cmds.txt|baseline/pgfuzz/PX4/policies/PX.GPS.FS1/cmds.txt|baseline/pgfuzz/PX4/policies/PX.GPS.FS2/cmds.txt|baseline/pgfuzz/PX4/policies/PX.GPS.FS3/cmds.txt|baseline/pgfuzz/PX4/policies/PX.HOLD1/cmds.txt|baseline/pgfuzz/PX4/policies/PX.HOLD2/cmds.txt|baseline/pgfuzz/PX4/policies/PX.LAND1/cmds.txt|baseline/pgfuzz/PX4/policies/PX.POSITION1/cmds.txt|baseline/pgfuzz/PX4/policies/PX.RTL1/cmds.txt|baseline/pgfuzz/PX4/policies/PX.RTL2/cmds.txt|baseline/pgfuzz/PX4/policies/PX.RTL3/cmds.txt|baseline/pgfuzz/PX4/policies/PX.RTL4/cmds.txt|baseline/pgfuzz/PX4/policies/PX.RTL5/cmds.txt|baseline/pgfuzz/PX4/policies/PX.TAKEOFF1/cmds.txt|baseline/pgfuzz/PX4/policies/PX.TAKEOFF2/cmds.txt,COMMAND_XML_DEFINITION_FOUND,MAV_CMD_COMPONENT_ARM_DISARM,EXACT_NAME_XML_DEFINITION,,,,,,,,UNKNOWN,,当前目录没有可用默认值证据。,,,,,,,,,,,NOT_TESTED,400,MATCH,baseline/px4/src/modules/mavlink/mavlink/message_definitions/v1.0/common.xml:1983,只确认协议 XML 定义；未由此证明当前飞控构建接受、执行或影响该性质。,NOT_ASSESSED
PX4,InputC,MAV_CMD_CONDITION_DELAY,15,PX.ALTITUDE1|PX.GPS.FS1|PX.GPS.FS2|PX.GPS.FS3|PX.HOLD1|PX.HOLD2|PX.LAND1|PX.POSITION1|PX.RTL1|PX.RTL2|PX.RTL3|PX.RTL4|PX.RTL5|PX.TAKEOFF1|PX.TAKEOFF2,"MAV_CMD_CONDITION_DELAY,112",baseline/pgfuzz/PX4/policies/PX.ALTITUDE1/cmds.txt|baseline/pgfuzz/PX4/policies/PX.GPS.FS1/cmds.txt|baseline/pgfuzz/PX4/policies/PX.GPS.FS2/cmds.txt|baseline/pgfuzz/PX4/policies/PX.GPS.FS3/cmds.txt|baseline/pgfuzz/PX4/policies/PX.HOLD1/cmds.txt|baseline/pgfuzz/PX4/policies/PX.HOLD2/cmds.txt|baseline/pgfuzz/PX4/policies/PX.LAND1/cmds.txt|baseline/pgfuzz/PX4/policies/PX.POSITION1/cmds.txt|baseline/pgfuzz/PX4/policies/PX.RTL1/cmds.txt|baseline/pgfuzz/PX4/policies/PX.RTL2/cmds.txt|baseline/pgfuzz/PX4/policies/PX.RTL3/cmds.txt|baseline/pgfuzz/PX4/policies/PX.RTL4/cmds.txt|baseline/pgfuzz/PX4/policies/PX.RTL5/cmds.txt|baseline/pgfuzz/PX4/policies/PX.TAKEOFF1/cmds.txt|baseline/pgfuzz/PX4/policies/PX.TAKEOFF2/cmds.txt,COMMAND_XML_DEFINITION_FOUND,MAV_CMD_CONDITION_DELAY,EXACT_NAME_XML_DEFINITION,,,,,,,,UNKNOWN,,当前目录没有可用默认值证据。,,,,,,,,,,,NOT_TESTED,112,MATCH,baseline/px4/src/modules/mavlink/mavlink/message_definitions/v1.0/common.xml:1329,只确认协议 XML 定义；未由此证明当前飞控构建接受、执行或影响该性质。,NOT_ASSESSED
PX4,InputC,MAV_CMD_CONDITION_DISTANCE,15,PX.ALTITUDE1|PX.GPS.FS1|PX.GPS.FS2|PX.GPS.FS3|PX.HOLD1|PX.HOLD2|PX.LAND1|PX.POSITION1|PX.RTL1|PX.RTL2|PX.RTL3|PX.RTL4|PX.RTL5|PX.TAKEOFF1|PX.TAKEOFF2,"MAV_CMD_CONDITION_DISTANCE,114",baseline/pgfuzz/PX4/policies/PX.ALTITUDE1/cmds.txt|baseline/pgfuzz/PX4/policies/PX.GPS.FS1/cmds.txt|baseline/pgfuzz/PX4/policies/PX.GPS.FS2/cmds.txt|baseline/pgfuzz/PX4/policies/PX.GPS.FS3/cmds.txt|baseline/pgfuzz/PX4/policies/PX.HOLD1/cmds.txt|baseline/pgfuzz/PX4/policies/PX.HOLD2/cmds.txt|baseline/pgfuzz/PX4/policies/PX.LAND1/cmds.txt|baseline/pgfuzz/PX4/policies/PX.POSITION1/cmds.txt|baseline/pgfuzz/PX4/policies/PX.RTL1/cmds.txt|baseline/pgfuzz/PX4/policies/PX.RTL2/cmds.txt|baseline/pgfuzz/PX4/policies/PX.RTL3/cmds.txt|baseline/pgfuzz/PX4/policies/PX.RTL4/cmds.txt|baseline/pgfuzz/PX4/policies/PX.RTL5/cmds.txt|baseline/pgfuzz/PX4/policies/PX.TAKEOFF1/cmds.txt|baseline/pgfuzz/PX4/policies/PX.TAKEOFF2/cmds.txt,COMMAND_XML_DEFINITION_FOUND,MAV_CMD_CONDITION_DISTANCE,EXACT_NAME_XML_DEFINITION,,,,,,,,UNKNOWN,,当前目录没有可用默认值证据。,,,,,,,,,,,NOT_TESTED,114,MATCH,baseline/px4/src/modules/mavlink/mavlink/message_definitions/v1.0/common.xml:1349,只确认协议 XML 定义；未由此证明当前飞控构建接受、执行或影响该性质。,NOT_ASSESSED
PX4,InputC,MAV_CMD_CONDITION_YAW,15,PX.ALTITUDE1|PX.GPS.FS1|PX.GPS.FS2|PX.GPS.FS3|PX.HOLD1|PX.HOLD2|PX.LAND1|PX.POSITION1|PX.RTL1|PX.RTL2|PX.RTL3|PX.RTL4|PX.RTL5|PX.TAKEOFF1|PX.TAKEOFF2,"MAV_CMD_CONDITION_YAW,115",baseline/pgfuzz/PX4/policies/PX.ALTITUDE1/cmds.txt|baseline/pgfuzz/PX4/policies/PX.GPS.FS1/cmds.txt|baseline/pgfuzz/PX4/policies/PX.GPS.FS2/cmds.txt|baseline/pgfuzz/PX4/policies/PX.GPS.FS3/cmds.txt|baseline/pgfuzz/PX4/policies/PX.HOLD1/cmds.txt|baseline/pgfuzz/PX4/policies/PX.HOLD2/cmds.txt|baseline/pgfuzz/PX4/policies/PX.LAND1/cmds.txt|baseline/pgfuzz/PX4/policies/PX.POSITION1/cmds.txt|baseline/pgfuzz/PX4/policies/PX.RTL1/cmds.txt|baseline/pgfuzz/PX4/policies/PX.RTL2/cmds.txt|baseline/pgfuzz/PX4/policies/PX.RTL3/cmds.txt|baseline/pgfuzz/PX4/policies/PX.RTL4/cmds.txt|baseline/pgfuzz/PX4/policies/PX.RTL5/cmds.txt|baseline/pgfuzz/PX4/policies/PX.TAKEOFF1/cmds.txt|baseline/pgfuzz/PX4/policies/PX.TAKEOFF2/cmds.txt,COMMAND_XML_DEFINITION_FOUND,MAV_CMD_CONDITION_YAW,EXACT_NAME_XML_DEFINITION,,,,,,,,UNKNOWN,,当前目录没有可用默认值证据。,,,,,,,,,,,NOT_TESTED,115,MATCH,baseline/px4/src/modules/mavlink/mavlink/message_definitions/v1.0/common.xml:1359,只确认协议 XML 定义；未由此证明当前飞控构建接受、执行或影响该性质。,NOT_ASSESSED
PX4,InputC,MAV_CMD_DO_ACCEPT_MAG_CAL,21,PX.ALTITUDE1|PX.GPS.FS1|PX.GPS.FS2|PX.GPS.FS3|PX.HOLD1|PX.HOLD2|PX.LAND1|PX.ORBIT1|PX.ORBIT2|PX.ORBIT3|PX.ORBIT4|PX.ORBIT5|PX.ORBIT6|PX.POSITION1|PX.RTL1|PX.RTL2|PX.RTL3|PX.RTL4|PX.RTL5|PX.TAKEOFF1|PX.TAKEOFF2,"MAV_CMD_DO_ACCEPT_MAG_CAL,42425",baseline/pgfuzz/PX4/policies/PX.ALTITUDE1/cmds.txt|baseline/pgfuzz/PX4/policies/PX.GPS.FS1/cmds.txt|baseline/pgfuzz/PX4/policies/PX.GPS.FS2/cmds.txt|baseline/pgfuzz/PX4/policies/PX.GPS.FS3/cmds.txt|baseline/pgfuzz/PX4/policies/PX.HOLD1/cmds.txt|baseline/pgfuzz/PX4/policies/PX.HOLD2/cmds.txt|baseline/pgfuzz/PX4/policies/PX.LAND1/cmds.txt|baseline/pgfuzz/PX4/policies/PX.ORBIT1/cmds.txt|baseline/pgfuzz/PX4/policies/PX.ORBIT2/cmds.txt|baseline/pgfuzz/PX4/policies/PX.ORBIT3/cmds.txt|baseline/pgfuzz/PX4/policies/PX.ORBIT4_5/cmds.txt|baseline/pgfuzz/PX4/policies/PX.ORBIT6/cmds.txt|baseline/pgfuzz/PX4/policies/PX.POSITION1/cmds.txt|baseline/pgfuzz/PX4/policies/PX.RTL1/cmds.txt|baseline/pgfuzz/PX4/policies/PX.RTL2/cmds.txt|baseline/pgfuzz/PX4/policies/PX.RTL3/cmds.txt|baseline/pgfuzz/PX4/policies/PX.RTL4/cmds.txt|baseline/pgfuzz/PX4/policies/PX.RTL5/cmds.txt|baseline/pgfuzz/PX4/policies/PX.TAKEOFF1/cmds.txt|baseline/pgfuzz/PX4/policies/PX.TAKEOFF2/cmds.txt,COMMAND_XML_DEFINITION_NOT_FOUND,MAV_CMD_DO_ACCEPT_MAG_CAL,UNRESOLVED,,,,,,,,UNKNOWN,,当前目录没有可用默认值证据。,,,,,,,,,,,NOT_TESTED,,NOT_APPLICABLE,,当前固定 MAVLink XML 未找到同名命令；没有据此猜测替代命令。,NOT_ASSESSED
PX4,InputC,MAV_CMD_DO_AUTOTUNE_ENABLE,15,PX.ALTITUDE1|PX.GPS.FS1|PX.GPS.FS2|PX.GPS.FS3|PX.HOLD1|PX.HOLD2|PX.LAND1|PX.POSITION1|PX.RTL1|PX.RTL2|PX.RTL3|PX.RTL4|PX.RTL5|PX.TAKEOFF1|PX.TAKEOFF2,"MAV_CMD_DO_AUTOTUNE_ENABLE,212",baseline/pgfuzz/PX4/policies/PX.ALTITUDE1/cmds.txt|baseline/pgfuzz/PX4/policies/PX.GPS.FS1/cmds.txt|baseline/pgfuzz/PX4/policies/PX.GPS.FS2/cmds.txt|baseline/pgfuzz/PX4/policies/PX.GPS.FS3/cmds.txt|baseline/pgfuzz/PX4/policies/PX.HOLD1/cmds.txt|baseline/pgfuzz/PX4/policies/PX.HOLD2/cmds.txt|baseline/pgfuzz/PX4/policies/PX.LAND1/cmds.txt|baseline/pgfuzz/PX4/policies/PX.POSITION1/cmds.txt|baseline/pgfuzz/PX4/policies/PX.RTL1/cmds.txt|baseline/pgfuzz/PX4/policies/PX.RTL2/cmds.txt|baseline/pgfuzz/PX4/policies/PX.RTL3/cmds.txt|baseline/pgfuzz/PX4/policies/PX.RTL4/cmds.txt|baseline/pgfuzz/PX4/policies/PX.RTL5/cmds.txt|baseline/pgfuzz/PX4/policies/PX.TAKEOFF1/cmds.txt|baseline/pgfuzz/PX4/policies/PX.TAKEOFF2/cmds.txt,COMMAND_XML_DEFINITION_FOUND,MAV_CMD_DO_AUTOTUNE_ENABLE,EXACT_NAME_XML_DEFINITION,,,,,,,,UNKNOWN,,当前目录没有可用默认值证据。,,,,,,,,,,,NOT_TESTED,212,MATCH,baseline/px4/src/modules/mavlink/mavlink/message_definitions/v1.0/common.xml:1769,只确认协议 XML 定义；未由此证明当前飞控构建接受、执行或影响该性质。,NOT_ASSESSED
PX4,InputC,MAV_CMD_DO_CANCEL_MAG_CAL,21,PX.ALTITUDE1|PX.GPS.FS1|PX.GPS.FS2|PX.GPS.FS3|PX.HOLD1|PX.HOLD2|PX.LAND1|PX.ORBIT1|PX.ORBIT2|PX.ORBIT3|PX.ORBIT4|PX.ORBIT5|PX.ORBIT6|PX.POSITION1|PX.RTL1|PX.RTL2|PX.RTL3|PX.RTL4|PX.RTL5|PX.TAKEOFF1|PX.TAKEOFF2,"MAV_CMD_DO_CANCEL_MAG_CAL,42426",baseline/pgfuzz/PX4/policies/PX.ALTITUDE1/cmds.txt|baseline/pgfuzz/PX4/policies/PX.GPS.FS1/cmds.txt|baseline/pgfuzz/PX4/policies/PX.GPS.FS2/cmds.txt|baseline/pgfuzz/PX4/policies/PX.GPS.FS3/cmds.txt|baseline/pgfuzz/PX4/policies/PX.HOLD1/cmds.txt|baseline/pgfuzz/PX4/policies/PX.HOLD2/cmds.txt|baseline/pgfuzz/PX4/policies/PX.LAND1/cmds.txt|baseline/pgfuzz/PX4/policies/PX.ORBIT1/cmds.txt|baseline/pgfuzz/PX4/policies/PX.ORBIT2/cmds.txt|baseline/pgfuzz/PX4/policies/PX.ORBIT3/cmds.txt|baseline/pgfuzz/PX4/policies/PX.ORBIT4_5/cmds.txt|baseline/pgfuzz/PX4/policies/PX.ORBIT6/cmds.txt|baseline/pgfuzz/PX4/policies/PX.POSITION1/cmds.txt|baseline/pgfuzz/PX4/policies/PX.RTL1/cmds.txt|baseline/pgfuzz/PX4/policies/PX.RTL2/cmds.txt|baseline/pgfuzz/PX4/policies/PX.RTL3/cmds.txt|baseline/pgfuzz/PX4/policies/PX.RTL4/cmds.txt|baseline/pgfuzz/PX4/policies/PX.RTL5/cmds.txt|baseline/pgfuzz/PX4/policies/PX.TAKEOFF1/cmds.txt|baseline/pgfuzz/PX4/policies/PX.TAKEOFF2/cmds.txt,COMMAND_XML_DEFINITION_NOT_FOUND,MAV_CMD_DO_CANCEL_MAG_CAL,UNRESOLVED,,,,,,,,UNKNOWN,,当前目录没有可用默认值证据。,,,,,,,,,,,NOT_TESTED,,NOT_APPLICABLE,,当前固定 MAVLink XML 未找到同名命令；没有据此猜测替代命令。,NOT_ASSESSED
PX4,InputC,MAV_CMD_DO_CHANGE_SPEED,15,PX.ALTITUDE1|PX.GPS.FS1|PX.GPS.FS2|PX.GPS.FS3|PX.HOLD1|PX.HOLD2|PX.LAND1|PX.POSITION1|PX.RTL1|PX.RTL2|PX.RTL3|PX.RTL4|PX.RTL5|PX.TAKEOFF1|PX.TAKEOFF2,"MAV_CMD_DO_CHANGE_SPEED,178",baseline/pgfuzz/PX4/policies/PX.ALTITUDE1/cmds.txt|baseline/pgfuzz/PX4/policies/PX.GPS.FS1/cmds.txt|baseline/pgfuzz/PX4/policies/PX.GPS.FS2/cmds.txt|baseline/pgfuzz/PX4/policies/PX.GPS.FS3/cmds.txt|baseline/pgfuzz/PX4/policies/PX.HOLD1/cmds.txt|baseline/pgfuzz/PX4/policies/PX.HOLD2/cmds.txt|baseline/pgfuzz/PX4/policies/PX.LAND1/cmds.txt|baseline/pgfuzz/PX4/policies/PX.POSITION1/cmds.txt|baseline/pgfuzz/PX4/policies/PX.RTL1/cmds.txt|baseline/pgfuzz/PX4/policies/PX.RTL2/cmds.txt|baseline/pgfuzz/PX4/policies/PX.RTL3/cmds.txt|baseline/pgfuzz/PX4/policies/PX.RTL4/cmds.txt|baseline/pgfuzz/PX4/policies/PX.RTL5/cmds.txt|baseline/pgfuzz/PX4/policies/PX.TAKEOFF1/cmds.txt|baseline/pgfuzz/PX4/policies/PX.TAKEOFF2/cmds.txt,COMMAND_XML_DEFINITION_FOUND,MAV_CMD_DO_CHANGE_SPEED,EXACT_NAME_XML_DEFINITION,,,,,,,,UNKNOWN,,当前目录没有可用默认值证据。,,,,,,,,,,,NOT_TESTED,178,MATCH,baseline/px4/src/modules/mavlink/mavlink/message_definitions/v1.0/common.xml:1399,只确认协议 XML 定义；未由此证明当前飞控构建接受、执行或影响该性质。,NOT_ASSESSED
PX4,InputC,MAV_CMD_DO_DIGICAM_CONFIGURE,15,PX.ALTITUDE1|PX.GPS.FS1|PX.GPS.FS2|PX.GPS.FS3|PX.HOLD1|PX.HOLD2|PX.LAND1|PX.POSITION1|PX.RTL1|PX.RTL2|PX.RTL3|PX.RTL4|PX.RTL5|PX.TAKEOFF1|PX.TAKEOFF2,"MAV_CMD_DO_DIGICAM_CONFIGURE,202",baseline/pgfuzz/PX4/policies/PX.ALTITUDE1/cmds.txt|baseline/pgfuzz/PX4/policies/PX.GPS.FS1/cmds.txt|baseline/pgfuzz/PX4/policies/PX.GPS.FS2/cmds.txt|baseline/pgfuzz/PX4/policies/PX.GPS.FS3/cmds.txt|baseline/pgfuzz/PX4/policies/PX.HOLD1/cmds.txt|baseline/pgfuzz/PX4/policies/PX.HOLD2/cmds.txt|baseline/pgfuzz/PX4/policies/PX.LAND1/cmds.txt|baseline/pgfuzz/PX4/policies/PX.POSITION1/cmds.txt|baseline/pgfuzz/PX4/policies/PX.RTL1/cmds.txt|baseline/pgfuzz/PX4/policies/PX.RTL2/cmds.txt|baseline/pgfuzz/PX4/policies/PX.RTL3/cmds.txt|baseline/pgfuzz/PX4/policies/PX.RTL4/cmds.txt|baseline/pgfuzz/PX4/policies/PX.RTL5/cmds.txt|baseline/pgfuzz/PX4/policies/PX.TAKEOFF1/cmds.txt|baseline/pgfuzz/PX4/policies/PX.TAKEOFF2/cmds.txt,COMMAND_XML_DEFINITION_FOUND,MAV_CMD_DO_DIGICAM_CONFIGURE,EXACT_NAME_XML_DEFINITION,,,,,,,,UNKNOWN,,当前目录没有可用默认值证据。,,,,,,,,,,,NOT_TESTED,202,MATCH,baseline/px4/src/modules/mavlink/mavlink/message_definitions/v1.0/common.xml:1659,只确认协议 XML 定义；未由此证明当前飞控构建接受、执行或影响该性质。,NOT_ASSESSED
PX4,InputC,MAV_CMD_DO_DIGICAM_CONTROL,15,PX.ALTITUDE1|PX.GPS.FS1|PX.GPS.FS2|PX.GPS.FS3|PX.HOLD1|PX.HOLD2|PX.LAND1|PX.POSITION1|PX.RTL1|PX.RTL2|PX.RTL3|PX.RTL4|PX.RTL5|PX.TAKEOFF1|PX.TAKEOFF2,"MAV_CMD_DO_DIGICAM_CONTROL,203",baseline/pgfuzz/PX4/policies/PX.ALTITUDE1/cmds.txt|baseline/pgfuzz/PX4/policies/PX.GPS.FS1/cmds.txt|baseline/pgfuzz/PX4/policies/PX.GPS.FS2/cmds.txt|baseline/pgfuzz/PX4/policies/PX.GPS.FS3/cmds.txt|baseline/pgfuzz/PX4/policies/PX.HOLD1/cmds.txt|baseline/pgfuzz/PX4/policies/PX.HOLD2/cmds.txt|baseline/pgfuzz/PX4/policies/PX.LAND1/cmds.txt|baseline/pgfuzz/PX4/policies/PX.POSITION1/cmds.txt|baseline/pgfuzz/PX4/policies/PX.RTL1/cmds.txt|baseline/pgfuzz/PX4/policies/PX.RTL2/cmds.txt|baseline/pgfuzz/PX4/policies/PX.RTL3/cmds.txt|baseline/pgfuzz/PX4/policies/PX.RTL4/cmds.txt|baseline/pgfuzz/PX4/policies/PX.RTL5/cmds.txt|baseline/pgfuzz/PX4/policies/PX.TAKEOFF1/cmds.txt|baseline/pgfuzz/PX4/policies/PX.TAKEOFF2/cmds.txt,COMMAND_XML_DEFINITION_FOUND,MAV_CMD_DO_DIGICAM_CONTROL,EXACT_NAME_XML_DEFINITION,,,,,,,,UNKNOWN,,当前目录没有可用默认值证据。,,,,,,,,,,,NOT_TESTED,203,MATCH,baseline/px4/src/modules/mavlink/mavlink/message_definitions/v1.0/common.xml:1669,只确认协议 XML 定义；未由此证明当前飞控构建接受、执行或影响该性质。,NOT_ASSESSED
PX4,InputC,MAV_CMD_DO_GRIPPER,15,PX.ALTITUDE1|PX.GPS.FS1|PX.GPS.FS2|PX.GPS.FS3|PX.HOLD1|PX.HOLD2|PX.LAND1|PX.POSITION1|PX.RTL1|PX.RTL2|PX.RTL3|PX.RTL4|PX.RTL5|PX.TAKEOFF1|PX.TAKEOFF2,"MAV_CMD_DO_GRIPPER,211",baseline/pgfuzz/PX4/policies/PX.ALTITUDE1/cmds.txt|baseline/pgfuzz/PX4/policies/PX.GPS.FS1/cmds.txt|baseline/pgfuzz/PX4/policies/PX.GPS.FS2/cmds.txt|baseline/pgfuzz/PX4/policies/PX.GPS.FS3/cmds.txt|baseline/pgfuzz/PX4/policies/PX.HOLD1/cmds.txt|baseline/pgfuzz/PX4/policies/PX.HOLD2/cmds.txt|baseline/pgfuzz/PX4/policies/PX.LAND1/cmds.txt|baseline/pgfuzz/PX4/policies/PX.POSITION1/cmds.txt|baseline/pgfuzz/PX4/policies/PX.RTL1/cmds.txt|baseline/pgfuzz/PX4/policies/PX.RTL2/cmds.txt|baseline/pgfuzz/PX4/policies/PX.RTL3/cmds.txt|baseline/pgfuzz/PX4/policies/PX.RTL4/cmds.txt|baseline/pgfuzz/PX4/policies/PX.RTL5/cmds.txt|baseline/pgfuzz/PX4/policies/PX.TAKEOFF1/cmds.txt|baseline/pgfuzz/PX4/policies/PX.TAKEOFF2/cmds.txt,COMMAND_XML_DEFINITION_FOUND,MAV_CMD_DO_GRIPPER,EXACT_NAME_XML_DEFINITION,,,,,,,,UNKNOWN,,当前目录没有可用默认值证据。,,,,,,,,,,,NOT_TESTED,211,MATCH,baseline/px4/src/modules/mavlink/mavlink/message_definitions/v1.0/common.xml:1759,只确认协议 XML 定义；未由此证明当前飞控构建接受、执行或影响该性质。,NOT_ASSESSED
PX4,InputC,MAV_CMD_DO_GUIDED_LIMITS,15,PX.ALTITUDE1|PX.GPS.FS1|PX.GPS.FS2|PX.GPS.FS3|PX.HOLD1|PX.HOLD2|PX.LAND1|PX.POSITION1|PX.RTL1|PX.RTL2|PX.RTL3|PX.RTL4|PX.RTL5|PX.TAKEOFF1|PX.TAKEOFF2,"MAV_CMD_DO_GUIDED_LIMITS,222",baseline/pgfuzz/PX4/policies/PX.ALTITUDE1/cmds.txt|baseline/pgfuzz/PX4/policies/PX.GPS.FS1/cmds.txt|baseline/pgfuzz/PX4/policies/PX.GPS.FS2/cmds.txt|baseline/pgfuzz/PX4/policies/PX.GPS.FS3/cmds.txt|baseline/pgfuzz/PX4/policies/PX.HOLD1/cmds.txt|baseline/pgfuzz/PX4/policies/PX.HOLD2/cmds.txt|baseline/pgfuzz/PX4/policies/PX.LAND1/cmds.txt|baseline/pgfuzz/PX4/policies/PX.POSITION1/cmds.txt|baseline/pgfuzz/PX4/policies/PX.RTL1/cmds.txt|baseline/pgfuzz/PX4/policies/PX.RTL2/cmds.txt|baseline/pgfuzz/PX4/policies/PX.RTL3/cmds.txt|baseline/pgfuzz/PX4/policies/PX.RTL4/cmds.txt|baseline/pgfuzz/PX4/policies/PX.RTL5/cmds.txt|baseline/pgfuzz/PX4/policies/PX.TAKEOFF1/cmds.txt|baseline/pgfuzz/PX4/policies/PX.TAKEOFF2/cmds.txt,COMMAND_XML_DEFINITION_FOUND,MAV_CMD_DO_GUIDED_LIMITS,EXACT_NAME_XML_DEFINITION,,,,,,,,UNKNOWN,,当前目录没有可用默认值证据。,,,,,,,,,,,NOT_TESTED,222,MATCH,baseline/px4/src/modules/mavlink/mavlink/message_definitions/v1.0/common.xml:1820,只确认协议 XML 定义；未由此证明当前飞控构建接受、执行或影响该性质。,NOT_ASSESSED
PX4,InputC,MAV_CMD_DO_JUMP,15,PX.ALTITUDE1|PX.GPS.FS1|PX.GPS.FS2|PX.GPS.FS3|PX.HOLD1|PX.HOLD2|PX.LAND1|PX.POSITION1|PX.RTL1|PX.RTL2|PX.RTL3|PX.RTL4|PX.RTL5|PX.TAKEOFF1|PX.TAKEOFF2,"MAV_CMD_DO_JUMP,177",baseline/pgfuzz/PX4/policies/PX.ALTITUDE1/cmds.txt|baseline/pgfuzz/PX4/policies/PX.GPS.FS1/cmds.txt|baseline/pgfuzz/PX4/policies/PX.GPS.FS2/cmds.txt|baseline/pgfuzz/PX4/policies/PX.GPS.FS3/cmds.txt|baseline/pgfuzz/PX4/policies/PX.HOLD1/cmds.txt|baseline/pgfuzz/PX4/policies/PX.HOLD2/cmds.txt|baseline/pgfuzz/PX4/policies/PX.LAND1/cmds.txt|baseline/pgfuzz/PX4/policies/PX.POSITION1/cmds.txt|baseline/pgfuzz/PX4/policies/PX.RTL1/cmds.txt|baseline/pgfuzz/PX4/policies/PX.RTL2/cmds.txt|baseline/pgfuzz/PX4/policies/PX.RTL3/cmds.txt|baseline/pgfuzz/PX4/policies/PX.RTL4/cmds.txt|baseline/pgfuzz/PX4/policies/PX.RTL5/cmds.txt|baseline/pgfuzz/PX4/policies/PX.TAKEOFF1/cmds.txt|baseline/pgfuzz/PX4/policies/PX.TAKEOFF2/cmds.txt,COMMAND_XML_DEFINITION_FOUND,MAV_CMD_DO_JUMP,EXACT_NAME_XML_DEFINITION,,,,,,,,UNKNOWN,,当前目录没有可用默认值证据。,,,,,,,,,,,NOT_TESTED,177,MATCH,baseline/px4/src/modules/mavlink/mavlink/message_definitions/v1.0/common.xml:1389,只确认协议 XML 定义；未由此证明当前飞控构建接受、执行或影响该性质。,NOT_ASSESSED
PX4,InputC,MAV_CMD_DO_MOUNT_CONTROL,15,PX.ALTITUDE1|PX.GPS.FS1|PX.GPS.FS2|PX.GPS.FS3|PX.HOLD1|PX.HOLD2|PX.LAND1|PX.POSITION1|PX.RTL1|PX.RTL2|PX.RTL3|PX.RTL4|PX.RTL5|PX.TAKEOFF1|PX.TAKEOFF2,"MAV_CMD_DO_MOUNT_CONTROL,205",baseline/pgfuzz/PX4/policies/PX.ALTITUDE1/cmds.txt|baseline/pgfuzz/PX4/policies/PX.GPS.FS1/cmds.txt|baseline/pgfuzz/PX4/policies/PX.GPS.FS2/cmds.txt|baseline/pgfuzz/PX4/policies/PX.GPS.FS3/cmds.txt|baseline/pgfuzz/PX4/policies/PX.HOLD1/cmds.txt|baseline/pgfuzz/PX4/policies/PX.HOLD2/cmds.txt|baseline/pgfuzz/PX4/policies/PX.LAND1/cmds.txt|baseline/pgfuzz/PX4/policies/PX.POSITION1/cmds.txt|baseline/pgfuzz/PX4/policies/PX.RTL1/cmds.txt|baseline/pgfuzz/PX4/policies/PX.RTL2/cmds.txt|baseline/pgfuzz/PX4/policies/PX.RTL3/cmds.txt|baseline/pgfuzz/PX4/policies/PX.RTL4/cmds.txt|baseline/pgfuzz/PX4/policies/PX.RTL5/cmds.txt|baseline/pgfuzz/PX4/policies/PX.TAKEOFF1/cmds.txt|baseline/pgfuzz/PX4/policies/PX.TAKEOFF2/cmds.txt,COMMAND_XML_DEFINITION_FOUND,MAV_CMD_DO_MOUNT_CONTROL,EXACT_NAME_XML_DEFINITION,,,,,,,,UNKNOWN,,当前目录没有可用默认值证据。,,,,,,,,,,,NOT_TESTED,205,MATCH,baseline/px4/src/modules/mavlink/mavlink/message_definitions/v1.0/common.xml:1692,只确认协议 XML 定义；未由此证明当前飞控构建接受、执行或影响该性质。,NOT_ASSESSED
PX4,InputC,MAV_CMD_DO_PARACHUTE,20,PX.ALTITUDE1|PX.GPS.FS1|PX.GPS.FS2|PX.GPS.FS3|PX.HOLD1|PX.HOLD2|PX.LAND1|PX.POSITION1|PX.RTL1|PX.RTL2|PX.RTL3|PX.RTL4|PX.RTL5|PX.TAKEOFF1|PX.TAKEOFF2,"MAV_CMD_DO_PARACHUTE,208",baseline/pgfuzz/PX4/policies/PX.ALTITUDE1/cmds.txt|baseline/pgfuzz/PX4/policies/PX.GPS.FS1/cmds.txt|baseline/pgfuzz/PX4/policies/PX.GPS.FS2/cmds.txt|baseline/pgfuzz/PX4/policies/PX.GPS.FS3/cmds.txt|baseline/pgfuzz/PX4/policies/PX.HOLD1/cmds.txt|baseline/pgfuzz/PX4/policies/PX.HOLD2/cmds.txt|baseline/pgfuzz/PX4/policies/PX.LAND1/cmds.txt|baseline/pgfuzz/PX4/policies/PX.POSITION1/cmds.txt|baseline/pgfuzz/PX4/policies/PX.RTL1/cmds.txt|baseline/pgfuzz/PX4/policies/PX.RTL2/cmds.txt|baseline/pgfuzz/PX4/policies/PX.RTL3/cmds.txt|baseline/pgfuzz/PX4/policies/PX.RTL4/cmds.txt|baseline/pgfuzz/PX4/policies/PX.RTL5/cmds.txt|baseline/pgfuzz/PX4/policies/PX.TAKEOFF1/cmds.txt|baseline/pgfuzz/PX4/policies/PX.TAKEOFF2/cmds.txt,COMMAND_XML_DEFINITION_FOUND,MAV_CMD_DO_PARACHUTE,EXACT_NAME_XML_DEFINITION,,,,,,,,UNKNOWN,,当前目录没有可用默认值证据。,,,,,,,,,,,NOT_TESTED,208,MATCH,baseline/px4/src/modules/mavlink/mavlink/message_definitions/v1.0/common.xml:1729,只确认协议 XML 定义；未由此证明当前飞控构建接受、执行或影响该性质。,NOT_ASSESSED
PX4,InputC,MAV_CMD_DO_PAUSE_CONTINUE,15,PX.ALTITUDE1|PX.GPS.FS1|PX.GPS.FS2|PX.GPS.FS3|PX.HOLD1|PX.HOLD2|PX.LAND1|PX.POSITION1|PX.RTL1|PX.RTL2|PX.RTL3|PX.RTL4|PX.RTL5|PX.TAKEOFF1|PX.TAKEOFF2,"MAV_CMD_DO_PAUSE_CONTINUE,193",baseline/pgfuzz/PX4/policies/PX.ALTITUDE1/cmds.txt|baseline/pgfuzz/PX4/policies/PX.GPS.FS1/cmds.txt|baseline/pgfuzz/PX4/policies/PX.GPS.FS2/cmds.txt|baseline/pgfuzz/PX4/policies/PX.GPS.FS3/cmds.txt|baseline/pgfuzz/PX4/policies/PX.HOLD1/cmds.txt|baseline/pgfuzz/PX4/policies/PX.HOLD2/cmds.txt|baseline/pgfuzz/PX4/policies/PX.LAND1/cmds.txt|baseline/pgfuzz/PX4/policies/PX.POSITION1/cmds.txt|baseline/pgfuzz/PX4/policies/PX.RTL1/cmds.txt|baseline/pgfuzz/PX4/policies/PX.RTL2/cmds.txt|baseline/pgfuzz/PX4/policies/PX.RTL3/cmds.txt|baseline/pgfuzz/PX4/policies/PX.RTL4/cmds.txt|baseline/pgfuzz/PX4/policies/PX.RTL5/cmds.txt|baseline/pgfuzz/PX4/policies/PX.TAKEOFF1/cmds.txt|baseline/pgfuzz/PX4/policies/PX.TAKEOFF2/cmds.txt,COMMAND_XML_DEFINITION_FOUND,MAV_CMD_DO_PAUSE_CONTINUE,EXACT_NAME_XML_DEFINITION,,,,,,,,UNKNOWN,,当前目录没有可用默认值证据。,,,,,,,,,,,NOT_TESTED,193,MATCH,baseline/px4/src/modules/mavlink/mavlink/message_definitions/v1.0/common.xml:1582,只确认协议 XML 定义；未由此证明当前飞控构建接受、执行或影响该性质。,NOT_ASSESSED
PX4,InputC,MAV_CMD_DO_REPEAT_RELAY,15,PX.ALTITUDE1|PX.GPS.FS1|PX.GPS.FS2|PX.GPS.FS3|PX.HOLD1|PX.HOLD2|PX.LAND1|PX.POSITION1|PX.RTL1|PX.RTL2|PX.RTL3|PX.RTL4|PX.RTL5|PX.TAKEOFF1|PX.TAKEOFF2,"MAV_CMD_DO_REPEAT_RELAY,182",baseline/pgfuzz/PX4/policies/PX.ALTITUDE1/cmds.txt|baseline/pgfuzz/PX4/policies/PX.GPS.FS1/cmds.txt|baseline/pgfuzz/PX4/policies/PX.GPS.FS2/cmds.txt|baseline/pgfuzz/PX4/policies/PX.GPS.FS3/cmds.txt|baseline/pgfuzz/PX4/policies/PX.HOLD1/cmds.txt|baseline/pgfuzz/PX4/policies/PX.HOLD2/cmds.txt|baseline/pgfuzz/PX4/policies/PX.LAND1/cmds.txt|baseline/pgfuzz/PX4/policies/PX.POSITION1/cmds.txt|baseline/pgfuzz/PX4/policies/PX.RTL1/cmds.txt|baseline/pgfuzz/PX4/policies/PX.RTL2/cmds.txt|baseline/pgfuzz/PX4/policies/PX.RTL3/cmds.txt|baseline/pgfuzz/PX4/policies/PX.RTL4/cmds.txt|baseline/pgfuzz/PX4/policies/PX.RTL5/cmds.txt|baseline/pgfuzz/PX4/policies/PX.TAKEOFF1/cmds.txt|baseline/pgfuzz/PX4/policies/PX.TAKEOFF2/cmds.txt,COMMAND_XML_DEFINITION_FOUND,MAV_CMD_DO_REPEAT_RELAY,EXACT_NAME_XML_DEFINITION,,,,,,,,UNKNOWN,,当前目录没有可用默认值证据。,,,,,,,,,,,NOT_TESTED,182,MATCH,baseline/px4/src/modules/mavlink/mavlink/message_definitions/v1.0/common.xml:1445,只确认协议 XML 定义；未由此证明当前飞控构建接受、执行或影响该性质。,NOT_ASSESSED
PX4,InputC,MAV_CMD_DO_REPEAT_SERVO,15,PX.ALTITUDE1|PX.GPS.FS1|PX.GPS.FS2|PX.GPS.FS3|PX.HOLD1|PX.HOLD2|PX.LAND1|PX.POSITION1|PX.RTL1|PX.RTL2|PX.RTL3|PX.RTL4|PX.RTL5|PX.TAKEOFF1|PX.TAKEOFF2,"MAV_CMD_DO_REPEAT_SERVO,184",baseline/pgfuzz/PX4/policies/PX.ALTITUDE1/cmds.txt|baseline/pgfuzz/PX4/policies/PX.GPS.FS1/cmds.txt|baseline/pgfuzz/PX4/policies/PX.GPS.FS2/cmds.txt|baseline/pgfuzz/PX4/policies/PX.GPS.FS3/cmds.txt|baseline/pgfuzz/PX4/policies/PX.HOLD1/cmds.txt|baseline/pgfuzz/PX4/policies/PX.HOLD2/cmds.txt|baseline/pgfuzz/PX4/policies/PX.LAND1/cmds.txt|baseline/pgfuzz/PX4/policies/PX.POSITION1/cmds.txt|baseline/pgfuzz/PX4/policies/PX.RTL1/cmds.txt|baseline/pgfuzz/PX4/policies/PX.RTL2/cmds.txt|baseline/pgfuzz/PX4/policies/PX.RTL3/cmds.txt|baseline/pgfuzz/PX4/policies/PX.RTL4/cmds.txt|baseline/pgfuzz/PX4/policies/PX.RTL5/cmds.txt|baseline/pgfuzz/PX4/policies/PX.TAKEOFF1/cmds.txt|baseline/pgfuzz/PX4/policies/PX.TAKEOFF2/cmds.txt,COMMAND_XML_DEFINITION_FOUND,MAV_CMD_DO_REPEAT_SERVO,EXACT_NAME_XML_DEFINITION,,,,,,,,UNKNOWN,,当前目录没有可用默认值证据。,,,,,,,,,,,NOT_TESTED,184,MATCH,baseline/px4/src/modules/mavlink/mavlink/message_definitions/v1.0/common.xml:1465,只确认协议 XML 定义；未由此证明当前飞控构建接受、执行或影响该性质。,NOT_ASSESSED
PX4,InputC,MAV_CMD_DO_REPOSITION,15,PX.ALTITUDE1|PX.GPS.FS1|PX.GPS.FS2|PX.GPS.FS3|PX.HOLD1|PX.HOLD2|PX.LAND1|PX.POSITION1|PX.RTL1|PX.RTL2|PX.RTL3|PX.RTL4|PX.RTL5|PX.TAKEOFF1|PX.TAKEOFF2,"MAV_CMD_DO_REPOSITION,192",baseline/pgfuzz/PX4/policies/PX.ALTITUDE1/cmds.txt|baseline/pgfuzz/PX4/policies/PX.GPS.FS1/cmds.txt|baseline/pgfuzz/PX4/policies/PX.GPS.FS2/cmds.txt|baseline/pgfuzz/PX4/policies/PX.GPS.FS3/cmds.txt|baseline/pgfuzz/PX4/policies/PX.HOLD1/cmds.txt|baseline/pgfuzz/PX4/policies/PX.HOLD2/cmds.txt|baseline/pgfuzz/PX4/policies/PX.LAND1/cmds.txt|baseline/pgfuzz/PX4/policies/PX.POSITION1/cmds.txt|baseline/pgfuzz/PX4/policies/PX.RTL1/cmds.txt|baseline/pgfuzz/PX4/policies/PX.RTL2/cmds.txt|baseline/pgfuzz/PX4/policies/PX.RTL3/cmds.txt|baseline/pgfuzz/PX4/policies/PX.RTL4/cmds.txt|baseline/pgfuzz/PX4/policies/PX.RTL5/cmds.txt|baseline/pgfuzz/PX4/policies/PX.TAKEOFF1/cmds.txt|baseline/pgfuzz/PX4/policies/PX.TAKEOFF2/cmds.txt,COMMAND_XML_DEFINITION_FOUND,MAV_CMD_DO_REPOSITION,EXACT_NAME_XML_DEFINITION,,,,,,,,UNKNOWN,,当前目录没有可用默认值证据。,,,,,,,,,,,NOT_TESTED,192,MATCH,baseline/px4/src/modules/mavlink/mavlink/message_definitions/v1.0/common.xml:1572,只确认协议 XML 定义；未由此证明当前飞控构建接受、执行或影响该性质。,NOT_ASSESSED
PX4,InputC,MAV_CMD_DO_SEND_BANNER,15,PX.ALTITUDE1|PX.GPS.FS1|PX.GPS.FS2|PX.GPS.FS3|PX.HOLD1|PX.HOLD2|PX.LAND1|PX.POSITION1|PX.RTL1|PX.RTL2|PX.RTL3|PX.RTL4|PX.RTL5|PX.TAKEOFF1|PX.TAKEOFF2,"MAV_CMD_DO_SEND_BANNER,42428",baseline/pgfuzz/PX4/policies/PX.ALTITUDE1/cmds.txt|baseline/pgfuzz/PX4/policies/PX.GPS.FS1/cmds.txt|baseline/pgfuzz/PX4/policies/PX.GPS.FS2/cmds.txt|baseline/pgfuzz/PX4/policies/PX.GPS.FS3/cmds.txt|baseline/pgfuzz/PX4/policies/PX.HOLD1/cmds.txt|baseline/pgfuzz/PX4/policies/PX.HOLD2/cmds.txt|baseline/pgfuzz/PX4/policies/PX.LAND1/cmds.txt|baseline/pgfuzz/PX4/policies/PX.POSITION1/cmds.txt|baseline/pgfuzz/PX4/policies/PX.RTL1/cmds.txt|baseline/pgfuzz/PX4/policies/PX.RTL2/cmds.txt|baseline/pgfuzz/PX4/policies/PX.RTL3/cmds.txt|baseline/pgfuzz/PX4/policies/PX.RTL4/cmds.txt|baseline/pgfuzz/PX4/policies/PX.RTL5/cmds.txt|baseline/pgfuzz/PX4/policies/PX.TAKEOFF1/cmds.txt|baseline/pgfuzz/PX4/policies/PX.TAKEOFF2/cmds.txt,COMMAND_XML_DEFINITION_NOT_FOUND,MAV_CMD_DO_SEND_BANNER,UNRESOLVED,,,,,,,,UNKNOWN,,当前目录没有可用默认值证据。,,,,,,,,,,,NOT_TESTED,,NOT_APPLICABLE,,当前固定 MAVLink XML 未找到同名命令；没有据此猜测替代命令。,NOT_ASSESSED
PX4,InputC,MAV_CMD_DO_SET_CAM_TRIGG_DIST,15,PX.ALTITUDE1|PX.GPS.FS1|PX.GPS.FS2|PX.GPS.FS3|PX.HOLD1|PX.HOLD2|PX.LAND1|PX.POSITION1|PX.RTL1|PX.RTL2|PX.RTL3|PX.RTL4|PX.RTL5|PX.TAKEOFF1|PX.TAKEOFF2,"MAV_CMD_DO_SET_CAM_TRIGG_DIST,206",baseline/pgfuzz/PX4/policies/PX.ALTITUDE1/cmds.txt|baseline/pgfuzz/PX4/policies/PX.GPS.FS1/cmds.txt|baseline/pgfuzz/PX4/policies/PX.GPS.FS2/cmds.txt|baseline/pgfuzz/PX4/policies/PX.GPS.FS3/cmds.txt|baseline/pgfuzz/PX4/policies/PX.HOLD1/cmds.txt|baseline/pgfuzz/PX4/policies/PX.HOLD2/cmds.txt|baseline/pgfuzz/PX4/policies/PX.LAND1/cmds.txt|baseline/pgfuzz/PX4/policies/PX.POSITION1/cmds.txt|baseline/pgfuzz/PX4/policies/PX.RTL1/cmds.txt|baseline/pgfuzz/PX4/policies/PX.RTL2/cmds.txt|baseline/pgfuzz/PX4/policies/PX.RTL3/cmds.txt|baseline/pgfuzz/PX4/policies/PX.RTL4/cmds.txt|baseline/pgfuzz/PX4/policies/PX.RTL5/cmds.txt|baseline/pgfuzz/PX4/policies/PX.TAKEOFF1/cmds.txt|baseline/pgfuzz/PX4/policies/PX.TAKEOFF2/cmds.txt,COMMAND_XML_DEFINITION_FOUND,MAV_CMD_DO_SET_CAM_TRIGG_DIST,EXACT_NAME_XML_DEFINITION,,,,,,,,UNKNOWN,,当前目录没有可用默认值证据。,,,,,,,,,,,NOT_TESTED,206,MATCH,baseline/px4/src/modules/mavlink/mavlink/message_definitions/v1.0/common.xml:1703,只确认协议 XML 定义；未由此证明当前飞控构建接受、执行或影响该性质。,NOT_ASSESSED
PX4,InputC,MAV_CMD_DO_SET_HOME,15,PX.ALTITUDE1|PX.GPS.FS1|PX.GPS.FS2|PX.GPS.FS3|PX.HOLD1|PX.HOLD2|PX.LAND1|PX.POSITION1|PX.RTL1|PX.RTL2|PX.RTL3|PX.RTL4|PX.RTL5|PX.TAKEOFF1|PX.TAKEOFF2,"MAV_CMD_DO_SET_HOME,179",baseline/pgfuzz/PX4/policies/PX.ALTITUDE1/cmds.txt|baseline/pgfuzz/PX4/policies/PX.GPS.FS1/cmds.txt|baseline/pgfuzz/PX4/policies/PX.GPS.FS2/cmds.txt|baseline/pgfuzz/PX4/policies/PX.GPS.FS3/cmds.txt|baseline/pgfuzz/PX4/policies/PX.HOLD1/cmds.txt|baseline/pgfuzz/PX4/policies/PX.HOLD2/cmds.txt|baseline/pgfuzz/PX4/policies/PX.LAND1/cmds.txt|baseline/pgfuzz/PX4/policies/PX.POSITION1/cmds.txt|baseline/pgfuzz/PX4/policies/PX.RTL1/cmds.txt|baseline/pgfuzz/PX4/policies/PX.RTL2/cmds.txt|baseline/pgfuzz/PX4/policies/PX.RTL3/cmds.txt|baseline/pgfuzz/PX4/policies/PX.RTL4/cmds.txt|baseline/pgfuzz/PX4/policies/PX.RTL5/cmds.txt|baseline/pgfuzz/PX4/policies/PX.TAKEOFF1/cmds.txt|baseline/pgfuzz/PX4/policies/PX.TAKEOFF2/cmds.txt,COMMAND_XML_DEFINITION_FOUND,MAV_CMD_DO_SET_HOME,EXACT_NAME_XML_DEFINITION,,,,,,,,UNKNOWN,,当前目录没有可用默认值证据。,,,,,,,,,,,NOT_TESTED,179,MATCH,baseline/px4/src/modules/mavlink/mavlink/message_definitions/v1.0/common.xml:1409,只确认协议 XML 定义；未由此证明当前飞控构建接受、执行或影响该性质。,NOT_ASSESSED
PX4,InputC,MAV_CMD_DO_SET_MODE,15,PX.ALTITUDE1|PX.GPS.FS1|PX.GPS.FS2|PX.GPS.FS3|PX.HOLD1|PX.HOLD2|PX.LAND1|PX.POSITION1|PX.RTL1|PX.RTL2|PX.RTL3|PX.RTL4|PX.RTL5|PX.TAKEOFF1|PX.TAKEOFF2,"MAV_CMD_DO_SET_MODE,176",baseline/pgfuzz/PX4/policies/PX.ALTITUDE1/cmds.txt|baseline/pgfuzz/PX4/policies/PX.GPS.FS1/cmds.txt|baseline/pgfuzz/PX4/policies/PX.GPS.FS2/cmds.txt|baseline/pgfuzz/PX4/policies/PX.GPS.FS3/cmds.txt|baseline/pgfuzz/PX4/policies/PX.HOLD1/cmds.txt|baseline/pgfuzz/PX4/policies/PX.HOLD2/cmds.txt|baseline/pgfuzz/PX4/policies/PX.LAND1/cmds.txt|baseline/pgfuzz/PX4/policies/PX.POSITION1/cmds.txt|baseline/pgfuzz/PX4/policies/PX.RTL1/cmds.txt|baseline/pgfuzz/PX4/policies/PX.RTL2/cmds.txt|baseline/pgfuzz/PX4/policies/PX.RTL3/cmds.txt|baseline/pgfuzz/PX4/policies/PX.RTL4/cmds.txt|baseline/pgfuzz/PX4/policies/PX.RTL5/cmds.txt|baseline/pgfuzz/PX4/policies/PX.TAKEOFF1/cmds.txt|baseline/pgfuzz/PX4/policies/PX.TAKEOFF2/cmds.txt,COMMAND_XML_DEFINITION_FOUND,MAV_CMD_DO_SET_MODE,EXACT_NAME_XML_DEFINITION,,,,,,,,UNKNOWN,,当前目录没有可用默认值证据。,,,,,,,,,,,NOT_TESTED,176,MATCH,baseline/px4/src/modules/mavlink/mavlink/message_definitions/v1.0/common.xml:1379,只确认协议 XML 定义；未由此证明当前飞控构建接受、执行或影响该性质。,NOT_ASSESSED
PX4,InputC,MAV_CMD_DO_SET_RELAY,15,PX.ALTITUDE1|PX.GPS.FS1|PX.GPS.FS2|PX.GPS.FS3|PX.HOLD1|PX.HOLD2|PX.LAND1|PX.POSITION1|PX.RTL1|PX.RTL2|PX.RTL3|PX.RTL4|PX.RTL5|PX.TAKEOFF1|PX.TAKEOFF2,"MAV_CMD_DO_SET_RELAY,181",baseline/pgfuzz/PX4/policies/PX.ALTITUDE1/cmds.txt|baseline/pgfuzz/PX4/policies/PX.GPS.FS1/cmds.txt|baseline/pgfuzz/PX4/policies/PX.GPS.FS2/cmds.txt|baseline/pgfuzz/PX4/policies/PX.GPS.FS3/cmds.txt|baseline/pgfuzz/PX4/policies/PX.HOLD1/cmds.txt|baseline/pgfuzz/PX4/policies/PX.HOLD2/cmds.txt|baseline/pgfuzz/PX4/policies/PX.LAND1/cmds.txt|baseline/pgfuzz/PX4/policies/PX.POSITION1/cmds.txt|baseline/pgfuzz/PX4/policies/PX.RTL1/cmds.txt|baseline/pgfuzz/PX4/policies/PX.RTL2/cmds.txt|baseline/pgfuzz/PX4/policies/PX.RTL3/cmds.txt|baseline/pgfuzz/PX4/policies/PX.RTL4/cmds.txt|baseline/pgfuzz/PX4/policies/PX.RTL5/cmds.txt|baseline/pgfuzz/PX4/policies/PX.TAKEOFF1/cmds.txt|baseline/pgfuzz/PX4/policies/PX.TAKEOFF2/cmds.txt,COMMAND_XML_DEFINITION_FOUND,MAV_CMD_DO_SET_RELAY,EXACT_NAME_XML_DEFINITION,,,,,,,,UNKNOWN,,当前目录没有可用默认值证据。,,,,,,,,,,,NOT_TESTED,181,MATCH,baseline/px4/src/modules/mavlink/mavlink/message_definitions/v1.0/common.xml:1435,只确认协议 XML 定义；未由此证明当前飞控构建接受、执行或影响该性质。,NOT_ASSESSED
PX4,InputC,MAV_CMD_DO_SET_ROI,15,PX.ALTITUDE1|PX.GPS.FS1|PX.GPS.FS2|PX.GPS.FS3|PX.HOLD1|PX.HOLD2|PX.LAND1|PX.POSITION1|PX.RTL1|PX.RTL2|PX.RTL3|PX.RTL4|PX.RTL5|PX.TAKEOFF1|PX.TAKEOFF2,"MAV_CMD_DO_SET_ROI,201",baseline/pgfuzz/PX4/policies/PX.ALTITUDE1/cmds.txt|baseline/pgfuzz/PX4/policies/PX.GPS.FS1/cmds.txt|baseline/pgfuzz/PX4/policies/PX.GPS.FS2/cmds.txt|baseline/pgfuzz/PX4/policies/PX.GPS.FS3/cmds.txt|baseline/pgfuzz/PX4/policies/PX.HOLD1/cmds.txt|baseline/pgfuzz/PX4/policies/PX.HOLD2/cmds.txt|baseline/pgfuzz/PX4/policies/PX.LAND1/cmds.txt|baseline/pgfuzz/PX4/policies/PX.POSITION1/cmds.txt|baseline/pgfuzz/PX4/policies/PX.RTL1/cmds.txt|baseline/pgfuzz/PX4/policies/PX.RTL2/cmds.txt|baseline/pgfuzz/PX4/policies/PX.RTL3/cmds.txt|baseline/pgfuzz/PX4/policies/PX.RTL4/cmds.txt|baseline/pgfuzz/PX4/policies/PX.RTL5/cmds.txt|baseline/pgfuzz/PX4/policies/PX.TAKEOFF1/cmds.txt|baseline/pgfuzz/PX4/policies/PX.TAKEOFF2/cmds.txt,COMMAND_XML_DEFINITION_FOUND,MAV_CMD_DO_SET_ROI,EXACT_NAME_XML_DEFINITION,,,,,,,,UNKNOWN,,当前目录没有可用默认值证据。,,,,,,,,,,,NOT_TESTED,201,MATCH,baseline/px4/src/modules/mavlink/mavlink/message_definitions/v1.0/common.xml:1647,只确认协议 XML 定义；未由此证明当前飞控构建接受、执行或影响该性质。,NOT_ASSESSED
PX4,InputC,MAV_CMD_DO_SET_SERVO,15,PX.ALTITUDE1|PX.GPS.FS1|PX.GPS.FS2|PX.GPS.FS3|PX.HOLD1|PX.HOLD2|PX.LAND1|PX.POSITION1|PX.RTL1|PX.RTL2|PX.RTL3|PX.RTL4|PX.RTL5|PX.TAKEOFF1|PX.TAKEOFF2,"MAV_CMD_DO_SET_SERVO,183",baseline/pgfuzz/PX4/policies/PX.ALTITUDE1/cmds.txt|baseline/pgfuzz/PX4/policies/PX.GPS.FS1/cmds.txt|baseline/pgfuzz/PX4/policies/PX.GPS.FS2/cmds.txt|baseline/pgfuzz/PX4/policies/PX.GPS.FS3/cmds.txt|baseline/pgfuzz/PX4/policies/PX.HOLD1/cmds.txt|baseline/pgfuzz/PX4/policies/PX.HOLD2/cmds.txt|baseline/pgfuzz/PX4/policies/PX.LAND1/cmds.txt|baseline/pgfuzz/PX4/policies/PX.POSITION1/cmds.txt|baseline/pgfuzz/PX4/policies/PX.RTL1/cmds.txt|baseline/pgfuzz/PX4/policies/PX.RTL2/cmds.txt|baseline/pgfuzz/PX4/policies/PX.RTL3/cmds.txt|baseline/pgfuzz/PX4/policies/PX.RTL4/cmds.txt|baseline/pgfuzz/PX4/policies/PX.RTL5/cmds.txt|baseline/pgfuzz/PX4/policies/PX.TAKEOFF1/cmds.txt|baseline/pgfuzz/PX4/policies/PX.TAKEOFF2/cmds.txt,COMMAND_XML_DEFINITION_FOUND,MAV_CMD_DO_SET_SERVO,EXACT_NAME_XML_DEFINITION,,,,,,,,UNKNOWN,,当前目录没有可用默认值证据。,,,,,,,,,,,NOT_TESTED,183,MATCH,baseline/px4/src/modules/mavlink/mavlink/message_definitions/v1.0/common.xml:1455,只确认协议 XML 定义；未由此证明当前飞控构建接受、执行或影响该性质。,NOT_ASSESSED
PX4,InputC,MAV_CMD_DO_START_MAG_CAL,21,PX.ALTITUDE1|PX.GPS.FS1|PX.GPS.FS2|PX.GPS.FS3|PX.HOLD1|PX.HOLD2|PX.LAND1|PX.ORBIT1|PX.ORBIT2|PX.ORBIT3|PX.ORBIT4|PX.ORBIT5|PX.ORBIT6|PX.POSITION1|PX.RTL1|PX.RTL2|PX.RTL3|PX.RTL4|PX.RTL5|PX.TAKEOFF1|PX.TAKEOFF2,"MAV_CMD_DO_START_MAG_CAL,42424",baseline/pgfuzz/PX4/policies/PX.ALTITUDE1/cmds.txt|baseline/pgfuzz/PX4/policies/PX.GPS.FS1/cmds.txt|baseline/pgfuzz/PX4/policies/PX.GPS.FS2/cmds.txt|baseline/pgfuzz/PX4/policies/PX.GPS.FS3/cmds.txt|baseline/pgfuzz/PX4/policies/PX.HOLD1/cmds.txt|baseline/pgfuzz/PX4/policies/PX.HOLD2/cmds.txt|baseline/pgfuzz/PX4/policies/PX.LAND1/cmds.txt|baseline/pgfuzz/PX4/policies/PX.ORBIT1/cmds.txt|baseline/pgfuzz/PX4/policies/PX.ORBIT2/cmds.txt|baseline/pgfuzz/PX4/policies/PX.ORBIT3/cmds.txt|baseline/pgfuzz/PX4/policies/PX.ORBIT4_5/cmds.txt|baseline/pgfuzz/PX4/policies/PX.ORBIT6/cmds.txt|baseline/pgfuzz/PX4/policies/PX.POSITION1/cmds.txt|baseline/pgfuzz/PX4/policies/PX.RTL1/cmds.txt|baseline/pgfuzz/PX4/policies/PX.RTL2/cmds.txt|baseline/pgfuzz/PX4/policies/PX.RTL3/cmds.txt|baseline/pgfuzz/PX4/policies/PX.RTL4/cmds.txt|baseline/pgfuzz/PX4/policies/PX.RTL5/cmds.txt|baseline/pgfuzz/PX4/policies/PX.TAKEOFF1/cmds.txt|baseline/pgfuzz/PX4/policies/PX.TAKEOFF2/cmds.txt,COMMAND_XML_DEFINITION_NOT_FOUND,MAV_CMD_DO_START_MAG_CAL,UNRESOLVED,,,,,,,,UNKNOWN,,当前目录没有可用默认值证据。,,,,,,,,,,,NOT_TESTED,,NOT_APPLICABLE,,当前固定 MAVLink XML 未找到同名命令；没有据此猜测替代命令。,NOT_ASSESSED
PX4,InputC,MAV_CMD_FIXED_MAG_CAL,15,PX.ALTITUDE1|PX.GPS.FS1|PX.GPS.FS2|PX.GPS.FS3|PX.HOLD1|PX.HOLD2|PX.LAND1|PX.POSITION1|PX.RTL1|PX.RTL2|PX.RTL3|PX.RTL4|PX.RTL5|PX.TAKEOFF1|PX.TAKEOFF2,"MAV_CMD_FIXED_MAG_CAL,42004",baseline/pgfuzz/PX4/policies/PX.ALTITUDE1/cmds.txt|baseline/pgfuzz/PX4/policies/PX.GPS.FS1/cmds.txt|baseline/pgfuzz/PX4/policies/PX.GPS.FS2/cmds.txt|baseline/pgfuzz/PX4/policies/PX.GPS.FS3/cmds.txt|baseline/pgfuzz/PX4/policies/PX.HOLD1/cmds.txt|baseline/pgfuzz/PX4/policies/PX.HOLD2/cmds.txt|baseline/pgfuzz/PX4/policies/PX.LAND1/cmds.txt|baseline/pgfuzz/PX4/policies/PX.POSITION1/cmds.txt|baseline/pgfuzz/PX4/policies/PX.RTL1/cmds.txt|baseline/pgfuzz/PX4/policies/PX.RTL2/cmds.txt|baseline/pgfuzz/PX4/policies/PX.RTL3/cmds.txt|baseline/pgfuzz/PX4/policies/PX.RTL4/cmds.txt|baseline/pgfuzz/PX4/policies/PX.RTL5/cmds.txt|baseline/pgfuzz/PX4/policies/PX.TAKEOFF1/cmds.txt|baseline/pgfuzz/PX4/policies/PX.TAKEOFF2/cmds.txt,COMMAND_XML_DEFINITION_NOT_FOUND,MAV_CMD_FIXED_MAG_CAL,UNRESOLVED,,,,,,,,UNKNOWN,,当前目录没有可用默认值证据。,,,,,,,,,,,NOT_TESTED,,NOT_APPLICABLE,,当前固定 MAVLink XML 未找到同名命令；没有据此猜测替代命令。,NOT_ASSESSED
PX4,InputC,MAV_CMD_FIXED_MAG_CAL_FIELD,15,PX.ALTITUDE1|PX.GPS.FS1|PX.GPS.FS2|PX.GPS.FS3|PX.HOLD1|PX.HOLD2|PX.LAND1|PX.POSITION1|PX.RTL1|PX.RTL2|PX.RTL3|PX.RTL4|PX.RTL5|PX.TAKEOFF1|PX.TAKEOFF2,"MAV_CMD_FIXED_MAG_CAL_FIELD,42005",baseline/pgfuzz/PX4/policies/PX.ALTITUDE1/cmds.txt|baseline/pgfuzz/PX4/policies/PX.GPS.FS1/cmds.txt|baseline/pgfuzz/PX4/policies/PX.GPS.FS2/cmds.txt|baseline/pgfuzz/PX4/policies/PX.GPS.FS3/cmds.txt|baseline/pgfuzz/PX4/policies/PX.HOLD1/cmds.txt|baseline/pgfuzz/PX4/policies/PX.HOLD2/cmds.txt|baseline/pgfuzz/PX4/policies/PX.LAND1/cmds.txt|baseline/pgfuzz/PX4/policies/PX.POSITION1/cmds.txt|baseline/pgfuzz/PX4/policies/PX.RTL1/cmds.txt|baseline/pgfuzz/PX4/policies/PX.RTL2/cmds.txt|baseline/pgfuzz/PX4/policies/PX.RTL3/cmds.txt|baseline/pgfuzz/PX4/policies/PX.RTL4/cmds.txt|baseline/pgfuzz/PX4/policies/PX.RTL5/cmds.txt|baseline/pgfuzz/PX4/policies/PX.TAKEOFF1/cmds.txt|baseline/pgfuzz/PX4/policies/PX.TAKEOFF2/cmds.txt,COMMAND_XML_DEFINITION_NOT_FOUND,MAV_CMD_FIXED_MAG_CAL_FIELD,UNRESOLVED,,,,,,,,UNKNOWN,,当前目录没有可用默认值证据。,,,,,,,,,,,NOT_TESTED,,NOT_APPLICABLE,,当前固定 MAVLink XML 未找到同名命令；没有据此猜测替代命令。,NOT_ASSESSED
PX4,InputC,MAV_CMD_FIXED_MAG_CAL_YAW,15,PX.ALTITUDE1|PX.GPS.FS1|PX.GPS.FS2|PX.GPS.FS3|PX.HOLD1|PX.HOLD2|PX.LAND1|PX.POSITION1|PX.RTL1|PX.RTL2|PX.RTL3|PX.RTL4|PX.RTL5|PX.TAKEOFF1|PX.TAKEOFF2,"MAV_CMD_FIXED_MAG_CAL_YAW,42006",baseline/pgfuzz/PX4/policies/PX.ALTITUDE1/cmds.txt|baseline/pgfuzz/PX4/policies/PX.GPS.FS1/cmds.txt|baseline/pgfuzz/PX4/policies/PX.GPS.FS2/cmds.txt|baseline/pgfuzz/PX4/policies/PX.GPS.FS3/cmds.txt|baseline/pgfuzz/PX4/policies/PX.HOLD1/cmds.txt|baseline/pgfuzz/PX4/policies/PX.HOLD2/cmds.txt|baseline/pgfuzz/PX4/policies/PX.LAND1/cmds.txt|baseline/pgfuzz/PX4/policies/PX.POSITION1/cmds.txt|baseline/pgfuzz/PX4/policies/PX.RTL1/cmds.txt|baseline/pgfuzz/PX4/policies/PX.RTL2/cmds.txt|baseline/pgfuzz/PX4/policies/PX.RTL3/cmds.txt|baseline/pgfuzz/PX4/policies/PX.RTL4/cmds.txt|baseline/pgfuzz/PX4/policies/PX.RTL5/cmds.txt|baseline/pgfuzz/PX4/policies/PX.TAKEOFF1/cmds.txt|baseline/pgfuzz/PX4/policies/PX.TAKEOFF2/cmds.txt,COMMAND_XML_DEFINITION_FOUND,MAV_CMD_FIXED_MAG_CAL_YAW,EXACT_NAME_XML_DEFINITION,,,,,,,,UNKNOWN,,当前目录没有可用默认值证据。,,,,,,,,,,,NOT_TESTED,42006,MATCH,baseline/px4/src/modules/mavlink/mavlink/message_definitions/v1.0/common.xml:2510,只确认协议 XML 定义；未由此证明当前飞控构建接受、执行或影响该性质。,NOT_ASSESSED
PX4,InputC,MAV_CMD_GIMBAL_RESET,15,PX.ALTITUDE1|PX.GPS.FS1|PX.GPS.FS2|PX.GPS.FS3|PX.HOLD1|PX.HOLD2|PX.LAND1|PX.POSITION1|PX.RTL1|PX.RTL2|PX.RTL3|PX.RTL4|PX.RTL5|PX.TAKEOFF1|PX.TAKEOFF2,"MAV_CMD_GIMBAL_RESET,42501",baseline/pgfuzz/PX4/policies/PX.ALTITUDE1/cmds.txt|baseline/pgfuzz/PX4/policies/PX.GPS.FS1/cmds.txt|baseline/pgfuzz/PX4/policies/PX.GPS.FS2/cmds.txt|baseline/pgfuzz/PX4/policies/PX.GPS.FS3/cmds.txt|baseline/pgfuzz/PX4/policies/PX.HOLD1/cmds.txt|baseline/pgfuzz/PX4/policies/PX.HOLD2/cmds.txt|baseline/pgfuzz/PX4/policies/PX.LAND1/cmds.txt|baseline/pgfuzz/PX4/policies/PX.POSITION1/cmds.txt|baseline/pgfuzz/PX4/policies/PX.RTL1/cmds.txt|baseline/pgfuzz/PX4/policies/PX.RTL2/cmds.txt|baseline/pgfuzz/PX4/policies/PX.RTL3/cmds.txt|baseline/pgfuzz/PX4/policies/PX.RTL4/cmds.txt|baseline/pgfuzz/PX4/policies/PX.RTL5/cmds.txt|baseline/pgfuzz/PX4/policies/PX.TAKEOFF1/cmds.txt|baseline/pgfuzz/PX4/policies/PX.TAKEOFF2/cmds.txt,COMMAND_XML_DEFINITION_NOT_FOUND,MAV_CMD_GIMBAL_RESET,UNRESOLVED,,,,,,,,UNKNOWN,,当前目录没有可用默认值证据。,,,,,,,,,,,NOT_TESTED,,NOT_APPLICABLE,,当前固定 MAVLink XML 未找到同名命令；没有据此猜测替代命令。,NOT_ASSESSED
PX4,InputC,MAV_CMD_MISSION_START,15,PX.ALTITUDE1|PX.GPS.FS1|PX.GPS.FS2|PX.GPS.FS3|PX.HOLD1|PX.HOLD2|PX.LAND1|PX.POSITION1|PX.RTL1|PX.RTL2|PX.RTL3|PX.RTL4|PX.RTL5|PX.TAKEOFF1|PX.TAKEOFF2,"MAV_CMD_MISSION_START,300",baseline/pgfuzz/PX4/policies/PX.ALTITUDE1/cmds.txt|baseline/pgfuzz/PX4/policies/PX.GPS.FS1/cmds.txt|baseline/pgfuzz/PX4/policies/PX.GPS.FS2/cmds.txt|baseline/pgfuzz/PX4/policies/PX.GPS.FS3/cmds.txt|baseline/pgfuzz/PX4/policies/PX.HOLD1/cmds.txt|baseline/pgfuzz/PX4/policies/PX.HOLD2/cmds.txt|baseline/pgfuzz/PX4/policies/PX.LAND1/cmds.txt|baseline/pgfuzz/PX4/policies/PX.POSITION1/cmds.txt|baseline/pgfuzz/PX4/policies/PX.RTL1/cmds.txt|baseline/pgfuzz/PX4/policies/PX.RTL2/cmds.txt|baseline/pgfuzz/PX4/policies/PX.RTL3/cmds.txt|baseline/pgfuzz/PX4/policies/PX.RTL4/cmds.txt|baseline/pgfuzz/PX4/policies/PX.RTL5/cmds.txt|baseline/pgfuzz/PX4/policies/PX.TAKEOFF1/cmds.txt|baseline/pgfuzz/PX4/policies/PX.TAKEOFF2/cmds.txt,COMMAND_XML_DEFINITION_FOUND,MAV_CMD_MISSION_START,EXACT_NAME_XML_DEFINITION,,,,,,,,UNKNOWN,,当前目录没有可用默认值证据。,,,,,,,,,,,NOT_TESTED,300,MATCH,baseline/px4/src/modules/mavlink/mavlink/message_definitions/v1.0/common.xml:1958,只确认协议 XML 定义；未由此证明当前飞控构建接受、执行或影响该性质。,NOT_ASSESSED
PX4,InputC,MAV_CMD_NAV_ALTITUDE_WAIT,15,PX.ALTITUDE1|PX.GPS.FS1|PX.GPS.FS2|PX.GPS.FS3|PX.HOLD1|PX.HOLD2|PX.LAND1|PX.POSITION1|PX.RTL1|PX.RTL2|PX.RTL3|PX.RTL4|PX.RTL5|PX.TAKEOFF1|PX.TAKEOFF2,"MAV_CMD_NAV_ALTITUDE_WAIT,83",baseline/pgfuzz/PX4/policies/PX.ALTITUDE1/cmds.txt|baseline/pgfuzz/PX4/policies/PX.GPS.FS1/cmds.txt|baseline/pgfuzz/PX4/policies/PX.GPS.FS2/cmds.txt|baseline/pgfuzz/PX4/policies/PX.GPS.FS3/cmds.txt|baseline/pgfuzz/PX4/policies/PX.HOLD1/cmds.txt|baseline/pgfuzz/PX4/policies/PX.HOLD2/cmds.txt|baseline/pgfuzz/PX4/policies/PX.LAND1/cmds.txt|baseline/pgfuzz/PX4/policies/PX.POSITION1/cmds.txt|baseline/pgfuzz/PX4/policies/PX.RTL1/cmds.txt|baseline/pgfuzz/PX4/policies/PX.RTL2/cmds.txt|baseline/pgfuzz/PX4/policies/PX.RTL3/cmds.txt|baseline/pgfuzz/PX4/policies/PX.RTL4/cmds.txt|baseline/pgfuzz/PX4/policies/PX.RTL5/cmds.txt|baseline/pgfuzz/PX4/policies/PX.TAKEOFF1/cmds.txt|baseline/pgfuzz/PX4/policies/PX.TAKEOFF2/cmds.txt,COMMAND_XML_DEFINITION_NOT_FOUND,MAV_CMD_NAV_ALTITUDE_WAIT,UNRESOLVED,,,,,,,,UNKNOWN,,当前目录没有可用默认值证据。,,,,,,,,,,,NOT_TESTED,,NOT_APPLICABLE,,当前固定 MAVLink XML 未找到同名命令；没有据此猜测替代命令。,NOT_ASSESSED
PX4,InputC,MAV_CMD_NAV_GUIDED_ENABLE,15,PX.ALTITUDE1|PX.GPS.FS1|PX.GPS.FS2|PX.GPS.FS3|PX.HOLD1|PX.HOLD2|PX.LAND1|PX.POSITION1|PX.RTL1|PX.RTL2|PX.RTL3|PX.RTL4|PX.RTL5|PX.TAKEOFF1|PX.TAKEOFF2,"MAV_CMD_NAV_GUIDED_ENABLE,92",baseline/pgfuzz/PX4/policies/PX.ALTITUDE1/cmds.txt|baseline/pgfuzz/PX4/policies/PX.GPS.FS1/cmds.txt|baseline/pgfuzz/PX4/policies/PX.GPS.FS2/cmds.txt|baseline/pgfuzz/PX4/policies/PX.GPS.FS3/cmds.txt|baseline/pgfuzz/PX4/policies/PX.HOLD1/cmds.txt|baseline/pgfuzz/PX4/policies/PX.HOLD2/cmds.txt|baseline/pgfuzz/PX4/policies/PX.LAND1/cmds.txt|baseline/pgfuzz/PX4/policies/PX.POSITION1/cmds.txt|baseline/pgfuzz/PX4/policies/PX.RTL1/cmds.txt|baseline/pgfuzz/PX4/policies/PX.RTL2/cmds.txt|baseline/pgfuzz/PX4/policies/PX.RTL3/cmds.txt|baseline/pgfuzz/PX4/policies/PX.RTL4/cmds.txt|baseline/pgfuzz/PX4/policies/PX.RTL5/cmds.txt|baseline/pgfuzz/PX4/policies/PX.TAKEOFF1/cmds.txt|baseline/pgfuzz/PX4/policies/PX.TAKEOFF2/cmds.txt,COMMAND_XML_DEFINITION_FOUND,MAV_CMD_NAV_GUIDED_ENABLE,EXACT_NAME_XML_DEFINITION,,,,,,,,UNKNOWN,,当前目录没有可用默认值证据。,,,,,,,,,,,NOT_TESTED,92,MATCH,baseline/px4/src/modules/mavlink/mavlink/message_definitions/v1.0/common.xml:1289,只确认协议 XML 定义；未由此证明当前飞控构建接受、执行或影响该性质。,NOT_ASSESSED
PX4,InputC,MAV_CMD_NAV_LAND,15,PX.ALTITUDE1|PX.GPS.FS1|PX.GPS.FS2|PX.GPS.FS3|PX.HOLD1|PX.HOLD2|PX.LAND1|PX.POSITION1|PX.RTL1|PX.RTL2|PX.RTL3|PX.RTL4|PX.RTL5|PX.TAKEOFF1|PX.TAKEOFF2,"MAV_CMD_NAV_LAND,21",baseline/pgfuzz/PX4/policies/PX.ALTITUDE1/cmds.txt|baseline/pgfuzz/PX4/policies/PX.GPS.FS1/cmds.txt|baseline/pgfuzz/PX4/policies/PX.GPS.FS2/cmds.txt|baseline/pgfuzz/PX4/policies/PX.GPS.FS3/cmds.txt|baseline/pgfuzz/PX4/policies/PX.HOLD1/cmds.txt|baseline/pgfuzz/PX4/policies/PX.HOLD2/cmds.txt|baseline/pgfuzz/PX4/policies/PX.LAND1/cmds.txt|baseline/pgfuzz/PX4/policies/PX.POSITION1/cmds.txt|baseline/pgfuzz/PX4/policies/PX.RTL1/cmds.txt|baseline/pgfuzz/PX4/policies/PX.RTL2/cmds.txt|baseline/pgfuzz/PX4/policies/PX.RTL3/cmds.txt|baseline/pgfuzz/PX4/policies/PX.RTL4/cmds.txt|baseline/pgfuzz/PX4/policies/PX.RTL5/cmds.txt|baseline/pgfuzz/PX4/policies/PX.TAKEOFF1/cmds.txt|baseline/pgfuzz/PX4/policies/PX.TAKEOFF2/cmds.txt,COMMAND_XML_DEFINITION_FOUND,MAV_CMD_NAV_LAND,EXACT_NAME_XML_DEFINITION,,,,,,,,UNKNOWN,,当前目录没有可用默认值证据。,,,,,,,,,,,NOT_TESTED,21,MATCH,baseline/px4/src/modules/mavlink/mavlink/message_definitions/v1.0/common.xml:1134,只确认协议 XML 定义；未由此证明当前飞控构建接受、执行或影响该性质。,NOT_ASSESSED
PX4,InputC,MAV_CMD_NAV_LOITER_TIME,15,PX.ALTITUDE1|PX.GPS.FS1|PX.GPS.FS2|PX.GPS.FS3|PX.HOLD1|PX.HOLD2|PX.LAND1|PX.POSITION1|PX.RTL1|PX.RTL2|PX.RTL3|PX.RTL4|PX.RTL5|PX.TAKEOFF1|PX.TAKEOFF2,"MAV_CMD_NAV_LOITER_TIME,19",baseline/pgfuzz/PX4/policies/PX.ALTITUDE1/cmds.txt|baseline/pgfuzz/PX4/policies/PX.GPS.FS1/cmds.txt|baseline/pgfuzz/PX4/policies/PX.GPS.FS2/cmds.txt|baseline/pgfuzz/PX4/policies/PX.GPS.FS3/cmds.txt|baseline/pgfuzz/PX4/policies/PX.HOLD1/cmds.txt|baseline/pgfuzz/PX4/policies/PX.HOLD2/cmds.txt|baseline/pgfuzz/PX4/policies/PX.LAND1/cmds.txt|baseline/pgfuzz/PX4/policies/PX.POSITION1/cmds.txt|baseline/pgfuzz/PX4/policies/PX.RTL1/cmds.txt|baseline/pgfuzz/PX4/policies/PX.RTL2/cmds.txt|baseline/pgfuzz/PX4/policies/PX.RTL3/cmds.txt|baseline/pgfuzz/PX4/policies/PX.RTL4/cmds.txt|baseline/pgfuzz/PX4/policies/PX.RTL5/cmds.txt|baseline/pgfuzz/PX4/policies/PX.TAKEOFF1/cmds.txt|baseline/pgfuzz/PX4/policies/PX.TAKEOFF2/cmds.txt,COMMAND_XML_DEFINITION_FOUND,MAV_CMD_NAV_LOITER_TIME,EXACT_NAME_XML_DEFINITION,,,,,,,,UNKNOWN,,当前目录没有可用默认值证据。,,,,,,,,,,,NOT_TESTED,19,MATCH,baseline/px4/src/modules/mavlink/mavlink/message_definitions/v1.0/common.xml:1114,只确认协议 XML 定义；未由此证明当前飞控构建接受、执行或影响该性质。,NOT_ASSESSED
PX4,InputC,MAV_CMD_NAV_LOITER_TURNS,15,PX.ALTITUDE1|PX.GPS.FS1|PX.GPS.FS2|PX.GPS.FS3|PX.HOLD1|PX.HOLD2|PX.LAND1|PX.POSITION1|PX.RTL1|PX.RTL2|PX.RTL3|PX.RTL4|PX.RTL5|PX.TAKEOFF1|PX.TAKEOFF2,"MAV_CMD_NAV_LOITER_TURNS,18",baseline/pgfuzz/PX4/policies/PX.ALTITUDE1/cmds.txt|baseline/pgfuzz/PX4/policies/PX.GPS.FS1/cmds.txt|baseline/pgfuzz/PX4/policies/PX.GPS.FS2/cmds.txt|baseline/pgfuzz/PX4/policies/PX.GPS.FS3/cmds.txt|baseline/pgfuzz/PX4/policies/PX.HOLD1/cmds.txt|baseline/pgfuzz/PX4/policies/PX.HOLD2/cmds.txt|baseline/pgfuzz/PX4/policies/PX.LAND1/cmds.txt|baseline/pgfuzz/PX4/policies/PX.POSITION1/cmds.txt|baseline/pgfuzz/PX4/policies/PX.RTL1/cmds.txt|baseline/pgfuzz/PX4/policies/PX.RTL2/cmds.txt|baseline/pgfuzz/PX4/policies/PX.RTL3/cmds.txt|baseline/pgfuzz/PX4/policies/PX.RTL4/cmds.txt|baseline/pgfuzz/PX4/policies/PX.RTL5/cmds.txt|baseline/pgfuzz/PX4/policies/PX.TAKEOFF1/cmds.txt|baseline/pgfuzz/PX4/policies/PX.TAKEOFF2/cmds.txt,COMMAND_XML_DEFINITION_FOUND,MAV_CMD_NAV_LOITER_TURNS,EXACT_NAME_XML_DEFINITION,,,,,,,,UNKNOWN,,当前目录没有可用默认值证据。,,,,,,,,,,,NOT_TESTED,18,MATCH,baseline/px4/src/modules/mavlink/mavlink/message_definitions/v1.0/common.xml:1104,只确认协议 XML 定义；未由此证明当前飞控构建接受、执行或影响该性质。,NOT_ASSESSED
PX4,InputC,MAV_CMD_NAV_RETURN_TO_LAUNCH,21,PX.ALTITUDE1|PX.GPS.FS1|PX.GPS.FS2|PX.GPS.FS3|PX.HOLD1|PX.HOLD2|PX.LAND1|PX.ORBIT1|PX.ORBIT2|PX.ORBIT3|PX.ORBIT4|PX.ORBIT5|PX.ORBIT6|PX.POSITION1|PX.RTL1|PX.RTL2|PX.RTL3|PX.RTL4|PX.RTL5|PX.TAKEOFF1|PX.TAKEOFF2,"MAV_CMD_NAV_RETURN_TO_LAUNCH,20",baseline/pgfuzz/PX4/policies/PX.ALTITUDE1/cmds.txt|baseline/pgfuzz/PX4/policies/PX.GPS.FS1/cmds.txt|baseline/pgfuzz/PX4/policies/PX.GPS.FS2/cmds.txt|baseline/pgfuzz/PX4/policies/PX.GPS.FS3/cmds.txt|baseline/pgfuzz/PX4/policies/PX.HOLD1/cmds.txt|baseline/pgfuzz/PX4/policies/PX.HOLD2/cmds.txt|baseline/pgfuzz/PX4/policies/PX.LAND1/cmds.txt|baseline/pgfuzz/PX4/policies/PX.ORBIT1/cmds.txt|baseline/pgfuzz/PX4/policies/PX.ORBIT2/cmds.txt|baseline/pgfuzz/PX4/policies/PX.ORBIT3/cmds.txt|baseline/pgfuzz/PX4/policies/PX.ORBIT4_5/cmds.txt|baseline/pgfuzz/PX4/policies/PX.ORBIT6/cmds.txt|baseline/pgfuzz/PX4/policies/PX.POSITION1/cmds.txt|baseline/pgfuzz/PX4/policies/PX.RTL1/cmds.txt|baseline/pgfuzz/PX4/policies/PX.RTL2/cmds.txt|baseline/pgfuzz/PX4/policies/PX.RTL3/cmds.txt|baseline/pgfuzz/PX4/policies/PX.RTL4/cmds.txt|baseline/pgfuzz/PX4/policies/PX.RTL5/cmds.txt|baseline/pgfuzz/PX4/policies/PX.TAKEOFF1/cmds.txt|baseline/pgfuzz/PX4/policies/PX.TAKEOFF2/cmds.txt,COMMAND_XML_DEFINITION_FOUND,MAV_CMD_NAV_RETURN_TO_LAUNCH,EXACT_NAME_XML_DEFINITION,,,,,,,,UNKNOWN,,当前目录没有可用默认值证据。,,,,,,,,,,,NOT_TESTED,20,MATCH,baseline/px4/src/modules/mavlink/mavlink/message_definitions/v1.0/common.xml:1124,只确认协议 XML 定义；未由此证明当前飞控构建接受、执行或影响该性质。,NOT_ASSESSED
PX4,InputC,MAV_CMD_NAV_SPLINE_WAYPOINT,15,PX.ALTITUDE1|PX.GPS.FS1|PX.GPS.FS2|PX.GPS.FS3|PX.HOLD1|PX.HOLD2|PX.LAND1|PX.POSITION1|PX.RTL1|PX.RTL2|PX.RTL3|PX.RTL4|PX.RTL5|PX.TAKEOFF1|PX.TAKEOFF2,"MAV_CMD_NAV_SPLINE_WAYPOINT,82",baseline/pgfuzz/PX4/policies/PX.ALTITUDE1/cmds.txt|baseline/pgfuzz/PX4/policies/PX.GPS.FS1/cmds.txt|baseline/pgfuzz/PX4/policies/PX.GPS.FS2/cmds.txt|baseline/pgfuzz/PX4/policies/PX.GPS.FS3/cmds.txt|baseline/pgfuzz/PX4/policies/PX.HOLD1/cmds.txt|baseline/pgfuzz/PX4/policies/PX.HOLD2/cmds.txt|baseline/pgfuzz/PX4/policies/PX.LAND1/cmds.txt|baseline/pgfuzz/PX4/policies/PX.POSITION1/cmds.txt|baseline/pgfuzz/PX4/policies/PX.RTL1/cmds.txt|baseline/pgfuzz/PX4/policies/PX.RTL2/cmds.txt|baseline/pgfuzz/PX4/policies/PX.RTL3/cmds.txt|baseline/pgfuzz/PX4/policies/PX.RTL4/cmds.txt|baseline/pgfuzz/PX4/policies/PX.RTL5/cmds.txt|baseline/pgfuzz/PX4/policies/PX.TAKEOFF1/cmds.txt|baseline/pgfuzz/PX4/policies/PX.TAKEOFF2/cmds.txt,COMMAND_XML_DEFINITION_FOUND,MAV_CMD_NAV_SPLINE_WAYPOINT,EXACT_NAME_XML_DEFINITION,,,,,,,,UNKNOWN,,当前目录没有可用默认值证据。,,,,,,,,,,,NOT_TESTED,82,MATCH,baseline/px4/src/modules/mavlink/mavlink/message_definitions/v1.0/common.xml:1255,只确认协议 XML 定义；未由此证明当前飞控构建接受、执行或影响该性质。,NOT_ASSESSED
PX4,InputC,MAV_CMD_NAV_TAKEOFF,15,PX.ALTITUDE1|PX.GPS.FS1|PX.GPS.FS2|PX.GPS.FS3|PX.HOLD1|PX.HOLD2|PX.LAND1|PX.POSITION1|PX.RTL1|PX.RTL2|PX.RTL3|PX.RTL4|PX.RTL5|PX.TAKEOFF1|PX.TAKEOFF2,"MAV_CMD_NAV_TAKEOFF,22",baseline/pgfuzz/PX4/policies/PX.ALTITUDE1/cmds.txt|baseline/pgfuzz/PX4/policies/PX.GPS.FS1/cmds.txt|baseline/pgfuzz/PX4/policies/PX.GPS.FS2/cmds.txt|baseline/pgfuzz/PX4/policies/PX.GPS.FS3/cmds.txt|baseline/pgfuzz/PX4/policies/PX.HOLD1/cmds.txt|baseline/pgfuzz/PX4/policies/PX.HOLD2/cmds.txt|baseline/pgfuzz/PX4/policies/PX.LAND1/cmds.txt|baseline/pgfuzz/PX4/policies/PX.POSITION1/cmds.txt|baseline/pgfuzz/PX4/policies/PX.RTL1/cmds.txt|baseline/pgfuzz/PX4/policies/PX.RTL2/cmds.txt|baseline/pgfuzz/PX4/policies/PX.RTL3/cmds.txt|baseline/pgfuzz/PX4/policies/PX.RTL4/cmds.txt|baseline/pgfuzz/PX4/policies/PX.RTL5/cmds.txt|baseline/pgfuzz/PX4/policies/PX.TAKEOFF1/cmds.txt|baseline/pgfuzz/PX4/policies/PX.TAKEOFF2/cmds.txt,COMMAND_XML_DEFINITION_FOUND,MAV_CMD_NAV_TAKEOFF,EXACT_NAME_XML_DEFINITION,,,,,,,,UNKNOWN,,当前目录没有可用默认值证据。,,,,,,,,,,,NOT_TESTED,22,MATCH,baseline/px4/src/modules/mavlink/mavlink/message_definitions/v1.0/common.xml:1144,只确认协议 XML 定义；未由此证明当前飞控构建接受、执行或影响该性质。,NOT_ASSESSED
PX4,InputC,MAV_CMD_NAV_WAYPOINT,15,PX.ALTITUDE1|PX.GPS.FS1|PX.GPS.FS2|PX.GPS.FS3|PX.HOLD1|PX.HOLD2|PX.LAND1|PX.POSITION1|PX.RTL1|PX.RTL2|PX.RTL3|PX.RTL4|PX.RTL5|PX.TAKEOFF1|PX.TAKEOFF2,"MAV_CMD_NAV_WAYPOINT,16",baseline/pgfuzz/PX4/policies/PX.ALTITUDE1/cmds.txt|baseline/pgfuzz/PX4/policies/PX.GPS.FS1/cmds.txt|baseline/pgfuzz/PX4/policies/PX.GPS.FS2/cmds.txt|baseline/pgfuzz/PX4/policies/PX.GPS.FS3/cmds.txt|baseline/pgfuzz/PX4/policies/PX.HOLD1/cmds.txt|baseline/pgfuzz/PX4/policies/PX.HOLD2/cmds.txt|baseline/pgfuzz/PX4/policies/PX.LAND1/cmds.txt|baseline/pgfuzz/PX4/policies/PX.POSITION1/cmds.txt|baseline/pgfuzz/PX4/policies/PX.RTL1/cmds.txt|baseline/pgfuzz/PX4/policies/PX.RTL2/cmds.txt|baseline/pgfuzz/PX4/policies/PX.RTL3/cmds.txt|baseline/pgfuzz/PX4/policies/PX.RTL4/cmds.txt|baseline/pgfuzz/PX4/policies/PX.RTL5/cmds.txt|baseline/pgfuzz/PX4/policies/PX.TAKEOFF1/cmds.txt|baseline/pgfuzz/PX4/policies/PX.TAKEOFF2/cmds.txt,COMMAND_XML_DEFINITION_FOUND,MAV_CMD_NAV_WAYPOINT,EXACT_NAME_XML_DEFINITION,,,,,,,,UNKNOWN,,当前目录没有可用默认值证据。,,,,,,,,,,,NOT_TESTED,16,MATCH,baseline/px4/src/modules/mavlink/mavlink/message_definitions/v1.0/common.xml:1084,只确认协议 XML 定义；未由此证明当前飞控构建接受、执行或影响该性质。,NOT_ASSESSED
PX4,InputC,MAV_CMD_POWER_OFF_INITIATED,15,PX.ALTITUDE1|PX.GPS.FS1|PX.GPS.FS2|PX.GPS.FS3|PX.HOLD1|PX.HOLD2|PX.LAND1|PX.POSITION1|PX.RTL1|PX.RTL2|PX.RTL3|PX.RTL4|PX.RTL5|PX.TAKEOFF1|PX.TAKEOFF2,"MAV_CMD_POWER_OFF_INITIATED,42000",baseline/pgfuzz/PX4/policies/PX.ALTITUDE1/cmds.txt|baseline/pgfuzz/PX4/policies/PX.GPS.FS1/cmds.txt|baseline/pgfuzz/PX4/policies/PX.GPS.FS2/cmds.txt|baseline/pgfuzz/PX4/policies/PX.GPS.FS3/cmds.txt|baseline/pgfuzz/PX4/policies/PX.HOLD1/cmds.txt|baseline/pgfuzz/PX4/policies/PX.HOLD2/cmds.txt|baseline/pgfuzz/PX4/policies/PX.LAND1/cmds.txt|baseline/pgfuzz/PX4/policies/PX.POSITION1/cmds.txt|baseline/pgfuzz/PX4/policies/PX.RTL1/cmds.txt|baseline/pgfuzz/PX4/policies/PX.RTL2/cmds.txt|baseline/pgfuzz/PX4/policies/PX.RTL3/cmds.txt|baseline/pgfuzz/PX4/policies/PX.RTL4/cmds.txt|baseline/pgfuzz/PX4/policies/PX.RTL5/cmds.txt|baseline/pgfuzz/PX4/policies/PX.TAKEOFF1/cmds.txt|baseline/pgfuzz/PX4/policies/PX.TAKEOFF2/cmds.txt,COMMAND_XML_DEFINITION_NOT_FOUND,MAV_CMD_POWER_OFF_INITIATED,UNRESOLVED,,,,,,,,UNKNOWN,,当前目录没有可用默认值证据。,,,,,,,,,,,NOT_TESTED,,NOT_APPLICABLE,,当前固定 MAVLink XML 未找到同名命令；没有据此猜测替代命令。,NOT_ASSESSED
PX4,InputC,MAV_CMD_SET_FACTORY_TEST_MODE,15,PX.ALTITUDE1|PX.GPS.FS1|PX.GPS.FS2|PX.GPS.FS3|PX.HOLD1|PX.HOLD2|PX.LAND1|PX.POSITION1|PX.RTL1|PX.RTL2|PX.RTL3|PX.RTL4|PX.RTL5|PX.TAKEOFF1|PX.TAKEOFF2,"MAV_CMD_SET_FACTORY_TEST_MODE,42427",baseline/pgfuzz/PX4/policies/PX.ALTITUDE1/cmds.txt|baseline/pgfuzz/PX4/policies/PX.GPS.FS1/cmds.txt|baseline/pgfuzz/PX4/policies/PX.GPS.FS2/cmds.txt|baseline/pgfuzz/PX4/policies/PX.GPS.FS3/cmds.txt|baseline/pgfuzz/PX4/policies/PX.HOLD1/cmds.txt|baseline/pgfuzz/PX4/policies/PX.HOLD2/cmds.txt|baseline/pgfuzz/PX4/policies/PX.LAND1/cmds.txt|baseline/pgfuzz/PX4/policies/PX.POSITION1/cmds.txt|baseline/pgfuzz/PX4/policies/PX.RTL1/cmds.txt|baseline/pgfuzz/PX4/policies/PX.RTL2/cmds.txt|baseline/pgfuzz/PX4/policies/PX.RTL3/cmds.txt|baseline/pgfuzz/PX4/policies/PX.RTL4/cmds.txt|baseline/pgfuzz/PX4/policies/PX.RTL5/cmds.txt|baseline/pgfuzz/PX4/policies/PX.TAKEOFF1/cmds.txt|baseline/pgfuzz/PX4/policies/PX.TAKEOFF2/cmds.txt,COMMAND_XML_DEFINITION_NOT_FOUND,MAV_CMD_SET_FACTORY_TEST_MODE,UNRESOLVED,,,,,,,,UNKNOWN,,当前目录没有可用默认值证据。,,,,,,,,,,,NOT_TESTED,,NOT_APPLICABLE,,当前固定 MAVLink XML 未找到同名命令；没有据此猜测替代命令。,NOT_ASSESSED
PX4,InputC,MAV_CMD_SOLO_BTN_FLY_CLICK,15,PX.ALTITUDE1|PX.GPS.FS1|PX.GPS.FS2|PX.GPS.FS3|PX.HOLD1|PX.HOLD2|PX.LAND1|PX.POSITION1|PX.RTL1|PX.RTL2|PX.RTL3|PX.RTL4|PX.RTL5|PX.TAKEOFF1|PX.TAKEOFF2,"MAV_CMD_SOLO_BTN_FLY_CLICK,42001",baseline/pgfuzz/PX4/policies/PX.ALTITUDE1/cmds.txt|baseline/pgfuzz/PX4/policies/PX.GPS.FS1/cmds.txt|baseline/pgfuzz/PX4/policies/PX.GPS.FS2/cmds.txt|baseline/pgfuzz/PX4/policies/PX.GPS.FS3/cmds.txt|baseline/pgfuzz/PX4/policies/PX.HOLD1/cmds.txt|baseline/pgfuzz/PX4/policies/PX.HOLD2/cmds.txt|baseline/pgfuzz/PX4/policies/PX.LAND1/cmds.txt|baseline/pgfuzz/PX4/policies/PX.POSITION1/cmds.txt|baseline/pgfuzz/PX4/policies/PX.RTL1/cmds.txt|baseline/pgfuzz/PX4/policies/PX.RTL2/cmds.txt|baseline/pgfuzz/PX4/policies/PX.RTL3/cmds.txt|baseline/pgfuzz/PX4/policies/PX.RTL4/cmds.txt|baseline/pgfuzz/PX4/policies/PX.RTL5/cmds.txt|baseline/pgfuzz/PX4/policies/PX.TAKEOFF1/cmds.txt|baseline/pgfuzz/PX4/policies/PX.TAKEOFF2/cmds.txt,COMMAND_XML_DEFINITION_NOT_FOUND,MAV_CMD_SOLO_BTN_FLY_CLICK,UNRESOLVED,,,,,,,,UNKNOWN,,当前目录没有可用默认值证据。,,,,,,,,,,,NOT_TESTED,,NOT_APPLICABLE,,当前固定 MAVLink XML 未找到同名命令；没有据此猜测替代命令。,NOT_ASSESSED
PX4,InputC,MAV_CMD_SOLO_BTN_FLY_HOLD,15,PX.ALTITUDE1|PX.GPS.FS1|PX.GPS.FS2|PX.GPS.FS3|PX.HOLD1|PX.HOLD2|PX.LAND1|PX.POSITION1|PX.RTL1|PX.RTL2|PX.RTL3|PX.RTL4|PX.RTL5|PX.TAKEOFF1|PX.TAKEOFF2,"MAV_CMD_SOLO_BTN_FLY_HOLD,42002",baseline/pgfuzz/PX4/policies/PX.ALTITUDE1/cmds.txt|baseline/pgfuzz/PX4/policies/PX.GPS.FS1/cmds.txt|baseline/pgfuzz/PX4/policies/PX.GPS.FS2/cmds.txt|baseline/pgfuzz/PX4/policies/PX.GPS.FS3/cmds.txt|baseline/pgfuzz/PX4/policies/PX.HOLD1/cmds.txt|baseline/pgfuzz/PX4/policies/PX.HOLD2/cmds.txt|baseline/pgfuzz/PX4/policies/PX.LAND1/cmds.txt|baseline/pgfuzz/PX4/policies/PX.POSITION1/cmds.txt|baseline/pgfuzz/PX4/policies/PX.RTL1/cmds.txt|baseline/pgfuzz/PX4/policies/PX.RTL2/cmds.txt|baseline/pgfuzz/PX4/policies/PX.RTL3/cmds.txt|baseline/pgfuzz/PX4/policies/PX.RTL4/cmds.txt|baseline/pgfuzz/PX4/policies/PX.RTL5/cmds.txt|baseline/pgfuzz/PX4/policies/PX.TAKEOFF1/cmds.txt|baseline/pgfuzz/PX4/policies/PX.TAKEOFF2/cmds.txt,COMMAND_XML_DEFINITION_NOT_FOUND,MAV_CMD_SOLO_BTN_FLY_HOLD,UNRESOLVED,,,,,,,,UNKNOWN,,当前目录没有可用默认值证据。,,,,,,,,,,,NOT_TESTED,,NOT_APPLICABLE,,当前固定 MAVLink XML 未找到同名命令；没有据此猜测替代命令。,NOT_ASSESSED
PX4,InputC,MAV_CMD_SOLO_BTN_PAUSE_CLICK,15,PX.ALTITUDE1|PX.GPS.FS1|PX.GPS.FS2|PX.GPS.FS3|PX.HOLD1|PX.HOLD2|PX.LAND1|PX.POSITION1|PX.RTL1|PX.RTL2|PX.RTL3|PX.RTL4|PX.RTL5|PX.TAKEOFF1|PX.TAKEOFF2,"MAV_CMD_SOLO_BTN_PAUSE_CLICK,42003",baseline/pgfuzz/PX4/policies/PX.ALTITUDE1/cmds.txt|baseline/pgfuzz/PX4/policies/PX.GPS.FS1/cmds.txt|baseline/pgfuzz/PX4/policies/PX.GPS.FS2/cmds.txt|baseline/pgfuzz/PX4/policies/PX.GPS.FS3/cmds.txt|baseline/pgfuzz/PX4/policies/PX.HOLD1/cmds.txt|baseline/pgfuzz/PX4/policies/PX.HOLD2/cmds.txt|baseline/pgfuzz/PX4/policies/PX.LAND1/cmds.txt|baseline/pgfuzz/PX4/policies/PX.POSITION1/cmds.txt|baseline/pgfuzz/PX4/policies/PX.RTL1/cmds.txt|baseline/pgfuzz/PX4/policies/PX.RTL2/cmds.txt|baseline/pgfuzz/PX4/policies/PX.RTL3/cmds.txt|baseline/pgfuzz/PX4/policies/PX.RTL4/cmds.txt|baseline/pgfuzz/PX4/policies/PX.RTL5/cmds.txt|baseline/pgfuzz/PX4/policies/PX.TAKEOFF1/cmds.txt|baseline/pgfuzz/PX4/policies/PX.TAKEOFF2/cmds.txt,COMMAND_XML_DEFINITION_NOT_FOUND,MAV_CMD_SOLO_BTN_PAUSE_CLICK,UNRESOLVED,,,,,,,,UNKNOWN,,当前目录没有可用默认值证据。,,,,,,,,,,,NOT_TESTED,,NOT_APPLICABLE,,当前固定 MAVLink XML 未找到同名命令；没有据此猜测替代命令。,NOT_ASSESSED
PX4,InputC,RC1,21,PX.ALTITUDE1|PX.GPS.FS1|PX.GPS.FS2|PX.GPS.FS3|PX.HOLD1|PX.HOLD2|PX.LAND1|PX.ORBIT1|PX.ORBIT2|PX.ORBIT3|PX.ORBIT4|PX.ORBIT5|PX.ORBIT6|PX.POSITION1|PX.RTL1|PX.RTL2|PX.RTL3|PX.RTL4|PX.RTL5|PX.TAKEOFF1|PX.TAKEOFF2,"RC1,0",baseline/pgfuzz/PX4/policies/PX.ALTITUDE1/cmds.txt|baseline/pgfuzz/PX4/policies/PX.GPS.FS1/cmds.txt|baseline/pgfuzz/PX4/policies/PX.GPS.FS2/cmds.txt|baseline/pgfuzz/PX4/policies/PX.GPS.FS3/cmds.txt|baseline/pgfuzz/PX4/policies/PX.HOLD1/cmds.txt|baseline/pgfuzz/PX4/policies/PX.HOLD2/cmds.txt|baseline/pgfuzz/PX4/policies/PX.LAND1/cmds.txt|baseline/pgfuzz/PX4/policies/PX.ORBIT1/cmds.txt|baseline/pgfuzz/PX4/policies/PX.ORBIT2/cmds.txt|baseline/pgfuzz/PX4/policies/PX.ORBIT3/cmds.txt|baseline/pgfuzz/PX4/policies/PX.ORBIT4_5/cmds.txt|baseline/pgfuzz/PX4/policies/PX.ORBIT6/cmds.txt|baseline/pgfuzz/PX4/policies/PX.POSITION1/cmds.txt|baseline/pgfuzz/PX4/policies/PX.RTL1/cmds.txt|baseline/pgfuzz/PX4/policies/PX.RTL2/cmds.txt|baseline/pgfuzz/PX4/policies/PX.RTL3/cmds.txt|baseline/pgfuzz/PX4/policies/PX.RTL4/cmds.txt|baseline/pgfuzz/PX4/policies/PX.RTL5/cmds.txt|baseline/pgfuzz/PX4/policies/PX.TAKEOFF1/cmds.txt|baseline/pgfuzz/PX4/policies/PX.TAKEOFF2/cmds.txt,SPECIAL_CONTROL_INPUT,RC1,MODELLED_SPECIAL_INPUT,,,,,,,,UNKNOWN,,当前目录没有可用默认值证据。,,,,,,,,,,,NOT_TESTED,,NOT_APPLICABLE,,这是 PGFuzz 自定义输入编码；后续必须绑定到当前模式或遥控接收路径，不能把数字直接当当前枚举。,NOT_ASSESSED
PX4,InputC,RC2,21,PX.ALTITUDE1|PX.GPS.FS1|PX.GPS.FS2|PX.GPS.FS3|PX.HOLD1|PX.HOLD2|PX.LAND1|PX.ORBIT1|PX.ORBIT2|PX.ORBIT3|PX.ORBIT4|PX.ORBIT5|PX.ORBIT6|PX.POSITION1|PX.RTL1|PX.RTL2|PX.RTL3|PX.RTL4|PX.RTL5|PX.TAKEOFF1|PX.TAKEOFF2,"RC2,0",baseline/pgfuzz/PX4/policies/PX.ALTITUDE1/cmds.txt|baseline/pgfuzz/PX4/policies/PX.GPS.FS1/cmds.txt|baseline/pgfuzz/PX4/policies/PX.GPS.FS2/cmds.txt|baseline/pgfuzz/PX4/policies/PX.GPS.FS3/cmds.txt|baseline/pgfuzz/PX4/policies/PX.HOLD1/cmds.txt|baseline/pgfuzz/PX4/policies/PX.HOLD2/cmds.txt|baseline/pgfuzz/PX4/policies/PX.LAND1/cmds.txt|baseline/pgfuzz/PX4/policies/PX.ORBIT1/cmds.txt|baseline/pgfuzz/PX4/policies/PX.ORBIT2/cmds.txt|baseline/pgfuzz/PX4/policies/PX.ORBIT3/cmds.txt|baseline/pgfuzz/PX4/policies/PX.ORBIT4_5/cmds.txt|baseline/pgfuzz/PX4/policies/PX.ORBIT6/cmds.txt|baseline/pgfuzz/PX4/policies/PX.POSITION1/cmds.txt|baseline/pgfuzz/PX4/policies/PX.RTL1/cmds.txt|baseline/pgfuzz/PX4/policies/PX.RTL2/cmds.txt|baseline/pgfuzz/PX4/policies/PX.RTL3/cmds.txt|baseline/pgfuzz/PX4/policies/PX.RTL4/cmds.txt|baseline/pgfuzz/PX4/policies/PX.RTL5/cmds.txt|baseline/pgfuzz/PX4/policies/PX.TAKEOFF1/cmds.txt|baseline/pgfuzz/PX4/policies/PX.TAKEOFF2/cmds.txt,SPECIAL_CONTROL_INPUT,RC2,MODELLED_SPECIAL_INPUT,,,,,,,,UNKNOWN,,当前目录没有可用默认值证据。,,,,,,,,,,,NOT_TESTED,,NOT_APPLICABLE,,这是 PGFuzz 自定义输入编码；后续必须绑定到当前模式或遥控接收路径，不能把数字直接当当前枚举。,NOT_ASSESSED
PX4,InputC,RC3,21,PX.ALTITUDE1|PX.GPS.FS1|PX.GPS.FS2|PX.GPS.FS3|PX.HOLD1|PX.HOLD2|PX.LAND1|PX.ORBIT1|PX.ORBIT2|PX.ORBIT3|PX.ORBIT4|PX.ORBIT5|PX.ORBIT6|PX.POSITION1|PX.RTL1|PX.RTL2|PX.RTL3|PX.RTL4|PX.RTL5|PX.TAKEOFF1|PX.TAKEOFF2,"RC3,0",baseline/pgfuzz/PX4/policies/PX.ALTITUDE1/cmds.txt|baseline/pgfuzz/PX4/policies/PX.GPS.FS1/cmds.txt|baseline/pgfuzz/PX4/policies/PX.GPS.FS2/cmds.txt|baseline/pgfuzz/PX4/policies/PX.GPS.FS3/cmds.txt|baseline/pgfuzz/PX4/policies/PX.HOLD1/cmds.txt|baseline/pgfuzz/PX4/policies/PX.HOLD2/cmds.txt|baseline/pgfuzz/PX4/policies/PX.LAND1/cmds.txt|baseline/pgfuzz/PX4/policies/PX.ORBIT1/cmds.txt|baseline/pgfuzz/PX4/policies/PX.ORBIT2/cmds.txt|baseline/pgfuzz/PX4/policies/PX.ORBIT3/cmds.txt|baseline/pgfuzz/PX4/policies/PX.ORBIT4_5/cmds.txt|baseline/pgfuzz/PX4/policies/PX.ORBIT6/cmds.txt|baseline/pgfuzz/PX4/policies/PX.POSITION1/cmds.txt|baseline/pgfuzz/PX4/policies/PX.RTL1/cmds.txt|baseline/pgfuzz/PX4/policies/PX.RTL2/cmds.txt|baseline/pgfuzz/PX4/policies/PX.RTL3/cmds.txt|baseline/pgfuzz/PX4/policies/PX.RTL4/cmds.txt|baseline/pgfuzz/PX4/policies/PX.RTL5/cmds.txt|baseline/pgfuzz/PX4/policies/PX.TAKEOFF1/cmds.txt|baseline/pgfuzz/PX4/policies/PX.TAKEOFF2/cmds.txt,SPECIAL_CONTROL_INPUT,RC3,MODELLED_SPECIAL_INPUT,,,,,,,,UNKNOWN,,当前目录没有可用默认值证据。,,,,,,,,,,,NOT_TESTED,,NOT_APPLICABLE,,这是 PGFuzz 自定义输入编码；后续必须绑定到当前模式或遥控接收路径，不能把数字直接当当前枚举。,NOT_ASSESSED
PX4,InputC,RC4,21,PX.ALTITUDE1|PX.GPS.FS1|PX.GPS.FS2|PX.GPS.FS3|PX.HOLD1|PX.HOLD2|PX.LAND1|PX.ORBIT1|PX.ORBIT2|PX.ORBIT3|PX.ORBIT4|PX.ORBIT5|PX.ORBIT6|PX.POSITION1|PX.RTL1|PX.RTL2|PX.RTL3|PX.RTL4|PX.RTL5|PX.TAKEOFF1|PX.TAKEOFF2,"RC4,0",baseline/pgfuzz/PX4/policies/PX.ALTITUDE1/cmds.txt|baseline/pgfuzz/PX4/policies/PX.GPS.FS1/cmds.txt|baseline/pgfuzz/PX4/policies/PX.GPS.FS2/cmds.txt|baseline/pgfuzz/PX4/policies/PX.GPS.FS3/cmds.txt|baseline/pgfuzz/PX4/policies/PX.HOLD1/cmds.txt|baseline/pgfuzz/PX4/policies/PX.HOLD2/cmds.txt|baseline/pgfuzz/PX4/policies/PX.LAND1/cmds.txt|baseline/pgfuzz/PX4/policies/PX.ORBIT1/cmds.txt|baseline/pgfuzz/PX4/policies/PX.ORBIT2/cmds.txt|baseline/pgfuzz/PX4/policies/PX.ORBIT3/cmds.txt|baseline/pgfuzz/PX4/policies/PX.ORBIT4_5/cmds.txt|baseline/pgfuzz/PX4/policies/PX.ORBIT6/cmds.txt|baseline/pgfuzz/PX4/policies/PX.POSITION1/cmds.txt|baseline/pgfuzz/PX4/policies/PX.RTL1/cmds.txt|baseline/pgfuzz/PX4/policies/PX.RTL2/cmds.txt|baseline/pgfuzz/PX4/policies/PX.RTL3/cmds.txt|baseline/pgfuzz/PX4/policies/PX.RTL4/cmds.txt|baseline/pgfuzz/PX4/policies/PX.RTL5/cmds.txt|baseline/pgfuzz/PX4/policies/PX.TAKEOFF1/cmds.txt|baseline/pgfuzz/PX4/policies/PX.TAKEOFF2/cmds.txt,SPECIAL_CONTROL_INPUT,RC4,MODELLED_SPECIAL_INPUT,,,,,,,,UNKNOWN,,当前目录没有可用默认值证据。,,,,,,,,,,,NOT_TESTED,,NOT_APPLICABLE,,这是 PGFuzz 自定义输入编码；后续必须绑定到当前模式或遥控接收路径，不能把数字直接当当前枚举。,NOT_ASSESSED
PX4,InputE,SIM_BARO_OFF_P,21,PX.ALTITUDE1|PX.GPS.FS1|PX.GPS.FS2|PX.GPS.FS3|PX.HOLD1|PX.HOLD2|PX.LAND1|PX.ORBIT1|PX.ORBIT2|PX.ORBIT3|PX.ORBIT4|PX.ORBIT5|PX.ORBIT6|PX.POSITION1|PX.RTL1|PX.RTL2|PX.RTL3|PX.RTL4|PX.RTL5|PX.TAKEOFF1|PX.TAKEOFF2,SIM_BARO_OFF_P,baseline/pgfuzz/PX4/policies/PX.ALTITUDE1/envs.txt|baseline/pgfuzz/PX4/policies/PX.GPS.FS1/envs.txt|baseline/pgfuzz/PX4/policies/PX.GPS.FS2/envs.txt|baseline/pgfuzz/PX4/policies/PX.GPS.FS3/envs.txt|baseline/pgfuzz/PX4/policies/PX.HOLD1/envs.txt|baseline/pgfuzz/PX4/policies/PX.HOLD2/envs.txt|baseline/pgfuzz/PX4/policies/PX.LAND1/envs.txt|baseline/pgfuzz/PX4/policies/PX.ORBIT1/envs.txt|baseline/pgfuzz/PX4/policies/PX.ORBIT2/envs.txt|baseline/pgfuzz/PX4/policies/PX.ORBIT3/envs.txt|baseline/pgfuzz/PX4/policies/PX.ORBIT4_5/envs.txt|baseline/pgfuzz/PX4/policies/PX.ORBIT6/envs.txt|baseline/pgfuzz/PX4/policies/PX.POSITION1/envs.txt|baseline/pgfuzz/PX4/policies/PX.RTL1/envs.txt|baseline/pgfuzz/PX4/policies/PX.RTL2/envs.txt|baseline/pgfuzz/PX4/policies/PX.RTL3/envs.txt|baseline/pgfuzz/PX4/policies/PX.RTL4/envs.txt|baseline/pgfuzz/PX4/policies/PX.RTL5/envs.txt|baseline/pgfuzz/PX4/policies/PX.TAKEOFF1/envs.txt|baseline/pgfuzz/PX4/policies/PX.TAKEOFF2/envs.txt,EXACT_CURRENT_DEFINITION,SIM_BARO_OFF_P,EXACT_NAME_DEFINITION,,,baseline/px4/src/modules/simulation/sensor_baro_sim/parameters.c:51,exact_definition_unique,Float,0.0,0.0,SOURCE_METADATA_LITERAL_OR_EXPRESSION,baseline/px4/src/modules/simulation/sensor_baro_sim/parameters.c:51,保存参数目录解析出的字面值或未求值源码表达式；它不是运行值，宏表达式不能冒充已求值数值。,,,,,,confirmed_by_frozen_runtime_snapshot,observed_in_frozen_runtime_parameter_download,0.0,px4_sitl_default sihsim_quadx internal headless SIH instance 42,PX4-M6-MC-SIHSIM-QUADX-I42-20260718,NOT_TESTED,,NOT_APPLICABLE,,参数身份和定义位置已找到；这不证明它与该性质存在真实数据依赖，也未执行写入变更测试。,NOT_ASSESSED
PX4,InputE,SIM_BARO_OFF_T,21,PX.ALTITUDE1|PX.GPS.FS1|PX.GPS.FS2|PX.GPS.FS3|PX.HOLD1|PX.HOLD2|PX.LAND1|PX.ORBIT1|PX.ORBIT2|PX.ORBIT3|PX.ORBIT4|PX.ORBIT5|PX.ORBIT6|PX.POSITION1|PX.RTL1|PX.RTL2|PX.RTL3|PX.RTL4|PX.RTL5|PX.TAKEOFF1|PX.TAKEOFF2,SIM_BARO_OFF_T,baseline/pgfuzz/PX4/policies/PX.ALTITUDE1/envs.txt|baseline/pgfuzz/PX4/policies/PX.GPS.FS1/envs.txt|baseline/pgfuzz/PX4/policies/PX.GPS.FS2/envs.txt|baseline/pgfuzz/PX4/policies/PX.GPS.FS3/envs.txt|baseline/pgfuzz/PX4/policies/PX.HOLD1/envs.txt|baseline/pgfuzz/PX4/policies/PX.HOLD2/envs.txt|baseline/pgfuzz/PX4/policies/PX.LAND1/envs.txt|baseline/pgfuzz/PX4/policies/PX.ORBIT1/envs.txt|baseline/pgfuzz/PX4/policies/PX.ORBIT2/envs.txt|baseline/pgfuzz/PX4/policies/PX.ORBIT3/envs.txt|baseline/pgfuzz/PX4/policies/PX.ORBIT4_5/envs.txt|baseline/pgfuzz/PX4/policies/PX.ORBIT6/envs.txt|baseline/pgfuzz/PX4/policies/PX.POSITION1/envs.txt|baseline/pgfuzz/PX4/policies/PX.RTL1/envs.txt|baseline/pgfuzz/PX4/policies/PX.RTL2/envs.txt|baseline/pgfuzz/PX4/policies/PX.RTL3/envs.txt|baseline/pgfuzz/PX4/policies/PX.RTL4/envs.txt|baseline/pgfuzz/PX4/policies/PX.RTL5/envs.txt|baseline/pgfuzz/PX4/policies/PX.TAKEOFF1/envs.txt|baseline/pgfuzz/PX4/policies/PX.TAKEOFF2/envs.txt,EXACT_CURRENT_DEFINITION,SIM_BARO_OFF_T,EXACT_NAME_DEFINITION,,,baseline/px4/src/modules/simulation/sensor_baro_sim/parameters.c:59,exact_definition_unique,Float,0.0,0.0,SOURCE_METADATA_LITERAL_OR_EXPRESSION,baseline/px4/src/modules/simulation/sensor_baro_sim/parameters.c:59,保存参数目录解析出的字面值或未求值源码表达式；它不是运行值，宏表达式不能冒充已求值数值。,,,,celcius,,confirmed_by_frozen_runtime_snapshot,observed_in_frozen_runtime_parameter_download,0.0,px4_sitl_default sihsim_quadx internal headless SIH instance 42,PX4-M6-MC-SIHSIM-QUADX-I42-20260718,NOT_TESTED,,NOT_APPLICABLE,,参数身份和定义位置已找到；这不证明它与该性质存在真实数据依赖，也未执行写入变更测试。,NOT_ASSESSED
PX4,InputE,SIM_BAT_DRAIN,21,PX.ALTITUDE1|PX.GPS.FS1|PX.GPS.FS2|PX.GPS.FS3|PX.HOLD1|PX.HOLD2|PX.LAND1|PX.ORBIT1|PX.ORBIT2|PX.ORBIT3|PX.ORBIT4|PX.ORBIT5|PX.ORBIT6|PX.POSITION1|PX.RTL1|PX.RTL2|PX.RTL3|PX.RTL4|PX.RTL5|PX.TAKEOFF1|PX.TAKEOFF2,SIM_BAT_DRAIN,baseline/pgfuzz/PX4/policies/PX.ALTITUDE1/envs.txt|baseline/pgfuzz/PX4/policies/PX.GPS.FS1/envs.txt|baseline/pgfuzz/PX4/policies/PX.GPS.FS2/envs.txt|baseline/pgfuzz/PX4/policies/PX.GPS.FS3/envs.txt|baseline/pgfuzz/PX4/policies/PX.HOLD1/envs.txt|baseline/pgfuzz/PX4/policies/PX.HOLD2/envs.txt|baseline/pgfuzz/PX4/policies/PX.LAND1/envs.txt|baseline/pgfuzz/PX4/policies/PX.ORBIT1/envs.txt|baseline/pgfuzz/PX4/policies/PX.ORBIT2/envs.txt|baseline/pgfuzz/PX4/policies/PX.ORBIT3/envs.txt|baseline/pgfuzz/PX4/policies/PX.ORBIT4_5/envs.txt|baseline/pgfuzz/PX4/policies/PX.ORBIT6/envs.txt|baseline/pgfuzz/PX4/policies/PX.POSITION1/envs.txt|baseline/pgfuzz/PX4/policies/PX.RTL1/envs.txt|baseline/pgfuzz/PX4/policies/PX.RTL2/envs.txt|baseline/pgfuzz/PX4/policies/PX.RTL3/envs.txt|baseline/pgfuzz/PX4/policies/PX.RTL4/envs.txt|baseline/pgfuzz/PX4/policies/PX.RTL5/envs.txt|baseline/pgfuzz/PX4/policies/PX.TAKEOFF1/envs.txt|baseline/pgfuzz/PX4/policies/PX.TAKEOFF2/envs.txt,EXACT_CURRENT_DEFINITION,SIM_BAT_DRAIN,EXACT_NAME_DEFINITION,,,baseline/px4/src/modules/simulation/battery_simulator/battery_simulator_params.c:56,exact_definition_unique,Float,60.0,60.0,SOURCE_METADATA_LITERAL_OR_EXPRESSION,baseline/px4/src/modules/simulation/battery_simulator/battery_simulator_params.c:56,保存参数目录解析出的字面值或未求值源码表达式；它不是运行值，宏表达式不能冒充已求值数值。,1.0,86400.0,1.0,s,,confirmed_by_frozen_runtime_snapshot,observed_in_frozen_runtime_parameter_download,60.0,px4_sitl_default sihsim_quadx internal headless SIH instance 42,PX4-M6-MC-SIHSIM-QUADX-I42-20260718,NOT_TESTED,,NOT_APPLICABLE,,参数身份和定义位置已找到；这不证明它与该性质存在真实数据依赖，也未执行写入变更测试。,NOT_ASSESSED
PX4,InputE,SIM_BAT_MIN_PCT,21,PX.ALTITUDE1|PX.GPS.FS1|PX.GPS.FS2|PX.GPS.FS3|PX.HOLD1|PX.HOLD2|PX.LAND1|PX.ORBIT1|PX.ORBIT2|PX.ORBIT3|PX.ORBIT4|PX.ORBIT5|PX.ORBIT6|PX.POSITION1|PX.RTL1|PX.RTL2|PX.RTL3|PX.RTL4|PX.RTL5|PX.TAKEOFF1|PX.TAKEOFF2,SIM_BAT_MIN_PCT,baseline/pgfuzz/PX4/policies/PX.ALTITUDE1/envs.txt|baseline/pgfuzz/PX4/policies/PX.GPS.FS1/envs.txt|baseline/pgfuzz/PX4/policies/PX.GPS.FS2/envs.txt|baseline/pgfuzz/PX4/policies/PX.GPS.FS3/envs.txt|baseline/pgfuzz/PX4/policies/PX.HOLD1/envs.txt|baseline/pgfuzz/PX4/policies/PX.HOLD2/envs.txt|baseline/pgfuzz/PX4/policies/PX.LAND1/envs.txt|baseline/pgfuzz/PX4/policies/PX.ORBIT1/envs.txt|baseline/pgfuzz/PX4/policies/PX.ORBIT2/envs.txt|baseline/pgfuzz/PX4/policies/PX.ORBIT3/envs.txt|baseline/pgfuzz/PX4/policies/PX.ORBIT4_5/envs.txt|baseline/pgfuzz/PX4/policies/PX.ORBIT6/envs.txt|baseline/pgfuzz/PX4/policies/PX.POSITION1/envs.txt|baseline/pgfuzz/PX4/policies/PX.RTL1/envs.txt|baseline/pgfuzz/PX4/policies/PX.RTL2/envs.txt|baseline/pgfuzz/PX4/policies/PX.RTL3/envs.txt|baseline/pgfuzz/PX4/policies/PX.RTL4/envs.txt|baseline/pgfuzz/PX4/policies/PX.RTL5/envs.txt|baseline/pgfuzz/PX4/policies/PX.TAKEOFF1/envs.txt|baseline/pgfuzz/PX4/policies/PX.TAKEOFF2/envs.txt,EXACT_CURRENT_DEFINITION,SIM_BAT_MIN_PCT,EXACT_NAME_DEFINITION,,,baseline/px4/src/modules/simulation/battery_simulator/battery_simulator_params.c:71,exact_definition_unique,Float,50.0,50.0,SOURCE_METADATA_LITERAL_OR_EXPRESSION,baseline/px4/src/modules/simulation/battery_simulator/battery_simulator_params.c:71,保存参数目录解析出的字面值或未求值源码表达式；它不是运行值，宏表达式不能冒充已求值数值。,0.0,100.0,0.1,%,,confirmed_by_frozen_runtime_snapshot,observed_in_frozen_runtime_parameter_download,50.0,px4_sitl_default sihsim_quadx internal headless SIH instance 42,PX4-M6-MC-SIHSIM-QUADX-I42-20260718,NOT_TESTED,,NOT_APPLICABLE,,参数身份和定义位置已找到；这不证明它与该性质存在真实数据依赖，也未执行写入变更测试。,NOT_ASSESSED
PX4,InputE,SIM_GPS_USED,21,PX.ALTITUDE1|PX.GPS.FS1|PX.GPS.FS2|PX.GPS.FS3|PX.HOLD1|PX.HOLD2|PX.LAND1|PX.ORBIT1|PX.ORBIT2|PX.ORBIT3|PX.ORBIT4|PX.ORBIT5|PX.ORBIT6|PX.POSITION1|PX.RTL1|PX.RTL2|PX.RTL3|PX.RTL4|PX.RTL5|PX.TAKEOFF1|PX.TAKEOFF2,SIM_GPS_USED,baseline/pgfuzz/PX4/policies/PX.ALTITUDE1/envs.txt|baseline/pgfuzz/PX4/policies/PX.GPS.FS1/envs.txt|baseline/pgfuzz/PX4/policies/PX.GPS.FS2/envs.txt|baseline/pgfuzz/PX4/policies/PX.GPS.FS3/envs.txt|baseline/pgfuzz/PX4/policies/PX.HOLD1/envs.txt|baseline/pgfuzz/PX4/policies/PX.HOLD2/envs.txt|baseline/pgfuzz/PX4/policies/PX.LAND1/envs.txt|baseline/pgfuzz/PX4/policies/PX.ORBIT1/envs.txt|baseline/pgfuzz/PX4/policies/PX.ORBIT2/envs.txt|baseline/pgfuzz/PX4/policies/PX.ORBIT3/envs.txt|baseline/pgfuzz/PX4/policies/PX.ORBIT4_5/envs.txt|baseline/pgfuzz/PX4/policies/PX.ORBIT6/envs.txt|baseline/pgfuzz/PX4/policies/PX.POSITION1/envs.txt|baseline/pgfuzz/PX4/policies/PX.RTL1/envs.txt|baseline/pgfuzz/PX4/policies/PX.RTL2/envs.txt|baseline/pgfuzz/PX4/policies/PX.RTL3/envs.txt|baseline/pgfuzz/PX4/policies/PX.RTL4/envs.txt|baseline/pgfuzz/PX4/policies/PX.RTL5/envs.txt|baseline/pgfuzz/PX4/policies/PX.TAKEOFF1/envs.txt|baseline/pgfuzz/PX4/policies/PX.TAKEOFF2/envs.txt,EXACT_CURRENT_DEFINITION,SIM_GPS_USED,EXACT_NAME_DEFINITION,,,baseline/px4/src/modules/simulation/sensor_gps_sim/parameters.c:52,exact_definition_unique,Int32,10,10,SOURCE_METADATA_LITERAL_OR_EXPRESSION,baseline/px4/src/modules/simulation/sensor_gps_sim/parameters.c:52,保存参数目录解析出的字面值或未求值源码表达式；它不是运行值，宏表达式不能冒充已求值数值。,0,50,,,,confirmed_by_frozen_runtime_snapshot,observed_in_frozen_runtime_parameter_download,10,px4_sitl_default sihsim_quadx internal headless SIH instance 42,PX4-M6-MC-SIHSIM-QUADX-I42-20260718,NOT_TESTED,,NOT_APPLICABLE,,参数身份和定义位置已找到；这不证明它与该性质存在真实数据依赖，也未执行写入变更测试。,NOT_ASSESSED
PX4,InputE,SIM_IGN_HOME_ALT,21,PX.ALTITUDE1|PX.GPS.FS1|PX.GPS.FS2|PX.GPS.FS3|PX.HOLD1|PX.HOLD2|PX.LAND1|PX.ORBIT1|PX.ORBIT2|PX.ORBIT3|PX.ORBIT4|PX.ORBIT5|PX.ORBIT6|PX.POSITION1|PX.RTL1|PX.RTL2|PX.RTL3|PX.RTL4|PX.RTL5|PX.TAKEOFF1|PX.TAKEOFF2,SIM_IGN_HOME_ALT,baseline/pgfuzz/PX4/policies/PX.ALTITUDE1/envs.txt|baseline/pgfuzz/PX4/policies/PX.GPS.FS1/envs.txt|baseline/pgfuzz/PX4/policies/PX.GPS.FS2/envs.txt|baseline/pgfuzz/PX4/policies/PX.GPS.FS3/envs.txt|baseline/pgfuzz/PX4/policies/PX.HOLD1/envs.txt|baseline/pgfuzz/PX4/policies/PX.HOLD2/envs.txt|baseline/pgfuzz/PX4/policies/PX.LAND1/envs.txt|baseline/pgfuzz/PX4/policies/PX.ORBIT1/envs.txt|baseline/pgfuzz/PX4/policies/PX.ORBIT2/envs.txt|baseline/pgfuzz/PX4/policies/PX.ORBIT3/envs.txt|baseline/pgfuzz/PX4/policies/PX.ORBIT4_5/envs.txt|baseline/pgfuzz/PX4/policies/PX.ORBIT6/envs.txt|baseline/pgfuzz/PX4/policies/PX.POSITION1/envs.txt|baseline/pgfuzz/PX4/policies/PX.RTL1/envs.txt|baseline/pgfuzz/PX4/policies/PX.RTL2/envs.txt|baseline/pgfuzz/PX4/policies/PX.RTL3/envs.txt|baseline/pgfuzz/PX4/policies/PX.RTL4/envs.txt|baseline/pgfuzz/PX4/policies/PX.RTL5/envs.txt|baseline/pgfuzz/PX4/policies/PX.TAKEOFF1/envs.txt|baseline/pgfuzz/PX4/policies/PX.TAKEOFF2/envs.txt,CURRENT_DEFINITION_NOT_FOUND,SIM_IGN_HOME_ALT,UNRESOLVED,,,,,,,,UNKNOWN,,当前目录没有可用默认值证据。,,,,,,,,,,,NOT_TESTED,,NOT_APPLICABLE,,当前冻结参数目录中没有找到可信同名或重命名定义；没有使用字符串相似度猜测。,NOT_ASSESSED
PX4,InputE,SIM_IGN_HOME_LAT,21,PX.ALTITUDE1|PX.GPS.FS1|PX.GPS.FS2|PX.GPS.FS3|PX.HOLD1|PX.HOLD2|PX.LAND1|PX.ORBIT1|PX.ORBIT2|PX.ORBIT3|PX.ORBIT4|PX.ORBIT5|PX.ORBIT6|PX.POSITION1|PX.RTL1|PX.RTL2|PX.RTL3|PX.RTL4|PX.RTL5|PX.TAKEOFF1|PX.TAKEOFF2,SIM_IGN_HOME_LAT,baseline/pgfuzz/PX4/policies/PX.ALTITUDE1/envs.txt|baseline/pgfuzz/PX4/policies/PX.GPS.FS1/envs.txt|baseline/pgfuzz/PX4/policies/PX.GPS.FS2/envs.txt|baseline/pgfuzz/PX4/policies/PX.GPS.FS3/envs.txt|baseline/pgfuzz/PX4/policies/PX.HOLD1/envs.txt|baseline/pgfuzz/PX4/policies/PX.HOLD2/envs.txt|baseline/pgfuzz/PX4/policies/PX.LAND1/envs.txt|baseline/pgfuzz/PX4/policies/PX.ORBIT1/envs.txt|baseline/pgfuzz/PX4/policies/PX.ORBIT2/envs.txt|baseline/pgfuzz/PX4/policies/PX.ORBIT3/envs.txt|baseline/pgfuzz/PX4/policies/PX.ORBIT4_5/envs.txt|baseline/pgfuzz/PX4/policies/PX.ORBIT6/envs.txt|baseline/pgfuzz/PX4/policies/PX.POSITION1/envs.txt|baseline/pgfuzz/PX4/policies/PX.RTL1/envs.txt|baseline/pgfuzz/PX4/policies/PX.RTL2/envs.txt|baseline/pgfuzz/PX4/policies/PX.RTL3/envs.txt|baseline/pgfuzz/PX4/policies/PX.RTL4/envs.txt|baseline/pgfuzz/PX4/policies/PX.RTL5/envs.txt|baseline/pgfuzz/PX4/policies/PX.TAKEOFF1/envs.txt|baseline/pgfuzz/PX4/policies/PX.TAKEOFF2/envs.txt,CURRENT_DEFINITION_NOT_FOUND,SIM_IGN_HOME_LAT,UNRESOLVED,,,,,,,,UNKNOWN,,当前目录没有可用默认值证据。,,,,,,,,,,,NOT_TESTED,,NOT_APPLICABLE,,当前冻结参数目录中没有找到可信同名或重命名定义；没有使用字符串相似度猜测。,NOT_ASSESSED
PX4,InputE,SIM_IGN_HOME_LON,21,PX.ALTITUDE1|PX.GPS.FS1|PX.GPS.FS2|PX.GPS.FS3|PX.HOLD1|PX.HOLD2|PX.LAND1|PX.ORBIT1|PX.ORBIT2|PX.ORBIT3|PX.ORBIT4|PX.ORBIT5|PX.ORBIT6|PX.POSITION1|PX.RTL1|PX.RTL2|PX.RTL3|PX.RTL4|PX.RTL5|PX.TAKEOFF1|PX.TAKEOFF2,SIM_IGN_HOME_LON,baseline/pgfuzz/PX4/policies/PX.ALTITUDE1/envs.txt|baseline/pgfuzz/PX4/policies/PX.GPS.FS1/envs.txt|baseline/pgfuzz/PX4/policies/PX.GPS.FS2/envs.txt|baseline/pgfuzz/PX4/policies/PX.GPS.FS3/envs.txt|baseline/pgfuzz/PX4/policies/PX.HOLD1/envs.txt|baseline/pgfuzz/PX4/policies/PX.HOLD2/envs.txt|baseline/pgfuzz/PX4/policies/PX.LAND1/envs.txt|baseline/pgfuzz/PX4/policies/PX.ORBIT1/envs.txt|baseline/pgfuzz/PX4/policies/PX.ORBIT2/envs.txt|baseline/pgfuzz/PX4/policies/PX.ORBIT3/envs.txt|baseline/pgfuzz/PX4/policies/PX.ORBIT4_5/envs.txt|baseline/pgfuzz/PX4/policies/PX.ORBIT6/envs.txt|baseline/pgfuzz/PX4/policies/PX.POSITION1/envs.txt|baseline/pgfuzz/PX4/policies/PX.RTL1/envs.txt|baseline/pgfuzz/PX4/policies/PX.RTL2/envs.txt|baseline/pgfuzz/PX4/policies/PX.RTL3/envs.txt|baseline/pgfuzz/PX4/policies/PX.RTL4/envs.txt|baseline/pgfuzz/PX4/policies/PX.RTL5/envs.txt|baseline/pgfuzz/PX4/policies/PX.TAKEOFF1/envs.txt|baseline/pgfuzz/PX4/policies/PX.TAKEOFF2/envs.txt,CURRENT_DEFINITION_NOT_FOUND,SIM_IGN_HOME_LON,UNRESOLVED,,,,,,,,UNKNOWN,,当前目录没有可用默认值证据。,,,,,,,,,,,NOT_TESTED,,NOT_APPLICABLE,,当前冻结参数目录中没有找到可信同名或重命名定义；没有使用字符串相似度猜测。,NOT_ASSESSED
PX4,InputE,SIM_MAG_OFFSET_X,21,PX.ALTITUDE1|PX.GPS.FS1|PX.GPS.FS2|PX.GPS.FS3|PX.HOLD1|PX.HOLD2|PX.LAND1|PX.ORBIT1|PX.ORBIT2|PX.ORBIT3|PX.ORBIT4|PX.ORBIT5|PX.ORBIT6|PX.POSITION1|PX.RTL1|PX.RTL2|PX.RTL3|PX.RTL4|PX.RTL5|PX.TAKEOFF1|PX.TAKEOFF2,SIM_MAG_OFFSET_X,baseline/pgfuzz/PX4/policies/PX.ALTITUDE1/envs.txt|baseline/pgfuzz/PX4/policies/PX.GPS.FS1/envs.txt|baseline/pgfuzz/PX4/policies/PX.GPS.FS2/envs.txt|baseline/pgfuzz/PX4/policies/PX.GPS.FS3/envs.txt|baseline/pgfuzz/PX4/policies/PX.HOLD1/envs.txt|baseline/pgfuzz/PX4/policies/PX.HOLD2/envs.txt|baseline/pgfuzz/PX4/policies/PX.LAND1/envs.txt|baseline/pgfuzz/PX4/policies/PX.ORBIT1/envs.txt|baseline/pgfuzz/PX4/policies/PX.ORBIT2/envs.txt|baseline/pgfuzz/PX4/policies/PX.ORBIT3/envs.txt|baseline/pgfuzz/PX4/policies/PX.ORBIT4_5/envs.txt|baseline/pgfuzz/PX4/policies/PX.ORBIT6/envs.txt|baseline/pgfuzz/PX4/policies/PX.POSITION1/envs.txt|baseline/pgfuzz/PX4/policies/PX.RTL1/envs.txt|baseline/pgfuzz/PX4/policies/PX.RTL2/envs.txt|baseline/pgfuzz/PX4/policies/PX.RTL3/envs.txt|baseline/pgfuzz/PX4/policies/PX.RTL4/envs.txt|baseline/pgfuzz/PX4/policies/PX.RTL5/envs.txt|baseline/pgfuzz/PX4/policies/PX.TAKEOFF1/envs.txt|baseline/pgfuzz/PX4/policies/PX.TAKEOFF2/envs.txt,EXACT_CURRENT_DEFINITION,SIM_MAG_OFFSET_X,EXACT_NAME_DEFINITION,,,baseline/px4/src/modules/simulation/sensor_mag_sim/parameters.c:51,exact_definition_unique,Float,0.0,0.0,SOURCE_METADATA_LITERAL_OR_EXPRESSION,baseline/px4/src/modules/simulation/sensor_mag_sim/parameters.c:51,保存参数目录解析出的字面值或未求值源码表达式；它不是运行值，宏表达式不能冒充已求值数值。,,,,gauss,,confirmed_by_frozen_runtime_snapshot,observed_in_frozen_runtime_parameter_download,0.0,px4_sitl_default sihsim_quadx internal headless SIH instance 42,PX4-M6-MC-SIHSIM-QUADX-I42-20260718,NOT_TESTED,,NOT_APPLICABLE,,参数身份和定义位置已找到；这不证明它与该性质存在真实数据依赖，也未执行写入变更测试。,NOT_ASSESSED
PX4,InputE,SIM_MAG_OFFSET_Y,21,PX.ALTITUDE1|PX.GPS.FS1|PX.GPS.FS2|PX.GPS.FS3|PX.HOLD1|PX.HOLD2|PX.LAND1|PX.ORBIT1|PX.ORBIT2|PX.ORBIT3|PX.ORBIT4|PX.ORBIT5|PX.ORBIT6|PX.POSITION1|PX.RTL1|PX.RTL2|PX.RTL3|PX.RTL4|PX.RTL5|PX.TAKEOFF1|PX.TAKEOFF2,SIM_MAG_OFFSET_Y,baseline/pgfuzz/PX4/policies/PX.ALTITUDE1/envs.txt|baseline/pgfuzz/PX4/policies/PX.GPS.FS1/envs.txt|baseline/pgfuzz/PX4/policies/PX.GPS.FS2/envs.txt|baseline/pgfuzz/PX4/policies/PX.GPS.FS3/envs.txt|baseline/pgfuzz/PX4/policies/PX.HOLD1/envs.txt|baseline/pgfuzz/PX4/policies/PX.HOLD2/envs.txt|baseline/pgfuzz/PX4/policies/PX.LAND1/envs.txt|baseline/pgfuzz/PX4/policies/PX.ORBIT1/envs.txt|baseline/pgfuzz/PX4/policies/PX.ORBIT2/envs.txt|baseline/pgfuzz/PX4/policies/PX.ORBIT3/envs.txt|baseline/pgfuzz/PX4/policies/PX.ORBIT4_5/envs.txt|baseline/pgfuzz/PX4/policies/PX.ORBIT6/envs.txt|baseline/pgfuzz/PX4/policies/PX.POSITION1/envs.txt|baseline/pgfuzz/PX4/policies/PX.RTL1/envs.txt|baseline/pgfuzz/PX4/policies/PX.RTL2/envs.txt|baseline/pgfuzz/PX4/policies/PX.RTL3/envs.txt|baseline/pgfuzz/PX4/policies/PX.RTL4/envs.txt|baseline/pgfuzz/PX4/policies/PX.RTL5/envs.txt|baseline/pgfuzz/PX4/policies/PX.TAKEOFF1/envs.txt|baseline/pgfuzz/PX4/policies/PX.TAKEOFF2/envs.txt,EXACT_CURRENT_DEFINITION,SIM_MAG_OFFSET_Y,EXACT_NAME_DEFINITION,,,baseline/px4/src/modules/simulation/sensor_mag_sim/parameters.c:59,exact_definition_unique,Float,0.0,0.0,SOURCE_METADATA_LITERAL_OR_EXPRESSION,baseline/px4/src/modules/simulation/sensor_mag_sim/parameters.c:59,保存参数目录解析出的字面值或未求值源码表达式；它不是运行值，宏表达式不能冒充已求值数值。,,,,gauss,,confirmed_by_frozen_runtime_snapshot,observed_in_frozen_runtime_parameter_download,0.0,px4_sitl_default sihsim_quadx internal headless SIH instance 42,PX4-M6-MC-SIHSIM-QUADX-I42-20260718,NOT_TESTED,,NOT_APPLICABLE,,参数身份和定义位置已找到；这不证明它与该性质存在真实数据依赖，也未执行写入变更测试。,NOT_ASSESSED
PX4,InputE,SIM_MAG_OFFSET_Z,21,PX.ALTITUDE1|PX.GPS.FS1|PX.GPS.FS2|PX.GPS.FS3|PX.HOLD1|PX.HOLD2|PX.LAND1|PX.ORBIT1|PX.ORBIT2|PX.ORBIT3|PX.ORBIT4|PX.ORBIT5|PX.ORBIT6|PX.POSITION1|PX.RTL1|PX.RTL2|PX.RTL3|PX.RTL4|PX.RTL5|PX.TAKEOFF1|PX.TAKEOFF2,SIM_MAG_OFFSET_Z,baseline/pgfuzz/PX4/policies/PX.ALTITUDE1/envs.txt|baseline/pgfuzz/PX4/policies/PX.GPS.FS1/envs.txt|baseline/pgfuzz/PX4/policies/PX.GPS.FS2/envs.txt|baseline/pgfuzz/PX4/policies/PX.GPS.FS3/envs.txt|baseline/pgfuzz/PX4/policies/PX.HOLD1/envs.txt|baseline/pgfuzz/PX4/policies/PX.HOLD2/envs.txt|baseline/pgfuzz/PX4/policies/PX.LAND1/envs.txt|baseline/pgfuzz/PX4/policies/PX.ORBIT1/envs.txt|baseline/pgfuzz/PX4/policies/PX.ORBIT2/envs.txt|baseline/pgfuzz/PX4/policies/PX.ORBIT3/envs.txt|baseline/pgfuzz/PX4/policies/PX.ORBIT4_5/envs.txt|baseline/pgfuzz/PX4/policies/PX.ORBIT6/envs.txt|baseline/pgfuzz/PX4/policies/PX.POSITION1/envs.txt|baseline/pgfuzz/PX4/policies/PX.RTL1/envs.txt|baseline/pgfuzz/PX4/policies/PX.RTL2/envs.txt|baseline/pgfuzz/PX4/policies/PX.RTL3/envs.txt|baseline/pgfuzz/PX4/policies/PX.RTL4/envs.txt|baseline/pgfuzz/PX4/policies/PX.RTL5/envs.txt|baseline/pgfuzz/PX4/policies/PX.TAKEOFF1/envs.txt|baseline/pgfuzz/PX4/policies/PX.TAKEOFF2/envs.txt,EXACT_CURRENT_DEFINITION,SIM_MAG_OFFSET_Z,EXACT_NAME_DEFINITION,,,baseline/px4/src/modules/simulation/sensor_mag_sim/parameters.c:67,exact_definition_unique,Float,0.0,0.0,SOURCE_METADATA_LITERAL_OR_EXPRESSION,baseline/px4/src/modules/simulation/sensor_mag_sim/parameters.c:67,保存参数目录解析出的字面值或未求值源码表达式；它不是运行值，宏表达式不能冒充已求值数值。,,,,gauss,,confirmed_by_frozen_runtime_snapshot,observed_in_frozen_runtime_parameter_download,0.0,px4_sitl_default sihsim_quadx internal headless SIH instance 42,PX4-M6-MC-SIHSIM-QUADX-I42-20260718,NOT_TESTED,,NOT_APPLICABLE,,参数身份和定义位置已找到；这不证明它与该性质存在真实数据依赖，也未执行写入变更测试。,NOT_ASSESSED
PX4,InputP,COM_FLTMODE1,21,PX.ALTITUDE1|PX.GPS.FS1|PX.GPS.FS2|PX.GPS.FS3|PX.HOLD1|PX.HOLD2|PX.LAND1|PX.ORBIT1|PX.ORBIT2|PX.ORBIT3|PX.ORBIT4|PX.ORBIT5|PX.ORBIT6|PX.POSITION1|PX.RTL1|PX.RTL2|PX.RTL3|PX.RTL4|PX.RTL5|PX.TAKEOFF1|PX.TAKEOFF2,"COM_FLTMODE1,X,-1,0,13,1",baseline/pgfuzz/PX4/policies/PX.ALTITUDE1/parameters.txt|baseline/pgfuzz/PX4/policies/PX.GPS.FS1/parameters.txt|baseline/pgfuzz/PX4/policies/PX.GPS.FS2/parameters.txt|baseline/pgfuzz/PX4/policies/PX.GPS.FS3/parameters.txt|baseline/pgfuzz/PX4/policies/PX.HOLD1/parameters.txt|baseline/pgfuzz/PX4/policies/PX.HOLD2/parameters.txt|baseline/pgfuzz/PX4/policies/PX.LAND1/parameters.txt|baseline/pgfuzz/PX4/policies/PX.ORBIT1/parameters.txt|baseline/pgfuzz/PX4/policies/PX.ORBIT2/parameters.txt|baseline/pgfuzz/PX4/policies/PX.ORBIT3/parameters.txt|baseline/pgfuzz/PX4/policies/PX.ORBIT4_5/parameters.txt|baseline/pgfuzz/PX4/policies/PX.ORBIT6/parameters.txt|baseline/pgfuzz/PX4/policies/PX.POSITION1/parameters.txt|baseline/pgfuzz/PX4/policies/PX.RTL1/parameters.txt|baseline/pgfuzz/PX4/policies/PX.RTL2/parameters.txt|baseline/pgfuzz/PX4/policies/PX.RTL3/parameters.txt|baseline/pgfuzz/PX4/policies/PX.RTL4/parameters.txt|baseline/pgfuzz/PX4/policies/PX.RTL5/parameters.txt|baseline/pgfuzz/PX4/policies/PX.TAKEOFF1/parameters.txt|baseline/pgfuzz/PX4/policies/PX.TAKEOFF2/parameters.txt,EXACT_CURRENT_DEFINITION,COM_FLTMODE1,EXACT_NAME_DEFINITION,,,baseline/px4/src/modules/commander/module.yaml:18,exact_definition_curated,enum,-1,-1,SOURCE_METADATA_LITERAL_OR_EXPRESSION,baseline/px4/src/modules/commander/module.yaml:18,保存参数目录解析出的字面值或未求值源码表达式；它不是运行值，宏表达式不能冒充已求值数值。,,,,,,confirmed_by_frozen_runtime_snapshot,observed_in_frozen_runtime_parameter_download,-1,px4_sitl_default sihsim_quadx internal headless SIH instance 42,PX4-M6-MC-SIHSIM-QUADX-I42-20260718,NOT_TESTED,,NOT_APPLICABLE,,参数身份和定义位置已找到；这不证明它与该性质存在真实数据依赖，也未执行写入变更测试。,NOT_ASSESSED
PX4,InputP,COM_POS_FS_DELAY,3,PX.GPS.FS1|PX.GPS.FS2|PX.GPS.FS3,"COM_POS_FS_DELAY,X,1,1,100,1",baseline/pgfuzz/PX4/policies/PX.GPS.FS1/parameters.txt|baseline/pgfuzz/PX4/policies/PX.GPS.FS2/parameters.txt|baseline/pgfuzz/PX4/policies/PX.GPS.FS3/parameters.txt,CURRENT_DEFINITION_NOT_FOUND,COM_POS_FS_DELAY,UNRESOLVED,,,,,,,,UNKNOWN,,当前目录没有可用默认值证据。,,,,,,,,,,,NOT_TESTED,,NOT_APPLICABLE,,该参数在 PX4 1.16 发行说明中已删除，不能自动用其他估计器超时参数替代。,NOT_ASSESSED
PX4,InputP,EKF2_BARO_NOISE,21,PX.ALTITUDE1|PX.GPS.FS1|PX.GPS.FS2|PX.GPS.FS3|PX.HOLD1|PX.HOLD2|PX.LAND1|PX.ORBIT1|PX.ORBIT2|PX.ORBIT3|PX.ORBIT4|PX.ORBIT5|PX.ORBIT6|PX.POSITION1|PX.RTL1|PX.RTL2|PX.RTL3|PX.RTL4|PX.RTL5|PX.TAKEOFF1|PX.TAKEOFF2,"EKF2_BARO_NOISE,X,3.5,0.01,15,1",baseline/pgfuzz/PX4/policies/PX.ALTITUDE1/parameters.txt|baseline/pgfuzz/PX4/policies/PX.GPS.FS1/parameters.txt|baseline/pgfuzz/PX4/policies/PX.GPS.FS2/parameters.txt|baseline/pgfuzz/PX4/policies/PX.GPS.FS3/parameters.txt|baseline/pgfuzz/PX4/policies/PX.HOLD1/parameters.txt|baseline/pgfuzz/PX4/policies/PX.HOLD2/parameters.txt|baseline/pgfuzz/PX4/policies/PX.LAND1/parameters.txt|baseline/pgfuzz/PX4/policies/PX.ORBIT1/parameters.txt|baseline/pgfuzz/PX4/policies/PX.ORBIT2/parameters.txt|baseline/pgfuzz/PX4/policies/PX.ORBIT3/parameters.txt|baseline/pgfuzz/PX4/policies/PX.ORBIT4_5/parameters.txt|baseline/pgfuzz/PX4/policies/PX.ORBIT6/parameters.txt|baseline/pgfuzz/PX4/policies/PX.POSITION1/parameters.txt|baseline/pgfuzz/PX4/policies/PX.RTL1/parameters.txt|baseline/pgfuzz/PX4/policies/PX.RTL2/parameters.txt|baseline/pgfuzz/PX4/policies/PX.RTL3/parameters.txt|baseline/pgfuzz/PX4/policies/PX.RTL4/parameters.txt|baseline/pgfuzz/PX4/policies/PX.RTL5/parameters.txt|baseline/pgfuzz/PX4/policies/PX.TAKEOFF1/parameters.txt|baseline/pgfuzz/PX4/policies/PX.TAKEOFF2/parameters.txt,EXACT_CURRENT_DEFINITION,EKF2_BARO_NOISE,EXACT_NAME_DEFINITION,,,baseline/px4/src/modules/ekf2/params_barometer.yaml:33,exact_definition_curated,float,3.5,3.5,SOURCE_METADATA_LITERAL_OR_EXPRESSION,baseline/px4/src/modules/ekf2/params_barometer.yaml:33,保存参数目录解析出的字面值或未求值源码表达式；它不是运行值，宏表达式不能冒充已求值数值。,0.01,15.0,,m,,confirmed_by_frozen_runtime_snapshot,observed_in_frozen_runtime_parameter_download,3.5,px4_sitl_default sihsim_quadx internal headless SIH instance 42,PX4-M6-MC-SIHSIM-QUADX-I42-20260718,NOT_TESTED,,NOT_APPLICABLE,,参数身份和定义位置已找到；这不证明它与该性质存在真实数据依赖，也未执行写入变更测试。,NOT_ASSESSED
PX4,InputP,EKF2_GPS_CTRL,21,PX.ALTITUDE1|PX.GPS.FS1|PX.GPS.FS2|PX.GPS.FS3|PX.HOLD1|PX.HOLD2|PX.LAND1|PX.ORBIT1|PX.ORBIT2|PX.ORBIT3|PX.ORBIT4|PX.ORBIT5|PX.ORBIT6|PX.POSITION1|PX.RTL1|PX.RTL2|PX.RTL3|PX.RTL4|PX.RTL5|PX.TAKEOFF1|PX.TAKEOFF2,"EKF2_GPS_CTRL,X,7,0,15,1",baseline/pgfuzz/PX4/policies/PX.ALTITUDE1/parameters.txt|baseline/pgfuzz/PX4/policies/PX.GPS.FS1/parameters.txt|baseline/pgfuzz/PX4/policies/PX.GPS.FS2/parameters.txt|baseline/pgfuzz/PX4/policies/PX.GPS.FS3/parameters.txt|baseline/pgfuzz/PX4/policies/PX.HOLD1/parameters.txt|baseline/pgfuzz/PX4/policies/PX.HOLD2/parameters.txt|baseline/pgfuzz/PX4/policies/PX.LAND1/parameters.txt|baseline/pgfuzz/PX4/policies/PX.ORBIT1/parameters.txt|baseline/pgfuzz/PX4/policies/PX.ORBIT2/parameters.txt|baseline/pgfuzz/PX4/policies/PX.ORBIT3/parameters.txt|baseline/pgfuzz/PX4/policies/PX.ORBIT4_5/parameters.txt|baseline/pgfuzz/PX4/policies/PX.ORBIT6/parameters.txt|baseline/pgfuzz/PX4/policies/PX.POSITION1/parameters.txt|baseline/pgfuzz/PX4/policies/PX.RTL1/parameters.txt|baseline/pgfuzz/PX4/policies/PX.RTL2/parameters.txt|baseline/pgfuzz/PX4/policies/PX.RTL3/parameters.txt|baseline/pgfuzz/PX4/policies/PX.RTL4/parameters.txt|baseline/pgfuzz/PX4/policies/PX.RTL5/parameters.txt|baseline/pgfuzz/PX4/policies/PX.TAKEOFF1/parameters.txt|baseline/pgfuzz/PX4/policies/PX.TAKEOFF2/parameters.txt,EXACT_CURRENT_DEFINITION,EKF2_GPS_CTRL,EXACT_NAME_DEFINITION,,,baseline/px4/src/modules/ekf2/params_gnss.yaml:5,exact_definition_curated,bitmask,7,7,SOURCE_METADATA_LITERAL_OR_EXPRESSION,baseline/px4/src/modules/ekf2/params_gnss.yaml:5,保存参数目录解析出的字面值或未求值源码表达式；它不是运行值，宏表达式不能冒充已求值数值。,0,15,,,,confirmed_by_frozen_runtime_snapshot,observed_in_frozen_runtime_parameter_download,7,px4_sitl_default sihsim_quadx internal headless SIH instance 42,PX4-M6-MC-SIHSIM-QUADX-I42-20260718,NOT_TESTED,,NOT_APPLICABLE,,参数身份和定义位置已找到；这不证明它与该性质存在真实数据依赖，也未执行写入变更测试。,NOT_ASSESSED
PX4,InputP,EKF2_RNG_A_HMAX,21,PX.ALTITUDE1|PX.GPS.FS1|PX.GPS.FS2|PX.GPS.FS3|PX.HOLD1|PX.HOLD2|PX.LAND1|PX.ORBIT1|PX.ORBIT2|PX.ORBIT3|PX.ORBIT4|PX.ORBIT5|PX.ORBIT6|PX.POSITION1|PX.RTL1|PX.RTL2|PX.RTL3|PX.RTL4|PX.RTL5|PX.TAKEOFF1|PX.TAKEOFF2,"EKF2_RNG_A_HMAX,X,5,1,10,1",baseline/pgfuzz/PX4/policies/PX.ALTITUDE1/parameters.txt|baseline/pgfuzz/PX4/policies/PX.GPS.FS1/parameters.txt|baseline/pgfuzz/PX4/policies/PX.GPS.FS2/parameters.txt|baseline/pgfuzz/PX4/policies/PX.GPS.FS3/parameters.txt|baseline/pgfuzz/PX4/policies/PX.HOLD1/parameters.txt|baseline/pgfuzz/PX4/policies/PX.HOLD2/parameters.txt|baseline/pgfuzz/PX4/policies/PX.LAND1/parameters.txt|baseline/pgfuzz/PX4/policies/PX.ORBIT1/parameters.txt|baseline/pgfuzz/PX4/policies/PX.ORBIT2/parameters.txt|baseline/pgfuzz/PX4/policies/PX.ORBIT3/parameters.txt|baseline/pgfuzz/PX4/policies/PX.ORBIT4_5/parameters.txt|baseline/pgfuzz/PX4/policies/PX.ORBIT6/parameters.txt|baseline/pgfuzz/PX4/policies/PX.POSITION1/parameters.txt|baseline/pgfuzz/PX4/policies/PX.RTL1/parameters.txt|baseline/pgfuzz/PX4/policies/PX.RTL2/parameters.txt|baseline/pgfuzz/PX4/policies/PX.RTL3/parameters.txt|baseline/pgfuzz/PX4/policies/PX.RTL4/parameters.txt|baseline/pgfuzz/PX4/policies/PX.RTL5/parameters.txt|baseline/pgfuzz/PX4/policies/PX.TAKEOFF1/parameters.txt|baseline/pgfuzz/PX4/policies/PX.TAKEOFF2/parameters.txt,EXACT_CURRENT_DEFINITION,EKF2_RNG_A_HMAX,EXACT_NAME_DEFINITION,,,baseline/px4/src/modules/ekf2/params_range_finder.yaml:75,exact_definition_curated,float,5.0,5.0,SOURCE_METADATA_LITERAL_OR_EXPRESSION,baseline/px4/src/modules/ekf2/params_range_finder.yaml:75,保存参数目录解析出的字面值或未求值源码表达式；它不是运行值，宏表达式不能冒充已求值数值。,1.0,10.0,,m,,confirmed_by_frozen_runtime_snapshot,observed_in_frozen_runtime_parameter_download,5.0,px4_sitl_default sihsim_quadx internal headless SIH instance 42,PX4-M6-MC-SIHSIM-QUADX-I42-20260718,NOT_TESTED,,NOT_APPLICABLE,,参数身份和定义位置已找到；这不证明它与该性质存在真实数据依赖，也未执行写入变更测试。,NOT_ASSESSED
PX4,InputP,EKF2_RNG_CTRL,21,PX.ALTITUDE1|PX.GPS.FS1|PX.GPS.FS2|PX.GPS.FS3|PX.HOLD1|PX.HOLD2|PX.LAND1|PX.ORBIT1|PX.ORBIT2|PX.ORBIT3|PX.ORBIT4|PX.ORBIT5|PX.ORBIT6|PX.POSITION1|PX.RTL1|PX.RTL2|PX.RTL3|PX.RTL4|PX.RTL5|PX.TAKEOFF1|PX.TAKEOFF2,"EKF2_RNG_CTRL,X,1,0,2,1",baseline/pgfuzz/PX4/policies/PX.ALTITUDE1/parameters.txt|baseline/pgfuzz/PX4/policies/PX.GPS.FS1/parameters.txt|baseline/pgfuzz/PX4/policies/PX.GPS.FS2/parameters.txt|baseline/pgfuzz/PX4/policies/PX.GPS.FS3/parameters.txt|baseline/pgfuzz/PX4/policies/PX.HOLD1/parameters.txt|baseline/pgfuzz/PX4/policies/PX.HOLD2/parameters.txt|baseline/pgfuzz/PX4/policies/PX.LAND1/parameters.txt|baseline/pgfuzz/PX4/policies/PX.ORBIT1/parameters.txt|baseline/pgfuzz/PX4/policies/PX.ORBIT2/parameters.txt|baseline/pgfuzz/PX4/policies/PX.ORBIT3/parameters.txt|baseline/pgfuzz/PX4/policies/PX.ORBIT4_5/parameters.txt|baseline/pgfuzz/PX4/policies/PX.ORBIT6/parameters.txt|baseline/pgfuzz/PX4/policies/PX.POSITION1/parameters.txt|baseline/pgfuzz/PX4/policies/PX.RTL1/parameters.txt|baseline/pgfuzz/PX4/policies/PX.RTL2/parameters.txt|baseline/pgfuzz/PX4/policies/PX.RTL3/parameters.txt|baseline/pgfuzz/PX4/policies/PX.RTL4/parameters.txt|baseline/pgfuzz/PX4/policies/PX.RTL5/parameters.txt|baseline/pgfuzz/PX4/policies/PX.TAKEOFF1/parameters.txt|baseline/pgfuzz/PX4/policies/PX.TAKEOFF2/parameters.txt,EXACT_CURRENT_DEFINITION,EKF2_RNG_CTRL,EXACT_NAME_DEFINITION,,,baseline/px4/src/modules/ekf2/params_range_finder.yaml:5,exact_definition_curated,enum,1,1,SOURCE_METADATA_LITERAL_OR_EXPRESSION,baseline/px4/src/modules/ekf2/params_range_finder.yaml:5,保存参数目录解析出的字面值或未求值源码表达式；它不是运行值，宏表达式不能冒充已求值数值。,,,,,,confirmed_by_frozen_runtime_snapshot,observed_in_frozen_runtime_parameter_download,1,px4_sitl_default sihsim_quadx internal headless SIH instance 42,PX4-M6-MC-SIHSIM-QUADX-I42-20260718,NOT_TESTED,,NOT_APPLICABLE,,参数身份和定义位置已找到；这不证明它与该性质存在真实数据依赖，也未执行写入变更测试。,NOT_ASSESSED
PX4,InputP,EKF2_TERR_NOISE,21,PX.ALTITUDE1|PX.GPS.FS1|PX.GPS.FS2|PX.GPS.FS3|PX.HOLD1|PX.HOLD2|PX.LAND1|PX.ORBIT1|PX.ORBIT2|PX.ORBIT3|PX.ORBIT4|PX.ORBIT5|PX.ORBIT6|PX.POSITION1|PX.RTL1|PX.RTL2|PX.RTL3|PX.RTL4|PX.RTL5|PX.TAKEOFF1|PX.TAKEOFF2,"EKF2_TERR_NOISE,X,5,0.5,X,1",baseline/pgfuzz/PX4/policies/PX.ALTITUDE1/parameters.txt|baseline/pgfuzz/PX4/policies/PX.GPS.FS1/parameters.txt|baseline/pgfuzz/PX4/policies/PX.GPS.FS2/parameters.txt|baseline/pgfuzz/PX4/policies/PX.GPS.FS3/parameters.txt|baseline/pgfuzz/PX4/policies/PX.HOLD1/parameters.txt|baseline/pgfuzz/PX4/policies/PX.HOLD2/parameters.txt|baseline/pgfuzz/PX4/policies/PX.LAND1/parameters.txt|baseline/pgfuzz/PX4/policies/PX.ORBIT1/parameters.txt|baseline/pgfuzz/PX4/policies/PX.ORBIT2/parameters.txt|baseline/pgfuzz/PX4/policies/PX.ORBIT3/parameters.txt|baseline/pgfuzz/PX4/policies/PX.ORBIT4_5/parameters.txt|baseline/pgfuzz/PX4/policies/PX.ORBIT6/parameters.txt|baseline/pgfuzz/PX4/policies/PX.POSITION1/parameters.txt|baseline/pgfuzz/PX4/policies/PX.RTL1/parameters.txt|baseline/pgfuzz/PX4/policies/PX.RTL2/parameters.txt|baseline/pgfuzz/PX4/policies/PX.RTL3/parameters.txt|baseline/pgfuzz/PX4/policies/PX.RTL4/parameters.txt|baseline/pgfuzz/PX4/policies/PX.RTL5/parameters.txt|baseline/pgfuzz/PX4/policies/PX.TAKEOFF1/parameters.txt|baseline/pgfuzz/PX4/policies/PX.TAKEOFF2/parameters.txt,EXACT_CURRENT_DEFINITION,EKF2_TERR_NOISE,EXACT_NAME_DEFINITION,,,baseline/px4/src/modules/ekf2/params_terrain.yaml:5,exact_definition_curated,float,5.0,5.0,SOURCE_METADATA_LITERAL_OR_EXPRESSION,baseline/px4/src/modules/ekf2/params_terrain.yaml:5,保存参数目录解析出的字面值或未求值源码表达式；它不是运行值，宏表达式不能冒充已求值数值。,0.5,,,m/s,,confirmed_by_frozen_runtime_snapshot,observed_in_frozen_runtime_parameter_download,5.0,px4_sitl_default sihsim_quadx internal headless SIH instance 42,PX4-M6-MC-SIHSIM-QUADX-I42-20260718,NOT_TESTED,,NOT_APPLICABLE,,参数身份和定义位置已找到；这不证明它与该性质存在真实数据依赖，也未执行写入变更测试。,NOT_ASSESSED
PX4,InputP,FLW_TGT_ALT_M,21,PX.ALTITUDE1|PX.GPS.FS1|PX.GPS.FS2|PX.GPS.FS3|PX.HOLD1|PX.HOLD2|PX.LAND1|PX.ORBIT1|PX.ORBIT2|PX.ORBIT3|PX.ORBIT4|PX.ORBIT5|PX.ORBIT6|PX.POSITION1|PX.RTL1|PX.RTL2|PX.RTL3|PX.RTL4|PX.RTL5|PX.TAKEOFF1|PX.TAKEOFF2,"FLW_TGT_ALT_M,X,0,0,2,1",baseline/pgfuzz/PX4/policies/PX.ALTITUDE1/parameters.txt|baseline/pgfuzz/PX4/policies/PX.GPS.FS1/parameters.txt|baseline/pgfuzz/PX4/policies/PX.GPS.FS2/parameters.txt|baseline/pgfuzz/PX4/policies/PX.GPS.FS3/parameters.txt|baseline/pgfuzz/PX4/policies/PX.HOLD1/parameters.txt|baseline/pgfuzz/PX4/policies/PX.HOLD2/parameters.txt|baseline/pgfuzz/PX4/policies/PX.LAND1/parameters.txt|baseline/pgfuzz/PX4/policies/PX.ORBIT1/parameters.txt|baseline/pgfuzz/PX4/policies/PX.ORBIT2/parameters.txt|baseline/pgfuzz/PX4/policies/PX.ORBIT3/parameters.txt|baseline/pgfuzz/PX4/policies/PX.ORBIT4_5/parameters.txt|baseline/pgfuzz/PX4/policies/PX.ORBIT6/parameters.txt|baseline/pgfuzz/PX4/policies/PX.POSITION1/parameters.txt|baseline/pgfuzz/PX4/policies/PX.RTL1/parameters.txt|baseline/pgfuzz/PX4/policies/PX.RTL2/parameters.txt|baseline/pgfuzz/PX4/policies/PX.RTL3/parameters.txt|baseline/pgfuzz/PX4/policies/PX.RTL4/parameters.txt|baseline/pgfuzz/PX4/policies/PX.RTL5/parameters.txt|baseline/pgfuzz/PX4/policies/PX.TAKEOFF1/parameters.txt|baseline/pgfuzz/PX4/policies/PX.TAKEOFF2/parameters.txt,EXACT_CURRENT_DEFINITION,FLW_TGT_ALT_M,EXACT_NAME_DEFINITION,,,baseline/px4/src/modules/flight_mode_manager/tasks/AutoFollowTarget/follow_target_params.c:106,exact_definition_unique,Int32,0,0,SOURCE_METADATA_LITERAL_OR_EXPRESSION,baseline/px4/src/modules/flight_mode_manager/tasks/AutoFollowTarget/follow_target_params.c:106,保存参数目录解析出的字面值或未求值源码表达式；它不是运行值，宏表达式不能冒充已求值数值。,,,,,,confirmed_by_frozen_runtime_snapshot,observed_in_frozen_runtime_parameter_download,0,px4_sitl_default sihsim_quadx internal headless SIH instance 42,PX4-M6-MC-SIHSIM-QUADX-I42-20260718,NOT_TESTED,,NOT_APPLICABLE,,参数身份和定义位置已找到；这不证明它与该性质存在真实数据依赖，也未执行写入变更测试。,NOT_ASSESSED
PX4,InputP,GF_ALTMODE,21,PX.ALTITUDE1|PX.GPS.FS1|PX.GPS.FS2|PX.GPS.FS3|PX.HOLD1|PX.HOLD2|PX.LAND1|PX.ORBIT1|PX.ORBIT2|PX.ORBIT3|PX.ORBIT4|PX.ORBIT5|PX.ORBIT6|PX.POSITION1|PX.RTL1|PX.RTL2|PX.RTL3|PX.RTL4|PX.RTL5|PX.TAKEOFF1|PX.TAKEOFF2,"GF_ALTMODE,X,0,0,1,1",baseline/pgfuzz/PX4/policies/PX.ALTITUDE1/parameters.txt|baseline/pgfuzz/PX4/policies/PX.GPS.FS1/parameters.txt|baseline/pgfuzz/PX4/policies/PX.GPS.FS2/parameters.txt|baseline/pgfuzz/PX4/policies/PX.GPS.FS3/parameters.txt|baseline/pgfuzz/PX4/policies/PX.HOLD1/parameters.txt|baseline/pgfuzz/PX4/policies/PX.HOLD2/parameters.txt|baseline/pgfuzz/PX4/policies/PX.LAND1/parameters.txt|baseline/pgfuzz/PX4/policies/PX.ORBIT1/parameters.txt|baseline/pgfuzz/PX4/policies/PX.ORBIT2/parameters.txt|baseline/pgfuzz/PX4/policies/PX.ORBIT3/parameters.txt|baseline/pgfuzz/PX4/policies/PX.ORBIT4_5/parameters.txt|baseline/pgfuzz/PX4/policies/PX.ORBIT6/parameters.txt|baseline/pgfuzz/PX4/policies/PX.POSITION1/parameters.txt|baseline/pgfuzz/PX4/policies/PX.RTL1/parameters.txt|baseline/pgfuzz/PX4/policies/PX.RTL2/parameters.txt|baseline/pgfuzz/PX4/policies/PX.RTL3/parameters.txt|baseline/pgfuzz/PX4/policies/PX.RTL4/parameters.txt|baseline/pgfuzz/PX4/policies/PX.RTL5/parameters.txt|baseline/pgfuzz/PX4/policies/PX.TAKEOFF1/parameters.txt|baseline/pgfuzz/PX4/policies/PX.TAKEOFF2/parameters.txt,CURRENT_DEFINITION_NOT_FOUND,GF_ALTMODE,UNRESOLVED,,,,,,,,UNKNOWN,,当前目录没有可用默认值证据。,,,,,,,,,,,NOT_TESTED,,NOT_APPLICABLE,,当前冻结参数目录中没有找到可信同名或重命名定义；没有使用字符串相似度猜测。,NOT_ASSESSED
PX4,InputP,LNDMC_ALT_GND,21,PX.ALTITUDE1|PX.GPS.FS1|PX.GPS.FS2|PX.GPS.FS3|PX.HOLD1|PX.HOLD2|PX.LAND1|PX.ORBIT1|PX.ORBIT2|PX.ORBIT3|PX.ORBIT4|PX.ORBIT5|PX.ORBIT6|PX.POSITION1|PX.RTL1|PX.RTL2|PX.RTL3|PX.RTL4|PX.RTL5|PX.TAKEOFF1|PX.TAKEOFF2,"LNDMC_ALT_GND,X,2,-1,X,1",baseline/pgfuzz/PX4/policies/PX.ALTITUDE1/parameters.txt|baseline/pgfuzz/PX4/policies/PX.GPS.FS1/parameters.txt|baseline/pgfuzz/PX4/policies/PX.GPS.FS2/parameters.txt|baseline/pgfuzz/PX4/policies/PX.GPS.FS3/parameters.txt|baseline/pgfuzz/PX4/policies/PX.HOLD1/parameters.txt|baseline/pgfuzz/PX4/policies/PX.HOLD2/parameters.txt|baseline/pgfuzz/PX4/policies/PX.LAND1/parameters.txt|baseline/pgfuzz/PX4/policies/PX.ORBIT1/parameters.txt|baseline/pgfuzz/PX4/policies/PX.ORBIT2/parameters.txt|baseline/pgfuzz/PX4/policies/PX.ORBIT3/parameters.txt|baseline/pgfuzz/PX4/policies/PX.ORBIT4_5/parameters.txt|baseline/pgfuzz/PX4/policies/PX.ORBIT6/parameters.txt|baseline/pgfuzz/PX4/policies/PX.POSITION1/parameters.txt|baseline/pgfuzz/PX4/policies/PX.RTL1/parameters.txt|baseline/pgfuzz/PX4/policies/PX.RTL2/parameters.txt|baseline/pgfuzz/PX4/policies/PX.RTL3/parameters.txt|baseline/pgfuzz/PX4/policies/PX.RTL4/parameters.txt|baseline/pgfuzz/PX4/policies/PX.RTL5/parameters.txt|baseline/pgfuzz/PX4/policies/PX.TAKEOFF1/parameters.txt|baseline/pgfuzz/PX4/policies/PX.TAKEOFF2/parameters.txt,EXACT_CURRENT_DEFINITION,LNDMC_ALT_GND,EXACT_NAME_DEFINITION,,,baseline/px4/src/modules/land_detector/land_detector_params_mc.c:102,exact_definition_unique,Float,2.0,2.0,SOURCE_METADATA_LITERAL_OR_EXPRESSION,baseline/px4/src/modules/land_detector/land_detector_params_mc.c:102,保存参数目录解析出的字面值或未求值源码表达式；它不是运行值，宏表达式不能冒充已求值数值。,-1.0,,,m,,confirmed_by_frozen_runtime_snapshot,observed_in_frozen_runtime_parameter_download,2.0,px4_sitl_default sihsim_quadx internal headless SIH instance 42,PX4-M6-MC-SIHSIM-QUADX-I42-20260718,NOT_TESTED,,NOT_APPLICABLE,,参数身份和定义位置已找到；这不证明它与该性质存在真实数据依赖，也未执行写入变更测试。,NOT_ASSESSED
PX4,InputP,LNDMC_ALT_MAX,21,PX.ALTITUDE1|PX.GPS.FS1|PX.GPS.FS2|PX.GPS.FS3|PX.HOLD1|PX.HOLD2|PX.LAND1|PX.ORBIT1|PX.ORBIT2|PX.ORBIT3|PX.ORBIT4|PX.ORBIT5|PX.ORBIT6|PX.POSITION1|PX.RTL1|PX.RTL2|PX.RTL3|PX.RTL4|PX.RTL5|PX.TAKEOFF1|PX.TAKEOFF2,"LNDMC_ALT_MAX,X,-1,-1,10000,1",baseline/pgfuzz/PX4/policies/PX.ALTITUDE1/parameters.txt|baseline/pgfuzz/PX4/policies/PX.GPS.FS1/parameters.txt|baseline/pgfuzz/PX4/policies/PX.GPS.FS2/parameters.txt|baseline/pgfuzz/PX4/policies/PX.GPS.FS3/parameters.txt|baseline/pgfuzz/PX4/policies/PX.HOLD1/parameters.txt|baseline/pgfuzz/PX4/policies/PX.HOLD2/parameters.txt|baseline/pgfuzz/PX4/policies/PX.LAND1/parameters.txt|baseline/pgfuzz/PX4/policies/PX.ORBIT1/parameters.txt|baseline/pgfuzz/PX4/policies/PX.ORBIT2/parameters.txt|baseline/pgfuzz/PX4/policies/PX.ORBIT3/parameters.txt|baseline/pgfuzz/PX4/policies/PX.ORBIT4_5/parameters.txt|baseline/pgfuzz/PX4/policies/PX.ORBIT6/parameters.txt|baseline/pgfuzz/PX4/policies/PX.POSITION1/parameters.txt|baseline/pgfuzz/PX4/policies/PX.RTL1/parameters.txt|baseline/pgfuzz/PX4/policies/PX.RTL2/parameters.txt|baseline/pgfuzz/PX4/policies/PX.RTL3/parameters.txt|baseline/pgfuzz/PX4/policies/PX.RTL4/parameters.txt|baseline/pgfuzz/PX4/policies/PX.RTL5/parameters.txt|baseline/pgfuzz/PX4/policies/PX.TAKEOFF1/parameters.txt|baseline/pgfuzz/PX4/policies/PX.TAKEOFF2/parameters.txt,CURRENT_DEFINITION_NOT_FOUND,LNDMC_ALT_MAX,UNRESOLVED,,,,,,,,UNKNOWN,,当前目录没有可用默认值证据。,,,,,,,,,,,NOT_TESTED,,NOT_APPLICABLE,,当前冻结参数目录中没有找到可信同名或重命名定义；没有使用字符串相似度猜测。,NOT_ASSESSED
PX4,InputP,LPE_BAR_Z,21,PX.ALTITUDE1|PX.GPS.FS1|PX.GPS.FS2|PX.GPS.FS3|PX.HOLD1|PX.HOLD2|PX.LAND1|PX.ORBIT1|PX.ORBIT2|PX.ORBIT3|PX.ORBIT4|PX.ORBIT5|PX.ORBIT6|PX.POSITION1|PX.RTL1|PX.RTL2|PX.RTL3|PX.RTL4|PX.RTL5|PX.TAKEOFF1|PX.TAKEOFF2,"LPE_BAR_Z,X,3,0.01,100,1",baseline/pgfuzz/PX4/policies/PX.ALTITUDE1/parameters.txt|baseline/pgfuzz/PX4/policies/PX.GPS.FS1/parameters.txt|baseline/pgfuzz/PX4/policies/PX.GPS.FS2/parameters.txt|baseline/pgfuzz/PX4/policies/PX.GPS.FS3/parameters.txt|baseline/pgfuzz/PX4/policies/PX.HOLD1/parameters.txt|baseline/pgfuzz/PX4/policies/PX.HOLD2/parameters.txt|baseline/pgfuzz/PX4/policies/PX.LAND1/parameters.txt|baseline/pgfuzz/PX4/policies/PX.ORBIT1/parameters.txt|baseline/pgfuzz/PX4/policies/PX.ORBIT2/parameters.txt|baseline/pgfuzz/PX4/policies/PX.ORBIT3/parameters.txt|baseline/pgfuzz/PX4/policies/PX.ORBIT4_5/parameters.txt|baseline/pgfuzz/PX4/policies/PX.ORBIT6/parameters.txt|baseline/pgfuzz/PX4/policies/PX.POSITION1/parameters.txt|baseline/pgfuzz/PX4/policies/PX.RTL1/parameters.txt|baseline/pgfuzz/PX4/policies/PX.RTL2/parameters.txt|baseline/pgfuzz/PX4/policies/PX.RTL3/parameters.txt|baseline/pgfuzz/PX4/policies/PX.RTL4/parameters.txt|baseline/pgfuzz/PX4/policies/PX.RTL5/parameters.txt|baseline/pgfuzz/PX4/policies/PX.TAKEOFF1/parameters.txt|baseline/pgfuzz/PX4/policies/PX.TAKEOFF2/parameters.txt,EXACT_CURRENT_DEFINITION,LPE_BAR_Z,EXACT_NAME_DEFINITION,,,baseline/px4/src/modules/local_position_estimator/params.c:145,exact_definition_unique,Float,3.0,3.0,SOURCE_METADATA_LITERAL_OR_EXPRESSION,baseline/px4/src/modules/local_position_estimator/params.c:145,保存参数目录解析出的字面值或未求值源码表达式；它不是运行值，宏表达式不能冒充已求值数值。,0.01,100.0,,m,,not_px4_sitl_module_list_resolved,protocol_capable_runtime_presence_not_observed,,,,NOT_TESTED,,NOT_APPLICABLE,,参数身份和定义位置已找到；这不证明它与该性质存在真实数据依赖，也未执行写入变更测试。,NOT_ASSESSED
PX4,InputP,LPE_FUSION,21,PX.ALTITUDE1|PX.GPS.FS1|PX.GPS.FS2|PX.GPS.FS3|PX.HOLD1|PX.HOLD2|PX.LAND1|PX.ORBIT1|PX.ORBIT2|PX.ORBIT3|PX.ORBIT4|PX.ORBIT5|PX.ORBIT6|PX.POSITION1|PX.RTL1|PX.RTL2|PX.RTL3|PX.RTL4|PX.RTL5|PX.TAKEOFF1|PX.TAKEOFF2,"LPE_FUSION,X,145,0,255,1",baseline/pgfuzz/PX4/policies/PX.ALTITUDE1/parameters.txt|baseline/pgfuzz/PX4/policies/PX.GPS.FS1/parameters.txt|baseline/pgfuzz/PX4/policies/PX.GPS.FS2/parameters.txt|baseline/pgfuzz/PX4/policies/PX.GPS.FS3/parameters.txt|baseline/pgfuzz/PX4/policies/PX.HOLD1/parameters.txt|baseline/pgfuzz/PX4/policies/PX.HOLD2/parameters.txt|baseline/pgfuzz/PX4/policies/PX.LAND1/parameters.txt|baseline/pgfuzz/PX4/policies/PX.ORBIT1/parameters.txt|baseline/pgfuzz/PX4/policies/PX.ORBIT2/parameters.txt|baseline/pgfuzz/PX4/policies/PX.ORBIT3/parameters.txt|baseline/pgfuzz/PX4/policies/PX.ORBIT4_5/parameters.txt|baseline/pgfuzz/PX4/policies/PX.ORBIT6/parameters.txt|baseline/pgfuzz/PX4/policies/PX.POSITION1/parameters.txt|baseline/pgfuzz/PX4/policies/PX.RTL1/parameters.txt|baseline/pgfuzz/PX4/policies/PX.RTL2/parameters.txt|baseline/pgfuzz/PX4/policies/PX.RTL3/parameters.txt|baseline/pgfuzz/PX4/policies/PX.RTL4/parameters.txt|baseline/pgfuzz/PX4/policies/PX.RTL5/parameters.txt|baseline/pgfuzz/PX4/policies/PX.TAKEOFF1/parameters.txt|baseline/pgfuzz/PX4/policies/PX.TAKEOFF2/parameters.txt,EXACT_CURRENT_DEFINITION,LPE_FUSION,EXACT_NAME_DEFINITION,,,baseline/px4/src/modules/local_position_estimator/params.c:473,exact_definition_unique,Int32,145,145,SOURCE_METADATA_LITERAL_OR_EXPRESSION,baseline/px4/src/modules/local_position_estimator/params.c:473,保存参数目录解析出的字面值或未求值源码表达式；它不是运行值，宏表达式不能冒充已求值数值。,0,255,,,,not_px4_sitl_module_list_resolved,protocol_capable_runtime_presence_not_observed,,,,NOT_TESTED,,NOT_APPLICABLE,,参数身份和定义位置已找到；这不证明它与该性质存在真实数据依赖，也未执行写入变更测试。,NOT_ASSESSED
PX4,InputP,LPE_Z_PUB,21,PX.ALTITUDE1|PX.GPS.FS1|PX.GPS.FS2|PX.GPS.FS3|PX.HOLD1|PX.HOLD2|PX.LAND1|PX.ORBIT1|PX.ORBIT2|PX.ORBIT3|PX.ORBIT4|PX.ORBIT5|PX.ORBIT6|PX.POSITION1|PX.RTL1|PX.RTL2|PX.RTL3|PX.RTL4|PX.RTL5|PX.TAKEOFF1|PX.TAKEOFF2,"LPE_Z_PUB,X,1,0.3,5,1",baseline/pgfuzz/PX4/policies/PX.ALTITUDE1/parameters.txt|baseline/pgfuzz/PX4/policies/PX.GPS.FS1/parameters.txt|baseline/pgfuzz/PX4/policies/PX.GPS.FS2/parameters.txt|baseline/pgfuzz/PX4/policies/PX.GPS.FS3/parameters.txt|baseline/pgfuzz/PX4/policies/PX.HOLD1/parameters.txt|baseline/pgfuzz/PX4/policies/PX.HOLD2/parameters.txt|baseline/pgfuzz/PX4/policies/PX.LAND1/parameters.txt|baseline/pgfuzz/PX4/policies/PX.ORBIT1/parameters.txt|baseline/pgfuzz/PX4/policies/PX.ORBIT2/parameters.txt|baseline/pgfuzz/PX4/policies/PX.ORBIT3/parameters.txt|baseline/pgfuzz/PX4/policies/PX.ORBIT4_5/parameters.txt|baseline/pgfuzz/PX4/policies/PX.ORBIT6/parameters.txt|baseline/pgfuzz/PX4/policies/PX.POSITION1/parameters.txt|baseline/pgfuzz/PX4/policies/PX.RTL1/parameters.txt|baseline/pgfuzz/PX4/policies/PX.RTL2/parameters.txt|baseline/pgfuzz/PX4/policies/PX.RTL3/parameters.txt|baseline/pgfuzz/PX4/policies/PX.RTL4/parameters.txt|baseline/pgfuzz/PX4/policies/PX.RTL5/parameters.txt|baseline/pgfuzz/PX4/policies/PX.TAKEOFF1/parameters.txt|baseline/pgfuzz/PX4/policies/PX.TAKEOFF2/parameters.txt,EXACT_CURRENT_DEFINITION,LPE_Z_PUB,EXACT_NAME_DEFINITION,,,baseline/px4/src/modules/local_position_estimator/params.c:411,exact_definition_unique,Float,1.0,1.0,SOURCE_METADATA_LITERAL_OR_EXPRESSION,baseline/px4/src/modules/local_position_estimator/params.c:411,保存参数目录解析出的字面值或未求值源码表达式；它不是运行值，宏表达式不能冒充已求值数值。,0.3,5.0,,m,,not_px4_sitl_module_list_resolved,protocol_capable_runtime_presence_not_observed,,,,NOT_TESTED,,NOT_APPLICABLE,,参数身份和定义位置已找到；这不证明它与该性质存在真实数据依赖，也未执行写入变更测试。,NOT_ASSESSED
PX4,InputP,MC_PITCHRATE_FF,21,PX.ALTITUDE1|PX.GPS.FS1|PX.GPS.FS2|PX.GPS.FS3|PX.HOLD1|PX.HOLD2|PX.LAND1|PX.ORBIT1|PX.ORBIT2|PX.ORBIT3|PX.ORBIT4|PX.ORBIT5|PX.ORBIT6|PX.POSITION1|PX.RTL1|PX.RTL2|PX.RTL3|PX.RTL4|PX.RTL5|PX.TAKEOFF1|PX.TAKEOFF2,"MC_PITCHRATE_FF,X,0,0,X,1",baseline/pgfuzz/PX4/policies/PX.ALTITUDE1/parameters.txt|baseline/pgfuzz/PX4/policies/PX.GPS.FS1/parameters.txt|baseline/pgfuzz/PX4/policies/PX.GPS.FS2/parameters.txt|baseline/pgfuzz/PX4/policies/PX.GPS.FS3/parameters.txt|baseline/pgfuzz/PX4/policies/PX.HOLD1/parameters.txt|baseline/pgfuzz/PX4/policies/PX.HOLD2/parameters.txt|baseline/pgfuzz/PX4/policies/PX.LAND1/parameters.txt|baseline/pgfuzz/PX4/policies/PX.ORBIT1/parameters.txt|baseline/pgfuzz/PX4/policies/PX.ORBIT2/parameters.txt|baseline/pgfuzz/PX4/policies/PX.ORBIT3/parameters.txt|baseline/pgfuzz/PX4/policies/PX.ORBIT4_5/parameters.txt|baseline/pgfuzz/PX4/policies/PX.ORBIT6/parameters.txt|baseline/pgfuzz/PX4/policies/PX.POSITION1/parameters.txt|baseline/pgfuzz/PX4/policies/PX.RTL1/parameters.txt|baseline/pgfuzz/PX4/policies/PX.RTL2/parameters.txt|baseline/pgfuzz/PX4/policies/PX.RTL3/parameters.txt|baseline/pgfuzz/PX4/policies/PX.RTL4/parameters.txt|baseline/pgfuzz/PX4/policies/PX.RTL5/parameters.txt|baseline/pgfuzz/PX4/policies/PX.TAKEOFF1/parameters.txt|baseline/pgfuzz/PX4/policies/PX.TAKEOFF2/parameters.txt,EXACT_CURRENT_DEFINITION,MC_PITCHRATE_FF,EXACT_NAME_DEFINITION,,,baseline/px4/src/modules/mc_rate_control/mc_rate_control_params.c:179,exact_definition_unique,Float,0.0,0.0,SOURCE_METADATA_LITERAL_OR_EXPRESSION,baseline/px4/src/modules/mc_rate_control/mc_rate_control_params.c:179,保存参数目录解析出的字面值或未求值源码表达式；它不是运行值，宏表达式不能冒充已求值数值。,0.0,,,,,confirmed_by_frozen_runtime_snapshot,observed_in_frozen_runtime_parameter_download,0.0,px4_sitl_default sihsim_quadx internal headless SIH instance 42,PX4-M6-MC-SIHSIM-QUADX-I42-20260718,NOT_TESTED,,NOT_APPLICABLE,,参数身份和定义位置已找到；这不证明它与该性质存在真实数据依赖，也未执行写入变更测试。,NOT_ASSESSED
PX4,InputP,MIS_LTRMIN_ALT,21,PX.ALTITUDE1|PX.GPS.FS1|PX.GPS.FS2|PX.GPS.FS3|PX.HOLD1|PX.HOLD2|PX.LAND1|PX.ORBIT1|PX.ORBIT2|PX.ORBIT3|PX.ORBIT4|PX.ORBIT5|PX.ORBIT6|PX.POSITION1|PX.RTL1|PX.RTL2|PX.RTL3|PX.RTL4|PX.RTL5|PX.TAKEOFF1|PX.TAKEOFF2,"MIS_LTRMIN_ALT,X,-1,-1,80,0.5",baseline/pgfuzz/PX4/policies/PX.ALTITUDE1/parameters.txt|baseline/pgfuzz/PX4/policies/PX.GPS.FS1/parameters.txt|baseline/pgfuzz/PX4/policies/PX.GPS.FS2/parameters.txt|baseline/pgfuzz/PX4/policies/PX.GPS.FS3/parameters.txt|baseline/pgfuzz/PX4/policies/PX.HOLD1/parameters.txt|baseline/pgfuzz/PX4/policies/PX.HOLD2/parameters.txt|baseline/pgfuzz/PX4/policies/PX.LAND1/parameters.txt|baseline/pgfuzz/PX4/policies/PX.ORBIT1/parameters.txt|baseline/pgfuzz/PX4/policies/PX.ORBIT2/parameters.txt|baseline/pgfuzz/PX4/policies/PX.ORBIT3/parameters.txt|baseline/pgfuzz/PX4/policies/PX.ORBIT4_5/parameters.txt|baseline/pgfuzz/PX4/policies/PX.ORBIT6/parameters.txt|baseline/pgfuzz/PX4/policies/PX.POSITION1/parameters.txt|baseline/pgfuzz/PX4/policies/PX.RTL1/parameters.txt|baseline/pgfuzz/PX4/policies/PX.RTL2/parameters.txt|baseline/pgfuzz/PX4/policies/PX.RTL3/parameters.txt|baseline/pgfuzz/PX4/policies/PX.RTL4/parameters.txt|baseline/pgfuzz/PX4/policies/PX.RTL5/parameters.txt|baseline/pgfuzz/PX4/policies/PX.TAKEOFF1/parameters.txt|baseline/pgfuzz/PX4/policies/PX.TAKEOFF2/parameters.txt,RENAMED_CURRENT_DEFINITION,NAV_MIN_LTR_ALT,CURATED_MIGRATION_MODELLED,baseline/px4/src/modules/navigator/navigator_params.c:178,当前 Navigator 有语义相近的最小盘旋高度参数；冻结仓库没有本地历史证明它是一对一重命名，因此只保留为建模迁移。,baseline/px4/src/modules/navigator/navigator_params.c:178|baseline/px4/src/modules/navigator/navigator_params.c:192,curated_alias_evidence,Float,-1.0,-1.0,SOURCE_METADATA_LITERAL_OR_EXPRESSION,baseline/px4/src/modules/navigator/navigator_params.c:192,保存参数目录解析出的字面值或未求值源码表达式；它不是运行值，宏表达式不能冒充已求值数值。,-1.0,,0.5,m,,confirmed_by_frozen_runtime_snapshot,observed_in_frozen_runtime_parameter_download,-1.0,px4_sitl_default sihsim_quadx internal headless SIH instance 42,PX4-M6-MC-SIHSIM-QUADX-I42-20260718,NOT_TESTED,,NOT_APPLICABLE,,参数身份和定义位置已找到；这不证明它与该性质存在真实数据依赖，也未执行写入变更测试。,NOT_ASSESSED
PX4,InputP,MIS_TAKEOFF_ALT,21,PX.ALTITUDE1|PX.GPS.FS1|PX.GPS.FS2|PX.GPS.FS3|PX.HOLD1|PX.HOLD2|PX.LAND1|PX.ORBIT1|PX.ORBIT2|PX.ORBIT3|PX.ORBIT4|PX.ORBIT5|PX.ORBIT6|PX.POSITION1|PX.RTL1|PX.RTL2|PX.RTL3|PX.RTL4|PX.RTL5|PX.TAKEOFF1|PX.TAKEOFF2,"MIS_TAKEOFF_ALT,X,2.5,0,80,0.5",baseline/pgfuzz/PX4/policies/PX.ALTITUDE1/parameters.txt|baseline/pgfuzz/PX4/policies/PX.GPS.FS1/parameters.txt|baseline/pgfuzz/PX4/policies/PX.GPS.FS2/parameters.txt|baseline/pgfuzz/PX4/policies/PX.GPS.FS3/parameters.txt|baseline/pgfuzz/PX4/policies/PX.HOLD1/parameters.txt|baseline/pgfuzz/PX4/policies/PX.HOLD2/parameters.txt|baseline/pgfuzz/PX4/policies/PX.LAND1/parameters.txt|baseline/pgfuzz/PX4/policies/PX.ORBIT1/parameters.txt|baseline/pgfuzz/PX4/policies/PX.ORBIT2/parameters.txt|baseline/pgfuzz/PX4/policies/PX.ORBIT3/parameters.txt|baseline/pgfuzz/PX4/policies/PX.ORBIT4_5/parameters.txt|baseline/pgfuzz/PX4/policies/PX.ORBIT6/parameters.txt|baseline/pgfuzz/PX4/policies/PX.POSITION1/parameters.txt|baseline/pgfuzz/PX4/policies/PX.RTL1/parameters.txt|baseline/pgfuzz/PX4/policies/PX.RTL2/parameters.txt|baseline/pgfuzz/PX4/policies/PX.RTL3/parameters.txt|baseline/pgfuzz/PX4/policies/PX.RTL4/parameters.txt|baseline/pgfuzz/PX4/policies/PX.RTL5/parameters.txt|baseline/pgfuzz/PX4/policies/PX.TAKEOFF1/parameters.txt|baseline/pgfuzz/PX4/policies/PX.TAKEOFF2/parameters.txt,EXACT_CURRENT_DEFINITION,MIS_TAKEOFF_ALT,EXACT_NAME_DEFINITION,,,baseline/px4/src/modules/navigator/mission_params.c:58,exact_definition_unique,Float,2.5,2.5,SOURCE_METADATA_LITERAL_OR_EXPRESSION,baseline/px4/src/modules/navigator/mission_params.c:58,保存参数目录解析出的字面值或未求值源码表达式；它不是运行值，宏表达式不能冒充已求值数值。,0.0,,0.5,m,,confirmed_by_frozen_runtime_snapshot,observed_in_frozen_runtime_parameter_download,2.5,px4_sitl_default sihsim_quadx internal headless SIH instance 42,PX4-M6-MC-SIHSIM-QUADX-I42-20260718,NOT_TESTED,,NOT_APPLICABLE,,参数身份和定义位置已找到；这不证明它与该性质存在真实数据依赖，也未执行写入变更测试。,NOT_ASSESSED
PX4,InputP,MPC_ALT_MODE,21,PX.ALTITUDE1|PX.GPS.FS1|PX.GPS.FS2|PX.GPS.FS3|PX.HOLD1|PX.HOLD2|PX.LAND1|PX.ORBIT1|PX.ORBIT2|PX.ORBIT3|PX.ORBIT4|PX.ORBIT5|PX.ORBIT6|PX.POSITION1|PX.RTL1|PX.RTL2|PX.RTL3|PX.RTL4|PX.RTL5|PX.TAKEOFF1|PX.TAKEOFF2,"MPC_ALT_MODE,X,0,0,2,1",baseline/pgfuzz/PX4/policies/PX.ALTITUDE1/parameters.txt|baseline/pgfuzz/PX4/policies/PX.GPS.FS1/parameters.txt|baseline/pgfuzz/PX4/policies/PX.GPS.FS2/parameters.txt|baseline/pgfuzz/PX4/policies/PX.GPS.FS3/parameters.txt|baseline/pgfuzz/PX4/policies/PX.HOLD1/parameters.txt|baseline/pgfuzz/PX4/policies/PX.HOLD2/parameters.txt|baseline/pgfuzz/PX4/policies/PX.LAND1/parameters.txt|baseline/pgfuzz/PX4/policies/PX.ORBIT1/parameters.txt|baseline/pgfuzz/PX4/policies/PX.ORBIT2/parameters.txt|baseline/pgfuzz/PX4/policies/PX.ORBIT3/parameters.txt|baseline/pgfuzz/PX4/policies/PX.ORBIT4_5/parameters.txt|baseline/pgfuzz/PX4/policies/PX.ORBIT6/parameters.txt|baseline/pgfuzz/PX4/policies/PX.POSITION1/parameters.txt|baseline/pgfuzz/PX4/policies/PX.RTL1/parameters.txt|baseline/pgfuzz/PX4/policies/PX.RTL2/parameters.txt|baseline/pgfuzz/PX4/policies/PX.RTL3/parameters.txt|baseline/pgfuzz/PX4/policies/PX.RTL4/parameters.txt|baseline/pgfuzz/PX4/policies/PX.RTL5/parameters.txt|baseline/pgfuzz/PX4/policies/PX.TAKEOFF1/parameters.txt|baseline/pgfuzz/PX4/policies/PX.TAKEOFF2/parameters.txt,EXACT_CURRENT_DEFINITION,MPC_ALT_MODE,EXACT_NAME_DEFINITION,,,baseline/px4/src/modules/mc_pos_control/multicopter_altitude_mode_params.c:91,exact_definition_unique,Int32,2,2,SOURCE_METADATA_LITERAL_OR_EXPRESSION,baseline/px4/src/modules/mc_pos_control/multicopter_altitude_mode_params.c:91,保存参数目录解析出的字面值或未求值源码表达式；它不是运行值，宏表达式不能冒充已求值数值。,0,2,,,,confirmed_by_frozen_runtime_snapshot,observed_in_frozen_runtime_parameter_download,2,px4_sitl_default sihsim_quadx internal headless SIH instance 42,PX4-M6-MC-SIHSIM-QUADX-I42-20260718,NOT_TESTED,,NOT_APPLICABLE,,参数身份和定义位置已找到；这不证明它与该性质存在真实数据依赖，也未执行写入变更测试。,NOT_ASSESSED
PX4,InputP,MPC_LAND_ALT1,21,PX.ALTITUDE1|PX.GPS.FS1|PX.GPS.FS2|PX.GPS.FS3|PX.HOLD1|PX.HOLD2|PX.LAND1|PX.ORBIT1|PX.ORBIT2|PX.ORBIT3|PX.ORBIT4|PX.ORBIT5|PX.ORBIT6|PX.POSITION1|PX.RTL1|PX.RTL2|PX.RTL3|PX.RTL4|PX.RTL5|PX.TAKEOFF1|PX.TAKEOFF2,"MPC_LAND_ALT1,X,10,0,122,1",baseline/pgfuzz/PX4/policies/PX.ALTITUDE1/parameters.txt|baseline/pgfuzz/PX4/policies/PX.GPS.FS1/parameters.txt|baseline/pgfuzz/PX4/policies/PX.GPS.FS2/parameters.txt|baseline/pgfuzz/PX4/policies/PX.GPS.FS3/parameters.txt|baseline/pgfuzz/PX4/policies/PX.HOLD1/parameters.txt|baseline/pgfuzz/PX4/policies/PX.HOLD2/parameters.txt|baseline/pgfuzz/PX4/policies/PX.LAND1/parameters.txt|baseline/pgfuzz/PX4/policies/PX.ORBIT1/parameters.txt|baseline/pgfuzz/PX4/policies/PX.ORBIT2/parameters.txt|baseline/pgfuzz/PX4/policies/PX.ORBIT3/parameters.txt|baseline/pgfuzz/PX4/policies/PX.ORBIT4_5/parameters.txt|baseline/pgfuzz/PX4/policies/PX.ORBIT6/parameters.txt|baseline/pgfuzz/PX4/policies/PX.POSITION1/parameters.txt|baseline/pgfuzz/PX4/policies/PX.RTL1/parameters.txt|baseline/pgfuzz/PX4/policies/PX.RTL2/parameters.txt|baseline/pgfuzz/PX4/policies/PX.RTL3/parameters.txt|baseline/pgfuzz/PX4/policies/PX.RTL4/parameters.txt|baseline/pgfuzz/PX4/policies/PX.RTL5/parameters.txt|baseline/pgfuzz/PX4/policies/PX.TAKEOFF1/parameters.txt|baseline/pgfuzz/PX4/policies/PX.TAKEOFF2/parameters.txt,EXACT_CURRENT_DEFINITION,MPC_LAND_ALT1,EXACT_NAME_DEFINITION,,,baseline/px4/src/modules/mc_pos_control/multicopter_takeoff_land_params.c:72,exact_definition_unique,Float,10.0,10.0,SOURCE_METADATA_LITERAL_OR_EXPRESSION,baseline/px4/src/modules/mc_pos_control/multicopter_takeoff_land_params.c:72,保存参数目录解析出的字面值或未求值源码表达式；它不是运行值，宏表达式不能冒充已求值数值。,0.0,122.0,,m,,confirmed_by_frozen_runtime_snapshot,observed_in_frozen_runtime_parameter_download,10.0,px4_sitl_default sihsim_quadx internal headless SIH instance 42,PX4-M6-MC-SIHSIM-QUADX-I42-20260718,NOT_TESTED,,NOT_APPLICABLE,,参数身份和定义位置已找到；这不证明它与该性质存在真实数据依赖，也未执行写入变更测试。,NOT_ASSESSED
PX4,InputP,MPC_LAND_ALT2,42,PX.ALTITUDE1|PX.GPS.FS1|PX.GPS.FS2|PX.GPS.FS3|PX.HOLD1|PX.HOLD2|PX.LAND1|PX.ORBIT1|PX.ORBIT2|PX.ORBIT3|PX.ORBIT4|PX.ORBIT5|PX.ORBIT6|PX.POSITION1|PX.RTL1|PX.RTL2|PX.RTL3|PX.RTL4|PX.RTL5|PX.TAKEOFF1|PX.TAKEOFF2,"MPC_LAND_ALT2,X,1,0,122,1 || MPC_LAND_ALT2,X,5,0,122,1",baseline/pgfuzz/PX4/policies/PX.ALTITUDE1/parameters.txt|baseline/pgfuzz/PX4/policies/PX.GPS.FS1/parameters.txt|baseline/pgfuzz/PX4/policies/PX.GPS.FS2/parameters.txt|baseline/pgfuzz/PX4/policies/PX.GPS.FS3/parameters.txt|baseline/pgfuzz/PX4/policies/PX.HOLD1/parameters.txt|baseline/pgfuzz/PX4/policies/PX.HOLD2/parameters.txt|baseline/pgfuzz/PX4/policies/PX.LAND1/parameters.txt|baseline/pgfuzz/PX4/policies/PX.ORBIT1/parameters.txt|baseline/pgfuzz/PX4/policies/PX.ORBIT2/parameters.txt|baseline/pgfuzz/PX4/policies/PX.ORBIT3/parameters.txt|baseline/pgfuzz/PX4/policies/PX.ORBIT4_5/parameters.txt|baseline/pgfuzz/PX4/policies/PX.ORBIT6/parameters.txt|baseline/pgfuzz/PX4/policies/PX.POSITION1/parameters.txt|baseline/pgfuzz/PX4/policies/PX.RTL1/parameters.txt|baseline/pgfuzz/PX4/policies/PX.RTL2/parameters.txt|baseline/pgfuzz/PX4/policies/PX.RTL3/parameters.txt|baseline/pgfuzz/PX4/policies/PX.RTL4/parameters.txt|baseline/pgfuzz/PX4/policies/PX.RTL5/parameters.txt|baseline/pgfuzz/PX4/policies/PX.TAKEOFF1/parameters.txt|baseline/pgfuzz/PX4/policies/PX.TAKEOFF2/parameters.txt,EXACT_CURRENT_DEFINITION,MPC_LAND_ALT2,EXACT_NAME_DEFINITION,,,baseline/px4/src/modules/mc_pos_control/multicopter_takeoff_land_params.c:87,exact_definition_unique,Float,5.0,5.0,SOURCE_METADATA_LITERAL_OR_EXPRESSION,baseline/px4/src/modules/mc_pos_control/multicopter_takeoff_land_params.c:87,保存参数目录解析出的字面值或未求值源码表达式；它不是运行值，宏表达式不能冒充已求值数值。,0.0,122.0,,m,,confirmed_by_frozen_runtime_snapshot,observed_in_frozen_runtime_parameter_download,5.0,px4_sitl_default sihsim_quadx internal headless SIH instance 42,PX4-M6-MC-SIHSIM-QUADX-I42-20260718,NOT_TESTED,,NOT_APPLICABLE,,参数身份和定义位置已找到；这不证明它与该性质存在真实数据依赖，也未执行写入变更测试。,NOT_ASSESSED
PX4,InputP,MPC_MAN_TILT_MAX,21,PX.ALTITUDE1|PX.GPS.FS1|PX.GPS.FS2|PX.GPS.FS3|PX.HOLD1|PX.HOLD2|PX.LAND1|PX.ORBIT1|PX.ORBIT2|PX.ORBIT3|PX.ORBIT4|PX.ORBIT5|PX.ORBIT6|PX.POSITION1|PX.RTL1|PX.RTL2|PX.RTL3|PX.RTL4|PX.RTL5|PX.TAKEOFF1|PX.TAKEOFF2,"MPC_MAN_TILT_MAX,X,35,0,90,1",baseline/pgfuzz/PX4/policies/PX.ALTITUDE1/parameters.txt|baseline/pgfuzz/PX4/policies/PX.GPS.FS1/parameters.txt|baseline/pgfuzz/PX4/policies/PX.GPS.FS2/parameters.txt|baseline/pgfuzz/PX4/policies/PX.GPS.FS3/parameters.txt|baseline/pgfuzz/PX4/policies/PX.HOLD1/parameters.txt|baseline/pgfuzz/PX4/policies/PX.HOLD2/parameters.txt|baseline/pgfuzz/PX4/policies/PX.LAND1/parameters.txt|baseline/pgfuzz/PX4/policies/PX.ORBIT1/parameters.txt|baseline/pgfuzz/PX4/policies/PX.ORBIT2/parameters.txt|baseline/pgfuzz/PX4/policies/PX.ORBIT3/parameters.txt|baseline/pgfuzz/PX4/policies/PX.ORBIT4_5/parameters.txt|baseline/pgfuzz/PX4/policies/PX.ORBIT6/parameters.txt|baseline/pgfuzz/PX4/policies/PX.POSITION1/parameters.txt|baseline/pgfuzz/PX4/policies/PX.RTL1/parameters.txt|baseline/pgfuzz/PX4/policies/PX.RTL2/parameters.txt|baseline/pgfuzz/PX4/policies/PX.RTL3/parameters.txt|baseline/pgfuzz/PX4/policies/PX.RTL4/parameters.txt|baseline/pgfuzz/PX4/policies/PX.RTL5/parameters.txt|baseline/pgfuzz/PX4/policies/PX.TAKEOFF1/parameters.txt|baseline/pgfuzz/PX4/policies/PX.TAKEOFF2/parameters.txt,EXACT_CURRENT_DEFINITION,MPC_MAN_TILT_MAX,EXACT_NAME_DEFINITION,,,baseline/px4/src/modules/mc_pos_control/multicopter_stabilized_mode_params.c:44,exact_definition_unique,Float,35.0,35.0,SOURCE_METADATA_LITERAL_OR_EXPRESSION,baseline/px4/src/modules/mc_pos_control/multicopter_stabilized_mode_params.c:44,保存参数目录解析出的字面值或未求值源码表达式；它不是运行值，宏表达式不能冒充已求值数值。,1.0,70.0,1.0,deg,,confirmed_by_frozen_runtime_snapshot,observed_in_frozen_runtime_parameter_download,35.0,px4_sitl_default sihsim_quadx internal headless SIH instance 42,PX4-M6-MC-SIHSIM-QUADX-I42-20260718,NOT_TESTED,,NOT_APPLICABLE,,参数身份和定义位置已找到；这不证明它与该性质存在真实数据依赖，也未执行写入变更测试。,NOT_ASSESSED
PX4,InputP,MPC_THR_HOVER,21,PX.ALTITUDE1|PX.GPS.FS1|PX.GPS.FS2|PX.GPS.FS3|PX.HOLD1|PX.HOLD2|PX.LAND1|PX.ORBIT1|PX.ORBIT2|PX.ORBIT3|PX.ORBIT4|PX.ORBIT5|PX.ORBIT6|PX.POSITION1|PX.RTL1|PX.RTL2|PX.RTL3|PX.RTL4|PX.RTL5|PX.TAKEOFF1|PX.TAKEOFF2,"MPC_THR_HOVER,X,0.5,0.1,0.8,0.01",baseline/pgfuzz/PX4/policies/PX.ALTITUDE1/parameters.txt|baseline/pgfuzz/PX4/policies/PX.GPS.FS1/parameters.txt|baseline/pgfuzz/PX4/policies/PX.GPS.FS2/parameters.txt|baseline/pgfuzz/PX4/policies/PX.GPS.FS3/parameters.txt|baseline/pgfuzz/PX4/policies/PX.HOLD1/parameters.txt|baseline/pgfuzz/PX4/policies/PX.HOLD2/parameters.txt|baseline/pgfuzz/PX4/policies/PX.LAND1/parameters.txt|baseline/pgfuzz/PX4/policies/PX.ORBIT1/parameters.txt|baseline/pgfuzz/PX4/policies/PX.ORBIT2/parameters.txt|baseline/pgfuzz/PX4/policies/PX.ORBIT3/parameters.txt|baseline/pgfuzz/PX4/policies/PX.ORBIT4_5/parameters.txt|baseline/pgfuzz/PX4/policies/PX.ORBIT6/parameters.txt|baseline/pgfuzz/PX4/policies/PX.POSITION1/parameters.txt|baseline/pgfuzz/PX4/policies/PX.RTL1/parameters.txt|baseline/pgfuzz/PX4/policies/PX.RTL2/parameters.txt|baseline/pgfuzz/PX4/policies/PX.RTL3/parameters.txt|baseline/pgfuzz/PX4/policies/PX.RTL4/parameters.txt|baseline/pgfuzz/PX4/policies/PX.RTL5/parameters.txt|baseline/pgfuzz/PX4/policies/PX.TAKEOFF1/parameters.txt|baseline/pgfuzz/PX4/policies/PX.TAKEOFF2/parameters.txt,EXACT_CURRENT_DEFINITION,MPC_THR_HOVER,EXACT_NAME_DEFINITION,,,baseline/px4/src/modules/mc_pos_control/multicopter_position_control_params.c:49,exact_definition_unique,Float,0.5,0.5,SOURCE_METADATA_LITERAL_OR_EXPRESSION,baseline/px4/src/modules/mc_pos_control/multicopter_position_control_params.c:49,保存参数目录解析出的字面值或未求值源码表达式；它不是运行值，宏表达式不能冒充已求值数值。,0.1,0.8,0.01,norm,,confirmed_by_frozen_runtime_snapshot,observed_in_frozen_runtime_parameter_download,0.5,px4_sitl_default sihsim_quadx internal headless SIH instance 42,PX4-M6-MC-SIHSIM-QUADX-I42-20260718,NOT_TESTED,,NOT_APPLICABLE,,参数身份和定义位置已找到；这不证明它与该性质存在真实数据依赖，也未执行写入变更测试。,NOT_ASSESSED
PX4,InputP,NAV_MC_ALT_RAD,21,PX.ALTITUDE1|PX.GPS.FS1|PX.GPS.FS2|PX.GPS.FS3|PX.HOLD1|PX.HOLD2|PX.LAND1|PX.ORBIT1|PX.ORBIT2|PX.ORBIT3|PX.ORBIT4|PX.ORBIT5|PX.ORBIT6|PX.POSITION1|PX.RTL1|PX.RTL2|PX.RTL3|PX.RTL4|PX.RTL5|PX.TAKEOFF1|PX.TAKEOFF2,"NAV_MC_ALT_RAD,X,0.8,0.05,200,0.5",baseline/pgfuzz/PX4/policies/PX.ALTITUDE1/parameters.txt|baseline/pgfuzz/PX4/policies/PX.GPS.FS1/parameters.txt|baseline/pgfuzz/PX4/policies/PX.GPS.FS2/parameters.txt|baseline/pgfuzz/PX4/policies/PX.GPS.FS3/parameters.txt|baseline/pgfuzz/PX4/policies/PX.HOLD1/parameters.txt|baseline/pgfuzz/PX4/policies/PX.HOLD2/parameters.txt|baseline/pgfuzz/PX4/policies/PX.LAND1/parameters.txt|baseline/pgfuzz/PX4/policies/PX.ORBIT1/parameters.txt|baseline/pgfuzz/PX4/policies/PX.ORBIT2/parameters.txt|baseline/pgfuzz/PX4/policies/PX.ORBIT3/parameters.txt|baseline/pgfuzz/PX4/policies/PX.ORBIT4_5/parameters.txt|baseline/pgfuzz/PX4/policies/PX.ORBIT6/parameters.txt|baseline/pgfuzz/PX4/policies/PX.POSITION1/parameters.txt|baseline/pgfuzz/PX4/policies/PX.RTL1/parameters.txt|baseline/pgfuzz/PX4/policies/PX.RTL2/parameters.txt|baseline/pgfuzz/PX4/policies/PX.RTL3/parameters.txt|baseline/pgfuzz/PX4/policies/PX.RTL4/parameters.txt|baseline/pgfuzz/PX4/policies/PX.RTL5/parameters.txt|baseline/pgfuzz/PX4/policies/PX.TAKEOFF1/parameters.txt|baseline/pgfuzz/PX4/policies/PX.TAKEOFF2/parameters.txt,EXACT_CURRENT_DEFINITION,NAV_MC_ALT_RAD,EXACT_NAME_DEFINITION,,,baseline/px4/src/modules/navigator/navigator_params.c:115,exact_definition_unique,Float,0.8,0.8,SOURCE_METADATA_LITERAL_OR_EXPRESSION,baseline/px4/src/modules/navigator/navigator_params.c:115,保存参数目录解析出的字面值或未求值源码表达式；它不是运行值，宏表达式不能冒充已求值数值。,0.05,200.0,0.5,m,,confirmed_by_frozen_runtime_snapshot,observed_in_frozen_runtime_parameter_download,0.800000011920929,px4_sitl_default sihsim_quadx internal headless SIH instance 42,PX4-M6-MC-SIHSIM-QUADX-I42-20260718,NOT_TESTED,,NOT_APPLICABLE,,参数身份和定义位置已找到；这不证明它与该性质存在真实数据依赖，也未执行写入变更测试。,NOT_ASSESSED
PX4,InputP,PLD_FAPPR_ALT,21,PX.ALTITUDE1|PX.GPS.FS1|PX.GPS.FS2|PX.GPS.FS3|PX.HOLD1|PX.HOLD2|PX.LAND1|PX.ORBIT1|PX.ORBIT2|PX.ORBIT3|PX.ORBIT4|PX.ORBIT5|PX.ORBIT6|PX.POSITION1|PX.RTL1|PX.RTL2|PX.RTL3|PX.RTL4|PX.RTL5|PX.TAKEOFF1|PX.TAKEOFF2,"PLD_FAPPR_ALT,X,0.1,0,10,0.1",baseline/pgfuzz/PX4/policies/PX.ALTITUDE1/parameters.txt|baseline/pgfuzz/PX4/policies/PX.GPS.FS1/parameters.txt|baseline/pgfuzz/PX4/policies/PX.GPS.FS2/parameters.txt|baseline/pgfuzz/PX4/policies/PX.GPS.FS3/parameters.txt|baseline/pgfuzz/PX4/policies/PX.HOLD1/parameters.txt|baseline/pgfuzz/PX4/policies/PX.HOLD2/parameters.txt|baseline/pgfuzz/PX4/policies/PX.LAND1/parameters.txt|baseline/pgfuzz/PX4/policies/PX.ORBIT1/parameters.txt|baseline/pgfuzz/PX4/policies/PX.ORBIT2/parameters.txt|baseline/pgfuzz/PX4/policies/PX.ORBIT3/parameters.txt|baseline/pgfuzz/PX4/policies/PX.ORBIT4_5/parameters.txt|baseline/pgfuzz/PX4/policies/PX.ORBIT6/parameters.txt|baseline/pgfuzz/PX4/policies/PX.POSITION1/parameters.txt|baseline/pgfuzz/PX4/policies/PX.RTL1/parameters.txt|baseline/pgfuzz/PX4/policies/PX.RTL2/parameters.txt|baseline/pgfuzz/PX4/policies/PX.RTL3/parameters.txt|baseline/pgfuzz/PX4/policies/PX.RTL4/parameters.txt|baseline/pgfuzz/PX4/policies/PX.RTL5/parameters.txt|baseline/pgfuzz/PX4/policies/PX.TAKEOFF1/parameters.txt|baseline/pgfuzz/PX4/policies/PX.TAKEOFF2/parameters.txt,EXACT_CURRENT_DEFINITION,PLD_FAPPR_ALT,EXACT_NAME_DEFINITION,,,baseline/px4/src/modules/navigator/precland_params.c:82,exact_definition_unique,Float,0.1,0.1,SOURCE_METADATA_LITERAL_OR_EXPRESSION,baseline/px4/src/modules/navigator/precland_params.c:82,保存参数目录解析出的字面值或未求值源码表达式；它不是运行值，宏表达式不能冒充已求值数值。,0.0,10.0,0.1,m,,confirmed_by_frozen_runtime_snapshot,observed_in_frozen_runtime_parameter_download,0.10000000149011612,px4_sitl_default sihsim_quadx internal headless SIH instance 42,PX4-M6-MC-SIHSIM-QUADX-I42-20260718,NOT_TESTED,,NOT_APPLICABLE,,参数身份和定义位置已找到；这不证明它与该性质存在真实数据依赖，也未执行写入变更测试。,NOT_ASSESSED
PX4,InputP,PLD_SRCH_ALT,21,PX.ALTITUDE1|PX.GPS.FS1|PX.GPS.FS2|PX.GPS.FS3|PX.HOLD1|PX.HOLD2|PX.LAND1|PX.ORBIT1|PX.ORBIT2|PX.ORBIT3|PX.ORBIT4|PX.ORBIT5|PX.ORBIT6|PX.POSITION1|PX.RTL1|PX.RTL2|PX.RTL3|PX.RTL4|PX.RTL5|PX.TAKEOFF1|PX.TAKEOFF2,"PLD_SRCH_ALT,X,10,0,100,0.1",baseline/pgfuzz/PX4/policies/PX.ALTITUDE1/parameters.txt|baseline/pgfuzz/PX4/policies/PX.GPS.FS1/parameters.txt|baseline/pgfuzz/PX4/policies/PX.GPS.FS2/parameters.txt|baseline/pgfuzz/PX4/policies/PX.GPS.FS3/parameters.txt|baseline/pgfuzz/PX4/policies/PX.HOLD1/parameters.txt|baseline/pgfuzz/PX4/policies/PX.HOLD2/parameters.txt|baseline/pgfuzz/PX4/policies/PX.LAND1/parameters.txt|baseline/pgfuzz/PX4/policies/PX.ORBIT1/parameters.txt|baseline/pgfuzz/PX4/policies/PX.ORBIT2/parameters.txt|baseline/pgfuzz/PX4/policies/PX.ORBIT3/parameters.txt|baseline/pgfuzz/PX4/policies/PX.ORBIT4_5/parameters.txt|baseline/pgfuzz/PX4/policies/PX.ORBIT6/parameters.txt|baseline/pgfuzz/PX4/policies/PX.POSITION1/parameters.txt|baseline/pgfuzz/PX4/policies/PX.RTL1/parameters.txt|baseline/pgfuzz/PX4/policies/PX.RTL2/parameters.txt|baseline/pgfuzz/PX4/policies/PX.RTL3/parameters.txt|baseline/pgfuzz/PX4/policies/PX.RTL4/parameters.txt|baseline/pgfuzz/PX4/policies/PX.RTL5/parameters.txt|baseline/pgfuzz/PX4/policies/PX.TAKEOFF1/parameters.txt|baseline/pgfuzz/PX4/policies/PX.TAKEOFF2/parameters.txt,EXACT_CURRENT_DEFINITION,PLD_SRCH_ALT,EXACT_NAME_DEFINITION,,,baseline/px4/src/modules/navigator/precland_params.c:96,exact_definition_unique,Float,10.0,10.0,SOURCE_METADATA_LITERAL_OR_EXPRESSION,baseline/px4/src/modules/navigator/precland_params.c:96,保存参数目录解析出的字面值或未求值源码表达式；它不是运行值，宏表达式不能冒充已求值数值。,0.0,100.0,0.1,m,,confirmed_by_frozen_runtime_snapshot,observed_in_frozen_runtime_parameter_download,10.0,px4_sitl_default sihsim_quadx internal headless SIH instance 42,PX4-M6-MC-SIHSIM-QUADX-I42-20260718,NOT_TESTED,,NOT_APPLICABLE,,参数身份和定义位置已找到；这不证明它与该性质存在真实数据依赖，也未执行写入变更测试。,NOT_ASSESSED
PX4,InputP,RTL_CONE_ANG,21,PX.ALTITUDE1|PX.GPS.FS1|PX.GPS.FS2|PX.GPS.FS3|PX.HOLD1|PX.HOLD2|PX.LAND1|PX.ORBIT1|PX.ORBIT2|PX.ORBIT3|PX.ORBIT4|PX.ORBIT5|PX.ORBIT6|PX.POSITION1|PX.RTL1|PX.RTL2|PX.RTL3|PX.RTL4|PX.RTL5|PX.TAKEOFF1|PX.TAKEOFF2,"RTL_CONE_ANG,X,45,0,90,1",baseline/pgfuzz/PX4/policies/PX.ALTITUDE1/parameters.txt|baseline/pgfuzz/PX4/policies/PX.GPS.FS1/parameters.txt|baseline/pgfuzz/PX4/policies/PX.GPS.FS2/parameters.txt|baseline/pgfuzz/PX4/policies/PX.GPS.FS3/parameters.txt|baseline/pgfuzz/PX4/policies/PX.HOLD1/parameters.txt|baseline/pgfuzz/PX4/policies/PX.HOLD2/parameters.txt|baseline/pgfuzz/PX4/policies/PX.LAND1/parameters.txt|baseline/pgfuzz/PX4/policies/PX.ORBIT1/parameters.txt|baseline/pgfuzz/PX4/policies/PX.ORBIT2/parameters.txt|baseline/pgfuzz/PX4/policies/PX.ORBIT3/parameters.txt|baseline/pgfuzz/PX4/policies/PX.ORBIT4_5/parameters.txt|baseline/pgfuzz/PX4/policies/PX.ORBIT6/parameters.txt|baseline/pgfuzz/PX4/policies/PX.POSITION1/parameters.txt|baseline/pgfuzz/PX4/policies/PX.RTL1/parameters.txt|baseline/pgfuzz/PX4/policies/PX.RTL2/parameters.txt|baseline/pgfuzz/PX4/policies/PX.RTL3/parameters.txt|baseline/pgfuzz/PX4/policies/PX.RTL4/parameters.txt|baseline/pgfuzz/PX4/policies/PX.RTL5/parameters.txt|baseline/pgfuzz/PX4/policies/PX.TAKEOFF1/parameters.txt|baseline/pgfuzz/PX4/policies/PX.TAKEOFF2/parameters.txt,EXACT_CURRENT_DEFINITION,RTL_CONE_ANG,EXACT_NAME_DEFINITION,,,baseline/px4/src/modules/navigator/rtl_params.c:137,exact_definition_unique,Int32,45,45,SOURCE_METADATA_LITERAL_OR_EXPRESSION,baseline/px4/src/modules/navigator/rtl_params.c:137,保存参数目录解析出的字面值或未求值源码表达式；它不是运行值，宏表达式不能冒充已求值数值。,0,90,,deg,,confirmed_by_frozen_runtime_snapshot,observed_in_frozen_runtime_parameter_download,45,px4_sitl_default sihsim_quadx internal headless SIH instance 42,PX4-M6-MC-SIHSIM-QUADX-I42-20260718,NOT_TESTED,,NOT_APPLICABLE,,参数身份和定义位置已找到；这不证明它与该性质存在真实数据依赖，也未执行写入变更测试。,NOT_ASSESSED
PX4,InputP,RTL_DESCEND_ALT,21,PX.ALTITUDE1|PX.GPS.FS1|PX.GPS.FS2|PX.GPS.FS3|PX.HOLD1|PX.HOLD2|PX.LAND1|PX.ORBIT1|PX.ORBIT2|PX.ORBIT3|PX.ORBIT4|PX.ORBIT5|PX.ORBIT6|PX.POSITION1|PX.RTL1|PX.RTL2|PX.RTL3|PX.RTL4|PX.RTL5|PX.TAKEOFF1|PX.TAKEOFF2,"RTL_DESCEND_ALT,X,30,2,100,0.5",baseline/pgfuzz/PX4/policies/PX.ALTITUDE1/parameters.txt|baseline/pgfuzz/PX4/policies/PX.GPS.FS1/parameters.txt|baseline/pgfuzz/PX4/policies/PX.GPS.FS2/parameters.txt|baseline/pgfuzz/PX4/policies/PX.GPS.FS3/parameters.txt|baseline/pgfuzz/PX4/policies/PX.HOLD1/parameters.txt|baseline/pgfuzz/PX4/policies/PX.HOLD2/parameters.txt|baseline/pgfuzz/PX4/policies/PX.LAND1/parameters.txt|baseline/pgfuzz/PX4/policies/PX.ORBIT1/parameters.txt|baseline/pgfuzz/PX4/policies/PX.ORBIT2/parameters.txt|baseline/pgfuzz/PX4/policies/PX.ORBIT3/parameters.txt|baseline/pgfuzz/PX4/policies/PX.ORBIT4_5/parameters.txt|baseline/pgfuzz/PX4/policies/PX.ORBIT6/parameters.txt|baseline/pgfuzz/PX4/policies/PX.POSITION1/parameters.txt|baseline/pgfuzz/PX4/policies/PX.RTL1/parameters.txt|baseline/pgfuzz/PX4/policies/PX.RTL2/parameters.txt|baseline/pgfuzz/PX4/policies/PX.RTL3/parameters.txt|baseline/pgfuzz/PX4/policies/PX.RTL4/parameters.txt|baseline/pgfuzz/PX4/policies/PX.RTL5/parameters.txt|baseline/pgfuzz/PX4/policies/PX.TAKEOFF1/parameters.txt|baseline/pgfuzz/PX4/policies/PX.TAKEOFF2/parameters.txt,EXACT_CURRENT_DEFINITION,RTL_DESCEND_ALT,EXACT_NAME_DEFINITION,,,baseline/px4/src/modules/navigator/rtl_params.c:75,exact_definition_unique,Float,30.0,30.0,SOURCE_METADATA_LITERAL_OR_EXPRESSION,baseline/px4/src/modules/navigator/rtl_params.c:75,保存参数目录解析出的字面值或未求值源码表达式；它不是运行值，宏表达式不能冒充已求值数值。,0.0,,0.5,m,,confirmed_by_frozen_runtime_snapshot,observed_in_frozen_runtime_parameter_download,10.0,px4_sitl_default sihsim_quadx internal headless SIH instance 42,PX4-M6-MC-SIHSIM-QUADX-I42-20260718,NOT_TESTED,,NOT_APPLICABLE,,参数身份和定义位置已找到；这不证明它与该性质存在真实数据依赖，也未执行写入变更测试。,NOT_ASSESSED
PX4,InputP,RTL_LOITER_RAD,21,PX.ALTITUDE1|PX.GPS.FS1|PX.GPS.FS2|PX.GPS.FS3|PX.HOLD1|PX.HOLD2|PX.LAND1|PX.ORBIT1|PX.ORBIT2|PX.ORBIT3|PX.ORBIT4|PX.ORBIT5|PX.ORBIT6|PX.POSITION1|PX.RTL1|PX.RTL2|PX.RTL3|PX.RTL4|PX.RTL5|PX.TAKEOFF1|PX.TAKEOFF2,"RTL_LOITER_RAD,X,80,25,1000,0.5",baseline/pgfuzz/PX4/policies/PX.ALTITUDE1/parameters.txt|baseline/pgfuzz/PX4/policies/PX.GPS.FS1/parameters.txt|baseline/pgfuzz/PX4/policies/PX.GPS.FS2/parameters.txt|baseline/pgfuzz/PX4/policies/PX.GPS.FS3/parameters.txt|baseline/pgfuzz/PX4/policies/PX.HOLD1/parameters.txt|baseline/pgfuzz/PX4/policies/PX.HOLD2/parameters.txt|baseline/pgfuzz/PX4/policies/PX.LAND1/parameters.txt|baseline/pgfuzz/PX4/policies/PX.ORBIT1/parameters.txt|baseline/pgfuzz/PX4/policies/PX.ORBIT2/parameters.txt|baseline/pgfuzz/PX4/policies/PX.ORBIT3/parameters.txt|baseline/pgfuzz/PX4/policies/PX.ORBIT4_5/parameters.txt|baseline/pgfuzz/PX4/policies/PX.ORBIT6/parameters.txt|baseline/pgfuzz/PX4/policies/PX.POSITION1/parameters.txt|baseline/pgfuzz/PX4/policies/PX.RTL1/parameters.txt|baseline/pgfuzz/PX4/policies/PX.RTL2/parameters.txt|baseline/pgfuzz/PX4/policies/PX.RTL3/parameters.txt|baseline/pgfuzz/PX4/policies/PX.RTL4/parameters.txt|baseline/pgfuzz/PX4/policies/PX.RTL5/parameters.txt|baseline/pgfuzz/PX4/policies/PX.TAKEOFF1/parameters.txt|baseline/pgfuzz/PX4/policies/PX.TAKEOFF2/parameters.txt,EXACT_CURRENT_DEFINITION,RTL_LOITER_RAD,EXACT_NAME_DEFINITION,,,baseline/px4/src/modules/navigator/rtl_params.c:163,exact_definition_unique,Float,80.0,80.0,SOURCE_METADATA_LITERAL_OR_EXPRESSION,baseline/px4/src/modules/navigator/rtl_params.c:163,保存参数目录解析出的字面值或未求值源码表达式；它不是运行值，宏表达式不能冒充已求值数值。,25.0,,0.5,m,,confirmed_by_frozen_runtime_snapshot,observed_in_frozen_runtime_parameter_download,80.0,px4_sitl_default sihsim_quadx internal headless SIH instance 42,PX4-M6-MC-SIHSIM-QUADX-I42-20260718,NOT_TESTED,,NOT_APPLICABLE,,参数身份和定义位置已找到；这不证明它与该性质存在真实数据依赖，也未执行写入变更测试。,NOT_ASSESSED
PX4,InputP,RTL_MIN_DIST,21,PX.ALTITUDE1|PX.GPS.FS1|PX.GPS.FS2|PX.GPS.FS3|PX.HOLD1|PX.HOLD2|PX.LAND1|PX.ORBIT1|PX.ORBIT2|PX.ORBIT3|PX.ORBIT4|PX.ORBIT5|PX.ORBIT6|PX.POSITION1|PX.RTL1|PX.RTL2|PX.RTL3|PX.RTL4|PX.RTL5|PX.TAKEOFF1|PX.TAKEOFF2,"RTL_MIN_DIST,X,10,0.5,100,0.5",baseline/pgfuzz/PX4/policies/PX.ALTITUDE1/parameters.txt|baseline/pgfuzz/PX4/policies/PX.GPS.FS1/parameters.txt|baseline/pgfuzz/PX4/policies/PX.GPS.FS2/parameters.txt|baseline/pgfuzz/PX4/policies/PX.GPS.FS3/parameters.txt|baseline/pgfuzz/PX4/policies/PX.HOLD1/parameters.txt|baseline/pgfuzz/PX4/policies/PX.HOLD2/parameters.txt|baseline/pgfuzz/PX4/policies/PX.LAND1/parameters.txt|baseline/pgfuzz/PX4/policies/PX.ORBIT1/parameters.txt|baseline/pgfuzz/PX4/policies/PX.ORBIT2/parameters.txt|baseline/pgfuzz/PX4/policies/PX.ORBIT3/parameters.txt|baseline/pgfuzz/PX4/policies/PX.ORBIT4_5/parameters.txt|baseline/pgfuzz/PX4/policies/PX.ORBIT6/parameters.txt|baseline/pgfuzz/PX4/policies/PX.POSITION1/parameters.txt|baseline/pgfuzz/PX4/policies/PX.RTL1/parameters.txt|baseline/pgfuzz/PX4/policies/PX.RTL2/parameters.txt|baseline/pgfuzz/PX4/policies/PX.RTL3/parameters.txt|baseline/pgfuzz/PX4/policies/PX.RTL4/parameters.txt|baseline/pgfuzz/PX4/policies/PX.RTL5/parameters.txt|baseline/pgfuzz/PX4/policies/PX.TAKEOFF1/parameters.txt|baseline/pgfuzz/PX4/policies/PX.TAKEOFF2/parameters.txt,EXACT_CURRENT_DEFINITION,RTL_MIN_DIST,EXACT_NAME_DEFINITION,,,baseline/px4/src/modules/navigator/rtl_params.c:104,exact_definition_unique,Float,10.0,10.0,SOURCE_METADATA_LITERAL_OR_EXPRESSION,baseline/px4/src/modules/navigator/rtl_params.c:104,保存参数目录解析出的字面值或未求值源码表达式；它不是运行值，宏表达式不能冒充已求值数值。,0.5,,0.5,m,,confirmed_by_frozen_runtime_snapshot,observed_in_frozen_runtime_parameter_download,10.0,px4_sitl_default sihsim_quadx internal headless SIH instance 42,PX4-M6-MC-SIHSIM-QUADX-I42-20260718,NOT_TESTED,,NOT_APPLICABLE,,参数身份和定义位置已找到；这不证明它与该性质存在真实数据依赖，也未执行写入变更测试。,NOT_ASSESSED
PX4,InputP,RTL_RETURN_ALT,21,PX.ALTITUDE1|PX.GPS.FS1|PX.GPS.FS2|PX.GPS.FS3|PX.HOLD1|PX.HOLD2|PX.LAND1|PX.ORBIT1|PX.ORBIT2|PX.ORBIT3|PX.ORBIT4|PX.ORBIT5|PX.ORBIT6|PX.POSITION1|PX.RTL1|PX.RTL2|PX.RTL3|PX.RTL4|PX.RTL5|PX.TAKEOFF1|PX.TAKEOFF2,"RTL_RETURN_ALT,X,60,0,150,0.5",baseline/pgfuzz/PX4/policies/PX.ALTITUDE1/parameters.txt|baseline/pgfuzz/PX4/policies/PX.GPS.FS1/parameters.txt|baseline/pgfuzz/PX4/policies/PX.GPS.FS2/parameters.txt|baseline/pgfuzz/PX4/policies/PX.GPS.FS3/parameters.txt|baseline/pgfuzz/PX4/policies/PX.HOLD1/parameters.txt|baseline/pgfuzz/PX4/policies/PX.HOLD2/parameters.txt|baseline/pgfuzz/PX4/policies/PX.LAND1/parameters.txt|baseline/pgfuzz/PX4/policies/PX.ORBIT1/parameters.txt|baseline/pgfuzz/PX4/policies/PX.ORBIT2/parameters.txt|baseline/pgfuzz/PX4/policies/PX.ORBIT3/parameters.txt|baseline/pgfuzz/PX4/policies/PX.ORBIT4_5/parameters.txt|baseline/pgfuzz/PX4/policies/PX.ORBIT6/parameters.txt|baseline/pgfuzz/PX4/policies/PX.POSITION1/parameters.txt|baseline/pgfuzz/PX4/policies/PX.RTL1/parameters.txt|baseline/pgfuzz/PX4/policies/PX.RTL2/parameters.txt|baseline/pgfuzz/PX4/policies/PX.RTL3/parameters.txt|baseline/pgfuzz/PX4/policies/PX.RTL4/parameters.txt|baseline/pgfuzz/PX4/policies/PX.RTL5/parameters.txt|baseline/pgfuzz/PX4/policies/PX.TAKEOFF1/parameters.txt|baseline/pgfuzz/PX4/policies/PX.TAKEOFF2/parameters.txt,EXACT_CURRENT_DEFINITION,RTL_RETURN_ALT,EXACT_NAME_DEFINITION,,,baseline/px4/src/modules/navigator/rtl_params.c:59,exact_definition_unique,Float,60.0,60.0,SOURCE_METADATA_LITERAL_OR_EXPRESSION,baseline/px4/src/modules/navigator/rtl_params.c:59,保存参数目录解析出的字面值或未求值源码表达式；它不是运行值，宏表达式不能冒充已求值数值。,0.0,,0.5,m,,confirmed_by_frozen_runtime_snapshot,observed_in_frozen_runtime_parameter_download,30.0,px4_sitl_default sihsim_quadx internal headless SIH instance 42,PX4-M6-MC-SIHSIM-QUADX-I42-20260718,NOT_TESTED,,NOT_APPLICABLE,,参数身份和定义位置已找到；这不证明它与该性质存在真实数据依赖，也未执行写入变更测试。,NOT_ASSESSED
